# Blender 5.0.1
# www.blender.org
mtllib 2ramena.mtl
o zelena_2
v 0.208675 3.222842 0.052062
v 0.216642 3.255564 0.052069
v 0.207181 3.287884 0.052079
v 0.185414 3.198487 0.052058
v 0.153093 3.189025 0.052053
v 0.182826 3.311145 0.052078
v 0.120371 3.196992 0.052051
v 0.150104 3.319113 0.052065
v 0.117782 3.309651 0.052061
v 0.096016 3.220253 0.052050
v 0.094522 3.285296 0.052056
v 0.086555 3.252574 0.052052
v 0.086555 3.252574 0.052052
v 0.096016 3.220253 0.052050
v 0.120371 3.196992 0.052051
v 0.094522 3.285296 0.052056
v 0.117782 3.309651 0.052061
v 0.150104 3.319113 0.052065
v 0.182826 3.311145 0.052078
v 0.153093 3.189025 0.052053
v 0.185414 3.198487 0.052058
v 0.207181 3.287884 0.052079
v 0.208675 3.222842 0.052062
v 0.216642 3.255564 0.052069
vn 0.0001 -0.0002 1.0000
vn -0.0003 -0.0003 1.0000
vn -0.0003 0.0005 1.0000
vn -0.0001 -0.0001 1.0000
vn -0.0003 -0.0002 1.0000
vn -0.0000 -0.0002 1.0000
vn -0.0001 0.0002 -1.0000
vn 0.0003 0.0003 -1.0000
vn 0.0003 -0.0005 -1.0000
vn 0.0001 0.0001 -1.0000
vn 0.0003 0.0002 -1.0000
vn -0.0000 0.0002 -1.0000
vt 0.932580 0.250250
vt 0.999501 0.500000
vt 0.932580 0.749750
vt 0.749750 0.932580
vt 0.500000 0.999500
vt 0.250250 0.932580
vt 0.067420 0.749750
vt 0.000500 0.500000
vt 0.067420 0.250250
vt 0.250250 0.067420
vt 0.500000 0.000499
vt 0.749750 0.067420
s 0
usemtl zelena
f 1/1/1 2/2/1 3/3/1
f 1/1/2 3/3/2 6/4/2
f 6/4/3 8/5/3 9/6/3
f 9/6/4 11/7/4 12/8/4
f 12/8/4 14/9/4 15/10/4
f 9/6/4 12/8/4 15/10/4
f 15/10/4 20/11/4 21/12/4
f 9/6/4 15/10/4 21/12/4
f 6/4/5 9/6/5 21/12/5
f 1/1/6 6/4/6 21/12/6
f 24/2/7 23/1/7 22/3/7
f 22/3/8 23/1/8 19/4/8
f 18/5/9 19/4/9 17/6/9
f 16/7/10 17/6/10 13/8/10
f 10/9/10 13/8/10 7/10/10
f 13/8/10 17/6/10 7/10/10
f 5/11/10 7/10/10 4/12/10
f 7/10/10 17/6/10 4/12/10
f 17/6/11 19/4/11 4/12/11
f 19/4/12 23/1/12 4/12/12
o rameno_1
v 0.983806 4.182746 0.089660
v -0.003829 4.180412 0.080063
v -0.003720 4.180412 0.068863
v 0.184139 4.059514 0.050098
v 0.983915 4.182746 0.078460
v 0.186878 4.054798 0.050121
v -0.004229 4.349687 0.080068
v 0.983406 4.352022 0.089665
v 0.983515 4.352023 0.078466
v 0.151628 4.050722 0.049777
v -0.004120 4.349688 0.068869
v 0.151641 4.045267 0.049778
v -0.003829 4.180412 0.080063
v -0.004229 4.349687 0.080068
v -0.025293 4.346475 0.079863
v 0.119076 4.059361 0.049459
v -0.024908 4.183524 0.079858
v 0.116360 4.054631 0.049435
v 0.095205 4.083118 0.049228
v 0.090488 4.080380 0.049185
v -0.024908 4.183524 0.079858
v -0.024908 4.183524 0.079858
v -0.024799 4.183525 0.068659
v -0.003720 4.180412 0.068863
v 0.086411 4.115628 0.049146
v 0.080958 4.115615 0.049095
v -0.025184 4.346476 0.068664
v 0.095051 4.148179 0.049236
v -0.025293 4.346475 0.079863
v 0.090322 4.150895 0.049188
v 0.118810 4.172049 0.049472
v 0.108068 4.205293 0.049363
v -0.047899 4.335492 0.079643
v 0.281041 4.233134 0.051099
v -0.047566 4.194401 0.079639
v 0.290171 4.267533 0.051194
v 0.295343 4.267545 0.051245
v 0.285351 4.304484 0.051150
v -0.047566 4.194401 0.079639
v 0.280878 4.301888 0.051109
v -0.047457 4.194401 0.068439
v 0.258227 4.331479 0.050888
v 0.255652 4.326994 0.050867
v 0.221239 4.341296 0.050529
v -0.047790 4.335492 0.068444
v 0.221252 4.336124 0.050532
v -0.047899 4.335492 0.079643
v 0.184298 4.331305 0.050169
v 0.186895 4.326832 0.050194
v 0.157303 4.304182 0.049906
v -0.068042 4.314763 0.079446
v 0.161788 4.301607 0.049944
v -0.067806 4.215035 0.079443
v 0.147485 4.267196 0.049808
v 0.152657 4.267208 0.049848
v 0.285525 4.230559 0.051148
v -0.067806 4.215035 0.079443
v 0.155235 4.205216 0.049847
v -0.067697 4.215036 0.068244
v 0.151321 4.180842 0.049793
v 0.161951 4.232853 0.049918
v 0.183873 4.172203 0.050122
v -0.067933 4.314763 0.068247
v 0.187177 4.207746 0.050163
v -0.068042 4.314763 0.079446
v 0.207744 4.148445 0.050353
v 0.221577 4.198616 0.050507
v 0.255933 4.207909 0.050848
v -0.078307 4.300026 0.079346
v 0.258530 4.203436 0.050884
v -0.078141 4.229722 0.079343
v 0.212628 4.080668 0.050372
v 0.207898 4.083385 0.050335
v 0.216537 4.115936 0.050428
v -0.078141 4.229722 0.079343
v 0.184139 4.059514 0.050098
v -0.078032 4.229723 0.068144
v 0.186878 4.054798 0.050121
v 0.151628 4.050722 0.049777
v 0.151641 4.045267 0.049778
v -0.078198 4.300027 0.068146
v 0.119076 4.059361 0.049459
v -0.078307 4.300026 0.079346
v 0.116360 4.054631 0.049435
v 0.095205 4.083118 0.049228
v 0.090488 4.080380 0.049185
v -0.085627 4.266977 0.079273
v 0.086411 4.115628 0.049146
v 0.080958 4.115615 0.049095
v -0.085627 4.266977 0.079273
v 0.095051 4.148179 0.049236
v -0.085518 4.266977 0.068073
v 0.090322 4.150895 0.049188
v 0.118810 4.172049 0.049472
v 0.108068 4.205293 0.049363
v -0.085518 4.266977 0.068073
v 0.281041 4.233134 0.051099
v -0.085627 4.266977 0.079273
v 0.290171 4.267533 0.051194
v 0.983406 4.352022 0.089665
v 0.926454 4.332167 0.089111
v 0.953601 4.332231 0.089375
v 0.295343 4.267545 0.051245
v 0.285351 4.304484 0.051150
v 0.953896 4.207509 0.089371
v 0.983806 4.182746 0.089660
v 0.280878 4.301888 0.051109
v 0.258227 4.331479 0.050888
v 0.255652 4.326994 0.050867
v 0.221239 4.341296 0.050529
v 0.926749 4.207445 0.089107
v 0.221252 4.336124 0.050532
v 0.184298 4.331305 0.050169
v 0.888109 4.207353 0.088731
v 0.186895 4.326832 0.050194
v 0.157303 4.304182 0.049906
v 0.860962 4.207289 0.088468
v 0.161788 4.301607 0.049944
v 0.860667 4.332011 0.088472
v 0.822322 4.207198 0.088092
v 0.147485 4.267196 0.049808
v 0.152657 4.267208 0.049848
v 0.285525 4.230559 0.051148
v 0.155235 4.205216 0.049847
v 0.151321 4.180842 0.049793
v 0.795175 4.207134 0.087828
v 0.161951 4.232853 0.049918
v 0.794880 4.331856 0.087832
v 0.756535 4.207042 0.087453
v 0.183873 4.172203 0.050122
v 0.187177 4.207746 0.050163
v 0.207744 4.148445 0.050353
v 0.221577 4.198616 0.050507
v 0.258530 4.203436 0.050884
v 0.729388 4.206978 0.087189
v 0.255933 4.207909 0.050848
v 0.212628 4.080668 0.050372
v 0.690749 4.206887 0.086814
v 0.216537 4.115936 0.050428
v 0.207898 4.083385 0.050335
v 0.663601 4.206823 0.086550
v 0.663306 4.331545 0.086554
v 0.624667 4.331454 0.086178
v 0.624962 4.206731 0.086174
v 0.063737 4.209832 0.082972
v 0.014434 4.181212 0.082492
v -0.041731 4.190979 0.081946
v -0.078479 4.234561 0.081592
v -0.078614 4.291567 0.081593
v -0.042073 4.335323 0.081951
v 0.014046 4.345355 0.082497
v 0.063484 4.316968 0.082976
v 0.597814 4.206667 0.085911
v 0.083108 4.263446 0.083163
v -0.000232 4.263249 0.082354
v 0.559175 4.206576 0.085535
v 0.062625 4.206640 0.086647
v 0.068360 4.221869 0.086704
v 0.532027 4.206511 0.085271
v 0.068695 4.240659 0.086708
v 0.038394 4.290754 0.086416
v 0.493388 4.206420 0.084896
v -0.003121 4.311007 0.086014
v -0.013767 4.243087 0.085907
v 0.466240 4.206356 0.084632
v -0.068098 4.313195 0.085383
v -0.171792 4.365333 0.084378
v 0.427601 4.206265 0.084257
v -0.189798 4.330463 0.084201
v 0.068360 4.221869 0.086704
v 0.400453 4.206201 0.083993
v 0.062625 4.206640 0.086647
v 0.068695 4.240659 0.086708
v 0.361814 4.206110 0.083617
v 0.334666 4.206045 0.083353
v 0.283805 4.231519 0.082861
v 0.257096 4.204685 0.082600
v 0.038394 4.290754 0.086416
v -0.003121 4.311007 0.086014
v -0.013767 4.243087 0.085907
v -0.068098 4.313195 0.085383
v -0.189798 4.330463 0.084201
v -0.171792 4.365333 0.084378
v 0.011789 4.252326 -0.003622
v 0.010977 4.252321 0.079930
v 0.220548 4.194799 0.082244
v -0.010173 4.252274 -0.003836
v -0.010985 4.252269 0.079717
v -0.021199 4.271266 -0.003942
v -0.022011 4.271262 0.079611
v -0.010263 4.290312 -0.003835
v 0.183954 4.204512 0.081889
v -0.011074 4.290307 0.079718
v 0.011699 4.290363 -0.003621
v 0.157118 4.231220 0.081630
v 0.021913 4.271366 0.080037
v 0.010887 4.290359 0.079931
v 0.147232 4.267767 0.081535
v 0.022725 4.271370 -0.003515
v 0.887814 4.332076 0.088735
v 0.156945 4.304360 0.081632
v 0.822027 4.331920 0.088096
v 0.756240 4.331765 0.087457
v 0.729093 4.331700 0.087193
v 0.690454 4.331609 0.086818
v 0.597519 4.331389 0.085914
v 0.183654 4.331194 0.081893
v 0.558880 4.331298 0.085539
v 0.531732 4.331234 0.085275
v 0.220202 4.341079 0.082249
v 0.493093 4.331143 0.084900
v 0.465945 4.331079 0.084636
v 0.427306 4.330987 0.084260
v 0.400158 4.330923 0.083997
v 0.361519 4.330832 0.083621
v 0.256796 4.331367 0.082604
v 0.293517 4.268113 0.082957
v 0.334372 4.330768 0.083357
v 0.283632 4.304659 0.082863
v 0.283632 4.304659 0.082863
v 0.293517 4.268113 0.082957
v 0.256796 4.331367 0.082604
v 0.220202 4.341079 0.082249
v 0.183654 4.331194 0.081893
v 0.334372 4.330768 0.083357
v 0.983406 4.352022 0.089665
v 0.334372 4.330768 0.083357
v 0.361519 4.330832 0.083621
v 0.361519 4.330832 0.083621
v 0.156945 4.304360 0.081632
v 0.147232 4.267767 0.081535
v 0.157118 4.231220 0.081630
v 0.183954 4.204512 0.081889
v 0.400158 4.330923 0.083997
v 0.220548 4.194799 0.082244
v 0.257096 4.204685 0.082600
v 0.334666 4.206045 0.083353
v 0.283805 4.231519 0.082861
v 0.361814 4.206110 0.083617
v 0.427306 4.330987 0.084260
v 0.400453 4.206201 0.083993
v 0.427601 4.206265 0.084257
v 0.466240 4.206356 0.084632
v 0.493388 4.206420 0.084896
v 0.532027 4.206511 0.085271
v 0.465945 4.331079 0.084636
v 0.559175 4.206576 0.085535
v 0.597814 4.206667 0.085911
v 0.624962 4.206731 0.086174
v 0.663306 4.331545 0.086554
v 0.624667 4.331454 0.086178
v 0.493093 4.331143 0.084900
v 0.663601 4.206823 0.086550
v 0.690749 4.206887 0.086814
v 0.729388 4.206978 0.087189
v 0.756535 4.207042 0.087453
v 0.794880 4.331856 0.087832
v 0.531732 4.331234 0.085275
v 0.795175 4.207134 0.087828
v 0.822322 4.207198 0.088092
v 0.860667 4.332011 0.088472
v 0.860962 4.207289 0.088468
v 0.531732 4.331234 0.085275
v 0.558880 4.331298 0.085539
v 0.888109 4.207353 0.088731
v 0.926749 4.207445 0.089107
v 0.597519 4.331389 0.085914
v 0.558880 4.331298 0.085539
v 0.983806 4.182746 0.089660
v 0.953896 4.207509 0.089371
v 0.953601 4.332231 0.089375
v 0.983406 4.352022 0.089665
v 0.926454 4.332167 0.089111
v -0.085627 4.266977 0.079273
v -0.085518 4.266977 0.068073
v -0.085518 4.266977 0.068073
v -0.085627 4.266977 0.079273
v -0.085627 4.266977 0.079273
v -0.078307 4.300026 0.079346
v -0.078198 4.300027 0.068146
v -0.078032 4.229723 0.068144
v 0.690454 4.331609 0.086818
v -0.078141 4.229722 0.079343
v -0.078141 4.229722 0.079343
v 0.729093 4.331700 0.087193
v -0.078307 4.300026 0.079346
v -0.068042 4.314763 0.079446
v -0.067933 4.314763 0.068247
v -0.067697 4.215036 0.068244
v 0.690454 4.331609 0.086818
v 0.729093 4.331700 0.087193
v -0.067806 4.215035 0.079443
v -0.067806 4.215035 0.079443
v 0.756240 4.331765 0.087457
v -0.068042 4.314763 0.079446
v -0.047899 4.335492 0.079643
v -0.047790 4.335492 0.068444
v -0.047457 4.194401 0.068439
v -0.047566 4.194401 0.079639
v -0.047566 4.194401 0.079639
v -0.047899 4.335492 0.079643
v -0.025293 4.346475 0.079863
v 0.822027 4.331920 0.088096
v -0.025184 4.346476 0.068664
v -0.024799 4.183525 0.068659
v -0.024908 4.183524 0.079858
v -0.024908 4.183524 0.079858
v -0.025293 4.346475 0.079863
v -0.003829 4.180412 0.080063
v -0.004229 4.349687 0.080068
v -0.004120 4.349688 0.068869
v 0.887814 4.332076 0.088735
v 0.983515 4.352023 0.078466
v -0.004229 4.349687 0.080068
v 0.983406 4.352022 0.089665
v 0.983915 4.182746 0.078460
v -0.003720 4.180412 0.068863
v 0.983806 4.182746 0.089660
v -0.003829 4.180412 0.080063
vn 0.0024 -1.0000 -0.0000
vn -0.0024 1.0000 -0.0000
vn -0.0097 -0.0001 1.0000
vn -0.1461 -0.9893 -0.0015
vn -0.1507 0.9886 -0.0014
vn -0.4327 -0.9015 -0.0043
vn -0.4370 0.8995 -0.0042
vn -0.7138 -0.7003 -0.0070
vn -0.7171 0.6969 -0.0069
vn -0.8178 -0.5755 -0.0080
vn -0.8205 0.5716 -0.0079
vn -0.9804 -0.1970 -0.0095
vn -0.9763 0.2162 -0.0095
vn 0.0097 0.0001 -1.0000
vn 0.1461 0.9893 0.0015
vn 0.1507 -0.9886 0.0014
vn 0.4327 0.9015 0.0043
vn 0.4370 -0.8995 0.0042
vn 0.7138 0.7003 0.0070
vn 0.7171 -0.6969 0.0069
vn 0.8178 0.5755 0.0080
vn 0.8205 -0.5716 0.0079
vn 0.9804 0.1970 0.0095
vn 0.9763 -0.2162 0.0095
vn 0.8648 0.5021 0.0084
vn -0.8671 0.4980 -0.0084
vn -0.8648 -0.5021 -0.0084
vn 0.8671 -0.4980 0.0084
vn 0.0082 0.0007 -1.0000
vn 0.0104 -0.0019 -0.9999
vn 0.0101 0.0004 -0.9999
vn -0.0122 -0.0002 0.9999
vn 0.0098 0.0004 -1.0000
vn 0.0101 0.0003 -0.9999
vn 0.0099 0.0002 -1.0000
vn 0.0102 0.0003 -0.9999
vn 0.0048 0.0014 -1.0000
vn 0.0112 -0.0014 -0.9999
vn 0.0090 0.0004 -1.0000
vn 0.0077 0.0003 -1.0000
vn 0.0077 0.0007 -1.0000
vn 0.0086 0.0003 -1.0000
vn 0.0090 0.0010 -1.0000
vn 0.0096 0.0001 -1.0000
vn 0.0098 0.0002 -1.0000
vn 0.0099 -0.0005 -1.0000
vn 0.0096 -0.0005 -1.0000
vn 0.0095 -0.0008 -1.0000
vn 0.0091 -0.0005 -1.0000
vn 0.0093 -0.0004 -1.0000
vn 0.0091 -0.0001 -1.0000
vn 0.0098 -0.0000 -1.0000
vn 0.0109 -0.0001 -0.9999
vn 0.0106 -0.0006 -0.9999
vn 0.0103 0.0006 -0.9999
vn 0.0099 -0.0001 -1.0000
vn 0.0100 -0.0000 -0.9999
vn 0.0101 -0.0002 -0.9999
vn 0.0102 -0.0001 -0.9999
vn 0.0094 0.0003 -1.0000
vn 0.0094 -0.0000 -1.0000
vn 0.0090 -0.0001 -1.0000
vn 0.0092 -0.0004 -1.0000
vn 0.0098 -0.0001 -1.0000
vn 0.0097 -0.0001 -1.0000
vn 0.0096 0.0008 -1.0000
vn 0.0092 0.0006 -1.0000
vn 0.0086 0.0013 -1.0000
vn -0.0082 -0.0007 1.0000
vn -0.0104 0.0019 0.9999
vn -0.0101 -0.0004 0.9999
vn 0.0122 0.0002 -0.9999
vn -0.0098 -0.0004 1.0000
vn -0.0101 -0.0003 0.9999
vn -0.0099 -0.0002 1.0000
vn -0.0102 -0.0003 0.9999
vn -0.0048 -0.0014 1.0000
vn -0.0112 0.0014 0.9999
vn -0.0090 -0.0004 1.0000
vn -0.0077 -0.0003 1.0000
vn -0.0077 -0.0007 1.0000
vn -0.0086 -0.0003 1.0000
vn -0.0090 -0.0010 1.0000
vn -0.0096 -0.0001 1.0000
vn -0.0098 -0.0002 1.0000
vn -0.0099 0.0005 1.0000
vn -0.0096 0.0005 1.0000
vn -0.0095 0.0008 1.0000
vn -0.0091 0.0005 1.0000
vn -0.0093 0.0004 1.0000
vn -0.0091 0.0001 1.0000
vn -0.0098 -0.0000 1.0000
vn -0.0109 0.0001 0.9999
vn -0.0106 0.0006 0.9999
vn -0.0103 -0.0006 0.9999
vn -0.0099 0.0001 1.0000
vn -0.0100 -0.0000 0.9999
vn -0.0101 0.0002 0.9999
vn -0.0102 0.0001 0.9999
vn -0.0094 -0.0003 1.0000
vn -0.0094 -0.0000 1.0000
vn -0.0090 0.0001 1.0000
vn -0.0092 0.0004 1.0000
vn -0.0098 0.0001 1.0000
vn -0.0097 0.0001 1.0000
vn -0.0096 -0.0008 1.0000
vn -0.0092 -0.0006 1.0000
vn -0.0086 -0.0013 1.0000
vt 0.112242 0.150320
vt 0.038324 0.150320
vt 0.069361 0.180340
vt 0.104741 0.180340
vt 0.077727 0.588991
vt 0.077727 0.992554
vt 0.060359 0.985015
vt 0.060358 0.596530
vt 0.036747 0.151094
vt 0.068607 0.163848
vt 0.069361 0.163534
vt 0.068607 0.180026
vt 0.041703 0.958958
vt 0.041703 0.622587
vt 0.067796 0.164934
vt 0.067796 0.178941
vt 0.025061 0.909650
vt 0.025061 0.671895
vt 0.067072 0.166987
vt 0.067072 0.176888
vt 0.016570 0.874577
vt 0.016570 0.706968
vt 0.066703 0.168447
vt 0.066703 0.175427
vt 0.010472 0.795827
vt 0.066438 0.172148
vt 0.891802 0.992554
vt 0.844818 0.945539
vt 0.867196 0.945539
vt 0.867196 0.648194
vt 0.891801 0.588990
vt 0.844818 0.648194
vt 0.812970 0.648194
vt 0.790593 0.648194
vt 0.790593 0.945540
vt 0.758743 0.648194
vt 0.736367 0.648194
vt 0.736367 0.945540
vt 0.704518 0.648194
vt 0.682141 0.648194
vt 0.650292 0.648194
vt 0.627916 0.648194
vt 0.627916 0.945540
vt 0.596066 0.945540
vt 0.596065 0.648194
vt 0.573689 0.648194
vt 0.541840 0.648194
vt 0.519463 0.648194
vt 0.487614 0.648194
vt 0.465238 0.648194
vt 0.433388 0.648194
vt 0.411012 0.648194
vt 0.379163 0.648194
vt 0.356785 0.648194
vt 0.314911 0.709213
vt 0.292845 0.645389
vt 0.262700 0.622028
vt 0.232556 0.645389
vt 0.210488 0.709213
vt 0.202411 0.796398
vt 0.210488 0.883582
vt 0.232556 0.947406
vt 0.262700 0.970767
vt 0.292845 0.947406
vt 0.322988 0.796398
vt 0.314911 0.883582
vt 0.356785 0.945540
vt 0.691699 0.953837
vt 0.351582 0.920703
vt 0.365807 0.920703
vt 0.379163 0.945540
vt 0.411012 0.945540
vt 0.433388 0.945540
vt 0.465238 0.945540
vt 0.487614 0.945540
vt 0.519463 0.945540
vt 0.454999 0.920703
vt 0.469223 0.920703
vt 0.573689 0.945540
vt 0.541840 0.945540
vt 0.650292 0.945540
vt 0.682141 0.945540
vt 0.538168 0.920703
vt 0.558414 0.920703
vt 0.704518 0.945540
vt 0.758743 0.945540
vt 0.812970 0.945540
vt 0.112242 0.191753
vt 0.038324 0.191753
vt 0.036747 0.190979
vt 0.035053 0.188303
vt 0.035053 0.153770
vt 0.033542 0.183241
vt 0.033542 0.158832
vt 0.032771 0.179640
vt 0.032771 0.162433
vt 0.032218 0.171555
vt 0.107976 0.186926
vt 0.110008 0.186926
vt 0.110008 0.156399
vt 0.107976 0.156399
vt 0.105084 0.156399
vt 0.103052 0.156399
vt 0.103052 0.186926
vt 0.100160 0.156399
vt 0.098129 0.156399
vt 0.098129 0.186926
vt 0.095237 0.156399
vt 0.093205 0.156399
vt 0.090313 0.156399
vt 0.088281 0.156399
vt 0.085389 0.186926
vt 0.088281 0.186926
vt 0.085389 0.156399
vt 0.083357 0.156399
vt 0.080466 0.156399
vt 0.078434 0.156399
vt 0.075542 0.156399
vt 0.073510 0.156399
vt 0.070618 0.156399
vt 0.068586 0.156399
vt 0.065694 0.156399
vt 0.059860 0.162663
vt 0.063663 0.156399
vt 0.057857 0.156111
vt 0.055120 0.153712
vt 0.052383 0.156111
vt 0.050379 0.162663
vt 0.049645 0.171614
vt 0.050379 0.180565
vt 0.052383 0.187117
vt 0.055120 0.189516
vt 0.057857 0.187117
vt 0.060594 0.171614
vt 0.059860 0.180565
vt 0.063663 0.186926
vt 0.065694 0.186926
vt 0.068586 0.186926
vt 0.070618 0.186926
vt 0.073510 0.186926
vt 0.075542 0.186926
vt 0.078434 0.186926
vt 0.080466 0.186926
vt 0.083357 0.186926
vt 0.090313 0.186926
vt 0.093205 0.186926
vt 0.095237 0.186926
vt 0.100160 0.186926
vt 0.105084 0.186926
vt 0.083174 0.170506
vt 0.080873 0.181552
vt 0.076270 0.181552
vt 0.073969 0.170506
vt 0.076270 0.159460
vt 0.080873 0.159460
vt 0.092449 0.126057
vt 0.079921 0.126154
vt 0.092438 0.097132
vt 0.079686 0.077180
vt 0.107638 0.079276
vt 0.109452 0.067524
vt 0.092677 0.044225
vt 0.079670 0.018712
vt 0.092662 0.018691
vt 0.120049 0.032847
vt 0.132784 0.032847
vt 0.129804 0.043618
vt 0.122261 0.049348
vt 0.113682 0.047358
vt 0.108083 0.038578
vt 0.108083 0.027115
vt 0.113682 0.018335
vt 0.122261 0.016345
vt 0.129804 0.022076
vt 0.043151 0.033298
vt 0.045098 0.045616
vt 0.044206 0.032265
vt 0.061598 0.071292
vt 0.062176 0.069596
vt 0.051231 0.067453
vt 0.043151 0.057935
vt 0.044381 0.072694
vt 0.037833 0.066953
vt 0.038760 0.082925
vt 0.030567 0.070253
vt 0.037039 0.074570
vt 0.068219 0.079843
vt 0.036496 0.098048
vt 0.035341 0.098048
vt 0.038553 0.111066
vt 0.037553 0.112045
vt 0.044174 0.120596
vt 0.043596 0.122291
vt 0.051852 0.124084
vt 0.051852 0.126042
vt 0.061391 0.120596
vt 0.061969 0.122291
vt 0.067012 0.111066
vt 0.068012 0.112045
vt 0.070224 0.098048
vt 0.069069 0.098048
vt 0.067219 0.080822
vt 0.020920 0.079552
vt 0.023302 0.066953
vt 0.016928 0.058967
vt 0.017983 0.057935
vt 0.014818 0.045616
vt 0.016036 0.045616
vt 0.016928 0.032265
vt 0.017983 0.033298
vt 0.022693 0.022491
vt 0.023302 0.024280
vt 0.030567 0.018914
vt 0.030567 0.020980
vt 0.038442 0.022491
vt 0.037833 0.024280
s 0
usemtl main
f 25/13/13 26/14/13 27/14/13
f 27/14/13 29/13/13 25/13/13
f 31/15/14 32/16/14 33/16/14
f 33/16/14 35/15/14 31/15/14
f 37/17/15 38/18/15 39/19/15
f 39/19/15 41/20/15 37/17/15
f 27/14/16 26/14/16 45/21/16
f 46/22/16 47/22/16 48/23/16
f 31/15/17 35/15/17 51/24/17
f 51/24/17 53/24/17 31/15/17
f 41/20/15 39/19/15 57/25/15
f 57/25/15 59/26/15 41/20/15
f 47/22/18 46/22/18 63/27/18
f 63/27/18 65/27/18 47/22/18
f 53/24/19 51/24/19 69/28/19
f 69/28/19 71/28/19 53/24/19
f 59/26/15 57/25/15 75/29/15
f 75/29/15 77/30/15 59/26/15
f 65/27/20 63/27/20 81/31/20
f 81/31/20 83/31/20 65/27/20
f 71/28/21 69/28/21 87/32/21
f 87/32/21 89/32/21 71/28/21
f 77/30/15 75/29/15 93/33/15
f 93/33/15 95/34/15 77/30/15
f 83/31/22 81/31/22 99/35/22
f 99/35/22 101/35/22 83/31/22
f 89/32/23 87/32/23 105/36/23
f 105/36/23 107/36/23 89/32/23
f 95/34/15 93/33/15 111/37/15
f 101/35/24 99/35/24 114/38/24
f 114/38/24 116/38/24 101/35/24
f 107/36/25 105/36/25 120/38/25
f 120/38/25 122/38/25 107/36/25
f 124/39/15 125/40/15 126/41/15
f 124/39/15 126/41/15 129/42/15
f 130/43/15 124/39/15 129/42/15
f 130/43/15 129/42/15 135/44/15
f 130/43/15 135/44/15 138/45/15
f 130/43/15 138/45/15 141/46/15
f 141/46/15 143/47/15 144/48/15
f 130/43/15 141/46/15 144/48/15
f 130/43/15 144/48/15 150/49/15
f 150/49/15 152/50/15 153/51/15
f 130/43/15 150/49/15 153/51/15
f 130/43/15 153/51/15 159/52/15
f 130/43/15 159/52/15 162/53/15
f 130/43/15 162/53/15 165/54/15
f 166/55/15 167/56/15 168/57/15
f 165/54/15 166/55/15 168/57/15
f 130/43/15 165/54/15 168/57/15
f 130/43/15 168/57/15 177/58/15
f 130/43/15 177/58/15 180/59/15
f 130/43/15 180/59/15 183/60/15
f 130/43/15 183/60/15 186/61/15
f 130/43/15 186/61/15 189/62/15
f 130/43/15 189/62/15 192/63/15
f 130/43/15 192/63/15 195/64/15
f 130/43/15 195/64/15 198/65/15
f 199/66/15 200/67/15 201/68/15
f 198/65/15 199/66/15 201/68/15
f 130/43/15 198/65/15 201/68/15
f 130/43/15 201/68/15 210/69/15
f 37/17/15 130/43/15 210/69/15
f 37/17/15 210/69/15 216/70/15
f 37/17/15 216/70/15 219/71/15
f 37/17/15 219/71/15 222/72/15
f 37/17/15 222/72/15 225/73/15
f 38/18/15 37/17/15 225/73/15
f 38/18/15 225/73/15 231/74/15
f 38/18/15 231/74/15 234/75/15
f 124/39/15 38/18/15 234/75/15
f 124/39/15 234/75/15 240/76/15
f 241/77/15 200/67/15 199/66/15
f 244/78/15 241/77/15 199/66/15
f 124/39/15 240/76/15 249/79/15
f 250/80/15 251/81/15 252/82/15
f 253/83/15 198/65/15 195/64/15
f 253/83/15 195/64/15 258/84/15
f 124/39/15 253/83/15 258/84/15
f 124/39/15 258/84/15 264/85/15
f 264/85/15 192/63/15 189/62/15
f 264/85/15 189/62/15 270/86/15
f 124/39/15 264/85/15 270/86/15
f 124/39/15 270/86/15 276/87/15
f 276/87/15 186/61/15 183/60/15
f 276/87/15 183/60/15 282/88/15
f 124/39/15 276/87/15 282/88/15
f 250/80/15 287/89/15 288/90/15
f 180/59/15 177/58/15 291/91/15
f 292/92/15 180/59/15 291/91/15
f 124/39/15 292/92/15 291/91/15
f 124/39/15 291/91/15 167/56/15
f 124/39/15 167/56/15 166/55/15
f 124/39/15 166/55/15 306/93/15
f 162/53/15 159/52/15 309/94/15
f 306/93/15 162/53/15 309/94/15
f 250/80/15 314/95/15 315/96/15
f 124/39/15 309/94/15 318/97/15
f 318/97/15 153/51/15 152/50/15
f 124/39/15 318/97/15 152/50/15
f 124/39/15 152/50/15 327/98/15
f 327/98/15 144/48/15 143/47/15
f 124/39/15 327/98/15 143/47/15
f 124/39/15 143/47/15 336/99/15
f 125/40/15 124/39/15 336/99/15
f 125/40/15 336/99/15 138/45/15
f 135/44/15 125/40/15 138/45/15
f 199/66/15 249/79/15 244/78/15
f 249/79/15 240/76/15 244/78/15
f 343/14/14 342/13/14 341/14/14
f 340/13/14 341/14/14 342/13/14
f 339/100/13 338/101/13 337/100/13
f 335/101/13 337/100/13 338/101/13
f 334/101/26 333/14/26 332/102/26
f 331/21/26 332/102/26 333/14/26
f 343/14/27 341/14/27 330/21/27
f 329/21/27 330/21/27 341/14/27
f 335/101/28 338/101/28 328/102/28
f 326/102/28 328/102/28 338/101/28
f 332/102/26 331/21/26 325/103/26
f 324/104/26 325/103/26 331/21/26
f 330/21/29 329/21/29 323/104/29
f 322/104/29 323/104/29 329/21/29
f 328/102/30 326/102/30 321/103/30
f 320/103/30 321/103/30 326/102/30
f 325/103/26 324/104/26 319/105/26
f 317/106/26 319/105/26 324/104/26
f 323/104/31 322/104/31 316/106/31
f 313/106/31 316/106/31 322/104/31
f 321/103/32 320/103/32 312/105/32
f 311/105/32 312/105/32 320/103/32
f 319/105/26 317/106/26 310/107/26
f 308/108/26 310/107/26 317/106/26
f 316/106/33 313/106/33 307/108/33
f 305/108/33 307/108/33 313/106/33
f 312/105/34 311/105/34 304/107/34
f 303/107/34 304/107/34 311/105/34
f 310/107/26 308/108/26 302/109/26
f 307/108/35 305/108/35 301/109/35
f 300/109/35 301/109/35 305/108/35
f 304/107/36 303/107/36 299/109/36
f 298/109/36 299/109/36 303/107/36
f 297/110/26 296/100/26 295/111/26
f 295/111/26 296/100/26 294/112/26
f 296/100/26 293/13/26 294/112/26
f 294/112/26 293/13/26 290/113/26
f 290/113/26 293/13/26 289/114/26
f 289/114/26 293/13/26 286/115/26
f 285/116/26 286/115/26 284/117/26
f 286/115/26 293/13/26 284/117/26
f 284/117/26 293/13/26 283/118/26
f 281/119/26 283/118/26 280/120/26
f 283/118/26 293/13/26 280/120/26
f 280/120/26 293/13/26 279/121/26
f 279/121/26 293/13/26 278/122/26
f 278/122/26 293/13/26 277/123/26
f 275/124/26 274/125/26 273/126/26
f 274/125/26 277/123/26 273/126/26
f 277/123/26 293/13/26 273/126/26
f 273/126/26 293/13/26 272/127/26
f 272/127/26 293/13/26 271/128/26
f 271/128/26 293/13/26 269/129/26
f 269/129/26 293/13/26 268/130/26
f 268/130/26 293/13/26 267/131/26
f 267/131/26 293/13/26 266/132/26
f 266/132/26 293/13/26 265/133/26
f 265/133/26 293/13/26 263/134/26
f 262/135/26 261/136/26 260/137/26
f 261/136/26 263/134/26 260/137/26
f 263/134/26 293/13/26 260/137/26
f 260/137/26 293/13/26 259/138/26
f 293/13/26 333/14/26 259/138/26
f 259/138/26 333/14/26 257/139/26
f 257/139/26 333/14/26 256/140/26
f 256/140/26 333/14/26 255/141/26
f 255/141/26 333/14/26 254/142/26
f 333/14/26 334/101/26 254/142/26
f 254/142/26 334/101/26 248/143/26
f 248/143/26 334/101/26 247/144/26
f 334/101/26 296/100/26 247/144/26
f 247/144/26 296/100/26 246/145/26
f 262/135/26 245/146/26 261/136/26
f 245/146/26 243/147/26 261/136/26
f 246/145/26 296/100/26 242/148/26
f 242/148/26 296/100/26 239/149/26
f 263/134/26 239/149/26 265/133/26
f 265/133/26 239/149/26 238/150/26
f 239/149/26 296/100/26 238/150/26
f 238/150/26 296/100/26 237/151/26
f 266/132/26 237/151/26 267/131/26
f 267/131/26 237/151/26 236/152/26
f 237/151/26 296/100/26 236/152/26
f 236/152/26 296/100/26 235/153/26
f 268/130/26 235/153/26 269/129/26
f 269/129/26 235/153/26 233/154/26
f 235/153/26 296/100/26 233/154/26
f 233/154/26 296/100/26 232/155/26
f 272/127/26 271/128/26 230/156/26
f 271/128/26 232/155/26 230/156/26
f 232/155/26 296/100/26 230/156/26
f 230/156/26 296/100/26 275/124/26
f 275/124/26 296/100/26 274/125/26
f 274/125/26 296/100/26 229/157/26
f 279/121/26 278/122/26 228/158/26
f 278/122/26 229/157/26 228/158/26
f 229/157/26 296/100/26 228/158/26
f 228/158/26 296/100/26 227/159/26
f 280/120/26 227/159/26 281/119/26
f 227/159/26 296/100/26 281/119/26
f 281/119/26 296/100/26 226/160/26
f 284/117/26 226/160/26 285/116/26
f 226/160/26 296/100/26 285/116/26
f 285/116/26 296/100/26 224/161/26
f 296/100/26 297/110/26 224/161/26
f 224/161/26 297/110/26 289/114/26
f 297/110/26 290/113/26 289/114/26
f 242/148/26 261/136/26 243/147/26
f 246/145/26 242/148/26 243/147/26
f 223/162/37 221/163/37 220/162/37
f 223/162/37 218/163/37 221/163/37
f 218/163/14 217/164/14 221/163/14
f 218/163/14 215/164/14 217/164/14
f 215/164/38 214/165/38 217/164/38
f 215/164/38 213/165/38 214/165/38
f 213/165/39 212/166/39 214/165/39
f 213/165/39 211/166/39 212/166/39
f 211/166/13 209/167/13 212/166/13
f 211/166/13 208/167/13 209/167/13
f 208/167/40 220/162/40 209/167/40
f 208/167/40 223/162/40 220/162/40
f 207/168/15 206/169/15 205/170/15
f 204/171/15 205/170/15 206/169/15
f 204/171/15 203/172/15 205/170/15
f 204/171/15 202/173/15 203/172/15
f 204/171/15 197/174/15 202/173/15
f 196/175/15 194/176/15 197/174/15
f 197/174/15 204/171/15 196/175/15
f 193/169/26 191/168/26 190/170/26
f 190/170/26 188/171/26 193/169/26
f 187/172/26 188/171/26 190/170/26
f 185/173/26 188/171/26 187/172/26
f 184/174/26 188/171/26 185/173/26
f 182/176/26 181/175/26 184/174/26
f 188/171/26 184/174/26 181/175/26
f 179/177/15 178/178/15 176/179/15
f 179/177/15 176/179/15 175/180/15
f 179/177/15 175/180/15 174/181/15
f 179/177/15 174/181/15 173/182/15
f 179/177/15 173/182/15 172/183/15
f 179/177/15 172/183/15 171/184/15
f 179/177/15 171/184/15 170/185/15
f 179/177/15 170/185/15 169/186/15
f 179/177/15 169/186/15 178/178/15
f 164/187/41 163/188/41 161/189/41
f 160/190/42 158/191/42 157/192/42
f 158/191/43 161/189/43 157/192/43
f 161/189/44 163/188/44 157/192/44
f 163/188/45 156/193/45 157/192/45
f 157/192/46 156/193/46 155/194/46
f 156/193/47 154/195/47 155/194/47
f 155/194/47 154/195/47 151/196/47
f 154/195/48 149/197/48 151/196/48
f 149/197/49 148/198/49 151/196/49
f 158/191/50 160/190/50 147/199/50
f 151/196/51 148/198/51 146/200/51
f 148/198/52 145/201/52 146/200/52
f 146/200/53 145/201/53 142/202/53
f 145/201/54 140/203/54 142/202/54
f 142/202/55 140/203/55 139/204/55
f 140/203/56 137/205/56 139/204/56
f 139/204/57 137/205/57 136/206/57
f 137/205/58 134/207/58 136/206/58
f 136/206/59 134/207/59 133/208/59
f 134/207/60 132/209/60 133/208/60
f 133/208/61 132/209/61 131/210/61
f 132/209/62 128/211/62 131/210/62
f 128/211/63 127/212/63 131/210/63
f 131/210/57 127/212/57 123/213/57
f 127/212/64 147/199/64 123/213/64
f 123/213/65 147/199/65 121/214/65
f 147/199/66 160/190/66 121/214/66
f 148/198/67 149/197/67 119/215/67
f 149/197/68 118/216/68 119/215/68
f 119/215/69 118/216/69 117/217/69
f 118/216/70 115/218/70 117/217/70
f 117/217/71 115/218/71 113/219/71
f 115/218/72 112/220/72 113/219/72
f 113/219/73 112/220/73 110/221/73
f 112/220/74 109/222/74 110/221/74
f 110/221/75 109/222/75 108/223/75
f 109/222/62 106/224/62 108/223/62
f 108/223/59 106/224/59 104/225/59
f 106/224/76 103/226/76 104/225/76
f 104/225/77 103/226/77 102/227/77
f 103/226/78 100/228/78 102/227/78
f 102/227/79 100/228/79 161/189/79
f 161/189/80 100/228/80 164/187/80
f 98/188/81 97/187/81 96/189/81
f 94/191/82 92/190/82 91/192/82
f 96/189/83 94/191/83 91/192/83
f 98/188/84 96/189/84 91/192/84
f 90/193/85 98/188/85 91/192/85
f 90/193/86 91/192/86 88/194/86
f 86/195/87 90/193/87 88/194/87
f 86/195/87 88/194/87 85/196/87
f 84/197/88 86/195/88 85/196/88
f 82/198/89 84/197/89 85/196/89
f 92/190/90 94/191/90 80/199/90
f 82/198/91 85/196/91 79/200/91
f 78/201/92 82/198/92 79/200/92
f 78/201/93 79/200/93 76/202/93
f 74/203/94 78/201/94 76/202/94
f 74/203/95 76/202/95 73/204/95
f 72/205/96 74/203/96 73/204/96
f 72/205/97 73/204/97 70/206/97
f 68/207/98 72/205/98 70/206/98
f 68/207/99 70/206/99 67/208/99
f 66/209/100 68/207/100 67/208/100
f 66/209/101 67/208/101 64/210/101
f 62/211/102 66/209/102 64/210/102
f 61/212/103 62/211/103 64/210/103
f 61/212/97 64/210/97 60/213/97
f 80/199/104 61/212/104 60/213/104
f 80/199/105 60/213/105 58/214/105
f 92/190/106 80/199/106 58/214/106
f 84/197/107 82/198/107 56/215/107
f 55/216/108 84/197/108 56/215/108
f 55/216/109 56/215/109 54/217/109
f 52/218/110 55/216/110 54/217/110
f 52/218/111 54/217/111 50/219/111
f 49/220/112 52/218/112 50/219/112
f 49/220/113 50/219/113 44/221/113
f 43/222/114 49/220/114 44/221/114
f 43/222/115 44/221/115 42/223/115
f 40/224/102 43/222/102 42/223/102
f 40/224/99 42/223/99 36/225/99
f 34/226/116 40/224/116 36/225/116
f 34/226/117 36/225/117 30/227/117
f 28/228/118 34/226/118 30/227/118
f 28/228/119 30/227/119 96/189/119
f 28/228/120 96/189/120 97/187/120
o cervena_1
v 0.255516 4.208141 0.052102
v 0.280682 4.233307 0.052107
v 0.289893 4.267685 0.052112
v 0.221139 4.198930 0.052095
v 0.280682 4.302061 0.052116
v 0.255516 4.327228 0.052117
v 0.186762 4.208141 0.052085
v 0.161596 4.233307 0.052084
v 0.152384 4.267684 0.052102
v 0.161596 4.302061 0.052107
v 0.221139 4.336439 0.052116
v 0.186762 4.327228 0.052112
v 0.186762 4.327228 0.052112
v 0.161596 4.302061 0.052107
v 0.152384 4.267684 0.052102
v 0.221139 4.336439 0.052116
v 0.255516 4.327228 0.052117
v 0.280682 4.302061 0.052116
v 0.289893 4.267685 0.052112
v 0.255516 4.208141 0.052102
v 0.280682 4.233307 0.052107
v 0.221139 4.198930 0.052095
v 0.186762 4.208141 0.052085
v 0.161596 4.233307 0.052084
vn -0.0001 -0.0001 1.0000
vn -0.0004 -0.0006 1.0000
vn -0.0003 -0.0002 1.0000
vn -0.0003 0.0002 1.0000
vn 0.0001 0.0001 -1.0000
vn 0.0004 0.0006 -1.0000
vn 0.0003 0.0002 -1.0000
vn 0.0003 -0.0002 -1.0000
vt 0.749750 0.067420
vt 0.932580 0.250250
vt 0.999501 0.500000
vt 0.932580 0.749750
vt 0.749750 0.932580
vt 0.500000 0.999501
vt 0.250250 0.932580
vt 0.067420 0.749750
vt 0.000500 0.500000
vt 0.067420 0.250250
vt 0.250250 0.067420
vt 0.500000 0.000499
s 0
usemtl cervena
f 344/229/121 345/230/121 346/231/121
f 346/231/121 348/232/121 349/233/121
f 344/229/121 346/231/121 349/233/121
f 349/233/121 354/234/121 355/235/121
f 355/235/121 357/236/121 358/237/121
f 349/233/121 355/235/121 358/237/121
f 344/229/121 349/233/121 358/237/121
f 344/229/122 358/237/122 367/238/122
f 344/229/123 367/238/123 366/239/123
f 366/239/124 365/240/124 344/229/124
f 364/230/125 363/229/125 362/231/125
f 361/232/125 362/231/125 360/233/125
f 362/231/125 363/229/125 360/233/125
f 359/234/125 360/233/125 356/235/125
f 353/236/125 356/235/125 352/237/125
f 356/235/125 360/233/125 352/237/125
f 360/233/125 363/229/125 352/237/125
f 352/237/126 363/229/126 351/238/126
f 351/238/127 363/229/127 350/239/127
f 347/240/128 350/239/128 363/229/128
o zelena_1
v 0.207188 4.083731 0.052062
v 0.215904 4.116261 0.052069
v 0.207188 4.148792 0.052079
v 0.183374 4.059917 0.052058
v 0.150843 4.051201 0.052053
v 0.183374 4.172606 0.052078
v 0.118313 4.059917 0.052051
v 0.150843 4.181322 0.052065
v 0.118313 4.172606 0.052061
v 0.094499 4.083731 0.052050
v 0.094499 4.148792 0.052056
v 0.085783 4.116261 0.052052
v 0.085783 4.116261 0.052052
v 0.094499 4.083731 0.052050
v 0.118313 4.059917 0.052051
v 0.094499 4.148792 0.052056
v 0.118313 4.172606 0.052061
v 0.150843 4.181322 0.052065
v 0.183374 4.172606 0.052078
v 0.150843 4.051201 0.052053
v 0.183374 4.059917 0.052058
v 0.207188 4.148792 0.052079
v 0.207188 4.083731 0.052062
v 0.215904 4.116261 0.052069
vn 0.0001 -0.0002 1.0000
vn -0.0003 -0.0002 1.0000
vn -0.0003 0.0005 1.0000
vn -0.0001 -0.0001 1.0000
vn -0.0000 -0.0002 1.0000
vn -0.0001 0.0002 -1.0000
vn 0.0003 0.0002 -1.0000
vn 0.0003 -0.0005 -1.0000
vn 0.0001 0.0001 -1.0000
vn -0.0000 0.0002 -1.0000
vt 0.932580 0.250250
vt 0.999501 0.500000
vt 0.932580 0.749750
vt 0.749750 0.932580
vt 0.500000 0.999500
vt 0.250250 0.932580
vt 0.067420 0.749750
vt 0.000500 0.500000
vt 0.067420 0.250250
vt 0.250250 0.067420
vt 0.500000 0.000499
vt 0.749750 0.067420
s 0
usemtl zelena
f 368/241/129 369/242/129 370/243/129
f 368/241/130 370/243/130 373/244/130
f 373/244/131 375/245/131 376/246/131
f 376/246/132 378/247/132 379/248/132
f 379/248/132 381/249/132 382/250/132
f 376/246/132 379/248/132 382/250/132
f 382/250/132 387/251/132 388/252/132
f 376/246/132 382/250/132 388/252/132
f 373/244/130 376/246/130 388/252/130
f 368/241/133 373/244/133 388/252/133
f 391/242/134 390/241/134 389/243/134
f 389/243/135 390/241/135 386/244/135
f 385/245/136 386/244/136 384/246/136
f 383/247/137 384/246/137 380/248/137
f 377/249/137 380/248/137 374/250/137
f 380/248/137 384/246/137 374/250/137
f 372/251/137 374/250/137 371/252/137
f 374/250/137 384/246/137 371/252/137
f 384/246/135 386/244/135 371/252/135
f 386/244/138 390/241/138 371/252/138
o retezy
v 0.057842 0.255976 -0.034303
v 0.069221 0.334183 -0.006725
v 0.045305 0.255976 -0.034303
v -0.007392 3.938110 0.034576
v -0.007392 3.938111 0.022020
v 0.080443 0.334183 -0.006725
v 0.026614 0.203622 -0.052950
v -0.019389 3.868417 0.043886
v 0.019519 0.213611 -0.052950
v -0.019389 3.868418 0.031330
v -0.002058 3.938110 0.028222
v -0.025276 3.868418 0.037532
v -0.011185 0.190620 -0.060519
v -0.014054 3.868418 0.037532
v -0.011185 0.203748 -0.060519
v -0.013280 3.938111 0.028222
v -0.007392 3.938110 0.034576
v -0.007392 3.938111 0.022020
v 0.122972 4.493506 -0.000003
v 0.111749 4.493506 -0.000003
v 0.069221 0.334183 -0.006725
v -0.019389 3.868418 0.031330
v 0.080443 0.334183 -0.006725
v -0.019389 3.868417 0.043886
v 0.051149 0.255977 -0.026748
v 0.051149 0.255977 -0.040776
v 0.075108 0.334183 -0.012927
v -0.002058 3.938110 0.028222
v 0.075108 0.334183 -0.000371
v -0.025276 3.868418 0.037532
v 0.022732 0.209083 -0.044051
v 0.022712 0.209084 -0.057567
v -0.013280 3.938111 0.028222
v -0.014054 3.868418 0.037532
v -0.126655 3.775491 0.060952
v -0.126636 3.775493 0.047436
v -0.011185 0.197184 -0.053020
v -0.011185 0.197184 -0.067708
v -0.176369 3.845743 0.060352
v -0.153477 3.806073 0.059317
v -0.176369 3.845744 0.047796
v -0.153477 3.806073 0.045289
v 0.117214 4.493506 0.006365
v 0.075108 0.334183 -0.012927
v 0.117214 4.493506 -0.006191
v -0.130537 3.770030 0.052053
v -0.123442 3.780020 0.052053
v 0.075108 0.334183 -0.000371
v 0.069221 0.334183 -0.006725
v 0.057842 0.255976 -0.034303
v 0.045305 0.255976 -0.034303
v -0.181704 3.845743 0.053998
v -0.159542 3.803243 0.051762
v 0.080443 0.334183 -0.006725
v -0.148180 3.808542 0.051762
v 0.026614 0.203622 -0.052950
v 0.019519 0.213611 -0.052950
v -0.170482 3.845744 0.053998
v -0.126636 3.775493 0.047436
v -0.126655 3.775491 0.060952
v -0.176369 3.845743 0.060352
v -0.153477 3.806073 0.045289
v -0.176369 3.845744 0.047796
v -0.153477 3.806073 0.059317
v -0.123442 3.780020 0.052053
v -0.130537 3.770030 0.052053
v 0.111749 4.493506 -0.000003
v 0.122972 4.493506 -0.000003
v 0.069221 0.334183 -0.006725
v 0.080443 0.334183 -0.006725
v -0.181704 3.845743 0.053998
v -0.170482 3.845744 0.053998
v 0.051149 0.255977 -0.040776
v 0.051149 0.255977 -0.026748
v 0.075108 0.334183 -0.012927
v 0.075108 0.334183 -0.000371
v -0.148180 3.808542 0.051762
v -0.159542 3.803243 0.051762
v 0.022712 0.209084 -0.057567
v 0.022732 0.209083 -0.044051
v -0.061222 3.775757 0.055752
v -0.061242 3.775759 0.042236
v -0.019389 3.868417 0.043886
v -0.019389 3.868418 0.031330
v -0.036251 3.813514 0.051546
v -0.036251 3.813514 0.037518
v -0.064435 3.780286 0.046853
v -0.057340 3.770296 0.046853
v -0.014054 3.868417 0.037532
v -0.041631 3.815797 0.043991
v 0.075108 0.334183 -0.012927
v 0.117214 4.493506 0.006365
v 0.117214 4.493506 -0.006191
v -0.030090 3.810898 0.043991
v -0.025276 3.868418 0.037532
v 0.075108 0.334183 -0.000371
v -0.078124 0.256354 -0.034303
v -0.065586 0.256354 -0.034303
v -0.081376 0.334183 -0.006725
v -0.095139 3.763859 0.046025
v -0.092598 0.334183 -0.006725
v -0.095139 3.763859 0.060714
v -0.047173 0.204000 -0.052950
v -0.040079 0.213989 -0.052950
v -0.061242 3.775759 0.042236
v -0.061222 3.775757 0.055752
v -0.019389 3.868417 0.043886
v -0.019389 3.868418 0.031330
v -0.036251 3.813514 0.037518
v -0.036251 3.813514 0.051546
v -0.095139 3.770422 0.053214
v -0.095139 3.757294 0.053214
v -0.064435 3.780286 0.046853
v -0.057340 3.770296 0.046853
v -0.122970 4.493506 -0.000003
v -0.081376 0.334183 -0.006725
v -0.111748 4.493506 -0.000003
v -0.014054 3.868417 0.037532
v -0.041631 3.815797 0.043991
v -0.092598 0.334183 -0.006725
v -0.071431 0.256354 -0.026748
v -0.087263 0.334183 -0.012927
v -0.071431 0.256355 -0.040776
v -0.025276 3.868418 0.037532
v -0.030090 3.810898 0.043991
v -0.087263 0.334183 -0.000371
v -0.043292 0.209460 -0.044051
v -0.087263 0.334183 -0.000371
v -0.043272 0.209462 -0.057567
v -0.117213 4.493506 0.006365
v -0.117212 4.493506 -0.006191
v -0.087263 0.334183 -0.012927
v -0.043292 0.209460 -0.044051
v -0.043272 0.209462 -0.057567
v -0.087263 0.334183 -0.000371
v -0.071431 0.256354 -0.026748
v -0.087263 0.334183 -0.012927
v -0.071431 0.256355 -0.040776
v -0.117213 4.493506 0.006365
v -0.117212 4.493506 -0.006191
v -0.087263 0.334183 -0.012927
v -0.092598 0.334183 -0.006725
v -0.087263 0.334183 -0.000371
v -0.122970 4.493506 -0.000003
v -0.081376 0.334183 -0.006725
v -0.065586 0.256354 -0.034303
v -0.078124 0.256354 -0.034303
v -0.081376 0.334183 -0.006725
v -0.092598 0.334183 -0.006725
v -0.111748 4.493506 -0.000003
v -0.047173 0.204000 -0.052950
v -0.040079 0.213989 -0.052950
vn -0.0000 -0.3326 0.9431
vn -0.3089 -0.2194 0.9255
vn -0.0000 -0.3355 0.9420
vn -0.2393 -0.0000 0.9709
vn -0.1579 -0.1121 0.9811
vn -0.0001 -0.0016 1.0000
vn -0.0000 -0.0016 1.0000
vn 0.9561 -0.2929 -0.0000
vn 0.8553 -0.5182 -0.0013
vn 0.8552 -0.5182 -0.0000
vn 0.3312 -0.9435 -0.0000
vn 0.3312 -0.9436 -0.0006
vn 0.9999 -0.0101 -0.0000
vn -0.0000 0.3326 -0.9431
vn 0.3089 0.2194 -0.9255
vn -0.0000 0.3355 -0.9420
vn 0.2393 -0.0000 -0.9709
vn 0.1579 0.1121 -0.9811
vn 0.0001 0.0016 -1.0000
vn -0.0000 0.0016 -1.0000
vn -0.9561 0.2929 -0.0000
vn -0.8553 0.5182 0.0013
vn -0.8552 0.5182 -0.0000
vn -0.3312 0.9435 -0.0000
vn -0.3312 0.9436 0.0006
vn -0.9999 0.0101 -0.0000
vn -0.0000 -0.3340 0.9426
vn 0.3102 -0.2203 0.9248
vn 0.2534 -0.0000 0.9674
vn 0.1630 -0.1158 0.9798
vn 0.0001 -0.0016 1.0000
vn -0.9799 -0.1993 -0.0000
vn -0.8575 -0.5144 -0.0013
vn -0.8575 -0.5145 -0.0000
vn -0.3574 -0.9340 -0.0000
vn -0.3573 -0.9340 -0.0006
vn -1.0000 -0.0072 -0.0000
vn -0.0000 0.3340 -0.9426
vn -0.3102 0.2203 -0.9248
vn -0.2534 -0.0000 -0.9674
vn -0.1630 0.1158 -0.9798
vn -0.0001 0.0016 -1.0000
vn 0.9799 0.1993 -0.0000
vn 0.8575 0.5144 0.0013
vn 0.8575 0.5145 -0.0000
vn 0.3574 0.9340 -0.0000
vn 0.3573 0.9340 0.0006
vn 1.0000 0.0072 -0.0000
vn 0.0457 0.1077 0.9931
vn -0.0000 0.1116 0.9938
vn 0.0594 0.0422 0.9973
vn 0.0232 0.0547 0.9982
vn 0.2029 -0.0000 0.9792
vn 0.1334 0.0948 0.9865
vn 0.9559 -0.2936 -0.0000
vn 0.8338 -0.5521 -0.0013
vn 0.8341 -0.5516 -0.0000
vn 0.3309 -0.9437 -0.0006
vn -0.0457 -0.1077 -0.9931
vn -0.0000 -0.1116 -0.9938
vn -0.0594 -0.0422 -0.9973
vn -0.0232 -0.0547 -0.9982
vn -0.2029 -0.0000 -0.9792
vn -0.1334 -0.0948 -0.9865
vn -0.9559 0.2936 -0.0000
vn -0.8338 0.5521 0.0013
vn -0.8341 0.5516 -0.0000
vn -0.3309 0.9437 0.0006
vn 0.0219 -0.0469 0.9987
vn -0.0000 -0.0525 0.9986
vn -0.0065 0.0046 1.0000
vn -0.0029 0.0062 1.0000
vn -0.0410 -0.0000 0.9992
vn -0.0261 0.0186 0.9995
vn -0.8661 -0.4998 -0.0000
vn -0.7515 -0.6597 -0.0012
vn -0.7518 -0.6594 -0.0000
vn -0.3465 -0.9381 -0.0000
vn -0.3463 -0.9381 -0.0006
vn -0.0219 0.0469 -0.9987
vn -0.0000 0.0525 -0.9986
vn 0.0065 -0.0046 -1.0000
vn 0.0029 -0.0062 -1.0000
vn 0.0410 -0.0000 -0.9992
vn 0.0261 -0.0186 -0.9995
vn 0.8661 0.4998 -0.0000
vn 0.7515 0.6597 0.0012
vn 0.7518 0.6594 -0.0000
vn 0.3465 0.9380 -0.0000
vn 0.3463 0.9381 0.0006
vn -0.0000 0.1324 0.9912
vn 0.9855 -0.1696 -0.0000
vn -0.0000 -0.1324 -0.9912
vn -0.9855 0.1696 -0.0000
vt 0.852166 1.860842
vt 0.097576 5.982105
vt 0.097751 1.860861
vt 0.853205 5.982069
vt 0.850173 -0.820466
vt 0.099207 -0.818079
vt 0.852597 -3.150310
vt 0.097909 -3.150309
vt 0.853407 79.525993
vt 0.094129 79.525993
vt 0.093996 -78.077393
vt 0.853274 -78.077408
s 0
usemtl retez
f 392/253/139 393/254/139 394/255/139
f 393/254/139 392/253/139 397/256/139
f 398/257/140 394/255/140 400/258/140
f 394/255/141 398/257/141 392/253/141
f 404/259/142 400/258/142 406/260/142
f 400/258/143 404/259/143 398/257/143
f 410/261/144 411/262/144 412/263/144
f 412/263/145 414/264/145 410/261/145
f 416/253/146 417/255/146 418/254/146
f 418/254/146 420/256/146 416/253/146
f 422/257/147 423/258/147 417/255/147
f 417/255/148 416/253/148 422/257/148
f 428/259/149 429/260/149 423/258/149
f 423/258/150 422/257/150 428/259/150
f 434/261/151 435/263/151 436/262/151
f 435/263/151 434/261/151 439/264/151
f 440/254/152 441/253/152 442/255/152
f 441/253/152 440/254/152 445/256/152
f 442/255/153 447/257/153 448/258/153
f 447/257/154 442/255/154 441/253/154
f 448/258/155 404/259/155 406/260/155
f 404/259/156 448/258/156 447/257/156
f 458/262/157 459/261/157 460/263/157
f 461/264/158 460/263/158 459/261/158
f 464/255/159 465/253/159 466/254/159
f 467/256/159 466/254/159 465/253/159
f 470/258/160 471/257/160 464/255/160
f 465/253/161 464/255/161 471/257/161
f 429/260/162 428/259/162 470/258/162
f 471/257/163 470/258/163 428/259/163
f 482/263/164 483/261/164 484/262/164
f 483/261/164 482/263/164 487/264/164
f 488/253/165 489/255/165 490/254/165
f 490/254/165 492/256/165 488/253/165
f 494/257/166 495/258/166 489/255/166
f 489/255/141 488/253/141 494/257/141
f 404/259/167 406/260/167 495/258/167
f 495/258/168 494/257/168 404/259/168
f 506/261/169 507/263/169 508/262/169
f 507/263/145 506/261/145 511/264/145
f 512/253/170 513/254/170 514/255/170
f 513/254/170 512/253/170 517/256/170
f 518/257/171 514/255/171 520/258/171
f 514/255/172 518/257/172 512/253/172
f 428/259/173 520/258/173 429/260/173
f 520/258/174 428/259/174 518/257/174
f 530/261/175 531/262/175 532/263/175
f 532/263/175 534/264/175 530/261/175
f 536/254/176 537/255/176 538/253/176
f 538/253/176 540/256/176 536/254/176
f 537/255/177 543/258/177 542/257/177
f 542/257/154 538/253/154 537/255/154
f 543/258/178 406/260/178 404/259/178
f 404/259/179 542/257/179 543/258/179
f 541/262/180 539/263/180 535/261/180
f 533/264/158 535/261/158 539/263/158
f 529/255/181 528/254/181 527/253/181
f 526/256/181 527/253/181 528/254/181
f 525/258/182 529/255/182 524/257/182
f 527/253/183 524/257/183 529/255/183
f 429/260/184 525/258/184 428/259/184
f 524/257/185 428/259/185 525/258/185
f 523/263/186 522/262/186 521/261/186
f 521/261/186 519/264/186 523/263/186
f 516/253/187 515/254/187 510/255/187
f 515/254/188 516/253/188 509/256/188
f 505/257/189 510/255/189 504/258/189
f 510/255/190 505/257/190 516/253/190
f 503/259/191 504/258/191 502/260/191
f 504/258/192 503/259/192 505/257/192
f 501/253/193 500/255/193 499/254/193
f 499/254/193 498/256/193 501/253/193
f 497/257/194 496/258/194 500/255/194
f 500/255/195 501/253/195 497/257/195
f 493/259/149 491/260/149 496/258/149
f 496/258/196 497/257/196 493/259/196
f 486/254/197 485/253/197 481/255/197
f 485/253/198 486/254/198 480/256/198
f 481/255/199 479/257/199 478/258/199
f 479/257/200 481/255/200 485/253/200
f 478/258/201 503/259/201 502/260/201
f 503/259/202 478/258/202 479/257/202
f 477/255/203 476/253/203 475/254/203
f 474/256/203 475/254/203 476/253/203
f 473/258/204 472/257/204 477/255/204
f 476/253/205 477/255/205 472/257/205
f 491/260/162 493/259/162 473/258/162
f 472/257/206 473/258/206 493/259/206
f 469/253/207 468/255/207 463/254/207
f 463/254/208 462/256/208 469/253/208
f 457/257/209 456/258/209 468/255/209
f 468/255/210 469/253/210 457/257/210
f 503/259/211 502/260/211 456/258/211
f 456/258/212 457/257/212 503/259/212
f 455/253/213 454/254/213 453/255/213
f 454/254/213 455/253/213 452/256/213
f 451/257/214 453/255/214 450/258/214
f 453/255/215 451/257/215 455/253/215
f 493/259/216 450/258/216 491/260/216
f 450/258/217 493/259/217 451/257/217
f 449/254/218 446/255/218 444/253/218
f 444/253/219 443/256/219 449/254/219
f 446/255/220 438/258/220 437/257/220
f 437/257/221 444/253/221 446/255/221
f 438/258/222 502/260/222 503/259/222
f 503/259/223 437/257/223 438/258/223
f 433/255/224 432/254/224 431/253/224
f 430/256/224 431/253/224 432/254/224
f 427/258/225 433/255/225 426/257/225
f 431/253/226 426/257/226 433/255/226
f 491/260/227 427/258/227 493/259/227
f 426/257/228 493/259/228 427/258/228
f 425/253/229 424/254/229 421/255/229
f 424/254/229 425/253/229 419/256/229
f 415/253/230 413/255/230 409/254/230
f 409/254/230 408/256/230 415/253/230
f 407/254/231 405/253/231 403/255/231
f 405/253/231 407/254/231 402/256/231
f 401/255/232 399/253/232 396/254/232
f 395/256/232 396/254/232 399/253/232
o tahlo_1
v -0.050721 4.184134 0.086378
v -0.050519 4.247953 0.086378
v -0.036510 4.247909 0.086378
v -0.062670 -0.078644 0.096683
v -0.036712 4.184090 0.086378
v -0.049174 4.186315 0.096684
v -0.050721 4.184134 0.093106
v -0.036712 4.184090 0.093106
v -0.036510 4.247909 0.093106
v -0.062670 -0.078644 0.083102
v -0.050519 4.247953 0.093106
v -0.038662 4.186281 0.089893
v -0.050721 4.184134 0.086378
v -0.036712 4.184090 0.086378
v -0.036712 4.184090 0.093106
v -0.049174 4.186315 0.083103
v -0.050721 4.184134 0.093106
v -0.052158 -0.078677 0.089893
v -0.036712 4.184090 0.086378
v -0.036510 4.247909 0.086378
v -0.036510 4.247909 0.093106
v -0.050519 4.247953 0.093106
v -0.036712 4.184090 0.093106
v -0.050721 4.184134 0.093106
v -0.036510 4.247909 0.086378
v -0.050519 4.247953 0.086378
v -0.050519 4.247953 0.093106
v -0.050721 4.184134 0.086378
v -0.036510 4.247909 0.093106
v -0.050519 4.247953 0.086378
vn -0.0000 -0.0000 -1.0000
vn -0.0000 -0.0000 1.0000
vn -0.0032 -1.0000 -0.0000
vn 1.0000 -0.0032 -0.0000
vn 0.0032 1.0000 -0.0000
vn -1.0000 0.0032 -0.0000
vn 0.5426 -0.0017 -0.8400
vn 0.5426 -0.0017 0.8400
vt 0.480496 0.001070
vt 0.262636 0.001508
vt 0.262636 0.114166
vt 0.481693 0.115280
vt 0.127618 0.034106
vt 0.122727 0.045400
vt 0.122727 0.022812
vt 0.122727 0.022813
s 0
usemtl main
f 544/265/233 545/266/233 546/267/233
f 546/267/233 548/268/233 544/265/233
f 550/265/234 551/268/234 552/267/234
f 552/267/234 554/266/234 550/265/234
f 556/265/235 557/268/235 558/268/235
f 558/268/235 560/265/235 556/265/235
f 562/268/236 563/267/236 564/267/236
f 564/267/236 566/268/236 562/268/236
f 568/267/237 569/266/237 570/266/237
f 570/266/237 572/267/237 568/267/237
f 573/266/238 571/265/238 567/265/238
f 567/265/238 565/266/238 573/266/238
f 561/269/239 559/270/239 555/269/239
f 561/269/239 553/270/239 559/270/239
f 553/270/238 549/271/238 559/270/238
f 553/270/238 547/272/238 549/271/238
f 547/272/240 555/269/240 549/271/240
f 547/272/240 561/269/240 555/269/240
o tahlo_2
v -0.067498 4.182230 0.086378
v -0.069578 4.246016 0.086378
v -0.055576 4.246472 0.086378
v -0.109656 -0.270565 0.096683
v -0.053497 4.182686 0.086378
v -0.064430 4.190509 0.096684
v -0.067498 4.182230 0.093106
v -0.053497 4.182686 0.093106
v -0.055576 4.246472 0.093107
v -0.109656 -0.270565 0.083102
v -0.069578 4.246016 0.093107
v -0.053923 4.190852 0.089893
v -0.067498 4.182230 0.086378
v -0.053497 4.182686 0.086378
v -0.053497 4.182686 0.093106
v -0.064430 4.190509 0.083103
v -0.067498 4.182230 0.093106
v -0.099149 -0.270223 0.089893
v -0.053497 4.182686 0.086378
v -0.055576 4.246472 0.086378
v -0.055576 4.246472 0.093107
v -0.069578 4.246016 0.093107
v -0.053497 4.182686 0.093106
v -0.067498 4.182230 0.093106
v -0.055576 4.246472 0.086378
v -0.069578 4.246016 0.086378
v -0.069578 4.246016 0.093107
v -0.067498 4.182230 0.086378
v -0.055576 4.246472 0.093107
v -0.069578 4.246016 0.086378
vn -0.0000 -0.0000 -1.0000
vn -0.0000 -0.0000 1.0000
vn 0.0326 -0.9995 -0.0000
vn 0.9995 0.0326 -0.0000
vn -0.0326 0.9995 -0.0000
vn -0.9995 -0.0326 -0.0000
vn 0.5429 -0.0055 -0.8398
vn -0.9999 0.0101 -0.0000
vn 0.5429 -0.0055 0.8398
vt 0.472784 0.002341
vt 0.262125 0.001936
vt 0.262125 0.116362
vt 0.474276 0.114157
vt 0.074272 0.036283
vt 0.121075 0.043477
vt 0.124190 0.036283
vt 0.071157 0.043477
vt 0.121075 0.029090
vt 0.071157 0.029090
s 0
usemtl main
f 574/273/241 575/274/241 576/275/241
f 576/275/241 578/276/241 574/273/241
f 580/273/242 581/276/242 582/275/242
f 582/275/242 584/274/242 580/273/242
f 586/273/243 587/276/243 588/276/243
f 588/276/243 590/273/243 586/273/243
f 592/276/244 593/275/244 594/275/244
f 594/275/244 596/276/244 592/276/244
f 598/275/245 599/274/245 600/274/245
f 600/274/245 602/275/245 598/275/245
f 603/274/246 601/273/246 597/273/246
f 597/273/246 595/274/246 603/274/246
f 591/277/247 589/278/247 585/279/247
f 591/277/247 583/280/247 589/278/247
f 583/280/248 579/281/248 589/278/248
f 583/280/248 577/282/248 579/281/248
f 577/282/249 585/279/249 579/281/249
f 577/282/249 591/277/249 585/279/249
o tahlo_3
v 0.226498 4.346920 0.078260
v 0.225012 4.345534 0.074322
v 0.229471 4.349692 0.078260
v -0.015311 4.603249 0.082198
v 0.225012 4.345534 0.082198
v -0.015311 4.603249 0.074322
v -0.010852 4.607407 0.078260
v -0.013824 4.604635 0.078260
v 0.225012 4.345534 0.082198
v 0.229471 4.349692 0.078260
v -0.015311 4.603249 0.074322
v -0.010852 4.607407 0.078260
v -0.015311 4.603249 0.082198
v 0.225012 4.345534 0.074322
vn 0.6820 -0.7313 -0.0001
vn 0.6820 -0.7314 -0.0000
vn 0.6820 -0.7313 0.0001
vn 0.3968 0.3700 -0.8400
vn -0.7314 -0.6820 -0.0000
vn 0.3968 0.3700 0.8400
vn -0.6820 0.7313 -0.0000
vn -0.6820 0.7314 -0.0000
vt 0.111284 0.051002
vt 0.109334 0.064513
vt 0.115185 0.051002
vt 0.109334 0.037492
s 0
usemtl main
f 604/283/250 605/284/250 606/285/250
f 604/283/251 608/286/251 605/284/251
f 604/283/252 606/285/252 608/286/252
f 613/285/253 614/284/253 615/285/253
f 613/285/253 617/284/253 614/284/253
f 617/284/254 616/286/254 614/284/254
f 617/284/254 612/286/254 616/286/254
f 612/286/255 615/285/255 616/286/255
f 612/286/255 613/285/255 615/285/255
f 611/283/256 610/285/256 609/284/256
f 611/283/257 609/284/257 607/286/257
f 611/283/256 607/286/256 610/285/256
o rameno_2
v 0.131086 3.493361 0.109880
v 0.149570 4.620329 0.109880
v 0.149580 4.620328 0.121079
v -0.012092 3.841501 0.121238
v 0.131095 3.493361 0.121079
v -0.012441 3.801477 0.121238
v -0.019680 4.623289 0.110061
v -0.038165 3.496321 0.110061
v -0.038155 3.496320 0.121260
v -0.012675 3.774695 0.121237
v -0.019671 4.623288 0.121260
v 0.111943 3.773607 0.121104
v 0.123078 4.525142 0.121106
v 0.123754 4.563775 0.121106
v -0.000950 4.565954 0.121239
v 0.112177 3.800400 0.121104
v -0.001626 4.527323 0.121239
v 0.112140 3.800401 0.121104
v 0.149580 4.620328 0.121079
v 0.149570 4.620329 0.109880
v 0.131086 3.493361 0.109880
v -0.012441 3.801488 0.121238
v 0.131095 3.493361 0.121079
v -0.012092 3.841483 0.121238
v -0.038155 3.496320 0.121260
v -0.038165 3.496321 0.110061
v -0.019680 4.623289 0.110061
v 0.112435 3.840397 0.121105
v -0.019671 4.623288 0.121260
v 0.112463 3.840396 0.121104
v 0.041816 3.660421 -0.047739
v 0.022608 3.649775 -0.047718
v 0.022679 3.649773 0.120917
v 0.113005 3.907185 0.121105
v 0.041887 3.660420 0.120896
v 0.113109 3.907183 0.121105
v 0.113170 3.933978 0.121106
v 0.022224 3.627816 -0.047718
v 0.022295 3.627815 0.120917
v 0.112526 3.840395 0.121104
v 0.112654 3.867189 0.121105
v 0.112632 3.867189 0.121105
v -0.011858 3.868276 0.121238
v 0.041048 3.616505 -0.047739
v 0.041119 3.616504 0.120896
v 0.112926 3.907185 0.121105
v -0.011509 3.908271 0.121238
v 0.112940 3.907185 0.121105
v 0.113132 3.933978 0.121106
v 0.060256 3.627151 -0.047759
v 0.060327 3.627150 0.120876
v 0.113124 3.933978 0.121106
v -0.011509 3.908301 0.121238
v -0.011275 3.935064 0.121238
v -0.003250 4.434406 0.121239
v 0.060640 3.649110 -0.047759
v 0.060712 3.649108 0.120876
v -0.003926 4.395774 0.121239
v -0.004400 4.368631 0.121239
v -0.005076 4.329999 0.121239
v -0.006700 4.237083 0.121239
v -0.007376 4.198451 0.121239
v -0.007851 4.171309 0.121239
v -0.008526 4.132677 0.121239
v -0.009001 4.105534 0.121239
v -0.009676 4.066902 0.121239
v 0.113402 3.971805 0.121106
v 0.131095 3.493361 0.121079
v 0.149580 4.620328 0.121079
v 0.113877 3.998947 0.121106
v -0.010151 4.039760 0.121239
v -0.038155 3.496320 0.121260
v 0.114552 4.037579 0.121106
v -0.011301 3.973985 0.121239
v -0.010827 4.001128 0.121239
v 0.115027 4.064722 0.121106
v -0.006226 4.264225 0.121239
v -0.005550 4.302857 0.121239
v 0.115702 4.103354 0.121106
v -0.002100 4.500180 0.121239
v -0.002776 4.461548 0.121239
v 0.116177 4.130496 0.121106
v 0.122604 4.498000 0.121106
v 0.121928 4.459367 0.121106
v 0.116853 4.169128 0.121106
v 0.121454 4.432225 0.121106
v 0.120778 4.393594 0.121106
v 0.117327 4.196270 0.121106
v 0.120303 4.366451 0.121106
v 0.119628 4.327819 0.121106
v 0.118003 4.234902 0.121106
v 0.119153 4.300677 0.121106
v -0.000475 4.593097 0.121239
v 0.118478 4.262045 0.121106
v -0.019671 4.623288 0.121260
v 0.124228 4.590916 0.121106
v 0.124228 4.590916 0.121106
v 0.118478 4.262045 0.121106
v -0.019671 4.623288 0.121260
v 0.118003 4.234902 0.121106
v -0.000475 4.593097 0.121239
v 0.117327 4.196270 0.121106
v 0.119153 4.300677 0.121106
v 0.116853 4.169128 0.121106
v 0.116177 4.130496 0.121106
v 0.119628 4.327819 0.121106
v 0.115702 4.103354 0.121106
v 0.115027 4.064722 0.121106
v 0.120303 4.366451 0.121106
v 0.114552 4.037579 0.121106
v 0.113877 3.998947 0.121106
v 0.120778 4.393594 0.121106
v 0.149580 4.620328 0.121079
v 0.113402 3.971805 0.121106
v 0.121454 4.432225 0.121106
v 0.131095 3.493361 0.121079
v -0.001626 4.527323 0.121239
v 0.121928 4.459367 0.121106
v -0.000950 4.565954 0.121239
v 0.123078 4.525142 0.121106
v 0.122604 4.498000 0.121106
v 0.123754 4.563775 0.121106
v -0.038155 3.496320 0.121260
v 0.131095 3.493361 0.121079
v -0.038165 3.496321 0.110061
v 0.131086 3.493361 0.109880
v -0.038155 3.496320 0.121260
v 0.131095 3.493361 0.121079
v 0.131086 3.493361 0.109880
v -0.038165 3.496321 0.110061
v -0.033385 3.763528 0.122765
v 0.134245 3.762065 0.122765
v -0.002100 4.500180 0.121239
v -0.002776 4.461548 0.121239
v 0.133720 3.701854 0.122765
v -0.033911 3.703316 0.122765
v -0.012092 3.841501 0.121238
v -0.012441 3.801477 0.121238
v -0.012675 3.774695 0.121237
v 0.111943 3.773607 0.121104
v -0.005550 4.302857 0.121239
v 0.112177 3.800400 0.121104
v -0.006226 4.264225 0.121239
v 0.112140 3.800401 0.121104
v -0.011301 3.973985 0.121239
v -0.010827 4.001128 0.121239
v -0.012441 3.801488 0.121238
v -0.012092 3.841483 0.121238
v -0.038155 3.496320 0.121260
v 0.112435 3.840397 0.121105
v 0.112463 3.840396 0.121104
v -0.010151 4.039760 0.121239
v 0.113005 3.907185 0.121105
v 0.113109 3.907183 0.121105
v 0.113170 3.933978 0.121106
v 0.112526 3.840395 0.121104
v 0.112654 3.867189 0.121105
v -0.009676 4.066902 0.121239
v 0.112632 3.867189 0.121105
v -0.011858 3.868276 0.121238
v -0.011509 3.908271 0.121238
v 0.112926 3.907185 0.121105
v 0.112940 3.907185 0.121105
v -0.009001 4.105534 0.121239
v 0.113132 3.933978 0.121106
v 0.113124 3.933978 0.121106
v -0.011509 3.908301 0.121238
v -0.011275 3.935064 0.121238
v -0.003250 4.434406 0.121239
v -0.008526 4.132677 0.121239
v -0.003926 4.395774 0.121239
v -0.004400 4.368631 0.121239
v -0.005076 4.329999 0.121239
v -0.006700 4.237083 0.121239
v -0.007376 4.198451 0.121239
v -0.007851 4.171309 0.121239
vn 0.9999 -0.0164 -0.0008
vn 0.9999 -0.0164 -0.0009
vn -0.9999 0.0164 0.0008
vn 0.0011 -0.0000 1.0000
vn -0.9999 0.0164 0.0009
vn -0.4848 0.8746 0.0002
vn -0.9998 0.0175 0.0004
vn -0.5151 -0.8572 0.0002
vn 0.4848 -0.8746 -0.0002
vn 0.9998 -0.0175 -0.0004
vn 0.5151 0.8571 -0.0002
vn 0.0010 -0.0000 1.0000
vn 0.0009 -0.0000 1.0000
vn 0.0013 -0.0000 1.0000
vn -0.0000 -0.0000 -1.0000
vn -0.0000 -0.0000 1.0000
vn -0.0021 -0.0000 -1.0000
vn 0.0029 -0.0000 1.0000
vn -0.0009 -0.0000 -1.0000
vn -0.0222 0.0002 -0.9998
vn 0.0012 -0.0000 1.0000
vn -0.0027 -0.0000 1.0000
vn 0.0008 -0.0000 1.0000
vn -0.0175 -0.9998 -0.0000
vn 0.0175 0.9998 -0.0000
vn -0.0011 -0.0000 -1.0000
vn -0.0010 -0.0000 -1.0000
vn -0.0013 -0.0000 -1.0000
vn 0.0021 -0.0000 1.0000
vn -0.0029 -0.0000 -1.0000
vn 0.0222 -0.0002 0.9998
vn -0.0012 -0.0000 -1.0000
vn 0.0027 -0.0000 -1.0000
vn -0.0008 -0.0000 -1.0000
vt 0.015456 0.648019
vt 0.971749 0.648008
vt 0.971749 0.664974
vt 0.015456 0.664985
vt 0.893711 0.927319
vt 0.926949 0.927319
vt 0.926944 0.637697
vt 0.893706 0.637697
vt 0.102017 0.041716
vt 0.100935 0.041716
vt 0.100935 0.082890
vt 0.102017 0.082890
vt 0.109324 0.056147
vt 0.093114 0.058487
vt 0.093052 0.058487
vt 0.109262 0.056147
vt 0.093114 0.063166
vt 0.093052 0.063166
vt 0.109324 0.065506
vt 0.109262 0.065506
vt 0.125534 0.063166
vt 0.125472 0.063166
vt 0.125534 0.058487
vt 0.125472 0.058487
vt 0.417634 0.927323
vt 0.011050 0.987830
vt 0.975982 0.984984
vt 0.440986 0.927323
vt 0.474224 0.927323
vt 0.497576 0.927323
vt 0.530815 0.927322
vt 0.554167 0.927322
vt 0.587406 0.927322
vt 0.610758 0.927321
vt 0.643996 0.927321
vt 0.667348 0.927321
vt 0.950302 0.927318
vt 0.975975 0.591903
vt 0.950297 0.637697
vt 0.700587 0.927321
vt 0.723939 0.927320
vt 0.757177 0.927320
vt 0.780530 0.927320
vt 0.813767 0.927320
vt 0.837121 0.927319
vt 0.870358 0.927319
vt 0.870353 0.637698
vt 0.837115 0.637698
vt 0.700582 0.637699
vt 0.667343 0.637699
vt 0.417629 0.637701
vt 0.440980 0.637700
vt 0.011043 0.594748
vt 0.474219 0.637700
vt 0.497571 0.637700
vt 0.530810 0.637700
vt 0.554162 0.637700
vt 0.587401 0.637700
vt 0.610752 0.637700
vt 0.643991 0.637700
vt 0.723934 0.637699
vt 0.757171 0.637699
vt 0.780525 0.637698
vt 0.813762 0.637698
vt 0.384151 0.639342
vt 0.361129 0.639887
vt 0.385094 0.928212
vt 0.385094 0.928231
vt 0.362047 0.928874
vt 0.362046 0.928843
vt 0.361103 0.639888
vt 0.326698 0.640702
vt 0.327641 0.929782
vt 0.327641 0.929835
vt 0.304594 0.930624
vt 0.385095 0.928319
vt 0.362047 0.929265
vt 0.362047 0.929025
vt 0.304594 0.930478
vt 0.304594 0.930412
vt 0.303650 0.641246
vt 0.269243 0.642060
vt 0.270187 0.931353
vt 0.270187 0.931437
vt 0.247139 0.931983
vt 0.246195 0.642605
vt 0.269235 0.642060
vt 0.303665 0.641246
vt 0.110807 0.594574
vt 0.110813 0.981057
vt 0.164068 0.981056
vt 0.164061 0.594574
vt 0.122615 0.083080
vt 0.097536 0.083080
vt 0.124325 0.019745
vt 0.124325 0.022368
vt 0.090470 0.019745
vt 0.090470 0.022368
vt 0.131397 0.091995
vt 0.124325 0.059922
vt 0.131065 0.015878
vt 0.124325 0.058080
vt 0.124325 0.055458
vt 0.124325 0.053616
vt 0.124325 0.050994
vt 0.124325 0.049152
vt 0.124325 0.046530
vt 0.124325 0.044688
vt 0.124325 0.042066
vt 0.124325 0.040224
vt 0.124325 0.017903
vt 0.085117 0.015878
vt 0.090470 0.017903
vt 0.124325 0.037602
vt 0.124325 0.035760
vt 0.124325 0.033137
vt 0.124325 0.031295
vt 0.124325 0.028674
vt 0.124325 0.026831
vt 0.124325 0.024210
vt 0.090470 0.026831
vt 0.090470 0.024210
vt 0.090470 0.037602
vt 0.090470 0.040224
vt 0.090470 0.058080
vt 0.090470 0.059922
vt 0.085449 0.091995
vt 0.090470 0.055458
vt 0.090470 0.053616
vt 0.090470 0.050994
vt 0.090470 0.049152
vt 0.090470 0.046530
vt 0.090470 0.044688
vt 0.090470 0.042066
vt 0.090470 0.035760
vt 0.090470 0.033137
vt 0.090470 0.031295
vt 0.090470 0.028674
vt 0.090662 0.062563
vt 0.090726 0.064379
vt 0.124428 0.062489
vt 0.124430 0.062489
vt 0.124506 0.064307
vt 0.090726 0.064381
vt 0.124502 0.064307
vt 0.090821 0.067095
vt 0.124612 0.067021
vt 0.124618 0.067021
vt 0.124710 0.068839
vt 0.124441 0.062489
vt 0.124551 0.064307
vt 0.124523 0.064307
vt 0.124693 0.068839
vt 0.124686 0.068839
vt 0.090885 0.068913
vt 0.090979 0.071627
vt 0.124795 0.071553
vt 0.124805 0.071553
vt 0.124869 0.073371
vt 0.091043 0.073445
vt 0.090980 0.071628
vt 0.090885 0.068912
s 0
usemtl main
f 618/287/258 619/288/258 620/289/258
f 620/289/259 622/290/259 618/287/259
f 624/288/260 625/287/260 626/290/260
f 626/290/260 628/289/260 624/288/260
f 630/291/261 631/292/261 632/293/261
f 632/293/261 634/294/261 630/291/261
f 636/295/260 637/296/260 638/297/260
f 638/297/262 640/298/262 636/295/262
f 642/298/258 643/297/258 644/296/258
f 644/296/258 646/295/258 642/298/258
f 648/299/263 649/300/263 650/301/263
f 650/301/263 652/302/263 648/299/263
f 649/300/264 655/303/264 656/304/264
f 656/304/264 650/301/264 649/300/264
f 655/303/265 661/305/265 662/306/265
f 662/306/265 656/304/265 655/303/265
f 661/305/266 667/307/266 668/308/266
f 668/308/266 662/306/266 661/305/266
f 667/307/267 673/309/267 674/310/267
f 674/310/267 668/308/267 667/307/267
f 673/309/268 648/299/268 652/302/268
f 652/302/268 674/310/268 673/309/268
f 684/311/269 685/312/269 686/313/269
f 687/314/261 684/311/261 686/313/261
f 690/315/261 687/314/261 686/313/261
f 693/316/261 690/315/261 686/313/261
f 696/317/261 693/316/261 686/313/261
f 699/318/261 696/317/261 686/313/261
f 702/319/261 699/318/261 686/313/261
f 705/320/261 702/319/261 686/313/261
f 708/321/261 705/320/261 686/313/261
f 711/322/261 708/321/261 686/313/261
f 714/323/261 686/313/261 716/324/261
f 716/324/261 718/325/261 714/323/261
f 720/326/261 711/322/261 686/313/261
f 723/327/261 720/326/261 686/313/261
f 726/328/261 723/327/261 686/313/261
f 729/329/261 726/328/261 686/313/261
f 732/330/261 729/329/261 686/313/261
f 735/331/261 732/330/261 686/313/261
f 738/332/261 735/331/261 686/313/261
f 630/291/261 738/332/261 686/313/261
f 631/292/261 630/291/261 686/313/261
f 714/323/261 631/292/261 686/313/261
f 750/333/261 751/334/261 735/331/261
f 735/331/261 738/332/261 750/333/261
f 711/322/261 720/326/261 758/335/261
f 758/335/261 760/336/261 711/322/261
f 762/337/261 763/338/261 716/324/261
f 716/324/261 766/339/261 762/337/261
f 690/315/261 769/340/261 763/338/261
f 763/338/261 687/314/261 690/315/261
f 769/340/261 775/341/261 716/324/261
f 716/324/261 763/338/261 769/340/261
f 696/317/261 781/342/261 775/341/261
f 775/341/261 693/316/261 696/317/261
f 781/342/261 787/343/261 716/324/261
f 716/324/261 775/341/261 781/342/261
f 702/319/261 793/344/261 787/343/261
f 787/343/261 699/318/261 702/319/261
f 793/344/261 792/345/261 716/324/261
f 716/324/261 787/343/261 793/344/261
f 791/346/261 792/345/261 705/320/261
f 705/320/261 708/321/261 791/346/261
f 758/335/261 790/347/261 716/324/261
f 760/336/261 758/335/261 716/324/261
f 791/346/261 760/336/261 716/324/261
f 791/346/261 716/324/261 792/345/261
f 789/348/261 790/347/261 723/327/261
f 723/327/261 726/328/261 789/348/261
f 789/348/261 788/349/261 716/324/261
f 716/324/261 790/347/261 789/348/261
f 786/350/261 788/349/261 729/329/261
f 729/329/261 732/330/261 786/350/261
f 632/293/261 718/325/261 716/324/261
f 634/294/261 632/293/261 716/324/261
f 750/333/261 634/294/261 716/324/261
f 751/334/261 750/333/261 716/324/261
f 786/350/261 751/334/261 716/324/261
f 786/350/261 716/324/261 788/349/261
f 785/351/261 762/337/261 766/339/261
f 784/352/270 785/351/270 766/339/270
f 684/311/261 762/337/261 785/351/261
f 684/311/261 785/351/261 783/353/261
f 685/312/271 684/311/271 783/353/271
f 783/353/272 782/354/272 780/355/272
f 779/356/261 778/357/261 777/358/261
f 779/356/261 777/358/261 776/359/261
f 780/355/273 779/356/273 776/359/273
f 776/359/272 774/360/272 773/361/272
f 773/361/274 772/362/274 771/363/274
f 776/359/275 773/361/275 771/363/275
f 780/355/273 776/359/273 771/363/273
f 783/353/273 780/355/273 771/363/273
f 685/312/270 783/353/270 771/363/270
f 771/363/272 770/364/272 772/362/272
f 685/312/276 771/363/276 772/362/276
f 772/362/272 773/361/272 768/365/272
f 772/362/277 768/365/277 767/366/277
f 685/312/261 772/362/261 767/366/261
f 767/366/261 765/367/261 764/368/261
f 767/366/261 764/368/261 761/369/261
f 685/312/269 767/366/269 761/369/269
f 761/369/272 759/370/272 757/371/272
f 685/312/278 761/369/278 757/371/278
f 766/339/261 685/312/261 757/371/261
f 766/339/261 757/371/261 756/372/261
f 756/372/279 755/373/279 764/368/279
f 766/339/271 756/372/271 764/368/271
f 766/339/269 764/368/269 765/367/269
f 766/339/280 765/367/280 754/374/280
f 766/339/269 754/374/269 777/358/269
f 766/339/278 777/358/278 778/357/278
f 784/352/280 766/339/280 778/357/280
f 753/375/273 752/376/273 749/377/273
f 749/377/273 748/378/273 753/375/273
f 747/339/281 746/312/281 745/312/281
f 745/312/281 744/339/281 747/339/281
f 743/379/282 742/380/282 741/379/282
f 740/380/282 741/379/282 742/380/282
f 739/381/283 737/382/283 736/383/283
f 734/384/283 736/383/283 737/382/283
f 733/385/284 731/386/284 730/387/284
f 731/386/283 728/388/283 730/387/283
f 728/388/283 727/389/283 730/387/283
f 727/389/283 725/390/283 730/387/283
f 725/390/283 724/391/283 730/387/283
f 724/391/283 722/392/283 730/387/283
f 722/392/283 721/393/283 730/387/283
f 721/393/283 719/394/283 730/387/283
f 719/394/283 717/395/283 730/387/283
f 717/395/283 715/396/283 730/387/283
f 730/387/283 713/397/283 712/398/283
f 710/399/283 712/398/283 713/397/283
f 715/396/283 709/400/283 730/387/283
f 709/400/283 707/401/283 730/387/283
f 707/401/283 706/402/283 730/387/283
f 706/402/283 704/403/283 730/387/283
f 704/403/283 703/404/283 730/387/283
f 703/404/283 701/405/283 730/387/283
f 701/405/283 700/406/283 730/387/283
f 700/406/283 737/382/283 730/387/283
f 737/382/283 739/381/283 730/387/283
f 739/381/283 713/397/283 730/387/283
f 698/407/283 697/408/283 701/405/283
f 700/406/283 701/405/283 697/408/283
f 709/400/283 715/396/283 695/409/283
f 694/410/283 695/409/283 715/396/283
f 692/411/283 691/412/283 712/398/283
f 689/413/283 712/398/283 691/412/283
f 688/414/283 727/389/283 692/411/283
f 728/388/283 692/411/283 727/389/283
f 683/415/283 688/414/283 712/398/283
f 692/411/283 712/398/283 688/414/283
f 682/416/283 724/391/283 683/415/283
f 725/390/283 683/415/283 724/391/283
f 681/417/283 682/416/283 712/398/283
f 683/415/283 712/398/283 682/416/283
f 680/418/283 721/393/283 681/417/283
f 722/392/283 681/417/283 721/393/283
f 679/419/283 680/418/283 712/398/283
f 681/417/283 712/398/283 680/418/283
f 679/419/283 678/420/283 719/394/283
f 717/395/283 719/394/283 678/420/283
f 677/421/283 695/409/283 712/398/283
f 695/409/283 694/410/283 712/398/283
f 694/410/283 678/420/283 712/398/283
f 712/398/283 678/420/283 679/419/283
f 677/421/283 676/422/283 707/401/283
f 706/402/283 707/401/283 676/422/283
f 675/423/283 676/422/283 712/398/283
f 677/421/283 712/398/283 676/422/283
f 675/423/283 672/424/283 704/403/283
f 703/404/283 704/403/283 672/424/283
f 710/399/283 736/383/283 712/398/283
f 736/383/283 734/384/283 712/398/283
f 734/384/283 697/408/283 712/398/283
f 697/408/283 698/407/283 712/398/283
f 698/407/283 672/424/283 712/398/283
f 712/398/283 672/424/283 675/423/283
f 691/412/283 671/425/283 689/413/283
f 671/425/276 670/426/276 689/413/276
f 691/412/283 731/386/283 671/425/283
f 671/425/283 731/386/283 669/427/283
f 731/386/285 733/385/285 669/427/285
f 666/428/273 669/427/273 665/429/273
f 664/430/283 663/431/283 660/432/283
f 660/432/283 663/431/283 659/433/283
f 663/431/272 665/429/272 659/433/272
f 658/434/273 659/433/273 657/435/273
f 654/436/286 657/435/286 653/437/286
f 657/435/287 659/433/287 653/437/287
f 659/433/272 665/429/272 653/437/272
f 665/429/272 669/427/272 653/437/272
f 669/427/276 733/385/276 653/437/276
f 651/438/273 653/437/273 654/436/273
f 657/435/273 654/436/273 647/439/273
f 647/439/288 654/436/288 645/440/288
f 654/436/283 733/385/283 645/440/283
f 641/441/283 645/440/283 639/442/283
f 639/442/283 645/440/283 635/443/283
f 645/440/284 733/385/284 635/443/284
f 633/444/273 635/443/273 629/445/273
f 635/443/289 733/385/289 629/445/289
f 733/385/283 689/413/283 629/445/283
f 629/445/283 689/413/283 627/446/283
f 623/447/290 627/446/290 639/442/290
f 627/446/285 689/413/285 639/442/285
f 639/442/284 689/413/284 641/441/284
f 641/441/291 689/413/291 621/448/291
f 621/448/284 689/413/284 660/432/284
f 660/432/289 689/413/289 664/430/289
f 689/413/291 670/426/291 664/430/291
o drzak_clonek_2
v 0.208675 3.222845 0.052062
v 0.216642 3.255567 0.052069
v 0.213460 3.220227 0.052054
v 0.254133 3.348333 0.052102
v 0.256821 3.343914 0.052112
v 0.219976 3.338334 0.052095
v 0.219976 3.338334 0.052095
v 0.185397 3.346754 0.052085
v 0.159659 3.371335 0.052084
v 0.149661 3.405491 0.052102
v 0.158080 3.440071 0.052107
v 0.182662 3.465808 0.052112
v 0.216818 3.475806 0.052116
v 0.207180 3.287888 0.052078
v 0.251398 3.467387 0.052117
v 0.277135 3.442806 0.052116
v 0.287133 3.408649 0.052112
v 0.185397 3.346754 0.052085
v 0.254133 3.348333 0.052102
v 0.182825 3.311149 0.052078
v 0.278714 3.374070 0.052107
v 0.219976 3.338334 0.052095
v 0.185397 3.346754 0.052085
v 0.159659 3.371335 0.052084
v 0.159659 3.371335 0.052084
v 0.150104 3.319116 0.052065
v 0.149661 3.405491 0.052102
v 0.158080 3.440071 0.052107
v 0.153515 3.343565 0.052079
v 0.182662 3.465808 0.052112
v 0.216818 3.475806 0.052116
v 0.251398 3.467387 0.052117
v 0.283251 3.371588 0.052112
v 0.277135 3.442806 0.052116
v 0.287133 3.408649 0.052112
v 0.149661 3.405491 0.052102
v 0.278714 3.374070 0.052107
v 0.144491 3.405372 0.052112
v 0.254133 3.348333 0.052102
v 0.185414 3.198490 0.052057
v 0.188249 3.193831 0.052054
v 0.158080 3.440071 0.052107
v 0.153092 3.189029 0.052053
v 0.153543 3.442553 0.052112
v 0.153217 3.183576 0.052054
v 0.120370 3.196996 0.052051
v 0.117752 3.192211 0.052054
v 0.182662 3.465808 0.052112
v 0.096016 3.220257 0.052050
v 0.179974 3.470226 0.052112
v 0.091357 3.217422 0.052054
v 0.086555 3.252578 0.052052
v 0.081102 3.252453 0.052054
v 0.216818 3.475806 0.052116
v 0.094522 3.285300 0.052056
v 0.216699 3.480976 0.052112
v 0.089737 3.287918 0.052054
v 0.117782 3.309655 0.052061
v 0.106358 3.342670 0.052054
v 0.251398 3.467387 0.052117
v 0.278714 3.374070 0.052107
v 0.253880 3.471924 0.052112
v 0.287133 3.408649 0.052112
v 0.292303 3.408767 0.052112
v 0.281553 3.445494 0.052112
v 0.277135 3.442806 0.052116
v 0.277135 3.442806 0.052116
v 0.281553 3.445494 0.052112
v 0.253880 3.471924 0.052112
v 0.251398 3.467387 0.052117
v 0.292303 3.408767 0.052112
v 0.216699 3.480976 0.052112
v 0.216818 3.475806 0.052116
v 0.179974 3.470226 0.052112
v 0.287133 3.408649 0.052112
v 0.182662 3.465808 0.052112
v 0.153543 3.442553 0.052112
v 0.158080 3.440071 0.052107
v 0.144491 3.405372 0.052112
v 0.149661 3.405491 0.052102
v 0.278714 3.374070 0.052107
v 0.283251 3.371588 0.052112
v 0.153515 3.343565 0.052079
v 0.150104 3.319116 0.052065
v 0.159659 3.371335 0.052084
v 0.182825 3.311149 0.052078
v 0.106358 3.342670 0.052054
v 0.185397 3.346754 0.052085
v 0.117782 3.309655 0.052061
v 0.207180 3.287888 0.052078
v 0.219976 3.338334 0.052095
v 0.254133 3.348333 0.052102
v 0.089737 3.287918 0.052054
v 0.256821 3.343914 0.052112
v 0.094522 3.285300 0.052056
v 0.213460 3.220227 0.052054
v 0.208675 3.222845 0.052062
v 0.216642 3.255567 0.052069
v 0.081102 3.252453 0.052054
v 0.185414 3.198490 0.052057
v 0.086555 3.252578 0.052052
v 0.188249 3.193831 0.052054
v 0.153092 3.189029 0.052053
v 0.153217 3.183576 0.052054
v 0.091357 3.217422 0.052054
v 0.120370 3.196996 0.052051
v 0.096016 3.220257 0.052050
v 0.117752 3.192211 0.052054
vn -0.0015 0.0006 -1.0000
vn 0.0008 -0.0019 -1.0000
vn 0.0004 0.0003 -1.0000
vn -0.0025 -0.0002 1.0000
vn 0.0001 0.0003 -1.0000
vn 0.0004 0.0002 -1.0000
vn 0.0002 0.0002 -1.0000
vn 0.0005 0.0003 -1.0000
vn -0.0049 0.0013 -1.0000
vn 0.0015 -0.0015 -1.0000
vn -0.0007 0.0003 -1.0000
vn -0.0020 0.0002 -1.0000
vn -0.0020 0.0006 -1.0000
vn -0.0011 0.0003 -1.0000
vn -0.0007 0.0009 -1.0000
vn -0.0001 0.0001 -1.0000
vn 0.0001 0.0002 -1.0000
vn 0.0002 -0.0006 -1.0000
vn -0.0001 -0.0006 -1.0000
vn -0.0002 -0.0008 -1.0000
vn -0.0006 -0.0006 -1.0000
vn -0.0004 -0.0004 -1.0000
vn -0.0006 -0.0002 -1.0000
vn 0.0001 0.0001 -1.0000
vn 0.0001 -0.0000 -1.0000
vn 0.0012 -0.0001 -1.0000
vn 0.0009 -0.0006 -1.0000
vn 0.0005 0.0005 -1.0000
vn 0.0002 -0.0001 -1.0000
vn 0.0003 -0.0001 -1.0000
vn 0.0004 -0.0002 -1.0000
vn 0.0005 -0.0001 -1.0000
vn -0.0003 0.0002 -1.0000
vn -0.0003 -0.0001 -1.0000
vn -0.0007 -0.0001 -1.0000
vn -0.0005 -0.0005 -1.0000
vn -0.0000 -0.0001 -1.0000
vn -0.0001 0.0007 -1.0000
vn -0.0005 0.0005 -1.0000
vn -0.0011 0.0013 -1.0000
vn 0.0015 -0.0006 1.0000
vn -0.0008 0.0019 1.0000
vn -0.0004 -0.0003 1.0000
vn 0.0025 0.0002 -1.0000
vn -0.0001 -0.0003 1.0000
vn -0.0004 -0.0002 1.0000
vn -0.0002 -0.0002 1.0000
vn -0.0005 -0.0003 1.0000
vn 0.0049 -0.0013 1.0000
vn -0.0015 0.0015 1.0000
vn 0.0007 -0.0003 1.0000
vn 0.0020 -0.0002 1.0000
vn 0.0020 -0.0006 1.0000
vn 0.0011 -0.0003 1.0000
vn 0.0007 -0.0009 1.0000
vn 0.0001 -0.0001 1.0000
vn -0.0001 -0.0002 1.0000
vn -0.0002 0.0006 1.0000
vn 0.0001 0.0006 1.0000
vn 0.0002 0.0008 1.0000
vn 0.0006 0.0006 1.0000
vn 0.0004 0.0004 1.0000
vn 0.0006 0.0002 1.0000
vn -0.0001 -0.0001 1.0000
vn -0.0001 -0.0000 1.0000
vn -0.0012 0.0001 1.0000
vn -0.0009 0.0006 1.0000
vn -0.0005 -0.0005 1.0000
vn -0.0002 0.0001 1.0000
vn -0.0003 0.0001 1.0000
vn -0.0004 0.0002 1.0000
vn -0.0005 0.0001 1.0000
vn 0.0003 -0.0002 1.0000
vn 0.0003 0.0001 1.0000
vn 0.0007 0.0001 1.0000
vn 0.0005 0.0005 1.0000
vn -0.0000 0.0001 1.0000
vn 0.0001 -0.0007 1.0000
vn 0.0005 -0.0005 1.0000
vn 0.0011 -0.0013 1.0000
vn -0.0003 -0.0006 1.0000
vn -0.0003 0.0002 1.0000
vn 0.0003 0.0006 -1.0000
vn 0.0003 -0.0002 -1.0000
vt 0.100972 0.036862
vt 0.103086 0.049651
vt 0.102117 0.035790
vt 0.121000 0.076306
vt 0.121627 0.074545
vt 0.109745 0.072320
vt 0.100972 0.062439
vt 0.102306 0.077762
vt 0.095197 0.071801
vt 0.096204 0.088383
vt 0.087308 0.075227
vt 0.094335 0.079709
vt 0.128189 0.085183
vt 0.093745 0.104082
vt 0.092491 0.104082
vt 0.095979 0.117597
vt 0.094893 0.118614
vt 0.102082 0.127491
vt 0.101455 0.129251
vt 0.110418 0.131112
vt 0.110418 0.133145
vt 0.120776 0.127491
vt 0.121403 0.129251
vt 0.126879 0.117597
vt 0.127965 0.118614
vt 0.130366 0.104082
vt 0.129112 0.104082
vt 0.127103 0.086199
vt 0.076834 0.084881
vt 0.079420 0.071801
vt 0.072499 0.063511
vt 0.073645 0.062439
vt 0.070209 0.049651
vt 0.071531 0.049651
vt 0.072499 0.035790
vt 0.073645 0.036862
vt 0.078758 0.025643
vt 0.079420 0.027500
vt 0.087308 0.021929
vt 0.087308 0.024074
vt 0.095858 0.025643
vt 0.095197 0.027500
vt 0.117274 0.046838
vt 0.119985 0.051037
vt 0.120978 0.056773
vt 0.119985 0.062509
vt 0.117274 0.066708
vt 0.113569 0.068245
vt 0.109865 0.066708
vt 0.107153 0.062509
vt 0.106160 0.056773
vt 0.107153 0.051037
vt 0.109865 0.046838
vt 0.113569 0.045301
s 0
usemtl main
f 794/449/292 795/450/292 796/451/292
f 797/452/293 798/453/293 799/454/293
f 798/453/294 796/451/294 799/454/294
f 796/451/295 795/450/295 799/454/295
f 795/450/296 807/455/296 799/454/296
f 799/454/297 807/455/297 811/456/297
f 807/455/298 813/457/298 811/456/298
f 811/456/298 813/457/298 817/458/298
f 813/457/299 819/459/299 817/458/299
f 819/459/300 822/460/300 817/458/300
f 798/453/301 797/452/301 826/461/301
f 817/458/302 822/460/302 829/462/302
f 822/460/303 831/463/303 829/462/303
f 829/462/304 831/463/304 835/464/304
f 831/463/305 837/465/305 835/464/305
f 835/464/306 837/465/306 841/466/306
f 837/465/307 843/467/307 841/466/307
f 841/466/308 843/467/308 847/468/308
f 843/467/309 849/469/309 847/468/309
f 847/468/310 849/469/310 853/470/310
f 849/469/311 855/471/311 853/470/311
f 853/470/312 855/471/312 859/472/312
f 855/471/313 861/473/313 859/472/313
f 861/473/314 864/474/314 859/472/314
f 859/472/315 864/474/315 868/475/315
f 864/474/316 826/461/316 868/475/316
f 868/475/317 826/461/317 874/476/317
f 826/461/318 797/452/318 874/476/318
f 822/460/319 819/459/319 880/477/319
f 819/459/320 882/478/320 880/477/320
f 880/477/321 882/478/321 886/479/321
f 882/478/322 888/480/322 886/479/322
f 886/479/323 888/480/323 892/481/323
f 888/480/324 894/482/324 892/481/324
f 892/481/325 894/482/325 898/483/325
f 894/482/326 900/484/326 898/483/326
f 898/483/327 900/484/327 901/485/327
f 900/484/313 899/486/313 901/485/313
f 901/485/310 899/486/310 897/487/310
f 899/486/328 896/488/328 897/487/328
f 897/487/328 896/488/328 895/489/328
f 896/488/329 893/490/329 895/489/329
f 895/489/330 893/490/330 796/451/330
f 796/451/331 893/490/331 794/449/331
f 891/450/332 890/449/332 889/451/332
f 887/453/333 885/452/333 884/454/333
f 889/451/334 887/453/334 884/454/334
f 891/450/335 889/451/335 884/454/335
f 883/455/336 891/450/336 884/454/336
f 883/455/337 884/454/337 881/456/337
f 879/457/338 883/455/338 881/456/338
f 879/457/338 881/456/338 878/458/338
f 877/459/339 879/457/339 878/458/339
f 876/460/340 877/459/340 878/458/340
f 885/452/341 887/453/341 875/461/341
f 876/460/342 878/458/342 873/462/342
f 872/463/343 876/460/343 873/462/343
f 872/463/344 873/462/344 871/464/344
f 870/465/345 872/463/345 871/464/345
f 870/465/346 871/464/346 869/466/346
f 867/467/347 870/465/347 869/466/347
f 867/467/348 869/466/348 866/468/348
f 865/469/349 867/467/349 866/468/349
f 865/469/350 866/468/350 863/470/350
f 862/471/351 865/469/351 863/470/351
f 862/471/352 863/470/352 860/472/352
f 858/473/353 862/471/353 860/472/353
f 857/474/354 858/473/354 860/472/354
f 857/474/355 860/472/355 856/475/355
f 875/461/356 857/474/356 856/475/356
f 875/461/357 856/475/357 854/476/357
f 885/452/358 875/461/358 854/476/358
f 877/459/359 876/460/359 852/477/359
f 851/478/360 877/459/360 852/477/360
f 851/478/361 852/477/361 850/479/361
f 848/480/362 851/478/362 850/479/362
f 848/480/363 850/479/363 846/481/363
f 845/482/364 848/480/364 846/481/364
f 845/482/365 846/481/365 844/483/365
f 842/484/366 845/482/366 844/483/366
f 842/484/367 844/483/367 840/485/367
f 839/486/353 842/484/353 840/485/353
f 839/486/350 840/485/350 838/487/350
f 836/488/368 839/486/368 838/487/368
f 836/488/368 838/487/368 834/489/368
f 833/490/369 836/488/369 834/489/369
f 833/490/370 834/489/370 889/451/370
f 833/490/371 889/451/371 890/449/371
f 832/491/355 830/492/355 828/493/355
f 828/493/355 827/494/355 825/495/355
f 832/491/355 828/493/355 825/495/355
f 825/495/355 824/496/355 823/497/355
f 823/497/355 821/498/355 820/499/355
f 825/495/355 823/497/355 820/499/355
f 832/491/355 825/495/355 820/499/355
f 832/491/372 820/499/372 818/500/372
f 832/491/338 818/500/338 816/501/338
f 816/501/373 815/502/373 832/491/373
f 814/492/315 812/491/315 810/493/315
f 809/494/315 810/493/315 808/495/315
f 810/493/315 812/491/315 808/495/315
f 806/496/315 808/495/315 805/497/315
f 804/498/315 805/497/315 803/499/315
f 805/497/315 808/495/315 803/499/315
f 808/495/315 812/491/315 803/499/315
f 803/499/374 812/491/374 802/500/374
f 802/500/298 812/491/298 801/501/298
f 800/502/375 801/501/375 812/491/375
o skupinove
v -0.076424 3.153487 0.185767
v 0.076330 3.153487 0.185767
v 0.076330 2.999930 0.185767
v -0.076424 2.999930 0.185767
v -0.000014 3.105627 0.013639
v -0.000014 3.105627 0.184550
v -0.000014 3.053783 0.184550
v -0.000014 3.053783 0.013639
vn -1.0000 -0.0000 -0.0000
vn -0.0000 -0.0000 1.0000
vt 0.092753 0.024745
vt 0.131655 0.024745
vt 0.131655 0.034370
vt 0.092753 0.034370
vt 0.141613 0.003612
vt 0.254710 0.003612
vt 0.254710 0.226711
vt 0.141613 0.226711
s 0
usemtl main
f 909/503/376 908/504/376 907/505/376
f 907/505/376 906/506/376 909/503/376
f 905/507/377 904/508/377 903/509/377
f 903/509/377 902/510/377 905/507/377
o svetlo
v 0.243458 4.227915 0.037664
v 0.259797 4.244254 0.037669
v 0.265778 4.266574 0.037674
v 0.221139 4.221935 0.037658
v 0.259797 4.288893 0.037678
v 0.243458 4.305232 0.037679
v 0.198820 4.227915 0.037647
v 0.182481 4.244254 0.037646
v 0.176500 4.266573 0.037664
v 0.182481 4.288893 0.037669
v 0.221139 4.311213 0.037678
v 0.198820 4.305232 0.037674
v 0.198820 4.305232 0.037674
v 0.182481 4.288893 0.037669
v 0.176500 4.266573 0.037664
v 0.221139 4.311213 0.037678
v 0.243458 4.305232 0.037679
v 0.259797 4.288893 0.037678
v 0.265778 4.266574 0.037674
v 0.243458 4.227915 0.037664
v 0.259797 4.244254 0.037669
v 0.221139 4.221935 0.037658
v 0.198820 4.227915 0.037647
v 0.182481 4.244254 0.037646
vn -0.0001 -0.0002 1.0000
vn -0.0005 -0.0009 1.0000
vn -0.0004 -0.0003 1.0000
vn -0.0004 0.0003 1.0000
vn 0.0001 0.0002 -1.0000
vn 0.0005 0.0009 -1.0000
vn 0.0004 0.0003 -1.0000
vn 0.0004 -0.0003 -1.0000
vt 0.749750 0.067420
vt 0.932580 0.250250
vt 0.999501 0.500000
vt 0.932580 0.749750
vt 0.749750 0.932580
vt 0.500000 0.999501
vt 0.250250 0.932580
vt 0.067420 0.749750
vt 0.000500 0.500000
vt 0.067420 0.250250
vt 0.250250 0.067420
vt 0.500000 0.000499
s 0
usemtl bila
f 910/511/378 911/512/378 912/513/378
f 912/513/378 914/514/378 915/515/378
f 910/511/378 912/513/378 915/515/378
f 915/515/378 920/516/378 921/517/378
f 921/517/378 923/518/378 924/519/378
f 915/515/378 921/517/378 924/519/378
f 910/511/378 915/515/378 924/519/378
f 910/511/379 924/519/379 933/520/379
f 910/511/380 933/520/380 932/521/380
f 932/521/381 931/522/381 910/511/381
f 930/512/382 929/511/382 928/513/382
f 927/514/382 928/513/382 926/515/382
f 928/513/382 929/511/382 926/515/382
f 925/516/382 926/515/382 922/517/382
f 919/518/382 922/517/382 918/519/382
f 922/517/382 926/515/382 918/519/382
f 926/515/382 929/511/382 918/519/382
f 918/519/383 929/511/383 917/520/383
f 917/520/384 929/511/384 916/521/384
f 913/522/385 916/521/385 929/511/385
o svetlo_2
v 0.243458 3.371775 0.037664
v 0.259797 3.388114 0.037669
v 0.265778 3.410434 0.037674
v 0.221139 3.365795 0.037658
v 0.259797 3.432753 0.037678
v 0.243458 3.449092 0.037679
v 0.198820 3.371775 0.037647
v 0.182481 3.388114 0.037646
v 0.176500 3.410434 0.037664
v 0.182481 3.432753 0.037669
v 0.221139 3.455072 0.037678
v 0.198820 3.449092 0.037674
v 0.198820 3.449092 0.037674
v 0.182481 3.432753 0.037669
v 0.176500 3.410434 0.037664
v 0.221139 3.455072 0.037678
v 0.243458 3.449092 0.037679
v 0.259797 3.432753 0.037678
v 0.265778 3.410434 0.037674
v 0.243458 3.371775 0.037664
v 0.259797 3.388114 0.037669
v 0.221139 3.365795 0.037658
v 0.198820 3.371775 0.037647
v 0.182481 3.388114 0.037646
vn -0.0001 -0.0002 1.0000
vn -0.0005 -0.0009 1.0000
vn -0.0004 -0.0003 1.0000
vn -0.0004 0.0003 1.0000
vn 0.0001 0.0002 -1.0000
vn 0.0005 0.0009 -1.0000
vn 0.0004 0.0003 -1.0000
vn 0.0004 -0.0003 -1.0000
vt 0.749750 0.067420
vt 0.932580 0.250250
vt 0.999501 0.500000
vt 0.932580 0.749750
vt 0.749750 0.932580
vt 0.500000 0.999501
vt 0.250250 0.932580
vt 0.067420 0.749750
vt 0.000500 0.500000
vt 0.067420 0.250250
vt 0.250250 0.067420
vt 0.500000 0.000499
s 0
usemtl bila
f 934/523/386 935/524/386 936/525/386
f 936/525/386 938/526/386 939/527/386
f 934/523/386 936/525/386 939/527/386
f 939/527/386 944/528/386 945/529/386
f 945/529/386 947/530/386 948/531/386
f 939/527/386 945/529/386 948/531/386
f 934/523/386 939/527/386 948/531/386
f 934/523/387 948/531/387 957/532/387
f 934/523/388 957/532/388 956/533/388
f 956/533/389 955/534/389 934/523/389
f 954/524/390 953/523/390 952/525/390
f 951/526/390 952/525/390 950/527/390
f 952/525/390 953/523/390 950/527/390
f 949/528/390 950/527/390 946/529/390
f 943/530/390 946/529/390 942/531/390
f 946/529/390 950/527/390 942/531/390
f 950/527/390 953/523/390 942/531/390
f 942/531/391 953/523/391 941/532/391
f 941/532/392 953/523/392 940/533/392
f 937/534/393 940/533/393 953/523/393
o stozar
v 0.048280 3.276892 -0.065351
v 0.048280 3.276892 0.066644
v 0.048280 3.268561 0.066644
v 0.048280 3.268561 -0.065351
v 0.091861 3.276892 -0.065351
v 0.048280 3.276892 -0.065351
v 0.048280 3.268561 -0.065351
v 0.091861 3.268561 -0.065351
v 0.091861 3.276892 0.066644
v 0.091861 3.276892 -0.065351
v 0.091861 3.268561 -0.065351
v 0.091861 3.268561 0.066644
v 0.048280 3.276892 0.066644
v 0.091861 3.276892 0.066644
v 0.091861 3.268561 0.066644
v 0.048280 3.268561 0.066644
v 0.048280 3.276892 -0.065351
v 0.091861 3.276892 -0.065351
v 0.091861 3.276892 0.066644
v 0.048280 3.276892 0.066644
v 0.091861 3.268561 0.066644
v 0.091861 3.268561 -0.065351
v 0.048280 3.268561 -0.065351
v 0.048280 3.268561 0.066644
v 0.048280 3.558738 -0.065351
v 0.048280 3.558738 0.066644
v 0.048280 3.550407 0.066644
v 0.048280 3.550407 -0.065351
v 0.091861 3.558738 -0.065351
v 0.048280 3.558738 -0.065351
v 0.048280 3.550407 -0.065351
v 0.091861 3.550407 -0.065351
v 0.091861 3.558738 0.066644
v 0.091861 3.558738 -0.065351
v 0.091861 3.550407 -0.065351
v 0.091861 3.550407 0.066644
v 0.048280 3.558738 0.066644
v 0.091861 3.558738 0.066644
v 0.091861 3.550407 0.066644
v 0.048280 3.550407 0.066644
v 0.048280 3.558738 -0.065351
v 0.091861 3.558738 -0.065351
v 0.091861 3.558738 0.066644
v 0.048280 3.558738 0.066644
v 0.091861 3.550407 0.066644
v 0.091861 3.550407 -0.065351
v 0.048280 3.550407 -0.065351
v 0.048280 3.550407 0.066644
v 0.083029 3.611989 -0.026298
v 0.083072 3.611989 0.008409
v 0.083072 3.254447 0.008409
v 0.083029 3.254447 -0.026298
v 0.095508 3.611989 -0.026298
v 0.083029 3.611989 -0.026298
v 0.083029 3.254447 -0.026298
v 0.095508 3.254447 -0.026298
v 0.095551 3.611989 0.008409
v 0.095508 3.611989 -0.026298
v 0.095508 3.254447 -0.026298
v 0.095551 3.254447 0.008409
v 0.083072 3.611989 0.008409
v 0.095551 3.611989 0.008409
v 0.095551 3.254447 0.008409
v 0.083072 3.254447 0.008409
v 0.083029 3.611989 -0.026298
v 0.095508 3.611989 -0.026298
v 0.095551 3.611989 0.008409
v 0.083072 3.611989 0.008409
v 0.095551 3.254447 0.008409
v 0.095508 3.254447 -0.026298
v 0.083029 3.254447 -0.026298
v 0.083072 3.254447 0.008409
v 0.095779 3.255133 -0.026298
v 0.103403 3.255163 -0.026298
v 0.095822 3.255133 0.008409
v 0.103447 3.255163 0.008409
v 0.095779 3.255133 -0.026298
v 0.096028 3.315650 -0.026298
v 0.096071 3.315650 0.008409
v 0.096071 3.315650 0.008409
v 0.095822 3.255133 0.008409
v 0.095779 3.255133 -0.026298
v 0.103403 3.255163 -0.026298
v 0.103403 3.305588 -0.026298
v 0.096028 3.315650 -0.026298
v 0.096028 3.315650 -0.026298
v 0.095779 3.255133 -0.026298
v 0.103403 3.255163 -0.026298
v 0.103447 3.255163 0.008409
v 0.103447 3.305588 0.008409
v 0.103403 3.305588 -0.026298
v 0.103403 3.305588 -0.026298
v 0.103403 3.255163 -0.026298
v 0.103447 3.255163 0.008409
v 0.103447 3.255163 0.008409
v 0.095822 3.255133 0.008409
v 0.164879 3.315650 -0.026298
v 0.164923 3.315650 0.008409
v 0.096071 3.315650 0.008409
v 0.096028 3.315650 -0.026298
v 0.103403 3.305588 -0.026298
v 0.172255 3.305588 -0.026298
v 0.164879 3.315650 -0.026298
v 0.164879 3.315650 -0.026298
v 0.096028 3.315650 -0.026298
v 0.103403 3.305588 -0.026298
v 0.172298 3.305588 0.008409
v 0.172255 3.305588 -0.026298
v 0.103403 3.305588 -0.026298
v 0.103447 3.305588 0.008409
v 0.164923 3.315650 0.008409
v 0.172298 3.305588 0.008409
v 0.103447 3.305588 0.008409
v 0.096071 3.315650 0.008409
v 0.164879 3.315650 -0.026298
v 0.164879 3.480091 -0.026298
v 0.164923 3.480091 0.008408
v 0.164923 3.480091 0.008408
v 0.164923 3.315650 0.008409
v 0.164879 3.315650 -0.026298
v 0.172255 3.305588 -0.026298
v 0.172255 3.480091 -0.026298
v 0.164879 3.480091 -0.026298
v 0.164879 3.480091 -0.026298
v 0.164879 3.315650 -0.026298
v 0.172255 3.305588 -0.026298
v 0.172298 3.305588 0.008409
v 0.172298 3.480091 0.008408
v 0.172255 3.480091 -0.026298
v 0.172255 3.480091 -0.026298
v 0.172255 3.305588 -0.026298
v 0.172298 3.305588 0.008409
v 0.164923 3.315650 0.008409
v 0.164923 3.480091 0.008408
v 0.172298 3.480091 0.008408
v 0.172298 3.480091 0.008408
v 0.172298 3.305588 0.008409
v 0.164923 3.315650 0.008409
v 0.164879 3.480091 -0.026298
v 0.172255 3.480091 -0.026298
v 0.172298 3.480091 0.008408
v 0.164923 3.480091 0.008408
v 0.270035 3.519387 -0.009605
v 0.262106 3.633722 -0.004483
v 0.270035 3.633722 -0.009605
v 0.262106 3.519387 -0.004483
v 0.262106 3.519387 -0.004483
v 0.262106 3.633722 -0.014727
v 0.262106 3.633722 -0.004483
v 0.262106 3.519387 -0.014727
v 0.262106 3.519387 -0.014727
v 0.270035 3.633722 -0.009605
v 0.262106 3.633722 -0.014727
v 0.270035 3.519387 -0.009605
v 0.262106 3.519387 -0.004483
v 0.270035 3.519387 -0.009605
v 0.262106 3.519387 -0.014727
v 0.264749 3.519387 -0.009605
v 0.179793 3.519387 -0.009605
v 0.171865 3.633722 -0.004483
v 0.179793 3.633722 -0.009605
v 0.171865 3.519387 -0.004483
v 0.171865 3.519387 -0.004483
v 0.171865 3.633722 -0.014727
v 0.171865 3.633722 -0.004483
v 0.171865 3.519387 -0.014727
v 0.171865 3.519387 -0.014727
v 0.179793 3.633722 -0.009605
v 0.171865 3.633722 -0.014727
v 0.179793 3.519387 -0.009605
v 0.171865 3.519387 -0.004483
v 0.179793 3.519387 -0.009605
v 0.171865 3.519387 -0.014727
v 0.174508 3.519387 -0.009605
v 0.111273 3.629845 -0.026298
v 0.111273 3.629888 0.008409
v 0.286441 3.629888 0.008409
v 0.286441 3.629845 -0.026298
v 0.111273 3.642323 -0.026298
v 0.111273 3.629845 -0.026298
v 0.286441 3.629845 -0.026298
v 0.286441 3.642323 -0.026298
v 0.111273 3.642367 0.008409
v 0.111273 3.642323 -0.026298
v 0.286441 3.642323 -0.026298
v 0.286441 3.642367 0.008409
v 0.111273 3.629888 0.008409
v 0.111273 3.642367 0.008409
v 0.286441 3.642367 0.008409
v 0.286441 3.629888 0.008409
v 0.111273 3.629845 -0.026298
v 0.111273 3.642323 -0.026298
v 0.111273 3.642367 0.008409
v 0.111273 3.629888 0.008409
v 0.286441 3.642367 0.008409
v 0.286441 3.642323 -0.026298
v 0.286441 3.629845 -0.026298
v 0.286441 3.629888 0.008409
v 0.247840 3.566901 0.004256
v 0.231420 3.566901 0.017603
v 0.211124 3.566901 0.017603
v 0.194704 3.566901 0.004256
v 0.188432 3.566901 -0.017341
v 0.194704 3.566901 -0.038939
v 0.211124 3.566901 -0.052287
v 0.231421 3.566901 -0.052287
v 0.247841 3.566901 -0.038939
v 0.254112 3.566901 -0.017341
v 0.221272 3.566901 -0.017341
v 0.247840 3.447420 0.004256
v 0.247840 3.566901 0.004256
v 0.231420 3.447420 0.017603
v 0.231420 3.566901 0.017603
v 0.211124 3.447420 0.017603
v 0.211124 3.566901 0.017603
v 0.194704 3.447420 0.004256
v 0.194704 3.566901 0.004256
v 0.188432 3.447420 -0.017341
v 0.188432 3.566901 -0.017341
v 0.194704 3.447420 -0.038939
v 0.194704 3.566901 -0.038939
v 0.211124 3.447420 -0.052287
v 0.211124 3.566901 -0.052287
v 0.231421 3.447420 -0.052287
v 0.231421 3.566901 -0.052287
v 0.247841 3.447420 -0.038939
v 0.254112 3.566901 -0.017341
v 0.247841 3.566901 -0.038939
v 0.254112 3.447420 -0.017341
v 0.264062 3.379281 0.037314
v 0.237617 3.360067 0.037314
v 0.204928 3.360067 0.037314
v 0.178482 3.379281 0.037314
v 0.168381 3.410369 0.037314
v 0.178482 3.441458 0.037314
v 0.204928 3.460672 0.037314
v 0.237617 3.460672 0.037314
v 0.264062 3.441458 0.037314
v 0.274164 3.410370 0.037314
v 0.221272 3.410370 0.037314
v 0.264062 3.379281 -0.071997
v 0.264062 3.379281 0.037314
v 0.237617 3.360067 -0.071997
v 0.237617 3.360067 0.037314
v 0.204928 3.360067 -0.071997
v 0.204928 3.360067 0.037314
v 0.178482 3.379281 -0.071997
v 0.178482 3.379281 0.037314
v 0.168381 3.410369 -0.071997
v 0.168381 3.410369 0.037314
v 0.178482 3.441458 -0.071997
v 0.178482 3.441458 0.037314
v 0.204928 3.460672 -0.071997
v 0.204928 3.460672 0.037314
v 0.237617 3.460672 -0.071997
v 0.237617 3.460672 0.037314
v 0.264062 3.441458 -0.071997
v 0.274164 3.410370 0.037314
v 0.264062 3.441458 0.037314
v 0.274164 3.410369 -0.071997
v 0.264062 3.379281 -0.071997
v 0.237617 3.360067 -0.071997
v 0.204928 3.360067 -0.071997
v 0.178482 3.379281 -0.071997
v 0.168381 3.410369 -0.071997
v 0.178482 3.441458 -0.071997
v 0.204928 3.460672 -0.071997
v 0.237617 3.460672 -0.071997
v 0.274164 3.410369 -0.071997
v 0.264062 3.441458 -0.071997
v 0.221272 3.410369 -0.071997
v 0.258018 3.521240 0.012529
v 0.235308 3.521240 0.030991
v 0.207236 3.521240 0.030991
v 0.184526 3.521240 0.012529
v 0.175851 3.521240 -0.017341
v 0.184526 3.521240 -0.047213
v 0.207236 3.521240 -0.065674
v 0.235308 3.521240 -0.065674
v 0.258018 3.521240 -0.047213
v 0.266693 3.521240 -0.017341
v 0.221272 3.521240 -0.017341
v 0.258018 3.335915 0.012529
v 0.258018 3.521240 0.012529
v 0.235308 3.335915 0.030991
v 0.235308 3.521240 0.030991
v 0.207236 3.335915 0.030991
v 0.207236 3.521240 0.030991
v 0.184526 3.335915 0.012529
v 0.184526 3.521240 0.012529
v 0.175851 3.335915 -0.017341
v 0.175851 3.521240 -0.017341
v 0.184526 3.335915 -0.047213
v 0.184526 3.521240 -0.047213
v 0.207236 3.335915 -0.065674
v 0.207236 3.521240 -0.065674
v 0.235308 3.335915 -0.065674
v 0.235308 3.521240 -0.065674
v 0.258018 3.335915 -0.047213
v 0.266693 3.521240 -0.017341
v 0.258018 3.521240 -0.047213
v 0.266693 3.335915 -0.017341
v 0.258018 3.335915 0.012529
v 0.235308 3.335915 0.030991
v 0.207236 3.335915 0.030991
v 0.184526 3.335915 0.012529
v 0.175851 3.335915 -0.017341
v 0.184526 3.335915 -0.047213
v 0.207236 3.335915 -0.065674
v 0.235308 3.335915 -0.065674
v 0.266693 3.335915 -0.017341
v 0.258018 3.335915 -0.047213
v 0.221272 3.335915 -0.017341
v 0.221264 4.192080 -0.017335
v 0.258011 4.192080 -0.047206
v 0.266685 4.192080 -0.017335
v -0.176653 4.019015 0.062869
v 0.235300 4.192080 -0.065667
v -0.176653 4.093411 0.062869
v -0.176653 4.019015 0.041466
v 0.207228 4.192080 -0.065667
v -0.160086 4.093411 0.052168
v -0.176653 4.093411 0.041466
v 0.184518 4.192080 -0.047206
v -0.160086 4.019015 0.052168
v -0.147307 4.037227 0.080990
v 0.175843 4.192080 -0.017335
v -0.170539 4.037227 0.091757
v -0.193770 4.037227 0.080990
v 0.184518 4.192080 0.012536
v -0.203393 4.037227 0.054997
v -0.193770 4.037227 0.029005
v 0.207228 4.192080 0.030997
v -0.170539 4.037227 0.018238
v -0.147307 4.037227 0.029005
v 0.235300 4.192080 0.030997
v -0.137684 4.037227 0.054997
v -0.170539 4.048143 0.054997
v 0.258011 4.192080 0.012536
v -0.147486 3.839327 0.080990
v -0.147307 4.037227 0.080990
v -0.170718 3.839327 0.091757
v -0.170539 4.037227 0.091757
v 0.266685 4.192080 -0.017335
v 0.258011 4.377405 -0.047206
v 0.266685 4.377405 -0.017335
v -0.193949 3.839327 0.080990
v 0.258011 4.192080 -0.047206
v -0.193770 4.037227 0.080990
v -0.203572 3.839327 0.054997
v 0.235300 4.377405 -0.065667
v -0.203393 4.037227 0.054997
v -0.193949 3.839327 0.029005
v 0.235300 4.192080 -0.065667
v -0.193770 4.037227 0.029005
v -0.170718 3.839327 0.018238
v 0.207228 4.377405 -0.065667
v -0.170539 4.037227 0.018238
v -0.147486 3.839327 0.029005
v 0.207228 4.192080 -0.065667
v -0.137684 4.037227 0.054997
v -0.147307 4.037227 0.029005
v 0.184518 4.377405 -0.047206
v -0.137863 3.839327 0.054997
v -0.147486 3.839327 0.080990
v 0.184518 4.192080 -0.047206
v -0.170718 3.839327 0.091757
v -0.193949 3.839327 0.080990
v 0.175843 4.377405 -0.017335
v -0.203572 3.839327 0.054997
v -0.193949 3.839327 0.029005
v 0.175843 4.192080 -0.017335
v -0.170718 3.839327 0.018238
v -0.137863 3.839327 0.054997
v 0.184518 4.377405 0.012536
v -0.147486 3.839327 0.029005
v -0.170718 3.824487 0.054997
v 0.184518 4.192080 0.012536
v 0.082395 4.043415 0.053968
v 0.082614 4.059685 0.053968
v 0.207228 4.377405 0.030998
v 0.076545 4.077473 0.053968
v 0.037723 4.091553 0.053968
v 0.207228 4.192080 0.030997
v -0.014817 4.097728 0.053968
v -0.001833 4.051736 0.053968
v 0.235300 4.377405 0.030998
v -0.076752 4.099211 0.053968
v -0.191988 4.113013 0.053968
v 0.235300 4.192080 0.030997
v -0.197073 4.074101 0.053968
v 0.082614 4.059685 0.053968
v 0.258011 4.377405 0.012536
v 0.082395 4.043415 0.053968
v 0.076545 4.077473 0.053968
v 0.258011 4.192080 0.012536
v 0.037723 4.091553 0.053968
v -0.014817 4.097728 0.053968
v -0.001833 4.051736 0.053968
v -0.076752 4.099211 0.053968
v -0.197073 4.074101 0.053968
v -0.191988 4.113013 0.053968
v 0.221264 4.377405 -0.017335
v 0.266685 4.377405 -0.017335
v 0.258011 4.377405 -0.047206
v 0.235300 4.377405 -0.065667
v 0.207228 4.377405 -0.065667
v 0.184518 4.377405 -0.047206
v 0.175843 4.377405 -0.017335
v 0.184518 4.377405 0.012536
v 0.207228 4.377405 0.030998
v 0.235300 4.377405 0.030998
v 0.258011 4.377405 0.012536
v 0.221264 4.266535 -0.071990
v 0.264054 4.297623 -0.071990
v 0.274156 4.266535 -0.071990
v 0.237609 4.316837 -0.071990
v 0.204920 4.316837 -0.071990
v 0.178474 4.297623 -0.071990
v 0.168373 4.266535 -0.071990
v 0.178474 4.235445 -0.071990
v 0.204920 4.216231 -0.071990
v 0.237609 4.216231 -0.071990
v 0.264054 4.235445 -0.071990
v 0.274156 4.266535 -0.071990
v 0.264054 4.297623 0.037320
v 0.274156 4.266535 0.037320
v 0.264054 4.297623 -0.071990
v 0.237609 4.316837 0.037320
v 0.237609 4.316837 -0.071990
v 0.204920 4.316837 0.037320
v 0.204920 4.316837 -0.071990
v 0.178474 4.297623 0.037320
v 0.178474 4.297623 -0.071990
v 0.168373 4.266535 0.037320
v 0.168373 4.266535 -0.071990
v 0.178474 4.235445 0.037320
v 0.178474 4.235445 -0.071990
v 0.204920 4.216231 0.037320
v 0.204920 4.216231 -0.071990
v 0.237609 4.216231 0.037320
v 0.237609 4.216231 -0.071990
v 0.264054 4.235445 0.037320
v 0.264054 4.235445 -0.071990
v 0.221264 4.266535 0.037320
v 0.274156 4.266535 0.037320
v 0.264054 4.297623 0.037320
v 0.237609 4.316837 0.037320
v 0.204920 4.316837 0.037320
v 0.178474 4.297623 0.037320
v 0.168373 4.266535 0.037320
v 0.178474 4.235445 0.037320
v 0.204920 4.216231 0.037320
v 0.237609 4.216231 0.037320
v 0.264054 4.235445 0.037320
v 0.254104 4.303585 -0.017335
v 0.247833 4.423065 -0.038932
v 0.254104 4.423065 -0.017335
v 0.247833 4.303585 -0.038932
v 0.231413 4.423065 -0.052280
v 0.231413 4.303585 -0.052280
v 0.211116 4.423065 -0.052280
v 0.211116 4.303585 -0.052280
v 0.194696 4.423065 -0.038932
v 0.194696 4.303585 -0.038932
v 0.188424 4.423065 -0.017335
v 0.188424 4.303585 -0.017335
v 0.194696 4.423065 0.004262
v 0.194696 4.303585 0.004262
v 0.211116 4.423065 0.017611
v 0.211116 4.303585 0.017611
v 0.231413 4.423065 0.017611
v 0.231413 4.303585 0.017611
v 0.247833 4.423065 0.004262
v 0.247833 4.303585 0.004262
v 0.221264 4.423065 -0.017335
v 0.254104 4.423065 -0.017335
v 0.247833 4.423065 -0.038932
v 0.231413 4.423065 -0.052280
v 0.211116 4.423065 -0.052280
v 0.194696 4.423065 -0.038932
v 0.188424 4.423065 -0.017335
v 0.194696 4.423065 0.004262
v 0.211116 4.423065 0.017611
v 0.231413 4.423065 0.017611
v 0.247833 4.423065 0.004262
v 0.286433 4.486053 0.008415
v 0.286433 4.486010 -0.026291
v 0.286433 4.498488 -0.026291
v 0.286433 4.498532 0.008415
v 0.111265 4.486053 0.008415
v 0.111265 4.498532 0.008415
v 0.111265 4.498488 -0.026291
v 0.111265 4.486010 -0.026291
v 0.286433 4.486053 0.008415
v 0.286433 4.498532 0.008415
v 0.111265 4.498532 0.008415
v 0.111265 4.486053 0.008415
v 0.286433 4.498532 0.008415
v 0.286433 4.498488 -0.026291
v 0.111265 4.498488 -0.026291
v 0.111265 4.498532 0.008415
v 0.286433 4.498488 -0.026291
v 0.286433 4.486010 -0.026291
v 0.111265 4.486010 -0.026291
v 0.111265 4.498488 -0.026291
v 0.286433 4.486010 -0.026291
v 0.286433 4.486053 0.008415
v 0.111265 4.486053 0.008415
v 0.111265 4.486010 -0.026291
v 0.174500 4.375552 -0.009598
v 0.171857 4.375552 -0.014720
v 0.179785 4.375552 -0.009598
v 0.171857 4.375552 -0.004477
v 0.179785 4.375552 -0.009598
v 0.171857 4.489887 -0.014720
v 0.179785 4.489887 -0.009598
v 0.171857 4.375552 -0.014720
v 0.171857 4.375552 -0.014720
v 0.171857 4.489887 -0.004477
v 0.171857 4.489887 -0.014720
v 0.171857 4.375552 -0.004477
v 0.171857 4.375552 -0.004477
v 0.179785 4.489887 -0.009598
v 0.171857 4.489887 -0.004477
v 0.179785 4.375552 -0.009598
v 0.264741 4.375552 -0.009598
v 0.262098 4.375552 -0.014720
v 0.270027 4.375552 -0.009598
v 0.262098 4.375552 -0.004477
v 0.270027 4.375552 -0.009598
v 0.262098 4.489887 -0.014720
v 0.270027 4.489887 -0.009598
v 0.262098 4.375552 -0.014720
v 0.262098 4.375552 -0.014720
v 0.262098 4.489887 -0.004477
v 0.262098 4.489887 -0.014720
v 0.262098 4.375552 -0.004477
v 0.262098 4.375552 -0.004477
v 0.270027 4.489887 -0.009598
v 0.262098 4.489887 -0.004477
v 0.270027 4.375552 -0.009598
v 0.164915 4.336256 0.008415
v 0.172290 4.336256 0.008415
v 0.172247 4.336256 -0.026291
v 0.164871 4.336256 -0.026291
v 0.164915 4.171815 0.008415
v 0.172290 4.161753 0.008415
v 0.172290 4.336256 0.008415
v 0.172290 4.336256 0.008415
v 0.164915 4.336256 0.008415
v 0.164915 4.171815 0.008415
v 0.172290 4.161753 0.008415
v 0.172247 4.161753 -0.026291
v 0.172247 4.336256 -0.026291
v 0.172290 4.336256 0.008415
v 0.172247 4.161753 -0.026291
v 0.164871 4.171815 -0.026291
v 0.164871 4.336256 -0.026291
v 0.164871 4.336256 -0.026291
v 0.172247 4.336256 -0.026291
v 0.172247 4.161753 -0.026291
v 0.164871 4.171815 -0.026291
v 0.164915 4.171815 0.008415
v 0.164915 4.336256 0.008415
v 0.164871 4.336256 -0.026291
v 0.096063 4.171815 0.008415
v 0.103439 4.161753 0.008415
v 0.172290 4.161753 0.008415
v 0.172290 4.161753 0.008415
v 0.164915 4.171815 0.008415
v 0.096063 4.171815 0.008415
v 0.103439 4.161753 0.008415
v 0.103396 4.161753 -0.026291
v 0.172247 4.161753 -0.026291
v 0.172247 4.161753 -0.026291
v 0.172290 4.161753 0.008415
v 0.103439 4.161753 0.008415
v 0.103396 4.161753 -0.026291
v 0.096020 4.171815 -0.026291
v 0.164871 4.171815 -0.026291
v 0.164871 4.171815 -0.026291
v 0.172247 4.161753 -0.026291
v 0.103396 4.161753 -0.026291
v 0.096020 4.171815 -0.026291
v 0.096063 4.171815 0.008415
v 0.164915 4.171815 0.008415
v 0.164915 4.171815 0.008415
v 0.164871 4.171815 -0.026291
v 0.096020 4.171815 -0.026291
v 0.095814 4.111298 0.008415
v 0.103439 4.111328 0.008415
v 0.103439 4.161753 0.008415
v 0.103439 4.161753 0.008415
v 0.096063 4.171815 0.008415
v 0.095814 4.111298 0.008415
v 0.103439 4.111328 0.008415
v 0.103396 4.111328 -0.026291
v 0.103396 4.161753 -0.026291
v 0.103396 4.161753 -0.026291
v 0.103439 4.161753 0.008415
v 0.103439 4.111328 0.008415
v 0.103396 4.111328 -0.026291
v 0.095771 4.111298 -0.026291
v 0.096020 4.171815 -0.026291
v 0.096020 4.171815 -0.026291
v 0.103396 4.161753 -0.026291
v 0.103396 4.111328 -0.026291
v 0.095771 4.111298 -0.026291
v 0.095814 4.111298 0.008415
v 0.096063 4.171815 0.008415
v 0.096063 4.171815 0.008415
v 0.096020 4.171815 -0.026291
v 0.095771 4.111298 -0.026291
v 0.103439 4.111328 0.008415
v 0.095814 4.111298 0.008415
v 0.103396 4.111328 -0.026291
v 0.095771 4.111298 -0.026291
v 0.083064 4.110612 0.008415
v 0.083021 4.110612 -0.026291
v 0.095500 4.110612 -0.026291
v 0.095544 4.110612 0.008415
v 0.083064 4.468153 0.008415
v 0.095544 4.468153 0.008415
v 0.095500 4.468153 -0.026291
v 0.083021 4.468153 -0.026291
v 0.083064 4.110612 0.008415
v 0.095544 4.110612 0.008415
v 0.095544 4.468153 0.008415
v 0.083064 4.468153 0.008415
v 0.095544 4.110612 0.008415
v 0.095500 4.110612 -0.026291
v 0.095500 4.468153 -0.026291
v 0.095544 4.468153 0.008415
v 0.095500 4.110612 -0.026291
v 0.083021 4.110612 -0.026291
v 0.083021 4.468153 -0.026291
v 0.095500 4.468153 -0.026291
v 0.083021 4.110612 -0.026291
v 0.083064 4.110612 0.008415
v 0.083064 4.468153 0.008415
v 0.083021 4.468153 -0.026291
v 0.048272 4.406572 0.066651
v 0.048272 4.406572 -0.065344
v 0.091853 4.406572 -0.065344
v 0.091853 4.406572 0.066651
v 0.048272 4.414903 0.066651
v 0.091853 4.414903 0.066651
v 0.091853 4.414903 -0.065344
v 0.048272 4.414903 -0.065344
v 0.048272 4.406572 0.066651
v 0.091853 4.406572 0.066651
v 0.091853 4.414903 0.066651
v 0.048272 4.414903 0.066651
v 0.091853 4.406572 0.066651
v 0.091853 4.406572 -0.065344
v 0.091853 4.414903 -0.065344
v 0.091853 4.414903 0.066651
v 0.091853 4.406572 -0.065344
v 0.048272 4.406572 -0.065344
v 0.048272 4.414903 -0.065344
v 0.091853 4.414903 -0.065344
v 0.048272 4.406572 -0.065344
v 0.048272 4.406572 0.066651
v 0.048272 4.414903 0.066651
v 0.048272 4.414903 -0.065344
v 0.048272 4.124725 0.066651
v 0.048272 4.124725 -0.065344
v 0.091854 4.124725 -0.065344
v 0.091854 4.124725 0.066651
v 0.048272 4.133057 0.066651
v 0.091854 4.133057 0.066651
v 0.091854 4.133057 -0.065344
v 0.048272 4.133057 -0.065344
v 0.048272 4.124725 0.066651
v 0.091854 4.124725 0.066651
v 0.091854 4.133057 0.066651
v 0.048272 4.133057 0.066651
v 0.091854 4.124725 0.066651
v 0.091854 4.124725 -0.065344
v 0.091854 4.133057 -0.065344
v 0.091854 4.133057 0.066651
v 0.091854 4.124725 -0.065344
v 0.048272 4.124725 -0.065344
v 0.048272 4.133057 -0.065344
v 0.091854 4.133057 -0.065344
v 0.048272 4.124725 -0.065344
v 0.048272 4.124725 0.066651
v 0.048272 4.133057 0.066651
v 0.048272 4.133057 -0.065344
v -0.141316 4.528034 0.027880
v -0.141316 4.468301 0.027880
v 0.141318 4.528034 0.027880
v 0.141318 4.468301 0.027880
v -0.128873 4.557068 0.027880
v 0.128875 4.557068 0.027880
v -0.099676 4.575620 0.027880
v 0.099678 4.575620 0.027880
v 0.141318 4.468301 -0.027866
v -0.141316 4.468301 -0.027866
v 0.141318 4.528034 -0.027866
v -0.141316 4.528034 -0.027866
v 0.128875 4.557068 -0.027866
v -0.128873 4.557068 -0.027866
v 0.099678 4.575620 -0.027866
v -0.099676 4.575620 -0.027866
v 0.141318 4.468301 0.027880
v -0.141316 4.468301 0.027880
v 0.141318 4.468301 -0.027866
v -0.141316 4.468301 -0.027866
v 0.141318 4.528034 0.027880
v 0.141318 4.468301 0.027880
v 0.141318 4.528034 -0.027866
v 0.141318 4.468301 -0.027866
v 0.128875 4.557068 0.027880
v 0.128875 4.557068 -0.027866
v 0.099678 4.575620 0.027880
v 0.099678 4.575620 -0.027866
v -0.099676 4.575620 0.027880
v 0.099678 4.575620 0.027880
v -0.099676 4.575620 -0.027866
v 0.099678 4.575620 -0.027866
v -0.128873 4.557068 0.027880
v -0.099676 4.575620 0.027880
v -0.128873 4.557068 -0.027866
v -0.099676 4.575620 -0.027866
v -0.141316 4.528034 0.027880
v -0.141316 4.528034 -0.027866
v -0.141316 4.468301 0.027880
v -0.141316 4.468301 -0.027866
v 0.000001 4.611091 0.000007
v 0.035369 4.611091 -0.028789
v 0.043718 4.611091 0.000007
v 0.013510 4.611091 -0.046585
v -0.013508 4.611091 -0.046585
v -0.035367 4.611091 -0.028789
v -0.043716 4.611091 0.000007
v -0.035367 4.611091 0.028802
v -0.013508 4.611091 0.046599
v 0.013510 4.611091 0.046599
v 0.035369 4.611091 0.028802
v 0.043718 4.611091 0.000007
v 0.035369 4.611091 -0.028789
v 0.000001 4.638990 0.000007
v 0.013510 4.611091 -0.046585
v -0.013508 4.611091 -0.046585
v -0.035367 4.611091 -0.028789
v -0.043716 4.611091 0.000007
v -0.035367 4.611091 0.028802
v -0.013508 4.611091 0.046599
v 0.013510 4.611091 0.046599
v 0.035369 4.611091 0.028802
v -0.004800 1.807927 0.013519
v -0.004800 1.807927 0.169658
v -0.004800 1.829279 0.013519
v 0.013691 1.818603 0.169658
v 0.041451 1.070914 0.000007
v 0.033535 2.681293 -0.027199
v 0.041451 2.681293 0.000007
v -0.004800 1.829279 0.169658
v 0.033535 1.070914 -0.027199
v 0.013691 1.818603 0.013519
v 0.017589 1.801357 0.170058
v 0.012810 2.681293 -0.044012
v -0.017587 1.801357 0.170058
v -0.024873 1.818946 0.170058
v 0.012810 1.070914 -0.044012
v -0.017587 1.836534 0.170058
v 0.000001 1.843819 0.170058
v -0.012808 2.681293 -0.044012
v 0.017589 1.836534 0.170058
v 0.000001 1.794071 0.170058
v -0.012808 1.070914 -0.044012
v 0.024875 1.818946 0.170058
v 0.017589 1.801357 0.170058
v -0.033533 2.681293 -0.027199
v 0.000001 1.794071 0.170058
v -0.024873 1.818946 0.170058
v -0.033533 1.070914 -0.027199
v -0.017587 1.836534 0.170058
v 0.000001 1.843819 0.170058
v -0.041450 2.681293 0.000007
v 0.017589 1.836534 0.170058
v 0.024875 1.818946 0.170058
v -0.041450 1.070914 0.000007
v -0.017587 1.801357 0.170058
v -0.041450 1.070914 0.000007
v -0.033533 2.681293 0.027212
v -0.041450 2.681293 0.000007
v -0.004800 2.084161 0.013519
v -0.033533 1.070914 0.027212
v -0.004800 2.084161 0.169658
v -0.004800 2.105513 0.013519
v -0.012808 2.681293 0.044026
v 0.013691 2.094837 0.169658
v -0.004800 2.105513 0.169658
v -0.012808 1.070914 0.044026
v 0.013691 2.094837 0.013519
v 0.017717 2.077464 0.170982
v 0.012810 2.681293 0.044026
v -0.017715 2.077464 0.170982
v -0.025054 2.095180 0.170982
v 0.012810 1.070914 0.044026
v -0.017715 2.112896 0.170982
v 0.000001 2.120234 0.170982
v 0.033535 2.681293 0.027212
v 0.017717 2.112896 0.170982
v 0.000001 2.070125 0.170982
v 0.033535 1.070914 0.027212
v 0.025056 2.095180 0.170982
v 0.017717 2.077464 0.170982
v 0.041451 2.681293 0.000007
v 0.000001 2.070125 0.170982
v -0.025054 2.095180 0.170982
v 0.041451 1.070914 0.000007
v -0.017715 2.112896 0.170982
v 0.049741 1.035968 0.000007
v 0.040242 1.035968 -0.032640
v 0.033535 1.070914 -0.027199
v 0.000001 2.120234 0.170982
v 0.041451 1.070914 0.000007
v 0.017717 2.112896 0.170982
v 0.025056 2.095180 0.170982
v 0.015371 1.035968 -0.052816
v 0.012810 1.070914 -0.044012
v -0.017715 2.077464 0.170982
v -0.004800 2.912864 0.013520
v -0.004800 2.912864 0.169658
v -0.004800 2.934216 0.013520
v -0.015369 1.035968 -0.052816
v -0.012808 1.070914 -0.044012
v 0.013691 2.923540 0.169658
v -0.004800 2.934216 0.169658
v 0.013691 2.923540 0.013520
v 0.017589 2.906294 0.170058
v -0.040240 1.035968 -0.032640
v -0.033533 1.070914 -0.027199
v -0.017587 2.906294 0.170058
v -0.024873 2.923883 0.170058
v -0.017587 2.941472 0.170058
v 0.000001 2.948756 0.170058
v -0.049739 1.035968 0.000007
v -0.041450 1.070914 0.000007
v 0.017589 2.941472 0.170058
v 0.000001 2.899009 0.170058
v 0.024875 2.923883 0.170058
v -0.049739 1.035968 0.000007
v -0.040240 1.035968 0.032653
v -0.033533 1.070914 0.027212
v 0.017589 2.906294 0.170058
v -0.041450 1.070914 0.000007
v 0.000001 2.899009 0.170058
v -0.024873 2.923883 0.170058
v -0.015369 1.035968 0.052829
v -0.012808 1.070914 0.044026
v -0.017587 2.941472 0.170058
v 0.000001 2.948756 0.170058
v 0.017589 2.941472 0.170058
v 0.024875 2.923883 0.170058
v 0.015371 1.035968 0.052829
v 0.012810 1.070914 0.044026
v -0.017587 2.906294 0.170058
v -0.004800 3.189098 0.013520
v -0.004800 3.189098 0.169658
v -0.004800 3.210450 0.013520
v 0.040242 1.035968 0.032653
v 0.033535 1.070914 0.027212
v 0.013691 3.199774 0.169658
v -0.004800 3.210450 0.169658
v 0.013691 3.199774 0.013520
v 0.017589 3.182528 0.170058
v 0.049741 1.035968 0.000007
v 0.041451 1.070914 0.000007
v -0.017587 3.182528 0.170058
v -0.024873 3.200117 0.170058
v -0.017587 3.217705 0.170058
v 0.049741 0.000780 0.000007
v 0.040242 1.035968 -0.032640
v 0.049741 1.035968 0.000007
v 0.000001 3.224991 0.170058
v 0.040242 0.000780 -0.032640
v 0.017589 3.217705 0.170058
v 0.000001 3.175243 0.170058
v 0.015371 1.035968 -0.052816
v 0.024875 3.200117 0.170058
v 0.017589 3.182528 0.170058
v 0.015371 0.000780 -0.052816
v 0.000001 3.175243 0.170058
v -0.024873 3.200117 0.170058
v -0.015369 1.035968 -0.052816
v -0.017587 3.217705 0.170058
v 0.000001 3.224991 0.170058
v -0.015369 0.000780 -0.052816
v 0.017589 3.217705 0.170058
v 0.024875 3.200117 0.170058
v -0.040240 1.035968 -0.032640
v -0.017587 3.182528 0.170058
v -0.004800 2.636630 0.013520
v -0.040240 0.000780 -0.032640
v -0.004800 2.636630 0.169658
v -0.004800 2.657982 0.013520
v -0.049739 1.035968 0.000007
v 0.013691 2.647305 0.169658
v -0.004800 2.657982 0.169658
v -0.049739 0.000780 0.000007
v 0.013691 2.647305 0.013520
v -0.049739 0.000780 0.000007
v -0.040240 1.035968 0.032653
v -0.049739 1.035968 0.000007
v 0.017589 2.630060 0.170058
v -0.040240 0.000780 0.032653
v -0.017587 2.630060 0.170058
v -0.024873 2.647648 0.170058
v -0.015369 1.035968 0.052829
v -0.017587 2.665236 0.170058
v 0.000001 2.672522 0.170058
v -0.015369 0.000780 0.052829
v 0.017589 2.665236 0.170058
v 0.000001 2.622774 0.170058
v 0.015371 1.035968 0.052829
v 0.024875 2.647648 0.170058
v 0.017589 2.630060 0.170058
v 0.015371 0.000780 0.052829
v 0.000001 2.622774 0.170058
v -0.024873 2.647648 0.170058
v 0.040242 1.035968 0.032653
v -0.017587 2.665236 0.170058
v 0.000001 2.672522 0.170058
v 0.040242 0.000780 0.032653
v 0.017589 2.665236 0.170058
v 0.024875 2.647648 0.170058
v 0.049741 1.035968 0.000007
v -0.017587 2.630060 0.170058
v -0.004800 2.360395 0.013520
v 0.049741 0.000780 0.000007
v -0.004800 2.360395 0.169658
v 0.033161 2.726248 0.000007
v 0.026828 4.611908 -0.021757
v 0.033161 4.611908 0.000007
v -0.004800 2.381747 0.013520
v 0.026828 2.726248 -0.021757
v 0.013691 2.371072 0.169658
v -0.004800 2.381747 0.169658
v 0.010248 4.611908 -0.035208
v 0.013691 2.371072 0.013520
v 0.017589 2.353826 0.170058
v 0.010248 2.726248 -0.035208
v -0.017587 2.353826 0.170058
v -0.024873 2.371414 0.170058
v -0.010246 4.611908 -0.035208
v -0.017587 2.389002 0.170058
v 0.000001 2.396288 0.170058
v -0.010246 2.726248 -0.035208
v 0.017589 2.389002 0.170058
v 0.000001 2.346540 0.170058
v -0.026826 4.611908 -0.021757
v 0.024875 2.371414 0.170058
v 0.017589 2.353826 0.170058
v -0.026826 2.726248 -0.021757
v 0.000001 2.346540 0.170058
v -0.024873 2.371414 0.170058
v -0.033159 4.611908 0.000007
v -0.017587 2.389002 0.170058
v 0.000001 2.396288 0.170058
v -0.033159 2.726248 0.000007
v 0.017589 2.389002 0.170058
v -0.033159 2.726248 0.000007
v -0.026826 4.611908 0.021771
v -0.033159 4.611908 0.000007
v 0.024875 2.371414 0.170058
v -0.026826 2.726248 0.021771
v -0.017587 2.353826 0.170058
v -0.004800 1.531693 0.013519
v -0.010246 4.611908 0.035222
v -0.004800 1.531693 0.169658
v -0.004800 1.553044 0.013519
v -0.010246 2.726248 0.035222
v 0.013691 1.542369 0.169658
v -0.004800 1.553044 0.169658
v 0.010248 4.611908 0.035222
v 0.013691 1.542369 0.013519
v 0.017717 1.524994 0.170982
v 0.010248 2.726248 0.035222
v -0.017715 1.524994 0.170982
v -0.025054 1.542711 0.170982
v 0.026828 4.611908 0.021771
v -0.017715 1.560428 0.170982
v 0.000001 1.567766 0.170982
v 0.026828 2.726248 0.021771
v 0.017717 1.560428 0.170982
v 0.000001 1.517657 0.170982
v 0.033161 4.611908 0.000007
v 0.025056 1.542711 0.170982
v 0.017717 1.524994 0.170982
v 0.033161 2.726248 0.000007
v 0.000001 1.517657 0.170982
v 0.041451 2.681293 0.000007
v 0.033535 2.681293 -0.027199
v 0.026828 2.726248 -0.021757
v -0.025054 1.542711 0.170982
v 0.033161 2.726248 0.000007
v -0.017715 1.560428 0.170982
v 0.000001 1.567766 0.170982
v 0.012810 2.681293 -0.044012
v 0.010248 2.726248 -0.035208
v 0.017717 1.560428 0.170982
v 0.025056 1.542711 0.170982
v -0.017715 1.524994 0.170982
v -0.004800 1.255458 0.013519
v -0.012808 2.681293 -0.044012
v -0.010246 2.726248 -0.035208
v -0.004800 1.255458 0.169658
v -0.004800 1.276810 0.013519
v 0.013691 1.266134 0.169658
v -0.004800 1.276810 0.169658
v -0.033533 2.681293 -0.027199
v -0.026826 2.726248 -0.021757
v 0.013691 1.266134 0.013519
v 0.017589 1.248889 0.170058
v -0.017587 1.248889 0.170058
v -0.024873 1.266477 0.170058
v -0.041450 2.681293 0.000007
v -0.033159 2.726248 0.000007
v -0.017587 1.284065 0.170058
v 0.000001 1.291350 0.170058
v 0.017589 1.284065 0.170058
v -0.041450 2.681293 0.000007
v -0.033533 2.681293 0.027212
v -0.026826 2.726248 0.021771
v 0.000001 1.241603 0.170058
v -0.033159 2.726248 0.000007
v 0.024875 1.266477 0.170058
v 0.017589 1.248889 0.170058
v -0.012808 2.681293 0.044026
v -0.010246 2.726248 0.035222
v 0.000001 1.241603 0.170058
v -0.024873 1.266477 0.170058
v -0.017587 1.284065 0.170058
v 0.000001 1.291350 0.170058
v 0.012810 2.681293 0.044026
v 0.010248 2.726248 0.035222
v 0.017589 1.284065 0.170058
v 0.024875 1.266477 0.170058
v -0.017587 1.248889 0.170058
v 0.017589 1.801357 -0.170275
v 0.033535 2.681293 0.027212
v 0.026828 2.726248 0.021771
v -0.017587 1.801357 -0.170275
v -0.024873 1.818946 -0.170275
v -0.017587 1.836534 -0.170275
v 0.000001 1.843819 -0.170275
v 0.041451 2.681293 0.000007
v 0.033161 2.726248 0.000007
v 0.017589 1.836534 -0.170275
v 0.000001 1.794072 -0.170275
v 0.024875 1.818946 -0.170275
v 0.006240 4.591094 0.035278
v 0.003891 4.595972 0.087121
v 0.006240 4.591094 0.087121
v 0.000001 1.794072 -0.170275
v 0.003891 4.595972 0.035278
v -0.017587 1.801357 -0.170275
v -0.024873 1.818946 -0.170275
v -0.001388 4.597176 0.087121
v -0.017587 1.836534 -0.170275
v 0.000001 1.843819 -0.170275
v -0.001388 4.597176 0.035278
v 0.017589 1.836534 -0.170275
v 0.024875 1.818946 -0.170275
v -0.005620 4.593801 0.087121
v 0.017589 1.801357 -0.170275
v -0.004799 1.807927 -0.169644
v -0.005620 4.593801 0.035278
v -0.004800 1.807927 -0.005701
v -0.004799 1.829279 -0.169644
v -0.005620 4.588387 0.087121
v 0.013691 1.818603 -0.005701
v -0.004800 1.829279 -0.005701
v -0.005620 4.588387 0.035278
v 0.013691 1.818603 -0.169644
v 0.017717 2.077464 -0.171199
v -0.001388 4.585011 0.087121
v -0.017715 2.077464 -0.171199
v -0.025054 2.095180 -0.171199
v -0.001388 4.585011 0.035278
v -0.017715 2.112896 -0.171199
v 0.000001 2.120234 -0.171199
v 0.003891 4.586216 0.087121
v 0.017717 2.112896 -0.171199
v 0.000001 2.070125 -0.171199
v 0.003891 4.586216 0.035278
v 0.025056 2.095180 -0.171199
v 0.000001 2.070125 -0.171199
v -0.017715 2.077464 -0.171199
v -0.025054 2.095180 -0.171199
v -0.017715 2.112896 -0.171199
v 0.000001 2.120234 -0.171199
v 0.017717 2.112896 -0.171199
v 0.000001 4.591094 0.087121
v 0.006240 4.591094 0.087121
v 0.003891 4.595972 0.087121
v 0.025056 2.095180 -0.171199
v 0.017717 2.077464 -0.171199
v -0.001388 4.597176 0.087121
v -0.004799 2.084161 -0.169644
v -0.004800 2.084161 -0.005701
v -0.005620 4.593801 0.087121
v -0.004799 2.105513 -0.169644
v 0.013691 2.094837 -0.005701
v -0.005620 4.588387 0.087121
v -0.004800 2.105513 -0.005701
v 0.013691 2.094837 -0.169644
v -0.001388 4.585011 0.087121
v 0.017589 2.906294 -0.170275
v -0.017587 2.906294 -0.170275
v 0.003891 4.586216 0.087121
v -0.024873 2.923883 -0.170275
v -0.017587 2.941472 -0.170275
v 0.000001 2.948757 -0.170275
v 0.051567 0.208330 0.059308
v 0.049677 0.208330 0.055645
v 0.055348 0.208330 0.059308
v 0.017589 2.941472 -0.170275
v 0.049677 0.208330 0.062973
v 0.000001 2.899009 -0.170275
v 0.024875 2.923883 -0.170275
v 0.000001 2.899009 -0.170275
v -0.017587 2.906294 -0.170275
v 0.055348 0.208330 0.059308
v 0.049677 4.432587 0.055645
v 0.055348 4.432587 0.059308
v -0.024873 2.923883 -0.170275
v 0.049677 0.208330 0.055645
v -0.017587 2.941472 -0.170275
v 0.000001 2.948757 -0.170275
v 0.049677 4.432587 0.062973
v 0.017589 2.941472 -0.170275
v 0.024875 2.923883 -0.170275
v 0.049677 0.208330 0.062973
v 0.017589 2.906294 -0.170275
v -0.004799 2.912864 -0.169644
v -0.004800 2.912864 -0.005701
v -0.004799 2.934216 -0.169644
v 0.013691 2.923540 -0.005701
v -0.004800 2.934216 -0.005701
v 0.013691 2.923540 -0.169644
v 0.051567 4.432587 0.059308
v 0.055348 4.432587 0.059308
v 0.049677 4.432587 0.055645
v 0.017589 3.182528 -0.170275
v -0.017587 3.182528 -0.170275
v 0.049677 4.432587 0.062973
v -0.024873 3.200117 -0.170275
v -0.017587 3.217705 -0.170275
v 0.000001 3.224990 -0.170275
v 0.051567 0.208330 -0.059295
v 0.049677 0.208330 -0.062959
v 0.055348 0.208330 -0.059295
v 0.017589 3.217705 -0.170275
v 0.049677 0.208330 -0.055631
v 0.000001 3.175243 -0.170275
v 0.024875 3.200117 -0.170275
v 0.000001 3.175243 -0.170275
v -0.017587 3.182528 -0.170275
v 0.055348 0.208330 -0.059295
v 0.049677 4.432587 -0.062959
v 0.055348 4.432587 -0.059295
v -0.024873 3.200117 -0.170275
v 0.049677 0.208330 -0.062959
v -0.017587 3.217705 -0.170275
v 0.000001 3.224990 -0.170275
v 0.049677 4.432587 -0.055631
v 0.017589 3.217705 -0.170275
v 0.024875 3.200117 -0.170275
v 0.049677 0.208330 -0.055631
v 0.017589 3.182528 -0.170275
v -0.004799 3.189098 -0.169644
v -0.004800 3.189098 -0.005701
v -0.004799 3.210450 -0.169644
v 0.013691 3.199774 -0.005701
v -0.004800 3.210450 -0.005701
v 0.013691 3.199774 -0.169644
v 0.051567 4.432587 -0.059295
v 0.055348 4.432587 -0.059295
v 0.049677 4.432587 -0.062959
v 0.017589 2.630060 -0.170275
v -0.017587 2.630060 -0.170275
v 0.049677 4.432587 -0.055631
v -0.024873 2.647649 -0.170275
v -0.017587 2.665237 -0.170275
v 0.000001 2.672522 -0.170275
v 0.072361 0.208330 0.000007
v 0.069409 0.208330 -0.005713
v 0.078264 0.208330 0.000007
v 0.017589 2.665237 -0.170275
v 0.069409 0.208330 0.005727
v 0.000001 2.622774 -0.170275
v 0.024875 2.647649 -0.170275
v 0.000001 2.622774 -0.170275
v -0.017587 2.630060 -0.170275
v 0.078264 0.208330 0.000007
v 0.069409 4.431332 -0.005713
v 0.078264 4.431332 0.000007
v -0.024873 2.647649 -0.170275
v 0.069409 0.208330 -0.005713
v -0.017587 2.665237 -0.170275
v 0.000001 2.672522 -0.170275
v 0.069409 4.431332 0.005727
v 0.017589 2.665237 -0.170275
v 0.024875 2.647649 -0.170275
v 0.069409 0.208330 0.005727
v 0.017589 2.630060 -0.170275
v -0.004799 2.636630 -0.169644
v -0.004800 2.636630 -0.005701
v -0.004799 2.657982 -0.169644
v 0.013691 2.647305 -0.005701
v -0.004800 2.657982 -0.005701
v 0.013691 2.647305 -0.169644
v 0.072361 4.431332 0.000007
v 0.078264 4.431332 0.000007
v 0.069409 4.431332 -0.005713
v 0.017589 2.353826 -0.170275
v -0.017587 2.353826 -0.170275
v 0.069409 4.431332 0.005727
v -0.024873 2.371414 -0.170275
v -0.017587 2.389002 -0.170275
v 0.000001 2.396288 -0.170275
v 0.037268 0.188875 -0.071245
v 0.037268 0.216007 -0.071245
v 0.064253 0.216007 -0.071245
v 0.017589 2.389002 -0.170275
v 0.064253 0.188875 -0.071245
v 0.000001 2.346540 -0.170275
v 0.037268 0.188875 0.071045
v 0.064253 0.188875 0.071045
v 0.064253 0.216007 0.071045
v 0.024875 2.371414 -0.170275
v 0.037268 0.216007 0.071045
v 0.000001 2.346540 -0.170275
v 0.037268 0.188875 -0.071245
v 0.064253 0.188875 -0.071245
v 0.064253 0.188875 0.071045
v -0.017587 2.353826 -0.170275
v 0.037268 0.188875 0.071045
v -0.024873 2.371414 -0.170275
v 0.064253 0.188875 -0.071245
v 0.064253 0.216007 -0.071245
v 0.064253 0.216007 0.071045
v -0.017587 2.389002 -0.170275
v 0.064253 0.188875 0.071045
v 0.000001 2.396288 -0.170275
v 0.064253 0.216007 -0.071245
v 0.037268 0.216007 -0.071245
v 0.037268 0.216007 0.071045
v 0.017589 2.389002 -0.170275
v 0.064253 0.216007 0.071045
v 0.024875 2.371414 -0.170275
v 0.037268 0.216007 -0.071245
v 0.037268 0.188875 -0.071245
v 0.037268 0.188875 0.071045
v 0.017589 2.353826 -0.170275
v 0.037268 0.216007 0.071045
v -0.004799 2.360395 -0.169644
v 0.060829 0.188875 -0.036164
v 0.060829 0.216007 -0.036164
v 0.087813 0.216007 0.000007
v -0.004800 2.360395 -0.005701
v 0.087813 0.188875 0.000007
v -0.004799 2.381747 -0.169644
v 0.060829 0.188875 0.036452
v 0.087813 0.188875 0.000007
v 0.087813 0.216007 0.000007
v 0.013691 2.371072 -0.005701
v 0.060829 0.216007 0.036452
v -0.004800 2.381747 -0.005701
v 0.087813 0.188875 0.000007
v 0.060829 0.188875 0.036452
v 0.060829 0.188875 -0.036164
v 0.087813 0.216007 0.000007
v 0.060829 0.216007 -0.036164
v 0.060829 0.216007 0.036452
v 0.060829 0.216007 -0.036164
v 0.060829 0.188875 -0.036164
v 0.060829 0.188875 0.036452
v 0.013691 2.371072 -0.169644
v 0.060829 0.216007 0.036452
v 0.017717 1.524995 -0.171199
v 0.037268 4.417754 -0.071245
v 0.037268 4.444885 -0.071245
v 0.064253 4.444885 -0.071245
v -0.017715 1.524995 -0.171199
v 0.064253 4.417754 -0.071245
v -0.025054 1.542711 -0.171199
v 0.037268 4.417754 0.071045
v 0.064253 4.417754 0.071045
v 0.064253 4.444885 0.071045
v -0.017715 1.560428 -0.171199
v 0.037268 4.444885 0.071045
v 0.000001 1.567766 -0.171199
v 0.037268 4.417754 -0.071245
v 0.064253 4.417754 -0.071245
v 0.064253 4.417754 0.071045
v 0.017717 1.560428 -0.171199
v 0.037268 4.417754 0.071045
v 0.000001 1.517657 -0.171199
v 0.064253 4.417754 -0.071245
v 0.064253 4.444885 -0.071245
v 0.064253 4.444885 0.071045
v 0.025056 1.542711 -0.171199
v 0.064253 4.417754 0.071045
v 0.000001 1.517657 -0.171199
v 0.064253 4.444885 -0.071245
v 0.037268 4.444885 -0.071245
v 0.037268 4.444885 0.071045
v -0.017715 1.524995 -0.171199
v 0.064253 4.444885 0.071045
v -0.025054 1.542711 -0.171199
v 0.037268 4.444885 -0.071245
v 0.037268 4.417754 -0.071245
v 0.037268 4.417754 0.071045
v -0.017715 1.560428 -0.171199
v 0.037268 4.444885 0.071045
v 0.000001 1.567766 -0.171199
v 0.052226 0.278960 -0.059074
v 0.060381 0.278960 -0.068198
v 0.063760 0.278960 -0.059074
v 0.017717 1.560428 -0.171199
v 0.052226 0.278960 -0.071978
v 0.025056 1.542711 -0.171199
v 0.017717 1.524995 -0.171199
v 0.044071 0.278960 -0.068198
v -0.004799 1.531693 -0.169644
v -0.004800 1.531693 -0.005701
v 0.040692 0.278960 -0.059074
v -0.004799 1.553044 -0.169644
v 0.013691 1.542369 -0.005701
v 0.044071 0.278960 -0.049949
v -0.004800 1.553044 -0.005701
v 0.013691 1.542369 -0.169644
v 0.052226 0.278960 -0.046170
v 0.017589 1.248889 -0.170275
v -0.017587 1.248889 -0.170275
v 0.060381 0.278960 -0.049949
v -0.024873 1.266477 -0.170275
v -0.017587 1.284065 -0.170275
v 0.000001 1.291350 -0.170275
v 0.017589 1.284065 -0.170275
v 0.063760 0.278960 -0.059074
v 0.059649 0.404720 -0.068198
v 0.063027 0.404720 -0.059074
v 0.000001 1.241603 -0.170275
v 0.060381 0.278960 -0.068198
v 0.024875 1.266477 -0.170275
v 0.000001 1.241603 -0.170275
v 0.051494 0.404720 -0.071978
v -0.017587 1.248889 -0.170275
v -0.024873 1.266477 -0.170275
v 0.052226 0.278960 -0.071978
v -0.017587 1.284065 -0.170275
v 0.000001 1.291350 -0.170275
v 0.043339 0.404720 -0.068198
v 0.017589 1.284065 -0.170275
v 0.024875 1.266477 -0.170275
v 0.044071 0.278960 -0.068198
v 0.017589 1.248889 -0.170275
v -0.004799 1.255458 -0.169644
v 0.039960 0.404720 -0.059074
v -0.004800 1.255458 -0.005701
v -0.004799 1.276810 -0.169644
v 0.040692 0.278960 -0.059074
v 0.013691 1.266134 -0.005701
v -0.004800 1.276810 -0.005701
v 0.043339 0.404720 -0.049949
v 0.013691 1.266134 -0.169644
v 0.017589 0.972655 -0.170275
v 0.044071 0.278960 -0.049949
v -0.017587 0.972655 -0.170275
v -0.024873 0.990243 -0.170275
v 0.051494 0.404720 -0.046170
v -0.017587 1.007831 -0.170275
v 0.000001 1.015116 -0.170275
v 0.052226 0.278960 -0.046170
v 0.017589 1.007831 -0.170275
v 0.000001 0.965369 -0.170275
v 0.059649 0.404720 -0.049949
v 0.024875 0.990243 -0.170275
v 0.000001 0.965369 -0.170275
v 0.060381 0.278960 -0.049949
v -0.017587 0.972655 -0.170275
v -0.024873 0.990243 -0.170275
v -0.017587 1.007831 -0.170275
v 0.000001 1.015116 -0.170275
v 0.017589 1.007831 -0.170275
v 0.024875 0.990243 -0.170275
v 0.017589 0.972655 -0.170275
v 0.051494 0.404720 -0.059074
v 0.063027 0.404720 -0.059074
v 0.059649 0.404720 -0.068198
v -0.004799 0.979224 -0.169644
v -0.004800 0.979224 0.169658
v 0.051494 0.404720 -0.071978
v -0.004799 1.000576 -0.169644
v 0.013691 0.989900 0.169658
v 0.043339 0.404720 -0.068198
v -0.004800 1.000576 0.169658
v 0.013691 0.989900 -0.169644
v 0.039960 0.404720 -0.059074
v 0.017589 0.972655 0.170058
v -0.017587 0.972655 0.170058
v 0.043339 0.404720 -0.049949
v -0.024873 0.990243 0.170058
v -0.017587 1.007831 0.170058
v 0.051494 0.404720 -0.046170
v 0.000001 1.015116 0.170058
v 0.017589 1.007831 0.170058
v 0.059649 0.404720 -0.049949
v 0.000001 0.965369 0.170058
v 0.024875 0.990243 0.170058
v 0.017589 0.972655 0.170058
v 0.052226 0.278960 0.059858
v 0.060381 0.278960 0.050733
v 0.063760 0.278960 0.059858
v 0.000001 0.965369 0.170058
v 0.052226 0.278960 0.046954
v -0.024873 0.990243 0.170058
v -0.017587 1.007831 0.170058
v 0.044071 0.278960 0.050733
v 0.000001 1.015116 0.170058
v 0.017589 1.007831 0.170058
v 0.040692 0.278960 0.059858
v 0.024875 0.990243 0.170058
v -0.017587 0.972655 0.170058
v 0.044071 0.278960 0.068983
v 0.017589 0.696420 -0.170275
v -0.017587 0.696420 -0.170275
v 0.052226 0.278960 0.072762
v -0.024873 0.714008 -0.170275
v -0.017587 0.731597 -0.170275
v 0.060381 0.278960 0.068983
v 0.000001 0.738882 -0.170275
v 0.017589 0.731597 -0.170275
v 0.000001 0.689134 -0.170275
v 0.024875 0.714008 -0.170275
v 0.063760 0.278960 0.059858
v 0.059649 0.404720 0.050733
v 0.063027 0.404720 0.059858
v 0.000001 0.689134 -0.170275
v 0.060381 0.278960 0.050733
v -0.017587 0.696420 -0.170275
v -0.024873 0.714008 -0.170275
v 0.051494 0.404720 0.046954
v -0.017587 0.731597 -0.170275
v 0.000001 0.738882 -0.170275
v 0.052226 0.278960 0.046954
v 0.017589 0.731597 -0.170275
v 0.024875 0.714008 -0.170275
v 0.043339 0.404720 0.050733
v 0.017589 0.696420 -0.170275
v -0.004799 0.702990 -0.169644
v 0.044071 0.278960 0.050733
v -0.004800 0.702990 0.169658
v -0.004799 0.724342 -0.169644
v 0.039960 0.404720 0.059858
v 0.013691 0.713666 0.169658
v -0.004800 0.724342 0.169658
v 0.040692 0.278960 0.059858
v 0.013691 0.713666 -0.169644
v 0.017589 0.696420 0.170058
v 0.043339 0.404720 0.068983
v -0.017587 0.696420 0.170058
v -0.024873 0.714008 0.170058
v 0.044071 0.278960 0.068983
v -0.017587 0.731597 0.170058
v 0.000001 0.738882 0.170058
v 0.051494 0.404720 0.072762
v 0.017589 0.731597 0.170058
v 0.000001 0.689134 0.170058
v 0.052226 0.278960 0.072762
v 0.024875 0.714008 0.170058
v 0.017589 0.696420 0.170058
v 0.059649 0.404720 0.068983
v 0.000001 0.689134 0.170058
v -0.024873 0.714008 0.170058
v 0.060381 0.278960 0.068983
v -0.017587 0.731597 0.170058
v 0.000001 0.738882 0.170058
v 0.017589 0.731597 0.170058
v 0.024875 0.714008 0.170058
v -0.017587 0.696420 0.170058
v 0.017717 0.420058 -0.171199
v -0.017715 0.420058 -0.171199
v 0.051494 0.404720 0.059858
v 0.063027 0.404720 0.059858
v 0.059649 0.404720 0.050733
v -0.025054 0.437774 -0.171199
v -0.017715 0.455490 -0.171199
v 0.051494 0.404720 0.046954
v 0.000001 0.462829 -0.171199
v 0.017717 0.455490 -0.171199
v 0.043339 0.404720 0.050733
v 0.000001 0.412719 -0.171199
v 0.025056 0.437774 -0.171199
v 0.039960 0.404720 0.059858
v 0.000001 0.412719 -0.171199
v -0.017715 0.420058 -0.171199
v 0.043339 0.404720 0.068983
v -0.025054 0.437774 -0.171199
v -0.017715 0.455490 -0.171199
v 0.051494 0.404720 0.072762
v 0.000001 0.462829 -0.171199
v 0.017717 0.455490 -0.171199
v 0.059649 0.404720 0.068983
v 0.025056 0.437774 -0.171199
v 0.017717 0.420058 -0.171199
v -0.004799 0.426756 -0.169644
v -0.004800 0.426756 0.169658
v -0.004799 0.448107 -0.169644
v 0.013691 0.437432 0.169658
v -0.004800 0.448107 0.169658
v 0.013691 0.437432 -0.169644
v 0.017717 0.420057 0.170982
v -0.017715 0.420057 0.170982
v -0.025054 0.437774 0.170982
v -0.017715 0.455490 0.170982
v 0.000001 0.462829 0.170982
v -0.088153 0.478764 -0.006254
v -0.064922 0.493604 -0.032247
v -0.055298 0.493604 -0.006254
v 0.017717 0.455490 0.170982
v -0.088153 0.493604 -0.043014
v 0.000001 0.412719 0.170982
v 0.025056 0.437774 0.170982
v -0.111385 0.493604 -0.032247
v 0.017717 0.420057 0.170982
v 0.000001 0.412719 0.170982
v -0.121007 0.493604 -0.006254
v -0.025054 0.437774 0.170982
v -0.017715 0.455490 0.170982
v -0.111385 0.493604 0.019739
v 0.000001 0.462829 0.170982
v 0.017717 0.455490 0.170982
v -0.088153 0.493604 0.030506
v 0.025056 0.437774 0.170982
v -0.017715 0.420057 0.170982
v -0.064922 0.493604 0.019739
v -0.065831 0.730375 0.019739
v -0.089063 0.730375 0.030506
v -0.112294 0.730375 0.019739
v -0.121918 0.730375 -0.006254
v -0.055298 0.493604 -0.006254
v -0.065831 0.730375 -0.032247
v -0.056209 0.730375 -0.006254
v -0.112294 0.730375 -0.032247
v -0.064922 0.493604 -0.032247
v -0.089063 0.730375 -0.043014
v -0.065831 0.730375 -0.032247
v -0.089063 0.730375 -0.043014
v -0.056209 0.730375 -0.006254
v -0.089063 0.741291 -0.006254
v -0.088153 0.493604 -0.043014
v -0.064922 0.493604 0.019739
v -0.065831 0.730375 0.019739
v -0.112294 0.730375 -0.032247
v -0.088153 0.493604 0.030506
v -0.089063 0.730375 0.030506
v -0.111385 0.493604 -0.032247
v -0.111385 0.493604 0.019739
v -0.112294 0.730375 0.019739
v -0.121918 0.730375 -0.006254
v -0.121007 0.493604 -0.006254
vn -0.0000 -1.0000 -0.0000
vn 0.9603 -0.0000 -0.2789
vn 0.6308 -0.0000 -0.7760
vn -0.0000 -0.0000 -1.0000
vn -0.6308 -0.0000 -0.7760
vn -0.9603 -0.0000 -0.2789
vn -0.9603 -0.0000 0.2789
vn -0.6308 -0.0000 0.7760
vn -0.0000 -0.0000 1.0000
vn 0.6308 -0.0000 0.7760
vn 0.9603 -0.0000 0.2789
vn -0.0000 1.0000 -0.0000
vn 0.9511 0.3090 -0.0000
vn 0.5878 0.8090 -0.0000
vn -0.5878 0.8090 -0.0000
vn -0.9511 0.3090 -0.0000
vn -0.9511 -0.3090 -0.0000
vn -0.5878 -0.8090 -0.0000
vn 0.5878 -0.8090 -0.0000
vn 0.9511 -0.3090 -0.0000
vn 1.0000 -0.0000 -0.0000
vn -1.0000 -0.0000 -0.0000
vn -0.0000 1.0000 -0.0012
vn -0.0000 -1.0000 0.0012
vn 0.5426 -0.0000 -0.8400
vn 0.5426 -0.0000 0.8400
vn 1.0000 -0.0000 -0.0012
vn -1.0000 -0.0000 0.0013
vn 1.0000 -0.0000 -0.0013
vn -1.0000 0.0041 0.0012
vn 0.0039 -1.0000 -0.0000
vn -1.0000 -0.0000 0.0012
vn -0.6308 -0.0000 0.7759
vn 0.6308 -0.0000 0.7759
vn -0.0000 1.0000 -0.0013
vn 0.0040 -1.0000 -0.0000
vn 0.9191 0.3939 -0.0000
vn 0.5363 0.8440 -0.0000
vn -0.5363 0.8440 -0.0000
vn -0.9191 0.3939 -0.0000
vn 0.5315 0.8329 -0.1541
vn 0.3345 0.8481 -0.4109
vn -0.0000 0.8579 -0.5137
vn -0.3345 0.8481 -0.4109
vn -0.5315 0.8329 -0.1541
vn -0.5315 0.8329 0.1541
vn -0.3345 0.8481 0.4109
vn -0.0000 0.8579 0.5137
vn 0.3345 0.8481 0.4109
vn 0.5315 0.8329 0.1541
vn 0.9602 -0.0000 -0.2794
vn 0.6300 -0.0000 -0.7766
vn -0.6300 -0.0000 -0.7766
vn -0.9602 -0.0000 -0.2794
vn -0.9602 -0.0000 0.2794
vn -0.6300 -0.0000 0.7766
vn 0.6300 -0.0000 0.7766
vn 0.9602 -0.0000 0.2794
vn 0.9362 0.2221 -0.2724
vn 0.6124 0.2350 -0.7548
vn -0.0000 0.2443 -0.9697
vn -0.6124 0.2350 -0.7548
vn -0.9362 0.2221 -0.2724
vn -0.9362 0.2221 0.2724
vn -0.6124 0.2350 0.7548
vn -0.0000 0.2443 0.9697
vn 0.6124 0.2350 0.7548
vn 0.9362 0.2221 0.2724
vn 0.9455 0.1744 -0.2751
vn 0.9455 0.1743 -0.2751
vn 0.6192 0.1848 -0.7632
vn -0.0000 0.1922 -0.9814
vn -0.6192 0.1848 -0.7632
vn -0.6192 0.1847 -0.7632
vn -0.9455 0.1744 -0.2751
vn -0.9455 0.1744 0.2751
vn -0.6192 0.1847 0.7632
vn -0.0000 0.1922 0.9814
vn 0.6192 0.1847 0.7632
vn 0.9455 0.1743 0.2751
vn 0.9455 0.1744 0.2751
vn 0.9010 0.4339 -0.0000
vn 0.2225 0.9749 -0.0000
vn -0.6235 0.7818 -0.0000
vn -0.6235 -0.7818 -0.0000
vn 0.2225 -0.9749 -0.0000
vn 0.9010 -0.4338 -0.0000
vn 0.5427 -0.0000 0.8399
vn 0.5427 -0.0000 -0.8399
vn -0.0001 1.0000 -0.0000
vn 0.8015 -0.0000 -0.5980
vn 0.8037 -0.0000 0.5950
vn 0.9378 0.0055 -0.3472
vn 0.4205 0.0024 -0.9073
vn -0.4205 -0.0024 -0.9073
vn -0.9378 -0.0055 -0.3472
vn -0.9378 -0.0055 0.3472
vn -0.4205 -0.0024 0.9073
vn -0.4204 -0.0024 0.9073
vn 0.4204 0.0024 0.9073
vn 0.4205 0.0024 0.9073
vn 0.9378 0.0055 0.3471
vn 0.9378 0.0055 0.3472
vn 0.9378 0.0055 -0.3471
vn 0.4204 0.0024 -0.9073
vn -0.4204 -0.0024 -0.9073
vn 0.4069 -0.9009 -0.1507
vn 0.1710 -0.9136 -0.3688
vn -0.1709 -0.9136 -0.3688
vn -0.4069 -0.9009 -0.1507
vn -0.4069 -0.9009 0.1507
vn -0.1709 -0.9136 0.3688
vn 0.1709 -0.9136 0.3688
vn 0.4069 -0.9009 0.1507
vn 0.9378 0.0036 -0.3472
vn 0.4205 0.0016 -0.9073
vn -0.4205 -0.0016 -0.9073
vn -0.9378 -0.0036 -0.3472
vn -0.9378 -0.0036 0.3472
vn -0.4205 -0.0016 0.9073
vn 0.4205 0.0016 0.9073
vn 0.9378 0.0036 0.3472
vn 0.3132 0.9426 -0.1159
vn 0.1308 0.9504 -0.2822
vn -0.1308 0.9504 -0.2822
vn -0.3132 0.9426 -0.1159
vn -0.3132 0.9426 0.1159
vn -0.1308 0.9504 0.2822
vn 0.1308 0.9504 0.2822
vn 0.3132 0.9426 0.1159
vn 0.5000 0.8660 -0.0000
vn 0.5000 -0.8660 -0.0000
vn 0.1709 -0.9136 -0.3688
vn 0.9378 -0.0008 -0.3472
vn 0.9378 -0.0009 -0.3472
vn 0.4205 -0.0004 -0.9073
vn -0.4205 0.0004 -0.9073
vn -0.9378 0.0008 -0.3472
vn -0.9378 0.0008 0.3472
vn -0.4205 0.0004 0.9073
vn 0.4205 -0.0004 0.9073
vn 0.9378 -0.0009 0.3472
vn 0.9378 -0.0008 0.3472
vt 0.165318 0.046368
vt 0.172651 0.055042
vt 0.174382 0.046368
vt 0.168119 0.060403
vt 0.162517 0.060403
vt 0.157985 0.055042
vt 0.156254 0.046368
vt 0.157985 0.037694
vt 0.162517 0.032333
vt 0.168119 0.032333
vt 0.172651 0.037694
vt 0.158599 0.046742
vt 0.172000 0.051199
vt 0.172000 0.046742
vt 0.158599 0.051199
vt 0.172000 0.053954
vt 0.158599 0.053954
vt 0.172000 0.042284
vt 0.158599 0.042284
vt 0.172000 0.039530
vt 0.158599 0.039530
vt 0.164964 0.046369
vt 0.171977 0.054665
vt 0.173632 0.046369
vt 0.167642 0.059792
vt 0.162285 0.059792
vt 0.157950 0.054665
vt 0.156295 0.046369
vt 0.157950 0.038073
vt 0.162285 0.032946
vt 0.167642 0.032946
vt 0.171977 0.038073
vt 0.169442 0.052682
vt 0.168536 0.038415
vt 0.169442 0.038415
vt 0.168536 0.052682
vt 0.166164 0.038415
vt 0.166164 0.052682
vt 0.163232 0.038415
vt 0.163232 0.052682
vt 0.160860 0.038415
vt 0.160860 0.052682
vt 0.159954 0.038415
vt 0.159954 0.052682
vt 0.171726 0.038593
vt 0.171216 0.054414
vt 0.171726 0.054414
vt 0.171216 0.038593
vt 0.169881 0.054414
vt 0.169881 0.038593
vt 0.168230 0.054414
vt 0.168230 0.038593
vt 0.166894 0.054414
vt 0.166894 0.038593
vt 0.166384 0.054414
vt 0.166384 0.038593
vt 0.165363 0.046392
vt 0.172897 0.046392
vt 0.171458 0.053601
vt 0.167691 0.058057
vt 0.163035 0.058057
vt 0.159268 0.053601
vt 0.157829 0.046392
vt 0.159268 0.039182
vt 0.163035 0.034726
vt 0.167691 0.034726
vt 0.171458 0.039182
vt 0.073275 0.064785
vt 0.070968 0.064788
vt 0.070968 0.063861
vt 0.073275 0.063857
vt 0.071772 0.051388
vt 0.072701 0.051388
vt 0.072697 0.053695
vt 0.071769 0.053695
vt 0.085771 0.076704
vt 0.084843 0.076704
vt 0.084843 0.063677
vt 0.085771 0.063677
vt 0.080508 0.076704
vt 0.078200 0.076704
vt 0.078200 0.063677
vt 0.080508 0.063677
vt 0.084843 0.050389
vt 0.085771 0.050389
vt 0.085771 0.063415
vt 0.084843 0.063415
vt 0.080508 0.063415
vt 0.078200 0.063415
vt 0.078200 0.050389
vt 0.080508 0.050389
vt 0.072360 0.051169
vt 0.072019 0.051365
vt 0.072360 0.050776
vt 0.072701 0.051365
vt 0.087618 0.058891
vt 0.087029 0.050389
vt 0.087618 0.050389
vt 0.087029 0.058891
vt 0.068739 0.062556
vt 0.068059 0.054053
vt 0.068739 0.054053
vt 0.068059 0.062556
vt 0.086379 0.076791
vt 0.085789 0.068288
vt 0.086379 0.068288
vt 0.085789 0.076791
vt 0.066449 0.053498
vt 0.066109 0.053695
vt 0.066449 0.053106
vt 0.066789 0.053695
vt 0.087011 0.058891
vt 0.086422 0.050389
vt 0.087011 0.050389
vt 0.086422 0.058891
vt 0.069427 0.062556
vt 0.068746 0.054053
vt 0.069427 0.054053
vt 0.068746 0.062556
vt 0.087011 0.067652
vt 0.086422 0.059149
vt 0.087011 0.059149
vt 0.086422 0.067652
vt 0.063050 0.067118
vt 0.062502 0.067118
vt 0.062505 0.064811
vt 0.063053 0.064811
vt 0.062276 0.062618
vt 0.061728 0.063366
vt 0.061728 0.050389
vt 0.062276 0.050389
vt 0.082861 0.063366
vt 0.080554 0.063366
vt 0.080554 0.050389
vt 0.082861 0.050389
vt 0.073275 0.063366
vt 0.072726 0.062618
vt 0.072726 0.050389
vt 0.073275 0.050389
vt 0.082861 0.075988
vt 0.080554 0.075988
vt 0.080554 0.063759
vt 0.082861 0.063759
vt 0.067397 0.062618
vt 0.066848 0.063366
vt 0.065067 0.067628
vt 0.067374 0.067625
vt 0.067374 0.072745
vt 0.065067 0.072749
vt 0.068155 0.063366
vt 0.067606 0.062618
vt 0.070927 0.067625
vt 0.073234 0.067628
vt 0.073234 0.072749
vt 0.070927 0.072745
vt 0.067415 0.067118
vt 0.066848 0.067116
vt 0.063090 0.067118
vt 0.063090 0.064811
vt 0.066841 0.064811
vt 0.066841 0.067118
vt 0.068155 0.067116
vt 0.067588 0.067118
vt 0.068774 0.067118
vt 0.068774 0.064811
vt 0.073275 0.064811
vt 0.073275 0.067118
vt 0.071760 0.052184
vt 0.071760 0.052751
vt 0.069453 0.052188
vt 0.069453 0.052755
vt 0.071760 0.053692
vt 0.069453 0.053695
vt 0.069453 0.052767
vt 0.071760 0.052764
vt 0.068638 0.064785
vt 0.068638 0.063857
vt 0.070945 0.063861
vt 0.070945 0.064788
vt 0.083858 0.076978
vt 0.082931 0.076978
vt 0.082931 0.050389
vt 0.083858 0.050389
vt 0.075754 0.076978
vt 0.073447 0.076978
vt 0.073447 0.050389
vt 0.075754 0.050389
vt 0.084814 0.076978
vt 0.083887 0.076978
vt 0.083887 0.050389
vt 0.084814 0.050389
vt 0.078130 0.076978
vt 0.075824 0.076978
vt 0.075824 0.050389
vt 0.078130 0.050389
vt 0.064969 0.067625
vt 0.064969 0.076399
vt 0.061728 0.076399
vt 0.061728 0.067625
vt 0.070829 0.076399
vt 0.067588 0.076399
vt 0.067588 0.067625
vt 0.070829 0.067625
vt 0.068807 0.053968
vt 0.068807 0.050727
vt 0.069427 0.050727
vt 0.069427 0.053968
vt 0.062896 0.062556
vt 0.062896 0.053783
vt 0.063516 0.053783
vt 0.063516 0.062556
vt 0.068120 0.053968
vt 0.068120 0.050727
vt 0.068739 0.050727
vt 0.068739 0.053968
vt 0.063522 0.062556
vt 0.063522 0.053783
vt 0.064141 0.053783
vt 0.064141 0.062556
vt 0.072701 0.053783
vt 0.072701 0.062556
vt 0.069459 0.062556
vt 0.069459 0.053783
vt 0.067415 0.062556
vt 0.064174 0.062556
vt 0.064174 0.053783
vt 0.067415 0.053783
vt 0.066841 0.064788
vt 0.063600 0.064788
vt 0.063600 0.064169
vt 0.066841 0.064169
vt 0.086409 0.059338
vt 0.086409 0.068112
vt 0.085789 0.068112
vt 0.085789 0.059338
vt 0.066795 0.053695
vt 0.066795 0.050454
vt 0.067415 0.050454
vt 0.067415 0.053695
vt 0.086409 0.050389
vt 0.086409 0.059162
vt 0.085789 0.059162
vt 0.085789 0.050389
vt 0.177243 0.070267
vt 0.183789 0.077812
vt 0.185335 0.070267
vt 0.179743 0.082475
vt 0.174742 0.082475
vt 0.170696 0.077812
vt 0.169151 0.070267
vt 0.170696 0.062722
vt 0.174742 0.058059
vt 0.179743 0.058059
vt 0.183789 0.062722
vt 0.171244 0.070592
vt 0.183208 0.074469
vt 0.183208 0.070592
vt 0.171244 0.074469
vt 0.183208 0.076866
vt 0.171244 0.076866
vt 0.183208 0.066715
vt 0.171244 0.066715
vt 0.183208 0.064319
vt 0.171244 0.064319
vt 0.176926 0.070268
vt 0.183188 0.077484
vt 0.184666 0.070268
vt 0.179318 0.081944
vt 0.174535 0.081944
vt 0.170665 0.077484
vt 0.169187 0.070268
vt 0.170665 0.063052
vt 0.174535 0.058592
vt 0.179318 0.058592
vt 0.183188 0.063052
vt 0.180925 0.075759
vt 0.180116 0.063349
vt 0.180925 0.063349
vt 0.180116 0.075759
vt 0.177998 0.063349
vt 0.177998 0.075759
vt 0.175381 0.063349
vt 0.175381 0.075759
vt 0.173263 0.063349
vt 0.173263 0.075759
vt 0.172454 0.063349
vt 0.172454 0.075759
vt 0.182964 0.063503
vt 0.182508 0.077266
vt 0.182964 0.077266
vt 0.182508 0.063503
vt 0.181316 0.077266
vt 0.181316 0.063503
vt 0.179842 0.077266
vt 0.179842 0.063503
vt 0.178650 0.077266
vt 0.178650 0.063503
vt 0.178195 0.077266
vt 0.178195 0.063503
vt 0.177283 0.070288
vt 0.184009 0.070288
vt 0.182725 0.076559
vt 0.179362 0.080435
vt 0.175205 0.080435
vt 0.171842 0.076559
vt 0.170557 0.070288
vt 0.171842 0.064016
vt 0.175205 0.060140
vt 0.179362 0.060140
vt 0.182725 0.064016
vt 0.073748 0.023775
vt 0.072868 0.023776
vt 0.072868 0.023422
vt 0.073748 0.023421
vt 0.073174 0.018663
vt 0.073529 0.018663
vt 0.073527 0.019544
vt 0.073173 0.019544
vt 0.078515 0.028322
vt 0.078161 0.028322
vt 0.078161 0.023352
vt 0.078515 0.023352
vt 0.076507 0.028322
vt 0.075627 0.028322
vt 0.075627 0.023352
vt 0.076507 0.023352
vt 0.078161 0.018282
vt 0.078515 0.018282
vt 0.078515 0.023252
vt 0.078161 0.023252
vt 0.076507 0.023252
vt 0.075627 0.023252
vt 0.075627 0.018282
vt 0.076507 0.018282
vt 0.073399 0.018580
vt 0.073269 0.018655
vt 0.073399 0.018430
vt 0.073529 0.018655
vt 0.079220 0.021526
vt 0.078995 0.018282
vt 0.079220 0.018282
vt 0.078995 0.021526
vt 0.072017 0.022925
vt 0.071758 0.019680
vt 0.072017 0.019680
vt 0.071758 0.022925
vt 0.078747 0.028356
vt 0.078522 0.025111
vt 0.078747 0.025111
vt 0.078522 0.028356
vt 0.071143 0.019469
vt 0.071014 0.019544
vt 0.071143 0.019319
vt 0.071273 0.019544
vt 0.078989 0.021526
vt 0.078764 0.018282
vt 0.078989 0.018282
vt 0.078764 0.021526
vt 0.072280 0.022925
vt 0.072020 0.019680
vt 0.072280 0.019680
vt 0.072020 0.022925
vt 0.078989 0.024869
vt 0.078764 0.021625
vt 0.078989 0.021625
vt 0.078764 0.024869
vt 0.069847 0.024665
vt 0.069637 0.024665
vt 0.069639 0.023785
vt 0.069848 0.023785
vt 0.069551 0.022948
vt 0.069342 0.023233
vt 0.069342 0.018282
vt 0.069551 0.018282
vt 0.077405 0.023233
vt 0.076525 0.023233
vt 0.076525 0.018282
vt 0.077405 0.018282
vt 0.073748 0.023233
vt 0.073538 0.022948
vt 0.073538 0.018282
vt 0.073748 0.018282
vt 0.077405 0.028049
vt 0.076525 0.028049
vt 0.076525 0.023383
vt 0.077405 0.023383
vt 0.071505 0.022948
vt 0.071296 0.023233
vt 0.070616 0.024860
vt 0.071496 0.024858
vt 0.071496 0.026812
vt 0.070616 0.026813
vt 0.071794 0.023233
vt 0.071585 0.022948
vt 0.072852 0.024858
vt 0.073732 0.024860
vt 0.073732 0.026813
vt 0.072852 0.026812
vt 0.071512 0.024665
vt 0.071296 0.024664
vt 0.069862 0.024665
vt 0.069862 0.023785
vt 0.071293 0.023785
vt 0.071293 0.024665
vt 0.071794 0.024664
vt 0.071578 0.024665
vt 0.072031 0.024665
vt 0.072031 0.023785
vt 0.073748 0.023785
vt 0.073748 0.024665
vt 0.073170 0.018967
vt 0.073170 0.019184
vt 0.072290 0.018968
vt 0.072290 0.019185
vt 0.073170 0.019542
vt 0.072290 0.019544
vt 0.072290 0.019190
vt 0.073170 0.019188
vt 0.071979 0.023775
vt 0.071979 0.023421
vt 0.072859 0.023422
vt 0.072859 0.023776
vt 0.077786 0.028427
vt 0.077432 0.028427
vt 0.077432 0.018282
vt 0.077786 0.018282
vt 0.074694 0.028427
vt 0.073813 0.028427
vt 0.073813 0.018282
vt 0.074694 0.018282
vt 0.078151 0.028427
vt 0.077797 0.028427
vt 0.077797 0.018282
vt 0.078151 0.018282
vt 0.075600 0.028427
vt 0.074720 0.028427
vt 0.074720 0.018282
vt 0.075600 0.018282
vt 0.070579 0.024858
vt 0.070579 0.028206
vt 0.069342 0.028206
vt 0.069342 0.024858
vt 0.072814 0.028206
vt 0.071578 0.028206
vt 0.071578 0.024858
vt 0.072814 0.024858
vt 0.072043 0.019648
vt 0.072043 0.018411
vt 0.072280 0.018411
vt 0.072280 0.019648
vt 0.069788 0.022925
vt 0.069788 0.019577
vt 0.070024 0.019577
vt 0.070024 0.022925
vt 0.071781 0.019648
vt 0.071781 0.018411
vt 0.072017 0.018411
vt 0.072017 0.019648
vt 0.070027 0.022925
vt 0.070027 0.019577
vt 0.070263 0.019577
vt 0.070263 0.022925
vt 0.073529 0.019577
vt 0.073529 0.022925
vt 0.072292 0.022925
vt 0.072292 0.019577
vt 0.071512 0.022925
vt 0.070276 0.022925
vt 0.070276 0.019577
vt 0.071512 0.019577
vt 0.071293 0.023776
vt 0.070056 0.023776
vt 0.070056 0.023540
vt 0.071293 0.023540
vt 0.078759 0.021697
vt 0.078759 0.025044
vt 0.078522 0.025044
vt 0.078522 0.021697
vt 0.071276 0.019544
vt 0.071276 0.018307
vt 0.071512 0.018307
vt 0.071512 0.019544
vt 0.078759 0.018282
vt 0.078759 0.021629
vt 0.078522 0.021629
vt 0.078522 0.018282
vt 0.013648 0.419708
vt 0.013648 0.235768
vt 0.430135 0.419708
vt 0.430135 0.235768
vt 0.029372 0.510124
vt 0.411799 0.509113
vt 0.069786 0.566243
vt 0.368775 0.566243
vt 0.053120 0.025681
vt 0.035829 0.025681
vt 0.053120 0.020952
vt 0.035829 0.020952
vt 0.111945 0.076228
vt 0.111945 0.078186
vt 0.112436 0.076228
vt 0.112436 0.078186
vt 0.113590 0.076228
vt 0.113590 0.078186
vt 0.121469 0.076228
vt 0.121469 0.078186
vt 0.122623 0.076228
vt 0.122623 0.078186
vt 0.123115 0.076228
vt 0.123115 0.078186
vt 0.019071 0.091495
vt 0.024023 0.094425
vt 0.025192 0.091495
vt 0.020962 0.096235
vt 0.017180 0.096235
vt 0.014120 0.094425
vt 0.012951 0.091495
vt 0.014120 0.088566
vt 0.017180 0.086756
vt 0.020962 0.086756
vt 0.024023 0.088566
vt 0.035602 0.051035
vt 0.033642 0.058633
vt 0.035602 0.058633
vt 0.033642 0.051035
vt 0.028511 0.058633
vt 0.028511 0.051035
vt 0.022169 0.058633
vt 0.022169 0.051035
vt 0.017038 0.058633
vt 0.017038 0.051035
vt 0.015078 0.058633
vt 0.015078 0.051035
vt 0.832218 0.226175
vt 0.479589 0.235494
vt 0.479589 0.226175
vt 0.832218 0.235494
vt 0.479589 0.259895
vt 0.832218 0.259895
vt 0.479589 0.290054
vt 0.832218 0.290054
vt 0.479589 0.314453
vt 0.832218 0.314453
vt 0.479589 0.323773
vt 0.832218 0.323773
vt 0.037654 0.050870
vt 0.035302 0.050870
vt 0.029145 0.050870
vt 0.021535 0.050870
vt 0.015378 0.050870
vt 0.013026 0.050870
vt 0.096975 0.132120
vt 0.100095 0.132120
vt 0.102298 0.133652
vt 0.099698 0.133652
vt 0.108265 0.132120
vt 0.109106 0.133652
vt 0.118363 0.132120
vt 0.117522 0.133652
vt 0.126533 0.132120
vt 0.124330 0.133652
vt 0.129653 0.132120
vt 0.126930 0.133652
vt 0.037654 0.045986
vt 0.035302 0.045986
vt 0.029145 0.045986
vt 0.021535 0.045986
vt 0.015378 0.045986
vt 0.013026 0.045986
vt 0.096902 0.086597
vt 0.100023 0.131971
vt 0.096902 0.131971
vt 0.100023 0.086597
vt 0.108192 0.131971
vt 0.108192 0.086597
vt 0.118290 0.131971
vt 0.118290 0.086597
vt 0.126460 0.131971
vt 0.126460 0.086597
vt 0.129581 0.131971
vt 0.129581 0.086597
vt 0.033549 0.058846
vt 0.031982 0.067742
vt 0.033549 0.067742
vt 0.031982 0.058846
vt 0.027877 0.067742
vt 0.027877 0.058846
vt 0.022803 0.067742
vt 0.022803 0.058846
vt 0.018699 0.067742
vt 0.018699 0.058846
vt 0.017131 0.067742
vt 0.017131 0.058846
vt 0.539808 0.325742
vt 0.885511 0.316153
vt 0.885511 0.325742
vt 0.539808 0.316153
vt 0.885511 0.291048
vt 0.539808 0.291048
vt 0.885511 0.260017
vt 0.539808 0.260017
vt 0.885511 0.234912
vt 0.539808 0.234912
vt 0.885511 0.225323
vt 0.539808 0.225323
vt 0.472784 0.243391
vt 0.472784 0.235935
vt 0.472784 0.262910
vt 0.472784 0.287038
vt 0.472784 0.306558
vt 0.472784 0.314013
vt 0.034669 0.094365
vt 0.033082 0.107543
vt 0.029517 0.110798
vt 0.026659 0.101678
vt 0.026659 0.087052
vt 0.029517 0.077933
vt 0.033082 0.081188
vt 0.030455 0.094365
vt 0.053027 0.073374
vt 0.052735 0.075394
vt 0.053610 0.073374
vt 0.052735 0.071354
vt 0.052735 0.075393
vt 0.053027 0.138754
vt 0.052735 0.140774
vt 0.053610 0.138754
vt 0.052735 0.136734
vt 0.056233 0.106064
vt 0.055778 0.109217
vt 0.057143 0.106064
vt 0.055778 0.102911
vt 0.055778 0.102910
vt 0.036184 0.094799
vt 0.032929 0.094799
vt 0.032929 0.091562
vt 0.036184 0.091562
vt 0.032929 0.098168
vt 0.032929 0.094931
vt 0.036184 0.094931
vt 0.036184 0.098168
vt 0.017053 0.098168
vt 0.017053 0.094931
vt 0.032310 0.094931
vt 0.032310 0.098168
vt 0.017053 0.084656
vt 0.017053 0.081402
vt 0.032310 0.081402
vt 0.032310 0.084656
vt 0.017053 0.101536
vt 0.017053 0.098299
vt 0.032310 0.098299
vt 0.032310 0.101536
vt 0.017053 0.081269
vt 0.017053 0.078015
vt 0.032310 0.078015
vt 0.032310 0.081269
vt 0.032929 0.081269
vt 0.032929 0.078015
vt 0.036807 0.078015
vt 0.036807 0.081269
vt 0.040715 0.081269
vt 0.040715 0.078015
vt 0.036807 0.088175
vt 0.040715 0.091413
vt 0.032929 0.091413
vt 0.036807 0.088026
vt 0.032929 0.084789
vt 0.040715 0.084789
vt 0.032929 0.084656
vt 0.032929 0.081402
vt 0.040715 0.081402
vt 0.040715 0.084656
vt 0.036184 0.101536
vt 0.032929 0.101536
vt 0.032929 0.098299
vt 0.036184 0.098299
vt 0.032929 0.104905
vt 0.032929 0.101668
vt 0.036184 0.101668
vt 0.036184 0.104905
vt 0.017053 0.104905
vt 0.017053 0.101668
vt 0.032310 0.101668
vt 0.032310 0.104905
vt 0.017053 0.091430
vt 0.017053 0.088175
vt 0.032310 0.088175
vt 0.032310 0.091430
vt 0.017053 0.094799
vt 0.017053 0.091562
vt 0.032310 0.091562
vt 0.032310 0.094799
vt 0.017053 0.088043
vt 0.017053 0.084789
vt 0.032310 0.084789
vt 0.032310 0.088043
vt 0.092764 0.034203
vt 0.097648 0.043959
vt 0.099671 0.034203
vt 0.092764 0.047999
vt 0.087880 0.043959
vt 0.085857 0.034203
vt 0.087880 0.024448
vt 0.092764 0.020407
vt 0.097648 0.024448
vt 0.085232 0.144853
vt 0.078861 0.199624
vt 0.084553 0.199624
vt 0.079540 0.144853
vt 0.073861 0.199624
vt 0.074540 0.144853
vt 0.068862 0.199624
vt 0.069541 0.144853
vt 0.063170 0.199624
vt 0.063849 0.144853
vt 0.092326 0.034203
vt 0.099233 0.034203
vt 0.097210 0.043959
vt 0.092326 0.047999
vt 0.087442 0.043959
vt 0.085419 0.034203
vt 0.087442 0.024448
vt 0.092326 0.020407
vt 0.097210 0.024448
vt 0.093655 0.154806
vt 0.096834 0.163028
vt 0.098151 0.154806
vt 0.093655 0.166433
vt 0.090476 0.163028
vt 0.089159 0.154806
vt 0.090476 0.146585
vt 0.093655 0.143180
vt 0.096834 0.146585
vt 0.131362 0.144011
vt 0.120082 0.196509
vt 0.130781 0.196509
vt 0.120664 0.144011
vt 0.109798 0.196509
vt 0.110379 0.144011
vt 0.101168 0.196509
vt 0.101750 0.144011
vt 0.088814 0.196509
vt 0.089396 0.144011
vt 0.093530 0.154806
vt 0.098026 0.154806
vt 0.096709 0.163028
vt 0.093530 0.166433
vt 0.090351 0.163028
vt 0.089034 0.154806
vt 0.090351 0.146585
vt 0.093530 0.143180
vt 0.096709 0.146585
vt 0.022718 0.029049
vt 0.026385 0.029429
vt 0.025756 0.029809
vt 0.024237 0.029966
vt 0.022718 0.029809
vt 0.022089 0.029429
vt 0.024237 0.028892
vt 0.025756 0.029049
vt 0.025120 0.029424
vt 0.023927 0.029596
vt 0.023927 0.029251
vt 0.022718 0.033504
vt 0.026385 0.033884
vt 0.025756 0.034264
vt 0.024237 0.034421
vt 0.022718 0.034264
vt 0.022089 0.033884
vt 0.024237 0.033347
vt 0.025756 0.033504
vt 0.025120 0.033878
vt 0.023927 0.034051
vt 0.023927 0.033706
vt 0.022718 0.037959
vt 0.026385 0.038339
vt 0.025756 0.038718
vt 0.024237 0.038876
vt 0.022718 0.038718
vt 0.022089 0.038339
vt 0.024237 0.037802
vt 0.025756 0.037959
vt 0.025120 0.038333
vt 0.023927 0.038505
vt 0.023927 0.038161
vt 0.024789 0.023922
vt 0.024387 0.023980
vt 0.024387 0.023864
vt 0.025003 0.023796
vt 0.025215 0.023924
vt 0.025003 0.024052
vt 0.024491 0.024105
vt 0.023979 0.024052
vt 0.023768 0.023924
vt 0.023979 0.023796
vt 0.024491 0.023743
vt 0.024789 0.025423
vt 0.024387 0.025481
vt 0.024387 0.025365
vt 0.025003 0.025297
vt 0.025215 0.025425
vt 0.025003 0.025553
vt 0.024491 0.025606
vt 0.023979 0.025553
vt 0.023768 0.025425
vt 0.023979 0.025297
vt 0.024491 0.025244
vt 0.024789 0.029928
vt 0.024387 0.029986
vt 0.024387 0.029870
vt 0.025003 0.029802
vt 0.025215 0.029930
vt 0.025003 0.030058
vt 0.024491 0.030111
vt 0.023979 0.030058
vt 0.023768 0.029930
vt 0.023979 0.029802
vt 0.024491 0.029749
vt 0.024789 0.031429
vt 0.024387 0.031487
vt 0.024387 0.031371
vt 0.025003 0.031303
vt 0.025215 0.031431
vt 0.025003 0.031559
vt 0.024491 0.031612
vt 0.023979 0.031559
vt 0.023768 0.031431
vt 0.023979 0.031303
vt 0.024491 0.031250
vt 0.023132 0.034399
vt 0.023132 0.034588
vt 0.023132 0.033643
vt 0.023132 0.033832
vt 0.023132 0.031375
vt 0.023132 0.031564
vt 0.023132 0.030619
vt 0.023132 0.030808
vt 0.547176 0.268322
vt 0.548814 0.268492
vt 0.548533 0.268661
vt 0.547854 0.268732
vt 0.547176 0.268661
vt 0.546895 0.268492
vt 0.547854 0.268252
vt 0.548533 0.268322
vt 0.548249 0.268489
vt 0.547716 0.268566
vt 0.547716 0.268412
vt 0.547176 0.270312
vt 0.548814 0.270482
vt 0.548533 0.270651
vt 0.547854 0.270722
vt 0.547176 0.270651
vt 0.546895 0.270482
vt 0.547854 0.270242
vt 0.548533 0.270312
vt 0.548249 0.270479
vt 0.547716 0.270556
vt 0.547716 0.270402
vt 0.547176 0.276282
vt 0.548814 0.276452
vt 0.548533 0.276621
vt 0.547854 0.276691
vt 0.547176 0.276621
vt 0.546895 0.276452
vt 0.547854 0.276212
vt 0.548533 0.276282
vt 0.548249 0.276449
vt 0.547716 0.276526
vt 0.547716 0.276372
vt 0.646584 0.277824
vt 0.648222 0.277993
vt 0.647941 0.278163
vt 0.647263 0.278233
vt 0.646584 0.278163
vt 0.646303 0.277993
vt 0.647263 0.277753
vt 0.647941 0.277824
vt 0.647657 0.277991
vt 0.647124 0.278068
vt 0.647124 0.277914
vt 0.652066 0.272263
vt 0.652066 0.272629
vt 0.552226 0.262882
vt 0.552226 0.263247
vt 0.551223 0.266798
vt 0.551223 0.267163
vt 0.652066 0.264957
vt 0.652066 0.265323
vt 0.061542 0.036247
vt 0.058480 0.036263
vt 0.061539 0.031614
vt 0.058422 0.028417
vt 0.065255 0.028753
vt 0.065698 0.026871
vt 0.061598 0.023138
vt 0.058418 0.019051
vt 0.061594 0.019048
vt 0.052060 0.028087
vt 0.036459 0.030338
vt 0.036459 0.025835
s 0
usemtl main
f 1270/535/394 1269/536/394 1268/537/394
f 1270/535/394 1267/538/394 1269/536/394
f 1270/535/394 1266/539/394 1267/538/394
f 1270/535/394 1265/540/394 1266/539/394
f 1270/535/394 1264/541/394 1265/540/394
f 1270/535/394 1263/542/394 1264/541/394
f 1270/535/394 1262/543/394 1263/542/394
f 1270/535/394 1261/544/394 1262/543/394
f 1270/535/394 1260/545/394 1261/544/394
f 1270/535/394 1268/537/394 1260/545/394
f 1259/546/395 1258/547/395 1257/548/395
f 1259/546/395 1256/549/395 1258/547/395
f 1256/549/396 1255/550/396 1258/547/396
f 1256/549/396 1254/551/396 1255/550/396
f 1254/551/397 1253/550/397 1255/550/397
f 1254/551/397 1252/551/397 1253/550/397
f 1252/551/398 1251/547/398 1253/550/398
f 1252/551/398 1250/549/398 1251/547/398
f 1250/549/399 1249/548/399 1251/547/399
f 1250/549/399 1248/546/399 1249/548/399
f 1248/546/400 1247/552/400 1249/548/400
f 1248/546/400 1246/553/400 1247/552/400
f 1246/553/401 1245/554/401 1247/552/401
f 1246/553/401 1244/555/401 1245/554/401
f 1244/555/402 1243/554/402 1245/554/402
f 1244/555/402 1242/555/402 1243/554/402
f 1242/555/403 1241/552/403 1243/554/403
f 1242/555/403 1240/553/403 1241/552/403
f 1240/553/404 1257/548/404 1241/552/404
f 1240/553/404 1259/546/404 1257/548/404
f 1239/535/405 1238/537/405 1237/536/405
f 1239/535/405 1237/536/405 1236/538/405
f 1239/535/405 1236/538/405 1235/539/405
f 1239/535/405 1235/539/405 1234/540/405
f 1239/535/405 1234/540/405 1233/541/405
f 1239/535/405 1233/541/405 1232/542/405
f 1239/535/405 1232/542/405 1231/543/405
f 1239/535/405 1231/543/405 1230/544/405
f 1239/535/405 1230/544/405 1229/545/405
f 1239/535/405 1229/545/405 1238/537/405
f 1228/556/397 1227/557/397 1226/558/397
f 1228/556/397 1225/559/397 1227/557/397
f 1228/556/397 1224/560/397 1225/559/397
f 1228/556/397 1223/561/397 1224/560/397
f 1228/556/397 1222/562/397 1223/561/397
f 1228/556/397 1221/563/397 1222/562/397
f 1228/556/397 1220/564/397 1221/563/397
f 1228/556/397 1219/565/397 1220/564/397
f 1228/556/397 1218/566/397 1219/565/397
f 1228/556/397 1226/558/397 1218/566/397
f 1217/567/406 1216/568/406 1215/569/406
f 1217/567/406 1214/570/406 1216/568/406
f 1214/570/407 1213/571/407 1216/568/407
f 1214/570/407 1212/572/407 1213/571/407
f 1212/572/405 1211/573/405 1213/571/405
f 1212/572/405 1210/574/405 1211/573/405
f 1210/574/408 1209/575/408 1211/573/408
f 1210/574/408 1208/576/408 1209/575/408
f 1208/576/409 1207/577/409 1209/575/409
f 1208/576/409 1206/578/409 1207/577/409
f 1206/578/410 1205/575/410 1207/577/410
f 1206/578/410 1204/576/410 1205/575/410
f 1204/576/411 1203/573/411 1205/575/411
f 1204/576/411 1202/574/411 1203/573/411
f 1202/574/394 1201/571/394 1203/573/394
f 1202/574/394 1200/572/394 1201/571/394
f 1200/572/412 1199/568/412 1201/571/412
f 1200/572/412 1198/570/412 1199/568/412
f 1198/570/413 1215/569/413 1199/568/413
f 1198/570/413 1217/567/413 1215/569/413
f 1197/556/402 1196/558/402 1195/557/402
f 1197/556/402 1195/557/402 1194/559/402
f 1197/556/402 1194/559/402 1193/560/402
f 1197/556/402 1193/560/402 1192/561/402
f 1197/556/402 1192/561/402 1191/562/402
f 1197/556/402 1191/562/402 1190/563/402
f 1197/556/402 1190/563/402 1189/564/402
f 1197/556/402 1189/564/402 1188/565/402
f 1197/556/402 1188/565/402 1187/566/402
f 1197/556/402 1187/566/402 1196/558/402
f 1186/579/395 1185/580/395 1184/581/395
f 1186/579/395 1183/582/395 1185/580/395
f 1183/582/396 1182/583/396 1185/580/396
f 1183/582/396 1181/584/396 1182/583/396
f 1181/584/397 1180/585/397 1182/583/397
f 1181/584/397 1179/586/397 1180/585/397
f 1179/586/398 1178/587/398 1180/585/398
f 1179/586/398 1177/588/398 1178/587/398
f 1177/588/399 1176/589/399 1178/587/399
f 1177/588/399 1175/590/399 1176/589/399
f 1175/590/400 1174/587/400 1176/589/400
f 1175/590/400 1173/588/400 1174/587/400
f 1173/588/401 1172/585/401 1174/587/401
f 1173/588/401 1171/586/401 1172/585/401
f 1171/586/402 1170/583/402 1172/585/402
f 1171/586/402 1169/584/402 1170/583/402
f 1169/584/403 1168/580/403 1170/583/403
f 1169/584/403 1167/582/403 1168/580/403
f 1167/582/404 1184/581/404 1168/580/404
f 1167/582/404 1186/579/404 1184/581/404
f 1166/591/405 1165/592/405 1164/593/405
f 1166/591/405 1164/593/405 1163/594/405
f 1166/591/405 1163/594/405 1162/595/405
f 1166/591/405 1162/595/405 1161/596/405
f 1166/591/405 1161/596/405 1160/597/405
f 1166/591/405 1160/597/405 1159/598/405
f 1166/591/405 1159/598/405 1158/599/405
f 1166/591/405 1158/599/405 1157/600/405
f 1166/591/405 1157/600/405 1156/601/405
f 1166/591/405 1156/601/405 1165/592/405
f 1155/602/414 1154/603/414 1153/604/414
f 1153/604/414 1152/605/414 1155/602/414
f 1151/606/415 1150/607/415 1149/608/415
f 1149/608/415 1148/609/415 1151/606/415
f 1147/610/402 1146/611/402 1145/612/402
f 1145/612/402 1144/613/402 1147/610/402
f 1143/614/416 1142/615/416 1141/616/416
f 1141/616/416 1140/617/416 1143/614/416
f 1139/618/397 1138/619/397 1137/620/397
f 1137/620/397 1136/621/397 1139/618/397
f 1135/622/417 1134/623/417 1133/624/417
f 1133/624/417 1132/625/417 1135/622/417
f 1131/626/394 1130/627/394 1129/628/394
f 1131/626/394 1128/629/394 1130/627/394
f 1131/626/394 1129/628/394 1128/629/394
f 1127/630/418 1126/631/418 1125/632/418
f 1127/630/418 1124/633/418 1126/631/418
f 1123/634/415 1122/635/415 1121/636/415
f 1123/634/415 1120/637/415 1122/635/415
f 1119/638/419 1118/639/419 1117/640/419
f 1119/638/419 1116/641/419 1118/639/419
f 1115/642/394 1114/643/394 1113/644/394
f 1115/642/394 1112/645/394 1114/643/394
f 1115/642/394 1113/644/394 1112/645/394
f 1111/646/418 1110/647/418 1109/648/418
f 1111/646/418 1108/649/418 1110/647/418
f 1107/650/415 1106/651/415 1105/652/415
f 1107/650/415 1104/653/415 1106/651/415
f 1103/654/419 1102/655/419 1101/656/419
f 1103/654/419 1100/657/419 1102/655/419
f 1099/658/405 1098/659/405 1097/660/405
f 1097/660/405 1096/661/405 1099/658/405
f 1095/662/402 1094/663/402 1093/664/402
f 1092/664/402 1091/665/402 1090/662/402
f 1089/666/420 1088/667/420 1087/668/420
f 1086/668/420 1085/669/420 1084/666/420
f 1083/670/397 1082/671/397 1081/672/397
f 1080/672/397 1079/673/397 1078/670/397
f 1077/674/421 1076/675/421 1075/676/421
f 1074/676/421 1073/677/421 1072/674/421
f 1071/678/402 1070/679/402 1069/663/402
f 1069/663/402 1068/662/402 1071/678/402
f 1067/680/394 1066/681/394 1065/682/394
f 1065/682/394 1064/683/394 1067/680/394
f 1063/684/397 1062/685/397 1061/671/397
f 1060/671/397 1059/670/397 1058/684/397
f 1057/686/405 1056/687/405 1055/688/405
f 1055/688/405 1054/689/405 1057/686/405
f 1053/690/402 1052/691/402 1070/679/402
f 1070/679/402 1071/678/402 1053/690/402
f 1051/692/422 1050/693/422 1049/694/422
f 1048/694/422 1047/695/422 1046/692/422
f 1045/696/397 1044/697/397 1043/685/397
f 1042/685/397 1041/684/397 1040/696/397
f 1039/698/423 1038/699/423 1037/700/423
f 1036/700/423 1035/701/423 1034/698/423
f 1033/702/424 1032/703/424 1031/704/424
f 1031/704/424 1032/703/424 1030/705/424
f 1029/706/394 1028/707/394 1027/708/394
f 1027/708/394 1026/709/394 1029/706/394
f 1025/710/405 1024/711/405 1023/712/405
f 1023/712/405 1022/713/405 1025/710/405
f 1021/714/402 1020/715/402 1019/716/402
f 1019/716/402 1018/717/402 1021/714/402
f 1017/718/422 1016/719/422 1015/720/422
f 1015/720/422 1014/721/422 1017/718/422
f 1013/722/397 1012/723/397 1011/724/397
f 1011/724/397 1010/725/397 1013/722/397
f 1009/726/425 1008/727/425 1007/728/425
f 1007/728/425 1006/729/425 1009/726/425
f 1005/730/394 1004/731/394 1003/732/394
f 1003/732/394 1002/733/394 1005/730/394
f 1001/734/405 1000/735/405 999/736/405
f 999/736/405 998/737/405 1001/734/405
f 997/738/402 996/739/402 995/740/402
f 995/740/402 994/741/402 997/738/402
f 993/742/414 992/743/414 991/744/414
f 991/744/414 990/745/414 993/742/414
f 989/746/397 988/747/397 987/748/397
f 987/748/397 986/749/397 989/746/397
f 985/750/415 984/751/415 983/752/415
f 983/752/415 982/753/415 985/750/415
f 981/754/394 980/755/394 979/756/394
f 979/756/394 978/757/394 981/754/394
f 977/758/405 976/759/405 975/760/405
f 975/760/405 974/761/405 977/758/405
f 973/762/402 972/763/402 971/764/402
f 971/764/402 970/765/402 973/762/402
f 969/766/414 968/767/414 967/768/414
f 967/768/414 966/769/414 969/766/414
f 965/770/397 964/771/397 963/772/397
f 963/772/397 962/773/397 965/770/397
f 961/774/415 960/775/415 959/776/415
f 959/776/415 958/777/415 961/774/415
f 1271/778/394 1272/779/394 1273/780/394
f 1271/778/394 1275/781/394 1272/779/394
f 1271/778/394 1278/782/394 1275/781/394
f 1271/778/394 1281/783/394 1278/782/394
f 1271/778/394 1284/784/394 1281/783/394
f 1271/778/394 1287/785/394 1284/784/394
f 1271/778/394 1290/786/394 1287/785/394
f 1271/778/394 1293/787/394 1290/786/394
f 1271/778/394 1296/788/394 1293/787/394
f 1271/778/394 1273/780/394 1296/788/394
f 1301/789/395 1302/790/395 1303/791/395
f 1301/789/395 1305/792/395 1302/790/395
f 1305/792/396 1308/793/396 1302/790/396
f 1305/792/396 1311/794/396 1308/793/396
f 1311/794/397 1314/793/397 1308/793/397
f 1311/794/397 1317/794/397 1314/793/397
f 1317/794/398 1320/790/398 1314/793/398
f 1317/794/398 1323/792/398 1320/790/398
f 1323/792/399 1326/791/399 1320/790/399
f 1323/792/399 1329/789/399 1326/791/399
f 1329/789/400 1332/795/400 1326/791/400
f 1329/789/400 1335/796/400 1332/795/400
f 1335/796/401 1338/797/401 1332/795/401
f 1335/796/401 1341/798/401 1338/797/401
f 1341/798/402 1344/797/402 1338/797/402
f 1341/798/402 1347/798/402 1344/797/402
f 1347/798/403 1350/795/403 1344/797/403
f 1347/798/403 1353/796/403 1350/795/403
f 1353/796/404 1303/791/404 1350/795/404
f 1353/796/404 1301/789/404 1303/791/404
f 1360/778/405 1361/780/405 1362/779/405
f 1360/778/405 1362/779/405 1363/781/405
f 1360/778/405 1363/781/405 1364/782/405
f 1360/778/405 1364/782/405 1365/783/405
f 1360/778/405 1365/783/405 1366/784/405
f 1360/778/405 1366/784/405 1367/785/405
f 1360/778/405 1367/785/405 1368/786/405
f 1360/778/405 1368/786/405 1369/787/405
f 1360/778/405 1369/787/405 1370/788/405
f 1360/778/405 1370/788/405 1361/780/405
f 1371/799/397 1372/800/397 1373/801/397
f 1371/799/397 1374/802/397 1372/800/397
f 1371/799/397 1375/803/397 1374/802/397
f 1371/799/397 1376/804/397 1375/803/397
f 1371/799/397 1377/805/397 1376/804/397
f 1371/799/397 1378/806/397 1377/805/397
f 1371/799/397 1379/807/397 1378/806/397
f 1371/799/397 1380/808/397 1379/807/397
f 1371/799/397 1381/809/397 1380/808/397
f 1371/799/397 1373/801/397 1381/809/397
f 1382/810/406 1383/811/406 1384/812/406
f 1382/810/406 1385/813/406 1383/811/406
f 1385/813/407 1386/814/407 1383/811/407
f 1385/813/407 1387/815/407 1386/814/407
f 1387/815/405 1388/816/405 1386/814/405
f 1387/815/405 1389/817/405 1388/816/405
f 1389/817/408 1390/818/408 1388/816/408
f 1389/817/408 1391/819/408 1390/818/408
f 1391/819/409 1392/820/409 1390/818/409
f 1391/819/409 1393/821/409 1392/820/409
f 1393/821/410 1394/818/410 1392/820/410
f 1393/821/410 1395/819/410 1394/818/410
f 1395/819/411 1396/816/411 1394/818/411
f 1395/819/411 1397/817/411 1396/816/411
f 1397/817/394 1398/814/394 1396/816/394
f 1397/817/394 1399/815/394 1398/814/394
f 1399/815/412 1400/811/412 1398/814/412
f 1399/815/412 1401/813/412 1400/811/412
f 1401/813/413 1384/812/413 1400/811/413
f 1401/813/413 1382/810/413 1384/812/413
f 1402/799/402 1403/801/402 1404/800/402
f 1402/799/402 1404/800/402 1405/802/402
f 1402/799/402 1405/802/402 1406/803/402
f 1402/799/402 1406/803/402 1407/804/402
f 1402/799/402 1407/804/402 1408/805/402
f 1402/799/402 1408/805/402 1409/806/402
f 1402/799/402 1409/806/402 1410/807/402
f 1402/799/402 1410/807/402 1411/808/402
f 1402/799/402 1411/808/402 1412/809/402
f 1402/799/402 1412/809/402 1403/801/402
f 1413/822/395 1414/823/395 1415/824/395
f 1413/822/395 1416/825/395 1414/823/395
f 1416/825/396 1417/826/396 1414/823/396
f 1416/825/396 1418/827/396 1417/826/396
f 1418/827/397 1419/828/397 1417/826/397
f 1418/827/397 1420/829/397 1419/828/397
f 1420/829/398 1421/830/398 1419/828/398
f 1420/829/398 1422/831/398 1421/830/398
f 1422/831/399 1423/832/399 1421/830/399
f 1422/831/399 1424/833/399 1423/832/399
f 1424/833/400 1425/830/400 1423/832/400
f 1424/833/400 1426/831/400 1425/830/400
f 1426/831/426 1427/828/426 1425/830/426
f 1426/831/426 1428/829/426 1427/828/426
f 1428/829/402 1429/826/402 1427/828/402
f 1428/829/402 1430/827/402 1429/826/402
f 1430/827/427 1431/823/427 1429/826/427
f 1430/827/427 1432/825/427 1431/823/427
f 1432/825/404 1415/824/404 1431/823/404
f 1432/825/404 1413/822/404 1415/824/404
f 1433/834/405 1434/835/405 1435/836/405
f 1433/834/405 1435/836/405 1436/837/405
f 1433/834/405 1436/837/405 1437/838/405
f 1433/834/405 1437/838/405 1438/839/405
f 1433/834/405 1438/839/405 1439/840/405
f 1433/834/405 1439/840/405 1440/841/405
f 1433/834/405 1440/841/405 1441/842/405
f 1433/834/405 1441/842/405 1442/843/405
f 1433/834/405 1442/843/405 1443/844/405
f 1433/834/405 1443/844/405 1434/835/405
f 1444/845/414 1445/846/414 1446/847/414
f 1446/847/414 1447/848/414 1444/845/414
f 1448/849/415 1449/850/415 1450/851/415
f 1450/851/415 1451/852/415 1448/849/415
f 1452/853/402 1453/854/402 1454/855/402
f 1454/855/402 1455/856/402 1452/853/402
f 1456/857/428 1457/858/428 1458/859/428
f 1458/859/428 1459/860/428 1456/857/428
f 1460/861/397 1461/862/397 1462/863/397
f 1462/863/397 1463/864/397 1460/861/397
f 1464/865/417 1465/866/417 1466/867/417
f 1466/867/417 1467/868/417 1464/865/417
f 1468/869/394 1469/870/394 1470/871/394
f 1468/869/394 1471/872/394 1469/870/394
f 1468/869/394 1470/871/394 1471/872/394
f 1472/873/418 1473/874/418 1474/875/418
f 1472/873/418 1475/876/418 1473/874/418
f 1476/877/415 1477/878/415 1478/879/415
f 1476/877/415 1479/880/415 1477/878/415
f 1480/881/419 1481/882/419 1482/883/419
f 1480/881/419 1483/884/419 1481/882/419
f 1484/885/394 1485/886/394 1486/887/394
f 1484/885/394 1487/888/394 1485/886/394
f 1484/885/394 1486/887/394 1487/888/394
f 1488/889/418 1489/890/418 1490/891/418
f 1488/889/418 1491/892/418 1489/890/418
f 1492/893/415 1493/894/415 1494/895/415
f 1492/893/415 1495/896/415 1493/894/415
f 1496/897/419 1497/898/419 1498/899/419
f 1496/897/419 1499/900/419 1497/898/419
f 1500/901/405 1501/902/405 1502/903/405
f 1502/903/405 1503/904/405 1500/901/405
f 1504/905/402 1505/906/402 1506/907/402
f 1507/907/402 1508/908/402 1509/905/402
f 1510/909/420 1511/910/420 1512/911/420
f 1512/911/420 1513/912/420 1510/909/420
f 1514/913/397 1515/914/397 1516/915/397
f 1517/915/397 1518/916/397 1519/913/397
f 1520/917/421 1521/918/421 1522/919/421
f 1522/919/421 1523/920/421 1520/917/421
f 1524/921/402 1525/922/402 1526/906/402
f 1527/906/402 1528/905/402 1529/921/402
f 1530/923/394 1531/924/394 1532/925/394
f 1533/925/394 1534/926/394 1535/923/394
f 1536/927/397 1537/928/397 1538/914/397
f 1539/914/397 1540/913/397 1541/927/397
f 1542/929/405 1543/930/405 1544/931/405
f 1545/931/405 1546/932/405 1547/929/405
f 1548/933/402 1549/934/402 1550/922/402
f 1551/922/402 1552/921/402 1553/933/402
f 1554/935/420 1555/936/420 1556/937/420
f 1557/937/420 1558/938/420 1559/935/420
f 1560/939/397 1561/940/397 1562/928/397
f 1563/928/397 1564/927/397 1565/939/397
f 1566/941/423 1567/942/423 1568/943/423
f 1569/943/423 1570/944/423 1571/941/423
f 1572/945/429 1573/946/429 1574/947/429
f 1574/947/429 1573/946/429 1575/948/429
f 1576/949/394 1577/950/394 1578/951/394
f 1578/951/394 1579/952/394 1576/949/394
f 1580/953/405 1581/954/405 1582/955/405
f 1582/955/405 1583/956/405 1580/953/405
f 1584/957/402 1585/958/402 1586/959/402
f 1586/959/402 1587/960/402 1584/957/402
f 1588/961/422 1589/962/422 1590/963/422
f 1590/963/422 1591/964/422 1588/961/422
f 1592/965/397 1593/966/397 1594/967/397
f 1594/967/397 1595/968/397 1592/965/397
f 1596/969/425 1597/970/425 1598/971/425
f 1598/971/425 1599/972/425 1596/969/425
f 1600/973/394 1601/974/394 1602/975/394
f 1602/975/394 1603/976/394 1600/973/394
f 1604/977/405 1605/978/405 1606/979/405
f 1606/979/405 1607/980/405 1604/977/405
f 1608/981/402 1609/982/402 1610/983/402
f 1610/983/402 1611/984/402 1608/981/402
f 1612/985/414 1613/986/414 1614/987/414
f 1614/987/414 1615/988/414 1612/985/414
f 1616/989/397 1617/990/397 1618/991/397
f 1618/991/397 1619/992/397 1616/989/397
f 1620/993/415 1621/994/415 1622/995/415
f 1622/995/415 1623/996/415 1620/993/415
f 1624/997/394 1625/998/394 1626/999/394
f 1626/999/394 1627/1000/394 1624/997/394
f 1628/1001/405 1629/1002/405 1630/1003/405
f 1630/1003/405 1631/1004/405 1628/1001/405
f 1632/1005/402 1633/1006/402 1634/1007/402
f 1634/1007/402 1635/1008/402 1632/1005/402
f 1636/1009/414 1637/1010/414 1638/1011/414
f 1638/1011/414 1639/1012/414 1636/1009/414
f 1640/1013/397 1641/1014/397 1642/1015/397
f 1642/1015/397 1643/1016/397 1640/1013/397
f 1644/1017/415 1645/1018/415 1646/1019/415
f 1646/1019/415 1647/1020/415 1644/1017/415
f 1648/1021/402 1649/1022/402 1650/1023/402
f 1651/1024/402 1650/1023/402 1649/1022/402
f 1652/1025/402 1648/1021/402 1653/1026/402
f 1650/1023/402 1653/1026/402 1648/1021/402
f 1654/1027/402 1652/1025/402 1655/1028/402
f 1653/1026/402 1655/1028/402 1652/1025/402
f 1656/1024/397 1657/1022/397 1658/1023/397
f 1659/1021/397 1658/1023/397 1657/1022/397
f 1658/1023/397 1659/1021/397 1660/1026/397
f 1661/1025/397 1660/1026/397 1659/1021/397
f 1660/1026/397 1661/1025/397 1662/1028/397
f 1663/1027/397 1662/1028/397 1661/1025/397
f 1664/1029/394 1665/1030/394 1666/1031/394
f 1667/1032/394 1666/1031/394 1665/1030/394
f 1668/1033/414 1669/1033/414 1670/1034/414
f 1671/1034/414 1670/1034/414 1669/1033/414
f 1672/1035/430 1668/1033/430 1673/1036/430
f 1670/1034/430 1673/1036/430 1668/1033/430
f 1674/1037/431 1672/1035/431 1675/1038/431
f 1673/1036/431 1675/1038/431 1672/1035/431
f 1676/1039/405 1677/1037/405 1678/1040/405
f 1679/1038/405 1678/1040/405 1677/1037/405
f 1680/1041/432 1681/1039/432 1682/1042/432
f 1683/1040/432 1682/1042/432 1681/1039/432
f 1684/1043/433 1680/1041/433 1685/1044/433
f 1682/1042/433 1685/1044/433 1680/1041/433
f 1686/1043/415 1684/1043/415 1687/1044/415
f 1685/1044/415 1687/1044/415 1684/1043/415
f 1688/1045/394 1689/1046/394 1690/1047/394
f 1688/1045/394 1691/1048/394 1689/1046/394
f 1688/1045/394 1692/1049/394 1691/1048/394
f 1688/1045/394 1693/1050/394 1692/1049/394
f 1688/1045/394 1694/1051/394 1693/1050/394
f 1688/1045/394 1695/1052/394 1694/1051/394
f 1688/1045/394 1696/1053/394 1695/1052/394
f 1688/1045/394 1697/1054/394 1696/1053/394
f 1688/1045/394 1698/1055/394 1697/1054/394
f 1688/1045/394 1690/1047/394 1698/1055/394
f 1699/1047/434 1700/1046/434 1701/1045/434
f 1700/1046/435 1702/1048/435 1701/1045/435
f 1702/1048/436 1703/1049/436 1701/1045/436
f 1703/1049/437 1704/1050/437 1701/1045/437
f 1704/1050/438 1705/1051/438 1701/1045/438
f 1705/1051/439 1706/1052/439 1701/1045/439
f 1706/1052/440 1707/1053/440 1701/1045/440
f 1707/1053/441 1708/1054/441 1701/1045/441
f 1708/1054/442 1709/1055/442 1701/1045/442
f 1709/1055/443 1699/1047/443 1701/1045/443
f 1714/1056/444 1715/1057/444 1716/1058/444
f 1714/1056/444 1718/1059/444 1715/1057/444
f 1718/1059/445 1721/1060/445 1715/1057/445
f 1718/1059/445 1724/1061/445 1721/1060/445
f 1724/1061/397 1727/1062/397 1721/1060/397
f 1724/1061/397 1730/1063/397 1727/1062/397
f 1730/1063/446 1733/1064/446 1727/1062/446
f 1730/1063/446 1736/1065/446 1733/1064/446
f 1736/1065/447 1739/1066/447 1733/1064/447
f 1736/1065/447 1742/1067/447 1739/1066/447
f 1744/1068/448 1745/1069/448 1746/1070/448
f 1744/1068/448 1748/1071/448 1745/1069/448
f 1748/1071/449 1751/1072/449 1745/1069/449
f 1748/1071/449 1754/1073/449 1751/1072/449
f 1754/1073/402 1757/1074/402 1751/1072/402
f 1754/1073/402 1760/1075/402 1757/1074/402
f 1760/1075/450 1763/1076/450 1757/1074/450
f 1760/1075/450 1766/1077/450 1763/1076/450
f 1766/1077/451 1769/1078/451 1763/1076/451
f 1766/1077/451 1772/1079/451 1769/1078/451
f 1774/1080/452 1775/1081/452 1776/1059/452
f 1776/1059/452 1778/1056/452 1774/1080/452
f 1775/1081/453 1781/1082/453 1782/1061/453
f 1782/1061/453 1776/1059/453 1775/1081/453
f 1781/1082/454 1787/1083/454 1788/1063/454
f 1788/1063/454 1782/1061/454 1781/1082/454
f 1787/1083/455 1793/1084/455 1794/1065/455
f 1794/1065/455 1788/1063/455 1787/1083/455
f 1793/1084/456 1799/1085/456 1800/1067/456
f 1800/1067/456 1794/1065/456 1793/1084/456
f 1804/1086/457 1805/1087/457 1806/1088/457
f 1806/1088/457 1808/1089/457 1804/1086/457
f 1805/1087/458 1811/1090/458 1812/1091/458
f 1812/1091/458 1806/1088/458 1805/1087/458
f 1811/1090/459 1817/1092/459 1818/1093/459
f 1818/1093/459 1812/1091/459 1811/1090/459
f 1817/1092/460 1823/1094/460 1824/1095/460
f 1824/1095/460 1818/1093/460 1817/1092/460
f 1823/1094/461 1829/1096/461 1830/1097/461
f 1830/1097/461 1824/1095/461 1823/1094/461
f 1834/1098/444 1835/1081/444 1836/1080/444
f 1834/1098/444 1838/1099/444 1835/1081/444
f 1838/1099/445 1841/1082/445 1835/1081/445
f 1838/1099/445 1844/1100/445 1841/1082/445
f 1844/1100/397 1847/1083/397 1841/1082/397
f 1844/1100/397 1850/1101/397 1847/1083/397
f 1850/1101/446 1853/1084/446 1847/1083/446
f 1850/1101/446 1856/1102/446 1853/1084/446
f 1856/1102/447 1859/1085/447 1853/1084/447
f 1856/1102/447 1862/1103/447 1859/1085/447
f 1864/1104/448 1865/1105/448 1866/1106/448
f 1864/1104/448 1868/1107/448 1865/1105/448
f 1868/1107/449 1871/1108/449 1865/1105/449
f 1868/1107/449 1874/1109/449 1871/1108/449
f 1874/1109/402 1877/1110/402 1871/1108/402
f 1874/1109/402 1880/1111/402 1877/1110/402
f 1880/1111/450 1883/1112/450 1877/1110/450
f 1880/1111/450 1886/1113/450 1883/1112/450
f 1886/1113/451 1889/1114/451 1883/1112/451
f 1886/1113/451 1892/1115/451 1889/1114/451
f 1894/1116/444 1895/1117/444 1896/1118/444
f 1894/1116/444 1898/1119/444 1895/1117/444
f 1898/1119/445 1901/1120/445 1895/1117/445
f 1898/1119/445 1904/1121/445 1901/1120/445
f 1904/1121/397 1907/1122/397 1901/1120/397
f 1904/1121/397 1910/1123/397 1907/1122/397
f 1910/1123/446 1913/1124/446 1907/1122/446
f 1910/1123/446 1916/1125/446 1913/1124/446
f 1916/1125/447 1919/1126/447 1913/1124/447
f 1916/1125/447 1922/1127/447 1919/1126/447
f 1924/1128/448 1925/1129/448 1926/1130/448
f 1924/1128/448 1928/1131/448 1925/1129/448
f 1928/1131/449 1931/1132/449 1925/1129/449
f 1928/1131/449 1934/1133/449 1931/1132/449
f 1934/1133/402 1937/1134/402 1931/1132/402
f 1934/1133/402 1940/1135/402 1937/1134/402
f 1940/1135/450 1943/1136/450 1937/1134/450
f 1940/1135/450 1946/1137/450 1943/1136/450
f 1946/1137/451 1949/1138/451 1943/1136/451
f 1946/1137/451 1952/1139/451 1949/1138/451
f 1954/1058/462 1955/1057/462 1956/1119/462
f 1956/1119/463 1958/1116/463 1954/1058/463
f 1955/1057/464 1961/1060/464 1962/1121/464
f 1962/1121/464 1956/1119/464 1955/1057/464
f 1961/1060/465 1967/1062/465 1968/1123/465
f 1968/1123/465 1962/1121/465 1961/1060/465
f 1967/1062/466 1973/1064/466 1974/1125/466
f 1974/1125/467 1968/1123/467 1967/1062/467
f 1973/1064/468 1979/1066/468 1980/1127/468
f 1980/1127/468 1974/1125/468 1973/1064/468
f 1984/1070/469 1985/1069/469 1986/1140/469
f 1986/1140/469 1988/1141/469 1984/1070/469
f 1985/1069/470 1991/1072/470 1992/1142/470
f 1992/1142/470 1986/1140/470 1985/1069/470
f 1991/1072/471 1997/1074/471 1998/1143/471
f 1998/1143/471 1992/1142/471 1991/1072/471
f 1997/1074/472 2003/1076/472 2004/1144/472
f 2004/1144/472 1998/1143/472 1997/1074/472
f 2003/1076/473 2009/1078/473 2010/1145/473
f 2010/1145/474 2004/1144/474 2003/1076/474
f 2014/1146/475 2015/1147/475 2016/1146/475
f 2014/1146/475 2018/1147/475 2015/1147/475
f 2018/1147/476 2021/1148/476 2015/1147/476
f 2018/1147/476 2024/1148/476 2021/1148/476
f 2024/1148/477 2027/1149/477 2021/1148/477
f 2024/1148/477 2030/1149/477 2027/1149/477
f 2030/1149/415 2033/1150/415 2027/1149/415
f 2030/1149/415 2036/1150/415 2033/1150/415
f 2036/1150/478 2039/1151/478 2033/1150/478
f 2036/1150/478 2042/1151/478 2039/1151/478
f 2042/1151/479 2045/1152/479 2039/1151/479
f 2042/1151/479 2048/1152/479 2045/1152/479
f 2048/1152/480 2016/1146/480 2045/1152/480
f 2048/1152/480 2014/1146/480 2016/1146/480
f 2056/1153/402 2057/1146/402 2058/1147/402
f 2056/1153/402 2058/1147/402 2061/1148/402
f 2056/1153/402 2061/1148/402 2064/1149/402
f 2056/1153/402 2064/1149/402 2067/1150/402
f 2056/1153/402 2067/1150/402 2070/1151/402
f 2056/1153/402 2070/1151/402 2073/1152/402
f 2056/1153/402 2073/1152/402 2057/1146/402
f 2077/1154/394 2078/1155/394 2079/1156/394
f 2077/1154/394 2081/1157/394 2078/1155/394
f 2077/1154/394 2079/1156/394 2081/1157/394
f 2086/1156/418 2087/1158/418 2088/1156/418
f 2086/1156/418 2090/1155/418 2087/1158/418
f 2090/1155/415 2093/1157/415 2087/1158/415
f 2090/1155/415 2096/1157/415 2093/1157/415
f 2096/1157/481 2088/1156/481 2093/1157/481
f 2096/1157/481 2086/1156/481 2088/1156/481
f 2104/1154/405 2105/1156/405 2106/1158/405
f 2104/1154/405 2106/1158/405 2109/1157/405
f 2104/1154/405 2109/1157/405 2105/1156/405
f 2113/1159/394 2114/1160/394 2115/1161/394
f 2113/1159/394 2117/1162/394 2114/1160/394
f 2113/1159/394 2115/1161/394 2117/1162/394
f 2122/1161/418 2123/1160/418 2124/1161/418
f 2122/1161/482 2126/1160/482 2123/1160/482
f 2126/1160/415 2129/1162/415 2123/1160/415
f 2126/1160/415 2132/1162/415 2129/1162/415
f 2132/1162/481 2124/1161/481 2129/1162/481
f 2132/1162/419 2122/1161/419 2124/1161/419
f 2140/1159/405 2141/1161/405 2142/1160/405
f 2140/1159/483 2142/1160/483 2145/1162/483
f 2140/1159/405 2145/1162/405 2141/1161/405
f 2149/1163/394 2150/1164/394 2151/1165/394
f 2149/1163/394 2153/1166/394 2150/1164/394
f 2149/1163/394 2151/1165/394 2153/1166/394
f 2158/1165/418 2159/1164/418 2160/1165/418
f 2158/1165/418 2162/1164/418 2159/1164/418
f 2162/1164/415 2165/1167/415 2159/1164/415
f 2162/1164/415 2168/1166/415 2165/1167/415
f 2168/1166/419 2160/1165/419 2165/1167/419
f 2168/1166/419 2158/1165/419 2160/1165/419
f 2176/1163/405 2177/1165/405 2178/1164/405
f 2176/1163/405 2178/1164/405 2181/1167/405
f 2176/1163/405 2181/1167/405 2177/1165/405
f 2185/1168/397 2186/1169/397 2187/1170/397
f 2187/1170/397 2189/1171/397 2185/1168/397
f 2191/1172/402 2192/1173/402 2193/1174/402
f 2193/1174/402 2195/1175/402 2191/1172/402
f 2197/1176/394 2198/1177/394 2199/1178/394
f 2199/1178/394 2201/1179/394 2197/1176/394
f 2203/1180/414 2204/1181/414 2205/1182/414
f 2205/1182/414 2207/1183/414 2203/1180/414
f 2209/1184/405 2210/1185/405 2211/1186/405
f 2211/1186/405 2213/1187/405 2209/1184/405
f 2215/1188/415 2216/1189/415 2217/1190/415
f 2217/1190/415 2219/1191/415 2215/1188/415
f 2221/1192/484 2222/1193/484 2223/1194/484
f 2223/1194/484 2225/1195/484 2221/1192/484
f 2227/1196/485 2228/1195/485 2229/1194/485
f 2229/1194/485 2231/1197/485 2227/1196/485
f 2233/1198/394 2234/1199/394 2235/1200/394
f 2236/1201/405 2237/1202/405 2238/1203/405
f 2239/1204/415 2240/1205/415 2241/1206/415
f 2241/1206/415 2243/1207/415 2239/1204/415
f 2245/1208/397 2246/1209/397 2247/1210/397
f 2247/1210/397 2249/1211/397 2245/1208/397
f 2251/1212/402 2252/1213/402 2253/1214/402
f 2253/1214/402 2255/1215/402 2251/1212/402
f 2257/1216/394 2258/1217/394 2259/1218/394
f 2259/1218/394 2261/1219/394 2257/1216/394
f 2263/1220/414 2264/1221/414 2265/1222/414
f 2265/1222/414 2267/1223/414 2263/1220/414
f 2269/1224/405 2270/1225/405 2271/1226/405
f 2271/1226/405 2273/1227/405 2269/1224/405
f 2275/1228/415 2276/1229/415 2277/1230/415
f 2277/1230/415 2279/1231/415 2275/1228/415
f 2281/1232/394 2282/1233/394 2283/1234/394
f 2281/1232/394 2285/1235/394 2282/1233/394
f 2281/1232/394 2288/1236/394 2285/1235/394
f 2281/1232/394 2291/1237/394 2288/1236/394
f 2281/1232/394 2294/1238/394 2291/1237/394
f 2281/1232/394 2297/1239/394 2294/1238/394
f 2281/1232/394 2300/1240/394 2297/1239/394
f 2281/1232/394 2283/1234/394 2300/1240/394
f 2305/1241/486 2306/1242/486 2307/1243/486
f 2305/1241/486 2309/1244/486 2306/1242/486
f 2309/1244/487 2312/1245/487 2306/1242/487
f 2309/1244/487 2315/1246/487 2312/1245/487
f 2315/1246/488 2318/1247/488 2312/1245/488
f 2315/1246/488 2321/1248/488 2318/1247/488
f 2321/1248/489 2324/1249/489 2318/1247/489
f 2321/1248/489 2327/1250/489 2324/1249/489
f 2327/1250/490 2330/1247/490 2324/1249/490
f 2327/1250/490 2333/1248/490 2330/1247/490
f 2333/1248/491 2336/1245/491 2330/1247/491
f 2333/1248/492 2339/1246/492 2336/1245/492
f 2339/1246/493 2342/1242/493 2336/1245/493
f 2339/1246/494 2345/1244/494 2342/1242/494
f 2345/1244/495 2307/1243/495 2342/1242/495
f 2345/1244/496 2305/1241/496 2307/1243/496
f 2353/1251/405 2354/1252/405 2355/1253/405
f 2353/1251/405 2355/1253/405 2358/1254/405
f 2353/1251/405 2358/1254/405 2361/1255/405
f 2353/1251/405 2361/1255/405 2364/1256/405
f 2353/1251/405 2364/1256/405 2367/1257/405
f 2353/1251/405 2367/1257/405 2370/1258/405
f 2353/1251/405 2370/1258/405 2373/1259/405
f 2353/1251/405 2373/1259/405 2354/1252/405
f 2377/1232/394 2378/1233/394 2379/1234/394
f 2377/1232/394 2381/1235/394 2378/1233/394
f 2377/1232/394 2384/1236/394 2381/1235/394
f 2377/1232/394 2387/1237/394 2384/1236/394
f 2377/1232/394 2390/1238/394 2387/1237/394
f 2377/1232/394 2393/1239/394 2390/1238/394
f 2377/1232/394 2396/1240/394 2393/1239/394
f 2377/1232/394 2379/1234/394 2396/1240/394
f 2401/1241/497 2402/1242/497 2403/1243/497
f 2401/1241/486 2405/1244/486 2402/1242/486
f 2405/1244/498 2408/1245/498 2402/1242/498
f 2405/1244/487 2411/1246/487 2408/1245/487
f 2411/1246/488 2414/1247/488 2408/1245/488
f 2411/1246/499 2417/1248/499 2414/1247/499
f 2417/1248/489 2420/1249/489 2414/1247/489
f 2417/1248/489 2423/1250/489 2420/1249/489
f 2423/1250/490 2426/1247/490 2420/1249/490
f 2423/1250/490 2429/1248/490 2426/1247/490
f 2429/1248/491 2432/1245/491 2426/1247/491
f 2429/1248/491 2435/1246/491 2432/1245/491
f 2435/1246/494 2438/1242/494 2432/1245/494
f 2435/1246/494 2441/1244/494 2438/1242/494
f 2441/1244/496 2403/1243/496 2438/1242/496
f 2441/1244/496 2401/1241/496 2403/1243/496
f 2449/1251/405 2450/1252/405 2451/1253/405
f 2449/1251/405 2451/1253/405 2454/1254/405
f 2449/1251/405 2454/1254/405 2457/1255/405
f 2449/1251/405 2457/1255/405 2460/1256/405
f 2449/1251/405 2460/1256/405 2463/1257/405
f 2449/1251/405 2463/1257/405 2466/1258/405
f 2449/1251/405 2466/1258/405 2469/1259/405
f 2449/1251/405 2469/1259/405 2450/1252/405
f 2483/1260/500 2484/1261/500 2485/1262/500
f 2483/1260/501 2487/1263/501 2484/1261/501
f 2483/1260/502 2490/1264/502 2487/1263/502
f 2483/1260/503 2493/1265/503 2490/1264/503
f 2483/1260/504 2496/1266/504 2493/1265/504
f 2483/1260/505 2499/1267/505 2496/1266/505
f 2483/1260/506 2502/1268/506 2499/1267/506
f 2483/1260/507 2485/1262/507 2502/1268/507
f 2507/1269/508 2508/1270/508 2509/1271/508
f 2507/1269/508 2511/1272/508 2508/1270/508
f 2511/1272/509 2514/1273/509 2508/1270/509
f 2511/1272/509 2517/1274/509 2514/1273/509
f 2517/1274/510 2520/1275/510 2514/1273/510
f 2517/1274/510 2523/1276/510 2520/1275/510
f 2523/1276/511 2526/1277/511 2520/1275/511
f 2523/1276/511 2527/1278/511 2526/1277/511
f 2527/1278/512 2525/1275/512 2526/1277/512
f 2527/1278/512 2524/1276/512 2525/1275/512
f 2524/1276/513 2522/1273/513 2525/1275/513
f 2524/1276/513 2521/1274/513 2522/1273/513
f 2521/1274/514 2519/1270/514 2522/1273/514
f 2521/1274/514 2518/1272/514 2519/1270/514
f 2518/1272/515 2509/1271/515 2519/1270/515
f 2518/1272/515 2507/1269/515 2509/1271/515
f 2516/1279/516 2515/1280/516 2513/1281/516
f 2516/1279/517 2513/1281/517 2512/1282/517
f 2516/1279/518 2512/1282/518 2510/1283/518
f 2516/1279/519 2510/1283/519 2506/1284/519
f 2516/1279/520 2506/1284/520 2505/1285/520
f 2516/1279/521 2505/1285/521 2504/1286/521
f 2516/1279/522 2504/1286/522 2503/1287/522
f 2516/1279/523 2503/1287/523 2515/1280/523
f 2501/1288/402 2500/1289/402 2498/1290/402
f 2501/1288/402 2498/1290/402 2497/1291/402
f 2501/1288/402 2497/1291/402 2495/1292/402
f 2501/1288/402 2495/1292/402 2494/1293/402
f 2501/1288/402 2492/1294/402 2491/1295/402
f 2501/1288/402 2491/1295/402 2500/1289/402
f 2489/1289/397 2488/1294/397 2486/1290/397
f 2486/1290/397 2488/1294/397 2482/1291/397
f 2482/1291/397 2488/1294/397 2481/1292/397
f 2481/1292/397 2488/1294/397 2480/1293/397
f 2480/1293/397 2488/1294/397 2479/1288/397
f 2478/1295/397 2488/1294/397 2489/1289/397
f 2477/1296/524 2476/1297/524 2475/1296/524
f 2477/1296/524 2474/1297/524 2476/1297/524
f 2474/1297/415 2473/1298/415 2476/1297/415
f 2474/1297/415 2472/1298/415 2473/1298/415
f 2472/1298/525 2475/1296/525 2473/1298/525
f 2472/1298/525 2477/1296/525 2475/1296/525
f 2471/1295/402 2470/1289/402 2468/1290/402
f 2471/1295/402 2468/1290/402 2467/1291/402
f 2471/1295/402 2467/1291/402 2465/1292/402
f 2471/1295/402 2465/1292/402 2464/1293/402
f 2471/1295/402 2464/1293/402 2462/1288/402
f 2471/1295/402 2462/1288/402 2461/1294/402
f 2459/1289/397 2458/1294/397 2456/1290/397
f 2456/1290/397 2458/1294/397 2455/1291/397
f 2455/1291/397 2458/1294/397 2453/1292/397
f 2453/1292/397 2458/1294/397 2452/1293/397
f 2452/1293/397 2458/1294/397 2448/1288/397
f 2447/1295/397 2458/1294/397 2459/1289/397
f 2446/1299/402 2445/1300/402 2444/1301/402
f 2446/1299/402 2444/1301/402 2443/1302/402
f 2446/1299/402 2443/1302/402 2442/1303/402
f 2446/1299/402 2442/1303/402 2440/1304/402
f 2446/1299/402 2439/1305/402 2437/1306/402
f 2446/1299/402 2437/1306/402 2445/1300/402
f 2436/1300/397 2434/1305/397 2433/1301/397
f 2433/1301/397 2434/1305/397 2431/1302/397
f 2431/1302/397 2434/1305/397 2430/1303/397
f 2430/1303/397 2434/1305/397 2428/1304/397
f 2428/1304/397 2434/1305/397 2427/1299/397
f 2425/1306/397 2434/1305/397 2436/1300/397
f 2424/1307/524 2422/1308/524 2421/1307/524
f 2424/1307/524 2419/1308/524 2422/1308/524
f 2419/1308/415 2418/1309/415 2422/1308/415
f 2419/1308/415 2416/1309/415 2418/1309/415
f 2416/1309/525 2421/1307/525 2418/1309/525
f 2416/1309/525 2424/1307/525 2421/1307/525
f 2415/1306/402 2413/1300/402 2412/1301/402
f 2415/1306/402 2412/1301/402 2410/1302/402
f 2415/1306/402 2410/1302/402 2409/1303/402
f 2415/1306/402 2409/1303/402 2407/1304/402
f 2415/1306/402 2407/1304/402 2406/1299/402
f 2415/1306/402 2406/1299/402 2404/1305/402
f 2400/1300/397 2399/1305/397 2398/1301/397
f 2398/1301/397 2399/1305/397 2397/1302/397
f 2397/1302/397 2399/1305/397 2395/1303/397
f 2395/1303/397 2399/1305/397 2394/1304/397
f 2394/1304/397 2399/1305/397 2392/1299/397
f 2391/1306/397 2399/1305/397 2400/1300/397
f 2389/1310/402 2388/1311/402 2386/1312/402
f 2389/1310/402 2386/1312/402 2385/1313/402
f 2389/1310/402 2385/1313/402 2383/1314/402
f 2389/1310/402 2383/1314/402 2382/1315/402
f 2389/1310/402 2380/1316/402 2376/1317/402
f 2389/1310/402 2376/1317/402 2388/1311/402
f 2375/1311/397 2374/1316/397 2372/1312/397
f 2372/1312/397 2374/1316/397 2371/1313/397
f 2371/1313/397 2374/1316/397 2369/1314/397
f 2369/1314/397 2374/1316/397 2368/1315/397
f 2368/1315/397 2374/1316/397 2366/1310/397
f 2365/1317/397 2374/1316/397 2375/1311/397
f 2363/1318/524 2362/1319/524 2360/1318/524
f 2363/1318/524 2359/1319/524 2362/1319/524
f 2359/1319/415 2357/1320/415 2362/1319/415
f 2359/1319/415 2356/1320/415 2357/1320/415
f 2356/1320/525 2360/1318/525 2357/1320/525
f 2356/1320/525 2363/1318/525 2360/1318/525
f 2352/1317/402 2351/1311/402 2350/1312/402
f 2352/1317/402 2350/1312/402 2349/1313/402
f 2352/1317/402 2349/1313/402 2348/1314/402
f 2352/1317/402 2348/1314/402 2347/1315/402
f 2352/1317/402 2347/1315/402 2346/1310/402
f 2352/1317/402 2346/1310/402 2344/1316/402
f 2343/1311/397 2341/1316/397 2340/1312/397
f 2340/1312/397 2341/1316/397 2338/1313/397
f 2338/1313/397 2341/1316/397 2337/1314/397
f 2337/1314/397 2341/1316/397 2335/1315/397
f 2335/1315/397 2341/1316/397 2334/1310/397
f 2332/1317/397 2341/1316/397 2343/1311/397
f 2331/1321/524 2329/1322/524 2328/1321/524
f 2331/1321/524 2326/1322/524 2329/1322/524
f 2326/1322/415 2325/1323/415 2329/1322/415
f 2326/1322/415 2323/1323/415 2325/1323/415
f 2323/1323/525 2328/1321/525 2325/1323/525
f 2323/1323/525 2331/1321/525 2328/1321/525
f 2322/1324/402 2320/1325/402 2319/1326/402
f 2322/1324/402 2319/1326/402 2317/1327/402
f 2322/1324/402 2317/1327/402 2316/1328/402
f 2322/1324/402 2316/1328/402 2314/1329/402
f 2322/1324/402 2314/1329/402 2313/1330/402
f 2322/1324/402 2313/1330/402 2311/1331/402
f 2310/1325/397 2308/1331/397 2304/1326/397
f 2304/1326/397 2308/1331/397 2303/1327/397
f 2303/1327/397 2308/1331/397 2302/1328/397
f 2302/1328/397 2308/1331/397 2301/1329/397
f 2301/1329/397 2308/1331/397 2299/1330/397
f 2298/1324/397 2308/1331/397 2310/1325/397
f 2296/1332/524 2295/1333/524 2293/1332/524
f 2296/1332/524 2292/1333/524 2295/1333/524
f 2292/1333/415 2290/1334/415 2295/1333/415
f 2292/1333/415 2289/1334/415 2290/1334/415
f 2289/1334/525 2293/1332/525 2290/1334/525
f 2289/1334/525 2296/1332/525 2293/1332/525
f 2287/1335/402 2286/1336/402 2284/1337/402
f 2287/1335/402 2284/1337/402 2280/1338/402
f 2287/1335/402 2280/1338/402 2278/1339/402
f 2287/1335/402 2278/1339/402 2274/1340/402
f 2287/1335/402 2274/1340/402 2272/1341/402
f 2287/1335/402 2272/1341/402 2268/1342/402
f 2266/1336/397 2262/1342/397 2260/1337/397
f 2260/1337/397 2262/1342/397 2256/1338/397
f 2256/1338/397 2262/1342/397 2254/1339/397
f 2254/1339/397 2262/1342/397 2250/1340/397
f 2250/1340/397 2262/1342/397 2248/1341/397
f 2244/1335/397 2262/1342/397 2266/1336/397
f 2242/1343/524 2232/1344/524 2230/1343/524
f 2242/1343/524 2226/1344/524 2232/1344/524
f 2226/1344/415 2224/1345/415 2232/1344/415
f 2226/1344/415 2220/1345/415 2224/1345/415
f 2220/1345/525 2230/1343/525 2224/1345/525
f 2220/1345/525 2242/1343/525 2230/1343/525
f 2218/1346/402 2214/1347/402 2212/1348/402
f 2218/1346/402 2212/1348/402 2208/1349/402
f 2218/1346/402 2208/1349/402 2206/1350/402
f 2218/1346/402 2206/1350/402 2202/1351/402
f 2218/1346/402 2202/1351/402 2200/1352/402
f 2218/1346/402 2200/1352/402 2196/1353/402
f 2194/1347/397 2190/1353/397 2188/1348/397
f 2188/1348/397 2190/1353/397 2184/1349/397
f 2184/1349/397 2190/1353/397 2183/1350/397
f 2183/1350/397 2190/1353/397 2182/1351/397
f 2182/1351/397 2190/1353/397 2180/1352/397
f 2179/1346/397 2190/1353/397 2194/1347/397
f 2175/1354/524 2174/1355/524 2173/1354/524
f 2175/1354/524 2172/1355/524 2174/1355/524
f 2172/1355/415 2171/1356/415 2174/1355/415
f 2172/1355/415 2170/1356/415 2171/1356/415
f 2170/1356/525 2173/1354/525 2171/1356/525
f 2170/1356/525 2175/1354/525 2173/1354/525
f 2169/1357/402 2167/1358/402 2166/1359/402
f 2169/1357/402 2166/1359/402 2164/1360/402
f 2169/1357/402 2164/1360/402 2163/1361/402
f 2169/1357/402 2163/1361/402 2161/1362/402
f 2169/1357/402 2161/1362/402 2157/1363/402
f 2169/1357/402 2157/1363/402 2156/1364/402
f 2155/1358/397 2154/1364/397 2152/1359/397
f 2152/1359/397 2154/1364/397 2148/1360/397
f 2148/1360/397 2154/1364/397 2147/1361/397
f 2147/1361/397 2154/1364/397 2146/1362/397
f 2146/1362/397 2154/1364/397 2144/1363/397
f 2143/1357/397 2154/1364/397 2155/1358/397
f 2139/1365/524 2138/1365/524 2137/1365/524
f 2139/1365/524 2136/1365/524 2138/1365/524
f 2136/1365/415 2135/1365/415 2138/1365/415
f 2136/1365/415 2134/1365/415 2135/1365/415
f 2134/1365/525 2137/1365/525 2135/1365/525
f 2134/1365/525 2139/1365/525 2137/1365/525
f 2133/1365/402 2131/1365/402 2130/1366/402
f 2133/1365/402 2130/1366/402 2128/1366/402
f 2133/1365/402 2128/1366/402 2127/1366/402
f 2133/1365/402 2127/1366/402 2125/1365/402
f 2133/1365/402 2125/1365/402 2121/1365/402
f 2133/1365/402 2121/1365/402 2120/1365/402
f 2119/1365/397 2118/1365/397 2116/1366/397
f 2116/1366/397 2118/1365/397 2112/1366/397
f 2112/1366/397 2118/1365/397 2111/1366/397
f 2111/1366/397 2118/1365/397 2110/1365/397
f 2110/1365/397 2118/1365/397 2108/1365/397
f 2107/1365/397 2118/1365/397 2119/1365/397
f 2103/1367/524 2102/1367/524 2101/1367/524
f 2103/1367/524 2100/1367/524 2102/1367/524
f 2100/1367/415 2099/1367/415 2102/1367/415
f 2100/1367/415 2098/1367/415 2099/1367/415
f 2098/1367/525 2101/1367/525 2099/1367/525
f 2098/1367/525 2103/1367/525 2101/1367/525
f 2097/1367/402 2095/1367/402 2094/1368/402
f 2097/1367/402 2094/1368/402 2092/1368/402
f 2097/1367/402 2092/1368/402 2091/1368/402
f 2097/1367/402 2091/1368/402 2089/1367/402
f 2097/1367/402 2089/1367/402 2085/1367/402
f 2097/1367/402 2085/1367/402 2084/1367/402
f 2083/1367/397 2082/1367/397 2080/1368/397
f 2080/1368/397 2082/1367/397 2076/1368/397
f 2076/1368/397 2082/1367/397 2075/1368/397
f 2075/1368/397 2082/1367/397 2074/1367/397
f 2074/1367/397 2082/1367/397 2072/1367/397
f 2071/1367/397 2082/1367/397 2083/1367/397
f 2069/1369/524 2068/1369/524 2066/1369/524
f 2069/1369/524 2065/1369/524 2068/1369/524
f 2065/1369/415 2063/1369/415 2068/1369/415
f 2065/1369/415 2062/1369/415 2063/1369/415
f 2062/1369/525 2066/1369/525 2063/1369/525
f 2062/1369/525 2069/1369/525 2066/1369/525
f 2060/1369/402 2059/1369/402 2055/1370/402
f 2060/1369/402 2055/1370/402 2054/1370/402
f 2060/1369/402 2054/1370/402 2053/1370/402
f 2060/1369/402 2053/1370/402 2052/1369/402
f 2060/1369/402 2052/1369/402 2051/1369/402
f 2060/1369/402 2051/1369/402 2050/1369/402
f 2049/1369/397 2047/1369/397 2046/1370/397
f 2046/1370/397 2047/1369/397 2044/1370/397
f 2044/1370/397 2047/1369/397 2043/1370/397
f 2043/1370/397 2047/1369/397 2041/1369/397
f 2041/1369/397 2047/1369/397 2040/1369/397
f 2038/1369/397 2047/1369/397 2049/1369/397
f 2037/1371/524 2035/1371/524 2034/1371/524
f 2037/1371/524 2032/1371/524 2035/1371/524
f 2032/1371/415 2031/1371/415 2035/1371/415
f 2032/1371/415 2029/1371/415 2031/1371/415
f 2029/1371/525 2034/1371/525 2031/1371/525
f 2029/1371/525 2037/1371/525 2034/1371/525
f 2028/1371/402 2026/1371/402 2025/1372/402
f 2028/1371/402 2025/1372/402 2023/1372/402
f 2028/1371/402 2023/1372/402 2022/1372/402
f 2028/1371/402 2022/1372/402 2020/1371/402
f 2028/1371/402 2020/1371/402 2019/1371/402
f 2028/1371/402 2019/1371/402 2017/1371/402
f 2013/1371/397 2012/1371/397 2011/1372/397
f 2011/1372/397 2012/1371/397 2008/1372/397
f 2008/1372/397 2012/1371/397 2007/1372/397
f 2007/1372/397 2012/1371/397 2006/1371/397
f 2006/1371/397 2012/1371/397 2005/1371/397
f 2002/1371/397 2012/1371/397 2013/1371/397
f 2001/1373/402 2000/1374/402 1999/1375/402
f 2001/1373/402 1999/1375/402 1996/1376/402
f 2001/1373/402 1996/1376/402 1995/1377/402
f 2001/1373/402 1995/1377/402 1994/1378/402
f 2001/1373/402 1993/1379/402 1990/1380/402
f 2001/1373/402 1990/1380/402 2000/1374/402
f 1989/1374/397 1987/1379/397 1983/1375/397
f 1983/1375/397 1987/1379/397 1982/1376/397
f 1982/1376/397 1987/1379/397 1981/1377/397
f 1981/1377/397 1987/1379/397 1978/1378/397
f 1978/1378/397 1987/1379/397 1977/1373/397
f 1976/1380/397 1987/1379/397 1989/1374/397
f 1975/1381/524 1972/1382/524 1971/1381/524
f 1975/1381/524 1970/1382/524 1972/1382/524
f 1970/1382/415 1969/1383/415 1972/1382/415
f 1970/1382/415 1966/1383/415 1969/1383/415
f 1966/1383/525 1971/1381/525 1969/1383/525
f 1966/1383/525 1975/1381/525 1971/1381/525
f 1965/1384/402 1964/1385/402 1963/1386/402
f 1965/1384/402 1963/1386/402 1960/1387/402
f 1965/1384/402 1960/1387/402 1959/1388/402
f 1965/1384/402 1959/1388/402 1957/1389/402
f 1965/1384/402 1953/1390/402 1951/1391/402
f 1965/1384/402 1951/1391/402 1964/1385/402
f 1950/1385/397 1948/1390/397 1947/1386/397
f 1947/1386/397 1948/1390/397 1945/1387/397
f 1945/1387/397 1948/1390/397 1944/1388/397
f 1944/1388/397 1948/1390/397 1942/1389/397
f 1942/1389/397 1948/1390/397 1941/1384/397
f 1939/1391/397 1948/1390/397 1950/1385/397
f 1938/1392/524 1936/1393/524 1935/1392/524
f 1938/1392/524 1933/1393/524 1936/1393/524
f 1933/1393/415 1932/1394/415 1936/1393/415
f 1933/1393/415 1930/1394/415 1932/1394/415
f 1930/1394/525 1935/1392/525 1932/1394/525
f 1930/1394/525 1938/1392/525 1935/1392/525
f 1929/1395/402 1927/1396/402 1923/1397/402
f 1929/1395/402 1923/1397/402 1921/1398/402
f 1929/1395/402 1921/1398/402 1920/1399/402
f 1929/1395/402 1920/1399/402 1918/1400/402
f 1929/1395/402 1917/1401/402 1915/1402/402
f 1929/1395/402 1915/1402/402 1927/1396/402
f 1914/1396/397 1912/1401/397 1911/1397/397
f 1911/1397/397 1912/1401/397 1909/1398/397
f 1909/1398/397 1912/1401/397 1908/1399/397
f 1908/1399/397 1912/1401/397 1906/1400/397
f 1906/1400/397 1912/1401/397 1905/1395/397
f 1903/1402/397 1912/1401/397 1914/1396/397
f 1902/1403/524 1900/1404/524 1899/1403/524
f 1902/1403/524 1897/1404/524 1900/1404/524
f 1897/1404/415 1893/1405/415 1900/1404/415
f 1897/1404/415 1891/1405/415 1893/1405/415
f 1891/1405/525 1899/1403/525 1893/1405/525
f 1891/1405/525 1902/1403/525 1899/1403/525
f 1890/1406/402 1888/1407/402 1887/1408/402
f 1890/1406/402 1887/1408/402 1885/1409/402
f 1890/1406/402 1885/1409/402 1884/1410/402
f 1890/1406/402 1884/1410/402 1882/1411/402
f 1890/1406/402 1881/1412/402 1879/1413/402
f 1890/1406/402 1879/1413/402 1888/1407/402
f 1878/1407/397 1876/1412/397 1875/1408/397
f 1875/1408/397 1876/1412/397 1873/1409/397
f 1873/1409/397 1876/1412/397 1872/1410/397
f 1872/1410/397 1876/1412/397 1870/1411/397
f 1870/1411/397 1876/1412/397 1869/1406/397
f 1867/1413/397 1876/1412/397 1878/1407/397
f 1863/1414/524 1861/1415/524 1860/1414/524
f 1863/1414/524 1858/1415/524 1861/1415/524
f 1858/1415/415 1857/1416/415 1861/1415/415
f 1858/1415/415 1855/1416/415 1857/1416/415
f 1855/1416/525 1860/1414/525 1857/1416/525
f 1855/1416/525 1863/1414/525 1860/1414/525
f 1854/1417/402 1852/1417/402 1851/1418/402
f 1854/1417/402 1851/1418/402 1849/1418/402
f 1854/1417/402 1849/1418/402 1848/1418/402
f 1854/1417/402 1848/1418/402 1846/1417/402
f 1854/1417/402 1845/1417/402 1843/1417/402
f 1854/1417/402 1843/1417/402 1852/1417/402
f 1842/1417/397 1840/1417/397 1839/1418/397
f 1839/1418/397 1840/1417/397 1837/1418/397
f 1837/1418/397 1840/1417/397 1833/1418/397
f 1833/1418/397 1840/1417/397 1832/1417/397
f 1832/1417/397 1840/1417/397 1831/1417/397
f 1828/1417/397 1840/1417/397 1842/1417/397
f 1827/1417/524 1826/1417/524 1825/1417/524
f 1827/1417/524 1822/1417/524 1826/1417/524
f 1822/1417/415 1821/1417/415 1826/1417/415
f 1822/1417/415 1820/1417/415 1821/1417/415
f 1820/1417/525 1825/1417/525 1821/1417/525
f 1820/1417/525 1827/1417/525 1825/1417/525
f 1819/1419/402 1816/1419/402 1815/1420/402
f 1819/1419/402 1815/1420/402 1814/1420/402
f 1819/1419/402 1814/1420/402 1813/1420/402
f 1819/1419/402 1813/1420/402 1810/1419/402
f 1819/1419/402 1809/1419/402 1807/1419/402
f 1819/1419/402 1807/1419/402 1816/1419/402
f 1803/1419/397 1802/1419/397 1801/1420/397
f 1801/1420/397 1802/1419/397 1798/1420/397
f 1798/1420/397 1802/1419/397 1797/1420/397
f 1797/1420/397 1802/1419/397 1796/1419/397
f 1796/1419/397 1802/1419/397 1795/1419/397
f 1792/1419/397 1802/1419/397 1803/1419/397
f 1791/1419/524 1790/1419/524 1789/1419/524
f 1791/1419/524 1786/1419/524 1790/1419/524
f 1786/1419/415 1785/1419/415 1790/1419/415
f 1786/1419/415 1784/1419/415 1785/1419/415
f 1784/1419/525 1789/1419/525 1785/1419/525
f 1784/1419/525 1791/1419/525 1789/1419/525
f 1783/1421/402 1780/1421/402 1779/1422/402
f 1783/1421/402 1779/1422/402 1777/1422/402
f 1783/1421/402 1777/1422/402 1773/1422/402
f 1783/1421/402 1773/1422/402 1771/1421/402
f 1783/1421/402 1770/1421/402 1768/1421/402
f 1783/1421/402 1768/1421/402 1780/1421/402
f 1767/1421/397 1765/1421/397 1764/1422/397
f 1764/1422/397 1765/1421/397 1762/1422/397
f 1762/1422/397 1765/1421/397 1761/1422/397
f 1761/1422/397 1765/1421/397 1759/1421/397
f 1759/1421/397 1765/1421/397 1758/1421/397
f 1756/1421/397 1765/1421/397 1767/1421/397
f 1755/1421/524 1753/1421/524 1752/1421/524
f 1755/1421/524 1750/1421/524 1753/1421/524
f 1750/1421/415 1749/1421/415 1753/1421/415
f 1750/1421/415 1747/1421/415 1749/1421/415
f 1747/1421/525 1752/1421/525 1749/1421/525
f 1747/1421/525 1755/1421/525 1752/1421/525
f 1743/1423/402 1741/1423/402 1740/1424/402
f 1743/1423/402 1740/1424/402 1738/1424/402
f 1743/1423/402 1738/1424/402 1737/1424/402
f 1743/1423/402 1737/1424/402 1735/1423/402
f 1743/1423/402 1734/1423/402 1732/1423/402
f 1743/1423/402 1732/1423/402 1741/1423/402
f 1731/1423/397 1729/1423/397 1728/1424/397
f 1728/1424/397 1729/1423/397 1726/1424/397
f 1726/1424/397 1729/1423/397 1725/1424/397
f 1725/1424/397 1729/1423/397 1723/1423/397
f 1723/1423/397 1729/1423/397 1722/1423/397
f 1720/1423/397 1729/1423/397 1731/1423/397
f 1719/1423/524 1717/1423/524 1713/1423/524
f 1719/1423/524 1712/1423/524 1717/1423/524
f 1712/1423/415 1711/1423/415 1717/1423/415
f 1712/1423/415 1710/1423/415 1711/1423/415
f 1710/1423/525 1713/1423/525 1711/1423/525
f 1710/1423/525 1719/1423/525 1713/1423/525
f 1359/1425/402 1358/1426/402 1357/1427/402
f 1356/1428/402 1357/1427/402 1358/1426/402
f 1356/1428/402 1355/1429/402 1357/1427/402
f 1356/1428/402 1354/1430/402 1355/1429/402
f 1356/1428/402 1352/1431/402 1354/1430/402
f 1351/1432/402 1349/1433/402 1352/1431/402
f 1352/1431/402 1356/1428/402 1351/1432/402
f 1348/1426/397 1346/1425/397 1345/1427/397
f 1345/1427/397 1343/1428/397 1348/1426/397
f 1342/1429/397 1343/1428/397 1345/1427/397
f 1340/1430/397 1343/1428/397 1342/1429/397
f 1339/1431/397 1343/1428/397 1340/1430/397
f 1337/1433/397 1336/1432/397 1339/1431/397
f 1343/1428/397 1339/1431/397 1336/1432/397
f 1334/1260/500 1333/1261/500 1331/1262/500
f 1334/1260/526 1330/1263/526 1333/1261/526
f 1334/1260/502 1328/1264/502 1330/1263/502
f 1334/1260/503 1327/1265/503 1328/1264/503
f 1334/1260/504 1325/1266/504 1327/1265/504
f 1334/1260/505 1324/1267/505 1325/1266/505
f 1334/1260/506 1322/1268/506 1324/1267/506
f 1334/1260/507 1331/1262/507 1322/1268/507
f 1321/1269/527 1319/1270/527 1318/1271/527
f 1321/1269/528 1316/1272/528 1319/1270/528
f 1316/1272/529 1315/1273/529 1319/1270/529
f 1316/1272/529 1313/1274/529 1315/1273/529
f 1313/1274/530 1312/1275/530 1315/1273/530
f 1313/1274/530 1310/1276/530 1312/1275/530
f 1310/1276/531 1309/1277/531 1312/1275/531
f 1310/1276/531 1307/1278/531 1309/1277/531
f 1307/1278/532 1306/1275/532 1309/1277/532
f 1307/1278/532 1304/1276/532 1306/1275/532
f 1304/1276/533 1300/1273/533 1306/1275/533
f 1304/1276/533 1299/1274/533 1300/1273/533
f 1299/1274/534 1298/1270/534 1300/1273/534
f 1299/1274/534 1297/1272/534 1298/1270/534
f 1297/1272/535 1318/1271/535 1298/1270/535
f 1297/1272/536 1321/1269/536 1318/1271/536
f 1295/1279/516 1294/1280/516 1292/1281/516
f 1295/1279/517 1292/1281/517 1291/1282/517
f 1295/1279/518 1291/1282/518 1289/1283/518
f 1295/1279/519 1289/1283/519 1288/1284/519
f 1295/1279/520 1288/1284/520 1286/1285/520
f 1295/1279/521 1286/1285/521 1285/1286/521
f 1295/1279/522 1285/1286/522 1283/1287/522
f 1295/1279/523 1283/1287/523 1294/1280/523
f 1282/1434/418 1280/1435/418 1279/1434/418
f 1282/1434/418 1277/1435/418 1280/1435/418
f 1277/1435/415 1276/1436/415 1280/1435/415
f 1277/1435/415 1274/1436/415 1276/1436/415
f 1274/1436/419 1279/1434/419 1276/1436/419
f 1274/1436/419 1282/1434/419 1279/1434/419
