# generated by tools/objdedupe/dedupe.py -- do not hand-edit.
# Re-run the tool after touching sssr_2svet_nove.obj, sssr_3svet_nove.obj, sssr_4svet_nove.obj, sssr_5svet_nove.obj, sssr_2se_nove.obj, sssr_3ab_nove.obj, sssr_4ab_nove.obj, sssr_pr_nove.obj, sssr_vl_nove.obj.
o stit_2
v 0.068707 3.067453 0.301311
vt 0.495828 0.129830
vn 0.954700 -0.279300 -0.102300
v 0.090526 3.035436 0.591906
vt 0.524101 0.125207
vn 0.977500 -0.192000 -0.087400
v 0.062030 3.051976 0.301311
vt 0.495767 0.126926
vn 0.915500 -0.386500 -0.111800
v 0.086421 3.016458 0.591691
vt 0.524048 0.121593
vn 0.971100 -0.221900 -0.087500
v 0.097151 3.034235 0.682657
vt 0.555654 0.128230
vn 0.959000 -0.275900 -0.065500
v 0.089697 3.016394 0.682441
vt 0.555551 0.124880
vn 0.926300 -0.372100 -0.059000
v 0.101857 3.037634 0.725425
vt 0.562904 0.128983
vn 0.984400 -0.145600 -0.098700
v 0.091317 3.016525 0.694813
vt 0.557654 0.124929
vn 0.947000 -0.297600 -0.120900
vt 0.466891 0.216399
vn -0.228700 -0.762500 0.605200
v 0.101277 3.037808 0.725425
vt 0.508746 0.203355
vn -0.230500 -0.762200 0.604900
vt 0.466461 0.207328
vn -0.396000 -0.688500 0.607500
v 0.090793 3.016828 0.694813
vt 0.508315 0.194284
vn -0.397700 -0.687600 0.607500
vn -0.931100 0.357200 0.074100
v 0.096571 3.034410 0.682657
vn -0.926400 0.365900 0.088900
vn -0.925600 0.367300 0.091300
v 0.089173 3.016697 0.682441
vn -0.917000 0.381600 0.116000
vn -0.920700 0.383600 0.072300
v 0.089946 3.035609 0.591906
vn -0.971700 0.232900 0.040400
vn -0.929900 0.361500 0.067600
v 0.085897 3.016761 0.591691
vn -0.977200 0.209500 0.035400
vn -0.973400 0.208000 0.096000
v 0.068128 3.067627 0.301311
vn -0.914500 0.385300 0.123500
vn -0.971700 0.215200 0.097200
v 0.061506 3.052278 0.301311
vn -0.911000 0.393000 0.124600
vn -0.000000 -0.000000 -1.000000
v 0.071634 3.084054 0.301311
vt 0.495833 0.133001
vn 0.995300 -0.051400 -0.082100
v 0.094007 3.055628 0.591906
vt 0.524106 0.129065
vn 0.994900 -0.063900 -0.077700
v 0.100567 3.053311 0.682657
vt 0.555660 0.131873
vn 0.997200 -0.047500 -0.058500
v 0.105258 3.055775 0.741539
vt 0.565621 0.132505
vn 0.968400 0.232100 -0.091300
vn -0.037900 -0.659600 0.750600
v 0.104654 3.055810 0.741539
vn -0.040200 -0.659400 0.750700
vn -0.188000 -0.635200 0.749100
vn -0.190400 -0.634700 0.748900
vn -0.990100 0.119600 0.073900
v 0.099962 3.053346 0.682657
vn -0.982800 0.162000 0.089100
vn -0.988500 0.129800 0.077500
vn -0.980000 0.175500 0.093900
vn -0.981500 0.175800 0.075400
v 0.093403 3.055663 0.591906
vn -0.982600 0.170300 0.074200
vn -0.981700 0.174900 0.075200
vn -0.982800 0.169400 0.074000
vn -0.981300 0.169200 0.092100
v 0.071030 3.084089 0.301311
vn -0.980600 0.172700 0.092600
vn -0.981300 0.169300 0.092100
vn -0.980600 0.172900 0.092700
v 0.070654 3.100882 0.301311
vt 0.498777 0.137259
vn 0.981700 0.180300 -0.060400
v 0.093028 3.076742 0.591906
vt 0.524045 0.133159
vn 0.983700 0.169300 -0.060000
v 0.099390 3.072539 0.682657
vt 0.555601 0.135605
vn 0.981000 0.192700 -0.022700
v 0.099248 3.074706 0.754689
vt 0.567704 0.137826
vn 0.904600 0.425100 -0.030900
vn 0.096500 -0.547000 0.831600
v 0.098652 3.074601 0.754689
vn 0.094300 -0.547600 0.831400
vn -0.030600 -0.579600 0.814300
vn -0.033100 -0.580100 0.813900
vn -0.951000 -0.309000 0.007400
v 0.098794 3.072434 0.682657
vn -0.991600 -0.110700 0.067400
vn -0.961500 -0.274200 0.018300
vn -0.994800 -0.060900 0.081800
vn -0.995900 -0.060900 0.067000
v 0.092432 3.076638 0.591906
vn -0.996400 -0.048100 0.070300
vn -0.996000 -0.058800 0.067600
vn -0.996400 -0.046100 0.070800
vn -0.996300 -0.046100 0.072900
v 0.070058 3.100777 0.301311
vn -0.995800 -0.057400 0.071100
vn -0.996300 -0.046600 0.072800
vn -0.995800 -0.058000 0.071000
v 0.065820 3.117031 0.301311
vt 0.500544 0.139904
vn 0.914800 0.402100 -0.038400
v 0.087053 3.096382 0.591906
vt 0.523915 0.138569
vn 0.916700 0.397900 -0.035800
v 0.092677 3.092798 0.682657
vt 0.555459 0.141144
vn 0.896200 0.443700 0.004200
v 0.089453 3.092153 0.761307
vt 0.568638 0.141353
vn 0.830200 0.557100 0.020200
vn 0.125300 -0.289600 0.948900
v 0.088898 3.091913 0.761307
vn 0.124100 -0.290300 0.948800
vn 0.059300 -0.327000 0.943100
vn 0.057800 -0.327900 0.942900
vn -0.877000 -0.478900 -0.039900
v 0.092122 3.092557 0.682657
vn -0.939200 -0.343400 -0.000500
vn -0.889700 -0.455300 -0.032800
vn -0.949200 -0.314700 0.007600
vn -0.948200 -0.314400 0.046300
v 0.086498 3.096143 0.591906
vn -0.954300 -0.294200 0.052400
vn -0.949200 -0.311000 0.047400
vn -0.955300 -0.290600 0.053500
vn -0.955500 -0.290700 0.049200
v 0.065264 3.116791 0.301311
vn -0.956700 -0.286600 0.049800
vn -0.955600 -0.290500 0.049200
vn -0.956800 -0.286400 0.049900
v 0.057391 3.131630 0.301311
vt 0.501607 0.144055
vn 0.797600 0.603000 -0.015700
v 0.076960 3.114008 0.591906
vt 0.523732 0.142110
vn 0.793000 0.609100 -0.013000
v 0.080616 3.110388 0.682657
vt 0.555248 0.144705
vn 0.771600 0.635400 0.028400
v 0.076092 3.108613 0.761307
vt 0.568410 0.144712
vn 0.708300 0.704300 0.047600
vn -0.000000 -0.000000 1.000000
v 0.075607 3.108251 0.761307
vn -0.774400 -0.630000 -0.058800
v 0.080131 3.110026 0.682657
vn -0.816100 -0.576500 -0.041800
vn -0.783000 -0.619600 -0.055400
vn -0.823800 -0.565500 -0.038400
vn -0.824400 -0.565900 0.010600
v 0.076475 3.113647 0.591906
vn -0.861300 -0.507200 0.030600
vn -0.830900 -0.556200 0.014000
vn -0.867300 -0.496600 0.034100
vn -0.867500 -0.496700 0.028300
v 0.056906 3.131269 0.301311
vn -0.865800 -0.499600 0.027800
vn -0.867400 -0.496800 0.028300
vn -0.865700 -0.499800 0.027700
v 0.045824 3.143891 0.301311
vt 0.501415 0.146579
vn 0.637700 0.770200 0.006300
v 0.061654 3.129052 0.591906
vt 0.523479 0.145222
vn 0.610100 0.792300 0.007200
v 0.064294 3.126981 0.682657
vt 0.554977 0.148129
vn 0.590800 0.805700 0.042100
v 0.059535 3.121929 0.761307
vt 0.568517 0.147777
vn 0.568500 0.819500 0.073100
vn -0.000300 -0.000000 1.000000
v 0.059147 3.121466 0.761307
vn -0.623600 -0.776800 -0.087600
v 0.063905 3.126517 0.682657
vn -0.697700 -0.713700 -0.061900
vn -0.640100 -0.763900 -0.082200
vn -0.711700 -0.700200 -0.056700
vn -0.712800 -0.701300 0.004700
v 0.061265 3.128588 0.591906
vn -0.702700 -0.711500 0.000600
vn -0.711000 -0.703200 0.004000
vn -0.700800 -0.713400 -0.000200
vn -0.700800 -0.713400 0.001700
v 0.045435 3.143427 0.301311
vn -0.726100 -0.687600 0.007100
vn -0.701800 -0.712400 0.002000
vn -0.727300 -0.686200 0.007400
v 0.031740 3.153153 0.301311
vt 0.501193 0.148556
vn 0.444700 0.895400 0.023500
v 0.042369 3.140563 0.591906
vt 0.523178 0.147702
vn 0.418000 0.908100 0.026000
v 0.043828 3.137213 0.682657
vt 0.554661 0.150378
vn 0.378200 0.924800 0.042400
v 0.040892 3.132501 0.761307
vt 0.568227 0.150067
vn 0.409900 0.909000 0.076000
v 0.040621 3.131961 0.761307
vn -0.491700 -0.867900 -0.070300
v 0.043557 3.136672 0.682657
vn -0.452900 -0.887800 -0.081900
vn -0.483500 -0.872300 -0.072800
vn -0.445000 -0.891600 -0.084200
vn -0.446400 -0.894500 -0.025800
v 0.042097 3.140022 0.591906
vn -0.502100 -0.864800 -0.008000
vn -0.456800 -0.889300 -0.022600
vn -0.512300 -0.858800 -0.004700
vn -0.512200 -0.858700 -0.018500
v 0.031468 3.152613 0.301311
vn -0.547600 -0.836600 -0.013000
vn -0.513600 -0.857800 -0.018300
vn -0.549500 -0.835400 -0.012700
v 0.015900 3.158919 0.301311
vt 0.500953 0.149881
vn 0.228100 0.973000 0.034200
v 0.021722 3.147500 0.591906
vt 0.522866 0.149317
vn 0.211600 0.976700 0.036000
v 0.022488 3.143847 0.682657
vt 0.554341 0.151944
vn 0.199100 0.979000 0.043000
v 0.020166 3.139874 0.761307
vt 0.567915 0.151767
vn 0.230900 0.971100 0.060600
v 0.020026 3.139285 0.761307
vn -0.334500 -0.940600 -0.057400
v 0.022348 3.143258 0.682657
vn -0.302500 -0.950800 -0.066300
vn -0.327800 -0.942900 -0.059300
vn -0.295900 -0.952800 -0.068100
vn -0.296400 -0.954400 -0.035900
v 0.021583 3.146911 0.591906
vn -0.314900 -0.948600 -0.030800
vn -0.299700 -0.953400 -0.035000
vn -0.318200 -0.947600 -0.029900
vn -0.318200 -0.947500 -0.030900
v 0.015760 3.158330 0.301311
vn -0.340700 -0.939700 -0.028300
vn -0.319100 -0.947200 -0.030800
vn -0.341900 -0.939300 -0.028200
v -0.000843 3.160875 0.301311
vt 0.500709 0.150481
vn 0.116000 0.992500 0.037800
v -0.000860 3.149812 0.591906
vt 0.522538 0.150063
vn 0.102000 0.994000 0.039300
v -0.000849 3.146010 0.682657
vt 0.554003 0.152671
vn 0.093000 0.994800 0.040700
v -0.000843 3.142715 0.761307
vt 0.567608 0.152595
vn 0.126200 0.990700 0.051700
v -0.000843 3.142109 0.761307
vn -0.134000 -0.990100 -0.041500
v -0.000849 3.145405 0.682657
vn -0.099000 -0.993800 -0.051000
vn -0.126400 -0.991000 -0.043600
vn -0.092000 -0.994300 -0.052900
vn -0.092100 -0.994900 -0.041700
v -0.000860 3.149206 0.591906
vn -0.100100 -0.994200 -0.039600
vn -0.093600 -0.994800 -0.041300
vn -0.101700 -0.994000 -0.039200
vn -0.101700 -0.994100 -0.037900
v -0.000843 3.160271 0.301311
vn -0.115300 -0.992600 -0.036700
vn -0.102200 -0.994000 -0.037800
vn -0.116000 -0.992600 -0.036700
v -0.017446 3.158330 0.301311
v -0.017586 3.158919 0.301311
vn -0.939600 -0.340200 0.037300
v 0.089435 3.016546 0.668393
vn -0.986800 -0.158000 0.036000
vn -0.499700 0.866000 0.018800
vn -0.986800 -0.157900 0.036000
vn -0.187400 0.982200 0.014100
vn -0.986800 -0.157900 0.035900
vn -0.499400 -0.865700 0.035000
vn -0.001600 -0.999900 0.010800
vn -0.986800 -0.157900 0.036100
vn -0.204700 -0.978800 0.006700
vn 0.952400 0.301800 -0.043100
vn -0.498900 -0.865400 -0.046300
vn -0.986800 -0.157800 0.036000
v -0.092212 3.035436 0.591906
vn -0.977500 -0.192000 -0.087400
v -0.070393 3.067453 0.301311
vn -0.954700 -0.279300 -0.102300
v -0.063716 3.051976 0.301311
vn -0.915500 -0.386500 -0.111800
v -0.088107 3.016458 0.591691
vn -0.971100 -0.221900 -0.087500
v -0.098837 3.034235 0.682657
vn -0.959000 -0.275900 -0.065500
v -0.091383 3.016394 0.682441
vn -0.926300 -0.372100 -0.059000
v -0.103543 3.037634 0.725425
vn -0.984400 -0.145600 -0.098700
v -0.093003 3.016525 0.694813
vn -0.947000 -0.297600 -0.120900
v -0.102963 3.037808 0.725425
vn 0.230500 -0.762200 0.604900
vn 0.228700 -0.762500 0.605200
vn 0.396000 -0.688500 0.607500
v -0.092479 3.016828 0.694813
vn 0.397700 -0.687600 0.607500
v -0.098257 3.034410 0.682657
vn 0.926400 0.365900 0.088900
vn 0.931100 0.357200 0.074100
vn 0.925600 0.367300 0.091300
v -0.090859 3.016697 0.682441
vn 0.917000 0.381600 0.116000
v -0.091632 3.035609 0.591906
vn 0.971700 0.232900 0.040400
vn 0.920700 0.383600 0.072300
vn 0.929900 0.361500 0.067600
v -0.087583 3.016761 0.591691
vn 0.977200 0.209500 0.035400
v -0.069814 3.067627 0.301311
vn 0.914500 0.385300 0.123500
vn 0.973400 0.208000 0.096000
vn 0.971700 0.215200 0.097200
v -0.063192 3.052278 0.301311
vn 0.911000 0.393000 0.124600
v -0.095693 3.055628 0.591906
vn -0.994900 -0.063900 -0.077700
v -0.073320 3.084054 0.301311
vn -0.995300 -0.051400 -0.082100
v -0.102253 3.053311 0.682657
vn -0.997200 -0.047500 -0.058500
v -0.106944 3.055775 0.741539
vn -0.968400 0.232100 -0.091300
v -0.106340 3.055810 0.741539
vn 0.040200 -0.659400 0.750700
vn 0.037900 -0.659600 0.750600
vn 0.187900 -0.635200 0.749100
vn 0.190400 -0.634700 0.748900
v -0.101648 3.053346 0.682657
vn 0.982800 0.162000 0.089100
vn 0.990100 0.119600 0.073900
vn 0.988500 0.129800 0.077500
vn 0.980000 0.175500 0.093900
v -0.095089 3.055663 0.591906
vn 0.982600 0.170300 0.074200
vn 0.981500 0.175800 0.075400
vn 0.981700 0.174900 0.075200
vn 0.982800 0.169400 0.074000
v -0.072716 3.084089 0.301311
vn 0.980600 0.172700 0.092600
vn 0.981300 0.169200 0.092100
vn 0.981300 0.169300 0.092100
vn 0.980600 0.172900 0.092700
v -0.094714 3.076742 0.591906
vn -0.983700 0.169300 -0.060000
v -0.072340 3.100882 0.301311
vn -0.981700 0.180300 -0.060400
v -0.101076 3.072539 0.682657
vn -0.981000 0.192700 -0.022700
v -0.100934 3.074706 0.754689
vn -0.904600 0.425100 -0.030900
v -0.100338 3.074601 0.754689
vn -0.094300 -0.547600 0.831400
vn -0.096500 -0.547000 0.831600
vn 0.030400 -0.579500 0.814400
vn 0.032900 -0.580000 0.813900
v -0.100480 3.072434 0.682657
vn 0.991600 -0.110700 0.067400
vn 0.951000 -0.309000 0.007400
vn 0.961500 -0.274200 0.018300
vn 0.994800 -0.060900 0.081800
v -0.094118 3.076638 0.591906
vn 0.996400 -0.048100 0.070300
vn 0.995900 -0.060900 0.067000
vn 0.996000 -0.058800 0.067600
vn 0.996400 -0.046100 0.070800
v -0.071744 3.100777 0.301311
vn 0.995800 -0.057400 0.071100
vn 0.996300 -0.046100 0.072900
vn 0.996300 -0.046600 0.072800
vn 0.995800 -0.058000 0.071000
v -0.088739 3.096382 0.591906
vn -0.916700 0.397900 -0.035800
v -0.067506 3.117031 0.301311
vn -0.914800 0.402100 -0.038400
v -0.094363 3.092798 0.682657
vn -0.896200 0.443700 0.004200
v -0.091139 3.092153 0.761307
vn -0.830200 0.557100 0.020200
v -0.090584 3.091913 0.761307
vn -0.124100 -0.290300 0.948800
vn -0.125000 -0.289600 0.949000
vn -0.059700 -0.327000 0.943100
vn -0.057800 -0.327900 0.942900
v -0.093808 3.092557 0.682657
vn 0.939200 -0.343400 -0.000500
vn 0.877000 -0.478900 -0.039900
vn 0.889700 -0.455300 -0.032800
vn 0.949200 -0.314700 0.007600
v -0.088184 3.096143 0.591906
vn 0.954300 -0.294200 0.052400
vn 0.948200 -0.314400 0.046300
vn 0.949200 -0.311000 0.047400
vn 0.955300 -0.290600 0.053500
v -0.066950 3.116791 0.301311
vn 0.956700 -0.286600 0.049800
vn 0.955500 -0.290700 0.049200
vn 0.955600 -0.290500 0.049200
vn 0.956800 -0.286400 0.049900
v -0.078646 3.114008 0.591906
vn -0.793000 0.609100 -0.013000
v -0.059077 3.131630 0.301311
vn -0.797600 0.603000 -0.015700
v -0.082302 3.110388 0.682657
vn -0.771600 0.635400 0.028400
v -0.077778 3.108613 0.761307
vn -0.708300 0.704300 0.047600
v -0.077293 3.108251 0.761307
v -0.081817 3.110026 0.682657
vn 0.816100 -0.576500 -0.041800
vn 0.774400 -0.630000 -0.058800
vn 0.783000 -0.619600 -0.055400
vn 0.823800 -0.565500 -0.038400
v -0.078161 3.113647 0.591906
vn 0.861300 -0.507200 0.030600
vn 0.824400 -0.565900 0.010600
vn 0.830900 -0.556200 0.014000
vn 0.867300 -0.496600 0.034100
v -0.058592 3.131269 0.301311
vn 0.865800 -0.499600 0.027800
vn 0.867500 -0.496700 0.028300
vn 0.867400 -0.496800 0.028300
vn 0.865700 -0.499800 0.027700
v -0.063340 3.129052 0.591906
vn -0.610100 0.792300 0.007200
v -0.047510 3.143891 0.301311
vn -0.637700 0.770200 0.006300
v -0.065980 3.126981 0.682657
vn -0.590800 0.805700 0.042100
v -0.061221 3.121929 0.761307
vn -0.568500 0.819500 0.073100
v -0.060833 3.121466 0.761307
vn 0.000300 -0.000000 1.000000
v -0.065591 3.126517 0.682657
vn 0.697700 -0.713700 -0.061900
vn 0.623600 -0.776800 -0.087600
vn 0.640100 -0.763900 -0.082200
vn 0.711700 -0.700200 -0.056700
v -0.062951 3.128588 0.591906
vn 0.702700 -0.711500 0.000600
vn 0.712800 -0.701300 0.004700
vn 0.711000 -0.703200 0.004000
vn 0.700800 -0.713400 -0.000200
v -0.047121 3.143427 0.301311
vn 0.726100 -0.687600 0.007100
vn 0.700800 -0.713400 0.001700
vn 0.701800 -0.712400 0.002000
vn 0.727300 -0.686200 0.007400
v -0.044055 3.140563 0.591906
vn -0.418000 0.908100 0.026000
v -0.033426 3.153153 0.301311
vn -0.444700 0.895400 0.023500
v -0.045514 3.137213 0.682657
vn -0.378200 0.924800 0.042400
v -0.042578 3.132501 0.761307
vn -0.409900 0.909000 0.076000
v -0.042307 3.131961 0.761307
vn 0.000100 -0.000000 1.000000
v -0.045243 3.136672 0.682657
vn 0.452900 -0.887800 -0.081900
vn 0.491700 -0.867900 -0.070300
vn 0.483500 -0.872300 -0.072800
vn 0.445000 -0.891600 -0.084200
v -0.043783 3.140022 0.591906
vn 0.502100 -0.864800 -0.008000
vn 0.446400 -0.894500 -0.025800
vn 0.456800 -0.889300 -0.022600
vn 0.512300 -0.858800 -0.004700
v -0.033154 3.152613 0.301311
vn 0.547600 -0.836600 -0.013000
vn 0.512200 -0.858700 -0.018500
vn 0.513600 -0.857800 -0.018300
vn 0.549500 -0.835400 -0.012700
v -0.023408 3.147500 0.591906
vn -0.211600 0.976700 0.036000
vn -0.228100 0.973000 0.034200
v -0.024174 3.143847 0.682657
vn -0.199100 0.979000 0.043000
v -0.021852 3.139874 0.761307
vn -0.230900 0.971100 0.060600
v -0.021712 3.139285 0.761307
v -0.024034 3.143258 0.682657
vn 0.302500 -0.950800 -0.066300
vn 0.334500 -0.940600 -0.057400
vn 0.327800 -0.942900 -0.059300
vn 0.295900 -0.952800 -0.068100
v -0.023269 3.146911 0.591906
vn 0.314900 -0.948600 -0.030800
vn 0.296400 -0.954400 -0.035900
vn 0.299700 -0.953400 -0.035000
vn 0.318200 -0.947600 -0.029900
vn 0.340700 -0.939700 -0.028300
vn 0.318200 -0.947500 -0.030900
vn 0.319100 -0.947200 -0.030800
vn 0.341900 -0.939300 -0.028200
v -0.000826 3.149812 0.591906
vn -0.102000 0.994000 0.039300
vn -0.116000 0.992500 0.037800
v -0.000837 3.146010 0.682657
vn -0.093000 0.994800 0.040700
vn -0.126200 0.990700 0.051700
v -0.000837 3.145405 0.682657
vn 0.099000 -0.993800 -0.051000
vn 0.134000 -0.990100 -0.041500
vn 0.126400 -0.991000 -0.043600
vn 0.092000 -0.994300 -0.052900
v -0.000826 3.149206 0.591906
vn 0.100100 -0.994200 -0.039600
vn 0.092100 -0.994900 -0.041700
vn 0.093600 -0.994800 -0.041300
vn 0.101700 -0.994000 -0.039200
vn 0.115300 -0.992600 -0.036700
vn 0.101700 -0.994100 -0.037900
vn 0.102200 -0.994000 -0.037800
vn 0.116000 -0.992600 -0.036700
vn 0.939600 -0.340200 0.037300
v -0.091121 3.016546 0.668393
vn 0.986800 -0.157800 0.036000
vn 0.499500 0.866100 0.018800
vn 0.986800 -0.157700 0.036000
vn 0.187400 0.982200 0.014100
vn 0.986800 -0.157700 0.036100
vn 0.499400 -0.865700 0.035000
vn 0.986800 -0.157600 0.036000
vn 0.001600 -0.999900 0.010800
vn 0.986800 -0.157700 0.035900
vn 0.204700 -0.978800 0.006700
vn -0.952400 0.301800 -0.043100
vn 0.498900 -0.865400 -0.046300
vn 0.986800 -0.157600 0.036100
v 0.068987 3.073433 0.307361
vt 0.862333 0.297349
v 0.070547 3.088276 0.307361
vt 0.864123 0.322017
v -0.000843 3.088276 0.307361
vt 0.782207 0.322017
v 0.064375 3.059238 0.307361
vt 0.857041 0.273760
v 0.056913 3.046314 0.307361
vt 0.848479 0.252278
v 0.046926 3.035222 0.307361
vt 0.837020 0.233844
v 0.034852 3.026450 0.307361
vt 0.823164 0.219266
v 0.021218 3.020380 0.307361
vt 0.807520 0.209176
v 0.006619 3.017277 0.307361
vt 0.790768 0.204018
v -0.008305 3.017277 0.307361
vt 0.773643 0.204018
v -0.022904 3.020380 0.307361
vt 0.756894 0.209176
v -0.036538 3.026450 0.307361
vt 0.741248 0.219266
v -0.048612 3.035222 0.307361
vt 0.727393 0.233844
v -0.058599 3.046314 0.307361
vt 0.715934 0.252278
v -0.066061 3.059238 0.307361
vt 0.707371 0.273760
v -0.070673 3.073433 0.307361
vt 0.702080 0.297349
v -0.072233 3.088276 0.307361
vt 0.700289 0.322017
v -0.070673 3.103118 0.307361
vt 0.702080 0.346686
v -0.066061 3.117313 0.307361
vt 0.707371 0.370277
v -0.058599 3.130237 0.307361
vt 0.715934 0.391757
v -0.048612 3.141329 0.307361
vt 0.727393 0.410191
v -0.036538 3.150101 0.307361
vt 0.741248 0.424769
v -0.022904 3.156171 0.307361
vt 0.756894 0.434859
v -0.008305 3.159274 0.307361
vt 0.773643 0.440016
v 0.006619 3.159274 0.307361
vt 0.790768 0.440016
v 0.021218 3.156171 0.307361
vt 0.807520 0.434859
v 0.034852 3.150101 0.307361
vt 0.823164 0.424769
v 0.046926 3.141329 0.307361
vt 0.837020 0.410191
v 0.056913 3.130237 0.307361
vt 0.848479 0.391757
v 0.064375 3.117313 0.307361
vt 0.857041 0.370275
v 0.068987 3.103118 0.307361
vt 0.862333 0.346686
v 0.068987 3.073433 0.301311
vt 0.526014 0.281177
vn 0.978100 -0.207900 -0.000000
v 0.070547 3.088276 0.301311
vt 0.526145 0.282926
vn 1.000000 -0.000000 -0.000000
vn 0.978200 -0.207900 -0.000000
v 0.064375 3.059238 0.301311
vt 0.525627 0.279505
vn 0.913500 -0.406700 -0.000000
v 0.056913 3.046314 0.301311
vt 0.525000 0.277983
vn 0.809000 -0.587800 -0.000000
v 0.046926 3.035222 0.301311
vt 0.524161 0.276676
vn 0.669100 -0.743100 -0.000000
v 0.034852 3.026450 0.301311
vt 0.523146 0.275643
vn 0.500000 -0.866000 -0.000000
v 0.021218 3.020380 0.301311
vt 0.522000 0.274928
vn 0.309000 -0.951100 -0.000000
v 0.006619 3.017277 0.301311
vt 0.520774 0.274562
vn 0.104500 -0.994500 -0.000000
v -0.008305 3.017277 0.301311
vt 0.519520 0.274562
vn -0.104500 -0.994500 -0.000000
v -0.022904 3.020380 0.301311
vt 0.518293 0.274928
vn -0.309000 -0.951100 -0.000000
v -0.036538 3.026450 0.301311
vt 0.517148 0.275643
vn -0.500000 -0.866000 -0.000000
v -0.048612 3.035222 0.301311
vt 0.516133 0.276676
vn -0.669100 -0.743100 -0.000000
v -0.058599 3.046314 0.301311
vt 0.515294 0.277983
vn -0.809000 -0.587800 -0.000000
v -0.066061 3.059238 0.301311
vt 0.514667 0.279505
vn -0.913500 -0.406700 -0.000000
v -0.070673 3.073433 0.301311
vt 0.514279 0.281177
vn -0.978200 -0.207900 -0.000000
vn -0.978100 -0.207900 -0.000000
v -0.072233 3.088276 0.301311
vt 0.514148 0.282926
vn -1.000000 -0.000000 -0.000000
v -0.070673 3.103118 0.301311
vt 0.514279 0.284674
vn -0.978100 0.207900 -0.000000
v -0.066061 3.117313 0.301311
vt 0.514667 0.286346
vn -0.913500 0.406700 -0.000000
v -0.058599 3.130237 0.301311
vt 0.515294 0.287869
vn -0.809000 0.587800 -0.000000
v -0.048612 3.141329 0.301311
vt 0.516133 0.289175
vn -0.669100 0.743100 -0.000000
v -0.036538 3.150101 0.301311
vt 0.517148 0.290209
vn -0.500000 0.866000 -0.000000
v -0.022904 3.156171 0.301311
vt 0.518293 0.290924
vn -0.309000 0.951100 -0.000000
v -0.008305 3.159274 0.301311
vt 0.519520 0.291289
vn -0.104500 0.994500 -0.000000
v 0.006619 3.159274 0.301311
vt 0.520774 0.291289
vn 0.104500 0.994500 -0.000000
v 0.021218 3.156171 0.301311
vt 0.522000 0.290924
vn 0.309000 0.951100 -0.000000
v 0.034852 3.150101 0.301311
vt 0.523146 0.290209
vn 0.500000 0.866000 -0.000000
v 0.046926 3.141329 0.301311
vt 0.524161 0.289175
vn 0.669100 0.743100 -0.000000
v 0.056913 3.130237 0.301311
vt 0.525000 0.287869
vn 0.809000 0.587800 -0.000000
v 0.064375 3.117313 0.301311
vt 0.525627 0.286346
vn 0.913500 0.406700 -0.000000
v 0.068987 3.103118 0.301311
vt 0.526014 0.284674
vn 0.978100 0.207900 -0.000000
v -0.000843 3.088276 0.301311
vt 0.520147 0.282926
v -0.210118 3.003095 0.290352
vt 0.550718 0.325432
vn -0.128500 0.968100 -0.214900
v -0.215754 3.002832 0.292536
vt 0.550476 0.333293
v -0.096902 3.085144 0.592301
vt 0.535581 0.325432
v -0.102538 3.084881 0.594484
vt 0.535338 0.333293
v -0.100206 3.067309 0.598385
vn 0.128800 -0.968100 0.214800
v -0.213422 2.985261 0.296436
vn 0.128500 -0.968200 0.214900
v -0.094570 3.067571 0.596200
vn 0.128300 -0.968200 0.215000
v -0.207786 2.985524 0.294252
vn 0.340100 0.246600 0.907500
vn 0.340300 0.246600 0.907400
vn 0.340200 0.246600 0.907500
vn 0.340300 0.246500 0.907400
vn -0.931500 -0.043500 0.361100
vn 0.931500 0.043500 -0.361100
v 0.217512 3.003577 0.293826
vn 0.049800 0.968100 -0.245400
v 0.211877 3.003313 0.291642
v 0.097640 3.085625 0.593194
vn 0.049900 0.968100 -0.245400
v 0.092005 3.085362 0.591010
v 0.091098 3.067790 0.595464
vn -0.049900 -0.968100 0.245300
v 0.210971 2.985742 0.296095
vn -0.049900 -0.968100 0.245400
v 0.096734 3.068053 0.597649
v 0.216606 2.986005 0.298279
vn -0.360200 0.246600 0.899700
vn -0.360300 0.246600 0.899700
vn -0.931500 -0.043500 -0.361100
vn -0.931500 -0.043400 -0.361100
vn 0.931500 0.043500 0.361100
v 0.068707 2.882929 0.301311
v 0.090526 2.850911 0.591906
v 0.062030 2.867451 0.301311
v 0.086421 2.831933 0.591691
v 0.097151 2.849711 0.682657
v 0.089697 2.831870 0.682441
v 0.101857 2.853110 0.725425
v 0.091317 2.832000 0.694813
vn 0.947000 -0.297500 -0.120900
vn -0.227800 -0.763200 0.604700
v 0.101277 2.853283 0.725425
vn -0.229800 -0.762400 0.604900
vn -0.395300 -0.688900 0.607600
v 0.090793 2.832303 0.694813
vn -0.396800 -0.688000 0.607600
v 0.096571 2.849885 0.682657
v 0.089173 2.832172 0.682441
v 0.089946 2.851084 0.591906
v 0.085897 2.832236 0.591691
v 0.068128 2.883102 0.301311
v 0.061506 2.867753 0.301311
v 0.071634 2.899529 0.301311
v 0.094007 2.871103 0.591906
v 0.100567 2.868786 0.682657
v 0.105258 2.871250 0.741539
vn -0.037800 -0.659700 0.750600
v 0.104654 2.871285 0.741539
vn -0.040500 -0.659400 0.750700
vn -0.186800 -0.635500 0.749200
vn -0.189700 -0.634900 0.748900
v 0.099962 2.868821 0.682657
v 0.093403 2.871138 0.591906
v 0.071030 2.899564 0.301311
v 0.070654 2.916358 0.301311
v 0.093028 2.892217 0.591906
v 0.099390 2.888014 0.682657
v 0.099248 2.890181 0.754689
vn 0.096900 -0.546900 0.831600
v 0.098652 2.890076 0.754689
vn -0.031400 -0.579500 0.814400
vn -0.033700 -0.580200 0.813800
v 0.098794 2.887909 0.682657
v 0.092432 2.892112 0.591906
v 0.070058 2.916253 0.301311
v 0.065820 2.932506 0.301311
v 0.087053 2.911857 0.591906
v 0.092677 2.908273 0.682657
v 0.089453 2.907628 0.761307
vn 0.124900 -0.289800 0.948900
v 0.088898 2.907389 0.761307
vn 0.123200 -0.290500 0.948900
vn 0.059900 -0.327000 0.943100
vn 0.057900 -0.327900 0.943000
v 0.092122 2.908032 0.682657
vn -0.889800 -0.455300 -0.032800
v 0.086498 2.911618 0.591906
vn -0.955600 -0.290700 0.049200
v 0.065264 2.932266 0.301311
v 0.057391 2.947104 0.301311
v 0.076960 2.929483 0.591906
v 0.080616 2.925862 0.682657
v 0.076092 2.924087 0.761307
v 0.075607 2.923726 0.761307
v 0.080131 2.925501 0.682657
vn -0.823900 -0.565500 -0.038400
v 0.076475 2.929121 0.591906
vn -0.867400 -0.496700 0.028300
v 0.056906 2.946743 0.301311
vn -0.865800 -0.499700 0.027800
vn -0.867400 -0.496900 0.028300
v 0.045824 2.959365 0.301311
vn 0.637800 0.770200 0.006300
v 0.061654 2.944527 0.591906
v 0.064294 2.942456 0.682657
v 0.059535 2.937405 0.761307
vn 0.568500 0.819400 0.073100
v 0.059147 2.936941 0.761307
v 0.063905 2.941992 0.682657
v 0.061265 2.944063 0.591906
vn -0.702700 -0.711400 0.000600
v 0.045435 2.958902 0.301311
vn -0.701800 -0.712300 0.002000
vn -0.727400 -0.686200 0.007400
v 0.031740 2.968629 0.301311
v 0.042369 2.956038 0.591906
v 0.043828 2.952688 0.682657
v 0.040892 2.947976 0.761307
vn 0.409800 0.909000 0.075900
vn -0.000100 -0.000000 1.000000
v 0.040621 2.947436 0.761307
v 0.043557 2.952147 0.682657
v 0.042097 2.955497 0.591906
v 0.031468 2.968088 0.301311
v 0.015900 2.974394 0.301311
v 0.021722 2.962975 0.591906
v 0.022488 2.959322 0.682657
v 0.020166 2.955349 0.761307
v 0.020026 2.954761 0.761307
v 0.022348 2.958734 0.682657
vn -0.302600 -0.950800 -0.066300
vn -0.327900 -0.942900 -0.059300
v 0.021583 2.962386 0.591906
v 0.015760 2.973805 0.301311
v -0.000843 2.976351 0.301311
v -0.000860 2.965287 0.591906
v -0.000849 2.961485 0.682657
v -0.000843 2.958189 0.761307
v -0.000843 2.957584 0.761307
vn -0.133900 -0.990100 -0.041500
v -0.000849 2.960880 0.682657
vn -0.126300 -0.991000 -0.043600
vn -0.092000 -0.994400 -0.052900
vn -0.092000 -0.994900 -0.041700
v -0.000860 2.964682 0.591906
vn -0.100200 -0.994200 -0.039500
vn -0.093500 -0.994800 -0.041300
vn -0.101700 -0.994000 -0.039100
v -0.000843 2.975746 0.301311
v -0.017446 2.973805 0.301311
v -0.017586 2.974394 0.301311
v 0.089435 2.832021 0.668393
vn -0.986900 -0.157500 0.035900
vn -0.499000 0.866400 0.018600
vn -0.986900 -0.157400 0.035900
vn -0.186500 0.982300 0.014000
vn -0.499500 -0.865600 0.034900
vn -0.001600 -0.999900 0.010700
vn -0.205000 -0.978700 0.006700
vn -0.986900 -0.157600 0.035900
vn -0.499900 -0.864900 -0.046200
v -0.092212 2.850911 0.591906
v -0.070393 2.882929 0.301311
v -0.063716 2.867451 0.301311
v -0.088107 2.831933 0.591691
v -0.098837 2.849711 0.682657
v -0.091383 2.831870 0.682441
v -0.103543 2.853110 0.725425
v -0.093003 2.832000 0.694813
vn -0.947000 -0.297500 -0.120900
v -0.102963 2.853283 0.725425
vn 0.229600 -0.762600 0.604800
vn 0.227800 -0.763200 0.604700
vn 0.395200 -0.688900 0.607600
v -0.092479 2.832303 0.694813
vn 0.396800 -0.688100 0.607500
v -0.098257 2.849885 0.682657
v -0.090859 2.832172 0.682441
v -0.091632 2.851084 0.591906
v -0.087583 2.832236 0.591691
v -0.069814 2.883102 0.301311
v -0.063192 2.867753 0.301311
v -0.095693 2.871103 0.591906
v -0.073320 2.899529 0.301311
v -0.102253 2.868786 0.682657
v -0.106944 2.871250 0.741539
v -0.106340 2.871285 0.741539
vn 0.037800 -0.659700 0.750600
vn 0.186800 -0.635500 0.749200
vn 0.189700 -0.634900 0.748900
v -0.101648 2.868821 0.682657
v -0.095089 2.871138 0.591906
v -0.072716 2.899564 0.301311
v -0.094714 2.892217 0.591906
v -0.072340 2.916358 0.301311
v -0.101076 2.888014 0.682657
v -0.100934 2.890181 0.754689
v -0.100338 2.890076 0.754689
vn -0.094700 -0.547500 0.831400
vn -0.096900 -0.546900 0.831600
vn 0.031000 -0.579600 0.814300
vn 0.033600 -0.580200 0.813800
v -0.100480 2.887909 0.682657
v -0.094118 2.892112 0.591906
v -0.071744 2.916253 0.301311
v -0.088739 2.911857 0.591906
v -0.067506 2.932506 0.301311
v -0.094363 2.908273 0.682657
v -0.091139 2.907628 0.761307
v -0.090584 2.907389 0.761307
vn -0.123200 -0.290500 0.948900
vn -0.124900 -0.289800 0.948900
vn -0.059900 -0.327000 0.943100
vn -0.058400 -0.327900 0.942900
v -0.093808 2.908032 0.682657
vn 0.889800 -0.455300 -0.032800
v -0.088184 2.911618 0.591906
v -0.066950 2.932266 0.301311
vn 0.955600 -0.290700 0.049200
v -0.078646 2.929483 0.591906
v -0.059077 2.947104 0.301311
v -0.082302 2.925862 0.682657
v -0.077778 2.924087 0.761307
v -0.077293 2.923726 0.761307
v -0.081817 2.925501 0.682657
vn 0.823900 -0.565500 -0.038400
v -0.078161 2.929121 0.591906
v -0.058592 2.946743 0.301311
vn 0.865800 -0.499700 0.027800
vn 0.867400 -0.496700 0.028300
vn 0.867400 -0.496900 0.028300
v -0.063340 2.944527 0.591906
v -0.047510 2.959365 0.301311
vn -0.637800 0.770200 0.006300
v -0.065980 2.942456 0.682657
v -0.061221 2.937405 0.761307
vn -0.568500 0.819400 0.073100
v -0.060833 2.936941 0.761307
v -0.065591 2.941992 0.682657
v -0.062951 2.944063 0.591906
vn 0.702700 -0.711400 0.000600
v -0.047121 2.958902 0.301311
vn 0.701800 -0.712300 0.002000
vn 0.727400 -0.686200 0.007400
v -0.044055 2.956038 0.591906
v -0.033426 2.968629 0.301311
v -0.045514 2.952688 0.682657
v -0.042578 2.947976 0.761307
vn -0.409800 0.909000 0.075900
v -0.042307 2.947436 0.761307
vn -0.000100 0.000300 1.000000
v -0.045243 2.952147 0.682657
v -0.043783 2.955497 0.591906
v -0.033154 2.968088 0.301311
v -0.023408 2.962975 0.591906
v -0.024174 2.959322 0.682657
v -0.021852 2.955349 0.761307
v -0.021712 2.954761 0.761307
v -0.024034 2.958734 0.682657
vn 0.302600 -0.950800 -0.066300
vn 0.327900 -0.942900 -0.059300
v -0.023269 2.962386 0.591906
v -0.000826 2.965287 0.591906
v -0.000837 2.961485 0.682657
v -0.000837 2.960880 0.682657
vn 0.133900 -0.990100 -0.041500
vn 0.126300 -0.991000 -0.043600
vn 0.092000 -0.994400 -0.052900
v -0.000826 2.964682 0.591906
vn 0.100200 -0.994200 -0.039500
vn 0.092000 -0.994900 -0.041700
vn 0.093500 -0.994800 -0.041300
vn 0.101700 -0.994000 -0.039100
v -0.091121 2.832021 0.668393
vn 0.986800 -0.157800 0.035900
vn 0.499000 0.866400 0.018600
vn 0.186200 0.982400 0.014100
vn 0.499500 -0.865600 0.034900
vn 0.001500 -0.999900 0.010700
vn 0.205000 -0.978700 0.006700
vn 0.499900 -0.864900 -0.046200
v 0.068987 2.888908 0.307361
v 0.070547 2.903751 0.307361
v -0.000843 2.903751 0.307361
v 0.064375 2.874714 0.307361
v 0.056913 2.861789 0.307361
v 0.046926 2.850697 0.307361
v 0.034852 2.841925 0.307361
v 0.021218 2.835855 0.307361
v 0.006619 2.832752 0.307361
v -0.008305 2.832752 0.307361
v -0.022904 2.835855 0.307361
v -0.036538 2.841925 0.307361
v -0.048612 2.850697 0.307361
v -0.058599 2.861789 0.307361
v -0.066061 2.874714 0.307361
v -0.070673 2.888908 0.307361
v -0.072233 2.903751 0.307361
v -0.070673 2.918593 0.307361
v -0.066061 2.932788 0.307361
v -0.058599 2.945713 0.307361
v -0.048612 2.956804 0.307361
v -0.036538 2.965576 0.307361
v -0.022904 2.971646 0.307361
v -0.008305 2.974750 0.307361
v 0.006619 2.974750 0.307361
v 0.021218 2.971646 0.307361
v 0.034852 2.965576 0.307361
v 0.046926 2.956804 0.307361
v 0.056913 2.945713 0.307361
v 0.064375 2.932788 0.307361
v 0.068987 2.918593 0.307361
v 0.068987 2.888908 0.301311
v 0.070547 2.903751 0.301311
v 0.064375 2.874714 0.301311
v 0.056913 2.861789 0.301311
v 0.046926 2.850697 0.301311
v 0.034852 2.841925 0.301311
v 0.021218 2.835855 0.301311
v 0.006619 2.832752 0.301311
v -0.008305 2.832752 0.301311
v -0.022904 2.835855 0.301311
v -0.036538 2.841925 0.301311
v -0.048612 2.850697 0.301311
v -0.058599 2.861789 0.301311
v -0.066061 2.874714 0.301311
v -0.070673 2.888908 0.301311
v -0.072233 2.903751 0.301311
v -0.070673 2.918593 0.301311
v -0.066061 2.932788 0.301311
vn -0.913600 0.406700 -0.000000
v -0.058599 2.945713 0.301311
v -0.048612 2.956804 0.301311
vn -0.669100 0.743200 -0.000000
v -0.036538 2.965576 0.301311
v -0.022904 2.971646 0.301311
vn -0.309000 0.951000 -0.000000
v -0.008305 2.974750 0.301311
vn -0.104600 0.994500 -0.000000
v 0.006619 2.974750 0.301311
vn 0.104600 0.994500 -0.000000
v 0.021218 2.971646 0.301311
vn 0.309000 0.951000 -0.000000
v 0.034852 2.965576 0.301311
v 0.046926 2.956804 0.301311
vn 0.669100 0.743200 -0.000000
v 0.056913 2.945713 0.301311
v 0.064375 2.932788 0.301311
vn 0.913600 0.406700 -0.000000
v 0.068987 2.918593 0.301311
v -0.000843 2.903751 0.301311
v 0.214068 3.021409 0.292537
vn -0.128300 0.968200 0.215000
v 0.208432 3.021147 0.290352
v 0.100852 2.939361 0.594484
vn -0.128700 0.968100 0.214800
v 0.095216 2.939097 0.592299
v 0.097548 2.921526 0.588400
vn 0.128800 -0.968100 -0.214800
v 0.210764 3.003575 0.286451
vn 0.128500 -0.968100 -0.214900
v 0.103184 2.921788 0.590585
vn 0.128700 -0.968100 -0.214900
v 0.216400 3.003838 0.288636
vn -0.340200 -0.246600 0.907400
vn -0.340300 -0.246500 0.907400
vn -0.340300 -0.246600 0.907400
v -0.213447 3.021409 0.291642
vn 0.050100 0.968200 0.245300
v -0.219083 3.021147 0.293827
v -0.093573 2.939361 0.591009
vn 0.049800 0.968100 0.245400
v -0.099209 2.939097 0.593194
v -0.100115 2.921526 0.588740
vn -0.050000 -0.968200 -0.245300
v -0.219989 3.003575 0.289375
vn -0.050000 -0.968100 -0.245300
v -0.094479 2.921788 0.586556
v -0.214354 3.003838 0.287189
vn 0.360300 -0.246600 0.899600
vn 0.360200 -0.246600 0.899700
vn 0.360100 -0.246600 0.899700
vn 0.931500 0.043400 -0.361100
v 0.069235 2.868044 0.195434
vt 0.131968 0.231579
vn 0.891000 -0.454000 -0.000000
v 0.076839 2.891446 0.195434
vt 0.126746 0.231687
vn 0.987700 -0.156400 -0.000000
v 0.076839 2.891446 0.301309
vt 0.127108 0.268298
vn 0.987700 -0.156500 -0.000000
v 0.069235 2.868044 0.301309
vt 0.132314 0.266595
v 0.054771 2.848136 0.195434
vt 0.135074 0.231515
vn 0.707100 -0.707100 -0.000000
v 0.054771 2.848136 0.301309
vt 0.135419 0.266371
v 0.034863 2.833672 0.195434
vt 0.135595 0.258314
vn 0.454000 -0.891000 -0.000000
v 0.034863 2.833672 0.301309
vt 0.135652 0.264131
v 0.011460 2.826068 0.195434
vt 0.140282 0.253307
vn 0.156400 -0.987700 -0.000000
v 0.011460 2.826068 0.301309
vt 0.140386 0.263874
v -0.013147 2.826068 0.195434
vt 0.145304 0.258114
vn -0.156400 -0.987700 -0.000000
v -0.013147 2.826068 0.301309
vt 0.145360 0.263772
v -0.036549 2.833672 0.195434
vn -0.454000 -0.891000 -0.000000
v -0.036549 2.833672 0.301309
v -0.056457 2.848136 0.195434
vn -0.707100 -0.707100 -0.000000
v -0.056457 2.848136 0.301309
v -0.070921 2.868044 0.195434
vn -0.891000 -0.454000 -0.000000
v -0.070921 2.868044 0.301309
v -0.078525 2.891446 0.195434
vn -0.987700 -0.156400 -0.000000
v -0.078525 2.891446 0.301309
vn -0.987700 -0.156500 -0.000000
v -0.078525 3.101122 0.195132
vt 0.048314 0.233192
vn -0.987700 0.156500 -0.000000
v -0.078525 3.101122 0.301007
vt 0.048674 0.269587
vn -0.987700 0.156400 -0.000000
v -0.070921 3.124526 0.195132
vt 0.043092 0.233300
vn -0.891000 0.454000 -0.000000
v -0.070921 3.124526 0.301007
vt 0.043452 0.269695
v -0.056457 3.144433 0.195132
vt 0.038382 0.233397
vn -0.707100 0.707100 -0.000000
v -0.056457 3.144433 0.301007
vt 0.038741 0.269792
v -0.036549 3.158896 0.195132
vt 0.034643 0.233474
vn -0.454000 0.891000 -0.000000
v -0.036549 3.158896 0.301007
vt 0.035003 0.269869
v -0.013147 3.166500 0.195132
vt 0.032243 0.233524
vn -0.156400 0.987700 -0.000000
v -0.013147 3.166500 0.301007
vt 0.032603 0.269919
v 0.011460 3.166500 0.195132
vt 0.031416 0.233541
vn 0.156400 0.987700 -0.000000
v 0.011460 3.166500 0.301007
vt 0.031775 0.269936
v 0.034863 3.158896 0.195132
vn 0.454000 0.891000 -0.000000
v 0.034863 3.158896 0.301007
v 0.054771 3.144433 0.195132
vn 0.707100 0.707100 -0.000000
v 0.054771 3.144433 0.301007
v 0.069235 3.124525 0.195132
vn 0.891000 0.454000 -0.000000
v 0.069235 3.124525 0.301007
v 0.076839 3.101122 0.195132
vn 0.987700 0.156500 -0.000000
v 0.076839 3.101122 0.301007
vn 0.987700 0.156400 -0.000000
vn -0.000100 -0.000700 -1.000000
v -0.000843 2.903750 0.195434
vn -0.000000 -0.000700 -1.000000
vn 0.000100 -0.000700 -1.000000
vn 0.001900 -0.000800 -1.000000
vn 0.001500 -0.000900 -1.000000
vn 0.000900 -0.001000 -1.000000
vn 0.000500 -0.001100 -1.000000
vn 0.000200 -0.001100 -1.000000
vn -0.000200 -0.001100 -1.000000
vn -0.000500 -0.001100 -1.000000
vn -0.000900 -0.001000 -1.000000
vn -0.001500 -0.000900 -1.000000
vn -0.001900 -0.000800 -1.000000
v 0.069234 2.868051 0.196039
vt 0.179307 0.553064
v 0.076822 2.891425 0.196039
vt 0.175733 0.566816
vn 0.000100 0.000700 1.000000
v -0.000843 2.903750 0.196039
vt 0.211367 0.580033
vn -0.000000 0.000700 1.000000
v 0.054781 2.848126 0.196039
vt 0.186114 0.541340
v 0.034888 2.833666 0.196039
vt 0.195482 0.532833
v 0.011460 2.826054 0.196039
vt 0.206516 0.528353
v -0.013107 2.826066 0.196039
vt 0.218087 0.528361
v -0.036559 2.833680 0.196039
vt 0.229131 0.532841
v -0.056467 2.848135 0.196039
vt 0.238508 0.541346
v -0.070907 2.868003 0.196039
vt 0.245309 0.553034
v -0.078524 2.891435 0.196039
vt 0.248895 0.566822
vn -0.000100 0.000700 1.000000
v -0.078535 3.101003 0.195737
vt 0.246306 0.838244
vn -0.001900 0.000800 1.000000
v -0.070912 3.124380 0.195737
vt 0.242716 0.851998
vn -0.001500 0.000900 1.000000
v -0.056423 3.144343 0.195737
vt 0.235892 0.863743
vn -0.000900 0.001000 1.000000
v -0.036601 3.158727 0.195737
vt 0.226556 0.872206
vn -0.000500 0.001100 1.000000
v -0.013146 3.166350 0.195737
vt 0.215510 0.876692
vn -0.000200 0.001100 1.000000
v 0.011447 3.166350 0.195737
vt 0.203928 0.876692
vn 0.000200 0.001100 1.000000
v 0.034851 3.158767 0.195737
vt 0.192905 0.872230
vn 0.000500 0.001100 1.000000
v 0.054791 3.144276 0.195737
vt 0.183514 0.863704
vn 0.000900 0.001000 1.000000
v 0.069226 3.124393 0.195737
vt 0.176715 0.852006
vn 0.001500 0.000900 1.000000
v 0.076840 3.100993 0.195737
vt 0.173130 0.838238
vn 0.001900 0.000800 1.000000
v 0.020719 2.892763 0.180914
vt 0.201212 0.573570
vn 0.238500 -0.121500 -0.963500
v 0.023059 2.899964 0.180914
vt 0.200110 0.577807
vn 0.264300 -0.042600 -0.963500
vn 0.238500 -0.121400 -0.963500
v 0.016269 2.886638 0.180914
vt 0.203308 0.569965
vn 0.189200 -0.189200 -0.963500
vn 0.189300 -0.189100 -0.963500
v 0.010144 2.882188 0.180914
vt 0.206193 0.567347
vn 0.121500 -0.238400 -0.963500
v 0.002942 2.879848 0.180914
vt 0.209584 0.565971
vn 0.041900 -0.264300 -0.963500
vn 0.041800 -0.264300 -0.963500
v -0.004628 2.879848 0.180914
vt 0.213150 0.565971
vn -0.041900 -0.264300 -0.963500
vn -0.041900 -0.264400 -0.963500
v -0.011830 2.882188 0.180914
vt 0.216542 0.567347
vn -0.121500 -0.238500 -0.963500
v -0.017955 2.886638 0.180914
vt 0.219427 0.569965
vn -0.189200 -0.189200 -0.963500
vn -0.189200 -0.189300 -0.963500
v -0.022405 2.892763 0.180914
vt 0.221522 0.573570
vn -0.238500 -0.121500 -0.963500
vn -0.238400 -0.121500 -0.963500
v -0.024745 2.899964 0.180914
vt 0.222624 0.577807
vn -0.264200 -0.042600 -0.963500
vn -0.264300 -0.042600 -0.963500
v -0.024745 3.092458 0.180612
vt 0.220224 0.824556
vn -0.264400 0.041100 -0.963500
vn -0.264400 0.041300 -0.963500
v -0.022405 3.099659 0.180612
vt 0.219122 0.828794
vn -0.238400 0.121500 -0.963500
vn -0.238500 0.121600 -0.963500
v -0.017955 3.105784 0.180612
vt 0.217027 0.832398
vn -0.189300 0.189200 -0.963500
vn -0.189200 0.189200 -0.963500
v -0.011830 3.110235 0.180612
vt 0.214142 0.835016
vn -0.121500 0.238500 -0.963500
v -0.004628 3.112575 0.180612
vt 0.210749 0.836392
vn -0.041900 0.264400 -0.963500
v 0.002942 3.112575 0.180612
vt 0.207184 0.836392
vn 0.041900 0.264400 -0.963500
vn 0.041800 0.264400 -0.963500
v 0.010144 3.110235 0.180612
vt 0.203793 0.835016
vn 0.121500 0.238500 -0.963500
vn 0.121400 0.238500 -0.963500
v 0.016269 3.105784 0.180612
vt 0.200908 0.832398
vn 0.189200 0.189200 -0.963500
vn 0.189300 0.189200 -0.963500
v 0.020719 3.099659 0.180612
vt 0.198811 0.828794
vn 0.238500 0.121500 -0.963500
v 0.023059 3.092458 0.180612
vt 0.197710 0.824556
vn 0.264500 0.041100 -0.963500
vn 0.264400 0.041200 -0.963500
vn -0.000100 -0.000800 -1.000000
v -0.000843 2.903750 0.180914
vn -0.000000 -0.000900 -1.000000
vn 0.000100 -0.000800 -1.000000
vn 0.003400 -0.001200 -1.000000
vn 0.002100 -0.001300 -1.000000
vn 0.001200 -0.001400 -1.000000
vn 0.000700 -0.001400 -1.000000
vn 0.000200 -0.001400 -1.000000
vn -0.000200 -0.001400 -1.000000
vn -0.000700 -0.001400 -1.000000
vn -0.001200 -0.001400 -1.000000
vn -0.002100 -0.001300 -1.000000
vn -0.003400 -0.001200 -1.000000
v -0.230987 3.013256 0.287802
vt 0.347440 0.757090
vn -0.000000 1.000000 -0.000000
v -0.227962 3.013256 0.293041
v -0.070779 3.013256 0.202291
vt 0.247726 0.763882
v -0.073804 3.013256 0.197052
v -0.230987 2.995106 0.287802
vt 0.347558 0.773858
vn -0.000000 -1.000000 -0.000000
v -0.073804 2.995106 0.197052
vt 0.247509 0.782112
v -0.070779 2.995106 0.202291
v -0.227962 2.995106 0.293041
vn 0.866000 -0.000000 -0.500000
vn -0.500000 -0.000000 -0.866000
vn 0.500000 -0.000000 0.866000
v 0.226276 3.013255 0.293041
v 0.229301 3.013255 0.287802
v 0.069093 3.013255 0.202291
v 0.072118 3.013255 0.197052
v 0.072118 2.995106 0.197052
v 0.229301 2.995106 0.287802
v 0.069093 2.995106 0.202291
v 0.226276 2.995106 0.293041
vn -0.866000 -0.000000 -0.500000
vn 0.500000 -0.000000 -0.866000
vn -0.500000 -0.000000 0.866000
v 0.257882 2.876557 0.292234
vt 0.977938 0.594656
v 0.246575 2.823359 0.292234
vt 0.974031 0.567185
v -0.000843 2.903749 0.292234
vt 0.869840 0.722824
v 0.224454 2.773675 0.292234
vt 0.966594 0.539944
v 0.192487 2.729675 0.292235
vt 0.956812 0.516690
v 0.152070 2.693283 0.292235
vt 0.942201 0.494229
v 0.104970 2.666090 0.292235
vt 0.926719 0.475249
v 0.053245 2.649285 0.292235
vt 0.899141 0.456526
v -0.000843 2.643600 0.292235
vt 0.874265 0.450890
v -0.054931 2.649285 0.292235
vt 0.899129 0.456500
v -0.106656 2.666090 0.292235
vt 0.926727 0.475197
v -0.153756 2.693284 0.292235
vt 0.942204 0.494183
v -0.194173 2.729675 0.292235
vt 0.956809 0.516695
v -0.226140 2.773675 0.292234
vt 0.966595 0.539957
v -0.248261 2.823359 0.292234
vt 0.974024 0.567173
v -0.259568 2.876557 0.292234
vt 0.977934 0.594635
v -0.259568 3.115319 0.292234
vt 0.973999 0.840435
v -0.248261 3.168516 0.292234
vt 0.970875 0.860078
v -0.226140 3.218201 0.292234
vt 0.966662 0.877886
v -0.194173 3.262200 0.292234
vt 0.959883 0.897229
v -0.153756 3.298592 0.292234
vt 0.948425 0.921386
v -0.106656 3.325785 0.292234
vt 0.928842 0.945776
v -0.054931 3.342591 0.292234
vt 0.900004 0.966128
v -0.000843 3.348276 0.292234
vt 0.868835 0.972367
v 0.053245 3.342591 0.292234
vt 0.900024 0.966116
v 0.104970 3.325785 0.292234
vt 0.928817 0.945674
v 0.152070 3.298591 0.292234
vt 0.948423 0.921469
v 0.192487 3.262200 0.292234
vt 0.959860 0.897216
v 0.224454 3.218201 0.292234
vt 0.966590 0.877528
v 0.246575 3.168516 0.292234
vt 0.971067 0.859947
v 0.257882 3.115319 0.292234
vt 0.973981 0.840438
v 0.246575 2.823359 0.301309
vt 0.538318 0.191263
vn -0.000400 0.000200 1.000000
v 0.257882 2.876557 0.301309
vt 0.538673 0.192519
vn -0.000600 -0.000200 1.000000
v -0.000843 2.995820 0.301172
vt 0.529928 0.197105
vn -0.000000 -0.000300 1.000000
v 0.224454 2.773675 0.301310
vt 0.537602 0.190074
v 0.192487 2.729675 0.301310
vt 0.536553 0.189004
vn -0.000300 0.000300 1.000000
v 0.152070 2.693284 0.301310
vt 0.535218 0.188101
vn -0.000200 0.000300 1.000000
v 0.104970 2.666091 0.301310
vt 0.533656 0.187403
vn -0.000200 0.000400 1.000000
v 0.053245 2.649285 0.301310
vt 0.531935 0.186941
vn -0.000100 0.000400 1.000000
v -0.000843 2.643600 0.301310
vt 0.530129 0.186735
vn -0.000000 0.000400 1.000000
v -0.054931 2.649285 0.301310
vt 0.528319 0.186795
vn 0.000100 0.000400 1.000000
v -0.106656 2.666091 0.301310
vt 0.526582 0.187117
vn 0.000200 0.000400 1.000000
v -0.153756 2.693284 0.301310
vt 0.524996 0.187688
vn 0.000200 0.000300 1.000000
v -0.194173 2.729675 0.301310
vt 0.523628 0.188482
vn 0.000300 0.000300 1.000000
v -0.226140 2.773675 0.301310
vt 0.522540 0.189466
vn 0.000400 0.000200 1.000000
v -0.248261 2.823359 0.301309
vt 0.521778 0.190595
v -0.259568 2.876557 0.301309
vt 0.521376 0.191821
vn 0.000600 -0.000200 1.000000
v -0.259568 3.115124 0.301475
vt 0.521187 0.201690
vn 0.001000 -0.000400 1.000000
v -0.248261 3.168322 0.301475
vt 0.521541 0.202947
vn 0.001000 -0.000300 1.000000
v -0.226140 3.218005 0.301475
vt 0.522258 0.204136
vn 0.000800 -0.000500 1.000000
v -0.194173 3.262005 0.301475
vt 0.523306 0.205205
vn 0.000700 -0.000600 1.000000
v -0.153756 3.298396 0.301475
vt 0.524641 0.206109
vn 0.000500 -0.000700 1.000000
v -0.106656 3.325589 0.301475
vt 0.526203 0.206807
vn 0.000400 -0.000800 1.000000
v -0.054931 3.342396 0.301475
vt 0.527925 0.207269
vn 0.000200 -0.000800 1.000000
v -0.000843 3.348081 0.301475
vt 0.529730 0.207474
vn -0.000000 -0.000900 1.000000
v 0.053245 3.342396 0.301475
vt 0.531541 0.207415
vn -0.000200 -0.000800 1.000000
v 0.104970 3.325589 0.301475
vt 0.533277 0.207093
vn -0.000400 -0.000800 1.000000
v 0.152070 3.298396 0.301475
vt 0.534864 0.206522
vn -0.000500 -0.000700 1.000000
v 0.192487 3.262005 0.301475
vt 0.536231 0.205727
vn -0.000700 -0.000600 1.000000
v 0.224454 3.218005 0.301475
vt 0.537319 0.204744
vn -0.000800 -0.000500 1.000000
v 0.246575 3.168322 0.301475
vt 0.538081 0.203615
vn -0.001000 -0.000300 1.000000
v 0.257882 3.115123 0.301475
vt 0.538483 0.202389
vn -0.001000 -0.000400 1.000000
vt 0.536187 0.205810
vt 0.523173 0.205810
vt 0.523173 0.190375
vt 0.536187 0.190375
v 0.152070 2.693284 0.292235
vn 0.669100 -0.743200 -0.000000
v 0.104970 2.666091 0.292235
v -0.106656 2.666091 0.292235
vn -0.669100 -0.743200 -0.000000
v -0.259568 3.115124 0.292400
v -0.248261 3.168322 0.292400
vn -0.978200 0.207900 -0.000000
v -0.226140 3.218005 0.292400
v -0.194173 3.262005 0.292400
v -0.153756 3.298396 0.292400
v -0.106656 3.325589 0.292400
v -0.054931 3.342396 0.292400
v -0.000843 3.348081 0.292400
v 0.053245 3.342396 0.292400
v 0.104970 3.325589 0.292400
v 0.152070 3.298396 0.292400
v 0.192487 3.262005 0.292400
v 0.224454 3.218005 0.292400
v 0.246575 3.168322 0.292400
v 0.257882 3.115123 0.292400
vn 0.978200 0.207900 -0.000000
v -0.018993 2.845248 0.217258
vt 0.039956 0.339901
v -0.031093 2.845248 0.217258
vt 0.039136 0.319140
v -0.018993 2.845248 0.247508
vt 0.047504 0.339901
v -0.031093 2.845248 0.247508
vt 0.046684 0.319140
v -0.031093 2.784140 0.217258
vt 0.049608 0.255896
vt 0.063959 0.254415
v -0.018993 2.784141 0.217258
vt 0.049715 0.266804
vt 0.064067 0.265323
vt 0.087386 0.265292
vt 0.086566 0.244532
v -0.018993 2.784141 0.247508
vt 0.094934 0.265292
vt 0.094114 0.244532
vt 0.081896 0.325396
vt 0.081076 0.304635
v -0.031093 2.784141 0.247508
vt 0.089444 0.325396
vt 0.088624 0.304635
v 0.029407 2.845248 0.217258
vt 0.042006 0.328095
v 0.017307 2.845248 0.217258
vt 0.041186 0.307334
v 0.029407 2.845248 0.247508
vt 0.049554 0.328095
v 0.017307 2.845248 0.247508
vt 0.048734 0.307334
v 0.017307 2.784140 0.217258
vt 0.072407 0.248321
vt 0.086758 0.246840
v 0.029407 2.784140 0.217258
vt 0.072515 0.259229
vt 0.086866 0.257748
v 0.029407 2.784140 0.247508
vt 0.083946 0.313589
vt 0.083126 0.292829
v 0.017307 2.784140 0.247508
vt 0.091494 0.313589
vt 0.090674 0.292829
vt 0.089436 0.253486
vt 0.088616 0.232726
vt 0.096984 0.253486
vt 0.096164 0.232726
v -0.018086 2.767570 0.196084
vt 0.150074 0.301081
v 0.016400 2.767570 0.196084
vt 0.150074 0.322965
v -0.032605 2.767570 0.217258
vt 0.128190 0.301081
v 0.030919 2.767570 0.217258
vt 0.128190 0.322965
v 0.030919 2.776645 0.217258
vt 0.093041 0.266819
v 0.016400 2.776645 0.196084
vt 0.077902 0.267132
v -0.032605 2.776645 0.217258
vt 0.092729 0.235193
v -0.018086 2.776645 0.196084
vt 0.077589 0.235506
vn 0.824700 -0.000000 -0.565500
vn -0.824700 -0.000000 -0.565500
v 0.039995 2.809920 0.217258
v 0.030919 2.809920 0.217258
v 0.039995 2.809920 0.247508
v 0.030919 2.809920 0.247508
v 0.030919 2.767570 0.247508
v 0.039995 2.767570 0.247508
v 0.039995 2.767570 0.217258
vt 0.151931 0.256130
vt 0.140982 0.255035
vt 0.151554 0.231682
vt 0.140968 0.235394
v -0.032605 2.809920 0.217258
v -0.041681 2.809920 0.217258
v -0.032605 2.809920 0.247508
v -0.041681 2.809920 0.247508
v -0.041681 2.767570 0.247508
v -0.041681 2.767570 0.217258
v -0.032605 2.767570 0.247508
vt 0.152291 0.256901
vt 0.140221 0.252730
vt 0.151680 0.230683
vt 0.140402 0.235335
v 0.030919 2.776645 0.247508
v -0.032605 2.776645 0.247508
v 0.044532 2.800845 0.229358
vt 0.140728 0.512759
v -0.046218 2.800845 0.229358
vt 0.139748 0.565737
v 0.044532 2.800845 0.235408
vt 0.133811 0.512492
v -0.046218 2.800845 0.235408
vt 0.132831 0.565470
v -0.046218 2.791770 0.235408
v -0.046218 2.791770 0.229358
v 0.044532 2.791770 0.235408
v 0.044532 2.791770 0.229358
v -0.005380 3.201085 0.287684
vt 0.194119 0.269676
v 0.003694 3.201085 0.287684
vt 0.194199 0.272304
v -0.005380 3.201085 0.130384
vt 0.179699 0.271595
v 0.003694 3.201085 0.130384
vt 0.179898 0.274187
v 0.003694 3.192010 0.130384
v 0.003694 3.192010 0.287684
v -0.005380 3.192010 0.130384
v -0.005380 3.192010 0.287684
vt 0.184188 0.277515
vt 0.190213 0.281254
vt 0.168789 0.274600
vt 0.168400 0.282550
v -0.011431 3.201329 0.292609
v 0.009745 3.201329 0.292609
v -0.011431 3.201329 0.274459
v 0.009745 3.201329 0.274459
v 0.009745 3.165029 0.274459
v 0.009745 3.165029 0.292609
v -0.011431 3.165029 0.274459
v -0.011431 3.165029 0.292609
vt 0.223226 0.272445
vt 0.222768 0.259183
vt 0.216314 0.273175
vt 0.215960 0.259839
v 0.025172 2.737323 0.224091
vt 0.136314 0.537479
v 0.013072 2.737323 0.239378
vt 0.139318 0.544515
v -0.014758 2.737323 0.239378
vt 0.138226 0.553737
v -0.026858 2.737323 0.224091
vt 0.134107 0.561511
v 0.038482 2.737323 0.046111
vt 0.141664 0.537358
v -0.040168 2.737323 0.046111
vt 0.138821 0.561791
v 0.025172 2.767573 0.224091
vt 0.128907 0.689412
v -0.026858 2.767573 0.224091
vt 0.125328 0.689412
v -0.014758 2.767573 0.239378
vt 0.126161 0.690464
v 0.013072 2.767573 0.239378
vt 0.128075 0.690464
v 0.038482 2.767573 0.046111
vt 0.129822 0.676415
v -0.040168 2.767573 0.046111
vt 0.124413 0.676415
vt 0.120416 0.774234
vt 0.122496 0.796828
vt 0.115233 0.796336
vt 0.113671 0.774275
vt 0.119699 0.788158
vn 0.931600 -0.000000 0.363600
vt 0.117551 0.773106
vn 0.784100 -0.000000 0.620600
vt 0.113108 0.773038
vt 0.114376 0.787358
vt 0.120402 0.862383
vn 0.997200 -0.000000 0.074600
vt 0.113283 0.861410
vn -0.931600 -0.000000 0.363600
vn -0.997200 -0.000000 0.074600
vn -0.784100 -0.000000 0.620600
v -0.043193 2.770598 -0.001079
vt 0.105525 0.321569
v -0.043193 2.770598 0.071520
vt 0.077433 0.324769
v -0.055293 2.770598 0.071520
vt 0.074233 0.296677
v -0.055293 2.770598 -0.001079
vt 0.102324 0.293477
v -0.043193 2.782698 -0.001079
vt 0.143678 0.725046
v -0.055293 2.782698 -0.001079
vt 0.126220 0.725046
v -0.055293 2.782698 0.071520
vt 0.126220 0.707588
v -0.043193 2.782698 0.071520
vt 0.143678 0.707588
vt 0.119357 0.819731
vt 0.120384 0.854118
vt 0.113534 0.853788
vt 0.114512 0.819651
v 0.053607 2.770598 -0.001079
v 0.053607 2.770598 0.071520
v 0.041507 2.770598 0.071520
v 0.041507 2.770598 -0.001079
v 0.053607 2.782698 -0.001079
v 0.041507 2.782698 -0.001079
v 0.041507 2.782698 0.071520
v 0.053607 2.782698 0.071520
v -0.043193 2.722240 -0.001079
v -0.043193 2.722240 0.071521
v -0.055293 2.722240 0.071521
v -0.055293 2.722240 -0.001079
v -0.043193 2.734340 -0.001079
v -0.055293 2.734340 -0.001079
v -0.055293 2.734340 0.071521
v -0.043193 2.734340 0.071521
v 0.053607 2.722240 -0.001079
v 0.053607 2.722240 0.071521
v 0.041507 2.722240 0.071521
v 0.041507 2.722240 -0.001079
v 0.053607 2.734340 -0.001079
v 0.041507 2.734340 -0.001079
v 0.041507 2.734340 0.071521
v 0.053607 2.734340 0.071521
v -0.000843 2.722029 -0.001079
vt 0.087194 0.306988
v -0.055293 2.722029 -0.001079
vt 0.097505 0.294026
v -0.053437 2.722029 -0.015172
vt 0.100508 0.297136
v -0.047998 2.722029 -0.028304
vt 0.102604 0.300918
v -0.039345 2.722029 -0.039581
vt 0.103650 0.305113
v -0.028068 2.722029 -0.048235
vt 0.103575 0.309436
v -0.014936 2.722029 -0.053674
vt 0.102383 0.313592
v -0.000843 2.722029 -0.055529
vt 0.100156 0.317298
v 0.013250 2.722029 -0.053674
vt 0.097046 0.320301
v 0.026382 2.722029 -0.048235
vt 0.093264 0.322397
v 0.037659 2.722029 -0.039581
vt 0.089069 0.323444
v 0.046312 2.722029 -0.028304
vt 0.084746 0.323368
v 0.051751 2.722029 -0.015172
vt 0.080590 0.322176
v 0.053607 2.722029 -0.001079
vt 0.076884 0.319949
vn 0.991400 -0.000000 -0.130600
v 0.051751 2.734129 -0.015172
v 0.053607 2.734129 -0.001079
vn 0.923900 -0.000000 -0.382700
v 0.046312 2.734129 -0.028304
vn 0.793400 -0.000000 -0.608800
v 0.037659 2.734129 -0.039581
vn 0.608800 -0.000000 -0.793300
v 0.026382 2.734129 -0.048235
vn 0.382700 -0.000000 -0.923900
v 0.013250 2.734129 -0.053674
vn 0.130500 -0.000000 -0.991400
v -0.000843 2.734129 -0.055529
vn -0.130500 -0.000000 -0.991400
v -0.014936 2.734129 -0.053674
vn -0.382700 -0.000000 -0.923900
v -0.028068 2.734129 -0.048235
vn -0.608800 -0.000000 -0.793300
v -0.039345 2.734129 -0.039581
vn -0.793400 -0.000000 -0.608800
v -0.047998 2.734129 -0.028304
vn -0.923900 -0.000000 -0.382700
v -0.053437 2.734129 -0.015172
vn -0.991400 -0.000000 -0.130600
v -0.055293 2.734129 -0.001079
v -0.000843 2.734129 -0.001079
vt 0.133452 0.714819
vt 0.140683 0.707588
vt 0.142308 0.709705
vt 0.143330 0.712172
vt 0.143678 0.714819
vt 0.143330 0.717466
vt 0.142308 0.719932
vt 0.140683 0.722051
vt 0.138565 0.723676
vt 0.136099 0.724697
vt 0.133452 0.725046
vt 0.130805 0.724697
vt 0.128338 0.723676
vt 0.126220 0.722051
v -0.000843 2.770598 -0.001079
vt 0.128063 0.866491
vt 0.134697 0.859857
v -0.053437 2.770598 -0.015173
vt 0.136188 0.861800
v -0.047998 2.770598 -0.028305
vt 0.137125 0.864063
v -0.039345 2.770598 -0.039582
vt 0.137445 0.866491
v -0.028068 2.770598 -0.048236
vt 0.137125 0.868919
v -0.014936 2.770598 -0.053675
vt 0.136188 0.871181
v -0.000843 2.770598 -0.055530
vt 0.134697 0.873124
v 0.013250 2.770598 -0.053675
vt 0.132754 0.874615
v 0.026382 2.770598 -0.048236
vt 0.130491 0.875552
v 0.037659 2.770598 -0.039582
vt 0.128063 0.875872
v 0.046312 2.770598 -0.028305
vt 0.125635 0.875552
v 0.051751 2.770598 -0.015173
vt 0.123372 0.874615
vt 0.121429 0.873124
v 0.051751 2.782698 -0.015173
v 0.046312 2.782698 -0.028305
v 0.037659 2.782698 -0.039582
v 0.026382 2.782698 -0.048236
v 0.013250 2.782698 -0.053675
v -0.000843 2.782698 -0.055530
v -0.014936 2.782698 -0.053675
v -0.028068 2.782698 -0.048236
v -0.039345 2.782698 -0.039582
v -0.047998 2.782698 -0.028305
v -0.053437 2.782698 -0.015173
v -0.000843 2.782698 -0.001079
v 0.059657 2.715543 0.034616
vt 0.137445 0.875872
v 0.059657 2.715543 0.052766
vt 0.121429 0.875872
v -0.061343 2.715543 0.052766
vt 0.121429 0.859857
v -0.061343 2.715543 0.034616
vt 0.137445 0.859857
v 0.059657 2.788143 0.034615
v -0.061343 2.788143 0.034615
v -0.061343 2.788143 0.052765
v 0.059657 2.788143 0.052765
vt 0.139300 0.670272
vt 0.123182 0.670272
vt 0.123182 0.686389
vt 0.139300 0.686389
v 0.005207 3.238676 0.231245
v 0.005207 3.238676 0.222170
vt 0.174814 0.278339
v -0.006893 3.238676 0.222173
v -0.006893 3.238676 0.231248
v 0.005207 3.196326 0.231245
v -0.006893 3.196326 0.231248
v -0.006893 3.196326 0.222173
v 0.005207 3.196326 0.222170
vt 0.203828 0.266956
vn -0.000200 -0.000000 -1.000000
vt 0.198857 0.266836
vt 0.198841 0.287839
vt 0.203812 0.287958
vn 0.000200 -0.000000 1.000000
vt 0.198999 0.266977
vt 0.203670 0.287818
v -0.043193 3.227338 -0.000960
vt 0.288910 0.727822
v -0.043193 3.227338 0.071640
vt 0.282196 0.726913
v -0.055293 3.227338 0.071639
vt 0.282196 0.725442
v -0.055293 3.227338 -0.000960
vt 0.288910 0.726350
v -0.043193 3.239438 -0.000960
vt 0.295073 0.729965
v -0.055293 3.239438 -0.000960
vt 0.282600 0.731467
v -0.055293 3.239438 0.071639
vt 0.282224 0.730506
v -0.043193 3.239438 0.071639
vt 0.294698 0.729003
vn -0.000100 0.000100 1.000000
vt 0.177470 0.331075
vt 0.177470 0.224964
vt 0.159785 0.331075
vt 0.292743 0.728815
vt 0.283695 0.729995
vt 0.283015 0.729291
vt 0.292063 0.728112
v 0.002182 3.268913 0.049630
vn -0.000000 0.961600 0.274400
v -0.003868 3.268913 0.049630
v -0.003868 3.221977 0.214101
v 0.002182 3.221977 0.214101
vt 0.234947 0.274644
vn -0.000000 -0.002800 -1.000000
vt 0.243789 0.274644
v 0.002182 3.222183 0.049761
vt 0.243789 0.274453
v -0.003868 3.222183 0.049761
vt 0.234947 0.274453
vt 0.299406 0.728516
vt 0.283707 0.732323
vt 0.283337 0.729905
vt 0.299428 0.728532
vt 0.283359 0.729921
vt 0.283729 0.732340
v 0.017307 3.216181 0.125255
vn 0.000800 -1.000000 -0.001000
v 0.011257 3.216181 0.250557
vt 0.282190 0.726422
vn 0.006100 -1.000000 0.000300
v -0.012943 3.216034 0.250447
vn 0.005000 -1.000000 -0.000000
v -0.018993 3.216181 0.125255
vn -0.000000 -1.000000 -0.001200
v 0.038482 3.216181 0.046178
vt 0.282196 0.726121
v -0.040168 3.216181 0.046178
v 0.017307 3.222231 0.125255
vn -0.000800 1.000000 0.001000
v -0.018993 3.222231 0.125255
vt 0.283700 0.732487
vn -0.000000 1.000000 0.001200
v -0.012943 3.222084 0.250447
vn -0.005000 1.000000 -0.000000
v 0.011257 3.222231 0.250557
vt 0.289803 0.728823
vn -0.006100 1.000000 -0.000300
v 0.038482 3.222231 0.046178
v -0.040168 3.222231 0.046178
vt 0.287474 0.729342
vt 0.500560 0.293072
vn -0.004500 -0.000000 1.000000
vt 0.490569 0.293118
vn 0.998800 -0.000000 0.048200
vt 0.284648 0.729813
vt 0.291111 0.728294
vn 0.966000 -0.000000 0.258700
vt 0.181891 0.262177
vt 0.296845 0.262177
vt 0.290750 0.730839
vn -0.966000 -0.000000 0.258700
vt 0.284974 0.731461
vt 0.285458 0.730044
vt 0.291234 0.729421
vn -0.998800 -0.000000 0.048300
v 0.059657 3.199076 0.034624
v 0.059657 3.199076 0.052774
v -0.061343 3.199076 0.052774
v -0.061343 3.199076 0.034624
v 0.059657 3.271676 0.034624
v -0.061343 3.271676 0.034624
v -0.061343 3.271676 0.052774
v 0.059657 3.271676 0.052774
v 0.053607 3.227338 -0.000960
v 0.053607 3.227338 0.071640
v 0.041507 3.227338 0.071640
v 0.041507 3.227338 -0.000960
v 0.053607 3.239438 -0.000960
v 0.041507 3.239438 -0.000960
v 0.041507 3.239438 0.071640
v 0.053607 3.239438 0.071640
vt 0.301266 0.331075
vt 0.318951 0.331075
vt 0.301266 0.224964
v -0.000843 3.227338 -0.000960
vt 0.282340 0.721948
v -0.053437 3.227338 -0.015053
vt 0.289189 0.721071
v -0.047998 3.227338 -0.028185
vt 0.295561 0.720493
v -0.039345 3.227338 -0.039463
vt 0.301023 0.720251
v -0.028068 3.227338 -0.048116
vt 0.305201 0.720364
v -0.014936 3.227338 -0.053556
vt 0.307812 0.720822
v -0.000843 3.227338 -0.055410
vt 0.308677 0.721596
v 0.013250 3.227338 -0.053556
vt 0.307737 0.722631
v 0.026382 3.227338 -0.048116
vt 0.305057 0.723858
v 0.037659 3.227338 -0.039463
vt 0.300818 0.725193
v 0.046312 3.227338 -0.028185
vt 0.295311 0.726545
v 0.051751 3.227338 -0.015053
vt 0.282051 0.728936
vt 0.239368 0.331075
v -0.000843 3.239438 -0.000960
v 0.051751 3.239438 -0.015053
v 0.046312 3.239438 -0.028185
vn 0.793400 -0.000000 -0.608700
v 0.037659 3.239438 -0.039463
vn 0.608800 -0.000000 -0.793400
v 0.026382 3.239438 -0.048116
v 0.013250 3.239438 -0.053556
vn 0.130400 -0.000000 -0.991500
v -0.000843 3.239438 -0.055410
vn -0.130400 -0.000000 -0.991500
v -0.014936 3.239438 -0.053556
v -0.028068 3.239438 -0.048116
vn -0.608800 -0.000000 -0.793400
v -0.039345 3.239438 -0.039463
vn -0.793400 -0.000000 -0.608700
v -0.047998 3.239438 -0.028185
v -0.053437 3.239438 -0.015053
vt 0.294573 0.730963
vt 0.293232 0.731931
vt 0.291140 0.732801
vt 0.288441 0.733515
vt 0.285318 0.734024
vt 0.281984 0.734293
vt 0.278667 0.734304
vt 0.275592 0.734056
vt 0.272969 0.733566
vt 0.270977 0.732868
vt 0.269751 0.732008
v 0.080583 2.936694 0.253554
vt 0.535335 0.203997
vn -0.923900 -0.000000 0.382700
v 0.075952 2.936694 0.242375
vt 0.525418 0.203997
v 0.075952 2.779394 0.242376
vt 0.525418 0.192234
v 0.080583 2.779394 0.253555
vt 0.535335 0.192234
v 0.091762 2.936694 0.248923
vn 0.382700 -0.000000 0.923900
v 0.091762 2.779394 0.248923
v 0.087131 2.936694 0.237744
v 0.087131 2.779394 0.237744
v 0.095957 2.934001 0.233549
vt 0.493769 0.292178
v 0.095957 2.934001 0.257749
vt 0.487918 0.291290
v 0.071757 2.934001 0.257749
vt 0.487918 0.285919
v 0.071757 2.934001 0.233549
vt 0.493769 0.286806
v 0.095957 2.964252 0.233549
v 0.095957 2.964252 0.257749
v 0.071757 2.964252 0.233549
v 0.071757 2.964252 0.257749
v 0.073747 2.743184 0.237317
vn -0.920500 -0.000000 0.390700
v 0.078276 2.739713 0.247986
v 0.080652 2.781215 0.253582
v 0.075924 2.781215 0.242445
v 0.067400 2.708347 0.222364
v 0.071350 2.701699 0.231670
v 0.057415 2.679633 0.198841
vn -0.920500 -0.000100 0.390800
v 0.060455 2.670365 0.206001
v 0.044633 2.659455 0.168728
v 0.046506 2.648345 0.173140
v 0.030126 2.649506 0.134551
v 0.030675 2.637488 0.135844
v 0.015114 2.650624 0.099184
v 0.014293 2.638708 0.097250
v 0.084886 2.743184 0.232588
vn -0.386600 0.144900 -0.910800
v 0.087062 2.781215 0.237716
v 0.078538 2.708347 0.217636
vn -0.354100 0.422600 -0.834300
v 0.068554 2.679633 0.194114
vn -0.291900 0.664800 -0.687600
v 0.055771 2.659455 0.164000
vn -0.205100 0.851100 -0.483200
v 0.041264 2.649506 0.129823
vn -0.101100 0.965900 -0.238300
v 0.026252 2.650624 0.094456
vn 0.011400 0.999600 0.026800
v 0.089415 2.739713 0.243259
vn 0.920500 -0.000000 -0.390700
v 0.091790 2.781215 0.248855
v 0.082488 2.701699 0.226941
v 0.071593 2.670365 0.201274
v 0.057644 2.648345 0.168411
vn 0.920500 -0.000000 -0.390800
v 0.041813 2.637488 0.131117
v 0.025431 2.638708 0.092523
vn 0.386600 -0.144900 0.910800
vn 0.354100 -0.422600 0.834300
vn 0.291900 -0.664800 0.687700
vn 0.291800 -0.664800 0.687700
vn 0.291900 -0.664800 0.687600
vn 0.205200 -0.851100 0.483200
vn 0.205100 -0.851100 0.483300
vn 0.101100 -0.965900 0.238300
vn 0.101200 -0.965900 0.238300
vn -0.011400 -0.999600 -0.026800
v 0.001339 2.661500 0.035902
vn -0.000000 0.984800 0.173600
v -0.009839 2.660696 0.040462
v 0.017943 2.649049 0.106516
v 0.029122 2.649853 0.101956
v 0.001339 2.649584 0.033801
vn 0.923900 0.066500 -0.376900
v 0.029122 2.637938 0.099855
v -0.009839 2.648780 0.038361
vn -0.000000 -0.984800 -0.173600
vn 0.000100 -0.984800 -0.173700
v 0.017943 2.637133 0.104415
vn -0.923900 -0.066400 0.376900
v 0.011257 2.635066 0.029640
v 0.011257 2.635066 0.065940
v -0.012943 2.635066 0.065940
v -0.012943 2.635066 0.029640
v 0.011257 2.671366 0.029640
v -0.012943 2.671366 0.029640
v -0.012943 2.671366 0.065940
v 0.011257 2.671366 0.065940
f 1/1/1 2/2/2 3/3/3
f 2/2/2 4/4/4 3/3/3
f 2/2/2 5/5/5 4/4/4
f 5/5/5 6/6/6 4/4/4
f 5/5/5 7/7/7 6/6/6
f 7/7/7 8/8/8 6/6/6
f 7/9/9 9/10/10 8/11/11
f 9/10/10 10/12/12 8/11/11
f 9/9/13 11/10/14 10/11/15
f 11/10/14 12/12/16 10/11/15
f 11/9/17 13/10/18 12/11/19
f 13/10/18 14/12/20 12/11/19
f 13/9/21 15/10/22 14/11/23
f 15/10/22 16/12/24 14/11/23
f 15/9/25 1/10/25 16/11/25
f 1/10/25 3/12/25 16/11/25
f 17/13/26 18/14/27 1/1/1
f 18/14/27 2/2/2 1/1/1
f 18/14/27 19/15/28 2/2/2
f 19/15/28 5/5/5 2/2/2
f 19/15/28 20/16/29 5/5/5
f 20/16/29 7/7/7 5/5/5
f 20/9/30 21/10/31 7/11/32
f 21/10/31 9/12/33 7/11/32
f 21/9/34 22/10/35 9/11/36
f 22/10/35 11/12/37 9/11/36
f 22/9/38 23/10/39 11/11/40
f 23/10/39 13/12/41 11/11/40
f 23/9/42 24/10/43 13/11/44
f 24/10/43 15/12/45 13/11/44
f 24/9/25 17/10/25 15/11/25
f 17/10/25 1/12/25 15/11/25
f 25/17/46 26/18/47 17/13/26
f 26/18/47 18/14/27 17/13/26
f 26/18/47 27/19/48 18/14/27
f 27/19/48 19/15/28 18/14/27
f 27/19/48 28/20/49 19/15/28
f 28/20/49 20/16/29 19/15/28
f 28/9/50 29/10/51 20/11/52
f 29/10/51 21/12/53 20/11/52
f 29/9/54 30/10/55 21/11/56
f 30/10/55 22/12/57 21/11/56
f 30/9/58 31/10/59 22/11/60
f 31/10/59 23/12/61 22/11/60
f 31/9/62 32/10/63 23/11/64
f 32/10/63 24/12/65 23/11/64
f 32/9/25 25/10/25 24/11/25
f 25/10/25 17/12/25 24/11/25
f 33/21/66 34/22/67 25/17/46
f 34/22/67 26/18/47 25/17/46
f 34/22/67 35/23/68 26/18/47
f 35/23/68 27/19/48 26/18/47
f 35/23/68 36/24/69 27/19/48
f 36/24/69 28/20/49 27/19/48
f 36/9/70 37/10/71 28/11/72
f 37/10/71 29/12/73 28/11/72
f 37/9/74 38/10/75 29/11/76
f 38/10/75 30/12/77 29/11/76
f 38/9/78 39/10/79 30/11/80
f 39/10/79 31/12/81 30/11/80
f 39/9/82 40/10/83 31/11/84
f 40/10/83 32/12/85 31/11/84
f 40/9/25 33/10/25 32/11/25
f 33/10/25 25/12/25 32/11/25
f 41/25/86 42/26/87 33/21/66
f 42/26/87 34/22/67 33/21/66
f 42/26/87 43/27/88 34/22/67
f 43/27/88 35/23/68 34/22/67
f 43/27/88 44/28/89 35/23/68
f 44/28/89 36/24/69 35/23/68
f 44/9/90 45/10/90 36/11/90
f 45/10/90 37/12/90 36/11/90
f 45/9/91 46/10/92 37/11/93
f 46/10/92 38/12/94 37/11/93
f 46/9/95 47/10/96 38/11/97
f 47/10/96 39/12/98 38/11/97
f 47/9/99 48/10/100 39/11/101
f 48/10/100 40/12/102 39/11/101
f 48/9/25 41/10/25 40/11/25
f 41/10/25 33/12/25 40/11/25
f 49/29/103 50/30/104 41/25/86
f 50/30/104 42/26/87 41/25/86
f 50/30/104 51/31/105 42/26/87
f 51/31/105 43/27/88 42/26/87
f 51/31/105 52/32/106 43/27/88
f 52/32/106 44/28/89 43/27/88
f 52/9/107 53/10/90 44/11/90
f 53/10/90 45/12/90 44/11/90
f 53/9/108 54/10/109 45/11/110
f 54/10/109 46/12/111 45/11/110
f 54/9/112 55/10/113 46/11/114
f 55/10/113 47/12/115 46/11/114
f 55/9/116 56/10/117 47/11/118
f 56/10/117 48/12/119 47/11/118
f 56/9/25 49/10/25 48/11/25
f 49/10/25 41/12/25 48/11/25
f 57/33/120 58/34/121 49/29/103
f 58/34/121 50/30/104 49/29/103
f 58/34/121 59/35/122 50/30/104
f 59/35/122 51/31/105 50/30/104
f 59/35/122 60/36/123 51/31/105
f 60/36/123 52/32/106 51/31/105
f 60/9/90 61/10/90 52/11/90
f 61/10/90 53/12/90 52/11/90
f 61/9/124 62/10/125 53/11/126
f 62/10/125 54/12/127 53/11/126
f 62/9/128 63/10/129 54/11/130
f 63/10/129 55/12/131 54/11/130
f 63/9/132 64/10/133 55/11/134
f 64/10/133 56/12/135 55/11/134
f 64/9/25 57/10/25 56/11/25
f 57/10/25 49/12/25 56/11/25
f 65/37/136 66/38/137 57/33/120
f 66/38/137 58/34/121 57/33/120
f 66/38/137 67/39/138 58/34/121
f 67/39/138 59/35/122 58/34/121
f 67/39/138 68/40/139 59/35/122
f 68/40/139 60/36/123 59/35/122
f 68/9/90 69/10/90 60/11/90
f 69/10/90 61/12/90 60/11/90
f 69/9/140 70/10/141 61/11/142
f 70/10/141 62/12/143 61/11/142
f 70/9/144 71/10/145 62/11/146
f 71/10/145 63/12/147 62/11/146
f 71/9/148 72/10/149 63/11/150
f 72/10/149 64/12/151 63/11/150
f 72/9/25 65/10/25 64/11/25
f 65/10/25 57/12/25 64/11/25
f 73/41/152 74/42/153 65/37/136
f 74/42/153 66/38/137 65/37/136
f 74/42/153 75/43/154 66/38/137
f 75/43/154 67/39/138 66/38/137
f 75/43/154 76/44/155 67/39/138
f 76/44/155 68/40/139 67/39/138
f 76/9/90 77/10/90 68/11/90
f 77/10/90 69/12/90 68/11/90
f 77/9/156 78/10/157 69/11/158
f 78/10/157 70/12/159 69/11/158
f 78/9/160 79/10/161 70/11/162
f 79/10/161 71/12/163 70/11/162
f 79/9/164 80/10/165 71/11/166
f 80/10/165 72/12/167 71/11/166
f 80/9/25 73/10/25 72/11/25
f 73/10/25 65/12/25 72/11/25
f 81/9/25 82/10/25 80/11/25
f 82/10/25 73/12/25 80/11/25
f 3/12/168 4/11/168 83/10/169
f 4/12/170 6/11/170 83/10/171
f 6/12/172 8/11/172 83/10/173
f 8/12/174 10/11/174 83/10/171
f 10/12/175 12/11/175 83/10/176
f 12/12/177 14/11/177 83/10/171
f 14/12/178 16/11/178 83/10/169
f 16/12/179 3/11/179 83/10/180
f 84/2/181 85/1/182 86/3/183
f 87/4/184 84/2/181 86/3/183
f 88/5/185 84/2/181 87/4/184
f 89/6/186 88/5/185 87/4/184
f 90/7/187 88/5/185 89/6/186
f 91/8/188 90/7/187 89/6/186
f 92/10/189 90/9/190 91/11/191
f 93/12/192 92/10/189 91/11/191
f 94/10/193 92/9/194 93/11/195
f 95/12/196 94/10/193 93/11/195
f 96/10/197 94/9/198 95/11/199
f 97/12/200 96/10/197 95/11/199
f 98/10/201 96/9/202 97/11/203
f 99/12/204 98/10/201 97/11/203
f 85/10/25 98/9/25 99/11/25
f 86/12/25 85/10/25 99/11/25
f 100/14/205 101/13/206 85/1/182
f 84/2/181 100/14/205 85/1/182
f 102/15/207 100/14/205 84/2/181
f 88/5/185 102/15/207 84/2/181
f 103/16/208 102/15/207 88/5/185
f 90/7/187 103/16/208 88/5/185
f 104/10/209 103/9/210 90/11/211
f 92/12/212 104/10/209 90/11/211
f 105/10/213 104/9/214 92/11/215
f 94/12/216 105/10/213 92/11/215
f 106/10/217 105/9/218 94/11/219
f 96/12/220 106/10/217 94/11/219
f 107/10/221 106/9/222 96/11/223
f 98/12/224 107/10/221 96/11/223
f 101/10/25 107/9/25 98/11/25
f 85/12/25 101/10/25 98/11/25
f 108/18/225 109/17/226 101/13/206
f 100/14/205 108/18/225 101/13/206
f 110/19/227 108/18/225 100/14/205
f 102/15/207 110/19/227 100/14/205
f 111/20/228 110/19/227 102/15/207
f 103/16/208 111/20/228 102/15/207
f 112/10/229 111/9/230 103/11/231
f 104/12/232 112/10/229 103/11/231
f 113/10/233 112/9/234 104/11/235
f 105/12/236 113/10/233 104/11/235
f 114/10/237 113/9/238 105/11/239
f 106/12/240 114/10/237 105/11/239
f 115/10/241 114/9/242 106/11/243
f 107/12/244 115/10/241 106/11/243
f 109/10/25 115/9/25 107/11/25
f 101/12/25 109/10/25 107/11/25
f 116/22/245 117/21/246 109/17/226
f 108/18/225 116/22/245 109/17/226
f 118/23/247 116/22/245 108/18/225
f 110/19/227 118/23/247 108/18/225
f 119/24/248 118/23/247 110/19/227
f 111/20/228 119/24/248 110/19/227
f 120/10/249 119/9/250 111/11/251
f 112/12/252 120/10/249 111/11/251
f 121/10/253 120/9/254 112/11/255
f 113/12/256 121/10/253 112/11/255
f 122/10/257 121/9/258 113/11/259
f 114/12/260 122/10/257 113/11/259
f 123/10/261 122/9/262 114/11/263
f 115/12/264 123/10/261 114/11/263
f 117/10/25 123/9/25 115/11/25
f 109/12/25 117/10/25 115/11/25
f 124/26/265 125/25/266 117/21/246
f 116/22/245 124/26/265 117/21/246
f 126/27/267 124/26/265 116/22/245
f 118/23/247 126/27/267 116/22/245
f 127/28/268 126/27/267 118/23/247
f 119/24/248 127/28/268 118/23/247
f 128/10/90 127/9/90 119/11/90
f 120/12/90 128/10/90 119/11/90
f 129/10/269 128/9/270 120/11/271
f 121/12/272 129/10/269 120/11/271
f 130/10/273 129/9/274 121/11/275
f 122/12/276 130/10/273 121/11/275
f 131/10/277 130/9/278 122/11/279
f 123/12/280 131/10/277 122/11/279
f 125/10/25 131/9/25 123/11/25
f 117/12/25 125/10/25 123/11/25
f 132/30/281 133/29/282 125/25/266
f 124/26/265 132/30/281 125/25/266
f 134/31/283 132/30/281 124/26/265
f 126/27/267 134/31/283 124/26/265
f 135/32/284 134/31/283 126/27/267
f 127/28/268 135/32/284 126/27/267
f 136/10/90 135/9/285 127/11/90
f 128/12/90 136/10/90 127/11/90
f 137/10/286 136/9/287 128/11/288
f 129/12/289 137/10/286 128/11/288
f 138/10/290 137/9/291 129/11/292
f 130/12/293 138/10/290 129/11/292
f 139/10/294 138/9/295 130/11/296
f 131/12/297 139/10/294 130/11/296
f 133/10/25 139/9/25 131/11/25
f 125/12/25 133/10/25 131/11/25
f 140/34/298 141/33/299 133/29/282
f 132/30/281 140/34/298 133/29/282
f 142/35/300 140/34/298 132/30/281
f 134/31/283 142/35/300 132/30/281
f 143/36/301 142/35/300 134/31/283
f 135/32/284 143/36/301 134/31/283
f 144/10/90 143/9/90 135/11/302
f 136/12/302 144/10/90 135/11/302
f 145/10/303 144/9/304 136/11/305
f 137/12/306 145/10/303 136/11/305
f 146/10/307 145/9/308 137/11/309
f 138/12/310 146/10/307 137/11/309
f 147/10/311 146/9/312 138/11/313
f 139/12/314 147/10/311 138/11/313
f 141/10/25 147/9/25 139/11/25
f 133/12/25 141/10/25 139/11/25
f 148/38/315 82/37/316 141/33/299
f 140/34/298 148/38/315 141/33/299
f 149/39/317 148/38/315 140/34/298
f 142/35/300 149/39/317 140/34/298
f 150/40/318 149/39/317 142/35/300
f 143/36/301 150/40/318 142/35/300
f 151/10/90 150/9/90 143/11/90
f 144/12/90 151/10/90 143/11/90
f 152/10/319 151/9/320 144/11/321
f 145/12/322 152/10/319 144/11/321
f 153/10/323 152/9/324 145/11/325
f 146/12/326 153/10/323 145/11/325
f 81/10/327 153/9/328 146/11/329
f 147/12/330 81/10/327 146/11/329
f 82/10/25 81/9/25 147/11/25
f 141/12/25 82/10/25 147/11/25
f 154/42/331 73/41/332 82/37/316
f 148/38/315 154/42/331 82/37/316
f 155/43/333 154/42/331 148/38/315
f 149/39/317 155/43/333 148/38/315
f 76/44/334 155/43/333 149/39/317
f 150/40/318 76/44/334 149/39/317
f 77/10/90 76/9/90 150/11/90
f 151/12/90 77/10/90 150/11/90
f 156/10/335 77/9/336 151/11/337
f 152/12/338 156/10/335 151/11/337
f 157/10/339 156/9/340 152/11/341
f 153/12/342 157/10/339 152/11/341
f 80/10/343 157/9/344 153/11/345
f 81/12/346 80/10/343 153/11/345
f 73/10/25 80/9/25 81/11/25
f 82/12/25 73/10/25 81/11/25
f 65/10/25 72/9/25 80/11/25
f 73/12/25 65/10/25 80/11/25
f 87/11/347 86/12/347 158/10/348
f 89/11/349 87/12/349 158/10/350
f 91/11/351 89/12/351 158/10/352
f 93/11/353 91/12/353 158/10/354
f 95/11/355 93/12/355 158/10/356
f 97/11/357 95/12/357 158/10/352
f 99/11/358 97/12/358 158/10/350
f 86/11/359 99/12/359 158/10/360
f 159/45/90 160/46/90 161/47/90
f 162/48/90 159/45/90 161/47/90
f 163/49/90 162/48/90 161/47/90
f 164/50/90 163/49/90 161/47/90
f 165/51/90 164/50/90 161/47/90
f 166/52/90 165/51/90 161/47/90
f 167/53/90 166/52/90 161/47/90
f 168/54/90 167/53/90 161/47/90
f 169/55/90 168/54/90 161/47/90
f 170/56/90 169/55/90 161/47/90
f 171/57/90 170/56/90 161/47/90
f 172/58/90 171/57/90 161/47/90
f 173/59/90 172/58/90 161/47/90
f 174/60/90 173/59/90 161/47/90
f 175/61/90 174/60/90 161/47/90
f 176/62/90 175/61/90 161/47/90
f 177/63/90 176/62/90 161/47/90
f 178/64/90 177/63/90 161/47/90
f 179/65/90 178/64/90 161/47/90
f 180/66/90 179/65/90 161/47/90
f 181/67/90 180/66/90 161/47/90
f 182/68/90 181/67/90 161/47/90
f 183/69/90 182/68/90 161/47/90
f 184/70/90 183/69/90 161/47/90
f 185/71/90 184/70/90 161/47/90
f 186/72/90 185/71/90 161/47/90
f 187/73/90 186/72/90 161/47/90
f 188/74/90 187/73/90 161/47/90
f 189/75/90 188/74/90 161/47/90
f 160/46/90 189/75/90 161/47/90
f 190/76/361 191/77/362 160/77/362
f 159/76/363 190/76/361 160/77/362
f 192/78/364 190/76/361 159/76/363
f 162/78/364 192/78/364 159/76/363
f 193/79/365 192/78/364 162/78/364
f 163/79/365 193/79/365 162/78/364
f 194/80/366 193/79/365 163/79/365
f 164/80/366 194/80/366 163/79/365
f 195/81/367 194/80/366 164/80/366
f 165/81/367 195/81/367 164/80/366
f 196/82/368 195/81/367 165/81/367
f 166/82/368 196/82/368 165/81/367
f 197/83/369 196/82/368 166/82/368
f 167/83/369 197/83/369 166/82/368
f 198/84/370 197/83/369 167/83/369
f 168/84/370 198/84/370 167/83/369
f 199/85/371 198/84/370 168/84/370
f 169/85/371 199/85/371 168/84/370
f 200/86/372 199/85/371 169/85/371
f 170/86/372 200/86/372 169/85/371
f 201/87/373 200/86/372 170/86/372
f 171/87/373 201/87/373 170/86/372
f 202/88/374 201/87/373 171/87/373
f 172/88/374 202/88/374 171/87/373
f 203/89/375 202/88/374 172/88/374
f 173/89/375 203/89/375 172/88/374
f 204/90/376 203/89/375 173/89/375
f 174/90/377 204/90/376 173/89/375
f 205/91/378 204/90/376 174/90/377
f 175/91/378 205/91/378 174/90/377
f 206/92/379 205/91/378 175/91/378
f 176/92/379 206/92/379 175/91/378
f 207/93/380 206/92/379 176/92/379
f 177/93/380 207/93/380 176/92/379
f 208/94/381 207/93/380 177/93/380
f 178/94/381 208/94/381 177/93/380
f 209/95/382 208/94/381 178/94/381
f 179/95/382 209/95/382 178/94/381
f 210/96/383 209/95/382 179/95/382
f 180/96/383 210/96/383 179/95/382
f 211/97/384 210/96/383 180/96/383
f 181/97/384 211/97/384 180/96/383
f 212/98/385 211/97/384 181/97/384
f 182/98/385 212/98/385 181/97/384
f 213/99/386 212/98/385 182/98/385
f 183/99/386 213/99/386 182/98/385
f 214/100/387 213/99/386 183/99/386
f 184/100/387 214/100/387 183/99/386
f 215/101/388 214/100/387 184/100/387
f 185/101/388 215/101/388 184/100/387
f 216/102/389 215/101/388 185/101/388
f 186/102/389 216/102/389 185/101/388
f 217/103/390 216/102/389 186/102/389
f 187/103/390 217/103/390 186/102/389
f 218/104/391 217/103/390 187/103/390
f 188/104/391 218/104/391 187/103/390
f 219/105/392 218/104/391 188/104/391
f 189/105/392 219/105/392 188/104/391
f 191/77/362 219/105/392 189/105/392
f 160/77/362 191/77/362 189/105/392
f 191/77/25 190/76/25 220/106/25
f 190/76/25 192/78/25 220/106/25
f 192/78/25 193/79/25 220/106/25
f 193/79/25 194/80/25 220/106/25
f 194/80/25 195/81/25 220/106/25
f 195/81/25 196/82/25 220/106/25
f 196/82/25 197/83/25 220/106/25
f 197/83/25 198/84/25 220/106/25
f 198/84/25 199/85/25 220/106/25
f 199/85/25 200/86/25 220/106/25
f 200/86/25 201/87/25 220/106/25
f 201/87/25 202/88/25 220/106/25
f 202/88/25 203/89/25 220/106/25
f 203/89/25 204/90/25 220/106/25
f 204/90/25 205/91/25 220/106/25
f 205/91/25 206/92/25 220/106/25
f 206/92/25 207/93/25 220/106/25
f 207/93/25 208/94/25 220/106/25
f 208/94/25 209/95/25 220/106/25
f 209/95/25 210/96/25 220/106/25
f 210/96/25 211/97/25 220/106/25
f 211/97/25 212/98/25 220/106/25
f 212/98/25 213/99/25 220/106/25
f 213/99/25 214/100/25 220/106/25
f 214/100/25 215/101/25 220/106/25
f 215/101/25 216/102/25 220/106/25
f 216/102/25 217/103/25 220/106/25
f 217/103/25 218/104/25 220/106/25
f 218/104/25 219/105/25 220/106/25
f 219/105/25 191/77/25 220/106/25
f 221/107/393 222/108/393 223/109/393
f 224/110/393 223/109/393 222/108/393
f 225/107/394 226/108/395 227/109/396
f 228/110/395 227/109/396 226/108/395
f 224/107/397 225/108/398 223/109/399
f 227/110/400 223/109/399 225/108/398
f 222/107/401 226/108/401 224/109/401
f 225/110/401 224/109/401 226/108/401
f 223/107/402 227/108/402 221/109/402
f 228/110/402 221/109/402 227/108/402
f 229/107/403 230/108/403 231/109/404
f 232/110/404 231/109/404 230/108/403
f 233/107/405 234/108/406 235/109/405
f 236/110/406 235/109/405 234/108/406
f 232/107/407 233/108/408 231/109/407
f 235/110/408 231/109/407 233/108/408
f 230/107/409 234/108/409 232/109/410
f 233/110/410 232/109/410 234/108/409
f 231/107/411 235/108/411 229/109/411
f 236/110/411 229/109/411 235/108/411
f 237/1/1 238/2/2 239/3/3
f 238/2/2 240/4/4 239/3/3
f 238/2/2 241/5/5 240/4/4
f 241/5/5 242/6/6 240/4/4
f 241/5/5 243/7/7 242/6/6
f 243/7/7 244/8/412 242/6/6
f 243/9/413 245/10/414 244/11/415
f 245/10/414 246/12/416 244/11/415
f 245/9/13 247/10/14 246/11/15
f 247/10/14 248/12/16 246/11/15
f 247/9/17 249/10/18 248/11/19
f 249/10/18 250/12/20 248/11/19
f 249/9/21 251/10/22 250/11/23
f 251/10/22 252/12/24 250/11/23
f 251/9/25 237/10/25 252/11/25
f 237/10/25 239/12/25 252/11/25
f 253/13/26 254/14/27 237/1/1
f 254/14/27 238/2/2 237/1/1
f 254/14/27 255/15/28 238/2/2
f 255/15/28 241/5/5 238/2/2
f 255/15/28 256/16/29 241/5/5
f 256/16/29 243/7/7 241/5/5
f 256/9/417 257/10/418 243/11/419
f 257/10/418 245/12/420 243/11/419
f 257/9/34 258/10/35 245/11/36
f 258/10/35 247/12/37 245/11/36
f 258/9/38 259/10/39 247/11/40
f 259/10/39 249/12/41 247/11/40
f 259/9/42 260/10/43 249/11/44
f 260/10/43 251/12/45 249/11/44
f 260/9/25 253/10/25 251/11/25
f 253/10/25 237/12/25 251/11/25
f 261/17/46 262/18/47 253/13/26
f 262/18/47 254/14/27 253/13/26
f 262/18/47 263/19/48 254/14/27
f 263/19/48 255/15/28 254/14/27
f 263/19/48 264/20/49 255/15/28
f 264/20/49 256/16/29 255/15/28
f 264/9/421 265/10/51 256/11/422
f 265/10/51 257/12/423 256/11/422
f 265/9/54 266/10/55 257/11/56
f 266/10/55 258/12/57 257/11/56
f 266/9/58 267/10/59 258/11/60
f 267/10/59 259/12/61 258/11/60
f 267/9/62 268/10/63 259/11/64
f 268/10/63 260/12/65 259/11/64
f 268/9/25 261/10/25 260/11/25
f 261/10/25 253/12/25 260/11/25
f 269/21/66 270/22/67 261/17/46
f 270/22/67 262/18/47 261/17/46
f 270/22/67 271/23/68 262/18/47
f 271/23/68 263/19/48 262/18/47
f 271/23/68 272/24/69 263/19/48
f 272/24/69 264/20/49 263/19/48
f 272/9/424 273/10/425 264/11/426
f 273/10/425 265/12/427 264/11/426
f 273/9/74 274/10/75 265/11/428
f 274/10/75 266/12/77 265/11/428
f 274/9/78 275/10/79 266/11/80
f 275/10/79 267/12/81 266/11/80
f 275/9/429 276/10/83 267/11/84
f 276/10/83 268/12/85 267/11/84
f 276/9/25 269/10/25 268/11/25
f 269/10/25 261/12/25 268/11/25
f 277/25/86 278/26/87 269/21/66
f 278/26/87 270/22/67 269/21/66
f 278/26/87 279/27/88 270/22/67
f 279/27/88 271/23/68 270/22/67
f 279/27/88 280/28/89 271/23/68
f 280/28/89 272/24/69 271/23/68
f 280/9/90 281/10/90 272/11/90
f 281/10/90 273/12/90 272/11/90
f 281/9/91 282/10/92 273/11/93
f 282/10/92 274/12/430 273/11/93
f 282/9/95 283/10/96 274/11/97
f 283/10/96 275/12/98 274/11/97
f 283/9/431 284/10/432 275/11/433
f 284/10/432 276/12/102 275/11/433
f 284/9/25 277/10/25 276/11/25
f 277/10/25 269/12/25 276/11/25
f 285/29/434 286/30/104 277/25/86
f 286/30/104 278/26/87 277/25/86
f 286/30/104 287/31/105 278/26/87
f 287/31/105 279/27/88 278/26/87
f 287/31/105 288/32/435 279/27/88
f 288/32/435 280/28/89 279/27/88
f 288/9/90 289/10/90 280/11/90
f 289/10/90 281/12/90 280/11/90
f 289/9/108 290/10/109 281/11/110
f 290/10/109 282/12/111 281/11/110
f 290/9/112 291/10/436 282/11/114
f 291/10/436 283/12/115 282/11/114
f 291/9/116 292/10/117 283/11/437
f 292/10/117 284/12/438 283/11/437
f 292/9/25 285/10/25 284/11/25
f 285/10/25 277/12/25 284/11/25
f 293/33/120 294/34/121 285/29/434
f 294/34/121 286/30/104 285/29/434
f 294/34/121 295/35/122 286/30/104
f 295/35/122 287/31/105 286/30/104
f 295/35/122 296/36/439 287/31/105
f 296/36/439 288/32/435 287/31/105
f 296/9/440 297/10/440 288/11/90
f 297/10/440 289/12/90 288/11/90
f 297/9/124 298/10/125 289/11/126
f 298/10/125 290/12/127 289/11/126
f 298/9/128 299/10/129 290/11/130
f 299/10/129 291/12/131 290/11/130
f 299/9/132 300/10/133 291/11/134
f 300/10/133 292/12/135 291/11/134
f 300/9/25 293/10/25 292/11/25
f 293/10/25 285/12/25 292/11/25
f 301/37/136 302/38/137 293/33/120
f 302/38/137 294/34/121 293/33/120
f 302/38/137 303/39/138 294/34/121
f 303/39/138 295/35/122 294/34/121
f 303/39/138 304/40/139 295/35/122
f 304/40/139 296/36/439 295/35/122
f 304/9/90 305/10/90 296/11/90
f 305/10/90 297/12/90 296/11/90
f 305/9/140 306/10/441 297/11/442
f 306/10/441 298/12/143 297/11/442
f 306/9/144 307/10/145 298/11/146
f 307/10/145 299/12/147 298/11/146
f 307/9/148 308/10/149 299/11/150
f 308/10/149 300/12/151 299/11/150
f 308/9/25 301/10/25 300/11/25
f 301/10/25 293/12/25 300/11/25
f 309/41/152 310/42/153 301/37/136
f 310/42/153 302/38/137 301/37/136
f 310/42/153 311/43/154 302/38/137
f 311/43/154 303/39/138 302/38/137
f 311/43/154 312/44/155 303/39/138
f 312/44/155 304/40/139 303/39/138
f 312/9/90 313/10/90 304/11/90
f 313/10/90 305/12/90 304/11/90
f 313/9/443 314/10/157 305/11/444
f 314/10/157 306/12/445 305/11/444
f 314/9/446 315/10/447 306/11/448
f 315/10/447 307/12/449 306/11/448
f 315/9/164 316/10/165 307/11/166
f 316/10/165 308/12/167 307/11/166
f 316/9/25 309/10/25 308/11/25
f 309/10/25 301/12/25 308/11/25
f 317/9/25 318/10/25 316/11/25
f 318/10/25 309/12/25 316/11/25
f 239/12/168 240/11/168 319/10/450
f 240/12/451 242/11/451 319/10/452
f 242/12/453 244/11/453 319/10/450
f 244/12/454 246/11/454 319/10/450
f 246/12/455 248/11/455 319/10/450
f 248/12/456 250/11/456 319/10/457
f 250/12/178 252/11/178 319/10/457
f 252/12/458 239/11/458 319/10/450
f 320/2/181 321/1/182 322/3/183
f 323/4/184 320/2/181 322/3/183
f 324/5/185 320/2/181 323/4/184
f 325/6/186 324/5/185 323/4/184
f 326/7/187 324/5/185 325/6/186
f 327/8/459 326/7/187 325/6/186
f 328/10/460 326/9/461 327/11/462
f 329/12/463 328/10/460 327/11/462
f 330/10/193 328/9/194 329/11/195
f 331/12/196 330/10/193 329/11/195
f 332/10/197 330/9/198 331/11/199
f 333/12/200 332/10/197 331/11/199
f 334/10/201 332/9/202 333/11/203
f 335/12/204 334/10/201 333/11/203
f 321/10/25 334/9/25 335/11/25
f 322/12/25 321/10/25 335/11/25
f 336/14/205 337/13/206 321/1/182
f 320/2/181 336/14/205 321/1/182
f 338/15/207 336/14/205 320/2/181
f 324/5/185 338/15/207 320/2/181
f 339/16/208 338/15/207 324/5/185
f 326/7/187 339/16/208 324/5/185
f 340/10/209 339/9/464 326/11/465
f 328/12/466 340/10/209 326/11/465
f 341/10/213 340/9/214 328/11/215
f 330/12/216 341/10/213 328/11/215
f 342/10/217 341/9/218 330/11/219
f 332/12/220 342/10/217 330/11/219
f 343/10/221 342/9/222 332/11/223
f 334/12/224 343/10/221 332/11/223
f 337/10/25 343/9/25 334/11/25
f 321/12/25 337/10/25 334/11/25
f 344/18/225 345/17/226 337/13/206
f 336/14/205 344/18/225 337/13/206
f 346/19/227 344/18/225 336/14/205
f 338/15/207 346/19/227 336/14/205
f 347/20/228 346/19/227 338/15/207
f 339/16/208 347/20/228 338/15/207
f 348/10/467 347/9/468 339/11/469
f 340/12/470 348/10/467 339/11/469
f 349/10/233 348/9/234 340/11/235
f 341/12/236 349/10/233 340/11/235
f 350/10/237 349/9/238 341/11/239
f 342/12/240 350/10/237 341/11/239
f 351/10/241 350/9/242 342/11/243
f 343/12/244 351/10/241 342/11/243
f 345/10/25 351/9/25 343/11/25
f 337/12/25 345/10/25 343/11/25
f 352/22/245 353/21/246 345/17/226
f 344/18/225 352/22/245 345/17/226
f 354/23/247 352/22/245 344/18/225
f 346/19/227 354/23/247 344/18/225
f 355/24/248 354/23/247 346/19/227
f 347/20/228 355/24/248 346/19/227
f 356/10/471 355/9/472 347/11/473
f 348/12/474 356/10/471 347/11/473
f 357/10/253 356/9/254 348/11/475
f 349/12/256 357/10/253 348/11/475
f 358/10/257 357/9/258 349/11/259
f 350/12/260 358/10/257 349/11/259
f 359/10/261 358/9/476 350/11/263
f 351/12/264 359/10/261 350/11/263
f 353/10/25 359/9/25 351/11/25
f 345/12/25 353/10/25 351/11/25
f 360/26/265 361/25/266 353/21/246
f 352/22/245 360/26/265 353/21/246
f 362/27/267 360/26/265 352/22/245
f 354/23/247 362/27/267 352/22/245
f 363/28/268 362/27/267 354/23/247
f 355/24/248 363/28/268 354/23/247
f 364/10/90 363/9/90 355/11/90
f 356/12/90 364/10/90 355/11/90
f 365/10/269 364/9/270 356/11/271
f 357/12/477 365/10/269 356/11/271
f 366/10/273 365/9/274 357/11/275
f 358/12/276 366/10/273 357/11/275
f 367/10/478 366/9/479 358/11/480
f 359/12/280 367/10/478 358/11/480
f 361/10/25 367/9/25 359/11/25
f 353/12/25 361/10/25 359/11/25
f 368/30/281 369/29/481 361/25/266
f 360/26/265 368/30/281 361/25/266
f 370/31/283 368/30/281 360/26/265
f 362/27/267 370/31/283 360/26/265
f 371/32/482 370/31/283 362/27/267
f 363/28/268 371/32/482 362/27/267
f 372/10/90 371/9/90 363/11/90
f 364/12/90 372/10/90 363/11/90
f 373/10/286 372/9/287 364/11/288
f 365/12/289 373/10/286 364/11/288
f 374/10/483 373/9/291 365/11/292
f 366/12/293 374/10/483 365/11/292
f 375/10/294 374/9/295 366/11/484
f 367/12/485 375/10/294 366/11/484
f 369/10/25 375/9/25 367/11/25
f 361/12/25 369/10/25 367/11/25
f 376/34/298 377/33/299 369/29/481
f 368/30/281 376/34/298 369/29/481
f 378/35/300 376/34/298 368/30/281
f 370/31/283 378/35/300 368/30/281
f 379/36/486 378/35/300 370/31/283
f 371/32/482 379/36/486 370/31/283
f 380/10/302 379/9/302 371/11/90
f 372/12/487 380/10/302 371/11/90
f 381/10/303 380/9/304 372/11/305
f 373/12/306 381/10/303 372/11/305
f 382/10/307 381/9/308 373/11/309
f 374/12/310 382/10/307 373/11/309
f 383/10/311 382/9/312 374/11/313
f 375/12/314 383/10/311 374/11/313
f 377/10/25 383/9/25 375/11/25
f 369/12/25 377/10/25 375/11/25
f 384/38/315 318/37/316 377/33/299
f 376/34/298 384/38/315 377/33/299
f 385/39/317 384/38/315 376/34/298
f 378/35/300 385/39/317 376/34/298
f 386/40/318 385/39/317 378/35/300
f 379/36/486 386/40/318 378/35/300
f 387/10/90 386/9/90 379/11/90
f 380/12/90 387/10/90 379/11/90
f 388/10/488 387/9/320 380/11/489
f 381/12/322 388/10/488 380/11/489
f 389/10/323 388/9/324 381/11/325
f 382/12/326 389/10/323 381/11/325
f 317/10/327 389/9/328 382/11/329
f 383/12/330 317/10/327 382/11/329
f 318/10/25 317/9/25 383/11/25
f 377/12/25 318/10/25 383/11/25
f 390/42/331 309/41/332 318/37/316
f 384/38/315 390/42/331 318/37/316
f 391/43/333 390/42/331 384/38/315
f 385/39/317 391/43/333 384/38/315
f 312/44/334 391/43/333 385/39/317
f 386/40/318 312/44/334 385/39/317
f 313/10/90 312/9/90 386/11/90
f 387/12/90 313/10/90 386/11/90
f 392/10/335 313/9/490 387/11/491
f 388/12/492 392/10/335 387/11/491
f 393/10/493 392/9/494 388/11/495
f 389/12/496 393/10/493 388/11/495
f 316/10/343 393/9/344 389/11/345
f 317/12/346 316/10/343 389/11/345
f 309/10/25 316/9/25 317/11/25
f 318/12/25 309/10/25 317/11/25
f 301/10/25 308/9/25 316/11/25
f 309/12/25 301/10/25 316/11/25
f 323/11/347 322/12/347 394/10/497
f 325/11/498 323/12/498 394/10/356
f 327/11/499 325/12/499 394/10/356
f 329/11/500 327/12/500 394/10/356
f 331/11/501 329/12/501 394/10/356
f 333/11/502 331/12/502 394/10/356
f 335/11/358 333/12/358 394/10/356
f 322/11/503 335/12/503 394/10/356
f 395/45/90 396/46/90 397/47/90
f 398/48/90 395/45/90 397/47/90
f 399/49/90 398/48/90 397/47/90
f 400/50/90 399/49/90 397/47/90
f 401/51/90 400/50/90 397/47/90
f 402/52/90 401/51/90 397/47/90
f 403/53/90 402/52/90 397/47/90
f 404/54/90 403/53/90 397/47/90
f 405/55/90 404/54/90 397/47/90
f 406/56/90 405/55/90 397/47/90
f 407/57/90 406/56/90 397/47/90
f 408/58/90 407/57/90 397/47/90
f 409/59/90 408/58/90 397/47/90
f 410/60/90 409/59/90 397/47/90
f 411/61/90 410/60/90 397/47/90
f 412/62/90 411/61/90 397/47/90
f 413/63/90 412/62/90 397/47/90
f 414/64/90 413/63/90 397/47/90
f 415/65/90 414/64/90 397/47/90
f 416/66/90 415/65/90 397/47/90
f 417/67/90 416/66/90 397/47/90
f 418/68/90 417/67/90 397/47/90
f 419/69/90 418/68/90 397/47/90
f 420/70/90 419/69/90 397/47/90
f 421/71/90 420/70/90 397/47/90
f 422/72/90 421/71/90 397/47/90
f 423/73/90 422/72/90 397/47/90
f 424/74/90 423/73/90 397/47/90
f 425/75/90 424/74/90 397/47/90
f 396/46/90 425/75/90 397/47/90
f 426/76/361 427/77/362 396/77/362
f 395/76/361 426/76/361 396/77/362
f 428/78/364 426/76/361 395/76/361
f 398/78/364 428/78/364 395/76/361
f 429/79/365 428/78/364 398/78/364
f 399/79/365 429/79/365 398/78/364
f 430/80/366 429/79/365 399/79/365
f 400/80/366 430/80/366 399/79/365
f 431/81/367 430/80/366 400/80/366
f 401/81/367 431/81/367 400/80/366
f 432/82/368 431/81/367 401/81/367
f 402/82/368 432/82/368 401/81/367
f 433/83/369 432/82/368 402/82/368
f 403/83/369 433/83/369 402/82/368
f 434/84/370 433/83/369 403/83/369
f 404/84/370 434/84/370 403/83/369
f 435/85/371 434/84/370 404/84/370
f 405/85/371 435/85/371 404/84/370
f 436/86/372 435/85/371 405/85/371
f 406/86/372 436/86/372 405/85/371
f 437/87/373 436/86/372 406/86/372
f 407/87/373 437/87/373 406/86/372
f 438/88/374 437/87/373 407/87/373
f 408/88/374 438/88/374 407/87/373
f 439/89/375 438/88/374 408/88/374
f 409/89/375 439/89/375 408/88/374
f 440/90/377 439/89/375 409/89/375
f 410/90/377 440/90/377 409/89/375
f 441/91/378 440/90/377 410/90/377
f 411/91/378 441/91/378 410/90/377
f 442/92/379 441/91/378 411/91/378
f 412/92/379 442/92/379 411/91/378
f 443/93/504 442/92/379 412/92/379
f 413/93/504 443/93/504 412/92/379
f 444/94/381 443/93/504 413/93/504
f 414/94/381 444/94/381 413/93/504
f 445/95/505 444/94/381 414/94/381
f 415/95/505 445/95/505 414/94/381
f 446/96/383 445/95/505 415/95/505
f 416/96/383 446/96/383 415/95/505
f 447/97/506 446/96/383 416/96/383
f 417/97/506 447/97/506 416/96/383
f 448/98/507 447/97/506 417/97/506
f 418/98/507 448/98/507 417/97/506
f 449/99/508 448/98/507 418/98/507
f 419/99/508 449/99/508 418/98/507
f 450/100/509 449/99/508 419/99/508
f 420/100/509 450/100/509 419/99/508
f 451/101/388 450/100/509 420/100/509
f 421/101/388 451/101/388 420/100/509
f 452/102/510 451/101/388 421/101/388
f 422/102/510 452/102/510 421/101/388
f 453/103/390 452/102/510 422/102/510
f 423/103/390 453/103/390 422/102/510
f 454/104/511 453/103/390 423/103/390
f 424/104/511 454/104/511 423/103/390
f 455/105/392 454/104/511 424/104/511
f 425/105/392 455/105/392 424/104/511
f 427/77/362 455/105/392 425/105/392
f 396/77/362 427/77/362 425/105/392
f 427/77/25 426/76/25 456/106/25
f 426/76/25 428/78/25 456/106/25
f 428/78/25 429/79/25 456/106/25
f 429/79/25 430/80/25 456/106/25
f 430/80/25 431/81/25 456/106/25
f 431/81/25 432/82/25 456/106/25
f 432/82/25 433/83/25 456/106/25
f 433/83/25 434/84/25 456/106/25
f 434/84/25 435/85/25 456/106/25
f 435/85/25 436/86/25 456/106/25
f 436/86/25 437/87/25 456/106/25
f 437/87/25 438/88/25 456/106/25
f 438/88/25 439/89/25 456/106/25
f 439/89/25 440/90/25 456/106/25
f 440/90/25 441/91/25 456/106/25
f 441/91/25 442/92/25 456/106/25
f 442/92/25 443/93/25 456/106/25
f 443/93/25 444/94/25 456/106/25
f 444/94/25 445/95/25 456/106/25
f 445/95/25 446/96/25 456/106/25
f 446/96/25 447/97/25 456/106/25
f 447/97/25 448/98/25 456/106/25
f 448/98/25 449/99/25 456/106/25
f 449/99/25 450/100/25 456/106/25
f 450/100/25 451/101/25 456/106/25
f 451/101/25 452/102/25 456/106/25
f 452/102/25 453/103/25 456/106/25
f 453/103/25 454/104/25 456/106/25
f 454/104/25 455/105/25 456/106/25
f 455/105/25 427/77/25 456/106/25
f 457/107/512 458/108/512 459/109/513
f 460/110/513 459/109/513 458/108/512
f 461/107/514 462/108/515 463/109/516
f 464/110/515 463/109/516 462/108/515
f 460/107/517 461/108/518 459/109/519
f 463/110/518 459/109/519 461/108/518
f 458/107/409 462/108/409 460/109/409
f 461/110/409 460/109/409 462/108/409
f 459/107/411 463/108/411 457/109/411
f 464/110/411 457/109/411 463/108/411
f 465/107/520 466/108/520 467/109/521
f 468/110/521 467/109/521 466/108/520
f 469/107/522 470/108/523 471/109/522
f 472/110/523 471/109/522 470/108/523
f 468/107/524 469/108/525 467/109/524
f 471/110/526 467/109/524 469/108/525
f 466/107/401 470/108/401 468/109/401
f 469/110/401 468/109/401 470/108/401
f 467/107/402 471/108/402 465/109/527
f 472/110/527 465/109/527 471/108/402
f 473/111/528 474/112/529 475/113/530
f 476/114/528 473/111/528 475/113/530
f 477/115/531 473/111/528 476/114/528
f 478/116/531 477/115/531 476/114/528
f 479/117/532 477/115/531 478/116/531
f 480/118/532 479/117/532 478/116/531
f 481/119/533 479/117/532 480/118/532
f 482/120/533 481/119/533 480/118/532
f 483/121/534 481/119/533 482/120/533
f 484/122/534 483/121/534 482/120/533
f 485/119/535 483/121/534 484/122/534
f 486/120/535 485/119/535 484/122/534
f 487/117/536 485/119/535 486/120/535
f 488/118/536 487/117/536 486/120/535
f 489/115/537 487/117/536 488/118/536
f 490/116/537 489/115/537 488/118/536
f 491/111/538 489/115/537 490/116/537
f 492/114/539 491/111/538 490/116/537
f 493/123/540 491/111/538 492/114/539
f 494/124/541 493/123/540 492/114/539
f 495/125/542 493/123/540 494/124/541
f 496/126/542 495/125/542 494/124/541
f 497/127/543 495/125/542 496/126/542
f 498/128/543 497/127/543 496/126/542
f 499/129/544 497/127/543 498/128/543
f 500/130/544 499/129/544 498/128/543
f 501/131/545 499/129/544 500/130/544
f 502/132/545 501/131/545 500/130/544
f 503/133/546 501/131/545 502/132/545
f 504/134/546 503/133/546 502/132/545
f 505/131/547 503/133/546 504/134/546
f 506/132/547 505/131/547 504/134/546
f 507/129/548 505/131/547 506/132/547
f 508/130/548 507/129/548 506/132/547
f 509/127/549 507/129/548 508/130/548
f 510/128/549 509/127/549 508/130/548
f 511/125/550 509/127/549 510/128/549
f 512/126/551 511/125/550 510/128/549
f 474/112/529 511/125/550 512/126/551
f 475/113/530 474/112/529 512/126/551
f 474/112/552 473/111/25 513/112/553
f 473/111/25 477/115/25 513/112/553
f 477/115/25 479/117/25 513/112/553
f 479/117/25 481/119/25 513/112/553
f 481/119/25 483/121/25 513/112/553
f 483/121/25 485/119/25 513/112/553
f 485/119/25 487/117/25 513/112/553
f 487/117/25 489/115/25 513/112/553
f 489/115/25 491/111/554 513/112/553
f 491/111/554 493/123/555 513/112/553
f 493/123/555 495/125/556 513/112/553
f 495/125/556 497/127/557 513/112/553
f 497/127/557 499/129/558 513/112/553
f 499/129/558 501/131/559 513/112/553
f 501/131/559 503/133/560 513/112/553
f 503/133/560 505/131/561 513/112/553
f 505/131/561 507/129/562 513/112/553
f 507/129/562 509/127/563 513/112/553
f 509/127/563 511/125/564 513/112/553
f 511/125/564 474/112/552 513/112/553
f 514/135/90 515/136/565 516/137/566
f 517/138/90 514/135/90 516/137/566
f 518/139/90 517/138/90 516/137/566
f 519/140/90 518/139/90 516/137/566
f 520/141/90 519/140/90 516/137/566
f 521/142/90 520/141/90 516/137/566
f 522/143/90 521/142/90 516/137/566
f 523/144/90 522/143/90 516/137/566
f 524/145/567 523/144/90 516/137/566
f 525/146/568 524/145/567 516/137/566
f 526/147/569 525/146/568 516/137/566
f 527/148/570 526/147/569 516/137/566
f 528/149/571 527/148/570 516/137/566
f 529/150/572 528/149/571 516/137/566
f 530/151/573 529/150/572 516/137/566
f 531/152/574 530/151/573 516/137/566
f 532/153/575 531/152/574 516/137/566
f 533/154/576 532/153/575 516/137/566
f 534/155/577 533/154/576 516/137/566
f 515/136/565 534/155/577 516/137/566
f 535/156/578 536/157/579 515/136/579
f 514/135/580 535/156/578 515/136/579
f 537/158/581 535/156/578 514/135/580
f 517/138/582 537/158/581 514/135/580
f 538/159/583 537/158/581 517/138/582
f 518/139/583 538/159/583 517/138/582
f 539/160/584 538/159/583 518/139/583
f 519/140/585 539/160/584 518/139/583
f 540/161/586 539/160/584 519/140/585
f 520/141/587 540/161/586 519/140/585
f 541/162/588 540/161/586 520/141/587
f 521/142/588 541/162/588 520/141/587
f 542/163/589 541/162/588 521/142/588
f 522/143/590 542/163/589 521/142/588
f 543/164/591 542/163/589 522/143/590
f 523/144/592 543/164/591 522/143/590
f 544/165/593 543/164/591 523/144/592
f 524/145/594 544/165/593 523/144/592
f 545/166/595 544/165/593 524/145/594
f 525/146/596 545/166/595 524/145/594
f 546/167/597 545/166/595 525/146/596
f 526/147/598 546/167/597 525/146/596
f 547/168/599 546/167/597 526/147/598
f 527/148/600 547/168/599 526/147/598
f 548/169/601 547/168/599 527/148/600
f 528/149/601 548/169/601 527/148/600
f 549/170/602 548/169/601 528/149/601
f 529/150/602 549/170/602 528/149/601
f 550/171/603 549/170/602 529/150/602
f 530/151/604 550/171/603 529/150/602
f 551/172/605 550/171/603 530/151/604
f 531/152/606 551/172/605 530/151/604
f 552/173/607 551/172/605 531/152/606
f 532/153/608 552/173/607 531/152/606
f 553/174/609 552/173/607 532/153/608
f 533/154/609 553/174/609 532/153/608
f 554/175/610 553/174/609 533/154/609
f 534/155/611 554/175/610 533/154/609
f 536/157/579 554/175/610 534/155/611
f 515/136/579 536/157/579 534/155/611
f 536/157/612 535/156/25 555/137/613
f 535/156/25 537/158/25 555/137/613
f 537/158/25 538/159/25 555/137/613
f 538/159/25 539/160/25 555/137/613
f 539/160/25 540/161/25 555/137/613
f 540/161/25 541/162/25 555/137/613
f 541/162/25 542/163/25 555/137/613
f 542/163/25 543/164/25 555/137/613
f 543/164/25 544/165/614 555/137/613
f 544/165/614 545/166/615 555/137/613
f 545/166/615 546/167/616 555/137/613
f 546/167/616 547/168/617 555/137/613
f 547/168/617 548/169/618 555/137/613
f 548/169/618 549/170/619 555/137/613
f 549/170/619 550/171/620 555/137/613
f 550/171/620 551/172/621 555/137/613
f 551/172/621 552/173/622 555/137/613
f 552/173/622 553/174/623 555/137/613
f 553/174/623 554/175/624 555/137/613
f 554/175/624 536/157/612 555/137/613
f 556/176/625 557/176/625 558/177/625
f 558/177/625 559/177/625 556/176/625
f 560/178/626 561/179/626 562/179/626
f 562/179/626 563/178/626 560/178/626
f 561/179/627 559/177/627 558/177/627
f 558/177/627 562/179/627 561/179/627
f 560/178/628 556/176/628 559/177/628
f 559/177/628 561/179/628 560/178/628
f 562/179/629 558/177/629 557/176/629
f 557/176/629 563/178/629 562/179/629
f 564/176/625 565/176/625 566/177/625
f 567/177/625 566/177/625 565/176/625
f 568/179/626 569/178/626 570/179/626
f 571/178/626 570/179/626 569/178/626
f 567/177/630 568/179/630 566/177/630
f 570/179/630 566/177/630 568/179/630
f 565/176/631 569/178/631 567/177/631
f 568/179/631 567/177/631 569/178/631
f 566/177/632 570/179/632 564/176/632
f 571/178/632 564/176/632 570/179/632
f 572/180/25 573/181/25 574/182/25
f 573/181/25 575/183/25 574/182/25
f 575/183/25 576/184/25 574/182/25
f 576/184/25 577/185/25 574/182/25
f 577/185/25 578/186/25 574/182/25
f 578/186/25 579/187/25 574/182/25
f 579/187/25 580/188/25 574/182/25
f 580/188/25 581/189/25 574/182/25
f 581/189/25 582/190/25 574/182/25
f 582/190/25 583/191/25 574/182/25
f 583/191/25 584/192/25 574/182/25
f 584/192/25 585/193/25 574/182/25
f 585/193/25 586/194/25 574/182/25
f 586/194/25 587/195/25 574/182/25
f 587/195/25 588/196/25 574/182/25
f 588/196/25 589/197/25 574/182/25
f 589/197/25 590/198/25 574/182/25
f 590/198/25 591/199/25 574/182/25
f 591/199/25 592/200/25 574/182/25
f 592/200/25 593/201/25 574/182/25
f 593/201/25 594/202/25 574/182/25
f 594/202/25 595/203/25 574/182/25
f 595/203/25 596/204/25 574/182/25
f 596/204/25 597/205/25 574/182/25
f 597/205/25 598/206/25 574/182/25
f 598/206/25 599/207/25 574/182/25
f 599/207/25 600/208/25 574/182/25
f 600/208/25 601/209/25 574/182/25
f 601/209/25 602/210/25 574/182/25
f 602/210/25 572/180/25 574/182/25
f 603/211/633 604/212/634 605/213/635
f 606/214/633 603/211/633 605/213/635
f 607/215/636 606/214/633 605/213/635
f 608/216/637 607/215/636 605/213/635
f 609/217/638 608/216/637 605/213/635
f 610/218/639 609/217/638 605/213/635
f 611/219/640 610/218/639 605/213/635
f 612/220/641 611/219/640 605/213/635
f 613/221/642 612/220/641 605/213/635
f 614/222/643 613/221/642 605/213/635
f 615/223/644 614/222/643 605/213/635
f 616/224/645 615/223/644 605/213/635
f 617/225/645 616/224/645 605/213/635
f 618/226/646 617/225/645 605/213/635
f 619/227/647 618/226/646 605/213/635
f 620/228/648 619/227/647 605/213/635
f 621/229/649 620/228/648 605/213/635
f 622/230/650 621/229/649 605/213/635
f 623/231/651 622/230/650 605/213/635
f 624/232/652 623/231/651 605/213/635
f 625/233/653 624/232/652 605/213/635
f 626/234/654 625/233/653 605/213/635
f 627/235/655 626/234/654 605/213/635
f 628/236/656 627/235/655 605/213/635
f 629/237/657 628/236/656 605/213/635
f 630/238/658 629/237/657 605/213/635
f 631/239/659 630/238/658 605/213/635
f 632/240/660 631/239/659 605/213/635
f 633/241/661 632/240/660 605/213/635
f 604/212/634 633/241/661 605/213/635
f 573/242/361 572/243/361 604/244/361
f 603/245/361 573/242/361 604/244/361
f 575/242/364 573/243/364 603/244/364
f 606/245/364 575/242/364 603/244/364
f 576/242/365 575/243/365 606/244/365
f 607/245/365 576/242/365 606/244/365
f 634/242/662 576/243/662 607/244/662
f 608/245/662 634/242/662 607/244/662
f 635/242/367 634/243/367 608/244/367
f 609/245/367 635/242/367 608/244/367
f 579/242/368 635/243/368 609/244/368
f 610/245/368 579/242/368 609/244/368
f 580/242/369 579/243/369 610/244/369
f 611/245/369 580/242/369 610/244/369
f 581/242/370 580/243/370 611/244/370
f 612/245/370 581/242/370 611/244/370
f 636/242/371 581/243/371 612/244/371
f 613/245/371 636/242/371 612/244/371
f 583/242/372 636/243/372 613/244/372
f 614/245/372 583/242/372 613/244/372
f 584/242/663 583/243/663 614/244/663
f 615/245/663 584/242/663 614/244/663
f 585/242/374 584/243/374 615/244/374
f 616/245/374 585/242/374 615/244/374
f 586/242/375 585/243/375 616/244/375
f 617/245/375 586/242/375 616/244/375
f 587/242/377 586/243/376 617/244/376
f 618/245/377 587/242/377 617/244/376
f 637/242/378 587/243/378 618/244/378
f 619/245/378 637/242/378 618/244/378
f 638/242/664 637/243/379 619/244/379
f 620/245/664 638/242/664 619/244/379
f 639/242/380 638/243/380 620/244/380
f 621/245/380 639/242/380 620/244/380
f 640/242/381 639/243/381 621/244/381
f 622/245/381 640/242/381 621/244/381
f 641/242/505 640/243/505 622/244/505
f 623/245/505 641/242/505 622/244/505
f 642/242/383 641/243/383 623/244/383
f 624/245/383 642/242/383 623/244/383
f 643/242/384 642/243/384 624/244/384
f 625/245/384 643/242/384 624/244/384
f 644/242/385 643/243/385 625/244/385
f 626/245/385 644/242/385 625/244/385
f 645/242/386 644/243/386 626/244/386
f 627/245/386 645/242/386 626/244/386
f 646/242/387 645/243/387 627/244/387
f 628/245/387 646/242/387 627/244/387
f 647/242/388 646/243/388 628/244/388
f 629/245/388 647/242/388 628/244/388
f 648/242/510 647/243/510 629/244/510
f 630/245/510 648/242/510 629/244/510
f 649/242/390 648/243/390 630/244/390
f 631/245/390 649/242/390 630/244/390
f 650/242/391 649/243/391 631/244/391
f 632/245/391 650/242/391 631/244/391
f 651/242/665 650/243/665 632/244/665
f 633/245/665 651/242/665 632/244/665
f 572/242/362 651/243/362 633/244/362
f 604/245/362 572/242/362 633/244/362
f 652/246/625 653/247/625 654/248/625
f 655/249/625 654/248/625 653/247/625
f 656/250/25 653/251/25 657/252/25
f 652/253/25 657/252/25 653/251/25
f 657/254/362 652/255/362 658/256/362
f 654/257/362 658/256/362 652/255/362
f 658/258/90 654/259/90 659/260/90
f 655/261/90 659/260/90 654/259/90
f 659/250/378 655/251/378 656/252/378
f 653/253/378 656/252/378 655/251/378
f 660/262/625 661/263/625 662/264/625
f 663/265/625 662/264/625 661/263/625
f 664/266/25 661/267/25 665/268/25
f 660/269/25 665/268/25 661/267/25
f 665/266/362 660/267/362 666/268/362
f 662/269/362 666/268/362 660/267/362
f 666/270/90 662/271/90 667/272/90
f 663/273/90 667/272/90 662/271/90
f 667/274/378 663/275/378 664/276/378
f 661/277/378 664/276/378 663/275/378
f 668/278/626 669/279/626 670/280/626
f 671/281/626 670/280/626 669/279/626
f 672/282/625 673/283/625 674/284/625
f 675/285/625 674/284/625 673/283/625
f 669/282/666 673/283/666 671/284/666
f 672/285/666 671/284/666 673/283/666
f 668/282/25 675/283/25 669/284/25
f 673/285/25 669/284/25 675/283/25
f 670/282/667 674/283/667 668/284/667
f 675/285/667 668/284/667 674/283/667
f 676/282/625 677/283/625 678/284/625
f 679/285/625 678/284/625 677/283/625
f 680/278/626 671/279/626 681/280/626
f 682/281/626 681/280/626 671/279/626
f 671/282/25 677/283/25 682/284/25
f 676/285/25 682/284/25 677/283/25
f 682/286/362 676/287/362 681/288/362
f 678/289/362 681/288/362 676/287/362
f 681/278/90 678/279/90 680/280/90
f 679/281/90 680/280/90 678/279/90
f 680/278/378 679/279/378 671/280/378
f 677/281/378 671/280/378 679/279/378
f 683/282/625 684/283/625 685/284/625
f 686/285/625 685/284/625 684/283/625
f 687/278/626 688/279/626 689/280/626
f 670/281/626 689/280/626 688/279/626
f 688/282/25 684/283/25 670/284/25
f 683/285/25 670/284/25 684/283/25
f 670/278/362 683/279/362 689/280/362
f 685/281/362 689/280/362 683/279/362
f 689/278/90 685/279/90 687/280/90
f 686/281/90 687/280/90 685/279/90
f 687/290/378 686/291/378 688/292/378
f 684/293/378 688/292/378 686/291/378
f 672/278/625 674/279/625 690/280/625
f 691/281/625 690/280/625 674/279/625
f 689/278/626 670/279/626 680/280/626
f 671/281/626 680/280/626 670/279/626
f 671/278/362 672/279/362 680/280/362
f 690/281/362 680/280/362 672/279/362
f 680/278/90 690/279/90 689/280/90
f 691/281/90 689/280/90 690/279/90
f 689/278/378 691/279/378 670/280/378
f 674/281/378 670/280/378 691/279/378
f 692/294/625 693/295/625 694/296/625
f 695/297/625 694/296/625 693/295/625
f 696/297/626 697/295/626 698/296/626
f 699/294/626 698/296/626 697/295/626
f 697/295/25 693/295/25 699/294/25
f 692/294/25 699/294/25 693/295/25
f 699/294/362 692/294/362 698/296/362
f 694/296/362 698/296/362 692/294/362
f 698/296/90 694/296/90 696/297/90
f 695/297/90 696/297/90 694/296/90
f 696/297/378 695/297/378 697/295/378
f 693/295/378 697/295/378 695/297/378
f 700/298/625 701/299/625 702/300/625
f 703/301/625 702/300/625 701/299/625
f 704/298/626 705/299/626 706/300/626
f 707/301/626 706/300/626 705/299/626
f 703/302/25 704/303/25 702/304/25
f 706/305/25 702/304/25 704/303/25
f 701/298/362 705/299/362 703/300/362
f 704/301/362 703/300/362 705/299/362
f 700/302/90 707/303/90 701/304/90
f 705/305/90 701/304/90 707/303/90
f 702/298/378 706/299/378 700/300/378
f 707/301/378 700/300/378 706/299/378
f 708/302/625 709/303/625 710/304/625
f 711/305/625 710/304/625 709/303/625
f 712/302/626 713/303/626 714/304/626
f 715/305/626 714/304/626 713/303/626
f 711/302/25 712/303/25 710/304/25
f 714/305/25 710/304/25 712/303/25
f 709/306/362 713/307/362 711/308/362
f 712/309/362 711/308/362 713/307/362
f 708/302/90 715/303/90 709/304/90
f 713/305/90 709/304/90 715/303/90
f 710/306/378 714/307/378 708/308/378
f 715/309/378 708/308/378 714/307/378
f 716/310/626 717/311/626 718/312/626
f 718/312/626 719/313/626 716/310/626
f 720/314/626 716/310/626 719/313/626
f 719/313/626 721/315/626 720/314/626
f 722/316/625 723/317/625 724/318/625
f 724/318/625 725/319/625 722/316/625
f 726/320/625 727/321/625 723/317/625
f 723/317/625 722/316/625 726/320/625
f 725/322/90 724/323/90 718/324/90
f 718/324/90 717/325/90 725/322/90
f 722/326/668 725/327/669 717/328/669
f 717/328/669 716/329/668 722/326/668
f 726/330/670 722/326/668 716/329/668
f 716/329/668 720/331/670 726/330/670
f 723/326/671 727/330/672 721/331/672
f 721/331/672 719/329/671 723/326/671
f 724/327/673 723/326/671 719/329/671
f 719/329/671 718/328/673 724/327/673
f 728/332/626 729/333/626 730/334/626
f 730/334/626 731/335/626 728/332/626
f 732/336/625 733/337/625 734/338/625
f 734/338/625 735/339/625 732/336/625
f 735/332/90 734/333/90 730/334/90
f 730/334/90 729/335/90 735/332/90
f 732/336/362 735/337/362 729/338/362
f 729/338/362 728/339/362 732/336/362
f 733/336/25 732/337/25 728/338/25
f 728/338/25 731/339/25 733/336/25
f 734/340/378 733/341/378 731/342/378
f 731/342/378 730/343/378 734/340/378
f 736/332/626 737/333/626 738/334/626
f 738/334/626 739/335/626 736/332/626
f 740/336/625 741/337/625 742/338/625
f 742/338/625 743/339/625 740/336/625
f 743/332/90 742/333/90 738/334/90
f 738/334/90 737/335/90 743/332/90
f 740/340/362 743/341/362 737/342/362
f 737/342/362 736/343/362 740/340/362
f 741/336/25 740/337/25 736/338/25
f 736/338/25 739/339/25 741/336/25
f 742/336/378 741/337/378 739/338/378
f 739/338/378 738/339/378 742/336/378
f 744/332/626 745/333/626 746/334/626
f 746/334/626 747/335/626 744/332/626
f 748/336/625 749/337/625 750/338/625
f 750/338/625 751/339/625 748/336/625
f 751/332/90 750/333/90 746/334/90
f 746/334/90 745/335/90 751/332/90
f 748/336/362 751/337/362 745/338/362
f 745/338/362 744/339/362 748/336/362
f 749/336/25 748/337/25 744/338/25
f 744/338/25 747/339/25 749/336/25
f 750/340/378 749/341/378 747/342/378
f 747/342/378 746/343/378 750/340/378
f 752/332/626 753/333/626 754/334/626
f 754/334/626 755/335/626 752/332/626
f 756/336/625 757/337/625 758/338/625
f 758/338/625 759/339/625 756/336/625
f 759/332/90 758/333/90 754/334/90
f 754/334/90 753/335/90 759/332/90
f 756/340/362 759/341/362 753/342/362
f 753/342/362 752/343/362 756/340/362
f 757/336/25 756/337/25 752/338/25
f 752/338/25 755/339/25 757/336/25
f 758/336/378 757/337/378 755/338/378
f 755/338/378 754/339/378 758/336/378
f 760/344/626 761/345/626 762/346/626
f 760/344/626 762/346/626 763/347/626
f 760/344/626 763/347/626 764/348/626
f 760/344/626 764/348/626 765/349/626
f 760/344/626 765/349/626 766/350/626
f 760/344/626 766/350/626 767/351/626
f 760/344/626 767/351/626 768/352/626
f 760/344/626 768/352/626 769/353/626
f 760/344/626 769/353/626 770/354/626
f 760/344/626 770/354/626 771/355/626
f 760/344/626 771/355/626 772/356/626
f 760/344/626 772/356/626 773/357/626
f 773/342/674 772/343/674 774/340/674
f 774/340/674 775/341/674 773/342/674
f 772/342/675 771/343/675 776/340/675
f 776/340/675 774/341/675 772/342/675
f 771/342/676 770/343/676 777/340/676
f 777/340/676 776/341/676 771/342/676
f 770/342/677 769/343/677 778/340/677
f 778/340/677 777/341/677 770/342/677
f 769/342/678 768/343/678 779/340/678
f 779/340/678 778/341/678 769/342/678
f 768/342/679 767/343/679 780/340/679
f 780/340/679 779/341/679 768/342/679
f 767/342/680 766/343/680 781/340/680
f 781/340/680 780/341/680 767/342/680
f 766/342/681 765/343/681 782/340/681
f 782/340/681 781/341/681 766/342/681
f 765/342/682 764/343/682 783/340/682
f 783/340/682 782/341/682 765/342/682
f 764/342/683 763/343/683 784/340/683
f 784/340/683 783/341/683 764/342/683
f 763/342/684 762/343/684 785/340/684
f 785/340/684 784/341/684 763/342/684
f 762/342/685 761/343/685 786/340/685
f 786/340/685 785/341/685 762/342/685
f 787/358/625 775/359/625 774/360/625
f 787/358/625 774/360/625 776/361/625
f 787/358/625 776/361/625 777/362/625
f 787/358/625 777/362/625 778/363/625
f 787/358/625 778/363/625 779/364/625
f 787/358/625 779/364/625 780/365/625
f 787/358/625 780/365/625 781/366/625
f 787/358/625 781/366/625 782/367/625
f 787/358/625 782/367/625 783/368/625
f 787/358/625 783/368/625 784/369/625
f 787/358/625 784/369/625 785/370/625
f 787/358/625 785/370/625 786/371/625
f 788/372/626 731/373/626 789/374/626
f 788/372/626 789/374/626 790/375/626
f 788/372/626 790/375/626 791/376/626
f 788/372/626 791/376/626 792/377/626
f 788/372/626 792/377/626 793/378/626
f 788/372/626 793/378/626 794/379/626
f 788/372/626 794/379/626 795/380/626
f 788/372/626 795/380/626 796/381/626
f 788/372/626 796/381/626 797/382/626
f 788/372/626 797/382/626 798/383/626
f 788/372/626 798/383/626 799/384/626
f 788/372/626 799/384/626 736/385/626
f 736/342/674 799/343/674 800/340/674
f 800/340/674 740/341/674 736/342/674
f 799/342/675 798/343/675 801/340/675
f 801/340/675 800/341/675 799/342/675
f 798/342/676 797/343/676 802/340/676
f 802/340/676 801/341/676 798/342/676
f 797/342/677 796/343/677 803/340/677
f 803/340/677 802/341/677 797/342/677
f 796/342/678 795/343/678 804/340/678
f 804/340/678 803/341/678 796/342/678
f 795/342/679 794/343/679 805/340/679
f 805/340/679 804/341/679 795/342/679
f 794/342/680 793/343/680 806/340/680
f 806/340/680 805/341/680 794/342/680
f 793/342/681 792/343/681 807/340/681
f 807/340/681 806/341/681 793/342/681
f 792/342/682 791/343/682 808/340/682
f 808/340/682 807/341/682 792/342/682
f 791/342/683 790/343/683 809/340/683
f 809/340/683 808/341/683 791/342/683
f 790/342/684 789/343/684 810/340/684
f 810/340/684 809/341/684 790/342/684
f 789/342/685 731/343/685 733/340/685
f 733/340/685 810/341/685 789/342/685
f 811/358/625 740/359/625 800/360/625
f 811/358/625 800/360/625 801/361/625
f 811/358/625 801/361/625 802/362/625
f 811/358/625 802/362/625 803/363/625
f 811/358/625 803/363/625 804/364/625
f 811/358/625 804/364/625 805/365/625
f 811/358/625 805/365/625 806/366/625
f 811/358/625 806/366/625 807/367/625
f 811/358/625 807/367/625 808/368/625
f 811/358/625 808/368/625 809/369/625
f 811/358/625 809/369/625 810/370/625
f 811/358/625 810/370/625 733/371/625
f 812/386/626 813/387/626 814/388/626
f 814/388/626 815/389/626 812/386/626
f 816/386/625 817/387/625 818/388/625
f 818/388/625 819/389/625 816/386/625
f 819/390/90 818/391/90 814/392/90
f 814/392/90 813/393/90 819/390/90
f 816/340/362 819/341/362 813/342/362
f 813/342/362 812/343/362 816/340/362
f 817/386/25 816/387/25 812/388/25
f 812/388/25 815/389/25 817/386/25
f 818/340/378 817/341/378 815/342/378
f 815/342/378 814/343/378 818/340/378
f 820/303/625 821/394/625 822/304/625
f 822/304/625 823/302/625 820/303/625
f 824/303/626 825/394/626 826/304/626
f 826/304/626 827/302/626 824/303/626
f 827/395/686 826/396/686 822/397/686
f 822/397/686 821/398/686 827/395/686
f 824/395/362 827/396/362 821/397/362
f 821/397/362 820/398/362 824/395/362
f 825/395/687 824/399/687 820/397/687
f 820/397/687 823/400/687 825/395/687
f 826/395/378 825/399/378 823/397/378
f 823/397/378 822/400/378 826/395/378
f 828/401/626 829/402/626 830/403/626
f 830/403/626 831/404/626 828/401/626
f 832/405/625 833/406/625 834/407/625
f 834/407/625 835/408/625 832/405/625
f 835/401/90 834/402/90 830/403/90
f 830/403/90 829/404/688 835/401/90
f 832/409/362 835/410/362 829/410/362
f 829/410/362 828/409/362 832/409/362
f 833/411/25 832/409/25 828/409/25
f 828/409/25 831/411/25 833/411/25
f 834/412/378 833/413/378 831/414/378
f 831/414/378 830/415/378 834/412/378
f 836/405/689 837/406/689 838/407/689
f 838/407/689 839/408/689 836/405/689
f 837/416/690 836/417/690 840/418/690
f 840/418/690 841/419/690 837/416/690
f 838/420/378 837/421/378 841/422/378
f 839/423/362 840/424/362 836/425/362
f 842/401/691 843/426/692 844/403/693
f 844/403/693 845/404/694 842/401/691
f 846/401/626 842/427/626 845/403/626
f 845/403/626 847/404/626 846/401/626
f 848/405/695 849/428/696 850/407/697
f 850/407/697 851/429/698 848/405/695
f 852/405/625 853/428/625 849/407/625
f 849/407/625 848/430/625 852/405/625
f 851/431/699 850/432/699 844/432/699
f 844/432/699 843/431/699 851/431/699
f 848/412/700 851/433/700 843/414/700
f 843/414/700 842/434/700 848/412/700
f 852/412/701 848/433/701 842/414/701
f 842/414/701 846/434/701 852/412/701
f 853/435/25 852/436/25 846/436/25
f 846/436/25 847/435/25 853/435/25
f 849/437/702 853/438/702 847/439/702
f 847/439/702 845/440/702 849/437/702
f 850/412/703 849/433/703 845/414/703
f 845/414/703 844/434/703 850/412/703
f 854/401/626 855/402/626 856/403/626
f 856/403/626 857/404/626 854/401/626
f 858/405/625 859/406/625 860/407/625
f 860/407/625 861/408/625 858/405/625
f 861/412/90 860/413/90 856/414/90
f 856/414/90 855/415/90 861/412/90
f 858/412/362 861/433/362 855/414/362
f 855/414/362 854/434/362 858/412/362
f 859/412/25 858/433/25 854/414/25
f 854/414/25 857/434/25 859/412/25
f 860/412/378 859/413/378 857/414/378
f 857/414/378 856/415/378 860/412/378
f 862/401/626 863/402/626 864/403/626
f 864/403/626 865/404/626 862/401/626
f 866/405/625 867/406/625 868/407/625
f 868/407/625 869/408/625 866/405/625
f 869/401/90 868/402/90 864/403/90
f 864/403/90 863/404/90 869/401/90
f 866/412/362 869/433/362 863/414/362
f 863/414/362 862/434/362 866/412/362
f 867/441/25 866/442/25 862/442/25
f 862/442/25 865/441/25 867/441/25
f 868/443/378 867/441/378 865/441/378
f 865/441/378 864/443/378 868/443/378
f 870/403/626 831/444/626 871/445/626
f 870/403/626 871/445/626 872/446/626
f 870/403/626 872/446/626 873/447/626
f 870/403/626 873/447/626 874/448/626
f 870/403/626 874/448/626 875/449/626
f 870/403/626 875/449/626 876/450/626
f 870/403/626 876/450/626 877/451/626
f 870/403/626 877/451/626 878/452/626
f 870/403/626 878/452/626 879/453/626
f 870/403/626 879/453/626 880/454/626
f 870/403/626 880/454/626 881/401/626
f 870/403/626 881/401/626 862/455/626
f 870/456/90 862/442/90 866/442/90
f 866/442/90 882/456/90 870/456/90
f 862/414/674 881/415/674 883/412/674
f 883/412/674 866/413/674 862/414/674
f 881/414/675 880/415/675 884/412/675
f 884/412/675 883/413/675 881/414/675
f 880/414/704 879/415/704 885/412/704
f 885/412/704 884/413/704 880/414/704
f 879/414/705 878/434/705 886/412/705
f 886/412/705 885/433/705 879/414/705
f 878/414/678 877/415/678 887/412/678
f 887/412/678 886/413/678 878/414/678
f 877/414/706 876/415/706 888/412/706
f 888/412/706 887/413/706 877/414/706
f 876/414/707 875/434/707 889/412/707
f 889/412/707 888/433/707 876/414/707
f 875/414/681 874/415/681 890/412/681
f 890/412/681 889/413/681 875/414/681
f 874/414/708 873/415/708 891/412/708
f 891/412/708 890/413/708 874/414/708
f 873/414/709 872/434/709 892/412/709
f 892/412/709 891/433/709 873/414/709
f 872/414/684 871/415/684 893/412/684
f 893/412/684 892/413/684 872/414/684
f 871/414/685 831/434/685 833/412/685
f 833/412/685 893/433/685 871/414/685
f 831/411/90 870/456/90 882/456/90
f 882/456/90 833/411/90 831/411/90
f 882/407/625 866/408/625 883/405/625
f 882/407/625 883/405/625 884/457/625
f 882/407/625 884/457/625 885/458/625
f 882/407/625 885/458/625 886/459/625
f 882/407/625 886/459/625 887/460/625
f 882/407/625 887/460/625 888/461/625
f 882/407/625 888/461/625 889/462/625
f 882/407/625 889/462/625 890/463/625
f 882/407/625 890/463/625 891/464/625
f 882/407/625 891/464/625 892/465/625
f 882/407/625 892/465/625 893/466/625
f 882/407/625 893/466/625 833/467/625
f 894/468/710 895/469/710 896/470/710
f 896/470/710 897/471/710 894/468/710
f 898/468/711 894/469/711 897/470/711
f 897/470/711 899/471/711 898/468/711
f 900/468/675 898/469/675 899/470/675
f 899/470/675 901/471/675 900/468/675
f 895/468/681 900/469/681 901/470/681
f 901/470/681 896/471/681 895/468/681
f 902/472/626 903/473/626 904/474/626
f 904/474/626 905/475/626 902/472/626
f 906/472/362 907/473/362 903/474/362
f 903/474/362 902/475/362 906/472/362
f 908/472/25 906/473/25 902/474/25
f 902/474/25 905/475/25 908/472/25
f 909/472/378 908/473/378 905/474/378
f 905/474/378 904/475/378 909/472/378
f 910/468/712 911/469/712 912/470/712
f 912/470/712 913/471/712 910/468/712
f 914/468/712 915/469/712 911/470/712
f 911/470/712 910/471/712 914/468/712
f 916/468/713 917/469/713 915/470/712
f 915/470/712 914/471/712 916/468/713
f 918/468/712 919/469/712 917/470/713
f 917/470/713 916/471/713 918/468/712
f 920/468/712 921/469/712 919/470/712
f 919/470/712 918/471/712 920/468/712
f 922/468/712 923/469/712 921/470/712
f 921/470/712 920/471/712 922/468/712
f 924/468/714 910/469/714 913/470/714
f 913/470/714 925/471/714 924/468/714
f 926/468/715 914/469/715 910/470/715
f 910/470/715 924/471/715 926/468/715
f 927/468/716 916/469/716 914/470/716
f 914/470/716 926/471/716 927/468/716
f 928/468/717 918/469/717 916/470/717
f 916/470/717 927/471/717 928/468/717
f 929/468/718 920/469/718 918/470/718
f 918/470/718 928/471/718 929/468/718
f 930/468/719 922/469/719 920/470/719
f 920/470/719 929/471/719 930/468/719
f 931/468/720 924/469/720 925/470/720
f 925/470/720 932/471/720 931/468/720
f 933/468/720 926/469/720 924/470/720
f 924/470/720 931/471/720 933/468/720
f 934/468/720 927/469/720 926/470/720
f 926/470/720 933/471/720 934/468/720
f 935/468/721 928/469/721 927/470/720
f 927/470/720 934/471/720 935/468/721
f 936/468/720 929/469/720 928/470/720
f 928/470/720 935/471/721 936/468/720
f 937/468/720 930/469/720 929/470/720
f 929/470/720 936/471/720 937/468/720
f 911/468/722 931/469/722 932/470/722
f 932/470/722 912/471/722 911/468/722
f 915/468/723 933/469/723 931/470/723
f 931/470/723 911/471/723 915/468/723
f 917/468/724 934/469/725 933/470/726
f 933/470/726 915/471/726 917/468/724
f 919/468/727 935/469/727 934/470/728
f 934/470/728 917/471/728 919/468/727
f 921/468/729 936/469/729 935/470/730
f 935/470/730 919/471/730 921/468/729
f 923/468/731 937/469/731 936/470/731
f 936/470/731 921/471/731 923/468/731
f 938/468/732 939/469/732 940/470/732
f 940/470/732 941/471/732 938/468/732
f 942/468/733 938/469/733 941/470/733
f 941/470/733 943/471/733 942/468/733
f 944/468/734 942/469/734 943/470/735
f 943/470/735 945/471/735 944/468/734
f 939/468/736 944/469/736 945/470/736
f 945/470/736 940/471/736 939/468/736
f 946/472/626 947/473/626 948/474/626
f 948/474/626 949/475/626 946/472/626
f 950/472/625 951/473/625 952/474/625
f 952/474/625 953/475/625 950/472/625
f 953/472/90 952/473/90 948/474/90
f 948/474/90 947/475/90 953/472/90
f 950/472/362 953/473/362 947/474/362
f 947/474/362 946/475/362 950/472/362
f 952/472/378 951/473/378 949/474/378
f 949/474/378 948/475/378 952/472/378
