# generated by tools/objdedupe/dedupe.py -- do not hand-edit.
# Re-run the tool after touching sssr_2svet_nove.obj, sssr_3svet_nove.obj, sssr_4svet_nove.obj, sssr_5svet_nove.obj, sssr_2se_nove.obj, sssr_3ab_nove.obj, sssr_4ab_nove.obj, sssr_pr_nove.obj, sssr_vl_nove.obj.
o stit_5
v 0.078605 3.847418 0.255089
vt 0.551161 0.206987
vn -0.923900 -0.000000 0.382700
v 0.073974 3.847418 0.243910
vt 0.538616 0.206987
v 0.073974 3.690118 0.243910
vt 0.538616 0.194442
v 0.078605 3.690118 0.255089
vt 0.551161 0.194442
v 0.089784 3.847418 0.250458
vn 0.382700 -0.000000 0.923900
v 0.089784 3.690118 0.250458
v 0.085153 3.847418 0.239279
vn 0.923900 -0.000000 -0.382700
v 0.085153 3.690118 0.239279
vn -0.382700 -0.000000 -0.923900
v 0.093979 3.844725 0.235084
vt 0.495537 0.291593
vn -0.000000 -1.000000 -0.000000
v 0.093979 3.844725 0.259284
vt 0.488327 0.290499
v 0.069779 3.844725 0.259284
vt 0.488327 0.283881
v 0.069779 3.844725 0.235084
vt 0.495537 0.284974
v 0.093979 3.874976 0.235084
vn 1.000000 -0.000000 -0.000000
v 0.093979 3.874976 0.259284
v 0.069779 3.874976 0.235084
vn -0.000000 -0.000000 -1.000000
v 0.069779 3.874976 0.259284
vn -1.000000 -0.000000 -0.000000
v 0.071769 3.653908 0.238851
vn -0.920500 -0.000000 0.390700
v 0.076298 3.650437 0.249521
v 0.078674 3.691939 0.255117
v 0.073946 3.691939 0.243979
v 0.065422 3.619071 0.223898
v 0.069372 3.612423 0.233204
v 0.055437 3.590357 0.200376
vn -0.920500 -0.000100 0.390800
v 0.058477 3.581089 0.207535
v 0.042655 3.570179 0.170262
v 0.044528 3.559069 0.174674
v 0.028148 3.560230 0.136085
v 0.028697 3.548212 0.137378
v 0.013136 3.561348 0.100718
v 0.012315 3.549432 0.098784
v 0.082908 3.653908 0.234123
vn -0.386600 0.144900 -0.910800
v 0.085084 3.691939 0.239251
v 0.076560 3.619071 0.219170
vn -0.354100 0.422600 -0.834300
v 0.066576 3.590357 0.195648
vn -0.291900 0.664800 -0.687600
v 0.053793 3.570179 0.165534
vn -0.205100 0.851100 -0.483200
v 0.039286 3.560230 0.131357
vn -0.101100 0.965900 -0.238300
v 0.024274 3.561348 0.095990
vn 0.011400 0.999600 0.026800
v 0.087437 3.650437 0.244793
vn 0.920500 -0.000000 -0.390700
v 0.089812 3.691939 0.250389
v 0.080510 3.612423 0.228476
v 0.069615 3.581089 0.202808
v 0.055666 3.559069 0.169945
vn 0.920500 -0.000000 -0.390800
v 0.039835 3.548212 0.132651
v 0.023453 3.549432 0.094057
vn 0.386600 -0.144900 0.910800
vn 0.354100 -0.422600 0.834300
vn 0.291900 -0.664800 0.687700
vn 0.291800 -0.664800 0.687700
vn 0.291900 -0.664800 0.687600
vn 0.205200 -0.851100 0.483200
vn 0.205100 -0.851100 0.483300
vn 0.101100 -0.965900 0.238300
vn 0.101200 -0.965900 0.238300
vn 0.101200 -0.965900 0.238200
vn -0.011400 -0.999600 -0.026800
v -0.000639 3.572224 0.037436
vn -0.000000 0.984800 0.173600
v -0.011817 3.571420 0.041996
v 0.015965 3.559773 0.108050
v 0.027144 3.560577 0.103490
v -0.000639 3.560308 0.035335
vn 0.923900 0.066500 -0.376900
v 0.027144 3.548662 0.101389
v -0.011817 3.559504 0.039895
vn -0.000000 -0.984800 -0.173600
vn 0.000100 -0.984800 -0.173700
v 0.015965 3.547857 0.105949
vn -0.923900 -0.066400 0.376900
v 0.009279 3.545790 0.031174
v 0.009279 3.545790 0.067474
v -0.014921 3.545790 0.067474
v -0.014921 3.545790 0.031174
v 0.009279 3.582090 0.031174
vn -0.000000 1.000000 -0.000000
v -0.014921 3.582090 0.031174
v -0.014921 3.582090 0.067474
v 0.009279 3.582090 0.067474
vn -0.000000 -0.000000 1.000000
v 0.066729 4.162703 0.302846
vt 0.501951 0.138730
vn 0.954700 -0.279300 -0.102300
v 0.088548 4.130685 0.593441
vt 0.524630 0.125734
vn 0.977500 -0.192000 -0.087400
v 0.060052 4.147224 0.302846
vt 0.490954 0.127777
vn 0.915500 -0.386500 -0.111800
v 0.084443 4.111708 0.593226
vt 0.524567 0.121438
vn 0.971100 -0.221900 -0.087500
v 0.095173 4.129485 0.684191
vt 0.552241 0.128438
vn 0.959000 -0.275900 -0.065500
v 0.087719 4.111643 0.683976
vt 0.552119 0.124456
vn 0.926300 -0.372100 -0.059000
v 0.099879 4.132884 0.726959
vt 0.560858 0.129333
vn 0.984400 -0.145600 -0.098700
v 0.089339 4.111775 0.696347
vt 0.554618 0.124515
vn 0.947000 -0.297600 -0.120800
vt 0.483413 0.211511
vn -0.227800 -0.763000 0.604900
v 0.099299 4.133057 0.726959
vt 0.528943 0.201384
vn -0.229500 -0.762300 0.605100
vt 0.483353 0.201729
vn -0.395100 -0.689000 0.607600
v 0.088815 4.112077 0.696347
vt 0.528882 0.191602
vn -0.396700 -0.688200 0.607500
vn -0.931100 0.357200 0.074100
v 0.094593 4.129659 0.684191
vn -0.926400 0.365900 0.088900
vn -0.925600 0.367300 0.091300
v 0.087195 4.111946 0.683976
vn -0.917000 0.381600 0.116000
vn -0.920600 0.383600 0.072300
v 0.087968 4.130858 0.593441
vn -0.971700 0.232900 0.040400
vn -0.929900 0.361500 0.067600
v 0.083919 4.112010 0.593226
vn -0.977200 0.209500 0.035400
vn -0.973400 0.208000 0.096000
v 0.066150 4.162877 0.302846
vn -0.914500 0.385300 0.123500
vn -0.971700 0.215200 0.097200
v 0.059528 4.147528 0.302846
vn -0.911000 0.393000 0.124600
v 0.069656 4.179304 0.302846
vt 0.501957 0.142498
vn 0.995300 -0.051400 -0.082100
v 0.092029 4.150877 0.593441
vt 0.535560 0.137820
vn 0.994900 -0.063900 -0.077700
v 0.098589 4.148561 0.684191
vt 0.553811 0.137584
vn 0.997200 -0.047500 -0.058500
v 0.103280 4.151025 0.743074
vt 0.565650 0.138335
vn 0.968400 0.232200 -0.091300
vn -0.039200 -0.659600 0.750600
v 0.102676 4.151060 0.743074
vn -0.041500 -0.659300 0.750700
vn -0.187200 -0.635300 0.749200
vn -0.189900 -0.634800 0.749000
vn -0.990100 0.119600 0.073900
v 0.097984 4.148596 0.684191
vn -0.982800 0.162000 0.089100
vn -0.988500 0.129800 0.077500
vn -0.980000 0.175500 0.093900
vn -0.981500 0.175800 0.075400
v 0.091425 4.150912 0.593441
vn -0.982600 0.170300 0.074200
vn -0.981700 0.174900 0.075200
vn -0.982800 0.169400 0.074000
vn -0.981300 0.169200 0.092100
v 0.069052 4.179338 0.302846
vn -0.980600 0.172700 0.092600
vn -0.981300 0.169300 0.092100
vn -0.980600 0.172900 0.092700
v 0.068676 4.196132 0.302846
vt 0.501895 0.146379
vn 0.981700 0.180300 -0.060400
v 0.091050 4.171992 0.593441
vt 0.535487 0.142687
vn 0.983700 0.169300 -0.060000
v 0.097412 4.167788 0.684191
vt 0.553740 0.142020
vn 0.981000 0.192700 -0.022700
v 0.097270 4.169955 0.756223
vt 0.568125 0.142837
vn 0.904600 0.425100 -0.030900
vn 0.096500 -0.547000 0.831600
v 0.096674 4.169850 0.756223
vn 0.094300 -0.547600 0.831400
vn -0.030600 -0.579700 0.814200
vn -0.033200 -0.580300 0.813700
vn -0.951000 -0.309000 0.007400
v 0.096816 4.167683 0.684191
vn -0.991600 -0.110700 0.067400
vn -0.961500 -0.274200 0.018300
vn -0.994800 -0.060900 0.081800
vn -0.995900 -0.060900 0.067000
v 0.090454 4.171886 0.593441
vn -0.996400 -0.048100 0.070300
vn -0.996000 -0.058800 0.067600
vn -0.996400 -0.046100 0.070800
vn -0.996300 -0.046100 0.072900
v 0.068080 4.196027 0.302846
vn -0.995800 -0.057400 0.071100
vn -0.996300 -0.046600 0.072800
vn -0.995800 -0.058000 0.071000
v 0.063842 4.212281 0.302846
vt 0.501770 0.150166
vn 0.914800 0.402100 -0.038400
v 0.085075 4.191632 0.593441
vt 0.535333 0.147294
vn 0.916700 0.397900 -0.035800
v 0.090699 4.188047 0.684191
vt 0.553572 0.146780
vn 0.896200 0.443700 0.004200
v 0.087475 4.187403 0.762841
vt 0.569235 0.147029
vn 0.830200 0.557100 0.020200
vn 0.125700 -0.289400 0.948900
v 0.086920 4.187162 0.762841
vn 0.124000 -0.290300 0.948900
vn 0.059600 -0.326800 0.943200
vn 0.057900 -0.327900 0.942900
vn -0.877000 -0.478900 -0.039900
v 0.090144 4.187807 0.684191
vn -0.939200 -0.343400 -0.000500
vn -0.889700 -0.455300 -0.032800
vn -0.949200 -0.314700 0.007600
vn -0.948200 -0.314400 0.046300
v 0.084520 4.191392 0.593441
vn -0.954300 -0.294200 0.052400
vn -0.949200 -0.311000 0.047400
vn -0.955300 -0.290600 0.053500
vn -0.955600 -0.290700 0.049200
v 0.063286 4.212041 0.302846
vn -0.956700 -0.286600 0.049800
vn -0.955600 -0.290500 0.049200
vn -0.956800 -0.286400 0.049900
v 0.055413 4.226878 0.302846
vt 0.501588 0.153653
vn 0.797500 0.603100 -0.015700
v 0.074982 4.209257 0.593441
vt 0.535115 0.151502
vn 0.793000 0.609100 -0.013000
v 0.078638 4.205637 0.684191
vt 0.553320 0.151012
vn 0.771600 0.635400 0.028400
v 0.074114 4.203862 0.762841
vt 0.568963 0.151021
vn 0.708300 0.704300 0.047600
vn -0.000100 -0.000000 1.000000
v 0.073629 4.203501 0.762841
vn -0.774400 -0.629900 -0.058800
v 0.078153 4.205276 0.684191
vn -0.816100 -0.576400 -0.041800
vn -0.783000 -0.619600 -0.055400
vn -0.823900 -0.565500 -0.038400
vn -0.824400 -0.565900 0.010600
v 0.074497 4.208896 0.593441
vn -0.861300 -0.507200 0.030600
vn -0.830900 -0.556200 0.014000
vn -0.867300 -0.496600 0.034100
vn -0.867500 -0.496700 0.028300
v 0.054928 4.226517 0.302846
vn -0.865800 -0.499700 0.027800
vn -0.867400 -0.496800 0.028300
vn -0.865700 -0.499800 0.027700
v 0.043846 4.239139 0.302846
vt 0.501359 0.156653
vn 0.637700 0.770200 0.006300
v 0.059676 4.224301 0.593441
vt 0.534815 0.155200
vn 0.610200 0.792200 0.007200
v 0.062316 4.222231 0.684191
vt 0.552998 0.155081
vn 0.590800 0.805700 0.042100
v 0.057557 4.217178 0.762841
vt 0.568646 0.154342
vn 0.568500 0.819400 0.073100
vn -0.000300 -0.000000 1.000000
v 0.057169 4.216715 0.762841
vn -0.623600 -0.776800 -0.087600
v 0.061927 4.221767 0.684191
vn -0.697700 -0.713700 -0.062000
vn -0.640100 -0.763900 -0.082200
vn -0.711700 -0.700200 -0.056700
vn -0.712800 -0.701300 0.004700
v 0.059287 4.223838 0.593441
vn -0.702700 -0.711400 0.000600
vn -0.711000 -0.703200 0.004000
vn -0.700800 -0.713400 -0.000200
vn -0.700800 -0.713400 0.001700
v 0.043457 4.238677 0.302846
vn -0.726100 -0.687500 0.007100
vn -0.701800 -0.712300 0.002000
vn -0.727400 -0.686200 0.007400
v 0.029762 4.248402 0.302846
vt 0.501095 0.159002
vn 0.444700 0.895400 0.023400
v 0.040391 4.235813 0.593441
vt 0.534456 0.158148
vn 0.418000 0.908100 0.026000
v 0.041850 4.232463 0.684191
vt 0.552624 0.157755
vn 0.378200 0.924800 0.042400
v 0.038914 4.227751 0.762841
vt 0.568301 0.157064
vn 0.409900 0.909000 0.076000
vn 0.000100 -0.000000 1.000000
v 0.038643 4.227210 0.762841
vn -0.491700 -0.867900 -0.070400
v 0.041579 4.231922 0.684191
vn -0.452900 -0.887800 -0.081900
vn -0.483500 -0.872300 -0.072800
vn -0.445000 -0.891600 -0.084200
vn -0.446400 -0.894500 -0.025800
v 0.040119 4.235272 0.593441
vn -0.502100 -0.864800 -0.008000
vn -0.456800 -0.889300 -0.022600
vn -0.512300 -0.858800 -0.004700
vn -0.512200 -0.858700 -0.018500
v 0.029490 4.247862 0.302846
vn -0.547600 -0.836700 -0.013000
vn -0.513600 -0.857800 -0.018200
vn -0.549400 -0.835500 -0.012700
v 0.013922 4.254168 0.302846
vt 0.500811 0.160577
vn 0.228100 0.973000 0.034200
v 0.019744 4.242750 0.593441
vt 0.534087 0.160067
vn 0.211600 0.976700 0.036000
v 0.020510 4.239096 0.684191
vt 0.552243 0.159615
vn 0.199100 0.979000 0.043000
v 0.018188 4.235123 0.762841
vt 0.567930 0.159084
vn 0.230800 0.971100 0.060600
v 0.018048 4.234535 0.762841
vn -0.334600 -0.940600 -0.057400
v 0.020370 4.238508 0.684191
vn -0.302500 -0.950800 -0.066300
vn -0.327900 -0.942900 -0.059300
vn -0.295900 -0.952800 -0.068100
vn -0.296400 -0.954400 -0.035900
v 0.019605 4.242160 0.593441
vn -0.314800 -0.948700 -0.030800
vn -0.299700 -0.953400 -0.035000
vn -0.318200 -0.947600 -0.029900
vn -0.318200 -0.947500 -0.030900
v 0.013782 4.253580 0.302846
vn -0.340800 -0.939700 -0.028300
vn -0.319000 -0.947200 -0.030800
vn -0.341900 -0.939300 -0.028200
v -0.002821 4.256124 0.302846
vt 0.500520 0.161290
vn 0.116000 0.992500 0.037800
v -0.002838 4.245062 0.593441
vt 0.533697 0.160954
vn 0.102000 0.994000 0.039300
v -0.002827 4.241259 0.684191
vt 0.551841 0.160480
vn 0.093000 0.994800 0.040700
v -0.002821 4.237963 0.762841
vt 0.567565 0.160068
vn 0.126200 0.990700 0.051700
v -0.002821 4.237358 0.762841
vn -0.133900 -0.990100 -0.041500
v -0.002827 4.240654 0.684191
vn -0.099000 -0.993800 -0.051000
vn -0.126300 -0.991000 -0.043600
vn -0.092000 -0.994400 -0.052900
vn -0.092000 -0.994900 -0.041700
v -0.002838 4.244456 0.593441
vn -0.100100 -0.994200 -0.039500
vn -0.093500 -0.994800 -0.041300
vn -0.101700 -0.994000 -0.039100
vn -0.101700 -0.994100 -0.037900
v -0.002821 4.255520 0.302846
vn -0.115300 -0.992700 -0.036700
vn -0.102200 -0.994000 -0.037800
vn -0.116000 -0.992600 -0.036700
v -0.019424 4.253580 0.302846
v -0.019564 4.254168 0.302846
vn -0.939600 -0.340200 0.037300
v 0.087457 4.111796 0.669928
vn -0.986600 -0.159100 0.035900
vn -0.501400 0.865000 0.018700
vn -0.187900 0.982100 0.014100
vn -0.498400 -0.866200 0.035000
vn -0.986600 -0.159100 0.036000
vn -0.001200 -0.999900 0.010700
vn -0.986600 -0.159000 0.035900
vn -0.204300 -0.978900 0.006700
vn -0.986600 -0.159200 0.035900
vn 0.952400 0.301800 -0.043100
vn -0.499800 -0.864900 -0.046100
vn -0.986600 -0.159000 0.036100
v -0.094190 4.130685 0.593441
vn -0.977500 -0.192000 -0.087400
v -0.072371 4.162703 0.302846
vn -0.954700 -0.279300 -0.102300
v -0.065694 4.147224 0.302846
vn -0.915500 -0.386500 -0.111800
v -0.090085 4.111708 0.593226
vn -0.971100 -0.221900 -0.087500
v -0.100815 4.129485 0.684191
vn -0.959000 -0.275900 -0.065500
v -0.093361 4.111643 0.683976
vn -0.926300 -0.372100 -0.059000
v -0.105521 4.132884 0.726959
vn -0.984400 -0.145600 -0.098700
v -0.094981 4.111775 0.696347
vn -0.947000 -0.297600 -0.120800
v -0.104941 4.133057 0.726959
vn 0.229500 -0.762300 0.605100
vn 0.227800 -0.763000 0.604900
vn 0.395500 -0.689000 0.607300
v -0.094457 4.112077 0.696347
vn 0.396700 -0.688100 0.607500
v -0.100235 4.129659 0.684191
vn 0.926400 0.365900 0.088900
vn 0.931100 0.357200 0.074100
vn 0.925600 0.367300 0.091300
v -0.092837 4.111946 0.683976
vn 0.917000 0.381600 0.116000
v -0.093610 4.130858 0.593441
vn 0.971700 0.232900 0.040400
vn 0.920600 0.383600 0.072300
vn 0.929900 0.361500 0.067600
v -0.089561 4.112010 0.593226
vn 0.977200 0.209500 0.035400
v -0.071792 4.162877 0.302846
vn 0.914500 0.385300 0.123500
vn 0.973400 0.208000 0.096000
vn 0.971700 0.215200 0.097200
v -0.065170 4.147528 0.302846
vn 0.911000 0.393000 0.124600
v -0.097671 4.150877 0.593441
vn -0.994900 -0.063900 -0.077700
v -0.075298 4.179304 0.302846
vn -0.995300 -0.051400 -0.082100
v -0.104231 4.148561 0.684191
vn -0.997200 -0.047500 -0.058500
v -0.108922 4.151025 0.743074
vn -0.968400 0.232200 -0.091300
v -0.108318 4.151060 0.743074
vn 0.041400 -0.659300 0.750700
vn 0.039200 -0.659600 0.750600
vn 0.187300 -0.635300 0.749200
vn 0.190000 -0.634700 0.749000
v -0.103626 4.148596 0.684191
vn 0.982800 0.162000 0.089100
vn 0.990100 0.119600 0.073900
vn 0.988500 0.129800 0.077500
vn 0.980000 0.175500 0.093900
v -0.097067 4.150912 0.593441
vn 0.982600 0.170300 0.074200
vn 0.981500 0.175800 0.075400
vn 0.981700 0.174900 0.075200
vn 0.982800 0.169400 0.074000
v -0.074694 4.179338 0.302846
vn 0.980600 0.172700 0.092600
vn 0.981300 0.169200 0.092100
vn 0.981300 0.169300 0.092100
vn 0.980600 0.172900 0.092700
v -0.096692 4.171992 0.593441
vn -0.983700 0.169300 -0.060000
v -0.074318 4.196132 0.302846
vn -0.981700 0.180300 -0.060400
v -0.103054 4.167788 0.684191
vn -0.981000 0.192700 -0.022700
v -0.102912 4.169955 0.756223
vn -0.904600 0.425100 -0.030900
v -0.102316 4.169850 0.756223
vn -0.094300 -0.547600 0.831400
vn -0.096500 -0.547000 0.831600
vn 0.030600 -0.579700 0.814300
vn 0.033100 -0.580300 0.813800
v -0.102458 4.167683 0.684191
vn 0.991600 -0.110700 0.067400
vn 0.951000 -0.309000 0.007400
vn 0.961500 -0.274200 0.018300
vn 0.994800 -0.060900 0.081800
v -0.096096 4.171886 0.593441
vn 0.996400 -0.048100 0.070300
vn 0.995900 -0.060900 0.067000
vn 0.996000 -0.058800 0.067600
vn 0.996400 -0.046100 0.070800
v -0.073722 4.196027 0.302846
vn 0.995800 -0.057400 0.071100
vn 0.996300 -0.046100 0.072900
vn 0.996300 -0.046600 0.072800
vn 0.995800 -0.058000 0.071000
v -0.090717 4.191632 0.593441
vn -0.916700 0.397900 -0.035800
v -0.069484 4.212281 0.302846
vn -0.914800 0.402100 -0.038400
v -0.096341 4.188047 0.684191
vn -0.896200 0.443700 0.004200
v -0.093117 4.187403 0.762841
vn -0.830200 0.557100 0.020200
v -0.092562 4.187162 0.762841
vn -0.124100 -0.290300 0.948900
vn -0.125700 -0.289400 0.948900
vn -0.059400 -0.327000 0.943200
vn -0.057800 -0.327900 0.943000
v -0.095786 4.187807 0.684191
vn 0.939200 -0.343400 -0.000500
vn 0.877000 -0.478900 -0.039900
vn 0.889700 -0.455300 -0.032800
vn 0.949200 -0.314700 0.007600
v -0.090162 4.191392 0.593441
vn 0.954300 -0.294200 0.052400
vn 0.948200 -0.314400 0.046300
vn 0.949200 -0.311000 0.047400
vn 0.955300 -0.290600 0.053500
v -0.068928 4.212041 0.302846
vn 0.956700 -0.286600 0.049800
vn 0.955600 -0.290700 0.049200
vn 0.955600 -0.290500 0.049200
vn 0.956800 -0.286400 0.049900
v -0.080624 4.209257 0.593441
vn -0.793000 0.609100 -0.013000
v -0.061055 4.226878 0.302846
vn -0.797500 0.603100 -0.015700
v -0.084280 4.205637 0.684191
vn -0.771600 0.635400 0.028400
v -0.079756 4.203862 0.762841
vn -0.708300 0.704300 0.047600
v -0.079271 4.203501 0.762841
v -0.083795 4.205276 0.684191
vn 0.816100 -0.576400 -0.041800
vn 0.774400 -0.629900 -0.058800
vn 0.783000 -0.619600 -0.055400
vn 0.823900 -0.565500 -0.038400
v -0.080139 4.208896 0.593441
vn 0.861300 -0.507200 0.030600
vn 0.824400 -0.565900 0.010600
vn 0.830900 -0.556200 0.014000
vn 0.867300 -0.496600 0.034100
v -0.060570 4.226517 0.302846
vn 0.865800 -0.499700 0.027800
vn 0.867500 -0.496700 0.028300
vn 0.867400 -0.496800 0.028300
vn 0.865700 -0.499800 0.027700
v -0.065318 4.224301 0.593441
vn -0.610200 0.792200 0.007200
v -0.049488 4.239139 0.302846
vn -0.637700 0.770200 0.006300
v -0.067958 4.222231 0.684191
vn -0.590800 0.805700 0.042100
v -0.063199 4.217178 0.762841
vn -0.568500 0.819400 0.073100
v -0.062811 4.216715 0.762841
vn 0.000300 -0.000000 1.000000
v -0.067569 4.221767 0.684191
vn 0.697700 -0.713700 -0.062000
vn 0.623600 -0.776800 -0.087600
vn 0.640100 -0.763900 -0.082200
vn 0.711700 -0.700200 -0.056700
v -0.064929 4.223838 0.593441
vn 0.702700 -0.711400 0.000600
vn 0.712800 -0.701300 0.004700
vn 0.711000 -0.703200 0.004000
vn 0.700800 -0.713400 -0.000200
v -0.049099 4.238677 0.302846
vn 0.726100 -0.687500 0.007100
vn 0.700800 -0.713400 0.001700
vn 0.701800 -0.712300 0.002000
vn 0.727400 -0.686200 0.007400
v -0.046033 4.235813 0.593441
vn -0.418000 0.908100 0.026000
v -0.035404 4.248402 0.302846
vn -0.444700 0.895400 0.023400
v -0.047492 4.232463 0.684191
vn -0.378200 0.924800 0.042400
v -0.044556 4.227751 0.762841
vn -0.409900 0.909000 0.076000
v -0.044285 4.227210 0.762841
vn 0.000100 0.000300 1.000000
v -0.047221 4.231922 0.684191
vn 0.452900 -0.887800 -0.081900
vn 0.491700 -0.867900 -0.070400
vn 0.483500 -0.872300 -0.072800
vn 0.445000 -0.891600 -0.084200
v -0.045761 4.235272 0.593441
vn 0.502100 -0.864800 -0.008000
vn 0.446400 -0.894500 -0.025800
vn 0.456800 -0.889300 -0.022600
vn 0.512300 -0.858800 -0.004700
v -0.035132 4.247862 0.302846
vn 0.547600 -0.836700 -0.013000
vn 0.512200 -0.858700 -0.018500
vn 0.513600 -0.857800 -0.018200
vn 0.549400 -0.835500 -0.012700
v -0.025386 4.242750 0.593441
vn -0.211600 0.976700 0.036000
vn -0.228100 0.973000 0.034200
v -0.026152 4.239096 0.684191
vn -0.199100 0.979000 0.043000
v -0.023830 4.235123 0.762841
vn -0.230800 0.971100 0.060600
v -0.023690 4.234535 0.762841
v -0.026012 4.238508 0.684191
vn 0.302500 -0.950800 -0.066300
vn 0.334600 -0.940600 -0.057400
vn 0.327900 -0.942900 -0.059300
vn 0.295900 -0.952800 -0.068100
v -0.025247 4.242160 0.593441
vn 0.314800 -0.948700 -0.030800
vn 0.296400 -0.954400 -0.035900
vn 0.299700 -0.953400 -0.035000
vn 0.318200 -0.947600 -0.029900
vn 0.340800 -0.939700 -0.028300
vn 0.318200 -0.947500 -0.030900
vn 0.319000 -0.947200 -0.030800
vn 0.341900 -0.939300 -0.028200
v -0.002804 4.245062 0.593441
vn -0.102000 0.994000 0.039300
vn -0.116000 0.992500 0.037800
v -0.002815 4.241259 0.684191
vn -0.093000 0.994800 0.040700
vn -0.126200 0.990700 0.051700
v -0.002815 4.240654 0.684191
vn 0.099000 -0.993800 -0.051000
vn 0.133900 -0.990100 -0.041500
vn 0.126300 -0.991000 -0.043600
vn 0.092000 -0.994400 -0.052900
v -0.002804 4.244456 0.593441
vn 0.100100 -0.994200 -0.039500
vn 0.092000 -0.994900 -0.041700
vn 0.093500 -0.994800 -0.041300
vn 0.101700 -0.994000 -0.039100
vn 0.115300 -0.992700 -0.036700
vn 0.101700 -0.994100 -0.037900
vn 0.102200 -0.994000 -0.037800
vn 0.116000 -0.992600 -0.036700
vn 0.939600 -0.340200 0.037300
v -0.093099 4.111796 0.669928
vn 0.986600 -0.159400 0.035900
vn 0.502000 0.864700 0.018700
vn 0.986600 -0.159400 0.035800
vn 0.187700 0.982100 0.014100
vn 0.498500 -0.866200 0.034900
vn 0.001200 -0.999900 0.010700
vn 0.986600 -0.159300 0.035900
vn 0.204600 -0.978800 0.006700
vn -0.952400 0.301800 -0.043100
vn 0.499800 -0.864900 -0.046100
vn 0.986600 -0.159300 0.036000
v 0.067009 4.168682 0.308896
vt 0.865225 0.298780
v 0.068569 4.183525 0.308896
vt 0.867078 0.323986
v -0.002821 4.183525 0.308896
vt 0.782247 0.323986
v 0.062397 4.154488 0.308896
vt 0.859744 0.274677
v 0.054935 4.141562 0.308896
vt 0.850878 0.252727
v 0.044948 4.130472 0.308896
vt 0.839011 0.233891
v 0.032874 4.121698 0.308896
vt 0.824662 0.218995
v 0.019240 4.115629 0.308896
vt 0.808461 0.208686
v 0.004641 4.112526 0.308896
vt 0.791113 0.203416
v -0.010283 4.112526 0.308896
vt 0.773379 0.203416
v -0.024882 4.115629 0.308896
vt 0.756033 0.208686
v -0.038516 4.121698 0.308896
vt 0.739831 0.218995
v -0.050590 4.130472 0.308896
vt 0.725483 0.233891
v -0.060577 4.141562 0.308896
vt 0.713616 0.252727
v -0.068039 4.154488 0.308896
vt 0.704748 0.274677
v -0.072651 4.168682 0.308896
vt 0.699269 0.298780
v -0.074211 4.183525 0.308896
vt 0.697414 0.323986
v -0.072651 4.198368 0.308896
vt 0.699269 0.349192
v -0.068039 4.212562 0.308896
vt 0.704748 0.373298
v -0.060577 4.225487 0.308896
vt 0.713616 0.395245
v -0.050590 4.236579 0.308896
vt 0.725483 0.414081
v -0.038516 4.245350 0.308896
vt 0.739831 0.428977
v -0.024882 4.251421 0.308896
vt 0.756033 0.439287
v -0.010283 4.254524 0.308896
vt 0.773379 0.444557
v 0.004641 4.254524 0.308896
vt 0.791113 0.444557
v 0.019240 4.251421 0.308896
vt 0.808461 0.439287
v 0.032874 4.245350 0.308896
vt 0.824662 0.428977
v 0.044948 4.236579 0.308896
vt 0.839011 0.414081
v 0.054935 4.225487 0.308896
vt 0.850878 0.395245
v 0.062397 4.212562 0.308896
vt 0.859744 0.373295
v 0.067009 4.198368 0.308896
vt 0.865225 0.349192
v 0.067009 4.168682 0.302846
vt 0.515258 0.284845
vn 0.978100 -0.207900 -0.000000
v 0.068569 4.183525 0.302846
vt 0.515118 0.282841
v 0.062397 4.154488 0.302846
vt 0.515673 0.286761
vn 0.913500 -0.406700 -0.000000
v 0.054935 4.141562 0.302846
vt 0.516344 0.288507
vn 0.809000 -0.587800 -0.000000
v 0.044948 4.130472 0.302846
vt 0.517241 0.290004
vn 0.669100 -0.743100 -0.000000
v 0.032874 4.121698 0.302846
vt 0.518327 0.291188
vn 0.500000 -0.866000 -0.000000
v 0.019240 4.115629 0.302846
vt 0.519553 0.292008
vn 0.309000 -0.951100 -0.000000
v 0.004641 4.112526 0.302846
vt 0.520865 0.292427
vn 0.104500 -0.994500 -0.000000
v -0.010283 4.112526 0.302846
vt 0.522207 0.292427
vn -0.104500 -0.994500 -0.000000
v -0.024882 4.115629 0.302846
vt 0.523520 0.292008
vn -0.309000 -0.951100 -0.000000
v -0.038516 4.121698 0.302846
vt 0.524746 0.291188
vn -0.500000 -0.866000 -0.000000
v -0.050590 4.130472 0.302846
vt 0.525831 0.290004
vn -0.669100 -0.743100 -0.000000
v -0.060577 4.141562 0.302846
vt 0.526729 0.288507
vn -0.809000 -0.587800 -0.000000
v -0.068039 4.154488 0.302846
vt 0.527400 0.286761
vn -0.913500 -0.406700 -0.000000
v -0.072651 4.168682 0.302846
vt 0.527815 0.284845
vn -0.978100 -0.207900 -0.000000
v -0.074211 4.183525 0.302846
vt 0.527955 0.282841
v -0.072651 4.198368 0.302846
vt 0.527815 0.280837
vn -0.978100 0.207900 -0.000000
v -0.068039 4.212562 0.302846
vt 0.527400 0.278921
vn -0.913500 0.406700 -0.000000
v -0.060577 4.225487 0.302846
vt 0.526729 0.277176
vn -0.809000 0.587800 -0.000000
v -0.050590 4.236579 0.302846
vt 0.525831 0.275678
vn -0.669100 0.743200 -0.000000
v -0.038516 4.245350 0.302846
vt 0.524746 0.274494
vn -0.500000 0.866000 -0.000000
v -0.024882 4.251421 0.302846
vt 0.523520 0.273674
vn -0.309000 0.951100 -0.000000
vn -0.309000 0.951000 -0.000000
v -0.010283 4.254524 0.302846
vt 0.522207 0.273255
vn -0.104500 0.994500 -0.000000
v 0.004641 4.254524 0.302846
vt 0.520865 0.273255
vn 0.104500 0.994500 -0.000000
v 0.019240 4.251421 0.302846
vt 0.519553 0.273674
vn 0.309000 0.951000 -0.000000
vn 0.309000 0.951100 -0.000000
v 0.032874 4.245350 0.302846
vt 0.518327 0.274494
vn 0.500000 0.866000 -0.000000
v 0.044948 4.236579 0.302846
vt 0.517241 0.275678
vn 0.669100 0.743200 -0.000000
v 0.054935 4.225487 0.302846
vt 0.516344 0.277176
vn 0.809000 0.587800 -0.000000
v 0.062397 4.212562 0.302846
vt 0.515673 0.278921
vn 0.913500 0.406700 -0.000000
v 0.067009 4.198368 0.302846
vt 0.515258 0.280837
vn 0.978100 0.207900 -0.000000
v -0.002821 4.183525 0.302846
vt 0.521536 0.282841
v -0.212096 4.098345 0.291887
vt 0.556754 0.325107
vn -0.128500 0.968100 -0.214900
v -0.217732 4.098082 0.294071
vt 0.556512 0.332968
v -0.098880 4.180393 0.593835
vt 0.541617 0.325107
v -0.104516 4.180130 0.596019
vt 0.541374 0.332968
v -0.102184 4.162558 0.599920
vn 0.128800 -0.968100 0.214900
v -0.215400 4.080510 0.297971
vn 0.128500 -0.968100 0.214900
v -0.096548 4.162821 0.597735
v -0.209764 4.080772 0.295787
vn 0.340100 0.246600 0.907500
vn 0.340300 0.246600 0.907400
vn 0.340200 0.246600 0.907500
vn -0.931500 -0.043500 0.361100
vn 0.931500 0.043500 -0.361100
v 0.215534 4.098825 0.295361
vn 0.049900 0.968100 -0.245400
v 0.209899 4.098563 0.293177
v 0.095662 4.180874 0.594729
v 0.090027 4.180611 0.592545
v 0.089120 4.163040 0.596998
vn -0.049900 -0.968100 0.245300
v 0.208993 4.080991 0.297630
vn -0.049900 -0.968100 0.245400
v 0.094756 4.163303 0.599183
v 0.214628 4.081254 0.299814
vn -0.360200 0.246600 0.899700
vn -0.360300 0.246600 0.899700
vn -0.360300 0.246600 0.899600
vn -0.931500 -0.043500 -0.361100
vn -0.931500 -0.043400 -0.361100
vn 0.931500 0.043500 0.361100
v 0.066729 3.978178 0.302846
v 0.088548 3.946160 0.593441
v 0.060052 3.962700 0.302846
v 0.084443 3.927183 0.593226
v 0.095173 3.944961 0.684191
v 0.087719 3.927119 0.683976
v 0.099879 3.948359 0.726959
v 0.089339 3.927250 0.696347
vn 0.947000 -0.297600 -0.120900
vn -0.228600 -0.762900 0.604800
v 0.099299 3.948533 0.726959
vn -0.230600 -0.762100 0.605000
vn -0.396000 -0.688500 0.607500
v 0.088815 3.927553 0.696347
vn -0.397600 -0.687900 0.607300
v 0.094593 3.945134 0.684191
v 0.087195 3.927422 0.683976
vn -0.920600 0.383700 0.072300
v 0.087968 3.946334 0.593441
v 0.083919 3.927485 0.593226
v 0.066150 3.978352 0.302846
v 0.059528 3.963002 0.302846
v 0.069656 3.994779 0.302846
v 0.092029 3.966352 0.593441
v 0.098589 3.964036 0.684191
v 0.103280 3.966500 0.743074
vn 0.968400 0.232100 -0.091300
vn -0.037800 -0.659600 0.750700
v 0.102676 3.966535 0.743074
vn -0.040100 -0.659300 0.750800
vn -0.188600 -0.635200 0.749000
vn -0.191100 -0.634600 0.748800
v 0.097984 3.964071 0.684191
v 0.091425 3.966387 0.593441
v 0.069052 3.994814 0.302846
vn -0.981200 0.169300 0.092100
v 0.068676 4.011607 0.302846
v 0.091050 3.987467 0.593441
v 0.097412 3.983264 0.684191
vn 0.981000 0.192800 -0.022700
v 0.097270 3.985431 0.756223
v 0.096674 3.985326 0.756223
vn -0.030500 -0.579700 0.814300
vn -0.033000 -0.580200 0.813800
v 0.096816 3.983158 0.684191
v 0.090454 3.987362 0.593441
v 0.068080 4.011502 0.302846
v 0.063842 4.027756 0.302846
v 0.085075 4.007107 0.593441
v 0.090699 4.003522 0.684191
v 0.087475 4.002878 0.762841
vn 0.125300 -0.289600 0.948900
v 0.086920 4.002638 0.762841
vn 0.059400 -0.327000 0.943100
v 0.090144 4.003282 0.684191
v 0.084520 4.006867 0.593441
vn -0.955500 -0.290700 0.049200
v 0.063286 4.027515 0.302846
v 0.055413 4.042354 0.302846
vn 0.797600 0.603000 -0.015700
v 0.074982 4.024732 0.593441
v 0.078638 4.021112 0.684191
v 0.074114 4.019337 0.762841
v 0.073629 4.018976 0.762841
vn -0.774400 -0.630000 -0.058800
v 0.078153 4.020751 0.684191
v 0.074497 4.024371 0.593441
v 0.054928 4.041993 0.302846
v 0.043846 4.054615 0.302846
v 0.059676 4.039777 0.593441
vn 0.610100 0.792300 0.007200
v 0.062316 4.037705 0.684191
v 0.057557 4.032654 0.762841
v 0.057169 4.032191 0.762841
v 0.061927 4.037242 0.684191
vn -0.697700 -0.713700 -0.061900
v 0.059287 4.039313 0.593441
v 0.043457 4.054152 0.302846
v 0.029762 4.063878 0.302846
vn 0.444700 0.895400 0.023500
v 0.040391 4.051287 0.593441
v 0.041850 4.047937 0.684191
v 0.038914 4.043226 0.762841
vn 0.409800 0.909000 0.075900
v 0.038643 4.042685 0.762841
vn -0.491600 -0.867900 -0.070400
v 0.041579 4.047397 0.684191
v 0.040119 4.050747 0.593441
v 0.029490 4.063336 0.302846
v 0.013922 4.069643 0.302846
v 0.019744 4.058225 0.593441
v 0.020510 4.054572 0.684191
v 0.018188 4.050598 0.762841
vn 0.230900 0.971100 0.060600
v 0.018048 4.050010 0.762841
vn -0.334500 -0.940600 -0.057400
v 0.020370 4.053983 0.684191
v 0.019605 4.057636 0.593441
vn -0.314900 -0.948600 -0.030800
vn -0.318200 -0.947500 -0.029900
v 0.013782 4.069054 0.302846
vn -0.340700 -0.939700 -0.028300
vn -0.319100 -0.947200 -0.030800
v -0.002821 4.071599 0.302846
v -0.002838 4.060537 0.593441
v -0.002827 4.056734 0.684191
vn 0.092900 0.994800 0.040700
v -0.002821 4.053439 0.762841
v -0.002821 4.052834 0.762841
vn -0.134000 -0.990100 -0.041500
v -0.002827 4.056130 0.684191
vn -0.126400 -0.991000 -0.043600
vn -0.092000 -0.994300 -0.052900
vn -0.092100 -0.994900 -0.041700
v -0.002838 4.059932 0.593441
vn -0.100200 -0.994200 -0.039600
vn -0.093600 -0.994800 -0.041300
vn -0.101700 -0.994000 -0.039200
v -0.002821 4.070994 0.302846
vn -0.115300 -0.992600 -0.036700
v -0.019424 4.069054 0.302846
v -0.019564 4.069643 0.302846
v 0.087457 3.927270 0.669928
vn -0.986700 -0.158200 0.036000
vn -0.500200 0.865700 0.018700
vn -0.986800 -0.158200 0.036000
vn -0.187700 0.982100 0.014100
vn -0.986800 -0.158200 0.035900
vn -0.499500 -0.865600 0.035000
vn -0.986800 -0.158200 0.036100
vn -0.001400 -0.999900 0.010800
vn -0.986800 -0.158100 0.036100
vn -0.204900 -0.978800 0.006700
vn -0.986700 -0.158200 0.035900
vn -0.986700 -0.158300 0.036000
vn -0.498100 -0.865900 -0.046300
v -0.094190 3.946160 0.593441
v -0.072371 3.978178 0.302846
v -0.065694 3.962700 0.302846
v -0.090085 3.927183 0.593226
v -0.100815 3.944961 0.684191
v -0.093361 3.927119 0.683976
v -0.105521 3.948359 0.726959
v -0.094981 3.927250 0.696347
vn -0.947000 -0.297600 -0.120900
v -0.104941 3.948533 0.726959
vn 0.230200 -0.762300 0.604900
vn 0.228900 -0.762800 0.604800
vn 0.396000 -0.688500 0.607500
v -0.094457 3.927553 0.696347
vn 0.397700 -0.687600 0.607500
v -0.100235 3.945134 0.684191
v -0.092837 3.927422 0.683976
v -0.093610 3.946334 0.593441
vn 0.920600 0.383700 0.072300
v -0.089561 3.927485 0.593226
v -0.071792 3.978352 0.302846
v -0.065170 3.963002 0.302846
v -0.097671 3.966352 0.593441
v -0.075298 3.994779 0.302846
v -0.104231 3.964036 0.684191
v -0.108922 3.966500 0.743074
vn -0.968400 0.232100 -0.091300
v -0.108318 3.966535 0.743074
vn 0.040200 -0.659300 0.750800
vn 0.037800 -0.659600 0.750700
vn 0.188700 -0.635200 0.748900
vn 0.191200 -0.634600 0.748800
v -0.103626 3.964071 0.684191
v -0.097067 3.966387 0.593441
v -0.074694 3.994814 0.302846
vn 0.981200 0.169300 0.092100
v -0.096692 3.987467 0.593441
v -0.074318 4.011607 0.302846
v -0.103054 3.983264 0.684191
vn -0.981000 0.192800 -0.022700
v -0.102912 3.985431 0.756223
v -0.102316 3.985326 0.756223
vn -0.096500 -0.546900 0.831600
vn 0.030400 -0.579700 0.814300
vn 0.033000 -0.580200 0.813800
v -0.102458 3.983158 0.684191
v -0.096096 3.987362 0.593441
v -0.073722 4.011502 0.302846
v -0.090717 4.007107 0.593441
v -0.069484 4.027756 0.302846
v -0.096341 4.003522 0.684191
v -0.093117 4.002878 0.762841
v -0.092562 4.002638 0.762841
vn -0.124000 -0.290300 0.948900
vn -0.125300 -0.289600 0.948900
vn -0.059400 -0.327000 0.943100
v -0.095786 4.003282 0.684191
v -0.090162 4.006867 0.593441
v -0.068928 4.027515 0.302846
vn 0.955500 -0.290700 0.049200
v -0.080624 4.024732 0.593441
v -0.061055 4.042354 0.302846
vn -0.797600 0.603000 -0.015700
v -0.084280 4.021112 0.684191
v -0.079756 4.019337 0.762841
v -0.079271 4.018976 0.762841
v -0.083795 4.020751 0.684191
vn 0.774400 -0.630000 -0.058800
v -0.080139 4.024371 0.593441
v -0.060570 4.041993 0.302846
v -0.065318 4.039777 0.593441
vn -0.610100 0.792300 0.007200
v -0.049488 4.054615 0.302846
v -0.067958 4.037705 0.684191
v -0.063199 4.032654 0.762841
v -0.062811 4.032191 0.762841
v -0.067569 4.037242 0.684191
vn 0.697700 -0.713700 -0.061900
v -0.064929 4.039313 0.593441
v -0.049099 4.054152 0.302846
v -0.046033 4.051287 0.593441
v -0.035404 4.063878 0.302846
vn -0.444700 0.895400 0.023500
v -0.047492 4.047937 0.684191
v -0.044556 4.043226 0.762841
vn -0.409800 0.909000 0.075900
v -0.044285 4.042685 0.762841
v -0.047221 4.047397 0.684191
vn 0.491600 -0.867900 -0.070400
v -0.045761 4.050747 0.593441
v -0.035132 4.063336 0.302846
v -0.025386 4.058225 0.593441
v -0.026152 4.054572 0.684191
v -0.023830 4.050598 0.762841
vn -0.230900 0.971100 0.060600
v -0.023690 4.050010 0.762841
v -0.026012 4.053983 0.684191
vn 0.334500 -0.940600 -0.057400
v -0.025247 4.057636 0.593441
vn 0.314900 -0.948600 -0.030800
vn 0.318200 -0.947500 -0.029900
vn 0.340700 -0.939700 -0.028300
vn 0.319100 -0.947200 -0.030800
v -0.002804 4.060537 0.593441
v -0.002815 4.056734 0.684191
vn -0.092900 0.994800 0.040700
v -0.002815 4.056130 0.684191
vn 0.134000 -0.990100 -0.041500
vn 0.126400 -0.991000 -0.043600
vn 0.092000 -0.994300 -0.052900
v -0.002804 4.059932 0.593441
vn 0.100200 -0.994200 -0.039600
vn 0.092100 -0.994900 -0.041700
vn 0.093600 -0.994800 -0.041300
vn 0.101700 -0.994000 -0.039200
vn 0.115300 -0.992600 -0.036700
v -0.093099 3.927270 0.669928
vn 0.986700 -0.158700 0.036000
vn 0.500700 0.865400 0.018700
vn 0.986700 -0.158600 0.036000
vn 0.986700 -0.158600 0.036100
vn 0.499400 -0.865700 0.035000
vn 0.001400 -0.999900 0.010800
vn 0.986700 -0.158600 0.035900
vn 0.498100 -0.865900 -0.046300
vn 0.986700 -0.158500 0.036000
v 0.067009 3.984157 0.308896
v 0.068569 3.999000 0.308896
v -0.002821 3.999000 0.308896
v 0.062397 3.969963 0.308896
v 0.054935 3.957038 0.308896
v 0.044948 3.945947 0.308896
v 0.032874 3.937175 0.308896
v 0.019240 3.931104 0.308896
v 0.004641 3.928001 0.308896
v -0.010283 3.928001 0.308896
v -0.024882 3.931104 0.308896
v -0.038516 3.937175 0.308896
v -0.050590 3.945947 0.308896
v -0.060577 3.957038 0.308896
v -0.068039 3.969963 0.308896
v -0.072651 3.984157 0.308896
v -0.074211 3.999000 0.308896
v -0.072651 4.013843 0.308896
v -0.068039 4.028037 0.308896
v -0.060577 4.040962 0.308896
v -0.050590 4.052052 0.308896
v -0.038516 4.060824 0.308896
v -0.024882 4.066895 0.308896
v -0.010283 4.069999 0.308896
v 0.004641 4.069999 0.308896
v 0.019240 4.066895 0.308896
v 0.032874 4.060824 0.308896
v 0.044948 4.052052 0.308896
v 0.054935 4.040962 0.308896
v 0.062397 4.028037 0.308896
v 0.067009 4.013843 0.308896
v 0.067009 3.984157 0.302846
v 0.068569 3.999000 0.302846
v 0.062397 3.969963 0.302846
v 0.054935 3.957038 0.302846
v 0.044948 3.945947 0.302846
vn 0.669100 -0.743200 -0.000000
v 0.032874 3.937175 0.302846
v 0.019240 3.931104 0.302846
vn 0.309000 -0.951000 -0.000000
v 0.004641 3.928001 0.302846
v -0.010283 3.928001 0.302846
v -0.024882 3.931104 0.302846
vn -0.309000 -0.951000 -0.000000
v -0.038516 3.937175 0.302846
v -0.050590 3.945947 0.302846
vn -0.669100 -0.743200 -0.000000
v -0.060577 3.957038 0.302846
v -0.068039 3.969963 0.302846
v -0.072651 3.984157 0.302846
v -0.074211 3.999000 0.302846
v -0.072651 4.013843 0.302846
v -0.068039 4.028037 0.302846
v -0.060577 4.040962 0.302846
v -0.050590 4.052052 0.302846
v -0.038516 4.060824 0.302846
v -0.024882 4.066895 0.302846
v -0.010283 4.069999 0.302846
v 0.004641 4.069999 0.302846
v 0.019240 4.066895 0.302846
v 0.032874 4.060824 0.302846
v 0.044948 4.052052 0.302846
v 0.054935 4.040962 0.302846
v 0.062397 4.028037 0.302846
v 0.067009 4.013843 0.302846
v -0.002821 3.999000 0.302846
v 0.212090 4.116659 0.294072
vn -0.128500 0.968200 0.214700
v 0.206454 4.116397 0.291887
vn -0.128300 0.968200 0.215000
v 0.098874 4.034609 0.596019
v 0.093238 4.034347 0.593834
v 0.095570 4.016775 0.589934
vn 0.128500 -0.968100 -0.214900
v 0.208786 4.098824 0.287986
v 0.101206 4.017038 0.592119
v 0.214422 4.099087 0.290171
vn -0.340300 -0.246600 0.907400
v -0.215425 4.116659 0.293177
vn 0.050100 0.968200 0.245300
v -0.221061 4.116397 0.295362
v -0.095551 4.034609 0.592544
vn 0.049800 0.968200 0.245400
v -0.101187 4.034347 0.594729
v -0.102093 4.016775 0.590275
vn -0.049900 -0.968100 -0.245400
v -0.221967 4.098824 0.290909
vn -0.050000 -0.968100 -0.245300
v -0.096457 4.017038 0.588091
v -0.216332 4.099087 0.288724
vn 0.360300 -0.246600 0.899700
vn 0.360200 -0.246600 0.899700
vn 0.931500 0.043400 -0.361100
v 0.066729 3.793653 0.302846
v 0.088548 3.761635 0.593441
v 0.060052 3.778176 0.302846
v 0.084443 3.742658 0.593226
v 0.095173 3.760436 0.684191
v 0.087719 3.742594 0.683976
v 0.099879 3.763835 0.726959
v 0.089339 3.742725 0.696347
vn -0.227900 -0.763100 0.604700
v 0.099299 3.764007 0.726959
vn -0.229700 -0.762500 0.604900
vn -0.395700 -0.688800 0.607400
v 0.088815 3.743027 0.696347
vn -0.397200 -0.688000 0.607400
v 0.094593 3.760609 0.684191
v 0.087195 3.742897 0.683976
vn -0.917000 0.381600 0.116100
v 0.087968 3.761808 0.593441
v 0.083919 3.742960 0.593226
v 0.066150 3.793827 0.302846
v 0.059528 3.778477 0.302846
v 0.069656 3.810254 0.302846
v 0.092029 3.781827 0.593441
v 0.098589 3.779511 0.684191
v 0.103280 3.781975 0.743074
vn -0.038400 -0.659600 0.750600
v 0.102676 3.782010 0.743074
vn -0.040600 -0.659400 0.750700
vn -0.186700 -0.635500 0.749200
vn -0.189100 -0.635100 0.749000
v 0.097984 3.779546 0.684191
v 0.091425 3.781862 0.593441
v 0.069052 3.810289 0.302846
v 0.068676 3.827082 0.302846
v 0.091050 3.802942 0.593441
v 0.097412 3.798739 0.684191
v 0.097270 3.800906 0.756223
vn 0.096700 -0.546900 0.831600
v 0.096674 3.800801 0.756223
vn 0.094500 -0.547600 0.831400
vn -0.031200 -0.579600 0.814300
vn -0.033400 -0.580100 0.813800
v 0.096816 3.798634 0.684191
v 0.090454 3.802837 0.593441
v 0.068080 3.826977 0.302846
v 0.063842 3.843230 0.302846
v 0.085075 3.822582 0.593441
v 0.090699 3.818997 0.684191
v 0.087475 3.818353 0.762841
vn 0.124700 -0.289900 0.948900
v 0.086920 3.818113 0.762841
vn 0.123500 -0.290500 0.948900
vn 0.059300 -0.327100 0.943100
vn 0.058000 -0.327700 0.943000
v 0.090144 3.818757 0.684191
v 0.084520 3.822343 0.593441
v 0.063286 3.842991 0.302846
v 0.055413 3.857829 0.302846
v 0.074982 3.840207 0.593441
v 0.078638 3.836587 0.684191
v 0.074114 3.834812 0.762841
v 0.073629 3.834451 0.762841
v 0.078153 3.836226 0.684191
v 0.074497 3.839846 0.593441
vn -0.867400 -0.496700 0.028300
v 0.054928 3.857468 0.302846
vn -0.867400 -0.496900 0.028300
v 0.043846 3.870090 0.302846
v 0.059676 3.855252 0.593441
v 0.062316 3.853181 0.684191
v 0.057557 3.848129 0.762841
v 0.057169 3.847666 0.762841
v 0.061927 3.852717 0.684191
v 0.059287 3.854788 0.593441
v 0.043457 3.869627 0.302846
v 0.029762 3.879353 0.302846
v 0.040391 3.866762 0.593441
v 0.041850 3.863412 0.684191
v 0.038914 3.858701 0.762841
v 0.038643 3.858161 0.762841
vn -0.491700 -0.867900 -0.070300
v 0.041579 3.862872 0.684191
v 0.040119 3.866222 0.593441
v 0.029490 3.878812 0.302846
v 0.013922 3.885118 0.302846
v 0.019744 3.873700 0.593441
v 0.020510 3.870046 0.684191
v 0.018188 3.866073 0.762841
v 0.018048 3.865486 0.762841
v 0.020370 3.869459 0.684191
vn -0.302600 -0.950800 -0.066300
v 0.019605 3.873111 0.593441
v 0.013782 3.884530 0.302846
v -0.002821 3.887075 0.302846
v -0.002838 3.876012 0.593441
v -0.002827 3.872209 0.684191
v -0.002821 3.868914 0.762841
v -0.002821 3.868309 0.762841
v -0.002827 3.871605 0.684191
v -0.002838 3.875406 0.593441
v -0.002821 3.886470 0.302846
v -0.019424 3.884530 0.302846
v -0.019564 3.885118 0.302846
v 0.087457 3.742745 0.669928
vn -0.986800 -0.157800 0.035900
vn -0.499600 0.866100 0.018600
vn -0.186500 0.982300 0.014000
vn -0.986800 -0.157900 0.035900
vn -0.499400 -0.865700 0.034900
vn -0.001800 -0.999900 0.010700
vn -0.205000 -0.978700 0.006700
vn -0.498800 -0.865500 -0.046300
vn -0.986800 -0.157800 0.036000
v -0.094190 3.761635 0.593441
v -0.072371 3.793653 0.302846
v -0.065694 3.778176 0.302846
v -0.090085 3.742658 0.593226
v -0.100815 3.760436 0.684191
v -0.093361 3.742594 0.683976
v -0.105521 3.763835 0.726959
v -0.094981 3.742725 0.696347
v -0.104941 3.764007 0.726959
vn 0.229600 -0.762500 0.604800
vn 0.227900 -0.763100 0.604700
vn 0.395600 -0.688900 0.607400
v -0.094457 3.743027 0.696347
vn 0.397200 -0.688000 0.607400
v -0.100235 3.760609 0.684191
v -0.092837 3.742897 0.683976
vn 0.917000 0.381600 0.116100
v -0.093610 3.761808 0.593441
v -0.089561 3.742960 0.593226
v -0.071792 3.793827 0.302846
v -0.065170 3.778477 0.302846
v -0.097671 3.781827 0.593441
v -0.075298 3.810254 0.302846
v -0.104231 3.779511 0.684191
v -0.108922 3.781975 0.743074
v -0.108318 3.782010 0.743074
vn 0.040300 -0.659400 0.750700
vn 0.038400 -0.659600 0.750600
vn 0.186700 -0.635500 0.749200
vn 0.189200 -0.635000 0.749000
v -0.103626 3.779546 0.684191
v -0.097067 3.781862 0.593441
v -0.074694 3.810289 0.302846
v -0.096692 3.802942 0.593441
v -0.074318 3.827082 0.302846
v -0.103054 3.798739 0.684191
v -0.102912 3.800906 0.756223
v -0.102316 3.800801 0.756223
vn -0.094500 -0.547600 0.831400
vn -0.096700 -0.546900 0.831600
vn 0.030800 -0.579600 0.814300
vn 0.033400 -0.580200 0.813800
v -0.102458 3.798634 0.684191
v -0.096096 3.802837 0.593441
v -0.073722 3.826977 0.302846
v -0.090717 3.822582 0.593441
v -0.069484 3.843230 0.302846
v -0.096341 3.818997 0.684191
v -0.093117 3.818353 0.762841
v -0.092562 3.818113 0.762841
vn -0.123500 -0.290500 0.948900
vn -0.124700 -0.289900 0.948900
vn -0.059500 -0.326900 0.943200
vn -0.057700 -0.327900 0.942900
v -0.095786 3.818757 0.684191
v -0.090162 3.822343 0.593441
v -0.068928 3.842991 0.302846
v -0.080624 3.840207 0.593441
v -0.061055 3.857829 0.302846
v -0.084280 3.836587 0.684191
v -0.079756 3.834812 0.762841
v -0.079271 3.834451 0.762841
v -0.083795 3.836226 0.684191
v -0.080139 3.839846 0.593441
v -0.060570 3.857468 0.302846
vn 0.867400 -0.496700 0.028300
vn 0.867400 -0.496900 0.028300
v -0.065318 3.855252 0.593441
v -0.049488 3.870090 0.302846
v -0.067958 3.853181 0.684191
v -0.063199 3.848129 0.762841
v -0.062811 3.847666 0.762841
v -0.067569 3.852717 0.684191
v -0.064929 3.854788 0.593441
v -0.049099 3.869627 0.302846
v -0.046033 3.866762 0.593441
v -0.035404 3.879353 0.302846
v -0.047492 3.863412 0.684191
v -0.044556 3.858701 0.762841
v -0.044285 3.858161 0.762841
v -0.047221 3.862872 0.684191
vn 0.491700 -0.867900 -0.070300
v -0.045761 3.866222 0.593441
v -0.035132 3.878812 0.302846
v -0.025386 3.873700 0.593441
v -0.026152 3.870046 0.684191
v -0.023830 3.866073 0.762841
v -0.023690 3.865486 0.762841
v -0.026012 3.869459 0.684191
vn 0.302600 -0.950800 -0.066300
v -0.025247 3.873111 0.593441
v -0.002804 3.876012 0.593441
v -0.002815 3.872209 0.684191
v -0.002815 3.871605 0.684191
v -0.002804 3.875406 0.593441
v -0.093099 3.742745 0.669928
vn 0.986800 -0.157700 0.035900
vn 0.499400 0.866200 0.018600
vn 0.986900 -0.157600 0.035900
vn 0.186500 0.982300 0.014000
vn 0.986800 -0.157600 0.035900
vn 0.499400 -0.865700 0.034900
vn 0.002200 -0.999900 0.010800
vn 0.986900 -0.157500 0.035900
vn 0.205200 -0.978700 0.006700
vn 0.498800 -0.865500 -0.046300
v 0.067009 3.799632 0.308896
v 0.068569 3.814476 0.308896
v -0.002821 3.814476 0.308896
v 0.062397 3.785439 0.308896
v 0.054935 3.772513 0.308896
v 0.044948 3.761422 0.308896
v 0.032874 3.752650 0.308896
v 0.019240 3.746579 0.308896
v 0.004641 3.743476 0.308896
v -0.010283 3.743476 0.308896
v -0.024882 3.746579 0.308896
v -0.038516 3.752650 0.308896
v -0.050590 3.761422 0.308896
v -0.060577 3.772513 0.308896
v -0.068039 3.785439 0.308896
v -0.072651 3.799632 0.308896
v -0.074211 3.814476 0.308896
v -0.072651 3.829318 0.308896
v -0.068039 3.843512 0.308896
v -0.060577 3.856438 0.308896
v -0.050590 3.867529 0.308896
v -0.038516 3.876301 0.308896
v -0.024882 3.882371 0.308896
v -0.010283 3.885474 0.308896
v 0.004641 3.885474 0.308896
v 0.019240 3.882371 0.308896
v 0.032874 3.876301 0.308896
v 0.044948 3.867529 0.308896
v 0.054935 3.856438 0.308896
v 0.062397 3.843512 0.308896
v 0.067009 3.829318 0.308896
v 0.067009 3.799632 0.302846
v 0.068569 3.814476 0.302846
v 0.062397 3.785439 0.302846
vn 0.913600 -0.406700 -0.000000
v 0.054935 3.772513 0.302846
v 0.044948 3.761422 0.302846
v 0.032874 3.752650 0.302846
v 0.019240 3.746579 0.302846
v 0.004641 3.743476 0.302846
v -0.010283 3.743476 0.302846
v -0.024882 3.746579 0.302846
v -0.038516 3.752650 0.302846
v -0.050590 3.761422 0.302846
v -0.060577 3.772513 0.302846
v -0.068039 3.785439 0.302846
vn -0.913600 -0.406700 -0.000000
v -0.072651 3.799632 0.302846
v -0.074211 3.814476 0.302846
v -0.072651 3.829318 0.302846
v -0.068039 3.843512 0.302846
vn -0.913600 0.406700 -0.000000
v -0.060577 3.856438 0.302846
v -0.050590 3.867529 0.302846
v -0.038516 3.876301 0.302846
v -0.024882 3.882371 0.302846
v -0.010283 3.885474 0.302846
v 0.004641 3.885474 0.302846
v 0.019240 3.882371 0.302846
v 0.032874 3.876301 0.302846
v 0.044948 3.867529 0.302846
v 0.054935 3.856438 0.302846
v 0.062397 3.843512 0.302846
vn 0.913600 0.406700 -0.000000
v 0.067009 3.829318 0.302846
v -0.002821 3.814476 0.302846
v 0.212090 3.932177 0.294072
vn -0.128500 0.968100 0.214900
v 0.206454 3.931914 0.291887
v 0.098874 3.850128 0.596019
v 0.093238 3.849865 0.593834
v 0.095570 3.832293 0.589934
v 0.208786 3.914342 0.287986
v 0.101206 3.832556 0.592119
vn 0.128200 -0.968200 -0.214900
v 0.214422 3.914605 0.290171
vn 0.128800 -0.968100 -0.214900
v -0.215425 3.932177 0.293177
vn 0.049900 0.968100 0.245300
v -0.221061 3.931914 0.295362
v -0.095551 3.850128 0.592544
v -0.101187 3.849865 0.594729
v -0.102093 3.832293 0.590275
v -0.221967 3.914342 0.290909
v -0.096457 3.832556 0.588091
v -0.216332 3.914605 0.288724
vn 0.360300 -0.246600 0.899600
v 0.255904 3.787283 0.293769
vt 0.976540 0.597083
v 0.244597 3.734084 0.293769
vt 0.970386 0.556623
v -0.002821 3.814476 0.293769
vt 0.869871 0.638279
v 0.222476 3.684400 0.293769
vt 0.964563 0.536417
v 0.190509 3.640400 0.293769
vt 0.956691 0.517612
v 0.150092 3.604009 0.293769
vt 0.944774 0.497928
v 0.102992 3.576816 0.293769
vt 0.931498 0.480663
v 0.051267 3.560010 0.293769
vt 0.906040 0.461122
v -0.002821 3.554325 0.293769
vt 0.874218 0.449884
v -0.056909 3.560010 0.293769
vt 0.906028 0.461096
v -0.108634 3.576816 0.293769
vt 0.931506 0.480611
v -0.155734 3.604009 0.293769
vt 0.944777 0.497882
v -0.196151 3.640401 0.293769
vt 0.956688 0.517617
v -0.228118 3.684400 0.293769
vt 0.964564 0.536430
v -0.250239 3.734084 0.293769
vt 0.970379 0.556610
v -0.261546 3.787283 0.293769
vt 0.976536 0.597062
v -0.261546 4.210567 0.293769
vt 0.973719 0.845377
v -0.250239 4.263767 0.293769
vt 0.968236 0.871498
v -0.228118 4.313450 0.293769
vt 0.962752 0.891386
v -0.196151 4.357450 0.293769
vt 0.953504 0.912116
v -0.155734 4.393842 0.293769
vt 0.938774 0.935493
v -0.108634 4.421035 0.293769
vt 0.921302 0.952913
v -0.056909 4.437840 0.293769
vt 0.899703 0.966688
v -0.002821 4.443526 0.293769
vt 0.868866 0.973421
v 0.051267 4.437840 0.293769
vt 0.899723 0.966676
v 0.102992 4.421035 0.293769
vt 0.921277 0.952811
v 0.150092 4.393841 0.293769
vt 0.938772 0.935576
v 0.190509 4.357450 0.293769
vt 0.953481 0.912103
v 0.222476 4.313450 0.293769
vt 0.962679 0.891028
v 0.244597 4.263767 0.293769
vt 0.968428 0.871367
v 0.255904 4.210567 0.293769
vt 0.973701 0.845380
v 0.244597 3.734084 0.302844
vt 0.554934 0.193406
vn -0.000400 0.000100 1.000000
v 0.255904 3.787283 0.302844
vt 0.555382 0.194746
vn -0.000600 -0.000100 1.000000
v -0.002821 3.998805 0.302707
vt 0.544321 0.199638
vn -0.000000 -0.000200 1.000000
v 0.222476 3.684400 0.302844
vt 0.554028 0.192138
vn -0.000300 0.000200 1.000000
v 0.190509 3.640401 0.302844
vt 0.552701 0.190997
v 0.150092 3.604009 0.302844
vt 0.551013 0.190034
vn -0.000200 0.000300 1.000000
v 0.102992 3.576816 0.302844
vt 0.549036 0.189289
vn -0.000100 0.000300 1.000000
v 0.051267 3.560010 0.302844
vt 0.546859 0.188796
v -0.002821 3.554325 0.302844
vt 0.544575 0.188577
vn -0.000000 0.000300 1.000000
v -0.056909 3.560010 0.302844
vt 0.542285 0.188640
v -0.108634 3.576817 0.302844
vt 0.540088 0.188984
v -0.155734 3.604010 0.302844
vt 0.538081 0.189593
vn 0.000200 0.000300 1.000000
v -0.196151 3.640401 0.302844
vt 0.536351 0.190440
vn 0.000300 0.000200 1.000000
v -0.228118 3.684400 0.302844
vt 0.534974 0.191489
v -0.250239 3.734084 0.302844
vt 0.534011 0.192694
vn 0.000400 0.000100 1.000000
v -0.261546 3.787283 0.302844
vt 0.533502 0.194001
vn 0.000600 -0.000100 1.000000
v -0.261546 4.210374 0.303010
vt 0.533263 0.204527
vn 0.001000 -0.000300 1.000000
v -0.250239 4.263571 0.303010
vt 0.533710 0.205868
vn 0.000900 -0.000300 1.000000
v -0.228118 4.313256 0.303010
vt 0.534617 0.207136
vn 0.000700 -0.000400 1.000000
v -0.196151 4.357254 0.303010
vt 0.535944 0.208277
vn 0.000600 -0.000500 1.000000
v -0.155734 4.393646 0.303010
vt 0.537632 0.209240
vn 0.000400 -0.000600 1.000000
v -0.108634 4.420838 0.303010
vt 0.539608 0.209985
vn 0.000300 -0.000600 1.000000
v -0.056909 4.437645 0.303010
vt 0.541786 0.210478
vn 0.000100 -0.000700 1.000000
v -0.002821 4.443330 0.303010
vt 0.544070 0.210697
vn -0.000000 -0.000700 1.000000
v 0.051267 4.437645 0.303010
vt 0.546360 0.210633
vn -0.000100 -0.000700 1.000000
v 0.102992 4.420838 0.303010
vt 0.548557 0.210290
vn -0.000300 -0.000600 1.000000
v 0.150092 4.393646 0.303010
vt 0.550564 0.209681
vn -0.000400 -0.000600 1.000000
v 0.190509 4.357254 0.303010
vt 0.552294 0.208834
vn -0.000600 -0.000500 1.000000
v 0.222476 4.313254 0.303010
vt 0.553670 0.207785
vn -0.000700 -0.000400 1.000000
v 0.244597 4.263571 0.303010
vt 0.554634 0.206580
vn -0.000900 -0.000300 1.000000
v 0.255904 4.210374 0.303010
vt 0.555143 0.205273
vn -0.001000 -0.000300 1.000000
vt 0.547526 0.204052
vn 0.978200 -0.207900 -0.000000
vt 0.540477 0.204052
vt 0.540477 0.197004
vt 0.547526 0.197004
v 0.190509 3.640401 0.293769
v -0.108634 3.576817 0.293769
v -0.155734 3.604010 0.293769
vn -0.978200 -0.207900 -0.000000
v -0.261546 4.210374 0.293935
v -0.250239 4.263571 0.293935
v -0.228118 4.313256 0.293935
v -0.196151 4.357254 0.293935
v -0.155734 4.393646 0.293935
vn -0.669100 0.743100 -0.000000
v -0.108634 4.420838 0.293935
v -0.056909 4.437645 0.293935
v -0.002821 4.443330 0.293935
v 0.051267 4.437645 0.293935
v 0.102992 4.420838 0.293935
v 0.150092 4.393646 0.293935
v 0.190509 4.357254 0.293935
vn 0.669100 0.743100 -0.000000
v 0.222476 4.313254 0.293935
v 0.244597 4.263571 0.293935
v 0.255904 4.210374 0.293935
v 0.067257 3.778769 0.196969
vt 0.202415 0.225824
vn 0.891000 -0.454000 -0.000000
v 0.074861 3.802172 0.196969
vt 0.197193 0.225841
vn 0.987700 -0.156400 -0.000000
v 0.074861 3.802172 0.302844
vt 0.197250 0.262457
vn 0.987700 -0.156500 -0.000000
v 0.067257 3.778769 0.302844
vt 0.202470 0.260844
v 0.052793 3.758861 0.196969
vt 0.205523 0.225814
vn 0.707100 -0.707100 -0.000000
v 0.052793 3.758861 0.302844
vt 0.205577 0.260674
v 0.032885 3.744397 0.196969
vt 0.205820 0.252621
vn 0.454000 -0.891000 -0.000000
v 0.032885 3.744397 0.302844
vt 0.205829 0.258439
v 0.009482 3.736793 0.196969
vt 0.210548 0.247696
vn 0.156400 -0.987700 -0.000000
v 0.009482 3.736793 0.302844
vt 0.210564 0.258264
v -0.015125 3.736793 0.196969
vt 0.215530 0.252590
vn -0.156400 -0.987700 -0.000000
v -0.015125 3.736793 0.302844
vt 0.215538 0.258248
v -0.038527 3.744397 0.196969
vn -0.454000 -0.891000 -0.000000
v -0.038527 3.744397 0.302844
v -0.058435 3.758861 0.196969
vn -0.707100 -0.707100 -0.000000
v -0.058435 3.758861 0.302844
v -0.072899 3.778769 0.196969
vn -0.891000 -0.454000 -0.000000
v -0.072899 3.778769 0.302844
v -0.080503 3.802172 0.196969
vn -0.987700 -0.156400 -0.000000
v -0.080503 3.802172 0.302844
vn -0.987700 -0.156500 -0.000000
v -0.080503 4.196372 0.196667
vt 0.118755 0.225982
vn -0.987700 0.156500 -0.000000
v -0.080503 4.196372 0.302542
vt 0.118811 0.262381
vn -0.987700 0.156400 -0.000000
v -0.072899 4.219775 0.196667
vt 0.113532 0.225999
vn -0.891000 0.454000 -0.000000
v -0.072899 4.219775 0.302542
vt 0.113589 0.262398
v -0.058435 4.239683 0.196667
vt 0.108821 0.226014
vn -0.707100 0.707100 -0.000000
v -0.058435 4.239683 0.302542
vt 0.108878 0.262413
v -0.038527 4.254147 0.196667
vt 0.105082 0.226026
vn -0.454000 0.891000 -0.000000
v -0.038527 4.254147 0.302542
vt 0.105139 0.262425
v -0.015125 4.261751 0.196667
vt 0.102682 0.226034
vn -0.156400 0.987700 -0.000000
v -0.015125 4.261751 0.302542
vt 0.102739 0.262433
v 0.009482 4.261751 0.196667
vt 0.101854 0.226037
vn 0.156400 0.987700 -0.000000
v 0.009482 4.261751 0.302542
vt 0.101911 0.262436
v 0.032885 4.254147 0.196667
vn 0.454000 0.891000 -0.000000
v 0.032885 4.254147 0.302542
v 0.052793 4.239683 0.196667
vn 0.707100 0.707100 -0.000000
v 0.052793 4.239683 0.302542
v 0.067257 4.219775 0.196667
vn 0.891000 0.454000 -0.000000
v 0.067257 4.219775 0.302542
v 0.074861 4.196372 0.196667
vn 0.987700 0.156500 -0.000000
v 0.074861 4.196372 0.302542
vn 0.987700 0.156400 -0.000000
vn -0.000100 -0.000400 -1.000000
v -0.002821 3.814476 0.196969
vn -0.000000 -0.000400 -1.000000
vn 0.000100 -0.000400 -1.000000
vn 0.001400 -0.000500 -1.000000
vn 0.000900 -0.000600 -1.000000
vn 0.000600 -0.000600 -1.000000
vn 0.000300 -0.000700 -1.000000
vn 0.000100 -0.000700 -1.000000
vn -0.000100 -0.000700 -1.000000
vn -0.000300 -0.000700 -1.000000
vn -0.000600 -0.000600 -1.000000
vn -0.000900 -0.000600 -1.000000
vn -0.001400 -0.000500 -1.000000
v 0.067256 3.778776 0.197574
vt 0.179096 0.554785
v 0.074844 3.802150 0.197574
vt 0.175481 0.570676
vn 0.000100 0.000400 1.000000
v -0.002821 3.814476 0.197574
vt 0.212476 0.579056
vn -0.000000 0.000400 1.000000
v 0.052803 3.758851 0.197574
vt 0.185980 0.541237
v 0.032910 3.744391 0.197574
vt 0.195455 0.531407
v 0.009482 3.736779 0.197574
vt 0.206615 0.526230
v -0.015085 3.736792 0.197574
vt 0.218318 0.526240
v -0.038537 3.744405 0.197574
vt 0.229488 0.531416
v -0.058445 3.758860 0.197574
vt 0.237783 0.541244
v -0.072885 3.778727 0.197574
vt 0.244661 0.554751
v -0.080502 3.802161 0.197574
vt 0.248289 0.570683
vn -0.000100 0.000400 1.000000
v -0.080513 4.196251 0.197272
vt 0.246610 0.832673
vn -0.001400 0.000500 1.000000
v -0.072890 4.219628 0.197272
vt 0.242978 0.848567
vn -0.000900 0.000600 1.000000
v -0.058401 4.239593 0.197272
vt 0.236077 0.862140
vn -0.000600 0.000600 1.000000
v -0.038579 4.253977 0.197272
vt 0.227823 0.871919
vn -0.000300 0.000700 1.000000
v -0.015124 4.261600 0.197272
vt 0.216651 0.877102
vn -0.000100 0.000700 1.000000
v 0.009469 4.261600 0.197272
vt 0.204937 0.877102
vn 0.000100 0.000700 1.000000
v 0.032873 4.254017 0.197272
vt 0.193788 0.871947
vn 0.000300 0.000700 1.000000
v 0.052813 4.239526 0.197272
vt 0.184290 0.862094
vn 0.000600 0.000600 1.000000
v 0.067248 4.219643 0.197272
vt 0.177414 0.848576
vn 0.000900 0.000600 1.000000
v 0.074862 4.196242 0.197272
vt 0.173787 0.832666
vn 0.001400 0.000500 1.000000
v 0.018741 3.803489 0.182449
vt 0.202205 0.571587
vn 0.238500 -0.121500 -0.963500
v 0.021081 3.810690 0.182449
vt 0.201090 0.576483
vn 0.264400 -0.042200 -0.963500
vn 0.264300 -0.042200 -0.963500
vn 0.238500 -0.121400 -0.963500
v 0.014291 3.797363 0.182449
vt 0.204325 0.567421
vn 0.189300 -0.189200 -0.963500
vn 0.189300 -0.189100 -0.963500
v 0.008166 3.792913 0.182449
vt 0.207243 0.564396
vn 0.121500 -0.238400 -0.963500
v 0.000964 3.790573 0.182449
vt 0.210672 0.562805
vn 0.041900 -0.264300 -0.963500
vn 0.041800 -0.264300 -0.963500
v -0.006606 3.790573 0.182449
vt 0.214279 0.562805
vn -0.041900 -0.264300 -0.963500
vn -0.041900 -0.264400 -0.963500
v -0.013808 3.792913 0.182449
vt 0.217709 0.564396
vn -0.121500 -0.238500 -0.963500
v -0.019933 3.797363 0.182449
vt 0.220628 0.567421
vn -0.189200 -0.189200 -0.963500
vn -0.189200 -0.189300 -0.963500
v -0.024383 3.803489 0.182449
vt 0.222747 0.571587
vn -0.238500 -0.121500 -0.963500
vn -0.238400 -0.121500 -0.963500
v -0.026723 3.810690 0.182449
vt 0.223861 0.576483
vn -0.264300 -0.042300 -0.963500
v -0.026723 4.187707 0.182147
vt 0.222176 0.826863
vn -0.264300 0.041500 -0.963500
vn -0.264300 0.041600 -0.963500
v -0.024383 4.194908 0.182147
vt 0.221062 0.831760
vn -0.238400 0.121500 -0.963500
vn -0.238500 0.121600 -0.963500
v -0.019933 4.201034 0.182147
vt 0.218942 0.835924
vn -0.189300 0.189200 -0.963500
vn -0.189200 0.189200 -0.963500
v -0.013808 4.205484 0.182147
vt 0.216024 0.838950
vn -0.121400 0.238500 -0.963500
vn -0.121500 0.238500 -0.963500
v -0.006606 4.207824 0.182147
vt 0.212594 0.840540
vn -0.041900 0.264400 -0.963500
v 0.000964 4.207824 0.182147
vt 0.208987 0.840540
vn 0.041900 0.264400 -0.963500
vn 0.041800 0.264400 -0.963500
v 0.008166 4.205484 0.182147
vt 0.205558 0.838950
vn 0.121500 0.238500 -0.963500
vn 0.121400 0.238500 -0.963500
v 0.014291 4.201034 0.182147
vt 0.202640 0.835924
vn 0.189200 0.189200 -0.963500
vn 0.189300 0.189200 -0.963500
v 0.018741 4.194908 0.182147
vt 0.200519 0.831760
vn 0.238500 0.121500 -0.963500
v 0.021081 4.187707 0.182147
vt 0.199405 0.826863
vn 0.264400 0.041500 -0.963500
v -0.002821 3.814476 0.182449
vn 0.002000 -0.000700 -1.000000
vn 0.001200 -0.000700 -1.000000
vn 0.000700 -0.000800 -1.000000
vn 0.000400 -0.000800 -1.000000
vn 0.000100 -0.000800 -1.000000
vn -0.000100 -0.000800 -1.000000
vn -0.000400 -0.000800 -1.000000
vn -0.000700 -0.000800 -1.000000
vn -0.001200 -0.000700 -1.000000
vn -0.002000 -0.000700 -1.000000
v -0.232965 3.923980 0.289337
vt 0.347867 0.756897
v -0.229940 3.923980 0.294576
v -0.072757 3.923980 0.203826
vt 0.247955 0.764561
v -0.075782 3.923980 0.198587
v -0.232965 3.905830 0.289337
vt 0.347492 0.774045
v -0.075782 3.905830 0.198587
vt 0.248013 0.782036
v -0.072757 3.905830 0.203826
v -0.229940 3.905830 0.294576
vn 0.866000 -0.000000 -0.500000
vn -0.500000 -0.000000 -0.866000
vn 0.500000 -0.000000 0.866000
v 0.224298 3.923980 0.294576
v 0.227323 3.923980 0.289337
v 0.067115 3.923980 0.203826
v 0.070140 3.923980 0.198587
v 0.070140 3.905830 0.198587
v 0.227323 3.905830 0.289337
v 0.067115 3.905830 0.203826
v 0.224298 3.905830 0.294576
vn -0.866000 -0.000000 -0.500000
vn 0.500000 -0.000000 -0.866000
vn -0.500000 -0.000000 0.866000
v -0.232965 4.108506 0.289337
v -0.229940 4.108506 0.294576
v -0.072757 4.108506 0.203826
v -0.075782 4.108506 0.198587
v -0.232965 4.090354 0.289337
v -0.075782 4.090354 0.198587
v -0.072757 4.090354 0.203826
v -0.229940 4.090354 0.294576
v 0.224298 4.108506 0.294576
v 0.227323 4.108506 0.289337
v 0.067115 4.108506 0.203826
v 0.070140 4.108506 0.198587
v 0.070140 4.090354 0.198587
v 0.227323 4.090354 0.289337
v 0.067115 4.090354 0.203826
v 0.224298 4.090354 0.294576
v -0.007358 4.296332 0.289219
vt 0.150909 0.278140
v 0.001716 4.296332 0.289219
vt 0.150989 0.280768
v -0.007358 4.296332 0.131919
vt 0.136489 0.280059
v 0.001716 4.296332 0.131919
vt 0.136688 0.282651
v 0.001716 4.287259 0.131919
v 0.001716 4.287259 0.289219
v -0.007358 4.287259 0.131919
v -0.007358 4.287259 0.289219
vt 0.140978 0.285979
vt 0.147003 0.289718
vt 0.125579 0.283064
vt 0.125190 0.291014
v -0.013409 4.296577 0.294144
v 0.007767 4.296577 0.294144
v -0.013409 4.296577 0.275994
v 0.007767 4.296577 0.275994
v 0.007767 4.260278 0.275994
v 0.007767 4.260278 0.294144
v -0.013409 4.260278 0.275994
v -0.013409 4.260278 0.294144
vt 0.180016 0.280909
vt 0.179558 0.267647
vt 0.173104 0.281639
vt 0.172750 0.268303
v -0.020971 3.755972 0.218793
vt 0.228982 0.331170
v -0.033071 3.755972 0.218793
vt 0.228162 0.310409
v -0.020971 3.755972 0.249043
vt 0.236530 0.331170
v -0.033071 3.755972 0.249043
vt 0.235710 0.310409
v -0.033071 3.694864 0.218793
vt 0.119859 0.248707
vt 0.134221 0.247476
v -0.020971 3.694865 0.218793
vt 0.119876 0.259617
vt 0.134238 0.258385
vt 0.276412 0.256561
vt 0.275592 0.235801
v -0.020971 3.694865 0.249043
vt 0.283960 0.256561
vt 0.283140 0.235801
vt 0.270922 0.316665
vt 0.270102 0.295904
v -0.033071 3.694865 0.249043
vt 0.278470 0.316665
vt 0.277650 0.295904
v 0.027429 3.755972 0.218793
vt 0.231032 0.319364
v 0.015329 3.755972 0.218793
vt 0.230212 0.298603
v 0.027429 3.755972 0.249043
vt 0.238580 0.319364
v 0.015329 3.755972 0.249043
vt 0.237760 0.298603
v 0.015329 3.694864 0.218793
vt 0.142720 0.241529
vt 0.157082 0.240298
v 0.027429 3.694864 0.218793
vt 0.142737 0.252439
vt 0.157099 0.251207
v 0.027429 3.694864 0.249043
vt 0.272972 0.304858
vt 0.272152 0.284098
v 0.015329 3.694864 0.249043
vt 0.280520 0.304858
vt 0.279700 0.284098
vt 0.278462 0.244755
vt 0.277642 0.223995
vt 0.286010 0.244755
vt 0.285190 0.223995
v -0.020064 3.678294 0.197618
vt 0.339100 0.292350
v 0.014422 3.678294 0.197618
vt 0.339100 0.314234
v -0.034583 3.678294 0.218793
vt 0.317216 0.292350
v 0.028941 3.678294 0.218793
vt 0.317216 0.314234
v 0.028941 3.687369 0.218793
vt 0.163199 0.260385
v 0.014422 3.687369 0.197618
vt 0.148057 0.260434
v -0.034583 3.687369 0.218793
vt 0.163149 0.228756
v -0.020064 3.687369 0.197618
vt 0.148008 0.228805
vn 0.824700 -0.000000 -0.565500
vn -0.824700 -0.000000 -0.565500
v 0.038017 3.720644 0.218793
v 0.028941 3.720644 0.218793
v 0.038017 3.720644 0.249043
v 0.028941 3.720644 0.249043
v 0.028941 3.678294 0.249043
v 0.038017 3.678294 0.249043
v 0.038017 3.678294 0.218793
vt 0.222173 0.250721
vt 0.211234 0.249435
vt 0.221999 0.226268
vt 0.211384 0.229796
v -0.034583 3.720644 0.218793
v -0.043659 3.720644 0.218793
v -0.034583 3.720644 0.249043
v -0.043659 3.720644 0.249043
v -0.043659 3.678294 0.249043
v -0.043659 3.678294 0.218793
v -0.034583 3.678294 0.249043
vt 0.222526 0.251499
vt 0.210492 0.247118
vt 0.222133 0.225272
vt 0.210818 0.229727
v 0.028941 3.687369 0.249043
v -0.034583 3.687369 0.249043
v 0.042554 3.711569 0.230893
vt 0.143805 0.511465
v -0.048196 3.711569 0.230893
vt 0.142611 0.579892
v 0.042554 3.711569 0.236943
vt 0.134871 0.511140
v -0.048196 3.711569 0.236943
vt 0.133677 0.579567
v -0.048196 3.702494 0.236943
v -0.048196 3.702494 0.230893
v 0.042554 3.702494 0.236943
v 0.042554 3.702494 0.230893
v 0.023194 3.648047 0.225625
vt 0.138137 0.543406
v 0.011094 3.648047 0.240913
vt 0.142027 0.552484
v -0.016736 3.648047 0.240913
vt 0.140629 0.564398
v -0.028836 3.648047 0.225625
vt 0.135320 0.574451
v 0.036504 3.648047 0.047645
vt 0.145048 0.543233
v -0.042146 3.648047 0.047645
vt 0.141409 0.574798
v 0.023194 3.678297 0.225625
vt 0.184373 0.332643
v -0.028836 3.678297 0.225625
vt 0.175772 0.332643
v -0.016736 3.678297 0.240913
vt 0.177772 0.335170
v 0.011094 3.678297 0.240913
vt 0.182373 0.335170
v 0.036504 3.678297 0.047645
vt 0.186573 0.301403
v -0.042146 3.678297 0.047645
vt 0.173572 0.301403
vt 0.144005 0.266278
vt 0.112107 0.274172
vt 0.112250 0.252608
vt 0.143431 0.246292
vt 0.124195 0.265220
vn 0.931600 -0.000000 0.363600
vt 0.145386 0.257700
vn 0.784100 -0.000000 0.620600
vt 0.145143 0.244529
vt 0.124923 0.249380
vt 0.018936 0.272982
vn 0.997200 -0.000000 0.074600
vt 0.019773 0.251806
vn -0.931600 -0.000000 0.363600
vn -0.997200 -0.000000 0.074600
vn -0.784100 -0.000000 0.620600
v -0.045171 3.681322 0.000455
vt 0.294551 0.312838
v -0.045171 3.681322 0.073055
vt 0.266459 0.316038
v -0.057271 3.681322 0.073055
vt 0.263259 0.287946
v -0.057271 3.681322 0.000455
vt 0.291350 0.284746
v -0.045171 3.693422 0.000455
vt 0.153935 0.848382
v -0.057271 3.693422 0.000455
vt 0.111972 0.848382
v -0.057271 3.693422 0.073055
vt 0.111972 0.806421
v -0.045171 3.693422 0.073055
vt 0.153935 0.806421
vt 0.079372 0.266620
vt 0.030662 0.272296
vt 0.030606 0.251967
vt 0.079115 0.252254
v 0.051629 3.681322 0.000455
v 0.051629 3.681322 0.073055
v 0.039529 3.681322 0.073055
v 0.039529 3.681322 0.000455
v 0.051629 3.693422 0.000455
v 0.039529 3.693422 0.000455
v 0.039529 3.693422 0.073055
v 0.051629 3.693422 0.073055
v -0.045171 3.632964 0.000455
v -0.045171 3.632964 0.073055
v -0.057271 3.632964 0.073055
v -0.057271 3.632964 0.000455
v -0.045171 3.645064 0.000455
v -0.057271 3.645064 0.000455
v -0.057271 3.645064 0.073055
v -0.045171 3.645064 0.073055
v 0.051629 3.632964 0.000455
v 0.051629 3.632964 0.073055
v 0.039529 3.632964 0.073055
v 0.039529 3.632964 0.000455
v 0.051629 3.645064 0.000455
v 0.039529 3.645064 0.000455
v 0.039529 3.645064 0.073055
v 0.051629 3.645064 0.073055
v -0.002821 3.632753 0.000455
vt 0.276220 0.298257
v -0.057271 3.632753 0.000455
vt 0.286531 0.285295
v -0.055415 3.632753 -0.013638
vt 0.289534 0.288405
v -0.049976 3.632753 -0.026770
vt 0.291630 0.292187
v -0.041323 3.632753 -0.038047
vt 0.292676 0.296382
v -0.030046 3.632753 -0.046701
vt 0.292601 0.300705
v -0.016914 3.632753 -0.052140
vt 0.291409 0.304861
v -0.002821 3.632753 -0.053995
vt 0.289182 0.308567
v 0.011272 3.632753 -0.052140
vt 0.286072 0.311570
v 0.024404 3.632753 -0.046701
vt 0.282290 0.313666
v 0.035681 3.632753 -0.038047
vt 0.278095 0.314713
v 0.044334 3.632753 -0.026770
vt 0.273772 0.314637
v 0.049773 3.632753 -0.013638
vt 0.269616 0.313445
v 0.051629 3.632753 0.000455
vt 0.265910 0.311218
vn 0.991400 -0.000000 -0.130600
v 0.049773 3.644853 -0.013638
v 0.051629 3.644853 0.000455
v 0.044334 3.644853 -0.026770
vn 0.793400 -0.000000 -0.608800
v 0.035681 3.644853 -0.038047
vn 0.608800 -0.000000 -0.793300
v 0.024404 3.644853 -0.046701
vn 0.382700 -0.000000 -0.923900
v 0.011272 3.644853 -0.052140
vn 0.130500 -0.000000 -0.991400
v -0.002821 3.644853 -0.053995
vn -0.130500 -0.000000 -0.991400
v -0.016914 3.644853 -0.052140
v -0.030046 3.644853 -0.046701
vn -0.608800 -0.000000 -0.793300
v -0.041323 3.644853 -0.038047
vn -0.793400 -0.000000 -0.608800
v -0.049976 3.644853 -0.026770
vn -0.923900 -0.000000 -0.382700
v -0.055415 3.644853 -0.013638
vn -0.991400 -0.000000 -0.130600
v -0.057271 3.644853 0.000455
v -0.002821 3.644853 0.000455
vt 0.129354 0.823802
vt 0.146736 0.806421
vt 0.150642 0.811511
vt 0.153098 0.817440
vt 0.153935 0.823802
vt 0.153098 0.830163
vt 0.150642 0.836092
vt 0.146736 0.841184
vt 0.141645 0.845090
vt 0.135716 0.847546
vt 0.129354 0.848382
vt 0.122992 0.847546
vt 0.117063 0.845090
vt 0.111972 0.841184
v -0.002821 3.681322 0.000455
vt 0.208063 0.270918
vt 0.224008 0.254973
v -0.055415 3.681322 -0.013638
vt 0.227592 0.259643
v -0.049976 3.681322 -0.026770
vt 0.229844 0.265082
v -0.041323 3.681322 -0.038047
vt 0.230613 0.270918
v -0.030046 3.681322 -0.046701
vt 0.229844 0.276754
v -0.016914 3.681322 -0.052140
vt 0.227592 0.282193
v -0.002821 3.681322 -0.053995
vt 0.224008 0.286863
v 0.011272 3.681322 -0.052140
vt 0.219338 0.290446
v 0.024404 3.681322 -0.046701
vt 0.213899 0.292699
v 0.035681 3.681322 -0.038047
vt 0.208063 0.293467
v 0.044334 3.681322 -0.026770
vt 0.202227 0.292699
v 0.049773 3.681322 -0.013638
vt 0.196788 0.290446
vt 0.192118 0.286863
v 0.049773 3.693422 -0.013638
v 0.044334 3.693422 -0.026770
v 0.035681 3.693422 -0.038047
v 0.024404 3.693422 -0.046701
v 0.011272 3.693422 -0.052140
v -0.002821 3.693422 -0.053995
v -0.016914 3.693422 -0.052140
v -0.030046 3.693422 -0.046701
v -0.041323 3.693422 -0.038047
v -0.049976 3.693422 -0.026770
v -0.055415 3.693422 -0.013638
v -0.002821 3.693422 0.000455
v 0.057679 3.626267 0.036150
vt 0.230613 0.293467
v 0.057679 3.626267 0.054300
vt 0.192118 0.293467
v -0.063321 3.626267 0.054300
vt 0.192118 0.254973
v -0.063321 3.626267 0.036150
vt 0.230613 0.254973
v 0.057679 3.698867 0.036150
v -0.063321 3.698867 0.036150
v -0.063321 3.698867 0.054300
v 0.057679 3.698867 0.054300
vt 0.209353 0.286636
vt 0.170613 0.286636
vt 0.170613 0.325377
vt 0.209353 0.325377
v 0.003229 4.333925 0.232780
v 0.003229 4.333925 0.223705
vt 0.131604 0.286803
v -0.008871 4.333925 0.223708
v -0.008871 4.333925 0.232783
v 0.003229 4.291574 0.232780
v -0.008871 4.291574 0.232783
v -0.008871 4.291574 0.223708
v 0.003229 4.291574 0.223705
vt 0.160618 0.275420
vn -0.000200 -0.000000 -1.000000
vt 0.155647 0.275300
vt 0.155631 0.296303
vt 0.160602 0.296422
vn 0.000200 -0.000000 1.000000
vt 0.155789 0.275441
vt 0.160460 0.296282
v -0.045171 4.322587 0.000575
vt 0.290574 0.854572
v -0.045171 4.322587 0.073175
vt 0.283916 0.853671
v -0.057271 4.322587 0.073175
vt 0.283916 0.852212
v -0.057271 4.322587 0.000575
vt 0.290574 0.853113
v -0.045171 4.334687 0.000575
vt 0.296686 0.856697
v -0.057271 4.334687 0.000575
vt 0.284317 0.858188
v -0.057271 4.334687 0.073174
vt 0.283945 0.857234
v -0.045171 4.334687 0.073174
vt 0.296314 0.855744
vn -0.000000 0.000100 1.000000
vt 0.134260 0.339539
vt 0.134260 0.233428
vt 0.116575 0.339539
vt 0.294375 0.855558
vt 0.285403 0.856727
vt 0.284729 0.856029
vt 0.293701 0.854860
v 0.000204 4.364161 0.051165
vn -0.000000 0.961600 0.274400
v -0.005846 4.364161 0.051165
v -0.005846 4.317225 0.215636
v 0.000204 4.317225 0.215636
vt 0.191737 0.283108
vn -0.000000 -0.002800 -1.000000
vt 0.200579 0.283108
v 0.000204 4.317431 0.051296
vt 0.200579 0.282917
v -0.005846 4.317431 0.051296
vt 0.191737 0.282917
vt 0.300983 0.855261
vt 0.285415 0.859036
vt 0.285048 0.856638
vt 0.301005 0.855277
vt 0.285070 0.856654
vt 0.285437 0.859053
v 0.015329 4.311430 0.126790
vn 0.000800 -1.000000 -0.001000
v 0.009279 4.311431 0.252092
vt 0.283910 0.853184
vn 0.006100 -1.000000 0.000300
v -0.014921 4.311283 0.251982
vn 0.005000 -1.000000 -0.000000
v -0.020971 4.311430 0.126790
vn -0.000000 -1.000000 -0.001200
v 0.036504 4.311430 0.047713
vt 0.283916 0.852886
v -0.042146 4.311430 0.047713
v 0.015329 4.317480 0.126790
vn -0.000800 1.000000 0.001000
v -0.020971 4.317480 0.126790
vt 0.285408 0.859199
vn -0.000000 1.000000 0.001200
v -0.014921 4.317333 0.251982
vn -0.005000 1.000000 -0.000000
v 0.009279 4.317480 0.252092
vt 0.291460 0.855565
vn -0.006100 1.000000 -0.000300
v 0.036504 4.317480 0.047713
v -0.042146 4.317480 0.047713
vt 0.289150 0.856079
vt 0.503904 0.292694
vn -0.004500 -0.000000 1.000000
vt 0.491594 0.292751
vn 0.998800 -0.000000 0.048200
vt 0.286348 0.856547
vt 0.292757 0.855040
vn 0.966000 -0.000000 0.258700
vt 0.138681 0.270641
vt 0.253635 0.270641
vt 0.292399 0.857564
vn -0.966000 -0.000000 0.258700
vt 0.286671 0.858181
vt 0.287151 0.856776
vt 0.292879 0.856158
vn -0.998800 -0.000000 0.048300
v 0.057679 4.294324 0.036159
v 0.057679 4.294324 0.054309
v -0.063321 4.294324 0.054309
v -0.063321 4.294324 0.036159
v 0.057679 4.366925 0.036159
v -0.063321 4.366925 0.036159
v -0.063321 4.366925 0.054309
v 0.057679 4.366925 0.054309
v 0.051629 4.322587 0.000575
v 0.051629 4.322587 0.073175
v 0.039529 4.322587 0.073175
v 0.039529 4.322587 0.000575
v 0.051629 4.334687 0.000575
v 0.039529 4.334687 0.000575
v 0.039529 4.334687 0.073175
v 0.051629 4.334687 0.073175
vt 0.258056 0.339539
vt 0.275741 0.339539
vt 0.258056 0.233428
v -0.002821 4.322587 0.000575
vt 0.284059 0.848747
v -0.055415 4.322587 -0.013518
vt 0.290851 0.847878
v -0.049976 4.322587 -0.026650
vt 0.297170 0.847304
v -0.041323 4.322587 -0.037928
vt 0.302586 0.847065
v -0.030046 4.322587 -0.046581
vt 0.306729 0.847177
v -0.016914 4.322587 -0.052021
vt 0.309318 0.847631
v -0.002821 4.322587 -0.053875
vt 0.310176 0.848398
v 0.011272 4.322587 -0.052021
vt 0.309244 0.849425
v 0.024404 4.322587 -0.046581
vt 0.306586 0.850642
v 0.035681 4.322587 -0.037928
vt 0.302383 0.851965
v 0.044334 4.322587 -0.026650
vt 0.296922 0.853306
v 0.049773 4.322587 -0.013518
vt 0.283773 0.855677
vt 0.196158 0.339539
v -0.002821 4.334687 0.000575
v 0.049773 4.334687 -0.013518
v 0.044334 4.334687 -0.026650
vn 0.793400 -0.000000 -0.608700
v 0.035681 4.334687 -0.037928
vn 0.608800 -0.000000 -0.793400
v 0.024404 4.334687 -0.046581
v 0.011272 4.334687 -0.052021
vn 0.130400 -0.000000 -0.991500
v -0.002821 4.334687 -0.053875
vn -0.130400 -0.000000 -0.991500
v -0.016914 4.334687 -0.052021
v -0.030046 4.334687 -0.046581
vn -0.608800 -0.000000 -0.793400
v -0.041323 4.334687 -0.037928
vn -0.793400 -0.000000 -0.608700
v -0.049976 4.334687 -0.026650
v -0.055415 4.334687 -0.013518
vt 0.296191 0.857688
vt 0.294860 0.858647
vt 0.292786 0.859510
vt 0.290109 0.860218
vt 0.287012 0.860722
vt 0.283706 0.860989
vt 0.280417 0.861000
vt 0.277367 0.860754
vt 0.274766 0.860269
vt 0.272791 0.859576
vt 0.271575 0.858724
v 0.070654 3.248929 0.301866
vt 0.495828 0.129830
v 0.092473 3.216912 0.592461
vt 0.524101 0.125207
v 0.063977 3.233452 0.301866
vt 0.495767 0.126926
v 0.088368 3.197934 0.592246
vt 0.524048 0.121593
v 0.099098 3.215711 0.683211
vt 0.555654 0.128230
v 0.091644 3.197870 0.682996
vt 0.555551 0.124880
v 0.103804 3.219110 0.725979
vt 0.562904 0.128983
v 0.093264 3.198001 0.695367
vt 0.557654 0.124929
vt 0.466891 0.216399
vn -0.228700 -0.762500 0.605200
v 0.103224 3.219284 0.725979
vt 0.508746 0.203355
vn -0.230500 -0.762200 0.604900
vt 0.466461 0.207328
v 0.092740 3.198304 0.695367
vt 0.508315 0.194284
vn -0.397700 -0.687600 0.607500
v 0.098518 3.215886 0.683211
v 0.091120 3.198173 0.682996
v 0.091893 3.217085 0.592461
v 0.087844 3.198237 0.592246
v 0.070075 3.249103 0.301866
v 0.063453 3.233754 0.301866
v 0.073581 3.265530 0.301866
vt 0.495833 0.133001
v 0.095954 3.237104 0.592461
vt 0.524106 0.129065
v 0.102514 3.234787 0.683211
vt 0.555660 0.131873
v 0.107205 3.237251 0.742094
vt 0.565621 0.132505
vn -0.037900 -0.659700 0.750600
v 0.106601 3.237286 0.742094
vn -0.040200 -0.659400 0.750700
vn -0.188000 -0.635200 0.749100
vn -0.190500 -0.634700 0.748900
v 0.101909 3.234822 0.683211
v 0.095350 3.237139 0.592461
v 0.072977 3.265565 0.301866
v 0.072601 3.282358 0.301866
vt 0.498777 0.137259
v 0.094975 3.258218 0.592461
vt 0.524045 0.133159
v 0.101337 3.254015 0.683211
vt 0.555601 0.135605
v 0.101195 3.256182 0.755243
vt 0.567704 0.137826
vn 0.096500 -0.546900 0.831600
v 0.100599 3.256077 0.755243
vn 0.094400 -0.547600 0.831400
vn -0.030600 -0.579600 0.814300
vn -0.033100 -0.580100 0.813900
v 0.100741 3.253910 0.683211
v 0.094379 3.258114 0.592461
v 0.072005 3.282253 0.301866
v 0.067767 3.298507 0.301866
vt 0.500544 0.139904
v 0.089000 3.277858 0.592461
vt 0.523915 0.138569
v 0.094624 3.274274 0.683211
vt 0.555459 0.141144
v 0.091400 3.273629 0.761861
vt 0.568638 0.141353
v 0.090845 3.273389 0.761861
vn 0.059300 -0.327000 0.943100
vn 0.057800 -0.327900 0.942900
v 0.094069 3.274033 0.683211
v 0.088445 3.277619 0.592461
v 0.067211 3.298267 0.301866
v 0.059338 3.313106 0.301866
vt 0.501607 0.144055
v 0.078907 3.295484 0.592461
vt 0.523732 0.142110
v 0.082563 3.291864 0.683211
vt 0.555248 0.144705
v 0.078039 3.290089 0.761861
vt 0.568410 0.144712
v 0.077554 3.289727 0.761861
v 0.082078 3.291502 0.683211
vn -0.816100 -0.576500 -0.041800
v 0.078422 3.295123 0.592461
v 0.058853 3.312745 0.301866
vn -0.865800 -0.499600 0.027800
v 0.047771 3.325367 0.301866
vt 0.501415 0.146579
v 0.063601 3.310528 0.592461
vt 0.523479 0.145222
v 0.066241 3.308457 0.683211
vt 0.554977 0.148129
v 0.061482 3.303405 0.761861
vt 0.568517 0.147777
vn 0.568500 0.819500 0.073100
v 0.061094 3.302942 0.761861
v 0.065852 3.307993 0.683211
v 0.063212 3.310064 0.592461
vn -0.702700 -0.711500 0.000600
v 0.047382 3.324903 0.301866
vn -0.726100 -0.687600 0.007100
vn -0.701800 -0.712400 0.002000
vn -0.727300 -0.686200 0.007400
v 0.033687 3.334629 0.301866
vt 0.501193 0.148556
v 0.044316 3.322039 0.592461
vt 0.523178 0.147702
v 0.045775 3.318689 0.683211
vt 0.554661 0.150378
v 0.042839 3.313977 0.761861
vt 0.568227 0.150067
v 0.042568 3.313437 0.761861
v 0.045504 3.318148 0.683211
v 0.044044 3.321498 0.592461
v 0.033415 3.334089 0.301866
vn -0.547600 -0.836600 -0.013000
vn -0.513600 -0.857800 -0.018300
vn -0.549500 -0.835400 -0.012700
v 0.017847 3.340395 0.301866
vt 0.500953 0.149881
v 0.023669 3.328976 0.592461
vt 0.522866 0.149317
v 0.024435 3.325323 0.683211
vt 0.554341 0.151944
v 0.022113 3.321350 0.761861
vt 0.567915 0.151767
v 0.021973 3.320761 0.761861
v 0.024295 3.324734 0.683211
vn -0.327800 -0.942900 -0.059300
v 0.023530 3.328387 0.592461
v 0.017707 3.339806 0.301866
v 0.001104 3.342351 0.301866
vt 0.500709 0.150481
v 0.001087 3.331288 0.592461
vt 0.522538 0.150063
v 0.001098 3.327486 0.683211
vt 0.554003 0.152671
v 0.001104 3.324191 0.761861
vt 0.567608 0.152595
v 0.001104 3.323585 0.761861
v 0.001098 3.326881 0.683211
v 0.001087 3.330682 0.592461
vn -0.100100 -0.994200 -0.039600
v 0.001104 3.341747 0.301866
v -0.015499 3.339806 0.301866
v -0.015639 3.340395 0.301866
v 0.091382 3.198022 0.668948
vn -0.986800 -0.158000 0.036000
vn -0.499700 0.866000 0.018800
vn -0.986800 -0.157900 0.036000
vn -0.187400 0.982200 0.014100
vn -0.499400 -0.865700 0.035000
vn -0.001600 -0.999900 0.010800
vn -0.986800 -0.157900 0.036100
vn -0.204700 -0.978800 0.006700
vn -0.498900 -0.865400 -0.046300
v -0.090265 3.216912 0.592461
v -0.068446 3.248929 0.301866
v -0.061769 3.233452 0.301866
v -0.086160 3.197934 0.592246
v -0.096890 3.215711 0.683211
v -0.089436 3.197870 0.682996
v -0.101596 3.219110 0.725979
v -0.091056 3.198001 0.695367
v -0.101016 3.219284 0.725979
vn 0.230500 -0.762200 0.604900
vn 0.228700 -0.762500 0.605200
v -0.090532 3.198304 0.695367
v -0.096310 3.215886 0.683211
v -0.088912 3.198173 0.682996
v -0.089685 3.217085 0.592461
vn 0.920700 0.383600 0.072300
v -0.085636 3.198237 0.592246
v -0.067867 3.249103 0.301866
v -0.061245 3.233754 0.301866
v -0.093746 3.237104 0.592461
v -0.071373 3.265530 0.301866
v -0.100306 3.234787 0.683211
v -0.104997 3.237251 0.742094
v -0.104393 3.237286 0.742094
vn 0.040200 -0.659400 0.750700
vn 0.037900 -0.659700 0.750600
vn 0.188000 -0.635200 0.749100
vn 0.190500 -0.634700 0.748900
v -0.099701 3.234822 0.683211
v -0.093142 3.237139 0.592461
v -0.070769 3.265565 0.301866
v -0.092767 3.258218 0.592461
v -0.070393 3.282358 0.301866
v -0.099129 3.254015 0.683211
v -0.098987 3.256182 0.755243
v -0.098391 3.256077 0.755243
vn -0.094400 -0.547600 0.831400
vn 0.030400 -0.579600 0.814400
vn 0.032900 -0.580100 0.813900
v -0.098533 3.253910 0.683211
v -0.092171 3.258114 0.592461
v -0.069797 3.282253 0.301866
v -0.086792 3.277858 0.592461
v -0.065559 3.298507 0.301866
v -0.092416 3.274274 0.683211
v -0.089192 3.273629 0.761861
v -0.088637 3.273389 0.761861
vn -0.124000 -0.290300 0.948800
vn -0.125000 -0.289600 0.949000
vn -0.059700 -0.327000 0.943100
vn -0.057800 -0.327900 0.942900
v -0.091861 3.274033 0.683211
v -0.086237 3.277619 0.592461
v -0.065003 3.298267 0.301866
v -0.076699 3.295484 0.592461
v -0.057130 3.313106 0.301866
v -0.080355 3.291864 0.683211
v -0.075831 3.290089 0.761861
v -0.075346 3.289727 0.761861
v -0.079870 3.291502 0.683211
vn 0.816100 -0.576500 -0.041800
vn 0.823800 -0.565500 -0.038400
v -0.076214 3.295123 0.592461
v -0.056645 3.312745 0.301866
vn 0.865800 -0.499600 0.027800
v -0.061393 3.310528 0.592461
v -0.045563 3.325367 0.301866
v -0.064033 3.308457 0.683211
v -0.059274 3.303405 0.761861
vn -0.568500 0.819500 0.073100
v -0.058886 3.302942 0.761861
v -0.063644 3.307993 0.683211
v -0.061004 3.310064 0.592461
vn 0.702700 -0.711500 0.000600
v -0.045174 3.324903 0.301866
vn 0.726100 -0.687600 0.007100
vn 0.701800 -0.712400 0.002000
vn 0.727300 -0.686200 0.007400
v -0.042108 3.322039 0.592461
v -0.031479 3.334629 0.301866
v -0.043567 3.318689 0.683211
v -0.040631 3.313977 0.761861
v -0.040360 3.313437 0.761861
v -0.043296 3.318148 0.683211
v -0.041836 3.321498 0.592461
v -0.031207 3.334089 0.301866
vn 0.547600 -0.836600 -0.013000
vn 0.513600 -0.857800 -0.018300
vn 0.549500 -0.835400 -0.012700
v -0.021461 3.328976 0.592461
v -0.022227 3.325323 0.683211
v -0.019905 3.321350 0.761861
v -0.019765 3.320761 0.761861
v -0.022087 3.324734 0.683211
vn 0.327800 -0.942900 -0.059300
v -0.021322 3.328387 0.592461
v 0.001121 3.331288 0.592461
v 0.001110 3.327486 0.683211
v 0.001110 3.326881 0.683211
v 0.001121 3.330682 0.592461
vn 0.100100 -0.994200 -0.039600
v -0.089174 3.198022 0.668948
vn 0.986800 -0.157800 0.036000
vn 0.499400 0.866100 0.018800
vn 0.986800 -0.157700 0.036000
vn 0.187400 0.982200 0.014100
vn 0.986800 -0.157700 0.036100
vn 0.986800 -0.157600 0.036000
vn 0.001600 -0.999900 0.010800
vn 0.204700 -0.978800 0.006700
vn 0.498900 -0.865400 -0.046300
vn 0.986800 -0.157600 0.036100
v 0.070934 3.254909 0.307916
vt 0.862333 0.297349
v 0.072494 3.269752 0.307916
vt 0.864123 0.322017
v 0.001104 3.269752 0.307916
vt 0.782207 0.322017
v 0.066322 3.240714 0.307916
vt 0.857041 0.273760
v 0.058860 3.227790 0.307916
vt 0.848479 0.252278
v 0.048873 3.216698 0.307916
vt 0.837020 0.233844
v 0.036799 3.207926 0.307916
vt 0.823164 0.219266
v 0.023165 3.201856 0.307916
vt 0.807520 0.209176
v 0.008566 3.198753 0.307916
vt 0.790768 0.204018
v -0.006358 3.198753 0.307916
vt 0.773643 0.204018
v -0.020957 3.201856 0.307916
vt 0.756894 0.209176
v -0.034591 3.207926 0.307916
vt 0.741248 0.219266
v -0.046665 3.216698 0.307916
vt 0.727393 0.233844
v -0.056652 3.227790 0.307916
vt 0.715934 0.252278
v -0.064114 3.240714 0.307916
vt 0.707371 0.273760
v -0.068726 3.254909 0.307916
vt 0.702080 0.297349
v -0.070286 3.269752 0.307916
vt 0.700289 0.322017
v -0.068726 3.284594 0.307916
vt 0.702080 0.346686
v -0.064114 3.298789 0.307916
vt 0.707371 0.370277
v -0.056652 3.311713 0.307916
vt 0.715934 0.391757
v -0.046665 3.322805 0.307916
vt 0.727393 0.410191
v -0.034591 3.331577 0.307916
vt 0.741248 0.424769
v -0.020957 3.337647 0.307916
vt 0.756894 0.434859
v -0.006358 3.340750 0.307916
vt 0.773643 0.440016
v 0.008566 3.340750 0.307916
vt 0.790768 0.440016
v 0.023165 3.337647 0.307916
vt 0.807520 0.434859
v 0.036799 3.331577 0.307916
vt 0.823164 0.424769
v 0.048873 3.322805 0.307916
vt 0.837020 0.410191
v 0.058860 3.311713 0.307916
vt 0.848479 0.391757
v 0.066322 3.298789 0.307916
vt 0.857041 0.370275
v 0.070934 3.284594 0.307916
vt 0.862333 0.346686
v 0.070934 3.254909 0.301866
vt 0.526014 0.281177
v 0.072494 3.269752 0.301866
vt 0.526145 0.282926
v 0.066322 3.240714 0.301866
vt 0.525627 0.279505
v 0.058860 3.227790 0.301866
vt 0.525000 0.277983
v 0.048873 3.216698 0.301866
vt 0.524161 0.276676
v 0.036799 3.207926 0.301866
vt 0.523146 0.275643
v 0.023165 3.201856 0.301866
vt 0.522000 0.274928
v 0.008566 3.198753 0.301866
vt 0.520774 0.274562
v -0.006358 3.198753 0.301866
vt 0.519520 0.274562
v -0.020957 3.201856 0.301866
vt 0.518293 0.274928
v -0.034591 3.207926 0.301866
vt 0.517148 0.275643
v -0.046665 3.216698 0.301866
vt 0.516133 0.276676
v -0.056652 3.227790 0.301866
vt 0.515294 0.277983
v -0.064114 3.240714 0.301866
vt 0.514667 0.279505
v -0.068726 3.254909 0.301866
vt 0.514279 0.281177
v -0.070286 3.269752 0.301866
vt 0.514148 0.282926
v -0.068726 3.284594 0.301866
vt 0.514279 0.284674
v -0.064114 3.298789 0.301866
vt 0.514667 0.286346
v -0.056652 3.311713 0.301866
vt 0.515294 0.287869
v -0.046665 3.322805 0.301866
vt 0.516133 0.289175
v -0.034591 3.331577 0.301866
vt 0.517148 0.290209
v -0.020957 3.337647 0.301866
vt 0.518293 0.290924
v -0.006358 3.340750 0.301866
vt 0.519520 0.291289
v 0.008566 3.340750 0.301866
vt 0.520774 0.291289
v 0.023165 3.337647 0.301866
vt 0.522000 0.290924
v 0.036799 3.331577 0.301866
vt 0.523146 0.290209
v 0.048873 3.322805 0.301866
vt 0.524161 0.289175
v 0.058860 3.311713 0.301866
vt 0.525000 0.287869
v 0.066322 3.298789 0.301866
vt 0.525627 0.286346
v 0.070934 3.284594 0.301866
vt 0.526014 0.284674
v 0.001104 3.269752 0.301866
vt 0.520147 0.282926
v -0.208171 3.184571 0.290907
vt 0.550718 0.325432
v -0.213807 3.184308 0.293091
vt 0.550476 0.333293
v -0.094955 3.266620 0.592855
vt 0.535581 0.325432
v -0.100591 3.266357 0.595039
vt 0.535338 0.333293
v -0.098259 3.248785 0.598940
vn 0.128800 -0.968100 0.214800
v -0.211475 3.166737 0.296991
vn 0.128500 -0.968200 0.214900
v -0.092623 3.249047 0.596755
vn 0.128300 -0.968200 0.215000
v -0.205839 3.167000 0.294807
vn 0.340300 0.246500 0.907400
v 0.219459 3.185053 0.294381
vn 0.049800 0.968100 -0.245400
v 0.213824 3.184789 0.292197
v 0.099587 3.267101 0.593749
v 0.093952 3.266838 0.591565
v 0.093045 3.249266 0.596018
v 0.212918 3.167218 0.296650
v 0.098681 3.249529 0.598203
v 0.218553 3.167481 0.298834
v 0.070654 3.064405 0.301866
v 0.092473 3.032387 0.592461
v 0.063977 3.048927 0.301866
v 0.088368 3.013409 0.592246
v 0.099098 3.031187 0.683211
v 0.091644 3.013346 0.682996
v 0.103804 3.034586 0.725979
v 0.093264 3.013476 0.695367
vn 0.947000 -0.297500 -0.120900
vn -0.227800 -0.763200 0.604700
v 0.103224 3.034759 0.725979
vn -0.229800 -0.762400 0.604900
vn -0.395300 -0.688900 0.607600
v 0.092740 3.013779 0.695367
vn -0.396800 -0.688000 0.607600
v 0.098518 3.031361 0.683211
v 0.091120 3.013648 0.682996
v 0.091893 3.032560 0.592461
v 0.087844 3.013712 0.592246
v 0.070075 3.064578 0.301866
v 0.063453 3.049229 0.301866
v 0.073581 3.081005 0.301866
v 0.095954 3.052579 0.592461
v 0.102514 3.050262 0.683211
v 0.107205 3.052726 0.742094
vn -0.037800 -0.659700 0.750600
v 0.106601 3.052761 0.742094
vn -0.040500 -0.659400 0.750700
vn -0.186800 -0.635500 0.749200
vn -0.189700 -0.634900 0.749000
v 0.101909 3.050297 0.683211
v 0.095350 3.052614 0.592461
v 0.072977 3.081040 0.301866
v 0.072601 3.097834 0.301866
v 0.094975 3.073693 0.592461
v 0.101337 3.069490 0.683211
v 0.101195 3.071657 0.755243
vn 0.097000 -0.546900 0.831600
v 0.100599 3.071552 0.755243
vn -0.031400 -0.579500 0.814400
vn -0.033700 -0.580200 0.813800
v 0.100741 3.069385 0.683211
v 0.094379 3.073588 0.592461
v 0.072005 3.097729 0.301866
v 0.067767 3.113982 0.301866
v 0.089000 3.093333 0.592461
v 0.094624 3.089749 0.683211
v 0.091400 3.089104 0.761861
vn 0.124900 -0.289800 0.948900
v 0.090845 3.088865 0.761861
vn 0.123200 -0.290500 0.948900
vn 0.059800 -0.327000 0.943100
vn 0.057800 -0.327900 0.943000
v 0.094069 3.089508 0.683211
vn -0.889800 -0.455300 -0.032800
v 0.088445 3.093094 0.592461
v 0.067211 3.113742 0.301866
v 0.059338 3.128580 0.301866
v 0.078907 3.110959 0.592461
v 0.082563 3.107338 0.683211
v 0.078039 3.105563 0.761861
v 0.077554 3.105202 0.761861
v 0.082078 3.106977 0.683211
v 0.078422 3.110597 0.592461
v 0.058853 3.128219 0.301866
v 0.047771 3.140841 0.301866
vn 0.637800 0.770200 0.006300
v 0.063601 3.126003 0.592461
v 0.066241 3.123932 0.683211
v 0.061482 3.118881 0.761861
v 0.061094 3.118417 0.761861
v 0.065852 3.123468 0.683211
v 0.063212 3.125539 0.592461
v 0.047382 3.140378 0.301866
v 0.033687 3.150105 0.301866
v 0.044316 3.137514 0.592461
v 0.045775 3.134164 0.683211
v 0.042839 3.129452 0.761861
v 0.042568 3.128912 0.761861
v 0.045504 3.133623 0.683211
v 0.044044 3.136973 0.592461
v 0.033415 3.149564 0.301866
v 0.017847 3.155870 0.301866
v 0.023669 3.144451 0.592461
v 0.024435 3.140798 0.683211
v 0.022113 3.136825 0.761861
v 0.021973 3.136237 0.761861
v 0.024295 3.140210 0.683211
v 0.023530 3.143862 0.592461
v 0.017707 3.155281 0.301866
v 0.001104 3.157827 0.301866
v 0.001087 3.146763 0.592461
v 0.001098 3.142961 0.683211
v 0.001104 3.139665 0.761861
v 0.001104 3.139060 0.761861
v 0.001098 3.142356 0.683211
v 0.001087 3.146158 0.592461
vn -0.100200 -0.994200 -0.039500
v 0.001104 3.157222 0.301866
v -0.015499 3.155281 0.301866
v -0.015639 3.155870 0.301866
v 0.091382 3.013497 0.668948
vn -0.986900 -0.157500 0.035900
vn -0.499000 0.866400 0.018600
vn -0.986900 -0.157400 0.035900
vn -0.499500 -0.865600 0.034900
vn -0.001600 -0.999900 0.010700
vn -0.986900 -0.157600 0.035900
vn -0.499900 -0.864900 -0.046200
v -0.090265 3.032387 0.592461
v -0.068446 3.064405 0.301866
v -0.061769 3.048927 0.301866
v -0.086160 3.013409 0.592246
v -0.096890 3.031187 0.683211
v -0.089436 3.013346 0.682996
v -0.101596 3.034586 0.725979
v -0.091056 3.013476 0.695367
vn -0.947000 -0.297500 -0.120900
v -0.101016 3.034759 0.725979
vn 0.229500 -0.762600 0.604800
vn 0.227800 -0.763200 0.604700
vn 0.395200 -0.688900 0.607600
v -0.090532 3.013779 0.695367
vn 0.396800 -0.688100 0.607500
v -0.096310 3.031361 0.683211
v -0.088912 3.013648 0.682996
v -0.089685 3.032560 0.592461
v -0.085636 3.013712 0.592246
v -0.067867 3.064578 0.301866
v -0.061245 3.049229 0.301866
v -0.093746 3.052579 0.592461
v -0.071373 3.081005 0.301866
v -0.100306 3.050262 0.683211
v -0.104997 3.052726 0.742094
v -0.104393 3.052761 0.742094
vn 0.037800 -0.659700 0.750600
vn 0.186800 -0.635500 0.749200
vn 0.189700 -0.634900 0.748900
v -0.099701 3.050297 0.683211
v -0.093142 3.052614 0.592461
v -0.070769 3.081040 0.301866
v -0.092767 3.073693 0.592461
v -0.070393 3.097834 0.301866
v -0.099129 3.069490 0.683211
v -0.098987 3.071657 0.755243
v -0.098391 3.071552 0.755243
vn -0.094700 -0.547600 0.831400
vn -0.097000 -0.546900 0.831600
vn 0.031100 -0.579600 0.814300
vn 0.033700 -0.580200 0.813800
v -0.098533 3.069385 0.683211
v -0.092171 3.073588 0.592461
v -0.069797 3.097729 0.301866
v -0.086792 3.093333 0.592461
v -0.065559 3.113982 0.301866
v -0.092416 3.089749 0.683211
v -0.089192 3.089104 0.761861
v -0.088637 3.088865 0.761861
vn -0.123200 -0.290500 0.948900
vn -0.124900 -0.289800 0.948900
vn -0.059800 -0.327000 0.943100
vn -0.058300 -0.327900 0.942900
v -0.091861 3.089508 0.683211
vn 0.889800 -0.455300 -0.032800
v -0.086237 3.093094 0.592461
v -0.065003 3.113742 0.301866
v -0.076699 3.110959 0.592461
v -0.057130 3.128580 0.301866
v -0.080355 3.107338 0.683211
v -0.075831 3.105563 0.761861
v -0.075346 3.105202 0.761861
v -0.079870 3.106977 0.683211
v -0.076214 3.110597 0.592461
v -0.056645 3.128219 0.301866
v -0.061393 3.126003 0.592461
v -0.045563 3.140841 0.301866
vn -0.637800 0.770200 0.006300
v -0.064033 3.123932 0.683211
v -0.059274 3.118881 0.761861
v -0.058886 3.118417 0.761861
v -0.063644 3.123468 0.683211
v -0.061004 3.125539 0.592461
v -0.045174 3.140378 0.301866
v -0.042108 3.137514 0.592461
v -0.031479 3.150105 0.301866
v -0.043567 3.134164 0.683211
v -0.040631 3.129452 0.761861
v -0.040360 3.128912 0.761861
v -0.043296 3.133623 0.683211
v -0.041836 3.136973 0.592461
v -0.031207 3.149564 0.301866
v -0.021461 3.144451 0.592461
v -0.022227 3.140798 0.683211
v -0.019905 3.136825 0.761861
v -0.019765 3.136237 0.761861
v -0.022087 3.140210 0.683211
v -0.021322 3.143862 0.592461
v 0.001121 3.146763 0.592461
v 0.001110 3.142961 0.683211
v 0.001110 3.142356 0.683211
v 0.001121 3.146158 0.592461
vn 0.100200 -0.994200 -0.039500
v -0.089174 3.013497 0.668948
vn 0.986800 -0.157800 0.035900
vn 0.499000 0.866400 0.018600
vn 0.186200 0.982400 0.014100
vn 0.499500 -0.865600 0.034900
vn 0.001500 -0.999900 0.010700
vn 0.205000 -0.978700 0.006700
vn 0.499900 -0.864900 -0.046200
v 0.070934 3.070384 0.307916
v 0.072494 3.085227 0.307916
v 0.001104 3.085227 0.307916
v 0.066322 3.056190 0.307916
v 0.058860 3.043265 0.307916
v 0.048873 3.032173 0.307916
v 0.036799 3.023401 0.307916
v 0.023165 3.017331 0.307916
v 0.008566 3.014228 0.307916
v -0.006358 3.014228 0.307916
v -0.020957 3.017331 0.307916
v -0.034591 3.023401 0.307916
v -0.046665 3.032173 0.307916
v -0.056652 3.043265 0.307916
v -0.064114 3.056190 0.307916
v -0.068726 3.070384 0.307916
v -0.070286 3.085227 0.307916
v -0.068726 3.100069 0.307916
v -0.064114 3.114264 0.307916
v -0.056652 3.127189 0.307916
v -0.046665 3.138280 0.307916
v -0.034591 3.147052 0.307916
v -0.020957 3.153122 0.307916
v -0.006358 3.156226 0.307916
v 0.008566 3.156226 0.307916
v 0.023165 3.153122 0.307916
v 0.036799 3.147052 0.307916
v 0.048873 3.138280 0.307916
v 0.058860 3.127189 0.307916
v 0.066322 3.114264 0.307916
v 0.070934 3.100069 0.307916
v 0.070934 3.070384 0.301866
v 0.072494 3.085227 0.301866
v 0.066322 3.056190 0.301866
v 0.058860 3.043265 0.301866
v 0.048873 3.032173 0.301866
v 0.036799 3.023401 0.301866
v 0.023165 3.017331 0.301866
v 0.008566 3.014228 0.301866
v -0.006358 3.014228 0.301866
v -0.020957 3.017331 0.301866
v -0.034591 3.023401 0.301866
v -0.046665 3.032173 0.301866
v -0.056652 3.043265 0.301866
v -0.064114 3.056190 0.301866
v -0.068726 3.070384 0.301866
v -0.070286 3.085227 0.301866
v -0.068726 3.100069 0.301866
v -0.064114 3.114264 0.301866
v -0.056652 3.127189 0.301866
v -0.046665 3.138280 0.301866
v -0.034591 3.147052 0.301866
v -0.020957 3.153122 0.301866
v -0.006358 3.156226 0.301866
vn -0.104600 0.994500 -0.000000
v 0.008566 3.156226 0.301866
vn 0.104600 0.994500 -0.000000
v 0.023165 3.153122 0.301866
v 0.036799 3.147052 0.301866
v 0.048873 3.138280 0.301866
v 0.058860 3.127189 0.301866
v 0.066322 3.114264 0.301866
v 0.070934 3.100069 0.301866
v 0.001104 3.085227 0.301866
v 0.216015 3.202885 0.293092
vn -0.128300 0.968200 0.214900
v 0.210379 3.202623 0.290907
v 0.102799 3.120837 0.595039
vn -0.128700 0.968100 0.214800
v 0.097163 3.120573 0.592854
v 0.099495 3.103002 0.588954
vn 0.128800 -0.968100 -0.214800
v 0.212711 3.185051 0.287006
v 0.105131 3.103264 0.591139
vn 0.128700 -0.968100 -0.214900
v 0.218347 3.185314 0.289191
vn -0.340200 -0.246600 0.907400
vn -0.340300 -0.246500 0.907400
v -0.211500 3.202885 0.292197
v -0.217136 3.202623 0.294382
v -0.091626 3.120837 0.591564
vn 0.049800 0.968100 0.245400
v -0.097262 3.120573 0.593749
v -0.098168 3.103002 0.589295
vn -0.050000 -0.968200 -0.245300
v -0.218042 3.185051 0.289929
v -0.092532 3.103264 0.587111
v -0.212407 3.185314 0.287744
vn 0.360100 -0.246600 0.899700
v 0.071182 3.049520 0.195989
vt 0.131968 0.231579
v 0.078786 3.072922 0.195989
vt 0.126746 0.231687
v 0.078786 3.072922 0.301864
vt 0.127108 0.268298
v 0.071182 3.049520 0.301864
vt 0.132314 0.266595
v 0.056718 3.029612 0.195989
vt 0.135074 0.231515
v 0.056718 3.029612 0.301864
vt 0.135419 0.266371
v 0.036810 3.015148 0.195989
vt 0.135595 0.258314
v 0.036810 3.015148 0.301864
vt 0.135652 0.264131
v 0.013407 3.007544 0.195989
vt 0.140282 0.253307
v 0.013407 3.007544 0.301864
vt 0.140386 0.263874
v -0.011200 3.007544 0.195989
vt 0.145304 0.258114
v -0.011200 3.007544 0.301864
vt 0.145360 0.263772
v -0.034602 3.015148 0.195989
v -0.034602 3.015148 0.301864
v -0.054510 3.029612 0.195989
v -0.054510 3.029612 0.301864
v -0.068974 3.049520 0.195989
v -0.068974 3.049520 0.301864
v -0.076578 3.072922 0.195989
v -0.076578 3.072922 0.301864
v -0.076578 3.282598 0.195687
vt 0.048314 0.233192
v -0.076578 3.282598 0.301562
vt 0.048674 0.269587
v -0.068974 3.306002 0.195687
vt 0.043092 0.233300
v -0.068974 3.306002 0.301562
vt 0.043452 0.269695
v -0.054510 3.325909 0.195687
vt 0.038382 0.233397
v -0.054510 3.325909 0.301562
vt 0.038741 0.269792
v -0.034602 3.340372 0.195687
vt 0.034643 0.233474
v -0.034602 3.340372 0.301562
vt 0.035003 0.269869
v -0.011200 3.347976 0.195687
vt 0.032243 0.233524
v -0.011200 3.347976 0.301562
vt 0.032603 0.269919
v 0.013407 3.347976 0.195687
vt 0.031416 0.233541
v 0.013407 3.347976 0.301562
vt 0.031775 0.269936
v 0.036810 3.340372 0.195687
v 0.036810 3.340372 0.301562
v 0.056718 3.325909 0.195687
v 0.056718 3.325909 0.301562
v 0.071182 3.306001 0.195687
v 0.071182 3.306001 0.301562
v 0.078786 3.282598 0.195687
v 0.078786 3.282598 0.301562
v 0.001104 3.085226 0.195989
vn -0.000000 -0.000700 -1.000000
vn 0.001900 -0.000800 -1.000000
vn 0.001500 -0.000900 -1.000000
vn 0.000900 -0.001000 -1.000000
vn 0.000500 -0.001100 -1.000000
vn 0.000200 -0.001100 -1.000000
vn -0.000200 -0.001100 -1.000000
vn -0.000500 -0.001100 -1.000000
vn -0.000900 -0.001000 -1.000000
vn -0.001500 -0.000900 -1.000000
vn -0.001900 -0.000800 -1.000000
v 0.071181 3.049527 0.196594
vt 0.179307 0.553064
v 0.078769 3.072901 0.196594
vt 0.175733 0.566816
v 0.001104 3.085226 0.196594
vt 0.211367 0.580033
vn -0.000000 0.000700 1.000000
v 0.056728 3.029602 0.196594
vt 0.186114 0.541340
v 0.036835 3.015142 0.196594
vt 0.195482 0.532833
v 0.013407 3.007530 0.196594
vt 0.206516 0.528353
v -0.011160 3.007542 0.196594
vt 0.218087 0.528361
v -0.034612 3.015156 0.196594
vt 0.229131 0.532841
v -0.054520 3.029611 0.196594
vt 0.238508 0.541346
v -0.068960 3.049479 0.196594
vt 0.245309 0.553034
v -0.076577 3.072911 0.196594
vt 0.248895 0.566822
v -0.076588 3.282479 0.196292
vt 0.246306 0.838244
vn -0.001900 0.000800 1.000000
v -0.068965 3.305856 0.196292
vt 0.242716 0.851998
vn -0.001500 0.000900 1.000000
v -0.054476 3.325819 0.196292
vt 0.235892 0.863743
vn -0.000900 0.001000 1.000000
v -0.034654 3.340203 0.196292
vt 0.226556 0.872206
vn -0.000500 0.001100 1.000000
v -0.011199 3.347826 0.196292
vt 0.215510 0.876692
vn -0.000200 0.001100 1.000000
v 0.013394 3.347826 0.196292
vt 0.203928 0.876692
vn 0.000200 0.001100 1.000000
v 0.036798 3.340243 0.196292
vt 0.192905 0.872230
vn 0.000500 0.001100 1.000000
v 0.056738 3.325752 0.196292
vt 0.183514 0.863704
vn 0.000900 0.001000 1.000000
v 0.071173 3.305869 0.196292
vt 0.176715 0.852006
vn 0.001500 0.000900 1.000000
v 0.078787 3.282469 0.196292
vt 0.173130 0.838238
vn 0.001900 0.000800 1.000000
v 0.022666 3.074239 0.181469
vt 0.201212 0.573570
v 0.025006 3.081440 0.181469
vt 0.200110 0.577807
vn 0.264300 -0.042600 -0.963500
v 0.018216 3.068114 0.181469
vt 0.203308 0.569965
vn 0.189200 -0.189200 -0.963500
v 0.012091 3.063664 0.181469
vt 0.206193 0.567347
v 0.004889 3.061324 0.181469
vt 0.209584 0.565971
v -0.002681 3.061324 0.181469
vt 0.213150 0.565971
v -0.009883 3.063664 0.181469
vt 0.216542 0.567347
v -0.016008 3.068114 0.181469
vt 0.219427 0.569965
v -0.020458 3.074239 0.181469
vt 0.221522 0.573570
v -0.022798 3.081440 0.181469
vt 0.222624 0.577807
vn -0.264200 -0.042600 -0.963500
vn -0.264300 -0.042600 -0.963500
v -0.022798 3.273934 0.181167
vt 0.220224 0.824556
vn -0.264400 0.041100 -0.963500
vn -0.264400 0.041300 -0.963500
v -0.020458 3.281135 0.181167
vt 0.219122 0.828794
v -0.016008 3.287260 0.181167
vt 0.217027 0.832398
v -0.009883 3.291711 0.181167
vt 0.214142 0.835016
v -0.002681 3.294051 0.181167
vt 0.210749 0.836392
v 0.004889 3.294051 0.181167
vt 0.207184 0.836392
v 0.012091 3.291711 0.181167
vt 0.203793 0.835016
v 0.018216 3.287260 0.181167
vt 0.200908 0.832398
v 0.022666 3.281135 0.181167
vt 0.198811 0.828794
v 0.025006 3.273934 0.181167
vt 0.197710 0.824556
vn 0.264500 0.041100 -0.963500
vn 0.264400 0.041200 -0.963500
v 0.001104 3.085226 0.181469
vn -0.000000 -0.000900 -1.000000
vn 0.003400 -0.001200 -1.000000
vn 0.002100 -0.001300 -1.000000
vn 0.001200 -0.001400 -1.000000
vn 0.000700 -0.001400 -1.000000
vn 0.000200 -0.001400 -1.000000
vn -0.000200 -0.001400 -1.000000
vn -0.000700 -0.001400 -1.000000
vn -0.001200 -0.001400 -1.000000
vn -0.002100 -0.001300 -1.000000
vn -0.003400 -0.001200 -1.000000
v -0.229040 3.194732 0.288357
vt 0.347440 0.757090
v -0.226015 3.194732 0.293596
v -0.068832 3.194732 0.202846
vt 0.247726 0.763882
v -0.071857 3.194732 0.197607
v -0.229040 3.176582 0.288357
vt 0.347558 0.773858
v -0.071857 3.176582 0.197607
vt 0.247509 0.782112
v -0.068832 3.176582 0.202846
v -0.226015 3.176582 0.293596
v 0.228223 3.194731 0.293596
v 0.231248 3.194731 0.288357
v 0.071040 3.194731 0.202846
v 0.074065 3.194731 0.197607
v 0.074065 3.176582 0.197607
v 0.231248 3.176582 0.288357
v 0.071040 3.176582 0.202846
v 0.228223 3.176582 0.293596
v 0.259829 3.058033 0.292789
vt 0.977938 0.594656
v 0.248522 3.004835 0.292789
vt 0.974031 0.567185
v 0.001104 3.085225 0.292789
vt 0.869840 0.722824
v 0.226401 2.955151 0.292789
vt 0.966594 0.539944
v 0.194434 2.911151 0.292789
vt 0.956812 0.516690
v 0.154017 2.874759 0.292789
vt 0.942201 0.494229
v 0.106917 2.847566 0.292789
vt 0.926719 0.475249
v 0.055192 2.830761 0.292789
vt 0.899141 0.456526
v 0.001104 2.825076 0.292789
vt 0.874265 0.450890
v -0.052984 2.830761 0.292789
vt 0.899129 0.456500
v -0.104709 2.847566 0.292789
vt 0.926727 0.475197
v -0.151809 2.874760 0.292789
vt 0.942204 0.494183
v -0.192226 2.911151 0.292789
vt 0.956809 0.516695
v -0.224193 2.955151 0.292789
vt 0.966595 0.539957
v -0.246314 3.004835 0.292789
vt 0.974024 0.567173
v -0.257621 3.058033 0.292789
vt 0.977934 0.594635
v -0.257621 3.296795 0.292789
vt 0.973999 0.840435
v -0.246314 3.349992 0.292789
vt 0.970875 0.860078
v -0.224193 3.399677 0.292789
vt 0.966662 0.877886
v -0.192226 3.443676 0.292789
vt 0.959883 0.897229
v -0.151809 3.480068 0.292789
vt 0.948425 0.921386
v -0.104709 3.507261 0.292789
vt 0.928842 0.945776
v -0.052984 3.524067 0.292789
vt 0.900004 0.966128
v 0.001104 3.529752 0.292789
vt 0.868835 0.972367
v 0.055192 3.524067 0.292789
vt 0.900024 0.966116
v 0.106917 3.507261 0.292789
vt 0.928817 0.945674
v 0.154017 3.480067 0.292789
vt 0.948423 0.921469
v 0.194434 3.443676 0.292789
vt 0.959860 0.897216
v 0.226401 3.399677 0.292789
vt 0.966590 0.877528
v 0.248522 3.349992 0.292789
vt 0.971067 0.859947
v 0.259829 3.296795 0.292789
vt 0.973981 0.840438
v 0.248522 3.004835 0.301864
vt 0.538318 0.191263
vn -0.000400 0.000200 1.000000
v 0.259829 3.058033 0.301864
vt 0.538673 0.192519
vn -0.000600 -0.000200 1.000000
v 0.001104 3.177296 0.301727
vt 0.529928 0.197105
vn -0.000000 -0.000300 1.000000
v 0.226401 2.955151 0.301864
vt 0.537602 0.190074
v 0.194434 2.911151 0.301864
vt 0.536553 0.189004
vn -0.000300 0.000300 1.000000
v 0.154017 2.874760 0.301864
vt 0.535218 0.188101
v 0.106917 2.847567 0.301864
vt 0.533656 0.187403
vn -0.000200 0.000400 1.000000
v 0.055192 2.830761 0.301864
vt 0.531935 0.186941
v 0.001104 2.825076 0.301864
vt 0.530129 0.186735
v -0.052984 2.830761 0.301864
vt 0.528319 0.186795
v -0.104709 2.847567 0.301864
vt 0.526582 0.187117
vn 0.000200 0.000400 1.000000
v -0.151809 2.874760 0.301864
vt 0.524996 0.187688
v -0.192226 2.911151 0.301864
vt 0.523628 0.188482
vn 0.000300 0.000300 1.000000
v -0.224193 2.955151 0.301864
vt 0.522540 0.189466
vn 0.000400 0.000200 1.000000
v -0.246314 3.004835 0.301864
vt 0.521778 0.190595
v -0.257621 3.058033 0.301864
vt 0.521376 0.191821
vn 0.000600 -0.000200 1.000000
v -0.257621 3.296600 0.302030
vt 0.521187 0.201690
vn 0.001000 -0.000400 1.000000
v -0.246314 3.349798 0.302030
vt 0.521541 0.202947
v -0.224193 3.399481 0.302030
vt 0.522258 0.204136
vn 0.000800 -0.000500 1.000000
v -0.192226 3.443481 0.302030
vt 0.523306 0.205205
vn 0.000700 -0.000600 1.000000
v -0.151809 3.479872 0.302030
vt 0.524641 0.206109
vn 0.000500 -0.000700 1.000000
v -0.104709 3.507065 0.302030
vt 0.526203 0.206807
vn 0.000400 -0.000800 1.000000
v -0.052984 3.523872 0.302030
vt 0.527925 0.207269
vn 0.000200 -0.000800 1.000000
v 0.001104 3.529557 0.302030
vt 0.529730 0.207474
vn -0.000000 -0.000900 1.000000
v 0.055192 3.523872 0.302030
vt 0.531541 0.207415
vn -0.000200 -0.000800 1.000000
v 0.106917 3.507065 0.302030
vt 0.533277 0.207093
vn -0.000400 -0.000800 1.000000
v 0.154017 3.479872 0.302030
vt 0.534864 0.206522
vn -0.000500 -0.000700 1.000000
v 0.194434 3.443481 0.302030
vt 0.536231 0.205727
vn -0.000700 -0.000600 1.000000
v 0.226401 3.399481 0.302030
vt 0.537319 0.204744
vn -0.000800 -0.000500 1.000000
v 0.248522 3.349798 0.302030
vt 0.538081 0.203615
v 0.259829 3.296599 0.302030
vt 0.538483 0.202389
vn -0.001000 -0.000400 1.000000
vt 0.536187 0.205810
vt 0.523173 0.205810
vt 0.523173 0.190375
vt 0.536187 0.190375
v 0.154017 2.874760 0.292789
v 0.106917 2.847567 0.292789
v -0.104709 2.847567 0.292789
v -0.257621 3.296600 0.292955
v -0.246314 3.349798 0.292955
vn -0.978200 0.207900 -0.000000
v -0.224193 3.399481 0.292955
v -0.192226 3.443481 0.292955
v -0.151809 3.479872 0.292955
v -0.104709 3.507065 0.292955
v -0.052984 3.523872 0.292955
v 0.001104 3.529557 0.292955
v 0.055192 3.523872 0.292955
v 0.106917 3.507065 0.292955
v 0.154017 3.479872 0.292955
v 0.194434 3.443481 0.292955
v 0.226401 3.399481 0.292955
v 0.248522 3.349798 0.292955
v 0.259829 3.296599 0.292955
vn 0.978200 0.207900 -0.000000
v -0.017046 3.026724 0.217813
vt 0.039956 0.339901
v -0.029146 3.026724 0.217813
vt 0.039136 0.319140
v -0.017046 3.026724 0.248063
vt 0.047504 0.339901
v -0.029146 3.026724 0.248063
vt 0.046684 0.319140
v -0.029146 2.965616 0.217813
vt 0.049608 0.255896
vt 0.063959 0.254415
v -0.017046 2.965617 0.217813
vt 0.049715 0.266804
vt 0.064067 0.265323
vt 0.087386 0.265292
vt 0.086566 0.244532
v -0.017046 2.965617 0.248063
vt 0.094934 0.265292
vt 0.094114 0.244532
vt 0.081896 0.325396
vt 0.081076 0.304635
v -0.029146 2.965617 0.248063
vt 0.089444 0.325396
vt 0.088624 0.304635
v 0.031354 3.026724 0.217813
vt 0.042006 0.328095
v 0.019254 3.026724 0.217813
vt 0.041186 0.307334
v 0.031354 3.026724 0.248063
vt 0.049554 0.328095
v 0.019254 3.026724 0.248063
vt 0.048734 0.307334
v 0.019254 2.965616 0.217813
vt 0.072407 0.248321
vt 0.086758 0.246840
v 0.031354 2.965616 0.217813
vt 0.072515 0.259229
vt 0.086866 0.257748
v 0.031354 2.965616 0.248063
vt 0.083946 0.313589
vt 0.083126 0.292829
v 0.019254 2.965616 0.248063
vt 0.091494 0.313589
vt 0.090674 0.292829
vt 0.089436 0.253486
vt 0.088616 0.232726
vt 0.096984 0.253486
vt 0.096164 0.232726
v -0.016139 2.949046 0.196638
vt 0.150074 0.301081
v 0.018347 2.949046 0.196638
vt 0.150074 0.322965
v -0.030658 2.949046 0.217813
vt 0.128190 0.301081
v 0.032866 2.949046 0.217813
vt 0.128190 0.322965
v 0.032866 2.958121 0.217813
vt 0.093041 0.266819
v 0.018347 2.958121 0.196638
vt 0.077902 0.267132
v -0.030658 2.958121 0.217813
vt 0.092729 0.235193
v -0.016139 2.958121 0.196638
vt 0.077589 0.235506
v 0.041942 2.991396 0.217813
v 0.032866 2.991396 0.217813
v 0.041942 2.991396 0.248063
v 0.032866 2.991396 0.248063
v 0.032866 2.949046 0.248063
v 0.041942 2.949046 0.248063
v 0.041942 2.949046 0.217813
vt 0.151931 0.256130
vt 0.140982 0.255035
vt 0.151554 0.231682
vt 0.140968 0.235394
v -0.030658 2.991396 0.217813
v -0.039734 2.991396 0.217813
v -0.030658 2.991396 0.248063
v -0.039734 2.991396 0.248063
v -0.039734 2.949046 0.248063
v -0.039734 2.949046 0.217813
v -0.030658 2.949046 0.248063
vt 0.152291 0.256901
vt 0.140221 0.252730
vt 0.151680 0.230683
vt 0.140402 0.235335
v 0.032866 2.958121 0.248063
v -0.030658 2.958121 0.248063
v 0.046479 2.982321 0.229913
vt 0.140728 0.512759
v -0.044271 2.982321 0.229913
vt 0.139748 0.565737
v 0.046479 2.982321 0.235963
vt 0.133811 0.512492
v -0.044271 2.982321 0.235963
vt 0.132831 0.565470
v -0.044271 2.973246 0.235963
v -0.044271 2.973246 0.229913
v 0.046479 2.973246 0.235963
v 0.046479 2.973246 0.229913
v -0.003433 3.382561 0.288239
vt 0.194119 0.269676
v 0.005641 3.382561 0.288239
vt 0.194199 0.272304
v -0.003433 3.382561 0.130939
vt 0.179699 0.271595
v 0.005641 3.382561 0.130939
vt 0.179898 0.274187
v 0.005641 3.373486 0.130939
v 0.005641 3.373486 0.288239
v -0.003433 3.373486 0.130939
v -0.003433 3.373486 0.288239
vt 0.184188 0.277515
vt 0.190213 0.281254
vt 0.168789 0.274600
vt 0.168400 0.282550
v -0.009484 3.382805 0.293164
v 0.011692 3.382805 0.293164
v -0.009484 3.382805 0.275014
v 0.011692 3.382805 0.275014
v 0.011692 3.346505 0.275014
v 0.011692 3.346505 0.293164
v -0.009484 3.346505 0.275014
v -0.009484 3.346505 0.293164
vt 0.223226 0.272445
vt 0.222768 0.259183
vt 0.216314 0.273175
vt 0.215960 0.259839
v 0.027119 2.918799 0.224645
vt 0.136314 0.537479
v 0.015019 2.918799 0.239933
vt 0.139318 0.544515
v -0.012811 2.918799 0.239933
vt 0.138226 0.553737
v -0.024911 2.918799 0.224645
vt 0.134107 0.561511
v 0.040429 2.918799 0.046665
vt 0.141664 0.537358
v -0.038221 2.918799 0.046665
vt 0.138821 0.561791
v 0.027119 2.949049 0.224645
vt 0.128907 0.689412
v -0.024911 2.949049 0.224645
vt 0.125328 0.689412
v -0.012811 2.949049 0.239933
vt 0.126161 0.690464
v 0.015019 2.949049 0.239933
vt 0.128075 0.690464
v 0.040429 2.949049 0.046665
vt 0.129822 0.676415
v -0.038221 2.949049 0.046665
vt 0.124413 0.676415
vt 0.120416 0.774234
vt 0.122496 0.796828
vt 0.115233 0.796336
vt 0.113671 0.774275
vt 0.119699 0.788158
vt 0.117551 0.773106
vt 0.113108 0.773038
vt 0.114376 0.787358
vt 0.120402 0.862383
vt 0.113283 0.861410
v -0.041246 2.952074 -0.000525
vt 0.105525 0.321569
v -0.041246 2.952074 0.072075
vt 0.077433 0.324769
v -0.053346 2.952074 0.072075
vt 0.074233 0.296677
v -0.053346 2.952074 -0.000525
vt 0.102324 0.293477
v -0.041246 2.964174 -0.000525
vt 0.143678 0.725046
v -0.053346 2.964174 -0.000525
vt 0.126220 0.725046
v -0.053346 2.964174 0.072075
vt 0.126220 0.707588
v -0.041246 2.964174 0.072075
vt 0.143678 0.707588
vt 0.119357 0.819731
vt 0.120384 0.854118
vt 0.113534 0.853788
vt 0.114512 0.819651
v 0.055554 2.952074 -0.000525
v 0.055554 2.952074 0.072075
v 0.043454 2.952074 0.072075
v 0.043454 2.952074 -0.000525
v 0.055554 2.964174 -0.000525
v 0.043454 2.964174 -0.000525
v 0.043454 2.964174 0.072075
v 0.055554 2.964174 0.072075
v -0.041246 2.903716 -0.000525
v -0.041246 2.903716 0.072075
v -0.053346 2.903716 0.072075
v -0.053346 2.903716 -0.000525
v -0.041246 2.915816 -0.000525
v -0.053346 2.915816 -0.000525
v -0.053346 2.915816 0.072075
v -0.041246 2.915816 0.072075
v 0.055554 2.903716 -0.000525
v 0.055554 2.903716 0.072075
v 0.043454 2.903716 0.072075
v 0.043454 2.903716 -0.000525
v 0.055554 2.915816 -0.000525
v 0.043454 2.915816 -0.000525
v 0.043454 2.915816 0.072075
v 0.055554 2.915816 0.072075
v 0.001104 2.903505 -0.000525
vt 0.087194 0.306988
v -0.053346 2.903505 -0.000525
vt 0.097505 0.294026
v -0.051490 2.903505 -0.014618
vt 0.100508 0.297136
v -0.046051 2.903505 -0.027750
vt 0.102604 0.300918
v -0.037398 2.903505 -0.039027
vt 0.103650 0.305113
v -0.026121 2.903505 -0.047681
vt 0.103575 0.309436
v -0.012989 2.903505 -0.053120
vt 0.102383 0.313592
v 0.001104 2.903505 -0.054975
vt 0.100156 0.317298
v 0.015197 2.903505 -0.053120
vt 0.097046 0.320301
v 0.028329 2.903505 -0.047681
vt 0.093264 0.322397
v 0.039606 2.903505 -0.039027
vt 0.089069 0.323444
v 0.048259 2.903505 -0.027750
vt 0.084746 0.323368
v 0.053698 2.903505 -0.014618
vt 0.080590 0.322176
v 0.055554 2.903505 -0.000525
vt 0.076884 0.319949
v 0.053698 2.915605 -0.014618
v 0.055554 2.915605 -0.000525
v 0.048259 2.915605 -0.027750
v 0.039606 2.915605 -0.039027
v 0.028329 2.915605 -0.047681
v 0.015197 2.915605 -0.053120
v 0.001104 2.915605 -0.054975
v -0.012989 2.915605 -0.053120
v -0.026121 2.915605 -0.047681
v -0.037398 2.915605 -0.039027
v -0.046051 2.915605 -0.027750
v -0.051490 2.915605 -0.014618
v -0.053346 2.915605 -0.000525
v 0.001104 2.915605 -0.000525
vt 0.133452 0.714819
vt 0.140683 0.707588
vt 0.142308 0.709705
vt 0.143330 0.712172
vt 0.143678 0.714819
vt 0.143330 0.717466
vt 0.142308 0.719932
vt 0.140683 0.722051
vt 0.138565 0.723676
vt 0.136099 0.724697
vt 0.133452 0.725046
vt 0.130805 0.724697
vt 0.128338 0.723676
vt 0.126220 0.722051
v 0.001104 2.952074 -0.000525
vt 0.128063 0.866491
vt 0.134697 0.859857
v -0.051490 2.952074 -0.014618
vt 0.136188 0.861800
v -0.046051 2.952074 -0.027750
vt 0.137125 0.864063
v -0.037398 2.952074 -0.039027
vt 0.137445 0.866491
v -0.026121 2.952074 -0.047681
vt 0.137125 0.868919
v -0.012989 2.952074 -0.053120
vt 0.136188 0.871181
v 0.001104 2.952074 -0.054975
vt 0.134697 0.873124
v 0.015197 2.952074 -0.053120
vt 0.132754 0.874615
v 0.028329 2.952074 -0.047681
vt 0.130491 0.875552
v 0.039606 2.952074 -0.039027
vt 0.128063 0.875872
v 0.048259 2.952074 -0.027750
vt 0.125635 0.875552
v 0.053698 2.952074 -0.014618
vt 0.123372 0.874615
vt 0.121429 0.873124
v 0.053698 2.964174 -0.014618
v 0.048259 2.964174 -0.027750
v 0.039606 2.964174 -0.039027
v 0.028329 2.964174 -0.047681
v 0.015197 2.964174 -0.053120
v 0.001104 2.964174 -0.054975
v -0.012989 2.964174 -0.053120
v -0.026121 2.964174 -0.047681
v -0.037398 2.964174 -0.039027
v -0.046051 2.964174 -0.027750
v -0.051490 2.964174 -0.014618
v 0.001104 2.964174 -0.000525
v 0.061604 2.897019 0.035170
vt 0.137445 0.875872
v 0.061604 2.897019 0.053320
vt 0.121429 0.875872
v -0.059396 2.897019 0.053320
vt 0.121429 0.859857
v -0.059396 2.897019 0.035170
vt 0.137445 0.859857
v 0.061604 2.969619 0.035170
v -0.059396 2.969619 0.035170
v -0.059396 2.969619 0.053320
v 0.061604 2.969619 0.053320
vt 0.139300 0.670272
vt 0.123182 0.670272
vt 0.123182 0.686389
vt 0.139300 0.686389
v 0.007154 3.420152 0.231800
v 0.007154 3.420152 0.222725
vt 0.174814 0.278339
v -0.004946 3.420152 0.222728
v -0.004946 3.420152 0.231803
v 0.007154 3.377802 0.231800
v -0.004946 3.377802 0.231803
v -0.004946 3.377802 0.222728
v 0.007154 3.377802 0.222725
vt 0.203828 0.266956
vt 0.198857 0.266836
vt 0.198841 0.287839
vt 0.203812 0.287958
vt 0.198999 0.266977
vt 0.203670 0.287818
v -0.041246 3.408814 -0.000405
vt 0.288910 0.727822
v -0.041246 3.408814 0.072195
vt 0.282196 0.726913
v -0.053346 3.408814 0.072194
vt 0.282196 0.725442
v -0.053346 3.408814 -0.000405
vt 0.288910 0.726350
v -0.041246 3.420914 -0.000405
vt 0.295073 0.729965
v -0.053346 3.420914 -0.000405
vt 0.282600 0.731467
v -0.053346 3.420914 0.072194
vt 0.282224 0.730506
v -0.041246 3.420914 0.072194
vt 0.294698 0.729003
vn -0.000100 0.000100 1.000000
vt 0.177470 0.331075
vt 0.177470 0.224964
vt 0.159785 0.331075
vt 0.292743 0.728815
vt 0.283695 0.729995
vt 0.283015 0.729291
vt 0.292063 0.728112
v 0.004129 3.450389 0.050185
v -0.001921 3.450389 0.050185
v -0.001921 3.403453 0.214656
v 0.004129 3.403453 0.214656
vt 0.234947 0.274644
vt 0.243789 0.274644
v 0.004129 3.403659 0.050316
vt 0.243789 0.274453
v -0.001921 3.403659 0.050316
vt 0.234947 0.274453
vt 0.299406 0.728516
vt 0.283707 0.732323
vt 0.283337 0.729905
vt 0.299428 0.728532
vt 0.283359 0.729921
vt 0.283729 0.732340
v 0.019254 3.397657 0.125810
v 0.013204 3.397657 0.251112
vt 0.282190 0.726422
v -0.010996 3.397510 0.251002
v -0.017046 3.397657 0.125810
v 0.040429 3.397657 0.046733
vt 0.282196 0.726121
v -0.038221 3.397657 0.046733
v 0.019254 3.403707 0.125810
v -0.017046 3.403707 0.125810
vt 0.283700 0.732487
v -0.010996 3.403560 0.251002
v 0.013204 3.403707 0.251112
vt 0.289803 0.728823
v 0.040429 3.403707 0.046733
v -0.038221 3.403707 0.046733
vt 0.287474 0.729342
vt 0.500560 0.293072
vt 0.490569 0.293118
vt 0.284648 0.729813
vt 0.291111 0.728294
vt 0.181891 0.262177
vt 0.296845 0.262177
vt 0.290750 0.730839
vt 0.284974 0.731461
vt 0.285458 0.730044
vt 0.291234 0.729421
v 0.061604 3.380552 0.035179
v 0.061604 3.380552 0.053329
v -0.059396 3.380552 0.053329
v -0.059396 3.380552 0.035179
v 0.061604 3.453152 0.035179
v -0.059396 3.453152 0.035179
v -0.059396 3.453152 0.053329
v 0.061604 3.453152 0.053329
v 0.055554 3.408814 -0.000405
v 0.055554 3.408814 0.072195
v 0.043454 3.408814 0.072195
v 0.043454 3.408814 -0.000405
v 0.055554 3.420914 -0.000405
v 0.043454 3.420914 -0.000405
v 0.043454 3.420914 0.072195
v 0.055554 3.420914 0.072195
vt 0.301266 0.331075
vt 0.318951 0.331075
vt 0.301266 0.224964
v 0.001104 3.408814 -0.000405
vt 0.282340 0.721948
v -0.051490 3.408814 -0.014498
vt 0.289189 0.721071
v -0.046051 3.408814 -0.027630
vt 0.295561 0.720493
v -0.037398 3.408814 -0.038908
vt 0.301023 0.720251
v -0.026121 3.408814 -0.047561
vt 0.305201 0.720364
v -0.012989 3.408814 -0.053001
vt 0.307812 0.720822
v 0.001104 3.408814 -0.054855
vt 0.308677 0.721596
v 0.015197 3.408814 -0.053001
vt 0.307737 0.722631
v 0.028329 3.408814 -0.047561
vt 0.305057 0.723858
v 0.039606 3.408814 -0.038908
vt 0.300818 0.725193
v 0.048259 3.408814 -0.027630
vt 0.295311 0.726545
v 0.053698 3.408814 -0.014498
vt 0.282051 0.728936
vt 0.239368 0.331075
v 0.001104 3.420914 -0.000405
v 0.053698 3.420914 -0.014498
v 0.048259 3.420914 -0.027630
v 0.039606 3.420914 -0.038908
v 0.028329 3.420914 -0.047561
v 0.015197 3.420914 -0.053001
v 0.001104 3.420914 -0.054855
v -0.012989 3.420914 -0.053001
v -0.026121 3.420914 -0.047561
v -0.037398 3.420914 -0.038908
v -0.046051 3.420914 -0.027630
v -0.051490 3.420914 -0.014498
vt 0.294573 0.730963
vt 0.293232 0.731931
vt 0.291140 0.732801
vt 0.288441 0.733515
vt 0.285318 0.734024
vt 0.281984 0.734293
vt 0.278667 0.734304
vt 0.275592 0.734056
vt 0.272969 0.733566
vt 0.270977 0.732868
vt 0.269751 0.732008
v 0.082530 3.118170 0.254109
vt 0.535335 0.203997
v 0.077899 3.118170 0.242930
vt 0.525418 0.203997
v 0.077899 2.960870 0.242930
vt 0.525418 0.192234
v 0.082530 2.960870 0.254109
vt 0.535335 0.192234
v 0.093709 3.118170 0.249478
v 0.093709 2.960870 0.249478
v 0.089078 3.118170 0.238299
v 0.089078 2.960870 0.238299
v 0.097904 3.115477 0.234104
vt 0.493769 0.292178
v 0.097904 3.115477 0.258304
vt 0.487918 0.291290
v 0.073704 3.115477 0.258304
vt 0.487918 0.285919
v 0.073704 3.115477 0.234104
vt 0.493769 0.286806
v 0.097904 3.145728 0.234104
v 0.097904 3.145728 0.258304
v 0.073704 3.145728 0.234104
v 0.073704 3.145728 0.258304
v 0.075694 2.924660 0.237871
v 0.080223 2.921189 0.248541
v 0.082599 2.962691 0.254137
v 0.077871 2.962691 0.242999
v 0.069347 2.889823 0.222918
v 0.073297 2.883175 0.232224
v 0.059362 2.861109 0.199396
v 0.062402 2.851841 0.206555
v 0.046580 2.840931 0.169282
vn -0.920500 -0.000000 0.390800
v 0.048453 2.829821 0.173694
v 0.032073 2.830982 0.135105
v 0.032622 2.818964 0.136398
v 0.017061 2.832100 0.099738
v 0.016240 2.820184 0.097804
v 0.086833 2.924660 0.233143
v 0.089009 2.962691 0.238271
v 0.080485 2.889823 0.218190
v 0.070501 2.861109 0.194668
v 0.057718 2.840931 0.164554
v 0.043211 2.830982 0.130377
v 0.028199 2.832100 0.095010
v 0.091362 2.921189 0.243813
v 0.093737 2.962691 0.249409
v 0.084435 2.883175 0.227496
v 0.073540 2.851841 0.201828
v 0.059591 2.829821 0.168965
v 0.043760 2.818964 0.131671
v 0.027378 2.820184 0.093077
v 0.003286 2.842976 0.036456
v -0.007892 2.842172 0.041016
v 0.019890 2.830525 0.107070
v 0.031069 2.831329 0.102510
v 0.003286 2.831060 0.034355
v 0.031069 2.819414 0.100409
v -0.007892 2.830256 0.038915
v 0.019890 2.818609 0.104969
v 0.013204 2.816542 0.030194
v 0.013204 2.816542 0.066494
v -0.010996 2.816542 0.066494
v -0.010996 2.816542 0.030194
v 0.013204 2.852842 0.030194
v -0.010996 2.852842 0.030194
v -0.010996 2.852842 0.066494
v 0.013204 2.852842 0.066494
f 1/1/1 2/2/1 3/3/1
f 3/3/1 4/4/1 1/1/1
f 5/1/2 1/2/2 4/3/2
f 4/3/2 6/4/2 5/1/2
f 7/1/3 5/2/3 6/3/3
f 6/3/3 8/4/3 7/1/3
f 2/1/4 7/2/4 8/3/4
f 8/3/4 3/4/4 2/1/4
f 9/5/5 10/6/5 11/7/5
f 11/7/5 12/8/5 9/5/5
f 13/5/6 14/6/6 10/7/6
f 10/7/6 9/8/6 13/5/6
f 15/5/7 13/6/7 9/7/7
f 9/7/7 12/8/7 15/5/7
f 16/5/8 15/6/8 12/7/8
f 12/7/8 11/8/8 16/5/8
f 17/1/9 18/2/9 19/3/9
f 19/3/9 20/4/9 17/1/9
f 21/1/9 22/2/9 18/3/9
f 18/3/9 17/4/9 21/1/9
f 23/1/10 24/2/10 22/3/9
f 22/3/9 21/4/9 23/1/10
f 25/1/9 26/2/9 24/3/10
f 24/3/10 23/4/10 25/1/9
f 27/1/9 28/2/9 26/3/9
f 26/3/9 25/4/9 27/1/9
f 29/1/9 30/2/9 28/3/9
f 28/3/9 27/4/9 29/1/9
f 31/1/11 17/2/11 20/3/11
f 20/3/11 32/4/11 31/1/11
f 33/1/12 21/2/12 17/3/12
f 17/3/12 31/4/12 33/1/12
f 34/1/13 23/2/13 21/3/13
f 21/3/13 33/4/13 34/1/13
f 35/1/14 25/2/14 23/3/14
f 23/3/14 34/4/14 35/1/14
f 36/1/15 27/2/15 25/3/15
f 25/3/15 35/4/15 36/1/15
f 37/1/16 29/2/16 27/3/16
f 27/3/16 36/4/16 37/1/16
f 38/1/17 31/2/17 32/3/17
f 32/3/17 39/4/17 38/1/17
f 40/1/17 33/2/17 31/3/17
f 31/3/17 38/4/17 40/1/17
f 41/1/17 34/2/17 33/3/17
f 33/3/17 40/4/17 41/1/17
f 42/1/18 35/2/18 34/3/17
f 34/3/17 41/4/17 42/1/18
f 43/1/17 36/2/17 35/3/17
f 35/3/17 42/4/18 43/1/17
f 44/1/17 37/2/17 36/3/17
f 36/3/17 43/4/17 44/1/17
f 18/1/19 38/2/19 39/3/19
f 39/3/19 19/4/19 18/1/19
f 22/1/20 40/2/20 38/3/20
f 38/3/20 18/4/20 22/1/20
f 24/1/21 41/2/22 40/3/23
f 40/3/23 22/4/23 24/1/21
f 26/1/24 42/2/24 41/3/25
f 41/3/25 24/4/25 26/1/24
f 28/1/26 43/2/26 42/3/27
f 42/3/27 26/4/28 28/1/26
f 30/1/29 44/2/29 43/3/29
f 43/3/29 28/4/29 30/1/29
f 45/1/30 46/2/30 47/3/30
f 47/3/30 48/4/30 45/1/30
f 49/1/31 45/2/31 48/3/31
f 48/3/31 50/4/31 49/1/31
f 51/1/32 49/2/32 50/3/33
f 50/3/33 52/4/33 51/1/32
f 46/1/34 51/2/34 52/3/34
f 52/3/34 47/4/34 46/1/34
f 53/5/5 54/6/5 55/7/5
f 55/7/5 56/8/5 53/5/5
f 57/5/35 58/6/35 59/7/35
f 59/7/35 60/8/35 57/5/35
f 60/5/36 59/6/36 55/7/36
f 55/7/36 54/8/36 60/5/36
f 57/5/6 60/6/6 54/7/6
f 54/7/6 53/8/6 57/5/6
f 59/5/8 58/6/8 56/7/8
f 56/7/8 55/8/8 59/5/8
f 61/9/37 62/10/38 63/11/39
f 62/10/38 64/12/40 63/11/39
f 62/10/38 65/13/41 64/12/40
f 65/13/41 66/14/42 64/12/40
f 65/13/41 67/15/43 66/14/42
f 67/15/43 68/16/44 66/14/42
f 67/17/45 69/18/46 68/19/47
f 69/18/46 70/20/48 68/19/47
f 69/17/49 71/18/50 70/19/51
f 71/18/50 72/20/52 70/19/51
f 71/17/53 73/18/54 72/19/55
f 73/18/54 74/20/56 72/19/55
f 73/17/57 75/18/58 74/19/59
f 75/18/58 76/20/60 74/19/59
f 75/17/7 61/18/7 76/19/7
f 61/18/7 63/20/7 76/19/7
f 77/21/61 78/22/62 61/9/37
f 78/22/62 62/10/38 61/9/37
f 78/22/62 79/23/63 62/10/38
f 79/23/63 65/13/41 62/10/38
f 79/23/63 80/24/64 65/13/41
f 80/24/64 67/15/43 65/13/41
f 80/17/65 81/18/66 67/19/67
f 81/18/66 69/20/68 67/19/67
f 81/17/69 82/18/70 69/19/71
f 82/18/70 71/20/72 69/19/71
f 82/17/73 83/18/74 71/19/75
f 83/18/74 73/20/76 71/19/75
f 83/17/77 84/18/78 73/19/79
f 84/18/78 75/20/80 73/19/79
f 84/17/7 77/18/7 75/19/7
f 77/18/7 61/20/7 75/19/7
f 85/25/81 86/26/82 77/21/61
f 86/26/82 78/22/62 77/21/61
f 86/26/82 87/27/83 78/22/62
f 87/27/83 79/23/63 78/22/62
f 87/27/83 88/28/84 79/23/63
f 88/28/84 80/24/64 79/23/63
f 88/17/85 89/18/86 80/19/87
f 89/18/86 81/20/88 80/19/87
f 89/17/89 90/18/90 81/19/91
f 90/18/90 82/20/92 81/19/91
f 90/17/93 91/18/94 82/19/95
f 91/18/94 83/20/96 82/19/95
f 91/17/97 92/18/98 83/19/99
f 92/18/98 84/20/100 83/19/99
f 92/17/7 85/18/7 84/19/7
f 85/18/7 77/20/7 84/19/7
f 93/29/101 94/30/102 85/25/81
f 94/30/102 86/26/82 85/25/81
f 94/30/102 95/31/103 86/26/82
f 95/31/103 87/27/83 86/26/82
f 95/31/103 96/32/104 87/27/83
f 96/32/104 88/28/84 87/27/83
f 96/17/105 97/18/106 88/19/107
f 97/18/106 89/20/108 88/19/107
f 97/17/109 98/18/110 89/19/111
f 98/18/110 90/20/112 89/19/111
f 98/17/113 99/18/114 90/19/115
f 99/18/114 91/20/116 90/19/115
f 99/17/117 100/18/118 91/19/119
f 100/18/118 92/20/120 91/19/119
f 100/17/7 93/18/7 92/19/7
f 93/18/7 85/20/7 92/19/7
f 101/33/121 102/34/122 93/29/101
f 102/34/122 94/30/102 93/29/101
f 102/34/122 103/35/123 94/30/102
f 103/35/123 95/31/103 94/30/102
f 103/35/123 104/36/124 95/31/103
f 104/36/124 96/32/104 95/31/103
f 104/17/125 105/18/125 96/19/36
f 105/18/125 97/20/36 96/19/36
f 105/17/126 106/18/127 97/19/128
f 106/18/127 98/20/129 97/19/128
f 106/17/130 107/18/131 98/19/132
f 107/18/131 99/20/133 98/19/132
f 107/17/134 108/18/135 99/19/136
f 108/18/135 100/20/137 99/19/136
f 108/17/7 101/18/7 100/19/7
f 101/18/7 93/20/7 100/19/7
f 109/37/138 110/38/139 101/33/121
f 110/38/139 102/34/122 101/33/121
f 110/38/139 111/39/140 102/34/122
f 111/39/140 103/35/123 102/34/122
f 111/39/140 112/40/141 103/35/123
f 112/40/141 104/36/124 103/35/123
f 112/17/142 113/18/36 104/19/36
f 113/18/36 105/20/36 104/19/36
f 113/17/143 114/18/144 105/19/145
f 114/18/144 106/20/146 105/19/145
f 114/17/147 115/18/148 106/19/149
f 115/18/148 107/20/150 106/19/149
f 115/17/151 116/18/152 107/19/153
f 116/18/152 108/20/154 107/19/153
f 116/17/7 109/18/7 108/19/7
f 109/18/7 101/20/7 108/19/7
f 117/41/155 118/42/156 109/37/138
f 118/42/156 110/38/139 109/37/138
f 118/42/156 119/43/157 110/38/139
f 119/43/157 111/39/140 110/38/139
f 119/43/157 120/44/158 111/39/140
f 120/44/158 112/40/141 111/39/140
f 120/17/159 121/18/159 112/19/125
f 121/18/159 113/20/125 112/19/125
f 121/17/160 122/18/161 113/19/162
f 122/18/161 114/20/163 113/19/162
f 122/17/164 123/18/165 114/19/166
f 123/18/165 115/20/167 114/19/166
f 123/17/168 124/18/169 115/19/170
f 124/18/169 116/20/171 115/19/170
f 124/17/7 117/18/7 116/19/7
f 117/18/7 109/20/7 116/19/7
f 125/45/172 126/46/173 117/41/155
f 126/46/173 118/42/156 117/41/155
f 126/46/173 127/47/174 118/42/156
f 127/47/174 119/43/157 118/42/156
f 127/47/174 128/48/175 119/43/157
f 128/48/175 120/44/158 119/43/157
f 128/17/36 129/18/36 120/19/36
f 129/18/36 121/20/36 120/19/36
f 129/17/176 130/18/177 121/19/178
f 130/18/177 122/20/179 121/19/178
f 130/17/180 131/18/181 122/19/182
f 131/18/181 123/20/183 122/19/182
f 131/17/184 132/18/185 123/19/186
f 132/18/185 124/20/187 123/19/186
f 132/17/7 125/18/7 124/19/7
f 125/18/7 117/20/7 124/19/7
f 133/49/188 134/50/189 125/45/172
f 134/50/189 126/46/173 125/45/172
f 134/50/189 135/51/190 126/46/173
f 135/51/190 127/47/174 126/46/173
f 135/51/190 136/52/191 127/47/174
f 136/52/191 128/48/175 127/47/174
f 136/17/36 137/18/36 128/19/36
f 137/18/36 129/20/36 128/19/36
f 137/17/192 138/18/193 129/19/194
f 138/18/193 130/20/195 129/19/194
f 138/17/196 139/18/197 130/19/198
f 139/18/197 131/20/199 130/19/198
f 139/17/200 140/18/201 131/19/202
f 140/18/201 132/20/203 131/19/202
f 140/17/7 133/18/7 132/19/7
f 133/18/7 125/20/7 132/19/7
f 141/17/7 142/18/7 140/19/7
f 142/18/7 133/20/7 140/19/7
f 63/20/204 64/19/204 143/18/205
f 64/20/206 66/19/206 143/18/205
f 66/20/207 68/19/207 143/18/205
f 68/20/208 70/19/208 143/18/209
f 70/20/210 72/19/210 143/18/211
f 72/20/212 74/19/212 143/18/213
f 74/20/214 76/19/214 143/18/205
f 76/20/215 63/19/215 143/18/216
f 144/10/217 145/9/218 146/11/219
f 147/12/220 144/10/217 146/11/219
f 148/13/221 144/10/217 147/12/220
f 149/14/222 148/13/221 147/12/220
f 150/15/223 148/13/221 149/14/222
f 151/16/224 150/15/223 149/14/222
f 152/18/225 150/17/226 151/19/227
f 153/20/228 152/18/225 151/19/227
f 154/18/229 152/17/230 153/19/231
f 155/20/232 154/18/229 153/19/231
f 156/18/233 154/17/234 155/19/235
f 157/20/236 156/18/233 155/19/235
f 158/18/237 156/17/238 157/19/239
f 159/20/240 158/18/237 157/19/239
f 145/18/7 158/17/7 159/19/7
f 146/20/7 145/18/7 159/19/7
f 160/22/241 161/21/242 145/9/218
f 144/10/217 160/22/241 145/9/218
f 162/23/243 160/22/241 144/10/217
f 148/13/221 162/23/243 144/10/217
f 163/24/244 162/23/243 148/13/221
f 150/15/223 163/24/244 148/13/221
f 164/18/245 163/17/246 150/19/247
f 152/20/248 164/18/245 150/19/247
f 165/18/249 164/17/250 152/19/251
f 154/20/252 165/18/249 152/19/251
f 166/18/253 165/17/254 154/19/255
f 156/20/256 166/18/253 154/19/255
f 167/18/257 166/17/258 156/19/259
f 158/20/260 167/18/257 156/19/259
f 161/18/7 167/17/7 158/19/7
f 145/20/7 161/18/7 158/19/7
f 168/26/261 169/25/262 161/21/242
f 160/22/241 168/26/261 161/21/242
f 170/27/263 168/26/261 160/22/241
f 162/23/243 170/27/263 160/22/241
f 171/28/264 170/27/263 162/23/243
f 163/24/244 171/28/264 162/23/243
f 172/18/265 171/17/266 163/19/267
f 164/20/268 172/18/265 163/19/267
f 173/18/269 172/17/270 164/19/271
f 165/20/272 173/18/269 164/19/271
f 174/18/273 173/17/274 165/19/275
f 166/20/276 174/18/273 165/19/275
f 175/18/277 174/17/278 166/19/279
f 167/20/280 175/18/277 166/19/279
f 169/18/7 175/17/7 167/19/7
f 161/20/7 169/18/7 167/19/7
f 176/30/281 177/29/282 169/25/262
f 168/26/261 176/30/281 169/25/262
f 178/31/283 176/30/281 168/26/261
f 170/27/263 178/31/283 168/26/261
f 179/32/284 178/31/283 170/27/263
f 171/28/264 179/32/284 170/27/263
f 180/18/285 179/17/286 171/19/287
f 172/20/288 180/18/285 171/19/287
f 181/18/289 180/17/290 172/19/291
f 173/20/292 181/18/289 172/19/291
f 182/18/293 181/17/294 173/19/295
f 174/20/296 182/18/293 173/19/295
f 183/18/297 182/17/298 174/19/299
f 175/20/300 183/18/297 174/19/299
f 177/18/7 183/17/7 175/19/7
f 169/20/7 177/18/7 175/19/7
f 184/34/301 185/33/302 177/29/282
f 176/30/281 184/34/301 177/29/282
f 186/35/303 184/34/301 176/30/281
f 178/31/283 186/35/303 176/30/281
f 187/36/304 186/35/303 178/31/283
f 179/32/284 187/36/304 178/31/283
f 188/18/159 187/17/159 179/19/36
f 180/20/36 188/18/159 179/19/36
f 189/18/305 188/17/306 180/19/307
f 181/20/308 189/18/305 180/19/307
f 190/18/309 189/17/310 181/19/311
f 182/20/312 190/18/309 181/19/311
f 191/18/313 190/17/314 182/19/315
f 183/20/316 191/18/313 182/19/315
f 185/18/7 191/17/7 183/19/7
f 177/20/7 185/18/7 183/19/7
f 192/38/317 193/37/318 185/33/302
f 184/34/301 192/38/317 185/33/302
f 194/39/319 192/38/317 184/34/301
f 186/35/303 194/39/319 184/34/301
f 195/40/320 194/39/319 186/35/303
f 187/36/304 195/40/320 186/35/303
f 196/18/36 195/17/321 187/19/36
f 188/20/36 196/18/36 187/19/36
f 197/18/322 196/17/323 188/19/324
f 189/20/325 197/18/322 188/19/324
f 198/18/326 197/17/327 189/19/328
f 190/20/329 198/18/326 189/19/328
f 199/18/330 198/17/331 190/19/332
f 191/20/333 199/18/330 190/19/332
f 193/18/7 199/17/7 191/19/7
f 185/20/7 193/18/7 191/19/7
f 200/42/334 201/41/335 193/37/318
f 192/38/317 200/42/334 193/37/318
f 202/43/336 200/42/334 192/38/317
f 194/39/319 202/43/336 192/38/317
f 203/44/337 202/43/336 194/39/319
f 195/40/320 203/44/337 194/39/319
f 204/18/125 203/17/125 195/19/159
f 196/20/338 204/18/125 195/19/159
f 205/18/339 204/17/340 196/19/341
f 197/20/342 205/18/339 196/19/341
f 206/18/343 205/17/344 197/19/345
f 198/20/346 206/18/343 197/19/345
f 207/18/347 206/17/348 198/19/349
f 199/20/350 207/18/347 198/19/349
f 201/18/7 207/17/7 199/19/7
f 193/20/7 201/18/7 199/19/7
f 208/46/351 142/45/352 201/41/335
f 200/42/334 208/46/351 201/41/335
f 209/47/353 208/46/351 200/42/334
f 202/43/336 209/47/353 200/42/334
f 210/48/354 209/47/353 202/43/336
f 203/44/337 210/48/354 202/43/336
f 211/18/36 210/17/36 203/19/36
f 204/20/36 211/18/36 203/19/36
f 212/18/355 211/17/356 204/19/357
f 205/20/358 212/18/355 204/19/357
f 213/18/359 212/17/360 205/19/361
f 206/20/362 213/18/359 205/19/361
f 141/18/363 213/17/364 206/19/365
f 207/20/366 141/18/363 206/19/365
f 142/18/7 141/17/7 207/19/7
f 201/20/7 142/18/7 207/19/7
f 214/50/367 133/49/368 142/45/352
f 208/46/351 214/50/367 142/45/352
f 215/51/369 214/50/367 208/46/351
f 209/47/353 215/51/369 208/46/351
f 136/52/370 215/51/369 209/47/353
f 210/48/354 136/52/370 209/47/353
f 137/18/36 136/17/36 210/19/36
f 211/20/36 137/18/36 210/19/36
f 216/18/371 137/17/372 211/19/373
f 212/20/374 216/18/371 211/19/373
f 217/18/375 216/17/376 212/19/377
f 213/20/378 217/18/375 212/19/377
f 140/18/379 217/17/380 213/19/381
f 141/20/382 140/18/379 213/19/381
f 133/18/7 140/17/7 141/19/7
f 142/20/7 133/18/7 141/19/7
f 125/18/7 132/17/7 140/19/7
f 133/20/7 125/18/7 140/19/7
f 147/19/383 146/20/383 218/18/384
f 149/19/385 147/20/385 218/18/386
f 151/19/387 149/20/387 218/18/384
f 153/19/388 151/20/388 218/18/384
f 155/19/389 153/20/389 218/18/390
f 157/19/391 155/20/391 218/18/384
f 159/19/392 157/20/392 218/18/384
f 146/19/393 159/20/393 218/18/394
f 219/53/36 220/54/36 221/55/36
f 222/56/36 219/53/36 221/55/36
f 223/57/36 222/56/36 221/55/36
f 224/58/36 223/57/36 221/55/36
f 225/59/36 224/58/36 221/55/36
f 226/60/36 225/59/36 221/55/36
f 227/61/36 226/60/36 221/55/36
f 228/62/36 227/61/36 221/55/36
f 229/63/36 228/62/36 221/55/36
f 230/64/36 229/63/36 221/55/36
f 231/65/36 230/64/36 221/55/36
f 232/66/36 231/65/36 221/55/36
f 233/67/36 232/66/36 221/55/36
f 234/68/36 233/67/36 221/55/36
f 235/69/36 234/68/36 221/55/36
f 236/70/36 235/69/36 221/55/36
f 237/71/36 236/70/36 221/55/36
f 238/72/36 237/71/36 221/55/36
f 239/73/36 238/72/36 221/55/36
f 240/74/36 239/73/36 221/55/36
f 241/75/36 240/74/36 221/55/36
f 242/76/36 241/75/36 221/55/36
f 243/77/36 242/76/36 221/55/36
f 244/78/36 243/77/36 221/55/36
f 245/79/36 244/78/36 221/55/36
f 246/80/36 245/79/36 221/55/36
f 247/81/36 246/80/36 221/55/36
f 248/82/36 247/81/36 221/55/36
f 249/83/36 248/82/36 221/55/36
f 220/54/36 249/83/36 221/55/36
f 250/84/395 251/85/6 220/85/6
f 219/84/395 250/84/395 220/85/6
f 252/86/396 250/84/395 219/84/395
f 222/86/396 252/86/396 219/84/395
f 253/87/397 252/86/396 222/86/396
f 223/87/397 253/87/397 222/86/396
f 254/88/398 253/87/397 223/87/397
f 224/88/398 254/88/398 223/87/397
f 255/89/399 254/88/398 224/88/398
f 225/89/399 255/89/399 224/88/398
f 256/90/400 255/89/399 225/89/399
f 226/90/400 256/90/400 225/89/399
f 257/91/401 256/90/400 226/90/400
f 227/91/401 257/91/401 226/90/400
f 258/92/402 257/91/401 227/91/401
f 228/92/402 258/92/402 227/91/401
f 259/93/403 258/92/402 228/92/402
f 229/93/403 259/93/403 228/92/402
f 260/94/404 259/93/403 229/93/403
f 230/94/404 260/94/404 229/93/403
f 261/95/405 260/94/404 230/94/404
f 231/95/405 261/95/405 230/94/404
f 262/96/406 261/95/405 231/95/405
f 232/96/406 262/96/406 231/95/405
f 263/97/407 262/96/406 232/96/406
f 233/97/407 263/97/407 232/96/406
f 264/98/408 263/97/407 233/97/407
f 234/98/408 264/98/408 233/97/407
f 265/99/8 264/98/408 234/98/408
f 235/99/8 265/99/8 234/98/408
f 266/100/409 265/99/8 235/99/8
f 236/100/409 266/100/409 235/99/8
f 267/101/410 266/100/409 236/100/409
f 237/101/410 267/101/410 236/100/409
f 268/102/411 267/101/410 237/101/410
f 238/102/411 268/102/411 237/101/410
f 269/103/412 268/102/411 238/102/411
f 239/103/412 269/103/412 238/102/411
f 270/104/413 269/103/412 239/103/412
f 240/104/413 270/104/413 239/103/412
f 271/105/414 270/104/413 240/104/413
f 241/105/415 271/105/414 240/104/413
f 272/106/416 271/105/414 241/105/415
f 242/106/416 272/106/416 241/105/415
f 273/107/417 272/106/416 242/106/416
f 243/107/417 273/107/417 242/106/416
f 274/108/418 273/107/417 243/107/417
f 244/108/419 274/108/418 243/107/417
f 275/109/420 274/108/418 244/108/419
f 245/109/420 275/109/420 244/108/419
f 276/110/421 275/109/420 245/109/420
f 246/110/421 276/110/421 245/109/420
f 277/111/422 276/110/421 246/110/421
f 247/111/422 277/111/422 246/110/421
f 278/112/423 277/111/422 247/111/422
f 248/112/423 278/112/423 247/111/422
f 279/113/424 278/112/423 248/112/423
f 249/113/424 279/113/424 248/112/423
f 251/85/6 279/113/424 249/113/424
f 220/85/6 251/85/6 249/113/424
f 251/85/7 250/84/7 280/114/7
f 250/84/7 252/86/7 280/114/7
f 252/86/7 253/87/7 280/114/7
f 253/87/7 254/88/7 280/114/7
f 254/88/7 255/89/7 280/114/7
f 255/89/7 256/90/7 280/114/7
f 256/90/7 257/91/7 280/114/7
f 257/91/7 258/92/7 280/114/7
f 258/92/7 259/93/7 280/114/7
f 259/93/7 260/94/7 280/114/7
f 260/94/7 261/95/7 280/114/7
f 261/95/7 262/96/7 280/114/7
f 262/96/7 263/97/7 280/114/7
f 263/97/7 264/98/7 280/114/7
f 264/98/7 265/99/7 280/114/7
f 265/99/7 266/100/7 280/114/7
f 266/100/7 267/101/7 280/114/7
f 267/101/7 268/102/7 280/114/7
f 268/102/7 269/103/7 280/114/7
f 269/103/7 270/104/7 280/114/7
f 270/104/7 271/105/7 280/114/7
f 271/105/7 272/106/7 280/114/7
f 272/106/7 273/107/7 280/114/7
f 273/107/7 274/108/7 280/114/7
f 274/108/7 275/109/7 280/114/7
f 275/109/7 276/110/7 280/114/7
f 276/110/7 277/111/7 280/114/7
f 277/111/7 278/112/7 280/114/7
f 278/112/7 279/113/7 280/114/7
f 279/113/7 251/85/7 280/114/7
f 281/115/425 282/116/425 283/117/425
f 284/118/425 283/117/425 282/116/425
f 285/115/426 286/116/427 287/117/427
f 288/118/427 287/117/427 286/116/427
f 284/115/428 285/116/429 283/117/430
f 287/118/429 283/117/430 285/116/429
f 282/115/431 286/116/431 284/117/431
f 285/118/431 284/117/431 286/116/431
f 283/115/432 287/116/432 281/117/432
f 288/118/432 281/117/432 287/116/432
f 289/115/433 290/116/433 291/117/433
f 292/118/433 291/117/433 290/116/433
f 293/115/434 294/116/435 295/117/434
f 296/118/435 295/117/434 294/116/435
f 292/115/436 293/116/437 291/117/436
f 295/118/438 291/117/436 293/116/437
f 290/115/439 294/116/439 292/117/440
f 293/118/440 292/117/440 294/116/439
f 291/115/441 295/116/441 289/117/441
f 296/118/441 289/117/441 295/116/441
f 297/9/37 298/10/38 299/11/39
f 298/10/38 300/12/40 299/11/39
f 298/10/38 301/13/41 300/12/40
f 301/13/41 302/14/42 300/12/40
f 301/13/41 303/15/43 302/14/42
f 303/15/43 304/16/442 302/14/42
f 303/17/443 305/18/444 304/19/445
f 305/18/444 306/20/446 304/19/445
f 305/17/49 307/18/50 306/19/51
f 307/18/50 308/20/52 306/19/51
f 307/17/447 309/18/54 308/19/55
f 309/18/54 310/20/56 308/19/55
f 309/17/57 311/18/58 310/19/59
f 311/18/58 312/20/60 310/19/59
f 311/17/7 297/18/7 312/19/7
f 297/18/7 299/20/7 312/19/7
f 313/21/61 314/22/62 297/9/37
f 314/22/62 298/10/38 297/9/37
f 314/22/62 315/23/63 298/10/38
f 315/23/63 301/13/41 298/10/38
f 315/23/63 316/24/448 301/13/41
f 316/24/448 303/15/43 301/13/41
f 316/17/449 317/18/450 303/19/451
f 317/18/450 305/20/452 303/19/451
f 317/17/69 318/18/70 305/19/71
f 318/18/70 307/20/72 305/19/71
f 318/17/73 319/18/74 307/19/75
f 319/18/74 309/20/76 307/19/75
f 319/17/77 320/18/78 309/19/453
f 320/18/78 311/20/80 309/19/453
f 320/17/7 313/18/7 311/19/7
f 313/18/7 297/20/7 311/19/7
f 321/25/81 322/26/82 313/21/61
f 322/26/82 314/22/62 313/21/61
f 322/26/82 323/27/454 314/22/62
f 323/27/454 315/23/63 314/22/62
f 323/27/454 324/28/84 315/23/63
f 324/28/84 316/24/448 315/23/63
f 324/17/85 325/18/86 316/19/455
f 325/18/86 317/20/456 316/19/455
f 325/17/89 326/18/90 317/19/91
f 326/18/90 318/20/92 317/19/91
f 326/17/93 327/18/94 318/19/95
f 327/18/94 319/20/96 318/19/95
f 327/17/97 328/18/98 319/19/99
f 328/18/98 320/20/100 319/19/99
f 328/17/7 321/18/7 320/19/7
f 321/18/7 313/20/7 320/19/7
f 329/29/101 330/30/102 321/25/81
f 330/30/102 322/26/82 321/25/81
f 330/30/102 331/31/103 322/26/82
f 331/31/103 323/27/454 322/26/82
f 331/31/103 332/32/104 323/27/454
f 332/32/104 324/28/84 323/27/454
f 332/17/457 333/18/106 324/19/458
f 333/18/106 325/20/108 324/19/458
f 333/17/109 334/18/110 325/19/111
f 334/18/110 326/20/112 325/19/111
f 334/17/113 335/18/114 326/19/115
f 335/18/114 327/20/116 326/19/115
f 335/17/459 336/18/118 327/19/119
f 336/18/118 328/20/120 327/19/119
f 336/17/7 329/18/7 328/19/7
f 329/18/7 321/20/7 328/19/7
f 337/33/460 338/34/122 329/29/101
f 338/34/122 330/30/102 329/29/101
f 338/34/122 339/35/123 330/30/102
f 339/35/123 331/31/103 330/30/102
f 339/35/123 340/36/124 331/31/103
f 340/36/124 332/32/104 331/31/103
f 340/17/125 341/18/125 332/19/36
f 341/18/125 333/20/36 332/19/36
f 341/17/461 342/18/127 333/19/128
f 342/18/127 334/20/129 333/19/128
f 342/17/130 343/18/131 334/19/132
f 343/18/131 335/20/133 334/19/132
f 343/17/134 344/18/135 335/19/136
f 344/18/135 336/20/137 335/19/136
f 344/17/7 337/18/7 336/19/7
f 337/18/7 329/20/7 336/19/7
f 345/37/138 346/38/462 337/33/460
f 346/38/462 338/34/122 337/33/460
f 346/38/462 347/39/140 338/34/122
f 347/39/140 339/35/123 338/34/122
f 347/39/140 348/40/141 339/35/123
f 348/40/141 340/36/124 339/35/123
f 348/17/125 349/18/125 340/19/159
f 349/18/125 341/20/159 340/19/159
f 349/17/143 350/18/463 341/19/145
f 350/18/463 342/20/146 341/19/145
f 350/17/147 351/18/148 342/19/149
f 351/18/148 343/20/150 342/19/149
f 351/17/151 352/18/152 343/19/153
f 352/18/152 344/20/154 343/19/153
f 352/17/7 345/18/7 344/19/7
f 345/18/7 337/20/7 344/19/7
f 353/41/464 354/42/156 345/37/138
f 354/42/156 346/38/462 345/37/138
f 354/42/156 355/43/157 346/38/462
f 355/43/157 347/39/140 346/38/462
f 355/43/157 356/44/465 347/39/140
f 356/44/465 348/40/141 347/39/140
f 356/17/36 357/18/36 348/19/36
f 357/18/36 349/20/36 348/19/36
f 357/17/466 358/18/161 349/19/162
f 358/18/161 350/20/163 349/19/162
f 358/17/164 359/18/165 350/19/166
f 359/18/165 351/20/167 350/19/166
f 359/17/168 360/18/169 351/19/170
f 360/18/169 352/20/171 351/19/170
f 360/17/7 353/18/7 352/19/7
f 353/18/7 345/20/7 352/19/7
f 361/45/172 362/46/173 353/41/464
f 362/46/173 354/42/156 353/41/464
f 362/46/173 363/47/174 354/42/156
f 363/47/174 355/43/157 354/42/156
f 363/47/174 364/48/467 355/43/157
f 364/48/467 356/44/465 355/43/157
f 364/17/36 365/18/36 356/19/36
f 365/18/36 357/20/36 356/19/36
f 365/17/468 366/18/177 357/19/178
f 366/18/177 358/20/179 357/19/178
f 366/17/180 367/18/469 358/19/182
f 367/18/469 359/20/470 358/19/182
f 367/17/184 368/18/471 359/19/472
f 368/18/471 360/20/187 359/19/472
f 368/17/7 361/18/7 360/19/7
f 361/18/7 353/20/7 360/19/7
f 369/49/188 370/50/189 361/45/172
f 370/50/189 362/46/173 361/45/172
f 370/50/189 371/51/473 362/46/173
f 371/51/473 363/47/174 362/46/173
f 371/51/473 372/52/191 363/47/174
f 372/52/191 364/48/467 363/47/174
f 372/17/36 373/18/36 364/19/36
f 373/18/36 365/20/36 364/19/36
f 373/17/474 374/18/193 365/19/475
f 374/18/193 366/20/476 365/19/475
f 374/17/477 375/18/478 366/19/479
f 375/18/478 367/20/480 366/19/479
f 375/17/200 376/18/481 367/19/202
f 376/18/481 368/20/203 367/19/202
f 376/17/7 369/18/7 368/19/7
f 369/18/7 361/20/7 368/19/7
f 377/17/7 378/18/7 376/19/7
f 378/18/7 369/20/7 376/19/7
f 299/20/204 300/19/204 379/18/482
f 300/20/483 302/19/483 379/18/484
f 302/20/485 304/19/485 379/18/486
f 304/20/487 306/19/487 379/18/488
f 306/20/489 308/19/489 379/18/490
f 308/20/491 310/19/491 379/18/492
f 310/20/214 312/19/214 379/18/493
f 312/20/494 299/19/494 379/18/490
f 380/10/217 381/9/218 382/11/219
f 383/12/220 380/10/217 382/11/219
f 384/13/221 380/10/217 383/12/220
f 385/14/222 384/13/221 383/12/220
f 386/15/223 384/13/221 385/14/222
f 387/16/495 386/15/223 385/14/222
f 388/18/496 386/17/497 387/19/498
f 389/20/499 388/18/496 387/19/498
f 390/18/229 388/17/230 389/19/231
f 391/20/232 390/18/229 389/19/231
f 392/18/233 390/17/500 391/19/235
f 393/20/236 392/18/233 391/19/235
f 394/18/237 392/17/238 393/19/239
f 395/20/240 394/18/237 393/19/239
f 381/18/7 394/17/7 395/19/7
f 382/20/7 381/18/7 395/19/7
f 396/22/241 397/21/242 381/9/218
f 380/10/217 396/22/241 381/9/218
f 398/23/243 396/22/241 380/10/217
f 384/13/221 398/23/243 380/10/217
f 399/24/501 398/23/243 384/13/221
f 386/15/223 399/24/501 384/13/221
f 400/18/502 399/17/503 386/19/504
f 388/20/505 400/18/502 386/19/504
f 401/18/249 400/17/250 388/19/251
f 390/20/252 401/18/249 388/19/251
f 402/18/253 401/17/254 390/19/255
f 392/20/256 402/18/253 390/19/255
f 403/18/257 402/17/258 392/19/506
f 394/20/260 403/18/257 392/19/506
f 397/18/7 403/17/7 394/19/7
f 381/20/7 397/18/7 394/19/7
f 404/26/261 405/25/262 397/21/242
f 396/22/241 404/26/261 397/21/242
f 406/27/507 404/26/261 396/22/241
f 398/23/243 406/27/507 396/22/241
f 407/28/264 406/27/507 398/23/243
f 399/24/501 407/28/264 398/23/243
f 408/18/265 407/17/508 399/19/509
f 400/20/510 408/18/265 399/19/509
f 409/18/269 408/17/270 400/19/271
f 401/20/272 409/18/269 400/19/271
f 410/18/273 409/17/274 401/19/275
f 402/20/276 410/18/273 401/19/275
f 411/18/277 410/17/278 402/19/279
f 403/20/280 411/18/277 402/19/279
f 405/18/7 411/17/7 403/19/7
f 397/20/7 405/18/7 403/19/7
f 412/30/281 413/29/282 405/25/262
f 404/26/261 412/30/281 405/25/262
f 414/31/283 412/30/281 404/26/261
f 406/27/507 414/31/283 404/26/261
f 415/32/284 414/31/283 406/27/507
f 407/28/264 415/32/284 406/27/507
f 416/18/511 415/17/512 407/19/513
f 408/20/288 416/18/511 407/19/513
f 417/18/289 416/17/290 408/19/291
f 409/20/292 417/18/289 408/19/291
f 418/18/293 417/17/294 409/19/295
f 410/20/296 418/18/293 409/19/295
f 419/18/297 418/17/514 410/19/299
f 411/20/300 419/18/297 410/19/299
f 413/18/7 419/17/7 411/19/7
f 405/20/7 413/18/7 411/19/7
f 420/34/301 421/33/515 413/29/282
f 412/30/281 420/34/301 413/29/282
f 422/35/303 420/34/301 412/30/281
f 414/31/283 422/35/303 412/30/281
f 423/36/304 422/35/303 414/31/283
f 415/32/284 423/36/304 414/31/283
f 424/18/159 423/17/159 415/19/36
f 416/20/36 424/18/159 415/19/36
f 425/18/305 424/17/516 416/19/307
f 417/20/308 425/18/305 416/19/307
f 426/18/309 425/17/310 417/19/311
f 418/20/312 426/18/309 417/19/311
f 427/18/313 426/17/314 418/19/315
f 419/20/316 427/18/313 418/19/315
f 421/18/7 427/17/7 419/19/7
f 413/20/7 421/18/7 419/19/7
f 428/38/517 429/37/318 421/33/515
f 420/34/301 428/38/517 421/33/515
f 430/39/319 428/38/517 420/34/301
f 422/35/303 430/39/319 420/34/301
f 431/40/320 430/39/319 422/35/303
f 423/36/304 431/40/320 422/35/303
f 432/18/159 431/17/159 423/19/125
f 424/20/125 432/18/159 423/19/125
f 433/18/518 432/17/323 424/19/324
f 425/20/325 433/18/518 424/19/324
f 434/18/326 433/17/327 425/19/328
f 426/20/329 434/18/326 425/19/328
f 435/18/330 434/17/331 426/19/332
f 427/20/333 435/18/330 426/19/332
f 429/18/7 435/17/7 427/19/7
f 421/20/7 429/18/7 427/19/7
f 436/42/334 437/41/519 429/37/318
f 428/38/517 436/42/334 429/37/318
f 438/43/336 436/42/334 428/38/517
f 430/39/319 438/43/336 428/38/517
f 439/44/520 438/43/336 430/39/319
f 431/40/320 439/44/520 430/39/319
f 440/18/36 439/17/36 431/19/36
f 432/20/36 440/18/36 431/19/36
f 441/18/339 440/17/521 432/19/341
f 433/20/342 441/18/339 432/19/341
f 442/18/343 441/17/344 433/19/345
f 434/20/346 442/18/343 433/19/345
f 443/18/347 442/17/348 434/19/349
f 435/20/350 443/18/347 434/19/349
f 437/18/7 443/17/7 435/19/7
f 429/20/7 437/18/7 435/19/7
f 444/46/351 378/45/352 437/41/519
f 436/42/334 444/46/351 437/41/519
f 445/47/353 444/46/351 436/42/334
f 438/43/336 445/47/353 436/42/334
f 446/48/522 445/47/353 438/43/336
f 439/44/520 446/48/522 438/43/336
f 447/18/36 446/17/36 439/19/36
f 440/20/36 447/18/36 439/19/36
f 448/18/355 447/17/523 440/19/357
f 441/20/358 448/18/355 440/19/357
f 449/18/524 448/17/360 441/19/361
f 442/20/525 449/18/524 441/19/361
f 377/18/526 449/17/364 442/19/527
f 443/20/366 377/18/526 442/19/527
f 378/18/7 377/17/7 443/19/7
f 437/20/7 378/18/7 443/19/7
f 450/50/367 369/49/368 378/45/352
f 444/46/351 450/50/367 378/45/352
f 451/51/528 450/50/367 444/46/351
f 445/47/353 451/51/528 444/46/351
f 372/52/370 451/51/528 445/47/353
f 446/48/522 372/52/370 445/47/353
f 373/18/36 372/17/36 446/19/36
f 447/20/36 373/18/36 446/19/36
f 452/18/371 373/17/529 447/19/530
f 448/20/531 452/18/371 447/19/530
f 453/18/532 452/17/533 448/19/534
f 449/20/535 453/18/532 448/19/534
f 376/18/536 453/17/380 449/19/381
f 377/20/382 376/18/536 449/19/381
f 369/18/7 376/17/7 377/19/7
f 378/20/7 369/18/7 377/19/7
f 361/18/7 368/17/7 376/19/7
f 369/20/7 361/18/7 376/19/7
f 383/19/383 382/20/383 454/18/537
f 385/19/538 383/20/538 454/18/539
f 387/19/387 385/20/387 454/18/540
f 389/19/541 387/20/541 454/18/540
f 391/19/542 389/20/542 454/18/543
f 393/19/391 391/20/391 454/18/539
f 395/19/392 393/20/392 454/18/537
f 382/19/544 395/20/544 454/18/545
f 455/53/36 456/54/36 457/55/36
f 458/56/36 455/53/36 457/55/36
f 459/57/36 458/56/36 457/55/36
f 460/58/36 459/57/36 457/55/36
f 461/59/36 460/58/36 457/55/36
f 462/60/36 461/59/36 457/55/36
f 463/61/36 462/60/36 457/55/36
f 464/62/36 463/61/36 457/55/36
f 465/63/36 464/62/36 457/55/36
f 466/64/36 465/63/36 457/55/36
f 467/65/36 466/64/36 457/55/36
f 468/66/36 467/65/36 457/55/36
f 469/67/36 468/66/36 457/55/36
f 470/68/36 469/67/36 457/55/36
f 471/69/36 470/68/36 457/55/36
f 472/70/36 471/69/36 457/55/36
f 473/71/36 472/70/36 457/55/36
f 474/72/36 473/71/36 457/55/36
f 475/73/36 474/72/36 457/55/36
f 476/74/36 475/73/36 457/55/36
f 477/75/36 476/74/36 457/55/36
f 478/76/36 477/75/36 457/55/36
f 479/77/36 478/76/36 457/55/36
f 480/78/36 479/77/36 457/55/36
f 481/79/36 480/78/36 457/55/36
f 482/80/36 481/79/36 457/55/36
f 483/81/36 482/80/36 457/55/36
f 484/82/36 483/81/36 457/55/36
f 485/83/36 484/82/36 457/55/36
f 456/54/36 485/83/36 457/55/36
f 486/84/395 487/85/6 456/85/6
f 455/84/395 486/84/395 456/85/6
f 488/86/396 486/84/395 455/84/395
f 458/86/396 488/86/396 455/84/395
f 489/87/397 488/86/396 458/86/396
f 459/87/397 489/87/397 458/86/396
f 490/88/546 489/87/397 459/87/397
f 460/88/546 490/88/546 459/87/397
f 491/89/399 490/88/546 460/88/546
f 461/89/399 491/89/399 460/88/546
f 492/90/400 491/89/399 461/89/399
f 462/90/547 492/90/400 461/89/399
f 493/91/401 492/90/400 462/90/547
f 463/91/401 493/91/401 462/90/547
f 494/92/402 493/91/401 463/91/401
f 464/92/402 494/92/402 463/91/401
f 495/93/548 494/92/402 464/92/402
f 465/93/403 495/93/548 464/92/402
f 496/94/404 495/93/548 465/93/403
f 466/94/404 496/94/404 465/93/403
f 497/95/549 496/94/404 466/94/404
f 467/95/549 497/95/549 466/94/404
f 498/96/406 497/95/549 467/95/549
f 468/96/406 498/96/406 467/95/549
f 499/97/407 498/96/406 468/96/406
f 469/97/407 499/97/407 468/96/406
f 500/98/408 499/97/407 469/97/407
f 470/98/408 500/98/408 469/97/407
f 501/99/8 500/98/408 470/98/408
f 471/99/8 501/99/8 470/98/408
f 502/100/409 501/99/8 471/99/8
f 472/100/409 502/100/409 471/99/8
f 503/101/410 502/100/409 472/100/409
f 473/101/410 503/101/410 472/100/409
f 504/102/411 503/101/410 473/101/410
f 474/102/411 504/102/411 473/101/410
f 505/103/412 504/102/411 474/102/411
f 475/103/412 505/103/412 474/102/411
f 506/104/413 505/103/412 475/103/412
f 476/104/413 506/104/413 475/103/412
f 507/105/414 506/104/413 476/104/413
f 477/105/415 507/105/414 476/104/413
f 508/106/416 507/105/414 477/105/415
f 478/106/416 508/106/416 477/105/415
f 509/107/417 508/106/416 478/106/416
f 479/107/417 509/107/417 478/106/416
f 510/108/418 509/107/417 479/107/417
f 480/108/419 510/108/418 479/107/417
f 511/109/420 510/108/418 480/108/419
f 481/109/420 511/109/420 480/108/419
f 512/110/421 511/109/420 481/109/420
f 482/110/421 512/110/421 481/109/420
f 513/111/422 512/110/421 482/110/421
f 483/111/422 513/111/422 482/110/421
f 514/112/423 513/111/422 483/111/422
f 484/112/423 514/112/423 483/111/422
f 515/113/424 514/112/423 484/112/423
f 485/113/424 515/113/424 484/112/423
f 487/85/6 515/113/424 485/113/424
f 456/85/6 487/85/6 485/113/424
f 487/85/7 486/84/7 516/114/7
f 486/84/7 488/86/7 516/114/7
f 488/86/7 489/87/7 516/114/7
f 489/87/7 490/88/7 516/114/7
f 490/88/7 491/89/7 516/114/7
f 491/89/7 492/90/7 516/114/7
f 492/90/7 493/91/7 516/114/7
f 493/91/7 494/92/7 516/114/7
f 494/92/7 495/93/7 516/114/7
f 495/93/7 496/94/7 516/114/7
f 496/94/7 497/95/7 516/114/7
f 497/95/7 498/96/7 516/114/7
f 498/96/7 499/97/7 516/114/7
f 499/97/7 500/98/7 516/114/7
f 500/98/7 501/99/7 516/114/7
f 501/99/7 502/100/7 516/114/7
f 502/100/7 503/101/7 516/114/7
f 503/101/7 504/102/7 516/114/7
f 504/102/7 505/103/7 516/114/7
f 505/103/7 506/104/7 516/114/7
f 506/104/7 507/105/7 516/114/7
f 507/105/7 508/106/7 516/114/7
f 508/106/7 509/107/7 516/114/7
f 509/107/7 510/108/7 516/114/7
f 510/108/7 511/109/7 516/114/7
f 511/109/7 512/110/7 516/114/7
f 512/110/7 513/111/7 516/114/7
f 513/111/7 514/112/7 516/114/7
f 514/112/7 515/113/7 516/114/7
f 515/113/7 487/85/7 516/114/7
f 517/115/550 518/116/551 519/117/551
f 520/118/551 519/117/551 518/116/551
f 521/115/552 522/116/552 523/117/552
f 524/118/552 523/117/552 522/116/552
f 520/115/553 521/116/553 519/117/553
f 523/118/553 519/117/553 521/116/553
f 518/115/439 522/116/439 520/117/439
f 521/118/439 520/117/439 522/116/439
f 519/115/441 523/116/441 517/117/441
f 524/118/441 517/117/441 523/116/441
f 525/115/554 526/116/554 527/117/555
f 528/118/554 527/117/555 526/116/554
f 529/115/556 530/116/557 531/117/556
f 532/118/557 531/117/556 530/116/557
f 528/115/558 529/116/559 527/117/559
f 531/118/559 527/117/559 529/116/559
f 526/115/431 530/116/431 528/117/431
f 529/118/431 528/117/431 530/116/431
f 527/115/432 531/116/432 525/117/560
f 532/118/560 525/117/560 531/116/432
f 533/9/37 534/10/38 535/11/39
f 534/10/38 536/12/40 535/11/39
f 534/10/38 537/13/41 536/12/40
f 537/13/41 538/14/42 536/12/40
f 537/13/41 539/15/43 538/14/42
f 539/15/43 540/16/442 538/14/42
f 539/17/561 541/18/562 540/19/563
f 541/18/562 542/20/564 540/19/563
f 541/17/49 543/18/50 542/19/51
f 543/18/50 544/20/565 542/19/51
f 543/17/447 545/18/54 544/19/55
f 545/18/54 546/20/56 544/19/55
f 545/17/57 547/18/58 546/19/59
f 547/18/58 548/20/60 546/19/59
f 547/17/7 533/18/7 548/19/7
f 533/18/7 535/20/7 548/19/7
f 549/21/61 550/22/62 533/9/37
f 550/22/62 534/10/38 533/9/37
f 550/22/62 551/23/63 534/10/38
f 551/23/63 537/13/41 534/10/38
f 551/23/63 552/24/64 537/13/41
f 552/24/64 539/15/43 537/13/41
f 552/17/566 553/18/567 539/19/568
f 553/18/567 541/20/569 539/19/568
f 553/17/69 554/18/70 541/19/71
f 554/18/70 543/20/72 541/19/71
f 554/17/73 555/18/74 543/19/75
f 555/18/74 545/20/76 543/19/75
f 555/17/77 556/18/78 545/19/79
f 556/18/78 547/20/80 545/19/79
f 556/17/7 549/18/7 547/19/7
f 549/18/7 533/20/7 547/19/7
f 557/25/81 558/26/82 549/21/61
f 558/26/82 550/22/62 549/21/61
f 558/26/82 559/27/454 550/22/62
f 559/27/454 551/23/63 550/22/62
f 559/27/454 560/28/84 551/23/63
f 560/28/84 552/24/64 551/23/63
f 560/17/570 561/18/571 552/19/572
f 561/18/571 553/20/573 552/19/572
f 561/17/89 562/18/90 553/19/91
f 562/18/90 554/20/92 553/19/91
f 562/17/93 563/18/94 554/19/95
f 563/18/94 555/20/96 554/19/95
f 563/17/97 564/18/98 555/19/99
f 564/18/98 556/20/100 555/19/99
f 564/17/7 557/18/7 556/19/7
f 557/18/7 549/20/7 556/19/7
f 565/29/101 566/30/102 557/25/81
f 566/30/102 558/26/82 557/25/81
f 566/30/102 567/31/103 558/26/82
f 567/31/103 559/27/454 558/26/82
f 567/31/103 568/32/104 559/27/454
f 568/32/104 560/28/84 559/27/454
f 568/17/574 569/18/575 560/19/576
f 569/18/575 561/20/577 560/19/576
f 569/17/109 570/18/110 561/19/111
f 570/18/110 562/20/112 561/19/111
f 570/17/113 571/18/114 562/19/115
f 571/18/114 563/20/116 562/19/115
f 571/17/117 572/18/118 563/19/119
f 572/18/118 564/20/120 563/19/119
f 572/17/7 565/18/7 564/19/7
f 565/18/7 557/20/7 564/19/7
f 573/33/460 574/34/122 565/29/101
f 574/34/122 566/30/102 565/29/101
f 574/34/122 575/35/123 566/30/102
f 575/35/123 567/31/103 566/30/102
f 575/35/123 576/36/124 567/31/103
f 576/36/124 568/32/104 567/31/103
f 576/17/125 577/18/125 568/19/36
f 577/18/125 569/20/36 568/19/36
f 577/17/461 578/18/127 569/19/128
f 578/18/127 570/20/129 569/19/128
f 578/17/130 579/18/131 570/19/132
f 579/18/131 571/20/133 570/19/132
f 579/17/578 580/18/135 571/19/579
f 580/18/135 572/20/137 571/19/579
f 580/17/7 573/18/7 572/19/7
f 573/18/7 565/20/7 572/19/7
f 581/37/138 582/38/462 573/33/460
f 582/38/462 574/34/122 573/33/460
f 582/38/462 583/39/140 574/34/122
f 583/39/140 575/35/123 574/34/122
f 583/39/140 584/40/141 575/35/123
f 584/40/141 576/36/124 575/35/123
f 584/17/36 585/18/36 576/19/159
f 585/18/36 577/20/159 576/19/159
f 585/17/143 586/18/463 577/19/145
f 586/18/463 578/20/146 577/19/145
f 586/17/147 587/18/148 578/19/149
f 587/18/148 579/20/150 578/19/149
f 587/17/151 588/18/152 579/19/153
f 588/18/152 580/20/154 579/19/153
f 588/17/7 581/18/7 580/19/7
f 581/18/7 573/20/7 580/19/7
f 589/41/464 590/42/156 581/37/138
f 590/42/156 582/38/462 581/37/138
f 590/42/156 591/43/157 582/38/462
f 591/43/157 583/39/140 582/38/462
f 591/43/157 592/44/465 583/39/140
f 592/44/465 584/40/141 583/39/140
f 592/17/36 593/18/36 584/19/125
f 593/18/36 585/20/125 584/19/125
f 593/17/580 594/18/161 585/19/162
f 594/18/161 586/20/163 585/19/162
f 594/17/164 595/18/165 586/19/166
f 595/18/165 587/20/167 586/19/166
f 595/17/168 596/18/169 587/19/170
f 596/18/169 588/20/171 587/19/170
f 596/17/7 589/18/7 588/19/7
f 589/18/7 581/20/7 588/19/7
f 597/45/172 598/46/173 589/41/464
f 598/46/173 590/42/156 589/41/464
f 598/46/173 599/47/174 590/42/156
f 599/47/174 591/43/157 590/42/156
f 599/47/174 600/48/467 591/43/157
f 600/48/467 592/44/465 591/43/157
f 600/17/36 601/18/36 592/19/36
f 601/18/36 593/20/36 592/19/36
f 601/17/468 602/18/581 593/19/178
f 602/18/581 594/20/179 593/19/178
f 602/17/180 603/18/469 594/19/182
f 603/18/469 595/20/470 594/19/182
f 603/17/184 604/18/185 595/19/472
f 604/18/185 596/20/187 595/19/472
f 604/17/7 597/18/7 596/19/7
f 597/18/7 589/20/7 596/19/7
f 605/49/188 606/50/189 597/45/172
f 606/50/189 598/46/173 597/45/172
f 606/50/189 607/51/190 598/46/173
f 607/51/190 599/47/174 598/46/173
f 607/51/190 608/52/191 599/47/174
f 608/52/191 600/48/467 599/47/174
f 608/17/36 609/18/36 600/19/36
f 609/18/36 601/20/36 600/19/36
f 609/17/192 610/18/193 601/19/194
f 610/18/193 602/20/195 601/19/194
f 610/17/196 611/18/197 602/19/198
f 611/18/197 603/20/199 602/19/198
f 611/17/200 612/18/201 603/19/202
f 612/18/201 604/20/203 603/19/202
f 612/17/7 605/18/7 604/19/7
f 605/18/7 597/20/7 604/19/7
f 613/17/7 614/18/7 612/19/7
f 614/18/7 605/20/7 612/19/7
f 535/20/204 536/19/204 615/18/582
f 536/20/583 538/19/583 615/18/582
f 538/20/584 540/19/584 615/18/585
f 540/20/586 542/19/586 615/18/582
f 542/20/587 544/19/587 615/18/582
f 544/20/588 546/19/588 615/18/582
f 546/20/214 548/19/214 615/18/582
f 548/20/589 535/19/589 615/18/590
f 616/10/217 617/9/218 618/11/219
f 619/12/220 616/10/217 618/11/219
f 620/13/221 616/10/217 619/12/220
f 621/14/222 620/13/221 619/12/220
f 622/15/223 620/13/221 621/14/222
f 623/16/495 622/15/223 621/14/222
f 624/18/591 622/17/592 623/19/593
f 625/20/594 624/18/591 623/19/593
f 626/18/229 624/17/230 625/19/231
f 627/20/595 626/18/229 625/19/231
f 628/18/233 626/17/500 627/19/235
f 629/20/236 628/18/233 627/19/235
f 630/18/237 628/17/238 629/19/239
f 631/20/240 630/18/237 629/19/239
f 617/18/7 630/17/7 631/19/7
f 618/20/7 617/18/7 631/19/7
f 632/22/241 633/21/242 617/9/218
f 616/10/217 632/22/241 617/9/218
f 634/23/243 632/22/241 616/10/217
f 620/13/221 634/23/243 616/10/217
f 635/24/244 634/23/243 620/13/221
f 622/15/223 635/24/244 620/13/221
f 636/18/596 635/17/597 622/19/598
f 624/20/599 636/18/596 622/19/598
f 637/18/249 636/17/250 624/19/251
f 626/20/252 637/18/249 624/19/251
f 638/18/253 637/17/254 626/19/255
f 628/20/256 638/18/253 626/19/255
f 639/18/257 638/17/258 628/19/259
f 630/20/260 639/18/257 628/19/259
f 633/18/7 639/17/7 630/19/7
f 617/20/7 633/18/7 630/19/7
f 640/26/261 641/25/262 633/21/242
f 632/22/241 640/26/261 633/21/242
f 642/27/507 640/26/261 632/22/241
f 634/23/243 642/27/507 632/22/241
f 643/28/264 642/27/507 634/23/243
f 635/24/244 643/28/264 634/23/243
f 644/18/600 643/17/601 635/19/602
f 636/20/603 644/18/600 635/19/602
f 645/18/269 644/17/270 636/19/271
f 637/20/272 645/18/269 636/19/271
f 646/18/273 645/17/274 637/19/275
f 638/20/276 646/18/273 637/19/275
f 647/18/277 646/17/278 638/19/279
f 639/20/280 647/18/277 638/19/279
f 641/18/7 647/17/7 639/19/7
f 633/20/7 641/18/7 639/19/7
f 648/30/281 649/29/282 641/25/262
f 640/26/261 648/30/281 641/25/262
f 650/31/283 648/30/281 640/26/261
f 642/27/507 650/31/283 640/26/261
f 651/32/284 650/31/283 642/27/507
f 643/28/264 651/32/284 642/27/507
f 652/18/604 651/17/605 643/19/606
f 644/20/607 652/18/604 643/19/606
f 653/18/289 652/17/290 644/19/291
f 645/20/292 653/18/289 644/19/291
f 654/18/293 653/17/294 645/19/295
f 646/20/296 654/18/293 645/19/295
f 655/18/297 654/17/298 646/19/299
f 647/20/300 655/18/297 646/19/299
f 649/18/7 655/17/7 647/19/7
f 641/20/7 649/18/7 647/19/7
f 656/34/301 657/33/515 649/29/282
f 648/30/281 656/34/301 649/29/282
f 658/35/303 656/34/301 648/30/281
f 650/31/283 658/35/303 648/30/281
f 659/36/304 658/35/303 650/31/283
f 651/32/284 659/36/304 650/31/283
f 660/18/159 659/17/159 651/19/36
f 652/20/36 660/18/159 651/19/36
f 661/18/305 660/17/516 652/19/307
f 653/20/308 661/18/305 652/19/307
f 662/18/309 661/17/310 653/19/311
f 654/20/312 662/18/309 653/19/311
f 663/18/313 662/17/608 654/19/609
f 655/20/316 663/18/313 654/19/609
f 657/18/7 663/17/7 655/19/7
f 649/20/7 657/18/7 655/19/7
f 664/38/517 665/37/318 657/33/515
f 656/34/301 664/38/517 657/33/515
f 666/39/319 664/38/517 656/34/301
f 658/35/303 666/39/319 656/34/301
f 667/40/320 666/39/319 658/35/303
f 659/36/304 667/40/320 658/35/303
f 668/18/36 667/17/36 659/19/125
f 660/20/125 668/18/36 659/19/125
f 669/18/518 668/17/323 660/19/324
f 661/20/325 669/18/518 660/19/324
f 670/18/326 669/17/327 661/19/328
f 662/20/329 670/18/326 661/19/328
f 671/18/330 670/17/331 662/19/332
f 663/20/333 671/18/330 662/19/332
f 665/18/7 671/17/7 663/19/7
f 657/20/7 665/18/7 663/19/7
f 672/42/334 673/41/519 665/37/318
f 664/38/517 672/42/334 665/37/318
f 674/43/336 672/42/334 664/38/517
f 666/39/319 674/43/336 664/38/517
f 675/44/520 674/43/336 666/39/319
f 667/40/320 675/44/520 666/39/319
f 676/18/36 675/17/36 667/19/159
f 668/20/159 676/18/36 667/19/159
f 677/18/339 676/17/610 668/19/341
f 669/20/342 677/18/339 668/19/341
f 678/18/343 677/17/344 669/19/345
f 670/20/346 678/18/343 669/19/345
f 679/18/347 678/17/348 670/19/349
f 671/20/350 679/18/347 670/19/349
f 673/18/7 679/17/7 671/19/7
f 665/20/7 673/18/7 671/19/7
f 680/46/351 614/45/352 673/41/519
f 672/42/334 680/46/351 673/41/519
f 681/47/353 680/46/351 672/42/334
f 674/43/336 681/47/353 672/42/334
f 682/48/522 681/47/353 674/43/336
f 675/44/520 682/48/522 674/43/336
f 683/18/36 682/17/36 675/19/36
f 676/20/36 683/18/36 675/19/36
f 684/18/611 683/17/523 676/19/357
f 677/20/358 684/18/611 676/19/357
f 685/18/524 684/17/360 677/19/361
f 678/20/525 685/18/524 677/19/361
f 613/18/363 685/17/364 678/19/527
f 679/20/366 613/18/363 678/19/527
f 614/18/7 613/17/7 679/19/7
f 673/20/7 614/18/7 679/19/7
f 686/50/367 605/49/368 614/45/352
f 680/46/351 686/50/367 614/45/352
f 687/51/369 686/50/367 680/46/351
f 681/47/353 687/51/369 680/46/351
f 608/52/370 687/51/369 681/47/353
f 682/48/522 608/52/370 681/47/353
f 609/18/36 608/17/36 682/19/36
f 683/20/36 609/18/36 682/19/36
f 688/18/371 609/17/372 683/19/373
f 684/20/374 688/18/371 683/19/373
f 689/18/375 688/17/376 684/19/377
f 685/20/378 689/18/375 684/19/377
f 612/18/379 689/17/380 685/19/381
f 613/20/382 612/18/379 685/19/381
f 605/18/7 612/17/7 613/19/7
f 614/20/7 605/18/7 613/19/7
f 597/18/7 604/17/7 612/19/7
f 605/20/7 597/18/7 612/19/7
f 619/19/383 618/20/383 690/18/612
f 621/19/613 619/20/613 690/18/614
f 623/19/615 621/20/615 690/18/616
f 625/19/617 623/20/617 690/18/614
f 627/19/618 625/20/618 690/18/619
f 629/19/620 627/20/620 690/18/616
f 631/19/392 629/20/392 690/18/614
f 618/19/621 631/20/621 690/18/614
f 691/53/36 692/54/36 693/55/36
f 694/56/36 691/53/36 693/55/36
f 695/57/36 694/56/36 693/55/36
f 696/58/36 695/57/36 693/55/36
f 697/59/36 696/58/36 693/55/36
f 698/60/36 697/59/36 693/55/36
f 699/61/36 698/60/36 693/55/36
f 700/62/36 699/61/36 693/55/36
f 701/63/36 700/62/36 693/55/36
f 702/64/36 701/63/36 693/55/36
f 703/65/36 702/64/36 693/55/36
f 704/66/36 703/65/36 693/55/36
f 705/67/36 704/66/36 693/55/36
f 706/68/36 705/67/36 693/55/36
f 707/69/36 706/68/36 693/55/36
f 708/70/36 707/69/36 693/55/36
f 709/71/36 708/70/36 693/55/36
f 710/72/36 709/71/36 693/55/36
f 711/73/36 710/72/36 693/55/36
f 712/74/36 711/73/36 693/55/36
f 713/75/36 712/74/36 693/55/36
f 714/76/36 713/75/36 693/55/36
f 715/77/36 714/76/36 693/55/36
f 716/78/36 715/77/36 693/55/36
f 717/79/36 716/78/36 693/55/36
f 718/80/36 717/79/36 693/55/36
f 719/81/36 718/80/36 693/55/36
f 720/82/36 719/81/36 693/55/36
f 721/83/36 720/82/36 693/55/36
f 692/54/36 721/83/36 693/55/36
f 722/84/395 723/85/6 692/85/6
f 691/84/395 722/84/395 692/85/6
f 724/86/396 722/84/395 691/84/395
f 694/86/622 724/86/396 691/84/395
f 725/87/397 724/86/396 694/86/622
f 695/87/397 725/87/397 694/86/622
f 726/88/546 725/87/397 695/87/397
f 696/88/546 726/88/546 695/87/397
f 727/89/399 726/88/546 696/88/546
f 697/89/399 727/89/399 696/88/546
f 728/90/400 727/89/399 697/89/399
f 698/90/547 728/90/400 697/89/399
f 729/91/401 728/90/400 698/90/547
f 699/91/401 729/91/401 698/90/547
f 730/92/402 729/91/401 699/91/401
f 700/92/402 730/92/402 699/91/401
f 731/93/548 730/92/402 700/92/402
f 701/93/403 731/93/548 700/92/402
f 732/94/404 731/93/548 701/93/403
f 702/94/404 732/94/404 701/93/403
f 733/95/549 732/94/404 702/94/404
f 703/95/549 733/95/549 702/94/404
f 734/96/406 733/95/549 703/95/549
f 704/96/406 734/96/406 703/95/549
f 735/97/623 734/96/406 704/96/406
f 705/97/407 735/97/623 704/96/406
f 736/98/408 735/97/623 705/97/407
f 706/98/408 736/98/408 705/97/407
f 737/99/8 736/98/408 706/98/408
f 707/99/8 737/99/8 706/98/408
f 738/100/409 737/99/8 707/99/8
f 708/100/409 738/100/409 707/99/8
f 739/101/624 738/100/409 708/100/409
f 709/101/624 739/101/624 708/100/409
f 740/102/411 739/101/624 709/101/624
f 710/102/411 740/102/411 709/101/624
f 741/103/412 740/102/411 710/102/411
f 711/103/412 741/103/412 710/102/411
f 742/104/413 741/103/412 711/103/412
f 712/104/413 742/104/413 711/103/412
f 743/105/414 742/104/413 712/104/413
f 713/105/414 743/105/414 712/104/413
f 744/106/416 743/105/414 713/105/414
f 714/106/416 744/106/416 713/105/414
f 745/107/417 744/106/416 714/106/416
f 715/107/417 745/107/417 714/106/416
f 746/108/419 745/107/417 715/107/417
f 716/108/419 746/108/419 715/107/417
f 747/109/420 746/108/419 716/108/419
f 717/109/420 747/109/420 716/108/419
f 748/110/421 747/109/420 717/109/420
f 718/110/421 748/110/421 717/109/420
f 749/111/422 748/110/421 718/110/421
f 719/111/422 749/111/422 718/110/421
f 750/112/625 749/111/422 719/111/422
f 720/112/625 750/112/625 719/111/422
f 751/113/424 750/112/625 720/112/625
f 721/113/424 751/113/424 720/112/625
f 723/85/6 751/113/424 721/113/424
f 692/85/6 723/85/6 721/113/424
f 723/85/7 722/84/7 752/114/7
f 722/84/7 724/86/7 752/114/7
f 724/86/7 725/87/7 752/114/7
f 725/87/7 726/88/7 752/114/7
f 726/88/7 727/89/7 752/114/7
f 727/89/7 728/90/7 752/114/7
f 728/90/7 729/91/7 752/114/7
f 729/91/7 730/92/7 752/114/7
f 730/92/7 731/93/7 752/114/7
f 731/93/7 732/94/7 752/114/7
f 732/94/7 733/95/7 752/114/7
f 733/95/7 734/96/7 752/114/7
f 734/96/7 735/97/7 752/114/7
f 735/97/7 736/98/7 752/114/7
f 736/98/7 737/99/7 752/114/7
f 737/99/7 738/100/7 752/114/7
f 738/100/7 739/101/7 752/114/7
f 739/101/7 740/102/7 752/114/7
f 740/102/7 741/103/7 752/114/7
f 741/103/7 742/104/7 752/114/7
f 742/104/7 743/105/7 752/114/7
f 743/105/7 744/106/7 752/114/7
f 744/106/7 745/107/7 752/114/7
f 745/107/7 746/108/7 752/114/7
f 746/108/7 747/109/7 752/114/7
f 747/109/7 748/110/7 752/114/7
f 748/110/7 749/111/7 752/114/7
f 749/111/7 750/112/7 752/114/7
f 750/112/7 751/113/7 752/114/7
f 751/113/7 723/85/7 752/114/7
f 753/115/626 754/116/626 755/117/626
f 756/118/626 755/117/626 754/116/626
f 757/115/552 758/116/552 759/117/627
f 760/118/628 759/117/627 758/116/552
f 756/115/553 757/116/553 755/117/553
f 759/118/553 755/117/553 757/116/553
f 754/115/439 758/116/439 756/117/439
f 757/118/439 756/117/439 758/116/439
f 755/115/441 759/116/441 753/117/441
f 760/118/441 753/117/441 759/116/441
f 761/115/629 762/116/629 763/117/629
f 764/118/629 763/117/629 762/116/629
f 765/115/556 766/116/557 767/117/556
f 768/118/557 767/117/556 766/116/557
f 764/115/630 765/116/559 763/117/558
f 767/118/559 763/117/558 765/116/559
f 762/115/431 766/116/431 764/117/431
f 765/118/431 764/117/431 766/116/431
f 763/115/432 767/116/432 761/117/560
f 768/118/560 761/117/560 767/116/432
f 769/119/7 770/120/7 771/121/7
f 770/120/7 772/122/7 771/121/7
f 772/122/7 773/123/7 771/121/7
f 773/123/7 774/124/7 771/121/7
f 774/124/7 775/125/7 771/121/7
f 775/125/7 776/126/7 771/121/7
f 776/126/7 777/127/7 771/121/7
f 777/127/7 778/128/7 771/121/7
f 778/128/7 779/129/7 771/121/7
f 779/129/7 780/130/7 771/121/7
f 780/130/7 781/131/7 771/121/7
f 781/131/7 782/132/7 771/121/7
f 782/132/7 783/133/7 771/121/7
f 783/133/7 784/134/7 771/121/7
f 784/134/7 785/135/7 771/121/7
f 785/135/7 786/136/7 771/121/7
f 786/136/7 787/137/7 771/121/7
f 787/137/7 788/138/7 771/121/7
f 788/138/7 789/139/7 771/121/7
f 789/139/7 790/140/7 771/121/7
f 790/140/7 791/141/7 771/121/7
f 791/141/7 792/142/7 771/121/7
f 792/142/7 793/143/7 771/121/7
f 793/143/7 794/144/7 771/121/7
f 794/144/7 795/145/7 771/121/7
f 795/145/7 796/146/7 771/121/7
f 796/146/7 797/147/7 771/121/7
f 797/147/7 798/148/7 771/121/7
f 798/148/7 799/149/7 771/121/7
f 799/149/7 769/119/7 771/121/7
f 800/150/631 801/151/632 802/152/633
f 803/153/634 800/150/631 802/152/633
f 804/154/634 803/153/634 802/152/633
f 805/155/635 804/154/634 802/152/633
f 806/156/636 805/155/635 802/152/633
f 807/157/636 806/156/636 802/152/633
f 808/158/637 807/157/636 802/152/633
f 809/159/338 808/158/637 802/152/633
f 810/160/338 809/159/338 802/152/633
f 811/161/638 810/160/338 802/152/633
f 812/162/639 811/161/638 802/152/633
f 813/163/639 812/162/639 802/152/633
f 814/164/640 813/163/639 802/152/633
f 815/165/641 814/164/640 802/152/633
f 816/166/642 815/165/641 802/152/633
f 817/167/643 816/166/642 802/152/633
f 818/168/644 817/167/643 802/152/633
f 819/169/645 818/168/644 802/152/633
f 820/170/646 819/169/645 802/152/633
f 821/171/647 820/170/646 802/152/633
f 822/172/648 821/171/647 802/152/633
f 823/173/649 822/172/648 802/152/633
f 824/174/650 823/173/649 802/152/633
f 825/175/651 824/174/650 802/152/633
f 826/176/652 825/175/651 802/152/633
f 827/177/653 826/176/652 802/152/633
f 828/178/654 827/177/653 802/152/633
f 829/179/655 828/178/654 802/152/633
f 830/180/656 829/179/655 802/152/633
f 801/151/632 830/180/656 802/152/633
f 770/181/657 769/182/657 801/183/657
f 800/184/657 770/181/657 801/183/657
f 772/181/396 770/182/396 800/183/396
f 803/184/396 772/181/396 800/183/396
f 831/181/397 772/182/397 803/183/397
f 804/184/397 831/181/397 803/183/397
f 774/181/398 831/182/398 804/183/398
f 805/184/398 774/181/398 804/183/398
f 775/181/399 774/182/399 805/183/399
f 806/184/399 775/181/399 805/183/399
f 776/181/400 775/182/400 806/183/400
f 807/184/400 776/181/400 806/183/400
f 777/181/401 776/182/401 807/183/401
f 808/184/401 777/181/401 807/183/401
f 778/181/402 777/182/402 808/183/402
f 809/184/402 778/181/402 808/183/402
f 832/181/403 778/182/403 809/183/403
f 810/184/403 832/181/403 809/183/403
f 833/181/404 832/182/404 810/183/404
f 811/184/404 833/181/404 810/183/404
f 781/181/549 833/182/549 811/183/549
f 812/184/405 781/181/549 811/183/549
f 782/181/406 781/182/406 812/183/406
f 813/184/406 782/181/406 812/183/406
f 783/181/407 782/182/407 813/183/407
f 814/184/407 783/181/407 813/183/407
f 784/181/658 783/182/658 814/183/658
f 815/184/658 784/181/658 814/183/658
f 834/181/8 784/182/8 815/183/8
f 816/184/8 834/181/8 815/183/8
f 835/181/409 834/182/409 816/183/409
f 817/184/409 835/181/409 816/183/409
f 836/181/410 835/182/410 817/183/410
f 818/184/410 836/181/410 817/183/410
f 837/181/411 836/182/411 818/183/411
f 819/184/411 837/181/411 818/183/411
f 838/181/659 837/182/659 819/183/659
f 820/184/659 838/181/659 819/183/659
f 839/181/413 838/182/413 820/183/413
f 821/184/413 839/181/413 820/183/413
f 840/181/414 839/182/414 821/183/414
f 822/184/414 840/181/414 821/183/414
f 841/181/416 840/182/416 822/183/416
f 823/184/416 841/181/416 822/183/416
f 842/181/417 841/182/417 823/183/417
f 824/184/417 842/181/417 823/183/417
f 843/181/419 842/182/419 824/183/419
f 825/184/419 843/181/419 824/183/419
f 844/181/420 843/182/420 825/183/420
f 826/184/420 844/181/420 825/183/420
f 845/181/660 844/182/660 826/183/660
f 827/184/660 845/181/660 826/183/660
f 846/181/422 845/182/422 827/183/422
f 828/184/422 846/181/422 827/183/422
f 847/181/423 846/182/423 828/183/423
f 829/184/423 847/181/423 828/183/423
f 848/181/424 847/182/424 829/183/424
f 830/184/424 848/181/424 829/183/424
f 769/181/6 848/182/6 830/183/6
f 801/184/6 769/181/6 830/183/6
f 849/185/661 850/186/662 851/187/663
f 852/188/661 849/185/661 851/187/663
f 853/189/664 849/185/661 852/188/661
f 854/190/664 853/189/664 852/188/661
f 855/191/665 853/189/664 854/190/664
f 856/192/665 855/191/665 854/190/664
f 857/193/666 855/191/665 856/192/665
f 858/194/666 857/193/666 856/192/665
f 859/195/667 857/193/666 858/194/666
f 860/196/667 859/195/667 858/194/666
f 861/193/668 859/195/667 860/196/667
f 862/194/668 861/193/668 860/196/667
f 863/191/669 861/193/668 862/194/668
f 864/192/669 863/191/669 862/194/668
f 865/189/670 863/191/669 864/192/669
f 866/190/670 865/189/670 864/192/669
f 867/185/671 865/189/670 866/190/670
f 868/188/672 867/185/671 866/190/670
f 869/197/673 867/185/671 868/188/672
f 870/198/674 869/197/673 868/188/672
f 871/199/675 869/197/673 870/198/674
f 872/200/675 871/199/675 870/198/674
f 873/201/676 871/199/675 872/200/675
f 874/202/676 873/201/676 872/200/675
f 875/203/677 873/201/676 874/202/676
f 876/204/677 875/203/677 874/202/676
f 877/205/678 875/203/677 876/204/677
f 878/206/678 877/205/678 876/204/677
f 879/207/679 877/205/678 878/206/678
f 880/208/679 879/207/679 878/206/678
f 881/205/680 879/207/679 880/208/679
f 882/206/680 881/205/680 880/208/679
f 883/203/681 881/205/680 882/206/680
f 884/204/681 883/203/681 882/206/680
f 885/201/682 883/203/681 884/204/681
f 886/202/682 885/201/682 884/204/681
f 887/199/683 885/201/682 886/202/682
f 888/200/684 887/199/683 886/202/682
f 850/186/662 887/199/683 888/200/684
f 851/187/663 850/186/662 888/200/684
f 850/186/685 849/185/7 889/186/686
f 849/185/7 853/189/7 889/186/686
f 853/189/7 855/191/7 889/186/686
f 855/191/7 857/193/7 889/186/686
f 857/193/7 859/195/7 889/186/686
f 859/195/7 861/193/7 889/186/686
f 861/193/7 863/191/7 889/186/686
f 863/191/7 865/189/7 889/186/686
f 865/189/7 867/185/687 889/186/686
f 867/185/687 869/197/688 889/186/686
f 869/197/688 871/199/689 889/186/686
f 871/199/689 873/201/690 889/186/686
f 873/201/690 875/203/691 889/186/686
f 875/203/691 877/205/692 889/186/686
f 877/205/692 879/207/693 889/186/686
f 879/207/693 881/205/694 889/186/686
f 881/205/694 883/203/695 889/186/686
f 883/203/695 885/201/696 889/186/686
f 885/201/696 887/199/697 889/186/686
f 887/199/697 850/186/685 889/186/686
f 890/209/36 891/210/698 892/211/699
f 893/212/36 890/209/36 892/211/699
f 894/213/36 893/212/36 892/211/699
f 895/214/36 894/213/36 892/211/699
f 896/215/36 895/214/36 892/211/699
f 897/216/36 896/215/36 892/211/699
f 898/217/36 897/216/36 892/211/699
f 899/218/36 898/217/36 892/211/699
f 900/219/700 899/218/36 892/211/699
f 901/220/701 900/219/700 892/211/699
f 902/221/702 901/220/701 892/211/699
f 903/222/703 902/221/702 892/211/699
f 904/223/704 903/222/703 892/211/699
f 905/224/705 904/223/704 892/211/699
f 906/225/706 905/224/705 892/211/699
f 907/226/707 906/225/706 892/211/699
f 908/227/708 907/226/707 892/211/699
f 909/228/709 908/227/708 892/211/699
f 910/229/710 909/228/709 892/211/699
f 891/210/698 910/229/710 892/211/699
f 911/230/711 912/231/712 891/210/713
f 890/209/714 911/230/711 891/210/713
f 913/232/715 911/230/711 890/209/714
f 893/212/716 913/232/715 890/209/714
f 914/233/717 913/232/715 893/212/716
f 894/213/717 914/233/717 893/212/716
f 915/234/718 914/233/717 894/213/717
f 895/214/719 915/234/718 894/213/717
f 916/235/720 915/234/718 895/214/719
f 896/215/721 916/235/720 895/214/719
f 917/236/722 916/235/720 896/215/721
f 897/216/722 917/236/722 896/215/721
f 918/237/723 917/236/722 897/216/722
f 898/217/724 918/237/723 897/216/722
f 919/238/725 918/237/723 898/217/724
f 899/218/726 919/238/725 898/217/724
f 920/239/727 919/238/725 899/218/726
f 900/219/727 920/239/727 899/218/726
f 921/240/728 920/239/727 900/219/727
f 901/220/729 921/240/728 900/219/727
f 922/241/730 921/240/728 901/220/729
f 902/221/731 922/241/730 901/220/729
f 923/242/732 922/241/730 902/221/731
f 903/222/733 923/242/732 902/221/731
f 924/243/734 923/242/732 903/222/733
f 904/223/735 924/243/734 903/222/733
f 925/244/736 924/243/734 904/223/735
f 905/224/736 925/244/736 904/223/735
f 926/245/737 925/244/736 905/224/736
f 906/225/738 926/245/737 905/224/736
f 927/246/739 926/245/737 906/225/738
f 907/226/740 927/246/739 906/225/738
f 928/247/741 927/246/739 907/226/740
f 908/227/742 928/247/741 907/226/740
f 929/248/743 928/247/741 908/227/742
f 909/228/743 929/248/743 908/227/742
f 930/249/744 929/248/743 909/228/743
f 910/229/744 930/249/744 909/228/743
f 912/231/712 930/249/744 910/229/744
f 891/210/713 912/231/712 910/229/744
f 912/231/685 911/230/7 931/211/686
f 911/230/7 913/232/7 931/211/686
f 913/232/7 914/233/7 931/211/686
f 914/233/7 915/234/7 931/211/686
f 915/234/7 916/235/7 931/211/686
f 916/235/7 917/236/7 931/211/686
f 917/236/7 918/237/7 931/211/686
f 918/237/7 919/238/7 931/211/686
f 919/238/7 920/239/687 931/211/686
f 920/239/687 921/240/745 931/211/686
f 921/240/745 922/241/746 931/211/686
f 922/241/746 923/242/747 931/211/686
f 923/242/747 924/243/748 931/211/686
f 924/243/748 925/244/749 931/211/686
f 925/244/749 926/245/750 931/211/686
f 926/245/750 927/246/751 931/211/686
f 927/246/751 928/247/752 931/211/686
f 928/247/752 929/248/753 931/211/686
f 929/248/753 930/249/754 931/211/686
f 930/249/754 912/231/685 931/211/686
f 932/250/35 933/250/35 934/251/35
f 934/251/35 935/251/35 932/250/35
f 936/252/5 937/253/5 938/253/5
f 938/253/5 939/252/5 936/252/5
f 937/253/755 935/251/755 934/251/755
f 934/251/755 938/253/755 937/253/755
f 936/252/756 932/250/756 935/251/756
f 935/251/756 937/253/756 936/252/756
f 938/253/757 934/251/757 933/250/757
f 933/250/757 939/252/757 938/253/757
f 940/250/35 941/250/35 942/251/35
f 943/251/35 942/251/35 941/250/35
f 944/253/5 945/252/5 946/253/5
f 947/252/5 946/253/5 945/252/5
f 943/251/758 944/253/758 942/251/758
f 946/253/758 942/251/758 944/253/758
f 941/250/759 945/252/759 943/251/759
f 944/253/759 943/251/759 945/252/759
f 942/251/760 946/253/760 940/250/760
f 947/252/760 940/250/760 946/253/760
f 948/250/35 949/250/35 950/251/35
f 950/251/35 951/251/35 948/250/35
f 952/252/5 953/253/5 954/253/5
f 954/253/5 955/252/5 952/252/5
f 953/253/755 951/251/755 950/251/755
f 950/251/755 954/253/755 953/253/755
f 952/252/756 948/250/756 951/251/756
f 951/251/756 953/253/756 952/252/756
f 954/253/757 950/251/757 949/250/757
f 949/250/757 955/252/757 954/253/757
f 956/250/35 957/250/35 958/251/35
f 959/251/35 958/251/35 957/250/35
f 960/253/5 961/252/5 962/253/5
f 963/252/5 962/253/5 961/252/5
f 959/251/758 960/253/758 958/251/758
f 962/253/758 958/251/758 960/253/758
f 957/250/759 961/252/759 959/251/759
f 960/253/759 959/251/759 961/252/759
f 958/251/760 962/253/760 956/250/760
f 963/252/760 956/250/760 962/253/760
f 964/254/35 965/255/35 966/256/35
f 967/257/35 966/256/35 965/255/35
f 968/254/5 969/255/5 970/256/5
f 971/257/5 970/256/5 969/255/5
f 967/258/7 968/259/7 966/260/7
f 970/261/7 966/260/7 968/259/7
f 965/254/6 969/255/6 967/256/6
f 968/257/6 967/256/6 969/255/6
f 964/258/36 971/259/36 965/260/36
f 969/261/36 965/260/36 971/259/36
f 966/254/8 970/255/8 964/256/8
f 971/257/8 964/256/8 970/255/8
f 972/258/35 973/259/35 974/260/35
f 975/261/35 974/260/35 973/259/35
f 976/258/5 977/259/5 978/260/5
f 979/261/5 978/260/5 977/259/5
f 975/258/7 976/259/7 974/260/7
f 978/261/7 974/260/7 976/259/7
f 973/262/6 977/263/6 975/264/6
f 976/265/6 975/264/6 977/263/6
f 972/258/36 979/259/36 973/260/36
f 977/261/36 973/260/36 979/259/36
f 974/262/8 978/263/8 972/264/8
f 979/265/8 972/264/8 978/263/8
f 980/266/35 981/267/35 982/268/35
f 983/269/35 982/268/35 981/267/35
f 984/270/7 981/271/7 985/272/7
f 980/273/7 985/272/7 981/271/7
f 985/274/6 980/275/6 986/276/6
f 982/277/6 986/276/6 980/275/6
f 986/278/36 982/279/36 987/280/36
f 983/281/36 987/280/36 982/279/36
f 987/270/8 983/271/8 984/272/8
f 981/273/8 984/272/8 983/271/8
f 988/282/35 989/283/35 990/284/35
f 991/285/35 990/284/35 989/283/35
f 992/286/7 989/287/7 993/288/7
f 988/289/7 993/288/7 989/287/7
f 993/286/6 988/287/6 994/288/6
f 990/289/6 994/288/6 988/287/6
f 994/290/36 990/291/36 995/292/36
f 991/293/36 995/292/36 990/291/36
f 995/294/8 991/295/8 992/296/8
f 989/297/8 992/296/8 991/295/8
f 996/298/5 997/299/5 998/300/5
f 999/301/5 998/300/5 997/299/5
f 1000/302/35 1001/303/35 1002/304/35
f 1003/305/35 1002/304/35 1001/303/35
f 997/302/761 1001/303/761 999/304/761
f 1000/305/761 999/304/761 1001/303/761
f 996/302/7 1003/303/7 997/304/7
f 1001/305/7 997/304/7 1003/303/7
f 998/302/762 1002/303/762 996/304/762
f 1003/305/762 996/304/762 1002/303/762
f 1004/302/35 1005/303/35 1006/304/35
f 1007/305/35 1006/304/35 1005/303/35
f 1008/298/5 999/299/5 1009/300/5
f 1010/301/5 1009/300/5 999/299/5
f 999/302/7 1005/303/7 1010/304/7
f 1004/305/7 1010/304/7 1005/303/7
f 1010/306/6 1004/307/6 1009/308/6
f 1006/309/6 1009/308/6 1004/307/6
f 1009/298/36 1006/299/36 1008/300/36
f 1007/301/36 1008/300/36 1006/299/36
f 1008/298/8 1007/299/8 999/300/8
f 1005/301/8 999/300/8 1007/299/8
f 1011/302/35 1012/303/35 1013/304/35
f 1014/305/35 1013/304/35 1012/303/35
f 1015/298/5 1016/299/5 1017/300/5
f 998/301/5 1017/300/5 1016/299/5
f 1016/302/7 1012/303/7 998/304/7
f 1011/305/7 998/304/7 1012/303/7
f 998/298/6 1011/299/6 1017/300/6
f 1013/301/6 1017/300/6 1011/299/6
f 1017/298/36 1013/299/36 1015/300/36
f 1014/301/36 1015/300/36 1013/299/36
f 1015/310/8 1014/311/8 1016/312/8
f 1012/313/8 1016/312/8 1014/311/8
f 1000/298/35 1002/299/35 1018/300/35
f 1019/301/35 1018/300/35 1002/299/35
f 1017/298/5 998/299/5 1008/300/5
f 999/301/5 1008/300/5 998/299/5
f 999/298/6 1000/299/6 1008/300/6
f 1018/301/6 1008/300/6 1000/299/6
f 1008/298/36 1018/299/36 1017/300/36
f 1019/301/36 1017/300/36 1018/299/36
f 1017/298/8 1019/299/8 998/300/8
f 1002/301/8 998/300/8 1019/299/8
f 1020/314/35 1021/315/35 1022/316/35
f 1023/317/35 1022/316/35 1021/315/35
f 1024/317/5 1025/315/5 1026/316/5
f 1027/314/5 1026/316/5 1025/315/5
f 1025/315/7 1021/315/7 1027/314/7
f 1020/314/7 1027/314/7 1021/315/7
f 1027/314/6 1020/314/6 1026/316/6
f 1022/316/6 1026/316/6 1020/314/6
f 1026/316/36 1022/316/36 1024/317/36
f 1023/317/36 1024/317/36 1022/316/36
f 1024/317/8 1023/317/8 1025/315/8
f 1021/315/8 1025/315/8 1023/317/8
f 1028/318/5 1029/319/5 1030/320/5
f 1030/320/5 1031/321/5 1028/318/5
f 1032/322/5 1028/318/5 1031/321/5
f 1031/321/5 1033/323/5 1032/322/5
f 1034/324/35 1035/325/35 1036/326/35
f 1036/326/35 1037/327/35 1034/324/35
f 1038/328/35 1039/329/35 1035/325/35
f 1035/325/35 1034/324/35 1038/328/35
f 1037/330/36 1036/331/36 1030/332/36
f 1030/332/36 1029/333/36 1037/330/36
f 1034/334/763 1037/335/764 1029/336/764
f 1029/336/764 1028/337/763 1034/334/763
f 1038/338/765 1034/334/763 1028/337/763
f 1028/337/763 1032/339/765 1038/338/765
f 1035/334/766 1039/338/767 1033/339/767
f 1033/339/767 1031/337/766 1035/334/766
f 1036/335/768 1035/334/766 1031/337/766
f 1031/337/766 1030/336/768 1036/335/768
f 1040/340/5 1041/341/5 1042/342/5
f 1042/342/5 1043/343/5 1040/340/5
f 1044/344/35 1045/345/35 1046/346/35
f 1046/346/35 1047/347/35 1044/344/35
f 1047/340/36 1046/341/36 1042/342/36
f 1042/342/36 1041/343/36 1047/340/36
f 1044/344/6 1047/345/6 1041/346/6
f 1041/346/6 1040/347/6 1044/344/6
f 1045/344/7 1044/345/7 1040/346/7
f 1040/346/7 1043/347/7 1045/344/7
f 1046/348/8 1045/349/8 1043/350/8
f 1043/350/8 1042/351/8 1046/348/8
f 1048/340/5 1049/341/5 1050/342/5
f 1050/342/5 1051/343/5 1048/340/5
f 1052/344/35 1053/345/35 1054/346/35
f 1054/346/35 1055/347/35 1052/344/35
f 1055/340/36 1054/341/36 1050/342/36
f 1050/342/36 1049/343/36 1055/340/36
f 1052/348/6 1055/349/6 1049/350/6
f 1049/350/6 1048/351/6 1052/348/6
f 1053/344/7 1052/345/7 1048/346/7
f 1048/346/7 1051/347/7 1053/344/7
f 1054/344/8 1053/345/8 1051/346/8
f 1051/346/8 1050/347/8 1054/344/8
f 1056/340/5 1057/341/5 1058/342/5
f 1058/342/5 1059/343/5 1056/340/5
f 1060/344/35 1061/345/35 1062/346/35
f 1062/346/35 1063/347/35 1060/344/35
f 1063/340/36 1062/341/36 1058/342/36
f 1058/342/36 1057/343/36 1063/340/36
f 1060/344/6 1063/345/6 1057/346/6
f 1057/346/6 1056/347/6 1060/344/6
f 1061/344/7 1060/345/7 1056/346/7
f 1056/346/7 1059/347/7 1061/344/7
f 1062/348/8 1061/349/8 1059/350/8
f 1059/350/8 1058/351/8 1062/348/8
f 1064/340/5 1065/341/5 1066/342/5
f 1066/342/5 1067/343/5 1064/340/5
f 1068/344/35 1069/345/35 1070/346/35
f 1070/346/35 1071/347/35 1068/344/35
f 1071/340/36 1070/341/36 1066/342/36
f 1066/342/36 1065/343/36 1071/340/36
f 1068/348/6 1071/349/6 1065/350/6
f 1065/350/6 1064/351/6 1068/348/6
f 1069/344/7 1068/345/7 1064/346/7
f 1064/346/7 1067/347/7 1069/344/7
f 1070/344/8 1069/345/8 1067/346/8
f 1067/346/8 1066/347/8 1070/344/8
f 1072/352/5 1073/353/5 1074/354/5
f 1072/352/5 1074/354/5 1075/355/5
f 1072/352/5 1075/355/5 1076/356/5
f 1072/352/5 1076/356/5 1077/357/5
f 1072/352/5 1077/357/5 1078/358/5
f 1072/352/5 1078/358/5 1079/359/5
f 1072/352/5 1079/359/5 1080/360/5
f 1072/352/5 1080/360/5 1081/361/5
f 1072/352/5 1081/361/5 1082/362/5
f 1072/352/5 1082/362/5 1083/363/5
f 1072/352/5 1083/363/5 1084/364/5
f 1072/352/5 1084/364/5 1085/365/5
f 1085/350/769 1084/351/769 1086/348/769
f 1086/348/769 1087/349/769 1085/350/769
f 1084/350/3 1083/351/3 1088/348/3
f 1088/348/3 1086/349/3 1084/350/3
f 1083/350/770 1082/351/770 1089/348/770
f 1089/348/770 1088/349/770 1083/350/770
f 1082/350/771 1081/351/771 1090/348/771
f 1090/348/771 1089/349/771 1082/350/771
f 1081/350/772 1080/351/772 1091/348/772
f 1091/348/772 1090/349/772 1081/350/772
f 1080/350/773 1079/351/773 1092/348/773
f 1092/348/773 1091/349/773 1080/350/773
f 1079/350/774 1078/351/774 1093/348/774
f 1093/348/774 1092/349/774 1079/350/774
f 1078/350/4 1077/351/4 1094/348/4
f 1094/348/4 1093/349/4 1078/350/4
f 1077/350/775 1076/351/775 1095/348/775
f 1095/348/775 1094/349/775 1077/350/775
f 1076/350/776 1075/351/776 1096/348/776
f 1096/348/776 1095/349/776 1076/350/776
f 1075/350/777 1074/351/777 1097/348/777
f 1097/348/777 1096/349/777 1075/350/777
f 1074/350/778 1073/351/778 1098/348/778
f 1098/348/778 1097/349/778 1074/350/778
f 1099/366/35 1087/367/35 1086/368/35
f 1099/366/35 1086/368/35 1088/369/35
f 1099/366/35 1088/369/35 1089/370/35
f 1099/366/35 1089/370/35 1090/371/35
f 1099/366/35 1090/371/35 1091/372/35
f 1099/366/35 1091/372/35 1092/373/35
f 1099/366/35 1092/373/35 1093/374/35
f 1099/366/35 1093/374/35 1094/375/35
f 1099/366/35 1094/375/35 1095/376/35
f 1099/366/35 1095/376/35 1096/377/35
f 1099/366/35 1096/377/35 1097/378/35
f 1099/366/35 1097/378/35 1098/379/35
f 1100/380/5 1043/381/5 1101/382/5
f 1100/380/5 1101/382/5 1102/383/5
f 1100/380/5 1102/383/5 1103/384/5
f 1100/380/5 1103/384/5 1104/385/5
f 1100/380/5 1104/385/5 1105/386/5
f 1100/380/5 1105/386/5 1106/387/5
f 1100/380/5 1106/387/5 1107/388/5
f 1100/380/5 1107/388/5 1108/389/5
f 1100/380/5 1108/389/5 1109/390/5
f 1100/380/5 1109/390/5 1110/391/5
f 1100/380/5 1110/391/5 1111/392/5
f 1100/380/5 1111/392/5 1048/393/5
f 1048/350/769 1111/351/769 1112/348/769
f 1112/348/769 1052/349/769 1048/350/769
f 1111/350/3 1110/351/3 1113/348/3
f 1113/348/3 1112/349/3 1111/350/3
f 1110/350/770 1109/351/770 1114/348/770
f 1114/348/770 1113/349/770 1110/350/770
f 1109/350/771 1108/351/771 1115/348/771
f 1115/348/771 1114/349/771 1109/350/771
f 1108/350/772 1107/351/772 1116/348/772
f 1116/348/772 1115/349/772 1108/350/772
f 1107/350/773 1106/351/773 1117/348/773
f 1117/348/773 1116/349/773 1107/350/773
f 1106/350/774 1105/351/774 1118/348/774
f 1118/348/774 1117/349/774 1106/350/774
f 1105/350/4 1104/351/4 1119/348/4
f 1119/348/4 1118/349/4 1105/350/4
f 1104/350/775 1103/351/775 1120/348/775
f 1120/348/775 1119/349/775 1104/350/775
f 1103/350/776 1102/351/776 1121/348/776
f 1121/348/776 1120/349/776 1103/350/776
f 1102/350/777 1101/351/777 1122/348/777
f 1122/348/777 1121/349/777 1102/350/777
f 1101/350/778 1043/351/778 1045/348/778
f 1045/348/778 1122/349/778 1101/350/778
f 1123/366/35 1052/367/35 1112/368/35
f 1123/366/35 1112/368/35 1113/369/35
f 1123/366/35 1113/369/35 1114/370/35
f 1123/366/35 1114/370/35 1115/371/35
f 1123/366/35 1115/371/35 1116/372/35
f 1123/366/35 1116/372/35 1117/373/35
f 1123/366/35 1117/373/35 1118/374/35
f 1123/366/35 1118/374/35 1119/375/35
f 1123/366/35 1119/375/35 1120/376/35
f 1123/366/35 1120/376/35 1121/377/35
f 1123/366/35 1121/377/35 1122/378/35
f 1123/366/35 1122/378/35 1045/379/35
f 1124/394/5 1125/395/5 1126/396/5
f 1126/396/5 1127/397/5 1124/394/5
f 1128/394/35 1129/395/35 1130/396/35
f 1130/396/35 1131/397/35 1128/394/35
f 1131/398/36 1130/399/36 1126/400/36
f 1126/400/36 1125/401/36 1131/398/36
f 1128/348/6 1131/349/6 1125/350/6
f 1125/350/6 1124/351/6 1128/348/6
f 1129/394/7 1128/395/7 1124/396/7
f 1124/396/7 1127/397/7 1129/394/7
f 1130/348/8 1129/349/8 1127/350/8
f 1127/350/8 1126/351/8 1130/348/8
f 1132/259/35 1133/402/35 1134/260/35
f 1134/260/35 1135/258/35 1132/259/35
f 1136/259/5 1137/402/5 1138/260/5
f 1138/260/5 1139/258/5 1136/259/5
f 1139/403/779 1138/404/779 1134/405/779
f 1134/405/779 1133/406/779 1139/403/779
f 1136/403/6 1139/404/6 1133/405/6
f 1133/405/6 1132/406/6 1136/403/6
f 1137/403/780 1136/407/780 1132/405/780
f 1132/405/780 1135/408/780 1137/403/780
f 1138/403/8 1137/407/8 1135/405/8
f 1135/405/8 1134/408/8 1138/403/8
f 1140/409/5 1141/410/5 1142/411/5
f 1142/411/5 1143/412/5 1140/409/5
f 1144/413/35 1145/414/35 1146/415/35
f 1146/415/35 1147/416/35 1144/413/35
f 1147/409/781 1146/410/781 1142/411/781
f 1142/411/781 1141/412/781 1147/409/781
f 1144/417/6 1147/418/6 1141/418/6
f 1141/418/6 1140/417/6 1144/417/6
f 1145/419/7 1144/417/7 1140/417/7
f 1140/417/7 1143/419/7 1145/419/7
f 1146/420/8 1145/421/8 1143/422/8
f 1143/422/8 1142/423/8 1146/420/8
f 1148/413/782 1149/414/782 1150/415/782
f 1150/415/782 1151/416/782 1148/413/782
f 1149/424/783 1148/425/783 1152/426/783
f 1152/426/783 1153/427/783 1149/424/783
f 1150/428/8 1149/429/8 1153/430/8
f 1151/431/6 1152/432/6 1148/433/6
f 1154/409/784 1155/434/785 1156/411/786
f 1156/411/786 1157/412/787 1154/409/784
f 1158/409/5 1154/435/5 1157/411/5
f 1157/411/5 1159/412/5 1158/409/5
f 1160/413/788 1161/436/789 1162/415/790
f 1162/415/790 1163/437/791 1160/413/788
f 1164/413/35 1165/436/35 1161/415/35
f 1161/415/35 1160/438/35 1164/413/35
f 1163/439/792 1162/440/792 1156/440/792
f 1156/440/792 1155/439/792 1163/439/792
f 1160/420/793 1163/441/793 1155/422/793
f 1155/422/793 1154/442/793 1160/420/793
f 1164/420/794 1160/441/794 1154/422/794
f 1154/422/794 1158/442/794 1164/420/794
f 1165/443/7 1164/444/7 1158/444/7
f 1158/444/7 1159/443/7 1165/443/7
f 1161/445/795 1165/446/795 1159/447/795
f 1159/447/795 1157/448/795 1161/445/795
f 1162/420/796 1161/441/796 1157/422/796
f 1157/422/796 1156/442/796 1162/420/796
f 1166/409/5 1167/410/5 1168/411/5
f 1168/411/5 1169/412/5 1166/409/5
f 1170/413/35 1171/414/35 1172/415/35
f 1172/415/35 1173/416/35 1170/413/35
f 1173/420/36 1172/421/36 1168/422/36
f 1168/422/36 1167/423/36 1173/420/36
f 1170/420/6 1173/441/6 1167/422/6
f 1167/422/6 1166/442/6 1170/420/6
f 1171/420/7 1170/441/7 1166/422/7
f 1166/422/7 1169/442/7 1171/420/7
f 1172/420/8 1171/421/8 1169/422/8
f 1169/422/8 1168/423/8 1172/420/8
f 1174/409/5 1175/410/5 1176/411/5
f 1176/411/5 1177/412/5 1174/409/5
f 1178/413/35 1179/414/35 1180/415/35
f 1180/415/35 1181/416/35 1178/413/35
f 1181/409/36 1180/410/36 1176/411/36
f 1176/411/36 1175/412/36 1181/409/36
f 1178/420/6 1181/441/6 1175/422/6
f 1175/422/6 1174/442/6 1178/420/6
f 1179/449/7 1178/450/7 1174/450/7
f 1174/450/7 1177/449/7 1179/449/7
f 1180/451/8 1179/449/8 1177/449/8
f 1177/449/8 1176/451/8 1180/451/8
f 1182/411/5 1143/452/5 1183/453/5
f 1182/411/5 1183/453/5 1184/454/5
f 1182/411/5 1184/454/5 1185/455/5
f 1182/411/5 1185/455/5 1186/456/5
f 1182/411/5 1186/456/5 1187/457/5
f 1182/411/5 1187/457/5 1188/458/5
f 1182/411/5 1188/458/5 1189/459/5
f 1182/411/5 1189/459/5 1190/460/5
f 1182/411/5 1190/460/5 1191/461/5
f 1182/411/5 1191/461/5 1192/462/5
f 1182/411/5 1192/462/5 1193/409/5
f 1182/411/5 1193/409/5 1174/463/5
f 1182/464/36 1174/450/36 1178/450/36
f 1178/450/36 1194/464/36 1182/464/36
f 1174/422/769 1193/423/769 1195/420/769
f 1195/420/769 1178/421/769 1174/422/769
f 1193/422/3 1192/423/3 1196/420/3
f 1196/420/3 1195/421/3 1193/422/3
f 1192/422/797 1191/423/797 1197/420/797
f 1197/420/797 1196/421/797 1192/422/797
f 1191/422/798 1190/442/798 1198/420/798
f 1198/420/798 1197/441/798 1191/422/798
f 1190/422/772 1189/423/772 1199/420/772
f 1199/420/772 1198/421/772 1190/422/772
f 1189/422/799 1188/423/799 1200/420/799
f 1200/420/799 1199/421/799 1189/422/799
f 1188/422/800 1187/442/800 1201/420/800
f 1201/420/800 1200/441/800 1188/422/800
f 1187/422/4 1186/423/4 1202/420/4
f 1202/420/4 1201/421/4 1187/422/4
f 1186/422/801 1185/423/801 1203/420/801
f 1203/420/801 1202/421/801 1186/422/801
f 1185/422/802 1184/442/802 1204/420/802
f 1204/420/802 1203/441/802 1185/422/802
f 1184/422/777 1183/423/777 1205/420/777
f 1205/420/777 1204/421/777 1184/422/777
f 1183/422/778 1143/442/778 1145/420/778
f 1145/420/778 1205/441/778 1183/422/778
f 1143/419/36 1182/464/36 1194/464/36
f 1194/464/36 1145/419/36 1143/419/36
f 1194/415/35 1178/416/35 1195/413/35
f 1194/415/35 1195/413/35 1196/465/35
f 1194/415/35 1196/465/35 1197/466/35
f 1194/415/35 1197/466/35 1198/467/35
f 1194/415/35 1198/467/35 1199/468/35
f 1194/415/35 1199/468/35 1200/469/35
f 1194/415/35 1200/469/35 1201/470/35
f 1194/415/35 1201/470/35 1202/471/35
f 1194/415/35 1202/471/35 1203/472/35
f 1194/415/35 1203/472/35 1204/473/35
f 1194/415/35 1204/473/35 1205/474/35
f 1194/415/35 1205/474/35 1145/475/35
f 1206/476/37 1207/477/38 1208/478/39
f 1207/477/38 1209/479/40 1208/478/39
f 1207/477/38 1210/480/41 1209/479/40
f 1210/480/41 1211/481/42 1209/479/40
f 1210/480/41 1212/482/43 1211/481/42
f 1212/482/43 1213/483/442 1211/481/42
f 1212/484/803 1214/485/804 1213/486/445
f 1214/485/804 1215/487/805 1213/486/445
f 1214/484/49 1216/485/50 1215/486/51
f 1216/485/50 1217/487/52 1215/486/51
f 1216/484/53 1218/485/54 1217/486/55
f 1218/485/54 1219/487/56 1217/486/55
f 1218/484/57 1220/485/58 1219/486/59
f 1220/485/58 1221/487/60 1219/486/59
f 1220/484/7 1206/485/7 1221/486/7
f 1206/485/7 1208/487/7 1221/486/7
f 1222/488/61 1223/489/62 1206/476/37
f 1223/489/62 1207/477/38 1206/476/37
f 1223/489/62 1224/490/63 1207/477/38
f 1224/490/63 1210/480/41 1207/477/38
f 1224/490/63 1225/491/448 1210/480/41
f 1225/491/448 1212/482/43 1210/480/41
f 1225/484/806 1226/485/807 1212/486/808
f 1226/485/807 1214/487/809 1212/486/808
f 1226/484/69 1227/485/70 1214/486/71
f 1227/485/70 1216/487/72 1214/486/71
f 1227/484/73 1228/485/74 1216/486/75
f 1228/485/74 1218/487/76 1216/486/75
f 1228/484/77 1229/485/78 1218/486/79
f 1229/485/78 1220/487/80 1218/486/79
f 1229/484/7 1222/485/7 1220/486/7
f 1222/485/7 1206/487/7 1220/486/7
f 1230/492/81 1231/493/82 1222/488/61
f 1231/493/82 1223/489/62 1222/488/61
f 1231/493/82 1232/494/83 1223/489/62
f 1232/494/83 1224/490/63 1223/489/62
f 1232/494/83 1233/495/84 1224/490/63
f 1233/495/84 1225/491/448 1224/490/63
f 1233/484/810 1234/485/811 1225/486/812
f 1234/485/811 1226/487/813 1225/486/812
f 1234/484/89 1235/485/90 1226/486/91
f 1235/485/90 1227/487/92 1226/486/91
f 1235/484/93 1236/485/94 1227/486/95
f 1236/485/94 1228/487/96 1227/486/95
f 1236/484/97 1237/485/98 1228/486/99
f 1237/485/98 1229/487/100 1228/486/99
f 1237/484/7 1230/485/7 1229/486/7
f 1230/485/7 1222/487/7 1229/486/7
f 1238/496/101 1239/497/102 1230/492/81
f 1239/497/102 1231/493/82 1230/492/81
f 1239/497/102 1240/498/103 1231/493/82
f 1240/498/103 1232/494/83 1231/493/82
f 1240/498/103 1241/499/104 1232/494/83
f 1241/499/104 1233/495/84 1232/494/83
f 1241/484/457 1242/485/106 1233/486/814
f 1242/485/106 1234/487/815 1233/486/814
f 1242/484/109 1243/485/110 1234/486/111
f 1243/485/110 1235/487/112 1234/486/111
f 1243/484/113 1244/485/114 1235/486/115
f 1244/485/114 1236/487/116 1235/486/115
f 1244/484/459 1245/485/118 1236/486/119
f 1245/485/118 1237/487/120 1236/486/119
f 1245/484/7 1238/485/7 1237/486/7
f 1238/485/7 1230/487/7 1237/486/7
f 1246/500/460 1247/501/122 1238/496/101
f 1247/501/122 1239/497/102 1238/496/101
f 1247/501/122 1248/502/123 1239/497/102
f 1248/502/123 1240/498/103 1239/497/102
f 1248/502/123 1249/503/124 1240/498/103
f 1249/503/124 1241/499/104 1240/498/103
f 1249/484/36 1250/485/36 1241/486/36
f 1250/485/36 1242/487/36 1241/486/36
f 1250/484/461 1251/485/816 1242/486/128
f 1251/485/816 1243/487/129 1242/486/128
f 1251/484/130 1252/485/131 1243/486/132
f 1252/485/131 1244/487/133 1243/486/132
f 1252/484/134 1253/485/817 1244/486/136
f 1253/485/817 1245/487/137 1244/486/136
f 1253/484/7 1246/485/7 1245/486/7
f 1246/485/7 1238/487/7 1245/486/7
f 1254/504/138 1255/505/462 1246/500/460
f 1255/505/462 1247/501/122 1246/500/460
f 1255/505/462 1256/506/140 1247/501/122
f 1256/506/140 1248/502/123 1247/501/122
f 1256/506/140 1257/507/818 1248/502/123
f 1257/507/818 1249/503/124 1248/502/123
f 1257/484/142 1258/485/36 1249/486/36
f 1258/485/36 1250/487/36 1249/486/36
f 1258/484/143 1259/485/463 1250/486/145
f 1259/485/463 1251/487/146 1250/486/145
f 1259/484/147 1260/485/819 1251/486/149
f 1260/485/819 1252/487/150 1251/486/149
f 1260/484/151 1261/485/820 1252/486/821
f 1261/485/820 1253/487/822 1252/486/821
f 1261/484/7 1254/485/7 1253/486/7
f 1254/485/7 1246/487/7 1253/486/7
f 1262/508/464 1263/509/156 1254/504/138
f 1263/509/156 1255/505/462 1254/504/138
f 1263/509/156 1264/510/157 1255/505/462
f 1264/510/157 1256/506/140 1255/505/462
f 1264/510/157 1265/511/158 1256/506/140
f 1265/511/158 1257/507/818 1256/506/140
f 1265/484/36 1266/485/36 1257/486/36
f 1266/485/36 1258/487/36 1257/486/36
f 1266/484/580 1267/485/161 1258/486/162
f 1267/485/161 1259/487/163 1258/486/162
f 1267/484/164 1268/485/165 1259/486/166
f 1268/485/165 1260/487/167 1259/486/166
f 1268/484/168 1269/485/823 1260/486/824
f 1269/485/823 1261/487/825 1260/486/824
f 1269/484/7 1262/485/7 1261/486/7
f 1262/485/7 1254/487/7 1261/486/7
f 1270/512/172 1271/513/173 1262/508/464
f 1271/513/173 1263/509/156 1262/508/464
f 1271/513/173 1272/514/174 1263/509/156
f 1272/514/174 1264/510/157 1263/509/156
f 1272/514/174 1273/515/467 1264/510/157
f 1273/515/467 1265/511/158 1264/510/157
f 1273/484/36 1274/485/36 1265/486/36
f 1274/485/36 1266/487/36 1265/486/36
f 1274/484/468 1275/485/177 1266/486/826
f 1275/485/177 1267/487/179 1266/486/826
f 1275/484/180 1276/485/469 1267/486/182
f 1276/485/469 1268/487/183 1267/486/182
f 1276/484/184 1277/485/471 1268/486/472
f 1277/485/471 1269/487/187 1268/486/472
f 1277/484/7 1270/485/7 1269/486/7
f 1270/485/7 1262/487/7 1269/486/7
f 1278/516/188 1279/517/189 1270/512/172
f 1279/517/189 1271/513/173 1270/512/172
f 1279/517/189 1280/518/190 1271/513/173
f 1280/518/190 1272/514/174 1271/513/173
f 1280/518/190 1281/519/191 1272/514/174
f 1281/519/191 1273/515/467 1272/514/174
f 1281/484/36 1282/485/36 1273/486/36
f 1282/485/36 1274/487/36 1273/486/36
f 1282/484/474 1283/485/193 1274/486/475
f 1283/485/193 1275/487/476 1274/486/475
f 1283/484/477 1284/485/827 1275/486/479
f 1284/485/827 1276/487/480 1275/486/479
f 1284/484/200 1285/485/481 1276/486/202
f 1285/485/481 1277/487/203 1276/486/202
f 1285/484/7 1278/485/7 1277/486/7
f 1278/485/7 1270/487/7 1277/486/7
f 1286/484/7 1287/485/7 1285/486/7
f 1287/485/7 1278/487/7 1285/486/7
f 1208/487/204 1209/486/204 1288/485/828
f 1209/487/829 1211/486/829 1288/485/830
f 1211/487/831 1213/486/831 1288/485/585
f 1213/487/832 1215/486/832 1288/485/830
f 1215/487/833 1217/486/833 1288/485/834
f 1217/487/835 1219/486/835 1288/485/830
f 1219/487/214 1221/486/214 1288/485/828
f 1221/487/836 1208/486/836 1288/485/590
f 1289/477/217 1290/476/218 1291/478/219
f 1292/479/220 1289/477/217 1291/478/219
f 1293/480/221 1289/477/217 1292/479/220
f 1294/481/222 1293/480/221 1292/479/220
f 1295/482/223 1293/480/221 1294/481/222
f 1296/483/495 1295/482/223 1294/481/222
f 1297/485/837 1295/484/838 1296/486/498
f 1298/487/499 1297/485/837 1296/486/498
f 1299/485/229 1297/484/230 1298/486/231
f 1300/487/232 1299/485/229 1298/486/231
f 1301/485/233 1299/484/839 1300/486/235
f 1302/487/236 1301/485/233 1300/486/235
f 1303/485/237 1301/484/238 1302/486/239
f 1304/487/240 1303/485/237 1302/486/239
f 1290/485/7 1303/484/7 1304/486/7
f 1291/487/7 1290/485/7 1304/486/7
f 1305/489/241 1306/488/242 1290/476/218
f 1289/477/217 1305/489/241 1290/476/218
f 1307/490/243 1305/489/241 1289/477/217
f 1293/480/221 1307/490/243 1289/477/217
f 1308/491/501 1307/490/243 1293/480/221
f 1295/482/223 1308/491/501 1293/480/221
f 1309/485/840 1308/484/841 1295/486/842
f 1297/487/843 1309/485/840 1295/486/842
f 1310/485/249 1309/484/250 1297/486/251
f 1299/487/252 1310/485/249 1297/486/251
f 1311/485/253 1310/484/254 1299/486/255
f 1301/487/256 1311/485/253 1299/486/255
f 1312/485/257 1311/484/258 1301/486/259
f 1303/487/260 1312/485/257 1301/486/259
f 1306/485/7 1312/484/7 1303/486/7
f 1290/487/7 1306/485/7 1303/486/7
f 1313/493/261 1314/492/262 1306/488/242
f 1305/489/241 1313/493/261 1306/488/242
f 1315/494/263 1313/493/261 1305/489/241
f 1307/490/243 1315/494/263 1305/489/241
f 1316/495/264 1315/494/263 1307/490/243
f 1308/491/501 1316/495/264 1307/490/243
f 1317/485/844 1316/484/508 1308/486/845
f 1309/487/846 1317/485/844 1308/486/845
f 1318/485/269 1317/484/270 1309/486/271
f 1310/487/272 1318/485/269 1309/486/271
f 1319/485/273 1318/484/274 1310/486/275
f 1311/487/276 1319/485/273 1310/486/275
f 1320/485/277 1319/484/278 1311/486/279
f 1312/487/280 1320/485/277 1311/486/279
f 1314/485/7 1320/484/7 1312/486/7
f 1306/487/7 1314/485/7 1312/486/7
f 1321/497/281 1322/496/282 1314/492/262
f 1313/493/261 1321/497/281 1314/492/262
f 1323/498/283 1321/497/281 1313/493/261
f 1315/494/263 1323/498/283 1313/493/261
f 1324/499/284 1323/498/283 1315/494/263
f 1316/495/264 1324/499/284 1315/494/263
f 1325/485/847 1324/484/848 1316/486/849
f 1317/487/850 1325/485/847 1316/486/849
f 1326/485/289 1325/484/290 1317/486/291
f 1318/487/292 1326/485/289 1317/486/291
f 1327/485/293 1326/484/294 1318/486/295
f 1319/487/296 1327/485/293 1318/486/295
f 1328/485/297 1327/484/514 1319/486/299
f 1320/487/300 1328/485/297 1319/486/299
f 1322/485/7 1328/484/7 1320/486/7
f 1314/487/7 1322/485/7 1320/486/7
f 1329/501/301 1330/500/515 1322/496/282
f 1321/497/281 1329/501/301 1322/496/282
f 1331/502/303 1329/501/301 1321/497/281
f 1323/498/283 1331/502/303 1321/497/281
f 1332/503/304 1331/502/303 1323/498/283
f 1324/499/284 1332/503/304 1323/498/283
f 1333/485/36 1332/484/36 1324/486/36
f 1325/487/36 1333/485/36 1324/486/36
f 1334/485/851 1333/484/516 1325/486/307
f 1326/487/852 1334/485/851 1325/486/307
f 1335/485/309 1334/484/310 1326/486/311
f 1327/487/312 1335/485/309 1326/486/311
f 1336/485/853 1335/484/314 1327/486/315
f 1328/487/316 1336/485/853 1327/486/315
f 1330/485/7 1336/484/7 1328/486/7
f 1322/487/7 1330/485/7 1328/486/7
f 1337/505/517 1338/504/318 1330/500/515
f 1329/501/301 1337/505/517 1330/500/515
f 1339/506/319 1337/505/517 1329/501/301
f 1331/502/303 1339/506/319 1329/501/301
f 1340/507/854 1339/506/319 1331/502/303
f 1332/503/304 1340/507/854 1331/502/303
f 1341/485/36 1340/484/321 1332/486/36
f 1333/487/36 1341/485/36 1332/486/36
f 1342/485/518 1341/484/323 1333/486/324
f 1334/487/325 1342/485/518 1333/486/324
f 1343/485/855 1342/484/327 1334/486/328
f 1335/487/329 1343/485/855 1334/486/328
f 1344/485/856 1343/484/331 1335/486/857
f 1336/487/858 1344/485/856 1335/486/857
f 1338/485/7 1344/484/7 1336/486/7
f 1330/487/7 1338/485/7 1336/486/7
f 1345/509/334 1346/508/519 1338/504/318
f 1337/505/517 1345/509/334 1338/504/318
f 1347/510/336 1345/509/334 1337/505/517
f 1339/506/319 1347/510/336 1337/505/517
f 1348/511/337 1347/510/336 1339/506/319
f 1340/507/854 1348/511/337 1339/506/319
f 1349/485/36 1348/484/36 1340/486/36
f 1341/487/36 1349/485/36 1340/486/36
f 1350/485/339 1349/484/610 1341/486/341
f 1342/487/342 1350/485/339 1341/486/341
f 1351/485/343 1350/484/344 1342/486/345
f 1343/487/346 1351/485/343 1342/486/345
f 1352/485/859 1351/484/348 1343/486/860
f 1344/487/861 1352/485/859 1343/486/860
f 1346/485/7 1352/484/7 1344/486/7
f 1338/487/7 1346/485/7 1344/486/7
f 1353/513/351 1287/512/352 1346/508/519
f 1345/509/334 1353/513/351 1346/508/519
f 1354/514/353 1353/513/351 1345/509/334
f 1347/510/336 1354/514/353 1345/509/334
f 1355/515/522 1354/514/353 1347/510/336
f 1348/511/337 1355/515/522 1347/510/336
f 1356/485/36 1355/484/36 1348/486/36
f 1349/487/36 1356/485/36 1348/486/36
f 1357/485/355 1356/484/523 1349/486/862
f 1350/487/358 1357/485/355 1349/486/862
f 1358/485/524 1357/484/360 1350/486/361
f 1351/487/362 1358/485/524 1350/486/361
f 1286/485/526 1358/484/364 1351/486/527
f 1352/487/366 1286/485/526 1351/486/527
f 1287/485/7 1286/484/7 1352/486/7
f 1346/487/7 1287/485/7 1352/486/7
f 1359/517/367 1278/516/368 1287/512/352
f 1353/513/351 1359/517/367 1287/512/352
f 1360/518/369 1359/517/367 1353/513/351
f 1354/514/353 1360/518/369 1353/513/351
f 1281/519/370 1360/518/369 1354/514/353
f 1355/515/522 1281/519/370 1354/514/353
f 1282/485/36 1281/484/36 1355/486/36
f 1356/487/36 1282/485/36 1355/486/36
f 1361/485/371 1282/484/529 1356/486/530
f 1357/487/531 1361/485/371 1356/486/530
f 1362/485/863 1361/484/533 1357/486/534
f 1358/487/535 1362/485/863 1357/486/534
f 1285/485/536 1362/484/380 1358/486/381
f 1286/487/382 1285/485/536 1358/486/381
f 1278/485/7 1285/484/7 1286/486/7
f 1287/487/7 1278/485/7 1286/486/7
f 1270/485/7 1277/484/7 1285/486/7
f 1278/487/7 1270/485/7 1285/486/7
f 1292/486/383 1291/487/383 1363/485/864
f 1294/486/865 1292/487/865 1363/485/866
f 1296/486/867 1294/487/867 1363/485/868
f 1298/486/541 1296/487/541 1363/485/869
f 1300/486/870 1298/487/870 1363/485/612
f 1302/486/871 1300/487/871 1363/485/868
f 1304/486/392 1302/487/392 1363/485/866
f 1291/486/872 1304/487/872 1363/485/873
f 1364/520/36 1365/521/36 1366/522/36
f 1367/523/36 1364/520/36 1366/522/36
f 1368/524/36 1367/523/36 1366/522/36
f 1369/525/36 1368/524/36 1366/522/36
f 1370/526/36 1369/525/36 1366/522/36
f 1371/527/36 1370/526/36 1366/522/36
f 1372/528/36 1371/527/36 1366/522/36
f 1373/529/36 1372/528/36 1366/522/36
f 1374/530/36 1373/529/36 1366/522/36
f 1375/531/36 1374/530/36 1366/522/36
f 1376/532/36 1375/531/36 1366/522/36
f 1377/533/36 1376/532/36 1366/522/36
f 1378/534/36 1377/533/36 1366/522/36
f 1379/535/36 1378/534/36 1366/522/36
f 1380/536/36 1379/535/36 1366/522/36
f 1381/537/36 1380/536/36 1366/522/36
f 1382/538/36 1381/537/36 1366/522/36
f 1383/539/36 1382/538/36 1366/522/36
f 1384/540/36 1383/539/36 1366/522/36
f 1385/541/36 1384/540/36 1366/522/36
f 1386/542/36 1385/541/36 1366/522/36
f 1387/543/36 1386/542/36 1366/522/36
f 1388/544/36 1387/543/36 1366/522/36
f 1389/545/36 1388/544/36 1366/522/36
f 1390/546/36 1389/545/36 1366/522/36
f 1391/547/36 1390/546/36 1366/522/36
f 1392/548/36 1391/547/36 1366/522/36
f 1393/549/36 1392/548/36 1366/522/36
f 1394/550/36 1393/549/36 1366/522/36
f 1365/521/36 1394/550/36 1366/522/36
f 1395/551/395 1396/552/6 1365/552/6
f 1364/551/657 1395/551/395 1365/552/6
f 1397/553/396 1395/551/395 1364/551/657
f 1367/553/396 1397/553/396 1364/551/657
f 1398/554/397 1397/553/396 1367/553/396
f 1368/554/397 1398/554/397 1367/553/396
f 1399/555/398 1398/554/397 1368/554/397
f 1369/555/398 1399/555/398 1368/554/397
f 1400/556/399 1399/555/398 1369/555/398
f 1370/556/399 1400/556/399 1369/555/398
f 1401/557/400 1400/556/399 1370/556/399
f 1371/557/400 1401/557/400 1370/556/399
f 1402/558/401 1401/557/400 1371/557/400
f 1372/558/401 1402/558/401 1371/557/400
f 1403/559/402 1402/558/401 1372/558/401
f 1373/559/402 1403/559/402 1372/558/401
f 1404/560/403 1403/559/402 1373/559/402
f 1374/560/403 1404/560/403 1373/559/402
f 1405/561/404 1404/560/403 1374/560/403
f 1375/561/404 1405/561/404 1374/560/403
f 1406/562/405 1405/561/404 1375/561/404
f 1376/562/405 1406/562/405 1375/561/404
f 1407/563/406 1406/562/405 1376/562/405
f 1377/563/406 1407/563/406 1376/562/405
f 1408/564/407 1407/563/406 1377/563/406
f 1378/564/407 1408/564/407 1377/563/406
f 1409/565/658 1408/564/407 1378/564/407
f 1379/565/408 1409/565/658 1378/564/407
f 1410/566/8 1409/565/658 1379/565/408
f 1380/566/8 1410/566/8 1379/565/408
f 1411/567/409 1410/566/8 1380/566/8
f 1381/567/409 1411/567/409 1380/566/8
f 1412/568/410 1411/567/409 1381/567/409
f 1382/568/410 1412/568/410 1381/567/409
f 1413/569/411 1412/568/410 1382/568/410
f 1383/569/411 1413/569/411 1382/568/410
f 1414/570/659 1413/569/411 1383/569/411
f 1384/570/659 1414/570/659 1383/569/411
f 1415/571/413 1414/570/659 1384/570/659
f 1385/571/413 1415/571/413 1384/570/659
f 1416/572/414 1415/571/413 1385/571/413
f 1386/572/414 1416/572/414 1385/571/413
f 1417/573/416 1416/572/414 1386/572/414
f 1387/573/416 1417/573/416 1386/572/414
f 1418/574/417 1417/573/416 1387/573/416
f 1388/574/417 1418/574/417 1387/573/416
f 1419/575/419 1418/574/417 1388/574/417
f 1389/575/419 1419/575/419 1388/574/417
f 1420/576/420 1419/575/419 1389/575/419
f 1390/576/420 1420/576/420 1389/575/419
f 1421/577/660 1420/576/420 1390/576/420
f 1391/577/660 1421/577/660 1390/576/420
f 1422/578/422 1421/577/660 1391/577/660
f 1392/578/422 1422/578/422 1391/577/660
f 1423/579/423 1422/578/422 1392/578/422
f 1393/579/423 1423/579/423 1392/578/422
f 1424/580/424 1423/579/423 1393/579/423
f 1394/580/424 1424/580/424 1393/579/423
f 1396/552/6 1424/580/424 1394/580/424
f 1365/552/6 1396/552/6 1394/580/424
f 1396/552/7 1395/551/7 1425/581/7
f 1395/551/7 1397/553/7 1425/581/7
f 1397/553/7 1398/554/7 1425/581/7
f 1398/554/7 1399/555/7 1425/581/7
f 1399/555/7 1400/556/7 1425/581/7
f 1400/556/7 1401/557/7 1425/581/7
f 1401/557/7 1402/558/7 1425/581/7
f 1402/558/7 1403/559/7 1425/581/7
f 1403/559/7 1404/560/7 1425/581/7
f 1404/560/7 1405/561/7 1425/581/7
f 1405/561/7 1406/562/7 1425/581/7
f 1406/562/7 1407/563/7 1425/581/7
f 1407/563/7 1408/564/7 1425/581/7
f 1408/564/7 1409/565/7 1425/581/7
f 1409/565/7 1410/566/7 1425/581/7
f 1410/566/7 1411/567/7 1425/581/7
f 1411/567/7 1412/568/7 1425/581/7
f 1412/568/7 1413/569/7 1425/581/7
f 1413/569/7 1414/570/7 1425/581/7
f 1414/570/7 1415/571/7 1425/581/7
f 1415/571/7 1416/572/7 1425/581/7
f 1416/572/7 1417/573/7 1425/581/7
f 1417/573/7 1418/574/7 1425/581/7
f 1418/574/7 1419/575/7 1425/581/7
f 1419/575/7 1420/576/7 1425/581/7
f 1420/576/7 1421/577/7 1425/581/7
f 1421/577/7 1422/578/7 1425/581/7
f 1422/578/7 1423/579/7 1425/581/7
f 1423/579/7 1424/580/7 1425/581/7
f 1424/580/7 1396/552/7 1425/581/7
f 1426/582/425 1427/583/425 1428/584/425
f 1429/585/425 1428/584/425 1427/583/425
f 1430/582/874 1431/583/875 1432/584/876
f 1433/585/875 1432/584/876 1431/583/875
f 1429/582/428 1430/583/429 1428/584/430
f 1432/585/877 1428/584/430 1430/583/429
f 1427/582/431 1431/583/431 1429/584/431
f 1430/585/431 1429/584/431 1431/583/431
f 1428/582/432 1432/583/432 1426/584/432
f 1433/585/432 1426/584/432 1432/583/432
f 1434/582/878 1435/583/878 1436/584/433
f 1437/585/433 1436/584/433 1435/583/878
f 1438/582/434 1439/583/435 1440/584/434
f 1441/585/435 1440/584/434 1439/583/435
f 1437/582/436 1438/583/437 1436/584/436
f 1440/585/437 1436/584/436 1438/583/437
f 1435/582/439 1439/583/439 1437/584/440
f 1438/585/440 1437/584/440 1439/583/439
f 1436/582/441 1440/583/441 1434/584/441
f 1441/585/441 1434/584/441 1440/583/441
f 1442/476/37 1443/477/38 1444/478/39
f 1443/477/38 1445/479/40 1444/478/39
f 1443/477/38 1446/480/41 1445/479/40
f 1446/480/41 1447/481/42 1445/479/40
f 1446/480/41 1448/482/43 1447/481/42
f 1448/482/43 1449/483/879 1447/481/42
f 1448/484/880 1450/485/881 1449/486/882
f 1450/485/881 1451/487/883 1449/486/882
f 1450/484/49 1452/485/50 1451/486/51
f 1452/485/50 1453/487/52 1451/486/51
f 1452/484/53 1454/485/54 1453/486/55
f 1454/485/54 1455/487/56 1453/486/55
f 1454/484/57 1456/485/58 1455/486/59
f 1456/485/58 1457/487/60 1455/486/59
f 1456/484/7 1442/485/7 1457/486/7
f 1442/485/7 1444/487/7 1457/486/7
f 1458/488/61 1459/489/62 1442/476/37
f 1459/489/62 1443/477/38 1442/476/37
f 1459/489/62 1460/490/63 1443/477/38
f 1460/490/63 1446/480/41 1443/477/38
f 1460/490/63 1461/491/448 1446/480/41
f 1461/491/448 1448/482/43 1446/480/41
f 1461/484/884 1462/485/885 1448/486/886
f 1462/485/885 1450/487/887 1448/486/886
f 1462/484/69 1463/485/70 1450/486/71
f 1463/485/70 1452/487/72 1450/486/71
f 1463/484/73 1464/485/74 1452/486/75
f 1464/485/74 1454/487/76 1452/486/75
f 1464/484/77 1465/485/78 1454/486/79
f 1465/485/78 1456/487/80 1454/486/79
f 1465/484/7 1458/485/7 1456/486/7
f 1458/485/7 1442/487/7 1456/486/7
f 1466/492/81 1467/493/82 1458/488/61
f 1467/493/82 1459/489/62 1458/488/61
f 1467/493/82 1468/494/83 1459/489/62
f 1468/494/83 1460/490/63 1459/489/62
f 1468/494/83 1469/495/84 1460/490/63
f 1469/495/84 1461/491/448 1460/490/63
f 1469/484/888 1470/485/811 1461/486/889
f 1470/485/811 1462/487/890 1461/486/889
f 1470/484/89 1471/485/90 1462/486/91
f 1471/485/90 1463/487/92 1462/486/91
f 1471/484/93 1472/485/94 1463/486/95
f 1472/485/94 1464/487/96 1463/486/95
f 1472/484/97 1473/485/98 1464/486/99
f 1473/485/98 1465/487/100 1464/486/99
f 1473/484/7 1466/485/7 1465/486/7
f 1466/485/7 1458/487/7 1465/486/7
f 1474/496/101 1475/497/102 1466/492/81
f 1475/497/102 1467/493/82 1466/492/81
f 1475/497/102 1476/498/103 1467/493/82
f 1476/498/103 1468/494/83 1467/493/82
f 1476/498/103 1477/499/104 1468/494/83
f 1477/499/104 1469/495/84 1468/494/83
f 1477/484/891 1478/485/892 1469/486/893
f 1478/485/892 1470/487/894 1469/486/893
f 1478/484/109 1479/485/110 1470/486/895
f 1479/485/110 1471/487/112 1470/486/895
f 1479/484/113 1480/485/114 1471/486/115
f 1480/485/114 1472/487/116 1471/486/115
f 1480/484/117 1481/485/118 1472/486/119
f 1481/485/118 1473/487/120 1472/486/119
f 1481/484/7 1474/485/7 1473/486/7
f 1474/485/7 1466/487/7 1473/486/7
f 1482/500/460 1483/501/122 1474/496/101
f 1483/501/122 1475/497/102 1474/496/101
f 1483/501/122 1484/502/123 1475/497/102
f 1484/502/123 1476/498/103 1475/497/102
f 1484/502/123 1485/503/124 1476/498/103
f 1485/503/124 1477/499/104 1476/498/103
f 1485/484/36 1486/485/36 1477/486/36
f 1486/485/36 1478/487/36 1477/486/36
f 1486/484/461 1487/485/816 1478/486/128
f 1487/485/816 1479/487/129 1478/486/128
f 1487/484/130 1488/485/131 1479/486/132
f 1488/485/131 1480/487/133 1479/486/132
f 1488/484/578 1489/485/135 1480/486/579
f 1489/485/135 1481/487/137 1480/486/579
f 1489/484/7 1482/485/7 1481/486/7
f 1482/485/7 1474/487/7 1481/486/7
f 1490/504/896 1491/505/462 1482/500/460
f 1491/505/462 1483/501/122 1482/500/460
f 1491/505/462 1492/506/140 1483/501/122
f 1492/506/140 1484/502/123 1483/501/122
f 1492/506/140 1493/507/141 1484/502/123
f 1493/507/141 1485/503/124 1484/502/123
f 1493/484/36 1494/485/36 1485/486/36
f 1494/485/36 1486/487/36 1485/486/36
f 1494/484/143 1495/485/463 1486/486/145
f 1495/485/463 1487/487/146 1486/486/145
f 1495/484/147 1496/485/148 1487/486/149
f 1496/485/148 1488/487/150 1487/486/149
f 1496/484/151 1497/485/820 1488/486/153
f 1497/485/820 1489/487/154 1488/486/153
f 1497/484/7 1490/485/7 1489/486/7
f 1490/485/7 1482/487/7 1489/486/7
f 1498/508/464 1499/509/156 1490/504/896
f 1499/509/156 1491/505/462 1490/504/896
f 1499/509/156 1500/510/157 1491/505/462
f 1500/510/157 1492/506/140 1491/505/462
f 1500/510/157 1501/511/465 1492/506/140
f 1501/511/465 1493/507/141 1492/506/140
f 1501/484/125 1502/485/125 1493/486/36
f 1502/485/125 1494/487/36 1493/486/36
f 1502/484/580 1503/485/161 1494/486/162
f 1503/485/161 1495/487/163 1494/486/162
f 1503/484/164 1504/485/165 1495/486/166
f 1504/485/165 1496/487/167 1495/486/166
f 1504/484/168 1505/485/823 1496/486/824
f 1505/485/823 1497/487/825 1496/486/824
f 1505/484/7 1498/485/7 1497/486/7
f 1498/485/7 1490/487/7 1497/486/7
f 1506/512/172 1507/513/173 1498/508/464
f 1507/513/173 1499/509/156 1498/508/464
f 1507/513/173 1508/514/174 1499/509/156
f 1508/514/174 1500/510/157 1499/509/156
f 1508/514/174 1509/515/467 1500/510/157
f 1509/515/467 1501/511/465 1500/510/157
f 1509/484/36 1510/485/36 1501/486/36
f 1510/485/36 1502/487/36 1501/486/36
f 1510/484/468 1511/485/581 1502/486/178
f 1511/485/581 1503/487/179 1502/486/178
f 1511/484/180 1512/485/469 1503/486/182
f 1512/485/469 1504/487/183 1503/486/182
f 1512/484/184 1513/485/471 1504/486/472
f 1513/485/471 1505/487/187 1504/486/472
f 1513/484/7 1506/485/7 1505/486/7
f 1506/485/7 1498/487/7 1505/486/7
f 1514/516/188 1515/517/189 1506/512/172
f 1515/517/189 1507/513/173 1506/512/172
f 1515/517/189 1516/518/190 1507/513/173
f 1516/518/190 1508/514/174 1507/513/173
f 1516/518/190 1517/519/191 1508/514/174
f 1517/519/191 1509/515/467 1508/514/174
f 1517/484/36 1518/485/36 1509/486/36
f 1518/485/36 1510/487/36 1509/486/36
f 1518/484/192 1519/485/193 1510/486/194
f 1519/485/193 1511/487/195 1510/486/194
f 1519/484/196 1520/485/897 1511/486/198
f 1520/485/897 1512/487/199 1511/486/198
f 1520/484/200 1521/485/481 1512/486/202
f 1521/485/481 1513/487/203 1512/486/202
f 1521/484/7 1514/485/7 1513/486/7
f 1514/485/7 1506/487/7 1513/486/7
f 1522/484/7 1523/485/7 1521/486/7
f 1523/485/7 1514/487/7 1521/486/7
f 1444/487/204 1445/486/204 1524/485/898
f 1445/487/899 1447/486/899 1524/485/900
f 1447/487/584 1449/486/584 1524/485/898
f 1449/487/901 1451/486/901 1524/485/898
f 1451/487/902 1453/486/902 1524/485/898
f 1453/487/588 1455/486/588 1524/485/903
f 1455/487/214 1457/486/214 1524/485/903
f 1457/487/904 1444/486/904 1524/485/898
f 1525/477/217 1526/476/218 1527/478/219
f 1528/479/220 1525/477/217 1527/478/219
f 1529/480/221 1525/477/217 1528/479/220
f 1530/481/222 1529/480/221 1528/479/220
f 1531/482/223 1529/480/221 1530/481/222
f 1532/483/905 1531/482/223 1530/481/222
f 1533/485/906 1531/484/907 1532/486/908
f 1534/487/909 1533/485/906 1532/486/908
f 1535/485/229 1533/484/230 1534/486/231
f 1536/487/232 1535/485/229 1534/486/231
f 1537/485/233 1535/484/839 1536/486/235
f 1538/487/236 1537/485/233 1536/486/235
f 1539/485/237 1537/484/238 1538/486/239
f 1540/487/240 1539/485/237 1538/486/239
f 1526/485/7 1539/484/7 1540/486/7
f 1527/487/7 1526/485/7 1540/486/7
f 1541/489/241 1542/488/242 1526/476/218
f 1525/477/217 1541/489/241 1526/476/218
f 1543/490/243 1541/489/241 1525/477/217
f 1529/480/221 1543/490/243 1525/477/217
f 1544/491/501 1543/490/243 1529/480/221
f 1531/482/223 1544/491/501 1529/480/221
f 1545/485/840 1544/484/910 1531/486/911
f 1533/487/912 1545/485/840 1531/486/911
f 1546/485/249 1545/484/250 1533/486/251
f 1535/487/252 1546/485/249 1533/486/251
f 1547/485/253 1546/484/254 1535/486/255
f 1537/487/256 1547/485/253 1535/486/255
f 1548/485/257 1547/484/258 1537/486/259
f 1539/487/260 1548/485/257 1537/486/259
f 1542/485/7 1548/484/7 1539/486/7
f 1526/487/7 1542/485/7 1539/486/7
f 1549/493/261 1550/492/262 1542/488/242
f 1541/489/241 1549/493/261 1542/488/242
f 1551/494/263 1549/493/261 1541/489/241
f 1543/490/243 1551/494/263 1541/489/241
f 1552/495/264 1551/494/263 1543/490/243
f 1544/491/501 1552/495/264 1543/490/243
f 1553/485/913 1552/484/914 1544/486/915
f 1545/487/916 1553/485/913 1544/486/915
f 1554/485/269 1553/484/270 1545/486/271
f 1546/487/272 1554/485/269 1545/486/271
f 1555/485/273 1554/484/274 1546/486/275
f 1547/487/276 1555/485/273 1546/486/275
f 1556/485/277 1555/484/278 1547/486/279
f 1548/487/280 1556/485/277 1547/486/279
f 1550/485/7 1556/484/7 1548/486/7
f 1542/487/7 1550/485/7 1548/486/7
f 1557/497/281 1558/496/282 1550/492/262
f 1549/493/261 1557/497/281 1550/492/262
f 1559/498/283 1557/497/281 1549/493/261
f 1551/494/263 1559/498/283 1549/493/261
f 1560/499/284 1559/498/283 1551/494/263
f 1552/495/264 1560/499/284 1551/494/263
f 1561/485/917 1560/484/918 1552/486/919
f 1553/487/920 1561/485/917 1552/486/919
f 1562/485/289 1561/484/290 1553/486/921
f 1554/487/292 1562/485/289 1553/486/921
f 1563/485/293 1562/484/294 1554/486/295
f 1555/487/296 1563/485/293 1554/486/295
f 1564/485/297 1563/484/298 1555/486/299
f 1556/487/300 1564/485/297 1555/486/299
f 1558/485/7 1564/484/7 1556/486/7
f 1550/487/7 1558/485/7 1556/486/7
f 1565/501/301 1566/500/515 1558/496/282
f 1557/497/281 1565/501/301 1558/496/282
f 1567/502/303 1565/501/301 1557/497/281
f 1559/498/283 1567/502/303 1557/497/281
f 1568/503/304 1567/502/303 1559/498/283
f 1560/499/284 1568/503/304 1559/498/283
f 1569/485/36 1568/484/36 1560/486/36
f 1561/487/36 1569/485/36 1560/486/36
f 1570/485/851 1569/484/516 1561/486/307
f 1562/487/308 1570/485/851 1561/486/307
f 1571/485/309 1570/484/310 1562/486/311
f 1563/487/312 1571/485/309 1562/486/311
f 1572/485/313 1571/484/608 1563/486/609
f 1564/487/316 1572/485/313 1563/486/609
f 1566/485/7 1572/484/7 1564/486/7
f 1558/487/7 1566/485/7 1564/486/7
f 1573/505/517 1574/504/922 1566/500/515
f 1565/501/301 1573/505/517 1566/500/515
f 1575/506/319 1573/505/517 1565/501/301
f 1567/502/303 1575/506/319 1565/501/301
f 1576/507/320 1575/506/319 1567/502/303
f 1568/503/304 1576/507/320 1567/502/303
f 1577/485/36 1576/484/36 1568/486/36
f 1569/487/36 1577/485/36 1568/486/36
f 1578/485/518 1577/484/323 1569/486/324
f 1570/487/325 1578/485/518 1569/486/324
f 1579/485/326 1578/484/327 1570/486/328
f 1571/487/329 1579/485/326 1570/486/328
f 1580/485/856 1579/484/331 1571/486/332
f 1572/487/333 1580/485/856 1571/486/332
f 1574/485/7 1580/484/7 1572/486/7
f 1566/487/7 1574/485/7 1572/486/7
f 1581/509/334 1582/508/519 1574/504/922
f 1573/505/517 1581/509/334 1574/504/922
f 1583/510/336 1581/509/334 1573/505/517
f 1575/506/319 1583/510/336 1573/505/517
f 1584/511/520 1583/510/336 1575/506/319
f 1576/507/320 1584/511/520 1575/506/319
f 1585/485/36 1584/484/36 1576/486/36
f 1577/487/636 1585/485/36 1576/486/36
f 1586/485/339 1585/484/610 1577/486/341
f 1578/487/342 1586/485/339 1577/486/341
f 1587/485/343 1586/484/344 1578/486/345
f 1579/487/346 1587/485/343 1578/486/345
f 1588/485/859 1587/484/348 1579/486/860
f 1580/487/861 1588/485/859 1579/486/860
f 1582/485/7 1588/484/7 1580/486/7
f 1574/487/7 1582/485/7 1580/486/7
f 1589/513/351 1523/512/352 1582/508/519
f 1581/509/334 1589/513/351 1582/508/519
f 1590/514/353 1589/513/351 1581/509/334
f 1583/510/336 1590/514/353 1581/509/334
f 1591/515/522 1590/514/353 1583/510/336
f 1584/511/520 1591/515/522 1583/510/336
f 1592/485/36 1591/484/36 1584/486/36
f 1585/487/36 1592/485/36 1584/486/36
f 1593/485/611 1592/484/523 1585/486/357
f 1586/487/358 1593/485/611 1585/486/357
f 1594/485/524 1593/484/360 1586/486/361
f 1587/487/362 1594/485/524 1586/486/361
f 1522/485/526 1594/484/364 1587/486/527
f 1588/487/366 1522/485/526 1587/486/527
f 1523/485/7 1522/484/7 1588/486/7
f 1582/487/7 1523/485/7 1588/486/7
f 1595/517/367 1514/516/368 1523/512/352
f 1589/513/351 1595/517/367 1523/512/352
f 1596/518/369 1595/517/367 1589/513/351
f 1590/514/353 1596/518/369 1589/513/351
f 1517/519/370 1596/518/369 1590/514/353
f 1591/515/522 1517/519/370 1590/514/353
f 1518/485/36 1517/484/36 1591/486/36
f 1592/487/36 1518/485/36 1591/486/36
f 1597/485/371 1518/484/372 1592/486/373
f 1593/487/374 1597/485/371 1592/486/373
f 1598/485/923 1597/484/376 1593/486/377
f 1594/487/378 1598/485/923 1593/486/377
f 1521/485/536 1598/484/380 1594/486/381
f 1522/487/382 1521/485/536 1594/486/381
f 1514/485/7 1521/484/7 1522/486/7
f 1523/487/7 1514/485/7 1522/486/7
f 1506/485/7 1513/484/7 1521/486/7
f 1514/487/7 1506/485/7 1521/486/7
f 1528/486/383 1527/487/383 1599/485/924
f 1530/486/925 1528/487/925 1599/485/612
f 1532/486/926 1530/487/926 1599/485/612
f 1534/486/927 1532/487/927 1599/485/612
f 1536/486/928 1534/487/928 1599/485/612
f 1538/486/929 1536/487/929 1599/485/612
f 1540/486/392 1538/487/392 1599/485/612
f 1527/486/930 1540/487/930 1599/485/612
f 1600/520/36 1601/521/36 1602/522/36
f 1603/523/36 1600/520/36 1602/522/36
f 1604/524/36 1603/523/36 1602/522/36
f 1605/525/36 1604/524/36 1602/522/36
f 1606/526/36 1605/525/36 1602/522/36
f 1607/527/36 1606/526/36 1602/522/36
f 1608/528/36 1607/527/36 1602/522/36
f 1609/529/36 1608/528/36 1602/522/36
f 1610/530/36 1609/529/36 1602/522/36
f 1611/531/36 1610/530/36 1602/522/36
f 1612/532/36 1611/531/36 1602/522/36
f 1613/533/36 1612/532/36 1602/522/36
f 1614/534/36 1613/533/36 1602/522/36
f 1615/535/36 1614/534/36 1602/522/36
f 1616/536/36 1615/535/36 1602/522/36
f 1617/537/36 1616/536/36 1602/522/36
f 1618/538/36 1617/537/36 1602/522/36
f 1619/539/36 1618/538/36 1602/522/36
f 1620/540/36 1619/539/36 1602/522/36
f 1621/541/36 1620/540/36 1602/522/36
f 1622/542/36 1621/541/36 1602/522/36
f 1623/543/36 1622/542/36 1602/522/36
f 1624/544/36 1623/543/36 1602/522/36
f 1625/545/36 1624/544/36 1602/522/36
f 1626/546/36 1625/545/36 1602/522/36
f 1627/547/36 1626/546/36 1602/522/36
f 1628/548/36 1627/547/36 1602/522/36
f 1629/549/36 1628/548/36 1602/522/36
f 1630/550/36 1629/549/36 1602/522/36
f 1601/521/36 1630/550/36 1602/522/36
f 1631/551/395 1632/552/6 1601/552/6
f 1600/551/395 1631/551/395 1601/552/6
f 1633/553/396 1631/551/395 1600/551/395
f 1603/553/396 1633/553/396 1600/551/395
f 1634/554/397 1633/553/396 1603/553/396
f 1604/554/397 1634/554/397 1603/553/396
f 1635/555/398 1634/554/397 1604/554/397
f 1605/555/398 1635/555/398 1604/554/397
f 1636/556/399 1635/555/398 1605/555/398
f 1606/556/399 1636/556/399 1605/555/398
f 1637/557/400 1636/556/399 1606/556/399
f 1607/557/400 1637/557/400 1606/556/399
f 1638/558/401 1637/557/400 1607/557/400
f 1608/558/401 1638/558/401 1607/557/400
f 1639/559/402 1638/558/401 1608/558/401
f 1609/559/402 1639/559/402 1608/558/401
f 1640/560/403 1639/559/402 1609/559/402
f 1610/560/403 1640/560/403 1609/559/402
f 1641/561/404 1640/560/403 1610/560/403
f 1611/561/404 1641/561/404 1610/560/403
f 1642/562/405 1641/561/404 1611/561/404
f 1612/562/405 1642/562/405 1611/561/404
f 1643/563/406 1642/562/405 1612/562/405
f 1613/563/406 1643/563/406 1612/562/405
f 1644/564/407 1643/563/406 1613/563/406
f 1614/564/407 1644/564/407 1613/563/406
f 1645/565/408 1644/564/407 1614/564/407
f 1615/565/408 1645/565/408 1614/564/407
f 1646/566/8 1645/565/408 1615/565/408
f 1616/566/8 1646/566/8 1615/565/408
f 1647/567/409 1646/566/8 1616/566/8
f 1617/567/409 1647/567/409 1616/566/8
f 1648/568/624 1647/567/409 1617/567/409
f 1618/568/624 1648/568/624 1617/567/409
f 1649/569/411 1648/568/624 1618/568/624
f 1619/569/411 1649/569/411 1618/568/624
f 1650/570/412 1649/569/411 1619/569/411
f 1620/570/412 1650/570/412 1619/569/411
f 1651/571/413 1650/570/412 1620/570/412
f 1621/571/413 1651/571/413 1620/570/412
f 1652/572/415 1651/571/413 1621/571/413
f 1622/572/415 1652/572/415 1621/571/413
f 1653/573/931 1652/572/415 1622/572/415
f 1623/573/931 1653/573/931 1622/572/415
f 1654/574/932 1653/573/931 1623/573/931
f 1624/574/932 1654/574/932 1623/573/931
f 1655/575/418 1654/574/932 1624/574/932
f 1625/575/418 1655/575/418 1624/574/932
f 1656/576/420 1655/575/418 1625/575/418
f 1626/576/420 1656/576/420 1625/575/418
f 1657/577/421 1656/576/420 1626/576/420
f 1627/577/421 1657/577/421 1626/576/420
f 1658/578/422 1657/577/421 1627/577/421
f 1628/578/422 1658/578/422 1627/577/421
f 1659/579/625 1658/578/422 1628/578/422
f 1629/579/625 1659/579/625 1628/578/422
f 1660/580/424 1659/579/625 1629/579/625
f 1630/580/424 1660/580/424 1629/579/625
f 1632/552/6 1660/580/424 1630/580/424
f 1601/552/6 1632/552/6 1630/580/424
f 1632/552/7 1631/551/7 1661/581/7
f 1631/551/7 1633/553/7 1661/581/7
f 1633/553/7 1634/554/7 1661/581/7
f 1634/554/7 1635/555/7 1661/581/7
f 1635/555/7 1636/556/7 1661/581/7
f 1636/556/7 1637/557/7 1661/581/7
f 1637/557/7 1638/558/7 1661/581/7
f 1638/558/7 1639/559/7 1661/581/7
f 1639/559/7 1640/560/7 1661/581/7
f 1640/560/7 1641/561/7 1661/581/7
f 1641/561/7 1642/562/7 1661/581/7
f 1642/562/7 1643/563/7 1661/581/7
f 1643/563/7 1644/564/7 1661/581/7
f 1644/564/7 1645/565/7 1661/581/7
f 1645/565/7 1646/566/7 1661/581/7
f 1646/566/7 1647/567/7 1661/581/7
f 1647/567/7 1648/568/7 1661/581/7
f 1648/568/7 1649/569/7 1661/581/7
f 1649/569/7 1650/570/7 1661/581/7
f 1650/570/7 1651/571/7 1661/581/7
f 1651/571/7 1652/572/7 1661/581/7
f 1652/572/7 1653/573/7 1661/581/7
f 1653/573/7 1654/574/7 1661/581/7
f 1654/574/7 1655/575/7 1661/581/7
f 1655/575/7 1656/576/7 1661/581/7
f 1656/576/7 1657/577/7 1661/581/7
f 1657/577/7 1658/578/7 1661/581/7
f 1658/578/7 1659/579/7 1661/581/7
f 1659/579/7 1660/580/7 1661/581/7
f 1660/580/7 1632/552/7 1661/581/7
f 1662/582/933 1663/583/933 1664/584/934
f 1665/585/934 1664/584/934 1663/583/933
f 1666/582/935 1667/583/552 1668/584/936
f 1669/585/552 1668/584/936 1667/583/552
f 1665/582/937 1666/583/938 1664/584/553
f 1668/585/938 1664/584/553 1666/583/938
f 1663/582/439 1667/583/439 1665/584/439
f 1666/585/439 1665/584/439 1667/583/439
f 1664/582/441 1668/583/441 1662/584/441
f 1669/585/441 1662/584/441 1668/583/441
f 1670/582/554 1671/583/554 1672/584/939
f 1673/585/939 1672/584/939 1671/583/554
f 1674/582/940 1675/583/557 1676/584/940
f 1677/585/557 1676/584/940 1675/583/557
f 1673/582/630 1674/583/559 1672/584/558
f 1676/585/941 1672/584/558 1674/583/559
f 1671/582/431 1675/583/431 1673/584/431
f 1674/585/431 1673/584/431 1675/583/431
f 1672/582/432 1676/583/432 1670/584/560
f 1677/585/560 1670/584/560 1676/583/432
f 1678/586/661 1679/587/662 1680/588/663
f 1681/589/661 1678/586/661 1680/588/663
f 1682/590/664 1678/586/661 1681/589/661
f 1683/591/664 1682/590/664 1681/589/661
f 1684/592/665 1682/590/664 1683/591/664
f 1685/593/665 1684/592/665 1683/591/664
f 1686/594/666 1684/592/665 1685/593/665
f 1687/595/666 1686/594/666 1685/593/665
f 1688/596/667 1686/594/666 1687/595/666
f 1689/597/667 1688/596/667 1687/595/666
f 1690/594/668 1688/596/667 1689/597/667
f 1691/595/668 1690/594/668 1689/597/667
f 1692/592/669 1690/594/668 1691/595/668
f 1693/593/669 1692/592/669 1691/595/668
f 1694/590/670 1692/592/669 1693/593/669
f 1695/591/670 1694/590/670 1693/593/669
f 1696/586/671 1694/590/670 1695/591/670
f 1697/589/672 1696/586/671 1695/591/670
f 1698/598/673 1696/586/671 1697/589/672
f 1699/599/674 1698/598/673 1697/589/672
f 1700/600/675 1698/598/673 1699/599/674
f 1701/601/675 1700/600/675 1699/599/674
f 1702/602/676 1700/600/675 1701/601/675
f 1703/603/676 1702/602/676 1701/601/675
f 1704/604/677 1702/602/676 1703/603/676
f 1705/605/677 1704/604/677 1703/603/676
f 1706/606/678 1704/604/677 1705/605/677
f 1707/607/678 1706/606/678 1705/605/677
f 1708/608/679 1706/606/678 1707/607/678
f 1709/609/679 1708/608/679 1707/607/678
f 1710/606/680 1708/608/679 1709/609/679
f 1711/607/680 1710/606/680 1709/609/679
f 1712/604/681 1710/606/680 1711/607/680
f 1713/605/681 1712/604/681 1711/607/680
f 1714/602/682 1712/604/681 1713/605/681
f 1715/603/682 1714/602/682 1713/605/681
f 1716/600/683 1714/602/682 1715/603/682
f 1717/601/684 1716/600/683 1715/603/682
f 1679/587/662 1716/600/683 1717/601/684
f 1680/588/663 1679/587/662 1717/601/684
f 1679/587/693 1678/586/7 1718/587/942
f 1678/586/7 1682/590/7 1718/587/942
f 1682/590/7 1684/592/7 1718/587/942
f 1684/592/7 1686/594/7 1718/587/942
f 1686/594/7 1688/596/7 1718/587/942
f 1688/596/7 1690/594/7 1718/587/942
f 1690/594/7 1692/592/7 1718/587/942
f 1692/592/7 1694/590/7 1718/587/942
f 1694/590/7 1696/586/692 1718/587/942
f 1696/586/692 1698/598/943 1718/587/942
f 1698/598/943 1700/600/944 1718/587/942
f 1700/600/944 1702/602/945 1718/587/942
f 1702/602/945 1704/604/946 1718/587/942
f 1704/604/946 1706/606/947 1718/587/942
f 1706/606/947 1708/608/948 1718/587/942
f 1708/608/948 1710/606/949 1718/587/942
f 1710/606/949 1712/604/950 1718/587/942
f 1712/604/950 1714/602/951 1718/587/942
f 1714/602/951 1716/600/952 1718/587/942
f 1716/600/952 1679/587/693 1718/587/942
f 1719/610/36 1720/611/706 1721/612/953
f 1722/613/36 1719/610/36 1721/612/953
f 1723/614/36 1722/613/36 1721/612/953
f 1724/615/36 1723/614/36 1721/612/953
f 1725/616/36 1724/615/36 1721/612/953
f 1726/617/36 1725/616/36 1721/612/953
f 1727/618/36 1726/617/36 1721/612/953
f 1728/619/36 1727/618/36 1721/612/953
f 1729/620/705 1728/619/36 1721/612/953
f 1730/621/954 1729/620/705 1721/612/953
f 1731/622/955 1730/621/954 1721/612/953
f 1732/623/956 1731/622/955 1721/612/953
f 1733/624/957 1732/623/956 1721/612/953
f 1734/625/958 1733/624/957 1721/612/953
f 1735/626/959 1734/625/958 1721/612/953
f 1736/627/960 1735/626/959 1721/612/953
f 1737/628/961 1736/627/960 1721/612/953
f 1738/629/962 1737/628/961 1721/612/953
f 1739/630/963 1738/629/962 1721/612/953
f 1720/611/706 1739/630/963 1721/612/953
f 1740/631/711 1741/632/964 1720/611/964
f 1719/610/714 1740/631/711 1720/611/964
f 1742/633/965 1740/631/711 1719/610/714
f 1722/613/716 1742/633/965 1719/610/714
f 1743/634/717 1742/633/965 1722/613/716
f 1723/614/717 1743/634/717 1722/613/716
f 1744/635/718 1743/634/717 1723/614/717
f 1724/615/719 1744/635/718 1723/614/717
f 1745/636/720 1744/635/718 1724/615/719
f 1725/616/721 1745/636/720 1724/615/719
f 1746/637/722 1745/636/720 1725/616/721
f 1726/617/722 1746/637/722 1725/616/721
f 1747/638/723 1746/637/722 1726/617/722
f 1727/618/724 1747/638/723 1726/617/722
f 1748/639/725 1747/638/723 1727/618/724
f 1728/619/726 1748/639/725 1727/618/724
f 1749/640/966 1748/639/725 1728/619/726
f 1729/620/967 1749/640/966 1728/619/726
f 1750/641/968 1749/640/966 1729/620/967
f 1730/621/969 1750/641/968 1729/620/967
f 1751/642/730 1750/641/968 1730/621/969
f 1731/622/731 1751/642/730 1730/621/969
f 1752/643/732 1751/642/730 1731/622/731
f 1732/623/733 1752/643/732 1731/622/731
f 1753/644/734 1752/643/732 1732/623/733
f 1733/624/735 1753/644/734 1732/623/733
f 1754/645/736 1753/644/734 1733/624/735
f 1734/625/736 1754/645/736 1733/624/735
f 1755/646/737 1754/645/736 1734/625/736
f 1735/626/738 1755/646/737 1734/625/736
f 1756/647/739 1755/646/737 1735/626/738
f 1736/627/740 1756/647/739 1735/626/738
f 1757/648/741 1756/647/739 1736/627/740
f 1737/628/742 1757/648/741 1736/627/740
f 1758/649/743 1757/648/741 1737/628/742
f 1738/629/743 1758/649/743 1737/628/742
f 1759/650/970 1758/649/743 1738/629/743
f 1739/630/971 1759/650/970 1738/629/743
f 1741/632/964 1759/650/970 1739/630/971
f 1720/611/964 1741/632/964 1739/630/971
f 1741/632/750 1740/631/7 1760/612/972
f 1740/631/7 1742/633/7 1760/612/972
f 1742/633/7 1743/634/7 1760/612/972
f 1743/634/7 1744/635/7 1760/612/972
f 1744/635/7 1745/636/7 1760/612/972
f 1745/636/7 1746/637/7 1760/612/972
f 1746/637/7 1747/638/7 1760/612/972
f 1747/638/7 1748/639/7 1760/612/972
f 1748/639/7 1749/640/749 1760/612/972
f 1749/640/749 1750/641/973 1760/612/972
f 1750/641/973 1751/642/974 1760/612/972
f 1751/642/974 1752/643/975 1760/612/972
f 1752/643/975 1753/644/976 1760/612/972
f 1753/644/976 1754/645/977 1760/612/972
f 1754/645/977 1755/646/978 1760/612/972
f 1755/646/978 1756/647/979 1760/612/972
f 1756/647/979 1757/648/980 1760/612/972
f 1757/648/980 1758/649/981 1760/612/972
f 1758/649/981 1759/650/982 1760/612/972
f 1759/650/982 1741/632/750 1760/612/972
f 1761/651/35 1762/651/35 1763/652/35
f 1763/652/35 1764/652/35 1761/651/35
f 1765/653/5 1766/654/5 1767/654/5
f 1767/654/5 1768/653/5 1765/653/5
f 1766/654/755 1764/652/755 1763/652/755
f 1763/652/755 1767/654/755 1766/654/755
f 1765/653/756 1761/651/756 1764/652/756
f 1764/652/756 1766/654/756 1765/653/756
f 1767/654/757 1763/652/757 1762/651/757
f 1762/651/757 1768/653/757 1767/654/757
f 1769/651/35 1770/651/35 1771/652/35
f 1772/652/35 1771/652/35 1770/651/35
f 1773/654/5 1774/653/5 1775/654/5
f 1776/653/5 1775/654/5 1774/653/5
f 1772/652/758 1773/654/758 1771/652/758
f 1775/654/758 1771/652/758 1773/654/758
f 1770/651/759 1774/653/759 1772/652/759
f 1773/654/759 1772/652/759 1774/653/759
f 1771/652/760 1775/654/760 1769/651/760
f 1776/653/760 1769/651/760 1775/654/760
f 1777/655/7 1778/656/7 1779/657/7
f 1778/656/7 1780/658/7 1779/657/7
f 1780/658/7 1781/659/7 1779/657/7
f 1781/659/7 1782/660/7 1779/657/7
f 1782/660/7 1783/661/7 1779/657/7
f 1783/661/7 1784/662/7 1779/657/7
f 1784/662/7 1785/663/7 1779/657/7
f 1785/663/7 1786/664/7 1779/657/7
f 1786/664/7 1787/665/7 1779/657/7
f 1787/665/7 1788/666/7 1779/657/7
f 1788/666/7 1789/667/7 1779/657/7
f 1789/667/7 1790/668/7 1779/657/7
f 1790/668/7 1791/669/7 1779/657/7
f 1791/669/7 1792/670/7 1779/657/7
f 1792/670/7 1793/671/7 1779/657/7
f 1793/671/7 1794/672/7 1779/657/7
f 1794/672/7 1795/673/7 1779/657/7
f 1795/673/7 1796/674/7 1779/657/7
f 1796/674/7 1797/675/7 1779/657/7
f 1797/675/7 1798/676/7 1779/657/7
f 1798/676/7 1799/677/7 1779/657/7
f 1799/677/7 1800/678/7 1779/657/7
f 1800/678/7 1801/679/7 1779/657/7
f 1801/679/7 1802/680/7 1779/657/7
f 1802/680/7 1803/681/7 1779/657/7
f 1803/681/7 1804/682/7 1779/657/7
f 1804/682/7 1805/683/7 1779/657/7
f 1805/683/7 1806/684/7 1779/657/7
f 1806/684/7 1807/685/7 1779/657/7
f 1807/685/7 1777/655/7 1779/657/7
f 1808/686/983 1809/687/984 1810/688/985
f 1811/689/983 1808/686/983 1810/688/985
f 1812/690/986 1811/689/983 1810/688/985
f 1813/691/635 1812/690/986 1810/688/985
f 1814/692/987 1813/691/635 1810/688/985
f 1815/693/700 1814/692/987 1810/688/985
f 1816/694/699 1815/693/700 1810/688/985
f 1817/695/698 1816/694/699 1810/688/985
f 1818/696/988 1817/695/698 1810/688/985
f 1819/697/638 1818/696/988 1810/688/985
f 1820/698/989 1819/697/638 1810/688/985
f 1821/699/990 1820/698/989 1810/688/985
f 1822/700/990 1821/699/990 1810/688/985
f 1823/701/991 1822/700/990 1810/688/985
f 1824/702/992 1823/701/991 1810/688/985
f 1825/703/642 1824/702/992 1810/688/985
f 1826/704/993 1825/703/642 1810/688/985
f 1827/705/994 1826/704/993 1810/688/985
f 1828/706/995 1827/705/994 1810/688/985
f 1829/707/996 1828/706/995 1810/688/985
f 1830/708/997 1829/707/996 1810/688/985
f 1831/709/998 1830/708/997 1810/688/985
f 1832/710/999 1831/709/998 1810/688/985
f 1833/711/1000 1832/710/999 1810/688/985
f 1834/712/1001 1833/711/1000 1810/688/985
f 1835/713/1002 1834/712/1001 1810/688/985
f 1836/714/1003 1835/713/1002 1810/688/985
f 1837/715/656 1836/714/1003 1810/688/985
f 1838/716/1004 1837/715/656 1810/688/985
f 1809/687/984 1838/716/1004 1810/688/985
f 1778/717/395 1777/718/395 1809/719/395
f 1808/720/395 1778/717/395 1809/719/395
f 1780/717/396 1778/718/396 1808/719/396
f 1811/720/396 1780/717/396 1808/719/396
f 1781/717/397 1780/718/397 1811/719/397
f 1812/720/397 1781/717/397 1811/719/397
f 1839/717/546 1781/718/546 1812/719/546
f 1813/720/546 1839/717/546 1812/719/546
f 1840/717/399 1839/718/399 1813/719/399
f 1814/720/399 1840/717/399 1813/719/399
f 1784/717/400 1840/718/400 1814/719/400
f 1815/720/400 1784/717/400 1814/719/400
f 1785/717/401 1784/718/401 1815/719/401
f 1816/720/401 1785/717/401 1815/719/401
f 1786/717/402 1785/718/402 1816/719/402
f 1817/720/402 1786/717/402 1816/719/402
f 1841/717/403 1786/718/403 1817/719/403
f 1818/720/403 1841/717/403 1817/719/403
f 1788/717/404 1841/718/404 1818/719/404
f 1819/720/404 1788/717/404 1818/719/404
f 1789/717/549 1788/718/549 1819/719/549
f 1820/720/549 1789/717/549 1819/719/549
f 1790/717/406 1789/718/406 1820/719/406
f 1821/720/406 1790/717/406 1820/719/406
f 1791/717/407 1790/718/407 1821/719/407
f 1822/720/407 1791/717/407 1821/719/407
f 1792/717/658 1791/718/408 1822/719/408
f 1823/720/658 1792/717/658 1822/719/408
f 1842/717/8 1792/718/8 1823/719/8
f 1824/720/8 1842/717/8 1823/719/8
f 1843/717/409 1842/718/1005 1824/719/1005
f 1825/720/409 1843/717/409 1824/719/1005
f 1844/717/410 1843/718/410 1825/719/410
f 1826/720/410 1844/717/410 1825/719/410
f 1845/717/411 1844/718/411 1826/719/411
f 1827/720/411 1845/717/411 1826/719/411
f 1846/717/412 1845/718/412 1827/719/412
f 1828/720/412 1846/717/412 1827/719/412
f 1847/717/413 1846/718/413 1828/719/413
f 1829/720/413 1847/717/413 1828/719/413
f 1848/717/414 1847/718/414 1829/719/414
f 1830/720/414 1848/717/414 1829/719/414
f 1849/717/416 1848/718/416 1830/719/416
f 1831/720/416 1849/717/416 1830/719/416
f 1850/717/417 1849/718/417 1831/719/417
f 1832/720/417 1850/717/417 1831/719/417
f 1851/717/419 1850/718/419 1832/719/419
f 1833/720/419 1851/717/419 1832/719/419
f 1852/717/420 1851/718/420 1833/719/420
f 1834/720/420 1852/717/420 1833/719/420
f 1853/717/421 1852/718/421 1834/719/421
f 1835/720/421 1853/717/421 1834/719/421
f 1854/717/422 1853/718/422 1835/719/422
f 1836/720/422 1854/717/422 1835/719/422
f 1855/717/423 1854/718/423 1836/719/423
f 1837/720/423 1855/717/423 1836/719/423
f 1856/717/1006 1855/718/1006 1837/719/1006
f 1838/720/1006 1856/717/1006 1837/719/1006
f 1777/717/6 1856/718/6 1838/719/6
f 1809/720/6 1777/717/6 1838/719/6
f 1857/721/35 1858/722/35 1859/723/35
f 1860/724/35 1859/723/35 1858/722/35
f 1861/725/7 1858/726/7 1862/727/7
f 1857/728/7 1862/727/7 1858/726/7
f 1862/729/6 1857/730/6 1863/731/6
f 1859/732/6 1863/731/6 1857/730/6
f 1863/733/36 1859/734/36 1864/735/36
f 1860/736/36 1864/735/36 1859/734/36
f 1864/725/8 1860/726/8 1861/727/8
f 1858/728/8 1861/727/8 1860/726/8
f 1865/737/35 1866/738/35 1867/739/35
f 1868/740/35 1867/739/35 1866/738/35
f 1869/741/7 1866/742/7 1870/743/7
f 1865/744/7 1870/743/7 1866/742/7
f 1870/741/6 1865/742/6 1871/743/6
f 1867/744/6 1871/743/6 1865/742/6
f 1871/745/36 1867/746/36 1872/747/36
f 1868/748/36 1872/747/36 1867/746/36
f 1872/749/8 1868/750/8 1869/751/8
f 1866/752/8 1869/751/8 1868/750/8
f 1873/753/5 1874/754/5 1875/755/5
f 1876/756/5 1875/755/5 1874/754/5
f 1877/757/35 1878/758/35 1879/759/35
f 1880/760/35 1879/759/35 1878/758/35
f 1874/757/761 1878/758/761 1876/759/761
f 1877/760/761 1876/759/761 1878/758/761
f 1873/757/7 1880/758/7 1874/759/7
f 1878/760/7 1874/759/7 1880/758/7
f 1875/757/762 1879/758/762 1873/759/762
f 1880/760/762 1873/759/762 1879/758/762
f 1881/757/35 1882/758/35 1883/759/35
f 1884/760/35 1883/759/35 1882/758/35
f 1885/753/5 1876/754/5 1886/755/5
f 1887/756/5 1886/755/5 1876/754/5
f 1876/757/7 1882/758/7 1887/759/7
f 1881/760/7 1887/759/7 1882/758/7
f 1887/761/6 1881/762/6 1886/763/6
f 1883/764/6 1886/763/6 1881/762/6
f 1886/753/36 1883/754/36 1885/755/36
f 1884/756/36 1885/755/36 1883/754/36
f 1885/753/8 1884/754/8 1876/755/8
f 1882/756/8 1876/755/8 1884/754/8
f 1888/757/35 1889/758/35 1890/759/35
f 1891/760/35 1890/759/35 1889/758/35
f 1892/753/5 1893/754/5 1894/755/5
f 1875/756/5 1894/755/5 1893/754/5
f 1893/757/7 1889/758/7 1875/759/7
f 1888/760/7 1875/759/7 1889/758/7
f 1875/753/6 1888/754/6 1894/755/6
f 1890/756/6 1894/755/6 1888/754/6
f 1894/753/36 1890/754/36 1892/755/36
f 1891/756/36 1892/755/36 1890/754/36
f 1892/765/8 1891/766/8 1893/767/8
f 1889/768/8 1893/767/8 1891/766/8
f 1877/753/35 1879/754/35 1895/755/35
f 1896/756/35 1895/755/35 1879/754/35
f 1894/753/5 1875/754/5 1885/755/5
f 1876/756/5 1885/755/5 1875/754/5
f 1876/753/6 1877/754/6 1885/755/6
f 1895/756/6 1885/755/6 1877/754/6
f 1885/753/36 1895/754/36 1894/755/36
f 1896/756/36 1894/755/36 1895/754/36
f 1894/753/8 1896/754/8 1875/755/8
f 1879/756/8 1875/755/8 1896/754/8
f 1897/769/35 1898/770/35 1899/771/35
f 1900/772/35 1899/771/35 1898/770/35
f 1901/772/5 1902/770/5 1903/771/5
f 1904/769/5 1903/771/5 1902/770/5
f 1902/770/7 1898/770/7 1904/769/7
f 1897/769/7 1904/769/7 1898/770/7
f 1904/769/6 1897/769/6 1903/771/6
f 1899/771/6 1903/771/6 1897/769/6
f 1903/771/36 1899/771/36 1901/772/36
f 1900/772/36 1901/772/36 1899/771/36
f 1901/772/8 1900/772/8 1902/770/8
f 1898/770/8 1902/770/8 1900/772/8
f 1905/773/35 1906/774/35 1907/775/35
f 1908/776/35 1907/775/35 1906/774/35
f 1909/773/5 1910/774/5 1911/775/5
f 1912/776/5 1911/775/5 1910/774/5
f 1908/777/7 1909/778/7 1907/779/7
f 1911/780/7 1907/779/7 1909/778/7
f 1906/773/6 1910/774/6 1908/775/6
f 1909/776/6 1908/775/6 1910/774/6
f 1905/777/36 1912/778/36 1906/779/36
f 1910/780/36 1906/779/36 1912/778/36
f 1907/773/8 1911/774/8 1905/775/8
f 1912/776/8 1905/775/8 1911/774/8
f 1913/777/35 1914/778/35 1915/779/35
f 1916/780/35 1915/779/35 1914/778/35
f 1917/777/5 1918/778/5 1919/779/5
f 1920/780/5 1919/779/5 1918/778/5
f 1916/777/7 1917/778/7 1915/779/7
f 1919/780/7 1915/779/7 1917/778/7
f 1914/781/6 1918/782/6 1916/783/6
f 1917/784/6 1916/783/6 1918/782/6
f 1913/777/36 1920/778/36 1914/779/36
f 1918/780/36 1914/779/36 1920/778/36
f 1915/781/8 1919/782/8 1913/783/8
f 1920/784/8 1913/783/8 1919/782/8
f 1921/785/5 1922/786/5 1923/787/5
f 1923/787/5 1924/788/5 1921/785/5
f 1925/789/5 1921/785/5 1924/788/5
f 1924/788/5 1926/790/5 1925/789/5
f 1927/791/35 1928/792/35 1929/793/35
f 1929/793/35 1930/794/35 1927/791/35
f 1931/795/35 1932/796/35 1928/792/35
f 1928/792/35 1927/791/35 1931/795/35
f 1930/797/36 1929/798/36 1923/799/36
f 1923/799/36 1922/800/36 1930/797/36
f 1927/801/763 1930/802/764 1922/803/764
f 1922/803/764 1921/804/763 1927/801/763
f 1931/805/765 1927/801/763 1921/804/763
f 1921/804/763 1925/806/765 1931/805/765
f 1928/801/766 1932/805/767 1926/806/767
f 1926/806/767 1924/804/766 1928/801/766
f 1929/802/768 1928/801/766 1924/804/766
f 1924/804/766 1923/803/768 1929/802/768
f 1933/807/5 1934/808/5 1935/809/5
f 1935/809/5 1936/810/5 1933/807/5
f 1937/811/35 1938/812/35 1939/813/35
f 1939/813/35 1940/814/35 1937/811/35
f 1940/807/36 1939/808/36 1935/809/36
f 1935/809/36 1934/810/36 1940/807/36
f 1937/811/6 1940/812/6 1934/813/6
f 1934/813/6 1933/814/6 1937/811/6
f 1938/811/7 1937/812/7 1933/813/7
f 1933/813/7 1936/814/7 1938/811/7
f 1939/815/8 1938/816/8 1936/817/8
f 1936/817/8 1935/818/8 1939/815/8
f 1941/807/5 1942/808/5 1943/809/5
f 1943/809/5 1944/810/5 1941/807/5
f 1945/811/35 1946/812/35 1947/813/35
f 1947/813/35 1948/814/35 1945/811/35
f 1948/807/36 1947/808/36 1943/809/36
f 1943/809/36 1942/810/36 1948/807/36
f 1945/815/6 1948/816/6 1942/817/6
f 1942/817/6 1941/818/6 1945/815/6
f 1946/811/7 1945/812/7 1941/813/7
f 1941/813/7 1944/814/7 1946/811/7
f 1947/811/8 1946/812/8 1944/813/8
f 1944/813/8 1943/814/8 1947/811/8
f 1949/807/5 1950/808/5 1951/809/5
f 1951/809/5 1952/810/5 1949/807/5
f 1953/811/35 1954/812/35 1955/813/35
f 1955/813/35 1956/814/35 1953/811/35
f 1956/807/36 1955/808/36 1951/809/36
f 1951/809/36 1950/810/36 1956/807/36
f 1953/811/6 1956/812/6 1950/813/6
f 1950/813/6 1949/814/6 1953/811/6
f 1954/811/7 1953/812/7 1949/813/7
f 1949/813/7 1952/814/7 1954/811/7
f 1955/815/8 1954/816/8 1952/817/8
f 1952/817/8 1951/818/8 1955/815/8
f 1957/807/5 1958/808/5 1959/809/5
f 1959/809/5 1960/810/5 1957/807/5
f 1961/811/35 1962/812/35 1963/813/35
f 1963/813/35 1964/814/35 1961/811/35
f 1964/807/36 1963/808/36 1959/809/36
f 1959/809/36 1958/810/36 1964/807/36
f 1961/815/6 1964/816/6 1958/817/6
f 1958/817/6 1957/818/6 1961/815/6
f 1962/811/7 1961/812/7 1957/813/7
f 1957/813/7 1960/814/7 1962/811/7
f 1963/811/8 1962/812/8 1960/813/8
f 1960/813/8 1959/814/8 1963/811/8
f 1965/819/5 1966/820/5 1967/821/5
f 1965/819/5 1967/821/5 1968/822/5
f 1965/819/5 1968/822/5 1969/823/5
f 1965/819/5 1969/823/5 1970/824/5
f 1965/819/5 1970/824/5 1971/825/5
f 1965/819/5 1971/825/5 1972/826/5
f 1965/819/5 1972/826/5 1973/827/5
f 1965/819/5 1973/827/5 1974/828/5
f 1965/819/5 1974/828/5 1975/829/5
f 1965/819/5 1975/829/5 1976/830/5
f 1965/819/5 1976/830/5 1977/831/5
f 1965/819/5 1977/831/5 1978/832/5
f 1978/817/769 1977/818/769 1979/815/769
f 1979/815/769 1980/816/769 1978/817/769
f 1977/817/3 1976/818/3 1981/815/3
f 1981/815/3 1979/816/3 1977/817/3
f 1976/817/770 1975/818/770 1982/815/770
f 1982/815/770 1981/816/770 1976/817/770
f 1975/817/771 1974/818/771 1983/815/771
f 1983/815/771 1982/816/771 1975/817/771
f 1974/817/772 1973/818/772 1984/815/772
f 1984/815/772 1983/816/772 1974/817/772
f 1973/817/773 1972/818/773 1985/815/773
f 1985/815/773 1984/816/773 1973/817/773
f 1972/817/774 1971/818/774 1986/815/774
f 1986/815/774 1985/816/774 1972/817/774
f 1971/817/4 1970/818/4 1987/815/4
f 1987/815/4 1986/816/4 1971/817/4
f 1970/817/775 1969/818/775 1988/815/775
f 1988/815/775 1987/816/775 1970/817/775
f 1969/817/776 1968/818/776 1989/815/776
f 1989/815/776 1988/816/776 1969/817/776
f 1968/817/777 1967/818/777 1990/815/777
f 1990/815/777 1989/816/777 1968/817/777
f 1967/817/778 1966/818/778 1991/815/778
f 1991/815/778 1990/816/778 1967/817/778
f 1992/833/35 1980/834/35 1979/835/35
f 1992/833/35 1979/835/35 1981/836/35
f 1992/833/35 1981/836/35 1982/837/35
f 1992/833/35 1982/837/35 1983/838/35
f 1992/833/35 1983/838/35 1984/839/35
f 1992/833/35 1984/839/35 1985/840/35
f 1992/833/35 1985/840/35 1986/841/35
f 1992/833/35 1986/841/35 1987/842/35
f 1992/833/35 1987/842/35 1988/843/35
f 1992/833/35 1988/843/35 1989/844/35
f 1992/833/35 1989/844/35 1990/845/35
f 1992/833/35 1990/845/35 1991/846/35
f 1993/847/5 1936/848/5 1994/849/5
f 1993/847/5 1994/849/5 1995/850/5
f 1993/847/5 1995/850/5 1996/851/5
f 1993/847/5 1996/851/5 1997/852/5
f 1993/847/5 1997/852/5 1998/853/5
f 1993/847/5 1998/853/5 1999/854/5
f 1993/847/5 1999/854/5 2000/855/5
f 1993/847/5 2000/855/5 2001/856/5
f 1993/847/5 2001/856/5 2002/857/5
f 1993/847/5 2002/857/5 2003/858/5
f 1993/847/5 2003/858/5 2004/859/5
f 1993/847/5 2004/859/5 1941/860/5
f 1941/817/769 2004/818/769 2005/815/769
f 2005/815/769 1945/816/769 1941/817/769
f 2004/817/3 2003/818/3 2006/815/3
f 2006/815/3 2005/816/3 2004/817/3
f 2003/817/770 2002/818/770 2007/815/770
f 2007/815/770 2006/816/770 2003/817/770
f 2002/817/771 2001/818/771 2008/815/771
f 2008/815/771 2007/816/771 2002/817/771
f 2001/817/772 2000/818/772 2009/815/772
f 2009/815/772 2008/816/772 2001/817/772
f 2000/817/773 1999/818/773 2010/815/773
f 2010/815/773 2009/816/773 2000/817/773
f 1999/817/774 1998/818/774 2011/815/774
f 2011/815/774 2010/816/774 1999/817/774
f 1998/817/4 1997/818/4 2012/815/4
f 2012/815/4 2011/816/4 1998/817/4
f 1997/817/775 1996/818/775 2013/815/775
f 2013/815/775 2012/816/775 1997/817/775
f 1996/817/776 1995/818/776 2014/815/776
f 2014/815/776 2013/816/776 1996/817/776
f 1995/817/777 1994/818/777 2015/815/777
f 2015/815/777 2014/816/777 1995/817/777
f 1994/817/778 1936/818/778 1938/815/778
f 1938/815/778 2015/816/778 1994/817/778
f 2016/833/35 1945/834/35 2005/835/35
f 2016/833/35 2005/835/35 2006/836/35
f 2016/833/35 2006/836/35 2007/837/35
f 2016/833/35 2007/837/35 2008/838/35
f 2016/833/35 2008/838/35 2009/839/35
f 2016/833/35 2009/839/35 2010/840/35
f 2016/833/35 2010/840/35 2011/841/35
f 2016/833/35 2011/841/35 2012/842/35
f 2016/833/35 2012/842/35 2013/843/35
f 2016/833/35 2013/843/35 2014/844/35
f 2016/833/35 2014/844/35 2015/845/35
f 2016/833/35 2015/845/35 1938/846/35
f 2017/861/5 2018/862/5 2019/863/5
f 2019/863/5 2020/864/5 2017/861/5
f 2021/861/35 2022/862/35 2023/863/35
f 2023/863/35 2024/864/35 2021/861/35
f 2024/865/36 2023/866/36 2019/867/36
f 2019/867/36 2018/868/36 2024/865/36
f 2021/815/6 2024/816/6 2018/817/6
f 2018/817/6 2017/818/6 2021/815/6
f 2022/861/7 2021/862/7 2017/863/7
f 2017/863/7 2020/864/7 2022/861/7
f 2023/815/8 2022/816/8 2020/817/8
f 2020/817/8 2019/818/8 2023/815/8
f 2025/778/35 2026/869/35 2027/779/35
f 2027/779/35 2028/777/35 2025/778/35
f 2029/778/5 2030/869/5 2031/779/5
f 2031/779/5 2032/777/5 2029/778/5
f 2032/870/779 2031/871/779 2027/872/779
f 2027/872/779 2026/873/779 2032/870/779
f 2029/870/6 2032/871/6 2026/872/6
f 2026/872/6 2025/873/6 2029/870/6
f 2030/870/780 2029/874/780 2025/872/780
f 2025/872/780 2028/875/780 2030/870/780
f 2031/870/8 2030/874/8 2028/872/8
f 2028/872/8 2027/875/8 2031/870/8
f 2033/876/5 2034/877/5 2035/878/5
f 2035/878/5 2036/879/5 2033/876/5
f 2037/880/35 2038/881/35 2039/882/35
f 2039/882/35 2040/883/35 2037/880/35
f 2040/876/36 2039/877/36 2035/878/36
f 2035/878/36 2034/879/1007 2040/876/36
f 2037/884/6 2040/885/6 2034/885/6
f 2034/885/6 2033/884/6 2037/884/6
f 2038/886/7 2037/884/7 2033/884/7
f 2033/884/7 2036/886/7 2038/886/7
f 2039/887/8 2038/888/8 2036/889/8
f 2036/889/8 2035/890/8 2039/887/8
f 2041/880/782 2042/881/782 2043/882/782
f 2043/882/782 2044/883/782 2041/880/782
f 2042/891/783 2041/892/783 2045/893/783
f 2045/893/783 2046/894/783 2042/891/783
f 2043/895/8 2042/896/8 2046/897/8
f 2044/898/6 2045/899/6 2041/900/6
f 2047/876/784 2048/901/785 2049/878/786
f 2049/878/786 2050/879/787 2047/876/784
f 2051/876/5 2047/902/5 2050/878/5
f 2050/878/5 2052/879/5 2051/876/5
f 2053/880/788 2054/903/789 2055/882/790
f 2055/882/790 2056/904/791 2053/880/788
f 2057/880/35 2058/903/35 2054/882/35
f 2054/882/35 2053/905/35 2057/880/35
f 2056/906/792 2055/907/792 2049/907/792
f 2049/907/792 2048/906/792 2056/906/792
f 2053/887/793 2056/908/793 2048/889/793
f 2048/889/793 2047/909/793 2053/887/793
f 2057/887/794 2053/908/794 2047/889/794
f 2047/889/794 2051/909/794 2057/887/794
f 2058/910/7 2057/911/7 2051/911/7
f 2051/911/7 2052/910/7 2058/910/7
f 2054/912/795 2058/913/795 2052/914/795
f 2052/914/795 2050/915/795 2054/912/795
f 2055/887/796 2054/908/796 2050/889/796
f 2050/889/796 2049/909/796 2055/887/796
f 2059/876/5 2060/877/5 2061/878/5
f 2061/878/5 2062/879/5 2059/876/5
f 2063/880/35 2064/881/35 2065/882/35
f 2065/882/35 2066/883/35 2063/880/35
f 2066/887/36 2065/888/36 2061/889/36
f 2061/889/36 2060/890/36 2066/887/36
f 2063/887/6 2066/908/6 2060/889/6
f 2060/889/6 2059/909/6 2063/887/6
f 2064/887/7 2063/908/7 2059/889/7
f 2059/889/7 2062/909/7 2064/887/7
f 2065/887/8 2064/888/8 2062/889/8
f 2062/889/8 2061/890/8 2065/887/8
f 2067/876/5 2068/877/5 2069/878/5
f 2069/878/5 2070/879/5 2067/876/5
f 2071/880/35 2072/881/35 2073/882/35
f 2073/882/35 2074/883/35 2071/880/35
f 2074/876/36 2073/877/36 2069/878/36
f 2069/878/36 2068/879/36 2074/876/36
f 2071/887/6 2074/908/6 2068/889/6
f 2068/889/6 2067/909/6 2071/887/6
f 2072/916/7 2071/917/7 2067/917/7
f 2067/917/7 2070/916/7 2072/916/7
f 2073/918/8 2072/916/8 2070/916/8
f 2070/916/8 2069/918/8 2073/918/8
f 2075/878/5 2036/919/5 2076/920/5
f 2075/878/5 2076/920/5 2077/921/5
f 2075/878/5 2077/921/5 2078/922/5
f 2075/878/5 2078/922/5 2079/923/5
f 2075/878/5 2079/923/5 2080/924/5
f 2075/878/5 2080/924/5 2081/925/5
f 2075/878/5 2081/925/5 2082/926/5
f 2075/878/5 2082/926/5 2083/927/5
f 2075/878/5 2083/927/5 2084/928/5
f 2075/878/5 2084/928/5 2085/929/5
f 2075/878/5 2085/929/5 2086/876/5
f 2075/878/5 2086/876/5 2067/930/5
f 2075/931/36 2067/917/36 2071/917/36
f 2071/917/36 2087/931/36 2075/931/36
f 2067/889/769 2086/890/769 2088/887/769
f 2088/887/769 2071/888/769 2067/889/769
f 2086/889/3 2085/890/3 2089/887/3
f 2089/887/3 2088/888/3 2086/889/3
f 2085/889/797 2084/890/797 2090/887/797
f 2090/887/797 2089/888/797 2085/889/797
f 2084/889/798 2083/909/798 2091/887/798
f 2091/887/798 2090/908/798 2084/889/798
f 2083/889/772 2082/890/772 2092/887/772
f 2092/887/772 2091/888/772 2083/889/772
f 2082/889/799 2081/890/799 2093/887/799
f 2093/887/799 2092/888/799 2082/889/799
f 2081/889/800 2080/909/800 2094/887/800
f 2094/887/800 2093/908/800 2081/889/800
f 2080/889/4 2079/890/4 2095/887/4
f 2095/887/4 2094/888/4 2080/889/4
f 2079/889/801 2078/890/801 2096/887/801
f 2096/887/801 2095/888/801 2079/889/801
f 2078/889/802 2077/909/802 2097/887/802
f 2097/887/802 2096/908/802 2078/889/802
f 2077/889/777 2076/890/777 2098/887/777
f 2098/887/777 2097/888/777 2077/889/777
f 2076/889/778 2036/909/778 2038/887/778
f 2038/887/778 2098/908/778 2076/889/778
f 2036/886/36 2075/931/36 2087/931/36
f 2087/931/36 2038/886/36 2036/886/36
f 2087/882/35 2071/883/35 2088/880/35
f 2087/882/35 2088/880/35 2089/932/35
f 2087/882/35 2089/932/35 2090/933/35
f 2087/882/35 2090/933/35 2091/934/35
f 2087/882/35 2091/934/35 2092/935/35
f 2087/882/35 2092/935/35 2093/936/35
f 2087/882/35 2093/936/35 2094/937/35
f 2087/882/35 2094/937/35 2095/938/35
f 2087/882/35 2095/938/35 2096/939/35
f 2087/882/35 2096/939/35 2097/940/35
f 2087/882/35 2097/940/35 2098/941/35
f 2087/882/35 2098/941/35 2038/942/35
f 2099/943/1 2100/944/1 2101/945/1
f 2101/945/1 2102/946/1 2099/943/1
f 2103/943/2 2099/944/2 2102/945/2
f 2102/945/2 2104/946/2 2103/943/2
f 2105/943/3 2103/944/3 2104/945/3
f 2104/945/3 2106/946/3 2105/943/3
f 2100/943/4 2105/944/4 2106/945/4
f 2106/945/4 2101/946/4 2100/943/4
f 2107/947/5 2108/948/5 2109/949/5
f 2109/949/5 2110/950/5 2107/947/5
f 2111/947/6 2112/948/6 2108/949/6
f 2108/949/6 2107/950/6 2111/947/6
f 2113/947/7 2111/948/7 2107/949/7
f 2107/949/7 2110/950/7 2113/947/7
f 2114/947/8 2113/948/8 2110/949/8
f 2110/949/8 2109/950/8 2114/947/8
f 2115/943/9 2116/944/9 2117/945/9
f 2117/945/9 2118/946/9 2115/943/9
f 2119/943/9 2120/944/9 2116/945/9
f 2116/945/9 2115/946/9 2119/943/9
f 2121/943/10 2122/944/10 2120/945/9
f 2120/945/9 2119/946/9 2121/943/10
f 2123/943/1008 2124/944/1008 2122/945/10
f 2122/945/10 2121/946/10 2123/943/1008
f 2125/943/9 2126/944/9 2124/945/9
f 2124/945/9 2123/946/9 2125/943/9
f 2127/943/9 2128/944/9 2126/945/9
f 2126/945/9 2125/946/9 2127/943/9
f 2129/943/11 2115/944/11 2118/945/11
f 2118/945/11 2130/946/11 2129/943/11
f 2131/943/12 2119/944/12 2115/945/12
f 2115/945/12 2129/946/12 2131/943/12
f 2132/943/13 2121/944/13 2119/945/13
f 2119/945/13 2131/946/13 2132/943/13
f 2133/943/14 2123/944/14 2121/945/14
f 2121/945/14 2132/946/14 2133/943/14
f 2134/943/15 2125/944/15 2123/945/15
f 2123/945/15 2133/946/15 2134/943/15
f 2135/943/16 2127/944/16 2125/945/16
f 2125/945/16 2134/946/16 2135/943/16
f 2136/943/17 2129/944/17 2130/945/17
f 2130/945/17 2137/946/17 2136/943/17
f 2138/943/17 2131/944/17 2129/945/17
f 2129/945/17 2136/946/17 2138/943/17
f 2139/943/17 2132/944/17 2131/945/17
f 2131/945/17 2138/946/17 2139/943/17
f 2140/943/18 2133/944/18 2132/945/17
f 2132/945/17 2139/946/17 2140/943/18
f 2141/943/17 2134/944/17 2133/945/17
f 2133/945/17 2140/946/18 2141/943/17
f 2142/943/17 2135/944/17 2134/945/17
f 2134/945/17 2141/946/17 2142/943/17
f 2116/943/19 2136/944/19 2137/945/19
f 2137/945/19 2117/946/19 2116/943/19
f 2120/943/20 2138/944/20 2136/945/20
f 2136/945/20 2116/946/20 2120/943/20
f 2122/943/21 2139/944/22 2138/945/23
f 2138/945/23 2120/946/23 2122/943/21
f 2124/943/24 2140/944/24 2139/945/25
f 2139/945/25 2122/946/25 2124/943/24
f 2126/943/26 2141/944/26 2140/945/26
f 2140/945/26 2124/946/28 2126/943/26
f 2128/943/29 2142/944/29 2141/945/29
f 2141/945/29 2126/946/29 2128/943/29
f 2143/943/30 2144/944/30 2145/945/30
f 2145/945/30 2146/946/30 2143/943/30
f 2147/943/31 2143/944/31 2146/945/31
f 2146/945/31 2148/946/31 2147/943/31
f 2149/943/32 2147/944/32 2148/945/33
f 2148/945/33 2150/946/33 2149/943/32
f 2144/943/34 2149/944/34 2150/945/34
f 2150/945/34 2145/946/34 2144/943/34
f 2151/947/5 2152/948/5 2153/949/5
f 2153/949/5 2154/950/5 2151/947/5
f 2155/947/35 2156/948/35 2157/949/35
f 2157/949/35 2158/950/35 2155/947/35
f 2158/947/36 2157/948/36 2153/949/36
f 2153/949/36 2152/950/36 2158/947/36
f 2155/947/6 2158/948/6 2152/949/6
f 2152/949/6 2151/950/6 2155/947/6
f 2157/947/8 2156/948/8 2154/949/8
f 2154/949/8 2153/950/8 2157/947/8
