# Blender 5.1.0
# www.blender.org
mtllib stit_3l.mtl
o stit_3l
v -0.001803 2.690032 0.075403
v -0.010681 2.688561 0.075639
v -0.061296 2.867328 0.055039
v -0.052224 2.867297 0.054804
v -0.000933 2.689906 0.085022
v -0.051986 2.868481 0.063798
v -0.009826 2.688478 0.085257
v -0.061058 2.868512 0.064034
v -0.067345 2.883214 0.051527
v -0.058653 2.885775 0.051037
v -0.052183 2.865947 0.055021
v -0.061257 2.865968 0.055178
v -0.076653 2.905590 0.048328
v -0.069072 2.910517 0.047545
v -0.088804 2.924075 0.045848
v -0.082972 2.930955 0.044840
v -0.106954 2.939735 0.044297
v -0.103360 2.947988 0.043148
v -0.124598 2.943684 0.043805
v -0.123545 2.952619 0.042610
v -0.136494 2.943983 0.044413
v -0.138069 2.952847 0.043274
v -0.067187 2.884399 0.060523
v -0.061099 2.867153 0.064174
v -0.076495 2.906775 0.057323
v -0.088645 2.925260 0.054844
v -0.106796 2.940920 0.053293
v -0.124440 2.944869 0.052801
v -0.136335 2.945167 0.053409
v -0.058494 2.886959 0.060033
v -0.052025 2.867132 0.064016
v -0.068914 2.911701 0.056541
v -0.082813 2.932139 0.053836
v -0.103202 2.949173 0.052143
v -0.123386 2.953803 0.051607
v -0.137911 2.954031 0.052270
v -0.007156 2.672732 0.072154
v -0.006009 2.671231 0.081031
v -0.009889 2.688490 0.085179
v -0.010712 2.688593 0.075600
v -0.004657 2.659863 0.061100
v -0.003282 2.655062 0.068677
v -0.003424 2.654479 0.047545
v -0.001936 2.645590 0.048602
v 0.001795 2.673879 0.071192
v -0.001761 2.690014 0.075125
v 0.004293 2.661105 0.060262
v 0.005526 2.655977 0.047545
v 0.002942 2.672379 0.080068
v -0.000938 2.689911 0.084704
v 0.005669 2.656303 0.067839
v 0.007014 2.647087 0.048602
v -0.131404 2.934002 0.063541
v -0.155604 2.934002 0.063541
v -0.155604 2.934002 0.039341
v -0.131404 2.934002 0.039341
v -0.131404 2.964253 0.063541
v -0.155604 2.964253 0.063541
v -0.131404 2.964253 0.039341
v -0.155604 2.964253 0.039341
v 0.012101 2.635693 0.014528
v 0.012101 2.635693 0.050828
v -0.012099 2.635693 0.050828
v -0.012099 2.635693 0.014528
v 0.012101 2.671993 0.014528
v -0.012099 2.671993 0.014528
v -0.012099 2.671993 0.050828
v 0.012101 2.671993 0.050828
v -0.231750 3.385610 0.080663
v -0.222675 3.385610 0.080663
v -0.231750 3.385610 -0.076638
v -0.222675 3.385610 -0.076637
v -0.222675 3.376535 -0.076637
v -0.222675 3.376535 0.080663
v -0.231750 3.376535 -0.076637
v -0.231750 3.376535 0.080663
v -0.237800 3.385855 0.085587
v -0.216625 3.385855 0.085587
v -0.237800 3.385855 0.067437
v -0.216625 3.385855 0.067437
v -0.216625 3.349555 0.067437
v -0.216625 3.349555 0.085587
v -0.237800 3.349555 0.067437
v -0.237800 3.349555 0.085587
v -0.245363 2.845248 0.010236
v -0.257463 2.845248 0.010236
v -0.245363 2.845248 0.040486
v -0.257463 2.845248 0.040486
v -0.257463 2.784142 0.010236
v -0.245363 2.784142 0.010236
v -0.245363 2.784142 0.040486
v -0.257463 2.784142 0.040486
v -0.196963 2.845248 0.010236
v -0.209063 2.845248 0.010236
v -0.196963 2.845248 0.040486
v -0.209063 2.845248 0.040486
v -0.209063 2.784142 0.010236
v -0.196963 2.784142 0.010236
v -0.196963 2.784142 0.040486
v -0.209063 2.784142 0.040486
v -0.244455 2.767571 -0.010939
v -0.209970 2.767571 -0.010939
v -0.258975 2.767571 0.010236
v -0.195450 2.767571 0.010236
v -0.195450 2.776646 0.010236
v -0.209970 2.776646 -0.010939
v -0.258975 2.776646 0.010236
v -0.244455 2.776646 -0.010939
v -0.186375 2.809920 0.010236
v -0.195450 2.809920 0.010236
v -0.186375 2.809920 0.040486
v -0.195450 2.809920 0.040486
v -0.195450 2.767571 0.040486
v -0.186375 2.767571 0.040486
v -0.186375 2.767571 0.010236
v -0.258975 2.809920 0.010236
v -0.268050 2.809920 0.010236
v -0.258975 2.809920 0.040486
v -0.268050 2.809920 0.040486
v -0.268050 2.767571 0.040486
v -0.268050 2.767571 0.010236
v -0.258975 2.767571 0.040486
v -0.195450 2.776646 0.040486
v -0.258975 2.776646 0.040486
v -0.181838 2.800846 0.022336
v -0.272588 2.800846 0.022336
v -0.181838 2.800846 0.028386
v -0.272588 2.800846 0.028386
v -0.272588 2.791771 0.028386
v -0.272588 2.791771 0.022336
v -0.181838 2.791771 0.028386
v -0.181838 2.791771 0.022336
v -0.222156 2.737323 0.045549
v -0.238440 2.737323 0.034828
v -0.240865 2.737323 0.007104
v -0.226690 2.737323 -0.006283
v -0.043692 2.737323 0.043297
v -0.050547 2.737323 -0.035054
v -0.222156 2.767574 0.045549
v -0.226690 2.767574 -0.006283
v -0.240865 2.767574 0.007104
v -0.238440 2.767574 0.034828
v -0.043692 2.767574 0.043297
v -0.050547 2.767574 -0.035054
v -0.003800 2.770599 -0.042180
v -0.076124 2.770599 -0.035853
v -0.077178 2.770599 -0.047907
v -0.004855 2.770599 -0.054234
v -0.003800 2.782699 -0.042180
v -0.004855 2.782699 -0.054234
v -0.077178 2.782699 -0.047907
v -0.076124 2.782699 -0.035853
v 0.004637 2.770599 0.054251
v -0.067687 2.770599 0.060579
v -0.068742 2.770599 0.048525
v 0.003582 2.770599 0.042198
v 0.004637 2.782699 0.054251
v 0.003582 2.782699 0.042198
v -0.068742 2.782699 0.048525
v -0.067687 2.782699 0.060579
v -0.003800 2.722240 -0.042180
v -0.076124 2.722240 -0.035853
v -0.077178 2.722240 -0.047907
v -0.004855 2.722240 -0.054234
v -0.003800 2.734340 -0.042180
v -0.004855 2.734340 -0.054234
v -0.077178 2.734340 -0.047907
v -0.076124 2.734340 -0.035853
v 0.004637 2.722240 0.054251
v -0.067687 2.722240 0.060579
v -0.068742 2.722240 0.048525
v 0.003582 2.722240 0.042198
v 0.004637 2.734340 0.054251
v 0.003582 2.734340 0.042198
v -0.068742 2.734340 0.048525
v -0.067687 2.734340 0.060579
v -0.000109 2.722030 0.000009
v -0.004855 2.722030 -0.054234
v 0.009346 2.722030 -0.053614
v 0.022903 2.722030 -0.049340
v 0.034891 2.722030 -0.041702
v 0.044494 2.722030 -0.031223
v 0.051057 2.722030 -0.018614
v 0.054133 2.722030 -0.004737
v 0.053514 2.722030 0.009464
v 0.049240 2.722030 0.023020
v 0.041602 2.722030 0.035009
v 0.031122 2.722030 0.044612
v 0.018514 2.722030 0.051175
v 0.004637 2.722030 0.054251
v 0.018514 2.734130 0.051175
v 0.004637 2.734130 0.054251
v 0.031122 2.734130 0.044612
v 0.041602 2.734130 0.035009
v 0.049240 2.734130 0.023020
v 0.053514 2.734130 0.009464
v 0.054133 2.734130 -0.004737
v 0.051057 2.734130 -0.018614
v 0.044494 2.734130 -0.031223
v 0.034891 2.734130 -0.041702
v 0.022903 2.734130 -0.049340
v 0.009346 2.734130 -0.053614
v -0.004855 2.734130 -0.054234
v -0.000109 2.734130 0.000009
v -0.000109 2.770598 0.000009
v -0.004855 2.770598 -0.054234
v 0.009346 2.770598 -0.053614
v 0.022903 2.770598 -0.049340
v 0.034891 2.770598 -0.041702
v 0.044494 2.770598 -0.031223
v 0.051057 2.770598 -0.018614
v 0.054133 2.770598 -0.004737
v 0.053514 2.770598 0.009464
v 0.049240 2.770598 0.023020
v 0.041602 2.770598 0.035009
v 0.031122 2.770598 0.044612
v 0.018514 2.770598 0.051175
v 0.004637 2.770598 0.054251
v 0.018514 2.782698 0.051175
v 0.004637 2.782698 0.054251
v 0.031122 2.782698 0.044612
v 0.041602 2.782698 0.035009
v 0.049240 2.782698 0.023020
v 0.053514 2.782698 0.009464
v 0.054133 2.782698 -0.004737
v 0.051057 2.782698 -0.018614
v 0.044494 2.782698 -0.031223
v 0.034891 2.782698 -0.041702
v 0.022903 2.782698 -0.049340
v 0.009346 2.782698 -0.053614
v -0.004855 2.782698 -0.054234
v -0.000109 2.782698 0.000009
v -0.030395 2.715544 0.063390
v -0.048476 2.715544 0.064971
v -0.059022 2.715544 -0.055568
v -0.040941 2.715544 -0.057150
v -0.030395 2.788143 0.063390
v -0.040941 2.788143 -0.057150
v -0.059022 2.788143 -0.055568
v -0.048476 2.788143 0.064971
v -0.231023 3.423202 0.026284
v -0.221983 3.423202 0.025493
v -0.223040 3.423202 0.013440
v -0.232081 3.423202 0.014230
v -0.231023 3.380852 0.026284
v -0.232081 3.380852 0.014230
v -0.223040 3.380852 0.013440
v -0.221983 3.380852 0.025493
v -0.003919 3.411864 -0.042170
v -0.076243 3.411864 -0.035842
v -0.077298 3.411864 -0.047896
v -0.004974 3.411864 -0.054224
v -0.003919 3.423964 -0.042170
v -0.004974 3.423964 -0.054224
v -0.077298 3.423964 -0.047896
v -0.076243 3.423964 -0.035842
v -0.050363 3.453439 0.007442
v -0.050890 3.453439 0.001415
v -0.214736 3.406503 0.015750
v -0.214208 3.406503 0.021777
v -0.050494 3.406710 0.007453
v -0.051021 3.406710 0.001426
v -0.124382 3.400707 0.029100
v -0.249735 3.400707 0.033994
v -0.251734 3.400560 0.009877
v -0.127546 3.400707 -0.007061
v -0.043760 3.400707 0.043303
v -0.050615 3.400707 -0.035048
v -0.124382 3.406757 0.029100
v -0.127546 3.406757 -0.007061
v -0.251734 3.406610 0.009877
v -0.249735 3.406757 0.033994
v -0.043760 3.406757 0.043303
v -0.050615 3.406757 -0.035048
v -0.030404 3.383602 0.063390
v -0.048486 3.383602 0.064972
v -0.059031 3.383602 -0.055568
v -0.040950 3.383602 -0.057149
v -0.030404 3.456202 0.063390
v -0.040950 3.456202 -0.057149
v -0.059031 3.456202 -0.055568
v -0.048486 3.456202 0.064972
v 0.004517 3.411864 0.054262
v -0.067806 3.411864 0.060589
v -0.068861 3.411864 0.048535
v 0.003463 3.411864 0.042208
v 0.004517 3.423964 0.054262
v 0.003463 3.423964 0.042208
v -0.068861 3.423964 0.048535
v -0.067806 3.423964 0.060589
v -0.000228 3.411864 0.000019
v 0.009227 3.411864 -0.053604
v 0.022783 3.411864 -0.049330
v 0.034772 3.411864 -0.041692
v 0.044375 3.411864 -0.031212
v 0.050938 3.411864 -0.018604
v 0.054014 3.411864 -0.004727
v 0.053395 3.411864 0.009474
v 0.049120 3.411864 0.023031
v 0.041483 3.411864 0.035019
v 0.031003 3.411864 0.044622
v 0.018395 3.411864 0.051185
v -0.000228 3.423964 0.000019
v 0.018395 3.423964 0.051185
v 0.031003 3.423964 0.044622
v 0.041483 3.423964 0.035019
v 0.049120 3.423964 0.023031
v 0.053395 3.423964 0.009474
v 0.054014 3.423964 -0.004727
v 0.050938 3.423964 -0.018604
v 0.044375 3.423964 -0.031212
v 0.034772 3.423964 -0.041692
v 0.022783 3.423964 -0.049330
v 0.009227 3.423964 -0.053604
v -0.159169 3.251979 0.095044
v -0.137350 3.219961 0.385639
v -0.165846 3.236501 0.095044
v -0.141455 3.200984 0.385424
v -0.130725 3.218761 0.476389
v -0.138179 3.200919 0.476174
v -0.126019 3.222160 0.519157
v -0.136559 3.201051 0.488545
v -0.126599 3.222333 0.519157
v -0.137083 3.201353 0.488545
v -0.131305 3.218935 0.476389
v -0.138703 3.201222 0.476174
v -0.137930 3.220134 0.385639
v -0.141979 3.201286 0.385424
v -0.159748 3.252153 0.095044
v -0.166370 3.236804 0.095044
v -0.156242 3.268580 0.095044
v -0.133869 3.240153 0.385639
v -0.127309 3.237837 0.476389
v -0.122618 3.240301 0.535272
v -0.123222 3.240336 0.535272
v -0.127914 3.237872 0.476389
v -0.134473 3.240188 0.385639
v -0.156846 3.268615 0.095044
v -0.157222 3.285408 0.095044
v -0.134848 3.261268 0.385639
v -0.128486 3.257064 0.476389
v -0.128628 3.259231 0.548421
v -0.129224 3.259126 0.548421
v -0.129082 3.256959 0.476389
v -0.135444 3.261162 0.385639
v -0.157818 3.285303 0.095044
v -0.162056 3.301557 0.095044
v -0.140823 3.280908 0.385639
v -0.135199 3.277323 0.476389
v -0.138423 3.276679 0.555039
v -0.138978 3.276438 0.555039
v -0.135754 3.277083 0.476389
v -0.141378 3.280668 0.385639
v -0.162612 3.301317 0.095044
v -0.170485 3.316154 0.095044
v -0.150916 3.298533 0.385639
v -0.147260 3.294913 0.476389
v -0.151784 3.293138 0.555039
v -0.152269 3.292777 0.555039
v -0.147745 3.294552 0.476389
v -0.151401 3.298172 0.385639
v -0.170970 3.315793 0.095044
v -0.182052 3.328415 0.095044
v -0.166222 3.313577 0.385639
v -0.163582 3.311507 0.476389
v -0.168341 3.306454 0.555039
v -0.168729 3.305991 0.555039
v -0.163971 3.311043 0.476389
v -0.166611 3.313114 0.385639
v -0.182441 3.327953 0.095044
v -0.196136 3.337678 0.095044
v -0.185507 3.325089 0.385639
v -0.184048 3.321739 0.476389
v -0.186984 3.317027 0.555039
v -0.187255 3.316486 0.555039
v -0.184319 3.321198 0.476389
v -0.185779 3.324548 0.385639
v -0.196408 3.337138 0.095044
v -0.211976 3.343444 0.095044
v -0.206154 3.332026 0.385639
v -0.205388 3.328372 0.476389
v -0.207710 3.324399 0.555039
v -0.207850 3.323811 0.555039
v -0.205528 3.327784 0.476389
v -0.206293 3.331436 0.385639
v -0.212116 3.342856 0.095044
v -0.228719 3.345401 0.095044
v -0.228736 3.334338 0.385639
v -0.228725 3.330535 0.476389
v -0.228719 3.327239 0.555039
v -0.228719 3.326634 0.555039
v -0.228725 3.329930 0.476389
v -0.228736 3.333732 0.385639
v -0.228719 3.344796 0.095044
v -0.245322 3.342856 0.095044
v -0.245462 3.343444 0.095044
v -0.138441 3.201072 0.462126
v -0.320088 3.219961 0.385639
v -0.298269 3.251979 0.095044
v -0.291592 3.236501 0.095044
v -0.315983 3.200984 0.385424
v -0.326713 3.218761 0.476389
v -0.319259 3.200919 0.476174
v -0.331419 3.222160 0.519157
v -0.320879 3.201051 0.488545
v -0.330839 3.222333 0.519157
v -0.320355 3.201353 0.488545
v -0.326133 3.218935 0.476389
v -0.318735 3.201222 0.476174
v -0.319508 3.220134 0.385639
v -0.315459 3.201286 0.385424
v -0.297690 3.252153 0.095044
v -0.291068 3.236804 0.095044
v -0.323569 3.240153 0.385639
v -0.301196 3.268580 0.095044
v -0.330129 3.237837 0.476389
v -0.334820 3.240301 0.535272
v -0.334216 3.240336 0.535272
v -0.329524 3.237872 0.476389
v -0.322965 3.240188 0.385639
v -0.300592 3.268615 0.095044
v -0.322590 3.261268 0.385639
v -0.300216 3.285408 0.095044
v -0.328952 3.257064 0.476389
v -0.328810 3.259231 0.548421
v -0.328214 3.259126 0.548421
v -0.328356 3.256959 0.476389
v -0.321994 3.261162 0.385639
v -0.299620 3.285303 0.095044
v -0.316615 3.280908 0.385639
v -0.295382 3.301557 0.095044
v -0.322239 3.277323 0.476389
v -0.319015 3.276679 0.555039
v -0.318460 3.276438 0.555039
v -0.321684 3.277083 0.476389
v -0.316060 3.280668 0.385639
v -0.294826 3.301317 0.095044
v -0.306522 3.298533 0.385639
v -0.286953 3.316154 0.095044
v -0.310178 3.294913 0.476389
v -0.305654 3.293138 0.555039
v -0.305169 3.292777 0.555039
v -0.309693 3.294552 0.476389
v -0.306037 3.298172 0.385639
v -0.286468 3.315793 0.095044
v -0.291216 3.313577 0.385639
v -0.275386 3.328415 0.095044
v -0.293856 3.311507 0.476389
v -0.289097 3.306454 0.555039
v -0.288709 3.305991 0.555039
v -0.293467 3.311043 0.476389
v -0.290827 3.313114 0.385639
v -0.274997 3.327953 0.095044
v -0.271931 3.325089 0.385639
v -0.261302 3.337678 0.095044
v -0.273390 3.321739 0.476389
v -0.270454 3.317027 0.555039
v -0.270183 3.316486 0.555039
v -0.273119 3.321198 0.476389
v -0.271659 3.324548 0.385639
v -0.261030 3.337138 0.095044
v -0.251284 3.332026 0.385639
v -0.252050 3.328372 0.476389
v -0.249728 3.324399 0.555039
v -0.249588 3.323811 0.555039
v -0.251910 3.327784 0.476389
v -0.251145 3.331436 0.385639
v -0.228702 3.334338 0.385639
v -0.228713 3.330535 0.476389
v -0.228713 3.329930 0.476389
v -0.228702 3.333732 0.385639
v -0.318997 3.201072 0.462126
v -0.158889 3.257958 0.101094
v -0.157329 3.272801 0.101094
v -0.228719 3.272801 0.101094
v -0.163501 3.243764 0.101094
v -0.170963 3.230839 0.101094
v -0.180950 3.219748 0.101094
v -0.193024 3.210975 0.101094
v -0.206658 3.204905 0.101094
v -0.221257 3.201802 0.101094
v -0.236181 3.201802 0.101094
v -0.250780 3.204905 0.101094
v -0.264414 3.210975 0.101094
v -0.276488 3.219748 0.101094
v -0.286475 3.230839 0.101094
v -0.293937 3.243764 0.101094
v -0.298549 3.257958 0.101094
v -0.300109 3.272801 0.101094
v -0.298549 3.287644 0.101094
v -0.293937 3.301838 0.101094
v -0.286475 3.314763 0.101094
v -0.276488 3.325855 0.101094
v -0.264414 3.334626 0.101094
v -0.250780 3.340697 0.101094
v -0.236181 3.343800 0.101094
v -0.221257 3.343800 0.101094
v -0.206658 3.340697 0.101094
v -0.193024 3.334626 0.101094
v -0.180950 3.325855 0.101094
v -0.170963 3.314763 0.101094
v -0.163501 3.301838 0.101094
v -0.158889 3.287644 0.101094
v -0.158889 3.257958 0.095044
v -0.157329 3.272801 0.095044
v -0.163501 3.243764 0.095044
v -0.170963 3.230839 0.095044
v -0.180950 3.219748 0.095044
v -0.193024 3.210975 0.095044
v -0.206658 3.204905 0.095044
v -0.221257 3.201802 0.095044
v -0.236181 3.201802 0.095044
v -0.250780 3.204905 0.095044
v -0.264414 3.210975 0.095044
v -0.276488 3.219748 0.095044
v -0.286475 3.230839 0.095044
v -0.293937 3.243764 0.095044
v -0.298549 3.257958 0.095044
v -0.300109 3.272801 0.095044
v -0.298549 3.287644 0.095044
v -0.293937 3.301838 0.095044
v -0.286475 3.314763 0.095044
v -0.276488 3.325855 0.095044
v -0.264414 3.334626 0.095044
v -0.250780 3.340697 0.095044
v -0.236181 3.343800 0.095044
v -0.221257 3.343800 0.095044
v -0.206658 3.340697 0.095044
v -0.193024 3.334626 0.095044
v -0.180950 3.325855 0.095044
v -0.170963 3.314763 0.095044
v -0.163501 3.301838 0.095044
v -0.158889 3.287644 0.095044
v -0.228719 3.272801 0.095044
v -0.437994 3.187621 0.084085
v -0.443630 3.187358 0.086269
v -0.324778 3.269669 0.386033
v -0.330414 3.269406 0.388217
v -0.328082 3.251834 0.392118
v -0.441298 3.169786 0.090169
v -0.322446 3.252097 0.389933
v -0.435662 3.170049 0.087985
v -0.010364 3.188102 0.087559
v -0.015999 3.187839 0.085375
v -0.130236 3.270150 0.386927
v -0.135871 3.269887 0.384743
v -0.136778 3.252316 0.389196
v -0.016905 3.170267 0.089828
v -0.131142 3.252579 0.391381
v -0.011270 3.170530 0.092012
v -0.159169 3.067454 0.095044
v -0.137350 3.035436 0.385639
v -0.165846 3.051976 0.095044
v -0.141455 3.016459 0.385424
v -0.130725 3.034237 0.476389
v -0.138179 3.016395 0.476174
v -0.126019 3.037635 0.519157
v -0.136559 3.016526 0.488545
v -0.126599 3.037809 0.519157
v -0.137083 3.016829 0.488545
v -0.131305 3.034410 0.476389
v -0.138703 3.016698 0.476174
v -0.137930 3.035610 0.385639
v -0.141979 3.016761 0.385424
v -0.159748 3.067628 0.095044
v -0.166370 3.052278 0.095044
v -0.156242 3.084055 0.095044
v -0.133869 3.055628 0.385639
v -0.127309 3.053312 0.476389
v -0.122618 3.055776 0.535272
v -0.123222 3.055811 0.535272
v -0.127914 3.053347 0.476389
v -0.134473 3.055663 0.385639
v -0.156846 3.084090 0.095044
v -0.157222 3.100883 0.095044
v -0.134848 3.076743 0.385639
v -0.128486 3.072540 0.476389
v -0.128628 3.074707 0.548421
v -0.129224 3.074602 0.548421
v -0.129082 3.072434 0.476389
v -0.135444 3.076638 0.385639
v -0.157818 3.100778 0.095044
v -0.162056 3.117032 0.095044
v -0.140823 3.096383 0.385639
v -0.135199 3.092798 0.476389
v -0.138423 3.092154 0.555039
v -0.138978 3.091914 0.555039
v -0.135754 3.092558 0.476389
v -0.141378 3.096143 0.385639
v -0.162612 3.116792 0.095044
v -0.170485 3.131630 0.095044
v -0.150916 3.114008 0.385639
v -0.147260 3.110388 0.476389
v -0.151784 3.108613 0.555039
v -0.152269 3.108252 0.555039
v -0.147745 3.110027 0.476389
v -0.151401 3.113647 0.385639
v -0.170970 3.131269 0.095044
v -0.182052 3.143891 0.095044
v -0.166222 3.129053 0.385639
v -0.163582 3.126981 0.476389
v -0.168341 3.121930 0.555039
v -0.168729 3.121467 0.555039
v -0.163971 3.126518 0.476389
v -0.166611 3.128589 0.385639
v -0.182441 3.143428 0.095044
v -0.196136 3.153154 0.095044
v -0.185507 3.140563 0.385639
v -0.184048 3.137213 0.476389
v -0.186984 3.132502 0.555039
v -0.187255 3.131961 0.555039
v -0.184319 3.136673 0.476389
v -0.185779 3.140023 0.385639
v -0.196408 3.152613 0.095044
v -0.211976 3.158919 0.095044
v -0.206154 3.147501 0.385639
v -0.205388 3.143848 0.476389
v -0.207710 3.139874 0.555039
v -0.207850 3.139286 0.555039
v -0.205528 3.143259 0.476389
v -0.206293 3.146912 0.385639
v -0.212116 3.158330 0.095044
v -0.228719 3.160876 0.095044
v -0.228736 3.149813 0.385639
v -0.228725 3.146010 0.476389
v -0.228719 3.142715 0.555039
v -0.228719 3.142110 0.555039
v -0.228725 3.145406 0.476389
v -0.228736 3.149208 0.385639
v -0.228719 3.160271 0.095044
v -0.245322 3.158330 0.095044
v -0.245462 3.158919 0.095044
v -0.138441 3.016546 0.462126
v -0.320088 3.035436 0.385639
v -0.298269 3.067454 0.095044
v -0.291592 3.051976 0.095044
v -0.315983 3.016459 0.385424
v -0.326713 3.034237 0.476389
v -0.319259 3.016395 0.476174
v -0.331419 3.037635 0.519157
v -0.320879 3.016526 0.488545
v -0.330839 3.037809 0.519157
v -0.320355 3.016829 0.488545
v -0.326133 3.034410 0.476389
v -0.318735 3.016698 0.476174
v -0.319508 3.035610 0.385639
v -0.315459 3.016761 0.385424
v -0.297690 3.067628 0.095044
v -0.291068 3.052278 0.095044
v -0.323569 3.055628 0.385639
v -0.301196 3.084055 0.095044
v -0.330129 3.053312 0.476389
v -0.334820 3.055776 0.535272
v -0.334216 3.055811 0.535272
v -0.329524 3.053347 0.476389
v -0.322965 3.055663 0.385639
v -0.300592 3.084090 0.095044
v -0.322590 3.076743 0.385639
v -0.300216 3.100883 0.095044
v -0.328952 3.072540 0.476389
v -0.328810 3.074707 0.548421
v -0.328214 3.074602 0.548421
v -0.328356 3.072434 0.476389
v -0.321994 3.076638 0.385639
v -0.299620 3.100778 0.095044
v -0.316615 3.096383 0.385639
v -0.295382 3.117032 0.095044
v -0.322239 3.092798 0.476389
v -0.319015 3.092154 0.555039
v -0.318460 3.091914 0.555039
v -0.321684 3.092558 0.476389
v -0.316060 3.096143 0.385639
v -0.294826 3.116792 0.095044
v -0.306522 3.114008 0.385639
v -0.286953 3.131630 0.095044
v -0.310178 3.110388 0.476389
v -0.305654 3.108613 0.555039
v -0.305169 3.108252 0.555039
v -0.309693 3.110027 0.476389
v -0.306037 3.113647 0.385639
v -0.286468 3.131269 0.095044
v -0.291216 3.129053 0.385639
v -0.275386 3.143891 0.095044
v -0.293856 3.126981 0.476389
v -0.289097 3.121930 0.555039
v -0.288709 3.121467 0.555039
v -0.293467 3.126518 0.476389
v -0.290827 3.128589 0.385639
v -0.274997 3.143428 0.095044
v -0.271931 3.140563 0.385639
v -0.261302 3.153154 0.095044
v -0.273390 3.137213 0.476389
v -0.270454 3.132502 0.555039
v -0.270183 3.131961 0.555039
v -0.273119 3.136673 0.476389
v -0.271659 3.140023 0.385639
v -0.261030 3.152613 0.095044
v -0.251284 3.147501 0.385639
v -0.252050 3.143848 0.476389
v -0.249728 3.139874 0.555039
v -0.249588 3.139286 0.555039
v -0.251910 3.143259 0.476389
v -0.251145 3.146912 0.385639
v -0.228702 3.149813 0.385639
v -0.228713 3.146010 0.476389
v -0.228713 3.145406 0.476389
v -0.228702 3.149208 0.385639
v -0.318997 3.016546 0.462126
v -0.158889 3.073433 0.101094
v -0.157329 3.088276 0.101094
v -0.228719 3.088276 0.101094
v -0.163501 3.059239 0.101094
v -0.170963 3.046314 0.101094
v -0.180950 3.035223 0.101094
v -0.193024 3.026451 0.101094
v -0.206658 3.020380 0.101094
v -0.221257 3.017277 0.101094
v -0.236181 3.017277 0.101094
v -0.250780 3.020380 0.101094
v -0.264414 3.026451 0.101094
v -0.276488 3.035223 0.101094
v -0.286475 3.046314 0.101094
v -0.293937 3.059239 0.101094
v -0.298549 3.073433 0.101094
v -0.300109 3.088276 0.101094
v -0.298549 3.103119 0.101094
v -0.293937 3.117313 0.101094
v -0.286475 3.130238 0.101094
v -0.276488 3.141329 0.101094
v -0.264414 3.150101 0.101094
v -0.250780 3.156172 0.101094
v -0.236181 3.159275 0.101094
v -0.221257 3.159275 0.101094
v -0.206658 3.156172 0.101094
v -0.193024 3.150101 0.101094
v -0.180950 3.141329 0.101094
v -0.170963 3.130238 0.101094
v -0.163501 3.117313 0.101094
v -0.158889 3.103119 0.101094
v -0.158889 3.073433 0.095044
v -0.157329 3.088276 0.095044
v -0.163501 3.059239 0.095044
v -0.170963 3.046314 0.095044
v -0.180950 3.035223 0.095044
v -0.193024 3.026451 0.095044
v -0.206658 3.020380 0.095044
v -0.221257 3.017277 0.095044
v -0.236181 3.017277 0.095044
v -0.250780 3.020380 0.095044
v -0.264414 3.026451 0.095044
v -0.276488 3.035223 0.095044
v -0.286475 3.046314 0.095044
v -0.293937 3.059239 0.095044
v -0.298549 3.073433 0.095044
v -0.300109 3.088276 0.095044
v -0.298549 3.103119 0.095044
v -0.293937 3.117313 0.095044
v -0.286475 3.130238 0.095044
v -0.276488 3.141329 0.095044
v -0.264414 3.150101 0.095044
v -0.250780 3.156172 0.095044
v -0.236181 3.159275 0.095044
v -0.221257 3.159275 0.095044
v -0.206658 3.156172 0.095044
v -0.193024 3.150101 0.095044
v -0.180950 3.141329 0.095044
v -0.170963 3.130238 0.095044
v -0.163501 3.117313 0.095044
v -0.158889 3.103119 0.095044
v -0.228719 3.088276 0.095044
v -0.013808 3.205935 0.086270
v -0.019444 3.205673 0.084085
v -0.127024 3.123885 0.388217
v -0.132660 3.123623 0.386032
v -0.130328 3.106051 0.382132
v -0.017112 3.188100 0.080184
v -0.124692 3.106314 0.384317
v -0.011476 3.188363 0.082369
v -0.441323 3.205935 0.085375
v -0.446959 3.205673 0.087560
v -0.321449 3.123885 0.384742
v -0.327085 3.123623 0.386927
v -0.327991 3.106051 0.382473
v -0.447865 3.188100 0.083107
v -0.322355 3.106314 0.380289
v -0.442230 3.188363 0.080922
v -0.159169 2.882929 0.095044
v -0.137350 2.850911 0.385639
v -0.165846 2.867452 0.095044
v -0.141455 2.831934 0.385424
v -0.130725 2.849712 0.476389
v -0.138179 2.831870 0.476174
v -0.126019 2.853111 0.519157
v -0.136559 2.832001 0.488545
v -0.126599 2.853283 0.519157
v -0.137083 2.832303 0.488545
v -0.131305 2.849885 0.476389
v -0.138703 2.832173 0.476174
v -0.137930 2.851084 0.385639
v -0.141979 2.832236 0.385424
v -0.159748 2.883103 0.095044
v -0.166370 2.867753 0.095044
v -0.156242 2.899530 0.095044
v -0.133869 2.871103 0.385639
v -0.127309 2.868787 0.476389
v -0.122618 2.871251 0.535272
v -0.123222 2.871286 0.535272
v -0.127914 2.868822 0.476389
v -0.134473 2.871138 0.385639
v -0.156846 2.899565 0.095044
v -0.157222 2.916358 0.095044
v -0.134848 2.892218 0.385639
v -0.128486 2.888015 0.476389
v -0.128628 2.890182 0.548421
v -0.129224 2.890077 0.548421
v -0.129082 2.887910 0.476389
v -0.135444 2.892113 0.385639
v -0.157818 2.916253 0.095044
v -0.162056 2.932506 0.095044
v -0.140823 2.911858 0.385639
v -0.135199 2.908273 0.476389
v -0.138423 2.907629 0.555039
v -0.138978 2.907389 0.555039
v -0.135754 2.908033 0.476389
v -0.141378 2.911619 0.385639
v -0.162612 2.932267 0.095044
v -0.170485 2.947105 0.095044
v -0.150916 2.929483 0.385639
v -0.147260 2.925863 0.476389
v -0.151784 2.924088 0.555039
v -0.152269 2.923727 0.555039
v -0.147745 2.925502 0.476389
v -0.151401 2.929122 0.385639
v -0.170970 2.946744 0.095044
v -0.182052 2.959366 0.095044
v -0.166222 2.944528 0.385639
v -0.163582 2.942457 0.476389
v -0.168341 2.937405 0.555039
v -0.168729 2.936942 0.555039
v -0.163971 2.941993 0.476389
v -0.166611 2.944064 0.385639
v -0.182441 2.958903 0.095044
v -0.196136 2.968629 0.095044
v -0.185507 2.956038 0.385639
v -0.184048 2.952688 0.476389
v -0.186984 2.947977 0.555039
v -0.187255 2.947437 0.555039
v -0.184319 2.952148 0.476389
v -0.185779 2.955498 0.385639
v -0.196408 2.968088 0.095044
v -0.211976 2.974394 0.095044
v -0.206154 2.962976 0.385639
v -0.205388 2.959322 0.476389
v -0.207710 2.955349 0.555039
v -0.207850 2.954762 0.555039
v -0.205528 2.958735 0.476389
v -0.206293 2.962387 0.385639
v -0.212116 2.973806 0.095044
v -0.228719 2.976351 0.095044
v -0.228736 2.965288 0.385639
v -0.228725 2.961485 0.476389
v -0.228719 2.958190 0.555039
v -0.228719 2.957585 0.555039
v -0.228725 2.960881 0.476389
v -0.228736 2.964682 0.385639
v -0.228719 2.975746 0.095044
v -0.245322 2.973806 0.095044
v -0.245462 2.974394 0.095044
v -0.138441 2.832021 0.462126
v -0.320088 2.850911 0.385639
v -0.298269 2.882929 0.095044
v -0.291592 2.867452 0.095044
v -0.315983 2.831934 0.385424
v -0.326713 2.849712 0.476389
v -0.319259 2.831870 0.476174
v -0.331419 2.853111 0.519157
v -0.320879 2.832001 0.488545
v -0.330839 2.853283 0.519157
v -0.320355 2.832303 0.488545
v -0.326133 2.849885 0.476389
v -0.318735 2.832173 0.476174
v -0.319508 2.851084 0.385639
v -0.315459 2.832236 0.385424
v -0.297690 2.883103 0.095044
v -0.291068 2.867753 0.095044
v -0.323569 2.871103 0.385639
v -0.301196 2.899530 0.095044
v -0.330129 2.868787 0.476389
v -0.334820 2.871251 0.535272
v -0.334216 2.871286 0.535272
v -0.329524 2.868822 0.476389
v -0.322965 2.871138 0.385639
v -0.300592 2.899565 0.095044
v -0.322590 2.892218 0.385639
v -0.300216 2.916358 0.095044
v -0.328952 2.888015 0.476389
v -0.328810 2.890182 0.548421
v -0.328214 2.890077 0.548421
v -0.328356 2.887910 0.476389
v -0.321994 2.892113 0.385639
v -0.299620 2.916253 0.095044
v -0.316615 2.911858 0.385639
v -0.295382 2.932506 0.095044
v -0.322239 2.908273 0.476389
v -0.319015 2.907629 0.555039
v -0.318460 2.907389 0.555039
v -0.321684 2.908033 0.476389
v -0.316060 2.911619 0.385639
v -0.294826 2.932267 0.095044
v -0.306522 2.929483 0.385639
v -0.286953 2.947105 0.095044
v -0.310178 2.925863 0.476389
v -0.305654 2.924088 0.555039
v -0.305169 2.923727 0.555039
v -0.309693 2.925502 0.476389
v -0.306037 2.929122 0.385639
v -0.286468 2.946744 0.095044
v -0.291216 2.944528 0.385639
v -0.275386 2.959366 0.095044
v -0.293856 2.942457 0.476389
v -0.289097 2.937405 0.555039
v -0.288709 2.936942 0.555039
v -0.293467 2.941993 0.476389
v -0.290827 2.944064 0.385639
v -0.274997 2.958903 0.095044
v -0.271931 2.956038 0.385639
v -0.261302 2.968629 0.095044
v -0.273390 2.952688 0.476389
v -0.270454 2.947977 0.555039
v -0.270183 2.947437 0.555039
v -0.273119 2.952148 0.476389
v -0.271659 2.955498 0.385639
v -0.261030 2.968088 0.095044
v -0.251284 2.962976 0.385639
v -0.252050 2.959322 0.476389
v -0.249728 2.955349 0.555039
v -0.249588 2.954762 0.555039
v -0.251910 2.958735 0.476389
v -0.251145 2.962387 0.385639
v -0.228702 2.965288 0.385639
v -0.228713 2.961485 0.476389
v -0.228713 2.960881 0.476389
v -0.228702 2.964682 0.385639
v -0.318997 2.832021 0.462126
v -0.158889 2.888908 0.101094
v -0.157329 2.903752 0.101094
v -0.228719 2.903752 0.101094
v -0.163501 2.874715 0.101094
v -0.170963 2.861789 0.101094
v -0.180950 2.850698 0.101094
v -0.193024 2.841926 0.101094
v -0.206658 2.835855 0.101094
v -0.221257 2.832752 0.101094
v -0.236181 2.832752 0.101094
v -0.250780 2.835855 0.101094
v -0.264414 2.841926 0.101094
v -0.276488 2.850698 0.101094
v -0.286475 2.861789 0.101094
v -0.293937 2.874715 0.101094
v -0.298549 2.888908 0.101094
v -0.300109 2.903752 0.101094
v -0.298549 2.918594 0.101094
v -0.293937 2.932788 0.101094
v -0.286475 2.945714 0.101094
v -0.276488 2.956805 0.101094
v -0.264414 2.965577 0.101094
v -0.250780 2.971647 0.101094
v -0.236181 2.974750 0.101094
v -0.221257 2.974750 0.101094
v -0.206658 2.971647 0.101094
v -0.193024 2.965577 0.101094
v -0.180950 2.956805 0.101094
v -0.170963 2.945714 0.101094
v -0.163501 2.932788 0.101094
v -0.158889 2.918594 0.101094
v -0.158889 2.888908 0.095044
v -0.157329 2.903752 0.095044
v -0.163501 2.874715 0.095044
v -0.170963 2.861789 0.095044
v -0.180950 2.850698 0.095044
v -0.193024 2.841926 0.095044
v -0.206658 2.835855 0.095044
v -0.221257 2.832752 0.095044
v -0.236181 2.832752 0.095044
v -0.250780 2.835855 0.095044
v -0.264414 2.841926 0.095044
v -0.276488 2.850698 0.095044
v -0.286475 2.861789 0.095044
v -0.293937 2.874715 0.095044
v -0.298549 2.888908 0.095044
v -0.300109 2.903752 0.095044
v -0.298549 2.918594 0.095044
v -0.293937 2.932788 0.095044
v -0.286475 2.945714 0.095044
v -0.276488 2.956805 0.095044
v -0.264414 2.965577 0.095044
v -0.250780 2.971647 0.095044
v -0.236181 2.974750 0.095044
v -0.221257 2.974750 0.095044
v -0.206658 2.971647 0.095044
v -0.193024 2.965577 0.095044
v -0.180950 2.956805 0.095044
v -0.170963 2.945714 0.095044
v -0.163501 2.932788 0.095044
v -0.158889 2.918594 0.095044
v -0.228719 2.903752 0.095044
v -0.013808 3.021453 0.086270
v -0.019444 3.021190 0.084085
v -0.127024 2.939404 0.388217
v -0.132660 2.939141 0.386032
v -0.130328 2.921569 0.382132
v -0.017112 3.003618 0.080184
v -0.124692 2.921832 0.384317
v -0.011476 3.003881 0.082369
v -0.441323 3.021453 0.085375
v -0.446959 3.021190 0.087560
v -0.321449 2.939404 0.384742
v -0.327085 2.939141 0.386927
v -0.327991 2.921569 0.382473
v -0.447865 3.003618 0.083107
v -0.322355 2.921832 0.380289
v -0.442230 3.003881 0.080922
v 0.030006 2.876559 0.085967
v 0.018699 2.823360 0.085967
v -0.228719 2.903752 0.085967
v -0.003422 2.773676 0.085967
v -0.035389 2.729676 0.085967
v -0.075806 2.693285 0.085967
v -0.122906 2.666092 0.085967
v -0.174631 2.649286 0.085967
v -0.228719 2.643601 0.085967
v -0.282807 2.649286 0.085967
v -0.334532 2.666092 0.085967
v -0.381632 2.693285 0.085967
v -0.422049 2.729677 0.085967
v -0.454016 2.773676 0.085967
v -0.476137 2.823360 0.085967
v -0.487444 2.876559 0.085967
v -0.487444 3.299844 0.085967
v -0.476137 3.353043 0.085967
v -0.454016 3.402726 0.085967
v -0.422049 3.446726 0.085967
v -0.381632 3.483118 0.085967
v -0.334532 3.510311 0.085967
v -0.282807 3.527117 0.085967
v -0.228719 3.532802 0.085967
v -0.174631 3.527117 0.085967
v -0.122906 3.510311 0.085967
v -0.075806 3.483117 0.085967
v -0.035389 3.446726 0.085967
v -0.003422 3.402726 0.085967
v 0.018699 3.353043 0.085967
v 0.030006 3.299844 0.085967
v 0.018699 2.823360 0.095042
v 0.030006 2.876559 0.095042
v -0.228719 3.088081 0.094905
v -0.003422 2.773676 0.095042
v -0.035389 2.729677 0.095042
v -0.075806 2.693285 0.095042
v -0.122906 2.666092 0.095042
v -0.174631 2.649286 0.095042
v -0.228719 2.643601 0.095042
v -0.282807 2.649286 0.095042
v -0.334532 2.666093 0.095042
v -0.381632 2.693286 0.095042
v -0.422049 2.729677 0.095042
v -0.454016 2.773676 0.095042
v -0.476137 2.823360 0.095042
v -0.487444 2.876559 0.095042
v -0.487444 3.299650 0.095208
v -0.476137 3.352847 0.095208
v -0.454016 3.402532 0.095208
v -0.422049 3.446530 0.095208
v -0.381632 3.482922 0.095208
v -0.334532 3.510115 0.095208
v -0.282807 3.526921 0.095208
v -0.228719 3.532606 0.095208
v -0.174631 3.526921 0.095208
v -0.122906 3.510115 0.095208
v -0.075806 3.482922 0.095208
v -0.035389 3.446530 0.095208
v -0.003422 3.402531 0.095208
v 0.018699 3.352847 0.095208
v 0.030006 3.299650 0.095208
v -0.035389 2.729677 0.085967
v -0.334532 2.666093 0.085967
v -0.381632 2.693286 0.085967
v -0.487444 3.299650 0.086133
v -0.476137 3.352847 0.086133
v -0.454016 3.402532 0.086133
v -0.422049 3.446530 0.086133
v -0.381632 3.482922 0.086133
v -0.334532 3.510115 0.086133
v -0.282807 3.526921 0.086133
v -0.228719 3.532606 0.086133
v -0.174631 3.526921 0.086133
v -0.122906 3.510115 0.086133
v -0.075806 3.482922 0.086133
v -0.035389 3.446530 0.086133
v -0.003422 3.402531 0.086133
v 0.018699 3.352847 0.086133
v 0.030006 3.299650 0.086133
v -0.158641 2.868045 -0.010833
v -0.151037 2.891448 -0.010833
v -0.151037 2.891448 0.095042
v -0.158641 2.868045 0.095042
v -0.173105 2.848137 -0.010833
v -0.173105 2.848137 0.095042
v -0.193013 2.833673 -0.010833
v -0.193013 2.833673 0.095042
v -0.216416 2.826069 -0.010833
v -0.216416 2.826069 0.095042
v -0.241023 2.826069 -0.010833
v -0.241023 2.826069 0.095042
v -0.264425 2.833673 -0.010833
v -0.264425 2.833673 0.095042
v -0.284333 2.848137 -0.010833
v -0.284333 2.848137 0.095042
v -0.298797 2.868045 -0.010833
v -0.298797 2.868045 0.095042
v -0.306401 2.891448 -0.010833
v -0.306401 2.891448 0.095042
v -0.306401 3.285648 -0.011135
v -0.306401 3.285648 0.094740
v -0.298797 3.309051 -0.011135
v -0.298797 3.309051 0.094740
v -0.284333 3.328959 -0.011135
v -0.284333 3.328959 0.094740
v -0.264425 3.343423 -0.011135
v -0.264425 3.343423 0.094740
v -0.241023 3.351027 -0.011135
v -0.241023 3.351027 0.094740
v -0.216416 3.351027 -0.011135
v -0.216416 3.351027 0.094740
v -0.193013 3.343423 -0.011135
v -0.193013 3.343423 0.094740
v -0.173105 3.328959 -0.011135
v -0.173105 3.328959 0.094740
v -0.158641 3.309051 -0.011135
v -0.158641 3.309051 0.094740
v -0.151037 3.285648 -0.011135
v -0.151037 3.285648 0.094740
v -0.228719 2.903752 -0.010833
v -0.158642 2.868052 -0.010228
v -0.151054 2.891426 -0.010228
v -0.228719 2.903752 -0.010228
v -0.173095 2.848127 -0.010228
v -0.192988 2.833667 -0.010228
v -0.216416 2.826055 -0.010228
v -0.240983 2.826068 -0.010228
v -0.264435 2.833681 -0.010228
v -0.284343 2.848136 -0.010228
v -0.298783 2.868003 -0.010228
v -0.306400 2.891437 -0.010228
v -0.306411 3.285528 -0.010530
v -0.298788 3.308905 -0.010530
v -0.284299 3.328869 -0.010530
v -0.264477 3.343253 -0.010530
v -0.241022 3.350876 -0.010530
v -0.216429 3.350876 -0.010530
v -0.193025 3.343293 -0.010530
v -0.173085 3.328802 -0.010530
v -0.158650 3.308919 -0.010530
v -0.151036 3.285519 -0.010530
v -0.207157 2.892765 -0.025353
v -0.204817 2.899966 -0.025353
v -0.211607 2.886639 -0.025353
v -0.217732 2.882189 -0.025353
v -0.224934 2.879849 -0.025353
v -0.232504 2.879849 -0.025353
v -0.239706 2.882189 -0.025353
v -0.245831 2.886639 -0.025353
v -0.250281 2.892765 -0.025353
v -0.252621 2.899966 -0.025353
v -0.252621 3.276984 -0.025655
v -0.250281 3.284184 -0.025655
v -0.245831 3.290310 -0.025655
v -0.239706 3.294761 -0.025655
v -0.232504 3.297100 -0.025655
v -0.224934 3.297100 -0.025655
v -0.217732 3.294761 -0.025655
v -0.211607 3.290310 -0.025655
v -0.207157 3.284184 -0.025655
v -0.204817 3.276984 -0.025655
v -0.228719 2.903752 -0.025353
v -0.458863 3.013256 0.081535
v -0.455838 3.013256 0.086774
v -0.298655 3.013256 -0.003976
v -0.301680 3.013256 -0.009215
v -0.458863 2.995106 0.081535
v -0.301680 2.995106 -0.009215
v -0.298655 2.995106 -0.003976
v -0.455838 2.995106 0.086774
v -0.001600 3.013256 0.086774
v 0.001425 3.013256 0.081535
v -0.158783 3.013256 -0.003976
v -0.155758 3.013256 -0.009215
v -0.155758 2.995106 -0.009215
v 0.001425 2.995106 0.081535
v -0.158783 2.995106 -0.003976
v -0.001600 2.995106 0.086774
v -0.458863 3.197782 0.081535
v -0.455838 3.197782 0.086774
v -0.298655 3.197782 -0.003976
v -0.301680 3.197782 -0.009215
v -0.458863 3.179631 0.081535
v -0.301680 3.179631 -0.009215
v -0.298655 3.179631 -0.003976
v -0.455838 3.179631 0.086774
v -0.001600 3.197782 0.086774
v 0.001425 3.197782 0.081535
v -0.158783 3.197782 -0.003976
v -0.155758 3.197782 -0.009215
v -0.155758 3.179631 -0.009215
v 0.001425 3.179631 0.081535
v -0.158783 3.179631 -0.003976
v -0.001600 3.179631 0.086774
vn -0.0071 -0.1165 -0.9932
vn -0.0261 -0.1227 -0.9921
vn 0.9610 0.2636 -0.0835
vn 0.9616 0.2677 -0.0607
vn 0.0070 0.1200 0.9928
vn 0.0262 0.1244 0.9919
vn -0.9610 -0.2637 0.0831
vn -0.9622 -0.2655 0.0604
vn 0.0025 -0.1962 -0.9806
vn -0.0174 -0.2130 -0.9769
vn -0.0124 -0.1451 -0.9893
vn -0.0090 -0.1385 -0.9903
vn -0.0097 -0.1440 -0.9895
vn -0.0126 -0.1466 -0.9891
vn -0.0107 -0.1395 -0.9902
vn -0.0092 -0.1373 -0.9905
vn -0.0237 -0.1259 -0.9918
vn -0.0242 -0.1275 -0.9915
vn -0.0241 -0.1269 -0.9916
vn -0.0235 -0.1254 -0.9918
vn -0.0032 -0.1358 -0.9907
vn -0.0039 -0.1321 -0.9912
vn -0.0038 -0.1328 -0.9911
vn -0.0030 -0.1366 -0.9906
vn -0.0530 -0.1273 -0.9904
vn -0.0474 -0.1356 -0.9896
vn -0.0479 -0.1349 -0.9897
vn -0.0538 -0.1261 -0.9906
vn -0.9452 -0.3212 0.0589
vn -0.9246 -0.3752 0.0657
vn -0.8378 -0.5392 0.0858
vn -0.8378 -0.5392 0.0857
vn -0.6547 -0.7479 0.1101
vn -0.6546 -0.7479 0.1101
vn -0.2200 -0.9666 0.1312
vn -0.0182 -0.9912 0.1308
vn -0.0181 -0.9912 0.1308
vn -0.0053 0.2053 0.9787
vn 0.0175 0.2024 0.9791
vn 0.0131 0.1439 0.9895
vn 0.0079 0.1389 0.9903
vn 0.0091 0.1449 0.9894
vn 0.0130 0.1451 0.9893
vn 0.0112 0.1389 0.9902
vn 0.0082 0.1382 0.9904
vn 0.0232 0.1262 0.9917
vn 0.0251 0.1273 0.9916
vn 0.0246 0.1269 0.9916
vn 0.0229 0.1259 0.9918
vn 0.0042 0.1354 0.9908
vn 0.0020 0.1322 0.9912
vn 0.0024 0.1331 0.9911
vn 0.0049 0.1359 0.9907
vn 0.0476 0.1276 0.9907
vn 0.0540 0.1367 0.9891
vn 0.0530 0.1353 0.9894
vn 0.0472 0.1268 0.9908
vn 0.9524 0.2995 -0.0562
vn 0.9524 0.2995 -0.0563
vn 0.9229 0.3793 -0.0662
vn 0.9229 0.3793 -0.0661
vn 0.8291 0.5523 -0.0873
vn 0.6426 0.7581 -0.1111
vn 0.6426 0.7581 -0.1112
vn 0.2250 0.9655 -0.1311
vn 0.2250 0.9655 -0.1310
vn 0.2250 0.9655 -0.1312
vn 0.0096 0.9914 -0.1306
vn -0.9685 -0.2352 0.0814
vn -0.9676 -0.2379 0.0848
vn -0.9677 -0.2374 0.0842
vn -0.9687 -0.2347 0.0807
vn -0.9780 -0.2025 0.0492
vn -0.9631 -0.2566 0.0810
vn -0.9864 -0.1638 0.0111
vn -0.9667 -0.2555 0.0135
vn -0.1282 0.1830 -0.9747
vn -0.0862 0.2180 -0.9721
vn -0.1615 0.6233 -0.7651
vn -0.1583 0.6255 -0.7640
vn -0.1588 0.6251 -0.7642
vn -0.1621 0.6231 -0.7652
vn -0.1608 0.9101 -0.3818
vn -0.1529 0.9136 -0.3767
vn -0.1539 0.9132 -0.3774
vn -0.1620 0.9096 -0.3825
vn 0.9687 0.2345 -0.0813
vn 0.9689 0.2322 -0.0860
vn 0.9684 0.2346 -0.0846
vn 0.9685 0.2357 -0.0807
vn 0.9746 0.2211 -0.0369
vn 0.9746 0.2210 -0.0369
vn 0.9744 0.2217 -0.0364
vn 0.9693 0.2301 -0.0864
vn 0.9854 0.1682 0.0277
vn 0.9747 0.2203 -0.0374
vn 0.1328 -0.2258 0.9651
vn 0.0857 -0.2146 0.9729
vn 0.1593 -0.5819 0.7975
vn 0.1554 -0.5813 0.7988
vn 0.1563 -0.5814 0.7984
vn 0.1604 -0.5820 0.7972
vn 0.1485 -0.8878 0.4357
vn 0.1634 -0.8880 0.4299
vn -0.0000 -1.0000 -0.0000
vn -0.0000 -0.0000 1.0000
vn 1.0000 -0.0000 -0.0000
vn -0.0000 -0.0000 -1.0000
vn -0.0000 1.0000 -0.0000
vn -1.0000 -0.0000 -0.0000
vn 0.0001 -0.0000 -1.0000
vn 0.0001 -0.0001 -1.0000
vn -0.0000 -0.0001 -1.0000
vn 0.8247 -0.0000 -0.5655
vn -0.8247 -0.0000 -0.5655
vn -0.9962 -0.0000 0.0871
vn -0.5499 -0.0000 0.8352
vn 0.0126 -0.0000 0.9999
vn -0.1612 -0.0000 -0.9869
vn -0.6866 -0.0000 -0.7270
vn 0.0872 -0.0000 0.9962
vn 0.0871 -0.0000 0.9962
vn 0.9962 -0.0000 -0.0872
vn -0.0872 -0.0000 -0.9962
vn -0.9962 -0.0000 0.0872
vn -0.0871 -0.0000 -0.9962
vn 0.2164 -0.0000 0.9763
vn 0.4617 -0.0000 0.8870
vn 0.6756 -0.0000 0.7373
vn 0.8434 -0.0000 0.5373
vn 0.9537 -0.0000 0.3007
vn 0.9991 -0.0000 0.0435
vn 0.9763 -0.0000 -0.2164
vn 0.8870 -0.0000 -0.4617
vn 0.7372 -0.0000 -0.6756
vn 0.7373 -0.0000 -0.6756
vn 0.5373 -0.0000 -0.8434
vn 0.3007 -0.0000 -0.9537
vn 0.0436 -0.0000 -0.9990
vn 0.5374 -0.0000 -0.8434
vn 0.9962 -0.0000 -0.0874
vn -0.9962 -0.0000 0.0874
vn -0.0870 -0.0000 -0.9962
vn -0.0000 1.0000 -0.0001
vn -0.2734 0.9616 0.0240
vn 0.9962 -0.0028 -0.0871
vn 0.0003 -1.0000 0.0038
vn 0.0002 -1.0000 0.0061
vn 0.0010 -1.0000 0.0013
vn 0.0001 -1.0000 -0.0000
vn -0.0003 1.0000 -0.0037
vn -0.0001 1.0000 -0.0000
vn -0.0009 1.0000 -0.0013
vn -0.0002 1.0000 -0.0061
vn -0.9966 -0.0000 0.0826
vn 0.0390 -0.0000 0.9992
vn -0.1735 -0.0000 0.9848
vn -0.3419 -0.0000 -0.9397
vn -0.1351 -0.0000 -0.9908
vn 0.9962 -0.0000 -0.0871
vn 0.2165 -0.0000 0.9763
vn 0.9547 -0.2793 -0.1023
vn 0.9775 -0.1920 -0.0874
vn 0.9155 -0.3865 -0.1118
vn 0.9711 -0.2219 -0.0875
vn 0.9590 -0.2759 -0.0655
vn 0.9263 -0.3721 -0.0590
vn 0.9844 -0.1456 -0.0987
vn 0.9470 -0.2976 -0.1208
vn -0.2275 -0.7633 0.6047
vn -0.2291 -0.7627 0.6048
vn -0.3950 -0.6890 0.6077
vn -0.3967 -0.6881 0.6076
vn -0.9311 0.3572 0.0741
vn -0.9264 0.3659 0.0889
vn -0.9256 0.3673 0.0913
vn -0.9170 0.3816 0.1160
vn -0.9207 0.3836 0.0723
vn -0.9717 0.2329 0.0404
vn -0.9299 0.3615 0.0676
vn -0.9772 0.2095 0.0354
vn -0.9734 0.2080 0.0960
vn -0.9145 0.3853 0.1235
vn -0.9717 0.2152 0.0972
vn -0.9110 0.3930 0.1246
vn 0.9953 -0.0514 -0.0821
vn 0.9949 -0.0639 -0.0777
vn 0.9972 -0.0475 -0.0585
vn 0.9684 0.2322 -0.0913
vn -0.0382 -0.6596 0.7506
vn -0.0412 -0.6593 0.7507
vn -0.1872 -0.6353 0.7492
vn -0.1896 -0.6349 0.7490
vn -0.9901 0.1196 0.0739
vn -0.9828 0.1620 0.0891
vn -0.9885 0.1298 0.0775
vn -0.9800 0.1755 0.0939
vn -0.9815 0.1758 0.0754
vn -0.9826 0.1703 0.0742
vn -0.9817 0.1749 0.0752
vn -0.9828 0.1694 0.0740
vn -0.9813 0.1692 0.0921
vn -0.9806 0.1727 0.0926
vn -0.9813 0.1693 0.0921
vn -0.9806 0.1729 0.0927
vn 0.9817 0.1803 -0.0604
vn 0.9837 0.1693 -0.0600
vn 0.9810 0.1927 -0.0227
vn 0.9046 0.4251 -0.0309
vn 0.0966 -0.5470 0.8315
vn 0.0945 -0.5476 0.8314
vn -0.0311 -0.5796 0.8143
vn -0.0332 -0.5802 0.8138
vn -0.9510 -0.3090 0.0074
vn -0.9916 -0.1107 0.0674
vn -0.9615 -0.2742 0.0183
vn -0.9948 -0.0609 0.0818
vn -0.9959 -0.0609 0.0670
vn -0.9964 -0.0481 0.0703
vn -0.9960 -0.0588 0.0676
vn -0.9963 -0.0465 0.0724
vn -0.9958 -0.0574 0.0711
vn -0.9958 -0.0580 0.0710
vn 0.9148 0.4021 -0.0384
vn 0.9167 0.3979 -0.0358
vn 0.8962 0.4437 0.0042
vn 0.8302 0.5571 0.0202
vn 0.1256 -0.2893 0.9490
vn 0.1238 -0.2902 0.9489
vn 0.0594 -0.3270 0.9432
vn 0.0578 -0.3279 0.9430
vn -0.8770 -0.4789 -0.0399
vn -0.9392 -0.3434 -0.0005
vn -0.8897 -0.4553 -0.0328
vn -0.9492 -0.3147 0.0076
vn -0.9482 -0.3144 0.0463
vn -0.9544 -0.2941 0.0522
vn -0.9492 -0.3110 0.0474
vn -0.9556 -0.2905 0.0493
vn -0.9567 -0.2866 0.0498
vn -0.9568 -0.2864 0.0499
vn 0.7975 0.6031 -0.0157
vn 0.7930 0.6091 -0.0130
vn 0.7716 0.6354 0.0284
vn 0.7083 0.7043 0.0476
vn -0.0001 -0.0000 1.0000
vn -0.7744 -0.6299 -0.0588
vn -0.8161 -0.5764 -0.0418
vn -0.7830 -0.6196 -0.0554
vn -0.8239 -0.5655 -0.0384
vn -0.8244 -0.5659 0.0106
vn -0.8614 -0.5071 0.0305
vn -0.8309 -0.5562 0.0140
vn -0.8674 -0.4968 0.0284
vn -0.8658 -0.4997 0.0278
vn -0.8657 -0.4998 0.0277
vn 0.6377 0.7702 0.0063
vn 0.6102 0.7922 0.0072
vn 0.5908 0.8057 0.0421
vn 0.5685 0.8194 0.0731
vn -0.6236 -0.7768 -0.0876
vn -0.6977 -0.7137 -0.0620
vn -0.6401 -0.7639 -0.0822
vn -0.7117 -0.7002 -0.0567
vn -0.7128 -0.7013 0.0047
vn -0.7026 -0.7115 0.0006
vn -0.7110 -0.7032 0.0040
vn -0.7017 -0.7125 0.0018
vn -0.7261 -0.6875 0.0071
vn -0.7274 -0.6862 0.0074
vn 0.4447 0.8954 0.0234
vn 0.4180 0.9081 0.0260
vn 0.3782 0.9248 0.0424
vn 0.4099 0.9090 0.0760
vn -0.4917 -0.8679 -0.0704
vn -0.4529 -0.8878 -0.0819
vn -0.4835 -0.8723 -0.0728
vn -0.4450 -0.8916 -0.0842
vn -0.4464 -0.8945 -0.0258
vn -0.5021 -0.8648 -0.0080
vn -0.4568 -0.8893 -0.0226
vn -0.5123 -0.8588 -0.0047
vn -0.5122 -0.8587 -0.0185
vn -0.5476 -0.8367 -0.0130
vn -0.5136 -0.8578 -0.0182
vn -0.5494 -0.8355 -0.0127
vn 0.2281 0.9730 0.0342
vn 0.2116 0.9767 0.0360
vn 0.1991 0.9790 0.0430
vn 0.2308 0.9711 0.0606
vn -0.3346 -0.9406 -0.0574
vn -0.3025 -0.9508 -0.0663
vn -0.3279 -0.9429 -0.0593
vn -0.2959 -0.9528 -0.0681
vn -0.2964 -0.9544 -0.0359
vn -0.3150 -0.9486 -0.0308
vn -0.2997 -0.9534 -0.0350
vn -0.3186 -0.9474 -0.0303
vn -0.3408 -0.9397 -0.0283
vn -0.3419 -0.9393 -0.0282
vn 0.1160 0.9925 0.0378
vn 0.1020 0.9940 0.0393
vn 0.0930 0.9948 0.0407
vn 0.1262 0.9907 0.0517
vn -0.1339 -0.9901 -0.0415
vn -0.0990 -0.9938 -0.0510
vn -0.1263 -0.9910 -0.0436
vn -0.0935 -0.9948 -0.0413
vn -0.1001 -0.9942 -0.0394
vn -0.1020 -0.9940 -0.0385
vn -0.1153 -0.9927 -0.0367
vn -0.1160 -0.9926 -0.0367
vn -0.9396 -0.3402 0.0373
vn -0.9866 -0.1593 0.0359
vn -0.5014 0.8650 0.0187
vn -0.9866 -0.1589 0.0359
vn -0.1886 0.9819 0.0142
vn -0.4983 -0.8663 0.0349
vn -0.4984 -0.8663 0.0349
vn -0.9866 -0.1589 0.0360
vn -0.0008 -0.9999 0.0107
vn -0.0005 -0.9999 0.0107
vn -0.9866 -0.1591 0.0359
vn -0.2040 -0.9789 0.0067
vn -0.9866 -0.1594 0.0359
vn 0.9524 0.3018 -0.0431
vn -0.5001 -0.8647 -0.0462
vn -0.9775 -0.1920 -0.0874
vn -0.9547 -0.2793 -0.1023
vn -0.9155 -0.3865 -0.1118
vn -0.9711 -0.2219 -0.0875
vn -0.9590 -0.2759 -0.0655
vn -0.9263 -0.3721 -0.0590
vn -0.9844 -0.1456 -0.0987
vn -0.9470 -0.2976 -0.1208
vn 0.2291 -0.7627 0.6048
vn 0.2279 -0.7631 0.6048
vn 0.3953 -0.6890 0.6075
vn 0.3966 -0.6881 0.6076
vn 0.9264 0.3659 0.0889
vn 0.9311 0.3572 0.0741
vn 0.9256 0.3673 0.0913
vn 0.9170 0.3816 0.1160
vn 0.9717 0.2329 0.0404
vn 0.9207 0.3836 0.0723
vn 0.9299 0.3615 0.0676
vn 0.9772 0.2095 0.0354
vn 0.9145 0.3853 0.1235
vn 0.9734 0.2080 0.0960
vn 0.9717 0.2152 0.0972
vn 0.9110 0.3931 0.1246
vn -0.9949 -0.0639 -0.0777
vn -0.9953 -0.0514 -0.0821
vn -0.9972 -0.0475 -0.0585
vn -0.9684 0.2322 -0.0913
vn 0.0405 -0.6594 0.7507
vn 0.0392 -0.6596 0.7506
vn 0.1867 -0.6354 0.7493
vn 0.1892 -0.6349 0.7491
vn 0.9828 0.1620 0.0891
vn 0.9901 0.1196 0.0739
vn 0.9885 0.1298 0.0775
vn 0.9800 0.1755 0.0939
vn 0.9826 0.1703 0.0742
vn 0.9815 0.1758 0.0754
vn 0.9817 0.1749 0.0752
vn 0.9828 0.1694 0.0740
vn 0.9806 0.1727 0.0926
vn 0.9813 0.1692 0.0921
vn 0.9812 0.1693 0.0921
vn 0.9806 0.1729 0.0927
vn -0.9837 0.1693 -0.0600
vn -0.9817 0.1803 -0.0604
vn -0.9810 0.1927 -0.0227
vn -0.9046 0.4251 -0.0309
vn -0.0945 -0.5476 0.8314
vn -0.0966 -0.5470 0.8315
vn 0.0305 -0.5797 0.8143
vn 0.0337 -0.5802 0.8138
vn 0.9916 -0.1107 0.0674
vn 0.9510 -0.3090 0.0074
vn 0.9615 -0.2742 0.0183
vn 0.9948 -0.0609 0.0818
vn 0.9964 -0.0479 0.0705
vn 0.9959 -0.0609 0.0670
vn 0.9960 -0.0588 0.0676
vn 0.9963 -0.0466 0.0728
vn 0.9958 -0.0574 0.0711
vn 0.9958 -0.0580 0.0710
vn -0.9167 0.3979 -0.0358
vn -0.9148 0.4021 -0.0384
vn -0.8962 0.4437 0.0042
vn -0.8302 0.5571 0.0202
vn -0.1239 -0.2902 0.9489
vn -0.1256 -0.2893 0.9490
vn -0.0593 -0.3269 0.9432
vn -0.0577 -0.3278 0.9430
vn 0.9392 -0.3434 -0.0005
vn 0.8770 -0.4789 -0.0399
vn 0.8897 -0.4553 -0.0328
vn 0.9492 -0.3147 0.0076
vn 0.9544 -0.2939 0.0521
vn 0.9482 -0.3144 0.0463
vn 0.9492 -0.3110 0.0474
vn 0.9556 -0.2905 0.0495
vn 0.9567 -0.2866 0.0498
vn 0.9568 -0.2864 0.0499
vn -0.7930 0.6091 -0.0130
vn -0.7975 0.6031 -0.0157
vn -0.7716 0.6354 0.0284
vn -0.7083 0.7043 0.0476
vn 0.0001 -0.0000 1.0000
vn 0.8161 -0.5764 -0.0418
vn 0.7744 -0.6299 -0.0588
vn 0.7830 -0.6196 -0.0554
vn 0.8239 -0.5655 -0.0384
vn 0.8614 -0.5070 0.0305
vn 0.8244 -0.5659 0.0106
vn 0.8309 -0.5562 0.0140
vn 0.8674 -0.4968 0.0284
vn 0.8658 -0.4997 0.0278
vn 0.8657 -0.4998 0.0277
vn -0.6102 0.7922 0.0072
vn -0.6377 0.7702 0.0063
vn -0.5908 0.8057 0.0421
vn -0.5685 0.8194 0.0731
vn 0.6977 -0.7137 -0.0620
vn 0.6236 -0.7768 -0.0876
vn 0.6401 -0.7639 -0.0822
vn 0.7117 -0.7002 -0.0567
vn 0.7027 -0.7115 0.0006
vn 0.7128 -0.7013 0.0047
vn 0.7110 -0.7032 0.0040
vn 0.7018 -0.7124 0.0019
vn 0.7261 -0.6875 0.0071
vn 0.7274 -0.6862 0.0074
vn -0.4180 0.9081 0.0260
vn -0.4447 0.8954 0.0234
vn -0.3782 0.9248 0.0424
vn -0.4099 0.9090 0.0760
vn 0.4529 -0.8878 -0.0819
vn 0.4917 -0.8679 -0.0704
vn 0.4835 -0.8723 -0.0728
vn 0.4450 -0.8916 -0.0842
vn 0.5021 -0.8648 -0.0080
vn 0.4464 -0.8945 -0.0258
vn 0.4568 -0.8893 -0.0226
vn 0.5123 -0.8588 -0.0047
vn 0.5476 -0.8367 -0.0130
vn 0.5122 -0.8587 -0.0185
vn 0.5136 -0.8578 -0.0182
vn 0.5494 -0.8355 -0.0127
vn -0.2116 0.9767 0.0360
vn -0.2283 0.9730 0.0342
vn -0.1991 0.9790 0.0430
vn -0.2308 0.9711 0.0606
vn 0.3025 -0.9508 -0.0663
vn 0.3346 -0.9406 -0.0574
vn 0.3279 -0.9429 -0.0593
vn 0.2959 -0.9528 -0.0681
vn 0.3148 -0.9486 -0.0308
vn 0.2964 -0.9544 -0.0359
vn 0.2997 -0.9534 -0.0350
vn 0.3186 -0.9474 -0.0303
vn 0.3408 -0.9397 -0.0283
vn 0.3419 -0.9393 -0.0282
vn -0.1020 0.9940 0.0393
vn -0.1160 0.9925 0.0378
vn -0.2279 0.9731 0.0342
vn -0.1018 0.9940 0.0394
vn -0.0930 0.9948 0.0407
vn -0.1262 0.9907 0.0517
vn 0.0989 -0.9938 -0.0509
vn 0.1339 -0.9901 -0.0415
vn 0.1263 -0.9910 -0.0436
vn 0.0935 -0.9948 -0.0413
vn 0.1001 -0.9942 -0.0394
vn 0.1020 -0.9940 -0.0385
vn 0.1153 -0.9927 -0.0367
vn 0.1160 -0.9926 -0.0367
vn 0.9396 -0.3402 0.0373
vn 0.9865 -0.1596 0.0359
vn 0.5019 0.8647 0.0186
vn 0.9866 -0.1591 0.0357
vn 0.1887 0.9819 0.0142
vn 0.9865 -0.1597 0.0359
vn 0.4986 -0.8662 0.0349
vn 0.4986 -0.8661 0.0349
vn 0.9866 -0.1591 0.0359
vn 0.0011 -0.9999 0.0107
vn 0.9866 -0.1594 0.0359
vn 0.2044 -0.9789 0.0067
vn 0.2046 -0.9788 0.0067
vn -0.9524 0.3018 -0.0431
vn 0.5001 -0.8647 -0.0461
vn 0.9866 -0.1591 0.0360
vn 0.9781 -0.2079 -0.0000
vn 0.9135 -0.4067 -0.0000
vn 0.8090 -0.5878 -0.0000
vn 0.6691 -0.7431 -0.0000
vn 0.5000 -0.8660 -0.0000
vn 0.3090 -0.9511 -0.0000
vn 0.1045 -0.9945 -0.0000
vn -0.1045 -0.9945 -0.0000
vn -0.3090 -0.9511 -0.0000
vn -0.5000 -0.8660 -0.0000
vn -0.6691 -0.7431 -0.0000
vn -0.8090 -0.5878 -0.0000
vn -0.9135 -0.4067 -0.0000
vn -0.9781 -0.2079 -0.0000
vn -0.9781 0.2079 -0.0000
vn -0.9135 0.4067 -0.0000
vn -0.8090 0.5878 -0.0000
vn -0.6691 0.7432 -0.0000
vn -0.5000 0.8660 -0.0000
vn -0.3090 0.9511 -0.0000
vn -0.3090 0.9510 -0.0000
vn -0.1045 0.9945 -0.0000
vn 0.1045 0.9945 -0.0000
vn 0.3090 0.9510 -0.0000
vn 0.3090 0.9511 -0.0000
vn 0.5000 0.8660 -0.0000
vn 0.6691 0.7432 -0.0000
vn 0.8090 0.5878 -0.0000
vn 0.9135 0.4067 -0.0000
vn 0.9781 0.2079 -0.0000
vn -0.1285 0.9682 -0.2149
vn -0.1285 0.9681 -0.2150
vn 0.1285 -0.9681 0.2149
vn 0.1285 -0.9682 0.2149
vn 0.3401 0.2466 0.9075
vn 0.3403 0.2466 0.9074
vn 0.3402 0.2466 0.9075
vn -0.9315 -0.0435 0.3611
vn 0.9315 0.0435 -0.3611
vn 0.0499 0.9681 -0.2454
vn -0.0499 -0.9681 0.2453
vn -0.0499 -0.9681 0.2454
vn -0.3602 0.2466 0.8997
vn -0.3603 0.2466 0.8997
vn -0.3603 0.2466 0.8996
vn -0.9315 -0.0435 -0.3611
vn -0.9315 -0.0434 -0.3611
vn 0.9315 0.0435 0.3611
vn 0.9263 -0.3721 -0.0591
vn 0.9470 -0.2976 -0.1209
vn -0.2286 -0.7629 0.6047
vn -0.2302 -0.7623 0.6049
vn -0.3960 -0.6885 0.6076
vn -0.3977 -0.6876 0.6075
vn -0.9206 0.3837 0.0723
vn 0.9684 0.2321 -0.0913
vn -0.0378 -0.6596 0.7506
vn -0.0405 -0.6594 0.7507
vn -0.1888 -0.6351 0.7490
vn -0.1911 -0.6346 0.7488
vn -0.9812 0.1693 0.0921
vn 0.9810 0.1928 -0.0227
vn 0.0965 -0.5471 0.8315
vn 0.0944 -0.5477 0.8313
vn -0.0310 -0.5797 0.8143
vn -0.0329 -0.5802 0.8138
vn -0.9963 -0.0466 0.0727
vn 0.1253 -0.2896 0.9489
vn 0.1241 -0.2904 0.9488
vn 0.0594 -0.3270 0.9431
vn 0.0578 -0.3279 0.9429
vn -0.9556 -0.2905 0.0496
vn 0.7976 0.6030 -0.0157
vn -0.7744 -0.6300 -0.0588
vn -0.8674 -0.4968 0.0286
vn 0.6101 0.7923 0.0072
vn -0.7027 -0.7115 0.0006
vn -0.7018 -0.7124 0.0019
vn 0.4447 0.8954 0.0235
vn 0.4098 0.9090 0.0759
vn -0.4916 -0.8679 -0.0703
vn 0.2309 0.9711 0.0606
vn -0.3345 -0.9406 -0.0574
vn -0.3150 -0.9486 -0.0309
vn -0.3407 -0.9397 -0.0283
vn 0.0929 0.9948 0.0407
vn -0.1340 -0.9901 -0.0415
vn -0.1264 -0.9910 -0.0436
vn -0.0936 -0.9948 -0.0413
vn -0.1003 -0.9942 -0.0396
vn -0.1153 -0.9926 -0.0367
vn -0.9867 -0.1584 0.0360
vn -0.5001 0.8658 0.0187
vn -0.5000 0.8658 0.0187
vn -0.9868 -0.1579 0.0360
vn -0.1878 0.9821 0.0142
vn -0.1876 0.9821 0.0141
vn -0.9867 -0.1584 0.0359
vn -0.5003 -0.8651 0.0350
vn -0.4999 -0.8654 0.0350
vn -0.9868 -0.1580 0.0362
vn -0.0014 -0.9999 0.0108
vn -0.9868 -0.1581 0.0361
vn -0.2052 -0.9787 0.0067
vn -0.4983 -0.8658 -0.0463
vn -0.4982 -0.8658 -0.0463
vn -0.9868 -0.1579 0.0361
vn -0.9470 -0.2976 -0.1209
vn 0.2302 -0.7623 0.6049
vn 0.2290 -0.7628 0.6047
vn 0.3960 -0.6885 0.6076
vn 0.3976 -0.6876 0.6075
vn 0.9206 0.3837 0.0723
vn 0.9110 0.3930 0.1246
vn -0.9684 0.2321 -0.0913
vn 0.0377 -0.6597 0.7506
vn 0.1889 -0.6351 0.7490
vn 0.1902 -0.6347 0.7490
vn -0.0943 -0.5476 0.8314
vn -0.0965 -0.5470 0.8315
vn 0.0310 -0.5796 0.8143
vn 0.0336 -0.5802 0.8138
vn 0.9964 -0.0481 0.0703
vn 0.9963 -0.0463 0.0718
vn -0.1241 -0.2904 0.9488
vn -0.1253 -0.2896 0.9489
vn -0.0593 -0.3271 0.9431
vn -0.0578 -0.3280 0.9429
vn 0.9543 -0.2942 0.0523
vn -0.7976 0.6030 -0.0157
vn 0.7744 -0.6300 -0.0588
vn 0.8674 -0.4968 0.0286
vn -0.6101 0.7923 0.0072
vn -0.4447 0.8954 0.0235
vn -0.4098 0.9090 0.0759
vn 0.4916 -0.8679 -0.0703
vn -0.2309 0.9711 0.0606
vn 0.3345 -0.9406 -0.0574
vn 0.3150 -0.9486 -0.0309
vn 0.3190 -0.9473 -0.0307
vn 0.3407 -0.9397 -0.0283
vn -0.0929 0.9948 0.0407
vn 0.0990 -0.9938 -0.0510
vn 0.1340 -0.9901 -0.0415
vn 0.1264 -0.9910 -0.0436
vn 0.0936 -0.9948 -0.0413
vn 0.1003 -0.9942 -0.0396
vn 0.1153 -0.9926 -0.0367
vn 0.9866 -0.1589 0.0360
vn 0.5005 0.8655 0.0186
vn 0.9868 -0.1582 0.0358
vn 0.1877 0.9821 0.0142
vn 0.9867 -0.1588 0.0361
vn 0.4994 -0.8657 0.0349
vn 0.4997 -0.8655 0.0349
vn 0.9867 -0.1584 0.0360
vn 0.0014 -0.9999 0.0108
vn 0.9867 -0.1586 0.0359
vn 0.9866 -0.1588 0.0360
vn 0.9867 -0.1587 0.0360
vn 0.4984 -0.8657 -0.0463
vn 0.4981 -0.8659 -0.0463
vn 0.6691 -0.7432 -0.0000
vn 0.3090 -0.9510 -0.0000
vn -0.3090 -0.9510 -0.0000
vn -0.6691 -0.7432 -0.0000
vn -0.1283 0.9681 0.2150
vn -0.1283 0.9682 0.2150
vn 0.1285 -0.9681 -0.2149
vn -0.3403 -0.2466 0.9074
vn 0.0501 0.9682 0.2453
vn -0.0499 -0.9681 -0.2454
vn -0.0499 -0.9681 -0.2453
vn -0.0500 -0.9681 -0.2453
vn 0.3602 -0.2466 0.8997
vn 0.3601 -0.2466 0.8997
vn 0.9315 0.0434 -0.3611
vn -0.2277 -0.7634 0.6045
vn -0.2295 -0.7627 0.6047
vn -0.3956 -0.6888 0.6075
vn -0.9170 0.3816 0.1161
vn -0.0380 -0.6597 0.7506
vn -0.0402 -0.6595 0.7507
vn -0.1864 -0.6355 0.7492
vn -0.1890 -0.6350 0.7490
vn 0.0962 -0.5470 0.8316
vn 0.0944 -0.5476 0.8314
vn -0.0309 -0.5796 0.8143
vn -0.0334 -0.5801 0.8138
vn -0.9964 -0.0480 0.0703
vn -0.9963 -0.0463 0.0718
vn 0.1247 -0.2899 0.9489
vn 0.0598 -0.3270 0.9431
vn 0.0578 -0.3280 0.9429
vn -0.9392 -0.3435 -0.0005
vn -0.9544 -0.2939 0.0521
vn -0.8614 -0.5070 0.0305
vn -0.7018 -0.7124 0.0020
vn -0.4917 -0.8679 -0.0703
vn 0.2309 0.9711 0.0605
vn -0.3026 -0.9508 -0.0663
vn -0.3192 -0.9472 -0.0310
vn -0.1002 -0.9942 -0.0396
vn -0.1022 -0.9940 -0.0380
vn -0.9868 -0.1580 0.0359
vn -0.4996 0.8661 0.0186
vn -0.4994 0.8662 0.0186
vn -0.9869 -0.1575 0.0359
vn -0.1865 0.9823 0.0141
vn -0.4991 -0.8658 0.0349
vn -0.9869 -0.1576 0.0359
vn -0.0022 -0.9999 0.0108
vn -0.9868 -0.1578 0.0359
vn -0.2050 -0.9787 0.0067
vn -0.2059 -0.9785 0.0067
vn -0.4983 -0.8658 -0.0464
vn -0.4982 -0.8658 -0.0464
vn 0.2296 -0.7626 0.6047
vn 0.2277 -0.7633 0.6046
vn 0.3950 -0.6890 0.6077
vn 0.9170 0.3816 0.1161
vn 0.0402 -0.6595 0.7506
vn 0.0380 -0.6598 0.7505
vn 0.1858 -0.6357 0.7493
vn 0.1889 -0.6350 0.7491
vn 0.9813 0.1693 0.0921
vn -0.0941 -0.5477 0.8314
vn -0.0967 -0.5470 0.8315
vn 0.0309 -0.5795 0.8144
vn 0.0335 -0.5801 0.8139
vn 0.9964 -0.0480 0.0703
vn 0.9963 -0.0464 0.0721
vn -0.1240 -0.2903 0.9489
vn -0.1253 -0.2895 0.9489
vn -0.0599 -0.3268 0.9432
vn 0.9392 -0.3435 -0.0005
vn 0.9556 -0.2905 0.0494
vn 0.4917 -0.8679 -0.0703
vn 0.3026 -0.9508 -0.0663
vn 0.1007 -0.9942 -0.0390
vn 0.1019 -0.9940 -0.0385
vn 0.9868 -0.1579 0.0359
vn 0.4992 0.8663 0.0185
vn 0.4989 0.8665 0.0185
vn 0.9869 -0.1572 0.0358
vn 0.1866 0.9823 0.0140
vn 0.4991 -0.8658 0.0349
vn 0.9869 -0.1574 0.0359
vn 0.0022 -0.9999 0.0108
vn 0.9869 -0.1575 0.0359
vn 0.2055 -0.9786 0.0067
vn 0.9868 -0.1578 0.0359
vn 0.9869 -0.1576 0.0359
vn 0.4988 -0.8655 -0.0464
vn 0.4987 -0.8655 -0.0464
vn 0.9136 -0.4067 -0.0000
vn -0.9136 -0.4067 -0.0000
vn -0.9136 0.4067 -0.0000
vn 0.9136 0.4067 -0.0000
vn -0.1285 0.9681 0.2149
vn -0.1285 0.9682 0.2149
vn -0.3403 -0.2465 0.9074
vn 0.0499 0.9682 0.2453
vn 0.0499 0.9681 0.2453
vn -0.0500 -0.9682 -0.2453
vn 0.3603 -0.2466 0.8996
vn 0.3603 -0.2466 0.8997
vn -0.0004 0.0001 1.0000
vn -0.0006 -0.0001 1.0000
vn -0.0000 -0.0002 1.0000
vn -0.0003 0.0002 1.0000
vn -0.0002 0.0003 1.0000
vn -0.0001 0.0003 1.0000
vn -0.0000 0.0003 1.0000
vn 0.0001 0.0003 1.0000
vn 0.0002 0.0003 1.0000
vn 0.0003 0.0002 1.0000
vn 0.0004 0.0001 1.0000
vn 0.0006 -0.0001 1.0000
vn 0.0010 -0.0003 1.0000
vn 0.0009 -0.0003 1.0000
vn 0.0007 -0.0004 1.0000
vn 0.0006 -0.0005 1.0000
vn 0.0004 -0.0006 1.0000
vn 0.0003 -0.0006 1.0000
vn 0.0001 -0.0007 1.0000
vn -0.0000 -0.0007 1.0000
vn -0.0001 -0.0007 1.0000
vn -0.0003 -0.0006 1.0000
vn -0.0004 -0.0006 1.0000
vn -0.0006 -0.0005 1.0000
vn -0.0007 -0.0004 1.0000
vn -0.0009 -0.0003 1.0000
vn -0.0010 -0.0003 1.0000
vn 0.9782 -0.2079 -0.0000
vn -0.9782 -0.2079 -0.0000
vn -0.6691 0.7431 -0.0000
vn 0.6691 0.7431 -0.0000
vn 0.8910 -0.4540 -0.0000
vn 0.9877 -0.1564 -0.0000
vn 0.9877 -0.1565 -0.0000
vn 0.7071 -0.7071 -0.0000
vn 0.4540 -0.8910 -0.0000
vn 0.1564 -0.9877 -0.0000
vn -0.1564 -0.9877 -0.0000
vn -0.4540 -0.8910 -0.0000
vn -0.7071 -0.7071 -0.0000
vn -0.8910 -0.4540 -0.0000
vn -0.9877 -0.1564 -0.0000
vn -0.9877 -0.1565 -0.0000
vn -0.9877 0.1565 -0.0000
vn -0.9877 0.1564 -0.0000
vn -0.8910 0.4540 -0.0000
vn -0.7071 0.7071 -0.0000
vn -0.4540 0.8910 -0.0000
vn -0.1564 0.9877 -0.0000
vn 0.1564 0.9877 -0.0000
vn 0.4540 0.8910 -0.0000
vn 0.7071 0.7071 -0.0000
vn 0.8910 0.4540 -0.0000
vn 0.9877 0.1565 -0.0000
vn 0.9877 0.1564 -0.0000
vn -0.0001 -0.0004 -1.0000
vn -0.0000 -0.0004 -1.0000
vn 0.0001 -0.0004 -1.0000
vn 0.0014 -0.0005 -1.0000
vn 0.0009 -0.0006 -1.0000
vn 0.0006 -0.0006 -1.0000
vn 0.0003 -0.0007 -1.0000
vn 0.0001 -0.0007 -1.0000
vn -0.0001 -0.0007 -1.0000
vn -0.0003 -0.0007 -1.0000
vn -0.0006 -0.0006 -1.0000
vn -0.0009 -0.0006 -1.0000
vn -0.0014 -0.0005 -1.0000
vn 0.0001 0.0004 1.0000
vn -0.0000 0.0004 1.0000
vn -0.0001 0.0004 1.0000
vn -0.0014 0.0005 1.0000
vn -0.0009 0.0006 1.0000
vn -0.0006 0.0006 1.0000
vn -0.0003 0.0007 1.0000
vn -0.0001 0.0007 1.0000
vn 0.0001 0.0007 1.0000
vn 0.0003 0.0007 1.0000
vn 0.0006 0.0006 1.0000
vn 0.0009 0.0006 1.0000
vn 0.0014 0.0005 1.0000
vn 0.2385 -0.1215 -0.9635
vn 0.2644 -0.0422 -0.9635
vn 0.2643 -0.0422 -0.9635
vn 0.2385 -0.1214 -0.9635
vn 0.1893 -0.1892 -0.9635
vn 0.1893 -0.1891 -0.9635
vn 0.1215 -0.2384 -0.9635
vn 0.0419 -0.2643 -0.9635
vn 0.0418 -0.2643 -0.9635
vn -0.0419 -0.2643 -0.9635
vn -0.0419 -0.2644 -0.9635
vn -0.1215 -0.2385 -0.9635
vn -0.1892 -0.1892 -0.9635
vn -0.1892 -0.1893 -0.9635
vn -0.2385 -0.1215 -0.9635
vn -0.2384 -0.1215 -0.9635
vn -0.2643 -0.0423 -0.9635
vn -0.2643 0.0415 -0.9635
vn -0.2643 0.0416 -0.9635
vn -0.2385 0.1215 -0.9635
vn -0.2385 0.1216 -0.9635
vn -0.1893 0.1892 -0.9635
vn -0.1892 0.1892 -0.9635
vn -0.1214 0.2385 -0.9635
vn -0.1215 0.2385 -0.9635
vn -0.0419 0.2644 -0.9635
vn 0.0419 0.2644 -0.9635
vn 0.0418 0.2644 -0.9635
vn 0.1215 0.2385 -0.9635
vn 0.1214 0.2385 -0.9635
vn 0.1892 0.1892 -0.9635
vn 0.1893 0.1892 -0.9635
vn 0.2385 0.1215 -0.9635
vn 0.2644 0.0415 -0.9635
vn 0.0020 -0.0007 -1.0000
vn 0.0012 -0.0007 -1.0000
vn 0.0007 -0.0008 -1.0000
vn 0.0004 -0.0008 -1.0000
vn 0.0001 -0.0008 -1.0000
vn -0.0001 -0.0008 -1.0000
vn -0.0004 -0.0008 -1.0000
vn -0.0007 -0.0008 -1.0000
vn -0.0012 -0.0007 -1.0000
vn -0.0020 -0.0007 -1.0000
vn 0.8660 -0.0000 -0.5000
vn -0.5000 -0.0000 -0.8660
vn 0.5000 -0.0000 0.8660
vn -0.0000 -1.0000 -0.0001
vn -0.0000 -1.0000 0.0001
vn -0.8660 -0.0000 -0.5000
vn 0.5000 -0.0000 -0.8660
vn -0.5000 -0.0000 0.8660
vn -0.0000 1.0000 0.0001
vn -0.0000 1.0000 0.0002
vn -0.0000 -1.0000 -0.0003
vt 0.556000 0.205538
vt 0.545650 0.205538
vt 0.545650 0.195187
vt 0.556000 0.195187
vt 0.556778 0.205905
vt 0.544233 0.205905
vt 0.544233 0.193360
vt 0.556778 0.193360
vt 0.495537 0.291593
vt 0.488327 0.290499
vt 0.488327 0.283881
vt 0.495537 0.284974
vt 0.148490 0.275119
vt 0.148570 0.277747
vt 0.134070 0.277038
vt 0.134269 0.279630
vt 0.138559 0.282959
vt 0.144584 0.286698
vt 0.123160 0.280043
vt 0.122771 0.287993
vt 0.177597 0.277888
vt 0.177139 0.264627
vt 0.170685 0.278618
vt 0.170331 0.265282
vt 0.230478 0.335897
vt 0.229658 0.315136
vt 0.238026 0.335897
vt 0.237206 0.315136
vt 0.113532 0.225999
vt 0.118755 0.225982
vt 0.118811 0.262381
vt 0.113589 0.262398
vt 0.277908 0.261288
vt 0.277088 0.240528
vt 0.285456 0.261288
vt 0.284636 0.240528
vt 0.272418 0.321392
vt 0.271598 0.300631
vt 0.279966 0.321392
vt 0.279146 0.300631
vt 0.108821 0.226014
vt 0.108878 0.262413
vt 0.232528 0.324091
vt 0.231708 0.303330
vt 0.240076 0.324091
vt 0.239256 0.303330
vt 0.105082 0.226026
vt 0.105139 0.262425
vt 0.102682 0.226034
vt 0.102739 0.262433
vt 0.274468 0.309585
vt 0.273648 0.288825
vt 0.282016 0.309585
vt 0.281196 0.288825
vt 0.279958 0.249482
vt 0.279138 0.228722
vt 0.287506 0.249482
vt 0.286686 0.228722
vt 0.340596 0.297077
vt 0.340596 0.318961
vt 0.318712 0.297077
vt 0.318712 0.318961
vt 0.101854 0.226037
vt 0.101911 0.262436
vt 0.197193 0.225841
vt 0.197250 0.262457
vt 0.202415 0.225824
vt 0.202470 0.260844
vt 0.205523 0.225814
vt 0.205577 0.260674
vt 0.205820 0.252621
vt 0.205829 0.258439
vt 0.210548 0.247696
vt 0.210564 0.258264
vt 0.143805 0.511465
vt 0.142611 0.579892
vt 0.134871 0.511140
vt 0.133677 0.579567
vt 0.138137 0.543406
vt 0.142027 0.552484
vt 0.140629 0.564398
vt 0.135320 0.574451
vt 0.145048 0.543233
vt 0.141409 0.574798
vt 0.215530 0.252590
vt 0.296047 0.317565
vt 0.267955 0.320765
vt 0.264755 0.292673
vt 0.292846 0.289473
vt 0.150909 0.278140
vt 0.150989 0.280768
vt 0.136489 0.280059
vt 0.136688 0.282651
vt 0.140978 0.285979
vt 0.147003 0.289718
vt 0.125579 0.283064
vt 0.125190 0.291014
vt 0.180016 0.280909
vt 0.179558 0.267647
vt 0.173104 0.281639
vt 0.172750 0.268303
vt 0.228982 0.331170
vt 0.228162 0.310409
vt 0.236530 0.331170
vt 0.235710 0.310409
vt 0.277716 0.302984
vt 0.288027 0.290022
vt 0.291030 0.293132
vt 0.293126 0.296914
vt 0.294172 0.301109
vt 0.294097 0.305432
vt 0.292905 0.309588
vt 0.290678 0.313294
vt 0.287568 0.316297
vt 0.283786 0.318393
vt 0.279591 0.319440
vt 0.275268 0.319364
vt 0.271112 0.318172
vt 0.267406 0.315945
vt 0.119859 0.248707
vt 0.134221 0.247476
vt 0.119876 0.259617
vt 0.134238 0.258385
vt 0.276412 0.256561
vt 0.275592 0.235801
vt 0.283960 0.256561
vt 0.283140 0.235801
vt 0.270922 0.316665
vt 0.270102 0.295904
vt 0.278470 0.316665
vt 0.277650 0.295904
vt 0.231032 0.319364
vt 0.230212 0.298603
vt 0.238580 0.319364
vt 0.237760 0.298603
vt 0.142720 0.241529
vt 0.157082 0.240298
vt 0.142737 0.252439
vt 0.157099 0.251207
vt 0.272972 0.304858
vt 0.272152 0.284098
vt 0.280520 0.304858
vt 0.279700 0.284098
vt 0.278462 0.244755
vt 0.277642 0.223995
vt 0.286010 0.244755
vt 0.285190 0.223995
vt 0.339100 0.292350
vt 0.339100 0.314234
vt 0.317216 0.292350
vt 0.317216 0.314234
vt 0.163199 0.260385
vt 0.148057 0.260434
vt 0.163149 0.228756
vt 0.148008 0.228805
vt 0.222173 0.250721
vt 0.211234 0.249435
vt 0.221999 0.226268
vt 0.211384 0.229796
vt 0.222526 0.251499
vt 0.210492 0.247118
vt 0.222133 0.225272
vt 0.210818 0.229727
vt 0.184373 0.332643
vt 0.175772 0.332643
vt 0.177772 0.335170
vt 0.182373 0.335170
vt 0.186573 0.301403
vt 0.173572 0.301403
vt 0.144005 0.266278
vt 0.112107 0.274172
vt 0.112250 0.252608
vt 0.143431 0.246292
vt 0.124195 0.265220
vt 0.145386 0.257700
vt 0.145143 0.244529
vt 0.124923 0.249380
vt 0.018936 0.272982
vt 0.019773 0.251806
vt 0.294551 0.312838
vt 0.266459 0.316038
vt 0.263259 0.287946
vt 0.291350 0.284746
vt 0.079372 0.266620
vt 0.030662 0.272296
vt 0.030606 0.251967
vt 0.079115 0.252254
vt 0.129185 0.283782
vt 0.158199 0.272399
vt 0.153228 0.272280
vt 0.153212 0.293283
vt 0.158183 0.293401
vt 0.153370 0.272420
vt 0.158041 0.293261
vt 0.297515 0.840225
vt 0.287030 0.838807
vt 0.287030 0.836510
vt 0.297515 0.837928
vt 0.307139 0.843572
vt 0.287661 0.845919
vt 0.287075 0.844417
vt 0.306553 0.842071
vt 0.131841 0.336518
vt 0.131841 0.230407
vt 0.114156 0.336518
vt 0.303500 0.841777
vt 0.289372 0.843619
vt 0.288310 0.842520
vt 0.302438 0.840679
vt 0.189318 0.280087
vt 0.198160 0.280087
vt 0.198160 0.279896
vt 0.189318 0.279896
vt 0.313905 0.841310
vt 0.289390 0.847255
vt 0.288812 0.843478
vt 0.313939 0.841335
vt 0.288847 0.843504
vt 0.289424 0.847281
vt 0.287021 0.838040
vt 0.287030 0.837570
vt 0.289379 0.847511
vt 0.298910 0.841789
vt 0.295272 0.842599
vt 0.552998 0.155081
vt 0.568646 0.154342
vt 0.553320 0.151012
vt 0.568963 0.151021
vt 0.290859 0.843336
vt 0.300951 0.840962
vt 0.136262 0.267621
vt 0.251216 0.267621
vt 0.300388 0.844937
vt 0.291368 0.845909
vt 0.292124 0.843695
vt 0.301144 0.842723
vt 0.255637 0.336518
vt 0.273322 0.336518
vt 0.255637 0.230407
vt 0.287256 0.831053
vt 0.297951 0.829684
vt 0.307901 0.828781
vt 0.316430 0.828404
vt 0.322954 0.828579
vt 0.327031 0.829295
vt 0.328382 0.830503
vt 0.326914 0.832120
vt 0.322729 0.834036
vt 0.316111 0.836120
vt 0.307511 0.838232
vt 0.286804 0.841966
vt 0.193739 0.336518
vt 0.306359 0.845131
vt 0.304264 0.846642
vt 0.300997 0.848001
vt 0.296782 0.849115
vt 0.291906 0.849910
vt 0.286700 0.850330
vt 0.281519 0.850347
vt 0.276718 0.849960
vt 0.272622 0.849196
vt 0.269511 0.848105
vt 0.267597 0.846763
vt 0.501951 0.138730
vt 0.524630 0.125734
vt 0.490954 0.127777
vt 0.524567 0.121438
vt 0.552241 0.128438
vt 0.552119 0.124456
vt 0.560858 0.129333
vt 0.554618 0.124515
vt 0.483413 0.211511
vt 0.528943 0.201384
vt 0.483353 0.201729
vt 0.528882 0.191602
vt 0.501957 0.142498
vt 0.535560 0.137820
vt 0.553811 0.137584
vt 0.565650 0.138335
vt 0.501895 0.146379
vt 0.535487 0.142687
vt 0.553740 0.142020
vt 0.568125 0.142837
vt 0.501770 0.150166
vt 0.535333 0.147294
vt 0.553572 0.146780
vt 0.569235 0.147029
vt 0.501588 0.153653
vt 0.535115 0.151502
vt 0.501359 0.156653
vt 0.534815 0.155200
vt 0.501095 0.159002
vt 0.534456 0.158148
vt 0.552624 0.157755
vt 0.568301 0.157064
vt 0.500811 0.160577
vt 0.534087 0.160067
vt 0.552243 0.159615
vt 0.567930 0.159084
vt 0.500520 0.161290
vt 0.533697 0.160954
vt 0.551841 0.160480
vt 0.567565 0.160068
vt 0.865225 0.298780
vt 0.867078 0.323986
vt 0.782247 0.323986
vt 0.859744 0.274677
vt 0.850878 0.252727
vt 0.839011 0.233891
vt 0.824662 0.218995
vt 0.808461 0.208686
vt 0.791113 0.203416
vt 0.773379 0.203416
vt 0.756033 0.208686
vt 0.739831 0.218995
vt 0.725483 0.233891
vt 0.713616 0.252727
vt 0.704748 0.274677
vt 0.699269 0.298780
vt 0.697414 0.323986
vt 0.699269 0.349192
vt 0.704748 0.373298
vt 0.713616 0.395245
vt 0.725483 0.414081
vt 0.739831 0.428977
vt 0.756033 0.439287
vt 0.773379 0.444557
vt 0.791113 0.444557
vt 0.808461 0.439287
vt 0.824662 0.428977
vt 0.839011 0.414081
vt 0.850878 0.395245
vt 0.859744 0.373295
vt 0.865225 0.349192
vt 0.515258 0.284845
vt 0.515118 0.282841
vt 0.515673 0.286761
vt 0.516344 0.288507
vt 0.517241 0.290004
vt 0.518327 0.291188
vt 0.519553 0.292008
vt 0.520865 0.292427
vt 0.522207 0.292427
vt 0.523520 0.292008
vt 0.524746 0.291188
vt 0.525831 0.290004
vt 0.526729 0.288507
vt 0.527400 0.286761
vt 0.527815 0.284845
vt 0.527955 0.282841
vt 0.527815 0.280837
vt 0.527400 0.278921
vt 0.526729 0.277176
vt 0.525831 0.275678
vt 0.524746 0.274494
vt 0.523520 0.273674
vt 0.522207 0.273255
vt 0.520865 0.273255
vt 0.519553 0.273674
vt 0.518327 0.274494
vt 0.517241 0.275678
vt 0.516344 0.277176
vt 0.515673 0.278921
vt 0.515258 0.280837
vt 0.521536 0.282841
vt 0.556754 0.325107
vt 0.556512 0.332968
vt 0.541617 0.325107
vt 0.541374 0.332968
vt 0.976540 0.597083
vt 0.970386 0.556623
vt 0.869871 0.638279
vt 0.964563 0.536417
vt 0.956691 0.517612
vt 0.944774 0.497928
vt 0.931498 0.480663
vt 0.906040 0.461122
vt 0.874218 0.449884
vt 0.906028 0.461096
vt 0.931506 0.480611
vt 0.944777 0.497882
vt 0.956688 0.517617
vt 0.964564 0.536430
vt 0.970379 0.556610
vt 0.976536 0.597062
vt 0.973719 0.845377
vt 0.968236 0.871498
vt 0.962752 0.891386
vt 0.953504 0.912116
vt 0.938774 0.935493
vt 0.921302 0.952913
vt 0.899703 0.966688
vt 0.868866 0.973421
vt 0.899723 0.966676
vt 0.921277 0.952811
vt 0.938772 0.935576
vt 0.953481 0.912103
vt 0.962679 0.891028
vt 0.968428 0.871367
vt 0.973701 0.845380
vt 0.554934 0.193406
vt 0.555382 0.194746
vt 0.544321 0.199638
vt 0.554028 0.192138
vt 0.552701 0.190997
vt 0.551013 0.190034
vt 0.549036 0.189289
vt 0.546859 0.188796
vt 0.544575 0.188577
vt 0.542285 0.188640
vt 0.540088 0.188984
vt 0.538081 0.189593
vt 0.536351 0.190440
vt 0.534974 0.191489
vt 0.534011 0.192694
vt 0.533502 0.194001
vt 0.533263 0.204527
vt 0.533710 0.205868
vt 0.534617 0.207136
vt 0.535944 0.208277
vt 0.537632 0.209240
vt 0.539608 0.209985
vt 0.541786 0.210478
vt 0.544070 0.210697
vt 0.546360 0.210633
vt 0.548557 0.210290
vt 0.550564 0.209681
vt 0.552294 0.208834
vt 0.553670 0.207785
vt 0.554634 0.206580
vt 0.555143 0.205273
vt 0.547526 0.204052
vt 0.540477 0.204052
vt 0.540477 0.197004
vt 0.547526 0.197004
vt 0.215538 0.258248
vt 0.179096 0.554785
vt 0.175481 0.570676
vt 0.212476 0.579056
vt 0.185980 0.541237
vt 0.195455 0.531407
vt 0.206615 0.526230
vt 0.218318 0.526240
vt 0.229488 0.531416
vt 0.237783 0.541244
vt 0.244661 0.554751
vt 0.248289 0.570683
vt 0.246610 0.832673
vt 0.242978 0.848567
vt 0.236077 0.862140
vt 0.227823 0.871919
vt 0.216651 0.877102
vt 0.204937 0.877102
vt 0.193788 0.871947
vt 0.184290 0.862094
vt 0.177414 0.848576
vt 0.173787 0.832666
vt 0.202205 0.571587
vt 0.201090 0.576483
vt 0.204325 0.567421
vt 0.207243 0.564396
vt 0.210672 0.562805
vt 0.214279 0.562805
vt 0.217709 0.564396
vt 0.220628 0.567421
vt 0.222747 0.571587
vt 0.223861 0.576483
vt 0.222176 0.826863
vt 0.221062 0.831760
vt 0.218942 0.835924
vt 0.216024 0.838950
vt 0.212594 0.840540
vt 0.208987 0.840540
vt 0.205558 0.838950
vt 0.202640 0.835924
vt 0.200519 0.831760
vt 0.199405 0.826863
vt 0.347867 0.756897
vt 0.247955 0.764561
vt 0.347492 0.774045
vt 0.248013 0.782036
s 1
f 1/1/1 2/2/1 3/3/1
f 3/3/2 4/4/2 1/1/2
f 5/1/3 1/2/3 4/3/3
f 4/3/4 6/4/4 5/1/4
f 7/1/5 5/2/5 6/3/5
f 6/3/6 8/4/6 7/1/6
f 2/1/7 7/2/7 8/3/7
f 8/3/8 3/4/8 2/1/8
f 9/1/9 10/2/9 11/3/9
f 11/3/10 12/4/10 9/1/10
f 13/1/11 14/2/12 10/3/13
f 10/3/13 9/4/14 13/1/11
f 15/1/15 16/2/16 14/3/12
f 14/3/12 13/4/11 15/1/15
f 17/1/17 18/2/18 16/3/19
f 16/3/19 15/4/20 17/1/17
f 19/1/21 20/2/22 18/3/23
f 18/3/23 17/4/24 19/1/21
f 21/1/25 22/2/26 20/3/27
f 20/3/27 19/4/28 21/1/25
f 23/1/29 9/2/29 12/3/29
f 12/3/29 24/4/29 23/1/29
f 25/1/30 13/2/30 9/3/30
f 9/3/30 23/4/30 25/1/30
f 26/1/31 15/2/31 13/3/31
f 13/3/31 25/4/32 26/1/31
f 27/1/33 17/2/33 15/3/33
f 15/3/33 26/4/34 27/1/33
f 28/1/35 19/2/35 17/3/35
f 17/3/35 27/4/35 28/1/35
f 29/1/36 21/2/36 19/3/36
f 19/3/36 28/4/37 29/1/36
f 30/1/38 23/2/38 24/3/38
f 24/3/39 31/4/39 30/1/39
f 32/1/40 25/2/41 23/3/42
f 23/3/42 30/4/43 32/1/40
f 33/1/44 26/2/45 25/3/41
f 25/3/41 32/4/40 33/1/44
f 34/1/46 27/2/47 26/3/48
f 26/3/48 33/4/49 34/1/46
f 35/1/50 28/2/51 27/3/52
f 27/3/52 34/4/53 35/1/50
f 36/1/54 29/2/55 28/3/56
f 28/3/56 35/4/57 36/1/54
f 10/1/58 30/2/59 31/3/58
f 31/3/58 11/4/58 10/1/58
f 14/1/60 32/2/61 30/3/60
f 30/3/60 10/4/60 14/1/60
f 16/1/62 33/2/62 32/3/62
f 32/3/62 14/4/62 16/1/62
f 18/1/63 34/2/63 33/3/63
f 33/3/63 16/4/64 18/1/63
f 20/1/65 35/2/66 34/3/65
f 34/3/65 18/4/67 20/1/65
f 22/1/68 36/2/68 35/3/68
f 35/3/68 20/4/68 22/1/68
f 37/1/69 38/2/70 39/3/71
f 39/3/71 40/4/72 37/1/69
f 41/1/73 42/2/73 38/3/73
f 38/3/74 37/4/74 41/1/74
f 43/1/75 44/2/75 42/3/75
f 42/3/76 41/4/76 43/1/76
f 45/1/77 37/2/77 40/3/77
f 40/3/78 46/4/78 45/1/78
f 47/1/79 41/2/80 37/3/81
f 37/3/81 45/4/82 47/1/79
f 48/1/83 43/2/84 41/3/85
f 41/3/85 47/4/86 48/1/83
f 49/1/87 45/2/88 46/3/89
f 46/3/89 50/4/90 49/1/87
f 51/1/91 47/2/92 45/3/93
f 45/3/88 49/4/87 51/1/94
f 52/1/95 48/2/95 47/3/95
f 47/3/92 51/4/91 52/1/96
f 38/1/97 49/2/97 50/3/97
f 50/3/98 39/4/98 38/1/98
f 42/1/99 51/2/100 49/3/101
f 49/3/101 38/4/102 42/1/99
f 44/1/103 52/2/103 51/3/103
f 51/3/104 42/4/104 44/1/104
f 53/5/105 54/6/105 55/7/105
f 55/7/105 56/8/105 53/5/105
f 57/5/106 58/6/106 54/7/106
f 54/7/106 53/8/106 57/5/106
f 59/5/107 57/6/107 53/7/107
f 53/7/107 56/8/107 59/5/107
f 60/5/108 59/6/108 56/7/108
f 56/7/108 55/8/108 60/5/108
f 61/9/105 62/10/105 63/11/105
f 63/11/105 64/12/105 61/9/105
f 65/9/109 66/10/109 67/11/109
f 67/11/109 68/12/109 65/9/109
f 68/9/106 67/10/106 63/11/106
f 63/11/106 62/12/106 68/9/106
f 65/9/107 68/10/107 62/11/107
f 62/11/107 61/12/107 65/9/107
f 67/5/110 66/6/110 64/7/110
f 64/7/110 63/8/110 67/5/110
f 69/13/109 70/14/109 71/15/109
f 72/16/109 71/15/109 70/14/109
f 73/13/105 74/14/105 75/15/105
f 76/16/105 75/15/105 74/14/105
f 72/17/111 73/18/112 71/19/112
f 75/20/113 71/19/112 73/18/112
f 70/13/107 74/14/107 72/15/107
f 73/16/107 72/15/107 74/14/107
f 69/17/106 76/18/106 70/19/106
f 74/20/106 70/19/106 76/18/106
f 71/13/110 75/14/110 69/15/110
f 76/16/110 69/15/110 75/14/110
f 77/17/109 78/18/109 79/19/109
f 80/20/109 79/19/109 78/18/109
f 81/17/105 82/18/105 83/19/105
f 84/20/105 83/19/105 82/18/105
f 80/17/108 81/18/108 79/19/108
f 83/20/108 79/19/108 81/18/108
f 78/21/107 82/22/107 80/23/107
f 81/24/107 80/23/107 82/22/107
f 77/17/106 84/18/106 78/19/106
f 82/20/106 78/19/106 84/18/106
f 79/21/110 83/22/110 77/23/110
f 84/24/110 77/23/110 83/22/110
f 85/25/109 86/26/109 87/27/109
f 88/28/109 87/27/109 86/26/109
f 89/29/108 86/30/108 90/31/108
f 85/32/108 90/29/108 86/31/108
f 90/33/107 85/34/107 91/35/107
f 87/36/107 91/35/107 85/34/107
f 91/37/106 87/38/106 92/39/106
f 88/40/106 92/39/106 87/38/106
f 92/41/110 88/29/110 89/32/110
f 86/42/110 89/41/110 88/32/110
f 93/43/109 94/44/109 95/45/109
f 96/46/109 95/45/109 94/44/109
f 97/47/108 94/41/108 98/42/108
f 93/48/108 98/47/108 94/42/108
f 98/49/107 93/47/107 99/48/107
f 95/50/107 99/49/107 93/48/107
f 99/51/106 95/52/106 100/53/106
f 96/54/106 100/53/106 95/52/106
f 100/55/110 96/56/110 97/57/110
f 94/58/110 97/57/110 96/56/110
f 101/59/105 102/60/105 103/61/105
f 104/62/105 103/61/105 102/60/105
f 105/63/109 106/49/109 107/50/109
f 108/64/109 107/63/109 106/50/109
f 102/49/114 106/63/114 104/64/114
f 105/50/114 104/49/114 106/64/114
f 101/47/108 108/49/108 102/50/108
f 106/48/108 102/47/108 108/50/108
f 103/41/115 107/47/115 101/48/115
f 108/42/115 101/41/115 107/48/115
f 109/29/109 110/41/109 111/42/109
f 112/32/109 111/29/109 110/42/109
f 113/59/105 104/60/105 114/61/105
f 115/62/105 114/61/105 104/60/105
f 104/65/108 110/29/108 115/32/108
f 109/66/108 115/65/108 110/32/108
f 115/67/107 109/65/107 114/66/107
f 111/68/107 114/67/107 109/66/107
f 114/59/106 111/60/106 113/61/106
f 112/62/106 113/61/106 111/60/106
f 113/59/110 112/60/110 104/61/110
f 110/62/110 104/61/110 112/60/110
f 116/69/109 117/67/109 118/68/109
f 119/70/109 118/69/109 117/68/109
f 120/59/105 121/60/105 122/61/105
f 103/62/105 122/61/105 121/60/105
f 121/71/108 117/69/108 103/70/108
f 116/72/108 103/71/108 117/70/108
f 103/59/107 116/60/107 122/61/107
f 118/62/107 122/61/107 116/60/107
f 122/59/106 118/60/106 120/61/106
f 119/62/106 120/61/106 118/60/106
f 120/73/110 119/71/110 121/72/110
f 117/74/110 121/73/110 119/72/110
f 105/59/109 107/60/109 123/61/109
f 124/62/109 123/61/109 107/60/109
f 122/59/105 103/60/105 113/61/105
f 104/62/105 113/61/105 103/60/105
f 104/59/107 105/60/107 113/61/107
f 123/62/107 113/61/107 105/60/107
f 113/59/106 123/60/106 122/61/106
f 124/62/106 122/61/106 123/60/106
f 122/59/110 124/60/110 103/61/110
f 107/62/110 103/61/110 124/60/110
f 125/75/109 126/76/109 127/77/109
f 128/78/109 127/77/109 126/76/109
f 129/78/105 130/76/105 131/77/105
f 132/75/105 131/77/105 130/76/105
f 130/76/108 126/76/108 132/75/108
f 125/75/108 132/75/108 126/76/108
f 132/75/107 125/75/107 131/77/107
f 127/77/107 131/77/107 125/75/107
f 131/77/106 127/77/106 129/78/106
f 128/78/106 129/78/106 127/77/106
f 129/78/110 128/78/110 130/76/110
f 126/76/110 130/76/110 128/78/110
f 133/79/105 134/80/105 135/81/105
f 135/81/105 136/82/105 133/79/105
f 137/83/105 133/79/105 136/82/105
f 136/82/105 138/84/105 137/83/105
f 139/65/109 140/67/109 141/65/109
f 141/67/109 142/69/109 139/65/109
f 143/69/109 144/71/109 140/65/109
f 140/71/109 139/73/109 143/65/109
f 142/73/116 141/85/116 135/65/116
f 135/85/116 134/73/116 142/65/116
f 139/73/117 142/71/117 134/65/117
f 134/71/117 133/69/117 139/65/117
f 143/69/118 139/67/118 133/65/118
f 133/67/118 137/30/118 143/65/118
f 140/30/119 144/29/119 138/65/119
f 138/29/119 136/41/119 140/65/119
f 141/41/120 140/47/120 136/65/120
f 136/47/120 135/49/120 141/65/120
f 145/86/105 146/87/105 147/88/105
f 147/88/105 148/89/105 145/86/105
f 149/49/109 150/63/109 151/65/109
f 151/63/109 152/49/109 149/65/109
f 152/86/116 151/87/116 147/88/116
f 147/88/116 146/89/116 152/86/116
f 149/49/121 152/47/122 146/65/122
f 146/47/122 145/41/121 149/65/121
f 150/41/123 149/29/123 145/65/123
f 145/29/123 148/65/123 150/65/123
f 151/90/124 150/91/124 148/92/124
f 148/93/124 147/92/124 151/91/124
f 153/86/105 154/87/105 155/88/105
f 155/88/105 156/89/105 153/86/105
f 157/90/109 158/91/109 159/92/109
f 159/93/109 160/92/109 157/91/109
f 160/86/125 159/87/125 155/88/125
f 155/88/125 154/89/125 160/86/125
f 157/94/121 160/95/121 154/96/121
f 154/97/121 153/96/121 157/95/121
f 158/90/123 157/91/123 153/92/123
f 153/93/123 156/92/123 158/91/123
f 159/94/124 158/95/126 156/96/126
f 156/97/126 155/96/124 159/95/124
f 161/86/105 162/87/105 163/88/105
f 163/88/105 164/89/105 161/86/105
f 165/90/109 166/91/109 167/92/109
f 167/93/109 168/92/109 165/91/109
f 168/86/116 167/87/116 163/88/116
f 163/88/116 162/89/116 168/86/116
f 165/94/122 168/95/122 162/96/122
f 162/97/122 161/96/122 165/95/122
f 166/94/123 165/95/123 161/96/123
f 161/97/123 164/96/123 166/95/123
f 167/94/126 166/95/126 164/96/126
f 164/97/126 163/96/126 167/95/126
f 169/86/105 170/87/105 171/88/105
f 171/88/105 172/89/105 169/86/105
f 173/98/109 174/99/109 175/100/109
f 175/101/109 176/100/109 173/99/109
f 176/86/125 175/87/125 171/88/125
f 171/88/125 170/89/125 176/86/125
f 173/94/121 176/95/121 170/96/121
f 170/97/121 169/96/121 173/95/121
f 174/98/123 173/99/123 169/100/123
f 169/101/123 172/100/123 174/99/123
f 175/102/126 174/103/126 172/104/126
f 172/105/126 171/104/126 175/103/126
f 177/106/105 178/107/105 179/108/105
f 177/106/105 179/108/105 180/109/105
f 177/106/105 180/109/105 181/110/105
f 177/106/105 181/110/105 182/111/105
f 177/106/105 182/111/105 183/112/105
f 177/106/105 183/112/105 184/113/105
f 177/106/105 184/113/105 185/114/105
f 177/106/105 185/114/105 186/115/105
f 177/106/105 186/115/105 187/116/105
f 177/106/105 187/116/105 188/117/105
f 177/106/105 188/117/105 189/118/105
f 177/106/105 189/118/105 190/119/105
f 190/120/127 189/121/127 191/122/127
f 191/123/127 192/122/127 190/121/127
f 189/124/128 188/125/128 193/126/128
f 193/127/128 191/126/128 189/125/128
f 188/128/129 187/129/129 194/130/129
f 194/131/129 193/130/129 188/129/129
f 187/120/130 186/121/130 195/122/130
f 195/123/130 194/122/130 187/121/130
f 186/132/131 185/133/131 196/134/131
f 196/135/131 195/134/131 186/133/131
f 185/136/132 184/137/132 197/138/132
f 197/139/132 196/138/132 185/137/132
f 184/136/133 183/137/133 198/138/133
f 198/139/133 197/138/133 184/137/133
f 183/140/134 182/141/134 199/142/134
f 199/143/134 198/142/134 183/141/134
f 182/144/135 181/145/136 200/146/135
f 200/147/135 199/146/135 182/145/135
f 181/148/137 180/149/137 201/150/137
f 201/151/137 200/150/137 181/149/137
f 180/152/138 179/153/138 202/154/138
f 202/155/138 201/154/138 180/153/138
f 179/152/139 178/153/139 203/154/139
f 203/155/139 202/154/139 179/153/139
f 204/152/109 192/153/109 191/154/109
f 204/155/109 191/154/109 193/153/109
f 204/152/109 193/153/109 194/154/109
f 204/155/109 194/154/109 195/153/109
f 204/152/109 195/153/109 196/154/109
f 204/155/109 196/154/109 197/153/109
f 204/148/109 197/149/109 198/150/109
f 204/151/109 198/150/109 199/149/109
f 204/152/109 199/153/109 200/154/109
f 204/155/109 200/154/109 201/153/109
f 204/156/109 201/157/109 202/158/109
f 204/159/109 202/158/109 203/157/109
f 205/148/105 206/149/105 207/150/105
f 205/151/105 207/150/105 208/149/105
f 205/148/105 208/149/105 209/150/105
f 205/151/105 209/150/105 210/149/105
f 205/152/105 210/153/105 211/154/105
f 205/155/105 211/154/105 212/153/105
f 205/148/105 212/149/105 213/150/105
f 205/151/105 213/150/105 214/149/105
f 205/152/105 214/153/105 215/154/105
f 205/155/105 215/154/105 216/153/105
f 205/148/105 216/149/105 217/150/105
f 205/151/105 217/150/105 218/149/105
f 218/148/127 217/149/127 219/150/127
f 219/151/127 220/150/127 218/149/127
f 217/160/128 216/161/128 221/162/128
f 221/163/128 219/162/128 217/161/128
f 216/148/129 215/149/129 222/150/129
f 222/151/129 221/150/129 216/149/129
f 215/148/130 214/149/130 223/150/130
f 223/151/130 222/150/130 215/149/130
f 214/148/131 213/149/131 224/150/131
f 224/151/131 223/150/131 214/149/131
f 213/148/132 212/149/132 225/150/132
f 225/151/132 224/150/132 213/149/132
f 212/148/133 211/149/133 226/150/133
f 226/151/133 225/150/133 212/149/133
f 211/164/134 210/165/134 227/166/134
f 227/166/134 226/167/134 211/164/134
f 210/168/136 209/169/135 228/165/136
f 228/165/136 227/164/136 210/168/136
f 209/170/137 208/171/137 229/172/137
f 229/172/137 228/173/140 209/170/137
f 208/174/138 207/175/138 230/176/138
f 230/176/138 229/177/138 208/174/138
f 207/178/139 206/174/139 231/177/139
f 231/177/139 230/179/139 207/178/139
f 232/174/109 220/178/109 219/179/109
f 232/179/109 219/177/109 221/174/109
f 232/175/109 221/174/109 222/177/109
f 232/177/109 222/176/109 223/175/109
f 232/180/109 223/181/109 224/182/109
f 232/182/109 224/183/109 225/180/109
f 232/180/109 225/181/109 226/182/109
f 232/182/109 226/183/109 227/180/109
f 232/184/109 227/185/109 228/186/109
f 232/186/109 228/187/109 229/184/109
f 232/180/109 229/181/109 230/182/109
f 232/182/109 230/183/109 231/180/109
f 233/180/105 234/181/105 235/182/105
f 235/182/105 236/183/105 233/180/105
f 237/184/109 238/185/109 239/186/109
f 239/186/109 240/187/109 237/184/109
f 240/180/125 239/181/125 235/182/125
f 235/182/125 234/183/125 240/180/125
f 237/180/122 240/181/122 234/182/122
f 234/182/122 233/183/122 237/180/122
f 238/184/123 237/185/123 233/186/123
f 233/186/123 236/187/123 238/184/123
f 239/180/124 238/181/124 236/182/124
f 236/182/124 235/183/124 239/180/124
f 241/18/109 242/188/109 243/19/109
f 243/19/109 244/17/109 241/18/109
f 245/18/105 246/188/105 247/19/105
f 247/19/105 248/17/105 245/18/105
f 248/189/141 247/190/141 243/191/141
f 243/191/141 242/192/141 248/189/141
f 245/189/121 248/190/121 242/191/121
f 242/191/121 241/192/121 245/189/121
f 246/189/142 245/193/142 241/191/142
f 241/191/142 244/194/142 246/189/142
f 247/189/143 246/193/143 244/191/143
f 244/191/143 243/194/143 247/189/143
f 249/195/105 250/196/105 251/197/105
f 251/197/105 252/198/105 249/195/105
f 253/199/144 254/200/144 255/201/109
f 255/201/109 256/202/109 253/199/144
f 256/195/125 255/196/125 251/197/125
f 251/197/125 250/198/125 256/195/125
f 253/203/121 256/204/121 250/204/121
f 250/204/121 249/203/121 253/203/121
f 254/205/123 253/203/123 249/203/123
f 249/203/123 252/205/123 254/205/123
f 255/206/124 254/207/124 252/208/124
f 252/208/124 251/209/124 255/206/124
f 257/199/145 258/200/145 259/201/145
f 259/201/145 260/202/145 257/199/145
f 258/210/146 257/211/146 261/212/146
f 261/212/146 262/213/146 258/210/146
f 259/214/124 258/215/124 262/216/124
f 260/217/121 261/218/121 257/219/121
f 263/195/147 264/220/148 265/197/149
f 265/197/149 266/198/150 263/195/147
f 267/195/105 263/221/147 266/197/150
f 266/197/150 268/198/105 267/195/105
f 269/199/151 270/222/152 271/201/153
f 271/201/153 272/223/154 269/199/151
f 273/199/109 274/222/109 270/201/152
f 270/201/152 269/224/151 273/199/109
f 272/225/155 271/226/155 265/227/155
f 265/226/155 264/228/155 272/227/155
f 269/206/156 272/229/156 264/208/156
f 264/208/156 263/230/156 269/206/156
f 273/206/157 269/229/157 263/208/157
f 263/208/157 267/230/157 273/206/157
f 274/231/123 273/232/123 267/232/123
f 267/232/123 268/231/123 274/231/123
f 270/233/158 274/234/158 268/235/158
f 268/235/158 266/236/158 270/233/158
f 271/206/159 270/229/159 266/208/159
f 266/208/159 265/230/159 271/206/159
f 275/195/105 276/196/105 277/197/105
f 277/197/105 278/198/105 275/195/105
f 279/199/109 280/200/109 281/201/109
f 281/201/109 282/202/109 279/199/109
f 282/206/116 281/207/116 277/208/116
f 277/208/116 276/209/116 282/206/116
f 279/206/121 282/229/121 276/208/121
f 276/208/121 275/230/121 279/206/121
f 280/206/123 279/229/123 275/208/123
f 275/208/123 278/230/123 280/206/123
f 281/206/126 280/207/126 278/208/126
f 278/208/126 277/209/126 281/206/126
f 283/195/105 284/196/105 285/197/105
f 285/197/105 286/198/105 283/195/105
f 287/199/109 288/200/109 289/201/109
f 289/201/109 290/202/109 287/199/109
f 290/195/125 289/196/125 285/197/125
f 285/197/125 284/198/125 290/195/125
f 287/206/121 290/229/122 284/208/122
f 284/208/122 283/230/121 287/206/121
f 288/237/160 287/238/160 283/238/160
f 283/238/160 286/237/160 288/237/160
f 289/239/126 288/237/126 286/237/126
f 286/237/126 285/239/126 289/239/126
f 291/197/105 252/240/105 292/241/105
f 291/197/105 292/241/105 293/242/105
f 291/197/105 293/242/105 294/243/105
f 291/197/105 294/243/105 295/244/105
f 291/197/105 295/244/105 296/245/105
f 291/197/105 296/245/105 297/246/105
f 291/197/105 297/246/105 298/247/105
f 291/197/105 298/247/105 299/248/105
f 291/197/105 299/248/105 300/249/105
f 291/197/105 300/249/105 301/250/105
f 291/197/105 301/250/105 302/195/105
f 291/197/105 302/195/105 283/251/105
f 291/252/125 283/238/116 287/238/116
f 287/238/116 303/252/125 291/252/125
f 283/208/161 302/209/161 304/206/161
f 304/206/161 287/207/161 283/208/161
f 302/208/128 301/209/128 305/206/128
f 305/206/128 304/207/128 302/208/128
f 301/208/129 300/209/129 306/206/129
f 306/206/129 305/207/129 301/208/129
f 300/208/130 299/230/130 307/206/130
f 307/206/130 306/229/130 300/208/130
f 299/208/131 298/209/131 308/206/131
f 308/206/131 307/207/131 299/208/131
f 298/208/132 297/209/132 309/206/132
f 309/206/132 308/207/132 298/208/132
f 297/208/133 296/230/133 310/206/133
f 310/206/133 309/229/133 297/208/133
f 296/208/134 295/209/134 311/206/134
f 311/206/134 310/207/134 296/208/134
f 295/208/136 294/209/136 312/206/136
f 312/206/136 311/207/136 295/208/136
f 294/208/137 293/230/137 313/206/137
f 313/206/137 312/229/137 294/208/137
f 293/208/138 292/209/138 314/206/138
f 314/206/138 313/207/138 293/208/138
f 292/208/139 252/230/139 254/206/139
f 254/206/139 314/229/139 292/208/139
f 252/205/125 291/252/125 303/252/125
f 303/252/125 254/205/125 252/205/125
f 303/201/109 287/202/109 304/199/109
f 303/201/109 304/199/109 305/253/109
f 303/201/109 305/253/109 306/254/109
f 303/201/109 306/254/109 307/255/109
f 303/201/109 307/255/109 308/256/109
f 303/201/109 308/256/109 309/257/109
f 303/201/109 309/257/109 310/258/109
f 303/201/109 310/258/109 311/259/109
f 303/201/109 311/259/109 312/260/109
f 303/201/109 312/260/109 313/261/109
f 303/201/109 313/261/109 314/262/109
f 303/201/109 314/262/109 254/263/109
f 315/264/162 316/265/163 317/266/164
f 316/265/163 318/267/165 317/266/164
f 316/265/163 319/268/166 318/267/165
f 319/268/166 320/269/167 318/267/165
f 319/268/166 321/270/168 320/269/167
f 321/270/168 322/271/169 320/269/167
f 321/272/170 323/273/171 322/274/172
f 323/273/171 324/275/173 322/274/172
f 323/272/174 325/273/175 324/274/176
f 325/273/175 326/275/177 324/274/176
f 325/272/178 327/273/179 326/274/180
f 327/273/179 328/275/181 326/274/180
f 327/272/182 329/273/183 328/274/184
f 329/273/183 330/275/185 328/274/184
f 329/272/108 315/273/108 330/274/108
f 315/273/108 317/275/108 330/274/108
f 331/276/186 332/277/187 315/264/162
f 332/277/187 316/265/163 315/264/162
f 332/277/187 333/278/188 316/265/163
f 333/278/188 319/268/166 316/265/163
f 333/278/188 334/279/189 319/268/166
f 334/279/189 321/270/168 319/268/166
f 334/272/190 335/273/191 321/274/192
f 335/273/191 323/275/193 321/274/192
f 335/272/194 336/273/195 323/274/196
f 336/273/195 325/275/197 323/274/196
f 336/272/198 337/273/199 325/274/200
f 337/273/199 327/275/201 325/274/200
f 337/272/202 338/273/203 327/274/204
f 338/273/203 329/275/205 327/274/204
f 338/272/108 331/273/108 329/274/108
f 331/273/108 315/275/108 329/274/108
f 339/280/206 340/281/207 331/276/186
f 340/281/207 332/277/187 331/276/186
f 340/281/207 341/282/208 332/277/187
f 341/282/208 333/278/188 332/277/187
f 341/282/208 342/283/209 333/278/188
f 342/283/209 334/279/189 333/278/188
f 342/272/210 343/273/211 334/274/212
f 343/273/211 335/275/213 334/274/212
f 343/272/214 344/273/215 335/274/216
f 344/273/215 336/275/217 335/274/216
f 344/272/218 345/273/219 336/274/220
f 345/273/219 337/275/221 336/274/220
f 345/272/219 346/273/222 337/274/221
f 346/273/222 338/275/223 337/274/221
f 346/272/108 339/273/108 338/274/108
f 339/273/108 331/275/108 338/274/108
f 347/284/224 348/285/225 339/280/206
f 348/285/225 340/281/207 339/280/206
f 348/285/225 349/286/226 340/281/207
f 349/286/226 341/282/208 340/281/207
f 349/286/226 350/287/227 341/282/208
f 350/287/227 342/283/209 341/282/208
f 350/272/228 351/273/229 342/274/230
f 351/273/229 343/275/231 342/274/230
f 351/272/232 352/273/233 343/274/234
f 352/273/233 344/275/235 343/274/234
f 352/272/236 353/273/237 344/274/238
f 353/273/237 345/275/239 344/274/238
f 353/272/237 354/273/240 345/274/239
f 354/273/240 346/275/241 345/274/239
f 354/272/108 347/273/108 346/274/108
f 347/273/108 339/275/108 346/274/108
f 355/288/242 356/289/243 347/284/224
f 356/289/243 348/285/225 347/284/224
f 356/289/243 357/227/244 348/285/225
f 357/227/244 349/286/226 348/285/225
f 357/227/244 358/228/245 349/286/226
f 358/228/245 350/287/227 349/286/226
f 358/272/246 359/273/246 350/274/106
f 359/273/246 351/275/106 350/274/106
f 359/272/247 360/273/248 351/274/249
f 360/273/248 352/275/250 351/274/249
f 360/272/251 361/273/252 352/274/253
f 361/273/252 353/275/254 352/274/253
f 361/272/252 362/273/255 353/274/254
f 362/273/255 354/275/256 353/274/254
f 362/272/108 355/273/108 354/274/108
f 355/273/108 347/275/108 354/274/108
f 363/290/257 364/291/258 355/288/242
f 364/291/258 356/289/243 355/288/242
f 364/291/258 365/225/259 356/289/243
f 365/225/259 357/227/244 356/289/243
f 365/225/259 366/226/260 357/227/244
f 366/226/260 358/228/245 357/227/244
f 366/272/106 367/273/106 358/274/246
f 367/273/106 359/275/246 358/274/246
f 367/272/261 368/273/262 359/274/263
f 368/273/262 360/275/264 359/274/263
f 368/272/265 369/273/266 360/274/267
f 369/273/266 361/275/268 360/274/267
f 369/272/266 370/273/269 361/274/268
f 370/273/269 362/275/270 361/274/268
f 370/272/108 363/273/108 362/274/108
f 363/273/108 355/275/108 362/274/108
f 371/292/271 372/293/272 363/290/257
f 372/293/272 364/291/258 363/290/257
f 372/293/272 373/294/273 364/291/258
f 373/294/273 365/225/259 364/291/258
f 373/294/273 374/295/274 365/225/259
f 374/295/274 366/226/260 365/225/259
f 374/272/106 375/273/106 366/274/106
f 375/273/106 367/275/106 366/274/106
f 375/272/275 376/273/276 367/274/277
f 376/273/276 368/275/278 367/274/277
f 376/272/279 377/273/280 368/274/281
f 377/273/280 369/275/282 368/274/281
f 377/272/283 378/273/284 369/274/285
f 378/273/284 370/275/286 369/274/285
f 378/272/108 371/273/108 370/274/108
f 371/273/108 363/275/108 370/274/108
f 379/296/287 380/297/288 371/292/271
f 380/297/288 372/293/272 371/292/271
f 380/297/288 381/298/289 372/293/272
f 381/298/289 373/294/273 372/293/272
f 381/298/289 382/299/290 373/294/273
f 382/299/290 374/295/274 373/294/273
f 382/272/106 383/273/106 374/274/106
f 383/273/106 375/275/106 374/274/106
f 383/272/291 384/273/292 375/274/293
f 384/273/292 376/275/294 375/274/293
f 384/272/295 385/273/296 376/274/297
f 385/273/296 377/275/298 376/274/297
f 385/272/296 386/273/299 377/274/298
f 386/273/299 378/275/300 377/274/298
f 386/272/108 379/273/108 378/274/108
f 379/273/108 371/275/108 378/274/108
f 387/300/301 388/301/302 379/296/287
f 388/301/302 380/297/288 379/296/287
f 388/301/302 389/302/303 380/297/288
f 389/302/303 381/298/289 380/297/288
f 389/302/303 390/303/304 381/298/289
f 390/303/304 382/299/290 381/298/289
f 390/272/106 391/273/106 382/274/106
f 391/273/106 383/275/106 382/274/106
f 391/272/305 392/273/306 383/274/307
f 392/273/306 384/275/308 383/274/307
f 392/272/306 393/273/309 384/274/308
f 393/273/309 385/275/310 384/274/308
f 393/272/309 394/273/311 385/274/310
f 394/273/311 386/275/312 385/274/310
f 394/272/108 387/273/108 386/274/108
f 387/273/108 379/275/108 386/274/108
f 395/272/108 396/273/108 394/274/108
f 396/273/108 387/275/108 394/274/108
f 317/275/313 318/274/313 397/273/314
f 318/275/315 320/274/315 397/273/316
f 320/275/317 322/274/317 397/273/314
f 322/275/318 324/274/319 397/273/320
f 324/275/321 326/274/322 397/273/323
f 326/275/324 328/274/324 397/273/325
f 328/275/326 330/274/326 397/273/323
f 330/275/327 317/274/327 397/273/320
f 398/265/328 399/264/329 400/266/330
f 401/267/331 398/265/328 400/266/330
f 402/268/332 398/265/328 401/267/331
f 403/269/333 402/268/332 401/267/331
f 404/270/334 402/268/332 403/269/333
f 405/271/335 404/270/334 403/269/333
f 406/273/336 404/272/337 405/274/338
f 407/275/339 406/273/336 405/274/338
f 408/273/340 406/272/341 407/274/342
f 409/275/343 408/273/340 407/274/342
f 410/273/344 408/272/345 409/274/346
f 411/275/347 410/273/344 409/274/346
f 412/273/348 410/272/349 411/274/350
f 413/275/351 412/273/348 411/274/350
f 399/273/108 412/272/108 413/274/108
f 400/275/108 399/273/108 413/274/108
f 414/277/352 415/276/353 399/264/329
f 398/265/328 414/277/352 399/264/329
f 416/278/354 414/277/352 398/265/328
f 402/268/332 416/278/354 398/265/328
f 417/279/355 416/278/354 402/268/332
f 404/270/334 417/279/355 402/268/332
f 418/273/356 417/272/357 404/274/358
f 406/275/359 418/273/356 404/274/358
f 419/273/360 418/272/361 406/274/362
f 408/275/363 419/273/360 406/274/362
f 420/273/364 419/272/365 408/274/366
f 410/275/367 420/273/364 408/274/366
f 421/273/368 420/272/369 410/274/370
f 412/275/371 421/273/368 410/274/370
f 415/273/108 421/272/108 412/274/108
f 399/275/108 415/273/108 412/274/108
f 422/281/372 423/280/373 415/276/353
f 414/277/352 422/281/372 415/276/353
f 424/282/374 422/281/372 414/277/352
f 416/278/354 424/282/374 414/277/352
f 425/283/375 424/282/374 416/278/354
f 417/279/355 425/283/375 416/278/354
f 426/273/376 425/272/377 417/274/378
f 418/275/379 426/273/376 417/274/378
f 427/273/380 426/272/381 418/274/382
f 419/275/383 427/273/380 418/274/382
f 428/273/384 427/272/385 419/274/386
f 420/275/387 428/273/384 419/274/386
f 429/273/388 428/272/384 420/274/387
f 421/275/389 429/273/388 420/274/387
f 423/273/108 429/272/108 421/274/108
f 415/275/108 423/273/108 421/274/108
f 430/285/390 431/284/391 423/280/373
f 422/281/372 430/285/390 423/280/373
f 432/286/392 430/285/390 422/281/372
f 424/282/374 432/286/392 422/281/372
f 433/287/393 432/286/392 424/282/374
f 425/283/375 433/287/393 424/282/374
f 434/273/394 433/272/395 425/274/396
f 426/275/397 434/273/394 425/274/396
f 435/273/398 434/272/399 426/274/400
f 427/275/401 435/273/398 426/274/400
f 436/273/402 435/272/403 427/274/404
f 428/275/405 436/273/402 427/274/404
f 437/273/406 436/272/402 428/274/405
f 429/275/407 437/273/406 428/274/405
f 431/273/108 437/272/108 429/274/108
f 423/275/108 431/273/108 429/274/108
f 438/289/408 439/288/409 431/284/391
f 430/285/390 438/289/408 431/284/391
f 440/227/410 438/289/408 430/285/390
f 432/286/392 440/227/410 430/285/390
f 441/228/411 440/227/410 432/286/392
f 433/287/393 441/228/411 432/286/392
f 442/273/412 441/272/412 433/274/106
f 434/275/106 442/273/412 433/274/106
f 443/273/413 442/272/414 434/274/415
f 435/275/416 443/273/413 434/274/415
f 444/273/417 443/272/418 435/274/419
f 436/275/420 444/273/417 435/274/419
f 445/273/421 444/272/417 436/274/420
f 437/275/422 445/273/421 436/274/420
f 439/273/108 445/272/108 437/274/108
f 431/275/108 439/273/108 437/274/108
f 446/291/423 447/290/424 439/288/409
f 438/289/408 446/291/423 439/288/409
f 448/225/425 446/291/423 438/289/408
f 440/227/410 448/225/425 438/289/408
f 449/226/426 448/225/425 440/227/410
f 441/228/411 449/226/426 440/227/410
f 450/273/106 449/272/106 441/274/412
f 442/275/412 450/273/106 441/274/412
f 451/273/427 450/272/428 442/274/429
f 443/275/430 451/273/427 442/274/429
f 452/273/431 451/272/432 443/274/433
f 444/275/434 452/273/431 443/274/433
f 453/273/435 452/272/431 444/274/434
f 445/275/436 453/273/435 444/274/434
f 447/273/108 453/272/108 445/274/108
f 439/275/108 447/273/108 445/274/108
f 454/293/437 455/292/438 447/290/424
f 446/291/423 454/293/437 447/290/424
f 456/294/439 454/293/437 446/291/423
f 448/225/425 456/294/439 446/291/423
f 457/295/440 456/294/439 448/225/425
f 449/226/426 457/295/440 448/225/425
f 458/273/106 457/272/106 449/274/106
f 450/275/106 458/273/106 449/274/106
f 459/273/441 458/272/442 450/274/443
f 451/275/444 459/273/441 450/274/443
f 460/273/445 459/272/446 451/274/447
f 452/275/448 460/273/445 451/274/447
f 461/273/449 460/272/450 452/274/451
f 453/275/452 461/273/449 452/274/451
f 455/273/108 461/272/108 453/274/108
f 447/275/108 455/273/108 453/274/108
f 462/297/453 396/296/454 455/292/438
f 454/293/437 462/297/453 455/292/438
f 463/298/455 462/297/453 454/293/437
f 456/294/439 463/298/455 454/293/437
f 464/299/456 463/298/455 456/294/439
f 457/295/440 464/299/456 456/294/439
f 465/273/106 464/272/106 457/274/106
f 458/275/106 465/273/106 457/274/106
f 466/273/457 465/272/458 458/274/459
f 459/275/460 466/273/457 458/274/459
f 467/273/461 466/272/462 459/274/463
f 460/275/464 467/273/461 459/274/463
f 395/273/465 467/272/461 460/274/464
f 461/275/466 395/273/465 460/274/464
f 396/273/108 395/272/108 461/274/108
f 455/275/108 396/273/108 461/274/108
f 468/301/467 387/300/468 396/296/469
f 462/297/453 468/301/470 396/296/454
f 469/302/471 468/301/470 462/297/453
f 463/298/455 469/302/471 462/297/453
f 390/303/472 469/302/471 463/298/455
f 464/299/456 390/303/472 463/298/455
f 391/273/106 390/272/106 464/274/106
f 465/275/106 391/273/106 464/274/106
f 470/273/473 391/272/474 465/274/475
f 466/275/476 470/273/473 465/274/475
f 471/273/477 470/272/473 466/274/476
f 467/275/478 471/273/477 466/274/476
f 394/273/479 471/272/477 467/274/478
f 395/275/480 394/273/479 467/274/478
f 387/273/108 394/272/108 395/274/108
f 396/275/108 387/273/108 395/274/108
f 379/273/108 386/272/108 394/274/108
f 387/275/108 379/273/108 394/274/108
f 401/274/481 400/275/481 472/273/482
f 403/274/483 401/275/483 472/273/484
f 405/274/485 403/275/485 472/273/486
f 407/274/487 405/275/488 472/273/489
f 409/274/490 407/275/490 472/273/491
f 411/274/492 409/275/493 472/273/482
f 413/274/494 411/275/494 472/273/491
f 400/274/495 413/275/495 472/273/496
f 473/304/106 474/305/106 475/306/106
f 476/307/106 473/304/106 475/306/106
f 477/308/106 476/307/106 475/306/106
f 478/309/106 477/308/106 475/306/106
f 479/310/106 478/309/106 475/306/106
f 480/311/106 479/310/106 475/306/106
f 481/312/106 480/311/106 475/306/106
f 482/313/106 481/312/106 475/306/106
f 483/314/106 482/313/106 475/306/106
f 484/315/106 483/314/106 475/306/106
f 485/316/106 484/315/106 475/306/106
f 486/317/106 485/316/106 475/306/106
f 487/318/106 486/317/106 475/306/106
f 488/319/106 487/318/106 475/306/106
f 489/320/106 488/319/106 475/306/106
f 490/321/106 489/320/106 475/306/106
f 491/322/106 490/321/106 475/306/106
f 492/323/106 491/322/106 475/306/106
f 493/324/106 492/323/106 475/306/106
f 494/325/106 493/324/106 475/306/106
f 495/326/106 494/325/106 475/306/106
f 496/327/106 495/326/106 475/306/106
f 497/328/106 496/327/106 475/306/106
f 498/329/106 497/328/106 475/306/106
f 499/330/106 498/329/106 475/306/106
f 500/331/106 499/330/106 475/306/106
f 501/332/106 500/331/106 475/306/106
f 502/333/106 501/332/106 475/306/106
f 503/334/106 502/333/106 475/306/106
f 474/305/106 503/334/106 475/306/106
f 504/335/497 505/336/107 474/336/107
f 473/335/497 504/335/497 474/336/107
f 506/337/498 504/335/497 473/335/497
f 476/337/498 506/337/498 473/335/497
f 507/338/499 506/337/498 476/337/498
f 477/338/499 507/338/499 476/337/498
f 508/339/500 507/338/499 477/338/499
f 478/339/500 508/339/500 477/338/499
f 509/340/501 508/339/500 478/339/500
f 479/340/501 509/340/501 478/339/500
f 510/341/502 509/340/501 479/340/501
f 480/341/502 510/341/502 479/340/501
f 511/342/503 510/341/502 480/341/502
f 481/342/503 511/342/503 480/341/502
f 512/343/504 511/342/503 481/342/503
f 482/343/504 512/343/504 481/342/503
f 513/344/505 512/343/504 482/343/504
f 483/344/505 513/344/505 482/343/504
f 514/345/506 513/344/505 483/344/505
f 484/345/506 514/345/506 483/344/505
f 515/346/507 514/345/506 484/345/506
f 485/346/507 515/346/507 484/345/506
f 516/347/508 515/346/507 485/346/507
f 486/347/508 516/347/508 485/346/507
f 517/348/509 516/347/508 486/347/508
f 487/348/509 517/348/509 486/347/508
f 518/349/510 517/348/509 487/348/509
f 488/349/510 518/349/510 487/348/509
f 519/350/110 518/349/510 488/349/510
f 489/350/110 519/350/110 488/349/510
f 520/351/511 519/350/110 489/350/110
f 490/351/511 520/351/511 489/350/110
f 521/352/512 520/351/511 490/351/511
f 491/352/512 521/352/512 490/351/511
f 522/353/513 521/352/512 491/352/512
f 492/353/513 522/353/513 491/352/512
f 523/354/514 522/353/513 492/353/513
f 493/354/514 523/354/514 492/353/513
f 524/355/515 523/354/514 493/354/514
f 494/355/515 524/355/515 493/354/514
f 525/356/516 524/355/515 494/355/515
f 495/356/517 525/356/516 494/355/515
f 526/357/518 525/356/516 495/356/517
f 496/357/518 526/357/518 495/356/517
f 527/358/519 526/357/518 496/357/518
f 497/358/519 527/358/519 496/357/518
f 528/359/520 527/358/519 497/358/519
f 498/359/521 528/359/520 497/358/519
f 529/360/522 528/359/520 498/359/521
f 499/360/522 529/360/522 498/359/521
f 530/361/523 529/360/522 499/360/522
f 500/361/523 530/361/523 499/360/522
f 531/362/524 530/361/523 500/361/523
f 501/362/524 531/362/524 500/361/523
f 532/363/525 531/362/524 501/362/524
f 502/363/525 532/363/525 501/362/524
f 533/364/526 532/363/525 502/363/525
f 503/364/526 533/364/526 502/363/525
f 505/336/107 533/364/526 503/364/526
f 474/336/107 505/336/107 503/364/526
f 505/336/108 504/335/108 534/365/108
f 504/335/108 506/337/108 534/365/108
f 506/337/108 507/338/108 534/365/108
f 507/338/108 508/339/108 534/365/108
f 508/339/108 509/340/108 534/365/108
f 509/340/108 510/341/108 534/365/108
f 510/341/108 511/342/108 534/365/108
f 511/342/108 512/343/108 534/365/108
f 512/343/108 513/344/108 534/365/108
f 513/344/108 514/345/108 534/365/108
f 514/345/108 515/346/108 534/365/108
f 515/346/108 516/347/108 534/365/108
f 516/347/108 517/348/108 534/365/108
f 517/348/108 518/349/108 534/365/108
f 518/349/108 519/350/108 534/365/108
f 519/350/108 520/351/108 534/365/108
f 520/351/108 521/352/108 534/365/108
f 521/352/108 522/353/108 534/365/108
f 522/353/108 523/354/108 534/365/108
f 523/354/108 524/355/108 534/365/108
f 524/355/108 525/356/108 534/365/108
f 525/356/108 526/357/108 534/365/108
f 526/357/108 527/358/108 534/365/108
f 527/358/108 528/359/108 534/365/108
f 528/359/108 529/360/108 534/365/108
f 529/360/108 530/361/108 534/365/108
f 530/361/108 531/362/108 534/365/108
f 531/362/108 532/363/108 534/365/108
f 532/363/108 533/364/108 534/365/108
f 533/364/108 505/336/108 534/365/108
f 535/366/527 536/367/527 537/368/527
f 538/369/528 537/368/528 536/367/528
f 539/366/529 540/367/530 541/368/529
f 542/369/530 541/368/529 540/367/530
f 538/366/531 539/367/532 537/368/533
f 541/369/532 537/368/533 539/367/532
f 536/366/534 540/367/534 538/368/534
f 539/369/534 538/368/534 540/367/534
f 537/366/535 541/367/535 535/368/535
f 542/369/535 535/368/535 541/367/535
f 543/366/536 544/367/536 545/368/536
f 546/369/536 545/368/536 544/367/536
f 547/366/537 548/367/538 549/368/537
f 550/369/538 549/368/537 548/367/538
f 546/366/539 547/367/540 545/368/539
f 549/369/541 545/368/539 547/367/540
f 544/366/542 548/367/542 546/368/542
f 547/369/543 546/368/543 548/367/543
f 545/366/544 549/367/544 543/368/544
f 550/369/544 543/368/544 549/367/544
f 551/264/162 552/265/163 553/266/164
f 552/265/163 554/267/165 553/266/164
f 552/265/163 555/268/166 554/267/165
f 555/268/166 556/269/545 554/267/165
f 555/268/166 557/270/168 556/269/545
f 557/270/168 558/271/546 556/269/545
f 557/272/547 559/273/548 558/274/549
f 559/273/548 560/275/550 558/274/549
f 559/272/174 561/273/175 560/274/176
f 561/273/175 562/275/177 560/274/176
f 561/272/551 563/273/179 562/274/180
f 563/273/179 564/275/181 562/274/180
f 563/272/182 565/273/183 564/274/184
f 565/273/183 566/275/185 564/274/184
f 565/272/108 551/273/108 566/274/108
f 551/273/108 553/275/108 566/274/108
f 567/276/186 568/277/187 551/264/162
f 568/277/187 552/265/163 551/264/162
f 568/277/187 569/278/188 552/265/163
f 569/278/188 555/268/166 552/265/163
f 569/278/188 570/279/552 555/268/166
f 570/279/552 557/270/168 555/268/166
f 570/272/553 571/273/554 557/274/555
f 571/273/554 559/275/556 557/274/555
f 571/272/194 572/273/195 559/274/196
f 572/273/195 561/275/197 559/274/196
f 572/272/198 573/273/199 561/274/200
f 573/273/199 563/275/201 561/274/200
f 573/272/202 574/273/203 563/274/557
f 574/273/203 565/275/205 563/274/557
f 574/272/108 567/273/108 565/274/108
f 567/273/108 551/275/108 565/274/108
f 575/280/206 576/281/207 567/276/186
f 576/281/207 568/277/187 567/276/186
f 576/281/207 577/282/558 568/277/187
f 577/282/558 569/278/188 568/277/187
f 577/282/558 578/283/209 569/278/188
f 578/283/209 570/279/552 569/278/188
f 578/272/559 579/273/560 570/274/561
f 579/273/560 571/275/562 570/274/561
f 579/272/214 580/273/215 571/274/216
f 580/273/215 572/275/217 571/274/216
f 580/272/218 581/273/219 572/274/220
f 581/273/219 573/275/563 572/274/220
f 581/272/219 582/273/222 573/274/563
f 582/273/222 574/275/223 573/274/563
f 582/272/108 575/273/108 574/274/108
f 575/273/108 567/275/108 574/274/108
f 583/284/224 584/285/225 575/280/206
f 584/285/225 576/281/207 575/280/206
f 584/285/225 585/286/226 576/281/207
f 585/286/226 577/282/558 576/281/207
f 585/286/226 586/287/227 577/282/558
f 586/287/227 578/283/209 577/282/558
f 586/272/564 587/273/565 578/274/566
f 587/273/565 579/275/567 578/274/566
f 587/272/232 588/273/233 579/274/234
f 588/273/233 580/275/235 579/274/234
f 588/272/236 589/273/237 580/274/238
f 589/273/237 581/275/568 580/274/238
f 589/272/237 590/273/240 581/274/568
f 590/273/240 582/275/241 581/274/568
f 590/272/108 583/273/108 582/274/108
f 583/273/108 575/275/108 582/274/108
f 591/288/569 592/289/243 583/284/224
f 592/289/243 584/285/225 583/284/224
f 592/289/243 593/227/244 584/285/225
f 593/227/244 585/286/226 584/285/225
f 593/227/244 594/228/245 585/286/226
f 594/228/245 586/287/227 585/286/226
f 594/272/246 595/273/246 586/274/412
f 595/273/246 587/275/412 586/274/412
f 595/272/570 596/273/248 587/274/249
f 596/273/248 588/275/250 587/274/249
f 596/272/251 597/273/252 588/274/253
f 597/273/252 589/275/571 588/274/253
f 597/272/252 598/273/255 589/274/571
f 598/273/255 590/275/256 589/274/571
f 598/272/108 591/273/108 590/274/108
f 591/273/108 583/275/108 590/274/108
f 599/290/257 600/291/572 591/288/569
f 600/291/572 592/289/243 591/288/569
f 600/291/572 601/225/259 592/289/243
f 601/225/259 593/227/244 592/289/243
f 601/225/259 602/226/260 593/227/244
f 602/226/260 594/228/245 593/227/244
f 602/272/106 603/273/106 594/274/246
f 603/273/106 595/275/246 594/274/246
f 603/272/261 604/273/262 595/274/263
f 604/273/262 596/275/264 595/274/263
f 604/272/265 605/273/573 596/274/267
f 605/273/573 597/275/574 596/274/267
f 605/272/573 606/273/269 597/274/574
f 606/273/269 598/275/270 597/274/574
f 606/272/108 599/273/108 598/274/108
f 599/273/108 591/275/108 598/274/108
f 607/292/575 608/293/272 599/290/257
f 608/293/272 600/291/572 599/290/257
f 608/293/272 609/294/273 600/291/572
f 609/294/273 601/225/259 600/291/572
f 609/294/273 610/295/576 601/225/259
f 610/295/576 602/226/260 601/225/259
f 610/272/106 611/273/106 602/274/106
f 611/273/106 603/275/106 602/274/106
f 611/272/577 612/273/276 603/274/277
f 612/273/276 604/275/278 603/274/277
f 612/272/279 613/273/280 604/274/281
f 613/273/280 605/275/282 604/274/281
f 613/272/283 614/273/284 605/274/285
f 614/273/284 606/275/286 605/274/285
f 614/272/108 607/273/108 606/274/108
f 607/273/108 599/275/108 606/274/108
f 615/296/287 616/297/288 607/292/575
f 616/297/288 608/293/272 607/292/575
f 616/297/288 617/298/289 608/293/272
f 617/298/289 609/294/273 608/293/272
f 617/298/289 618/299/578 609/294/273
f 618/299/578 610/295/576 609/294/273
f 618/272/106 619/273/106 610/274/106
f 619/273/106 611/275/106 610/274/106
f 619/272/579 620/273/292 611/274/293
f 620/273/292 612/275/294 611/274/293
f 620/272/295 621/273/580 612/274/297
f 621/273/580 613/275/298 612/274/297
f 621/272/580 622/273/581 613/274/298
f 622/273/581 614/275/300 613/274/298
f 622/272/108 615/273/108 614/274/108
f 615/273/108 607/275/108 614/274/108
f 623/300/301 624/301/302 615/296/287
f 624/301/302 616/297/288 615/296/287
f 624/301/302 625/302/582 616/297/288
f 625/302/582 617/298/289 616/297/288
f 625/302/582 626/303/304 617/298/289
f 626/303/304 618/299/578 617/298/289
f 626/272/106 627/273/106 618/274/106
f 627/273/106 619/275/106 618/274/106
f 627/272/583 628/273/306 619/274/584
f 628/273/306 620/275/585 619/274/584
f 628/272/306 629/273/586 620/274/585
f 629/273/586 621/275/310 620/274/585
f 629/272/586 630/273/587 621/274/310
f 630/273/587 622/275/312 621/274/310
f 630/272/108 623/273/108 622/274/108
f 623/273/108 615/275/108 622/274/108
f 631/272/108 632/273/108 630/274/108
f 632/273/108 623/275/108 630/274/108
f 553/275/313 554/274/313 633/273/588
f 554/275/589 556/274/590 633/273/591
f 556/275/592 558/274/593 633/273/594
f 558/275/595 560/274/596 633/273/597
f 560/275/598 562/274/598 633/273/599
f 562/275/600 564/274/600 633/273/594
f 564/275/326 566/274/326 633/273/588
f 566/275/601 553/274/602 633/273/603
f 634/265/328 635/264/329 636/266/330
f 637/267/331 634/265/328 636/266/330
f 638/268/332 634/265/328 637/267/331
f 639/269/333 638/268/332 637/267/331
f 640/270/334 638/268/332 639/269/333
f 641/271/604 640/270/334 639/269/333
f 642/273/605 640/272/606 641/274/607
f 643/275/608 642/273/605 641/274/607
f 644/273/340 642/272/341 643/274/342
f 645/275/343 644/273/340 643/274/342
f 646/273/344 644/272/609 645/274/346
f 647/275/347 646/273/344 645/274/346
f 648/273/348 646/272/349 647/274/350
f 649/275/610 648/273/348 647/274/350
f 635/273/108 648/272/108 649/274/108
f 636/275/108 635/273/108 649/274/108
f 650/277/352 651/276/353 635/264/329
f 634/265/328 650/277/352 635/264/329
f 652/278/354 650/277/352 634/265/328
f 638/268/332 652/278/354 634/265/328
f 653/279/611 652/278/354 638/268/332
f 640/270/334 653/279/611 638/268/332
f 654/273/356 653/272/612 640/274/613
f 642/275/614 654/273/356 640/274/613
f 655/273/360 654/272/361 642/274/362
f 644/275/363 655/273/360 642/274/362
f 656/273/364 655/272/365 644/274/366
f 646/275/367 656/273/364 644/274/366
f 657/273/368 656/272/369 646/274/370
f 648/275/371 657/273/368 646/274/370
f 651/273/108 657/272/108 648/274/108
f 635/275/108 651/273/108 648/274/108
f 658/281/372 659/280/373 651/276/353
f 650/277/352 658/281/372 651/276/353
f 660/282/374 658/281/372 650/277/352
f 652/278/354 660/282/374 650/277/352
f 661/283/375 660/282/374 652/278/354
f 653/279/611 661/283/375 652/278/354
f 662/273/615 661/272/616 653/274/617
f 654/275/618 662/273/615 653/274/617
f 663/273/380 662/272/381 654/274/382
f 655/275/383 663/273/380 654/274/382
f 664/273/619 663/272/385 655/274/386
f 656/275/620 664/273/619 655/274/386
f 665/273/388 664/272/619 656/274/620
f 657/275/389 665/273/388 656/274/620
f 659/273/108 665/272/108 657/274/108
f 651/275/108 659/273/108 657/274/108
f 666/285/390 667/284/391 659/280/373
f 658/281/372 666/285/390 659/280/373
f 668/286/392 666/285/390 658/281/372
f 660/282/374 668/286/392 658/281/372
f 669/287/393 668/286/392 660/282/374
f 661/283/375 669/287/393 660/282/374
f 670/273/621 669/272/622 661/274/623
f 662/275/624 670/273/621 661/274/623
f 671/273/398 670/272/399 662/274/400
f 663/275/401 671/273/398 662/274/400
f 672/273/625 671/272/403 663/274/404
f 664/275/405 672/273/625 663/274/404
f 673/273/406 672/272/625 664/274/405
f 665/275/407 673/273/406 664/274/405
f 667/273/108 673/272/108 665/274/108
f 659/275/108 667/273/108 665/274/108
f 674/289/408 675/288/626 667/284/391
f 666/285/390 674/289/408 667/284/391
f 676/227/410 674/289/408 666/285/390
f 668/286/392 676/227/410 666/285/390
f 677/228/411 676/227/410 668/286/392
f 669/287/393 677/228/411 668/286/392
f 678/273/412 677/272/412 669/274/106
f 670/275/106 678/273/412 669/274/106
f 679/273/413 678/272/627 670/274/415
f 671/275/416 679/273/413 670/274/415
f 680/273/417 679/272/418 671/274/419
f 672/275/628 680/273/417 671/274/419
f 681/273/421 680/272/417 672/274/628
f 673/275/422 681/273/421 672/274/628
f 675/273/108 681/272/108 673/274/108
f 667/275/108 675/273/108 673/274/108
f 682/291/629 683/290/424 675/288/626
f 674/289/408 682/291/629 675/288/626
f 684/225/425 682/291/629 674/289/408
f 676/227/410 684/225/425 674/289/408
f 685/226/426 684/225/425 676/227/410
f 677/228/411 685/226/426 676/227/410
f 686/273/106 685/272/106 677/274/412
f 678/275/412 686/273/106 677/274/412
f 687/273/427 686/272/428 678/274/429
f 679/275/430 687/273/427 678/274/429
f 688/273/431 687/272/432 679/274/433
f 680/275/434 688/273/431 679/274/433
f 689/273/435 688/272/431 680/274/434
f 681/275/436 689/273/435 680/274/434
f 683/273/108 689/272/108 681/274/108
f 675/275/108 683/273/108 681/274/108
f 690/293/437 691/292/630 683/290/424
f 682/291/629 690/293/437 683/290/424
f 692/294/439 690/293/437 682/291/629
f 684/225/425 692/294/439 682/291/629
f 693/295/631 692/294/439 684/225/425
f 685/226/426 693/295/631 684/225/425
f 694/273/106 693/272/106 685/274/106
f 686/275/106 694/273/106 685/274/106
f 695/273/441 694/272/632 686/274/443
f 687/275/444 695/273/441 686/274/443
f 696/273/445 695/272/446 687/274/447
f 688/275/448 696/273/445 687/274/447
f 697/273/449 696/272/450 688/274/451
f 689/275/452 697/273/449 688/274/451
f 691/273/108 697/272/108 689/274/108
f 683/275/108 691/273/108 689/274/108
f 698/297/453 632/296/454 691/292/630
f 690/293/437 698/297/453 691/292/630
f 699/298/455 698/297/453 690/293/437
f 692/294/439 699/298/455 690/293/437
f 700/299/633 699/298/455 692/294/439
f 693/295/631 700/299/633 692/294/439
f 701/273/106 700/272/106 693/274/106
f 694/275/106 701/273/106 693/274/106
f 702/273/457 701/272/634 694/274/459
f 695/275/460 702/273/457 694/274/459
f 703/273/635 702/272/462 695/274/463
f 696/275/636 703/273/635 695/274/463
f 631/273/637 703/272/635 696/274/636
f 697/275/466 631/273/637 696/274/636
f 632/273/108 631/272/108 697/274/108
f 691/275/108 632/273/108 697/274/108
f 704/301/467 623/300/468 632/296/469
f 698/297/453 704/301/470 632/296/454
f 705/302/638 704/301/470 698/297/453
f 699/298/455 705/302/638 698/297/453
f 626/303/472 705/302/638 699/298/455
f 700/299/633 626/303/472 699/298/455
f 627/273/106 626/272/106 700/274/106
f 701/275/106 627/273/106 700/274/106
f 706/273/639 627/272/640 701/274/641
f 702/275/642 706/273/639 701/274/641
f 707/273/643 706/272/639 702/274/642
f 703/275/478 707/273/643 702/274/642
f 630/273/644 707/272/643 703/274/478
f 631/275/480 630/273/644 703/274/478
f 623/273/108 630/272/108 631/274/108
f 632/275/108 623/273/108 631/274/108
f 615/273/108 622/272/108 630/274/108
f 623/275/108 615/273/108 630/274/108
f 637/274/481 636/275/481 708/273/645
f 639/274/646 637/275/646 708/273/647
f 641/274/648 639/275/648 708/273/649
f 643/274/650 641/275/651 708/273/652
f 645/274/653 643/275/653 708/273/654
f 647/274/493 645/275/493 708/273/655
f 649/274/494 647/275/494 708/273/656
f 636/274/657 649/275/658 708/273/652
f 709/304/106 710/305/106 711/306/106
f 712/307/106 709/304/106 711/306/106
f 713/308/106 712/307/106 711/306/106
f 714/309/106 713/308/106 711/306/106
f 715/310/106 714/309/106 711/306/106
f 716/311/106 715/310/106 711/306/106
f 717/312/106 716/311/106 711/306/106
f 718/313/106 717/312/106 711/306/106
f 719/314/106 718/313/106 711/306/106
f 720/315/106 719/314/106 711/306/106
f 721/316/106 720/315/106 711/306/106
f 722/317/106 721/316/106 711/306/106
f 723/318/106 722/317/106 711/306/106
f 724/319/106 723/318/106 711/306/106
f 725/320/106 724/319/106 711/306/106
f 726/321/106 725/320/106 711/306/106
f 727/322/106 726/321/106 711/306/106
f 728/323/106 727/322/106 711/306/106
f 729/324/106 728/323/106 711/306/106
f 730/325/106 729/324/106 711/306/106
f 731/326/106 730/325/106 711/306/106
f 732/327/106 731/326/106 711/306/106
f 733/328/106 732/327/106 711/306/106
f 734/329/106 733/328/106 711/306/106
f 735/330/106 734/329/106 711/306/106
f 736/331/106 735/330/106 711/306/106
f 737/332/106 736/331/106 711/306/106
f 738/333/106 737/332/106 711/306/106
f 739/334/106 738/333/106 711/306/106
f 710/305/106 739/334/106 711/306/106
f 740/335/497 741/336/107 710/336/107
f 709/335/497 740/335/497 710/336/107
f 742/337/498 740/335/497 709/335/497
f 712/337/498 742/337/498 709/335/497
f 743/338/499 742/337/498 712/337/498
f 713/338/499 743/338/499 712/337/498
f 744/339/659 743/338/499 713/338/499
f 714/339/659 744/339/659 713/338/499
f 745/340/501 744/339/659 714/339/659
f 715/340/501 745/340/501 714/339/659
f 746/341/502 745/340/501 715/340/501
f 716/341/660 746/341/502 715/340/501
f 747/342/503 746/341/502 716/341/660
f 717/342/503 747/342/503 716/341/660
f 748/343/504 747/342/503 717/342/503
f 718/343/504 748/343/504 717/342/503
f 749/344/661 748/343/504 718/343/504
f 719/344/505 749/344/661 718/343/504
f 750/345/506 749/344/661 719/344/505
f 720/345/506 750/345/506 719/344/505
f 751/346/662 750/345/506 720/345/506
f 721/346/662 751/346/662 720/345/506
f 752/347/508 751/346/662 721/346/662
f 722/347/508 752/347/508 721/346/662
f 753/348/509 752/347/508 722/347/508
f 723/348/509 753/348/509 722/347/508
f 754/349/510 753/348/509 723/348/509
f 724/349/510 754/349/510 723/348/509
f 755/350/110 754/349/510 724/349/510
f 725/350/110 755/350/110 724/349/510
f 756/351/511 755/350/110 725/350/110
f 726/351/511 756/351/511 725/350/110
f 757/352/512 756/351/511 726/351/511
f 727/352/512 757/352/512 726/351/511
f 758/353/513 757/352/512 727/352/512
f 728/353/513 758/353/513 727/352/512
f 759/354/514 758/353/513 728/353/513
f 729/354/514 759/354/514 728/353/513
f 760/355/515 759/354/514 729/354/514
f 730/355/515 760/355/515 729/354/514
f 761/356/516 760/355/515 730/355/515
f 731/356/517 761/356/516 730/355/515
f 762/357/518 761/356/516 731/356/517
f 732/357/518 762/357/518 731/356/517
f 763/358/519 762/357/518 732/357/518
f 733/358/519 763/358/519 732/357/518
f 764/359/520 763/358/519 733/358/519
f 734/359/521 764/359/520 733/358/519
f 765/360/522 764/359/520 734/359/521
f 735/360/522 765/360/522 734/359/521
f 766/361/523 765/360/522 735/360/522
f 736/361/523 766/361/523 735/360/522
f 767/362/524 766/361/523 736/361/523
f 737/362/524 767/362/524 736/361/523
f 768/363/525 767/362/524 737/362/524
f 738/363/525 768/363/525 737/362/524
f 769/364/526 768/363/525 738/363/525
f 739/364/526 769/364/526 738/363/525
f 741/336/107 769/364/526 739/364/526
f 710/336/107 741/336/107 739/364/526
f 741/336/108 740/335/108 770/365/108
f 740/335/108 742/337/108 770/365/108
f 742/337/108 743/338/108 770/365/108
f 743/338/108 744/339/108 770/365/108
f 744/339/108 745/340/108 770/365/108
f 745/340/108 746/341/108 770/365/108
f 746/341/108 747/342/108 770/365/108
f 747/342/108 748/343/108 770/365/108
f 748/343/108 749/344/108 770/365/108
f 749/344/108 750/345/108 770/365/108
f 750/345/108 751/346/108 770/365/108
f 751/346/108 752/347/108 770/365/108
f 752/347/108 753/348/108 770/365/108
f 753/348/108 754/349/108 770/365/108
f 754/349/108 755/350/108 770/365/108
f 755/350/108 756/351/108 770/365/108
f 756/351/108 757/352/108 770/365/108
f 757/352/108 758/353/108 770/365/108
f 758/353/108 759/354/108 770/365/108
f 759/354/108 760/355/108 770/365/108
f 760/355/108 761/356/108 770/365/108
f 761/356/108 762/357/108 770/365/108
f 762/357/108 763/358/108 770/365/108
f 763/358/108 764/359/108 770/365/108
f 764/359/108 765/360/108 770/365/108
f 765/360/108 766/361/108 770/365/108
f 766/361/108 767/362/108 770/365/108
f 767/362/108 768/363/108 770/365/108
f 768/363/108 769/364/108 770/365/108
f 769/364/108 741/336/108 770/365/108
f 771/366/663 772/367/663 773/368/663
f 774/369/664 773/368/664 772/367/664
f 775/366/665 776/367/665 777/368/665
f 778/369/665 777/368/665 776/367/665
f 774/366/666 775/367/666 773/368/666
f 777/369/666 773/368/666 775/367/666
f 772/366/542 776/367/542 774/368/542
f 775/369/542 774/368/542 776/367/542
f 773/366/544 777/367/544 771/368/544
f 778/369/544 771/368/544 777/367/544
f 779/366/667 780/367/667 781/368/667
f 782/369/667 781/368/667 780/367/667
f 783/366/668 784/367/669 785/368/668
f 786/369/670 785/368/668 784/367/669
f 782/366/671 783/367/671 781/368/671
f 785/369/672 781/368/671 783/367/671
f 780/366/534 784/367/534 782/368/534
f 783/369/534 782/368/534 784/367/534
f 781/366/535 785/367/535 779/368/535
f 786/369/673 779/368/673 785/367/673
f 787/264/162 788/265/163 789/266/164
f 788/265/163 790/267/165 789/266/164
f 788/265/163 791/268/166 790/267/165
f 791/268/166 792/269/167 790/267/165
f 791/268/166 793/270/168 792/269/167
f 793/270/168 794/271/546 792/269/167
f 793/272/674 795/273/675 794/274/676
f 795/273/675 796/275/173 794/274/676
f 795/272/174 797/273/175 796/274/176
f 797/273/175 798/275/677 796/274/176
f 797/272/551 799/273/179 798/274/180
f 799/273/179 800/275/181 798/274/180
f 799/272/182 801/273/183 800/274/184
f 801/273/183 802/275/185 800/274/184
f 801/272/108 787/273/108 802/274/108
f 787/273/108 789/275/108 802/274/108
f 803/276/186 804/277/187 787/264/162
f 804/277/187 788/265/163 787/264/162
f 804/277/187 805/278/188 788/265/163
f 805/278/188 791/268/166 788/265/163
f 805/278/188 806/279/189 791/268/166
f 806/279/189 793/270/168 791/268/166
f 806/272/678 807/273/679 793/274/680
f 807/273/679 795/275/681 793/274/680
f 807/272/194 808/273/195 795/274/196
f 808/273/195 797/275/197 795/274/196
f 808/272/198 809/273/199 797/274/200
f 809/273/199 799/275/201 797/274/200
f 809/272/202 810/273/203 799/274/204
f 810/273/203 801/275/205 799/274/204
f 810/272/108 803/273/108 801/274/108
f 803/273/108 787/275/108 801/274/108
f 811/280/206 812/281/207 803/276/186
f 812/281/207 804/277/187 803/276/186
f 812/281/207 813/282/558 804/277/187
f 813/282/558 805/278/188 804/277/187
f 813/282/558 814/283/209 805/278/188
f 814/283/209 806/279/189 805/278/188
f 814/272/682 815/273/683 806/274/684
f 815/273/683 807/275/685 806/274/684
f 815/272/214 816/273/215 807/274/216
f 816/273/215 808/275/217 807/274/216
f 816/272/218 817/273/686 808/274/220
f 817/273/686 809/275/687 808/274/220
f 817/272/686 818/273/222 809/274/687
f 818/273/222 810/275/223 809/274/687
f 818/272/108 811/273/108 810/274/108
f 811/273/108 803/275/108 810/274/108
f 819/284/224 820/285/225 811/280/206
f 820/285/225 812/281/207 811/280/206
f 820/285/225 821/286/226 812/281/207
f 821/286/226 813/282/558 812/281/207
f 821/286/226 822/287/227 813/282/558
f 822/287/227 814/283/209 813/282/558
f 822/272/688 823/273/565 814/274/689
f 823/273/565 815/275/690 814/274/689
f 823/272/232 824/273/691 815/274/234
f 824/273/691 816/275/235 815/274/234
f 824/272/236 825/273/692 816/274/238
f 825/273/692 817/275/239 816/274/238
f 825/272/692 826/273/240 817/274/239
f 826/273/240 818/275/241 817/274/239
f 826/272/108 819/273/108 818/274/108
f 819/273/108 811/275/108 818/274/108
f 827/288/569 828/289/243 819/284/224
f 828/289/243 820/285/225 819/284/224
f 828/289/243 829/227/244 820/285/225
f 829/227/244 821/286/226 820/285/225
f 829/227/244 830/228/245 821/286/226
f 830/228/245 822/287/227 821/286/226
f 830/272/246 831/273/246 822/274/412
f 831/273/246 823/275/412 822/274/412
f 831/272/570 832/273/248 823/274/249
f 832/273/248 824/275/250 823/274/249
f 832/272/251 833/273/693 824/274/253
f 833/273/693 825/275/571 824/274/253
f 833/272/693 834/273/255 825/274/571
f 834/273/255 826/275/256 825/274/571
f 834/272/108 827/273/108 826/274/108
f 827/273/108 819/275/108 826/274/108
f 835/290/257 836/291/572 827/288/569
f 836/291/572 828/289/243 827/288/569
f 836/291/572 837/225/259 828/289/243
f 837/225/259 829/227/244 828/289/243
f 837/225/259 838/226/260 829/227/244
f 838/226/260 830/228/245 829/227/244
f 838/272/106 839/273/106 830/274/246
f 839/273/106 831/275/246 830/274/246
f 839/272/261 840/273/262 831/274/263
f 840/273/262 832/275/264 831/274/263
f 840/272/265 841/273/266 832/274/267
f 841/273/266 833/275/694 832/274/267
f 841/272/266 842/273/269 833/274/694
f 842/273/269 834/275/270 833/274/694
f 842/272/108 835/273/108 834/274/108
f 835/273/108 827/275/108 834/274/108
f 843/292/575 844/293/272 835/290/257
f 844/293/272 836/291/572 835/290/257
f 844/293/272 845/294/273 836/291/572
f 845/294/273 837/225/259 836/291/572
f 845/294/273 846/295/576 837/225/259
f 846/295/576 838/226/260 837/225/259
f 846/272/106 847/273/106 838/274/106
f 847/273/106 839/275/106 838/274/106
f 847/272/695 848/273/276 839/274/277
f 848/273/276 840/275/278 839/274/277
f 848/272/279 849/273/280 840/274/281
f 849/273/280 841/275/282 840/274/281
f 849/272/283 850/273/284 841/274/285
f 850/273/284 842/275/286 841/274/285
f 850/272/108 843/273/108 842/274/108
f 843/273/108 835/275/108 842/274/108
f 851/296/287 852/297/288 843/292/575
f 852/297/288 844/293/272 843/292/575
f 852/297/288 853/298/289 844/293/272
f 853/298/289 845/294/273 844/293/272
f 853/298/289 854/299/696 845/294/273
f 854/299/696 846/295/576 845/294/273
f 854/272/106 855/273/106 846/274/106
f 855/273/106 847/275/106 846/274/106
f 855/272/579 856/273/697 847/274/293
f 856/273/697 848/275/294 847/274/293
f 856/272/295 857/273/580 848/274/297
f 857/273/580 849/275/698 848/274/297
f 857/272/580 858/273/299 849/274/698
f 858/273/299 850/275/300 849/274/698
f 858/272/108 851/273/108 850/274/108
f 851/273/108 843/275/108 850/274/108
f 859/300/301 860/301/302 851/296/287
f 860/301/302 852/297/288 851/296/287
f 860/301/302 861/302/303 852/297/288
f 861/302/303 853/298/289 852/297/288
f 861/302/303 862/303/304 853/298/289
f 862/303/304 854/299/696 853/298/289
f 862/272/106 863/273/106 854/274/106
f 863/273/106 855/275/106 854/274/106
f 863/272/305 864/273/306 855/274/307
f 864/273/306 856/275/308 855/274/307
f 864/272/306 865/273/699 856/274/308
f 865/273/699 857/275/700 856/274/308
f 865/272/699 866/273/311 857/274/700
f 866/273/311 858/275/312 857/274/700
f 866/272/108 859/273/108 858/274/108
f 859/273/108 851/275/108 858/274/108
f 867/272/108 868/273/108 866/274/108
f 868/273/108 859/275/108 866/274/108
f 789/275/313 790/274/313 869/273/701
f 790/275/702 792/274/703 869/273/704
f 792/275/705 794/274/705 869/273/701
f 794/275/706 796/274/706 869/273/707
f 796/275/708 798/274/708 869/273/709
f 798/275/710 800/274/711 869/273/701
f 800/275/326 802/274/326 869/273/709
f 802/275/712 789/274/713 869/273/707
f 870/265/328 871/264/329 872/266/330
f 873/267/331 870/265/328 872/266/330
f 874/268/332 870/265/328 873/267/331
f 875/269/333 874/268/332 873/267/331
f 876/270/334 874/268/332 875/269/333
f 877/271/604 876/270/334 875/269/333
f 878/273/714 876/272/715 877/274/716
f 879/275/339 878/273/714 877/274/716
f 880/273/340 878/272/341 879/274/342
f 881/275/717 880/273/340 879/274/342
f 882/273/344 880/272/609 881/274/346
f 883/275/347 882/273/344 881/274/346
f 884/273/348 882/272/349 883/274/350
f 885/275/610 884/273/348 883/274/350
f 871/273/108 884/272/108 885/274/108
f 872/275/108 871/273/108 885/274/108
f 886/277/352 887/276/353 871/264/329
f 870/265/328 886/277/352 871/264/329
f 888/278/354 886/277/352 870/265/328
f 874/268/332 888/278/354 870/265/328
f 889/279/355 888/278/354 874/268/332
f 876/270/334 889/279/355 874/268/332
f 890/273/718 889/272/719 876/274/720
f 878/275/721 890/273/718 876/274/720
f 891/273/360 890/272/361 878/274/362
f 880/275/363 891/273/360 878/274/362
f 892/273/364 891/272/365 880/274/366
f 882/275/367 892/273/364 880/274/366
f 893/273/368 892/272/369 882/274/722
f 884/275/371 893/273/368 882/274/722
f 887/273/108 893/272/108 884/274/108
f 871/275/108 887/273/108 884/274/108
f 894/281/372 895/280/373 887/276/353
f 886/277/352 894/281/372 887/276/353
f 896/282/374 894/281/372 886/277/352
f 888/278/354 896/282/374 886/277/352
f 897/283/375 896/282/374 888/278/354
f 889/279/355 897/283/375 888/278/354
f 898/273/723 897/272/724 889/274/725
f 890/275/726 898/273/723 889/274/725
f 899/273/380 898/272/381 890/274/382
f 891/275/383 899/273/380 890/274/382
f 900/273/727 899/272/385 891/274/386
f 892/275/728 900/273/727 891/274/386
f 901/273/388 900/272/727 892/274/728
f 893/275/389 901/273/388 892/274/728
f 895/273/108 901/272/108 893/274/108
f 887/275/108 895/273/108 893/274/108
f 902/285/390 903/284/391 895/280/373
f 894/281/372 902/285/390 895/280/373
f 904/286/392 902/285/390 894/281/372
f 896/282/374 904/286/392 894/281/372
f 905/287/393 904/286/392 896/282/374
f 897/283/375 905/287/393 896/282/374
f 906/273/729 905/272/730 897/274/731
f 898/275/624 906/273/729 897/274/731
f 907/273/732 906/272/399 898/274/400
f 899/275/401 907/273/732 898/274/400
f 908/273/402 907/272/403 899/274/404
f 900/275/733 908/273/402 899/274/404
f 909/273/406 908/272/402 900/274/733
f 901/275/407 909/273/406 900/274/733
f 903/273/108 909/272/108 901/274/108
f 895/275/108 903/273/108 901/274/108
f 910/289/408 911/288/626 903/284/391
f 902/285/390 910/289/408 903/284/391
f 912/227/410 910/289/408 902/285/390
f 904/286/392 912/227/410 902/285/390
f 913/228/411 912/227/410 904/286/392
f 905/287/393 913/228/411 904/286/392
f 914/273/412 913/272/412 905/274/106
f 906/275/106 914/273/412 905/274/106
f 915/273/413 914/272/627 906/274/415
f 907/275/416 915/273/413 906/274/415
f 916/273/417 915/272/418 907/274/419
f 908/275/628 916/273/417 907/274/419
f 917/273/421 916/272/417 908/274/628
f 909/275/422 917/273/421 908/274/628
f 911/273/108 917/272/108 909/274/108
f 903/275/108 911/273/108 909/274/108
f 918/291/629 919/290/424 911/288/626
f 910/289/408 918/291/629 911/288/626
f 920/225/425 918/291/629 910/289/408
f 912/227/410 920/225/425 910/289/408
f 921/226/426 920/225/425 912/227/410
f 913/228/411 921/226/426 912/227/410
f 922/273/106 921/272/106 913/274/412
f 914/275/412 922/273/106 913/274/412
f 923/273/427 922/272/428 914/274/429
f 915/275/430 923/273/427 914/274/429
f 924/273/431 923/272/432 915/274/433
f 916/275/434 924/273/431 915/274/433
f 925/273/435 924/272/431 916/274/434
f 917/275/436 925/273/435 916/274/434
f 919/273/108 925/272/108 917/274/108
f 911/275/108 919/273/108 917/274/108
f 926/293/437 927/292/630 919/290/424
f 918/291/629 926/293/437 919/290/424
f 928/294/439 926/293/437 918/291/629
f 920/225/425 928/294/439 918/291/629
f 929/295/631 928/294/439 920/225/425
f 921/226/426 929/295/631 920/225/425
f 930/273/106 929/272/106 921/274/106
f 922/275/106 930/273/106 921/274/106
f 931/273/441 930/272/734 922/274/443
f 923/275/444 931/273/441 922/274/443
f 932/273/445 931/272/446 923/274/447
f 924/275/448 932/273/445 923/274/447
f 933/273/449 932/272/450 924/274/451
f 925/275/452 933/273/449 924/274/451
f 927/273/108 933/272/108 925/274/108
f 919/275/108 927/273/108 925/274/108
f 934/297/453 868/296/454 927/292/630
f 926/293/437 934/297/453 927/292/630
f 935/298/455 934/297/453 926/293/437
f 928/294/439 935/298/455 926/293/437
f 936/299/633 935/298/455 928/294/439
f 929/295/631 936/299/633 928/294/439
f 937/273/106 936/272/106 929/274/106
f 930/275/106 937/273/106 929/274/106
f 938/273/735 937/272/634 930/274/459
f 931/275/460 938/273/735 930/274/459
f 939/273/635 938/272/462 931/274/463
f 932/275/464 939/273/635 931/274/463
f 867/273/465 939/272/635 932/274/464
f 933/275/466 867/273/465 932/274/464
f 868/273/108 867/272/108 933/274/108
f 927/275/108 868/273/108 933/274/108
f 940/301/467 859/300/468 868/296/469
f 934/297/453 940/301/470 868/296/454
f 941/302/471 940/301/470 934/297/453
f 935/298/455 941/302/471 934/297/453
f 862/303/472 941/302/471 935/298/455
f 936/299/633 862/303/472 935/298/455
f 863/273/106 862/272/106 936/274/106
f 937/275/106 863/273/106 936/274/106
f 942/273/639 863/272/474 937/274/475
f 938/275/476 942/273/639 937/274/475
f 943/273/736 942/272/639 938/274/476
f 939/275/737 943/273/736 938/274/476
f 866/273/479 943/272/736 939/274/737
f 867/275/480 866/273/479 939/274/737
f 859/273/108 866/272/108 867/274/108
f 868/275/108 859/273/108 867/274/108
f 851/273/108 858/272/108 866/274/108
f 859/275/108 851/273/108 866/274/108
f 873/274/481 872/275/481 944/273/738
f 875/274/739 873/275/740 944/273/741
f 877/274/742 875/275/742 944/273/738
f 879/274/743 877/275/743 944/273/744
f 881/274/745 879/275/745 944/273/746
f 883/274/747 881/275/747 944/273/748
f 885/274/494 883/275/494 944/273/749
f 872/274/750 885/275/751 944/273/744
f 945/304/106 946/305/106 947/306/106
f 948/307/106 945/304/106 947/306/106
f 949/308/106 948/307/106 947/306/106
f 950/309/106 949/308/106 947/306/106
f 951/310/106 950/309/106 947/306/106
f 952/311/106 951/310/106 947/306/106
f 953/312/106 952/311/106 947/306/106
f 954/313/106 953/312/106 947/306/106
f 955/314/106 954/313/106 947/306/106
f 956/315/106 955/314/106 947/306/106
f 957/316/106 956/315/106 947/306/106
f 958/317/106 957/316/106 947/306/106
f 959/318/106 958/317/106 947/306/106
f 960/319/106 959/318/106 947/306/106
f 961/320/106 960/319/106 947/306/106
f 962/321/106 961/320/106 947/306/106
f 963/322/106 962/321/106 947/306/106
f 964/323/106 963/322/106 947/306/106
f 965/324/106 964/323/106 947/306/106
f 966/325/106 965/324/106 947/306/106
f 967/326/106 966/325/106 947/306/106
f 968/327/106 967/326/106 947/306/106
f 969/328/106 968/327/106 947/306/106
f 970/329/106 969/328/106 947/306/106
f 971/330/106 970/329/106 947/306/106
f 972/331/106 971/330/106 947/306/106
f 973/332/106 972/331/106 947/306/106
f 974/333/106 973/332/106 947/306/106
f 975/334/106 974/333/106 947/306/106
f 946/305/106 975/334/106 947/306/106
f 976/335/497 977/336/107 946/336/107
f 945/335/497 976/335/497 946/336/107
f 978/337/498 976/335/497 945/335/497
f 948/337/752 978/337/498 945/335/497
f 979/338/499 978/337/498 948/337/752
f 949/338/499 979/338/499 948/337/752
f 980/339/659 979/338/499 949/338/499
f 950/339/659 980/339/659 949/338/499
f 981/340/501 980/339/659 950/339/659
f 951/340/501 981/340/501 950/339/659
f 982/341/502 981/340/501 951/340/501
f 952/341/660 982/341/502 951/340/501
f 983/342/503 982/341/502 952/341/660
f 953/342/503 983/342/503 952/341/660
f 984/343/504 983/342/503 953/342/503
f 954/343/504 984/343/504 953/342/503
f 985/344/661 984/343/504 954/343/504
f 955/344/505 985/344/661 954/343/504
f 986/345/506 985/344/661 955/344/505
f 956/345/506 986/345/506 955/344/505
f 987/346/662 986/345/506 956/345/506
f 957/346/662 987/346/662 956/345/506
f 988/347/508 987/346/662 957/346/662
f 958/347/508 988/347/508 957/346/662
f 989/348/753 988/347/508 958/347/508
f 959/348/509 989/348/753 958/347/508
f 990/349/510 989/348/753 959/348/509
f 960/349/510 990/349/510 959/348/509
f 991/350/110 990/349/510 960/349/510
f 961/350/110 991/350/110 960/349/510
f 992/351/511 991/350/110 961/350/110
f 962/351/511 992/351/511 961/350/110
f 993/352/754 992/351/511 962/351/511
f 963/352/754 993/352/754 962/351/511
f 994/353/513 993/352/754 963/352/754
f 964/353/513 994/353/513 963/352/754
f 995/354/514 994/353/513 964/353/513
f 965/354/514 995/354/514 964/353/513
f 996/355/515 995/354/514 965/354/514
f 966/355/515 996/355/515 965/354/514
f 997/356/516 996/355/515 966/355/515
f 967/356/516 997/356/516 966/355/515
f 998/357/518 997/356/516 967/356/516
f 968/357/518 998/357/518 967/356/516
f 999/358/519 998/357/518 968/357/518
f 969/358/519 999/358/519 968/357/518
f 1000/359/521 999/358/519 969/358/519
f 970/359/521 1000/359/521 969/358/519
f 1001/360/522 1000/359/521 970/359/521
f 971/360/522 1001/360/522 970/359/521
f 1002/361/523 1001/360/522 971/360/522
f 972/361/523 1002/361/523 971/360/522
f 1003/362/524 1002/361/523 972/361/523
f 973/362/524 1003/362/524 972/361/523
f 1004/363/755 1003/362/524 973/362/524
f 974/363/755 1004/363/755 973/362/524
f 1005/364/526 1004/363/755 974/363/755
f 975/364/526 1005/364/526 974/363/755
f 977/336/107 1005/364/526 975/364/526
f 946/336/107 977/336/107 975/364/526
f 977/336/108 976/335/108 1006/365/108
f 976/335/108 978/337/108 1006/365/108
f 978/337/108 979/338/108 1006/365/108
f 979/338/108 980/339/108 1006/365/108
f 980/339/108 981/340/108 1006/365/108
f 981/340/108 982/341/108 1006/365/108
f 982/341/108 983/342/108 1006/365/108
f 983/342/108 984/343/108 1006/365/108
f 984/343/108 985/344/108 1006/365/108
f 985/344/108 986/345/108 1006/365/108
f 986/345/108 987/346/108 1006/365/108
f 987/346/108 988/347/108 1006/365/108
f 988/347/108 989/348/108 1006/365/108
f 989/348/108 990/349/108 1006/365/108
f 990/349/108 991/350/108 1006/365/108
f 991/350/108 992/351/108 1006/365/108
f 992/351/108 993/352/108 1006/365/108
f 993/352/108 994/353/108 1006/365/108
f 994/353/108 995/354/108 1006/365/108
f 995/354/108 996/355/108 1006/365/108
f 996/355/108 997/356/108 1006/365/108
f 997/356/108 998/357/108 1006/365/108
f 998/357/108 999/358/108 1006/365/108
f 999/358/108 1000/359/108 1006/365/108
f 1000/359/108 1001/360/108 1006/365/108
f 1001/360/108 1002/361/108 1006/365/108
f 1002/361/108 1003/362/108 1006/365/108
f 1003/362/108 1004/363/108 1006/365/108
f 1004/363/108 1005/364/108 1006/365/108
f 1005/364/108 977/336/108 1006/365/108
f 1007/366/756 1008/367/756 1009/368/756
f 1010/369/757 1009/368/757 1008/367/757
f 1011/366/665 1012/367/665 1013/368/665
f 1014/369/665 1013/368/665 1012/367/665
f 1010/366/666 1011/367/666 1009/368/666
f 1013/369/758 1009/368/666 1011/367/666
f 1008/366/542 1012/367/542 1010/368/542
f 1011/369/542 1010/368/542 1012/367/542
f 1009/366/544 1013/367/544 1007/368/544
f 1014/369/544 1007/368/544 1013/367/544
f 1015/366/759 1016/367/759 1017/368/759
f 1018/369/760 1017/368/760 1016/367/760
f 1019/366/668 1020/367/761 1021/368/668
f 1022/369/761 1021/368/668 1020/367/761
f 1018/366/762 1019/367/671 1017/368/763
f 1021/369/672 1017/368/763 1019/367/671
f 1016/366/534 1020/367/534 1018/368/534
f 1019/369/534 1018/368/534 1020/367/534
f 1017/366/535 1021/367/535 1015/368/535
f 1022/369/673 1015/368/673 1021/367/673
f 1023/370/108 1024/371/108 1025/372/108
f 1024/371/108 1026/373/108 1025/372/108
f 1026/373/108 1027/374/108 1025/372/108
f 1027/374/108 1028/375/108 1025/372/108
f 1028/375/108 1029/376/108 1025/372/108
f 1029/376/108 1030/377/108 1025/372/108
f 1030/377/108 1031/378/108 1025/372/108
f 1031/378/108 1032/379/108 1025/372/108
f 1032/379/108 1033/380/108 1025/372/108
f 1033/380/108 1034/381/108 1025/372/108
f 1034/381/108 1035/382/108 1025/372/108
f 1035/382/108 1036/383/108 1025/372/108
f 1036/383/108 1037/384/108 1025/372/108
f 1037/384/108 1038/385/108 1025/372/108
f 1038/385/108 1039/386/108 1025/372/108
f 1039/386/108 1040/387/108 1025/372/108
f 1040/387/108 1041/388/108 1025/372/108
f 1041/388/108 1042/389/108 1025/372/108
f 1042/389/108 1043/390/108 1025/372/108
f 1043/390/108 1044/391/108 1025/372/108
f 1044/391/108 1045/392/108 1025/372/108
f 1045/392/108 1046/393/108 1025/372/108
f 1046/393/108 1047/394/108 1025/372/108
f 1047/394/108 1048/395/108 1025/372/108
f 1048/395/108 1049/396/108 1025/372/108
f 1049/396/108 1050/397/108 1025/372/108
f 1050/397/108 1051/398/108 1025/372/108
f 1051/398/108 1052/399/108 1025/372/108
f 1052/399/108 1053/400/108 1025/372/108
f 1053/400/108 1023/370/108 1025/372/108
f 1054/401/764 1055/402/765 1056/403/766
f 1057/404/767 1054/401/764 1056/403/766
f 1058/405/767 1057/404/767 1056/403/766
f 1059/406/768 1058/405/767 1056/403/766
f 1060/407/769 1059/406/768 1056/403/766
f 1061/408/769 1060/407/769 1056/403/766
f 1062/409/770 1061/408/769 1056/403/766
f 1063/410/771 1062/409/770 1056/403/766
f 1064/411/771 1063/410/771 1056/403/766
f 1065/412/772 1064/411/771 1056/403/766
f 1066/413/773 1065/412/772 1056/403/766
f 1067/414/773 1066/413/773 1056/403/766
f 1068/415/774 1067/414/773 1056/403/766
f 1069/416/775 1068/415/774 1056/403/766
f 1070/417/776 1069/416/775 1056/403/766
f 1071/418/777 1070/417/776 1056/403/766
f 1072/419/778 1071/418/777 1056/403/766
f 1073/420/779 1072/419/778 1056/403/766
f 1074/421/780 1073/420/779 1056/403/766
f 1075/422/781 1074/421/780 1056/403/766
f 1076/423/782 1075/422/781 1056/403/766
f 1077/424/783 1076/423/782 1056/403/766
f 1078/425/784 1077/424/783 1056/403/766
f 1079/426/785 1078/425/784 1056/403/766
f 1080/427/786 1079/426/785 1056/403/766
f 1081/428/787 1080/427/786 1056/403/766
f 1082/429/788 1081/428/787 1056/403/766
f 1083/430/789 1082/429/788 1056/403/766
f 1084/431/790 1083/430/789 1056/403/766
f 1055/402/765 1084/431/790 1056/403/766
f 1024/432/791 1023/433/791 1055/434/791
f 1054/435/791 1024/432/791 1055/434/791
f 1026/432/498 1024/433/498 1054/434/498
f 1057/435/498 1026/432/498 1054/434/498
f 1085/432/499 1026/433/499 1057/434/499
f 1058/435/499 1085/432/499 1057/434/499
f 1028/432/500 1085/433/500 1058/434/500
f 1059/435/500 1028/432/500 1058/434/500
f 1029/432/501 1028/433/501 1059/434/501
f 1060/435/501 1029/432/501 1059/434/501
f 1030/432/502 1029/433/502 1060/434/502
f 1061/435/502 1030/432/502 1060/434/502
f 1031/432/503 1030/433/503 1061/434/503
f 1062/435/503 1031/432/503 1061/434/503
f 1032/432/504 1031/433/504 1062/434/504
f 1063/435/504 1032/432/504 1062/434/504
f 1086/432/505 1032/433/505 1063/434/505
f 1064/435/505 1086/432/505 1063/434/505
f 1087/432/506 1086/433/506 1064/434/506
f 1065/435/506 1087/432/506 1064/434/506
f 1035/432/662 1087/433/662 1065/434/662
f 1066/435/662 1035/432/662 1065/434/662
f 1036/432/508 1035/433/508 1066/434/508
f 1067/435/508 1036/432/508 1066/434/508
f 1037/432/509 1036/433/509 1067/434/509
f 1068/435/509 1037/432/509 1067/434/509
f 1038/432/792 1037/433/792 1068/434/792
f 1069/435/792 1038/432/792 1068/434/792
f 1088/432/110 1038/433/110 1069/434/110
f 1070/435/110 1088/432/110 1069/434/110
f 1089/432/511 1088/433/511 1070/434/511
f 1071/435/511 1089/432/511 1070/434/511
f 1090/432/512 1089/433/512 1071/434/512
f 1072/435/512 1090/432/512 1071/434/512
f 1091/432/513 1090/433/513 1072/434/513
f 1073/435/513 1091/432/513 1072/434/513
f 1092/432/793 1091/433/793 1073/434/793
f 1074/435/793 1092/432/793 1073/434/793
f 1093/432/515 1092/433/515 1074/434/515
f 1075/435/515 1093/432/515 1074/434/515
f 1094/432/516 1093/433/516 1075/434/516
f 1076/435/516 1094/432/516 1075/434/516
f 1095/432/518 1094/433/518 1076/434/518
f 1077/435/518 1095/432/518 1076/434/518
f 1096/432/519 1095/433/519 1077/434/519
f 1078/435/519 1096/432/519 1077/434/519
f 1097/432/521 1096/433/521 1078/434/521
f 1079/435/521 1097/432/521 1078/434/521
f 1098/432/522 1097/433/522 1079/434/522
f 1080/435/522 1098/432/522 1079/434/522
f 1099/432/794 1098/433/794 1080/434/794
f 1081/435/794 1099/432/794 1080/434/794
f 1100/432/524 1099/433/524 1081/434/524
f 1082/435/524 1100/432/524 1081/434/524
f 1101/432/525 1100/433/525 1082/434/525
f 1083/435/525 1101/432/525 1082/434/525
f 1102/432/526 1101/433/526 1083/434/526
f 1084/435/526 1102/432/526 1083/434/526
f 1023/432/107 1102/433/107 1084/434/107
f 1055/435/107 1023/432/107 1084/434/107
f 1103/67/795 1104/65/796 1105/66/797
f 1106/68/795 1103/67/795 1105/66/797
f 1107/69/798 1103/67/795 1106/68/795
f 1108/70/798 1107/69/798 1106/68/795
f 1109/71/799 1107/69/798 1108/70/798
f 1110/72/799 1109/71/799 1108/70/798
f 1111/73/800 1109/71/799 1110/72/799
f 1112/74/800 1111/73/800 1110/72/799
f 1113/85/801 1111/73/800 1112/74/800
f 1114/436/801 1113/85/801 1112/74/800
f 1115/73/802 1113/85/801 1114/436/801
f 1116/74/802 1115/73/802 1114/436/801
f 1117/71/803 1115/73/802 1116/74/802
f 1118/72/803 1117/71/803 1116/74/802
f 1119/69/804 1117/71/803 1118/72/803
f 1120/70/804 1119/69/804 1118/72/803
f 1121/67/805 1119/69/804 1120/70/804
f 1122/68/806 1121/67/805 1120/70/804
f 1123/30/807 1121/67/805 1122/68/806
f 1124/31/808 1123/30/807 1122/68/806
f 1125/29/809 1123/30/807 1124/31/808
f 1126/32/809 1125/29/809 1124/31/808
f 1127/41/810 1125/29/809 1126/32/809
f 1128/42/810 1127/41/810 1126/32/809
f 1129/47/811 1127/41/810 1128/42/810
f 1130/48/811 1129/47/811 1128/42/810
f 1131/49/812 1129/47/811 1130/48/811
f 1132/50/812 1131/49/812 1130/48/811
f 1133/63/813 1131/49/812 1132/50/812
f 1134/64/813 1133/63/813 1132/50/812
f 1135/49/814 1133/63/813 1134/64/813
f 1136/50/814 1135/49/814 1134/64/813
f 1137/47/815 1135/49/814 1136/50/814
f 1138/48/815 1137/47/815 1136/50/814
f 1139/41/816 1137/47/815 1138/48/815
f 1140/42/816 1139/41/816 1138/48/815
f 1141/29/817 1139/41/816 1140/42/816
f 1142/32/818 1141/29/817 1140/42/816
f 1104/65/796 1141/29/817 1142/32/818
f 1105/66/797 1104/65/796 1142/32/818
f 1104/65/819 1103/67/108 1143/65/820
f 1103/67/108 1107/69/108 1143/65/820
f 1107/69/108 1109/71/108 1143/65/820
f 1109/71/108 1111/73/108 1143/65/820
f 1111/73/108 1113/85/108 1143/65/820
f 1113/85/108 1115/73/108 1143/65/820
f 1115/73/108 1117/71/108 1143/65/820
f 1117/71/108 1119/69/108 1143/65/820
f 1119/69/108 1121/67/821 1143/65/820
f 1121/67/821 1123/30/822 1143/65/820
f 1123/30/822 1125/29/823 1143/65/820
f 1125/29/823 1127/41/824 1143/65/820
f 1127/41/824 1129/47/825 1143/65/820
f 1129/47/825 1131/49/826 1143/65/820
f 1131/49/826 1133/63/827 1143/65/820
f 1133/63/827 1135/49/828 1143/65/820
f 1135/49/828 1137/47/829 1143/65/820
f 1137/47/829 1139/41/830 1143/65/820
f 1139/41/830 1141/29/831 1143/65/820
f 1141/29/831 1104/65/819 1143/65/820
f 1144/437/106 1145/438/832 1146/439/833
f 1147/440/106 1144/437/106 1146/439/833
f 1148/441/106 1147/440/106 1146/439/833
f 1149/442/106 1148/441/106 1146/439/833
f 1150/443/106 1149/442/106 1146/439/833
f 1151/444/106 1150/443/106 1146/439/833
f 1152/445/106 1151/444/106 1146/439/833
f 1153/446/106 1152/445/106 1146/439/833
f 1154/447/834 1153/446/106 1146/439/833
f 1155/448/835 1154/447/834 1146/439/833
f 1156/449/836 1155/448/835 1146/439/833
f 1157/450/837 1156/449/836 1146/439/833
f 1158/451/838 1157/450/837 1146/439/833
f 1159/452/839 1158/451/838 1146/439/833
f 1160/453/840 1159/452/839 1146/439/833
f 1161/454/841 1160/453/840 1146/439/833
f 1162/455/842 1161/454/841 1146/439/833
f 1163/456/843 1162/455/842 1146/439/833
f 1164/457/844 1163/456/843 1146/439/833
f 1145/438/832 1164/457/844 1146/439/833
f 1165/458/845 1166/459/846 1145/438/847
f 1144/437/848 1165/458/845 1145/438/847
f 1167/460/849 1165/458/845 1144/437/848
f 1147/440/850 1167/460/849 1144/437/848
f 1168/461/851 1167/460/849 1147/440/850
f 1148/441/851 1168/461/851 1147/440/850
f 1169/462/852 1168/461/851 1148/441/851
f 1149/442/853 1169/462/852 1148/441/851
f 1170/463/854 1169/462/852 1149/442/853
f 1150/443/855 1170/463/854 1149/442/853
f 1171/464/856 1170/463/854 1150/443/855
f 1151/444/856 1171/464/856 1150/443/855
f 1172/465/857 1171/464/856 1151/444/856
f 1152/445/858 1172/465/857 1151/444/856
f 1173/466/859 1172/465/857 1152/445/858
f 1153/446/860 1173/466/859 1152/445/858
f 1174/467/861 1173/466/859 1153/446/860
f 1154/447/861 1174/467/861 1153/446/860
f 1175/468/862 1174/467/861 1154/447/861
f 1155/448/863 1175/468/862 1154/447/861
f 1176/469/864 1175/468/862 1155/448/863
f 1156/449/865 1176/469/864 1155/448/863
f 1177/470/866 1176/469/864 1156/449/865
f 1157/450/867 1177/470/866 1156/449/865
f 1178/471/868 1177/470/866 1157/450/867
f 1158/451/869 1178/471/868 1157/450/867
f 1179/472/870 1178/471/868 1158/451/869
f 1159/452/870 1179/472/870 1158/451/869
f 1180/473/871 1179/472/870 1159/452/870
f 1160/453/872 1180/473/871 1159/452/870
f 1181/474/873 1180/473/871 1160/453/872
f 1161/454/874 1181/474/873 1160/453/872
f 1182/475/875 1181/474/873 1161/454/874
f 1162/455/876 1182/475/875 1161/454/874
f 1183/476/877 1182/475/875 1162/455/876
f 1163/456/877 1183/476/877 1162/455/876
f 1184/477/878 1183/476/877 1163/456/877
f 1164/457/878 1184/477/878 1163/456/877
f 1166/459/846 1184/477/878 1164/457/878
f 1145/438/847 1166/459/846 1164/457/878
f 1166/459/819 1165/458/108 1185/439/820
f 1165/458/108 1167/460/108 1185/439/820
f 1167/460/108 1168/461/108 1185/439/820
f 1168/461/108 1169/462/108 1185/439/820
f 1169/462/108 1170/463/108 1185/439/820
f 1170/463/108 1171/464/108 1185/439/820
f 1171/464/108 1172/465/108 1185/439/820
f 1172/465/108 1173/466/108 1185/439/820
f 1173/466/108 1174/467/821 1185/439/820
f 1174/467/821 1175/468/879 1185/439/820
f 1175/468/879 1176/469/880 1185/439/820
f 1176/469/880 1177/470/881 1185/439/820
f 1177/470/881 1178/471/882 1185/439/820
f 1178/471/882 1179/472/883 1185/439/820
f 1179/472/883 1180/473/884 1185/439/820
f 1180/473/884 1181/474/885 1185/439/820
f 1181/474/885 1182/475/886 1185/439/820
f 1182/475/886 1183/476/887 1185/439/820
f 1183/476/887 1184/477/888 1185/439/820
f 1184/477/888 1166/459/819 1185/439/820
f 1186/478/109 1187/478/109 1188/479/109
f 1188/479/109 1189/479/109 1186/478/109
f 1190/480/105 1191/481/105 1192/481/105
f 1192/481/105 1193/480/105 1190/480/105
f 1191/481/889 1189/479/889 1188/479/889
f 1188/479/889 1192/481/889 1191/481/889
f 1190/480/890 1186/478/890 1189/479/890
f 1189/479/890 1191/481/890 1190/480/890
f 1192/481/891 1188/479/891 1187/478/891
f 1187/478/891 1193/480/891 1192/481/891
f 1194/478/109 1195/478/109 1196/479/109
f 1197/479/109 1196/479/109 1195/478/109
f 1198/481/892 1199/480/893 1200/481/892
f 1201/480/893 1200/481/892 1199/480/893
f 1197/479/894 1198/481/894 1196/479/894
f 1200/481/894 1196/479/894 1198/481/894
f 1195/478/895 1199/480/895 1197/479/895
f 1198/481/895 1197/479/895 1199/480/895
f 1196/479/896 1200/481/896 1194/478/896
f 1201/480/896 1194/478/896 1200/481/896
f 1202/478/109 1203/478/109 1204/479/109
f 1204/479/109 1205/479/109 1202/478/109
f 1206/480/893 1207/481/893 1208/481/893
f 1208/481/892 1209/480/892 1206/480/892
f 1207/481/889 1205/479/889 1204/479/889
f 1204/479/889 1208/481/889 1207/481/889
f 1206/480/890 1202/478/890 1205/479/890
f 1205/479/890 1207/481/890 1206/480/890
f 1208/481/891 1204/479/891 1203/478/891
f 1203/478/891 1209/480/891 1208/481/891
f 1210/478/897 1211/478/897 1212/479/897
f 1213/479/898 1212/479/898 1211/478/144
f 1214/481/899 1215/480/105 1216/481/105
f 1217/480/105 1216/481/105 1215/480/105
f 1213/479/894 1214/481/894 1212/479/894
f 1216/481/894 1212/479/894 1214/481/894
f 1211/478/895 1215/480/895 1213/479/895
f 1214/481/895 1213/479/895 1215/480/895
f 1212/479/896 1216/481/896 1210/478/896
f 1217/480/896 1210/478/896 1216/481/896
