# Blender 5.1.0
# www.blender.org
mtllib stit_5l.mtl
o stit_5l
v -0.000700 2.871507 0.074768
v -0.009578 2.870036 0.075004
v -0.060193 3.048803 0.054404
v -0.051121 3.048772 0.054169
v 0.000170 2.871381 0.084387
v -0.050883 3.049956 0.063163
v -0.008723 2.869953 0.084622
v -0.059955 3.049987 0.063399
v -0.066242 3.064689 0.050892
v -0.057550 3.067250 0.050402
v -0.051080 3.047423 0.054386
v -0.060154 3.047443 0.054543
v -0.075550 3.087066 0.047693
v -0.067969 3.091993 0.046910
v -0.087701 3.105551 0.045213
v -0.081869 3.112430 0.044205
v -0.105851 3.121210 0.043662
v -0.102257 3.129464 0.042513
v -0.123495 3.125160 0.043170
v -0.122442 3.134094 0.041975
v -0.135391 3.125458 0.043778
v -0.136966 3.134322 0.042639
v -0.066084 3.065874 0.059888
v -0.059996 3.048628 0.063539
v -0.075392 3.088250 0.056688
v -0.087542 3.106734 0.054209
v -0.105693 3.122394 0.052658
v -0.123337 3.126344 0.052166
v -0.135232 3.126642 0.052774
v -0.057391 3.068434 0.059398
v -0.050922 3.048607 0.063381
v -0.067811 3.093176 0.055906
v -0.081710 3.113614 0.053201
v -0.102099 3.130648 0.051508
v -0.122283 3.135279 0.050972
v -0.136808 3.135507 0.051635
v -0.006053 2.854207 0.071519
v -0.004906 2.852707 0.080396
v -0.008786 2.869965 0.084544
v -0.009609 2.870069 0.074965
v -0.003554 2.841338 0.060465
v -0.002179 2.836537 0.068042
v -0.002321 2.835955 0.046910
v -0.000833 2.827065 0.047967
v 0.002898 2.855354 0.070557
v -0.000658 2.871489 0.074490
v 0.005396 2.842580 0.059627
v 0.006629 2.837453 0.046910
v 0.004045 2.853854 0.079433
v 0.000165 2.871386 0.084069
v 0.006772 2.837779 0.067204
v 0.008117 2.828563 0.047967
v -0.130301 3.115477 0.062906
v -0.154501 3.115477 0.062906
v -0.154501 3.115477 0.038706
v -0.130301 3.115477 0.038706
v -0.130301 3.145728 0.062906
v -0.154501 3.145728 0.062906
v -0.130301 3.145728 0.038706
v -0.154501 3.145728 0.038706
v 0.013204 2.817168 0.013893
v 0.013204 2.817168 0.050193
v -0.010996 2.817168 0.050193
v -0.010996 2.817168 0.013893
v 0.013204 2.853468 0.013893
v -0.010996 2.853468 0.013893
v -0.010996 2.853468 0.050193
v 0.013204 2.853468 0.050193
v -0.221053 2.918799 0.044914
v -0.237337 2.918799 0.034193
v -0.239762 2.918799 0.006469
v -0.225587 2.918799 -0.006918
v -0.042589 2.918799 0.042662
v -0.049444 2.918799 -0.035689
v -0.221053 2.949049 0.044914
v -0.225587 2.949049 -0.006918
v -0.239762 2.949049 0.006469
v -0.237337 2.949049 0.034193
v -0.042589 2.949049 0.042662
v -0.049444 2.949049 -0.035689
v -0.002697 2.952074 -0.042815
v -0.075021 2.952074 -0.036488
v -0.076075 2.952074 -0.048542
v -0.003752 2.952074 -0.054869
v -0.002697 2.964174 -0.042815
v -0.003752 2.964174 -0.054869
v -0.076075 2.964174 -0.048542
v -0.075021 2.964174 -0.036488
v 0.005740 2.952074 0.053616
v -0.066584 2.952074 0.059944
v -0.067639 2.952074 0.047890
v 0.004685 2.952074 0.041563
v 0.005740 2.964174 0.053616
v 0.004685 2.964174 0.041563
v -0.067639 2.964174 0.047890
v -0.066584 2.964174 0.059944
v -0.002697 2.903716 -0.042815
v -0.075021 2.903716 -0.036488
v -0.076075 2.903716 -0.048542
v -0.003752 2.903716 -0.054869
v -0.002697 2.915816 -0.042815
v -0.003752 2.915816 -0.054869
v -0.076075 2.915816 -0.048542
v -0.075021 2.915816 -0.036488
v 0.005740 2.903716 0.053616
v -0.066584 2.903716 0.059944
v -0.067639 2.903716 0.047890
v 0.004685 2.903716 0.041563
v 0.005740 2.915816 0.053616
v 0.004685 2.915816 0.041563
v -0.067639 2.915816 0.047890
v -0.066584 2.915816 0.059944
v 0.000994 2.903505 -0.000626
v -0.003752 2.903505 -0.054869
v 0.010449 2.903505 -0.054249
v 0.024006 2.903505 -0.049975
v 0.035994 2.903505 -0.042337
v 0.045597 2.903505 -0.031858
v 0.052160 2.903505 -0.019249
v 0.055236 2.903505 -0.005372
v 0.054617 2.903505 0.008829
v 0.050343 2.903505 0.022385
v 0.042705 2.903505 0.034374
v 0.032225 2.903505 0.043977
v 0.019617 2.903505 0.050540
v 0.005740 2.903505 0.053616
v 0.019617 2.915605 0.050540
v 0.005740 2.915605 0.053616
v 0.032225 2.915605 0.043977
v 0.042705 2.915605 0.034374
v 0.050343 2.915605 0.022385
v 0.054617 2.915605 0.008829
v 0.055236 2.915605 -0.005372
v 0.052160 2.915605 -0.019249
v 0.045597 2.915605 -0.031858
v 0.035994 2.915605 -0.042337
v 0.024006 2.915605 -0.049975
v 0.010449 2.915605 -0.054249
v -0.003752 2.915605 -0.054869
v 0.000994 2.915605 -0.000626
v 0.000994 2.952074 -0.000626
v 0.010449 2.952074 -0.054249
v 0.024006 2.952074 -0.049975
v 0.035994 2.952074 -0.042337
v 0.045597 2.952074 -0.031858
v 0.052160 2.952074 -0.019249
v 0.055236 2.952074 -0.005372
v 0.054617 2.952074 0.008829
v 0.050343 2.952074 0.022385
v 0.042705 2.952074 0.034374
v 0.032225 2.952074 0.043977
v 0.019617 2.952074 0.050540
v 0.019617 2.964174 0.050540
v 0.032225 2.964174 0.043977
v 0.042705 2.964174 0.034374
v 0.050343 2.964174 0.022385
v 0.054617 2.964174 0.008829
v 0.055236 2.964174 -0.005372
v 0.052160 2.964174 -0.019249
v 0.045597 2.964174 -0.031858
v 0.035994 2.964174 -0.042337
v 0.024006 2.964174 -0.049975
v 0.010449 2.964174 -0.054249
v 0.000994 2.964174 -0.000626
v -0.029292 2.897019 0.062755
v -0.047373 2.897019 0.064336
v -0.057919 2.897019 -0.056203
v -0.039838 2.897019 -0.057785
v -0.029292 2.969619 0.062755
v -0.039838 2.969619 -0.057785
v -0.057919 2.969619 -0.056203
v -0.047373 2.969619 0.064336
v -0.229920 3.420151 0.025649
v -0.220880 3.420151 0.024858
v -0.221937 3.420151 0.012805
v -0.230978 3.420151 0.013595
v -0.229920 3.377802 0.025649
v -0.230978 3.377802 0.013595
v -0.221937 3.377802 0.012805
v -0.220880 3.377802 0.024858
v -0.002816 3.408814 -0.042805
v -0.075140 3.408814 -0.036477
v -0.076195 3.408814 -0.048531
v -0.003871 3.408814 -0.054859
v -0.002816 3.420914 -0.042805
v -0.003871 3.420914 -0.054859
v -0.076195 3.420914 -0.048531
v -0.075140 3.420914 -0.036477
v -0.049260 3.450389 0.006807
v -0.049787 3.450389 0.000780
v -0.213633 3.403453 0.015115
v -0.213105 3.403453 0.021142
v -0.049391 3.403659 0.006818
v -0.049918 3.403659 0.000791
v -0.123279 3.397657 0.028466
v -0.248632 3.397657 0.033360
v -0.250631 3.397509 0.009242
v -0.126443 3.397657 -0.007696
v -0.042657 3.397657 0.042668
v -0.049512 3.397657 -0.035683
v -0.123279 3.403707 0.028466
v -0.126443 3.403707 -0.007696
v -0.250631 3.403560 0.009242
v -0.248632 3.403707 0.033360
v -0.042657 3.403707 0.042668
v -0.049512 3.403707 -0.035683
v -0.029301 3.380551 0.062755
v -0.047383 3.380551 0.064337
v -0.057928 3.380551 -0.056202
v -0.039847 3.380551 -0.057784
v -0.029301 3.453152 0.062755
v -0.039847 3.453152 -0.057784
v -0.057928 3.453152 -0.056202
v -0.047383 3.453152 0.064337
v 0.005620 3.408814 0.053627
v -0.066703 3.408814 0.059954
v -0.067758 3.408814 0.047900
v 0.004566 3.408814 0.041573
v 0.005620 3.420914 0.053627
v 0.004566 3.420914 0.041573
v -0.067758 3.420914 0.047900
v -0.066703 3.420914 0.059954
v 0.000875 3.408814 -0.000616
v 0.010330 3.408814 -0.054239
v 0.023886 3.408814 -0.049965
v 0.035875 3.408814 -0.042327
v 0.045478 3.408814 -0.031847
v 0.052041 3.408814 -0.019239
v 0.055117 3.408814 -0.005362
v 0.054498 3.408814 0.008839
v 0.050223 3.408814 0.022396
v 0.042586 3.408814 0.034384
v 0.032106 3.408814 0.043987
v 0.019498 3.408814 0.050550
v 0.000875 3.420914 -0.000616
v 0.019498 3.420914 0.050550
v 0.032106 3.420914 0.043987
v 0.042586 3.420914 0.034384
v 0.050223 3.420914 0.022396
v 0.054498 3.420914 0.008839
v 0.055117 3.420914 -0.005362
v 0.052041 3.420914 -0.019239
v 0.045478 3.420914 -0.031847
v 0.035875 3.420914 -0.042327
v 0.023886 3.420914 -0.049965
v 0.010330 3.420914 -0.054239
v -0.156550 3.248929 0.093655
v -0.134731 3.216912 0.384250
v -0.163227 3.233452 0.093655
v -0.138836 3.197934 0.384035
v -0.128106 3.215711 0.475000
v -0.135560 3.197870 0.474785
v -0.123400 3.219110 0.517768
v -0.133940 3.198001 0.487156
v -0.123980 3.219284 0.517768
v -0.134464 3.198304 0.487156
v -0.128686 3.215886 0.475000
v -0.136084 3.198173 0.474785
v -0.135311 3.217085 0.384250
v -0.139360 3.198237 0.384035
v -0.157130 3.249103 0.093655
v -0.163751 3.233754 0.093655
v -0.153623 3.265530 0.093655
v -0.131250 3.237104 0.384250
v -0.124691 3.234787 0.475000
v -0.119999 3.237251 0.533883
v -0.120603 3.237286 0.533883
v -0.125295 3.234822 0.475000
v -0.131854 3.237139 0.384250
v -0.154227 3.265565 0.093655
v -0.154603 3.282358 0.093655
v -0.132230 3.258218 0.384250
v -0.125867 3.254015 0.475000
v -0.126010 3.256182 0.547032
v -0.126605 3.256077 0.547032
v -0.126463 3.253910 0.475000
v -0.132825 3.258114 0.384250
v -0.155199 3.282253 0.093655
v -0.159438 3.298507 0.093655
v -0.138204 3.277858 0.384250
v -0.132580 3.274274 0.475000
v -0.135804 3.273629 0.553650
v -0.136359 3.273389 0.553650
v -0.133135 3.274033 0.475000
v -0.138759 3.277619 0.384250
v -0.159993 3.298267 0.093655
v -0.167866 3.313106 0.093655
v -0.148297 3.295484 0.384250
v -0.144641 3.291864 0.475000
v -0.149165 3.290089 0.553650
v -0.149650 3.289727 0.553650
v -0.145126 3.291502 0.475000
v -0.148782 3.295123 0.384250
v -0.168351 3.312745 0.093655
v -0.179433 3.325367 0.093655
v -0.163603 3.310528 0.384250
v -0.160963 3.308457 0.475000
v -0.165722 3.303405 0.553650
v -0.166110 3.302942 0.553650
v -0.161352 3.307993 0.475000
v -0.163991 3.310064 0.384250
v -0.179822 3.324903 0.093655
v -0.193517 3.334629 0.093655
v -0.182888 3.322039 0.384250
v -0.181429 3.318689 0.475000
v -0.184365 3.313977 0.553650
v -0.184636 3.313437 0.553650
v -0.181700 3.318148 0.475000
v -0.183160 3.321498 0.384250
v -0.193789 3.334089 0.093655
v -0.209357 3.340395 0.093655
v -0.203535 3.328976 0.384250
v -0.202770 3.325323 0.475000
v -0.205091 3.321350 0.553650
v -0.205231 3.320761 0.553650
v -0.202909 3.324734 0.475000
v -0.203675 3.328387 0.384250
v -0.209497 3.339806 0.093655
v -0.226100 3.342351 0.093655
v -0.226117 3.331288 0.384250
v -0.226106 3.327486 0.475000
v -0.226100 3.324191 0.553650
v -0.226100 3.323585 0.553650
v -0.226106 3.326881 0.475000
v -0.226117 3.330682 0.384250
v -0.226100 3.341747 0.093655
v -0.242703 3.339806 0.093655
v -0.242843 3.340395 0.093655
v -0.135822 3.198022 0.460737
v -0.317469 3.216912 0.384250
v -0.295650 3.248929 0.093655
v -0.288974 3.233452 0.093655
v -0.313364 3.197934 0.384035
v -0.324094 3.215711 0.475000
v -0.316640 3.197870 0.474785
v -0.328800 3.219110 0.517768
v -0.318260 3.198001 0.487156
v -0.328220 3.219284 0.517768
v -0.317736 3.198304 0.487156
v -0.323514 3.215886 0.475000
v -0.316116 3.198173 0.474785
v -0.316889 3.217085 0.384250
v -0.312840 3.198237 0.384035
v -0.295071 3.249103 0.093655
v -0.288450 3.233754 0.093655
v -0.320950 3.237104 0.384250
v -0.298577 3.265530 0.093655
v -0.327510 3.234787 0.475000
v -0.332201 3.237251 0.533883
v -0.331598 3.237286 0.533883
v -0.326905 3.234822 0.475000
v -0.320346 3.237139 0.384250
v -0.297974 3.265565 0.093655
v -0.319971 3.258218 0.384250
v -0.297597 3.282358 0.093655
v -0.326333 3.254015 0.475000
v -0.326191 3.256182 0.547032
v -0.325595 3.256077 0.547032
v -0.325738 3.253910 0.475000
v -0.319375 3.258114 0.384250
v -0.297001 3.282253 0.093655
v -0.313996 3.277858 0.384250
v -0.292763 3.298507 0.093655
v -0.319620 3.274274 0.475000
v -0.316396 3.273629 0.553650
v -0.315841 3.273389 0.553650
v -0.319065 3.274033 0.475000
v -0.313441 3.277619 0.384250
v -0.292207 3.298267 0.093655
v -0.303903 3.295484 0.384250
v -0.284334 3.313106 0.093655
v -0.307559 3.291864 0.475000
v -0.303036 3.290089 0.553650
v -0.302550 3.289727 0.553650
v -0.307074 3.291502 0.475000
v -0.303418 3.295123 0.384250
v -0.283849 3.312745 0.093655
v -0.288597 3.310528 0.384250
v -0.272766 3.325367 0.093655
v -0.291237 3.308457 0.475000
v -0.286479 3.303405 0.553650
v -0.286090 3.302942 0.553650
v -0.290848 3.307993 0.475000
v -0.288208 3.310064 0.384250
v -0.272378 3.324903 0.093655
v -0.269312 3.322039 0.384250
v -0.258683 3.334629 0.093655
v -0.270772 3.318689 0.475000
v -0.267835 3.313977 0.553650
v -0.267564 3.313437 0.553650
v -0.270500 3.318148 0.475000
v -0.269041 3.321498 0.384250
v -0.258411 3.334089 0.093655
v -0.248665 3.328976 0.384250
v -0.249431 3.325323 0.475000
v -0.247109 3.321350 0.553650
v -0.246970 3.320761 0.553650
v -0.249292 3.324734 0.475000
v -0.248526 3.328387 0.384250
v -0.226083 3.331288 0.384250
v -0.226094 3.327486 0.475000
v -0.226094 3.326881 0.475000
v -0.226083 3.330682 0.384250
v -0.316378 3.198022 0.460737
v -0.156270 3.254909 0.099705
v -0.154710 3.269752 0.099705
v -0.226100 3.269752 0.099705
v -0.160882 3.240714 0.099705
v -0.168344 3.227790 0.099705
v -0.178331 3.216698 0.099705
v -0.190405 3.207926 0.099705
v -0.204039 3.201856 0.099705
v -0.218638 3.198753 0.099705
v -0.233562 3.198753 0.099705
v -0.248161 3.201856 0.099705
v -0.261795 3.207926 0.099705
v -0.273869 3.216698 0.099705
v -0.283856 3.227790 0.099705
v -0.291318 3.240714 0.099705
v -0.295930 3.254909 0.099705
v -0.297490 3.269752 0.099705
v -0.295930 3.284594 0.099705
v -0.291318 3.298789 0.099705
v -0.283856 3.311713 0.099705
v -0.273869 3.322805 0.099705
v -0.261795 3.331577 0.099705
v -0.248161 3.337647 0.099705
v -0.233562 3.340750 0.099705
v -0.218638 3.340750 0.099705
v -0.204039 3.337647 0.099705
v -0.190405 3.331577 0.099705
v -0.178331 3.322805 0.099705
v -0.168344 3.311713 0.099705
v -0.160882 3.298789 0.099705
v -0.156270 3.284594 0.099705
v -0.156270 3.254909 0.093655
v -0.154710 3.269752 0.093655
v -0.160882 3.240714 0.093655
v -0.168344 3.227790 0.093655
v -0.178331 3.216698 0.093655
v -0.190405 3.207926 0.093655
v -0.204039 3.201856 0.093655
v -0.218638 3.198753 0.093655
v -0.233562 3.198753 0.093655
v -0.248161 3.201856 0.093655
v -0.261795 3.207926 0.093655
v -0.273869 3.216698 0.093655
v -0.283856 3.227790 0.093655
v -0.291318 3.240714 0.093655
v -0.295930 3.254909 0.093655
v -0.297490 3.269752 0.093655
v -0.295930 3.284594 0.093655
v -0.291318 3.298789 0.093655
v -0.283856 3.311713 0.093655
v -0.273869 3.322805 0.093655
v -0.261795 3.331577 0.093655
v -0.248161 3.337647 0.093655
v -0.233562 3.340750 0.093655
v -0.218638 3.340750 0.093655
v -0.204039 3.337647 0.093655
v -0.190405 3.331577 0.093655
v -0.178331 3.322805 0.093655
v -0.168344 3.311713 0.093655
v -0.160882 3.298789 0.093655
v -0.156270 3.284594 0.093655
v -0.226100 3.269752 0.093655
v -0.435375 3.184571 0.082695
v -0.441011 3.184308 0.084880
v -0.322160 3.266620 0.384644
v -0.327795 3.266357 0.386828
v -0.325463 3.248785 0.390729
v -0.438679 3.166737 0.088781
v -0.319827 3.249047 0.388544
v -0.433043 3.167000 0.086596
v -0.007745 3.185053 0.086170
v -0.013380 3.184789 0.083985
v -0.127617 3.267101 0.385538
v -0.133253 3.266838 0.383354
v -0.134159 3.249266 0.387807
v -0.014287 3.167218 0.088439
v -0.128523 3.249529 0.389991
v -0.008650 3.167481 0.090623
v -0.156550 3.064405 0.093655
v -0.134731 3.032387 0.384250
v -0.163227 3.048927 0.093655
v -0.138836 3.013409 0.384035
v -0.128106 3.031187 0.475000
v -0.135560 3.013346 0.474785
v -0.123400 3.034586 0.517768
v -0.133940 3.013476 0.487156
v -0.123980 3.034759 0.517768
v -0.134464 3.013779 0.487156
v -0.128686 3.031361 0.475000
v -0.136084 3.013648 0.474785
v -0.135311 3.032560 0.384250
v -0.139360 3.013712 0.384035
v -0.157130 3.064578 0.093655
v -0.163751 3.049229 0.093655
v -0.153623 3.081005 0.093655
v -0.131250 3.052579 0.384250
v -0.124691 3.050262 0.475000
v -0.119999 3.052726 0.533883
v -0.120603 3.052761 0.533883
v -0.125295 3.050297 0.475000
v -0.131854 3.052614 0.384250
v -0.154227 3.081040 0.093655
v -0.154603 3.097834 0.093655
v -0.132230 3.073693 0.384250
v -0.125867 3.069490 0.475000
v -0.126010 3.071657 0.547032
v -0.126605 3.071552 0.547032
v -0.126463 3.069385 0.475000
v -0.132825 3.073588 0.384250
v -0.155199 3.097729 0.093655
v -0.159438 3.113982 0.093655
v -0.138204 3.093333 0.384250
v -0.132580 3.089749 0.475000
v -0.135804 3.089104 0.553650
v -0.136359 3.088865 0.553650
v -0.133135 3.089508 0.475000
v -0.138759 3.093094 0.384250
v -0.159993 3.113742 0.093655
v -0.167866 3.128580 0.093655
v -0.148297 3.110959 0.384250
v -0.144641 3.107338 0.475000
v -0.149165 3.105563 0.553650
v -0.149650 3.105202 0.553650
v -0.145126 3.106977 0.475000
v -0.148782 3.110597 0.384250
v -0.168351 3.128219 0.093655
v -0.179433 3.140841 0.093655
v -0.163603 3.126003 0.384250
v -0.160963 3.123932 0.475000
v -0.165722 3.118881 0.553650
v -0.166110 3.118417 0.553650
v -0.161352 3.123468 0.475000
v -0.163991 3.125539 0.384250
v -0.179822 3.140378 0.093655
v -0.193517 3.150105 0.093655
v -0.182888 3.137514 0.384250
v -0.181429 3.134164 0.475000
v -0.184365 3.129452 0.553650
v -0.184636 3.128912 0.553650
v -0.181700 3.133623 0.475000
v -0.183160 3.136973 0.384250
v -0.193789 3.149564 0.093655
v -0.209357 3.155870 0.093655
v -0.203535 3.144451 0.384250
v -0.202770 3.140798 0.475000
v -0.205091 3.136825 0.553650
v -0.205231 3.136237 0.553650
v -0.202909 3.140210 0.475000
v -0.203675 3.143862 0.384250
v -0.209497 3.155281 0.093655
v -0.226100 3.157827 0.093655
v -0.226117 3.146763 0.384250
v -0.226106 3.142961 0.475000
v -0.226100 3.139665 0.553650
v -0.226100 3.139060 0.553650
v -0.226106 3.142356 0.475000
v -0.226117 3.146158 0.384250
v -0.226100 3.157222 0.093655
v -0.242703 3.155281 0.093655
v -0.242843 3.155870 0.093655
v -0.135822 3.013497 0.460737
v -0.317469 3.032387 0.384250
v -0.295650 3.064405 0.093655
v -0.288974 3.048927 0.093655
v -0.313364 3.013409 0.384035
v -0.324094 3.031187 0.475000
v -0.316640 3.013346 0.474785
v -0.328800 3.034586 0.517768
v -0.318260 3.013476 0.487156
v -0.328220 3.034759 0.517768
v -0.317736 3.013779 0.487156
v -0.323514 3.031361 0.475000
v -0.316116 3.013648 0.474785
v -0.316889 3.032560 0.384250
v -0.312840 3.013712 0.384035
v -0.295071 3.064578 0.093655
v -0.288450 3.049229 0.093655
v -0.320950 3.052579 0.384250
v -0.298577 3.081005 0.093655
v -0.327510 3.050262 0.475000
v -0.332201 3.052726 0.533883
v -0.331598 3.052761 0.533883
v -0.326905 3.050297 0.475000
v -0.320346 3.052614 0.384250
v -0.297974 3.081040 0.093655
v -0.319971 3.073693 0.384250
v -0.297597 3.097834 0.093655
v -0.326333 3.069490 0.475000
v -0.326191 3.071657 0.547032
v -0.325595 3.071552 0.547032
v -0.325738 3.069385 0.475000
v -0.319375 3.073588 0.384250
v -0.297001 3.097729 0.093655
v -0.313996 3.093333 0.384250
v -0.292763 3.113982 0.093655
v -0.319620 3.089749 0.475000
v -0.316396 3.089104 0.553650
v -0.315841 3.088865 0.553650
v -0.319065 3.089508 0.475000
v -0.313441 3.093094 0.384250
v -0.292207 3.113742 0.093655
v -0.303903 3.110959 0.384250
v -0.284334 3.128580 0.093655
v -0.307559 3.107338 0.475000
v -0.303036 3.105563 0.553650
v -0.302550 3.105202 0.553650
v -0.307074 3.106977 0.475000
v -0.303418 3.110597 0.384250
v -0.283849 3.128219 0.093655
v -0.288597 3.126003 0.384250
v -0.272766 3.140841 0.093655
v -0.291237 3.123932 0.475000
v -0.286479 3.118881 0.553650
v -0.286090 3.118417 0.553650
v -0.290848 3.123468 0.475000
v -0.288208 3.125539 0.384250
v -0.272378 3.140378 0.093655
v -0.269312 3.137514 0.384250
v -0.258683 3.150105 0.093655
v -0.270772 3.134164 0.475000
v -0.267835 3.129452 0.553650
v -0.267564 3.128912 0.553650
v -0.270500 3.133623 0.475000
v -0.269041 3.136973 0.384250
v -0.258411 3.149564 0.093655
v -0.248665 3.144451 0.384250
v -0.249431 3.140798 0.475000
v -0.247109 3.136825 0.553650
v -0.246970 3.136237 0.553650
v -0.249292 3.140210 0.475000
v -0.248526 3.143862 0.384250
v -0.226083 3.146763 0.384250
v -0.226094 3.142961 0.475000
v -0.226094 3.142356 0.475000
v -0.226083 3.146158 0.384250
v -0.316378 3.013497 0.460737
v -0.156270 3.070384 0.099705
v -0.154710 3.085227 0.099705
v -0.226100 3.085227 0.099705
v -0.160882 3.056190 0.099705
v -0.168344 3.043265 0.099705
v -0.178331 3.032173 0.099705
v -0.190405 3.023401 0.099705
v -0.204039 3.017331 0.099705
v -0.218638 3.014228 0.099705
v -0.233562 3.014228 0.099705
v -0.248161 3.017331 0.099705
v -0.261795 3.023401 0.099705
v -0.273869 3.032173 0.099705
v -0.283856 3.043265 0.099705
v -0.291318 3.056190 0.099705
v -0.295930 3.070384 0.099705
v -0.297490 3.085227 0.099705
v -0.295930 3.100069 0.099705
v -0.291318 3.114264 0.099705
v -0.283856 3.127189 0.099705
v -0.273869 3.138280 0.099705
v -0.261795 3.147052 0.099705
v -0.248161 3.153122 0.099705
v -0.233562 3.156226 0.099705
v -0.218638 3.156226 0.099705
v -0.204039 3.153122 0.099705
v -0.190405 3.147052 0.099705
v -0.178331 3.138280 0.099705
v -0.168344 3.127189 0.099705
v -0.160882 3.114264 0.099705
v -0.156270 3.100069 0.099705
v -0.156270 3.070384 0.093655
v -0.154710 3.085227 0.093655
v -0.160882 3.056190 0.093655
v -0.168344 3.043265 0.093655
v -0.178331 3.032173 0.093655
v -0.190405 3.023401 0.093655
v -0.204039 3.017331 0.093655
v -0.218638 3.014228 0.093655
v -0.233562 3.014228 0.093655
v -0.248161 3.017331 0.093655
v -0.261795 3.023401 0.093655
v -0.273869 3.032173 0.093655
v -0.283856 3.043265 0.093655
v -0.291318 3.056190 0.093655
v -0.295930 3.070384 0.093655
v -0.297490 3.085227 0.093655
v -0.295930 3.100069 0.093655
v -0.291318 3.114264 0.093655
v -0.283856 3.127189 0.093655
v -0.273869 3.138280 0.093655
v -0.261795 3.147052 0.093655
v -0.248161 3.153122 0.093655
v -0.233562 3.156226 0.093655
v -0.218638 3.156226 0.093655
v -0.204039 3.153122 0.093655
v -0.190405 3.147052 0.093655
v -0.178331 3.138280 0.093655
v -0.168344 3.127189 0.093655
v -0.160882 3.114264 0.093655
v -0.156270 3.100069 0.093655
v -0.226100 3.085227 0.093655
v -0.011190 3.202885 0.084880
v -0.016825 3.202623 0.082695
v -0.124405 3.120837 0.386828
v -0.130041 3.120573 0.384644
v -0.127708 3.103002 0.380743
v -0.014493 3.185051 0.078795
v -0.122073 3.103264 0.382928
v -0.008857 3.185314 0.080980
v -0.438704 3.202885 0.083986
v -0.444340 3.202623 0.086171
v -0.318830 3.120837 0.383353
v -0.324466 3.120573 0.385537
v -0.325372 3.103002 0.381085
v -0.445246 3.185051 0.081717
v -0.319736 3.103264 0.378900
v -0.439611 3.185314 0.079533
v -0.156022 3.049520 -0.012222
v -0.148418 3.072922 -0.012222
v -0.148418 3.072922 0.093653
v -0.156022 3.049520 0.093653
v -0.170486 3.029612 -0.012222
v -0.170486 3.029612 0.093653
v -0.190394 3.015148 -0.012222
v -0.190394 3.015148 0.093653
v -0.213796 3.007544 -0.012222
v -0.213796 3.007544 0.093653
v -0.238403 3.007544 -0.012222
v -0.238403 3.007544 0.093653
v -0.261807 3.015148 -0.012222
v -0.261807 3.015148 0.093653
v -0.281714 3.029612 -0.012222
v -0.281714 3.029612 0.093653
v -0.296178 3.049520 -0.012222
v -0.296178 3.049520 0.093653
v -0.303782 3.072922 -0.012222
v -0.303782 3.072922 0.093653
v -0.303782 3.282598 -0.012525
v -0.303782 3.282598 0.093350
v -0.296178 3.306002 -0.012525
v -0.296178 3.306002 0.093350
v -0.281714 3.325909 -0.012525
v -0.281714 3.325909 0.093350
v -0.261807 3.340372 -0.012525
v -0.261807 3.340372 0.093350
v -0.238403 3.347976 -0.012525
v -0.238403 3.347976 0.093350
v -0.213796 3.347976 -0.012525
v -0.213796 3.347976 0.093350
v -0.190394 3.340372 -0.012525
v -0.190394 3.340372 0.093350
v -0.170486 3.325909 -0.012525
v -0.170486 3.325909 0.093350
v -0.156022 3.306001 -0.012525
v -0.156022 3.306001 0.093350
v -0.148418 3.282598 -0.012525
v -0.148418 3.282598 0.093350
v -0.226100 3.085226 -0.012222
v -0.156024 3.049527 -0.011617
v -0.148435 3.072901 -0.011617
v -0.226100 3.085226 -0.011617
v -0.170476 3.029602 -0.011617
v -0.190369 3.015142 -0.011617
v -0.213797 3.007530 -0.011617
v -0.238364 3.007542 -0.011617
v -0.261816 3.015156 -0.011617
v -0.281724 3.029611 -0.011617
v -0.296164 3.049479 -0.011617
v -0.303782 3.072911 -0.011617
v -0.303792 3.282479 -0.011920
v -0.296169 3.305856 -0.011920
v -0.281680 3.325819 -0.011920
v -0.261858 3.340203 -0.011920
v -0.238403 3.347826 -0.011920
v -0.213810 3.347826 -0.011920
v -0.190406 3.340243 -0.011920
v -0.170466 3.325752 -0.011920
v -0.156031 3.305869 -0.011920
v -0.148418 3.282469 -0.011920
v -0.204538 3.074239 -0.026742
v -0.202198 3.081440 -0.026742
v -0.208988 3.068114 -0.026742
v -0.215113 3.063664 -0.026742
v -0.222315 3.061324 -0.026742
v -0.229886 3.061324 -0.026742
v -0.237087 3.063664 -0.026742
v -0.243212 3.068114 -0.026742
v -0.247662 3.074239 -0.026742
v -0.250002 3.081440 -0.026742
v -0.250002 3.273934 -0.027045
v -0.247662 3.281135 -0.027045
v -0.243212 3.287260 -0.027045
v -0.237087 3.291711 -0.027045
v -0.229886 3.294051 -0.027045
v -0.222315 3.294051 -0.027045
v -0.215113 3.291711 -0.027045
v -0.208988 3.287260 -0.027045
v -0.204538 3.281135 -0.027045
v -0.202198 3.273934 -0.027045
v -0.226100 3.085226 -0.026742
v -0.456245 3.194732 0.080145
v -0.453220 3.194732 0.085385
v -0.296036 3.194732 -0.005365
v -0.299061 3.194732 -0.010605
v -0.456245 3.176582 0.080145
v -0.299061 3.176582 -0.010605
v -0.296036 3.176582 -0.005365
v -0.453220 3.176582 0.085385
v 0.001019 3.194731 0.085385
v 0.004044 3.194731 0.080145
v -0.156165 3.194731 -0.005365
v -0.153140 3.194731 -0.010605
v -0.153140 3.176582 -0.010605
v 0.004044 3.176582 0.080145
v -0.156165 3.176582 -0.005365
v 0.001019 3.176582 0.085385
v 0.032625 3.058033 0.084578
v 0.021318 3.004835 0.084578
v -0.226100 3.085225 0.084578
v -0.000804 2.955151 0.084578
v -0.032771 2.911151 0.084578
v -0.073188 2.874759 0.084578
v -0.120287 2.847566 0.084578
v -0.172012 2.830761 0.084578
v -0.226100 2.825076 0.084578
v -0.280188 2.830761 0.084578
v -0.331913 2.847566 0.084578
v -0.379013 2.874760 0.084578
v -0.419430 2.911151 0.084578
v -0.451397 2.955151 0.084578
v -0.473518 3.004835 0.084578
v -0.484825 3.058033 0.084578
v -0.484825 3.296795 0.084578
v -0.473518 3.349992 0.084578
v -0.451397 3.399677 0.084578
v -0.419430 3.443676 0.084578
v -0.379013 3.480068 0.084578
v -0.331913 3.507261 0.084578
v -0.280188 3.524067 0.084578
v -0.226100 3.529752 0.084578
v -0.172012 3.524067 0.084578
v -0.120287 3.507261 0.084578
v -0.073188 3.480067 0.084578
v -0.032771 3.443676 0.084578
v -0.000804 3.399677 0.084578
v 0.021318 3.349992 0.084578
v 0.032625 3.296795 0.084578
v 0.021318 3.004835 0.093653
v 0.032625 3.058033 0.093653
v -0.226100 3.177296 0.093517
v -0.000804 2.955151 0.093653
v -0.032771 2.911151 0.093653
v -0.073188 2.874760 0.093653
v -0.120287 2.847567 0.093653
v -0.172012 2.830761 0.093653
v -0.226100 2.825076 0.093653
v -0.280188 2.830761 0.093653
v -0.331913 2.847567 0.093653
v -0.379013 2.874760 0.093653
v -0.419430 2.911151 0.093653
v -0.451397 2.955151 0.093653
v -0.473518 3.004835 0.093653
v -0.484825 3.058033 0.093653
v -0.484825 3.296600 0.093818
v -0.473518 3.349798 0.093818
v -0.451397 3.399481 0.093818
v -0.419430 3.443481 0.093818
v -0.379013 3.479872 0.093818
v -0.331913 3.507065 0.093818
v -0.280188 3.523872 0.093818
v -0.226100 3.529557 0.093818
v -0.172012 3.523872 0.093818
v -0.120287 3.507065 0.093818
v -0.073188 3.479872 0.093818
v -0.032771 3.443481 0.093818
v -0.000804 3.399481 0.093818
v 0.021318 3.349798 0.093818
v 0.032625 3.296599 0.093818
v -0.000803 2.955151 0.084578
v -0.073188 2.874760 0.084578
v -0.120287 2.847567 0.084578
v -0.331913 2.847567 0.084578
v -0.484825 3.296600 0.084743
v -0.473518 3.349798 0.084743
v -0.451397 3.399481 0.084743
v -0.419430 3.443481 0.084743
v -0.379013 3.479872 0.084743
v -0.331913 3.507065 0.084743
v -0.280188 3.523872 0.084743
v -0.226100 3.529557 0.084743
v -0.172012 3.523872 0.084743
v -0.120287 3.507065 0.084743
v -0.073188 3.479872 0.084743
v -0.032771 3.443481 0.084743
v -0.000804 3.399481 0.084743
v 0.021318 3.349798 0.084743
v 0.032625 3.296599 0.084743
v -0.244250 3.026724 0.009602
v -0.256350 3.026724 0.009602
v -0.244250 3.026724 0.039852
v -0.256350 3.026724 0.039852
v -0.256350 2.965616 0.009602
v -0.244250 2.965617 0.009602
v -0.244250 2.965617 0.039852
v -0.256350 2.965617 0.039852
v -0.195850 3.026724 0.009602
v -0.207950 3.026724 0.009602
v -0.195850 3.026724 0.039852
v -0.207950 3.026724 0.039852
v -0.207950 2.965616 0.009602
v -0.195850 2.965616 0.009602
v -0.195850 2.965616 0.039852
v -0.207950 2.965616 0.039852
v -0.243343 2.949046 -0.011573
v -0.208858 2.949046 -0.011573
v -0.257863 2.949046 0.009602
v -0.194338 2.949046 0.009602
v -0.194338 2.958121 0.009602
v -0.208858 2.958121 -0.011573
v -0.257863 2.958121 0.009602
v -0.243343 2.958121 -0.011573
v -0.185263 2.991396 0.009602
v -0.194338 2.991396 0.009602
v -0.185263 2.991396 0.039852
v -0.194338 2.991396 0.039852
v -0.194338 2.949046 0.039852
v -0.185263 2.949046 0.039852
v -0.185263 2.949046 0.009602
v -0.257863 2.991396 0.009602
v -0.266938 2.991396 0.009602
v -0.257863 2.991396 0.039852
v -0.266938 2.991396 0.039852
v -0.266938 2.949046 0.039852
v -0.266938 2.949046 0.009602
v -0.257863 2.949046 0.039852
v -0.194338 2.958121 0.039852
v -0.257863 2.958121 0.039852
v -0.180725 2.982321 0.021702
v -0.271475 2.982321 0.021702
v -0.180725 2.982321 0.027752
v -0.271475 2.982321 0.027752
v -0.271475 2.973246 0.027752
v -0.271475 2.973246 0.021702
v -0.180725 2.973246 0.027752
v -0.180725 2.973246 0.021702
v -0.230638 3.382561 0.080029
v -0.221563 3.382561 0.080029
v -0.230638 3.382561 -0.077271
v -0.221563 3.382561 -0.077271
v -0.221563 3.373486 -0.077271
v -0.221563 3.373486 0.080029
v -0.230638 3.373486 -0.077271
v -0.230638 3.373486 0.080029
v -0.236688 3.382805 0.084952
v -0.215513 3.382805 0.084952
v -0.236688 3.382805 0.066802
v -0.215513 3.382805 0.066802
v -0.215513 3.346505 0.066802
v -0.215513 3.346505 0.084952
v -0.236688 3.346505 0.066802
v -0.236688 3.346505 0.084952
v -0.001803 3.600575 0.075403
v -0.010681 3.599104 0.075639
v -0.061296 3.777871 0.055039
v -0.052224 3.777840 0.054804
v -0.000933 3.600449 0.085022
v -0.051986 3.779024 0.063798
v -0.009826 3.599021 0.085257
v -0.061058 3.779055 0.064034
v -0.067345 3.793757 0.051527
v -0.058653 3.796318 0.051037
v -0.052183 3.776490 0.055021
v -0.061257 3.776511 0.055178
v -0.076653 3.816133 0.048328
v -0.069072 3.821060 0.047545
v -0.088804 3.834618 0.045848
v -0.082972 3.841498 0.044840
v -0.106954 3.850278 0.044297
v -0.103360 3.858531 0.043148
v -0.124598 3.854227 0.043805
v -0.123545 3.863162 0.042610
v -0.136494 3.854526 0.044413
v -0.138069 3.863390 0.043274
v -0.067187 3.794942 0.060523
v -0.061099 3.777696 0.064174
v -0.076495 3.817318 0.057323
v -0.088645 3.835803 0.054844
v -0.106796 3.851463 0.053293
v -0.124440 3.855412 0.052801
v -0.136335 3.855710 0.053409
v -0.058494 3.797502 0.060033
v -0.052025 3.777675 0.064016
v -0.068914 3.822244 0.056541
v -0.082813 3.842682 0.053836
v -0.103202 3.859716 0.052143
v -0.123386 3.864346 0.051607
v -0.137911 3.864574 0.052270
v -0.007156 3.583275 0.072154
v -0.006009 3.581774 0.081031
v -0.009889 3.599033 0.085179
v -0.010712 3.599136 0.075600
v -0.004657 3.570406 0.061100
v -0.003282 3.565605 0.068677
v -0.003424 3.565022 0.047545
v -0.001936 3.556133 0.048602
v 0.001795 3.584422 0.071192
v -0.001761 3.600557 0.075125
v 0.004293 3.571648 0.060262
v 0.005526 3.566520 0.047545
v 0.002942 3.582922 0.080068
v -0.000938 3.600454 0.084704
v 0.005669 3.566846 0.067839
v 0.007014 3.557630 0.048602
v -0.131404 3.844545 0.063541
v -0.155604 3.844545 0.063541
v -0.155604 3.844545 0.039341
v -0.131404 3.844545 0.039341
v -0.131404 3.874796 0.063541
v -0.155604 3.874796 0.063541
v -0.131404 3.874796 0.039341
v -0.155604 3.874796 0.039341
v 0.012101 3.546236 0.014528
v 0.012101 3.546236 0.050828
v -0.012099 3.546236 0.050828
v -0.012099 3.546236 0.014528
v 0.012101 3.582536 0.014528
v -0.012099 3.582536 0.014528
v -0.012099 3.582536 0.050828
v 0.012101 3.582536 0.050828
v -0.231750 4.296153 0.080663
v -0.222675 4.296153 0.080663
v -0.231750 4.296153 -0.076638
v -0.222675 4.296153 -0.076637
v -0.222675 4.287078 -0.076637
v -0.222675 4.287078 0.080663
v -0.231750 4.287078 -0.076637
v -0.231750 4.287078 0.080663
v -0.237800 4.296398 0.085587
v -0.216625 4.296398 0.085587
v -0.237800 4.296398 0.067437
v -0.216625 4.296398 0.067437
v -0.216625 4.260098 0.067437
v -0.216625 4.260098 0.085587
v -0.237800 4.260098 0.067437
v -0.237800 4.260098 0.085587
v -0.245363 3.755791 0.010236
v -0.257463 3.755791 0.010236
v -0.245363 3.755791 0.040486
v -0.257463 3.755791 0.040486
v -0.257463 3.694685 0.010236
v -0.245363 3.694685 0.010236
v -0.245363 3.694685 0.040486
v -0.257463 3.694685 0.040486
v -0.196963 3.755791 0.010236
v -0.209063 3.755791 0.010236
v -0.196963 3.755791 0.040486
v -0.209063 3.755791 0.040486
v -0.209063 3.694685 0.010236
v -0.196963 3.694685 0.010236
v -0.196963 3.694685 0.040486
v -0.209063 3.694685 0.040486
v -0.244455 3.678114 -0.010939
v -0.209970 3.678114 -0.010939
v -0.258975 3.678114 0.010236
v -0.195450 3.678114 0.010236
v -0.195450 3.687189 0.010236
v -0.209970 3.687189 -0.010939
v -0.258975 3.687189 0.010236
v -0.244455 3.687189 -0.010939
v -0.186375 3.720463 0.010236
v -0.195450 3.720463 0.010236
v -0.186375 3.720463 0.040486
v -0.195450 3.720463 0.040486
v -0.195450 3.678114 0.040486
v -0.186375 3.678114 0.040486
v -0.186375 3.678114 0.010236
v -0.258975 3.720463 0.010236
v -0.268050 3.720463 0.010236
v -0.258975 3.720463 0.040486
v -0.268050 3.720463 0.040486
v -0.268050 3.678114 0.040486
v -0.268050 3.678114 0.010236
v -0.258975 3.678114 0.040486
v -0.195450 3.687189 0.040486
v -0.258975 3.687189 0.040486
v -0.181838 3.711389 0.022336
v -0.272588 3.711389 0.022336
v -0.181838 3.711389 0.028386
v -0.272588 3.711389 0.028386
v -0.272588 3.702314 0.028386
v -0.272588 3.702314 0.022336
v -0.181838 3.702314 0.028386
v -0.181838 3.702314 0.022336
v -0.222156 3.647866 0.045549
v -0.238440 3.647866 0.034828
v -0.240865 3.647866 0.007104
v -0.226690 3.647866 -0.006283
v -0.043692 3.647866 0.043297
v -0.050547 3.647866 -0.035054
v -0.222156 3.678117 0.045549
v -0.226690 3.678117 -0.006283
v -0.240865 3.678117 0.007104
v -0.238440 3.678117 0.034828
v -0.043692 3.678117 0.043297
v -0.050547 3.678117 -0.035054
v -0.003800 3.681142 -0.042180
v -0.076124 3.681142 -0.035853
v -0.077178 3.681142 -0.047907
v -0.004855 3.681142 -0.054234
v -0.003800 3.693242 -0.042180
v -0.004855 3.693242 -0.054234
v -0.077178 3.693242 -0.047907
v -0.076124 3.693242 -0.035853
v 0.004637 3.681142 0.054251
v -0.067687 3.681142 0.060579
v -0.068742 3.681142 0.048525
v 0.003582 3.681142 0.042198
v 0.004637 3.693242 0.054251
v 0.003582 3.693242 0.042198
v -0.068742 3.693242 0.048525
v -0.067687 3.693242 0.060579
v -0.003800 3.632783 -0.042180
v -0.076124 3.632783 -0.035853
v -0.077178 3.632783 -0.047907
v -0.004855 3.632783 -0.054234
v -0.003800 3.644883 -0.042180
v -0.004855 3.644883 -0.054234
v -0.077178 3.644883 -0.047907
v -0.076124 3.644883 -0.035853
v 0.004637 3.632783 0.054251
v -0.067687 3.632783 0.060579
v -0.068742 3.632783 0.048525
v 0.003582 3.632783 0.042198
v 0.004637 3.644883 0.054251
v 0.003582 3.644883 0.042198
v -0.068742 3.644883 0.048525
v -0.067687 3.644883 0.060579
v -0.000109 3.632573 0.000009
v -0.004855 3.632573 -0.054234
v 0.009346 3.632573 -0.053614
v 0.022903 3.632573 -0.049340
v 0.034891 3.632573 -0.041702
v 0.044494 3.632573 -0.031223
v 0.051057 3.632573 -0.018614
v 0.054133 3.632573 -0.004737
v 0.053514 3.632573 0.009464
v 0.049240 3.632573 0.023020
v 0.041602 3.632573 0.035009
v 0.031122 3.632573 0.044612
v 0.018514 3.632573 0.051175
v 0.004637 3.632573 0.054251
v 0.018514 3.644673 0.051175
v 0.004637 3.644673 0.054251
v 0.031122 3.644673 0.044612
v 0.041602 3.644673 0.035009
v 0.049240 3.644673 0.023020
v 0.053514 3.644673 0.009464
v 0.054133 3.644673 -0.004737
v 0.051057 3.644673 -0.018614
v 0.044494 3.644673 -0.031223
v 0.034891 3.644673 -0.041702
v 0.022903 3.644673 -0.049340
v 0.009346 3.644673 -0.053614
v -0.004855 3.644673 -0.054234
v -0.000109 3.644673 0.000009
v -0.000109 3.681141 0.000009
v -0.004855 3.681141 -0.054234
v 0.009346 3.681141 -0.053614
v 0.022903 3.681141 -0.049340
v 0.034891 3.681141 -0.041702
v 0.044494 3.681141 -0.031223
v 0.051057 3.681141 -0.018614
v 0.054133 3.681141 -0.004737
v 0.053514 3.681141 0.009464
v 0.049240 3.681141 0.023020
v 0.041602 3.681141 0.035009
v 0.031122 3.681141 0.044612
v 0.018514 3.681141 0.051175
v 0.004637 3.681141 0.054251
v 0.018514 3.693241 0.051175
v 0.004637 3.693241 0.054251
v 0.031122 3.693241 0.044612
v 0.041602 3.693241 0.035009
v 0.049240 3.693241 0.023020
v 0.053514 3.693241 0.009464
v 0.054133 3.693241 -0.004737
v 0.051057 3.693241 -0.018614
v 0.044494 3.693241 -0.031223
v 0.034891 3.693241 -0.041702
v 0.022903 3.693241 -0.049340
v 0.009346 3.693241 -0.053614
v -0.004855 3.693241 -0.054234
v -0.000109 3.693241 0.000009
v -0.030395 3.626087 0.063390
v -0.048476 3.626087 0.064971
v -0.059022 3.626087 -0.055568
v -0.040941 3.626087 -0.057150
v -0.030395 3.698686 0.063390
v -0.040941 3.698686 -0.057150
v -0.059022 3.698686 -0.055568
v -0.048476 3.698686 0.064971
v -0.231023 4.333745 0.026284
v -0.221983 4.333745 0.025493
v -0.223040 4.333745 0.013440
v -0.232081 4.333745 0.014230
v -0.231023 4.291395 0.026284
v -0.232081 4.291395 0.014230
v -0.223040 4.291395 0.013440
v -0.221983 4.291395 0.025493
v -0.003919 4.322407 -0.042170
v -0.076243 4.322407 -0.035842
v -0.077298 4.322407 -0.047896
v -0.004974 4.322407 -0.054224
v -0.003919 4.334507 -0.042170
v -0.004974 4.334507 -0.054224
v -0.077298 4.334507 -0.047896
v -0.076243 4.334507 -0.035842
v -0.050363 4.363982 0.007442
v -0.050890 4.363982 0.001415
v -0.214736 4.317046 0.015750
v -0.214208 4.317046 0.021777
v -0.050494 4.317253 0.007453
v -0.051021 4.317253 0.001426
v -0.124382 4.311250 0.029100
v -0.249735 4.311250 0.033994
v -0.251734 4.311103 0.009877
v -0.127546 4.311250 -0.007061
v -0.043760 4.311250 0.043303
v -0.050615 4.311250 -0.035048
v -0.124382 4.317300 0.029100
v -0.127546 4.317300 -0.007061
v -0.251734 4.317153 0.009877
v -0.249735 4.317300 0.033994
v -0.043760 4.317300 0.043303
v -0.050615 4.317300 -0.035048
v -0.030404 4.294145 0.063390
v -0.048486 4.294145 0.064972
v -0.059031 4.294145 -0.055568
v -0.040950 4.294145 -0.057149
v -0.030404 4.366745 0.063390
v -0.040950 4.366745 -0.057149
v -0.059031 4.366745 -0.055568
v -0.048486 4.366745 0.064972
v 0.004517 4.322407 0.054262
v -0.067806 4.322407 0.060589
v -0.068861 4.322407 0.048535
v 0.003463 4.322407 0.042208
v 0.004517 4.334507 0.054262
v 0.003463 4.334507 0.042208
v -0.068861 4.334507 0.048535
v -0.067806 4.334507 0.060589
v -0.000228 4.322407 0.000019
v 0.009227 4.322407 -0.053604
v 0.022783 4.322407 -0.049330
v 0.034772 4.322407 -0.041692
v 0.044375 4.322407 -0.031212
v 0.050938 4.322407 -0.018604
v 0.054014 4.322407 -0.004727
v 0.053395 4.322407 0.009474
v 0.049120 4.322407 0.023031
v 0.041483 4.322407 0.035019
v 0.031003 4.322407 0.044622
v 0.018395 4.322407 0.051185
v -0.000228 4.334507 0.000019
v 0.018395 4.334507 0.051185
v 0.031003 4.334507 0.044622
v 0.041483 4.334507 0.035019
v 0.049120 4.334507 0.023031
v 0.053395 4.334507 0.009474
v 0.054014 4.334507 -0.004727
v 0.050938 4.334507 -0.018604
v 0.044375 4.334507 -0.031212
v 0.034772 4.334507 -0.041692
v 0.022783 4.334507 -0.049330
v 0.009227 4.334507 -0.053604
v -0.159169 4.162522 0.095044
v -0.137350 4.130504 0.385639
v -0.165846 4.147044 0.095044
v -0.141455 4.111526 0.385424
v -0.130725 4.129304 0.476389
v -0.138179 4.111462 0.476174
v -0.126019 4.132703 0.519157
v -0.136559 4.111594 0.488545
v -0.126599 4.132875 0.519157
v -0.137083 4.111896 0.488545
v -0.131305 4.129478 0.476389
v -0.138703 4.111765 0.476174
v -0.137930 4.130677 0.385639
v -0.141979 4.111829 0.385424
v -0.159748 4.162696 0.095044
v -0.166370 4.147346 0.095044
v -0.156242 4.179123 0.095044
v -0.133869 4.150696 0.385639
v -0.127309 4.148380 0.476389
v -0.122618 4.150844 0.535272
v -0.123222 4.150879 0.535272
v -0.127914 4.148415 0.476389
v -0.134473 4.150731 0.385639
v -0.156846 4.179158 0.095044
v -0.157222 4.195951 0.095044
v -0.134848 4.171811 0.385639
v -0.128486 4.167607 0.476389
v -0.128628 4.169774 0.548421
v -0.129224 4.169669 0.548421
v -0.129082 4.167501 0.476389
v -0.135444 4.171705 0.385639
v -0.157818 4.195846 0.095044
v -0.162056 4.212100 0.095044
v -0.140823 4.191451 0.385639
v -0.135199 4.187866 0.476389
v -0.138423 4.187222 0.555039
v -0.138978 4.186981 0.555039
v -0.135754 4.187626 0.476389
v -0.141378 4.191211 0.385639
v -0.162612 4.211860 0.095044
v -0.170485 4.226697 0.095044
v -0.150916 4.209076 0.385639
v -0.147260 4.205456 0.476389
v -0.151784 4.203681 0.555039
v -0.152269 4.203320 0.555039
v -0.147745 4.205095 0.476389
v -0.151401 4.208714 0.385639
v -0.170970 4.226336 0.095044
v -0.182052 4.238957 0.095044
v -0.166222 4.224120 0.385639
v -0.163582 4.222050 0.476389
v -0.168341 4.216997 0.555039
v -0.168729 4.216534 0.555039
v -0.163971 4.221586 0.476389
v -0.166611 4.223657 0.385639
v -0.182441 4.238496 0.095044
v -0.196136 4.248220 0.095044
v -0.185507 4.235632 0.385639
v -0.184048 4.232282 0.476389
v -0.186984 4.227570 0.555039
v -0.187255 4.227029 0.555039
v -0.184319 4.231741 0.476389
v -0.185779 4.235091 0.385639
v -0.196408 4.247681 0.095044
v -0.211976 4.253987 0.095044
v -0.206154 4.242569 0.385639
v -0.205388 4.238914 0.476389
v -0.207710 4.234941 0.555039
v -0.207850 4.234354 0.555039
v -0.205528 4.238327 0.476389
v -0.206293 4.241979 0.385639
v -0.212116 4.253399 0.095044
v -0.228719 4.255944 0.095044
v -0.228736 4.244881 0.385639
v -0.228725 4.241077 0.476389
v -0.228719 4.237782 0.555039
v -0.228719 4.237177 0.555039
v -0.228725 4.240473 0.476389
v -0.228736 4.244275 0.385639
v -0.228719 4.255339 0.095044
v -0.245322 4.253399 0.095044
v -0.245462 4.253987 0.095044
v -0.138441 4.111615 0.462126
v -0.320088 4.130504 0.385639
v -0.298269 4.162522 0.095044
v -0.291592 4.147044 0.095044
v -0.315983 4.111526 0.385424
v -0.326713 4.129304 0.476389
v -0.319259 4.111462 0.476174
v -0.331419 4.132703 0.519157
v -0.320879 4.111594 0.488545
v -0.330839 4.132875 0.519157
v -0.320355 4.111896 0.488545
v -0.326133 4.129478 0.476389
v -0.318735 4.111765 0.476174
v -0.319508 4.130677 0.385639
v -0.315459 4.111829 0.385424
v -0.297690 4.162696 0.095044
v -0.291068 4.147346 0.095044
v -0.323569 4.150696 0.385639
v -0.301196 4.179123 0.095044
v -0.330129 4.148380 0.476389
v -0.334820 4.150844 0.535272
v -0.334216 4.150879 0.535272
v -0.329524 4.148415 0.476389
v -0.322965 4.150731 0.385639
v -0.300592 4.179158 0.095044
v -0.322590 4.171811 0.385639
v -0.300216 4.195951 0.095044
v -0.328952 4.167607 0.476389
v -0.328810 4.169774 0.548421
v -0.328214 4.169669 0.548421
v -0.328356 4.167501 0.476389
v -0.321994 4.171705 0.385639
v -0.299620 4.195846 0.095044
v -0.316615 4.191451 0.385639
v -0.295382 4.212100 0.095044
v -0.322239 4.187866 0.476389
v -0.319015 4.187222 0.555039
v -0.318460 4.186981 0.555039
v -0.321684 4.187626 0.476389
v -0.316060 4.191211 0.385639
v -0.294826 4.211860 0.095044
v -0.306522 4.209076 0.385639
v -0.286953 4.226697 0.095044
v -0.310178 4.205456 0.476389
v -0.305654 4.203681 0.555039
v -0.305169 4.203320 0.555039
v -0.309693 4.205095 0.476389
v -0.306037 4.208714 0.385639
v -0.286468 4.226336 0.095044
v -0.291216 4.224120 0.385639
v -0.275386 4.238957 0.095044
v -0.293856 4.222050 0.476389
v -0.289097 4.216997 0.555039
v -0.288709 4.216534 0.555039
v -0.293467 4.221586 0.476389
v -0.290827 4.223657 0.385639
v -0.274997 4.238496 0.095044
v -0.271931 4.235632 0.385639
v -0.261302 4.248220 0.095044
v -0.273390 4.232282 0.476389
v -0.270454 4.227570 0.555039
v -0.270183 4.227029 0.555039
v -0.273119 4.231741 0.476389
v -0.271659 4.235091 0.385639
v -0.261030 4.247681 0.095044
v -0.251284 4.242569 0.385639
v -0.252050 4.238914 0.476389
v -0.249728 4.234941 0.555039
v -0.249588 4.234354 0.555039
v -0.251910 4.238327 0.476389
v -0.251145 4.241979 0.385639
v -0.228702 4.244881 0.385639
v -0.228713 4.241077 0.476389
v -0.228713 4.240473 0.476389
v -0.228702 4.244275 0.385639
v -0.318997 4.111615 0.462126
v -0.158889 4.168501 0.101094
v -0.157329 4.183344 0.101094
v -0.228719 4.183344 0.101094
v -0.163501 4.154306 0.101094
v -0.170963 4.141382 0.101094
v -0.180950 4.130291 0.101094
v -0.193024 4.121518 0.101094
v -0.206658 4.115448 0.101094
v -0.221257 4.112345 0.101094
v -0.236181 4.112345 0.101094
v -0.250780 4.115448 0.101094
v -0.264414 4.121518 0.101094
v -0.276488 4.130291 0.101094
v -0.286475 4.141382 0.101094
v -0.293937 4.154306 0.101094
v -0.298549 4.168501 0.101094
v -0.300109 4.183344 0.101094
v -0.298549 4.198187 0.101094
v -0.293937 4.212380 0.101094
v -0.286475 4.225306 0.101094
v -0.276488 4.236398 0.101094
v -0.264414 4.245169 0.101094
v -0.250780 4.251240 0.101094
v -0.236181 4.254343 0.101094
v -0.221257 4.254343 0.101094
v -0.206658 4.251240 0.101094
v -0.193024 4.245169 0.101094
v -0.180950 4.236398 0.101094
v -0.170963 4.225306 0.101094
v -0.163501 4.212380 0.101094
v -0.158889 4.198187 0.101094
v -0.158889 4.168501 0.095044
v -0.157329 4.183344 0.095044
v -0.163501 4.154306 0.095044
v -0.170963 4.141382 0.095044
v -0.180950 4.130291 0.095044
v -0.193024 4.121518 0.095044
v -0.206658 4.115448 0.095044
v -0.221257 4.112345 0.095044
v -0.236181 4.112345 0.095044
v -0.250780 4.115448 0.095044
v -0.264414 4.121518 0.095044
v -0.276488 4.130291 0.095044
v -0.286475 4.141382 0.095044
v -0.293937 4.154306 0.095044
v -0.298549 4.168501 0.095044
v -0.300109 4.183344 0.095044
v -0.298549 4.198187 0.095044
v -0.293937 4.212380 0.095044
v -0.286475 4.225306 0.095044
v -0.276488 4.236398 0.095044
v -0.264414 4.245169 0.095044
v -0.250780 4.251240 0.095044
v -0.236181 4.254343 0.095044
v -0.221257 4.254343 0.095044
v -0.206658 4.251240 0.095044
v -0.193024 4.245169 0.095044
v -0.180950 4.236398 0.095044
v -0.170963 4.225306 0.095044
v -0.163501 4.212380 0.095044
v -0.158889 4.198187 0.095044
v -0.228719 4.183344 0.095044
v -0.437994 4.098164 0.084085
v -0.443630 4.097900 0.086269
v -0.324778 4.180212 0.386033
v -0.330414 4.179949 0.388217
v -0.328082 4.162376 0.392118
v -0.441298 4.080329 0.090169
v -0.322446 4.162640 0.389933
v -0.435662 4.080592 0.087985
v -0.010364 4.098645 0.087559
v -0.015999 4.098382 0.085375
v -0.130236 4.180693 0.386927
v -0.135871 4.180429 0.384743
v -0.136778 4.162859 0.389196
v -0.016905 4.080810 0.089828
v -0.131142 4.163122 0.391381
v -0.011270 4.081073 0.092012
v -0.159169 3.977997 0.095044
v -0.137350 3.945979 0.385639
v -0.165846 3.962519 0.095044
v -0.141455 3.927002 0.385424
v -0.130725 3.944780 0.476389
v -0.138179 3.926938 0.476174
v -0.126019 3.948178 0.519157
v -0.136559 3.927069 0.488545
v -0.126599 3.948352 0.519157
v -0.137083 3.927372 0.488545
v -0.131305 3.944953 0.476389
v -0.138703 3.927241 0.476174
v -0.137930 3.946153 0.385639
v -0.141979 3.927304 0.385424
v -0.159748 3.978171 0.095044
v -0.166370 3.962821 0.095044
v -0.156242 3.994598 0.095044
v -0.133869 3.966171 0.385639
v -0.127309 3.963855 0.476389
v -0.122618 3.966319 0.535272
v -0.123222 3.966354 0.535272
v -0.127914 3.963890 0.476389
v -0.134473 3.966206 0.385639
v -0.156846 3.994633 0.095044
v -0.157222 4.011426 0.095044
v -0.134848 3.987286 0.385639
v -0.128486 3.983083 0.476389
v -0.128628 3.985250 0.548421
v -0.129224 3.985145 0.548421
v -0.129082 3.982977 0.476389
v -0.135444 3.987181 0.385639
v -0.157818 4.011321 0.095044
v -0.162056 4.027575 0.095044
v -0.140823 4.006926 0.385639
v -0.135199 4.003341 0.476389
v -0.138423 4.002697 0.555039
v -0.138978 4.002457 0.555039
v -0.135754 4.003100 0.476389
v -0.141378 4.006686 0.385639
v -0.162612 4.027335 0.095044
v -0.170485 4.042172 0.095044
v -0.150916 4.024550 0.385639
v -0.147260 4.020931 0.476389
v -0.151784 4.019156 0.555039
v -0.152269 4.018795 0.555039
v -0.147745 4.020570 0.476389
v -0.151401 4.024190 0.385639
v -0.170970 4.041812 0.095044
v -0.182052 4.054434 0.095044
v -0.166222 4.039596 0.385639
v -0.163582 4.037524 0.476389
v -0.168341 4.032473 0.555039
v -0.168729 4.032010 0.555039
v -0.163971 4.037061 0.476389
v -0.166611 4.039132 0.385639
v -0.182441 4.053971 0.095044
v -0.196136 4.063697 0.095044
v -0.185507 4.051105 0.385639
v -0.184048 4.047756 0.476389
v -0.186984 4.043045 0.555039
v -0.187255 4.042504 0.555039
v -0.184319 4.047215 0.476389
v -0.185779 4.050566 0.385639
v -0.196408 4.063156 0.095044
v -0.211976 4.069462 0.095044
v -0.206154 4.058043 0.385639
v -0.205388 4.054391 0.476389
v -0.207710 4.050417 0.555039
v -0.207850 4.049829 0.555039
v -0.205528 4.053802 0.476389
v -0.206293 4.057455 0.385639
v -0.212116 4.068872 0.095044
v -0.228719 4.071419 0.095044
v -0.228736 4.060356 0.385639
v -0.228725 4.056553 0.476389
v -0.228719 4.053258 0.555039
v -0.228719 4.052653 0.555039
v -0.228725 4.055949 0.476389
v -0.228736 4.059751 0.385639
v -0.228719 4.070814 0.095044
v -0.245322 4.068872 0.095044
v -0.245462 4.069462 0.095044
v -0.138441 3.927089 0.462126
v -0.320088 3.945979 0.385639
v -0.298269 3.977997 0.095044
v -0.291592 3.962519 0.095044
v -0.315983 3.927002 0.385424
v -0.326713 3.944780 0.476389
v -0.319259 3.926938 0.476174
v -0.331419 3.948178 0.519157
v -0.320879 3.927069 0.488545
v -0.330839 3.948352 0.519157
v -0.320355 3.927372 0.488545
v -0.326133 3.944953 0.476389
v -0.318735 3.927241 0.476174
v -0.319508 3.946153 0.385639
v -0.315459 3.927304 0.385424
v -0.297690 3.978171 0.095044
v -0.291068 3.962821 0.095044
v -0.323569 3.966171 0.385639
v -0.301196 3.994598 0.095044
v -0.330129 3.963855 0.476389
v -0.334820 3.966319 0.535272
v -0.334216 3.966354 0.535272
v -0.329524 3.963890 0.476389
v -0.322965 3.966206 0.385639
v -0.300592 3.994633 0.095044
v -0.322590 3.987286 0.385639
v -0.300216 4.011426 0.095044
v -0.328952 3.983083 0.476389
v -0.328810 3.985250 0.548421
v -0.328214 3.985145 0.548421
v -0.328356 3.982977 0.476389
v -0.321994 3.987181 0.385639
v -0.299620 4.011321 0.095044
v -0.316615 4.006926 0.385639
v -0.295382 4.027575 0.095044
v -0.322239 4.003341 0.476389
v -0.319015 4.002697 0.555039
v -0.318460 4.002457 0.555039
v -0.321684 4.003100 0.476389
v -0.316060 4.006686 0.385639
v -0.294826 4.027335 0.095044
v -0.306522 4.024550 0.385639
v -0.286953 4.042172 0.095044
v -0.310178 4.020931 0.476389
v -0.305654 4.019156 0.555039
v -0.305169 4.018795 0.555039
v -0.309693 4.020570 0.476389
v -0.306037 4.024190 0.385639
v -0.286468 4.041812 0.095044
v -0.291216 4.039596 0.385639
v -0.275386 4.054434 0.095044
v -0.293856 4.037524 0.476389
v -0.289097 4.032473 0.555039
v -0.288709 4.032010 0.555039
v -0.293467 4.037061 0.476389
v -0.290827 4.039132 0.385639
v -0.274997 4.053971 0.095044
v -0.271931 4.051105 0.385639
v -0.261302 4.063697 0.095044
v -0.273390 4.047756 0.476389
v -0.270454 4.043045 0.555039
v -0.270183 4.042504 0.555039
v -0.273119 4.047215 0.476389
v -0.271659 4.050566 0.385639
v -0.261030 4.063156 0.095044
v -0.251284 4.058043 0.385639
v -0.252050 4.054391 0.476389
v -0.249728 4.050417 0.555039
v -0.249588 4.049829 0.555039
v -0.251910 4.053802 0.476389
v -0.251145 4.057455 0.385639
v -0.228702 4.060356 0.385639
v -0.228713 4.056553 0.476389
v -0.228713 4.055949 0.476389
v -0.228702 4.059751 0.385639
v -0.318997 3.927089 0.462126
v -0.158889 3.983976 0.101094
v -0.157329 3.998819 0.101094
v -0.228719 3.998819 0.101094
v -0.163501 3.969782 0.101094
v -0.170963 3.956857 0.101094
v -0.180950 3.945766 0.101094
v -0.193024 3.936994 0.101094
v -0.206658 3.930923 0.101094
v -0.221257 3.927820 0.101094
v -0.236181 3.927820 0.101094
v -0.250780 3.930923 0.101094
v -0.264414 3.936994 0.101094
v -0.276488 3.945766 0.101094
v -0.286475 3.956857 0.101094
v -0.293937 3.969782 0.101094
v -0.298549 3.983976 0.101094
v -0.300109 3.998819 0.101094
v -0.298549 4.013661 0.101094
v -0.293937 4.027856 0.101094
v -0.286475 4.040781 0.101094
v -0.276488 4.051872 0.101094
v -0.264414 4.060644 0.101094
v -0.250780 4.066715 0.101094
v -0.236181 4.069818 0.101094
v -0.221257 4.069818 0.101094
v -0.206658 4.066715 0.101094
v -0.193024 4.060644 0.101094
v -0.180950 4.051872 0.101094
v -0.170963 4.040781 0.101094
v -0.163501 4.027856 0.101094
v -0.158889 4.013661 0.101094
v -0.158889 3.983976 0.095044
v -0.157329 3.998819 0.095044
v -0.163501 3.969782 0.095044
v -0.170963 3.956857 0.095044
v -0.180950 3.945766 0.095044
v -0.193024 3.936994 0.095044
v -0.206658 3.930923 0.095044
v -0.221257 3.927820 0.095044
v -0.236181 3.927820 0.095044
v -0.250780 3.930923 0.095044
v -0.264414 3.936994 0.095044
v -0.276488 3.945766 0.095044
v -0.286475 3.956857 0.095044
v -0.293937 3.969782 0.095044
v -0.298549 3.983976 0.095044
v -0.300109 3.998819 0.095044
v -0.298549 4.013661 0.095044
v -0.293937 4.027856 0.095044
v -0.286475 4.040781 0.095044
v -0.276488 4.051872 0.095044
v -0.264414 4.060644 0.095044
v -0.250780 4.066715 0.095044
v -0.236181 4.069818 0.095044
v -0.221257 4.069818 0.095044
v -0.206658 4.066715 0.095044
v -0.193024 4.060644 0.095044
v -0.180950 4.051872 0.095044
v -0.170963 4.040781 0.095044
v -0.163501 4.027856 0.095044
v -0.158889 4.013661 0.095044
v -0.228719 3.998819 0.095044
v -0.013808 4.116478 0.086270
v -0.019444 4.116216 0.084085
v -0.127024 4.034428 0.388217
v -0.132660 4.034165 0.386032
v -0.130328 4.016594 0.382132
v -0.017112 4.098643 0.080184
v -0.124692 4.016857 0.384317
v -0.011476 4.098906 0.082369
v -0.441323 4.116478 0.085375
v -0.446959 4.116216 0.087560
v -0.321449 4.034428 0.384742
v -0.327085 4.034165 0.386927
v -0.327991 4.016594 0.382473
v -0.447865 4.098643 0.083107
v -0.322355 4.016857 0.380289
v -0.442230 4.098906 0.080922
v -0.159169 3.793472 0.095044
v -0.137350 3.761454 0.385639
v -0.165846 3.777995 0.095044
v -0.141455 3.742477 0.385424
v -0.130725 3.760255 0.476389
v -0.138179 3.742413 0.476174
v -0.126019 3.763654 0.519157
v -0.136559 3.742544 0.488545
v -0.126599 3.763826 0.519157
v -0.137083 3.742846 0.488545
v -0.131305 3.760428 0.476389
v -0.138703 3.742716 0.476174
v -0.137930 3.761627 0.385639
v -0.141979 3.742779 0.385424
v -0.159748 3.793646 0.095044
v -0.166370 3.778296 0.095044
v -0.156242 3.810073 0.095044
v -0.133869 3.781646 0.385639
v -0.127309 3.779330 0.476389
v -0.122618 3.781794 0.535272
v -0.123222 3.781829 0.535272
v -0.127914 3.779365 0.476389
v -0.134473 3.781681 0.385639
v -0.156846 3.810108 0.095044
v -0.157222 3.826901 0.095044
v -0.134848 3.802761 0.385639
v -0.128486 3.798558 0.476389
v -0.128628 3.800725 0.548421
v -0.129224 3.800620 0.548421
v -0.129082 3.798453 0.476389
v -0.135444 3.802656 0.385639
v -0.157818 3.826796 0.095044
v -0.162056 3.843049 0.095044
v -0.140823 3.822401 0.385639
v -0.135199 3.818816 0.476389
v -0.138423 3.818172 0.555039
v -0.138978 3.817932 0.555039
v -0.135754 3.818576 0.476389
v -0.141378 3.822162 0.385639
v -0.162612 3.842810 0.095044
v -0.170485 3.857648 0.095044
v -0.150916 3.840026 0.385639
v -0.147260 3.836406 0.476389
v -0.151784 3.834631 0.555039
v -0.152269 3.834270 0.555039
v -0.147745 3.836045 0.476389
v -0.151401 3.839665 0.385639
v -0.170970 3.857287 0.095044
v -0.182052 3.869909 0.095044
v -0.166222 3.855071 0.385639
v -0.163582 3.853000 0.476389
v -0.168341 3.847948 0.555039
v -0.168729 3.847485 0.555039
v -0.163971 3.852536 0.476389
v -0.166611 3.854607 0.385639
v -0.182441 3.869446 0.095044
v -0.196136 3.879172 0.095044
v -0.185507 3.866581 0.385639
v -0.184048 3.863231 0.476389
v -0.186984 3.858520 0.555039
v -0.187255 3.857980 0.555039
v -0.184319 3.862691 0.476389
v -0.185779 3.866041 0.385639
v -0.196408 3.878631 0.095044
v -0.211976 3.884937 0.095044
v -0.206154 3.873519 0.385639
v -0.205388 3.869865 0.476389
v -0.207710 3.865892 0.555039
v -0.207850 3.865305 0.555039
v -0.205528 3.869278 0.476389
v -0.206293 3.872930 0.385639
v -0.212116 3.884349 0.095044
v -0.228719 3.886894 0.095044
v -0.228736 3.875831 0.385639
v -0.228725 3.872028 0.476389
v -0.228719 3.868733 0.555039
v -0.228719 3.868128 0.555039
v -0.228725 3.871424 0.476389
v -0.228736 3.875225 0.385639
v -0.228719 3.886289 0.095044
v -0.245322 3.884349 0.095044
v -0.245462 3.884937 0.095044
v -0.138441 3.742564 0.462126
v -0.320088 3.761454 0.385639
v -0.298269 3.793472 0.095044
v -0.291592 3.777995 0.095044
v -0.315983 3.742477 0.385424
v -0.326713 3.760255 0.476389
v -0.319259 3.742413 0.476174
v -0.331419 3.763654 0.519157
v -0.320879 3.742544 0.488545
v -0.330839 3.763826 0.519157
v -0.320355 3.742846 0.488545
v -0.326133 3.760428 0.476389
v -0.318735 3.742716 0.476174
v -0.319508 3.761627 0.385639
v -0.315459 3.742779 0.385424
v -0.297690 3.793646 0.095044
v -0.291068 3.778296 0.095044
v -0.323569 3.781646 0.385639
v -0.301196 3.810073 0.095044
v -0.330129 3.779330 0.476389
v -0.334820 3.781794 0.535272
v -0.334216 3.781829 0.535272
v -0.329524 3.779365 0.476389
v -0.322965 3.781681 0.385639
v -0.300592 3.810108 0.095044
v -0.322590 3.802761 0.385639
v -0.300216 3.826901 0.095044
v -0.328952 3.798558 0.476389
v -0.328810 3.800725 0.548421
v -0.328214 3.800620 0.548421
v -0.328356 3.798453 0.476389
v -0.321994 3.802656 0.385639
v -0.299620 3.826796 0.095044
v -0.316615 3.822401 0.385639
v -0.295382 3.843049 0.095044
v -0.322239 3.818816 0.476389
v -0.319015 3.818172 0.555039
v -0.318460 3.817932 0.555039
v -0.321684 3.818576 0.476389
v -0.316060 3.822162 0.385639
v -0.294826 3.842810 0.095044
v -0.306522 3.840026 0.385639
v -0.286953 3.857648 0.095044
v -0.310178 3.836406 0.476389
v -0.305654 3.834631 0.555039
v -0.305169 3.834270 0.555039
v -0.309693 3.836045 0.476389
v -0.306037 3.839665 0.385639
v -0.286468 3.857287 0.095044
v -0.291216 3.855071 0.385639
v -0.275386 3.869909 0.095044
v -0.293856 3.853000 0.476389
v -0.289097 3.847948 0.555039
v -0.288709 3.847485 0.555039
v -0.293467 3.852536 0.476389
v -0.290827 3.854607 0.385639
v -0.274997 3.869446 0.095044
v -0.271931 3.866581 0.385639
v -0.261302 3.879172 0.095044
v -0.273390 3.863231 0.476389
v -0.270454 3.858520 0.555039
v -0.270183 3.857980 0.555039
v -0.273119 3.862691 0.476389
v -0.271659 3.866041 0.385639
v -0.261030 3.878631 0.095044
v -0.251284 3.873519 0.385639
v -0.252050 3.869865 0.476389
v -0.249728 3.865892 0.555039
v -0.249588 3.865305 0.555039
v -0.251910 3.869278 0.476389
v -0.251145 3.872930 0.385639
v -0.228702 3.875831 0.385639
v -0.228713 3.872028 0.476389
v -0.228713 3.871424 0.476389
v -0.228702 3.875225 0.385639
v -0.318997 3.742564 0.462126
v -0.158889 3.799451 0.101094
v -0.157329 3.814295 0.101094
v -0.228719 3.814295 0.101094
v -0.163501 3.785258 0.101094
v -0.170963 3.772332 0.101094
v -0.180950 3.761241 0.101094
v -0.193024 3.752469 0.101094
v -0.206658 3.746398 0.101094
v -0.221257 3.743295 0.101094
v -0.236181 3.743295 0.101094
v -0.250780 3.746398 0.101094
v -0.264414 3.752469 0.101094
v -0.276488 3.761241 0.101094
v -0.286475 3.772332 0.101094
v -0.293937 3.785258 0.101094
v -0.298549 3.799451 0.101094
v -0.300109 3.814295 0.101094
v -0.298549 3.829137 0.101094
v -0.293937 3.843331 0.101094
v -0.286475 3.856257 0.101094
v -0.276488 3.867348 0.101094
v -0.264414 3.876120 0.101094
v -0.250780 3.882190 0.101094
v -0.236181 3.885293 0.101094
v -0.221257 3.885293 0.101094
v -0.206658 3.882190 0.101094
v -0.193024 3.876120 0.101094
v -0.180950 3.867348 0.101094
v -0.170963 3.856257 0.101094
v -0.163501 3.843331 0.101094
v -0.158889 3.829137 0.101094
v -0.158889 3.799451 0.095044
v -0.157329 3.814295 0.095044
v -0.163501 3.785258 0.095044
v -0.170963 3.772332 0.095044
v -0.180950 3.761241 0.095044
v -0.193024 3.752469 0.095044
v -0.206658 3.746398 0.095044
v -0.221257 3.743295 0.095044
v -0.236181 3.743295 0.095044
v -0.250780 3.746398 0.095044
v -0.264414 3.752469 0.095044
v -0.276488 3.761241 0.095044
v -0.286475 3.772332 0.095044
v -0.293937 3.785258 0.095044
v -0.298549 3.799451 0.095044
v -0.300109 3.814295 0.095044
v -0.298549 3.829137 0.095044
v -0.293937 3.843331 0.095044
v -0.286475 3.856257 0.095044
v -0.276488 3.867348 0.095044
v -0.264414 3.876120 0.095044
v -0.250780 3.882190 0.095044
v -0.236181 3.885293 0.095044
v -0.221257 3.885293 0.095044
v -0.206658 3.882190 0.095044
v -0.193024 3.876120 0.095044
v -0.180950 3.867348 0.095044
v -0.170963 3.856257 0.095044
v -0.163501 3.843331 0.095044
v -0.158889 3.829137 0.095044
v -0.228719 3.814295 0.095044
v -0.013808 3.931996 0.086270
v -0.019444 3.931733 0.084085
v -0.127024 3.849947 0.388217
v -0.132660 3.849684 0.386032
v -0.130328 3.832112 0.382132
v -0.017112 3.914161 0.080184
v -0.124692 3.832375 0.384317
v -0.011476 3.914424 0.082369
v -0.441323 3.931996 0.085375
v -0.446959 3.931733 0.087560
v -0.321449 3.849947 0.384742
v -0.327085 3.849684 0.386927
v -0.327991 3.832112 0.382473
v -0.447865 3.914161 0.083107
v -0.322355 3.832375 0.380289
v -0.442230 3.914424 0.080922
v 0.030006 3.787102 0.085967
v 0.018699 3.733903 0.085967
v -0.228719 3.814295 0.085967
v -0.003422 3.684219 0.085967
v -0.035389 3.640219 0.085967
v -0.075806 3.603828 0.085967
v -0.122906 3.576635 0.085967
v -0.174631 3.559829 0.085967
v -0.228719 3.554144 0.085967
v -0.282807 3.559829 0.085967
v -0.334532 3.576635 0.085967
v -0.381632 3.603828 0.085967
v -0.422049 3.640220 0.085967
v -0.454016 3.684219 0.085967
v -0.476137 3.733903 0.085967
v -0.487444 3.787102 0.085967
v -0.487444 4.210387 0.085967
v -0.476137 4.263586 0.085967
v -0.454016 4.313269 0.085967
v -0.422049 4.357269 0.085967
v -0.381632 4.393661 0.085967
v -0.334532 4.420854 0.085967
v -0.282807 4.437660 0.085967
v -0.228719 4.443345 0.085967
v -0.174631 4.437660 0.085967
v -0.122906 4.420854 0.085967
v -0.075806 4.393660 0.085967
v -0.035389 4.357269 0.085967
v -0.003422 4.313269 0.085967
v 0.018699 4.263586 0.085967
v 0.030006 4.210387 0.085967
v 0.018699 3.733903 0.095042
v 0.030006 3.787102 0.095042
v -0.228719 3.998624 0.094905
v -0.003422 3.684219 0.095042
v -0.035389 3.640220 0.095042
v -0.075806 3.603828 0.095042
v -0.122906 3.576635 0.095042
v -0.174631 3.559829 0.095042
v -0.228719 3.554144 0.095042
v -0.282807 3.559829 0.095042
v -0.334532 3.576636 0.095042
v -0.381632 3.603829 0.095042
v -0.422049 3.640220 0.095042
v -0.454016 3.684219 0.095042
v -0.476137 3.733903 0.095042
v -0.487444 3.787102 0.095042
v -0.487444 4.210193 0.095208
v -0.476137 4.263390 0.095208
v -0.454016 4.313075 0.095208
v -0.422049 4.357073 0.095208
v -0.381632 4.393465 0.095208
v -0.334532 4.420658 0.095208
v -0.282807 4.437464 0.095208
v -0.228719 4.443149 0.095208
v -0.174631 4.437464 0.095208
v -0.122906 4.420658 0.095208
v -0.075806 4.393465 0.095208
v -0.035389 4.357073 0.095208
v -0.003422 4.313074 0.095208
v 0.018699 4.263390 0.095208
v 0.030006 4.210193 0.095208
v -0.035389 3.640220 0.085967
v -0.334532 3.576636 0.085967
v -0.381632 3.603829 0.085967
v -0.487444 4.210193 0.086133
v -0.476137 4.263390 0.086133
v -0.454016 4.313075 0.086133
v -0.422049 4.357073 0.086133
v -0.381632 4.393465 0.086133
v -0.334532 4.420658 0.086133
v -0.282807 4.437464 0.086133
v -0.228719 4.443149 0.086133
v -0.174631 4.437464 0.086133
v -0.122906 4.420658 0.086133
v -0.075806 4.393465 0.086133
v -0.035389 4.357073 0.086133
v -0.003422 4.313074 0.086133
v 0.018699 4.263390 0.086133
v 0.030006 4.210193 0.086133
v -0.158641 3.778588 -0.010833
v -0.151037 3.801991 -0.010833
v -0.151037 3.801991 0.095042
v -0.158641 3.778588 0.095042
v -0.173105 3.758680 -0.010833
v -0.173105 3.758680 0.095042
v -0.193013 3.744216 -0.010833
v -0.193013 3.744216 0.095042
v -0.216416 3.736612 -0.010833
v -0.216416 3.736612 0.095042
v -0.241023 3.736612 -0.010833
v -0.241023 3.736612 0.095042
v -0.264425 3.744216 -0.010833
v -0.264425 3.744216 0.095042
v -0.284333 3.758680 -0.010833
v -0.284333 3.758680 0.095042
v -0.298797 3.778588 -0.010833
v -0.298797 3.778588 0.095042
v -0.306401 3.801991 -0.010833
v -0.306401 3.801991 0.095042
v -0.306401 4.196191 -0.011135
v -0.306401 4.196191 0.094740
v -0.298797 4.219594 -0.011135
v -0.298797 4.219594 0.094740
v -0.284333 4.239502 -0.011135
v -0.284333 4.239502 0.094740
v -0.264425 4.253965 -0.011135
v -0.264425 4.253965 0.094740
v -0.241023 4.261570 -0.011135
v -0.241023 4.261570 0.094740
v -0.216416 4.261570 -0.011135
v -0.216416 4.261570 0.094740
v -0.193013 4.253965 -0.011135
v -0.193013 4.253965 0.094740
v -0.173105 4.239502 -0.011135
v -0.173105 4.239502 0.094740
v -0.158641 4.219594 -0.011135
v -0.158641 4.219594 0.094740
v -0.151037 4.196191 -0.011135
v -0.151037 4.196191 0.094740
v -0.228719 3.814295 -0.010833
v -0.158642 3.778595 -0.010228
v -0.151054 3.801969 -0.010228
v -0.228719 3.814295 -0.010228
v -0.173095 3.758670 -0.010228
v -0.192988 3.744210 -0.010228
v -0.216416 3.736598 -0.010228
v -0.240983 3.736611 -0.010228
v -0.264435 3.744224 -0.010228
v -0.284343 3.758679 -0.010228
v -0.298783 3.778546 -0.010228
v -0.306400 3.801980 -0.010228
v -0.306411 4.196071 -0.010530
v -0.298788 4.219448 -0.010530
v -0.284299 4.239412 -0.010530
v -0.264477 4.253796 -0.010530
v -0.241022 4.261419 -0.010530
v -0.216429 4.261419 -0.010530
v -0.193025 4.253836 -0.010530
v -0.173085 4.239345 -0.010530
v -0.158650 4.219461 -0.010530
v -0.151036 4.196062 -0.010530
v -0.207157 3.803308 -0.025353
v -0.204817 3.810509 -0.025353
v -0.211607 3.797182 -0.025353
v -0.217732 3.792732 -0.025353
v -0.224934 3.790392 -0.025353
v -0.232504 3.790392 -0.025353
v -0.239706 3.792732 -0.025353
v -0.245831 3.797182 -0.025353
v -0.250281 3.803308 -0.025353
v -0.252621 3.810509 -0.025353
v -0.252621 4.187527 -0.025655
v -0.250281 4.194727 -0.025655
v -0.245831 4.200852 -0.025655
v -0.239706 4.205304 -0.025655
v -0.232504 4.207643 -0.025655
v -0.224934 4.207643 -0.025655
v -0.217732 4.205304 -0.025655
v -0.211607 4.200852 -0.025655
v -0.207157 4.194727 -0.025655
v -0.204817 4.187527 -0.025655
v -0.228719 3.814295 -0.025353
v -0.458863 3.923799 0.081535
v -0.455838 3.923799 0.086774
v -0.298655 3.923799 -0.003976
v -0.301680 3.923799 -0.009215
v -0.458863 3.905649 0.081535
v -0.301680 3.905649 -0.009215
v -0.298655 3.905649 -0.003976
v -0.455838 3.905649 0.086774
v -0.001600 3.923799 0.086774
v 0.001425 3.923799 0.081535
v -0.158783 3.923799 -0.003976
v -0.155758 3.923799 -0.009215
v -0.155758 3.905649 -0.009215
v 0.001425 3.905649 0.081535
v -0.158783 3.905649 -0.003976
v -0.001600 3.905649 0.086774
v -0.458863 4.108325 0.081535
v -0.455838 4.108325 0.086774
v -0.298655 4.108325 -0.003976
v -0.301680 4.108325 -0.009215
v -0.458863 4.090174 0.081535
v -0.301680 4.090174 -0.009215
v -0.298655 4.090174 -0.003976
v -0.455838 4.090174 0.086774
v -0.001600 4.108325 0.086774
v 0.001425 4.108325 0.081535
v -0.158783 4.108325 -0.003976
v -0.155758 4.108325 -0.009215
v -0.155758 4.090174 -0.009215
v 0.001425 4.090174 0.081535
v -0.158783 4.090174 -0.003976
v -0.001600 4.090174 0.086774
vn -0.0077 -0.1167 -0.9931
vn -0.0071 -0.1165 -0.9932
vn -0.0254 -0.1225 -0.9921
vn -0.0261 -0.1227 -0.9921
vn 0.9610 0.2638 -0.0827
vn 0.9610 0.2636 -0.0835
vn 0.9616 0.2676 -0.0614
vn 0.9616 0.2677 -0.0607
vn 0.0075 0.1201 0.9927
vn 0.0070 0.1200 0.9928
vn 0.0257 0.1243 0.9919
vn 0.0262 0.1244 0.9919
vn -0.9611 -0.2637 0.0825
vn -0.9610 -0.2637 0.0831
vn -0.9622 -0.2654 0.0611
vn -0.9622 -0.2655 0.0604
vn -0.0024 -0.2004 -0.9797
vn 0.0025 -0.1962 -0.9806
vn -0.0111 -0.2076 -0.9781
vn -0.0174 -0.2129 -0.9769
vn -0.0098 -0.1440 -0.9895
vn -0.0107 -0.1394 -0.9902
vn -0.0117 -0.1459 -0.9892
vn -0.0126 -0.1466 -0.9891
vn -0.0096 -0.1379 -0.9904
vn -0.0092 -0.1373 -0.9905
vn -0.0241 -0.1271 -0.9916
vn -0.0242 -0.1275 -0.9915
vn -0.0236 -0.1259 -0.9918
vn -0.0235 -0.1254 -0.9918
vn -0.0037 -0.1333 -0.9911
vn -0.0039 -0.1321 -0.9912
vn -0.0032 -0.1352 -0.9908
vn -0.0030 -0.1366 -0.9906
vn -0.0496 -0.1323 -0.9900
vn -0.0474 -0.1356 -0.9896
vn -0.0511 -0.1301 -0.9902
vn -0.0538 -0.1262 -0.9906
vn -0.9452 -0.3212 0.0589
vn -0.9246 -0.3752 0.0657
vn -0.9246 -0.3752 0.0656
vn -0.8378 -0.5392 0.0857
vn -0.6546 -0.7479 0.1100
vn -0.6547 -0.7479 0.1099
vn -0.2201 -0.9666 0.1311
vn -0.2201 -0.9666 0.1310
vn -0.0181 -0.9912 0.1308
vn -0.0182 -0.9912 0.1308
vn 0.0010 0.2045 0.9789
vn -0.0053 0.2053 0.9787
vn 0.0120 0.2031 0.9791
vn 0.0175 0.2024 0.9791
vn 0.0093 0.1447 0.9894
vn 0.0110 0.1390 0.9902
vn 0.0120 0.1451 0.9893
vn 0.0130 0.1451 0.9893
vn 0.0091 0.1384 0.9903
vn 0.0082 0.1382 0.9904
vn 0.0245 0.1269 0.9916
vn 0.0251 0.1272 0.9916
vn 0.0233 0.1262 0.9917
vn 0.0229 0.1259 0.9918
vn 0.0028 0.1333 0.9911
vn 0.0020 0.1322 0.9912
vn 0.0041 0.1350 0.9908
vn 0.0049 0.1359 0.9907
vn 0.0511 0.1325 0.9899
vn 0.0540 0.1367 0.9891
vn 0.0496 0.1302 0.9902
vn 0.0472 0.1268 0.9908
vn 0.9524 0.2995 -0.0562
vn 0.9229 0.3793 -0.0661
vn 0.9229 0.3793 -0.0662
vn 0.8291 0.5523 -0.0873
vn 0.8291 0.5523 -0.0872
vn 0.6426 0.7581 -0.1111
vn 0.6426 0.7581 -0.1110
vn 0.6426 0.7581 -0.1112
vn 0.2250 0.9655 -0.1311
vn 0.2250 0.9655 -0.1312
vn 0.2250 0.9655 -0.1310
vn 0.0096 0.9914 -0.1308
vn -0.9679 -0.2369 0.0836
vn -0.9676 -0.2379 0.0848
vn -0.9683 -0.2358 0.0821
vn -0.9687 -0.2347 0.0807
vn -0.9748 -0.2157 0.0569
vn -0.9780 -0.2025 0.0492
vn -0.9690 -0.2371 0.0695
vn -0.9631 -0.2567 0.0811
vn -0.9832 -0.1819 0.0116
vn -0.9864 -0.1638 0.0111
vn -0.9758 -0.2183 0.0126
vn -0.9667 -0.2555 0.0135
vn -0.1146 0.1944 -0.9742
vn -0.1282 0.1830 -0.9747
vn -0.0995 0.2070 -0.9733
vn -0.0862 0.2180 -0.9721
vn -0.1595 0.6247 -0.7644
vn -0.1584 0.6255 -0.7640
vn -0.1609 0.6238 -0.7648
vn -0.1621 0.6230 -0.7652
vn -0.1561 0.9122 -0.3788
vn -0.1529 0.9136 -0.3768
vn -0.1586 0.9112 -0.3803
vn -0.1621 0.9096 -0.3825
vn 0.9684 0.2350 -0.0839
vn 0.9709 0.2278 -0.0734
vn 0.9685 0.2353 -0.0820
vn 0.9685 0.2357 -0.0807
vn 0.9732 0.2242 -0.0506
vn 0.9744 0.2217 -0.0365
vn 0.9824 0.1867 0.0048
vn 0.9854 0.1682 0.0277
vn 0.9777 0.2086 -0.0226
vn 0.9747 0.2203 -0.0374
vn 0.1195 -0.2227 0.9675
vn 0.1328 -0.2258 0.9651
vn 0.0993 -0.2179 0.9709
vn 0.0857 -0.2146 0.9729
vn 0.1567 -0.5815 0.7983
vn 0.1554 -0.5813 0.7987
vn 0.1591 -0.5818 0.7976
vn 0.1603 -0.5820 0.7972
vn 0.1524 -0.8878 0.4342
vn 0.1486 -0.8878 0.4357
vn 0.1599 -0.8879 0.4313
vn 0.1635 -0.8879 0.4299
vn -0.0000 -1.0000 -0.0000
vn -0.0000 -0.0000 1.0000
vn 1.0000 -0.0000 -0.0000
vn -0.0000 -0.0000 -1.0000
vn -0.0000 1.0000 -0.0000
vn -1.0000 -0.0000 -0.0000
vn -0.9962 -0.0000 0.0871
vn -0.2810 -0.0000 0.9597
vn -0.5499 -0.0000 0.8352
vn 0.0126 -0.0000 0.9999
vn -0.2809 -0.0000 0.9597
vn -0.4433 -0.0000 -0.8964
vn -0.1612 -0.0000 -0.9869
vn -0.4434 -0.0000 -0.8963
vn -0.6866 -0.0000 -0.7270
vn 0.0871 -0.0000 0.9962
vn 0.0872 -0.0000 0.9962
vn 0.9962 -0.0000 -0.0872
vn -0.0871 -0.0000 -0.9962
vn -0.0872 -0.0000 -0.9962
vn -0.9962 -0.0000 0.0872
vn 0.2164 -0.0000 0.9763
vn 0.4617 -0.0000 0.8870
vn 0.6756 -0.0000 0.7373
vn 0.8434 -0.0000 0.5373
vn 0.9537 -0.0000 0.3007
vn 0.9991 -0.0000 0.0435
vn 0.9763 -0.0000 -0.2164
vn 0.8870 -0.0000 -0.4617
vn 0.7373 -0.0000 -0.6756
vn 0.7372 -0.0000 -0.6756
vn 0.5373 -0.0000 -0.8434
vn 0.3007 -0.0000 -0.9537
vn 0.0436 -0.0000 -0.9990
vn 0.5374 -0.0000 -0.8434
vn 0.9962 -0.0000 -0.0874
vn -0.9962 -0.0000 0.0874
vn -0.0870 -0.0000 -0.9962
vn -0.2734 0.9616 0.0239
vn -0.2734 0.9616 0.0238
vn -0.2734 0.9616 0.0241
vn 0.9962 -0.0028 -0.0871
vn 0.0010 -1.0000 0.0006
vn 0.0002 -1.0000 0.0061
vn 0.0004 -1.0000 0.0050
vn 0.0002 -1.0000 -0.0000
vn -0.0010 1.0000 -0.0006
vn -0.0001 1.0000 -0.0000
vn -0.0004 1.0000 -0.0050
vn -0.0002 1.0000 -0.0061
vn -0.9966 -0.0000 0.0826
vn 0.0390 -0.0000 0.9992
vn -0.1735 -0.0000 0.9848
vn -0.3419 -0.0000 -0.9397
vn -0.1351 -0.0000 -0.9908
vn 0.9962 -0.0000 -0.0871
vn 0.2165 -0.0000 0.9763
vn 0.9547 -0.2793 -0.1023
vn 0.9775 -0.1920 -0.0874
vn 0.9155 -0.3865 -0.1118
vn 0.9711 -0.2219 -0.0875
vn 0.9590 -0.2759 -0.0655
vn 0.9263 -0.3721 -0.0590
vn 0.9844 -0.1456 -0.0987
vn 0.9470 -0.2976 -0.1208
vn -0.2284 -0.7629 0.6048
vn -0.2296 -0.7624 0.6050
vn -0.3960 -0.6885 0.6075
vn -0.3977 -0.6877 0.6074
vn -0.9311 0.3572 0.0741
vn -0.9264 0.3659 0.0889
vn -0.9256 0.3673 0.0913
vn -0.9170 0.3816 0.1160
vn -0.9207 0.3836 0.0723
vn -0.9717 0.2329 0.0404
vn -0.9299 0.3615 0.0676
vn -0.9772 0.2095 0.0354
vn -0.9734 0.2080 0.0960
vn -0.9145 0.3853 0.1235
vn -0.9717 0.2152 0.0972
vn -0.9111 0.3930 0.1246
vn 0.9953 -0.0514 -0.0821
vn 0.9949 -0.0639 -0.0777
vn 0.9972 -0.0475 -0.0585
vn 0.9684 0.2322 -0.0913
vn -0.0382 -0.6596 0.7507
vn -0.0399 -0.6593 0.7508
vn -0.1879 -0.6352 0.7491
vn -0.1904 -0.6347 0.7489
vn -0.9901 0.1196 0.0739
vn -0.9828 0.1620 0.0891
vn -0.9885 0.1298 0.0775
vn -0.9800 0.1755 0.0939
vn -0.9815 0.1758 0.0754
vn -0.9826 0.1703 0.0742
vn -0.9817 0.1749 0.0752
vn -0.9828 0.1694 0.0740
vn -0.9813 0.1692 0.0921
vn -0.9806 0.1727 0.0927
vn -0.9813 0.1693 0.0921
vn -0.9806 0.1729 0.0927
vn 0.9817 0.1804 -0.0604
vn 0.9837 0.1693 -0.0600
vn 0.9810 0.1927 -0.0227
vn 0.9046 0.4250 -0.0308
vn 0.0962 -0.5469 0.8317
vn 0.0943 -0.5476 0.8314
vn -0.0305 -0.5796 0.8144
vn -0.0337 -0.5802 0.8138
vn -0.9510 -0.3090 0.0074
vn -0.9916 -0.1107 0.0674
vn -0.9615 -0.2742 0.0183
vn -0.9948 -0.0609 0.0818
vn -0.9959 -0.0609 0.0670
vn -0.9964 -0.0481 0.0703
vn -0.9960 -0.0588 0.0676
vn -0.9963 -0.0466 0.0727
vn -0.9958 -0.0574 0.0711
vn -0.9958 -0.0580 0.0710
vn 0.9148 0.4021 -0.0384
vn 0.9167 0.3979 -0.0358
vn 0.8962 0.4437 0.0042
vn 0.8302 0.5571 0.0202
vn 0.1251 -0.2895 0.9490
vn 0.1240 -0.2905 0.9488
vn 0.0594 -0.3270 0.9431
vn 0.0579 -0.3279 0.9429
vn -0.8770 -0.4789 -0.0399
vn -0.9392 -0.3434 -0.0005
vn -0.8897 -0.4553 -0.0328
vn -0.9492 -0.3147 0.0076
vn -0.9482 -0.3144 0.0463
vn -0.9543 -0.2942 0.0523
vn -0.9492 -0.3110 0.0474
vn -0.9556 -0.2905 0.0494
vn -0.9567 -0.2866 0.0498
vn -0.9568 -0.2864 0.0499
vn 0.7976 0.6030 -0.0157
vn 0.7930 0.6091 -0.0130
vn 0.7716 0.6355 0.0284
vn 0.7083 0.7043 0.0476
vn -0.7744 -0.6300 -0.0588
vn -0.8161 -0.5765 -0.0418
vn -0.7830 -0.6196 -0.0554
vn -0.8238 -0.5655 -0.0384
vn -0.8244 -0.5659 0.0106
vn -0.8614 -0.5071 0.0305
vn -0.8309 -0.5562 0.0140
vn -0.8674 -0.4968 0.0284
vn -0.8658 -0.4996 0.0278
vn -0.8657 -0.4998 0.0277
vn 0.6377 0.7702 0.0063
vn 0.6101 0.7923 0.0072
vn 0.5908 0.8057 0.0421
vn 0.5685 0.8195 0.0731
vn -0.6236 -0.7768 -0.0876
vn -0.6977 -0.7137 -0.0619
vn -0.6401 -0.7639 -0.0822
vn -0.7117 -0.7002 -0.0567
vn -0.7128 -0.7013 0.0047
vn -0.7027 -0.7115 0.0007
vn -0.7110 -0.7032 0.0040
vn -0.7018 -0.7124 0.0020
vn -0.7261 -0.6876 0.0071
vn -0.7273 -0.6862 0.0074
vn 0.4447 0.8954 0.0235
vn 0.4180 0.9081 0.0260
vn 0.3782 0.9248 0.0424
vn 0.4099 0.9090 0.0760
vn -0.4917 -0.8679 -0.0703
vn -0.4529 -0.8878 -0.0819
vn -0.4835 -0.8723 -0.0728
vn -0.4450 -0.8916 -0.0842
vn -0.4464 -0.8945 -0.0258
vn -0.5020 -0.8648 -0.0081
vn -0.4568 -0.8893 -0.0226
vn -0.5123 -0.8588 -0.0047
vn -0.5122 -0.8587 -0.0185
vn -0.5476 -0.8366 -0.0130
vn -0.5136 -0.8578 -0.0183
vn -0.5495 -0.8354 -0.0127
vn 0.2281 0.9730 0.0342
vn 0.2116 0.9767 0.0360
vn 0.1991 0.9790 0.0430
vn 0.2309 0.9711 0.0606
vn -0.3345 -0.9406 -0.0574
vn -0.3025 -0.9508 -0.0663
vn -0.3278 -0.9429 -0.0593
vn -0.2959 -0.9528 -0.0681
vn -0.2964 -0.9544 -0.0359
vn -0.3149 -0.9486 -0.0308
vn -0.2997 -0.9534 -0.0350
vn -0.3191 -0.9472 -0.0309
vn -0.3407 -0.9397 -0.0283
vn -0.3419 -0.9393 -0.0282
vn 0.1160 0.9925 0.0378
vn 0.1020 0.9940 0.0393
vn 0.0930 0.9948 0.0407
vn 0.1262 0.9907 0.0517
vn -0.1340 -0.9901 -0.0415
vn -0.0990 -0.9938 -0.0510
vn -0.1264 -0.9910 -0.0436
vn -0.0936 -0.9948 -0.0413
vn -0.1003 -0.9942 -0.0394
vn -0.1022 -0.9940 -0.0380
vn -0.1153 -0.9926 -0.0367
vn -0.1160 -0.9926 -0.0367
vn -0.9396 -0.3402 0.0373
vn -0.9868 -0.1581 0.0360
vn -0.4998 0.8659 0.0188
vn -0.9868 -0.1577 0.0360
vn -0.1882 0.9820 0.0141
vn -0.9868 -0.1580 0.0359
vn -0.4996 -0.8656 0.0350
vn -0.9868 -0.1578 0.0360
vn -0.0019 -0.9999 0.0109
vn -0.9868 -0.1579 0.0361
vn -0.2049 -0.9788 0.0067
vn -0.9868 -0.1580 0.0360
vn 0.9524 0.3018 -0.0431
vn -0.4986 -0.8656 -0.0463
vn -0.9868 -0.1578 0.0362
vn -0.9775 -0.1920 -0.0874
vn -0.9547 -0.2793 -0.1023
vn -0.9155 -0.3865 -0.1118
vn -0.9711 -0.2219 -0.0875
vn -0.9590 -0.2759 -0.0655
vn -0.9263 -0.3721 -0.0590
vn -0.9844 -0.1456 -0.0987
vn -0.9470 -0.2976 -0.1208
vn 0.2297 -0.7623 0.6051
vn 0.2280 -0.7629 0.6050
vn 0.3960 -0.6885 0.6076
vn 0.3976 -0.6876 0.6075
vn 0.9264 0.3659 0.0889
vn 0.9311 0.3572 0.0741
vn 0.9256 0.3673 0.0913
vn 0.9170 0.3816 0.1160
vn 0.9717 0.2329 0.0404
vn 0.9207 0.3836 0.0723
vn 0.9299 0.3615 0.0676
vn 0.9772 0.2095 0.0354
vn 0.9145 0.3853 0.1235
vn 0.9734 0.2080 0.0960
vn 0.9717 0.2152 0.0972
vn 0.9111 0.3930 0.1246
vn -0.9949 -0.0639 -0.0777
vn -0.9953 -0.0513 -0.0821
vn -0.9972 -0.0475 -0.0585
vn -0.9684 0.2322 -0.0913
vn 0.0406 -0.6593 0.7508
vn 0.0380 -0.6596 0.7506
vn 0.1880 -0.6351 0.7492
vn 0.1905 -0.6346 0.7490
vn 0.9828 0.1621 0.0891
vn 0.9901 0.1196 0.0739
vn 0.9885 0.1298 0.0776
vn 0.9800 0.1755 0.0939
vn 0.9826 0.1703 0.0742
vn 0.9815 0.1758 0.0754
vn 0.9817 0.1749 0.0752
vn 0.9828 0.1694 0.0740
vn 0.9806 0.1727 0.0926
vn 0.9813 0.1692 0.0921
vn 0.9813 0.1693 0.0921
vn 0.9806 0.1729 0.0927
vn -0.9837 0.1693 -0.0600
vn -0.9817 0.1803 -0.0604
vn -0.9810 0.1927 -0.0227
vn -0.9046 0.4251 -0.0308
vn -0.0942 -0.5477 0.8313
vn -0.0964 -0.5471 0.8315
vn 0.0307 -0.5796 0.8143
vn 0.0330 -0.5802 0.8138
vn 0.9916 -0.1107 0.0674
vn 0.9510 -0.3090 0.0074
vn 0.9615 -0.2743 0.0183
vn 0.9948 -0.0608 0.0818
vn 0.9964 -0.0481 0.0703
vn 0.9959 -0.0609 0.0670
vn 0.9960 -0.0587 0.0676
vn 0.9963 -0.0466 0.0728
vn 0.9958 -0.0575 0.0711
vn 0.9958 -0.0581 0.0710
vn -0.9167 0.3979 -0.0358
vn -0.9148 0.4021 -0.0384
vn -0.8962 0.4437 0.0042
vn -0.8302 0.5571 0.0202
vn -0.1240 -0.2905 0.9488
vn -0.1248 -0.2895 0.9490
vn -0.0596 -0.3270 0.9431
vn -0.0578 -0.3280 0.9429
vn 0.9392 -0.3435 -0.0005
vn 0.8770 -0.4789 -0.0399
vn 0.8897 -0.4553 -0.0328
vn 0.9491 -0.3147 0.0076
vn 0.9543 -0.2941 0.0524
vn 0.9482 -0.3144 0.0463
vn 0.9492 -0.3110 0.0474
vn 0.9556 -0.2904 0.0493
vn 0.9567 -0.2866 0.0498
vn 0.9568 -0.2864 0.0499
vn -0.7930 0.6091 -0.0130
vn -0.7975 0.6030 -0.0157
vn -0.7716 0.6355 0.0284
vn -0.7083 0.7043 0.0476
vn 0.8161 -0.5765 -0.0418
vn 0.7744 -0.6300 -0.0588
vn 0.7830 -0.6196 -0.0554
vn 0.8239 -0.5655 -0.0384
vn 0.8614 -0.5071 0.0305
vn 0.8244 -0.5659 0.0106
vn 0.8309 -0.5562 0.0140
vn 0.8674 -0.4968 0.0285
vn 0.8658 -0.4996 0.0278
vn 0.8657 -0.4998 0.0278
vn -0.6101 0.7923 0.0072
vn -0.6377 0.7702 0.0063
vn -0.5908 0.8057 0.0421
vn -0.5685 0.8195 0.0731
vn 0.6977 -0.7137 -0.0619
vn 0.6236 -0.7768 -0.0876
vn 0.6401 -0.7639 -0.0822
vn 0.7117 -0.7002 -0.0567
vn 0.7027 -0.7115 0.0006
vn 0.7128 -0.7013 0.0047
vn 0.7110 -0.7032 0.0040
vn 0.7017 -0.7124 0.0020
vn 0.7261 -0.6876 0.0071
vn 0.7273 -0.6862 0.0074
vn -0.4180 0.9081 0.0260
vn -0.4447 0.8954 0.0235
vn -0.3782 0.9248 0.0424
vn -0.4099 0.9090 0.0760
vn 0.4529 -0.8878 -0.0819
vn 0.4917 -0.8679 -0.0703
vn 0.4835 -0.8723 -0.0728
vn 0.4450 -0.8916 -0.0842
vn 0.5021 -0.8648 -0.0080
vn 0.4464 -0.8945 -0.0258
vn 0.4568 -0.8893 -0.0226
vn 0.5123 -0.8588 -0.0047
vn 0.5476 -0.8366 -0.0130
vn 0.5122 -0.8587 -0.0185
vn 0.5137 -0.8578 -0.0182
vn 0.5495 -0.8354 -0.0127
vn -0.2116 0.9767 0.0360
vn -0.2282 0.9730 0.0342
vn -0.1991 0.9790 0.0430
vn -0.2309 0.9711 0.0606
vn 0.3025 -0.9508 -0.0663
vn 0.3345 -0.9406 -0.0574
vn 0.3278 -0.9429 -0.0593
vn 0.2959 -0.9528 -0.0681
vn 0.3149 -0.9486 -0.0308
vn 0.2964 -0.9544 -0.0359
vn 0.2997 -0.9534 -0.0350
vn 0.3186 -0.9474 -0.0303
vn 0.3407 -0.9397 -0.0283
vn 0.3419 -0.9393 -0.0282
vn -0.1020 0.9940 0.0393
vn -0.1160 0.9925 0.0378
vn -0.2281 0.9730 0.0342
vn -0.1018 0.9940 0.0394
vn -0.0930 0.9948 0.0406
vn -0.1262 0.9907 0.0517
vn 0.0989 -0.9938 -0.0509
vn 0.1340 -0.9901 -0.0415
vn 0.1264 -0.9910 -0.0436
vn 0.0936 -0.9948 -0.0413
vn 0.1002 -0.9942 -0.0395
vn 0.1023 -0.9940 -0.0378
vn 0.1153 -0.9926 -0.0367
vn 0.1160 -0.9926 -0.0367
vn 0.9396 -0.3402 0.0373
vn 0.9868 -0.1579 0.0360
vn 0.4997 0.8660 0.0188
vn 0.9868 -0.1577 0.0360
vn 0.1881 0.9820 0.0141
vn 0.1882 0.9820 0.0141
vn 0.9868 -0.1580 0.0361
vn 0.4994 -0.8657 0.0349
vn 0.9868 -0.1577 0.0361
vn 0.0012 -0.9999 0.0107
vn 0.9868 -0.1578 0.0359
vn 0.2050 -0.9787 0.0067
vn 0.9868 -0.1579 0.0361
vn -0.9524 0.3018 -0.0431
vn 0.9868 -0.1578 0.0360
vn 0.4986 -0.8656 -0.0463
vn 0.9781 -0.2079 -0.0000
vn 0.9135 -0.4067 -0.0000
vn 0.8090 -0.5878 -0.0000
vn 0.6691 -0.7431 -0.0000
vn 0.5000 -0.8660 -0.0000
vn 0.3090 -0.9511 -0.0000
vn 0.1045 -0.9945 -0.0000
vn -0.1045 -0.9945 -0.0000
vn -0.3090 -0.9511 -0.0000
vn -0.5000 -0.8660 -0.0000
vn -0.6691 -0.7431 -0.0000
vn -0.8090 -0.5878 -0.0000
vn -0.9135 -0.4067 -0.0000
vn -0.9781 -0.2079 -0.0000
vn -0.9781 0.2079 -0.0000
vn -0.9135 0.4067 -0.0000
vn -0.8090 0.5878 -0.0000
vn -0.6691 0.7431 -0.0000
vn -0.5000 0.8660 -0.0000
vn -0.3090 0.9511 -0.0000
vn -0.1045 0.9945 -0.0000
vn 0.1045 0.9945 -0.0000
vn 0.3090 0.9511 -0.0000
vn 0.5000 0.8660 -0.0000
vn 0.6691 0.7431 -0.0000
vn 0.8090 0.5878 -0.0000
vn 0.9135 0.4067 -0.0000
vn 0.9781 0.2079 -0.0000
vn -0.1285 0.9682 -0.2149
vn -0.1285 0.9681 -0.2149
vn 0.1283 -0.9682 0.2149
vn 0.1285 -0.9681 0.2149
vn 0.3402 0.2466 0.9074
vn 0.3403 0.2466 0.9074
vn -0.9315 -0.0435 0.3611
vn 0.9315 0.0435 -0.3611
vn 0.0498 0.9681 -0.2454
vn 0.0499 0.9681 -0.2454
vn -0.0499 -0.9681 0.2454
vn -0.3601 0.2466 0.8997
vn -0.3602 0.2466 0.8997
vn -0.9315 -0.0434 -0.3611
vn -0.9315 -0.0435 -0.3611
vn 0.9315 0.0435 0.3611
vn 0.9263 -0.3721 -0.0591
vn 0.9470 -0.2975 -0.1209
vn -0.2273 -0.7634 0.6047
vn -0.2293 -0.7626 0.6048
vn -0.3953 -0.6889 0.6076
vn -0.3967 -0.6882 0.6075
vn -0.0379 -0.6596 0.7506
vn -0.0399 -0.6594 0.7507
vn -0.1870 -0.6355 0.7491
vn -0.1895 -0.6349 0.7490
vn -0.9806 0.1727 0.0926
vn 0.0969 -0.5469 0.8316
vn 0.0946 -0.5474 0.8315
vn -0.0312 -0.5796 0.8143
vn -0.0337 -0.5801 0.8138
vn 0.1248 -0.2898 0.9489
vn 0.1232 -0.2905 0.9489
vn 0.0593 -0.3271 0.9431
vn 0.0577 -0.3279 0.9429
vn -0.8898 -0.4553 -0.0328
vn 0.7716 0.6354 0.0284
vn -0.8614 -0.5070 0.0305
vn -0.8309 -0.5563 0.0140
vn -0.8658 -0.4997 0.0278
vn 0.6378 0.7702 0.0063
vn 0.5685 0.8194 0.0731
vn -0.7028 -0.7114 0.0007
vn -0.7018 -0.7124 0.0018
vn -0.7261 -0.6875 0.0071
vn -0.7274 -0.6862 0.0074
vn 0.4098 0.9090 0.0759
vn -0.3026 -0.9508 -0.0663
vn -0.3279 -0.9429 -0.0593
vn -0.3150 -0.9486 -0.0309
vn -0.3190 -0.9473 -0.0307
vn -0.1339 -0.9901 -0.0415
vn -0.1263 -0.9910 -0.0436
vn -0.0935 -0.9948 -0.0413
vn -0.1004 -0.9942 -0.0393
vn -0.1021 -0.9940 -0.0379
vn -0.9869 -0.1576 0.0359
vn -0.4996 0.8661 0.0186
vn -0.4993 0.8662 0.0186
vn -0.9869 -0.1574 0.0359
vn -0.1866 0.9823 0.0140
vn -0.1867 0.9823 0.0140
vn -0.4995 -0.8656 0.0349
vn -0.0011 -0.9999 0.0107
vn -0.2051 -0.9787 0.0067
vn -0.2050 -0.9787 0.0067
vn -0.9868 -0.1577 0.0359
vn -0.4998 -0.8649 -0.0462
vn -0.4997 -0.8649 -0.0462
vn -0.9869 -0.1574 0.0360
vn -0.9155 -0.3864 -0.1118
vn -0.9470 -0.2975 -0.1209
vn 0.2293 -0.7626 0.6048
vn 0.2277 -0.7632 0.6047
vn 0.3952 -0.6890 0.6075
vn 0.3969 -0.6881 0.6074
vn -0.9953 -0.0514 -0.0821
vn 0.0399 -0.6593 0.7508
vn 0.0383 -0.6596 0.7507
vn 0.1871 -0.6354 0.7491
vn 0.1892 -0.6350 0.7490
vn 0.9812 0.1693 0.0921
vn -0.9046 0.4251 -0.0309
vn -0.0942 -0.5476 0.8314
vn -0.0968 -0.5468 0.8316
vn 0.0312 -0.5797 0.8142
vn 0.0338 -0.5802 0.8137
vn -0.1236 -0.2906 0.9488
vn -0.1244 -0.2897 0.9490
vn -0.0597 -0.3270 0.9431
vn -0.0581 -0.3279 0.9429
vn 0.9544 -0.2940 0.0524
vn 0.9556 -0.2905 0.0493
vn -0.7975 0.6031 -0.0157
vn -0.7716 0.6354 0.0284
vn 0.8614 -0.5070 0.0305
vn 0.8309 -0.5563 0.0140
vn 0.8658 -0.4997 0.0278
vn 0.8657 -0.4998 0.0277
vn -0.6378 0.7702 0.0063
vn 0.7018 -0.7124 0.0019
vn 0.7261 -0.6875 0.0071
vn 0.7274 -0.6862 0.0074
vn -0.4098 0.9090 0.0759
vn 0.3026 -0.9508 -0.0663
vn 0.3346 -0.9406 -0.0574
vn 0.3279 -0.9429 -0.0593
vn 0.3189 -0.9473 -0.0307
vn -0.2280 0.9731 0.0342
vn -0.0930 0.9948 0.0407
vn -0.1261 0.9907 0.0517
vn 0.0990 -0.9938 -0.0510
vn 0.1339 -0.9901 -0.0415
vn 0.1263 -0.9910 -0.0436
vn 0.0935 -0.9948 -0.0413
vn 0.1022 -0.9940 -0.0378
vn 0.9868 -0.1579 0.0359
vn 0.4996 0.8661 0.0186
vn 0.9868 -0.1577 0.0359
vn 0.1860 0.9824 0.0140
vn 0.1863 0.9824 0.0140
vn 0.4995 -0.8656 0.0349
vn 0.0011 -0.9999 0.0107
vn 0.2047 -0.9788 0.0067
vn 0.9868 -0.1580 0.0359
vn 0.4999 -0.8648 -0.0462
vn 0.9868 -0.1576 0.0359
vn -0.9136 0.4067 -0.0000
vn -0.6691 0.7432 -0.0000
vn -0.1046 0.9945 -0.0000
vn 0.1046 0.9945 -0.0000
vn 0.6691 0.7432 -0.0000
vn 0.9136 0.4067 -0.0000
vn -0.1284 0.9682 0.2149
vn -0.1286 0.9681 0.2149
vn -0.1283 0.9682 0.2149
vn 0.1284 -0.9682 -0.2149
vn 0.1285 -0.9682 -0.2149
vn -0.3401 -0.2466 0.9075
vn -0.3403 -0.2466 0.9074
vn -0.3402 -0.2466 0.9075
vn -0.3404 -0.2466 0.9074
vn 0.0501 0.9682 0.2453
vn 0.0496 0.9681 0.2454
vn 0.0498 0.9681 0.2454
vn -0.0501 -0.9682 -0.2453
vn -0.0499 -0.9681 -0.2454
vn 0.3602 -0.2465 0.8997
vn 0.3603 -0.2466 0.8997
vn 0.9315 0.0434 -0.3611
vn 0.8910 -0.4540 -0.0000
vn 0.9877 -0.1564 -0.0000
vn 0.9877 -0.1565 -0.0000
vn 0.7071 -0.7071 -0.0000
vn 0.4540 -0.8910 -0.0000
vn 0.1564 -0.9877 -0.0000
vn -0.1564 -0.9877 -0.0000
vn -0.4540 -0.8910 -0.0000
vn -0.7071 -0.7071 -0.0000
vn -0.8910 -0.4540 -0.0000
vn -0.9877 -0.1564 -0.0000
vn -0.9877 -0.1565 -0.0000
vn -0.9877 0.1565 -0.0000
vn -0.9877 0.1564 -0.0000
vn -0.8910 0.4540 -0.0000
vn -0.7071 0.7071 -0.0000
vn -0.4540 0.8910 -0.0000
vn -0.1564 0.9877 -0.0000
vn 0.1564 0.9877 -0.0000
vn 0.4540 0.8910 -0.0000
vn 0.7071 0.7071 -0.0000
vn 0.8910 0.4540 -0.0000
vn 0.9877 0.1565 -0.0000
vn 0.9877 0.1564 -0.0000
vn -0.0001 -0.0007 -1.0000
vn -0.0000 -0.0007 -1.0000
vn 0.0001 -0.0007 -1.0000
vn 0.0019 -0.0008 -1.0000
vn 0.0015 -0.0009 -1.0000
vn 0.0009 -0.0010 -1.0000
vn 0.0005 -0.0011 -1.0000
vn 0.0002 -0.0011 -1.0000
vn -0.0002 -0.0011 -1.0000
vn -0.0005 -0.0011 -1.0000
vn -0.0009 -0.0010 -1.0000
vn -0.0015 -0.0009 -1.0000
vn -0.0019 -0.0008 -1.0000
vn 0.0001 0.0007 1.0000
vn -0.0000 0.0007 1.0000
vn -0.0001 0.0007 1.0000
vn -0.0019 0.0008 1.0000
vn -0.0015 0.0009 1.0000
vn -0.0009 0.0010 1.0000
vn -0.0005 0.0011 1.0000
vn -0.0002 0.0011 1.0000
vn 0.0002 0.0011 1.0000
vn 0.0005 0.0011 1.0000
vn 0.0009 0.0010 1.0000
vn 0.0015 0.0009 1.0000
vn 0.0019 0.0008 1.0000
vn 0.2385 -0.1215 -0.9635
vn 0.2643 -0.0426 -0.9635
vn 0.2385 -0.1214 -0.9635
vn 0.1893 -0.1892 -0.9635
vn 0.1893 -0.1891 -0.9635
vn 0.1215 -0.2384 -0.9635
vn 0.0419 -0.2643 -0.9635
vn 0.0418 -0.2643 -0.9635
vn -0.0419 -0.2643 -0.9635
vn -0.0419 -0.2644 -0.9635
vn -0.1215 -0.2385 -0.9635
vn -0.1892 -0.1892 -0.9635
vn -0.1892 -0.1893 -0.9635
vn -0.2385 -0.1215 -0.9635
vn -0.2384 -0.1215 -0.9635
vn -0.2642 -0.0426 -0.9635
vn -0.2643 -0.0426 -0.9635
vn -0.2644 0.0411 -0.9635
vn -0.2644 0.0413 -0.9635
vn -0.2384 0.1215 -0.9635
vn -0.2385 0.1216 -0.9635
vn -0.1893 0.1892 -0.9635
vn -0.1892 0.1892 -0.9635
vn -0.1215 0.2385 -0.9635
vn -0.0419 0.2644 -0.9635
vn 0.0419 0.2644 -0.9635
vn 0.0418 0.2644 -0.9635
vn 0.1215 0.2385 -0.9635
vn 0.1214 0.2385 -0.9635
vn 0.1892 0.1892 -0.9635
vn 0.1893 0.1892 -0.9635
vn 0.2385 0.1215 -0.9635
vn 0.2645 0.0411 -0.9635
vn 0.2644 0.0412 -0.9635
vn -0.0001 -0.0008 -1.0000
vn -0.0000 -0.0009 -1.0000
vn 0.0001 -0.0008 -1.0000
vn 0.0034 -0.0012 -1.0000
vn 0.0021 -0.0013 -1.0000
vn 0.0012 -0.0014 -1.0000
vn 0.0007 -0.0014 -1.0000
vn 0.0002 -0.0014 -1.0000
vn -0.0002 -0.0014 -1.0000
vn -0.0007 -0.0014 -1.0000
vn -0.0012 -0.0014 -1.0000
vn -0.0021 -0.0013 -1.0000
vn -0.0034 -0.0012 -1.0000
vn -0.0000 1.0000 -0.0001
vn -0.0000 1.0000 0.0001
vn 0.8660 -0.0000 -0.5000
vn -0.5000 -0.0000 -0.8660
vn 0.5000 -0.0000 0.8660
vn -0.8660 -0.0000 -0.5000
vn -0.8661 -0.0000 -0.5000
vn 0.5000 -0.0000 -0.8660
vn -0.5000 -0.0000 0.8660
vn -0.0004 0.0002 1.0000
vn -0.0006 -0.0002 1.0000
vn -0.0000 -0.0003 1.0000
vn -0.0003 0.0003 1.0000
vn -0.0002 0.0003 1.0000
vn -0.0002 0.0004 1.0000
vn -0.0001 0.0004 1.0000
vn -0.0000 0.0004 1.0000
vn 0.0001 0.0004 1.0000
vn 0.0002 0.0004 1.0000
vn 0.0002 0.0003 1.0000
vn 0.0003 0.0003 1.0000
vn 0.0004 0.0002 1.0000
vn 0.0006 -0.0002 1.0000
vn 0.0010 -0.0004 1.0000
vn 0.0010 -0.0003 1.0000
vn 0.0008 -0.0005 1.0000
vn 0.0007 -0.0006 1.0000
vn 0.0005 -0.0007 1.0000
vn 0.0004 -0.0008 1.0000
vn 0.0002 -0.0008 1.0000
vn -0.0000 -0.0009 1.0000
vn -0.0002 -0.0008 1.0000
vn -0.0004 -0.0008 1.0000
vn -0.0005 -0.0007 1.0000
vn -0.0007 -0.0006 1.0000
vn -0.0008 -0.0005 1.0000
vn -0.0010 -0.0003 1.0000
vn -0.0010 -0.0004 1.0000
vn 0.9135 -0.4068 0.0001
vn 0.8090 -0.5878 0.0001
vn 0.6691 -0.7432 -0.0000
vn -0.6691 -0.7432 -0.0000
vn -0.9782 -0.2079 -0.0000
vn 0.9135 0.4068 -0.0000
vn 0.9782 0.2079 -0.0000
vn 0.8247 -0.0000 -0.5655
vn -0.8247 -0.0000 -0.5655
vn -0.9610 -0.2637 0.0832
vn -0.0174 -0.2130 -0.9769
vn -0.0124 -0.1451 -0.9893
vn -0.0090 -0.1385 -0.9903
vn -0.0097 -0.1440 -0.9895
vn -0.0107 -0.1395 -0.9902
vn -0.0237 -0.1259 -0.9918
vn -0.0241 -0.1269 -0.9916
vn -0.0032 -0.1358 -0.9907
vn -0.0038 -0.1328 -0.9911
vn -0.0530 -0.1273 -0.9904
vn -0.0479 -0.1349 -0.9897
vn -0.0538 -0.1261 -0.9906
vn -0.8378 -0.5392 0.0858
vn -0.6547 -0.7479 0.1100
vn -0.6547 -0.7479 0.1101
vn -0.6546 -0.7479 0.1101
vn -0.2200 -0.9666 0.1312
vn -0.2200 -0.9666 0.1313
vn -0.0182 -0.9913 0.1307
vn -0.0181 -0.9912 0.1309
vn 0.0131 0.1439 0.9895
vn 0.0079 0.1389 0.9903
vn 0.0091 0.1449 0.9894
vn 0.0112 0.1389 0.9902
vn 0.0232 0.1262 0.9917
vn 0.0251 0.1273 0.9916
vn 0.0246 0.1269 0.9916
vn 0.0042 0.1354 0.9908
vn 0.0024 0.1331 0.9911
vn 0.0476 0.1276 0.9907
vn 0.0530 0.1353 0.9894
vn 0.9525 0.2995 -0.0562
vn 0.0096 0.9914 -0.1306
vn -0.9685 -0.2352 0.0814
vn -0.9677 -0.2374 0.0842
vn -0.9631 -0.2566 0.0810
vn -0.1615 0.6234 -0.7651
vn -0.1583 0.6255 -0.7640
vn -0.1588 0.6251 -0.7642
vn -0.1608 0.9101 -0.3819
vn -0.1539 0.9132 -0.3774
vn -0.1620 0.9096 -0.3825
vn 0.9687 0.2345 -0.0813
vn 0.9689 0.2322 -0.0860
vn 0.9684 0.2346 -0.0846
vn 0.9746 0.2211 -0.0369
vn 0.9746 0.2210 -0.0369
vn 0.9744 0.2217 -0.0364
vn 0.9693 0.2301 -0.0864
vn 0.1593 -0.5819 0.7975
vn 0.1554 -0.5812 0.7988
vn 0.1563 -0.5814 0.7984
vn 0.1604 -0.5820 0.7972
vn 0.1485 -0.8878 0.4357
vn 0.1634 -0.8880 0.4299
vn 0.0001 -0.0000 -1.0000
vn 0.0001 -0.0001 -1.0000
vn -0.0000 -0.0001 -1.0000
vn -0.0000 -1.0000 0.0001
vn -0.2734 0.9616 0.0240
vn 0.0003 -1.0000 0.0038
vn 0.0010 -1.0000 0.0013
vn 0.0001 -1.0000 -0.0000
vn -0.0003 1.0000 -0.0037
vn -0.0009 1.0000 -0.0013
vn -0.1352 -0.0000 -0.9908
vn -0.2273 -0.7635 0.6045
vn -0.2289 -0.7629 0.6047
vn -0.3948 -0.6891 0.6077
vn -0.3964 -0.6882 0.6077
vn -0.9170 0.3816 0.1161
vn -0.9206 0.3836 0.0723
vn -0.9110 0.3930 0.1246
vn -0.0385 -0.6596 0.7506
vn -0.0414 -0.6593 0.7508
vn -0.1870 -0.6353 0.7493
vn -0.1893 -0.6349 0.7490
vn 0.9817 0.1803 -0.0605
vn 0.9046 0.4251 -0.0309
vn 0.0967 -0.5470 0.8315
vn 0.0946 -0.5476 0.8314
vn -0.0314 -0.5795 0.8144
vn -0.0335 -0.5801 0.8139
vn -0.9615 -0.2743 0.0183
vn -0.9963 -0.0465 0.0724
vn 0.1254 -0.2893 0.9490
vn 0.1237 -0.2902 0.9489
vn 0.0596 -0.3271 0.9431
vn 0.0581 -0.3279 0.9429
vn -0.9544 -0.2941 0.0522
vn -0.9556 -0.2905 0.0493
vn 0.7975 0.6031 -0.0157
vn -0.0001 -0.0000 1.0000
vn -0.8161 -0.5764 -0.0418
vn 0.6102 0.7922 0.0072
vn -0.6977 -0.7137 -0.0620
vn -0.7026 -0.7115 0.0006
vn -0.7017 -0.7124 0.0018
vn 0.4447 0.8954 0.0234
vn -0.4917 -0.8679 -0.0704
vn -0.5021 -0.8648 -0.0080
vn -0.5476 -0.8367 -0.0130
vn -0.5136 -0.8578 -0.0182
vn -0.5494 -0.8355 -0.0127
vn 0.2308 0.9711 0.0606
vn -0.3346 -0.9406 -0.0574
vn -0.3150 -0.9486 -0.0308
vn -0.3186 -0.9474 -0.0303
vn -0.3408 -0.9397 -0.0283
vn -0.0934 -0.9948 -0.0413
vn -0.1001 -0.9942 -0.0394
vn -0.1020 -0.9940 -0.0385
vn -0.1153 -0.9927 -0.0367
vn -0.9866 -0.1593 0.0359
vn -0.5015 0.8650 0.0186
vn -0.9866 -0.1590 0.0359
vn -0.1886 0.9819 0.0142
vn -0.4980 -0.8665 0.0350
vn -0.4981 -0.8664 0.0350
vn -0.9866 -0.1593 0.0361
vn -0.0012 -0.9999 0.0106
vn -0.0009 -0.9999 0.0106
vn -0.9867 -0.1586 0.0359
vn -0.2042 -0.9789 0.0067
vn -0.9866 -0.1592 0.0358
vn -0.9866 -0.1591 0.0359
vn -0.9866 -0.1593 0.0360
vn 0.2289 -0.7629 0.6047
vn 0.2278 -0.7633 0.6046
vn 0.3952 -0.6892 0.6073
vn 0.3965 -0.6883 0.6074
vn 0.9170 0.3816 0.1161
vn 0.9206 0.3836 0.0723
vn 0.9110 0.3930 0.1246
vn 0.0407 -0.6594 0.7507
vn 0.0395 -0.6596 0.7506
vn 0.1865 -0.6355 0.7492
vn 0.1889 -0.6350 0.7491
vn 0.9828 0.1620 0.0891
vn 0.9885 0.1298 0.0775
vn -0.0946 -0.5477 0.8313
vn -0.0967 -0.5471 0.8314
vn 0.0308 -0.5795 0.8144
vn 0.0340 -0.5801 0.8139
vn 0.9615 -0.2742 0.0183
vn 0.9948 -0.0609 0.0818
vn 0.9964 -0.0479 0.0705
vn 0.9960 -0.0588 0.0676
vn 0.9958 -0.0574 0.0711
vn 0.9958 -0.0580 0.0710
vn -0.1238 -0.2902 0.9489
vn -0.1254 -0.2893 0.9490
vn -0.0596 -0.3271 0.9431
vn -0.0581 -0.3280 0.9429
vn 0.9392 -0.3434 -0.0005
vn 0.9492 -0.3147 0.0076
vn 0.9544 -0.2939 0.0521
vn 0.9556 -0.2905 0.0495
vn 0.0001 -0.0000 1.0000
vn 0.0002 -0.0000 1.0000
vn 0.8161 -0.5764 -0.0418
vn 0.8674 -0.4968 0.0284
vn -0.6102 0.7922 0.0072
vn -0.5685 0.8194 0.0731
vn -0.4447 0.8954 0.0234
vn 0.5476 -0.8367 -0.0130
vn 0.5136 -0.8578 -0.0182
vn 0.5494 -0.8355 -0.0127
vn -0.2283 0.9730 0.0342
vn -0.2308 0.9711 0.0606
vn 0.3148 -0.9486 -0.0308
vn 0.3408 -0.9397 -0.0283
vn -0.2279 0.9731 0.0342
vn 0.0989 -0.9938 -0.0508
vn 0.1001 -0.9942 -0.0394
vn 0.1020 -0.9940 -0.0385
vn 0.1153 -0.9927 -0.0367
vn 0.9865 -0.1596 0.0359
vn 0.5020 0.8647 0.0186
vn 0.9866 -0.1592 0.0357
vn 0.1887 0.9819 0.0142
vn 0.4983 -0.8663 0.0350
vn 0.9865 -0.1596 0.0360
vn 0.0015 -0.9999 0.0107
vn 0.9866 -0.1590 0.0359
vn 0.2046 -0.9788 0.0067
vn 0.2049 -0.9788 0.0067
vn 0.9866 -0.1594 0.0359
vn 0.4998 -0.8649 -0.0462
vn 0.9865 -0.1595 0.0359
vn -0.3090 0.9510 -0.0000
vn 0.3090 0.9510 -0.0000
vn 0.1285 -0.9682 0.2148
vn 0.1284 -0.9681 0.2149
vn 0.3401 0.2466 0.9075
vn 0.3402 0.2466 0.9075
vn 0.3403 0.2465 0.9074
vn 0.0500 0.9682 -0.2453
vn -0.0500 -0.9681 0.2453
vn -0.3603 0.2466 0.8997
vn -0.3603 0.2466 0.8996
vn -0.2287 -0.7629 0.6047
vn -0.2303 -0.7623 0.6048
vn -0.3960 -0.6885 0.6076
vn -0.3976 -0.6876 0.6075
vn -0.9264 0.3659 0.0888
vn -0.9206 0.3837 0.0723
vn 0.9684 0.2321 -0.0913
vn -0.0378 -0.6596 0.7507
vn -0.0405 -0.6593 0.7508
vn -0.1889 -0.6352 0.7489
vn -0.1911 -0.6347 0.7488
vn -0.9812 0.1693 0.0921
vn 0.9817 0.1803 -0.0604
vn 0.9810 0.1928 -0.0227
vn 0.0966 -0.5469 0.8316
vn 0.0944 -0.5475 0.8315
vn -0.0311 -0.5795 0.8144
vn -0.0330 -0.5800 0.8139
vn 0.1254 -0.2895 0.9489
vn 0.1241 -0.2902 0.9489
vn 0.0595 -0.3271 0.9431
vn 0.0580 -0.3279 0.9429
vn -0.9556 -0.2905 0.0496
vn -0.8239 -0.5655 -0.0384
vn -0.8674 -0.4967 0.0286
vn -0.7027 -0.7115 0.0006
vn -0.7018 -0.7124 0.0019
vn -0.4916 -0.8680 -0.0703
vn -0.3187 -0.9474 -0.0303
vn 0.0929 0.9948 0.0407
vn -0.1003 -0.9942 -0.0396
vn -0.1019 -0.9940 -0.0385
vn -0.9867 -0.1584 0.0360
vn -0.5001 0.8658 0.0187
vn -0.5000 0.8658 0.0187
vn -0.9868 -0.1579 0.0360
vn -0.1878 0.9821 0.0141
vn -0.1876 0.9821 0.0141
vn -0.9867 -0.1584 0.0359
vn -0.5003 -0.8651 0.0350
vn -0.4999 -0.8654 0.0350
vn -0.9868 -0.1580 0.0362
vn -0.0014 -0.9999 0.0108
vn -0.9868 -0.1581 0.0361
vn -0.2052 -0.9787 0.0067
vn -0.4983 -0.8658 -0.0462
vn -0.4982 -0.8658 -0.0462
vn -0.9868 -0.1578 0.0361
vn -0.9263 -0.3721 -0.0591
vn -0.9470 -0.2976 -0.1209
vn 0.2303 -0.7623 0.6049
vn 0.2291 -0.7628 0.6047
vn 0.3961 -0.6887 0.6074
vn 0.3977 -0.6878 0.6073
vn 0.9206 0.3837 0.0723
vn -0.9684 0.2321 -0.0913
vn 0.0405 -0.6594 0.7507
vn 0.0377 -0.6596 0.7507
vn 0.1889 -0.6352 0.7489
vn 0.1903 -0.6348 0.7489
vn -0.0945 -0.5476 0.8314
vn -0.0966 -0.5470 0.8315
vn 0.0312 -0.5795 0.8144
vn 0.0337 -0.5801 0.8139
vn 0.9963 -0.0463 0.0718
vn -0.1241 -0.2902 0.9489
vn -0.1254 -0.2895 0.9489
vn -0.0595 -0.3271 0.9431
vn -0.0579 -0.3280 0.9429
vn 0.9543 -0.2942 0.0523
vn -0.7976 0.6030 -0.0157
vn 0.8674 -0.4968 0.0286
vn 0.4916 -0.8680 -0.0703
vn 0.4449 -0.8916 -0.0842
vn 0.3150 -0.9486 -0.0309
vn 0.3190 -0.9473 -0.0307
vn -0.0929 0.9948 0.0407
vn 0.1003 -0.9942 -0.0396
vn 0.1019 -0.9940 -0.0385
vn 0.9866 -0.1589 0.0360
vn 0.5005 0.8655 0.0188
vn 0.9868 -0.1582 0.0359
vn 0.1877 0.9821 0.0141
vn 0.9866 -0.1589 0.0361
vn 0.4994 -0.8657 0.0350
vn 0.4997 -0.8655 0.0350
vn 0.9867 -0.1584 0.0360
vn 0.0014 -0.9999 0.0108
vn 0.9867 -0.1586 0.0359
vn 0.9866 -0.1588 0.0360
vn 0.9867 -0.1587 0.0360
vn 0.4984 -0.8657 -0.0462
vn 0.4981 -0.8659 -0.0462
vn 0.9867 -0.1583 0.0360
vn 0.3090 -0.9510 -0.0000
vn -0.3090 -0.9510 -0.0000
vn -0.0500 -0.9681 -0.2453
vn 0.3602 -0.2466 0.8997
vn 0.3601 -0.2466 0.8997
vn 0.9470 -0.2976 -0.1209
vn -0.2277 -0.7632 0.6047
vn -0.2295 -0.7625 0.6049
vn -0.3957 -0.6888 0.6074
vn -0.0380 -0.6596 0.7507
vn -0.0402 -0.6593 0.7508
vn -0.1865 -0.6356 0.7492
vn -0.1890 -0.6351 0.7490
vn 0.0963 -0.5470 0.8316
vn 0.0945 -0.5476 0.8314
vn -0.0309 -0.5796 0.8143
vn -0.0334 -0.5801 0.8138
vn -0.9964 -0.0480 0.0703
vn -0.9963 -0.0463 0.0718
vn 0.1246 -0.2897 0.9490
vn 0.1240 -0.2902 0.9489
vn 0.0598 -0.3271 0.9431
vn 0.0578 -0.3281 0.9429
vn -0.9392 -0.3435 -0.0005
vn -0.9544 -0.2940 0.0521
vn -0.8674 -0.4968 0.0286
vn 0.2309 0.9711 0.0605
vn -0.3192 -0.9472 -0.0310
vn -0.1002 -0.9942 -0.0397
vn -0.4996 0.8661 0.0187
vn -0.4994 0.8662 0.0187
vn -0.9869 -0.1575 0.0359
vn -0.1865 0.9823 0.0140
vn -0.9868 -0.1581 0.0359
vn -0.4991 -0.8658 0.0349
vn -0.0022 -0.9999 0.0108
vn -0.2059 -0.9785 0.0067
vn -0.9868 -0.1578 0.0359
vn -0.4983 -0.8658 -0.0463
vn -0.4982 -0.8658 -0.0463
vn -0.9869 -0.1575 0.0360
vn 0.2296 -0.7625 0.6049
vn 0.2278 -0.7631 0.6048
vn 0.3950 -0.6890 0.6077
vn 0.3966 -0.6881 0.6076
vn 0.0402 -0.6594 0.7507
vn 0.1858 -0.6357 0.7493
vn -0.0942 -0.5478 0.8313
vn -0.0968 -0.5472 0.8314
vn 0.0309 -0.5795 0.8144
vn 0.0335 -0.5801 0.8139
vn 0.9964 -0.0480 0.0703
vn 0.9963 -0.0464 0.0721
vn -0.1240 -0.2902 0.9489
vn -0.1252 -0.2895 0.9490
vn -0.0599 -0.3270 0.9431
vn -0.0578 -0.3282 0.9429
vn 0.9556 -0.2905 0.0494
vn 0.6977 -0.7137 -0.0620
vn -0.2309 0.9711 0.0605
vn 0.1007 -0.9942 -0.0390
vn 0.4992 0.8663 0.0187
vn 0.4989 0.8665 0.0187
vn 0.9869 -0.1572 0.0359
vn 0.1866 0.9823 0.0140
vn 0.4991 -0.8658 0.0349
vn 0.9869 -0.1574 0.0359
vn 0.0022 -0.9999 0.0107
vn 0.9869 -0.1575 0.0359
vn 0.2055 -0.9786 0.0067
vn 0.9869 -0.1576 0.0359
vn 0.4988 -0.8655 -0.0462
vn 0.4987 -0.8655 -0.0462
vn 0.9869 -0.1573 0.0360
vn 0.9136 -0.4067 -0.0000
vn -0.9136 -0.4067 -0.0000
vn -0.1285 0.9682 0.2149
vn -0.1285 0.9681 0.2149
vn 0.1285 -0.9681 -0.2149
vn 0.0499 0.9681 0.2454
vn 0.0499 0.9681 0.2453
vn -0.0499 -0.9682 -0.2453
vn -0.0500 -0.9681 -0.2454
vn -0.0004 0.0001 1.0000
vn -0.0006 -0.0001 1.0000
vn -0.0000 -0.0002 1.0000
vn -0.0003 0.0002 1.0000
vn -0.0001 0.0003 1.0000
vn -0.0000 0.0003 1.0000
vn 0.0001 0.0003 1.0000
vn 0.0003 0.0002 1.0000
vn 0.0004 0.0001 1.0000
vn 0.0006 -0.0001 1.0000
vn 0.0009 -0.0003 1.0000
vn 0.0007 -0.0004 1.0000
vn 0.0006 -0.0005 1.0000
vn 0.0004 -0.0006 1.0000
vn 0.0003 -0.0006 1.0000
vn 0.0001 -0.0007 1.0000
vn -0.0000 -0.0007 1.0000
vn -0.0001 -0.0007 1.0000
vn -0.0003 -0.0006 1.0000
vn -0.0004 -0.0006 1.0000
vn -0.0006 -0.0005 1.0000
vn -0.0007 -0.0004 1.0000
vn -0.0009 -0.0003 1.0000
vn 0.9782 -0.2079 -0.0000
vn -0.1565 0.9877 -0.0000
vn -0.0001 -0.0004 -1.0000
vn -0.0000 -0.0004 -1.0000
vn 0.0001 -0.0004 -1.0000
vn 0.0014 -0.0005 -1.0000
vn 0.0009 -0.0006 -1.0000
vn 0.0006 -0.0006 -1.0000
vn 0.0003 -0.0007 -1.0000
vn -0.0003 -0.0007 -1.0000
vn -0.0006 -0.0006 -1.0000
vn -0.0009 -0.0006 -1.0000
vn -0.0014 -0.0005 -1.0000
vn -0.0014 0.0005 1.0000
vn -0.0009 0.0006 1.0000
vn -0.0006 0.0006 1.0000
vn -0.0003 0.0007 1.0000
vn 0.0003 0.0007 1.0000
vn 0.0006 0.0006 1.0000
vn 0.0009 0.0006 1.0000
vn 0.0014 0.0005 1.0000
vn 0.2644 -0.0422 -0.9635
vn 0.2643 -0.0422 -0.9635
vn -0.2643 -0.0423 -0.9635
vn -0.2643 0.0415 -0.9635
vn -0.2643 0.0416 -0.9635
vn -0.1214 0.2385 -0.9635
vn 0.2644 0.0415 -0.9635
vn 0.0020 -0.0007 -1.0000
vn 0.0012 -0.0007 -1.0000
vn 0.0007 -0.0008 -1.0000
vn 0.0004 -0.0008 -1.0000
vn -0.0004 -0.0008 -1.0000
vn -0.0007 -0.0008 -1.0000
vn -0.0012 -0.0007 -1.0000
vn -0.0020 -0.0007 -1.0000
vn -0.0000 -1.0000 -0.0001
vn -0.0000 1.0000 0.0003
vn -0.0000 -1.0000 -0.0003
vt 0.559464 0.118981
vt 0.548140 0.118981
vt 0.548140 0.107657
vt 0.559464 0.107657
vt 0.499481 0.293242
vt 0.487208 0.294389
vt 0.485900 0.283321
vt 0.498173 0.282174
vt 0.146287 0.780819
vt 0.153073 0.792791
vt 0.152634 0.810295
vt 0.146332 0.826199
vt 0.156194 0.778668
vt 0.155126 0.825022
vt 0.133714 0.701063
vt 0.127099 0.701063
vt 0.128637 0.703007
vt 0.132176 0.703007
vt 0.135406 0.677035
vt 0.125406 0.677035
vt 0.139037 0.776600
vt 0.141921 0.803691
vt 0.133180 0.803357
vt 0.130929 0.776888
vt 0.138412 0.793366
vt 0.135573 0.775346
vt 0.130231 0.775421
vt 0.131997 0.792592
vt 0.140516 0.882582
vt 0.131939 0.881663
vt 0.154396 0.252263
vt 0.126304 0.255463
vt 0.123104 0.227371
vt 0.151195 0.224171
vt 0.315618 0.675938
vt 0.273655 0.675938
vt 0.273655 0.633976
vt 0.315618 0.633976
vt 0.138535 0.831338
vt 0.140354 0.872645
vt 0.132112 0.872491
vt 0.132709 0.831414
vt 0.136065 0.237682
vt 0.146376 0.224720
vt 0.149379 0.227830
vt 0.151475 0.231612
vt 0.152521 0.235807
vt 0.152446 0.240130
vt 0.151254 0.244286
vt 0.149027 0.247992
vt 0.145917 0.250995
vt 0.142135 0.253091
vt 0.137940 0.254138
vt 0.133617 0.254062
vt 0.129461 0.252870
vt 0.125755 0.250643
vt 0.291037 0.651357
vt 0.308419 0.633976
vt 0.312325 0.639066
vt 0.314781 0.644995
vt 0.315618 0.651357
vt 0.314781 0.657719
vt 0.312325 0.663648
vt 0.308419 0.668739
vt 0.303328 0.672645
vt 0.297399 0.675101
vt 0.291037 0.675938
vt 0.284675 0.675101
vt 0.278746 0.672645
vt 0.273655 0.668739
vt 0.287326 0.703923
vt 0.303271 0.687977
vt 0.306855 0.692648
vt 0.309107 0.698087
vt 0.309876 0.703923
vt 0.309107 0.709758
vt 0.306855 0.715198
vt 0.303271 0.719867
vt 0.298601 0.723450
vt 0.293162 0.725703
vt 0.287326 0.726471
vt 0.281490 0.725703
vt 0.276051 0.723450
vt 0.271381 0.719867
vt 0.309876 0.726471
vt 0.271381 0.726471
vt 0.271381 0.687977
vt 0.309876 0.687977
vt 0.152928 0.665676
vt 0.123131 0.665676
vt 0.123131 0.695475
vt 0.152928 0.695475
vt 0.127302 0.288831
vt 0.111903 0.285916
vt 0.105878 0.282177
vt 0.121277 0.285092
vt 0.140917 0.274533
vt 0.135946 0.274413
vt 0.135930 0.295416
vt 0.140901 0.295535
vt 0.136088 0.274554
vt 0.140759 0.295395
vt 0.303715 0.825473
vt 0.290457 0.823680
vt 0.290457 0.820774
vt 0.303715 0.822568
vt 0.315884 0.829705
vt 0.291255 0.832672
vt 0.290514 0.830773
vt 0.315143 0.827806
vt 0.114559 0.338652
vt 0.114559 0.232541
vt 0.096874 0.338652
vt 0.311283 0.827435
vt 0.293418 0.829764
vt 0.292075 0.828375
vt 0.309940 0.826047
vt 0.172036 0.282221
vt 0.180878 0.282221
vt 0.180878 0.282030
vt 0.172036 0.282030
vt 0.324439 0.826844
vt 0.293441 0.834362
vt 0.292710 0.829586
vt 0.324483 0.826877
vt 0.292754 0.829619
vt 0.293485 0.834394
vt 0.290445 0.822710
vt 0.290457 0.822116
vt 0.293428 0.834685
vt 0.305479 0.827450
vt 0.300878 0.828474
vt 0.513690 0.291630
vt 0.493116 0.296806
vt 0.295299 0.829406
vt 0.308060 0.826405
vt 0.118980 0.269754
vt 0.233934 0.269754
vt 0.307347 0.831430
vt 0.295942 0.832659
vt 0.296899 0.829861
vt 0.308303 0.828631
vt 0.238355 0.338652
vt 0.256040 0.338652
vt 0.238355 0.232541
vt 0.290742 0.813875
vt 0.304266 0.812145
vt 0.316848 0.811002
vt 0.327632 0.810525
vt 0.335882 0.810747
vt 0.341037 0.811652
vt 0.342745 0.813179
vt 0.340889 0.815224
vt 0.335597 0.817647
vt 0.327228 0.820282
vt 0.316354 0.822952
vt 0.290172 0.827674
vt 0.176457 0.338652
vt 0.314897 0.831676
vt 0.312248 0.833586
vt 0.308118 0.835305
vt 0.302788 0.836714
vt 0.296622 0.837719
vt 0.290039 0.838250
vt 0.283489 0.838272
vt 0.277417 0.837782
vt 0.272239 0.836816
vt 0.268305 0.835437
vt 0.265884 0.833740
vt 0.502384 0.133951
vt 0.532923 0.128957
vt 0.502318 0.130814
vt 0.532865 0.125053
vt 0.549507 0.128975
vt 0.549396 0.125355
vt 0.557338 0.129788
vt 0.551667 0.125409
vt 0.463799 0.130435
vt 0.509118 0.118488
vt 0.463553 0.120659
vt 0.508870 0.108712
vt 0.502389 0.137375
vt 0.532927 0.133124
vt 0.549514 0.132909
vt 0.560273 0.133592
vt 0.502333 0.140902
vt 0.532862 0.137546
vt 0.549450 0.136940
vt 0.562522 0.137683
vt 0.502219 0.144344
vt 0.532721 0.141733
vt 0.549297 0.141266
vt 0.563531 0.141493
vt 0.502053 0.147513
vt 0.532523 0.145558
vt 0.549068 0.145112
vt 0.563285 0.145121
vt 0.501845 0.150239
vt 0.532250 0.148919
vt 0.548776 0.148811
vt 0.562997 0.148138
vt 0.501606 0.152374
vt 0.531925 0.151598
vt 0.548435 0.151240
vt 0.562683 0.150612
vt 0.501347 0.153805
vt 0.531588 0.153342
vt 0.548089 0.152931
vt 0.562345 0.152449
vt 0.501083 0.154453
vt 0.531234 0.154148
vt 0.547723 0.153717
vt 0.562014 0.153343
vt 0.865123 0.296384
vt 0.866978 0.321750
vt 0.783222 0.323103
vt 0.859640 0.272128
vt 0.850768 0.250038
vt 0.838894 0.231083
vt 0.824537 0.216092
vt 0.808328 0.205717
vt 0.790970 0.200413
vt 0.773226 0.200413
vt 0.755870 0.205717
vt 0.739659 0.216092
vt 0.725303 0.231083
vt 0.713430 0.250038
vt 0.704557 0.272128
vt 0.699075 0.296384
vt 0.697218 0.321750
vt 0.699075 0.347116
vt 0.704557 0.371375
vt 0.713430 0.393462
vt 0.725303 0.412418
vt 0.739659 0.427409
vt 0.755870 0.437784
vt 0.773226 0.443087
vt 0.790970 0.443087
vt 0.808328 0.437784
vt 0.824537 0.427409
vt 0.838894 0.412418
vt 0.850768 0.393462
vt 0.859640 0.371373
vt 0.865123 0.347116
vt 0.524621 0.195069
vt 0.524717 0.196541
vt 0.524338 0.193661
vt 0.523881 0.192379
vt 0.523268 0.191279
vt 0.522528 0.190409
vt 0.521692 0.189807
vt 0.520797 0.189500
vt 0.519881 0.189500
vt 0.518986 0.189807
vt 0.518150 0.190409
vt 0.517410 0.191279
vt 0.516797 0.192379
vt 0.516340 0.193661
vt 0.516057 0.195069
vt 0.515961 0.196541
vt 0.516057 0.198013
vt 0.516340 0.199420
vt 0.516797 0.200702
vt 0.517410 0.201802
vt 0.518150 0.202672
vt 0.518986 0.203274
vt 0.519881 0.203582
vt 0.520797 0.203582
vt 0.521692 0.203274
vt 0.522528 0.202672
vt 0.523268 0.201802
vt 0.523881 0.200702
vt 0.524338 0.199420
vt 0.524621 0.198013
vt 0.520339 0.196541
vt 0.556362 0.322677
vt 0.556120 0.330538
vt 0.541225 0.322677
vt 0.540982 0.330538
vt 0.229015 0.280802
vt 0.223794 0.280952
vt 0.224297 0.317560
vt 0.229497 0.315815
vt 0.232122 0.280713
vt 0.232601 0.315565
vt 0.232746 0.307508
vt 0.232826 0.313324
vt 0.237413 0.302463
vt 0.237559 0.313029
vt 0.242454 0.307229
vt 0.242532 0.312886
vt 0.145369 0.283090
vt 0.145870 0.319481
vt 0.140148 0.283240
vt 0.140648 0.319631
vt 0.135438 0.283375
vt 0.135938 0.319766
vt 0.131700 0.283482
vt 0.132200 0.319874
vt 0.129300 0.283551
vt 0.129800 0.319943
vt 0.128473 0.283575
vt 0.128973 0.319966
vt 0.180026 0.553552
vt 0.176474 0.568689
vt 0.209849 0.588269
vt 0.186789 0.540648
vt 0.196099 0.531284
vt 0.207063 0.526353
vt 0.218561 0.526362
vt 0.229536 0.531292
vt 0.238854 0.540654
vt 0.245612 0.553520
vt 0.249176 0.568696
vt 0.246209 0.835520
vt 0.242641 0.850659
vt 0.235861 0.863588
vt 0.226584 0.872903
vt 0.215607 0.877840
vt 0.204098 0.877840
vt 0.193144 0.872929
vt 0.183812 0.863544
vt 0.177056 0.850668
vt 0.173493 0.835514
vt 0.199757 0.581155
vt 0.198663 0.585818
vt 0.201841 0.577187
vt 0.204708 0.574305
vt 0.208077 0.572790
vt 0.211621 0.572790
vt 0.214991 0.574305
vt 0.217858 0.577187
vt 0.219940 0.581155
vt 0.221035 0.585818
vt 0.219738 0.824701
vt 0.218643 0.829365
vt 0.216561 0.833332
vt 0.213694 0.836214
vt 0.210323 0.837729
vt 0.206780 0.837729
vt 0.203410 0.836214
vt 0.200543 0.833332
vt 0.198460 0.829365
vt 0.197365 0.824701
vt 0.347566 0.757612
vt 0.247315 0.764033
vt 0.347941 0.773541
vt 0.247246 0.782155
vt 0.977408 0.608251
vt 0.976309 0.581756
vt 0.869054 0.718311
vt 0.970860 0.554975
vt 0.963738 0.532519
vt 0.949199 0.503586
vt 0.928807 0.477499
vt 0.900728 0.457820
vt 0.873775 0.449930
vt 0.900716 0.457791
vt 0.928815 0.477442
vt 0.949202 0.503535
vt 0.963735 0.532524
vt 0.970861 0.554990
vt 0.976302 0.581742
vt 0.977404 0.608227
vt 0.973448 0.841344
vt 0.971504 0.857781
vt 0.966584 0.877863
vt 0.959332 0.901161
vt 0.944100 0.927873
vt 0.927584 0.948132
vt 0.898982 0.965869
vt 0.868049 0.973867
vt 0.899002 0.965856
vt 0.927559 0.948019
vt 0.944098 0.927965
vt 0.959309 0.901146
vt 0.966511 0.877464
vt 0.971696 0.857635
vt 0.973430 0.841347
vt 0.562871 0.106722
vt 0.563275 0.107931
vt 0.553290 0.112347
vt 0.562052 0.105577
vt 0.560854 0.104547
vt 0.559330 0.103677
vt 0.557546 0.103005
vt 0.555581 0.102561
vt 0.553519 0.102362
vt 0.551452 0.102420
vt 0.549469 0.102730
vt 0.547657 0.103279
vt 0.546095 0.104044
vt 0.544853 0.104991
vt 0.543983 0.106078
vt 0.543524 0.107258
vt 0.543308 0.116761
vt 0.543712 0.117971
vt 0.544531 0.119115
vt 0.545728 0.120145
vt 0.547252 0.121015
vt 0.549036 0.121687
vt 0.551002 0.122132
vt 0.553063 0.122330
vt 0.555131 0.122272
vt 0.557114 0.121962
vt 0.558925 0.121413
vt 0.560487 0.120648
vt 0.561730 0.119701
vt 0.562600 0.118614
vt 0.563058 0.117434
vt 0.560437 0.120727
vt 0.545576 0.120727
vt 0.545576 0.105867
vt 0.560437 0.105867
vt 0.088827 0.270595
vt 0.088007 0.249834
vt 0.096375 0.270595
vt 0.095555 0.249834
vt 0.280677 0.303981
vt 0.279857 0.283220
vt 0.288226 0.303981
vt 0.287405 0.283220
vt 0.250389 0.264718
vt 0.249569 0.243958
vt 0.257937 0.264718
vt 0.257117 0.243958
vt 0.130767 0.256090
vt 0.129947 0.235329
vt 0.138315 0.256090
vt 0.137495 0.235329
vt 0.090877 0.258789
vt 0.090057 0.238028
vt 0.098425 0.258789
vt 0.097605 0.238028
vt 0.275762 0.270924
vt 0.274942 0.250163
vt 0.283311 0.270924
vt 0.282490 0.250163
vt 0.132817 0.244283
vt 0.131997 0.223523
vt 0.140365 0.244283
vt 0.139545 0.223523
vt 0.252439 0.252912
vt 0.251619 0.232152
vt 0.259987 0.252912
vt 0.259167 0.232152
vt 0.198945 0.231775
vt 0.198945 0.253659
vt 0.177061 0.231775
vt 0.177061 0.253659
vt 0.288854 0.241368
vt 0.288854 0.263252
vt 0.266971 0.241368
vt 0.266971 0.263252
vt 0.249073 0.305191
vt 0.238120 0.304185
vt 0.248602 0.280747
vt 0.238031 0.284544
vt 0.249436 0.305960
vt 0.237351 0.301887
vt 0.248724 0.279747
vt 0.237465 0.284490
vt 0.145270 0.504844
vt 0.143353 0.592635
vt 0.133808 0.504322
vt 0.131892 0.592112
vt 0.144646 0.834002
vt 0.157525 0.832010
vt 0.131208 0.277253
vt 0.131288 0.279881
vt 0.116788 0.279172
vt 0.116987 0.281764
vt 0.105489 0.290127
vt 0.160315 0.280022
vt 0.159857 0.266760
vt 0.153403 0.280752
vt 0.153049 0.267416
vt 0.556000 0.205538
vt 0.545650 0.205538
vt 0.545650 0.195187
vt 0.556000 0.195187
vt 0.556778 0.205905
vt 0.544233 0.205905
vt 0.544233 0.193360
vt 0.556778 0.193360
vt 0.495537 0.291593
vt 0.488327 0.290499
vt 0.488327 0.283881
vt 0.495537 0.284974
vt 0.148490 0.275119
vt 0.148570 0.277747
vt 0.134070 0.277038
vt 0.134269 0.279630
vt 0.138559 0.282959
vt 0.144584 0.286698
vt 0.123160 0.280043
vt 0.122771 0.287993
vt 0.177597 0.277888
vt 0.177139 0.264627
vt 0.170685 0.278618
vt 0.170331 0.265282
vt 0.230478 0.335897
vt 0.229658 0.315136
vt 0.238026 0.335897
vt 0.237206 0.315136
vt 0.113532 0.225999
vt 0.118755 0.225982
vt 0.118811 0.262381
vt 0.113589 0.262398
vt 0.277908 0.261288
vt 0.277088 0.240528
vt 0.285456 0.261288
vt 0.284636 0.240528
vt 0.272418 0.321392
vt 0.271598 0.300631
vt 0.279966 0.321392
vt 0.279146 0.300631
vt 0.108821 0.226014
vt 0.108878 0.262413
vt 0.232528 0.324091
vt 0.231708 0.303330
vt 0.240076 0.324091
vt 0.239256 0.303330
vt 0.105082 0.226026
vt 0.105139 0.262425
vt 0.102682 0.226034
vt 0.102739 0.262433
vt 0.274468 0.309585
vt 0.273648 0.288825
vt 0.282016 0.309585
vt 0.281196 0.288825
vt 0.279958 0.249482
vt 0.279138 0.228722
vt 0.287506 0.249482
vt 0.286686 0.228722
vt 0.340596 0.297077
vt 0.340596 0.318961
vt 0.318712 0.297077
vt 0.318712 0.318961
vt 0.101854 0.226037
vt 0.101911 0.262436
vt 0.197193 0.225841
vt 0.197250 0.262457
vt 0.202415 0.225824
vt 0.202470 0.260844
vt 0.205523 0.225814
vt 0.205577 0.260674
vt 0.205820 0.252621
vt 0.205829 0.258439
vt 0.210548 0.247696
vt 0.210564 0.258264
vt 0.143805 0.511465
vt 0.142611 0.579892
vt 0.134871 0.511140
vt 0.133677 0.579567
vt 0.138137 0.543406
vt 0.142027 0.552484
vt 0.140629 0.564398
vt 0.135320 0.574451
vt 0.145048 0.543233
vt 0.141409 0.574798
vt 0.215530 0.252590
vt 0.296047 0.317565
vt 0.267955 0.320765
vt 0.264755 0.292673
vt 0.292846 0.289473
vt 0.150909 0.278140
vt 0.150989 0.280768
vt 0.136489 0.280059
vt 0.136688 0.282651
vt 0.140978 0.285979
vt 0.147003 0.289718
vt 0.125579 0.283064
vt 0.125190 0.291014
vt 0.180016 0.280909
vt 0.179558 0.267647
vt 0.173104 0.281639
vt 0.172750 0.268303
vt 0.228982 0.331170
vt 0.228162 0.310409
vt 0.236530 0.331170
vt 0.235710 0.310409
vt 0.277716 0.302984
vt 0.288027 0.290022
vt 0.291030 0.293132
vt 0.293126 0.296914
vt 0.294172 0.301109
vt 0.294097 0.305432
vt 0.292905 0.309588
vt 0.290678 0.313294
vt 0.287568 0.316297
vt 0.283786 0.318393
vt 0.279591 0.319440
vt 0.275268 0.319364
vt 0.271112 0.318172
vt 0.267406 0.315945
vt 0.119859 0.248707
vt 0.134221 0.247476
vt 0.119876 0.259617
vt 0.134238 0.258385
vt 0.276412 0.256561
vt 0.275592 0.235801
vt 0.283960 0.256561
vt 0.283140 0.235801
vt 0.270922 0.316665
vt 0.270102 0.295904
vt 0.278470 0.316665
vt 0.277650 0.295904
vt 0.231032 0.319364
vt 0.230212 0.298603
vt 0.238580 0.319364
vt 0.237760 0.298603
vt 0.142720 0.241529
vt 0.157082 0.240298
vt 0.142737 0.252439
vt 0.157099 0.251207
vt 0.272972 0.304858
vt 0.272152 0.284098
vt 0.280520 0.304858
vt 0.279700 0.284098
vt 0.278462 0.244755
vt 0.277642 0.223995
vt 0.286010 0.244755
vt 0.285190 0.223995
vt 0.339100 0.292350
vt 0.339100 0.314234
vt 0.317216 0.292350
vt 0.317216 0.314234
vt 0.163199 0.260385
vt 0.148057 0.260434
vt 0.163149 0.228756
vt 0.148008 0.228805
vt 0.222173 0.250721
vt 0.211234 0.249435
vt 0.221999 0.226268
vt 0.211384 0.229796
vt 0.222526 0.251499
vt 0.210492 0.247118
vt 0.222133 0.225272
vt 0.210818 0.229727
vt 0.184373 0.332643
vt 0.175772 0.332643
vt 0.177772 0.335170
vt 0.182373 0.335170
vt 0.186573 0.301403
vt 0.173572 0.301403
vt 0.144005 0.266278
vt 0.112107 0.274172
vt 0.112250 0.252608
vt 0.143431 0.246292
vt 0.124195 0.265220
vt 0.145386 0.257700
vt 0.145143 0.244529
vt 0.124923 0.249380
vt 0.018936 0.272982
vt 0.019773 0.251806
vt 0.294551 0.312838
vt 0.266459 0.316038
vt 0.263259 0.287946
vt 0.291350 0.284746
vt 0.079372 0.266620
vt 0.030662 0.272296
vt 0.030606 0.251967
vt 0.079115 0.252254
vt 0.129185 0.283782
vt 0.158199 0.272399
vt 0.153228 0.272280
vt 0.153212 0.293283
vt 0.158183 0.293401
vt 0.153370 0.272420
vt 0.158041 0.293261
vt 0.297515 0.840225
vt 0.287030 0.838807
vt 0.287030 0.836510
vt 0.297515 0.837928
vt 0.307139 0.843572
vt 0.287661 0.845919
vt 0.287075 0.844417
vt 0.306553 0.842071
vt 0.131841 0.336518
vt 0.131841 0.230407
vt 0.114156 0.336518
vt 0.303500 0.841777
vt 0.289372 0.843619
vt 0.288310 0.842520
vt 0.302438 0.840679
vt 0.189318 0.280087
vt 0.198160 0.280087
vt 0.198160 0.279896
vt 0.189318 0.279896
vt 0.313905 0.841310
vt 0.289390 0.847255
vt 0.288812 0.843478
vt 0.313939 0.841335
vt 0.288847 0.843504
vt 0.289424 0.847281
vt 0.287021 0.838040
vt 0.287030 0.837570
vt 0.289379 0.847511
vt 0.298910 0.841789
vt 0.295272 0.842599
vt 0.552998 0.155081
vt 0.568646 0.154342
vt 0.553320 0.151012
vt 0.568963 0.151021
vt 0.290859 0.843336
vt 0.300951 0.840962
vt 0.136262 0.267621
vt 0.251216 0.267621
vt 0.300388 0.844937
vt 0.291368 0.845909
vt 0.292124 0.843695
vt 0.301144 0.842723
vt 0.255637 0.336518
vt 0.273322 0.336518
vt 0.255637 0.230407
vt 0.287256 0.831053
vt 0.297951 0.829684
vt 0.307901 0.828781
vt 0.316430 0.828404
vt 0.322954 0.828579
vt 0.327031 0.829295
vt 0.328382 0.830503
vt 0.326914 0.832120
vt 0.322729 0.834036
vt 0.316111 0.836120
vt 0.307511 0.838232
vt 0.286804 0.841966
vt 0.193739 0.336518
vt 0.306359 0.845131
vt 0.304264 0.846642
vt 0.300997 0.848001
vt 0.296782 0.849115
vt 0.291906 0.849910
vt 0.286700 0.850330
vt 0.281519 0.850347
vt 0.276718 0.849960
vt 0.272622 0.849196
vt 0.269511 0.848105
vt 0.267597 0.846763
vt 0.501951 0.138730
vt 0.524630 0.125734
vt 0.490954 0.127777
vt 0.524567 0.121438
vt 0.552241 0.128438
vt 0.552119 0.124456
vt 0.560858 0.129333
vt 0.554618 0.124515
vt 0.483413 0.211511
vt 0.528943 0.201384
vt 0.483353 0.201729
vt 0.528882 0.191602
vt 0.501957 0.142498
vt 0.535560 0.137820
vt 0.553811 0.137584
vt 0.565650 0.138335
vt 0.501895 0.146379
vt 0.535487 0.142687
vt 0.553740 0.142020
vt 0.568125 0.142837
vt 0.501770 0.150166
vt 0.535333 0.147294
vt 0.553572 0.146780
vt 0.569235 0.147029
vt 0.501588 0.153653
vt 0.535115 0.151502
vt 0.501359 0.156653
vt 0.534815 0.155200
vt 0.501095 0.159002
vt 0.534456 0.158148
vt 0.552624 0.157755
vt 0.568301 0.157064
vt 0.500811 0.160577
vt 0.534087 0.160067
vt 0.552243 0.159615
vt 0.567930 0.159084
vt 0.500520 0.161290
vt 0.533697 0.160954
vt 0.551841 0.160480
vt 0.567565 0.160068
vt 0.865225 0.298780
vt 0.867078 0.323986
vt 0.782247 0.323986
vt 0.859744 0.274677
vt 0.850878 0.252727
vt 0.839011 0.233891
vt 0.824662 0.218995
vt 0.808461 0.208686
vt 0.791113 0.203416
vt 0.773379 0.203416
vt 0.756033 0.208686
vt 0.739831 0.218995
vt 0.725483 0.233891
vt 0.713616 0.252727
vt 0.704748 0.274677
vt 0.699269 0.298780
vt 0.697414 0.323986
vt 0.699269 0.349192
vt 0.704748 0.373298
vt 0.713616 0.395245
vt 0.725483 0.414081
vt 0.739831 0.428977
vt 0.756033 0.439287
vt 0.773379 0.444557
vt 0.791113 0.444557
vt 0.808461 0.439287
vt 0.824662 0.428977
vt 0.839011 0.414081
vt 0.850878 0.395245
vt 0.859744 0.373295
vt 0.865225 0.349192
vt 0.515258 0.284845
vt 0.515118 0.282841
vt 0.515673 0.286761
vt 0.516344 0.288507
vt 0.517241 0.290004
vt 0.518327 0.291188
vt 0.519553 0.292008
vt 0.520865 0.292427
vt 0.522207 0.292427
vt 0.523520 0.292008
vt 0.524746 0.291188
vt 0.525831 0.290004
vt 0.526729 0.288507
vt 0.527400 0.286761
vt 0.527815 0.284845
vt 0.527955 0.282841
vt 0.527815 0.280837
vt 0.527400 0.278921
vt 0.526729 0.277176
vt 0.525831 0.275678
vt 0.524746 0.274494
vt 0.523520 0.273674
vt 0.522207 0.273255
vt 0.520865 0.273255
vt 0.519553 0.273674
vt 0.518327 0.274494
vt 0.517241 0.275678
vt 0.516344 0.277176
vt 0.515673 0.278921
vt 0.515258 0.280837
vt 0.521536 0.282841
vt 0.556754 0.325107
vt 0.556512 0.332968
vt 0.541617 0.325107
vt 0.541374 0.332968
vt 0.976540 0.597083
vt 0.970386 0.556623
vt 0.869871 0.638279
vt 0.964563 0.536417
vt 0.956691 0.517612
vt 0.944774 0.497928
vt 0.931498 0.480663
vt 0.906040 0.461122
vt 0.874218 0.449884
vt 0.906028 0.461096
vt 0.931506 0.480611
vt 0.944777 0.497882
vt 0.956688 0.517617
vt 0.964564 0.536430
vt 0.970379 0.556610
vt 0.976536 0.597062
vt 0.973719 0.845377
vt 0.968236 0.871498
vt 0.962752 0.891386
vt 0.953504 0.912116
vt 0.938774 0.935493
vt 0.921302 0.952913
vt 0.899703 0.966688
vt 0.868866 0.973421
vt 0.899723 0.966676
vt 0.921277 0.952811
vt 0.938772 0.935576
vt 0.953481 0.912103
vt 0.962679 0.891028
vt 0.968428 0.871367
vt 0.973701 0.845380
vt 0.554934 0.193406
vt 0.555382 0.194746
vt 0.544321 0.199638
vt 0.554028 0.192138
vt 0.552701 0.190997
vt 0.551013 0.190034
vt 0.549036 0.189289
vt 0.546859 0.188796
vt 0.544575 0.188577
vt 0.542285 0.188640
vt 0.540088 0.188984
vt 0.538081 0.189593
vt 0.536351 0.190440
vt 0.534974 0.191489
vt 0.534011 0.192694
vt 0.533502 0.194001
vt 0.533263 0.204527
vt 0.533710 0.205868
vt 0.534617 0.207136
vt 0.535944 0.208277
vt 0.537632 0.209240
vt 0.539608 0.209985
vt 0.541786 0.210478
vt 0.544070 0.210697
vt 0.546360 0.210633
vt 0.548557 0.210290
vt 0.550564 0.209681
vt 0.552294 0.208834
vt 0.553670 0.207785
vt 0.554634 0.206580
vt 0.555143 0.205273
vt 0.547526 0.204052
vt 0.540477 0.204052
vt 0.540477 0.197004
vt 0.547526 0.197004
vt 0.215538 0.258248
vt 0.179096 0.554785
vt 0.175481 0.570676
vt 0.212476 0.579056
vt 0.185980 0.541237
vt 0.195455 0.531407
vt 0.206615 0.526230
vt 0.218318 0.526240
vt 0.229488 0.531416
vt 0.237783 0.541244
vt 0.244661 0.554751
vt 0.248289 0.570683
vt 0.246610 0.832673
vt 0.242978 0.848567
vt 0.236077 0.862140
vt 0.227823 0.871919
vt 0.216651 0.877102
vt 0.204937 0.877102
vt 0.193788 0.871947
vt 0.184290 0.862094
vt 0.177414 0.848576
vt 0.173787 0.832666
vt 0.202205 0.571587
vt 0.201090 0.576483
vt 0.204325 0.567421
vt 0.207243 0.564396
vt 0.210672 0.562805
vt 0.214279 0.562805
vt 0.217709 0.564396
vt 0.220628 0.567421
vt 0.222747 0.571587
vt 0.223861 0.576483
vt 0.222176 0.826863
vt 0.221062 0.831760
vt 0.218942 0.835924
vt 0.216024 0.838950
vt 0.212594 0.840540
vt 0.208987 0.840540
vt 0.205558 0.838950
vt 0.202640 0.835924
vt 0.200519 0.831760
vt 0.199405 0.826863
vt 0.347867 0.756897
vt 0.247955 0.764561
vt 0.347492 0.774045
vt 0.248013 0.782036
s 1
f 1/1/1 2/2/2 3/3/3
f 3/3/3 4/4/4 1/1/1
f 5/1/5 1/2/6 4/3/7
f 4/3/7 6/4/8 5/1/5
f 7/1/9 5/2/10 6/3/11
f 6/3/11 8/4/12 7/1/9
f 2/1/13 7/2/14 8/3/15
f 8/3/15 3/4/16 2/1/13
f 9/1/17 10/2/18 11/3/19
f 11/3/19 12/4/20 9/1/17
f 13/1/21 14/2/22 10/3/23
f 10/3/23 9/4/24 13/1/21
f 15/1/25 16/2/26 14/3/22
f 14/3/22 13/4/21 15/1/25
f 17/1/27 18/2/28 16/3/29
f 16/3/29 15/4/30 17/1/27
f 19/1/31 20/2/32 18/3/33
f 18/3/33 17/4/34 19/1/31
f 21/1/35 22/2/36 20/3/37
f 20/3/37 19/4/38 21/1/35
f 23/1/39 9/2/39 12/3/39
f 12/3/39 24/4/39 23/1/39
f 25/1/40 13/2/41 9/3/40
f 9/3/40 23/4/40 25/1/40
f 26/1/42 15/2/42 13/3/42
f 13/3/42 25/4/42 26/1/42
f 27/1/43 17/2/43 15/3/44
f 15/3/44 26/4/44 27/1/43
f 28/1/45 19/2/46 17/3/45
f 17/3/45 27/4/45 28/1/45
f 29/1/47 21/2/47 19/3/47
f 19/3/47 28/4/48 29/1/47
f 30/1/49 23/2/50 24/3/51
f 24/3/51 31/4/52 30/1/49
f 32/1/53 25/2/54 23/3/55
f 23/3/55 30/4/56 32/1/53
f 33/1/57 26/2/58 25/3/54
f 25/3/54 32/4/53 33/1/57
f 34/1/59 27/2/60 26/3/61
f 26/3/61 33/4/62 34/1/59
f 35/1/63 28/2/64 27/3/65
f 27/3/65 34/4/66 35/1/63
f 36/1/67 29/2/68 28/3/69
f 28/3/69 35/4/70 36/1/67
f 10/1/71 30/2/71 31/3/71
f 31/3/71 11/4/71 10/1/71
f 14/1/72 32/2/72 30/3/73
f 30/3/73 10/4/73 14/1/72
f 16/1/74 33/2/74 32/3/75
f 32/3/75 14/4/75 16/1/74
f 18/1/76 34/2/77 33/3/76
f 33/3/76 16/4/78 18/1/76
f 20/1/79 35/2/80 34/3/81
f 34/3/81 18/4/81 20/1/79
f 22/1/82 36/2/82 35/3/82
f 35/3/82 20/4/82 22/1/82
f 37/1/83 38/2/84 39/3/85
f 39/3/85 40/4/86 37/1/83
f 41/1/87 42/2/88 38/3/89
f 38/3/89 37/4/90 41/1/87
f 43/1/91 44/2/92 42/3/93
f 42/3/93 41/4/94 43/1/91
f 45/1/95 37/2/96 40/3/97
f 40/3/97 46/4/98 45/1/95
f 47/1/99 41/2/100 37/3/101
f 37/3/101 45/4/102 47/1/99
f 48/1/103 43/2/104 41/3/105
f 41/3/105 47/4/106 48/1/103
f 49/1/107 45/2/108 46/3/109
f 46/3/109 50/4/110 49/1/107
f 51/1/111 47/2/112 45/3/108
f 45/3/108 49/4/107 51/1/111
f 52/1/113 48/2/114 47/3/115
f 47/3/115 51/4/116 52/1/113
f 38/1/117 49/2/118 50/3/119
f 50/3/119 39/4/120 38/1/117
f 42/1/121 51/2/122 49/3/123
f 49/3/123 38/4/124 42/1/121
f 44/1/125 52/2/126 51/3/127
f 51/3/127 42/4/128 44/1/125
f 53/5/129 54/6/129 55/7/129
f 55/7/129 56/8/129 53/5/129
f 57/5/130 58/6/130 54/7/130
f 54/7/130 53/8/130 57/5/130
f 59/5/131 57/6/131 53/7/131
f 53/7/131 56/8/131 59/5/131
f 60/5/132 59/6/132 56/7/132
f 56/7/132 55/8/132 60/5/132
f 61/5/129 62/6/129 63/7/129
f 63/7/129 64/8/129 61/5/129
f 65/5/133 66/6/133 67/7/133
f 67/7/133 68/8/133 65/5/133
f 68/5/130 67/6/130 63/7/130
f 63/7/130 62/8/130 68/5/130
f 65/5/131 68/6/131 62/7/131
f 62/7/131 61/8/131 65/5/131
f 67/5/134 66/6/134 64/7/134
f 64/7/134 63/8/134 67/5/134
f 69/9/129 70/10/129 71/11/129
f 71/11/129 72/12/129 69/9/129
f 73/13/129 69/9/129 72/12/129
f 72/12/129 74/14/129 73/13/129
f 75/15/133 76/16/133 77/17/133
f 77/17/133 78/18/133 75/15/133
f 79/19/133 80/20/133 76/16/133
f 76/16/133 75/15/133 79/19/133
f 78/21/135 77/22/135 71/23/135
f 71/23/135 70/24/135 78/21/135
f 75/25/136 78/26/137 70/27/137
f 70/27/137 69/28/136 75/25/136
f 79/29/138 75/25/136 69/28/136
f 69/28/139 73/30/138 79/29/138
f 76/25/140 80/29/141 74/30/141
f 74/30/141 72/28/142 76/25/142
f 77/26/143 76/25/142 72/28/142
f 72/28/142 71/27/143 77/26/143
f 81/31/129 82/32/129 83/33/129
f 83/33/129 84/34/129 81/31/129
f 85/35/133 86/36/133 87/37/133
f 87/37/133 88/38/133 85/35/133
f 88/31/135 87/32/135 83/33/135
f 83/33/135 82/34/135 88/31/135
f 85/35/144 88/36/145 82/37/145
f 82/37/145 81/38/144 85/35/144
f 86/35/146 85/36/146 81/37/146
f 81/37/146 84/38/146 86/35/146
f 87/39/147 86/40/148 84/41/148
f 84/41/148 83/42/147 87/39/147
f 89/31/129 90/32/129 91/33/129
f 91/33/129 92/34/129 89/31/129
f 93/35/133 94/36/133 95/37/133
f 95/37/133 96/38/133 93/35/133
f 96/31/149 95/32/149 91/33/149
f 91/33/149 90/34/149 96/31/149
f 93/39/145 96/40/145 90/41/145
f 90/41/145 89/42/145 93/39/145
f 94/35/146 93/36/146 89/37/146
f 89/37/146 92/38/146 94/35/146
f 95/35/147 94/36/148 92/37/148
f 92/37/148 91/38/147 95/35/147
f 97/31/129 98/32/129 99/33/129
f 99/33/129 100/34/129 97/31/129
f 101/35/133 102/36/133 103/37/133
f 103/37/133 104/38/133 101/35/133
f 104/31/135 103/32/135 99/33/135
f 99/33/135 98/34/135 104/31/135
f 101/35/144 104/36/144 98/37/144
f 98/37/144 97/38/144 101/35/144
f 102/35/146 101/36/146 97/37/146
f 97/37/146 100/38/146 102/35/146
f 103/39/147 102/40/147 100/41/147
f 100/41/147 99/42/147 103/39/147
f 105/31/129 106/32/129 107/33/129
f 107/33/129 108/34/129 105/31/129
f 109/35/133 110/36/133 111/37/133
f 111/37/133 112/38/133 109/35/133
f 112/31/149 111/32/149 107/33/149
f 107/33/149 106/34/149 112/31/149
f 109/39/145 112/40/145 106/41/145
f 106/41/145 105/42/145 109/39/145
f 110/35/146 109/36/146 105/37/146
f 105/37/146 108/38/146 110/35/146
f 111/35/147 110/36/147 108/37/147
f 108/37/147 107/38/147 111/35/147
f 113/43/129 114/44/129 115/45/129
f 113/43/129 115/45/129 116/46/129
f 113/43/129 116/46/129 117/47/129
f 113/43/129 117/47/129 118/48/129
f 113/43/129 118/48/129 119/49/129
f 113/43/129 119/49/129 120/50/129
f 113/43/129 120/50/129 121/51/129
f 113/43/129 121/51/129 122/52/129
f 113/43/129 122/52/129 123/53/129
f 113/43/129 123/53/129 124/54/129
f 113/43/129 124/54/129 125/55/129
f 113/43/129 125/55/129 126/56/129
f 126/41/150 125/42/150 127/39/150
f 127/39/150 128/40/150 126/41/150
f 125/41/151 124/42/151 129/39/151
f 129/39/151 127/40/151 125/41/151
f 124/41/152 123/42/152 130/39/152
f 130/39/152 129/40/152 124/41/152
f 123/41/153 122/42/153 131/39/153
f 131/39/153 130/40/153 123/41/153
f 122/41/154 121/42/154 132/39/154
f 132/39/154 131/40/154 122/41/154
f 121/41/155 120/42/155 133/39/155
f 133/39/155 132/40/155 121/41/155
f 120/41/156 119/42/156 134/39/156
f 134/39/156 133/40/156 120/41/156
f 119/41/157 118/42/157 135/39/157
f 135/39/157 134/40/157 119/41/157
f 118/41/158 117/42/158 136/39/158
f 136/39/158 135/40/159 118/41/158
f 117/41/160 116/42/160 137/39/160
f 137/39/160 136/40/160 117/41/160
f 116/41/161 115/42/161 138/39/161
f 138/39/161 137/40/161 116/41/161
f 115/41/162 114/42/162 139/39/162
f 139/39/162 138/40/162 115/41/162
f 140/57/133 128/58/133 127/59/133
f 140/57/133 127/59/133 129/60/133
f 140/57/133 129/60/133 130/61/133
f 140/57/133 130/61/133 131/62/133
f 140/57/133 131/62/133 132/63/133
f 140/57/133 132/63/133 133/64/133
f 140/57/133 133/64/133 134/65/133
f 140/57/133 134/65/133 135/66/133
f 140/57/133 135/66/133 136/67/133
f 140/57/133 136/67/133 137/68/133
f 140/57/133 137/68/133 138/69/133
f 140/57/133 138/69/133 139/70/133
f 141/71/129 84/72/129 142/73/129
f 141/71/129 142/73/129 143/74/129
f 141/71/129 143/74/129 144/75/129
f 141/71/129 144/75/129 145/76/129
f 141/71/129 145/76/129 146/77/129
f 141/71/129 146/77/129 147/78/129
f 141/71/129 147/78/129 148/79/129
f 141/71/129 148/79/129 149/80/129
f 141/71/129 149/80/129 150/81/129
f 141/71/129 150/81/129 151/82/129
f 141/71/129 151/82/129 152/83/129
f 141/71/129 152/83/129 89/84/129
f 89/41/150 152/42/150 153/39/150
f 153/39/150 93/40/150 89/41/150
f 152/41/151 151/42/151 154/39/151
f 154/39/151 153/40/151 152/41/151
f 151/41/152 150/42/152 155/39/152
f 155/39/152 154/40/152 151/41/152
f 150/41/153 149/42/153 156/39/153
f 156/39/153 155/40/153 150/41/153
f 149/41/154 148/42/154 157/39/154
f 157/39/154 156/40/154 149/41/154
f 148/41/155 147/42/155 158/39/155
f 158/39/155 157/40/155 148/41/155
f 147/41/156 146/42/156 159/39/156
f 159/39/156 158/40/156 147/41/156
f 146/41/157 145/42/157 160/39/157
f 160/39/157 159/40/157 146/41/157
f 145/41/159 144/42/159 161/39/159
f 161/39/159 160/40/158 145/41/159
f 144/41/160 143/42/160 162/39/160
f 162/39/160 161/40/163 144/41/160
f 143/41/161 142/42/161 163/39/161
f 163/39/161 162/40/161 143/41/161
f 142/41/162 84/42/162 86/39/162
f 86/39/162 163/40/162 142/41/162
f 164/57/133 93/58/133 153/59/133
f 164/57/133 153/59/133 154/60/133
f 164/57/133 154/60/133 155/61/133
f 164/57/133 155/61/133 156/62/133
f 164/57/133 156/62/133 157/63/133
f 164/57/133 157/63/133 158/64/133
f 164/57/133 158/64/133 159/65/133
f 164/57/133 159/65/133 160/66/133
f 164/57/133 160/66/133 161/67/133
f 164/57/133 161/67/133 162/68/133
f 164/57/133 162/68/133 163/69/133
f 164/57/133 163/69/133 86/70/133
f 165/85/129 166/86/129 167/87/129
f 167/87/129 168/88/129 165/85/129
f 169/85/133 170/86/133 171/87/133
f 171/87/133 172/88/133 169/85/133
f 172/89/149 171/90/149 167/91/149
f 167/91/149 166/92/149 172/89/149
f 169/39/144 172/40/144 166/41/144
f 166/41/144 165/42/144 169/39/144
f 170/85/146 169/86/146 165/87/146
f 165/87/146 168/88/146 170/85/146
f 171/39/148 170/40/148 168/41/148
f 168/41/148 167/42/148 171/39/148
f 173/93/133 174/94/133 175/95/133
f 175/95/133 176/96/133 173/93/133
f 177/93/129 178/94/129 179/95/129
f 179/95/129 180/96/129 177/93/129
f 180/97/164 179/98/164 175/99/164
f 175/99/164 174/100/164 180/97/164
f 177/97/145 180/98/145 174/99/145
f 174/99/145 173/100/145 177/97/145
f 178/97/165 177/101/165 173/99/165
f 173/99/165 176/102/165 178/97/165
f 179/97/166 178/101/166 176/99/166
f 176/99/166 175/102/166 179/97/166
f 181/103/129 182/104/129 183/105/129
f 183/105/129 184/106/129 181/103/129
f 185/107/133 186/108/133 187/109/133
f 187/109/133 188/110/133 185/107/133
f 188/103/149 187/104/149 183/105/149
f 183/105/149 182/106/149 188/103/149
f 185/111/145 188/112/145 182/112/145
f 182/112/145 181/111/145 185/111/145
f 186/113/146 185/111/146 181/111/146
f 181/111/146 184/113/146 186/113/146
f 187/114/148 186/115/148 184/116/148
f 184/116/148 183/117/148 187/114/148
f 189/107/167 190/108/168 191/109/169
f 191/109/169 192/110/169 189/107/167
f 190/118/170 189/119/170 193/120/170
f 193/120/170 194/121/170 190/118/170
f 191/122/148 190/123/148 194/124/148
f 192/125/145 193/126/145 189/127/145
f 195/103/171 196/128/172 197/105/173
f 197/105/173 198/106/174 195/103/171
f 199/103/129 195/129/171 198/105/174
f 198/105/174 200/106/129 199/103/129
f 201/107/175 202/130/176 203/109/177
f 203/109/177 204/131/178 201/107/175
f 205/107/133 206/130/133 202/109/176
f 202/109/176 201/132/175 205/107/133
f 204/133/179 203/134/179 197/134/179
f 197/134/179 196/133/179 204/133/179
f 201/114/180 204/135/180 196/116/180
f 196/116/180 195/136/180 201/114/180
f 205/114/181 201/135/181 195/116/181
f 195/116/181 199/136/181 205/114/181
f 206/137/146 205/138/146 199/138/146
f 199/138/146 200/137/146 206/137/146
f 202/139/182 206/140/182 200/141/182
f 200/141/182 198/142/182 202/139/182
f 203/114/183 202/135/183 198/116/183
f 198/116/183 197/136/183 203/114/183
f 207/103/129 208/104/129 209/105/129
f 209/105/129 210/106/129 207/103/129
f 211/107/133 212/108/133 213/109/133
f 213/109/133 214/110/133 211/107/133
f 214/114/135 213/115/135 209/116/135
f 209/116/135 208/117/135 214/114/135
f 211/114/145 214/135/145 208/116/145
f 208/116/145 207/136/145 211/114/145
f 212/114/146 211/135/146 207/116/146
f 207/116/146 210/136/146 212/114/146
f 213/114/148 212/115/148 210/116/148
f 210/116/148 209/117/148 213/114/148
f 215/103/129 216/104/129 217/105/129
f 217/105/129 218/106/129 215/103/129
f 219/107/133 220/108/133 221/109/133
f 221/109/133 222/110/133 219/107/133
f 222/103/149 221/104/149 217/105/149
f 217/105/149 216/106/149 222/103/149
f 219/114/144 222/135/145 216/116/145
f 216/116/145 215/136/144 219/114/144
f 220/143/184 219/144/184 215/144/184
f 215/144/184 218/143/184 220/143/184
f 221/145/147 220/143/147 218/143/147
f 218/143/147 217/145/147 221/145/147
f 223/105/129 184/146/129 224/147/129
f 223/105/129 224/147/129 225/148/129
f 223/105/129 225/148/129 226/149/129
f 223/105/129 226/149/129 227/150/129
f 223/105/129 227/150/129 228/151/129
f 223/105/129 228/151/129 229/152/129
f 223/105/129 229/152/129 230/153/129
f 223/105/129 230/153/129 231/154/129
f 223/105/129 231/154/129 232/155/129
f 223/105/129 232/155/129 233/156/129
f 223/105/129 233/156/129 234/103/129
f 223/105/129 234/103/129 215/157/129
f 223/158/149 215/144/135 219/144/135
f 219/144/135 235/158/149 223/158/149
f 215/116/185 234/117/185 236/114/185
f 236/114/185 219/115/185 215/116/185
f 234/116/151 233/117/151 237/114/151
f 237/114/151 236/115/151 234/116/151
f 233/116/152 232/117/152 238/114/152
f 238/114/152 237/115/152 233/116/152
f 232/116/153 231/136/153 239/114/153
f 239/114/153 238/135/153 232/116/153
f 231/116/154 230/117/154 240/114/154
f 240/114/154 239/115/154 231/116/154
f 230/116/155 229/117/155 241/114/155
f 241/114/155 240/115/155 230/116/155
f 229/116/156 228/136/156 242/114/156
f 242/114/156 241/135/156 229/116/156
f 228/116/157 227/117/157 243/114/157
f 243/114/157 242/115/157 228/116/157
f 227/116/158 226/117/158 244/114/158
f 244/114/158 243/115/158 227/116/158
f 226/116/160 225/136/160 245/114/160
f 245/114/160 244/135/160 226/116/160
f 225/116/161 224/117/161 246/114/161
f 246/114/161 245/115/161 225/116/161
f 224/116/162 184/136/162 186/114/162
f 186/114/162 246/135/162 224/116/162
f 184/113/149 223/158/149 235/158/149
f 235/158/149 186/113/149 184/113/149
f 235/109/133 219/110/133 236/107/133
f 235/109/133 236/107/133 237/159/133
f 235/109/133 237/159/133 238/160/133
f 235/109/133 238/160/133 239/161/133
f 235/109/133 239/161/133 240/162/133
f 235/109/133 240/162/133 241/163/133
f 235/109/133 241/163/133 242/164/133
f 235/109/133 242/164/133 243/165/133
f 235/109/133 243/165/133 244/166/133
f 235/109/133 244/166/133 245/167/133
f 235/109/133 245/167/133 246/168/133
f 235/109/133 246/168/133 186/169/133
f 247/170/186 248/171/187 249/172/188
f 248/171/187 250/173/189 249/172/188
f 248/171/187 251/174/190 250/173/189
f 251/174/190 252/175/191 250/173/189
f 251/174/190 253/176/192 252/175/191
f 253/176/192 254/177/193 252/175/191
f 253/178/194 255/179/195 254/180/196
f 255/179/195 256/181/197 254/180/196
f 255/178/198 257/179/199 256/180/200
f 257/179/199 258/181/201 256/180/200
f 257/178/202 259/179/203 258/180/204
f 259/179/203 260/181/205 258/180/204
f 259/178/206 261/179/207 260/180/208
f 261/179/207 262/181/209 260/180/208
f 261/178/132 247/179/132 262/180/132
f 247/179/132 249/181/132 262/180/132
f 263/182/210 264/183/211 247/170/186
f 264/183/211 248/171/187 247/170/186
f 264/183/211 265/184/212 248/171/187
f 265/184/212 251/174/190 248/171/187
f 265/184/212 266/185/213 251/174/190
f 266/185/213 253/176/192 251/174/190
f 266/178/214 267/179/215 253/180/216
f 267/179/215 255/181/217 253/180/216
f 267/178/218 268/179/219 255/180/220
f 268/179/219 257/181/221 255/180/220
f 268/178/222 269/179/223 257/180/224
f 269/179/223 259/181/225 257/180/224
f 269/178/226 270/179/227 259/180/228
f 270/179/227 261/181/229 259/180/228
f 270/178/132 263/179/132 261/180/132
f 263/179/132 247/181/132 261/180/132
f 271/186/230 272/187/231 263/182/210
f 272/187/231 264/183/211 263/182/210
f 272/187/231 273/188/232 264/183/211
f 273/188/232 265/184/212 264/183/211
f 273/188/232 274/189/233 265/184/212
f 274/189/233 266/185/213 265/184/212
f 274/178/234 275/179/235 266/180/236
f 275/179/235 267/181/237 266/180/236
f 275/178/238 276/179/239 267/180/240
f 276/179/239 268/181/241 267/180/240
f 276/178/242 277/179/243 268/180/244
f 277/179/243 269/181/245 268/180/244
f 277/178/243 278/179/246 269/180/245
f 278/179/246 270/181/247 269/180/245
f 278/178/132 271/179/132 270/180/132
f 271/179/132 263/181/132 270/180/132
f 279/190/248 280/191/249 271/186/230
f 280/191/249 272/187/231 271/186/230
f 280/191/249 281/192/250 272/187/231
f 281/192/250 273/188/232 272/187/231
f 281/192/250 282/193/251 273/188/232
f 282/193/251 274/189/233 273/188/232
f 282/178/252 283/179/253 274/180/254
f 283/179/253 275/181/255 274/180/254
f 283/178/256 284/179/257 275/180/258
f 284/179/257 276/181/259 275/180/258
f 284/178/260 285/179/261 276/180/262
f 285/179/261 277/181/263 276/180/262
f 285/178/261 286/179/264 277/180/263
f 286/179/264 278/181/265 277/180/263
f 286/178/132 279/179/132 278/180/132
f 279/179/132 271/181/132 278/180/132
f 287/194/266 288/195/267 279/190/248
f 288/195/267 280/191/249 279/190/248
f 288/195/267 289/196/268 280/191/249
f 289/196/268 281/192/250 280/191/249
f 289/196/268 290/197/269 281/192/250
f 290/197/269 282/193/251 281/192/250
f 290/178/130 291/179/130 282/180/130
f 291/179/130 283/181/130 282/180/130
f 291/178/270 292/179/271 283/180/272
f 292/179/271 284/181/273 283/180/272
f 292/178/274 293/179/275 284/180/276
f 293/179/275 285/181/277 284/180/276
f 293/178/275 294/179/278 285/180/277
f 294/179/278 286/181/279 285/180/277
f 294/178/132 287/179/132 286/180/132
f 287/179/132 279/181/132 286/180/132
f 295/198/280 296/199/281 287/194/266
f 296/199/281 288/195/267 287/194/266
f 296/199/281 297/200/282 288/195/267
f 297/200/282 289/196/268 288/195/267
f 297/200/282 298/201/283 289/196/268
f 298/201/283 290/197/269 289/196/268
f 298/178/130 299/179/130 290/180/130
f 299/179/130 291/181/130 290/180/130
f 299/178/284 300/179/285 291/180/286
f 300/179/285 292/181/287 291/180/286
f 300/178/288 301/179/289 292/180/290
f 301/179/289 293/181/291 292/180/290
f 301/178/289 302/179/292 293/180/291
f 302/179/292 294/181/293 293/180/291
f 302/178/132 295/179/132 294/180/132
f 295/179/132 287/181/132 294/180/132
f 303/202/294 304/203/295 295/198/280
f 304/203/295 296/199/281 295/198/280
f 304/203/295 305/204/296 296/199/281
f 305/204/296 297/200/282 296/199/281
f 305/204/296 306/205/297 297/200/282
f 306/205/297 298/201/283 297/200/282
f 306/178/130 307/179/130 298/180/130
f 307/179/130 299/181/130 298/180/130
f 307/178/298 308/179/299 299/180/300
f 308/179/299 300/181/301 299/180/300
f 308/178/302 309/179/303 300/180/304
f 309/179/303 301/181/305 300/180/304
f 309/178/306 310/179/307 301/180/308
f 310/179/307 302/181/309 301/180/308
f 310/178/132 303/179/132 302/180/132
f 303/179/132 295/181/132 302/180/132
f 311/206/310 312/207/311 303/202/294
f 312/207/311 304/203/295 303/202/294
f 312/207/311 313/208/312 304/203/295
f 313/208/312 305/204/296 304/203/295
f 313/208/312 314/209/313 305/204/296
f 314/209/313 306/205/297 305/204/296
f 314/178/130 315/179/130 306/180/130
f 315/179/130 307/181/130 306/180/130
f 315/178/314 316/179/315 307/180/316
f 316/179/315 308/181/317 307/180/316
f 316/178/318 317/179/319 308/180/320
f 317/179/319 309/181/321 308/180/320
f 317/178/319 318/179/322 309/180/321
f 318/179/322 310/181/323 309/180/321
f 318/178/132 311/179/132 310/180/132
f 311/179/132 303/181/132 310/180/132
f 319/210/324 320/211/325 311/206/310
f 320/211/325 312/207/311 311/206/310
f 320/211/325 321/212/326 312/207/311
f 321/212/326 313/208/312 312/207/311
f 321/212/326 322/213/327 313/208/312
f 322/213/327 314/209/313 313/208/312
f 322/178/130 323/179/130 314/180/130
f 323/179/130 315/181/130 314/180/130
f 323/178/328 324/179/329 315/180/330
f 324/179/329 316/181/331 315/180/330
f 324/178/329 325/179/332 316/180/331
f 325/179/332 317/181/333 316/180/331
f 325/178/332 326/179/334 317/180/333
f 326/179/334 318/181/335 317/180/333
f 326/178/132 319/179/132 318/180/132
f 319/179/132 311/181/132 318/180/132
f 327/178/132 328/179/132 326/180/132
f 328/179/132 319/181/132 326/180/132
f 249/181/336 250/180/336 329/179/337
f 250/181/338 252/180/338 329/179/339
f 252/181/340 254/180/340 329/179/341
f 254/181/342 256/180/342 329/179/343
f 256/181/344 258/180/344 329/179/345
f 258/181/346 260/180/346 329/179/347
f 260/181/348 262/180/348 329/179/347
f 262/181/349 249/180/349 329/179/350
f 330/171/351 331/170/352 332/172/353
f 333/173/354 330/171/351 332/172/353
f 334/174/355 330/171/351 333/173/354
f 335/175/356 334/174/355 333/173/354
f 336/176/357 334/174/355 335/175/356
f 337/177/358 336/176/357 335/175/356
f 338/179/359 336/178/360 337/180/361
f 339/181/362 338/179/359 337/180/361
f 340/179/363 338/178/364 339/180/365
f 341/181/366 340/179/363 339/180/365
f 342/179/367 340/178/368 341/180/369
f 343/181/370 342/179/367 341/180/369
f 344/179/371 342/178/372 343/180/373
f 345/181/374 344/179/371 343/180/373
f 331/179/132 344/178/132 345/180/132
f 332/181/132 331/179/132 345/180/132
f 346/183/375 347/182/376 331/170/352
f 330/171/351 346/183/375 331/170/352
f 348/184/377 346/183/375 330/171/351
f 334/174/355 348/184/377 330/171/351
f 349/185/378 348/184/377 334/174/355
f 336/176/357 349/185/378 334/174/355
f 350/179/379 349/178/380 336/180/381
f 338/181/382 350/179/379 336/180/381
f 351/179/383 350/178/384 338/180/385
f 340/181/386 351/179/383 338/180/385
f 352/179/387 351/178/388 340/180/389
f 342/181/390 352/179/387 340/180/389
f 353/179/391 352/178/392 342/180/393
f 344/181/394 353/179/391 342/180/393
f 347/179/132 353/178/132 344/180/132
f 331/181/132 347/179/132 344/180/132
f 354/187/395 355/186/396 347/182/376
f 346/183/375 354/187/395 347/182/376
f 356/188/397 354/187/395 346/183/375
f 348/184/377 356/188/397 346/183/375
f 357/189/398 356/188/397 348/184/377
f 349/185/378 357/189/398 348/184/377
f 358/179/399 357/178/400 349/180/401
f 350/181/402 358/179/399 349/180/401
f 359/179/403 358/178/404 350/180/405
f 351/181/406 359/179/403 350/180/405
f 360/179/407 359/178/408 351/180/409
f 352/181/410 360/179/407 351/180/409
f 361/179/411 360/178/407 352/180/410
f 353/181/412 361/179/411 352/180/410
f 355/179/132 361/178/132 353/180/132
f 347/181/132 355/179/132 353/180/132
f 362/191/413 363/190/414 355/186/396
f 354/187/395 362/191/413 355/186/396
f 364/192/415 362/191/413 354/187/395
f 356/188/397 364/192/415 354/187/395
f 365/193/416 364/192/415 356/188/397
f 357/189/398 365/193/416 356/188/397
f 366/179/417 365/178/418 357/180/419
f 358/181/420 366/179/417 357/180/419
f 367/179/421 366/178/422 358/180/423
f 359/181/424 367/179/421 358/180/423
f 368/179/425 367/178/426 359/180/427
f 360/181/428 368/179/425 359/180/427
f 369/179/429 368/178/425 360/180/428
f 361/181/430 369/179/429 360/180/428
f 363/179/132 369/178/132 361/180/132
f 355/181/132 363/179/132 361/180/132
f 370/195/431 371/194/432 363/190/414
f 362/191/413 370/195/431 363/190/414
f 372/196/433 370/195/431 362/191/413
f 364/192/415 372/196/433 362/191/413
f 373/197/434 372/196/433 364/192/415
f 365/193/416 373/197/434 364/192/415
f 374/179/130 373/178/130 365/180/130
f 366/181/130 374/179/130 365/180/130
f 375/179/435 374/178/436 366/180/437
f 367/181/438 375/179/435 366/180/437
f 376/179/439 375/178/440 367/180/441
f 368/181/442 376/179/439 367/180/441
f 377/179/443 376/178/439 368/180/442
f 369/181/444 377/179/443 368/180/442
f 371/179/132 377/178/132 369/180/132
f 363/181/132 371/179/132 369/180/132
f 378/199/445 379/198/446 371/194/432
f 370/195/431 378/199/445 371/194/432
f 380/200/447 378/199/445 370/195/431
f 372/196/433 380/200/447 370/195/431
f 381/201/448 380/200/447 372/196/433
f 373/197/434 381/201/448 372/196/433
f 382/179/130 381/178/130 373/180/130
f 374/181/130 382/179/130 373/180/130
f 383/179/449 382/178/450 374/180/451
f 375/181/452 383/179/449 374/180/451
f 384/179/453 383/178/454 375/180/455
f 376/181/456 384/179/453 375/180/455
f 385/179/457 384/178/453 376/180/456
f 377/181/458 385/179/457 376/180/456
f 379/179/132 385/178/132 377/180/132
f 371/181/132 379/179/132 377/180/132
f 386/203/459 387/202/460 379/198/446
f 378/199/445 386/203/459 379/198/446
f 388/204/461 386/203/459 378/199/445
f 380/200/447 388/204/461 378/199/445
f 389/205/462 388/204/461 380/200/447
f 381/201/448 389/205/462 380/200/447
f 390/179/130 389/178/130 381/180/130
f 382/181/130 390/179/130 381/180/130
f 391/179/463 390/178/464 382/180/465
f 383/181/466 391/179/463 382/180/465
f 392/179/467 391/178/468 383/180/469
f 384/181/470 392/179/467 383/180/469
f 393/179/471 392/178/472 384/180/473
f 385/181/474 393/179/471 384/180/473
f 387/179/132 393/178/132 385/180/132
f 379/181/132 387/179/132 385/180/132
f 394/207/475 328/206/476 387/202/460
f 386/203/459 394/207/475 387/202/460
f 395/208/477 394/207/475 386/203/459
f 388/204/461 395/208/477 386/203/459
f 396/209/478 395/208/477 388/204/461
f 389/205/462 396/209/478 388/204/461
f 397/179/130 396/178/130 389/180/130
f 390/181/130 397/179/130 389/180/130
f 398/179/479 397/178/480 390/180/481
f 391/181/482 398/179/479 390/180/481
f 399/179/483 398/178/484 391/180/485
f 392/181/486 399/179/483 391/180/485
f 327/179/487 399/178/483 392/180/486
f 393/181/488 327/179/487 392/180/486
f 328/179/132 327/178/132 393/180/132
f 387/181/132 328/179/132 393/180/132
f 400/211/489 319/210/490 328/206/491
f 394/207/475 400/211/492 328/206/476
f 401/212/493 400/211/492 394/207/475
f 395/208/477 401/212/493 394/207/475
f 322/213/494 401/212/493 395/208/477
f 396/209/478 322/213/494 395/208/477
f 323/179/130 322/178/130 396/180/130
f 397/181/130 323/179/130 396/180/130
f 402/179/495 323/178/496 397/180/497
f 398/181/498 402/179/495 397/180/497
f 403/179/499 402/178/495 398/180/498
f 399/181/500 403/179/499 398/180/498
f 326/179/501 403/178/499 399/180/500
f 327/181/502 326/179/501 399/180/500
f 319/179/132 326/178/132 327/180/132
f 328/181/132 319/179/132 327/180/132
f 311/179/132 318/178/132 326/180/132
f 319/181/132 311/179/132 326/180/132
f 333/180/503 332/181/503 404/179/504
f 335/180/505 333/181/505 404/179/506
f 337/180/507 335/181/508 404/179/509
f 339/180/510 337/181/510 404/179/511
f 341/180/512 339/181/512 404/179/513
f 343/180/514 341/181/514 404/179/515
f 345/180/516 343/181/516 404/179/517
f 332/180/518 345/181/518 404/179/511
f 405/214/130 406/215/130 407/216/130
f 408/217/130 405/214/130 407/216/130
f 409/218/130 408/217/130 407/216/130
f 410/219/130 409/218/130 407/216/130
f 411/220/130 410/219/130 407/216/130
f 412/221/130 411/220/130 407/216/130
f 413/222/130 412/221/130 407/216/130
f 414/223/130 413/222/130 407/216/130
f 415/224/130 414/223/130 407/216/130
f 416/225/130 415/224/130 407/216/130
f 417/226/130 416/225/130 407/216/130
f 418/227/130 417/226/130 407/216/130
f 419/228/130 418/227/130 407/216/130
f 420/229/130 419/228/130 407/216/130
f 421/230/130 420/229/130 407/216/130
f 422/231/130 421/230/130 407/216/130
f 423/232/130 422/231/130 407/216/130
f 424/233/130 423/232/130 407/216/130
f 425/234/130 424/233/130 407/216/130
f 426/235/130 425/234/130 407/216/130
f 427/236/130 426/235/130 407/216/130
f 428/237/130 427/236/130 407/216/130
f 429/238/130 428/237/130 407/216/130
f 430/239/130 429/238/130 407/216/130
f 431/240/130 430/239/130 407/216/130
f 432/241/130 431/240/130 407/216/130
f 433/242/130 432/241/130 407/216/130
f 434/243/130 433/242/130 407/216/130
f 435/244/130 434/243/130 407/216/130
f 406/215/130 435/244/130 407/216/130
f 436/245/519 437/246/131 406/246/131
f 405/245/519 436/245/519 406/246/131
f 438/247/520 436/245/519 405/245/519
f 408/247/520 438/247/520 405/245/519
f 439/248/521 438/247/520 408/247/520
f 409/248/521 439/248/521 408/247/520
f 440/249/522 439/248/521 409/248/521
f 410/249/522 440/249/522 409/248/521
f 441/250/523 440/249/522 410/249/522
f 411/250/523 441/250/523 410/249/522
f 442/251/524 441/250/523 411/250/523
f 412/251/524 442/251/524 411/250/523
f 443/252/525 442/251/524 412/251/524
f 413/252/525 443/252/525 412/251/524
f 444/253/526 443/252/525 413/252/525
f 414/253/526 444/253/526 413/252/525
f 445/254/527 444/253/526 414/253/526
f 415/254/527 445/254/527 414/253/526
f 446/255/528 445/254/527 415/254/527
f 416/255/528 446/255/528 415/254/527
f 447/256/529 446/255/528 416/255/528
f 417/256/529 447/256/529 416/255/528
f 448/257/530 447/256/529 417/256/529
f 418/257/530 448/257/530 417/256/529
f 449/258/531 448/257/530 418/257/530
f 419/258/531 449/258/531 418/257/530
f 450/259/532 449/258/531 419/258/531
f 420/259/532 450/259/532 419/258/531
f 451/260/134 450/259/532 420/259/532
f 421/260/134 451/260/134 420/259/532
f 452/261/533 451/260/134 421/260/134
f 422/261/533 452/261/533 421/260/134
f 453/262/534 452/261/533 422/261/533
f 423/262/534 453/262/534 422/261/533
f 454/263/535 453/262/534 423/262/534
f 424/263/535 454/263/535 423/262/534
f 455/264/536 454/263/535 424/263/535
f 425/264/536 455/264/536 424/263/535
f 456/265/537 455/264/536 425/264/536
f 426/265/537 456/265/537 425/264/536
f 457/266/538 456/265/537 426/265/537
f 427/266/538 457/266/538 426/265/537
f 458/267/539 457/266/538 427/266/538
f 428/267/539 458/267/539 427/266/538
f 459/268/540 458/267/539 428/267/539
f 429/268/540 459/268/540 428/267/539
f 460/269/541 459/268/540 429/268/540
f 430/269/541 460/269/541 429/268/540
f 461/270/542 460/269/541 430/269/541
f 431/270/542 461/270/542 430/269/541
f 462/271/543 461/270/542 431/270/542
f 432/271/543 462/271/543 431/270/542
f 463/272/544 462/271/543 432/271/543
f 433/272/544 463/272/544 432/271/543
f 464/273/545 463/272/544 433/272/544
f 434/273/545 464/273/545 433/272/544
f 465/274/546 464/273/545 434/273/545
f 435/274/546 465/274/546 434/273/545
f 437/246/131 465/274/546 435/274/546
f 406/246/131 437/246/131 435/274/546
f 437/246/132 436/245/132 466/275/132
f 436/245/132 438/247/132 466/275/132
f 438/247/132 439/248/132 466/275/132
f 439/248/132 440/249/132 466/275/132
f 440/249/132 441/250/132 466/275/132
f 441/250/132 442/251/132 466/275/132
f 442/251/132 443/252/132 466/275/132
f 443/252/132 444/253/132 466/275/132
f 444/253/132 445/254/132 466/275/132
f 445/254/132 446/255/132 466/275/132
f 446/255/132 447/256/132 466/275/132
f 447/256/132 448/257/132 466/275/132
f 448/257/132 449/258/132 466/275/132
f 449/258/132 450/259/132 466/275/132
f 450/259/132 451/260/132 466/275/132
f 451/260/132 452/261/132 466/275/132
f 452/261/132 453/262/132 466/275/132
f 453/262/132 454/263/132 466/275/132
f 454/263/132 455/264/132 466/275/132
f 455/264/132 456/265/132 466/275/132
f 456/265/132 457/266/132 466/275/132
f 457/266/132 458/267/132 466/275/132
f 458/267/132 459/268/132 466/275/132
f 459/268/132 460/269/132 466/275/132
f 460/269/132 461/270/132 466/275/132
f 461/270/132 462/271/132 466/275/132
f 462/271/132 463/272/132 466/275/132
f 463/272/132 464/273/132 466/275/132
f 464/273/132 465/274/132 466/275/132
f 465/274/132 437/246/132 466/275/132
f 467/276/547 468/277/547 469/278/547
f 470/279/548 469/278/548 468/277/548
f 471/276/549 472/277/550 473/278/549
f 474/279/550 473/278/549 472/277/550
f 470/276/551 471/277/552 469/278/551
f 473/279/552 469/278/551 471/277/552
f 468/276/553 472/277/553 470/278/553
f 471/279/553 470/278/553 472/277/553
f 469/276/554 473/277/554 467/278/554
f 474/279/554 467/278/554 473/277/554
f 475/276/555 476/277/555 477/278/555
f 478/279/556 477/278/556 476/277/556
f 479/276/557 480/277/557 481/278/557
f 482/279/557 481/278/557 480/277/557
f 478/276/558 479/277/558 477/278/558
f 481/279/559 477/278/558 479/277/558
f 476/276/560 480/277/560 478/278/560
f 479/279/561 478/278/561 480/277/561
f 477/276/562 481/277/562 475/278/562
f 482/279/562 475/278/562 481/277/562
f 483/170/186 484/171/187 485/172/188
f 484/171/187 486/173/189 485/172/188
f 484/171/187 487/174/190 486/173/189
f 487/174/190 488/175/563 486/173/189
f 487/174/190 489/176/192 488/175/563
f 489/176/192 490/177/564 488/175/563
f 489/178/565 491/179/566 490/180/567
f 491/179/566 492/181/568 490/180/567
f 491/178/198 493/179/199 492/180/200
f 493/179/199 494/181/201 492/180/200
f 493/178/202 495/179/203 494/180/204
f 495/179/203 496/181/205 494/180/204
f 495/178/206 497/179/207 496/180/208
f 497/179/207 498/181/209 496/180/208
f 497/178/132 483/179/132 498/180/132
f 483/179/132 485/181/132 498/180/132
f 499/182/210 500/183/211 483/170/186
f 500/183/211 484/171/187 483/170/186
f 500/183/211 501/184/212 484/171/187
f 501/184/212 487/174/190 484/171/187
f 501/184/212 502/185/213 487/174/190
f 502/185/213 489/176/192 487/174/190
f 502/178/569 503/179/570 489/180/571
f 503/179/570 491/181/572 489/180/571
f 503/178/218 504/179/219 491/180/220
f 504/179/219 493/181/221 491/180/220
f 504/178/222 505/179/223 493/180/224
f 505/179/223 495/181/225 493/180/224
f 505/178/226 506/179/573 495/180/228
f 506/179/573 497/181/229 495/180/228
f 506/178/132 499/179/132 497/180/132
f 499/179/132 483/181/132 497/180/132
f 507/186/230 508/187/231 499/182/210
f 508/187/231 500/183/211 499/182/210
f 508/187/231 509/188/232 500/183/211
f 509/188/232 501/184/212 500/183/211
f 509/188/232 510/189/233 501/184/212
f 510/189/233 502/185/213 501/184/212
f 510/178/574 511/179/575 502/180/576
f 511/179/575 503/181/577 502/180/576
f 511/178/238 512/179/239 503/180/240
f 512/179/239 504/181/241 503/180/240
f 512/178/242 513/179/243 504/180/244
f 513/179/243 505/181/245 504/180/244
f 513/178/243 514/179/246 505/180/245
f 514/179/246 506/181/247 505/180/245
f 514/178/132 507/179/132 506/180/132
f 507/179/132 499/181/132 506/180/132
f 515/190/248 516/191/249 507/186/230
f 516/191/249 508/187/231 507/186/230
f 516/191/249 517/192/250 508/187/231
f 517/192/250 509/188/232 508/187/231
f 517/192/250 518/193/251 509/188/232
f 518/193/251 510/189/233 509/188/232
f 518/178/578 519/179/579 510/180/580
f 519/179/579 511/181/581 510/180/580
f 519/178/256 520/179/257 511/180/582
f 520/179/257 512/181/259 511/180/582
f 520/178/260 521/179/261 512/180/262
f 521/179/261 513/181/263 512/180/262
f 521/178/261 522/179/264 513/180/263
f 522/179/264 514/181/265 513/180/263
f 522/178/132 515/179/132 514/180/132
f 515/179/132 507/181/132 514/180/132
f 523/194/266 524/195/267 515/190/248
f 524/195/267 516/191/249 515/190/248
f 524/195/267 525/196/583 516/191/249
f 525/196/583 517/192/250 516/191/249
f 525/196/583 526/197/269 517/192/250
f 526/197/269 518/193/251 517/192/250
f 526/178/130 527/179/130 518/180/130
f 527/179/130 519/181/130 518/180/130
f 527/178/270 528/179/271 519/180/272
f 528/179/271 520/181/273 519/180/272
f 528/178/274 529/179/584 520/180/585
f 529/179/584 521/181/277 520/180/585
f 529/178/584 530/179/586 521/180/277
f 530/179/586 522/181/279 521/180/277
f 530/178/132 523/179/132 522/180/132
f 523/179/132 515/181/132 522/180/132
f 531/198/587 532/199/281 523/194/266
f 532/199/281 524/195/267 523/194/266
f 532/199/281 533/200/282 524/195/267
f 533/200/282 525/196/583 524/195/267
f 533/200/282 534/201/588 525/196/583
f 534/201/588 526/197/269 525/196/583
f 534/178/130 535/179/130 526/180/130
f 535/179/130 527/181/130 526/180/130
f 535/178/284 536/179/285 527/180/286
f 536/179/285 528/181/287 527/180/286
f 536/178/288 537/179/589 528/180/290
f 537/179/589 529/181/590 528/180/290
f 537/178/589 538/179/591 529/180/590
f 538/179/591 530/181/592 529/180/590
f 538/178/132 531/179/132 530/180/132
f 531/179/132 523/181/132 530/180/132
f 539/202/294 540/203/295 531/198/587
f 540/203/295 532/199/281 531/198/587
f 540/203/295 541/204/296 532/199/281
f 541/204/296 533/200/282 532/199/281
f 541/204/296 542/205/593 533/200/282
f 542/205/593 534/201/588 533/200/282
f 542/178/130 543/179/130 534/180/130
f 543/179/130 535/181/130 534/180/130
f 543/178/298 544/179/299 535/180/300
f 544/179/299 536/181/301 535/180/300
f 544/178/302 545/179/303 536/180/304
f 545/179/303 537/181/305 536/180/304
f 545/178/306 546/179/307 537/180/308
f 546/179/307 538/181/309 537/180/308
f 546/178/132 539/179/132 538/180/132
f 539/179/132 531/181/132 538/180/132
f 547/206/310 548/207/311 539/202/294
f 548/207/311 540/203/295 539/202/294
f 548/207/311 549/208/312 540/203/295
f 549/208/312 541/204/296 540/203/295
f 549/208/312 550/209/313 541/204/296
f 550/209/313 542/205/593 541/204/296
f 550/178/130 551/179/130 542/180/130
f 551/179/130 543/181/130 542/180/130
f 551/178/314 552/179/594 543/180/595
f 552/179/594 544/181/317 543/180/595
f 552/178/318 553/179/596 544/180/320
f 553/179/596 545/181/597 544/180/320
f 553/178/596 554/179/322 545/180/597
f 554/179/322 546/181/323 545/180/597
f 554/178/132 547/179/132 546/180/132
f 547/179/132 539/181/132 546/180/132
f 555/210/324 556/211/325 547/206/310
f 556/211/325 548/207/311 547/206/310
f 556/211/325 557/212/326 548/207/311
f 557/212/326 549/208/312 548/207/311
f 557/212/326 558/213/327 549/208/312
f 558/213/327 550/209/313 549/208/312
f 558/178/130 559/179/130 550/180/130
f 559/179/130 551/181/130 550/180/130
f 559/178/598 560/179/329 551/180/599
f 560/179/329 552/181/600 551/180/599
f 560/178/329 561/179/601 552/180/600
f 561/179/601 553/181/602 552/180/600
f 561/178/601 562/179/334 553/180/602
f 562/179/334 554/181/335 553/180/602
f 562/178/132 555/179/132 554/180/132
f 555/179/132 547/181/132 554/180/132
f 563/178/132 564/179/132 562/180/132
f 564/179/132 555/181/132 562/180/132
f 485/181/336 486/180/336 565/179/603
f 486/181/604 488/180/605 565/179/606
f 488/181/607 490/180/608 565/179/603
f 490/181/609 492/180/609 565/179/606
f 492/181/610 494/180/610 565/179/606
f 494/181/611 496/180/612 565/179/613
f 496/181/348 498/180/348 565/179/613
f 498/181/614 485/180/615 565/179/616
f 566/171/351 567/170/352 568/172/617
f 569/173/354 566/171/351 568/172/617
f 570/174/355 566/171/351 569/173/354
f 571/175/356 570/174/355 569/173/354
f 572/176/357 570/174/355 571/175/356
f 573/177/618 572/176/357 571/175/356
f 574/179/619 572/178/620 573/180/621
f 575/181/622 574/179/619 573/180/621
f 576/179/363 574/178/364 575/180/365
f 577/181/366 576/179/363 575/180/365
f 578/179/367 576/178/368 577/180/369
f 579/181/370 578/179/367 577/180/369
f 580/179/371 578/178/372 579/180/373
f 581/181/374 580/179/371 579/180/373
f 567/179/132 580/178/132 581/180/132
f 568/181/132 567/179/132 581/180/132
f 582/183/375 583/182/623 567/170/352
f 566/171/351 582/183/375 567/170/352
f 584/184/377 582/183/375 566/171/351
f 570/174/355 584/184/377 566/171/351
f 585/185/378 584/184/377 570/174/355
f 572/176/357 585/185/378 570/174/355
f 586/179/624 585/178/625 572/180/626
f 574/181/627 586/179/624 572/180/626
f 587/179/383 586/178/384 574/180/385
f 576/181/386 587/179/383 574/180/385
f 588/179/387 587/178/388 576/180/389
f 578/181/390 588/179/387 576/180/389
f 589/179/391 588/178/392 578/180/628
f 580/181/394 589/179/391 578/180/628
f 583/179/132 589/178/132 580/180/132
f 567/181/132 583/179/132 580/180/132
f 590/187/395 591/186/396 583/182/623
f 582/183/375 590/187/395 583/182/623
f 592/188/397 590/187/395 582/183/375
f 584/184/377 592/188/397 582/183/375
f 593/189/629 592/188/397 584/184/377
f 585/185/378 593/189/629 584/184/377
f 594/179/630 593/178/631 585/180/632
f 586/181/633 594/179/630 585/180/632
f 595/179/403 594/178/404 586/180/405
f 587/181/406 595/179/403 586/180/405
f 596/179/407 595/178/408 587/180/409
f 588/181/410 596/179/407 587/180/409
f 597/179/411 596/178/407 588/180/410
f 589/181/412 597/179/411 588/180/410
f 591/179/132 597/178/132 589/180/132
f 583/181/132 591/179/132 589/180/132
f 598/191/413 599/190/414 591/186/396
f 590/187/395 598/191/413 591/186/396
f 600/192/415 598/191/413 590/187/395
f 592/188/397 600/192/415 590/187/395
f 601/193/416 600/192/415 592/188/397
f 593/189/629 601/193/416 592/188/397
f 602/179/634 601/178/635 593/180/636
f 594/181/637 602/179/634 593/180/636
f 603/179/421 602/178/422 594/180/423
f 595/181/424 603/179/421 594/180/423
f 604/179/638 603/178/426 595/180/427
f 596/181/639 604/179/638 595/180/427
f 605/179/429 604/178/638 596/180/639
f 597/181/430 605/179/429 596/180/639
f 599/179/132 605/178/132 597/180/132
f 591/181/132 599/179/132 597/180/132
f 606/195/431 607/194/640 599/190/414
f 598/191/413 606/195/431 599/190/414
f 608/196/641 606/195/431 598/191/413
f 600/192/415 608/196/641 598/191/413
f 609/197/434 608/196/641 600/192/415
f 601/193/416 609/197/434 600/192/415
f 610/179/130 609/178/130 601/180/130
f 602/181/130 610/179/130 601/180/130
f 611/179/435 610/178/436 602/180/437
f 603/181/438 611/179/435 602/180/437
f 612/179/642 611/178/440 603/180/643
f 604/181/442 612/179/642 603/180/643
f 613/179/644 612/178/642 604/180/442
f 605/181/645 613/179/644 604/180/442
f 607/179/132 613/178/132 605/180/132
f 599/181/132 607/179/132 605/180/132
f 614/199/445 615/198/646 607/194/640
f 606/195/431 614/199/445 607/194/640
f 616/200/447 614/199/445 606/195/431
f 608/196/641 616/200/447 606/195/431
f 617/201/448 616/200/447 608/196/641
f 609/197/434 617/201/448 608/196/641
f 618/179/130 617/178/130 609/180/130
f 610/181/130 618/179/130 609/180/130
f 619/179/449 618/178/450 610/180/451
f 611/181/452 619/179/449 610/180/451
f 620/179/453 619/178/454 611/180/455
f 612/181/647 620/179/453 611/180/455
f 621/179/648 620/178/453 612/180/647
f 613/181/649 621/179/648 612/180/647
f 615/179/132 621/178/132 613/180/132
f 607/181/132 615/179/132 613/180/132
f 622/203/459 623/202/460 615/198/646
f 614/199/445 622/203/459 615/198/646
f 624/204/461 622/203/459 614/199/445
f 616/200/447 624/204/461 614/199/445
f 625/205/650 624/204/461 616/200/447
f 617/201/448 625/205/650 616/200/447
f 626/179/130 625/178/130 617/180/130
f 618/181/130 626/179/130 617/180/130
f 627/179/463 626/178/464 618/180/465
f 619/181/466 627/179/463 618/180/465
f 628/179/467 627/178/468 619/180/469
f 620/181/470 628/179/467 619/180/469
f 629/179/471 628/178/472 620/180/473
f 621/181/474 629/179/471 620/180/473
f 623/179/132 629/178/132 621/180/132
f 615/181/132 623/179/132 621/180/132
f 630/207/475 564/206/476 623/202/460
f 622/203/459 630/207/475 623/202/460
f 631/208/477 630/207/475 622/203/459
f 624/204/461 631/208/477 622/203/459
f 632/209/478 631/208/477 624/204/461
f 625/205/650 632/209/478 624/204/461
f 633/179/130 632/178/130 625/180/130
f 626/181/130 633/179/130 625/180/130
f 634/179/651 633/178/652 626/180/653
f 627/181/482 634/179/651 626/180/653
f 635/179/483 634/178/484 627/180/485
f 628/181/654 635/179/483 627/180/485
f 563/179/487 635/178/483 628/180/654
f 629/181/488 563/179/487 628/180/654
f 564/179/132 563/178/132 629/180/132
f 623/181/132 564/179/132 629/180/132
f 636/211/489 555/210/490 564/206/655
f 630/207/475 636/211/492 564/206/476
f 637/212/656 636/211/492 630/207/475
f 631/208/477 637/212/656 630/207/475
f 558/213/657 637/212/656 631/208/477
f 632/209/478 558/213/657 631/208/477
f 559/179/130 558/178/130 632/180/130
f 633/181/130 559/179/130 632/180/130
f 638/179/658 559/178/659 633/180/660
f 634/181/661 638/179/658 633/180/660
f 639/179/499 638/178/658 634/180/661
f 635/181/662 639/179/499 634/180/661
f 562/179/501 639/178/499 635/180/662
f 563/181/502 562/179/501 635/180/662
f 555/179/132 562/178/132 563/180/132
f 564/181/132 555/179/132 563/180/132
f 547/179/132 554/178/132 562/180/132
f 555/181/132 547/179/132 562/180/132
f 569/180/503 568/181/503 640/179/663
f 571/180/664 569/181/664 640/179/665
f 573/180/666 571/181/667 640/179/663
f 575/180/668 573/181/668 640/179/665
f 577/180/669 575/181/669 640/179/513
f 579/180/670 577/181/670 640/179/671
f 581/180/516 579/181/516 640/179/513
f 568/180/672 581/181/672 640/179/673
f 641/214/130 642/215/130 643/216/130
f 644/217/130 641/214/130 643/216/130
f 645/218/130 644/217/130 643/216/130
f 646/219/130 645/218/130 643/216/130
f 647/220/130 646/219/130 643/216/130
f 648/221/130 647/220/130 643/216/130
f 649/222/130 648/221/130 643/216/130
f 650/223/130 649/222/130 643/216/130
f 651/224/130 650/223/130 643/216/130
f 652/225/130 651/224/130 643/216/130
f 653/226/130 652/225/130 643/216/130
f 654/227/130 653/226/130 643/216/130
f 655/228/130 654/227/130 643/216/130
f 656/229/130 655/228/130 643/216/130
f 657/230/130 656/229/130 643/216/130
f 658/231/130 657/230/130 643/216/130
f 659/232/130 658/231/130 643/216/130
f 660/233/130 659/232/130 643/216/130
f 661/234/130 660/233/130 643/216/130
f 662/235/130 661/234/130 643/216/130
f 663/236/130 662/235/130 643/216/130
f 664/237/130 663/236/130 643/216/130
f 665/238/130 664/237/130 643/216/130
f 666/239/130 665/238/130 643/216/130
f 667/240/130 666/239/130 643/216/130
f 668/241/130 667/240/130 643/216/130
f 669/242/130 668/241/130 643/216/130
f 670/243/130 669/242/130 643/216/130
f 671/244/130 670/243/130 643/216/130
f 642/215/130 671/244/130 643/216/130
f 672/245/519 673/246/131 642/246/131
f 641/245/519 672/245/519 642/246/131
f 674/247/520 672/245/519 641/245/519
f 644/247/520 674/247/520 641/245/519
f 675/248/521 674/247/520 644/247/520
f 645/248/521 675/248/521 644/247/520
f 676/249/522 675/248/521 645/248/521
f 646/249/522 676/249/522 645/248/521
f 677/250/523 676/249/522 646/249/522
f 647/250/523 677/250/523 646/249/522
f 678/251/524 677/250/523 647/250/523
f 648/251/524 678/251/524 647/250/523
f 679/252/525 678/251/524 648/251/524
f 649/252/525 679/252/525 648/251/524
f 680/253/526 679/252/525 649/252/525
f 650/253/526 680/253/526 649/252/525
f 681/254/527 680/253/526 650/253/526
f 651/254/527 681/254/527 650/253/526
f 682/255/528 681/254/527 651/254/527
f 652/255/528 682/255/528 651/254/527
f 683/256/529 682/255/528 652/255/528
f 653/256/529 683/256/529 652/255/528
f 684/257/530 683/256/529 653/256/529
f 654/257/530 684/257/530 653/256/529
f 685/258/531 684/257/530 654/257/530
f 655/258/531 685/258/531 654/257/530
f 686/259/532 685/258/531 655/258/531
f 656/259/532 686/259/532 655/258/531
f 687/260/134 686/259/532 656/259/532
f 657/260/134 687/260/134 656/259/532
f 688/261/533 687/260/134 657/260/134
f 658/261/533 688/261/533 657/260/134
f 689/262/674 688/261/533 658/261/533
f 659/262/674 689/262/674 658/261/533
f 690/263/535 689/262/674 659/262/674
f 660/263/535 690/263/535 659/262/674
f 691/264/675 690/263/535 660/263/535
f 661/264/675 691/264/675 660/263/535
f 692/265/537 691/264/675 661/264/675
f 662/265/537 692/265/537 661/264/675
f 693/266/538 692/265/537 662/265/537
f 663/266/538 693/266/538 662/265/537
f 694/267/676 693/266/538 663/266/538
f 664/267/676 694/267/676 663/266/538
f 695/268/677 694/267/676 664/267/676
f 665/268/677 695/268/677 664/267/676
f 696/269/541 695/268/677 665/268/677
f 666/269/541 696/269/541 665/268/677
f 697/270/542 696/269/541 666/269/541
f 667/270/542 697/270/542 666/269/541
f 698/271/678 697/270/542 667/270/542
f 668/271/678 698/271/678 667/270/542
f 699/272/544 698/271/678 668/271/678
f 669/272/544 699/272/544 668/271/678
f 700/273/679 699/272/544 669/272/544
f 670/273/545 700/273/679 669/272/544
f 701/274/546 700/273/679 670/273/545
f 671/274/546 701/274/546 670/273/545
f 673/246/131 701/274/546 671/274/546
f 642/246/131 673/246/131 671/274/546
f 673/246/132 672/245/132 702/275/132
f 672/245/132 674/247/132 702/275/132
f 674/247/132 675/248/132 702/275/132
f 675/248/132 676/249/132 702/275/132
f 676/249/132 677/250/132 702/275/132
f 677/250/132 678/251/132 702/275/132
f 678/251/132 679/252/132 702/275/132
f 679/252/132 680/253/132 702/275/132
f 680/253/132 681/254/132 702/275/132
f 681/254/132 682/255/132 702/275/132
f 682/255/132 683/256/132 702/275/132
f 683/256/132 684/257/132 702/275/132
f 684/257/132 685/258/132 702/275/132
f 685/258/132 686/259/132 702/275/132
f 686/259/132 687/260/132 702/275/132
f 687/260/132 688/261/132 702/275/132
f 688/261/132 689/262/132 702/275/132
f 689/262/132 690/263/132 702/275/132
f 690/263/132 691/264/132 702/275/132
f 691/264/132 692/265/132 702/275/132
f 692/265/132 693/266/132 702/275/132
f 693/266/132 694/267/132 702/275/132
f 694/267/132 695/268/132 702/275/132
f 695/268/132 696/269/132 702/275/132
f 696/269/132 697/270/132 702/275/132
f 697/270/132 698/271/132 702/275/132
f 698/271/132 699/272/132 702/275/132
f 699/272/132 700/273/132 702/275/132
f 700/273/132 701/274/132 702/275/132
f 701/274/132 673/246/132 702/275/132
f 703/276/680 704/277/680 705/278/680
f 706/279/681 705/278/681 704/277/682
f 707/276/683 708/277/684 709/278/683
f 710/279/684 709/278/683 708/277/684
f 706/276/685 707/277/686 705/278/687
f 709/279/688 705/278/687 707/277/686
f 704/276/561 708/277/561 706/278/561
f 707/279/561 706/278/561 708/277/561
f 705/276/562 709/277/562 703/278/562
f 710/279/562 703/278/562 709/277/562
f 711/276/689 712/277/689 713/278/690
f 714/279/691 713/278/691 712/277/689
f 715/276/692 716/277/693 717/278/692
f 718/279/693 717/278/692 716/277/693
f 714/276/694 715/277/694 713/278/694
f 717/279/695 713/278/694 715/277/694
f 712/276/553 716/277/553 714/278/553
f 715/279/553 714/278/553 716/277/553
f 713/276/554 717/277/554 711/278/554
f 718/279/696 711/278/696 717/277/696
f 719/280/697 720/281/698 721/282/699
f 722/283/697 719/280/697 721/282/699
f 723/284/700 719/280/697 722/283/697
f 724/285/700 723/284/700 722/283/697
f 725/286/701 723/284/700 724/285/700
f 726/287/701 725/286/701 724/285/700
f 727/288/702 725/286/701 726/287/701
f 728/289/702 727/288/702 726/287/701
f 729/290/703 727/288/702 728/289/702
f 730/291/703 729/290/703 728/289/702
f 731/288/704 729/290/703 730/291/703
f 732/289/704 731/288/704 730/291/703
f 733/286/705 731/288/704 732/289/704
f 734/287/705 733/286/705 732/289/704
f 735/284/706 733/286/705 734/287/705
f 736/285/706 735/284/706 734/287/705
f 737/280/707 735/284/706 736/285/706
f 738/283/708 737/280/707 736/285/706
f 739/292/709 737/280/707 738/283/708
f 740/293/710 739/292/709 738/283/708
f 741/294/711 739/292/709 740/293/710
f 742/295/711 741/294/711 740/293/710
f 743/296/712 741/294/711 742/295/711
f 744/297/712 743/296/712 742/295/711
f 745/298/713 743/296/712 744/297/712
f 746/299/713 745/298/713 744/297/712
f 747/300/714 745/298/713 746/299/713
f 748/301/714 747/300/714 746/299/713
f 749/302/715 747/300/714 748/301/714
f 750/303/715 749/302/715 748/301/714
f 751/300/716 749/302/715 750/303/715
f 752/301/716 751/300/716 750/303/715
f 753/298/717 751/300/716 752/301/716
f 754/299/717 753/298/717 752/301/716
f 755/296/718 753/298/717 754/299/717
f 756/297/718 755/296/718 754/299/717
f 757/294/719 755/296/718 756/297/718
f 758/295/720 757/294/719 756/297/718
f 720/281/698 757/294/719 758/295/720
f 721/282/699 720/281/698 758/295/720
f 720/281/721 719/280/132 759/281/722
f 719/280/132 723/284/132 759/281/722
f 723/284/132 725/286/132 759/281/722
f 725/286/132 727/288/132 759/281/722
f 727/288/132 729/290/132 759/281/722
f 729/290/132 731/288/132 759/281/722
f 731/288/132 733/286/132 759/281/722
f 733/286/132 735/284/132 759/281/722
f 735/284/132 737/280/723 759/281/722
f 737/280/723 739/292/724 759/281/722
f 739/292/724 741/294/725 759/281/722
f 741/294/725 743/296/726 759/281/722
f 743/296/726 745/298/727 759/281/722
f 745/298/727 747/300/728 759/281/722
f 747/300/728 749/302/729 759/281/722
f 749/302/729 751/300/730 759/281/722
f 751/300/730 753/298/731 759/281/722
f 753/298/731 755/296/732 759/281/722
f 755/296/732 757/294/733 759/281/722
f 757/294/733 720/281/721 759/281/722
f 760/304/130 761/305/734 762/306/735
f 763/307/130 760/304/130 762/306/735
f 764/308/130 763/307/130 762/306/735
f 765/309/130 764/308/130 762/306/735
f 766/310/130 765/309/130 762/306/735
f 767/311/130 766/310/130 762/306/735
f 768/312/130 767/311/130 762/306/735
f 769/313/130 768/312/130 762/306/735
f 770/314/736 769/313/130 762/306/735
f 771/315/737 770/314/736 762/306/735
f 772/316/738 771/315/737 762/306/735
f 773/317/739 772/316/738 762/306/735
f 774/318/740 773/317/739 762/306/735
f 775/319/741 774/318/740 762/306/735
f 776/320/742 775/319/741 762/306/735
f 777/321/743 776/320/742 762/306/735
f 778/322/744 777/321/743 762/306/735
f 779/323/745 778/322/744 762/306/735
f 780/324/746 779/323/745 762/306/735
f 761/305/734 780/324/746 762/306/735
f 781/325/747 782/326/748 761/305/748
f 760/304/749 781/325/747 761/305/748
f 783/327/750 781/325/747 760/304/749
f 763/307/751 783/327/750 760/304/749
f 784/328/752 783/327/750 763/307/751
f 764/308/752 784/328/752 763/307/751
f 785/329/753 784/328/752 764/308/752
f 765/309/754 785/329/753 764/308/752
f 786/330/755 785/329/753 765/309/754
f 766/310/756 786/330/755 765/309/754
f 787/331/757 786/330/755 766/310/756
f 767/311/757 787/331/757 766/310/756
f 788/332/758 787/331/757 767/311/757
f 768/312/759 788/332/758 767/311/757
f 789/333/760 788/332/758 768/312/759
f 769/313/761 789/333/760 768/312/759
f 790/334/762 789/333/760 769/313/761
f 770/314/763 790/334/762 769/313/761
f 791/335/764 790/334/762 770/314/763
f 771/315/765 791/335/764 770/314/763
f 792/336/766 791/335/764 771/315/765
f 772/316/767 792/336/766 771/315/765
f 793/337/768 792/336/766 772/316/767
f 773/317/769 793/337/768 772/316/767
f 794/338/770 793/337/768 773/317/769
f 774/318/770 794/338/770 773/317/769
f 795/339/771 794/338/770 774/318/770
f 775/319/771 795/339/771 774/318/770
f 796/340/772 795/339/771 775/319/771
f 776/320/773 796/340/772 775/319/771
f 797/341/774 796/340/772 776/320/773
f 777/321/775 797/341/774 776/320/773
f 798/342/776 797/341/774 777/321/775
f 778/322/777 798/342/776 777/321/775
f 799/343/778 798/342/776 778/322/777
f 779/323/778 799/343/778 778/322/777
f 800/344/779 799/343/778 779/323/778
f 780/324/780 800/344/779 779/323/778
f 782/326/748 800/344/779 780/324/780
f 761/305/748 782/326/748 780/324/780
f 782/326/781 781/325/132 801/306/782
f 781/325/132 783/327/132 801/306/782
f 783/327/132 784/328/132 801/306/782
f 784/328/132 785/329/132 801/306/782
f 785/329/132 786/330/132 801/306/782
f 786/330/132 787/331/132 801/306/782
f 787/331/132 788/332/132 801/306/782
f 788/332/132 789/333/132 801/306/782
f 789/333/132 790/334/783 801/306/782
f 790/334/783 791/335/784 801/306/782
f 791/335/784 792/336/785 801/306/782
f 792/336/785 793/337/786 801/306/782
f 793/337/786 794/338/787 801/306/782
f 794/338/787 795/339/788 801/306/782
f 795/339/788 796/340/789 801/306/782
f 796/340/789 797/341/790 801/306/782
f 797/341/790 798/342/791 801/306/782
f 798/342/791 799/343/792 801/306/782
f 799/343/792 800/344/793 801/306/782
f 800/344/793 782/326/781 801/306/782
f 802/345/794 803/345/794 804/346/795
f 804/346/795 805/346/795 802/345/794
f 806/347/129 807/348/129 808/348/129
f 808/348/129 809/347/129 806/347/129
f 807/348/796 805/346/796 804/346/796
f 804/346/796 808/348/796 807/348/796
f 806/347/797 802/345/797 805/346/797
f 805/346/797 807/348/797 806/347/797
f 808/348/798 804/346/798 803/345/798
f 803/345/798 809/347/798 808/348/798
f 810/345/133 811/345/133 812/346/133
f 813/346/133 812/346/133 811/345/133
f 814/348/129 815/347/129 816/348/129
f 817/347/129 816/348/129 815/347/129
f 813/346/799 814/348/799 812/346/799
f 816/348/800 812/346/799 814/348/799
f 811/345/801 815/347/801 813/346/801
f 814/348/801 813/346/801 815/347/801
f 812/346/802 816/348/802 810/345/802
f 817/347/802 810/345/802 816/348/802
f 818/349/132 819/350/132 820/351/132
f 819/350/132 821/352/132 820/351/132
f 821/352/132 822/353/132 820/351/132
f 822/353/132 823/354/132 820/351/132
f 823/354/132 824/355/132 820/351/132
f 824/355/132 825/356/132 820/351/132
f 825/356/132 826/357/132 820/351/132
f 826/357/132 827/358/132 820/351/132
f 827/358/132 828/359/132 820/351/132
f 828/359/132 829/360/132 820/351/132
f 829/360/132 830/361/132 820/351/132
f 830/361/132 831/362/132 820/351/132
f 831/362/132 832/363/132 820/351/132
f 832/363/132 833/364/132 820/351/132
f 833/364/132 834/365/132 820/351/132
f 834/365/132 835/366/132 820/351/132
f 835/366/132 836/367/132 820/351/132
f 836/367/132 837/368/132 820/351/132
f 837/368/132 838/369/132 820/351/132
f 838/369/132 839/370/132 820/351/132
f 839/370/132 840/371/132 820/351/132
f 840/371/132 841/372/132 820/351/132
f 841/372/132 842/373/132 820/351/132
f 842/373/132 843/374/132 820/351/132
f 843/374/132 844/375/132 820/351/132
f 844/375/132 845/376/132 820/351/132
f 845/376/132 846/377/132 820/351/132
f 846/377/132 847/378/132 820/351/132
f 847/378/132 848/379/132 820/351/132
f 848/379/132 818/349/132 820/351/132
f 849/380/803 850/381/804 851/382/805
f 852/383/803 849/380/803 851/382/805
f 853/384/806 852/383/803 851/382/805
f 854/385/807 853/384/806 851/382/805
f 855/386/808 854/385/807 851/382/805
f 856/387/809 855/386/808 851/382/805
f 857/388/810 856/387/809 851/382/805
f 858/389/811 857/388/810 851/382/805
f 859/390/812 858/389/811 851/382/805
f 860/391/813 859/390/812 851/382/805
f 861/392/814 860/391/813 851/382/805
f 862/393/815 861/392/814 851/382/805
f 863/394/815 862/393/815 851/382/805
f 864/395/816 863/394/815 851/382/805
f 865/396/817 864/395/816 851/382/805
f 866/397/818 865/396/817 851/382/805
f 867/398/819 866/397/818 851/382/805
f 868/399/820 867/398/819 851/382/805
f 869/400/821 868/399/820 851/382/805
f 870/401/822 869/400/821 851/382/805
f 871/402/823 870/401/822 851/382/805
f 872/403/824 871/402/823 851/382/805
f 873/404/825 872/403/824 851/382/805
f 874/405/826 873/404/825 851/382/805
f 875/406/827 874/405/826 851/382/805
f 876/407/828 875/406/827 851/382/805
f 877/408/829 876/407/828 851/382/805
f 878/409/830 877/408/829 851/382/805
f 879/410/831 878/409/830 851/382/805
f 850/381/804 879/410/831 851/382/805
f 819/411/519 818/412/519 850/413/519
f 849/414/519 819/411/519 850/413/519
f 880/411/832 819/412/520 849/413/520
f 852/414/832 880/411/832 849/413/520
f 822/411/521 880/412/833 852/413/833
f 853/414/521 822/411/521 852/413/833
f 881/411/834 822/412/834 853/413/834
f 854/414/834 881/411/834 853/413/834
f 882/411/523 881/412/523 854/413/523
f 855/414/523 882/411/523 854/413/523
f 825/411/524 882/412/524 855/413/524
f 856/414/524 825/411/524 855/413/524
f 826/411/525 825/412/525 856/413/525
f 857/414/525 826/411/525 856/413/525
f 827/411/526 826/412/526 857/413/526
f 858/414/526 827/411/526 857/413/526
f 883/411/527 827/412/527 858/413/527
f 859/414/527 883/411/527 858/413/527
f 829/411/528 883/412/528 859/413/528
f 860/414/528 829/411/528 859/413/528
f 830/411/835 829/412/835 860/413/835
f 861/414/835 830/411/835 860/413/835
f 831/411/530 830/412/530 861/413/530
f 862/414/530 831/411/530 861/413/530
f 832/411/531 831/412/531 862/413/531
f 863/414/531 832/411/531 862/413/531
f 833/411/836 832/412/532 863/413/532
f 864/414/836 833/411/836 863/413/532
f 884/411/134 833/412/134 864/413/134
f 865/414/134 884/411/134 864/413/134
f 885/411/533 884/412/533 865/413/533
f 866/414/533 885/411/533 865/413/533
f 886/411/534 885/412/534 866/413/534
f 867/414/534 886/411/534 866/413/534
f 887/411/535 886/412/535 867/413/535
f 868/414/535 887/411/535 867/413/535
f 888/411/536 887/412/675 868/413/675
f 869/414/536 888/411/536 868/413/675
f 889/411/537 888/412/537 869/413/537
f 870/414/537 889/411/537 869/413/537
f 890/411/538 889/412/538 870/413/538
f 871/414/538 890/411/538 870/413/538
f 891/411/539 890/412/539 871/413/539
f 872/414/539 891/411/539 871/413/539
f 892/411/540 891/412/540 872/413/540
f 873/414/540 892/411/540 872/413/540
f 893/411/541 892/412/541 873/413/541
f 874/414/541 893/411/541 873/413/541
f 894/411/542 893/412/542 874/413/542
f 875/414/542 894/411/542 874/413/542
f 895/411/678 894/412/678 875/413/678
f 876/414/678 895/411/678 875/413/678
f 896/411/544 895/412/544 876/413/544
f 877/414/544 896/411/544 876/413/544
f 897/411/837 896/412/837 877/413/837
f 878/414/837 897/411/837 877/413/837
f 898/411/838 897/412/838 878/413/838
f 879/414/838 898/411/838 878/413/838
f 818/411/131 898/412/131 879/413/131
f 850/414/131 818/411/131 879/413/131
f 899/415/133 900/416/133 901/417/133
f 902/418/133 901/417/133 900/416/133
f 903/419/132 900/420/132 904/421/132
f 899/422/132 904/421/132 900/420/132
f 904/423/131 899/424/131 905/425/131
f 901/426/131 905/425/131 899/424/131
f 905/427/130 901/428/130 906/429/130
f 902/430/130 906/429/130 901/428/130
f 906/419/134 902/420/134 903/421/134
f 900/422/134 903/421/134 902/420/134
f 907/431/133 908/432/133 909/433/133
f 910/434/133 909/433/133 908/432/133
f 911/435/132 908/436/132 912/437/132
f 907/438/132 912/437/132 908/436/132
f 912/435/131 907/436/131 913/437/131
f 909/438/131 913/437/131 907/436/131
f 913/439/130 909/440/130 914/441/130
f 910/442/130 914/441/130 909/440/130
f 914/443/134 910/444/134 911/445/134
f 908/446/134 911/445/134 910/444/134
f 915/447/129 916/448/129 917/449/129
f 918/450/129 917/449/129 916/448/129
f 919/451/133 920/452/133 921/453/133
f 922/454/133 921/453/133 920/452/133
f 916/451/839 920/452/839 918/453/839
f 919/454/839 918/453/839 920/452/839
f 915/451/132 922/452/132 916/453/132
f 920/454/132 916/453/132 922/452/132
f 917/451/840 921/452/840 915/453/840
f 922/454/840 915/453/840 921/452/840
f 923/451/133 924/452/133 925/453/133
f 926/454/133 925/453/133 924/452/133
f 927/447/129 918/448/129 928/449/129
f 929/450/129 928/449/129 918/448/129
f 918/451/132 924/452/132 929/453/132
f 923/454/132 929/453/132 924/452/132
f 929/455/131 923/456/131 928/457/131
f 925/458/131 928/457/131 923/456/131
f 928/447/130 925/448/130 927/449/130
f 926/450/130 927/449/130 925/448/130
f 927/447/134 926/448/134 918/449/134
f 924/450/134 918/449/134 926/448/134
f 930/451/133 931/452/133 932/453/133
f 933/454/133 932/453/133 931/452/133
f 934/447/129 935/448/129 936/449/129
f 917/450/129 936/449/129 935/448/129
f 935/451/132 931/452/132 917/453/132
f 930/454/132 917/453/132 931/452/132
f 917/447/131 930/448/131 936/449/131
f 932/450/131 936/449/131 930/448/131
f 936/447/130 932/448/130 934/449/130
f 933/450/130 934/449/130 932/448/130
f 934/459/134 933/460/134 935/461/134
f 931/462/134 935/461/134 933/460/134
f 919/447/133 921/448/133 937/449/133
f 938/450/133 937/449/133 921/448/133
f 936/447/129 917/448/129 927/449/129
f 918/450/129 927/449/129 917/448/129
f 918/447/131 919/448/131 927/449/131
f 937/450/131 927/449/131 919/448/131
f 927/447/130 937/448/130 936/449/130
f 938/450/130 936/449/130 937/448/130
f 936/447/134 938/448/134 917/449/134
f 921/450/134 917/449/134 938/448/134
f 939/463/133 940/464/133 941/465/133
f 942/466/133 941/465/133 940/464/133
f 943/466/129 944/464/129 945/465/129
f 946/463/129 945/465/129 944/464/129
f 944/464/132 940/464/132 946/463/132
f 939/463/132 946/463/132 940/464/132
f 946/463/131 939/463/131 945/465/131
f 941/465/131 945/465/131 939/463/131
f 945/465/130 941/465/130 943/466/130
f 942/466/130 943/466/130 941/465/130
f 943/467/134 942/467/134 944/468/134
f 940/468/134 944/468/134 942/467/134
f 947/469/133 948/470/133 949/471/133
f 950/472/133 949/471/133 948/470/133
f 951/469/129 952/470/129 953/471/129
f 954/472/129 953/471/129 952/470/129
f 950/96/132 951/93/132 949/95/132
f 953/473/132 949/95/132 951/93/132
f 948/469/131 952/470/131 950/471/131
f 951/472/131 950/471/131 952/470/131
f 947/96/130 954/93/130 948/95/130
f 952/473/130 948/95/130 954/93/130
f 949/469/134 953/470/134 947/471/134
f 954/472/134 947/471/134 953/470/134
f 955/96/133 956/93/133 957/95/133
f 958/473/133 957/95/133 956/93/133
f 959/96/129 960/93/129 961/95/129
f 962/473/129 961/95/129 960/93/129
f 958/96/132 959/93/132 957/95/132
f 961/473/132 957/95/132 959/93/132
f 956/474/131 960/475/131 958/476/131
f 959/477/131 958/476/131 960/475/131
f 955/96/130 962/93/130 956/95/130
f 960/473/130 956/95/130 962/93/130
f 957/474/134 961/475/134 955/476/134
f 962/477/134 955/476/134 961/475/134
f 963/478/2 964/479/2 965/480/2
f 965/480/4 966/481/4 963/478/4
f 967/478/6 963/479/6 966/480/6
f 966/480/8 968/481/8 967/478/8
f 969/478/10 967/479/10 968/480/10
f 968/480/12 970/481/12 969/478/12
f 964/478/841 969/479/841 970/480/841
f 970/480/16 965/481/16 964/478/16
f 971/478/18 972/479/18 973/480/18
f 973/480/842 974/481/842 971/478/842
f 975/478/843 976/479/844 972/480/845
f 972/480/845 971/481/24 975/478/843
f 977/478/846 978/479/26 976/480/844
f 976/480/844 975/481/843 977/478/846
f 979/478/847 980/479/28 978/480/848
f 978/480/848 977/481/30 979/478/847
f 981/478/849 982/479/32 980/480/850
f 980/480/850 979/481/34 981/478/849
f 983/478/851 984/479/36 982/480/852
f 982/480/852 981/481/853 983/478/851
f 985/478/39 971/479/39 974/480/39
f 974/480/39 986/481/39 985/478/39
f 987/478/40 975/479/40 971/480/40
f 971/480/40 985/481/41 987/478/40
f 988/478/854 977/479/854 975/480/854
f 975/480/854 987/481/42 988/478/854
f 989/478/855 979/479/44 977/480/856
f 977/480/856 988/481/857 989/478/855
f 990/478/858 981/479/858 979/480/859
f 979/480/859 989/481/859 990/478/858
f 991/478/48 983/479/860 981/480/48
f 981/480/48 990/481/861 991/478/48
f 992/478/50 985/479/50 986/480/50
f 986/480/52 993/481/52 992/478/52
f 994/478/862 987/479/863 985/480/864
f 985/480/864 992/481/56 994/478/862
f 995/478/865 988/479/58 987/480/863
f 987/480/863 994/481/862 995/478/865
f 996/478/866 989/479/867 988/480/868
f 988/480/868 995/481/62 996/478/866
f 997/478/869 990/479/64 989/480/870
f 989/480/870 996/481/66 997/478/869
f 998/478/871 991/479/68 990/480/872
f 990/480/872 997/481/70 998/478/871
f 972/478/71 992/479/873 993/480/71
f 993/480/71 973/481/71 972/478/71
f 976/478/72 994/479/72 992/480/73
f 992/480/73 972/481/73 976/478/72
f 978/478/74 995/479/74 994/480/75
f 994/480/75 976/481/75 978/478/74
f 980/478/78 996/479/78 995/480/78
f 995/480/78 978/481/78 980/478/78
f 982/478/79 997/479/81 996/480/79
f 996/480/79 980/481/79 982/478/79
f 984/478/874 998/479/874 997/480/874
f 997/480/874 982/481/874 984/478/874
f 999/478/875 1000/479/84 1001/480/876
f 1001/480/876 1002/481/86 999/478/875
f 1003/478/88 1004/479/88 1000/480/88
f 1000/480/877 999/481/877 1003/478/877
f 1005/478/92 1006/479/92 1004/480/92
f 1004/480/94 1003/481/94 1005/478/94
f 1007/478/96 999/479/96 1002/480/96
f 1002/480/98 1008/481/98 1007/478/98
f 1009/478/878 1003/479/879 999/480/880
f 999/480/880 1007/481/102 1009/478/878
f 1010/478/881 1005/479/104 1003/480/882
f 1003/480/882 1009/481/883 1010/478/881
f 1011/478/884 1007/479/885 1008/480/886
f 1008/480/886 1012/481/110 1011/478/884
f 1013/478/887 1009/479/888 1007/480/889
f 1007/480/885 1011/481/884 1013/478/890
f 1014/478/114 1010/479/114 1009/480/114
f 1009/480/888 1013/481/887 1014/478/116
f 1000/478/118 1011/479/118 1012/480/118
f 1012/480/120 1001/481/120 1000/478/120
f 1004/478/891 1013/479/892 1011/480/893
f 1011/480/893 1000/481/894 1004/478/891
f 1006/478/895 1014/479/895 1013/480/895
f 1013/480/896 1004/481/896 1006/478/896
f 1015/482/129 1016/483/129 1017/484/129
f 1017/484/129 1018/485/129 1015/482/129
f 1019/482/130 1020/483/130 1016/484/130
f 1016/484/130 1015/485/130 1019/482/130
f 1021/482/131 1019/483/131 1015/484/131
f 1015/484/131 1018/485/131 1021/482/131
f 1022/482/132 1021/483/132 1018/484/132
f 1018/484/132 1017/485/132 1022/482/132
f 1023/486/129 1024/487/129 1025/488/129
f 1025/488/129 1026/489/129 1023/486/129
f 1027/486/133 1028/487/133 1029/488/133
f 1029/488/133 1030/489/133 1027/486/133
f 1030/486/130 1029/487/130 1025/488/130
f 1025/488/130 1024/489/130 1030/486/130
f 1027/486/131 1030/487/131 1024/488/131
f 1024/488/131 1023/489/131 1027/486/131
f 1029/482/134 1028/483/134 1026/484/134
f 1026/484/134 1025/485/134 1029/482/134
f 1031/490/133 1032/491/133 1033/492/133
f 1034/493/133 1033/492/133 1032/491/133
f 1035/490/129 1036/491/129 1037/492/129
f 1038/493/129 1037/492/129 1036/491/129
f 1034/494/897 1035/495/898 1033/496/898
f 1037/497/899 1033/496/898 1035/495/898
f 1032/490/131 1036/491/131 1034/492/131
f 1035/493/131 1034/492/131 1036/491/131
f 1031/494/130 1038/495/130 1032/496/130
f 1036/497/130 1032/496/130 1038/495/130
f 1033/490/134 1037/491/134 1031/492/134
f 1038/493/134 1031/492/134 1037/491/134
f 1039/494/133 1040/495/133 1041/496/133
f 1042/497/133 1041/496/133 1040/495/133
f 1043/494/129 1044/495/129 1045/496/129
f 1046/497/129 1045/496/129 1044/495/129
f 1042/494/132 1043/495/132 1041/496/132
f 1045/497/132 1041/496/132 1043/495/132
f 1040/498/131 1044/499/131 1042/500/131
f 1043/501/131 1042/500/131 1044/499/131
f 1039/494/130 1046/495/130 1040/496/130
f 1044/497/130 1040/496/130 1046/495/130
f 1041/498/134 1045/499/134 1039/500/134
f 1046/501/134 1039/500/134 1045/499/134
f 1047/502/133 1048/503/133 1049/504/133
f 1050/505/133 1049/504/133 1048/503/133
f 1051/506/132 1048/507/132 1052/508/132
f 1047/509/132 1052/506/132 1048/508/132
f 1052/510/131 1047/511/131 1053/512/131
f 1049/513/131 1053/512/131 1047/511/131
f 1053/514/130 1049/515/130 1054/516/130
f 1050/517/130 1054/516/130 1049/515/130
f 1054/518/134 1050/506/134 1051/509/134
f 1048/519/134 1051/518/134 1050/509/134
f 1055/520/133 1056/521/133 1057/522/133
f 1058/523/133 1057/522/133 1056/521/133
f 1059/524/132 1056/518/132 1060/519/132
f 1055/525/132 1060/524/132 1056/519/132
f 1060/526/131 1055/524/131 1061/525/131
f 1057/527/131 1061/526/131 1055/525/131
f 1061/528/130 1057/529/130 1062/530/130
f 1058/531/130 1062/530/130 1057/529/130
f 1062/532/134 1058/533/134 1059/534/134
f 1056/535/134 1059/534/134 1058/533/134
f 1063/536/129 1064/537/129 1065/538/129
f 1066/539/129 1065/538/129 1064/537/129
f 1067/540/133 1068/526/133 1069/527/133
f 1070/541/133 1069/540/133 1068/527/133
f 1064/526/839 1068/540/839 1066/541/839
f 1067/527/839 1066/526/839 1068/541/839
f 1063/524/132 1070/526/132 1064/527/132
f 1068/525/132 1064/524/132 1070/527/132
f 1065/518/840 1069/524/840 1063/525/840
f 1070/519/840 1063/518/840 1069/525/840
f 1071/506/133 1072/518/133 1073/519/133
f 1074/509/133 1073/506/133 1072/519/133
f 1075/536/129 1066/537/129 1076/538/129
f 1077/539/129 1076/538/129 1066/537/129
f 1066/542/132 1072/506/132 1077/509/132
f 1071/543/132 1077/542/132 1072/509/132
f 1077/544/131 1071/542/131 1076/543/131
f 1073/545/131 1076/544/131 1071/543/131
f 1076/536/130 1073/537/130 1075/538/130
f 1074/539/130 1075/538/130 1073/537/130
f 1075/536/134 1074/537/134 1066/538/134
f 1072/539/134 1066/538/134 1074/537/134
f 1078/546/133 1079/544/133 1080/545/133
f 1081/547/133 1080/546/133 1079/545/133
f 1082/536/129 1083/537/129 1084/538/129
f 1065/539/129 1084/538/129 1083/537/129
f 1083/548/132 1079/546/132 1065/547/132
f 1078/549/132 1065/548/132 1079/547/132
f 1065/536/131 1078/537/131 1084/538/131
f 1080/539/131 1084/538/131 1078/537/131
f 1084/536/130 1080/537/130 1082/538/130
f 1081/539/130 1082/538/130 1080/537/130
f 1082/550/134 1081/548/134 1083/549/134
f 1079/551/134 1083/550/134 1081/549/134
f 1067/536/133 1069/537/133 1085/538/133
f 1086/539/133 1085/538/133 1069/537/133
f 1084/536/129 1065/537/129 1075/538/129
f 1066/539/129 1075/538/129 1065/537/129
f 1066/536/131 1067/537/131 1075/538/131
f 1085/539/131 1075/538/131 1067/537/131
f 1075/536/130 1085/537/130 1084/538/130
f 1086/539/130 1084/538/130 1085/537/130
f 1084/536/134 1086/537/134 1065/538/134
f 1069/539/134 1065/538/134 1086/537/134
f 1087/552/133 1088/553/133 1089/554/133
f 1090/555/133 1089/554/133 1088/553/133
f 1091/555/129 1092/553/129 1093/554/129
f 1094/552/129 1093/554/129 1092/553/129
f 1092/553/132 1088/553/132 1094/552/132
f 1087/552/132 1094/552/132 1088/553/132
f 1094/552/131 1087/552/131 1093/554/131
f 1089/554/131 1093/554/131 1087/552/131
f 1093/554/130 1089/554/130 1091/555/130
f 1090/555/130 1091/555/130 1089/554/130
f 1091/555/134 1090/555/134 1092/553/134
f 1088/553/134 1092/553/134 1090/555/134
f 1095/556/129 1096/557/129 1097/558/129
f 1097/558/129 1098/559/129 1095/556/129
f 1099/560/129 1095/556/129 1098/559/129
f 1098/559/129 1100/561/129 1099/560/129
f 1101/542/133 1102/544/133 1103/542/133
f 1103/544/133 1104/546/133 1101/542/133
f 1105/546/133 1106/548/133 1102/542/133
f 1102/548/133 1101/550/133 1105/542/133
f 1104/550/135 1103/562/135 1097/542/135
f 1097/562/135 1096/550/135 1104/542/135
f 1101/550/137 1104/548/137 1096/542/137
f 1096/548/137 1095/546/137 1101/542/137
f 1105/546/138 1101/544/138 1095/542/138
f 1095/544/138 1099/507/138 1105/542/138
f 1102/507/141 1106/506/141 1100/542/141
f 1100/506/141 1098/518/141 1102/542/141
f 1103/518/143 1102/524/143 1098/542/143
f 1098/524/143 1097/526/143 1103/542/143
f 1107/563/129 1108/564/129 1109/565/129
f 1109/565/129 1110/566/129 1107/563/129
f 1111/526/133 1112/540/133 1113/542/133
f 1113/540/133 1114/526/133 1111/542/133
f 1114/563/135 1113/564/135 1109/565/135
f 1109/565/135 1108/566/135 1114/563/135
f 1111/526/145 1114/524/145 1108/542/145
f 1108/524/145 1107/518/145 1111/542/145
f 1112/518/146 1111/506/146 1107/542/146
f 1107/506/146 1110/542/146 1112/542/146
f 1113/567/148 1112/568/148 1110/569/148
f 1110/570/148 1109/569/148 1113/568/148
f 1115/563/129 1116/564/129 1117/565/129
f 1117/565/129 1118/566/129 1115/563/129
f 1119/567/133 1120/568/133 1121/569/133
f 1121/570/133 1122/569/133 1119/568/133
f 1122/563/149 1121/564/149 1117/565/149
f 1117/565/149 1116/566/149 1122/563/149
f 1119/571/145 1122/572/145 1116/573/145
f 1116/574/145 1115/573/145 1119/572/145
f 1120/567/146 1119/568/146 1115/569/146
f 1115/570/146 1118/569/146 1120/568/146
f 1121/571/147 1120/572/148 1118/573/148
f 1118/574/148 1117/573/147 1121/572/147
f 1123/563/129 1124/564/900 1125/565/129
f 1125/565/129 1126/566/129 1123/563/129
f 1127/567/795 1128/568/795 1129/569/794
f 1129/570/794 1130/569/794 1127/568/795
f 1130/563/135 1129/564/135 1125/565/135
f 1125/565/135 1124/566/135 1130/563/135
f 1127/571/145 1130/572/144 1124/573/144
f 1124/574/144 1123/573/145 1127/572/145
f 1128/571/146 1127/572/146 1123/573/146
f 1123/574/146 1126/573/146 1128/572/146
f 1129/571/148 1128/572/147 1126/573/147
f 1126/574/147 1125/573/148 1129/572/148
f 1131/563/129 1132/564/129 1133/565/129
f 1133/565/129 1134/566/129 1131/563/129
f 1135/575/795 1136/576/795 1137/577/794
f 1137/578/794 1138/577/794 1135/576/795
f 1138/563/149 1137/564/149 1133/565/149
f 1133/565/149 1132/566/149 1138/563/149
f 1135/571/145 1138/572/145 1132/573/145
f 1132/574/145 1131/573/145 1135/572/145
f 1136/575/146 1135/576/146 1131/577/146
f 1131/578/146 1134/577/146 1136/576/146
f 1137/579/147 1136/580/147 1134/581/147
f 1134/582/147 1133/581/147 1137/580/147
f 1139/583/129 1140/584/129 1141/585/129
f 1139/583/129 1141/585/129 1142/586/129
f 1139/583/129 1142/586/129 1143/587/129
f 1139/583/129 1143/587/129 1144/588/129
f 1139/583/129 1144/588/129 1145/589/129
f 1139/583/129 1145/589/129 1146/590/129
f 1139/583/129 1146/590/129 1147/591/129
f 1139/583/129 1147/591/129 1148/592/129
f 1139/583/129 1148/592/129 1149/593/129
f 1139/583/129 1149/593/129 1150/594/129
f 1139/583/129 1150/594/129 1151/595/129
f 1139/583/129 1151/595/129 1152/596/129
f 1152/597/150 1151/598/150 1153/599/150
f 1153/600/150 1154/599/150 1152/598/150
f 1151/601/151 1150/602/151 1155/603/151
f 1155/604/151 1153/603/151 1151/602/151
f 1150/605/152 1149/606/152 1156/607/152
f 1156/608/152 1155/607/152 1150/606/152
f 1149/597/153 1148/598/153 1157/599/153
f 1157/600/153 1156/599/153 1149/598/153
f 1148/609/154 1147/610/154 1158/611/154
f 1158/612/154 1157/611/154 1148/610/154
f 1147/613/155 1146/614/155 1159/615/155
f 1159/616/155 1158/615/155 1147/614/155
f 1146/613/156 1145/614/156 1160/615/156
f 1160/616/156 1159/615/156 1146/614/156
f 1145/617/157 1144/618/157 1161/619/157
f 1161/620/157 1160/619/157 1145/618/157
f 1144/621/158 1143/622/159 1162/623/158
f 1162/624/158 1161/623/158 1144/622/158
f 1143/625/160 1142/626/160 1163/627/160
f 1163/628/160 1162/627/163 1143/626/160
f 1142/629/161 1141/630/161 1164/631/161
f 1164/632/161 1163/631/161 1142/630/161
f 1141/629/162 1140/630/162 1165/631/162
f 1165/632/162 1164/631/162 1141/630/162
f 1166/629/133 1154/630/133 1153/631/133
f 1166/632/133 1153/631/133 1155/630/133
f 1166/629/133 1155/630/133 1156/631/133
f 1166/632/133 1156/631/133 1157/630/133
f 1166/629/133 1157/630/133 1158/631/133
f 1166/632/133 1158/631/133 1159/630/133
f 1166/625/133 1159/626/133 1160/627/133
f 1166/628/133 1160/627/133 1161/626/133
f 1166/629/133 1161/630/133 1162/631/133
f 1166/632/133 1162/631/133 1163/630/133
f 1166/633/133 1163/634/133 1164/635/133
f 1166/636/133 1164/635/133 1165/634/133
f 1167/625/129 1168/626/129 1169/627/129
f 1167/628/129 1169/627/129 1170/626/129
f 1167/625/129 1170/626/129 1171/627/129
f 1167/628/129 1171/627/129 1172/626/129
f 1167/629/129 1172/630/129 1173/631/129
f 1167/632/129 1173/631/129 1174/630/129
f 1167/625/129 1174/626/129 1175/627/129
f 1167/628/129 1175/627/129 1176/626/129
f 1167/629/129 1176/630/129 1177/631/129
f 1167/632/129 1177/631/129 1178/630/129
f 1167/625/129 1178/626/129 1179/627/129
f 1167/628/129 1179/627/129 1180/626/129
f 1180/625/150 1179/626/150 1181/627/150
f 1181/628/150 1182/627/150 1180/626/150
f 1179/637/151 1178/638/151 1183/639/151
f 1183/640/151 1181/639/151 1179/638/151
f 1178/625/152 1177/626/152 1184/627/152
f 1184/628/152 1183/627/152 1178/626/152
f 1177/625/153 1176/626/153 1185/627/153
f 1185/628/153 1184/627/153 1177/626/153
f 1176/625/154 1175/626/154 1186/627/154
f 1186/628/154 1185/627/154 1176/626/154
f 1175/625/155 1174/626/155 1187/627/155
f 1187/628/155 1186/627/155 1175/626/155
f 1174/625/156 1173/626/156 1188/627/156
f 1188/628/156 1187/627/156 1174/626/156
f 1173/641/157 1172/642/157 1189/643/157
f 1189/643/157 1188/644/157 1173/641/157
f 1172/645/158 1171/646/159 1190/642/158
f 1190/642/158 1189/641/158 1172/645/158
f 1171/647/160 1170/648/160 1191/649/160
f 1191/649/160 1190/650/160 1171/647/160
f 1170/651/161 1169/652/161 1192/653/161
f 1192/653/161 1191/654/161 1170/651/161
f 1169/655/162 1168/651/162 1193/654/162
f 1193/654/162 1192/656/162 1169/655/162
f 1194/651/133 1182/655/133 1181/656/133
f 1194/656/133 1181/654/133 1183/651/133
f 1194/652/133 1183/651/133 1184/654/133
f 1194/654/133 1184/653/133 1185/652/133
f 1194/657/133 1185/658/133 1186/659/133
f 1194/659/133 1186/660/133 1187/657/133
f 1194/657/133 1187/658/133 1188/659/133
f 1194/659/133 1188/660/133 1189/657/133
f 1194/661/133 1189/662/133 1190/663/133
f 1194/663/133 1190/664/133 1191/661/133
f 1194/657/133 1191/658/133 1192/659/133
f 1194/659/133 1192/660/133 1193/657/133
f 1195/657/129 1196/658/129 1197/659/129
f 1197/659/129 1198/660/129 1195/657/129
f 1199/661/133 1200/662/133 1201/663/133
f 1201/663/133 1202/664/133 1199/661/133
f 1202/657/149 1201/658/149 1197/659/149
f 1197/659/149 1196/660/149 1202/657/149
f 1199/657/144 1202/658/144 1196/659/144
f 1196/659/144 1195/660/144 1199/657/144
f 1200/661/146 1199/662/146 1195/663/146
f 1195/663/146 1198/664/146 1200/661/146
f 1201/657/148 1200/658/148 1198/659/148
f 1198/659/148 1197/660/148 1201/657/148
f 1203/495/133 1204/665/133 1205/496/133
f 1205/496/133 1206/494/133 1203/495/133
f 1207/495/129 1208/665/129 1209/496/129
f 1209/496/129 1210/494/129 1207/495/129
f 1210/666/164 1209/667/164 1205/668/164
f 1205/668/164 1204/669/164 1210/666/164
f 1207/666/145 1210/667/145 1204/668/145
f 1204/668/145 1203/669/145 1207/666/145
f 1208/666/165 1207/670/165 1203/668/165
f 1203/668/165 1206/671/165 1208/666/165
f 1209/666/166 1208/670/166 1206/668/166
f 1206/668/166 1205/671/166 1209/666/166
f 1211/672/129 1212/673/129 1213/674/129
f 1213/674/129 1214/675/129 1211/672/129
f 1215/676/133 1216/677/133 1217/678/133
f 1217/678/133 1218/679/133 1215/676/133
f 1218/672/149 1217/673/149 1213/674/149
f 1213/674/149 1212/675/149 1218/672/149
f 1215/680/145 1218/681/145 1212/681/145
f 1212/681/145 1211/680/145 1215/680/145
f 1216/682/146 1215/680/146 1211/680/146
f 1211/680/146 1214/682/146 1216/682/146
f 1217/683/148 1216/684/148 1214/685/148
f 1214/685/148 1213/686/148 1217/683/148
f 1219/676/168 1220/677/168 1221/678/901
f 1221/678/901 1222/679/901 1219/676/168
f 1220/687/170 1219/688/170 1223/689/170
f 1223/689/170 1224/690/170 1220/687/170
f 1221/691/148 1220/692/148 1224/693/148
f 1222/694/145 1223/695/145 1219/696/145
f 1225/672/902 1226/697/172 1227/674/903
f 1227/674/903 1228/675/904 1225/672/902
f 1229/672/129 1225/698/902 1228/674/904
f 1228/674/904 1230/675/129 1229/672/129
f 1231/676/905 1232/699/176 1233/678/906
f 1233/678/906 1234/700/178 1231/676/905
f 1235/676/133 1236/699/133 1232/678/176
f 1232/678/176 1231/701/905 1235/676/133
f 1234/702/179 1233/703/179 1227/704/179
f 1227/703/179 1226/705/179 1234/704/179
f 1231/683/180 1234/706/180 1226/685/180
f 1226/685/180 1225/707/180 1231/683/180
f 1235/683/181 1231/706/181 1225/685/181
f 1225/685/181 1229/707/181 1235/683/181
f 1236/708/146 1235/709/146 1229/709/146
f 1229/709/146 1230/708/146 1236/708/146
f 1232/710/182 1236/711/182 1230/712/182
f 1230/712/182 1228/713/182 1232/710/182
f 1233/683/183 1232/706/907 1228/685/907
f 1228/685/907 1227/707/183 1233/683/183
f 1237/672/129 1238/673/129 1239/674/129
f 1239/674/129 1240/675/129 1237/672/129
f 1241/676/133 1242/677/133 1243/678/133
f 1243/678/133 1244/679/133 1241/676/133
f 1244/683/135 1243/684/135 1239/685/135
f 1239/685/135 1238/686/135 1244/683/135
f 1241/683/145 1244/706/145 1238/685/145
f 1238/685/145 1237/707/145 1241/683/145
f 1242/683/146 1241/706/146 1237/685/146
f 1237/685/146 1240/707/146 1242/683/146
f 1243/683/147 1242/684/147 1240/685/147
f 1240/685/147 1239/686/147 1243/683/147
f 1245/672/129 1246/673/129 1247/674/129
f 1247/674/129 1248/675/129 1245/672/129
f 1249/676/794 1250/677/794 1251/678/133
f 1251/678/133 1252/679/133 1249/676/794
f 1252/672/149 1251/673/149 1247/674/149
f 1247/674/149 1246/675/149 1252/672/149
f 1249/683/145 1252/706/145 1246/685/145
f 1246/685/145 1245/707/145 1249/683/145
f 1250/714/184 1249/715/184 1245/715/184
f 1245/715/184 1248/714/184 1250/714/184
f 1251/716/148 1250/714/148 1248/714/148
f 1248/714/148 1247/716/148 1251/716/148
f 1253/674/129 1214/717/129 1254/718/129
f 1253/674/129 1254/718/129 1255/719/129
f 1253/674/129 1255/719/129 1256/720/129
f 1253/674/129 1256/720/129 1257/721/129
f 1253/674/129 1257/721/129 1258/722/129
f 1253/674/129 1258/722/129 1259/723/129
f 1253/674/129 1259/723/129 1260/724/129
f 1253/674/129 1260/724/129 1261/725/129
f 1253/674/129 1261/725/129 1262/726/129
f 1253/674/129 1262/726/129 1263/727/129
f 1253/674/129 1263/727/129 1264/672/129
f 1253/674/129 1264/672/129 1245/728/129
f 1253/729/149 1245/715/135 1249/715/135
f 1249/715/135 1265/729/149 1253/729/149
f 1245/685/185 1264/686/185 1266/683/185
f 1266/683/185 1249/684/185 1245/685/185
f 1264/685/151 1263/686/151 1267/683/151
f 1267/683/151 1266/684/151 1264/685/151
f 1263/685/152 1262/686/152 1268/683/152
f 1268/683/152 1267/684/152 1263/685/152
f 1262/685/153 1261/707/153 1269/683/153
f 1269/683/153 1268/706/153 1262/685/153
f 1261/685/154 1260/686/154 1270/683/154
f 1270/683/154 1269/684/154 1261/685/154
f 1260/685/155 1259/686/155 1271/683/155
f 1271/683/155 1270/684/155 1260/685/155
f 1259/685/156 1258/707/156 1272/683/156
f 1272/683/156 1271/706/156 1259/685/156
f 1258/685/157 1257/686/157 1273/683/157
f 1273/683/157 1272/684/157 1258/685/157
f 1257/685/158 1256/686/158 1274/683/158
f 1274/683/158 1273/684/158 1257/685/158
f 1256/685/160 1255/707/160 1275/683/160
f 1275/683/160 1274/706/160 1256/685/160
f 1255/685/161 1254/686/161 1276/683/161
f 1276/683/161 1275/684/161 1255/685/161
f 1254/685/162 1214/707/162 1216/683/162
f 1216/683/162 1276/706/162 1254/685/162
f 1214/682/149 1253/729/149 1265/729/149
f 1265/729/149 1216/682/149 1214/682/149
f 1265/678/133 1249/679/133 1266/676/133
f 1265/678/133 1266/676/133 1267/730/133
f 1265/678/133 1267/730/133 1268/731/133
f 1265/678/133 1268/731/133 1269/732/133
f 1265/678/133 1269/732/133 1270/733/133
f 1265/678/133 1270/733/133 1271/734/133
f 1265/678/133 1271/734/133 1272/735/133
f 1265/678/133 1272/735/133 1273/736/133
f 1265/678/133 1273/736/133 1274/737/133
f 1265/678/133 1274/737/133 1275/738/133
f 1265/678/133 1275/738/133 1276/739/133
f 1265/678/133 1276/739/133 1216/740/133
f 1277/741/186 1278/742/187 1279/743/188
f 1278/742/187 1280/744/189 1279/743/188
f 1278/742/187 1281/745/190 1280/744/189
f 1281/745/190 1282/746/191 1280/744/189
f 1281/745/190 1283/747/192 1282/746/191
f 1283/747/192 1284/748/193 1282/746/191
f 1283/749/908 1285/750/909 1284/751/910
f 1285/750/909 1286/752/911 1284/751/910
f 1285/749/198 1287/750/199 1286/751/200
f 1287/750/199 1288/752/912 1286/751/200
f 1287/749/913 1289/750/203 1288/751/204
f 1289/750/203 1290/752/205 1288/751/204
f 1289/749/206 1291/750/207 1290/751/208
f 1291/750/207 1292/752/914 1290/751/208
f 1291/749/132 1277/750/132 1292/751/132
f 1277/750/132 1279/752/132 1292/751/132
f 1293/753/210 1294/754/211 1277/741/186
f 1294/754/211 1278/742/187 1277/741/186
f 1294/754/211 1295/755/212 1278/742/187
f 1295/755/212 1281/745/190 1278/742/187
f 1295/755/212 1296/756/213 1281/745/190
f 1296/756/213 1283/747/192 1281/745/190
f 1296/749/915 1297/750/916 1283/751/917
f 1297/750/916 1285/752/918 1283/751/917
f 1297/749/218 1298/750/219 1285/751/220
f 1298/750/219 1287/752/221 1285/751/220
f 1298/749/222 1299/750/223 1287/751/224
f 1299/750/223 1289/752/225 1287/751/224
f 1299/749/226 1300/750/573 1289/751/228
f 1300/750/573 1291/752/229 1289/751/228
f 1300/749/132 1293/750/132 1291/751/132
f 1293/750/132 1277/752/132 1291/751/132
f 1301/757/919 1302/758/231 1293/753/210
f 1302/758/231 1294/754/211 1293/753/210
f 1302/758/231 1303/759/232 1294/754/211
f 1303/759/232 1295/755/212 1294/754/211
f 1303/759/232 1304/760/920 1295/755/212
f 1304/760/920 1296/756/213 1295/755/212
f 1304/749/921 1305/750/922 1296/751/923
f 1305/750/922 1297/752/924 1296/751/923
f 1305/749/238 1306/750/239 1297/751/925
f 1306/750/239 1298/752/241 1297/751/925
f 1306/749/242 1307/750/243 1298/751/244
f 1307/750/243 1299/752/926 1298/751/244
f 1307/749/243 1308/750/246 1299/751/926
f 1308/750/246 1300/752/247 1299/751/926
f 1308/749/132 1301/750/132 1300/751/132
f 1301/750/132 1293/752/132 1300/751/132
f 1309/761/248 1310/762/249 1301/757/919
f 1310/762/249 1302/758/231 1301/757/919
f 1310/762/249 1311/763/250 1302/758/231
f 1311/763/250 1303/759/232 1302/758/231
f 1311/763/250 1312/764/251 1303/759/232
f 1312/764/251 1304/760/920 1303/759/232
f 1312/749/927 1313/750/928 1304/751/929
f 1313/750/928 1305/752/930 1304/751/929
f 1313/749/256 1314/750/257 1305/751/258
f 1314/750/257 1306/752/259 1305/751/258
f 1314/749/260 1315/750/931 1306/751/262
f 1315/750/931 1307/752/932 1306/751/262
f 1315/749/931 1316/750/264 1307/751/932
f 1316/750/264 1308/752/265 1307/751/932
f 1316/749/132 1309/750/132 1308/751/132
f 1309/750/132 1301/752/132 1308/751/132
f 1317/765/933 1318/766/267 1309/761/248
f 1318/766/267 1310/762/249 1309/761/248
f 1318/766/267 1319/704/583 1310/762/249
f 1319/704/583 1311/763/250 1310/762/249
f 1319/704/583 1320/705/269 1311/763/250
f 1320/705/269 1312/764/251 1311/763/250
f 1320/749/130 1321/750/130 1312/751/934
f 1321/750/130 1313/752/934 1312/751/934
f 1321/749/270 1322/750/935 1313/751/272
f 1322/750/935 1314/752/273 1313/751/272
f 1322/749/274 1323/750/275 1314/751/585
f 1323/750/275 1315/752/277 1314/751/585
f 1323/749/275 1324/750/586 1315/751/277
f 1324/750/586 1316/752/279 1315/751/277
f 1324/749/132 1317/750/132 1316/751/132
f 1317/750/132 1309/752/132 1316/751/132
f 1325/767/280 1326/768/936 1317/765/933
f 1326/768/936 1318/766/267 1317/765/933
f 1326/768/936 1327/702/282 1318/766/267
f 1327/702/282 1319/704/583 1318/766/267
f 1327/702/282 1328/703/588 1319/704/583
f 1328/703/588 1320/705/269 1319/704/583
f 1328/749/130 1329/750/130 1320/751/130
f 1329/750/130 1321/752/130 1320/751/130
f 1329/749/284 1330/750/937 1321/751/286
f 1330/750/937 1322/752/287 1321/751/286
f 1330/749/288 1331/750/938 1322/751/290
f 1331/750/938 1323/752/939 1322/751/290
f 1331/749/938 1332/750/591 1323/751/939
f 1332/750/591 1324/752/592 1323/751/939
f 1332/749/132 1325/750/132 1324/751/132
f 1325/750/132 1317/752/132 1324/751/132
f 1333/769/940 1334/770/295 1325/767/280
f 1334/770/295 1326/768/936 1325/767/280
f 1334/770/295 1335/771/296 1326/768/936
f 1335/771/296 1327/702/282 1326/768/936
f 1335/771/296 1336/772/297 1327/702/282
f 1336/772/297 1328/703/588 1327/702/282
f 1336/749/130 1337/750/130 1328/751/130
f 1337/750/130 1329/752/130 1328/751/130
f 1337/749/941 1338/750/299 1329/751/300
f 1338/750/299 1330/752/301 1329/751/300
f 1338/749/302 1339/750/942 1330/751/304
f 1339/750/942 1331/752/305 1330/751/304
f 1339/749/306 1340/750/943 1331/751/944
f 1340/750/943 1332/752/945 1331/751/944
f 1340/749/132 1333/750/132 1332/751/132
f 1333/750/132 1325/752/132 1332/751/132
f 1341/773/310 1342/774/311 1333/769/940
f 1342/774/311 1334/770/295 1333/769/940
f 1342/774/311 1343/775/312 1334/770/295
f 1343/775/312 1335/771/296 1334/770/295
f 1343/775/312 1344/776/946 1335/771/296
f 1344/776/946 1336/772/297 1335/771/296
f 1344/749/130 1345/750/130 1336/751/130
f 1345/750/130 1337/752/130 1336/751/130
f 1345/749/947 1346/750/315 1337/751/595
f 1346/750/315 1338/752/317 1337/751/595
f 1346/749/318 1347/750/948 1338/751/320
f 1347/750/948 1339/752/949 1338/751/320
f 1347/749/948 1348/750/950 1339/751/949
f 1348/750/950 1340/752/323 1339/751/949
f 1348/749/132 1341/750/132 1340/751/132
f 1341/750/132 1333/752/132 1340/751/132
f 1349/777/324 1350/778/325 1341/773/310
f 1350/778/325 1342/774/311 1341/773/310
f 1350/778/325 1351/779/326 1342/774/311
f 1351/779/326 1343/775/312 1342/774/311
f 1351/779/326 1352/780/327 1343/775/312
f 1352/780/327 1344/776/946 1343/775/312
f 1352/749/130 1353/750/130 1344/751/130
f 1353/750/130 1345/752/130 1344/751/130
f 1353/749/598 1354/750/329 1345/751/599
f 1354/750/329 1346/752/951 1345/751/599
f 1354/749/329 1355/750/952 1346/751/951
f 1355/750/952 1347/752/953 1346/751/951
f 1355/749/952 1356/750/954 1347/751/953
f 1356/750/954 1348/752/335 1347/751/953
f 1356/749/132 1349/750/132 1348/751/132
f 1349/750/132 1341/752/132 1348/751/132
f 1357/749/132 1358/750/132 1356/751/132
f 1358/750/132 1349/752/132 1356/751/132
f 1279/752/336 1280/751/336 1359/750/955
f 1280/752/956 1282/751/956 1359/750/957
f 1282/752/958 1284/751/958 1359/750/955
f 1284/752/959 1286/751/960 1359/750/961
f 1286/752/962 1288/751/963 1359/750/964
f 1288/752/965 1290/751/965 1359/750/966
f 1290/752/348 1292/751/348 1359/750/967
f 1292/752/614 1279/751/614 1359/750/968
f 1360/742/351 1361/741/352 1362/743/353
f 1363/744/354 1360/742/351 1362/743/353
f 1364/745/355 1360/742/351 1363/744/354
f 1365/746/356 1364/745/355 1363/744/354
f 1366/747/357 1364/745/355 1365/746/356
f 1367/748/358 1366/747/357 1365/746/356
f 1368/750/969 1366/749/970 1367/751/971
f 1369/752/972 1368/750/969 1367/751/971
f 1370/750/363 1368/749/364 1369/751/365
f 1371/752/973 1370/750/363 1369/751/365
f 1372/750/367 1370/749/974 1371/751/369
f 1373/752/370 1372/750/367 1371/751/369
f 1374/750/371 1372/749/372 1373/751/373
f 1375/752/975 1374/750/371 1373/751/373
f 1361/750/132 1374/749/132 1375/751/132
f 1362/752/132 1361/750/132 1375/751/132
f 1376/754/375 1377/753/623 1361/741/352
f 1360/742/351 1376/754/375 1361/741/352
f 1378/755/377 1376/754/375 1360/742/351
f 1364/745/355 1378/755/377 1360/742/351
f 1379/756/378 1378/755/377 1364/745/355
f 1366/747/357 1379/756/378 1364/745/355
f 1380/750/976 1379/749/977 1366/751/978
f 1368/752/979 1380/750/976 1366/751/978
f 1381/750/980 1380/749/384 1368/751/981
f 1370/752/386 1381/750/980 1368/751/981
f 1382/750/387 1381/749/388 1370/751/389
f 1372/752/390 1382/750/387 1370/751/389
f 1383/750/391 1382/749/392 1372/751/628
f 1374/752/394 1383/750/391 1372/751/628
f 1377/750/132 1383/749/132 1374/751/132
f 1361/752/132 1377/750/132 1374/751/132
f 1384/758/395 1385/757/396 1377/753/623
f 1376/754/375 1384/758/395 1377/753/623
f 1386/759/397 1384/758/395 1376/754/375
f 1378/755/377 1386/759/397 1376/754/375
f 1387/760/629 1386/759/397 1378/755/377
f 1379/756/378 1387/760/629 1378/755/377
f 1388/750/982 1387/749/983 1379/751/984
f 1380/752/985 1388/750/982 1379/751/984
f 1389/750/403 1388/749/404 1380/751/986
f 1381/752/987 1389/750/403 1380/751/986
f 1390/750/988 1389/749/408 1381/751/989
f 1382/752/410 1390/750/988 1381/751/989
f 1391/750/990 1390/749/988 1382/751/410
f 1383/752/991 1391/750/990 1382/751/410
f 1385/750/132 1391/749/132 1383/751/132
f 1377/752/132 1385/750/132 1383/751/132
f 1392/762/413 1393/761/414 1385/757/396
f 1384/758/395 1392/762/413 1385/757/396
f 1394/763/415 1392/762/413 1384/758/395
f 1386/759/397 1394/763/415 1384/758/395
f 1395/764/416 1394/763/415 1386/759/397
f 1387/760/629 1395/764/416 1386/759/397
f 1396/750/992 1395/749/993 1387/751/994
f 1388/752/995 1396/750/992 1387/751/994
f 1397/750/996 1396/749/422 1388/751/423
f 1389/752/997 1397/750/996 1388/751/423
f 1398/750/998 1397/749/426 1389/751/427
f 1390/752/999 1398/750/998 1389/751/427
f 1399/750/429 1398/749/998 1390/751/999
f 1391/752/430 1399/750/429 1390/751/999
f 1393/750/132 1399/749/132 1391/751/132
f 1385/752/132 1393/750/132 1391/751/132
f 1400/766/431 1401/765/640 1393/761/414
f 1392/762/413 1400/766/431 1393/761/414
f 1402/704/641 1400/766/431 1392/762/413
f 1394/763/415 1402/704/641 1392/762/413
f 1403/705/434 1402/704/641 1394/763/415
f 1395/764/416 1403/705/434 1394/763/415
f 1404/750/130 1403/749/130 1395/751/1000
f 1396/752/1001 1404/750/130 1395/751/1000
f 1405/750/1002 1404/749/436 1396/751/437
f 1397/752/438 1405/750/1002 1396/751/437
f 1406/750/642 1405/749/440 1397/751/441
f 1398/752/1003 1406/750/642 1397/751/441
f 1407/750/644 1406/749/642 1398/751/1003
f 1399/752/645 1407/750/644 1398/751/1003
f 1401/750/132 1407/749/132 1399/751/132
f 1393/752/132 1401/750/132 1399/751/132
f 1408/768/1004 1409/767/446 1401/765/640
f 1400/766/431 1408/768/1004 1401/765/640
f 1410/702/447 1408/768/1004 1400/766/431
f 1402/704/641 1410/702/447 1400/766/431
f 1411/703/1005 1410/702/447 1402/704/641
f 1403/705/434 1411/703/1005 1402/704/641
f 1412/750/130 1411/749/130 1403/751/130
f 1404/752/130 1412/750/130 1403/751/130
f 1413/750/449 1412/749/450 1404/751/451
f 1405/752/452 1413/750/449 1404/751/451
f 1414/750/453 1413/749/454 1405/751/455
f 1406/752/647 1414/750/453 1405/751/455
f 1415/750/648 1414/749/453 1406/751/647
f 1407/752/649 1415/750/648 1406/751/647
f 1409/750/132 1415/749/132 1407/751/132
f 1401/752/132 1409/750/132 1407/751/132
f 1416/770/459 1417/769/1006 1409/767/446
f 1408/768/1004 1416/770/459 1409/767/446
f 1418/771/461 1416/770/459 1408/768/1004
f 1410/702/447 1418/771/461 1408/768/1004
f 1419/772/462 1418/771/461 1410/702/447
f 1411/703/1005 1419/772/462 1410/702/447
f 1420/750/130 1419/749/130 1411/751/130
f 1412/752/130 1420/750/130 1411/751/130
f 1421/750/463 1420/749/464 1412/751/465
f 1413/752/466 1421/750/463 1412/751/465
f 1422/750/467 1421/749/468 1413/751/469
f 1414/752/470 1422/750/467 1413/751/469
f 1423/750/1007 1422/749/472 1414/751/1008
f 1415/752/1009 1423/750/1007 1414/751/1008
f 1417/750/132 1423/749/132 1415/751/132
f 1409/752/132 1417/750/132 1415/751/132
f 1424/774/475 1358/773/1010 1417/769/1006
f 1416/770/459 1424/774/475 1417/769/1006
f 1425/775/477 1424/774/475 1416/770/459
f 1418/771/461 1425/775/477 1416/770/459
f 1426/776/1011 1425/775/477 1418/771/461
f 1419/772/462 1426/776/1011 1418/771/461
f 1427/750/130 1426/749/130 1419/751/130
f 1420/752/130 1427/750/130 1419/751/130
f 1428/750/479 1427/749/652 1420/751/653
f 1421/752/482 1428/750/479 1420/751/653
f 1429/750/1012 1428/749/484 1421/751/485
f 1422/752/486 1429/750/1012 1421/751/485
f 1357/750/1013 1429/749/1012 1422/751/486
f 1423/752/488 1357/750/1013 1422/751/486
f 1358/750/132 1357/749/132 1423/751/132
f 1417/752/132 1358/750/132 1423/751/132
f 1430/778/489 1349/777/490 1358/773/1014
f 1424/774/475 1430/778/492 1358/773/1010
f 1431/779/656 1430/778/492 1424/774/475
f 1425/775/477 1431/779/656 1424/774/475
f 1352/780/494 1431/779/656 1425/775/477
f 1426/776/1011 1352/780/494 1425/775/477
f 1353/750/130 1352/749/130 1426/751/130
f 1427/752/130 1353/750/130 1426/751/130
f 1432/750/1015 1353/749/659 1427/751/660
f 1428/752/661 1432/750/1015 1427/751/660
f 1433/750/1016 1432/749/1015 1428/751/661
f 1429/752/1017 1433/750/1016 1428/751/661
f 1356/750/1018 1433/749/1016 1429/751/1017
f 1357/752/502 1356/750/1018 1429/751/1017
f 1349/750/132 1356/749/132 1357/751/132
f 1358/752/132 1349/750/132 1357/751/132
f 1341/750/132 1348/749/132 1356/751/132
f 1349/752/132 1341/750/132 1356/751/132
f 1363/751/503 1362/752/503 1434/750/1019
f 1365/751/1020 1363/752/1020 1434/750/1021
f 1367/751/1022 1365/752/1022 1434/750/1019
f 1369/751/1023 1367/752/1023 1434/750/1024
f 1371/751/1025 1369/752/1025 1434/750/1026
f 1373/751/1027 1371/752/1028 1434/750/1029
f 1375/751/516 1373/752/516 1434/750/1029
f 1362/751/1030 1375/752/1030 1434/750/1031
f 1435/781/130 1436/782/130 1437/783/130
f 1438/784/130 1435/781/130 1437/783/130
f 1439/785/130 1438/784/130 1437/783/130
f 1440/786/130 1439/785/130 1437/783/130
f 1441/787/130 1440/786/130 1437/783/130
f 1442/788/130 1441/787/130 1437/783/130
f 1443/789/130 1442/788/130 1437/783/130
f 1444/790/130 1443/789/130 1437/783/130
f 1445/791/130 1444/790/130 1437/783/130
f 1446/792/130 1445/791/130 1437/783/130
f 1447/793/130 1446/792/130 1437/783/130
f 1448/794/130 1447/793/130 1437/783/130
f 1449/795/130 1448/794/130 1437/783/130
f 1450/796/130 1449/795/130 1437/783/130
f 1451/797/130 1450/796/130 1437/783/130
f 1452/798/130 1451/797/130 1437/783/130
f 1453/799/130 1452/798/130 1437/783/130
f 1454/800/130 1453/799/130 1437/783/130
f 1455/801/130 1454/800/130 1437/783/130
f 1456/802/130 1455/801/130 1437/783/130
f 1457/803/130 1456/802/130 1437/783/130
f 1458/804/130 1457/803/130 1437/783/130
f 1459/805/130 1458/804/130 1437/783/130
f 1460/806/130 1459/805/130 1437/783/130
f 1461/807/130 1460/806/130 1437/783/130
f 1462/808/130 1461/807/130 1437/783/130
f 1463/809/130 1462/808/130 1437/783/130
f 1464/810/130 1463/809/130 1437/783/130
f 1465/811/130 1464/810/130 1437/783/130
f 1436/782/130 1465/811/130 1437/783/130
f 1466/812/519 1467/813/131 1436/813/131
f 1435/812/519 1466/812/519 1436/813/131
f 1468/814/520 1466/812/519 1435/812/519
f 1438/814/520 1468/814/520 1435/812/519
f 1469/815/521 1468/814/520 1438/814/520
f 1439/815/521 1469/815/521 1438/814/520
f 1470/816/522 1469/815/521 1439/815/521
f 1440/816/522 1470/816/522 1439/815/521
f 1471/817/523 1470/816/522 1440/816/522
f 1441/817/523 1471/817/523 1440/816/522
f 1472/818/524 1471/817/523 1441/817/523
f 1442/818/524 1472/818/524 1441/817/523
f 1473/819/525 1472/818/524 1442/818/524
f 1443/819/525 1473/819/525 1442/818/524
f 1474/820/526 1473/819/525 1443/819/525
f 1444/820/526 1474/820/526 1443/819/525
f 1475/821/527 1474/820/526 1444/820/526
f 1445/821/527 1475/821/527 1444/820/526
f 1476/822/528 1475/821/527 1445/821/527
f 1446/822/528 1476/822/528 1445/821/527
f 1477/823/529 1476/822/528 1446/822/528
f 1447/823/529 1477/823/529 1446/822/528
f 1478/824/530 1477/823/529 1447/823/529
f 1448/824/530 1478/824/530 1447/823/529
f 1479/825/531 1478/824/530 1448/824/530
f 1449/825/531 1479/825/531 1448/824/530
f 1480/826/532 1479/825/531 1449/825/531
f 1450/826/532 1480/826/532 1449/825/531
f 1481/827/134 1480/826/532 1450/826/532
f 1451/827/134 1481/827/134 1450/826/532
f 1482/828/533 1481/827/134 1451/827/134
f 1452/828/533 1482/828/533 1451/827/134
f 1483/829/534 1482/828/533 1452/828/533
f 1453/829/534 1483/829/534 1452/828/533
f 1484/830/535 1483/829/534 1453/829/534
f 1454/830/535 1484/830/535 1453/829/534
f 1485/831/675 1484/830/535 1454/830/535
f 1455/831/675 1485/831/675 1454/830/535
f 1486/832/537 1485/831/675 1455/831/675
f 1456/832/537 1486/832/537 1455/831/675
f 1487/833/1032 1486/832/537 1456/832/537
f 1457/833/1032 1487/833/1032 1456/832/537
f 1488/834/539 1487/833/1032 1457/833/1032
f 1458/834/539 1488/834/539 1457/833/1032
f 1489/835/540 1488/834/539 1458/834/539
f 1459/835/540 1489/835/540 1458/834/539
f 1490/836/1033 1489/835/540 1459/835/540
f 1460/836/1033 1490/836/1033 1459/835/540
f 1491/837/542 1490/836/1033 1460/836/1033
f 1461/837/542 1491/837/542 1460/836/1033
f 1492/838/678 1491/837/542 1461/837/542
f 1462/838/678 1492/838/678 1461/837/542
f 1493/839/544 1492/838/678 1462/838/678
f 1463/839/544 1493/839/544 1462/838/678
f 1494/840/545 1493/839/544 1463/839/544
f 1464/840/545 1494/840/545 1463/839/544
f 1495/841/546 1494/840/545 1464/840/545
f 1465/841/546 1495/841/546 1464/840/545
f 1467/813/131 1495/841/546 1465/841/546
f 1436/813/131 1467/813/131 1465/841/546
f 1467/813/132 1466/812/132 1496/842/132
f 1466/812/132 1468/814/132 1496/842/132
f 1468/814/132 1469/815/132 1496/842/132
f 1469/815/132 1470/816/132 1496/842/132
f 1470/816/132 1471/817/132 1496/842/132
f 1471/817/132 1472/818/132 1496/842/132
f 1472/818/132 1473/819/132 1496/842/132
f 1473/819/132 1474/820/132 1496/842/132
f 1474/820/132 1475/821/132 1496/842/132
f 1475/821/132 1476/822/132 1496/842/132
f 1476/822/132 1477/823/132 1496/842/132
f 1477/823/132 1478/824/132 1496/842/132
f 1478/824/132 1479/825/132 1496/842/132
f 1479/825/132 1480/826/132 1496/842/132
f 1480/826/132 1481/827/132 1496/842/132
f 1481/827/132 1482/828/132 1496/842/132
f 1482/828/132 1483/829/132 1496/842/132
f 1483/829/132 1484/830/132 1496/842/132
f 1484/830/132 1485/831/132 1496/842/132
f 1485/831/132 1486/832/132 1496/842/132
f 1486/832/132 1487/833/132 1496/842/132
f 1487/833/132 1488/834/132 1496/842/132
f 1488/834/132 1489/835/132 1496/842/132
f 1489/835/132 1490/836/132 1496/842/132
f 1490/836/132 1491/837/132 1496/842/132
f 1491/837/132 1492/838/132 1496/842/132
f 1492/838/132 1493/839/132 1496/842/132
f 1493/839/132 1494/840/132 1496/842/132
f 1494/840/132 1495/841/132 1496/842/132
f 1495/841/132 1467/813/132 1496/842/132
f 1497/843/548 1498/844/548 1499/845/548
f 1500/846/548 1499/845/548 1498/844/548
f 1501/843/1034 1502/844/1035 1503/845/1034
f 1504/846/1035 1503/845/1034 1502/844/1035
f 1500/843/1036 1501/844/552 1499/845/1037
f 1503/846/1038 1499/845/1037 1501/844/552
f 1498/843/553 1502/844/553 1500/845/553
f 1501/846/553 1500/845/553 1502/844/553
f 1499/843/554 1503/844/554 1497/845/554
f 1504/846/554 1497/845/554 1503/844/554
f 1505/843/1039 1506/844/1039 1507/845/1039
f 1508/846/556 1507/845/556 1506/844/556
f 1509/843/1040 1510/844/557 1511/845/1040
f 1512/846/557 1511/845/1040 1510/844/557
f 1508/843/559 1509/844/1041 1507/845/559
f 1511/846/1042 1507/845/559 1509/844/1041
f 1506/843/561 1510/844/561 1508/845/561
f 1509/846/560 1508/845/560 1510/844/560
f 1507/843/562 1511/844/562 1505/845/562
f 1512/846/562 1505/845/562 1511/844/562
f 1513/741/186 1514/742/187 1515/743/188
f 1514/742/187 1516/744/189 1515/743/188
f 1514/742/187 1517/745/190 1516/744/189
f 1517/745/190 1518/746/563 1516/744/189
f 1517/745/190 1519/747/192 1518/746/563
f 1519/747/192 1520/748/193 1518/746/563
f 1519/749/1043 1521/750/1044 1520/751/1045
f 1521/750/1044 1522/752/1046 1520/751/1045
f 1521/749/198 1523/750/1047 1522/751/200
f 1523/750/1047 1524/752/201 1522/751/200
f 1523/749/1048 1525/750/203 1524/751/204
f 1525/750/203 1526/752/205 1524/751/204
f 1525/749/206 1527/750/207 1526/751/208
f 1527/750/207 1528/752/914 1526/751/208
f 1527/749/132 1513/750/132 1528/751/132
f 1513/750/132 1515/752/132 1528/751/132
f 1529/753/210 1530/754/211 1513/741/186
f 1530/754/211 1514/742/187 1513/741/186
f 1530/754/211 1531/755/212 1514/742/187
f 1531/755/212 1517/745/190 1514/742/187
f 1531/755/212 1532/756/1049 1517/745/190
f 1532/756/1049 1519/747/192 1517/745/190
f 1532/749/1050 1533/750/1051 1519/751/1052
f 1533/750/1051 1521/752/1053 1519/751/1052
f 1533/749/218 1534/750/219 1521/751/220
f 1534/750/219 1523/752/221 1521/751/220
f 1534/749/222 1535/750/223 1523/751/224
f 1535/750/223 1525/752/225 1523/751/224
f 1535/749/226 1536/750/573 1525/751/1054
f 1536/750/573 1527/752/229 1525/751/1054
f 1536/749/132 1529/750/132 1527/751/132
f 1529/750/132 1513/752/132 1527/751/132
f 1537/757/1055 1538/758/231 1529/753/210
f 1538/758/231 1530/754/211 1529/753/210
f 1538/758/231 1539/759/1056 1530/754/211
f 1539/759/1056 1531/755/212 1530/754/211
f 1539/759/1056 1540/760/920 1531/755/212
f 1540/760/920 1532/756/1049 1531/755/212
f 1540/749/1057 1541/750/1058 1532/751/1059
f 1541/750/1058 1533/752/1060 1532/751/1059
f 1541/749/238 1542/750/239 1533/751/240
f 1542/750/239 1534/752/241 1533/751/240
f 1542/749/242 1543/750/243 1534/751/244
f 1543/750/243 1535/752/245 1534/751/244
f 1543/749/243 1544/750/246 1535/751/245
f 1544/750/246 1536/752/247 1535/751/245
f 1544/749/132 1537/750/132 1536/751/132
f 1537/750/132 1529/752/132 1536/751/132
f 1545/761/248 1546/762/249 1537/757/1055
f 1546/762/249 1538/758/231 1537/757/1055
f 1546/762/249 1547/763/250 1538/758/231
f 1547/763/250 1539/759/1056 1538/758/231
f 1547/763/250 1548/764/251 1539/759/1056
f 1548/764/251 1540/760/920 1539/759/1056
f 1548/749/1061 1549/750/1062 1540/751/1063
f 1549/750/1062 1541/752/1064 1540/751/1063
f 1549/749/256 1550/750/257 1541/751/258
f 1550/750/257 1542/752/259 1541/751/258
f 1550/749/260 1551/750/931 1542/751/262
f 1551/750/931 1543/752/1065 1542/751/262
f 1551/749/931 1552/750/264 1543/751/1065
f 1552/750/264 1544/752/265 1543/751/1065
f 1552/749/132 1545/750/132 1544/751/132
f 1545/750/132 1537/752/132 1544/751/132
f 1553/765/266 1554/766/267 1545/761/248
f 1554/766/267 1546/762/249 1545/761/248
f 1554/766/267 1555/704/583 1546/762/249
f 1555/704/583 1547/763/250 1546/762/249
f 1555/704/583 1556/705/269 1547/763/250
f 1556/705/269 1548/764/251 1547/763/250
f 1556/749/130 1557/750/130 1548/751/934
f 1557/750/130 1549/752/934 1548/751/934
f 1557/749/270 1558/750/935 1549/751/272
f 1558/750/935 1550/752/1066 1549/751/272
f 1558/749/274 1559/750/275 1550/751/276
f 1559/750/275 1551/752/1067 1550/751/276
f 1559/749/275 1560/750/278 1551/751/1067
f 1560/750/278 1552/752/279 1551/751/1067
f 1560/749/132 1553/750/132 1552/751/132
f 1553/750/132 1545/752/132 1552/751/132
f 1561/767/280 1562/768/281 1553/765/266
f 1562/768/281 1554/766/267 1553/765/266
f 1562/768/281 1563/702/282 1554/766/267
f 1563/702/282 1555/704/583 1554/766/267
f 1563/702/282 1564/703/588 1555/704/583
f 1564/703/588 1556/705/269 1555/704/583
f 1564/749/130 1565/750/130 1556/751/130
f 1565/750/130 1557/752/130 1556/751/130
f 1565/749/284 1566/750/285 1557/751/286
f 1566/750/285 1558/752/287 1557/751/286
f 1566/749/288 1567/750/1068 1558/751/290
f 1567/750/1068 1559/752/1069 1558/751/290
f 1567/749/1068 1568/750/292 1559/751/1069
f 1568/750/292 1560/752/592 1559/751/1069
f 1568/749/132 1561/750/132 1560/751/132
f 1561/750/132 1553/752/132 1560/751/132
f 1569/769/294 1570/770/295 1561/767/280
f 1570/770/295 1562/768/281 1561/767/280
f 1570/770/295 1571/771/296 1562/768/281
f 1571/771/296 1563/702/282 1562/768/281
f 1571/771/296 1572/772/593 1563/702/282
f 1572/772/593 1564/703/588 1563/702/282
f 1572/749/130 1573/750/130 1564/751/130
f 1573/750/130 1565/752/130 1564/751/130
f 1573/749/1070 1574/750/299 1565/751/300
f 1574/750/299 1566/752/301 1565/751/300
f 1574/749/302 1575/750/942 1566/751/304
f 1575/750/942 1567/752/305 1566/751/304
f 1575/749/306 1576/750/943 1567/751/944
f 1576/750/943 1568/752/945 1567/751/944
f 1576/749/132 1569/750/132 1568/751/132
f 1569/750/132 1561/752/132 1568/751/132
f 1577/773/310 1578/774/311 1569/769/294
f 1578/774/311 1570/770/295 1569/769/294
f 1578/774/311 1579/775/312 1570/770/295
f 1579/775/312 1571/771/296 1570/770/295
f 1579/775/312 1580/776/313 1571/771/296
f 1580/776/313 1572/772/593 1571/771/296
f 1580/749/130 1581/750/130 1572/751/130
f 1581/750/130 1573/752/130 1572/751/130
f 1581/749/314 1582/750/315 1573/751/595
f 1582/750/315 1574/752/317 1573/751/595
f 1582/749/318 1583/750/596 1574/751/320
f 1583/750/596 1575/752/1071 1574/751/320
f 1583/749/596 1584/750/322 1575/751/1071
f 1584/750/322 1576/752/323 1575/751/1071
f 1584/749/132 1577/750/132 1576/751/132
f 1577/750/132 1569/752/132 1576/751/132
f 1585/777/324 1586/778/325 1577/773/310
f 1586/778/325 1578/774/311 1577/773/310
f 1586/778/325 1587/779/1072 1578/774/311
f 1587/779/1072 1579/775/312 1578/774/311
f 1587/779/1072 1588/780/327 1579/775/312
f 1588/780/327 1580/776/313 1579/775/312
f 1588/749/130 1589/750/130 1580/751/130
f 1589/750/130 1581/752/130 1580/751/130
f 1589/749/328 1590/750/329 1581/751/330
f 1590/750/329 1582/752/331 1581/751/330
f 1590/749/329 1591/750/1073 1582/751/331
f 1591/750/1073 1583/752/1074 1582/751/331
f 1591/749/1073 1592/750/334 1583/751/1074
f 1592/750/334 1584/752/335 1583/751/1074
f 1592/749/132 1585/750/132 1584/751/132
f 1585/750/132 1577/752/132 1584/751/132
f 1593/749/132 1594/750/132 1592/751/132
f 1594/750/132 1585/752/132 1592/751/132
f 1515/752/336 1516/751/336 1595/750/1075
f 1516/752/1076 1518/751/1077 1595/750/1078
f 1518/752/1079 1520/751/1080 1595/750/1081
f 1520/752/1082 1522/751/1083 1595/750/1084
f 1522/752/1085 1524/751/1085 1595/750/1086
f 1524/752/1087 1526/751/1087 1595/750/1081
f 1526/752/348 1528/751/348 1595/750/1075
f 1528/752/1088 1515/751/1089 1595/750/1090
f 1596/742/351 1597/741/352 1598/743/353
f 1599/744/354 1596/742/351 1598/743/353
f 1600/745/355 1596/742/351 1599/744/354
f 1601/746/1091 1600/745/355 1599/744/354
f 1602/747/357 1600/745/355 1601/746/1091
f 1603/748/1092 1602/747/357 1601/746/1091
f 1604/750/1093 1602/749/1094 1603/751/1095
f 1605/752/1096 1604/750/1093 1603/751/1095
f 1606/750/363 1604/749/364 1605/751/365
f 1607/752/366 1606/750/363 1605/751/365
f 1608/750/367 1606/749/1097 1607/751/369
f 1609/752/370 1608/750/367 1607/751/369
f 1610/750/371 1608/749/372 1609/751/373
f 1611/752/975 1610/750/371 1609/751/373
f 1597/750/132 1610/749/132 1611/751/132
f 1598/752/132 1597/750/132 1611/751/132
f 1612/754/375 1613/753/623 1597/741/352
f 1596/742/351 1612/754/375 1597/741/352
f 1614/755/377 1612/754/375 1596/742/351
f 1600/745/355 1614/755/377 1596/742/351
f 1615/756/1098 1614/755/377 1600/745/355
f 1602/747/357 1615/756/1098 1600/745/355
f 1616/750/1099 1615/749/1100 1602/751/1101
f 1604/752/1102 1616/750/1099 1602/751/1101
f 1617/750/980 1616/749/384 1604/751/981
f 1606/752/386 1617/750/980 1604/751/981
f 1618/750/387 1617/749/388 1606/751/389
f 1608/752/390 1618/750/387 1606/751/389
f 1619/750/391 1618/749/392 1608/751/628
f 1610/752/394 1619/750/391 1608/751/628
f 1613/750/132 1619/749/132 1610/751/132
f 1597/752/132 1613/750/132 1610/751/132
f 1620/758/395 1621/757/396 1613/753/623
f 1612/754/375 1620/758/395 1613/753/623
f 1622/759/397 1620/758/395 1612/754/375
f 1614/755/377 1622/759/397 1612/754/375
f 1623/760/629 1622/759/397 1614/755/377
f 1615/756/1098 1623/760/629 1614/755/377
f 1624/750/1103 1623/749/1104 1615/751/1105
f 1616/752/1106 1624/750/1103 1615/751/1105
f 1625/750/403 1624/749/404 1616/751/986
f 1617/752/987 1625/750/403 1616/751/986
f 1626/750/407 1625/749/408 1617/751/989
f 1618/752/1107 1626/750/407 1617/751/989
f 1627/750/990 1626/749/407 1618/751/1107
f 1619/752/991 1627/750/990 1618/751/1107
f 1621/750/132 1627/749/132 1619/751/132
f 1613/752/132 1621/750/132 1619/751/132
f 1628/762/413 1629/761/414 1621/757/396
f 1620/758/395 1628/762/413 1621/757/396
f 1630/763/415 1628/762/413 1620/758/395
f 1622/759/397 1630/763/415 1620/758/395
f 1631/764/416 1630/763/415 1622/759/397
f 1623/760/629 1631/764/416 1622/759/397
f 1632/750/1108 1631/749/1109 1623/751/1110
f 1624/752/1111 1632/750/1108 1623/751/1110
f 1633/750/996 1632/749/422 1624/751/423
f 1625/752/997 1633/750/996 1624/751/423
f 1634/750/1112 1633/749/426 1625/751/427
f 1626/752/999 1634/750/1112 1625/751/427
f 1635/750/429 1634/749/1112 1626/751/999
f 1627/752/430 1635/750/429 1626/751/999
f 1629/750/132 1635/749/132 1627/751/132
f 1621/752/132 1629/750/132 1627/751/132
f 1636/766/431 1637/765/1113 1629/761/414
f 1628/762/413 1636/766/431 1629/761/414
f 1638/704/641 1636/766/431 1628/762/413
f 1630/763/415 1638/704/641 1628/762/413
f 1639/705/434 1638/704/641 1630/763/415
f 1631/764/416 1639/705/434 1630/763/415
f 1640/750/130 1639/749/130 1631/751/1000
f 1632/752/1001 1640/750/130 1631/751/1000
f 1641/750/1002 1640/749/436 1632/751/437
f 1633/752/438 1641/750/1002 1632/751/437
f 1642/750/642 1641/749/440 1633/751/441
f 1634/752/1114 1642/750/642 1633/751/441
f 1643/750/443 1642/749/642 1634/751/1114
f 1635/752/645 1643/750/443 1634/751/1114
f 1637/750/132 1643/749/132 1635/751/132
f 1629/752/132 1637/750/132 1635/751/132
f 1644/768/445 1645/767/446 1637/765/1113
f 1636/766/431 1644/768/445 1637/765/1113
f 1646/702/447 1644/768/445 1636/766/431
f 1638/704/641 1646/702/447 1636/766/431
f 1647/703/1005 1646/702/447 1638/704/641
f 1639/705/434 1647/703/1005 1638/704/641
f 1648/750/130 1647/749/130 1639/751/130
f 1640/752/130 1648/750/130 1639/751/130
f 1649/750/449 1648/749/450 1640/751/451
f 1641/752/452 1649/750/449 1640/751/451
f 1650/750/453 1649/749/454 1641/751/455
f 1642/752/647 1650/750/453 1641/751/455
f 1651/750/648 1650/749/453 1642/751/647
f 1643/752/649 1651/750/648 1642/751/647
f 1645/750/132 1651/749/132 1643/751/132
f 1637/752/132 1645/750/132 1643/751/132
f 1652/770/459 1653/769/460 1645/767/446
f 1644/768/445 1652/770/459 1645/767/446
f 1654/771/461 1652/770/459 1644/768/445
f 1646/702/447 1654/771/461 1644/768/445
f 1655/772/650 1654/771/461 1646/702/447
f 1647/703/1005 1655/772/650 1646/702/447
f 1656/750/130 1655/749/130 1647/751/130
f 1648/752/130 1656/750/130 1647/751/130
f 1657/750/463 1656/749/1115 1648/751/465
f 1649/752/1116 1657/750/463 1648/751/465
f 1658/750/467 1657/749/468 1649/751/469
f 1650/752/470 1658/750/467 1649/751/469
f 1659/750/1007 1658/749/472 1650/751/1008
f 1651/752/1009 1659/750/1007 1650/751/1008
f 1653/750/132 1659/749/132 1651/751/132
f 1645/752/132 1653/750/132 1651/751/132
f 1660/774/475 1594/773/1010 1653/769/460
f 1652/770/459 1660/774/475 1653/769/460
f 1661/775/477 1660/774/475 1652/770/459
f 1654/771/461 1661/775/477 1652/770/459
f 1662/776/478 1661/775/477 1654/771/461
f 1655/772/650 1662/776/478 1654/771/461
f 1663/750/130 1662/749/130 1655/751/130
f 1656/752/130 1663/750/130 1655/751/130
f 1664/750/479 1663/749/480 1656/751/653
f 1657/752/482 1664/750/479 1656/751/653
f 1665/750/1117 1664/749/484 1657/751/485
f 1658/752/1118 1665/750/1117 1657/751/485
f 1593/750/487 1665/749/1117 1658/751/1118
f 1659/752/488 1593/750/487 1658/751/1118
f 1594/750/132 1593/749/132 1659/751/132
f 1653/752/132 1594/750/132 1659/751/132
f 1666/778/489 1585/777/490 1594/773/1014
f 1660/774/475 1666/778/492 1594/773/1010
f 1667/779/1119 1666/778/492 1660/774/475
f 1661/775/477 1667/779/1119 1660/774/475
f 1588/780/494 1667/779/1119 1661/775/477
f 1662/776/478 1588/780/494 1661/775/477
f 1589/750/130 1588/749/130 1662/751/130
f 1663/752/130 1589/750/130 1662/751/130
f 1668/750/658 1589/749/496 1663/751/497
f 1664/752/498 1668/750/658 1663/751/497
f 1669/750/1120 1668/749/658 1664/751/498
f 1665/752/1121 1669/750/1120 1664/751/498
f 1592/750/501 1669/749/1120 1665/751/1121
f 1593/752/502 1592/750/501 1665/751/1121
f 1585/750/132 1592/749/132 1593/751/132
f 1594/752/132 1585/750/132 1593/751/132
f 1577/750/132 1584/749/132 1592/751/132
f 1585/752/132 1577/750/132 1592/751/132
f 1599/751/503 1598/752/503 1670/750/1122
f 1601/751/1123 1599/752/1123 1670/750/1124
f 1603/751/1125 1601/752/1125 1670/750/1126
f 1605/751/1127 1603/752/1128 1670/750/1129
f 1607/751/1130 1605/752/1130 1670/750/1131
f 1609/751/1027 1607/752/1027 1670/750/1132
f 1611/751/516 1609/752/516 1670/750/1133
f 1598/751/1134 1611/752/1135 1670/750/1136
f 1671/781/130 1672/782/130 1673/783/130
f 1674/784/130 1671/781/130 1673/783/130
f 1675/785/130 1674/784/130 1673/783/130
f 1676/786/130 1675/785/130 1673/783/130
f 1677/787/130 1676/786/130 1673/783/130
f 1678/788/130 1677/787/130 1673/783/130
f 1679/789/130 1678/788/130 1673/783/130
f 1680/790/130 1679/789/130 1673/783/130
f 1681/791/130 1680/790/130 1673/783/130
f 1682/792/130 1681/791/130 1673/783/130
f 1683/793/130 1682/792/130 1673/783/130
f 1684/794/130 1683/793/130 1673/783/130
f 1685/795/130 1684/794/130 1673/783/130
f 1686/796/130 1685/795/130 1673/783/130
f 1687/797/130 1686/796/130 1673/783/130
f 1688/798/130 1687/797/130 1673/783/130
f 1689/799/130 1688/798/130 1673/783/130
f 1690/800/130 1689/799/130 1673/783/130
f 1691/801/130 1690/800/130 1673/783/130
f 1692/802/130 1691/801/130 1673/783/130
f 1693/803/130 1692/802/130 1673/783/130
f 1694/804/130 1693/803/130 1673/783/130
f 1695/805/130 1694/804/130 1673/783/130
f 1696/806/130 1695/805/130 1673/783/130
f 1697/807/130 1696/806/130 1673/783/130
f 1698/808/130 1697/807/130 1673/783/130
f 1699/809/130 1698/808/130 1673/783/130
f 1700/810/130 1699/809/130 1673/783/130
f 1701/811/130 1700/810/130 1673/783/130
f 1672/782/130 1701/811/130 1673/783/130
f 1702/812/519 1703/813/131 1672/813/131
f 1671/812/519 1702/812/519 1672/813/131
f 1704/814/520 1702/812/519 1671/812/519
f 1674/814/520 1704/814/520 1671/812/519
f 1705/815/521 1704/814/520 1674/814/520
f 1675/815/521 1705/815/521 1674/814/520
f 1706/816/834 1705/815/521 1675/815/521
f 1676/816/834 1706/816/834 1675/815/521
f 1707/817/523 1706/816/834 1676/816/834
f 1677/817/523 1707/817/523 1676/816/834
f 1708/818/524 1707/817/523 1677/817/523
f 1678/818/1137 1708/818/524 1677/817/523
f 1709/819/525 1708/818/524 1678/818/1137
f 1679/819/525 1709/819/525 1678/818/1137
f 1710/820/526 1709/819/525 1679/819/525
f 1680/820/526 1710/820/526 1679/819/525
f 1711/821/1138 1710/820/526 1680/820/526
f 1681/821/527 1711/821/1138 1680/820/526
f 1712/822/528 1711/821/1138 1681/821/527
f 1682/822/528 1712/822/528 1681/821/527
f 1713/823/835 1712/822/528 1682/822/528
f 1683/823/835 1713/823/835 1682/822/528
f 1714/824/530 1713/823/835 1683/823/835
f 1684/824/530 1714/824/530 1683/823/835
f 1715/825/531 1714/824/530 1684/824/530
f 1685/825/531 1715/825/531 1684/824/530
f 1716/826/532 1715/825/531 1685/825/531
f 1686/826/532 1716/826/532 1685/825/531
f 1717/827/134 1716/826/532 1686/826/532
f 1687/827/134 1717/827/134 1686/826/532
f 1718/828/533 1717/827/134 1687/827/134
f 1688/828/533 1718/828/533 1687/827/134
f 1719/829/534 1718/828/533 1688/828/533
f 1689/829/674 1719/829/534 1688/828/533
f 1720/830/535 1719/829/534 1689/829/674
f 1690/830/535 1720/830/535 1689/829/674
f 1721/831/675 1720/830/535 1690/830/535
f 1691/831/675 1721/831/675 1690/830/535
f 1722/832/537 1721/831/675 1691/831/675
f 1692/832/537 1722/832/537 1691/831/675
f 1723/833/538 1722/832/537 1692/832/537
f 1693/833/538 1723/833/538 1692/832/537
f 1724/834/539 1723/833/538 1693/833/538
f 1694/834/539 1724/834/539 1693/833/538
f 1725/835/540 1724/834/539 1694/834/539
f 1695/835/540 1725/835/540 1694/834/539
f 1726/836/541 1725/835/540 1695/835/540
f 1696/836/541 1726/836/541 1695/835/540
f 1727/837/542 1726/836/541 1696/836/541
f 1697/837/542 1727/837/542 1696/836/541
f 1728/838/678 1727/837/542 1697/837/542
f 1698/838/678 1728/838/678 1697/837/542
f 1729/839/544 1728/838/678 1698/838/678
f 1699/839/544 1729/839/544 1698/838/678
f 1730/840/679 1729/839/544 1699/839/544
f 1700/840/545 1730/840/679 1699/839/544
f 1731/841/546 1730/840/679 1700/840/545
f 1701/841/546 1731/841/546 1700/840/545
f 1703/813/131 1731/841/546 1701/841/546
f 1672/813/131 1703/813/131 1701/841/546
f 1703/813/132 1702/812/132 1732/842/132
f 1702/812/132 1704/814/132 1732/842/132
f 1704/814/132 1705/815/132 1732/842/132
f 1705/815/132 1706/816/132 1732/842/132
f 1706/816/132 1707/817/132 1732/842/132
f 1707/817/132 1708/818/132 1732/842/132
f 1708/818/132 1709/819/132 1732/842/132
f 1709/819/132 1710/820/132 1732/842/132
f 1710/820/132 1711/821/132 1732/842/132
f 1711/821/132 1712/822/132 1732/842/132
f 1712/822/132 1713/823/132 1732/842/132
f 1713/823/132 1714/824/132 1732/842/132
f 1714/824/132 1715/825/132 1732/842/132
f 1715/825/132 1716/826/132 1732/842/132
f 1716/826/132 1717/827/132 1732/842/132
f 1717/827/132 1718/828/132 1732/842/132
f 1718/828/132 1719/829/132 1732/842/132
f 1719/829/132 1720/830/132 1732/842/132
f 1720/830/132 1721/831/132 1732/842/132
f 1721/831/132 1722/832/132 1732/842/132
f 1722/832/132 1723/833/132 1732/842/132
f 1723/833/132 1724/834/132 1732/842/132
f 1724/834/132 1725/835/132 1732/842/132
f 1725/835/132 1726/836/132 1732/842/132
f 1726/836/132 1727/837/132 1732/842/132
f 1727/837/132 1728/838/132 1732/842/132
f 1728/838/132 1729/839/132 1732/842/132
f 1729/839/132 1730/840/132 1732/842/132
f 1730/840/132 1731/841/132 1732/842/132
f 1731/841/132 1703/813/132 1732/842/132
f 1733/843/680 1734/844/680 1735/845/680
f 1736/846/680 1735/845/680 1734/844/680
f 1737/843/684 1738/844/684 1739/845/684
f 1740/846/684 1739/845/684 1738/844/684
f 1736/843/686 1737/844/686 1735/845/686
f 1739/846/686 1735/845/686 1737/844/686
f 1734/843/561 1738/844/561 1736/845/561
f 1737/846/561 1736/845/561 1738/844/561
f 1735/843/562 1739/844/562 1733/845/562
f 1740/846/562 1733/845/562 1739/844/562
f 1741/843/689 1742/844/689 1743/845/689
f 1744/846/689 1743/845/689 1742/844/689
f 1745/843/693 1746/844/1139 1747/845/693
f 1748/846/1139 1747/845/693 1746/844/1139
f 1744/843/695 1745/844/1140 1743/845/1140
f 1747/846/1141 1743/845/1140 1745/844/1140
f 1742/843/553 1746/844/553 1744/845/553
f 1745/846/553 1744/845/553 1746/844/553
f 1743/843/554 1747/844/554 1741/845/554
f 1748/846/696 1741/845/696 1747/844/696
f 1749/741/186 1750/742/187 1751/743/188
f 1750/742/187 1752/744/189 1751/743/188
f 1750/742/187 1753/745/190 1752/744/189
f 1753/745/190 1754/746/191 1752/744/189
f 1753/745/190 1755/747/192 1754/746/191
f 1755/747/192 1756/748/1142 1754/746/191
f 1755/749/1143 1757/750/1144 1756/751/1145
f 1757/750/1144 1758/752/568 1756/751/1145
f 1757/749/198 1759/750/199 1758/751/200
f 1759/750/199 1760/752/912 1758/751/200
f 1759/749/1048 1761/750/203 1760/751/204
f 1761/750/203 1762/752/205 1760/751/204
f 1761/749/206 1763/750/207 1762/751/208
f 1763/750/207 1764/752/914 1762/751/208
f 1763/749/132 1749/750/132 1764/751/132
f 1749/750/132 1751/752/132 1764/751/132
f 1765/753/210 1766/754/211 1749/741/186
f 1766/754/211 1750/742/187 1749/741/186
f 1766/754/211 1767/755/212 1750/742/187
f 1767/755/212 1753/745/190 1750/742/187
f 1767/755/212 1768/756/213 1753/745/190
f 1768/756/213 1755/747/192 1753/745/190
f 1768/749/1146 1769/750/1147 1755/751/1148
f 1769/750/1147 1757/752/1149 1755/751/1148
f 1769/749/218 1770/750/219 1757/751/220
f 1770/750/219 1759/752/221 1757/751/220
f 1770/749/222 1771/750/223 1759/751/224
f 1771/750/223 1761/752/225 1759/751/224
f 1771/749/226 1772/750/573 1761/751/228
f 1772/750/573 1763/752/229 1761/751/228
f 1772/749/132 1765/750/132 1763/751/132
f 1765/750/132 1749/752/132 1763/751/132
f 1773/757/1055 1774/758/231 1765/753/210
f 1774/758/231 1766/754/211 1765/753/210
f 1774/758/231 1775/759/1056 1766/754/211
f 1775/759/1056 1767/755/212 1766/754/211
f 1775/759/1056 1776/760/920 1767/755/212
f 1776/760/920 1768/756/213 1767/755/212
f 1776/749/1150 1777/750/1151 1768/751/1152
f 1777/750/1151 1769/752/1153 1768/751/1152
f 1777/749/238 1778/750/239 1769/751/240
f 1778/750/239 1770/752/241 1769/751/240
f 1778/749/242 1779/750/1154 1770/751/244
f 1779/750/1154 1771/752/1155 1770/751/244
f 1779/749/1154 1780/750/246 1771/751/1155
f 1780/750/246 1772/752/247 1771/751/1155
f 1780/749/132 1773/750/132 1772/751/132
f 1773/750/132 1765/752/132 1772/751/132
f 1781/761/248 1782/762/249 1773/757/1055
f 1782/762/249 1774/758/231 1773/757/1055
f 1782/762/249 1783/763/250 1774/758/231
f 1783/763/250 1775/759/1056 1774/758/231
f 1783/763/250 1784/764/251 1775/759/1056
f 1784/764/251 1776/760/920 1775/759/1056
f 1784/749/1156 1785/750/1157 1776/751/1158
f 1785/750/1157 1777/752/1159 1776/751/1158
f 1785/749/256 1786/750/1160 1777/751/258
f 1786/750/1160 1778/752/259 1777/751/258
f 1786/749/260 1787/750/1161 1778/751/262
f 1787/750/1161 1779/752/932 1778/751/262
f 1787/749/1161 1788/750/264 1779/751/932
f 1788/750/264 1780/752/265 1779/751/932
f 1788/749/132 1781/750/132 1780/751/132
f 1781/750/132 1773/752/132 1780/751/132
f 1789/765/266 1790/766/267 1781/761/248
f 1790/766/267 1782/762/249 1781/761/248
f 1790/766/267 1791/704/583 1782/762/249
f 1791/704/583 1783/763/250 1782/762/249
f 1791/704/583 1792/705/269 1783/763/250
f 1792/705/269 1784/764/251 1783/763/250
f 1792/749/130 1793/750/130 1784/751/934
f 1793/750/130 1785/752/934 1784/751/934
f 1793/749/270 1794/750/935 1785/751/272
f 1794/750/935 1786/752/1066 1785/751/272
f 1794/749/274 1795/750/584 1786/751/276
f 1795/750/584 1787/752/1162 1786/751/276
f 1795/749/584 1796/750/586 1787/751/1162
f 1796/750/586 1788/752/279 1787/751/1162
f 1796/749/132 1789/750/132 1788/751/132
f 1789/750/132 1781/752/132 1788/751/132
f 1797/767/280 1798/768/281 1789/765/266
f 1798/768/281 1790/766/267 1789/765/266
f 1798/768/281 1799/702/282 1790/766/267
f 1799/702/282 1791/704/583 1790/766/267
f 1799/702/282 1800/703/588 1791/704/583
f 1800/703/588 1792/705/269 1791/704/583
f 1800/749/130 1801/750/130 1792/751/130
f 1801/750/130 1793/752/130 1792/751/130
f 1801/749/284 1802/750/937 1793/751/286
f 1802/750/937 1794/752/287 1793/751/286
f 1802/749/288 1803/750/938 1794/751/290
f 1803/750/938 1795/752/291 1794/751/290
f 1803/749/938 1804/750/591 1795/751/291
f 1804/750/591 1796/752/592 1795/751/291
f 1804/749/132 1797/750/132 1796/751/132
f 1797/750/132 1789/752/132 1796/751/132
f 1805/769/294 1806/770/295 1797/767/280
f 1806/770/295 1798/768/281 1797/767/280
f 1806/770/295 1807/771/296 1798/768/281
f 1807/771/296 1799/702/282 1798/768/281
f 1807/771/296 1808/772/593 1799/702/282
f 1808/772/593 1800/703/588 1799/702/282
f 1808/749/130 1809/750/130 1800/751/130
f 1809/750/130 1801/752/130 1800/751/130
f 1809/749/298 1810/750/299 1801/751/300
f 1810/750/299 1802/752/301 1801/751/300
f 1810/749/302 1811/750/942 1802/751/304
f 1811/750/942 1803/752/305 1802/751/304
f 1811/749/306 1812/750/943 1803/751/944
f 1812/750/943 1804/752/945 1803/751/944
f 1812/749/132 1805/750/132 1804/751/132
f 1805/750/132 1797/752/132 1804/751/132
f 1813/773/310 1814/774/311 1805/769/294
f 1814/774/311 1806/770/295 1805/769/294
f 1814/774/311 1815/775/312 1806/770/295
f 1815/775/312 1807/771/296 1806/770/295
f 1815/775/312 1816/776/1163 1807/771/296
f 1816/776/1163 1808/772/593 1807/771/296
f 1816/749/130 1817/750/130 1808/751/130
f 1817/750/130 1809/752/130 1808/751/130
f 1817/749/314 1818/750/594 1809/751/595
f 1818/750/594 1810/752/317 1809/751/595
f 1818/749/318 1819/750/596 1810/751/320
f 1819/750/596 1811/752/1164 1810/751/320
f 1819/749/596 1820/750/950 1811/751/1164
f 1820/750/950 1812/752/323 1811/751/1164
f 1820/749/132 1813/750/132 1812/751/132
f 1813/750/132 1805/752/132 1812/751/132
f 1821/777/324 1822/778/325 1813/773/310
f 1822/778/325 1814/774/311 1813/773/310
f 1822/778/325 1823/779/326 1814/774/311
f 1823/779/326 1815/775/312 1814/774/311
f 1823/779/326 1824/780/327 1815/775/312
f 1824/780/327 1816/776/1163 1815/775/312
f 1824/749/130 1825/750/130 1816/751/130
f 1825/750/130 1817/752/130 1816/751/130
f 1825/749/598 1826/750/329 1817/751/599
f 1826/750/329 1818/752/600 1817/751/599
f 1826/749/329 1827/750/1165 1818/751/600
f 1827/750/1165 1819/752/333 1818/751/600
f 1827/749/1165 1828/750/954 1819/751/333
f 1828/750/954 1820/752/335 1819/751/333
f 1828/749/132 1821/750/132 1820/751/132
f 1821/750/132 1813/752/132 1820/751/132
f 1829/749/132 1830/750/132 1828/751/132
f 1830/750/132 1821/752/132 1828/751/132
f 1751/752/336 1752/751/336 1831/750/341
f 1752/752/1166 1754/751/1167 1831/750/1168
f 1754/752/1169 1756/751/1169 1831/750/1170
f 1756/752/1171 1758/751/1171 1831/750/603
f 1758/752/1172 1760/751/1172 1831/750/613
f 1760/752/612 1762/751/1173 1831/750/341
f 1762/752/348 1764/751/348 1831/750/1174
f 1764/752/1175 1751/751/1176 1831/750/1177
f 1832/742/351 1833/741/352 1834/743/353
f 1835/744/354 1832/742/351 1834/743/353
f 1836/745/355 1832/742/351 1835/744/354
f 1837/746/1091 1836/745/355 1835/744/354
f 1838/747/357 1836/745/355 1837/746/1091
f 1839/748/1092 1838/747/357 1837/746/1091
f 1840/750/1178 1838/749/1179 1839/751/1180
f 1841/752/1181 1840/750/1178 1839/751/1180
f 1842/750/363 1840/749/364 1841/751/365
f 1843/752/973 1842/750/363 1841/751/365
f 1844/750/367 1842/749/1097 1843/751/369
f 1845/752/370 1844/750/367 1843/751/369
f 1846/750/371 1844/749/372 1845/751/373
f 1847/752/975 1846/750/371 1845/751/373
f 1833/750/132 1846/749/132 1847/751/132
f 1834/752/132 1833/750/132 1847/751/132
f 1848/754/375 1849/753/623 1833/741/352
f 1832/742/351 1848/754/375 1833/741/352
f 1850/755/377 1848/754/375 1832/742/351
f 1836/745/355 1850/755/377 1832/742/351
f 1851/756/378 1850/755/377 1836/745/355
f 1838/747/357 1851/756/378 1836/745/355
f 1852/750/1182 1851/749/380 1838/751/1183
f 1840/752/979 1852/750/1182 1838/751/1183
f 1853/750/980 1852/749/384 1840/751/981
f 1842/752/386 1853/750/980 1840/751/981
f 1854/750/387 1853/749/388 1842/751/389
f 1844/752/390 1854/750/387 1842/751/389
f 1855/750/391 1854/749/392 1844/751/393
f 1846/752/394 1855/750/391 1844/751/393
f 1849/750/132 1855/749/132 1846/751/132
f 1833/752/132 1849/750/132 1846/751/132
f 1856/758/395 1857/757/396 1849/753/623
f 1848/754/375 1856/758/395 1849/753/623
f 1858/759/397 1856/758/395 1848/754/375
f 1850/755/377 1858/759/397 1848/754/375
f 1859/760/398 1858/759/397 1850/755/377
f 1851/756/378 1859/760/398 1850/755/377
f 1860/750/1184 1859/749/1185 1851/751/1186
f 1852/752/1187 1860/750/1184 1851/751/1186
f 1861/750/403 1860/749/404 1852/751/986
f 1853/752/987 1861/750/403 1852/751/986
f 1862/750/1188 1861/749/408 1853/751/989
f 1854/752/1189 1862/750/1188 1853/751/989
f 1863/750/990 1862/749/1188 1854/751/1189
f 1855/752/991 1863/750/990 1854/751/1189
f 1857/750/132 1863/749/132 1855/751/132
f 1849/752/132 1857/750/132 1855/751/132
f 1864/762/413 1865/761/414 1857/757/396
f 1856/758/395 1864/762/413 1857/757/396
f 1866/763/415 1864/762/413 1856/758/395
f 1858/759/397 1866/763/415 1856/758/395
f 1867/764/416 1866/763/415 1858/759/397
f 1859/760/398 1867/764/416 1858/759/397
f 1868/750/1190 1867/749/1191 1859/751/1192
f 1860/752/1193 1868/750/1190 1859/751/1192
f 1869/750/421 1868/749/422 1860/751/423
f 1861/752/997 1869/750/421 1860/751/423
f 1870/750/998 1869/749/426 1861/751/427
f 1862/752/1194 1870/750/998 1861/751/427
f 1871/750/429 1870/749/998 1862/751/1194
f 1863/752/430 1871/750/429 1862/751/1194
f 1865/750/132 1871/749/132 1863/751/132
f 1857/752/132 1865/750/132 1863/751/132
f 1872/766/431 1873/765/1113 1865/761/414
f 1864/762/413 1872/766/431 1865/761/414
f 1874/704/641 1872/766/431 1864/762/413
f 1866/763/415 1874/704/641 1864/762/413
f 1875/705/434 1874/704/641 1866/763/415
f 1867/764/416 1875/705/434 1866/763/415
f 1876/750/130 1875/749/130 1867/751/1000
f 1868/752/1001 1876/750/130 1867/751/1000
f 1877/750/1002 1876/749/436 1868/751/437
f 1869/752/438 1877/750/1002 1868/751/437
f 1878/750/642 1877/749/440 1869/751/441
f 1870/752/1114 1878/750/642 1869/751/441
f 1879/750/644 1878/749/642 1870/751/1114
f 1871/752/645 1879/750/644 1870/751/1114
f 1873/750/132 1879/749/132 1871/751/132
f 1865/752/132 1873/750/132 1871/751/132
f 1880/768/445 1881/767/446 1873/765/1113
f 1872/766/431 1880/768/445 1873/765/1113
f 1882/702/447 1880/768/445 1872/766/431
f 1874/704/641 1882/702/447 1872/766/431
f 1883/703/1005 1882/702/447 1874/704/641
f 1875/705/434 1883/703/1005 1874/704/641
f 1884/750/130 1883/749/130 1875/751/130
f 1876/752/130 1884/750/130 1875/751/130
f 1885/750/1195 1884/749/450 1876/751/451
f 1877/752/452 1885/750/1195 1876/751/451
f 1886/750/453 1885/749/454 1877/751/455
f 1878/752/647 1886/750/453 1877/751/455
f 1887/750/648 1886/749/453 1878/751/647
f 1879/752/649 1887/750/648 1878/751/647
f 1881/750/132 1887/749/132 1879/751/132
f 1873/752/132 1881/750/132 1879/751/132
f 1888/770/459 1889/769/460 1881/767/446
f 1880/768/445 1888/770/459 1881/767/446
f 1890/771/461 1888/770/459 1880/768/445
f 1882/702/447 1890/771/461 1880/768/445
f 1891/772/650 1890/771/461 1882/702/447
f 1883/703/1005 1891/772/650 1882/702/447
f 1892/750/130 1891/749/130 1883/751/130
f 1884/752/130 1892/750/130 1883/751/130
f 1893/750/463 1892/749/464 1884/751/465
f 1885/752/466 1893/750/463 1884/751/465
f 1894/750/467 1893/749/468 1885/751/469
f 1886/752/470 1894/750/467 1885/751/469
f 1895/750/1007 1894/749/472 1886/751/1008
f 1887/752/1009 1895/750/1007 1886/751/1008
f 1889/750/132 1895/749/132 1887/751/132
f 1881/752/132 1889/750/132 1887/751/132
f 1896/774/475 1830/773/1010 1889/769/460
f 1888/770/459 1896/774/475 1889/769/460
f 1897/775/477 1896/774/475 1888/770/459
f 1890/771/461 1897/775/477 1888/770/459
f 1898/776/1196 1897/775/477 1890/771/461
f 1891/772/650 1898/776/1196 1890/771/461
f 1899/750/130 1898/749/130 1891/751/130
f 1892/752/130 1899/750/130 1891/751/130
f 1900/750/651 1899/749/480 1892/751/653
f 1893/752/482 1900/750/651 1892/751/653
f 1901/750/1117 1900/749/484 1893/751/485
f 1894/752/486 1901/750/1117 1893/751/485
f 1829/750/1013 1901/749/1117 1894/751/486
f 1895/752/488 1829/750/1013 1894/751/486
f 1830/750/132 1829/749/132 1895/751/132
f 1889/752/132 1830/750/132 1895/751/132
f 1902/778/489 1821/777/490 1830/773/1014
f 1896/774/475 1902/778/492 1830/773/1010
f 1903/779/656 1902/778/492 1896/774/475
f 1897/775/477 1903/779/656 1896/774/475
f 1824/780/494 1903/779/656 1897/775/477
f 1898/776/1196 1824/780/494 1897/775/477
f 1825/750/130 1824/749/130 1898/751/130
f 1899/752/130 1825/750/130 1898/751/130
f 1904/750/658 1825/749/659 1899/751/660
f 1900/752/661 1904/750/658 1899/751/660
f 1905/750/1197 1904/749/658 1900/751/661
f 1901/752/1121 1905/750/1197 1900/751/661
f 1828/750/1018 1905/749/1197 1901/751/1121
f 1829/752/502 1828/750/1018 1901/751/1121
f 1821/750/132 1828/749/132 1829/751/132
f 1830/752/132 1821/750/132 1829/751/132
f 1813/750/132 1820/749/132 1828/751/132
f 1821/752/132 1813/750/132 1828/751/132
f 1835/751/503 1834/752/503 1906/750/663
f 1837/751/1198 1835/752/1199 1906/750/1200
f 1839/751/1201 1837/752/1201 1906/750/663
f 1841/751/1202 1839/752/1202 1906/750/1203
f 1843/751/1204 1841/752/1204 1906/750/1205
f 1845/751/1206 1843/752/1206 1906/750/513
f 1847/751/516 1845/752/516 1906/750/1207
f 1834/751/1208 1847/752/1209 1906/750/1210
f 1907/781/130 1908/782/130 1909/783/130
f 1910/784/130 1907/781/130 1909/783/130
f 1911/785/130 1910/784/130 1909/783/130
f 1912/786/130 1911/785/130 1909/783/130
f 1913/787/130 1912/786/130 1909/783/130
f 1914/788/130 1913/787/130 1909/783/130
f 1915/789/130 1914/788/130 1909/783/130
f 1916/790/130 1915/789/130 1909/783/130
f 1917/791/130 1916/790/130 1909/783/130
f 1918/792/130 1917/791/130 1909/783/130
f 1919/793/130 1918/792/130 1909/783/130
f 1920/794/130 1919/793/130 1909/783/130
f 1921/795/130 1920/794/130 1909/783/130
f 1922/796/130 1921/795/130 1909/783/130
f 1923/797/130 1922/796/130 1909/783/130
f 1924/798/130 1923/797/130 1909/783/130
f 1925/799/130 1924/798/130 1909/783/130
f 1926/800/130 1925/799/130 1909/783/130
f 1927/801/130 1926/800/130 1909/783/130
f 1928/802/130 1927/801/130 1909/783/130
f 1929/803/130 1928/802/130 1909/783/130
f 1930/804/130 1929/803/130 1909/783/130
f 1931/805/130 1930/804/130 1909/783/130
f 1932/806/130 1931/805/130 1909/783/130
f 1933/807/130 1932/806/130 1909/783/130
f 1934/808/130 1933/807/130 1909/783/130
f 1935/809/130 1934/808/130 1909/783/130
f 1936/810/130 1935/809/130 1909/783/130
f 1937/811/130 1936/810/130 1909/783/130
f 1908/782/130 1937/811/130 1909/783/130
f 1938/812/519 1939/813/131 1908/813/131
f 1907/812/519 1938/812/519 1908/813/131
f 1940/814/520 1938/812/519 1907/812/519
f 1910/814/1211 1940/814/520 1907/812/519
f 1941/815/521 1940/814/520 1910/814/1211
f 1911/815/521 1941/815/521 1910/814/1211
f 1942/816/834 1941/815/521 1911/815/521
f 1912/816/834 1942/816/834 1911/815/521
f 1943/817/523 1942/816/834 1912/816/834
f 1913/817/523 1943/817/523 1912/816/834
f 1944/818/524 1943/817/523 1913/817/523
f 1914/818/1137 1944/818/524 1913/817/523
f 1945/819/525 1944/818/524 1914/818/1137
f 1915/819/525 1945/819/525 1914/818/1137
f 1946/820/526 1945/819/525 1915/819/525
f 1916/820/526 1946/820/526 1915/819/525
f 1947/821/1138 1946/820/526 1916/820/526
f 1917/821/527 1947/821/1138 1916/820/526
f 1948/822/528 1947/821/1138 1917/821/527
f 1918/822/528 1948/822/528 1917/821/527
f 1949/823/835 1948/822/528 1918/822/528
f 1919/823/835 1949/823/835 1918/822/528
f 1950/824/530 1949/823/835 1919/823/835
f 1920/824/530 1950/824/530 1919/823/835
f 1951/825/1212 1950/824/530 1920/824/530
f 1921/825/531 1951/825/1212 1920/824/530
f 1952/826/532 1951/825/1212 1921/825/531
f 1922/826/532 1952/826/532 1921/825/531
f 1953/827/134 1952/826/532 1922/826/532
f 1923/827/134 1953/827/134 1922/826/532
f 1954/828/533 1953/827/134 1923/827/134
f 1924/828/533 1954/828/533 1923/827/134
f 1955/829/674 1954/828/533 1924/828/533
f 1925/829/674 1955/829/674 1924/828/533
f 1956/830/535 1955/829/674 1925/829/674
f 1926/830/535 1956/830/535 1925/829/674
f 1957/831/675 1956/830/535 1926/830/535
f 1927/831/675 1957/831/675 1926/830/535
f 1958/832/537 1957/831/675 1927/831/675
f 1928/832/537 1958/832/537 1927/831/675
f 1959/833/538 1958/832/537 1928/832/537
f 1929/833/538 1959/833/538 1928/832/537
f 1960/834/539 1959/833/538 1929/833/538
f 1930/834/539 1960/834/539 1929/833/538
f 1961/835/540 1960/834/539 1930/834/539
f 1931/835/540 1961/835/540 1930/834/539
f 1962/836/541 1961/835/540 1931/835/540
f 1932/836/541 1962/836/541 1931/835/540
f 1963/837/542 1962/836/541 1932/836/541
f 1933/837/542 1963/837/542 1932/836/541
f 1964/838/678 1963/837/542 1933/837/542
f 1934/838/678 1964/838/678 1933/837/542
f 1965/839/544 1964/838/678 1934/838/678
f 1935/839/544 1965/839/544 1934/838/678
f 1966/840/679 1965/839/544 1935/839/544
f 1936/840/679 1966/840/679 1935/839/544
f 1967/841/546 1966/840/679 1936/840/679
f 1937/841/546 1967/841/546 1936/840/679
f 1939/813/131 1967/841/546 1937/841/546
f 1908/813/131 1939/813/131 1937/841/546
f 1939/813/132 1938/812/132 1968/842/132
f 1938/812/132 1940/814/132 1968/842/132
f 1940/814/132 1941/815/132 1968/842/132
f 1941/815/132 1942/816/132 1968/842/132
f 1942/816/132 1943/817/132 1968/842/132
f 1943/817/132 1944/818/132 1968/842/132
f 1944/818/132 1945/819/132 1968/842/132
f 1945/819/132 1946/820/132 1968/842/132
f 1946/820/132 1947/821/132 1968/842/132
f 1947/821/132 1948/822/132 1968/842/132
f 1948/822/132 1949/823/132 1968/842/132
f 1949/823/132 1950/824/132 1968/842/132
f 1950/824/132 1951/825/132 1968/842/132
f 1951/825/132 1952/826/132 1968/842/132
f 1952/826/132 1953/827/132 1968/842/132
f 1953/827/132 1954/828/132 1968/842/132
f 1954/828/132 1955/829/132 1968/842/132
f 1955/829/132 1956/830/132 1968/842/132
f 1956/830/132 1957/831/132 1968/842/132
f 1957/831/132 1958/832/132 1968/842/132
f 1958/832/132 1959/833/132 1968/842/132
f 1959/833/132 1960/834/132 1968/842/132
f 1960/834/132 1961/835/132 1968/842/132
f 1961/835/132 1962/836/132 1968/842/132
f 1962/836/132 1963/837/132 1968/842/132
f 1963/837/132 1964/838/132 1968/842/132
f 1964/838/132 1965/839/132 1968/842/132
f 1965/839/132 1966/840/132 1968/842/132
f 1966/840/132 1967/841/132 1968/842/132
f 1967/841/132 1939/813/132 1968/842/132
f 1969/843/1213 1970/844/1213 1971/845/1213
f 1972/846/1214 1971/845/1214 1970/844/1214
f 1973/843/1215 1974/844/684 1975/845/1215
f 1976/846/684 1975/845/1215 1974/844/684
f 1972/843/686 1973/844/686 1971/845/686
f 1975/846/686 1971/845/686 1973/844/686
f 1970/843/561 1974/844/561 1972/845/561
f 1973/846/561 1972/845/561 1974/844/561
f 1971/843/562 1975/844/562 1969/845/562
f 1976/846/562 1969/845/562 1975/844/562
f 1977/843/1216 1978/844/1216 1979/845/1216
f 1980/846/1217 1979/845/1217 1978/844/1217
f 1981/843/1218 1982/844/693 1983/845/1218
f 1984/846/1219 1983/845/1218 1982/844/693
f 1980/843/695 1981/844/1140 1979/845/695
f 1983/846/1140 1979/845/695 1981/844/1140
f 1978/843/553 1982/844/553 1980/845/553
f 1981/846/553 1980/845/553 1982/844/553
f 1979/843/554 1983/844/554 1977/845/554
f 1984/846/696 1977/845/696 1983/844/696
f 1985/847/132 1986/848/132 1987/849/132
f 1986/848/132 1988/850/132 1987/849/132
f 1988/850/132 1989/851/132 1987/849/132
f 1989/851/132 1990/852/132 1987/849/132
f 1990/852/132 1991/853/132 1987/849/132
f 1991/853/132 1992/854/132 1987/849/132
f 1992/854/132 1993/855/132 1987/849/132
f 1993/855/132 1994/856/132 1987/849/132
f 1994/856/132 1995/857/132 1987/849/132
f 1995/857/132 1996/858/132 1987/849/132
f 1996/858/132 1997/859/132 1987/849/132
f 1997/859/132 1998/860/132 1987/849/132
f 1998/860/132 1999/861/132 1987/849/132
f 1999/861/132 2000/862/132 1987/849/132
f 2000/862/132 2001/863/132 1987/849/132
f 2001/863/132 2002/864/132 1987/849/132
f 2002/864/132 2003/865/132 1987/849/132
f 2003/865/132 2004/866/132 1987/849/132
f 2004/866/132 2005/867/132 1987/849/132
f 2005/867/132 2006/868/132 1987/849/132
f 2006/868/132 2007/869/132 1987/849/132
f 2007/869/132 2008/870/132 1987/849/132
f 2008/870/132 2009/871/132 1987/849/132
f 2009/871/132 2010/872/132 1987/849/132
f 2010/872/132 2011/873/132 1987/849/132
f 2011/873/132 2012/874/132 1987/849/132
f 2012/874/132 2013/875/132 1987/849/132
f 2013/875/132 2014/876/132 1987/849/132
f 2014/876/132 2015/877/132 1987/849/132
f 2015/877/132 1985/847/132 1987/849/132
f 2016/878/1220 2017/879/1221 2018/880/1222
f 2019/881/1223 2016/878/1220 2018/880/1222
f 2020/882/1223 2019/881/1223 2018/880/1222
f 2021/883/807 2020/882/1223 2018/880/1222
f 2022/884/1224 2021/883/807 2018/880/1222
f 2023/885/1224 2022/884/1224 2018/880/1222
f 2024/886/1225 2023/885/1224 2018/880/1222
f 2025/887/1226 2024/886/1225 2018/880/1222
f 2026/888/1226 2025/887/1226 2018/880/1222
f 2027/889/813 2026/888/1226 2018/880/1222
f 2028/890/1227 2027/889/813 2018/880/1222
f 2029/891/1227 2028/890/1227 2018/880/1222
f 2030/892/1228 2029/891/1227 2018/880/1222
f 2031/893/1229 2030/892/1228 2018/880/1222
f 2032/894/818 2031/893/1229 2018/880/1222
f 2033/895/1230 2032/894/818 2018/880/1222
f 2034/896/1231 2033/895/1230 2018/880/1222
f 2035/897/1232 2034/896/1231 2018/880/1222
f 2036/898/1233 2035/897/1232 2018/880/1222
f 2037/899/1234 2036/898/1233 2018/880/1222
f 2038/900/1235 2037/899/1234 2018/880/1222
f 2039/901/1236 2038/900/1235 2018/880/1222
f 2040/902/1237 2039/901/1236 2018/880/1222
f 2041/903/1238 2040/902/1237 2018/880/1222
f 2042/904/1239 2041/903/1238 2018/880/1222
f 2043/905/1240 2042/904/1239 2018/880/1222
f 2044/906/1241 2043/905/1240 2018/880/1222
f 2045/907/1242 2044/906/1241 2018/880/1222
f 2046/908/830 2045/907/1242 2018/880/1222
f 2017/879/1221 2046/908/830 2018/880/1222
f 1986/909/1243 1985/910/1243 2017/911/1243
f 2016/912/1243 1986/909/1243 2017/911/1243
f 1988/909/520 1986/910/520 2016/911/520
f 2019/912/520 1988/909/520 2016/911/520
f 2047/909/521 1988/910/521 2019/911/521
f 2020/912/521 2047/909/521 2019/911/521
f 1990/909/522 2047/910/522 2020/911/522
f 2021/912/522 1990/909/522 2020/911/522
f 1991/909/523 1990/910/523 2021/911/523
f 2022/912/523 1991/909/523 2021/911/523
f 1992/909/524 1991/910/524 2022/911/524
f 2023/912/524 1992/909/524 2022/911/524
f 1993/909/525 1992/910/525 2023/911/525
f 2024/912/525 1993/909/525 2023/911/525
f 1994/909/526 1993/910/526 2024/911/526
f 2025/912/526 1994/909/526 2024/911/526
f 2048/909/527 1994/910/527 2025/911/527
f 2026/912/527 2048/909/527 2025/911/527
f 2049/909/528 2048/910/528 2026/911/528
f 2027/912/528 2049/909/528 2026/911/528
f 1997/909/835 2049/910/835 2027/911/835
f 2028/912/835 1997/909/835 2027/911/835
f 1998/909/530 1997/910/530 2028/911/530
f 2029/912/530 1998/909/530 2028/911/530
f 1999/909/531 1998/910/531 2029/911/531
f 2030/912/531 1999/909/531 2029/911/531
f 2000/909/836 1999/910/836 2030/911/836
f 2031/912/836 2000/909/836 2030/911/836
f 2050/909/134 2000/910/134 2031/911/134
f 2032/912/134 2050/909/134 2031/911/134
f 2051/909/533 2050/910/533 2032/911/533
f 2033/912/533 2051/909/533 2032/911/533
f 2052/909/534 2051/910/534 2033/911/534
f 2034/912/534 2052/909/534 2033/911/534
f 2053/909/535 2052/910/535 2034/911/535
f 2035/912/535 2053/909/535 2034/911/535
f 2054/909/536 2053/910/536 2035/911/536
f 2036/912/536 2054/909/536 2035/911/536
f 2055/909/537 2054/910/537 2036/911/537
f 2037/912/537 2055/909/537 2036/911/537
f 2056/909/538 2055/910/538 2037/911/538
f 2038/912/538 2056/909/538 2037/911/538
f 2057/909/539 2056/910/539 2038/911/539
f 2039/912/539 2057/909/539 2038/911/539
f 2058/909/540 2057/910/540 2039/911/540
f 2040/912/540 2058/909/540 2039/911/540
f 2059/909/541 2058/910/541 2040/911/541
f 2041/912/541 2059/909/541 2040/911/541
f 2060/909/542 2059/910/542 2041/911/542
f 2042/912/542 2060/909/542 2041/911/542
f 2061/909/543 2060/910/543 2042/911/543
f 2043/912/543 2061/909/543 2042/911/543
f 2062/909/544 2061/910/544 2043/911/544
f 2044/912/544 2062/909/544 2043/911/544
f 2063/909/545 2062/910/545 2044/911/545
f 2045/912/545 2063/909/545 2044/911/545
f 2064/909/546 2063/910/546 2045/911/546
f 2046/912/546 2064/909/546 2045/911/546
f 1985/909/131 2064/910/131 2046/911/131
f 2017/912/131 1985/909/131 2046/911/131
f 2065/544/697 2066/542/698 2067/543/699
f 2068/545/697 2065/544/697 2067/543/699
f 2069/546/700 2065/544/697 2068/545/697
f 2070/547/700 2069/546/700 2068/545/697
f 2071/548/701 2069/546/700 2070/547/700
f 2072/549/701 2071/548/701 2070/547/700
f 2073/550/702 2071/548/701 2072/549/701
f 2074/551/702 2073/550/702 2072/549/701
f 2075/562/703 2073/550/702 2074/551/702
f 2076/913/703 2075/562/703 2074/551/702
f 2077/550/704 2075/562/703 2076/913/703
f 2078/551/704 2077/550/704 2076/913/703
f 2079/548/705 2077/550/704 2078/551/704
f 2080/549/705 2079/548/705 2078/551/704
f 2081/546/706 2079/548/705 2080/549/705
f 2082/547/706 2081/546/706 2080/549/705
f 2083/544/707 2081/546/706 2082/547/706
f 2084/545/708 2083/544/707 2082/547/706
f 2085/507/709 2083/544/707 2084/545/708
f 2086/508/710 2085/507/709 2084/545/708
f 2087/506/711 2085/507/709 2086/508/710
f 2088/509/711 2087/506/711 2086/508/710
f 2089/518/712 2087/506/711 2088/509/711
f 2090/519/712 2089/518/712 2088/509/711
f 2091/524/713 2089/518/712 2090/519/712
f 2092/525/713 2091/524/713 2090/519/712
f 2093/526/714 2091/524/713 2092/525/713
f 2094/527/1244 2093/526/714 2092/525/713
f 2095/540/715 2093/526/714 2094/527/1244
f 2096/541/715 2095/540/715 2094/527/1244
f 2097/526/716 2095/540/715 2096/541/715
f 2098/527/716 2097/526/716 2096/541/715
f 2099/524/717 2097/526/716 2098/527/716
f 2100/525/717 2099/524/717 2098/527/716
f 2101/518/718 2099/524/717 2100/525/717
f 2102/519/718 2101/518/718 2100/525/717
f 2103/506/719 2101/518/718 2102/519/718
f 2104/509/720 2103/506/719 2102/519/718
f 2066/542/698 2103/506/719 2104/509/720
f 2067/543/699 2066/542/698 2104/509/720
f 2066/542/1245 2065/544/132 2105/542/1246
f 2065/544/132 2069/546/132 2105/542/1246
f 2069/546/132 2071/548/132 2105/542/1246
f 2071/548/132 2073/550/132 2105/542/1246
f 2073/550/132 2075/562/132 2105/542/1246
f 2075/562/132 2077/550/132 2105/542/1246
f 2077/550/132 2079/548/132 2105/542/1246
f 2079/548/132 2081/546/132 2105/542/1246
f 2081/546/132 2083/544/1247 2105/542/1246
f 2083/544/1247 2085/507/1248 2105/542/1246
f 2085/507/1248 2087/506/1249 2105/542/1246
f 2087/506/1249 2089/518/1250 2105/542/1246
f 2089/518/1250 2091/524/1251 2105/542/1246
f 2091/524/1251 2093/526/723 2105/542/1246
f 2093/526/723 2095/540/721 2105/542/1246
f 2095/540/721 2097/526/1252 2105/542/1246
f 2097/526/1252 2099/524/1253 2105/542/1246
f 2099/524/1253 2101/518/1254 2105/542/1246
f 2101/518/1254 2103/506/1255 2105/542/1246
f 2103/506/1255 2066/542/1245 2105/542/1246
f 2106/914/130 2107/915/811 2108/916/810
f 2109/917/130 2106/914/130 2108/916/810
f 2110/918/130 2109/917/130 2108/916/810
f 2111/919/130 2110/918/130 2108/916/810
f 2112/920/130 2111/919/130 2108/916/810
f 2113/921/130 2112/920/130 2108/916/810
f 2114/922/130 2113/921/130 2108/916/810
f 2115/923/130 2114/922/130 2108/916/810
f 2116/924/809 2115/923/130 2108/916/810
f 2117/925/1256 2116/924/809 2108/916/810
f 2118/926/1257 2117/925/1256 2108/916/810
f 2119/927/1258 2118/926/1257 2108/916/810
f 2120/928/1259 2119/927/1258 2108/916/810
f 2121/929/736 2120/928/1259 2108/916/810
f 2122/930/734 2121/929/736 2108/916/810
f 2123/931/1260 2122/930/734 2108/916/810
f 2124/932/1261 2123/931/1260 2108/916/810
f 2125/933/1262 2124/932/1261 2108/916/810
f 2126/934/1263 2125/933/1262 2108/916/810
f 2107/915/811 2126/934/1263 2108/916/810
f 2127/935/747 2128/936/1264 2107/915/1265
f 2106/914/749 2127/935/747 2107/915/1265
f 2129/937/750 2127/935/747 2106/914/749
f 2109/917/751 2129/937/750 2106/914/749
f 2130/938/752 2129/937/750 2109/917/751
f 2110/918/752 2130/938/752 2109/917/751
f 2131/939/753 2130/938/752 2110/918/752
f 2111/919/754 2131/939/753 2110/918/752
f 2132/940/755 2131/939/753 2111/919/754
f 2112/920/756 2132/940/755 2111/919/754
f 2133/941/757 2132/940/755 2112/920/756
f 2113/921/757 2133/941/757 2112/920/756
f 2134/942/758 2133/941/757 2113/921/757
f 2114/922/759 2134/942/758 2113/921/757
f 2135/943/760 2134/942/758 2114/922/759
f 2115/923/761 2135/943/760 2114/922/759
f 2136/944/1266 2135/943/760 2115/923/761
f 2116/924/1266 2136/944/1266 2115/923/761
f 2137/945/1267 2136/944/1266 2116/924/1266
f 2117/925/1268 2137/945/1267 2116/924/1266
f 2138/946/767 2137/945/1267 2117/925/1268
f 2118/926/767 2138/946/767 2117/925/1268
f 2139/947/768 2138/946/767 2118/926/767
f 2119/927/769 2139/947/768 2118/926/767
f 2140/948/1269 2139/947/768 2119/927/769
f 2120/928/770 2140/948/1269 2119/927/769
f 2141/949/771 2140/948/1269 2120/928/770
f 2121/929/771 2141/949/771 2120/928/770
f 2142/950/772 2141/949/771 2121/929/771
f 2122/930/773 2142/950/772 2121/929/771
f 2143/951/774 2142/950/772 2122/930/773
f 2123/931/775 2143/951/774 2122/930/773
f 2144/952/776 2143/951/774 2123/931/775
f 2124/932/777 2144/952/776 2123/931/775
f 2145/953/778 2144/952/776 2124/932/777
f 2125/933/778 2145/953/778 2124/932/777
f 2146/954/1270 2145/953/778 2125/933/778
f 2126/934/1270 2146/954/1270 2125/933/778
f 2128/936/1264 2146/954/1270 2126/934/1270
f 2107/915/1265 2128/936/1264 2126/934/1270
f 2128/936/1245 2127/935/132 2147/916/1246
f 2127/935/132 2129/937/132 2147/916/1246
f 2129/937/132 2130/938/132 2147/916/1246
f 2130/938/132 2131/939/132 2147/916/1246
f 2131/939/132 2132/940/132 2147/916/1246
f 2132/940/132 2133/941/132 2147/916/1246
f 2133/941/132 2134/942/132 2147/916/1246
f 2134/942/132 2135/943/132 2147/916/1246
f 2135/943/132 2136/944/1247 2147/916/1246
f 2136/944/1247 2137/945/1271 2147/916/1246
f 2137/945/1271 2138/946/1272 2147/916/1246
f 2138/946/1272 2139/947/1273 2147/916/1246
f 2139/947/1273 2140/948/1274 2147/916/1246
f 2140/948/1274 2141/949/783 2147/916/1246
f 2141/949/783 2142/950/781 2147/916/1246
f 2142/950/781 2143/951/1275 2147/916/1246
f 2143/951/1275 2144/952/1276 2147/916/1246
f 2144/952/1276 2145/953/1277 2147/916/1246
f 2145/953/1277 2146/954/1278 2147/916/1246
f 2146/954/1278 2128/936/1245 2147/916/1246
f 2148/955/133 2149/955/133 2150/956/133
f 2150/956/133 2151/956/133 2148/955/133
f 2152/957/1279 2153/958/1279 2154/958/1279
f 2154/958/900 2155/957/900 2152/957/900
f 2153/958/796 2151/956/796 2150/956/796
f 2150/956/796 2154/958/796 2153/958/796
f 2152/957/797 2148/955/797 2151/956/797
f 2151/956/797 2153/958/797 2152/957/797
f 2154/958/798 2150/956/798 2149/955/798
f 2149/955/798 2155/957/798 2154/958/798
f 2156/955/133 2157/955/133 2158/956/133
f 2159/956/133 2158/956/133 2157/955/133
f 2160/958/1279 2161/957/900 2162/958/1279
f 2163/957/900 2162/958/1279 2161/957/900
f 2159/956/799 2160/958/799 2158/956/799
f 2162/958/799 2158/956/799 2160/958/799
f 2157/955/801 2161/957/801 2159/956/801
f 2160/958/801 2159/956/801 2161/957/801
f 2158/956/802 2162/958/802 2156/955/802
f 2163/957/802 2156/955/802 2162/958/802
f 2164/955/133 2165/955/133 2166/956/133
f 2166/956/133 2167/956/133 2164/955/133
f 2168/957/129 2169/958/129 2170/958/129
f 2170/958/129 2171/957/129 2168/957/129
f 2169/958/796 2167/956/796 2166/956/796
f 2166/956/796 2170/958/796 2169/958/796
f 2168/957/797 2164/955/797 2167/956/797
f 2167/956/797 2169/958/797 2168/957/797
f 2170/958/798 2166/956/798 2165/955/798
f 2165/955/798 2171/957/798 2170/958/798
f 2172/955/133 2173/955/133 2174/956/133
f 2175/956/1280 2174/956/1280 2173/955/133
f 2176/958/1281 2177/957/129 2178/958/129
f 2179/957/129 2178/958/129 2177/957/129
f 2175/956/799 2176/958/799 2174/956/799
f 2178/958/799 2174/956/799 2176/958/799
f 2173/955/801 2177/957/801 2175/956/801
f 2176/958/801 2175/956/801 2177/957/801
f 2174/956/802 2178/958/802 2172/955/802
f 2179/957/802 2172/955/802 2178/958/802
