# generated by tools/objdedupe/dedupe.py -- do not hand-edit.
# Re-run the tool after touching sssr_2svet_nove.obj, sssr_3svet_nove.obj, sssr_4svet_nove.obj, sssr_5svet_nove.obj, sssr_2se_nove.obj, sssr_3ab_nove.obj, sssr_4ab_nove.obj, sssr_pr_nove.obj, sssr_vl_nove.obj.
o stit_5r
v 0.241970 2.918799 0.006469
vt 0.117667 0.865671
vn -0.000000 -1.000000 -0.000000
v 0.239545 2.918799 0.034193
vt 0.137585 0.865906
v 0.223261 2.918799 0.044914
vt 0.141675 0.833629
v 0.227795 2.918799 -0.006918
vt 0.110883 0.836931
v 0.044797 2.918799 0.042662
vt 0.143223 0.796861
v 0.051652 2.918799 -0.035689
vt 0.107189 0.794847
v 0.241970 2.949049 0.006469
vt 0.123234 0.729622
vn -0.000000 1.000000 -0.000000
v 0.227795 2.949049 -0.006918
vt 0.121234 0.727095
v 0.223261 2.949049 0.044914
vt 0.129835 0.727095
v 0.239545 2.949049 0.034193
vt 0.127835 0.729622
v 0.051652 2.949049 -0.035689
vt 0.119034 0.695855
v 0.044797 2.949049 0.042662
vt 0.132035 0.695855
vt 0.146264 0.806846
vn 0.996200 -0.000000 0.087100
vt 0.155382 0.807391
vt 0.152662 0.779055
vt 0.144198 0.779174
vt 0.143485 0.777627
vn 0.549900 -0.000000 0.835200
vt 0.149061 0.777668
vt 0.151830 0.796537
vn 0.281000 -0.000000 0.959700
vt 0.145145 0.795586
vt 0.153071 0.889686
vn -0.012600 -0.000000 0.999900
vt 0.144130 0.888536
vn 0.161200 -0.000000 -0.986900
vn 0.443400 -0.000000 -0.896300
vn 0.686600 -0.000000 -0.727000
v 0.078283 2.952074 -0.048542
vt 0.131553 0.515355
v 0.077229 2.952074 -0.036488
vt 0.133829 0.543447
v 0.004905 2.952074 -0.042815
vt 0.153804 0.540247
v 0.005960 2.952074 -0.054869
vt 0.151528 0.512155
v 0.078283 2.964174 -0.048542
vt 0.286698 0.641281
v 0.005960 2.964174 -0.054869
vt 0.286698 0.683243
v 0.004905 2.964174 -0.042815
vt 0.316537 0.683243
v 0.077229 2.964174 -0.036488
vt 0.316537 0.641281
vn -0.087100 -0.000000 0.996200
vn -0.996200 -0.000000 -0.087200
vt 0.144409 0.878968
vn 0.087100 -0.000000 -0.996200
vt 0.153008 0.879313
vt 0.151553 0.836166
vt 0.145471 0.836115
v 0.069847 2.952074 0.047890
v 0.068792 2.952074 0.059944
v -0.003532 2.952074 0.053616
v -0.002477 2.952074 0.041563
v 0.069847 2.964174 0.047890
v -0.002477 2.964174 0.041563
v -0.003532 2.964174 0.053616
v 0.068792 2.964174 0.059944
vn 0.996200 -0.000000 0.087200
vn -0.087200 -0.000000 0.996200
v 0.078283 2.903716 -0.048542
v 0.077229 2.903716 -0.036488
v 0.004905 2.903716 -0.042815
v 0.005960 2.903716 -0.054869
v 0.078283 2.915816 -0.048542
v 0.005960 2.915816 -0.054869
v 0.004905 2.915816 -0.042815
v 0.077229 2.915816 -0.036488
v 0.069847 2.903716 0.047890
v 0.068792 2.903716 0.059944
v -0.003532 2.903716 0.053616
v -0.002477 2.903716 0.041563
v 0.069847 2.915816 0.047890
v -0.002477 2.915816 0.041563
v -0.003532 2.915816 0.053616
v 0.068792 2.915816 0.059944
v -0.008241 2.903505 -0.054249
vt 0.150237 0.515814
v 0.005960 2.903505 -0.054869
vt 0.148101 0.512704
v 0.001214 2.903505 -0.000626
vt 0.140769 0.525666
v -0.021798 2.903505 -0.049975
vt 0.151727 0.519596
v -0.033786 2.903505 -0.042337
vt 0.152471 0.523791
v -0.043389 2.903505 -0.031858
vt 0.152417 0.528114
v -0.049952 2.903505 -0.019249
vt 0.151570 0.532270
v -0.053028 2.903505 -0.005372
vt 0.149986 0.535976
v -0.052409 2.903505 0.008829
vt 0.147775 0.538979
v -0.048135 2.903505 0.022385
vt 0.145086 0.541075
v -0.040497 2.903505 0.034374
vt 0.142103 0.542122
v -0.030017 2.903505 0.043977
vt 0.139029 0.542046
v -0.017409 2.903505 0.050540
vt 0.136073 0.540854
v -0.003532 2.903505 0.053616
vt 0.133438 0.538627
v -0.017409 2.915605 0.050540
vn -0.216400 -0.000000 0.976300
v -0.003532 2.915605 0.053616
v -0.030017 2.915605 0.043977
vn -0.461700 -0.000000 0.887000
v -0.040497 2.915605 0.034374
vn -0.675600 -0.000000 0.737300
v -0.048135 2.915605 0.022385
vn -0.843400 -0.000000 0.537300
v -0.052409 2.915605 0.008829
vn -0.953700 -0.000000 0.300700
v -0.053028 2.915605 -0.005372
vn -0.999100 -0.000000 0.043500
v -0.049952 2.915605 -0.019249
vn -0.976300 -0.000000 -0.216400
v -0.043389 2.915605 -0.031858
vn -0.887000 -0.000000 -0.461700
v -0.033786 2.915605 -0.042337
vn -0.737300 -0.000000 -0.675600
vn -0.737200 -0.000000 -0.675600
v -0.021798 2.915605 -0.049975
vn -0.537300 -0.000000 -0.843400
v -0.008241 2.915605 -0.054249
vn -0.300700 -0.000000 -0.953700
v 0.005960 2.915605 -0.054869
vn -0.043600 -0.000000 -0.999000
vt 0.314196 0.646371
vt 0.311418 0.641281
v 0.001214 2.915605 -0.000626
vt 0.299058 0.658662
vt 0.315942 0.652300
vt 0.316537 0.658662
vt 0.315942 0.665024
vt 0.314196 0.670953
vt 0.311418 0.676044
vt 0.307798 0.679950
vt 0.303582 0.682406
vt 0.299058 0.683243
vt 0.294534 0.682406
vt 0.290319 0.679950
vt 0.286698 0.676044
v -0.008241 2.952074 -0.054249
vt 0.139100 0.780194
vt 0.136127 0.776319
v 0.001214 2.952074 -0.000626
vt 0.122897 0.789549
v -0.021798 2.952074 -0.049975
vt 0.140969 0.784707
v -0.033786 2.952074 -0.042337
vt 0.141607 0.789549
v -0.043389 2.952074 -0.031858
vt 0.140969 0.794391
v -0.049952 2.952074 -0.019249
vt 0.139100 0.798904
v -0.053028 2.952074 -0.005372
vt 0.136127 0.802779
v -0.052409 2.952074 0.008829
vt 0.132252 0.805752
v -0.048135 2.952074 0.022385
vt 0.127739 0.807621
v -0.040497 2.952074 0.034374
vt 0.122897 0.808258
v -0.030017 2.952074 0.043977
vt 0.118054 0.807621
v -0.017409 2.952074 0.050540
vt 0.113542 0.805752
vt 0.109667 0.802779
v -0.017409 2.964174 0.050540
v -0.030017 2.964174 0.043977
v -0.040497 2.964174 0.034374
v -0.048135 2.964174 0.022385
v -0.052409 2.964174 0.008829
v -0.053028 2.964174 -0.005372
v -0.049952 2.964174 -0.019249
v -0.043389 2.964174 -0.031858
v -0.033786 2.964174 -0.042337
v -0.021798 2.964174 -0.049975
v -0.008241 2.964174 -0.054249
v 0.001214 2.964174 -0.000626
v 0.060127 2.897019 -0.056203
vt 0.109667 0.776319
v 0.049581 2.897019 0.064336
vt 0.109667 0.808258
v 0.031500 2.897019 0.062755
vt 0.141607 0.808258
v 0.042046 2.897019 -0.057785
vt 0.141607 0.776319
v 0.060127 2.969619 -0.056203
v 0.042046 2.969619 -0.057785
v 0.031500 2.969619 0.062755
v 0.049581 2.969619 0.064336
vt 0.116075 0.719829
vt 0.116075 0.681088
vt 0.154814 0.681088
vt 0.154814 0.719829
vn 0.087200 -0.000000 -0.996200
v 0.224145 3.420151 0.012805
vt 0.114059 0.276618
v 0.223088 3.420151 0.024858
vt 0.120084 0.280357
v 0.232128 3.420151 0.025649
vt 0.135483 0.283272
v 0.233186 3.420151 0.013595
vt 0.129458 0.279533
v 0.224145 3.377802 0.012805
v 0.233186 3.377802 0.013595
v 0.232128 3.377802 0.025649
v 0.223088 3.377802 0.024858
vt 0.144111 0.289857
vn -0.996200 -0.000000 -0.087400
vt 0.144127 0.268854
vt 0.149098 0.268974
vt 0.149082 0.289976
vn 0.996200 -0.000000 0.087400
vt 0.144269 0.268995
vt 0.148940 0.289836
vn 0.087000 -0.000000 -0.996200
v 0.078403 3.408814 -0.048531
vt 0.283560 0.727364
v 0.077348 3.408814 -0.036477
vt 0.283560 0.728966
v 0.005024 3.408814 -0.042805
vt 0.288760 0.729956
v 0.006079 3.408814 -0.054859
vt 0.288760 0.728353
v 0.078403 3.420914 -0.048531
vt 0.283582 0.732879
v 0.006079 3.420914 -0.054859
vt 0.283873 0.733927
v 0.005024 3.420914 -0.042805
vt 0.293534 0.732290
v 0.077348 3.420914 -0.036477
vt 0.293243 0.731243
vt 0.122740 0.226982
vt 0.122740 0.333093
vt 0.105055 0.333093
vt 0.284195 0.731556
vt 0.284721 0.732322
vt 0.291729 0.731038
vt 0.291202 0.730272
v 0.215841 3.403453 0.015115
vn 0.273400 0.961600 0.023900
v 0.051995 3.450389 0.000780
v 0.051468 3.450389 0.006807
v 0.215313 3.403453 0.021142
vn 0.273400 0.961600 0.024000
v 0.051599 3.403659 0.006818
vt 0.189059 0.276471
vn -0.996200 -0.002800 -0.087100
vt 0.189059 0.276662
vt 0.180217 0.276662
v 0.052126 3.403659 0.000791
vt 0.180217 0.276471
vt 0.284444 0.732224
vt 0.284730 0.734859
vt 0.296889 0.730712
vt 0.284747 0.734877
vt 0.284461 0.732242
vt 0.296906 0.730730
v 0.252839 3.397509 0.009242
vn -0.000400 -1.000000 0.005000
v 0.250840 3.397657 0.033360
vt 0.283555 0.728431
vn -0.000200 -1.000000 0.006100
v 0.125487 3.397657 0.028466
vn -0.001100 -1.000000 0.000700
v 0.128651 3.397657 -0.007696
vn -0.001200 -1.000000 -0.000100
vt 0.283560 0.728104
v 0.044865 3.397657 0.042668
v 0.051720 3.397657 -0.035683
v 0.252839 3.403560 0.009242
vn 0.000400 1.000000 -0.005000
v 0.128651 3.403707 -0.007696
vt 0.284725 0.735037
vn 0.001200 1.000000 0.000100
v 0.125487 3.403707 0.028466
vn 0.001100 1.000000 -0.000700
v 0.250840 3.403707 0.033360
vt 0.289452 0.731046
vn 0.000200 1.000000 -0.006100
v 0.051720 3.403707 -0.035683
v 0.044865 3.403707 0.042668
vt 0.287647 0.731611
vt 0.528314 0.291588
vn 0.996600 -0.000000 0.082600
vt 0.544713 0.291482
vn -0.039000 -0.000000 0.999200
vt 0.285459 0.732125
vt 0.290464 0.730469
vn 0.173500 -0.000000 0.984800
vt 0.242115 0.264195
vt 0.127161 0.264195
vt 0.286086 0.732376
vn 0.341900 -0.000000 -0.939700
vt 0.285711 0.733920
vt 0.290185 0.733242
vt 0.290560 0.731698
vn 0.135100 -0.000000 -0.990800
v 0.060136 3.380551 -0.056202
v 0.049591 3.380551 0.064337
v 0.031509 3.380551 0.062755
v 0.042055 3.380551 -0.057784
v 0.060136 3.453152 -0.056202
v 0.042055 3.453152 -0.057784
v 0.031509 3.453152 0.062755
v 0.049591 3.453152 0.064337
v 0.069966 3.408814 0.047900
v 0.068911 3.408814 0.059954
v -0.003412 3.408814 0.053627
v -0.002358 3.408814 0.041573
v 0.069966 3.420914 0.047900
v -0.002358 3.420914 0.041573
v -0.003412 3.420914 0.053627
v 0.068911 3.420914 0.059954
vt 0.264221 0.333093
vn -0.996200 -0.000000 -0.087100
vt 0.246536 0.333093
vt 0.246536 0.226982
v -0.008122 3.408814 -0.054239
vt 0.288976 0.722603
vt 0.283672 0.723558
v 0.001333 3.408814 -0.000616
v -0.021678 3.408814 -0.049965
vt 0.293911 0.721973
v -0.033667 3.408814 -0.042327
vt 0.298141 0.721710
v -0.043270 3.408814 -0.031847
vt 0.301377 0.721832
v -0.049833 3.408814 -0.019239
vt 0.303399 0.722332
v -0.052909 3.408814 -0.005362
vt 0.304069 0.723174
v -0.052290 3.408814 0.008839
vt 0.303341 0.724302
v -0.048015 3.408814 0.022396
vt 0.301266 0.725638
v -0.040378 3.408814 0.034384
vt 0.297983 0.727092
v -0.029898 3.408814 0.043987
vt 0.293718 0.728565
v -0.017290 3.408814 0.050550
vt 0.283448 0.731170
vt 0.184638 0.333093
v 0.001333 3.420914 -0.000616
v -0.017290 3.420914 0.050550
vn -0.216500 -0.000000 0.976300
v -0.029898 3.420914 0.043987
v -0.040378 3.420914 0.034384
v -0.048015 3.420914 0.022396
v -0.052290 3.420914 0.008839
v -0.052909 3.420914 -0.005362
v -0.049833 3.420914 -0.019239
v -0.043270 3.420914 -0.031847
v -0.033667 3.420914 -0.042327
v -0.021678 3.420914 -0.049965
v -0.008122 3.420914 -0.054239
vt 0.293146 0.733377
vt 0.292107 0.734431
vt 0.290487 0.735379
vt 0.288397 0.736156
vt 0.285978 0.736711
vt 0.283396 0.737004
vt 0.280827 0.737016
vt 0.278445 0.736746
vt 0.276414 0.736212
vt 0.274871 0.735452
vt 0.273921 0.734516
v 0.165435 3.233452 0.093655
vt 0.494119 0.127804
vn -0.915500 -0.386500 -0.111800
v 0.136939 3.216912 0.384250
vt 0.524030 0.125266
vn -0.977500 -0.192000 -0.087400
v 0.158758 3.248929 0.093655
vt 0.510847 0.132674
vn -0.954700 -0.279300 -0.102300
v 0.141044 3.197934 0.384035
vt 0.523976 0.121446
vn -0.971100 -0.221900 -0.087500
v 0.130314 3.215711 0.475000
vt 0.555124 0.127985
vn -0.959000 -0.275900 -0.065500
v 0.137768 3.197870 0.474785
vt 0.555019 0.124443
vn -0.926300 -0.372100 -0.059000
v 0.125608 3.219110 0.517768
vt 0.562511 0.128781
vn -0.984400 -0.145600 -0.098700
v 0.136148 3.198001 0.487156
vt 0.557162 0.124496
vn -0.947000 -0.297600 -0.120900
vt 0.475110 0.202588
vn 0.396000 -0.688500 0.607500
v 0.126188 3.219284 0.517768
vt 0.507856 0.205134
vn 0.229600 -0.762400 0.605000
vt 0.475499 0.212302
vn 0.228000 -0.763000 0.604900
v 0.136672 3.198304 0.487156
vt 0.507467 0.195420
vn 0.397700 -0.687600 0.607500
vn 0.925600 0.367300 0.091300
v 0.130894 3.215886 0.475000
vn 0.926400 0.365900 0.088900
vn 0.931100 0.357200 0.074100
v 0.138292 3.198173 0.474785
vn 0.917000 0.381600 0.116000
vn 0.929900 0.361500 0.067600
v 0.137519 3.217085 0.384250
vn 0.971700 0.232900 0.040400
vn 0.920600 0.383600 0.072300
v 0.141568 3.198237 0.384035
vn 0.977200 0.209500 0.035400
vn 0.971700 0.215200 0.097200
v 0.159338 3.249103 0.093655
vn 0.914500 0.385300 0.123500
vn 0.973400 0.208000 0.096000
v 0.165959 3.233754 0.093655
vn 0.911100 0.393000 0.124600
vn -0.000000 -0.000000 -1.000000
v 0.133458 3.237104 0.384250
vt 0.539658 0.131865
vn -0.994900 -0.063900 -0.077700
v 0.155831 3.265530 0.093655
vt 0.511286 0.137466
vn -0.995300 -0.051400 -0.082100
v 0.126899 3.234787 0.475000
vt 0.555304 0.131655
vn -0.997200 -0.047500 -0.058500
v 0.122207 3.237251 0.533883
vt 0.565453 0.132323
vn -0.968400 0.232200 -0.091300
vn 0.188000 -0.635200 0.749100
v 0.122811 3.237286 0.533883
vn 0.040100 -0.659400 0.750800
vn 0.038300 -0.659600 0.750600
vn 0.190500 -0.634700 0.748900
vn 0.988500 0.129800 0.077500
v 0.127503 3.234822 0.475000
vn 0.982800 0.162000 0.089100
vn 0.990100 0.119600 0.073900
vn 0.980000 0.175500 0.093900
vn 0.981700 0.174900 0.075200
v 0.134062 3.237139 0.384250
vn 0.982600 0.170300 0.074200
vn 0.981500 0.175800 0.075400
vn 0.982800 0.169400 0.074000
vn 0.981200 0.169300 0.092100
v 0.156435 3.265565 0.093655
vn 0.980600 0.172700 0.092700
vn 0.981300 0.169200 0.092100
vn 0.980600 0.172900 0.092700
v 0.134438 3.258218 0.384250
vt 0.540030 0.137634
vn -0.983700 0.169300 -0.060000
v 0.156811 3.282358 0.093655
vt 0.510279 0.141819
vn -0.981700 0.180400 -0.060400
v 0.128075 3.254015 0.475000
vt 0.555677 0.137041
vn -0.981000 0.192700 -0.022700
v 0.128218 3.256182 0.547032
vt 0.568009 0.137767
vn -0.904600 0.425000 -0.030800
vn 0.030700 -0.579600 0.814300
v 0.128813 3.256077 0.547032
vn -0.094500 -0.547500 0.831400
vn -0.096300 -0.546900 0.831600
vn 0.033100 -0.580100 0.813900
vn 0.961500 -0.274200 0.018300
v 0.128671 3.253910 0.475000
vn 0.991600 -0.110700 0.067400
vn 0.951000 -0.309000 0.007400
vn 0.994800 -0.060900 0.081800
vn 0.996000 -0.058800 0.067600
v 0.135033 3.258114 0.384250
vn 0.996400 -0.048100 0.070300
vn 0.995900 -0.060900 0.067000
vn 0.996400 -0.046100 0.070800
vn 0.996300 -0.046600 0.072800
v 0.157407 3.282253 0.093655
vn 0.995800 -0.057400 0.071100
vn 0.996300 -0.046100 0.072900
vn 0.995800 -0.058000 0.071000
v 0.140412 3.277858 0.384250
vt 0.538943 0.142632
vn -0.916700 0.397900 -0.035800
v 0.161646 3.298507 0.093655
vt 0.510432 0.145359
vn -0.914800 0.402100 -0.038400
v 0.134788 3.274274 0.475000
vt 0.554578 0.142175
vn -0.896200 0.443700 0.004200
v 0.138012 3.273629 0.553650
vt 0.568005 0.142396
vn -0.830200 0.557100 0.020200
vn -0.059500 -0.327000 0.943200
v 0.138567 3.273389 0.553650
vn -0.124100 -0.290300 0.948800
vn -0.125100 -0.289400 0.949000
vn -0.057900 -0.327800 0.943000
vn 0.889700 -0.455300 -0.032800
v 0.135343 3.274033 0.475000
vn 0.939200 -0.343400 -0.000500
vn 0.877000 -0.478900 -0.039900
vn 0.949200 -0.314700 0.007600
vn 0.949200 -0.311000 0.047400
v 0.140967 3.277619 0.384250
vn 0.954300 -0.294200 0.052400
vn 0.948200 -0.314400 0.046300
vn 0.955300 -0.290600 0.053500
vn 0.955600 -0.290500 0.049200
v 0.162201 3.298267 0.093655
vn 0.956700 -0.286600 0.049800
vn 0.955500 -0.290700 0.049200
vn 0.956800 -0.286400 0.049900
v 0.150505 3.295484 0.384250
vt 0.539017 0.146548
vn -0.793000 0.609100 -0.013000
v 0.170074 3.313106 0.093655
vt 0.510449 0.148190
vn -0.797600 0.603000 -0.015700
v 0.146849 3.291864 0.475000
vt 0.554623 0.146112
vn -0.771600 0.635400 0.028400
v 0.151373 3.290089 0.553650
vt 0.568033 0.146120
vn -0.708300 0.704300 0.047600
vn -0.000000 -0.000000 1.000000
v 0.151858 3.289727 0.553650
vn 0.000100 -0.000000 1.000000
vn 0.783000 -0.619600 -0.055400
v 0.147334 3.291502 0.475000
vn 0.816100 -0.576500 -0.041800
vn 0.774400 -0.630000 -0.058800
vn 0.823800 -0.565500 -0.038400
vn 0.830900 -0.556200 0.014000
v 0.150990 3.295123 0.384250
vn 0.861300 -0.507200 0.030600
vn 0.824400 -0.565900 0.010600
vn 0.867300 -0.496600 0.034100
vn 0.867400 -0.496800 0.028300
v 0.170559 3.312745 0.093655
vn 0.865800 -0.499600 0.027800
vn 0.867500 -0.496700 0.028300
vn 0.865700 -0.499800 0.027700
v 0.165811 3.310528 0.384250
vt 0.538933 0.149566
vn -0.610100 0.792300 0.007200
v 0.181641 3.325367 0.093655
vt 0.510600 0.151128
vn -0.637700 0.770200 0.006300
v 0.163171 3.308457 0.475000
vt 0.554521 0.149461
vn -0.590800 0.805700 0.042100
v 0.167930 3.303405 0.553650
vt 0.567935 0.148803
vn -0.568500 0.819500 0.073100
vn -0.000100 -0.000000 1.000000
v 0.168318 3.302942 0.553650
vn 0.640100 -0.763900 -0.082200
v 0.163560 3.307993 0.475000
vn 0.697700 -0.713700 -0.061900
vn 0.623600 -0.776800 -0.087600
vn 0.711700 -0.700200 -0.056700
vn 0.711000 -0.703200 0.004000
v 0.166199 3.310064 0.384250
vn 0.702700 -0.711400 0.000600
vn 0.712800 -0.701300 0.004700
vn 0.700800 -0.713400 -0.000200
vn 0.701800 -0.712300 0.002000
v 0.182030 3.324903 0.093655
vn 0.726100 -0.687600 0.007100
vn 0.700800 -0.713400 0.001800
vn 0.727300 -0.686200 0.007400
v 0.185096 3.322039 0.384250
vt 0.538973 0.152458
vn -0.418000 0.908100 0.026000
v 0.195725 3.334629 0.093655
vt 0.510374 0.156640
vn -0.444700 0.895400 0.023500
v 0.183637 3.318689 0.475000
vt 0.554547 0.152108
vn -0.378200 0.924800 0.042400
v 0.186573 3.313977 0.553650
vt 0.567987 0.151494
vn -0.409900 0.909000 0.076000
v 0.186844 3.313437 0.553650
vn 0.483500 -0.872300 -0.072800
v 0.183908 3.318148 0.475000
vn 0.452900 -0.887800 -0.081900
vn 0.491700 -0.867900 -0.070300
vn 0.445000 -0.891600 -0.084200
vn 0.456800 -0.889300 -0.022600
v 0.185368 3.321498 0.384250
vn 0.502100 -0.864800 -0.008000
vn 0.446400 -0.894500 -0.025800
vn 0.512300 -0.858800 -0.004700
vn 0.513600 -0.857800 -0.018300
v 0.195997 3.334089 0.093655
vn 0.547600 -0.836600 -0.013000
vn 0.512200 -0.858700 -0.018500
vn 0.549500 -0.835400 -0.012700
v 0.205743 3.328976 0.384250
vt 0.538656 0.157587
vn -0.211600 0.976700 0.036000
v 0.211565 3.340395 0.093655
vt 0.510130 0.158040
vn -0.228100 0.973000 0.034200
v 0.204978 3.325323 0.475000
vt 0.554220 0.157185
vn -0.199100 0.979000 0.043000
v 0.207299 3.321350 0.553650
vt 0.567430 0.160486
vn -0.230900 0.971100 0.060600
v 0.207439 3.320761 0.553650
vn 0.327800 -0.942900 -0.059300
v 0.205117 3.324734 0.475000
vn 0.302500 -0.950800 -0.066300
vn 0.334500 -0.940600 -0.057400
vn 0.295900 -0.952800 -0.068100
vn 0.299700 -0.953400 -0.035000
v 0.205883 3.328387 0.384250
vn 0.314800 -0.948600 -0.030800
vn 0.296400 -0.954400 -0.035900
vn 0.318200 -0.947600 -0.029900
vn 0.319100 -0.947200 -0.030800
v 0.211705 3.339806 0.093655
vn 0.340700 -0.939700 -0.028300
vn 0.318200 -0.947500 -0.030900
vn 0.341900 -0.939300 -0.028200
v 0.228325 3.331288 0.384250
vt 0.538084 0.162149
vn -0.102000 0.994000 0.039300
v 0.228308 3.342351 0.093655
vt 0.509643 0.162448
vn -0.116000 0.992500 0.037800
v 0.228314 3.327486 0.475000
vt 0.553638 0.161727
vn -0.093000 0.994800 0.040700
v 0.228308 3.324191 0.553650
vt 0.567117 0.161361
vn -0.126200 0.990700 0.051700
v 0.228308 3.323585 0.553650
vn 0.126400 -0.991000 -0.043600
v 0.228314 3.326881 0.475000
vn 0.099000 -0.993800 -0.051000
vn 0.134000 -0.990100 -0.041500
vn 0.092000 -0.994300 -0.052900
vn 0.093600 -0.994800 -0.041300
v 0.228325 3.330682 0.384250
vn 0.100100 -0.994200 -0.039600
vn 0.092100 -0.994900 -0.041700
vn 0.101700 -0.994000 -0.039200
vn 0.102200 -0.994000 -0.037800
v 0.228308 3.341747 0.093655
vn 0.115300 -0.992600 -0.036700
vn 0.101700 -0.994100 -0.037900
vn 0.116000 -0.992600 -0.036700
v 0.245051 3.340395 0.093655
v 0.244911 3.339806 0.093655
v 0.138030 3.198022 0.460737
vn 0.986800 -0.157900 0.036000
vn 0.939600 -0.340200 0.037300
vn 0.986800 -0.157800 0.036000
vn 0.499400 0.866200 0.018800
vn 0.986800 -0.157800 0.036100
vn 0.188300 0.982000 0.014100
vn 0.499400 -0.865700 0.035000
vn 0.986800 -0.157800 0.035900
vn 0.001600 -0.999900 0.010800
vn 0.205000 -0.978700 0.006700
vn -0.952400 0.301800 -0.043100
vn 0.498200 -0.865800 -0.046300
v 0.291182 3.233452 0.093655
vn 0.915500 -0.386500 -0.111800
v 0.297858 3.248929 0.093655
vn 0.954700 -0.279300 -0.102300
v 0.319677 3.216912 0.384250
vn 0.977500 -0.192000 -0.087400
v 0.315572 3.197934 0.384035
vn 0.971100 -0.221900 -0.087500
v 0.326302 3.215711 0.475000
vn 0.959000 -0.275900 -0.065500
v 0.318848 3.197870 0.474785
vn 0.926300 -0.372100 -0.059000
v 0.331008 3.219110 0.517768
vn 0.984400 -0.145600 -0.098700
v 0.320468 3.198001 0.487156
vn 0.947000 -0.297600 -0.120900
vn -0.396000 -0.688500 0.607500
vn -0.228000 -0.762900 0.604900
v 0.330428 3.219284 0.517768
vn -0.229600 -0.762400 0.605100
v 0.319944 3.198304 0.487156
vn -0.397700 -0.687600 0.607500
vn -0.925600 0.367300 0.091300
vn -0.931100 0.357200 0.074100
v 0.325722 3.215886 0.475000
vn -0.926400 0.365900 0.088900
v 0.318324 3.198173 0.474785
vn -0.917000 0.381600 0.116000
vn -0.929900 0.361500 0.067600
vn -0.920600 0.383600 0.072300
v 0.319097 3.217085 0.384250
vn -0.971700 0.232900 0.040400
v 0.315048 3.198237 0.384035
vn -0.977200 0.209500 0.035400
vn -0.971700 0.215200 0.097200
vn -0.973400 0.208000 0.096000
v 0.297279 3.249103 0.093655
vn -0.914500 0.385300 0.123500
v 0.290658 3.233754 0.093655
vn -0.911100 0.393000 0.124600
v 0.300785 3.265530 0.093655
vn 0.995300 -0.051400 -0.082100
v 0.323158 3.237104 0.384250
vn 0.994900 -0.063900 -0.077700
v 0.329718 3.234787 0.475000
vn 0.997200 -0.047500 -0.058500
v 0.334409 3.237251 0.533883
vn 0.968400 0.232100 -0.091300
vn -0.188000 -0.635200 0.749100
vn -0.037800 -0.659600 0.750600
v 0.333806 3.237286 0.533883
vn -0.040100 -0.659400 0.750800
vn -0.190500 -0.634700 0.748900
vn -0.988500 0.129800 0.077600
vn -0.990100 0.119600 0.073900
v 0.329113 3.234822 0.475000
vn -0.982800 0.162100 0.089100
vn -0.980000 0.175500 0.093900
vn -0.981700 0.174900 0.075200
vn -0.981500 0.175800 0.075400
v 0.322554 3.237139 0.384250
vn -0.982600 0.170300 0.074200
vn -0.982800 0.169400 0.074000
vn -0.981300 0.169300 0.092100
vn -0.981300 0.169200 0.092100
v 0.300182 3.265565 0.093655
vn -0.980600 0.172700 0.092600
vn -0.980600 0.172900 0.092700
v 0.299805 3.282358 0.093655
vn 0.981700 0.180300 -0.060400
v 0.322179 3.258218 0.384250
vn 0.983700 0.169300 -0.060000
v 0.328541 3.254015 0.475000
vn 0.981000 0.192700 -0.022700
v 0.328399 3.256182 0.547032
vn 0.904600 0.425100 -0.030900
vn -0.030400 -0.579600 0.814300
vn 0.096500 -0.547000 0.831600
v 0.327803 3.256077 0.547032
vn 0.094400 -0.547600 0.831400
vn -0.033100 -0.580200 0.813800
vn -0.961500 -0.274300 0.018300
vn -0.951000 -0.309000 0.007400
v 0.327946 3.253910 0.475000
vn -0.991600 -0.110700 0.067400
vn -0.994800 -0.060800 0.081800
vn -0.996000 -0.058700 0.067600
vn -0.995900 -0.060900 0.067000
v 0.321583 3.258114 0.384250
vn -0.996400 -0.048100 0.070300
vn -0.996400 -0.046100 0.070800
vn -0.996300 -0.046600 0.072800
vn -0.996300 -0.046100 0.072900
v 0.299209 3.282253 0.093655
vn -0.995800 -0.057500 0.071100
vn -0.995800 -0.058100 0.071000
v 0.294971 3.298507 0.093655
vn 0.914800 0.402100 -0.038400
v 0.316204 3.277858 0.384250
vn 0.916700 0.397900 -0.035800
v 0.321828 3.274274 0.475000
vn 0.896200 0.443700 0.004200
v 0.318604 3.273629 0.553650
vn 0.830200 0.557100 0.020200
vn 0.059700 -0.326900 0.943200
vn 0.125300 -0.289600 0.948900
v 0.318049 3.273389 0.553650
vn 0.124100 -0.290300 0.948900
vn 0.057800 -0.327900 0.942900
vn -0.889700 -0.455300 -0.032800
vn -0.877000 -0.478900 -0.039900
v 0.321273 3.274033 0.475000
vn -0.939200 -0.343500 -0.000500
vn -0.949100 -0.314700 0.007600
vn -0.949200 -0.311000 0.047400
vn -0.948200 -0.314400 0.046300
v 0.315649 3.277619 0.384250
vn -0.954300 -0.294200 0.052500
vn -0.955300 -0.290600 0.053500
vn -0.955600 -0.290500 0.049200
vn -0.955500 -0.290700 0.049200
v 0.294415 3.298267 0.093655
vn -0.956700 -0.286600 0.049800
vn -0.956800 -0.286400 0.049900
v 0.286542 3.313106 0.093655
vn 0.797600 0.603000 -0.015700
v 0.306111 3.295484 0.384250
vn 0.793000 0.609100 -0.013000
v 0.309767 3.291864 0.475000
vn 0.771600 0.635400 0.028400
v 0.305244 3.290089 0.553650
vn 0.708300 0.704300 0.047600
v 0.304758 3.289727 0.553650
vn -0.783000 -0.619600 -0.055400
vn -0.774400 -0.630000 -0.058800
v 0.309282 3.291502 0.475000
vn -0.816100 -0.576500 -0.041800
vn -0.823800 -0.565500 -0.038400
vn -0.830900 -0.556200 0.014000
vn -0.824400 -0.565900 0.010600
v 0.305626 3.295123 0.384250
vn -0.861300 -0.507200 0.030600
vn -0.867300 -0.496600 0.034100
vn -0.867400 -0.496800 0.028300
vn -0.867500 -0.496700 0.028300
v 0.286057 3.312745 0.093655
vn -0.865800 -0.499600 0.027800
vn -0.865700 -0.499800 0.027700
v 0.274974 3.325367 0.093655
vn 0.637700 0.770200 0.006300
v 0.290805 3.310528 0.384250
vn 0.610100 0.792300 0.007200
v 0.293445 3.308457 0.475000
vn 0.590800 0.805700 0.042100
v 0.288687 3.303405 0.553650
vn 0.568500 0.819500 0.073100
v 0.288298 3.302942 0.553650
vn -0.640100 -0.763900 -0.082200
vn -0.623600 -0.776800 -0.087600
v 0.293056 3.307993 0.475000
vn -0.697700 -0.713700 -0.061900
vn -0.711700 -0.700200 -0.056700
vn -0.711000 -0.703200 0.004000
vn -0.712800 -0.701300 0.004700
v 0.290416 3.310064 0.384250
vn -0.702700 -0.711500 0.000600
vn -0.700800 -0.713400 -0.000200
vn -0.701800 -0.712400 0.002000
vn -0.700800 -0.713400 0.001700
v 0.274586 3.324903 0.093655
vn -0.726100 -0.687600 0.007100
vn -0.727300 -0.686200 0.007400
v 0.260891 3.334629 0.093655
vn 0.444700 0.895400 0.023500
v 0.271520 3.322039 0.384250
vn 0.418000 0.908100 0.026000
v 0.272980 3.318689 0.475000
vn 0.378200 0.924800 0.042400
v 0.270043 3.313977 0.553650
vn 0.409900 0.909000 0.076000
v 0.269772 3.313437 0.553650
vn -0.483500 -0.872300 -0.072800
vn -0.491700 -0.867900 -0.070300
v 0.272708 3.318148 0.475000
vn -0.452900 -0.887800 -0.081900
vn -0.445000 -0.891600 -0.084200
vn -0.456800 -0.889300 -0.022600
vn -0.446400 -0.894500 -0.025800
v 0.271249 3.321498 0.384250
vn -0.502100 -0.864800 -0.008000
vn -0.512300 -0.858800 -0.004700
vn -0.513700 -0.857800 -0.018200
vn -0.512200 -0.858700 -0.018500
v 0.260619 3.334089 0.093655
vn -0.547600 -0.836600 -0.013000
vn -0.549500 -0.835400 -0.012700
vn 0.228100 0.973000 0.034200
v 0.250873 3.328976 0.384250
vn 0.211600 0.976700 0.036000
v 0.251639 3.325323 0.475000
vn 0.199100 0.979000 0.043000
v 0.249317 3.321350 0.553650
vn 0.230900 0.971100 0.060600
v 0.249178 3.320761 0.553650
vn -0.327800 -0.942900 -0.059300
vn -0.334500 -0.940600 -0.057400
v 0.251500 3.324734 0.475000
vn -0.302500 -0.950800 -0.066300
vn -0.295900 -0.952800 -0.068100
vn -0.299700 -0.953400 -0.035000
vn -0.296400 -0.954400 -0.035900
v 0.250734 3.328387 0.384250
vn -0.314800 -0.948600 -0.030800
vn -0.318200 -0.947600 -0.029900
vn -0.319100 -0.947200 -0.030800
vn -0.318200 -0.947500 -0.030900
vn -0.340700 -0.939700 -0.028300
vn -0.341900 -0.939300 -0.028200
vn 0.116000 0.992500 0.037800
v 0.228291 3.331288 0.384250
vn 0.102000 0.994000 0.039300
v 0.228302 3.327486 0.475000
vn 0.093000 0.994800 0.040700
vn 0.126200 0.990700 0.051700
vn -0.126400 -0.991000 -0.043600
vn -0.134000 -0.990100 -0.041500
v 0.228302 3.326881 0.475000
vn -0.099000 -0.993800 -0.051000
vn -0.092000 -0.994300 -0.052900
vn -0.093600 -0.994800 -0.041300
vn -0.092100 -0.994900 -0.041700
v 0.228291 3.330682 0.384250
vn -0.100100 -0.994200 -0.039600
vn -0.101700 -0.994000 -0.039200
vn -0.102200 -0.994000 -0.037800
vn -0.101700 -0.994100 -0.037900
vn -0.115300 -0.992600 -0.036700
vn -0.116000 -0.992600 -0.036700
v 0.318586 3.198022 0.460737
vn -0.986800 -0.157800 0.036000
vn -0.939600 -0.340200 0.037300
vn -0.499600 0.866100 0.018800
vn -0.986800 -0.157900 0.035900
vn -0.188200 0.982000 0.014100
vn -0.499400 -0.865700 0.035000
vn -0.986800 -0.157800 0.036100
vn -0.001500 -0.999900 0.010800
vn -0.205000 -0.978700 0.006700
vn 0.952400 0.301800 -0.043100
vn -0.986800 -0.157700 0.036000
vn -0.498200 -0.865900 -0.046300
v 0.228308 3.269752 0.099705
vt 0.783477 0.322715
v 0.156918 3.269752 0.099705
vt 0.868388 0.322715
v 0.158478 3.254909 0.099705
vt 0.866533 0.297653
v 0.163090 3.240714 0.099705
vt 0.861047 0.273686
v 0.170552 3.227790 0.099705
vt 0.852172 0.251861
v 0.180539 3.216698 0.099705
vt 0.840294 0.233132
v 0.192613 3.207926 0.099705
vt 0.825932 0.218321
v 0.206247 3.201856 0.099705
vt 0.809716 0.208070
v 0.220846 3.198753 0.099705
vt 0.792352 0.202830
v 0.235770 3.198753 0.099705
vt 0.774600 0.202830
v 0.250369 3.201856 0.099705
vt 0.757238 0.208070
v 0.264003 3.207926 0.099705
vt 0.741020 0.218321
v 0.276077 3.216698 0.099705
vt 0.726659 0.233132
v 0.286064 3.227790 0.099705
vt 0.714781 0.251861
v 0.293526 3.240714 0.099705
vt 0.705904 0.273686
v 0.298138 3.254909 0.099705
vt 0.700420 0.297653
v 0.299698 3.269752 0.099705
vt 0.698563 0.322715
v 0.298138 3.284594 0.099705
vt 0.700420 0.347778
v 0.293526 3.298789 0.099705
vt 0.705904 0.371746
v 0.286064 3.311713 0.099705
vt 0.714781 0.393569
v 0.276077 3.322805 0.099705
vt 0.726659 0.412298
v 0.264003 3.331577 0.099705
vt 0.741020 0.427109
v 0.250369 3.337647 0.099705
vt 0.757238 0.437361
v 0.235770 3.340750 0.099705
vt 0.774600 0.442601
v 0.220846 3.340750 0.099705
vt 0.792352 0.442601
v 0.206247 3.337647 0.099705
vt 0.809716 0.437361
v 0.192613 3.331577 0.099705
vt 0.825932 0.427109
v 0.180539 3.322805 0.099705
vt 0.840294 0.412298
v 0.170552 3.311713 0.099705
vt 0.852172 0.393569
v 0.163090 3.298789 0.099705
vt 0.861047 0.371744
v 0.158478 3.284594 0.099705
vt 0.866533 0.347778
vt 0.668730 0.226501
vn -1.000000 -0.000000 -0.000000
v 0.156918 3.269752 0.093655
v 0.158478 3.254909 0.093655
vt 0.667920 0.215655
vn -0.978100 -0.207900 -0.000000
vn -0.978200 -0.207900 -0.000000
v 0.163090 3.240714 0.093655
vt 0.665523 0.205283
vn -0.913500 -0.406700 -0.000000
v 0.170552 3.227790 0.093655
vt 0.661646 0.195839
vn -0.809000 -0.587800 -0.000000
v 0.180539 3.216698 0.093655
vt 0.656457 0.187734
vn -0.669100 -0.743100 -0.000000
v 0.192613 3.207926 0.093655
vt 0.650183 0.181324
vn -0.500000 -0.866000 -0.000000
v 0.206247 3.201856 0.093655
vt 0.643099 0.176888
vn -0.309000 -0.951100 -0.000000
v 0.220846 3.198753 0.093655
vt 0.635514 0.174621
vn -0.104500 -0.994500 -0.000000
v 0.235770 3.198753 0.093655
vt 0.627759 0.174621
vn 0.104500 -0.994500 -0.000000
v 0.250369 3.201856 0.093655
vt 0.620174 0.176888
vn 0.309000 -0.951100 -0.000000
v 0.264003 3.207926 0.093655
vt 0.613089 0.181324
vn 0.500000 -0.866000 -0.000000
v 0.276077 3.216698 0.093655
vt 0.606816 0.187734
vn 0.669100 -0.743100 -0.000000
v 0.286064 3.227790 0.093655
vt 0.601627 0.195839
vn 0.809000 -0.587800 -0.000000
v 0.293526 3.240714 0.093655
vt 0.597749 0.205283
vn 0.913500 -0.406700 -0.000000
v 0.298138 3.254909 0.093655
vt 0.595353 0.215655
vn 0.978200 -0.207900 -0.000000
vn 0.978100 -0.207900 -0.000000
v 0.299698 3.269752 0.093655
vt 0.594542 0.226501
vn 1.000000 -0.000000 -0.000000
v 0.298138 3.284594 0.093655
vt 0.595353 0.237347
vn 0.978100 0.207900 -0.000000
v 0.293526 3.298789 0.093655
vt 0.597749 0.247719
vn 0.913500 0.406700 -0.000000
v 0.286064 3.311713 0.093655
vt 0.601627 0.257164
vn 0.809000 0.587800 -0.000000
v 0.276077 3.322805 0.093655
vt 0.606816 0.265269
vn 0.669100 0.743100 -0.000000
v 0.264003 3.331577 0.093655
vt 0.613089 0.271679
vn 0.500000 0.866000 -0.000000
v 0.250369 3.337647 0.093655
vt 0.620174 0.276115
vn 0.309000 0.951100 -0.000000
v 0.235770 3.340750 0.093655
vt 0.627759 0.278382
vn 0.104500 0.994500 -0.000000
v 0.220846 3.340750 0.093655
vt 0.635514 0.278382
vn -0.104500 0.994500 -0.000000
v 0.206247 3.337647 0.093655
vt 0.643099 0.276115
vn -0.309000 0.951100 -0.000000
v 0.192613 3.331577 0.093655
vt 0.650183 0.271679
vn -0.500000 0.866000 -0.000000
v 0.180539 3.322805 0.093655
vt 0.656457 0.265269
vn -0.669100 0.743100 -0.000000
v 0.170552 3.311713 0.093655
vt 0.661646 0.257164
vn -0.809000 0.587800 -0.000000
v 0.163090 3.298789 0.093655
vt 0.665523 0.247719
vn -0.913500 0.406700 -0.000000
v 0.158478 3.284594 0.093655
vt 0.667920 0.237347
vn -0.978100 0.207900 -0.000000
v 0.228308 3.269752 0.093655
vt 0.631636 0.226501
v 0.324368 3.266620 0.384644
vt 0.551053 0.326377
vn 0.128500 0.968100 -0.214900
v 0.443219 3.184308 0.084880
vt 0.561644 0.334238
v 0.437583 3.184571 0.082695
vt 0.561817 0.326377
v 0.330003 3.266357 0.386828
vt 0.550880 0.334238
v 0.322035 3.249047 0.388544
vn -0.128300 -0.968200 0.215000
v 0.440887 3.166737 0.088781
vn -0.128500 -0.968100 0.214900
v 0.327671 3.248785 0.390729
vn -0.128800 -0.968100 0.214800
v 0.435251 3.167000 0.086596
vn -0.340200 0.246600 0.907400
vn -0.340300 0.246600 0.907400
vn 0.931500 -0.043500 0.361100
vn -0.931500 0.043500 -0.361100
v 0.129825 3.267101 0.385538
vn -0.049900 0.968100 -0.245400
v 0.015588 3.184789 0.083985
vn -0.049800 0.968100 -0.245400
v 0.009953 3.185053 0.086170
v 0.135461 3.266838 0.383354
v 0.130731 3.249529 0.389991
vn 0.049900 -0.968100 0.245400
v 0.016495 3.167218 0.088439
v 0.136367 3.249266 0.387807
v 0.010858 3.167481 0.090623
vn 0.360200 0.246600 0.899700
vn 0.360500 0.246600 0.899600
vn 0.931500 -0.043500 -0.361100
vn 0.931500 -0.043400 -0.361100
vn -0.931500 0.043500 0.361100
v 0.165435 3.048927 0.093655
v 0.136939 3.032387 0.384250
v 0.158758 3.064405 0.093655
v 0.141044 3.013409 0.384035
v 0.130314 3.031187 0.475000
v 0.137768 3.013346 0.474785
v 0.125608 3.034586 0.517768
v 0.136148 3.013476 0.487156
vn -0.947000 -0.297500 -0.120900
vn 0.395300 -0.688900 0.607600
v 0.126188 3.034759 0.517768
vn 0.229600 -0.762600 0.604700
vn 0.227800 -0.763200 0.604600
v 0.136672 3.013779 0.487156
vn 0.396900 -0.688100 0.607500
v 0.130894 3.031361 0.475000
v 0.138292 3.013648 0.474785
v 0.137519 3.032560 0.384250
v 0.141568 3.013712 0.384035
v 0.159338 3.064578 0.093655
v 0.165959 3.049229 0.093655
v 0.133458 3.052579 0.384250
v 0.155831 3.081005 0.093655
v 0.126899 3.050262 0.475000
v 0.122207 3.052726 0.533883
vn 0.186800 -0.635500 0.749200
v 0.122811 3.052761 0.533883
vn 0.040000 -0.659400 0.750700
vn 0.037800 -0.659600 0.750600
vn 0.189200 -0.635000 0.749000
v 0.127503 3.050297 0.475000
v 0.134062 3.052614 0.384250
v 0.156435 3.081040 0.093655
v 0.134438 3.073693 0.384250
v 0.156811 3.097834 0.093655
v 0.128075 3.069490 0.475000
v 0.128218 3.071657 0.547032
vn 0.031200 -0.579600 0.814300
v 0.128813 3.071552 0.547032
vn -0.097200 -0.546800 0.831600
vn 0.033700 -0.580200 0.813800
v 0.128671 3.069385 0.475000
v 0.135033 3.073588 0.384250
v 0.157407 3.097729 0.093655
v 0.140412 3.093333 0.384250
v 0.161646 3.113982 0.093655
v 0.134788 3.089749 0.475000
v 0.138012 3.089104 0.553650
vn -0.059400 -0.327000 0.943200
v 0.138567 3.088865 0.553650
vn -0.123400 -0.290600 0.948900
vn -0.124900 -0.289800 0.948900
vn -0.058300 -0.327800 0.942900
vn 0.889800 -0.455300 -0.032800
v 0.135343 3.089508 0.475000
v 0.140967 3.093094 0.384250
v 0.162201 3.113742 0.093655
vn 0.955600 -0.290700 0.049200
v 0.150505 3.110959 0.384250
v 0.170074 3.128580 0.093655
v 0.146849 3.107338 0.475000
v 0.151373 3.105563 0.553650
v 0.151858 3.105202 0.553650
v 0.147334 3.106977 0.475000
vn 0.823900 -0.565500 -0.038400
v 0.150990 3.110597 0.384250
vn 0.867400 -0.496900 0.028300
v 0.170559 3.128219 0.093655
vn 0.865800 -0.499700 0.027800
vn 0.867400 -0.496700 0.028300
v 0.165811 3.126003 0.384250
v 0.181641 3.140841 0.093655
vn -0.637800 0.770200 0.006300
v 0.163171 3.123932 0.475000
v 0.167930 3.118881 0.553650
vn -0.568500 0.819400 0.073100
v 0.168318 3.118417 0.553650
v 0.163560 3.123468 0.475000
v 0.166199 3.125539 0.384250
vn 0.702800 -0.711400 0.000600
vn 0.712800 -0.701400 0.004700
vn 0.700800 -0.713300 -0.000200
vn 0.701900 -0.712300 0.002000
v 0.182030 3.140378 0.093655
vn 0.726100 -0.687500 0.007100
vn 0.700800 -0.713300 0.001800
vn 0.727400 -0.686200 0.007400
v 0.185096 3.137514 0.384250
v 0.195725 3.150105 0.093655
v 0.183637 3.134164 0.475000
v 0.186573 3.129452 0.553650
vn -0.409800 0.909000 0.075900
v 0.186844 3.128912 0.553650
v 0.183908 3.133623 0.475000
v 0.185368 3.136973 0.384250
v 0.195997 3.149564 0.093655
v 0.205743 3.144451 0.384250
v 0.211565 3.155870 0.093655
v 0.204978 3.140798 0.475000
v 0.207299 3.136825 0.553650
v 0.207439 3.136237 0.553650
vn 0.327900 -0.942900 -0.059300
v 0.205117 3.140210 0.475000
vn 0.302600 -0.950800 -0.066300
v 0.205883 3.143862 0.384250
v 0.211705 3.155281 0.093655
v 0.228325 3.146763 0.384250
v 0.228308 3.157827 0.093655
v 0.228314 3.142961 0.475000
v 0.228308 3.139665 0.553650
v 0.228308 3.139060 0.553650
vn 0.126300 -0.991000 -0.043600
v 0.228314 3.142356 0.475000
vn 0.133900 -0.990100 -0.041500
vn 0.092000 -0.994400 -0.052900
vn 0.093500 -0.994800 -0.041300
v 0.228325 3.146158 0.384250
vn 0.100200 -0.994200 -0.039500
vn 0.092000 -0.994900 -0.041700
vn 0.101700 -0.994000 -0.039100
v 0.228308 3.157222 0.093655
v 0.245051 3.155870 0.093655
v 0.244911 3.155281 0.093655
v 0.138030 3.013497 0.460737
vn 0.986800 -0.157600 0.035900
vn 0.499400 0.866200 0.018600
vn 0.986800 -0.157700 0.035900
vn 0.186600 0.982300 0.014000
vn 0.499400 -0.865700 0.034900
vn 0.001400 -0.999900 0.010700
vn 0.499900 -0.864800 -0.046200
v 0.291182 3.048927 0.093655
vn 0.915500 -0.386400 -0.111800
v 0.297858 3.064405 0.093655
v 0.319677 3.032387 0.384250
v 0.315572 3.013409 0.384035
v 0.326302 3.031187 0.475000
v 0.318848 3.013346 0.474785
v 0.331008 3.034586 0.517768
v 0.320468 3.013476 0.487156
vn 0.947000 -0.297500 -0.120900
vn -0.395300 -0.689000 0.607500
vn -0.227800 -0.763200 0.604700
v 0.330428 3.034759 0.517768
vn -0.229100 -0.762700 0.604800
v 0.319944 3.013779 0.487156
vn -0.396900 -0.688100 0.607400
v 0.325722 3.031361 0.475000
v 0.318324 3.013648 0.474785
v 0.319097 3.032560 0.384250
v 0.315048 3.013712 0.384035
v 0.297279 3.064578 0.093655
v 0.290658 3.049229 0.093655
v 0.300785 3.081005 0.093655
v 0.323158 3.052579 0.384250
v 0.329718 3.050262 0.475000
v 0.334409 3.052726 0.533883
vn -0.186800 -0.635500 0.749200
vn -0.037700 -0.659600 0.750700
v 0.333806 3.052761 0.533883
vn -0.039900 -0.659300 0.750800
vn -0.189200 -0.635000 0.749000
v 0.329113 3.050297 0.475000
v 0.322554 3.052614 0.384250
v 0.300182 3.081040 0.093655
v 0.299805 3.097834 0.093655
v 0.322179 3.073693 0.384250
v 0.328541 3.069490 0.475000
v 0.328399 3.071657 0.547032
vn -0.031200 -0.579700 0.814300
vn 0.097100 -0.546800 0.831600
v 0.327803 3.071552 0.547032
vn 0.094800 -0.547500 0.831400
vn -0.033800 -0.580200 0.813800
v 0.327946 3.069385 0.475000
v 0.321583 3.073588 0.384250
v 0.299209 3.097729 0.093655
v 0.294971 3.113982 0.093655
v 0.316204 3.093333 0.384250
v 0.321828 3.089749 0.475000
v 0.318604 3.089104 0.553650
vn 0.059800 -0.327000 0.943100
vn 0.124400 -0.289700 0.949000
v 0.318049 3.088865 0.553650
vn 0.123400 -0.290500 0.948900
vn 0.058200 -0.327900 0.942900
vn -0.889800 -0.455300 -0.032800
v 0.321273 3.089508 0.475000
v 0.315649 3.093094 0.384250
vn -0.955600 -0.290700 0.049200
v 0.294415 3.113742 0.093655
v 0.286542 3.128580 0.093655
vn 0.797500 0.603100 -0.015700
v 0.306111 3.110959 0.384250
v 0.309767 3.107338 0.475000
v 0.305244 3.105563 0.553650
v 0.304758 3.105202 0.553650
v 0.309282 3.106977 0.475000
vn -0.823900 -0.565500 -0.038400
v 0.305626 3.110597 0.384250
vn -0.867400 -0.496900 0.028300
vn -0.867400 -0.496700 0.028300
v 0.286057 3.128219 0.093655
vn -0.865800 -0.499700 0.027800
v 0.274974 3.140841 0.093655
vn 0.637800 0.770200 0.006300
v 0.290805 3.126003 0.384250
v 0.293445 3.123932 0.475000
v 0.288687 3.118881 0.553650
v 0.288298 3.118417 0.553650
v 0.293056 3.123468 0.475000
v 0.290416 3.125539 0.384250
vn -0.702700 -0.711400 0.000600
vn -0.701800 -0.712300 0.002000
v 0.274586 3.140378 0.093655
vn -0.727400 -0.686200 0.007400
v 0.260891 3.150105 0.093655
v 0.271520 3.137514 0.384250
v 0.272980 3.134164 0.475000
v 0.270043 3.129452 0.553650
vn 0.409800 0.909000 0.075900
v 0.269772 3.128912 0.553650
v 0.272708 3.133623 0.475000
v 0.271249 3.136973 0.384250
v 0.260619 3.149564 0.093655
v 0.250873 3.144451 0.384250
v 0.251639 3.140798 0.475000
v 0.249317 3.136825 0.553650
vt 0.567668 0.156713
v 0.249178 3.136237 0.553650
vn -0.327900 -0.942900 -0.059300
vn -0.334600 -0.940600 -0.057400
v 0.251500 3.140210 0.475000
vn -0.302600 -0.950800 -0.066300
v 0.250734 3.143862 0.384250
v 0.228291 3.146763 0.384250
v 0.228302 3.142961 0.475000
vn -0.126300 -0.991000 -0.043600
vn -0.133900 -0.990100 -0.041500
v 0.228302 3.142356 0.475000
vn -0.092000 -0.994400 -0.052900
vn -0.093500 -0.994800 -0.041300
vn -0.092000 -0.994900 -0.041700
v 0.228291 3.146158 0.384250
vn -0.100200 -0.994200 -0.039500
vn -0.101700 -0.994000 -0.039100
v 0.318586 3.013497 0.460737
vn -0.986800 -0.157700 0.035900
vn -0.499600 0.866100 0.018600
vn -0.986800 -0.157800 0.035900
vn -0.186700 0.982300 0.014000
vn -0.499400 -0.865700 0.034900
vn -0.001300 -0.999900 0.010700
vn -0.986800 -0.157600 0.036000
vn -0.500000 -0.864800 -0.046200
v 0.228308 3.085227 0.099705
v 0.156918 3.085227 0.099705
v 0.158478 3.070384 0.099705
v 0.163090 3.056190 0.099705
v 0.170552 3.043265 0.099705
v 0.180539 3.032173 0.099705
v 0.192613 3.023401 0.099705
v 0.206247 3.017331 0.099705
v 0.220846 3.014228 0.099705
v 0.235770 3.014228 0.099705
v 0.250369 3.017331 0.099705
v 0.264003 3.023401 0.099705
v 0.276077 3.032173 0.099705
v 0.286064 3.043265 0.099705
v 0.293526 3.056190 0.099705
v 0.298138 3.070384 0.099705
v 0.299698 3.085227 0.099705
v 0.298138 3.100069 0.099705
v 0.293526 3.114264 0.099705
v 0.286064 3.127189 0.099705
v 0.276077 3.138280 0.099705
v 0.264003 3.147052 0.099705
v 0.250369 3.153122 0.099705
v 0.235770 3.156226 0.099705
v 0.220846 3.156226 0.099705
v 0.206247 3.153122 0.099705
v 0.192613 3.147052 0.099705
v 0.180539 3.138280 0.099705
v 0.170552 3.127189 0.099705
v 0.163090 3.114264 0.099705
v 0.158478 3.100069 0.099705
v 0.156918 3.085227 0.093655
v 0.158478 3.070384 0.093655
v 0.163090 3.056190 0.093655
v 0.170552 3.043265 0.093655
v 0.180539 3.032173 0.093655
v 0.192613 3.023401 0.093655
v 0.206247 3.017331 0.093655
v 0.220846 3.014228 0.093655
v 0.235770 3.014228 0.093655
v 0.250369 3.017331 0.093655
v 0.264003 3.023401 0.093655
v 0.276077 3.032173 0.093655
v 0.286064 3.043265 0.093655
v 0.293526 3.056190 0.093655
v 0.298138 3.070384 0.093655
v 0.299698 3.085227 0.093655
v 0.298138 3.100069 0.093655
v 0.293526 3.114264 0.093655
vn 0.913600 0.406700 -0.000000
v 0.286064 3.127189 0.093655
v 0.276077 3.138280 0.093655
vn 0.669100 0.743200 -0.000000
v 0.264003 3.147052 0.093655
v 0.250369 3.153122 0.093655
vn 0.309000 0.951000 -0.000000
v 0.235770 3.156226 0.093655
vn 0.104600 0.994500 -0.000000
v 0.220846 3.156226 0.093655
vn -0.104600 0.994500 -0.000000
v 0.206247 3.153122 0.093655
vn -0.309000 0.951000 -0.000000
v 0.192613 3.147052 0.093655
v 0.180539 3.138280 0.093655
vn -0.669100 0.743200 -0.000000
v 0.170552 3.127189 0.093655
v 0.163090 3.114264 0.093655
vn -0.913600 0.406700 -0.000000
v 0.158478 3.100069 0.093655
v 0.228308 3.085227 0.093655
v 0.126613 3.120837 0.386828
vn 0.128600 0.968100 0.214800
v 0.019033 3.202623 0.082695
vn 0.128400 0.968200 0.214900
v 0.013398 3.202885 0.084880
v 0.132249 3.120573 0.384644
v 0.124281 3.103264 0.382928
vn -0.128400 -0.968200 -0.214900
v 0.016701 3.185051 0.078795
vn -0.128500 -0.968100 -0.214900
v 0.129916 3.103002 0.380743
vn -0.128700 -0.968100 -0.214900
v 0.011065 3.185314 0.080980
vn 0.340200 -0.246600 0.907500
vn 0.340300 -0.246600 0.907400
vn 0.340400 -0.246600 0.907400
vn 0.340400 -0.246500 0.907400
v 0.321038 3.120837 0.383353
vn -0.049700 0.968100 0.245400
v 0.446548 3.202623 0.086171
vn -0.050100 0.968200 0.245300
v 0.440912 3.202885 0.083986
v 0.326674 3.120573 0.385537
v 0.321944 3.103264 0.378900
vn 0.050100 -0.968200 -0.245300
v 0.447454 3.185051 0.081717
vn 0.049900 -0.968100 -0.245400
v 0.327580 3.103002 0.381085
v 0.441819 3.185314 0.079533
vn -0.360200 -0.246500 0.899700
vn -0.360300 -0.246600 0.899700
vn -0.931500 0.043400 -0.361100
v 0.150626 3.072922 0.093653
vt 0.224510 0.275993
vn -0.987700 -0.156500 -0.000000
v 0.150626 3.072922 -0.012222
vt 0.224343 0.244132
vn -0.987700 -0.156400 -0.000000
v 0.158230 3.049520 -0.012222
vt 0.231093 0.244062
vn -0.891000 -0.454000 -0.000000
v 0.158230 3.049520 0.093653
vt 0.231253 0.274535
v 0.172694 3.029612 -0.012222
vt 0.235110 0.244020
vn -0.707100 -0.707100 -0.000000
v 0.172694 3.029612 0.093653
vt 0.235269 0.274354
v 0.192602 3.015148 -0.012222
vt 0.235562 0.267344
vn -0.454000 -0.891000 -0.000000
v 0.192602 3.015148 0.093653
vt 0.235588 0.272406
v 0.216004 3.007544 -0.012222
vt 0.241661 0.263008
vn -0.156400 -0.987700 -0.000000
v 0.216004 3.007544 0.093653
vt 0.241709 0.272204
v 0.240611 3.007544 -0.012222
vt 0.248112 0.267214
vn 0.156400 -0.987700 -0.000000
v 0.240611 3.007544 0.093653
vt 0.248138 0.272137
v 0.264015 3.015148 -0.012222
vn 0.454000 -0.891000 -0.000000
v 0.264015 3.015148 0.093653
v 0.283922 3.029612 -0.012222
vn 0.707100 -0.707100 -0.000000
v 0.283922 3.029612 0.093653
v 0.298386 3.049520 -0.012222
vn 0.891000 -0.454000 -0.000000
v 0.298386 3.049520 0.093653
v 0.305990 3.072922 -0.012222
vn 0.987700 -0.156400 -0.000000
v 0.305990 3.072922 0.093653
vn 0.987700 -0.156500 -0.000000
v 0.305990 3.282598 -0.012525
vt 0.122960 0.245084
vn 0.987700 0.156500 -0.000000
v 0.305990 3.282598 0.093350
vt 0.123126 0.276756
vn 0.987700 0.156400 -0.000000
v 0.298386 3.306002 -0.012525
vt 0.116210 0.245154
vn 0.891000 0.454000 -0.000000
v 0.298386 3.306002 0.093350
vt 0.116376 0.276826
v 0.283922 3.325909 -0.012525
vt 0.110121 0.245217
vn 0.707100 0.707100 -0.000000
v 0.283922 3.325909 0.093350
vt 0.110287 0.276890
v 0.264015 3.340372 -0.012525
vt 0.105288 0.245267
vn 0.454000 0.891000 -0.000000
v 0.264015 3.340372 0.093350
vt 0.105454 0.276940
v 0.240611 3.347976 -0.012525
vt 0.102186 0.245299
vn 0.156400 0.987700 -0.000000
v 0.240611 3.347976 0.093350
vt 0.102352 0.276972
v 0.216004 3.347976 -0.012525
vt 0.101117 0.245310
vn -0.156400 0.987700 -0.000000
v 0.216004 3.347976 0.093350
vt 0.101283 0.276983
v 0.192602 3.340372 -0.012525
vn -0.454000 0.891000 -0.000000
v 0.192602 3.340372 0.093350
v 0.172694 3.325909 -0.012525
vn -0.707100 0.707100 -0.000000
v 0.172694 3.325909 0.093350
v 0.158230 3.306001 -0.012525
vn -0.891000 0.454000 -0.000000
v 0.158230 3.306001 0.093350
v 0.150626 3.282598 -0.012525
vn -0.987700 0.156500 -0.000000
v 0.150626 3.282598 0.093350
vn -0.987700 0.156400 -0.000000
v 0.228308 3.085226 -0.012222
vn -0.000000 -0.000700 -1.000000
vn 0.000100 -0.000700 -1.000000
vn -0.000100 -0.000700 -1.000000
vn -0.001900 -0.000800 -1.000000
vn -0.001500 -0.000900 -1.000000
vn -0.000900 -0.001000 -1.000000
vn -0.000500 -0.001100 -1.000000
vn -0.000200 -0.001100 -1.000000
vn 0.000200 -0.001100 -1.000000
vn 0.000500 -0.001100 -1.000000
vn 0.000900 -0.001000 -1.000000
vn 0.001500 -0.000900 -1.000000
vn 0.001900 -0.000800 -1.000000
v 0.228308 3.085226 -0.011617
vt 0.211179 0.576965
vn -0.000000 0.000700 1.000000
v 0.150643 3.072901 -0.011617
vt 0.173567 0.567659
vn -0.000100 0.000700 1.000000
v 0.158232 3.049527 -0.011617
vt 0.178785 0.552153
v 0.172684 3.029602 -0.011617
vt 0.185700 0.538922
v 0.192577 3.015142 -0.011617
vt 0.195800 0.530773
v 0.216005 3.007530 -0.011617
vt 0.206538 0.527877
v 0.240572 3.007542 -0.011617
vt 0.217308 0.527194
v 0.264024 3.015156 -0.011617
vt 0.228707 0.532218
v 0.283932 3.029611 -0.011617
vt 0.237613 0.540214
v 0.298372 3.049479 -0.011617
vt 0.244181 0.553739
v 0.305990 3.072911 -0.011617
vt 0.247534 0.569583
vn 0.000100 0.000700 1.000000
v 0.306000 3.282479 -0.011920
vt 0.244156 0.834566
vn 0.001900 0.000800 1.000000
v 0.298377 3.305856 -0.011920
vt 0.240398 0.850196
vn 0.001500 0.000900 1.000000
v 0.283888 3.325819 -0.011920
vt 0.233466 0.863452
vn 0.000900 0.001000 1.000000
v 0.264066 3.340203 -0.011920
vt 0.224092 0.872894
vn 0.000500 0.001100 1.000000
v 0.240611 3.347826 -0.011920
vt 0.213081 0.877749
vn 0.000200 0.001100 1.000000
v 0.216018 3.347826 -0.011920
vt 0.201606 0.877465
vn -0.000200 0.001100 1.000000
v 0.192614 3.340243 -0.011920
vt 0.190749 0.872096
vn -0.000500 0.001100 1.000000
v 0.172674 3.325752 -0.011920
vt 0.181569 0.862121
vn -0.000900 0.001000 1.000000
v 0.158239 3.305869 -0.011920
vt 0.175003 0.848586
vn -0.001500 0.000900 1.000000
v 0.150626 3.282469 -0.011920
vt 0.171651 0.832764
vn -0.001900 0.000800 1.000000
vn -0.264300 -0.042600 -0.963500
v 0.204406 3.081440 -0.026742
vt 0.200057 0.574144
v 0.206746 3.074239 -0.026742
vt 0.201211 0.569330
vn -0.238500 -0.121500 -0.963500
vn -0.238500 -0.121400 -0.963500
v 0.211196 3.068114 -0.026742
vt 0.203340 0.565261
vn -0.189300 -0.189200 -0.963500
vn -0.189300 -0.189100 -0.963500
v 0.217321 3.063664 -0.026742
vt 0.206237 0.562340
vn -0.121500 -0.238400 -0.963500
v 0.224523 3.061324 -0.026742
vt 0.209617 0.560851
vn -0.041900 -0.264300 -0.963500
vn -0.041800 -0.264300 -0.963500
v 0.232094 3.061324 -0.026742
vt 0.213150 0.560938
vn 0.041900 -0.264300 -0.963500
vn 0.041900 -0.264400 -0.963500
v 0.239295 3.063664 -0.026742
vt 0.216491 0.562594
vn 0.121500 -0.238500 -0.963500
v 0.245420 3.068114 -0.026742
vt 0.219311 0.565657
vn 0.189200 -0.189200 -0.963500
vn 0.189200 -0.189300 -0.963500
v 0.249870 3.074239 -0.026742
vt 0.221335 0.569828
vn 0.238500 -0.121500 -0.963500
vn 0.238400 -0.121500 -0.963500
v 0.252210 3.081440 -0.026742
vt 0.222365 0.574697
vn 0.264200 -0.042600 -0.963500
vn 0.264300 -0.042600 -0.963500
v 0.252210 3.273934 -0.027045
vt 0.219128 0.828199
vn 0.264400 0.041100 -0.963500
vn 0.264400 0.041300 -0.963500
v 0.249870 3.281135 -0.027045
vt 0.217975 0.833014
vn 0.238400 0.121500 -0.963500
vn 0.238500 0.121600 -0.963500
v 0.245420 3.287260 -0.027045
vt 0.215846 0.837081
vn 0.189300 0.189200 -0.963500
vn 0.189200 0.189200 -0.963500
v 0.239295 3.291711 -0.027045
vt 0.212949 0.840003
vn 0.121500 0.238500 -0.963500
v 0.232094 3.294051 -0.027045
vt 0.209569 0.841492
vn 0.041900 0.264400 -0.963500
v 0.224523 3.294051 -0.027045
vt 0.206035 0.841405
vn -0.041900 0.264400 -0.963500
vn -0.041800 0.264400 -0.963500
v 0.217321 3.291711 -0.027045
vt 0.202696 0.839749
vn -0.121500 0.238500 -0.963500
vn -0.121400 0.238500 -0.963500
v 0.211196 3.287260 -0.027045
vt 0.199875 0.836686
vn -0.189200 0.189200 -0.963500
vn -0.189300 0.189200 -0.963500
v 0.206746 3.281135 -0.027045
vt 0.197851 0.832516
vn -0.238500 0.121500 -0.963500
v 0.204406 3.273934 -0.027045
vt 0.196821 0.827646
vn -0.264500 0.041100 -0.963500
vn -0.264400 0.041200 -0.963500
v 0.228308 3.085226 -0.026742
vn -0.000000 -0.000900 -1.000000
vn 0.000100 -0.000800 -1.000000
vn -0.000100 -0.000800 -1.000000
vn -0.003400 -0.001200 -1.000000
vn -0.002100 -0.001300 -1.000000
vn -0.001200 -0.001400 -1.000000
vn -0.000700 -0.001400 -1.000000
vn -0.000200 -0.001400 -1.000000
vn 0.000200 -0.001400 -1.000000
vn 0.000700 -0.001400 -1.000000
vn 0.001200 -0.001400 -1.000000
vn 0.002100 -0.001300 -1.000000
vn 0.003400 -0.001200 -1.000000
v 0.298244 3.194732 -0.005365
vt 0.247288 0.764747
v 0.455428 3.194732 0.085385
vt 0.347376 0.756837
v 0.458453 3.194732 0.080145
v 0.301269 3.194732 -0.010605
v 0.298244 3.176582 -0.005365
vt 0.247471 0.781974
v 0.301269 3.176582 -0.010605
v 0.458453 3.176582 0.080145
vt 0.348125 0.774797
v 0.455428 3.176582 0.085385
vn -0.866000 -0.000000 -0.500000
vn 0.500000 -0.000000 -0.866000
vn -0.500000 -0.000000 0.866000
v 0.158373 3.194731 -0.005365
v -0.001836 3.194731 0.080145
v 0.001189 3.194731 0.085385
v 0.155348 3.194731 -0.010605
v 0.158373 3.176582 -0.005365
v -0.001836 3.176582 0.080145
v 0.155348 3.176582 -0.010605
v 0.001189 3.176582 0.085385
vn 0.866000 -0.000000 -0.500000
vn -0.500000 -0.000000 -0.866000
vn 0.500000 -0.000000 0.866000
v 0.228308 3.085225 0.084578
vt 0.871576 0.717360
v -0.019110 3.004835 0.084578
vt 0.973076 0.561458
v -0.030417 3.058033 0.084578
vt 0.976585 0.592991
v 0.003012 2.955151 0.084578
vt 0.960366 0.524208
v 0.034979 2.911151 0.084578
vt 0.948174 0.499643
v 0.075396 2.874759 0.084578
vt 0.932347 0.478222
v 0.122495 2.847566 0.084578
vt 0.914702 0.462794
v 0.174220 2.830761 0.084578
vt 0.894792 0.453332
v 0.228308 2.825076 0.084578
vt 0.873743 0.449418
v 0.282396 2.830761 0.084578
vt 0.894785 0.453304
v 0.334121 2.847566 0.084578
vt 0.914708 0.462738
v 0.381221 2.874760 0.084578
vt 0.932350 0.478173
v 0.421638 2.911151 0.084578
vt 0.948172 0.499648
v 0.453605 2.955151 0.084578
vt 0.960366 0.524222
v 0.475726 3.004835 0.084578
vt 0.973071 0.561445
v 0.487033 3.058033 0.084578
vt 0.976583 0.592968
v 0.487033 3.296795 0.084578
vt 0.973204 0.842095
v 0.475726 3.349992 0.084578
vt 0.970067 0.865820
v 0.453605 3.399677 0.084578
vt 0.961644 0.893895
v 0.421638 3.443676 0.084578
vt 0.950678 0.918384
v 0.381221 3.480068 0.084578
vt 0.934354 0.940615
v 0.334121 3.507261 0.084578
vt 0.912215 0.960653
v 0.282396 3.524067 0.084578
vt 0.890271 0.969960
v 0.228308 3.529752 0.084578
vt 0.869186 0.973136
v 0.174220 3.524067 0.084578
vt 0.890284 0.969947
v 0.122495 3.507261 0.084578
vt 0.912200 0.960543
v 0.075396 3.480067 0.084578
vt 0.934352 0.940704
v 0.034979 3.443676 0.084578
vt 0.950663 0.918370
v 0.003012 3.399677 0.084578
vt 0.961600 0.893507
v -0.019110 3.349992 0.084578
vt 0.970195 0.865682
v -0.030417 3.296795 0.084578
vt 0.973192 0.842097
v 0.228308 3.177296 0.093517
vt 0.542125 0.110207
vn -0.000000 -0.000300 1.000000
v -0.030417 3.058033 0.093653
vt 0.536716 0.101402
vn 0.000600 -0.000200 1.000000
v -0.019110 3.004835 0.093653
vt 0.535269 0.101799
vn 0.000400 0.000200 1.000000
v 0.003012 2.955151 0.093653
vt 0.533904 0.102565
v 0.034979 2.911151 0.093653
vt 0.532681 0.103667
vn 0.000300 0.000300 1.000000
v 0.075396 2.874760 0.093653
vt 0.531653 0.105056
vn 0.000200 0.000300 1.000000
v 0.122495 2.847567 0.093653
vt 0.530867 0.106671
vn 0.000200 0.000400 1.000000
v 0.174220 2.830761 0.093653
vt 0.530354 0.108443
vn 0.000100 0.000400 1.000000
v 0.228308 2.825076 0.093653
vt 0.530139 0.110294
vn -0.000000 0.000400 1.000000
v 0.282396 2.830761 0.093653
vt 0.530231 0.112142
vn -0.000100 0.000400 1.000000
v 0.334121 2.847567 0.093653
vt 0.530625 0.113907
vn -0.000200 0.000400 1.000000
v 0.381221 2.874760 0.093653
vt 0.531304 0.115512
vn -0.000200 0.000300 1.000000
v 0.421638 2.911151 0.093653
vt 0.532240 0.116887
vn -0.000300 0.000300 1.000000
v 0.453605 2.955151 0.093653
vt 0.533389 0.117972
vn -0.000400 0.000200 1.000000
v 0.475726 3.004835 0.093653
vt 0.534704 0.118718
v 0.487033 3.058033 0.093653
vt 0.536125 0.119095
vn -0.000600 -0.000200 1.000000
v 0.487033 3.296600 0.093818
vt 0.547533 0.119012
vn -0.001000 -0.000400 1.000000
v 0.475726 3.349798 0.093818
vt 0.548981 0.118615
vn -0.001000 -0.000300 1.000000
v 0.453605 3.399481 0.093818
vt 0.550346 0.117849
vn -0.000800 -0.000500 1.000000
v 0.421638 3.443481 0.093818
vt 0.551569 0.116747
vn -0.000700 -0.000600 1.000000
v 0.381221 3.479872 0.093818
vt 0.552596 0.115359
vn -0.000500 -0.000700 1.000000
v 0.334121 3.507065 0.093818
vt 0.553383 0.113743
vn -0.000400 -0.000800 1.000000
v 0.282396 3.523872 0.093818
vt 0.553896 0.111971
vn -0.000200 -0.000800 1.000000
v 0.228308 3.529557 0.093818
vt 0.554111 0.110120
vn -0.000000 -0.000900 1.000000
v 0.174220 3.523872 0.093818
vt 0.554019 0.108272
vn 0.000200 -0.000800 1.000000
v 0.122495 3.507065 0.093818
vt 0.553625 0.106507
vn 0.000400 -0.000800 1.000000
v 0.075396 3.479872 0.093818
vt 0.552946 0.104902
vn 0.000500 -0.000700 1.000000
v 0.034979 3.443481 0.093818
vt 0.552010 0.103527
vn 0.000700 -0.000600 1.000000
v 0.003012 3.399481 0.093818
vt 0.550861 0.102442
vn 0.000800 -0.000500 1.000000
v -0.019110 3.349798 0.093818
vt 0.549546 0.101696
vn 0.001000 -0.000300 1.000000
v -0.030417 3.296599 0.093818
vt 0.548124 0.101319
vn 0.001000 -0.000400 1.000000
vt 0.537342 0.187888
vt 0.537342 0.204843
vt 0.549398 0.204843
vt 0.549398 0.187888
v 0.003011 2.955151 0.084578
vn -0.913500 -0.406800 0.000100
vn -0.809000 -0.587800 0.000100
vn -0.669100 -0.743200 -0.000000
v 0.075396 2.874760 0.084578
v 0.122495 2.847567 0.084578
v 0.334121 2.847567 0.084578
vn 0.669100 -0.743200 -0.000000
v 0.487033 3.296600 0.084743
v 0.475726 3.349798 0.084743
v 0.453605 3.399481 0.084743
v 0.421638 3.443481 0.084743
v 0.381221 3.479872 0.084743
vt 0.534432 0.117299
vt 0.552269 0.116866
v 0.334121 3.507065 0.084743
vt 0.552106 0.103569
vt 0.534269 0.104002
v 0.282396 3.523872 0.084743
v 0.228308 3.529557 0.084743
v 0.174220 3.523872 0.084743
v 0.122495 3.507065 0.084743
v 0.075396 3.479872 0.084743
v 0.034979 3.443481 0.084743
v 0.003012 3.399481 0.084743
vn -0.913500 0.406800 -0.000000
v -0.019110 3.349798 0.084743
vn -0.978200 0.207900 -0.000000
v -0.030417 3.296599 0.084743
v 0.246458 3.026724 0.039852
vt 0.126352 0.707498
v 0.258558 3.026724 0.009602
vt 0.120402 0.686737
v 0.246458 3.026724 0.009602
vt 0.120985 0.707498
v 0.258558 3.026724 0.039852
vt 0.125769 0.686737
v 0.246458 2.965617 0.009602
vt 0.124495 0.274340
vt 0.143006 0.263623
v 0.258558 2.965616 0.009602
vt 0.124446 0.264847
vt 0.143056 0.273116
v 0.246458 2.965617 0.039852
vt 0.137757 0.585261
vt 0.131807 0.564501
vt 0.132390 0.585261
vt 0.137174 0.564501
v 0.258558 2.965617 0.039852
vt 0.142369 0.544074
vt 0.136419 0.523313
vt 0.137002 0.544074
vt 0.141786 0.523313
v 0.198058 3.026724 0.039852
vt 0.127810 0.695692
v 0.210158 3.026724 0.009602
vt 0.121860 0.674931
v 0.198058 3.026724 0.009602
vt 0.122443 0.695692
v 0.210158 3.026724 0.039852
vt 0.127227 0.674931
v 0.198058 2.965616 0.009602
vt 0.154025 0.267852
vt 0.172536 0.257136
v 0.210158 2.965616 0.009602
vt 0.153975 0.258359
vt 0.172586 0.266628
v 0.198058 2.965616 0.039852
v 0.210158 2.965616 0.039852
vt 0.143827 0.532267
vt 0.137877 0.511507
vt 0.138460 0.532267
vt 0.143244 0.511507
vt 0.139214 0.573455
vt 0.133264 0.552695
vt 0.133847 0.573455
vt 0.138631 0.552695
v 0.260071 2.949046 0.009602
vt 0.270539 0.688512
v 0.211066 2.949046 -0.011573
vt 0.286100 0.710396
v 0.245551 2.949046 -0.011573
vt 0.286100 0.688512
v 0.196546 2.949046 0.009602
vt 0.270539 0.710396
v 0.260071 2.958121 0.009602
vt 0.180349 0.247028
v 0.211066 2.958121 -0.011573
vt 0.160923 0.274753
v 0.196546 2.958121 0.009602
vt 0.180493 0.274550
v 0.245551 2.958121 -0.011573
vt 0.160778 0.247231
vn -0.824700 -0.000000 -0.565500
vn 0.824700 -0.000000 -0.565500
v 0.187471 2.991396 0.039852
v 0.196546 2.991396 0.009602
v 0.187471 2.991396 0.009602
v 0.196546 2.991396 0.039852
v 0.187471 2.949046 0.039852
v 0.196546 2.949046 0.039852
v 0.187471 2.949046 0.009602
vt 0.256407 0.244241
vt 0.242551 0.264514
vt 0.256694 0.265517
vt 0.242695 0.247423
v 0.260071 2.991396 0.039852
v 0.269146 2.991396 0.009602
v 0.260071 2.991396 0.009602
v 0.269146 2.991396 0.039852
v 0.260071 2.949046 0.039852
v 0.269146 2.949046 0.009602
v 0.269146 2.949046 0.039852
vt 0.256578 0.243372
vt 0.241588 0.262506
vt 0.257153 0.266190
vt 0.241964 0.247369
v 0.196546 2.958121 0.039852
v 0.260071 2.958121 0.039852
v 0.182933 2.982321 0.027752
vt 0.134389 0.640169
v 0.273683 2.982321 0.021702
vt 0.152411 0.737752
v 0.182933 2.982321 0.021702
vt 0.153251 0.640491
v 0.273683 2.982321 0.027752
vt 0.133549 0.737430
v 0.182933 2.973246 0.027752
v 0.273683 2.973246 0.021702
v 0.273683 2.973246 0.027752
v 0.182933 2.973246 0.021702
v 0.232846 3.382561 -0.077271
vt 0.124969 0.273613
v 0.223771 3.382561 0.080029
vt 0.139469 0.274322
v 0.232846 3.382561 0.080029
vt 0.139389 0.271694
v 0.223771 3.382561 -0.077271
vt 0.125168 0.276205
v 0.232846 3.373486 -0.077271
v 0.223771 3.373486 0.080029
v 0.223771 3.373486 -0.077271
v 0.232846 3.373486 0.080029
vt 0.113670 0.284568
v 0.238896 3.382805 0.066802
v 0.217721 3.382805 0.084952
v 0.238896 3.382805 0.084952
v 0.217721 3.382805 0.066802
v 0.238896 3.346505 0.066802
v 0.217721 3.346505 0.084952
v 0.217721 3.346505 0.066802
v 0.238896 3.346505 0.084952
vt 0.161584 0.275193
vt 0.168038 0.261201
vt 0.168496 0.274463
vt 0.161230 0.261857
v 0.062401 3.048803 0.054404
vt 0.539422 0.189930
vn 0.025400 -0.122500 -0.992100
v 0.011786 2.870036 0.075004
vt 0.539422 0.202851
vn 0.007100 -0.116500 -0.993200
v 0.002908 2.871507 0.074768
vt 0.548609 0.202851
vn 0.007700 -0.116700 -0.993100
v 0.053329 3.048772 0.054169
vt 0.548609 0.189930
vn 0.026100 -0.122700 -0.992100
vn -0.961600 0.267600 -0.061400
vn -0.961000 0.263600 -0.083500
v 0.002038 2.871381 0.084387
vn -0.961000 0.263800 -0.082700
v 0.053091 3.049956 0.063163
vn -0.961600 0.267700 -0.060700
vn -0.025700 0.124300 0.991900
vn -0.007000 0.120000 0.992800
v 0.010931 2.869953 0.084622
vn -0.007500 0.120100 0.992700
v 0.062163 3.049987 0.063399
vn -0.026200 0.124400 0.991900
vn 0.962200 -0.265400 0.061100
vn 0.961000 -0.263700 0.083200
vn 0.961100 -0.263700 0.082500
vn 0.962200 -0.265500 0.060400
v 0.053288 3.047423 0.054386
vn 0.011100 -0.207600 -0.978100
v 0.059758 3.067250 0.050402
vn -0.002500 -0.196200 -0.980600
v 0.068450 3.064689 0.050892
vn 0.002400 -0.200400 -0.979700
v 0.062362 3.047443 0.054543
vn 0.017400 -0.212900 -0.976900
vn 0.011700 -0.145900 -0.989200
v 0.070177 3.091993 0.046910
vn 0.009000 -0.143400 -0.989600
v 0.077758 3.087066 0.047693
vn 0.009700 -0.144100 -0.989500
vn 0.012600 -0.146600 -0.989100
vn 0.010700 -0.139500 -0.990200
v 0.084077 3.112430 0.044205
vn 0.009200 -0.137300 -0.990500
v 0.089909 3.105551 0.045213
vn 0.009600 -0.137900 -0.990400
vn 0.011200 -0.140200 -0.990100
vn 0.023600 -0.125900 -0.991800
v 0.104465 3.129464 0.042513
vn 0.024200 -0.127500 -0.991500
v 0.108059 3.121210 0.043662
vn 0.024100 -0.127100 -0.991600
vn 0.023500 -0.125400 -0.991800
vn 0.003200 -0.135200 -0.990800
v 0.124650 3.134094 0.041975
vn 0.003900 -0.132100 -0.991200
v 0.125703 3.125160 0.043170
vn 0.003700 -0.133300 -0.991100
vn 0.003000 -0.136600 -0.990600
vn 0.051100 -0.130100 -0.990200
v 0.139174 3.134322 0.042639
vn 0.047400 -0.135600 -0.989600
v 0.137599 3.125458 0.043778
vn 0.049600 -0.132300 -0.990000
vn 0.053800 -0.126200 -0.990600
vn 0.945200 -0.321200 0.058900
v 0.068292 3.065874 0.059888
v 0.062204 3.048628 0.063539
vn 0.924600 -0.375200 0.065700
vn 0.924600 -0.375200 0.065600
v 0.077600 3.088250 0.056688
vn 0.837800 -0.539200 0.085700
v 0.089750 3.106734 0.054209
vn 0.654700 -0.747900 0.109900
v 0.107901 3.122394 0.052658
vn 0.220100 -0.966600 0.131100
v 0.125545 3.126344 0.052166
vn 0.018100 -0.991200 0.130800
v 0.137440 3.126642 0.052774
vn 0.018200 -0.991200 0.130800
vn -0.012000 0.203100 0.979100
vn 0.005300 0.205300 0.978700
v 0.059599 3.068434 0.059398
vn -0.001000 0.204500 0.978900
v 0.053130 3.048607 0.063381
vn -0.017500 0.202400 0.979100
vn -0.012000 0.145100 0.989300
vn -0.008000 0.144800 0.989400
v 0.070019 3.093176 0.055906
vn -0.009200 0.144900 0.989400
vn -0.013000 0.145100 0.989300
vn -0.011000 0.138900 0.990200
vn -0.008200 0.138200 0.990400
v 0.083918 3.113614 0.053201
vn -0.009100 0.138400 0.990300
vn -0.011800 0.139100 0.990200
vn -0.023300 0.126200 0.991700
vn -0.025100 0.127200 0.991600
v 0.104307 3.130648 0.051508
vn -0.024500 0.126900 0.991600
vn -0.022900 0.125900 0.991800
vn -0.004100 0.135000 0.990800
vn -0.002000 0.132200 0.991200
v 0.124491 3.135279 0.050972
vn -0.002800 0.133300 0.991100
vn -0.004900 0.135900 0.990700
vn -0.049600 0.130200 0.990200
vn -0.054000 0.136700 0.989100
v 0.139016 3.135507 0.051635
vn -0.051100 0.132500 0.989900
vn -0.047200 0.126800 0.990800
vn -0.952400 0.299500 -0.056200
vn -0.922900 0.379300 -0.066200
vn -0.922900 0.379300 -0.066100
vn -0.829100 0.552300 -0.087200
vn -0.829100 0.552300 -0.087300
vn -0.642600 0.758100 -0.111100
vn -0.225000 0.965500 -0.131100
vn -0.225000 0.965500 -0.131200
vn -0.225000 0.965500 -0.131000
vn -0.009600 0.991400 -0.130800
vn -0.009600 0.991400 -0.130700
v 0.010994 2.869965 0.084544
vn 0.968300 -0.235800 0.082100
v 0.007114 2.852707 0.080396
vn 0.967600 -0.237900 0.084800
v 0.008261 2.854207 0.071519
vn 0.967900 -0.236900 0.083600
v 0.011817 2.870069 0.074965
vn 0.968700 -0.234700 0.080700
vn 0.969000 -0.237100 0.069500
v 0.004387 2.836537 0.068042
vn 0.978000 -0.202500 0.049200
v 0.005762 2.841338 0.060465
vn 0.974800 -0.215700 0.056900
vn 0.963100 -0.256700 0.081100
vn 0.975800 -0.218300 0.012600
v 0.003041 2.827065 0.047967
vn 0.986400 -0.163800 0.011100
v 0.004529 2.835955 0.046910
vn 0.983200 -0.181900 0.011600
vn 0.966700 -0.255500 0.013500
vn 0.099500 0.207000 -0.973300
vn 0.128200 0.183000 -0.974700
v -0.000690 2.855354 0.070557
vn 0.114600 0.194400 -0.974200
v 0.002866 2.871489 0.074490
vn 0.086200 0.218000 -0.972100
vn 0.160900 0.623800 -0.764800
vn 0.158300 0.625500 -0.764000
v -0.003188 2.842580 0.059627
vn 0.159500 0.624700 -0.764400
vn 0.162100 0.623000 -0.765200
vn 0.158600 0.911200 -0.380300
vn 0.152900 0.913600 -0.376700
v -0.004421 2.837453 0.046910
vn 0.156100 0.912200 -0.378800
vn 0.162000 0.909700 -0.382400
vn -0.968500 0.235300 -0.082000
vn -0.968400 0.234300 -0.085600
v -0.001837 2.853854 0.079433
vn -0.968400 0.234700 -0.084000
v 0.002043 2.871386 0.084069
vn -0.968500 0.235700 -0.080700
vn -0.970800 0.228100 -0.074000
vn -0.974400 0.221700 -0.036500
v -0.004564 2.837779 0.067204
vn -0.973200 0.224200 -0.050600
vn -0.969300 0.230100 -0.086400
vn -0.977800 0.208300 -0.022400
vn -0.985400 0.168200 0.027700
v -0.005909 2.828563 0.047967
vn -0.982400 0.186700 0.004800
vn -0.974700 0.220300 -0.037400
vn -0.099300 -0.217900 0.970900
vn -0.132800 -0.225800 0.965100
vn -0.119500 -0.222700 0.967500
vn -0.085700 -0.214600 0.972900
vn -0.159100 -0.581800 0.797600
vn -0.155400 -0.581300 0.798700
vn -0.156700 -0.581500 0.798300
vn -0.160400 -0.582000 0.797200
vn -0.159900 -0.887900 0.431300
vn -0.148600 -0.887800 0.435700
vn -0.152400 -0.887800 0.434200
vn -0.163400 -0.888000 0.429900
v 0.156709 3.115477 0.038706
vt 0.523962 0.274971
v 0.156709 3.115477 0.062906
vt 0.523962 0.287370
v 0.132509 3.115477 0.062906
vt 0.533567 0.289419
v 0.132509 3.115477 0.038706
vt 0.533567 0.277019
v 0.156709 3.145728 0.062906
v 0.132509 3.145728 0.062906
v 0.132509 3.145728 0.038706
v 0.156709 3.145728 0.038706
v 0.013204 2.817168 0.050193
v -0.010996 2.817168 0.050193
v -0.010996 2.817168 0.013893
v 0.013204 2.817168 0.013893
v 0.013204 2.853468 0.050193
v 0.013204 2.853468 0.013893
v -0.010996 2.853468 0.013893
v -0.010996 2.853468 0.050193
v 0.238045 3.648047 0.007449
vt 0.123225 0.799108
v 0.235620 3.648047 0.035173
vt 0.121139 0.813441
v 0.219336 3.648047 0.045894
vt 0.125551 0.824704
v 0.223870 3.648047 -0.005938
vt 0.129985 0.787299
v 0.040872 3.648047 0.043642
vt 0.117176 0.824437
v 0.047727 3.648047 -0.034709
vt 0.122622 0.786459
v 0.238045 3.678298 0.007449
vt 0.178909 0.289954
v 0.223870 3.678298 -0.005938
vt 0.177341 0.287973
v 0.219336 3.678298 0.045894
vt 0.184085 0.287973
v 0.235620 3.678298 0.035173
vt 0.182517 0.289954
v 0.047727 3.678298 -0.034709
vt 0.175616 0.263480
v 0.040872 3.678298 0.043642
vt 0.185810 0.263480
vt 0.140587 0.266986
vt 0.140475 0.283893
vt 0.165484 0.277704
vt 0.165034 0.262034
vt 0.166377 0.260652
vt 0.166567 0.270978
vt 0.149953 0.276874
vt 0.150523 0.264455
vt 0.067426 0.282960
vt 0.068082 0.266357
v 0.074358 3.681323 -0.047562
vt 0.243355 0.285800
v 0.073304 3.681323 -0.035508
vt 0.246555 0.313892
v 0.000980 3.681323 -0.041835
vt 0.274647 0.310692
v 0.002035 3.681323 -0.053889
vt 0.271446 0.282600
v 0.074358 3.693423 -0.047562
vt 0.179021 0.322225
v 0.002035 3.693423 -0.053889
vt 0.179021 0.355124
v 0.000980 3.693423 -0.041835
vt 0.211922 0.355124
v 0.073304 3.693423 -0.035508
vt 0.211922 0.322225
vt 0.076576 0.266484
vt 0.076619 0.282422
vt 0.114810 0.277972
vt 0.114608 0.266709
v 0.065922 3.681323 0.048870
v 0.064867 3.681323 0.060924
v -0.007457 3.681323 0.054596
v -0.006402 3.681323 0.042543
v 0.065922 3.693423 0.048870
v -0.006402 3.693423 0.042543
v -0.007457 3.693423 0.054596
v 0.064867 3.693423 0.060924
v 0.074358 3.632964 -0.047562
v 0.073304 3.632964 -0.035508
v 0.000980 3.632964 -0.041835
v 0.002035 3.632964 -0.053889
v 0.074358 3.645064 -0.047562
v 0.002035 3.645064 -0.053889
v 0.000980 3.645064 -0.041835
v 0.073304 3.645064 -0.035508
v 0.065922 3.632964 0.048870
v 0.064867 3.632964 0.060924
v -0.007457 3.632964 0.054596
v -0.006402 3.632964 0.042543
v 0.065922 3.645064 0.048870
v -0.006402 3.645064 0.042543
v -0.007457 3.645064 0.054596
v 0.064867 3.645064 0.060924
v -0.012166 3.632754 -0.053269
vt 0.269630 0.286259
v 0.002035 3.632754 -0.053889
vt 0.266627 0.283149
v -0.002711 3.632754 0.000354
vt 0.256316 0.296111
v -0.025723 3.632754 -0.048995
vt 0.271726 0.290041
v -0.037711 3.632754 -0.041357
vt 0.272772 0.294236
v -0.047314 3.632754 -0.030878
vt 0.272697 0.298559
v -0.053877 3.632754 -0.018269
vt 0.271505 0.302715
v -0.056953 3.632754 -0.004392
vt 0.269278 0.306421
v -0.056334 3.632754 0.009809
vt 0.266168 0.309424
v -0.052060 3.632754 0.023365
vt 0.262386 0.311520
v -0.044422 3.632754 0.035354
vt 0.258191 0.312567
v -0.033942 3.632754 0.044957
vt 0.253868 0.312491
v -0.021334 3.632754 0.051520
vt 0.249712 0.311299
v -0.007457 3.632754 0.054596
vt 0.246006 0.309072
v -0.021334 3.644854 0.051520
v -0.007457 3.644854 0.054596
v -0.033942 3.644854 0.044957
v -0.044422 3.644854 0.035354
v -0.052060 3.644854 0.023365
v -0.056334 3.644854 0.009809
v -0.056953 3.644854 -0.004392
v -0.053877 3.644854 -0.018269
v -0.047314 3.644854 -0.030878
v -0.037711 3.644854 -0.041357
v -0.025723 3.644854 -0.048995
v -0.012166 3.644854 -0.053269
v 0.002035 3.644854 -0.053889
vt 0.209340 0.326215
vt 0.206278 0.322225
v -0.002711 3.644854 0.000354
vt 0.192650 0.335852
vt 0.211266 0.330864
vt 0.211922 0.335852
vt 0.211266 0.340840
vt 0.209340 0.345488
vt 0.206278 0.349480
vt 0.202286 0.352542
vt 0.197638 0.354468
vt 0.192650 0.355124
vt 0.187662 0.354468
vt 0.183013 0.352542
vt 0.179021 0.349480
v -0.012166 3.681322 -0.053269
vt 0.217970 0.230738
v 0.002035 3.681322 -0.053889
vt 0.215160 0.227077
v -0.002711 3.681322 0.000354
vt 0.202659 0.239578
v -0.025723 3.681322 -0.048995
vt 0.219736 0.235003
v -0.037711 3.681322 -0.041357
vt 0.220339 0.239578
v -0.047314 3.681322 -0.030878
vt 0.219736 0.244154
v -0.053877 3.681322 -0.018269
vt 0.217970 0.248419
v -0.056953 3.681322 -0.004392
vt 0.215160 0.252080
v -0.056334 3.681322 0.009809
vt 0.211499 0.254889
v -0.052060 3.681322 0.023365
vt 0.207234 0.256656
v -0.044422 3.681322 0.035354
vt 0.202659 0.257258
v -0.033942 3.681322 0.044957
vt 0.198083 0.256656
v -0.021334 3.681322 0.051520
vt 0.193819 0.254889
v -0.007457 3.681322 0.054596
vt 0.190157 0.252080
v -0.021334 3.693422 0.051520
v -0.007457 3.693422 0.054596
v -0.033942 3.693422 0.044957
v -0.044422 3.693422 0.035354
v -0.052060 3.693422 0.023365
v -0.056334 3.693422 0.009809
v -0.056953 3.693422 -0.004392
v -0.053877 3.693422 -0.018269
v -0.047314 3.693422 -0.030878
v -0.037711 3.693422 -0.041357
v -0.025723 3.693422 -0.048995
v -0.012166 3.693422 -0.053269
v 0.002035 3.693422 -0.053889
v -0.002711 3.693422 0.000354
v 0.056202 3.626268 -0.055223
vt 0.190157 0.227077
v 0.045656 3.626268 0.065316
vt 0.190157 0.257258
v 0.027575 3.626268 0.063735
vt 0.220339 0.257258
v 0.038121 3.626268 -0.056805
vt 0.220339 0.227077
v 0.056202 3.698867 -0.055223
v 0.038121 3.698867 -0.056805
v 0.027575 3.698867 0.063735
v 0.045656 3.698867 0.065316
vt 0.173296 0.282276
vt 0.173296 0.251902
vt 0.203670 0.251902
vt 0.203670 0.282276
v 0.220220 4.333926 0.013785
vt 0.094159 0.289025
v 0.219163 4.333926 0.025838
vt 0.100184 0.292764
v 0.228203 4.333926 0.026629
vt 0.115583 0.295679
v 0.229261 4.333926 0.014575
vt 0.109558 0.291940
v 0.220220 4.291575 0.013785
v 0.229261 4.291575 0.014575
v 0.228203 4.291575 0.026629
v 0.219163 4.291575 0.025838
vt 0.124211 0.302264
vt 0.124227 0.281261
vt 0.129198 0.281381
vt 0.129182 0.302383
vt 0.124369 0.281402
vt 0.129040 0.302243
v 0.074478 4.322588 -0.047551
vt 0.290583 0.859237
v 0.073423 4.322588 -0.035497
vt 0.290583 0.861911
v 0.001099 4.322588 -0.041825
vt 0.302787 0.863562
v 0.002154 4.322588 -0.053879
vt 0.302787 0.860887
v 0.074478 4.334688 -0.047551
vt 0.290635 0.868440
v 0.002154 4.334688 -0.053879
vt 0.291318 0.870188
v 0.001099 4.334688 -0.041825
vt 0.313989 0.867457
v 0.073423 4.334688 -0.035497
vt 0.313307 0.865709
vt 0.102840 0.239389
vt 0.102840 0.345500
vt 0.085155 0.345500
vt 0.292073 0.866233
vt 0.293309 0.867511
vt 0.309754 0.865368
vt 0.308518 0.864090
v 0.211916 4.317226 0.016095
v 0.048070 4.364162 0.001760
v 0.047543 4.364162 0.007787
v 0.211388 4.317226 0.022122
v 0.047674 4.317433 0.007798
vt 0.169159 0.288878
vt 0.169159 0.289069
vt 0.160317 0.289069
v 0.048201 4.317433 0.001771
vt 0.160317 0.288878
vt 0.292657 0.867348
vt 0.293330 0.871744
vt 0.321864 0.864824
vt 0.293370 0.871774
vt 0.292698 0.867378
vt 0.321904 0.864854
v 0.248914 4.311284 0.010222
v 0.246915 4.311431 0.034339
vt 0.290572 0.861018
v 0.121562 4.311431 0.029445
v 0.124726 4.311431 -0.006716
vt 0.290583 0.860471
v 0.040940 4.311431 0.043648
v 0.047795 4.311431 -0.034703
v 0.248914 4.317334 0.010222
v 0.124726 4.317481 -0.006716
vt 0.293318 0.872042
v 0.121562 4.317481 0.029445
v 0.246915 4.317481 0.034339
vt 0.304411 0.865382
v 0.047795 4.317481 -0.034703
v 0.040940 4.317481 0.043648
vt 0.300176 0.866324
vt 0.275687 0.692481
vt 0.311057 0.692319
vt 0.295040 0.867182
vt 0.306787 0.864419
vt 0.222215 0.276602
vt 0.107261 0.276602
vt 0.296513 0.867601
vt 0.295632 0.870177
vt 0.306131 0.869045
vt 0.307011 0.866469
v 0.056211 4.294326 -0.055223
v 0.045666 4.294326 0.065317
v 0.027584 4.294326 0.063735
v 0.038130 4.294326 -0.056804
v 0.056211 4.366926 -0.055223
v 0.038130 4.366926 -0.056804
v 0.027584 4.366926 0.063735
v 0.045666 4.366926 0.065317
v 0.066041 4.322588 0.048880
v 0.064986 4.322588 0.060934
v -0.007337 4.322588 0.054607
v -0.006283 4.322588 0.042553
v 0.066041 4.334688 0.048880
v -0.006283 4.334688 0.042553
v -0.007337 4.334688 0.054607
v 0.064986 4.334688 0.060934
vt 0.244321 0.345500
vt 0.226636 0.345500
vt 0.226636 0.239389
v -0.012047 4.322588 -0.053259
vt 0.303294 0.851292
vt 0.290846 0.852885
v -0.002592 4.322588 0.000364
v -0.025603 4.322588 -0.048985
vt 0.314876 0.850241
v -0.037592 4.322588 -0.041347
vt 0.324803 0.849802
v -0.047195 4.322588 -0.030867
vt 0.332397 0.850006
v -0.053758 4.322588 -0.018259
vt 0.337143 0.850839
v -0.056834 4.322588 -0.004382
vt 0.338715 0.852245
v -0.056215 4.322588 0.009819
vt 0.337007 0.854127
v -0.051940 4.322588 0.023376
vt 0.332135 0.856357
v -0.044303 4.322588 0.035364
vt 0.324432 0.858784
v -0.033823 4.322588 0.044967
vt 0.314422 0.861241
v -0.021215 4.322588 0.051530
vt 0.290321 0.865588
vt 0.164738 0.345500
v -0.002592 4.334688 0.000364
v -0.021215 4.334688 0.051530
v -0.033823 4.334688 0.044967
v -0.044303 4.334688 0.035364
v -0.051940 4.334688 0.023376
v -0.056215 4.334688 0.009819
v -0.056834 4.334688 -0.004382
v -0.053758 4.334688 -0.018259
v -0.047195 4.334688 -0.030867
v -0.037592 4.334688 -0.041347
v -0.025603 4.334688 -0.048985
v -0.012047 4.334688 -0.053259
vt 0.313081 0.869272
vt 0.310642 0.871030
vt 0.306840 0.872612
vt 0.301934 0.873909
vt 0.296258 0.874834
vt 0.290199 0.875323
vt 0.284169 0.875343
vt 0.278580 0.874893
vt 0.273813 0.874003
vt 0.270192 0.872733
vt 0.267964 0.871172
v 0.161519 4.147225 0.094634
vt 0.488541 0.128505
vn -0.915500 -0.386400 -0.111800
v 0.133024 4.130686 0.385229
vt 0.525136 0.126143
v 0.154843 4.162704 0.094634
vt 0.488619 0.132495
v 0.137129 4.111708 0.385014
vt 0.525067 0.121177
v 0.126399 4.129486 0.475979
vt 0.544966 0.126165
v 0.133853 4.111645 0.475764
vt 0.544834 0.121562
vn -0.926300 -0.372100 -0.059100
v 0.121693 4.132884 0.518747
vt 0.556742 0.126994
v 0.132233 4.111774 0.488136
vt 0.547550 0.121630
vt 0.477867 0.203819
vn 0.395200 -0.688900 0.607600
v 0.122272 4.133058 0.518747
vt 0.513564 0.204611
vn 0.229600 -0.762500 0.605000
vt 0.477804 0.211478
vn 0.228000 -0.763000 0.604800
v 0.132756 4.112078 0.488136
vt 0.513626 0.196951
vn 0.396900 -0.688000 0.607600
v 0.126979 4.129660 0.475979
v 0.134377 4.111947 0.475764
vn 0.917000 0.381600 0.116100
v 0.133603 4.130858 0.385229
vn 0.920700 0.383600 0.072300
v 0.137653 4.112011 0.385014
vn 0.977200 0.209600 0.035400
vn 0.971700 0.215300 0.097200
v 0.155422 4.162877 0.094634
vn 0.973400 0.208100 0.096000
v 0.162043 4.147528 0.094634
v 0.129543 4.150878 0.385229
vt 0.525141 0.131443
v 0.151916 4.179304 0.094634
vt 0.500825 0.139036
v 0.122983 4.148561 0.475979
vt 0.544974 0.131170
v 0.118292 4.151025 0.534862
vt 0.560251 0.131833
vn -0.968400 0.232100 -0.091300
vn 0.187300 -0.635300 0.749200
v 0.118895 4.151060 0.534862
vn 0.041300 -0.659300 0.750700
vn 0.039100 -0.659600 0.750600
vn 0.189800 -0.634800 0.749000
vn 0.988500 0.129800 0.077600
v 0.123588 4.148596 0.475979
v 0.130147 4.150913 0.385229
vn 0.982600 0.170200 0.074200
vn 0.981300 0.169300 0.092100
v 0.152519 4.179338 0.094634
vn 0.980600 0.172700 0.092600
vn 0.981300 0.169100 0.092100
v 0.130522 4.171991 0.385229
vt 0.532660 0.139254
v 0.152896 4.196133 0.094634
vt 0.500766 0.143523
vn -0.981700 0.180300 -0.060400
v 0.124159 4.167789 0.475979
vt 0.549989 0.138483
v 0.124302 4.169956 0.548011
vt 0.562910 0.135720
vn 0.031200 -0.579700 0.814300
v 0.124898 4.169850 0.548011
vn -0.094400 -0.547600 0.831400
vn -0.096500 -0.547000 0.831600
vn 0.961500 -0.274300 0.018300
v 0.124755 4.167684 0.475979
vn 0.994800 -0.060800 0.081800
vn 0.996000 -0.058700 0.067600
v 0.131118 4.171887 0.385229
v 0.153492 4.196028 0.094634
vn 0.995800 -0.057500 0.071100
vn 0.995800 -0.058100 0.071000
v 0.136497 4.191632 0.385229
vt 0.532513 0.144580
v 0.157730 4.212281 0.094634
vt 0.500916 0.147077
v 0.130873 4.188047 0.475979
vt 0.549829 0.143986
v 0.134097 4.187404 0.554629
vt 0.564432 0.144274
vn -0.059400 -0.327000 0.943100
v 0.134652 4.187163 0.554629
vn -0.123600 -0.290500 0.948900
vn -0.057800 -0.327900 0.942900
v 0.131428 4.187808 0.475979
vn 0.939200 -0.343500 -0.000500
vn 0.877000 -0.478800 -0.039900
v 0.137052 4.191393 0.385229
vn 0.954300 -0.294200 0.052500
v 0.158286 4.212042 0.094634
v 0.146590 4.209258 0.385229
vt 0.532574 0.148621
v 0.166159 4.226880 0.094634
vt 0.500742 0.151108
v 0.142934 4.205638 0.475979
vt 0.549859 0.148055
v 0.147457 4.203863 0.554629
vt 0.564711 0.148065
v 0.147943 4.203501 0.554629
v 0.143419 4.205276 0.475979
vn 0.816000 -0.576500 -0.041800
vn 0.830900 -0.556300 0.014000
v 0.147075 4.208897 0.385229
v 0.166644 4.226518 0.094634
v 0.161896 4.224301 0.385229
vt 0.532289 0.152896
v 0.177726 4.239141 0.094634
vt 0.501061 0.154576
v 0.159255 4.222231 0.475979
vt 0.549553 0.152759
v 0.164014 4.217180 0.554629
vt 0.564410 0.151904
v 0.164403 4.216716 0.554629
v 0.159644 4.221767 0.475979
vn 0.697700 -0.713700 -0.062000
vn 0.711100 -0.703100 0.004000
v 0.162285 4.223839 0.385229
v 0.178115 4.238677 0.094634
vn 0.700800 -0.713400 0.001700
v 0.181181 4.235813 0.385229
vt 0.532485 0.156304
v 0.191810 4.248404 0.094634
vt 0.500810 0.157292
v 0.179721 4.232463 0.475979
vt 0.549733 0.155850
v 0.182657 4.227752 0.554629
vt 0.564618 0.155051
v 0.182929 4.227211 0.554629
v 0.179993 4.231922 0.475979
vn 0.452800 -0.887800 -0.081900
vn 0.444900 -0.891600 -0.084200
v 0.181452 4.235271 0.385229
vn 0.446300 -0.894500 -0.025800
v 0.192082 4.247863 0.094634
vn 0.549400 -0.835400 -0.012700
v 0.201828 4.242750 0.385229
vt 0.532134 0.158523
v 0.207650 4.254169 0.094634
vt 0.500540 0.159112
v 0.201062 4.239097 0.475979
vt 0.549372 0.158001
v 0.203384 4.235124 0.554629
vt 0.564265 0.157387
vn -0.230800 0.971100 0.060600
v 0.203523 4.234536 0.554629
v 0.201201 4.238509 0.475979
vn 0.334600 -0.940600 -0.057400
v 0.201967 4.242161 0.385229
vn 0.314900 -0.948600 -0.030800
v 0.207790 4.253580 0.094634
v 0.224410 4.245062 0.385229
vt 0.531763 0.159548
v 0.224393 4.256125 0.094634
vt 0.500264 0.159937
v 0.224399 4.241260 0.475979
vt 0.548990 0.159000
v 0.224393 4.237964 0.554629
vt 0.563919 0.158524
v 0.224393 4.237360 0.554629
v 0.224399 4.240655 0.475979
v 0.224410 4.244457 0.385229
vn 0.100100 -0.994200 -0.039500
v 0.224393 4.255521 0.094634
v 0.241136 4.254169 0.094634
v 0.240996 4.253580 0.094634
v 0.134115 4.111795 0.461716
vn 0.186900 0.982300 0.014000
vn 0.001300 -0.999900 0.010700
vn 0.499300 -0.865200 -0.046200
v 0.287266 4.147225 0.094634
v 0.293943 4.162704 0.094634
v 0.315762 4.130686 0.385229
v 0.311657 4.111708 0.385014
vn 0.971100 -0.221800 -0.087500
v 0.322386 4.129486 0.475979
v 0.314933 4.111645 0.475764
vn 0.926300 -0.372000 -0.059100
v 0.327093 4.132884 0.518747
vn 0.984400 -0.145500 -0.098800
v 0.316553 4.111774 0.488136
vn -0.395300 -0.689000 0.607400
vn -0.228100 -0.762900 0.604900
v 0.326513 4.133058 0.518747
v 0.316029 4.112078 0.488136
vn -0.396900 -0.688200 0.607300
v 0.321807 4.129660 0.475979
v 0.314409 4.111947 0.475764
v 0.315182 4.130858 0.385229
v 0.311133 4.112011 0.385014
v 0.293363 4.162877 0.094634
v 0.286742 4.147528 0.094634
v 0.296870 4.179304 0.094634
v 0.319243 4.150878 0.385229
v 0.325802 4.148561 0.475979
v 0.330494 4.151025 0.534862
vn 0.968400 0.232200 -0.091400
vn -0.187300 -0.635400 0.749100
vn -0.039000 -0.659600 0.750600
v 0.329890 4.151060 0.534862
vn -0.041400 -0.659400 0.750700
vn -0.189800 -0.634900 0.748900
vn -0.988500 0.129800 0.077500
v 0.325198 4.148596 0.475979
vn -0.982800 0.162000 0.089100
v 0.318639 4.150913 0.385229
v 0.296266 4.179338 0.094634
vn -0.980600 0.172700 0.092700
v 0.295890 4.196133 0.094634
vn 0.981700 0.180400 -0.060400
v 0.318263 4.171991 0.385229
v 0.324626 4.167789 0.475979
v 0.324483 4.169956 0.548011
vn 0.904700 0.425000 -0.030800
vn -0.031100 -0.579700 0.814300
vn 0.096200 -0.546900 0.831700
v 0.323887 4.169850 0.548011
vn -0.033700 -0.580200 0.813800
v 0.324030 4.167684 0.475979
vn -0.994800 -0.060900 0.081800
vn -0.996000 -0.058800 0.067600
v 0.317668 4.171887 0.385229
v 0.295294 4.196028 0.094634
vn -0.995800 -0.057400 0.071100
vn -0.995800 -0.058000 0.071000
v 0.291055 4.212281 0.094634
v 0.312289 4.191632 0.385229
v 0.317913 4.188047 0.475979
v 0.314689 4.187404 0.554629
vn 0.059000 -0.327000 0.943200
v 0.314134 4.187163 0.554629
vn 0.123600 -0.290500 0.948900
vn -0.889800 -0.455200 -0.032800
vn -0.877000 -0.478800 -0.039900
v 0.317358 4.187808 0.475979
vn -0.939200 -0.343400 -0.000500
vn -0.949200 -0.314700 0.007600
v 0.311734 4.191393 0.385229
vn -0.954300 -0.294200 0.052400
v 0.290500 4.212042 0.094634
v 0.282627 4.226880 0.094634
v 0.302196 4.209258 0.385229
v 0.305852 4.205638 0.475979
v 0.301328 4.203863 0.554629
v 0.300843 4.203501 0.554629
v 0.305367 4.205276 0.475979
vn -0.816000 -0.576500 -0.041800
vn -0.830900 -0.556300 0.014000
v 0.301711 4.208897 0.385229
v 0.282142 4.226518 0.094634
v 0.271059 4.239141 0.094634
v 0.286890 4.224301 0.385229
v 0.289530 4.222231 0.475979
v 0.284771 4.217180 0.554629
vn 0.568500 0.819400 0.073100
v 0.284383 4.216716 0.554629
v 0.289141 4.221767 0.475979
vn -0.697700 -0.713700 -0.062000
vn -0.711000 -0.703100 0.004000
v 0.286501 4.223839 0.385229
vn -0.700800 -0.713400 0.001800
v 0.270670 4.238677 0.094634
v 0.256976 4.248404 0.094634
v 0.267605 4.235813 0.385229
v 0.269064 4.232463 0.475979
v 0.266128 4.227752 0.554629
v 0.265856 4.227211 0.554629
v 0.268793 4.231922 0.475979
vn -0.452800 -0.887800 -0.081900
vn -0.444900 -0.891600 -0.084200
v 0.267333 4.235271 0.385229
vn -0.502000 -0.864800 -0.008000
vn -0.513600 -0.857800 -0.018300
v 0.256704 4.247863 0.094634
v 0.246958 4.242750 0.385229
v 0.247723 4.239097 0.475979
v 0.245401 4.235124 0.554629
vn 0.230800 0.971100 0.060600
v 0.245262 4.234536 0.554629
v 0.247584 4.238509 0.475979
v 0.246818 4.242161 0.385229
vn -0.314900 -0.948600 -0.030800
v 0.224376 4.245062 0.385229
v 0.224387 4.241260 0.475979
v 0.224387 4.240655 0.475979
v 0.224376 4.244457 0.385229
v 0.314671 4.111795 0.461716
vn -0.499500 0.866100 0.018600
vn -0.186800 0.982300 0.014000
vn -0.499300 -0.865700 0.034900
vn -0.001400 -0.999900 0.010700
vn -0.499300 -0.865200 -0.046200
v 0.224393 4.183526 0.100684
vt 0.782470 0.323748
v 0.153003 4.183526 0.100684
vt 0.864462 0.323748
v 0.154563 4.168683 0.100684
vt 0.862671 0.298659
v 0.159175 4.154489 0.100684
vt 0.857373 0.274668
v 0.166637 4.141563 0.100684
vt 0.848803 0.252819
v 0.176624 4.130472 0.100684
vt 0.837334 0.234071
v 0.188698 4.121699 0.100684
vt 0.823465 0.219244
v 0.202332 4.115630 0.100684
vt 0.807807 0.208982
v 0.216931 4.112527 0.100684
vt 0.791040 0.203737
v 0.231855 4.112527 0.100684
vt 0.773898 0.203737
v 0.246454 4.115630 0.100684
vt 0.757133 0.208982
v 0.260088 4.121699 0.100684
vt 0.741473 0.219244
v 0.272162 4.130472 0.100684
vt 0.727606 0.234071
v 0.282149 4.141563 0.100684
vt 0.716136 0.252819
v 0.289611 4.154489 0.100684
vt 0.707564 0.274668
v 0.294223 4.168683 0.100684
vt 0.702269 0.298659
v 0.295783 4.183526 0.100684
vt 0.700476 0.323748
v 0.294223 4.198369 0.100684
vt 0.702269 0.348837
v 0.289611 4.212563 0.100684
vt 0.707564 0.372831
v 0.282149 4.225488 0.100684
vt 0.716136 0.394676
v 0.272162 4.236579 0.100684
vt 0.727606 0.413425
v 0.260088 4.245352 0.100684
vt 0.741473 0.428251
v 0.246454 4.251422 0.100684
vt 0.757133 0.438513
v 0.231855 4.254525 0.100684
vt 0.773898 0.443759
v 0.216931 4.254525 0.100684
vt 0.791040 0.443759
v 0.202332 4.251422 0.100684
vt 0.807807 0.438513
v 0.188698 4.245352 0.100684
vt 0.823465 0.428251
v 0.176624 4.236579 0.100684
vt 0.837334 0.413425
v 0.166637 4.225488 0.100684
vt 0.848803 0.394676
v 0.159175 4.212563 0.100684
vt 0.857373 0.372828
v 0.154563 4.198369 0.100684
vt 0.862671 0.348837
vt 0.512778 0.284212
v 0.153003 4.183526 0.094634
v 0.154563 4.168683 0.094634
vt 0.512926 0.285628
v 0.159175 4.154489 0.094634
vt 0.513366 0.286983
v 0.166637 4.141563 0.094634
vt 0.514078 0.288216
v 0.176624 4.130472 0.094634
vt 0.515031 0.289274
v 0.188698 4.121699 0.094634
vt 0.516183 0.290111
v 0.202332 4.115630 0.094634
vt 0.517484 0.290690
v 0.216931 4.112527 0.094634
vt 0.518877 0.290986
v 0.231855 4.112527 0.094634
vt 0.520301 0.290986
v 0.246454 4.115630 0.094634
vt 0.521694 0.290690
v 0.260088 4.121699 0.094634
vt 0.522995 0.290111
v 0.272162 4.130472 0.094634
vt 0.524147 0.289274
v 0.282149 4.141563 0.094634
vt 0.525100 0.288216
v 0.289611 4.154489 0.094634
vt 0.525812 0.286983
v 0.294223 4.168683 0.094634
vt 0.526252 0.285628
v 0.295783 4.183526 0.094634
vt 0.526401 0.284212
v 0.294223 4.198369 0.094634
vt 0.526252 0.282796
v 0.289611 4.212563 0.094634
vt 0.525812 0.281442
v 0.282149 4.225488 0.094634
vt 0.525100 0.280208
v 0.272162 4.236579 0.094634
vt 0.524147 0.279150
v 0.260088 4.245352 0.094634
vt 0.522995 0.278313
v 0.246454 4.251422 0.094634
vt 0.521694 0.277734
v 0.231855 4.254525 0.094634
vt 0.520301 0.277438
v 0.216931 4.254525 0.094634
vt 0.518877 0.277438
v 0.202332 4.251422 0.094634
vt 0.517484 0.277734
v 0.188698 4.245352 0.094634
vt 0.516183 0.278313
v 0.176624 4.236579 0.094634
vt 0.515031 0.279150
v 0.166637 4.225488 0.094634
vt 0.514078 0.280208
v 0.159175 4.212563 0.094634
vt 0.513366 0.281442
v 0.154563 4.198369 0.094634
vt 0.512926 0.282796
v 0.224393 4.183526 0.094634
vt 0.519589 0.284212
v 0.320452 4.180394 0.385623
vt 0.529440 0.321926
v 0.439303 4.098083 0.085860
vt 0.544335 0.329787
v 0.433668 4.098346 0.083675
vt 0.544577 0.321926
v 0.326088 4.180131 0.387808
vt 0.529197 0.329787
v 0.318120 4.162822 0.389524
vn -0.128500 -0.968200 0.214900
v 0.436972 4.080511 0.089759
vn -0.128400 -0.968200 0.214900
v 0.323756 4.162559 0.391708
v 0.431335 4.080773 0.087575
vn -0.340200 0.246600 0.907500
vn -0.340100 0.246600 0.907500
v 0.125910 4.180875 0.386517
v 0.011673 4.098564 0.084965
vn -0.050000 0.968200 -0.245300
v 0.006037 4.098825 0.087149
v 0.131545 4.180612 0.384333
v 0.126816 4.163302 0.390971
vn 0.049900 -0.968100 0.245300
v 0.012579 4.080992 0.089418
vn 0.050000 -0.968100 0.245300
v 0.132452 4.163040 0.388786
v 0.006944 4.081255 0.091603
vn 0.360300 0.246600 0.899700
vn -0.931500 0.043400 0.361100
v 0.161519 3.962701 0.094634
v 0.133024 3.946161 0.385229
v 0.154843 3.978180 0.094634
vn -0.954800 -0.279300 -0.102300
v 0.137129 3.927183 0.385014
v 0.126399 3.944961 0.475979
v 0.133853 3.927120 0.475764
v 0.121693 3.948360 0.518747
v 0.132233 3.927250 0.488136
vn 0.395100 -0.688700 0.607900
v 0.122272 3.948534 0.518747
vn 0.230500 -0.762100 0.605000
vn 0.228900 -0.762800 0.604800
v 0.132756 3.927553 0.488136
vn 0.396800 -0.687900 0.607800
v 0.126979 3.945135 0.475979
v 0.134377 3.927422 0.475764
v 0.133603 3.946335 0.385229
v 0.137653 3.927486 0.385014
v 0.155422 3.978352 0.094634
v 0.162043 3.963004 0.094634
vn 0.911000 0.393000 0.124600
v 0.129543 3.966353 0.385229
v 0.151916 3.994779 0.094634
v 0.122983 3.964036 0.475979
v 0.118292 3.966500 0.534862
vn 0.188300 -0.635100 0.749100
v 0.118895 3.966536 0.534862
vn 0.041600 -0.659300 0.750800
vn 0.039000 -0.659500 0.750700
v 0.123588 3.964071 0.475979
v 0.130147 3.966388 0.385229
v 0.152519 3.994815 0.094634
v 0.130522 3.987467 0.385229
v 0.152896 4.011608 0.094634
v 0.124159 3.983264 0.475979
v 0.124302 3.985432 0.548011
vn -0.904600 0.425100 -0.030800
vn 0.032100 -0.579900 0.814100
v 0.124898 3.985326 0.548011
vn -0.094700 -0.547500 0.831400
vn -0.096800 -0.546900 0.831600
vn 0.034700 -0.580400 0.813600
v 0.124755 3.983159 0.475979
v 0.131118 3.987363 0.385229
v 0.153492 4.011503 0.094634
v 0.136497 4.007108 0.385229
v 0.157730 4.027757 0.094634
v 0.130873 4.003523 0.475979
v 0.134097 4.002879 0.554629
vn -0.059300 -0.327000 0.943200
v 0.134652 4.002639 0.554629
vn -0.125300 -0.289600 0.948900
v 0.131428 4.003283 0.475979
v 0.137052 4.006867 0.385229
v 0.158286 4.027515 0.094634
v 0.146590 4.024733 0.385229
v 0.166159 4.042355 0.094634
v 0.142934 4.021112 0.475979
v 0.147457 4.019337 0.554629
v 0.147943 4.018976 0.554629
v 0.143419 4.020752 0.475979
v 0.147075 4.024372 0.385229
v 0.166644 4.041994 0.094634
v 0.161896 4.039777 0.385229
v 0.177726 4.054616 0.094634
v 0.159255 4.037706 0.475979
v 0.164014 4.032655 0.554629
v 0.164403 4.032191 0.554629
v 0.159644 4.037242 0.475979
v 0.162285 4.039314 0.385229
v 0.178115 4.054152 0.094634
v 0.181181 4.051288 0.385229
v 0.191810 4.063879 0.094634
v 0.179721 4.047937 0.475979
v 0.182657 4.043227 0.554629
v 0.182929 4.042686 0.554629
v 0.179993 4.047397 0.475979
v 0.181452 4.050748 0.385229
vn 0.446400 -0.894500 -0.025900
vn 0.513700 -0.857800 -0.018200
v 0.192082 4.063338 0.094634
v 0.201828 4.058225 0.385229
v 0.207650 4.069644 0.094634
v 0.201062 4.054573 0.475979
v 0.203384 4.050600 0.554629
v 0.203523 4.050011 0.554629
v 0.201201 4.053984 0.475979
v 0.201967 4.057637 0.385229
v 0.207790 4.069055 0.094634
v 0.224410 4.060536 0.385229
v 0.224393 4.071601 0.094634
v 0.224399 4.056735 0.475979
vn -0.092900 0.994800 0.040700
v 0.224393 4.053439 0.554629
vn -0.126100 0.990700 0.051700
v 0.224393 4.052835 0.554629
v 0.224399 4.056129 0.475979
v 0.224410 4.059933 0.385229
v 0.224393 4.070995 0.094634
v 0.241136 4.069644 0.094634
v 0.240996 4.069055 0.094634
v 0.134115 3.927271 0.461716
vn 0.986800 -0.158000 0.036000
vn 0.499400 0.866200 0.018700
vn 0.986800 -0.158100 0.036100
vn 0.186400 0.982400 0.014100
vn 0.986800 -0.158000 0.036100
vn 0.986800 -0.158000 0.035900
vn 0.204700 -0.978800 0.006700
vn 0.986800 -0.158100 0.036000
vn 0.986800 -0.157900 0.036100
vn 0.500100 -0.864700 -0.046100
v 0.287266 3.962701 0.094634
v 0.293943 3.978180 0.094634
v 0.315762 3.946161 0.385229
v 0.311657 3.927183 0.385014
v 0.322386 3.944961 0.475979
v 0.314933 3.927120 0.475764
v 0.327093 3.948360 0.518747
vn 0.984400 -0.145600 -0.098800
v 0.316553 3.927250 0.488136
vn -0.395100 -0.688800 0.607900
vn -0.228900 -0.762800 0.604800
v 0.326513 3.948534 0.518747
vn -0.230500 -0.762200 0.604900
v 0.316029 3.927553 0.488136
vn -0.396800 -0.687900 0.607800
v 0.321807 3.945135 0.475979
v 0.314409 3.927422 0.475764
v 0.315182 3.946335 0.385229
v 0.311133 3.927486 0.385014
v 0.293363 3.978352 0.094634
v 0.286742 3.963004 0.094634
vn -0.911000 0.393000 0.124600
v 0.296870 3.994779 0.094634
v 0.319243 3.966353 0.385229
v 0.325802 3.964036 0.475979
v 0.330494 3.966500 0.534862
vn -0.039300 -0.659500 0.750700
v 0.329890 3.966536 0.534862
vn -0.041500 -0.659300 0.750800
v 0.325198 3.964071 0.475979
v 0.318639 3.966388 0.385229
vn -0.981200 0.169300 0.092100
v 0.296266 3.994815 0.094634
v 0.295890 4.011608 0.094634
v 0.318263 3.987467 0.385229
v 0.324626 3.983264 0.475979
v 0.324483 3.985432 0.548011
vn 0.904600 0.425000 -0.030900
vn -0.032000 -0.579800 0.814100
vn 0.096700 -0.546700 0.831700
v 0.323887 3.985326 0.548011
vn 0.094700 -0.547400 0.831500
vn -0.034600 -0.580400 0.813600
v 0.324030 3.983159 0.475979
vn -0.991600 -0.110800 0.067400
v 0.317668 3.987363 0.385229
v 0.295294 4.011503 0.094634
v 0.291055 4.027757 0.094634
v 0.312289 4.007108 0.385229
v 0.317913 4.003523 0.475979
v 0.314689 4.002879 0.554629
vn 0.059300 -0.327200 0.943100
v 0.314134 4.002639 0.554629
vn 0.124100 -0.290300 0.948800
vn 0.057800 -0.328000 0.942900
v 0.317358 4.003283 0.475979
v 0.311734 4.006867 0.385229
v 0.290500 4.027515 0.094634
v 0.282627 4.042355 0.094634
v 0.302196 4.024733 0.385229
v 0.305852 4.021112 0.475979
v 0.301328 4.019337 0.554629
v 0.300843 4.018976 0.554629
v 0.305367 4.020752 0.475979
v 0.301711 4.024372 0.385229
v 0.282142 4.041994 0.094634
v 0.271059 4.054616 0.094634
v 0.286890 4.039777 0.385229
v 0.289530 4.037706 0.475979
v 0.284771 4.032655 0.554629
v 0.284383 4.032191 0.554629
v 0.289141 4.037242 0.475979
vn -0.711600 -0.700200 -0.056700
vn -0.712800 -0.701400 0.004700
v 0.286501 4.039314 0.385229
v 0.270670 4.054152 0.094634
vn -0.727300 -0.686300 0.007400
v 0.256976 4.063879 0.094634
v 0.267605 4.051288 0.385229
v 0.269064 4.047937 0.475979
v 0.266128 4.043227 0.554629
v 0.265856 4.042686 0.554629
v 0.268793 4.047397 0.475979
v 0.267333 4.050748 0.385229
vn -0.502100 -0.864800 -0.008100
v 0.256704 4.063338 0.094634
v 0.246958 4.058225 0.385229
v 0.247723 4.054573 0.475979
v 0.245401 4.050600 0.554629
v 0.245262 4.050011 0.554629
v 0.247584 4.053984 0.475979
v 0.246818 4.057637 0.385229
v 0.224376 4.060536 0.385229
v 0.224387 4.056735 0.475979
vn 0.092900 0.994800 0.040700
vn 0.126100 0.990700 0.051700
v 0.224387 4.056129 0.475979
v 0.224376 4.059933 0.385229
vn -0.100200 -0.994200 -0.039600
v 0.314671 3.927271 0.461716
vn -0.986800 -0.158000 0.036000
vn -0.986800 -0.158000 0.036100
vn -0.499600 0.866100 0.018700
vn -0.986800 -0.158000 0.035900
vn -0.185900 0.982500 0.014000
vn -0.204700 -0.978800 0.006700
vn -0.986800 -0.157900 0.036000
vn -0.500100 -0.864800 -0.046100
v 0.224393 3.999001 0.100684
v 0.153003 3.999001 0.100684
v 0.154563 3.984158 0.100684
v 0.159175 3.969964 0.100684
v 0.166637 3.957039 0.100684
v 0.176624 3.945948 0.100684
v 0.188698 3.937176 0.100684
v 0.202332 3.931105 0.100684
v 0.216931 3.928002 0.100684
v 0.231855 3.928002 0.100684
v 0.246454 3.931105 0.100684
v 0.260088 3.937176 0.100684
v 0.272162 3.945948 0.100684
v 0.282149 3.957039 0.100684
v 0.289611 3.969964 0.100684
v 0.294223 3.984158 0.100684
v 0.295783 3.999001 0.100684
v 0.294223 4.013844 0.100684
v 0.289611 4.028038 0.100684
v 0.282149 4.040963 0.100684
v 0.272162 4.052053 0.100684
v 0.260088 4.060827 0.100684
v 0.246454 4.066896 0.100684
v 0.231855 4.070000 0.100684
v 0.216931 4.070000 0.100684
v 0.202332 4.066896 0.100684
v 0.188698 4.060827 0.100684
v 0.176624 4.052053 0.100684
v 0.166637 4.040963 0.100684
v 0.159175 4.028038 0.100684
v 0.154563 4.013844 0.100684
v 0.153003 3.999001 0.094634
v 0.154563 3.984158 0.094634
v 0.159175 3.969964 0.094634
v 0.166637 3.957039 0.094634
v 0.176624 3.945948 0.094634
v 0.188698 3.937176 0.094634
v 0.202332 3.931105 0.094634
vn -0.309000 -0.951000 -0.000000
v 0.216931 3.928002 0.094634
v 0.231855 3.928002 0.094634
v 0.246454 3.931105 0.094634
vn 0.309000 -0.951000 -0.000000
v 0.260088 3.937176 0.094634
v 0.272162 3.945948 0.094634
v 0.282149 3.957039 0.094634
v 0.289611 3.969964 0.094634
v 0.294223 3.984158 0.094634
v 0.295783 3.999001 0.094634
v 0.294223 4.013844 0.094634
v 0.289611 4.028038 0.094634
v 0.282149 4.040963 0.094634
v 0.272162 4.052053 0.094634
v 0.260088 4.060827 0.094634
v 0.246454 4.066896 0.094634
v 0.231855 4.070000 0.094634
v 0.216931 4.070000 0.094634
v 0.202332 4.066896 0.094634
v 0.188698 4.060827 0.094634
v 0.176624 4.052053 0.094634
v 0.166637 4.040963 0.094634
v 0.159175 4.028038 0.094634
v 0.154563 4.013844 0.094634
v 0.224393 3.999001 0.094634
v 0.122698 4.034611 0.387807
vn 0.128500 0.968100 0.214900
v 0.015118 4.116397 0.083675
v 0.009482 4.116660 0.085860
v 0.128333 4.034348 0.385623
v 0.120365 4.017038 0.383907
v 0.012786 4.098825 0.079774
v 0.126001 4.016776 0.381722
v 0.007150 4.099088 0.081959
vn -0.128800 -0.968100 -0.214900
vn 0.340200 -0.246600 0.907400
vn 0.340500 -0.246600 0.907300
v 0.317123 4.034611 0.384332
vn -0.049900 0.968100 0.245400
v 0.442633 4.116397 0.087150
vn -0.049900 0.968100 0.245300
v 0.436997 4.116660 0.084965
v 0.322759 4.034348 0.386517
v 0.318029 4.017038 0.379879
vn 0.049900 -0.968100 -0.245300
v 0.443539 4.098825 0.082697
v 0.323665 4.016776 0.382064
v 0.437903 4.099088 0.080512
v 0.161519 3.778176 0.094634
v 0.133024 3.761636 0.385229
v 0.154843 3.793654 0.094634
v 0.137129 3.742658 0.385014
v 0.126399 3.760437 0.475979
v 0.133853 3.742595 0.475764
v 0.121693 3.763835 0.518747
v 0.132233 3.742726 0.488136
vn 0.394800 -0.689000 0.607800
v 0.122272 3.764009 0.518747
vn 0.230500 -0.762300 0.604800
vn 0.229000 -0.762800 0.604700
v 0.132756 3.743028 0.488136
vn 0.396500 -0.688200 0.607600
v 0.126979 3.760610 0.475979
v 0.134377 3.742897 0.475764
v 0.133603 3.761809 0.385229
v 0.137653 3.742961 0.385014
v 0.155422 3.793828 0.094634
vn 0.914500 0.385300 0.123400
v 0.162043 3.778478 0.094634
v 0.129543 3.781828 0.385229
v 0.151916 3.810255 0.094634
v 0.122983 3.779511 0.475979
v 0.118292 3.781976 0.534862
v 0.118895 3.782011 0.534862
vn 0.040600 -0.659400 0.750700
vn 0.190800 -0.634600 0.748900
v 0.123588 3.779547 0.475979
v 0.130147 3.781863 0.385229
v 0.152519 3.810290 0.094634
v 0.130522 3.802943 0.385229
v 0.152896 3.827083 0.094634
v 0.124159 3.798740 0.475979
v 0.124302 3.800906 0.548011
v 0.124898 3.800802 0.548011
vn -0.094700 -0.547700 0.831300
vn -0.096700 -0.547000 0.831500
v 0.124755 3.798635 0.475979
v 0.131118 3.802838 0.385229
v 0.153492 3.826978 0.094634
v 0.136497 3.822583 0.385229
v 0.157730 3.843232 0.094634
v 0.130873 3.818998 0.475979
v 0.134097 3.818353 0.554629
vn -0.059100 -0.327200 0.943100
v 0.134652 3.818114 0.554629
vn -0.123500 -0.290600 0.948800
vn -0.124800 -0.289900 0.948900
vn -0.057700 -0.328000 0.942900
v 0.131428 3.818758 0.475979
vn 0.949100 -0.314700 0.007600
v 0.137052 3.822343 0.385229
v 0.158286 3.842992 0.094634
v 0.146590 3.840209 0.385229
v 0.166159 3.857830 0.094634
v 0.142934 3.836588 0.475979
v 0.147457 3.834812 0.554629
v 0.147943 3.834451 0.554629
vn -0.000300 -0.000000 1.000000
v 0.143419 3.836227 0.475979
v 0.147075 3.839847 0.385229
v 0.166644 3.857469 0.094634
v 0.161896 3.855253 0.385229
v 0.177726 3.870091 0.094634
v 0.159255 3.853181 0.475979
v 0.164014 3.848130 0.554629
v 0.164403 3.847667 0.554629
v 0.159644 3.852718 0.475979
vn 0.623700 -0.776800 -0.087600
vn 0.711000 -0.703100 0.004000
v 0.162285 3.854789 0.385229
v 0.178115 3.869627 0.094634
v 0.181181 3.866763 0.385229
v 0.191810 3.879354 0.094634
v 0.179721 3.863413 0.475979
v 0.182657 3.858702 0.554629
vn -0.409900 0.909000 0.075900
v 0.182929 3.858161 0.554629
v 0.179993 3.862873 0.475979
vn 0.491600 -0.867900 -0.070400
v 0.181452 3.866223 0.385229
v 0.192082 3.878813 0.094634
v 0.201828 3.873700 0.385229
v 0.207650 3.885120 0.094634
v 0.201062 3.870048 0.475979
v 0.203384 3.866075 0.554629
vn -0.230900 0.971100 0.060500
v 0.203523 3.865486 0.554629
v 0.201201 3.869459 0.475979
v 0.201967 3.873112 0.385229
v 0.207790 3.884530 0.094634
v 0.224410 3.876012 0.385229
v 0.224393 3.887076 0.094634
v 0.224399 3.872210 0.475979
v 0.224393 3.868915 0.554629
v 0.224393 3.868309 0.554629
v 0.224399 3.871605 0.475979
v 0.224410 3.875407 0.385229
v 0.224393 3.886471 0.094634
v 0.241136 3.885120 0.094634
v 0.240996 3.884530 0.094634
v 0.134115 3.742746 0.461716
vn 0.187400 0.982200 0.014100
vn 0.497800 -0.866600 0.034900
vn 0.001500 -0.999900 0.010700
vn 0.204900 -0.978800 0.006700
vn 0.499200 -0.865300 -0.046200
v 0.287266 3.778176 0.094634
v 0.293943 3.793654 0.094634
v 0.315762 3.761636 0.385229
v 0.311657 3.742658 0.385014
v 0.322386 3.760437 0.475979
v 0.314933 3.742595 0.475764
v 0.327093 3.763835 0.518747
v 0.316553 3.742726 0.488136
vn -0.395100 -0.689000 0.607600
v 0.326513 3.764009 0.518747
v 0.316029 3.743028 0.488136
vn -0.396400 -0.688200 0.607600
v 0.321807 3.760610 0.475979
v 0.314409 3.742897 0.475764
v 0.315182 3.761809 0.385229
v 0.311133 3.742961 0.385014
v 0.293363 3.793828 0.094634
v 0.286742 3.778478 0.094634
v 0.296870 3.810255 0.094634
v 0.319243 3.781828 0.385229
v 0.325802 3.779511 0.475979
v 0.330494 3.781976 0.534862
vn -0.038300 -0.659600 0.750600
v 0.329890 3.782011 0.534862
vn -0.040500 -0.659400 0.750700
v 0.325198 3.779547 0.475979
v 0.318639 3.781863 0.385229
v 0.296266 3.810290 0.094634
v 0.295890 3.827083 0.094634
v 0.318263 3.802943 0.385229
v 0.324626 3.798740 0.475979
v 0.324483 3.800906 0.548011
vn 0.904600 0.425000 -0.030800
vn -0.031500 -0.579900 0.814100
vn 0.096700 -0.547000 0.831500
v 0.323887 3.800802 0.548011
vn 0.094700 -0.547700 0.831300
v 0.324030 3.798635 0.475979
v 0.317668 3.802838 0.385229
v 0.295294 3.826978 0.094634
v 0.291055 3.843232 0.094634
v 0.312289 3.822583 0.385229
v 0.317913 3.818998 0.475979
v 0.314689 3.818353 0.554629
vn 0.124800 -0.289900 0.948900
v 0.314134 3.818114 0.554629
vn 0.123500 -0.290600 0.948800
vn 0.057700 -0.328000 0.942900
v 0.317358 3.818758 0.475979
v 0.311734 3.822343 0.385229
v 0.290500 3.842992 0.094634
v 0.282627 3.857830 0.094634
v 0.302196 3.840209 0.385229
v 0.305852 3.836588 0.475979
v 0.301328 3.834812 0.554629
v 0.300843 3.834451 0.554629
vn 0.000300 -0.000200 1.000000
v 0.305367 3.836227 0.475979
v 0.301711 3.839847 0.385229
v 0.282142 3.857469 0.094634
v 0.271059 3.870091 0.094634
v 0.286890 3.855253 0.385229
v 0.289530 3.853181 0.475979
v 0.284771 3.848130 0.554629
v 0.284383 3.847667 0.554629
vn -0.623700 -0.776800 -0.087600
v 0.289141 3.852718 0.475979
v 0.286501 3.854789 0.385229
v 0.270670 3.869627 0.094634
v 0.256976 3.879354 0.094634
v 0.267605 3.866763 0.385229
v 0.269064 3.863413 0.475979
v 0.266128 3.858702 0.554629
vn 0.409900 0.909000 0.075900
v 0.265856 3.858161 0.554629
vn -0.491600 -0.868000 -0.070400
v 0.268793 3.862873 0.475979
v 0.267333 3.866223 0.385229
v 0.256704 3.878813 0.094634
v 0.246958 3.873700 0.385229
v 0.247723 3.870048 0.475979
v 0.245401 3.866075 0.554629
vn 0.230900 0.971100 0.060500
v 0.245262 3.865486 0.554629
v 0.247584 3.869459 0.475979
v 0.246818 3.873112 0.385229
v 0.224376 3.876012 0.385229
v 0.224387 3.872210 0.475979
v 0.224387 3.871605 0.475979
v 0.224376 3.875407 0.385229
v 0.314671 3.742746 0.461716
vn -0.499600 0.866000 0.018600
vn -0.187500 0.982200 0.014100
vn -0.497800 -0.866600 0.034900
vn -0.001500 -0.999900 0.010700
vn -0.204900 -0.978800 0.006700
vn -0.499400 -0.865200 -0.046100
v 0.224393 3.814476 0.100684
v 0.153003 3.814476 0.100684
v 0.154563 3.799633 0.100684
v 0.159175 3.785439 0.100684
v 0.166637 3.772514 0.100684
v 0.176624 3.761423 0.100684
v 0.188698 3.752651 0.100684
v 0.202332 3.746580 0.100684
v 0.216931 3.743478 0.100684
v 0.231855 3.743478 0.100684
v 0.246454 3.746580 0.100684
v 0.260088 3.752651 0.100684
v 0.272162 3.761423 0.100684
v 0.282149 3.772514 0.100684
v 0.289611 3.785439 0.100684
v 0.294223 3.799633 0.100684
v 0.295783 3.814476 0.100684
v 0.294223 3.829319 0.100684
v 0.289611 3.843513 0.100684
v 0.282149 3.856438 0.100684
v 0.272162 3.867529 0.100684
v 0.260088 3.876302 0.100684
v 0.246454 3.882372 0.100684
v 0.231855 3.885475 0.100684
v 0.216931 3.885475 0.100684
v 0.202332 3.882372 0.100684
v 0.188698 3.876302 0.100684
v 0.176624 3.867529 0.100684
v 0.166637 3.856438 0.100684
v 0.159175 3.843513 0.100684
v 0.154563 3.829319 0.100684
v 0.153003 3.814476 0.094634
v 0.154563 3.799633 0.094634
v 0.159175 3.785439 0.094634
v 0.166637 3.772514 0.094634
v 0.176624 3.761423 0.094634
v 0.188698 3.752651 0.094634
v 0.202332 3.746580 0.094634
v 0.216931 3.743478 0.094634
v 0.231855 3.743478 0.094634
v 0.246454 3.746580 0.094634
v 0.260088 3.752651 0.094634
v 0.272162 3.761423 0.094634
v 0.282149 3.772514 0.094634
v 0.289611 3.785439 0.094634
v 0.294223 3.799633 0.094634
v 0.295783 3.814476 0.094634
v 0.294223 3.829319 0.094634
v 0.289611 3.843513 0.094634
v 0.282149 3.856438 0.094634
v 0.272162 3.867529 0.094634
v 0.260088 3.876302 0.094634
v 0.246454 3.882372 0.094634
v 0.231855 3.885475 0.094634
v 0.216931 3.885475 0.094634
v 0.202332 3.882372 0.094634
v 0.188698 3.876302 0.094634
v 0.176624 3.867529 0.094634
v 0.166637 3.856438 0.094634
v 0.159175 3.843513 0.094634
v 0.154563 3.829319 0.094634
v 0.224393 3.814476 0.094634
v 0.122698 3.850129 0.387807
v 0.015118 3.931915 0.083675
v 0.009482 3.932178 0.085860
v 0.128333 3.849866 0.385623
v 0.120365 3.832557 0.383907
v 0.012786 3.914343 0.079774
vn -0.128600 -0.968100 -0.214800
v 0.126002 3.832294 0.381722
v 0.007150 3.914607 0.081959
v 0.317123 3.850129 0.384332
v 0.442633 3.931915 0.087150
vn -0.049600 0.968200 0.245400
v 0.436997 3.932178 0.084965
v 0.322759 3.849866 0.386517
vn -0.050300 0.968200 0.245200
v 0.318029 3.832557 0.379879
v 0.443539 3.914343 0.082697
vn 0.049800 -0.968100 -0.245400
v 0.323665 3.832294 0.382064
v 0.437903 3.914607 0.080512
v 0.224393 3.814476 0.085557
vt 0.873883 0.620137
v -0.023025 3.734085 0.085557
vt 0.970945 0.555422
v -0.034332 3.787283 0.085557
vt 0.976914 0.583164
v -0.000904 3.684401 0.085557
vt 0.961955 0.529534
v 0.031063 3.640402 0.085557
vt 0.951989 0.508835
v 0.071480 3.604010 0.085557
vt 0.936840 0.485903
v 0.118580 3.576817 0.085557
vt 0.920698 0.469720
v 0.170305 3.560011 0.085557
vt 0.897811 0.454780
v 0.224393 3.554326 0.085557
vt 0.874179 0.450849
v 0.278481 3.560011 0.085557
vt 0.897803 0.454754
v 0.330205 3.576817 0.085557
vt 0.920703 0.469668
v 0.377305 3.604010 0.085557
vt 0.936843 0.485857
v 0.417722 3.640402 0.085557
vt 0.951987 0.508840
v 0.449689 3.684401 0.085557
vt 0.961955 0.529547
v 0.471811 3.734085 0.085557
vt 0.970940 0.555410
v 0.483118 3.787283 0.085557
vt 0.976911 0.583143
v 0.483118 4.210568 0.085557
vt 0.972808 0.847390
v 0.471811 4.263767 0.085557
vt 0.968336 0.872428
v 0.449689 4.313452 0.085557
vt 0.960378 0.897407
v 0.417722 4.357450 0.085557
vt 0.948383 0.921312
v 0.377305 4.393842 0.085557
vt 0.933033 0.942661
v 0.330205 4.421035 0.085557
vt 0.913961 0.958722
v 0.278481 4.437840 0.085557
vt 0.892159 0.969792
v 0.224393 4.443527 0.085557
vt 0.869422 0.973304
v 0.170305 4.437840 0.085557
vt 0.892173 0.969780
v 0.118580 4.421035 0.085557
vt 0.913943 0.958620
v 0.071480 4.393842 0.085557
vt 0.933031 0.942744
v 0.031063 4.357450 0.085557
vt 0.948367 0.921299
v -0.000904 4.313451 0.085557
vt 0.960326 0.897049
v -0.023025 4.263767 0.085557
vt 0.968472 0.872297
v -0.034332 4.210568 0.085557
vt 0.972795 0.847393
v 0.224393 3.998806 0.094495
vt 0.552592 0.198321
vn -0.000000 -0.000200 1.000000
v -0.034332 3.787283 0.094632
vt 0.545682 0.201377
vn 0.000600 -0.000100 1.000000
v -0.023025 3.734085 0.094632
vt 0.545962 0.202214
vn 0.000400 0.000100 1.000000
v -0.000904 3.684401 0.094632
vt 0.546528 0.203006
vn 0.000300 0.000200 1.000000
v 0.031063 3.640402 0.094632
vt 0.547357 0.203719
v 0.071480 3.604010 0.094632
vt 0.548412 0.204321
v 0.118580 3.576817 0.094632
vt 0.549646 0.204786
vn 0.000100 0.000300 1.000000
v 0.170305 3.560011 0.094632
vt 0.551007 0.205094
v 0.224393 3.554326 0.094632
vt 0.552434 0.205231
vn -0.000000 0.000300 1.000000
v 0.278481 3.560011 0.094632
vt 0.553864 0.205191
vn -0.000100 0.000300 1.000000
v 0.330205 3.576817 0.094632
vt 0.555237 0.204976
v 0.377305 3.604010 0.094632
vt 0.556491 0.204596
v 0.417722 3.640402 0.094632
vt 0.557571 0.204067
vn -0.000300 0.000200 1.000000
v 0.449689 3.684401 0.094632
vt 0.558432 0.203412
v 0.471811 3.734085 0.094632
vt 0.559034 0.202659
vn -0.000400 0.000100 1.000000
v 0.483118 3.787283 0.094632
vt 0.559351 0.201842
vn -0.000600 -0.000100 1.000000
v 0.483118 4.210374 0.094798
vt 0.559501 0.195266
v 0.471811 4.263572 0.094798
vt 0.559221 0.194429
vn -0.000900 -0.000300 1.000000
v 0.449689 4.313256 0.094798
vt 0.558654 0.193636
vn -0.000700 -0.000400 1.000000
v 0.417722 4.357255 0.094798
vt 0.557826 0.192924
vn -0.000600 -0.000500 1.000000
v 0.377305 4.393647 0.094798
vt 0.556771 0.192322
vn -0.000400 -0.000600 1.000000
v 0.330205 4.420840 0.094798
vt 0.555536 0.191857
vn -0.000300 -0.000600 1.000000
v 0.278481 4.437646 0.094798
vt 0.554176 0.191549
vn -0.000100 -0.000700 1.000000
v 0.224393 4.443331 0.094798
vt 0.552749 0.191412
vn -0.000000 -0.000700 1.000000
v 0.170305 4.437646 0.094798
vt 0.551318 0.191451
vn 0.000100 -0.000700 1.000000
v 0.118580 4.420840 0.094798
vt 0.549946 0.191666
vn 0.000300 -0.000600 1.000000
v 0.071480 4.393647 0.094798
vt 0.548692 0.192046
vn 0.000400 -0.000600 1.000000
v 0.031063 4.357255 0.094798
vt 0.547611 0.192576
vn 0.000600 -0.000500 1.000000
v -0.000904 4.313256 0.094798
vt 0.546751 0.193231
vn 0.000700 -0.000400 1.000000
v -0.023025 4.263572 0.094798
vt 0.546149 0.193984
vn 0.000900 -0.000300 1.000000
v -0.034332 4.210374 0.094798
vt 0.545832 0.194800
vt 0.554994 0.199966
vt 0.554994 0.195563
vt 0.550590 0.195563
vt 0.550590 0.199966
vn 0.913500 -0.406800 -0.000000
v 0.483118 4.210374 0.085723
v 0.471811 4.263572 0.085723
vn 0.913500 0.406800 -0.000000
v 0.449689 4.313256 0.085723
v 0.417722 4.357255 0.085723
v 0.377305 4.393647 0.085723
v 0.330205 4.420840 0.085723
v 0.278481 4.437646 0.085723
v 0.224393 4.443331 0.085723
v 0.170305 4.437646 0.085723
v 0.118580 4.420840 0.085723
v 0.071480 4.393647 0.085723
v 0.031063 4.357255 0.085723
v -0.000904 4.313256 0.085723
v -0.023025 4.263572 0.085723
v -0.034332 4.210374 0.085723
v 0.146711 3.802172 0.094632
vt 0.083015 0.230860
v 0.146711 3.802172 -0.011243
vt 0.083749 0.267460
v 0.154315 3.778770 -0.011243
vt 0.078528 0.267678
v 0.154315 3.778770 0.094632
vt 0.077827 0.232673
v 0.168779 3.758862 -0.011243
vt 0.075422 0.267808
v 0.168779 3.758862 0.094632
vt 0.074724 0.232964
v 0.188686 3.744398 -0.011243
vt 0.074630 0.241023
v 0.188686 3.744398 0.094632
vt 0.074514 0.235208
v 0.212089 3.736795 -0.011243
vt 0.069994 0.246128
v 0.212089 3.736795 0.094632
vt 0.069783 0.235565
v 0.236696 3.736795 -0.011243
vt 0.064924 0.241429
v 0.236696 3.736795 0.094632
vt 0.064811 0.235773
v 0.260099 3.744398 -0.011243
v 0.260099 3.744398 0.094632
v 0.280007 3.758862 -0.011243
v 0.280007 3.758862 0.094632
v 0.294471 3.778770 -0.011243
v 0.294471 3.778770 0.094632
v 0.302075 3.802172 -0.011243
v 0.302075 3.802172 0.094632
v 0.302075 4.196373 -0.011545
vt 0.162156 0.264291
v 0.302075 4.196373 0.094330
vt 0.161427 0.227908
v 0.294471 4.219776 -0.011545
vt 0.167377 0.264073
v 0.294471 4.219776 0.094330
vt 0.166647 0.227689
v 0.280007 4.239683 -0.011545
vt 0.172086 0.263876
v 0.280007 4.239683 0.094330
vt 0.171356 0.227492
v 0.260099 4.254147 -0.011545
vt 0.175823 0.263719
v 0.260099 4.254147 0.094330
vt 0.175094 0.227336
v 0.236696 4.261751 -0.011545
vt 0.178222 0.263619
v 0.236696 4.261751 0.094330
vt 0.177493 0.227235
v 0.212089 4.261751 -0.011545
vt 0.179049 0.263584
v 0.212089 4.261751 0.094330
vt 0.178320 0.227201
v 0.188686 4.254147 -0.011545
v 0.188686 4.254147 0.094330
v 0.168779 4.239683 -0.011545
v 0.168779 4.239683 0.094330
v 0.154315 4.219776 -0.011545
v 0.154315 4.219776 0.094330
v 0.146711 4.196373 -0.011545
v 0.146711 4.196373 0.094330
v 0.224393 3.814476 -0.011243
vn -0.000000 -0.000400 -1.000000
vn 0.000100 -0.000400 -1.000000
vn -0.000100 -0.000400 -1.000000
vn -0.001400 -0.000500 -1.000000
vn -0.000900 -0.000600 -1.000000
vn -0.000600 -0.000600 -1.000000
vn -0.000300 -0.000700 -1.000000
vn 0.000300 -0.000700 -1.000000
vn 0.000600 -0.000600 -1.000000
vn 0.000900 -0.000600 -1.000000
vn 0.001400 -0.000500 -1.000000
v 0.224393 3.814476 -0.010638
vt 0.212430 0.582115
v 0.146728 3.802151 -0.010638
vt 0.176659 0.561633
v 0.154316 3.778777 -0.010638
vt 0.180009 0.550959
v 0.168769 3.758852 -0.010638
vt 0.186983 0.540785
v 0.188662 3.744392 -0.010638
vt 0.196656 0.532249
v 0.212090 3.736780 -0.010638
vt 0.206998 0.528772
v 0.236657 3.736792 -0.010638
vt 0.217844 0.528778
v 0.260108 3.744406 -0.010638
vt 0.228196 0.532255
v 0.280017 3.758861 -0.010638
vt 0.236985 0.538856
v 0.294457 3.778728 -0.010638
vt 0.243359 0.547929
v 0.302074 3.802161 -0.010638
vt 0.248653 0.564000
v 0.302084 4.196253 -0.010940
vt 0.243896 0.845665
vn 0.001400 0.000500 1.000000
v 0.294461 4.219630 -0.010940
vt 0.240530 0.856341
vn 0.000900 0.000600 1.000000
v 0.279973 4.239594 -0.010940
vt 0.234134 0.865458
vn 0.000600 0.000600 1.000000
v 0.260151 4.253978 -0.010940
vt 0.225384 0.872026
vn 0.000300 0.000700 1.000000
v 0.236695 4.261600 -0.010940
vt 0.215030 0.875508
v 0.212103 4.261600 -0.010940
vt 0.204174 0.875508
v 0.188698 4.254018 -0.010940
vt 0.193842 0.872045
vn -0.000300 0.000700 1.000000
v 0.168759 4.239527 -0.010940
vt 0.183823 0.862720
vn -0.000600 0.000600 1.000000
v 0.154324 4.219643 -0.010940
vt 0.177637 0.851070
vn -0.000900 0.000600 1.000000
v 0.146710 4.196244 -0.010940
vt 0.174276 0.840383
vn -0.001400 0.000500 1.000000
vn -0.264300 -0.042200 -0.963500
v 0.200490 3.810690 -0.025763
vt 0.201878 0.580386
vn -0.264400 -0.042300 -0.963500
v 0.202831 3.803489 -0.025763
vt 0.202911 0.577098
v 0.207281 3.797364 -0.025763
vt 0.204876 0.574300
v 0.213406 3.792914 -0.025763
vt 0.207580 0.572267
v 0.220607 3.790574 -0.025763
vt 0.210758 0.571199
v 0.228178 3.790574 -0.025763
vt 0.214101 0.571199
v 0.235380 3.792914 -0.025763
vt 0.217280 0.572267
v 0.241505 3.797364 -0.025763
vt 0.219984 0.574300
v 0.245955 3.803489 -0.025763
vt 0.221948 0.577098
v 0.248295 3.810690 -0.025763
vt 0.222981 0.580386
vn 0.264300 -0.042300 -0.963500
v 0.248295 4.187709 -0.026065
vt 0.219704 0.826942
vn 0.264300 0.041500 -0.963500
vn 0.264300 0.041600 -0.963500
v 0.245955 4.194910 -0.026065
vt 0.218672 0.830231
v 0.241505 4.201035 -0.026065
vt 0.216707 0.833028
v 0.235380 4.205485 -0.026065
vt 0.214003 0.835061
vn 0.121400 0.238500 -0.963500
v 0.228178 4.207825 -0.026065
vt 0.210824 0.836129
v 0.220607 4.207825 -0.026065
vt 0.207482 0.836129
v 0.213406 4.205485 -0.026065
vt 0.204303 0.835061
v 0.207281 4.201035 -0.026065
vt 0.201599 0.833028
v 0.202831 4.194910 -0.026065
vt 0.199634 0.830231
v 0.200490 4.187708 -0.026065
vt 0.198601 0.826942
vn -0.264400 0.041500 -0.963500
v 0.224393 3.814476 -0.025763
vn -0.002000 -0.000700 -1.000000
vn -0.001200 -0.000700 -1.000000
vn -0.000700 -0.000800 -1.000000
vn -0.000400 -0.000800 -1.000000
vn 0.000400 -0.000800 -1.000000
vn 0.000700 -0.000800 -1.000000
vn 0.001200 -0.000700 -1.000000
vn 0.002000 -0.000700 -1.000000
v 0.294328 3.923982 -0.004386
vt 0.247230 0.764414
v 0.451512 3.923982 0.086364
vt 0.347185 0.756337
v 0.454537 3.923982 0.081125
v 0.297353 3.923982 -0.009625
v 0.294328 3.905832 -0.004386
vt 0.247384 0.782000
v 0.297353 3.905832 -0.009625
v 0.454537 3.905832 0.081125
vt 0.347259 0.773670
v 0.451512 3.905832 0.086364
vt 0.158446 0.297647
vt 0.159324 0.306803
v 0.154457 3.923981 -0.004386
v -0.005752 3.923981 0.081125
v -0.002727 3.923981 0.086364
v 0.151432 3.923981 -0.009625
v 0.154457 3.905832 -0.004386
v -0.005752 3.905832 0.081125
v 0.151432 3.905832 -0.009625
v -0.002727 3.905832 0.086364
v 0.294328 4.108507 -0.004386
v 0.451512 4.108507 0.086364
v 0.454537 4.108507 0.081125
v 0.297353 4.108507 -0.009625
v 0.294328 4.090356 -0.004386
v 0.297353 4.090356 -0.009625
v 0.454537 4.090356 0.081125
v 0.451512 4.090356 0.086364
v 0.154457 4.108506 -0.004386
v -0.005752 4.108506 0.081125
v -0.002727 4.108506 0.086364
v 0.151432 4.108506 -0.009625
v 0.154457 4.090356 -0.004386
v -0.005752 4.090356 0.081125
v 0.151432 4.090356 -0.009625
v -0.002727 4.090356 0.086364
v 0.228930 4.296334 -0.076293
vt 0.105069 0.286020
v 0.219855 4.296334 0.081008
vt 0.119569 0.286729
v 0.228930 4.296334 0.081008
vt 0.119489 0.284101
v 0.219855 4.296334 -0.076292
vt 0.105268 0.288612
v 0.228930 4.287259 -0.076292
v 0.219855 4.287259 0.081008
v 0.219855 4.287259 -0.076292
v 0.228930 4.287259 0.081008
vn -0.000100 -0.000100 -1.000000
vn -0.000100 -0.000000 -1.000000
vt 0.093770 0.296975
vn -0.000000 -0.000100 -1.000000
v 0.234980 4.296578 0.067782
v 0.213805 4.296578 0.085932
v 0.234980 4.296578 0.085932
v 0.213805 4.296578 0.067782
v 0.234980 4.260279 0.067782
v 0.213805 4.260279 0.085932
v 0.213805 4.260279 0.067782
v 0.234980 4.260279 0.085932
vt 0.141684 0.287600
vt 0.148138 0.273608
vt 0.148596 0.286870
vt 0.141330 0.274264
v 0.242543 3.755972 0.040831
vt 0.216626 0.329024
v 0.254643 3.755972 0.010581
vt 0.208258 0.308263
v 0.242543 3.755972 0.010581
vt 0.209078 0.329024
v 0.254643 3.755972 0.040831
vt 0.215806 0.308263
v 0.242543 3.694866 0.010581
vt 0.160414 0.230712
vt 0.146298 0.243402
v 0.254643 3.694866 0.010581
vt 0.160632 0.241617
vt 0.146079 0.232498
v 0.242543 3.694866 0.040831
vt 0.264056 0.254415
vt 0.255688 0.233655
vt 0.256508 0.254415
vt 0.263236 0.233655
v 0.254643 3.694866 0.040831
vt 0.258566 0.314519
vt 0.250198 0.293758
vt 0.251018 0.314519
vt 0.257746 0.293758
v 0.194143 3.755972 0.040831
vt 0.218676 0.317218
v 0.206243 3.755972 0.010581
vt 0.210308 0.296457
v 0.194143 3.755972 0.010581
vt 0.211128 0.317218
v 0.206243 3.755972 0.040831
vt 0.217856 0.296457
v 0.194143 3.694866 0.010581
vt 0.137694 0.238770
vt 0.123578 0.251460
v 0.206243 3.694866 0.010581
vt 0.137912 0.249674
vt 0.123359 0.240556
v 0.194143 3.694866 0.040831
v 0.206243 3.694866 0.040831
vt 0.260616 0.302712
vt 0.252248 0.281952
vt 0.253068 0.302712
vt 0.259796 0.281952
vt 0.266106 0.242609
vt 0.257738 0.221849
vt 0.258558 0.242609
vt 0.265286 0.221849
v 0.256155 3.678295 0.010581
vt 0.297312 0.290204
v 0.207150 3.678295 -0.010594
vt 0.319196 0.312088
v 0.241635 3.678295 -0.010594
vt 0.319196 0.290204
v 0.192630 3.678295 0.010581
vt 0.297312 0.312088
v 0.256155 3.687370 0.010581
vt 0.117726 0.263232
v 0.207150 3.687370 -0.010594
vt 0.132227 0.230983
v 0.192630 3.687370 0.010581
vt 0.117092 0.231616
v 0.241635 3.687370 -0.010594
vt 0.132861 0.262599
v 0.183555 3.720644 0.040831
v 0.192630 3.720644 0.010581
v 0.183555 3.720644 0.010581
v 0.192630 3.720644 0.040831
v 0.183555 3.678295 0.040831
v 0.192630 3.678295 0.040831
v 0.183555 3.678295 0.010581
vt 0.058943 0.267991
vt 0.069277 0.244416
vt 0.058318 0.243553
vt 0.069490 0.264054
v 0.256155 3.720644 0.040831
v 0.265230 3.720644 0.010581
v 0.256155 3.720644 0.010581
v 0.265230 3.720644 0.040831
v 0.256155 3.678295 0.040831
v 0.265230 3.678295 0.010581
v 0.265230 3.678295 0.040831
vt 0.058827 0.268992
vt 0.070061 0.246704
vt 0.057950 0.242790
vt 0.070056 0.264102
v 0.192630 3.687370 0.040831
v 0.256155 3.687370 0.040831
v 0.179018 3.711570 0.028731
vt 0.128444 0.864006
v 0.269768 3.711570 0.022681
vt 0.121334 0.780206
v 0.179018 3.711570 0.022681
vt 0.117635 0.862997
v 0.269768 3.711570 0.028731
vt 0.132144 0.781215
v 0.179018 3.702495 0.028731
v 0.269768 3.702495 0.022681
v 0.269768 3.702495 0.028731
v 0.179018 3.702495 0.022681
v 0.058476 3.778052 0.055384
vt 0.556157 0.201567
v 0.007861 3.599285 0.075984
vt 0.556157 0.193729
v -0.001017 3.600756 0.075748
vt 0.548319 0.193729
v 0.049404 3.778021 0.055149
vt 0.548319 0.201567
v -0.001887 3.600630 0.085367
v 0.049166 3.779205 0.064143
v 0.007006 3.599202 0.085602
v 0.058238 3.779236 0.064379
v 0.049363 3.776671 0.055366
v 0.055833 3.796499 0.051382
v 0.064525 3.793938 0.051872
v 0.058437 3.776692 0.055523
vn 0.017400 -0.213000 -0.976900
v 0.066252 3.821241 0.047890
vn 0.009000 -0.143500 -0.989600
v 0.073833 3.816314 0.048673
v 0.080152 3.841679 0.045185
v 0.085984 3.834799 0.046193
v 0.100540 3.858712 0.043493
v 0.104134 3.850459 0.044642
v 0.120725 3.863343 0.042955
v 0.121778 3.854408 0.044150
vn 0.051100 -0.130000 -0.990200
v 0.135249 3.863571 0.043619
v 0.133674 3.854707 0.044758
vn 0.053800 -0.126100 -0.990600
v 0.064367 3.795123 0.060868
v 0.058279 3.777877 0.064519
vn 0.945200 -0.321200 0.059200
v 0.073675 3.817499 0.057668
vn 0.837800 -0.539200 0.085800
v 0.085825 3.835984 0.055189
vn 0.654700 -0.747900 0.110100
vn 0.654700 -0.747900 0.110000
v 0.103976 3.851644 0.053638
vn 0.654700 -0.747900 0.109800
vn 0.220000 -0.966600 0.131200
v 0.121620 3.855593 0.053146
v 0.133515 3.855891 0.053754
vn 0.018100 -0.991200 0.130900
vn 0.005000 0.205300 0.978700
v 0.055674 3.797683 0.060378
v 0.049205 3.777856 0.064361
v 0.066094 3.822425 0.056886
v 0.079993 3.842863 0.054181
vn -0.009200 0.138400 0.990300
vn -0.025100 0.127300 0.991600
v 0.100382 3.859897 0.052488
v 0.120566 3.864527 0.051952
vn -0.049600 0.130300 0.990200
v 0.135091 3.864755 0.052615
vn -0.952500 0.299500 -0.056200
vn -0.642600 0.758100 -0.111200
vn -0.009600 0.991400 -0.130600
v 0.007069 3.599214 0.085524
v 0.003189 3.581955 0.081376
v 0.004336 3.583456 0.072499
vn 0.967900 -0.236900 0.083500
v 0.007892 3.599317 0.075945
v 0.000462 3.565786 0.069022
v 0.001837 3.570587 0.061445
vn 0.963100 -0.256600 0.081000
v -0.000884 3.556314 0.048947
v 0.000604 3.565203 0.047890
v -0.004615 3.584603 0.071537
vn 0.114600 0.194500 -0.974200
v -0.001059 3.600738 0.075470
v -0.007113 3.571829 0.060607
vn 0.162100 0.623100 -0.765200
vn 0.158600 0.911100 -0.380300
vn 0.152900 0.913600 -0.376800
v -0.008346 3.566701 0.047890
vn 0.162000 0.909600 -0.382500
v -0.005762 3.583103 0.080413
v -0.001882 3.600635 0.085049
vn -0.974400 0.221700 -0.036400
v -0.008489 3.567027 0.068184
vn -0.973200 0.224200 -0.050500
vn -0.977700 0.208600 -0.022600
v -0.009834 3.557811 0.048947
vn -0.155400 -0.581300 0.798800
vn -0.159800 -0.887900 0.431300
vn -0.148500 -0.887800 0.435700
vn -0.152300 -0.887800 0.434200
v 0.152784 3.844726 0.039686
vt 0.489069 0.283659
v 0.152784 3.844726 0.063886
vt 0.489069 0.293300
v 0.128584 3.844726 0.063886
vt 0.499571 0.294893
v 0.128584 3.844726 0.039686
vt 0.499571 0.285251
v 0.152784 3.874977 0.063886
v 0.128584 3.874977 0.063886
v 0.128584 3.874977 0.039686
v 0.152784 3.874977 0.039686
v 0.009279 3.546417 0.051173
v -0.014921 3.546417 0.051173
v -0.014921 3.546417 0.014873
v 0.009279 3.546417 0.014873
v 0.009279 3.582717 0.051173
v 0.009279 3.582717 0.014873
v -0.014921 3.582717 0.014873
v -0.014921 3.582717 0.051173
f 1/1/1 2/2/1 3/3/1
f 3/3/1 4/4/1 1/1/1
f 4/4/1 3/3/1 5/5/1
f 5/5/1 6/6/1 4/4/1
f 7/7/2 8/8/2 9/9/2
f 9/9/2 10/10/2 7/7/2
f 8/8/2 11/11/2 12/12/2
f 12/12/2 9/9/2 8/8/2
f 1/13/3 7/14/3 10/15/3
f 10/15/3 2/16/3 1/13/3
f 2/17/4 10/18/4 9/19/5
f 9/19/5 3/20/5 2/17/4
f 3/20/5 9/19/5 12/21/6
f 12/21/6 5/22/6 3/20/5
f 6/22/7 11/21/7 8/19/8
f 8/19/8 4/20/8 6/22/7
f 4/20/8 8/19/8 7/18/9
f 7/18/9 1/17/9 4/20/8
f 13/23/1 14/24/1 15/25/1
f 15/25/1 16/26/1 13/23/1
f 17/27/2 18/28/2 19/29/2
f 19/29/2 20/30/2 17/27/2
f 13/23/3 17/24/3 20/25/3
f 20/25/3 14/26/3 13/23/3
f 14/27/10 20/28/10 19/29/10
f 19/29/10 15/30/10 14/27/10
f 15/27/11 19/28/11 18/29/11
f 18/29/11 16/30/11 15/27/11
f 16/31/12 18/32/12 17/33/12
f 17/33/12 13/34/12 16/31/12
f 21/23/1 22/24/1 23/25/1
f 23/25/1 24/26/1 21/23/1
f 25/27/2 26/28/2 27/29/2
f 27/29/2 28/30/2 25/27/2
f 21/23/13 25/24/13 28/25/13
f 28/25/13 22/26/13 21/23/13
f 22/31/14 28/32/14 27/33/14
f 27/33/14 23/34/14 22/31/14
f 23/27/11 27/28/11 26/29/11
f 26/29/11 24/30/11 23/27/11
f 24/27/12 26/28/12 25/29/12
f 25/29/12 21/30/12 24/27/12
f 29/23/1 30/24/1 31/25/1
f 31/25/1 32/26/1 29/23/1
f 33/27/2 34/28/2 35/29/2
f 35/29/2 36/30/2 33/27/2
f 29/23/3 33/24/3 36/25/3
f 36/25/3 30/26/3 29/23/3
f 30/27/10 36/28/10 35/29/10
f 35/29/10 31/30/10 30/27/10
f 31/27/11 35/28/11 34/29/11
f 34/29/11 32/30/11 31/27/11
f 32/31/12 34/32/12 33/33/12
f 33/33/12 29/34/12 32/31/12
f 37/23/1 38/24/1 39/25/1
f 39/25/1 40/26/1 37/23/1
f 41/27/2 42/28/2 43/29/2
f 43/29/2 44/30/2 41/27/2
f 37/23/13 41/24/13 44/25/13
f 44/25/13 38/26/13 37/23/13
f 38/31/14 44/32/14 43/33/14
f 43/33/14 39/34/14 38/31/14
f 39/27/11 43/28/11 42/29/11
f 42/29/11 40/30/11 39/27/11
f 40/27/12 42/28/12 41/29/12
f 41/29/12 37/30/12 40/27/12
f 45/35/1 46/36/1 47/37/1
f 48/38/1 45/35/1 47/37/1
f 49/39/1 48/38/1 47/37/1
f 50/40/1 49/39/1 47/37/1
f 51/41/1 50/40/1 47/37/1
f 52/42/1 51/41/1 47/37/1
f 53/43/1 52/42/1 47/37/1
f 54/44/1 53/43/1 47/37/1
f 55/45/1 54/44/1 47/37/1
f 56/46/1 55/45/1 47/37/1
f 57/47/1 56/46/1 47/37/1
f 58/48/1 57/47/1 47/37/1
f 59/33/15 57/34/15 58/31/15
f 58/31/15 60/32/15 59/33/15
f 61/33/16 56/34/16 57/31/16
f 57/31/16 59/32/16 61/33/16
f 62/33/17 55/34/17 56/31/17
f 56/31/17 61/32/17 62/33/17
f 63/33/18 54/34/18 55/31/18
f 55/31/18 62/32/18 63/33/18
f 64/33/19 53/34/19 54/31/19
f 54/31/19 63/32/19 64/33/19
f 65/33/20 52/34/20 53/31/20
f 53/31/20 64/32/20 65/33/20
f 66/33/21 51/34/21 52/31/21
f 52/31/21 65/32/21 66/33/21
f 67/33/22 50/34/22 51/31/22
f 51/31/22 66/32/22 67/33/22
f 68/33/23 49/34/24 50/31/23
f 50/31/23 67/32/23 68/33/23
f 69/33/25 48/34/25 49/31/25
f 49/31/25 68/32/25 69/33/25
f 70/33/26 45/34/26 48/31/26
f 48/31/26 69/32/26 70/33/26
f 71/33/27 46/34/27 45/31/27
f 45/31/27 70/32/27 71/33/27
f 59/49/2 60/50/2 72/51/2
f 61/52/2 59/49/2 72/51/2
f 62/53/2 61/52/2 72/51/2
f 63/54/2 62/53/2 72/51/2
f 64/55/2 63/54/2 72/51/2
f 65/56/2 64/55/2 72/51/2
f 66/57/2 65/56/2 72/51/2
f 67/58/2 66/57/2 72/51/2
f 68/59/2 67/58/2 72/51/2
f 69/60/2 68/59/2 72/51/2
f 70/61/2 69/60/2 72/51/2
f 71/62/2 70/61/2 72/51/2
f 73/63/1 16/64/1 74/65/1
f 75/66/1 73/63/1 74/65/1
f 76/67/1 75/66/1 74/65/1
f 77/68/1 76/67/1 74/65/1
f 78/69/1 77/68/1 74/65/1
f 79/70/1 78/69/1 74/65/1
f 80/71/1 79/70/1 74/65/1
f 81/72/1 80/71/1 74/65/1
f 82/73/1 81/72/1 74/65/1
f 83/74/1 82/73/1 74/65/1
f 84/75/1 83/74/1 74/65/1
f 23/76/1 84/75/1 74/65/1
f 85/33/15 84/34/15 23/31/15
f 23/31/15 27/32/15 85/33/15
f 86/33/16 83/34/16 84/31/16
f 84/31/16 85/32/16 86/33/16
f 87/33/17 82/34/17 83/31/17
f 83/31/17 86/32/17 87/33/17
f 88/33/18 81/34/18 82/31/18
f 82/31/18 87/32/18 88/33/18
f 89/33/19 80/34/19 81/31/19
f 81/31/19 88/32/19 89/33/19
f 90/33/20 79/34/20 80/31/20
f 80/31/20 89/32/20 90/33/20
f 91/33/21 78/34/21 79/31/21
f 79/31/21 90/32/21 91/33/21
f 92/33/22 77/34/22 78/31/22
f 78/31/22 91/32/22 92/33/22
f 93/33/23 76/34/23 77/31/23
f 77/31/23 92/32/23 93/33/23
f 94/33/25 75/34/25 76/31/25
f 76/31/25 93/32/25 94/33/25
f 95/33/26 73/34/26 75/31/26
f 75/31/26 94/32/26 95/33/26
f 18/33/27 16/34/27 73/31/27
f 73/31/27 95/32/27 18/33/27
f 85/49/2 27/50/2 96/51/2
f 86/52/2 85/49/2 96/51/2
f 87/53/2 86/52/2 96/51/2
f 88/54/2 87/53/2 96/51/2
f 89/55/2 88/54/2 96/51/2
f 90/56/2 89/55/2 96/51/2
f 91/57/2 90/56/2 96/51/2
f 92/58/2 91/57/2 96/51/2
f 93/59/2 92/58/2 96/51/2
f 94/60/2 93/59/2 96/51/2
f 95/61/2 94/60/2 96/51/2
f 18/62/2 95/61/2 96/51/2
f 97/77/1 98/78/1 99/79/1
f 99/79/1 100/80/1 97/77/1
f 101/77/2 102/78/2 103/79/2
f 103/79/2 104/80/2 101/77/2
f 97/81/13 101/82/13 104/83/13
f 104/83/13 98/84/13 97/81/13
f 98/31/10 104/32/10 103/33/10
f 103/33/10 99/34/10 98/31/10
f 99/77/11 103/78/11 102/79/11
f 102/79/11 100/80/11 99/77/11
f 100/31/28 102/32/28 101/33/28
f 101/33/28 97/34/28 100/31/28
f 105/85/2 106/86/2 107/87/2
f 107/87/2 108/88/2 105/85/2
f 109/85/1 110/86/1 111/87/1
f 111/87/1 112/88/1 109/85/1
f 105/89/29 109/90/29 112/91/29
f 112/91/29 106/92/29 105/89/29
f 106/89/14 112/90/14 111/91/14
f 111/91/14 107/92/14 106/89/14
f 107/89/30 111/93/30 110/91/30
f 110/91/30 108/94/30 107/89/30
f 108/89/31 110/93/31 109/91/31
f 109/91/31 105/94/31 108/89/31
f 113/95/1 114/96/1 115/97/1
f 115/97/1 116/98/1 113/95/1
f 117/99/2 118/100/2 119/101/2
f 119/101/2 120/102/2 117/99/2
f 113/95/13 117/96/13 120/97/13
f 120/97/13 114/98/13 113/95/13
f 114/103/14 120/103/14 119/104/14
f 119/104/14 115/104/14 114/103/14
f 115/104/11 119/104/11 118/105/11
f 118/105/11 116/105/11 115/104/11
f 116/106/28 118/107/28 117/108/28
f 117/108/28 113/109/28 116/106/28
f 121/99/32 122/100/32 123/101/32
f 123/101/32 124/102/33 121/99/32
f 125/110/34 123/111/34 122/112/34
f 122/112/34 126/113/34 125/110/34
f 126/114/28 122/115/28 121/116/28
f 123/117/14 125/118/14 124/119/14
f 127/95/35 128/120/36 129/97/37
f 129/97/37 130/98/38 127/95/35
f 130/95/1 129/121/1 131/97/1
f 131/97/1 132/98/1 130/95/1
f 133/99/39 134/122/40 135/101/41
f 135/101/41 136/123/42 133/99/39
f 134/99/2 137/122/2 138/101/2
f 138/101/2 135/124/2 134/99/2
f 127/125/43 133/125/43 136/126/43
f 136/126/43 128/126/43 127/125/43
f 128/106/44 136/127/44 135/108/44
f 135/108/44 129/128/44 128/106/44
f 129/106/45 135/127/45 138/108/45
f 138/108/45 131/128/45 129/106/45
f 131/129/11 138/129/11 137/130/11
f 137/130/11 132/130/11 131/129/11
f 132/131/46 137/132/46 134/133/46
f 134/133/46 130/134/46 132/131/46
f 130/106/47 134/127/47 133/108/47
f 133/108/47 127/128/47 130/106/47
f 139/95/1 140/96/1 141/97/1
f 141/97/1 142/98/1 139/95/1
f 143/99/2 144/100/2 145/101/2
f 145/101/2 146/102/2 143/99/2
f 139/106/3 143/107/3 146/108/3
f 146/108/3 140/109/3 139/106/3
f 140/106/14 146/127/14 145/108/14
f 145/108/14 141/128/14 140/106/14
f 141/106/11 145/127/11 144/108/11
f 144/108/11 142/128/11 141/106/11
f 142/106/28 144/107/28 143/108/28
f 143/108/28 139/109/28 142/106/28
f 147/95/1 148/96/1 149/97/1
f 149/97/1 150/98/1 147/95/1
f 151/99/2 152/100/2 153/101/2
f 153/101/2 154/102/2 151/99/2
f 147/95/13 151/96/13 154/97/13
f 154/97/13 148/98/13 147/95/13
f 148/106/10 154/127/10 153/108/10
f 153/108/10 149/128/10 148/106/10
f 149/135/48 153/135/48 152/136/48
f 152/136/48 150/136/48 149/135/48
f 150/136/12 152/136/12 151/137/12
f 151/137/12 147/137/12 150/136/12
f 155/138/1 116/139/1 156/95/1
f 157/140/1 155/138/1 156/95/1
f 158/141/1 157/140/1 156/95/1
f 159/142/1 158/141/1 156/95/1
f 160/143/1 159/142/1 156/95/1
f 161/144/1 160/143/1 156/95/1
f 162/145/1 161/144/1 156/95/1
f 163/146/1 162/145/1 156/95/1
f 164/147/1 163/146/1 156/95/1
f 165/148/1 164/147/1 156/95/1
f 166/97/1 165/148/1 156/95/1
f 149/149/1 166/97/1 156/95/1
f 153/135/3 149/135/3 156/150/3
f 156/150/3 167/150/3 153/135/3
f 168/108/49 166/109/49 149/106/49
f 149/106/49 153/107/49 168/108/49
f 169/108/16 165/109/16 166/106/16
f 166/106/16 168/107/16 169/108/16
f 170/108/17 164/109/17 165/106/17
f 165/106/17 169/107/17 170/108/17
f 171/108/18 163/128/18 164/106/18
f 164/106/18 170/127/18 171/108/18
f 172/108/19 162/109/19 163/106/19
f 163/106/19 171/107/19 172/108/19
f 173/108/20 161/109/20 162/106/20
f 162/106/20 172/107/20 173/108/20
f 174/108/21 160/128/21 161/106/21
f 161/106/21 173/127/21 174/108/21
f 175/108/22 159/109/22 160/106/22
f 160/106/22 174/107/22 175/108/22
f 176/108/23 158/109/23 159/106/23
f 159/106/23 175/107/23 176/108/23
f 177/108/25 157/128/25 158/106/25
f 158/106/25 176/127/25 177/108/25
f 178/108/26 155/109/26 157/106/26
f 157/106/26 177/107/26 178/108/26
f 118/108/27 116/128/27 155/106/27
f 155/106/27 178/127/27 118/108/27
f 167/150/13 156/150/13 116/105/13
f 116/105/13 118/105/13 167/150/13
f 168/101/2 153/102/2 167/99/2
f 169/151/2 168/101/2 167/99/2
f 170/152/2 169/151/2 167/99/2
f 171/153/2 170/152/2 167/99/2
f 172/154/2 171/153/2 167/99/2
f 173/155/2 172/154/2 167/99/2
f 174/156/2 173/155/2 167/99/2
f 175/157/2 174/156/2 167/99/2
f 176/158/2 175/157/2 167/99/2
f 177/159/2 176/158/2 167/99/2
f 178/160/2 177/159/2 167/99/2
f 118/161/2 178/160/2 167/99/2
f 179/162/50 180/163/51 181/164/52
f 179/162/50 182/165/53 180/163/51
f 182/165/53 183/166/54 180/163/51
f 182/165/53 184/167/55 183/166/54
f 184/167/55 185/168/56 183/166/54
f 184/167/55 186/169/57 185/168/56
f 186/170/58 187/171/59 185/172/60
f 186/170/58 188/173/61 187/171/59
f 188/170/62 189/171/63 187/172/64
f 188/170/62 190/173/65 189/171/63
f 190/170/66 191/171/67 189/172/68
f 190/170/66 192/173/69 191/171/67
f 192/170/70 193/171/71 191/172/72
f 192/170/70 194/173/73 193/171/71
f 194/170/74 181/171/74 193/172/74
f 194/170/74 179/173/74 181/171/74
f 181/164/52 195/174/75 196/175/76
f 181/164/52 180/163/51 195/174/75
f 180/163/51 197/176/77 195/174/75
f 180/163/51 183/166/54 197/176/77
f 183/166/54 198/177/78 197/176/77
f 183/166/54 185/168/56 198/177/78
f 185/170/79 199/171/80 198/172/81
f 185/170/79 187/173/82 199/171/80
f 187/170/83 200/171/84 199/172/85
f 187/170/83 189/173/86 200/171/84
f 189/170/87 201/171/88 200/172/89
f 189/170/87 191/173/90 201/171/88
f 191/170/91 202/171/92 201/172/93
f 191/170/91 193/173/94 202/171/92
f 193/170/74 196/171/74 202/172/74
f 193/170/74 181/173/74 196/171/74
f 196/175/76 203/178/95 204/179/96
f 196/175/76 195/174/75 203/178/95
f 195/174/75 205/180/97 203/178/95
f 195/174/75 197/176/77 205/180/97
f 197/176/77 206/181/98 205/180/97
f 197/176/77 198/177/78 206/181/98
f 198/170/99 207/171/100 206/172/101
f 198/170/99 199/173/102 207/171/100
f 199/170/103 208/171/104 207/172/105
f 199/170/103 200/173/106 208/171/104
f 200/170/107 209/171/108 208/172/109
f 200/170/107 201/173/110 209/171/108
f 201/170/111 210/171/112 209/172/113
f 201/170/111 202/173/114 210/171/112
f 202/170/74 204/171/74 210/172/74
f 202/170/74 196/173/74 204/171/74
f 204/179/96 211/182/115 212/183/116
f 204/179/96 203/178/95 211/182/115
f 203/178/95 213/184/117 211/182/115
f 203/178/95 205/180/97 213/184/117
f 205/180/97 214/185/118 213/184/117
f 205/180/97 206/181/98 214/185/118
f 206/170/119 215/171/120 214/172/121
f 206/170/119 207/173/122 215/171/120
f 207/170/123 216/171/124 215/172/125
f 207/170/123 208/173/126 216/171/124
f 208/170/127 217/171/128 216/172/129
f 208/170/127 209/173/130 217/171/128
f 209/170/131 218/171/132 217/172/133
f 209/170/131 210/173/134 218/171/132
f 210/170/74 212/171/74 218/172/74
f 210/170/74 204/173/74 212/171/74
f 212/183/116 219/186/135 220/187/136
f 212/183/116 211/182/115 219/186/135
f 211/182/115 221/188/137 219/186/135
f 211/182/115 213/184/117 221/188/137
f 213/184/117 222/189/138 221/188/137
f 213/184/117 214/185/118 222/189/138
f 214/170/139 223/171/140 222/172/140
f 214/170/139 215/173/139 223/171/140
f 215/170/141 224/171/142 223/172/143
f 215/170/141 216/173/144 224/171/142
f 216/170/145 225/171/146 224/172/147
f 216/170/145 217/173/148 225/171/146
f 217/170/149 226/171/150 225/172/151
f 217/170/149 218/173/152 226/171/150
f 218/170/74 220/171/74 226/172/74
f 218/170/74 212/173/74 220/171/74
f 220/187/136 227/190/153 228/191/154
f 220/187/136 219/186/135 227/190/153
f 219/186/135 229/192/155 227/190/153
f 219/186/135 221/188/137 229/192/155
f 221/188/137 230/193/156 229/192/155
f 221/188/137 222/189/138 230/193/156
f 222/170/157 231/171/140 230/172/140
f 222/170/157 223/173/157 231/171/140
f 223/170/158 232/171/159 231/172/160
f 223/170/158 224/173/161 232/171/159
f 224/170/162 233/171/163 232/172/164
f 224/170/162 225/173/165 233/171/163
f 225/170/166 234/171/167 233/172/168
f 225/170/166 226/173/169 234/171/167
f 226/170/74 228/171/74 234/172/74
f 226/170/74 220/173/74 228/171/74
f 228/191/154 235/194/170 236/195/171
f 228/191/154 227/190/153 235/194/170
f 227/190/153 237/196/172 235/194/170
f 227/190/153 229/192/155 237/196/172
f 229/192/155 238/197/173 237/196/172
f 229/192/155 230/193/156 238/197/173
f 230/170/139 239/171/139 238/172/139
f 230/170/139 231/173/139 239/171/139
f 231/170/174 240/171/175 239/172/176
f 231/170/174 232/173/177 240/171/175
f 232/170/178 241/171/179 240/172/180
f 232/170/178 233/173/181 241/171/179
f 233/170/182 242/171/183 241/172/184
f 233/170/182 234/173/185 242/171/183
f 234/170/74 236/171/74 242/172/74
f 234/170/74 228/173/74 236/171/74
f 236/195/171 243/198/186 244/199/187
f 236/195/171 235/194/170 243/198/186
f 235/194/170 245/200/188 243/198/186
f 235/194/170 237/196/172 245/200/188
f 237/196/172 246/201/189 245/200/188
f 237/196/172 238/197/173 246/201/189
f 238/170/139 247/171/139 246/172/139
f 238/170/139 239/173/139 247/171/139
f 239/170/190 248/171/191 247/172/192
f 239/170/190 240/173/193 248/171/191
f 240/170/194 249/171/195 248/172/196
f 240/170/194 241/173/197 249/171/195
f 241/170/198 250/171/199 249/172/200
f 241/170/198 242/173/201 250/171/199
f 242/170/74 244/171/74 250/172/74
f 242/170/74 236/173/74 244/171/74
f 244/199/187 251/202/202 252/203/203
f 244/199/187 243/198/186 251/202/202
f 243/198/186 253/204/204 251/202/202
f 243/198/186 245/200/188 253/204/204
f 245/200/188 254/205/205 253/204/204
f 245/200/188 246/201/189 254/205/205
f 246/170/139 255/171/139 254/172/139
f 246/170/139 247/173/139 255/171/139
f 247/170/206 256/171/207 255/172/208
f 247/170/206 248/173/209 256/171/207
f 248/170/210 257/171/211 256/172/212
f 248/170/210 249/173/213 257/171/211
f 249/170/214 258/171/215 257/172/216
f 249/170/214 250/173/217 258/171/215
f 250/170/74 252/171/74 258/172/74
f 250/170/74 244/173/74 252/171/74
f 258/170/74 259/171/74 260/172/74
f 258/170/74 252/173/74 259/171/74
f 261/171/218 182/170/219 179/173/219
f 261/171/220 184/170/221 182/173/221
f 261/171/222 186/170/223 184/173/223
f 261/171/220 188/170/224 186/173/224
f 261/171/225 190/170/226 188/173/226
f 261/171/222 192/170/227 190/173/227
f 261/171/220 194/170/228 192/173/228
f 261/171/222 179/170/229 194/173/229
f 262/162/230 263/164/231 264/163/232
f 262/162/230 264/163/232 265/165/233
f 265/165/233 264/163/232 266/166/234
f 265/165/233 266/166/234 267/167/235
f 267/167/235 266/166/234 268/168/236
f 267/167/235 268/168/236 269/169/237
f 269/170/238 268/172/239 270/171/240
f 269/170/238 270/171/240 271/173/241
f 271/170/242 270/172/243 272/171/244
f 271/170/242 272/171/244 273/173/245
f 273/170/246 272/172/247 274/171/248
f 273/170/246 274/171/248 275/173/249
f 275/170/250 274/172/251 276/171/252
f 275/170/250 276/171/252 277/173/253
f 277/170/74 276/172/74 263/171/74
f 277/170/74 263/171/74 262/173/74
f 263/164/231 278/175/254 279/174/255
f 263/164/231 279/174/255 264/163/232
f 264/163/232 279/174/255 280/176/256
f 264/163/232 280/176/256 266/166/234
f 266/166/234 280/176/256 281/177/257
f 266/166/234 281/177/257 268/168/236
f 268/170/258 281/172/259 282/171/260
f 268/170/258 282/171/260 270/173/261
f 270/170/262 282/172/263 283/171/264
f 270/170/262 283/171/264 272/173/265
f 272/170/266 283/172/267 284/171/268
f 272/170/266 284/171/268 274/173/269
f 274/170/270 284/172/271 285/171/272
f 274/170/270 285/171/272 276/173/273
f 276/170/74 285/172/74 278/171/74
f 276/170/74 278/171/74 263/173/74
f 278/175/254 286/179/274 287/178/275
f 278/175/254 287/178/275 279/174/255
f 279/174/255 287/178/275 288/180/276
f 279/174/255 288/180/276 280/176/256
f 280/176/256 288/180/276 289/181/277
f 280/176/256 289/181/277 281/177/257
f 281/170/278 289/172/279 290/171/280
f 281/170/278 290/171/280 282/173/281
f 282/170/282 290/172/283 291/171/284
f 282/170/282 291/171/284 283/173/285
f 283/170/286 291/172/287 292/171/288
f 283/170/286 292/171/288 284/173/289
f 284/170/290 292/172/291 293/171/292
f 284/170/290 293/171/292 285/173/293
f 285/170/74 293/172/74 286/171/74
f 285/170/74 286/171/74 278/173/74
f 286/179/274 294/183/294 295/182/295
f 286/179/274 295/182/295 287/178/275
f 287/178/275 295/182/295 296/184/296
f 287/178/275 296/184/296 288/180/276
f 288/180/276 296/184/296 297/185/297
f 288/180/276 297/185/297 289/181/277
f 289/170/298 297/172/299 298/171/300
f 289/170/298 298/171/300 290/173/301
f 290/170/302 298/172/303 299/171/304
f 290/170/302 299/171/304 291/173/305
f 291/170/306 299/172/307 300/171/308
f 291/170/306 300/171/308 292/173/309
f 292/170/310 300/172/311 301/171/312
f 292/170/310 301/171/312 293/173/313
f 293/170/74 301/172/74 294/171/74
f 293/170/74 294/171/74 286/173/74
f 294/183/294 302/187/314 303/186/315
f 294/183/294 303/186/315 295/182/295
f 295/182/295 303/186/315 304/188/316
f 295/182/295 304/188/316 296/184/296
f 296/184/296 304/188/316 305/189/317
f 296/184/296 305/189/317 297/185/297
f 297/170/139 305/172/157 306/171/157
f 297/170/139 306/171/157 298/173/139
f 298/170/318 306/172/319 307/171/320
f 298/170/318 307/171/320 299/173/321
f 299/170/322 307/172/323 308/171/324
f 299/170/322 308/171/324 300/173/325
f 300/170/326 308/172/327 309/171/328
f 300/170/326 309/171/328 301/173/329
f 301/170/74 309/172/74 302/171/74
f 301/170/74 302/171/74 294/173/74
f 302/187/314 310/191/330 311/190/331
f 302/187/314 311/190/331 303/186/315
f 303/186/315 311/190/331 312/192/332
f 303/186/315 312/192/332 304/188/316
f 304/188/316 312/192/332 313/193/333
f 304/188/316 313/193/333 305/189/317
f 305/170/140 313/172/157 314/171/157
f 305/170/140 314/171/157 306/173/140
f 306/170/334 314/172/335 315/171/336
f 306/170/334 315/171/336 307/173/337
f 307/170/338 315/172/339 316/171/340
f 307/170/338 316/171/340 308/173/341
f 308/170/342 316/172/343 317/171/344
f 308/170/342 317/171/344 309/173/345
f 309/170/74 317/172/74 310/171/74
f 309/170/74 310/171/74 302/173/74
f 310/191/330 318/195/346 319/194/347
f 310/191/330 319/194/347 311/190/331
f 311/190/331 319/194/347 320/196/348
f 311/190/331 320/196/348 312/192/332
f 312/192/332 320/196/348 321/197/349
f 312/192/332 321/197/349 313/193/333
f 313/170/139 321/172/139 322/171/139
f 313/170/139 322/171/139 314/173/139
f 314/170/350 322/172/351 323/171/352
f 314/170/350 323/171/352 315/173/353
f 315/170/354 323/172/355 324/171/356
f 315/170/354 324/171/356 316/173/357
f 316/170/358 324/172/359 325/171/360
f 316/170/358 325/171/360 317/173/361
f 317/170/74 325/172/74 318/171/74
f 317/170/74 318/171/74 310/173/74
f 318/195/346 259/199/362 326/198/363
f 318/195/346 326/198/363 319/194/347
f 319/194/347 326/198/363 327/200/364
f 319/194/347 327/200/364 320/196/348
f 320/196/348 327/200/364 328/201/365
f 320/196/348 328/201/365 321/197/349
f 321/170/139 328/172/139 329/171/139
f 321/170/139 329/171/139 322/173/139
f 322/170/366 329/172/367 330/171/368
f 322/170/366 330/171/368 323/173/369
f 323/170/370 330/172/371 331/171/372
f 323/170/370 331/171/372 324/173/373
f 324/170/374 331/172/375 260/171/376
f 324/170/374 260/171/376 325/173/377
f 325/170/74 260/172/74 259/171/74
f 325/170/74 259/171/74 318/173/74
f 259/199/362 252/203/378 332/202/379
f 259/199/362 332/202/379 326/198/363
f 326/198/363 332/202/379 333/204/380
f 326/198/363 333/204/380 327/200/364
f 327/200/364 333/204/380 254/205/381
f 327/200/364 254/205/381 328/201/365
f 328/170/139 254/172/139 255/171/139
f 328/170/139 255/171/139 329/173/139
f 329/170/382 255/172/383 334/171/384
f 329/170/382 334/171/384 330/173/385
f 330/170/386 334/172/387 335/171/388
f 330/170/386 335/171/388 331/173/389
f 331/170/390 335/172/391 258/171/392
f 331/170/390 258/171/392 260/173/393
f 260/170/74 258/172/74 252/171/74
f 260/170/74 252/171/74 259/173/74
f 258/170/74 250/172/74 244/171/74
f 258/170/74 244/171/74 252/173/74
f 336/171/394 262/173/395 265/170/395
f 336/171/394 265/173/396 267/170/396
f 336/171/397 267/173/398 269/170/398
f 336/171/394 269/173/399 271/170/399
f 336/171/400 271/173/401 273/170/401
f 336/171/394 273/173/402 275/170/402
f 336/171/394 275/173/403 277/170/403
f 336/171/404 277/173/405 262/170/405
f 337/206/139 338/207/139 339/208/139
f 337/206/139 339/208/139 340/209/139
f 337/206/139 340/209/139 341/210/139
f 337/206/139 341/210/139 342/211/139
f 337/206/139 342/211/139 343/212/139
f 337/206/139 343/212/139 344/213/139
f 337/206/139 344/213/139 345/214/139
f 337/206/139 345/214/139 346/215/139
f 337/206/139 346/215/139 347/216/139
f 337/206/139 347/216/139 348/217/139
f 337/206/139 348/217/139 349/218/139
f 337/206/139 349/218/139 350/219/139
f 337/206/139 350/219/139 351/220/139
f 337/206/139 351/220/139 352/221/139
f 337/206/139 352/221/139 353/222/139
f 337/206/139 353/222/139 354/223/139
f 337/206/139 354/223/139 355/224/139
f 337/206/139 355/224/139 356/225/139
f 337/206/139 356/225/139 357/226/139
f 337/206/139 357/226/139 358/227/139
f 337/206/139 358/227/139 359/228/139
f 337/206/139 359/228/139 360/229/139
f 337/206/139 360/229/139 361/230/139
f 337/206/139 361/230/139 362/231/139
f 337/206/139 362/231/139 363/232/139
f 337/206/139 363/232/139 364/233/139
f 337/206/139 364/233/139 365/234/139
f 337/206/139 365/234/139 366/235/139
f 337/206/139 366/235/139 367/236/139
f 337/206/139 367/236/139 338/207/139
f 338/237/406 368/237/406 369/238/407
f 338/237/406 369/238/407 339/238/408
f 339/238/408 369/238/407 370/239/409
f 339/238/408 370/239/409 340/239/409
f 340/239/409 370/239/409 371/240/410
f 340/239/409 371/240/410 341/240/410
f 341/240/410 371/240/410 372/241/411
f 341/240/410 372/241/411 342/241/411
f 342/241/411 372/241/411 373/242/412
f 342/241/411 373/242/412 343/242/412
f 343/242/412 373/242/412 374/243/413
f 343/242/412 374/243/413 344/243/413
f 344/243/413 374/243/413 375/244/414
f 344/243/413 375/244/414 345/244/414
f 345/244/414 375/244/414 376/245/415
f 345/244/414 376/245/415 346/245/415
f 346/245/415 376/245/415 377/246/416
f 346/245/415 377/246/416 347/246/416
f 347/246/416 377/246/416 378/247/417
f 347/246/416 378/247/417 348/247/417
f 348/247/417 378/247/417 379/248/418
f 348/247/417 379/248/418 349/248/418
f 349/248/418 379/248/418 380/249/419
f 349/248/418 380/249/419 350/249/419
f 350/249/419 380/249/419 381/250/420
f 350/249/419 381/250/420 351/250/420
f 351/250/420 381/250/420 382/251/421
f 351/250/420 382/251/421 352/251/422
f 352/251/422 382/251/421 383/252/423
f 352/251/422 383/252/423 353/252/423
f 353/252/423 383/252/423 384/253/424
f 353/252/423 384/253/424 354/253/424
f 354/253/424 384/253/424 385/254/425
f 354/253/424 385/254/425 355/254/425
f 355/254/425 385/254/425 386/255/426
f 355/254/425 386/255/426 356/255/426
f 356/255/426 386/255/426 387/256/427
f 356/255/426 387/256/427 357/256/427
f 357/256/427 387/256/427 388/257/428
f 357/256/427 388/257/428 358/257/428
f 358/257/428 388/257/428 389/258/429
f 358/257/428 389/258/429 359/258/429
f 359/258/429 389/258/429 390/259/430
f 359/258/429 390/259/430 360/259/430
f 360/259/430 390/259/430 391/260/431
f 360/259/430 391/260/431 361/260/431
f 361/260/431 391/260/431 392/261/432
f 361/260/431 392/261/432 362/261/432
f 362/261/432 392/261/432 393/262/433
f 362/261/432 393/262/433 363/262/433
f 363/262/433 393/262/433 394/263/434
f 363/262/433 394/263/434 364/263/434
f 364/263/434 394/263/434 395/264/435
f 364/263/434 395/264/435 365/264/435
f 365/264/435 395/264/435 396/265/436
f 365/264/435 396/265/436 366/265/436
f 366/265/436 396/265/436 397/266/437
f 366/265/436 397/266/437 367/266/437
f 367/266/437 397/266/437 368/237/406
f 367/266/437 368/237/406 338/237/406
f 398/267/74 369/238/74 368/237/74
f 398/267/74 370/239/74 369/238/74
f 398/267/74 371/240/74 370/239/74
f 398/267/74 372/241/74 371/240/74
f 398/267/74 373/242/74 372/241/74
f 398/267/74 374/243/74 373/242/74
f 398/267/74 375/244/74 374/243/74
f 398/267/74 376/245/74 375/244/74
f 398/267/74 377/246/74 376/245/74
f 398/267/74 378/247/74 377/246/74
f 398/267/74 379/248/74 378/247/74
f 398/267/74 380/249/74 379/248/74
f 398/267/74 381/250/74 380/249/74
f 398/267/74 382/251/74 381/250/74
f 398/267/74 383/252/74 382/251/74
f 398/267/74 384/253/74 383/252/74
f 398/267/74 385/254/74 384/253/74
f 398/267/74 386/255/74 385/254/74
f 398/267/74 387/256/74 386/255/74
f 398/267/74 388/257/74 387/256/74
f 398/267/74 389/258/74 388/257/74
f 398/267/74 390/259/74 389/258/74
f 398/267/74 391/260/74 390/259/74
f 398/267/74 392/261/74 391/260/74
f 398/267/74 393/262/74 392/261/74
f 398/267/74 394/263/74 393/262/74
f 398/267/74 395/264/74 394/263/74
f 398/267/74 396/265/74 395/264/74
f 398/267/74 397/266/74 396/265/74
f 398/267/74 368/237/74 397/266/74
f 399/268/438 400/269/438 401/270/438
f 400/269/438 399/268/438 402/271/438
f 403/268/439 404/269/440 405/270/441
f 404/269/440 403/268/439 406/271/440
f 399/268/442 405/269/443 402/270/442
f 405/269/443 399/268/442 403/271/443
f 402/268/444 404/269/444 400/270/444
f 404/269/444 402/268/444 405/271/444
f 401/268/445 403/269/445 399/270/445
f 403/269/445 401/268/445 406/271/445
f 407/268/446 408/269/447 409/270/447
f 408/269/447 407/268/446 410/271/446
f 411/268/448 412/269/448 413/270/448
f 412/269/448 411/268/448 414/271/448
f 407/268/449 413/269/449 410/270/449
f 413/269/449 407/268/449 411/271/450
f 410/268/451 412/269/452 408/270/452
f 412/269/452 410/268/451 413/271/451
f 409/268/453 411/269/453 407/270/453
f 411/269/453 409/268/453 414/271/453
f 415/162/50 416/163/51 417/164/52
f 415/162/50 418/165/53 416/163/51
f 418/165/53 419/166/54 416/163/51
f 418/165/53 420/167/55 419/166/54
f 420/167/55 421/168/56 419/166/54
f 420/167/55 422/169/454 421/168/56
f 422/170/455 423/171/456 421/172/457
f 422/170/455 424/173/458 423/171/456
f 424/170/62 425/171/63 423/172/64
f 424/170/62 426/173/65 425/171/63
f 426/170/66 427/171/67 425/172/68
f 426/170/66 428/173/69 427/171/67
f 428/170/70 429/171/71 427/172/72
f 428/170/70 430/173/73 429/171/71
f 430/170/74 417/171/74 429/172/74
f 430/170/74 415/173/74 417/171/74
f 417/164/52 431/174/75 432/175/76
f 417/164/52 416/163/51 431/174/75
f 416/163/51 433/176/77 431/174/75
f 416/163/51 419/166/54 433/176/77
f 419/166/54 434/177/78 433/176/77
f 419/166/54 421/168/56 434/177/78
f 421/170/459 435/171/460 434/172/461
f 421/170/459 423/173/462 435/171/460
f 423/170/83 436/171/84 435/172/85
f 423/170/83 425/173/86 436/171/84
f 425/170/87 437/171/88 436/172/89
f 425/170/87 427/173/90 437/171/88
f 427/170/91 438/171/92 437/172/93
f 427/170/91 429/173/94 438/171/92
f 429/170/74 432/171/74 438/172/74
f 429/170/74 417/173/74 432/171/74
f 432/175/76 439/178/95 440/179/96
f 432/175/76 431/174/75 439/178/95
f 431/174/75 441/180/97 439/178/95
f 431/174/75 433/176/77 441/180/97
f 433/176/77 442/181/98 441/180/97
f 433/176/77 434/177/78 442/181/98
f 434/170/463 443/171/100 442/172/464
f 434/170/463 435/173/465 443/171/100
f 435/170/103 444/171/104 443/172/105
f 435/170/103 436/173/106 444/171/104
f 436/170/107 445/171/108 444/172/109
f 436/170/107 437/173/110 445/171/108
f 437/170/111 446/171/112 445/172/113
f 437/170/111 438/173/114 446/171/112
f 438/170/74 440/171/74 446/172/74
f 438/170/74 432/173/74 440/171/74
f 440/179/96 447/182/115 448/183/116
f 440/179/96 439/178/95 447/182/115
f 439/178/95 449/184/117 447/182/115
f 439/178/95 441/180/97 449/184/117
f 441/180/97 450/185/118 449/184/117
f 441/180/97 442/181/98 450/185/118
f 442/170/466 451/171/467 450/172/468
f 442/170/466 443/173/469 451/171/467
f 443/170/470 452/171/124 451/172/125
f 443/170/470 444/173/126 452/171/124
f 444/170/127 453/171/128 452/172/129
f 444/170/127 445/173/130 453/171/128
f 445/170/131 454/171/132 453/172/471
f 445/170/131 446/173/134 454/171/132
f 446/170/74 448/171/74 454/172/74
f 446/170/74 440/173/74 448/171/74
f 448/183/116 455/186/135 456/187/136
f 448/183/116 447/182/115 455/186/135
f 447/182/115 457/188/137 455/186/135
f 447/182/115 449/184/117 457/188/137
f 449/184/117 458/189/138 457/188/137
f 449/184/117 450/185/118 458/189/138
f 450/170/139 459/171/140 458/172/140
f 450/170/139 451/173/139 459/171/140
f 451/170/141 460/171/142 459/172/143
f 451/170/141 452/173/472 460/171/142
f 452/170/145 461/171/146 460/172/147
f 452/170/145 453/173/148 461/171/146
f 453/170/473 462/171/474 461/172/475
f 453/170/473 454/173/152 462/171/474
f 454/170/74 456/171/74 462/172/74
f 454/170/74 448/173/74 456/171/74
f 456/187/136 463/190/153 464/191/476
f 456/187/136 455/186/135 463/190/153
f 455/186/135 465/192/155 463/190/153
f 455/186/135 457/188/137 465/192/155
f 457/188/137 466/193/477 465/192/155
f 457/188/137 458/189/138 466/193/477
f 458/170/157 467/171/139 466/172/139
f 458/170/157 459/173/157 467/171/139
f 459/170/158 468/171/159 467/172/160
f 459/170/158 460/173/161 468/171/159
f 460/170/162 469/171/478 468/172/479
f 460/170/162 461/173/480 469/171/478
f 461/170/481 470/171/482 469/172/483
f 461/170/481 462/173/484 470/171/482
f 462/170/74 464/171/74 470/172/74
f 462/170/74 456/173/74 464/171/74
f 464/191/476 471/194/170 472/195/171
f 464/191/476 463/190/153 471/194/170
f 463/190/153 473/196/172 471/194/170
f 463/190/153 465/192/155 473/196/172
f 465/192/155 474/197/485 473/196/172
f 465/192/155 466/193/477 474/197/485
f 466/170/139 475/171/139 474/172/139
f 466/170/139 467/173/139 475/171/139
f 467/170/174 476/171/175 475/172/176
f 467/170/174 468/173/177 476/171/175
f 468/170/178 477/171/179 476/172/180
f 468/170/178 469/173/181 477/171/179
f 469/170/182 478/171/183 477/172/184
f 469/170/182 470/173/185 478/171/183
f 470/170/74 472/171/74 478/172/74
f 470/170/74 464/173/74 472/171/74
f 472/195/171 479/198/186 480/199/187
f 472/195/171 471/194/170 479/198/186
f 471/194/170 481/200/188 479/198/186
f 471/194/170 473/196/172 481/200/188
f 473/196/172 482/201/189 481/200/188
f 473/196/172 474/197/485 482/201/189
f 474/170/139 483/171/139 482/172/139
f 474/170/139 475/173/139 483/171/139
f 475/170/486 484/171/487 483/172/192
f 475/170/486 476/173/193 484/171/487
f 476/170/194 485/171/195 484/172/196
f 476/170/194 477/173/197 485/171/195
f 477/170/198 486/171/199 485/172/200
f 477/170/198 478/173/201 486/171/199
f 478/170/74 480/171/74 486/172/74
f 478/170/74 472/173/74 480/171/74
f 480/199/187 487/202/202 488/203/203
f 480/199/187 479/198/186 487/202/202
f 479/198/186 489/204/204 487/202/202
f 479/198/186 481/200/188 489/204/204
f 481/200/188 490/205/205 489/204/204
f 481/200/188 482/201/189 490/205/205
f 482/170/139 491/171/139 490/172/139
f 482/170/139 483/173/139 491/171/139
f 483/170/488 492/171/207 491/172/489
f 483/170/488 484/173/490 492/171/207
f 484/170/491 493/171/492 492/172/493
f 484/170/491 485/173/494 493/171/492
f 485/170/214 494/171/215 493/172/216
f 485/170/214 486/173/217 494/171/215
f 486/170/74 488/171/74 494/172/74
f 486/170/74 480/173/74 488/171/74
f 494/170/74 495/171/74 496/172/74
f 494/170/74 488/173/74 495/171/74
f 497/171/225 418/170/219 415/173/219
f 497/171/495 420/170/496 418/173/496
f 497/171/497 422/170/498 420/173/498
f 497/171/497 424/170/499 422/173/499
f 497/171/497 426/170/500 424/173/500
f 497/171/497 428/170/227 426/173/227
f 497/171/497 430/170/228 428/173/228
f 497/171/497 415/170/501 430/173/501
f 498/162/502 499/164/231 500/163/232
f 498/162/502 500/163/232 501/165/233
f 501/165/233 500/163/232 502/166/234
f 501/165/233 502/166/234 503/167/235
f 503/167/235 502/166/234 504/168/236
f 503/167/235 504/168/236 505/169/503
f 505/170/504 504/172/505 506/171/506
f 505/170/504 506/171/506 507/173/507
f 507/170/242 506/172/243 508/171/244
f 507/170/242 508/171/244 509/173/245
f 509/170/246 508/172/247 510/171/248
f 509/170/246 510/171/248 511/173/249
f 511/170/250 510/172/251 512/171/252
f 511/170/250 512/171/252 513/173/253
f 513/170/74 512/172/74 499/171/74
f 513/170/74 499/171/74 498/173/74
f 499/164/231 514/175/254 515/174/255
f 499/164/231 515/174/255 500/163/232
f 500/163/232 515/174/255 516/176/256
f 500/163/232 516/176/256 502/166/234
f 502/166/234 516/176/256 517/177/257
f 502/166/234 517/177/257 504/168/236
f 504/170/508 517/172/509 518/171/510
f 504/170/508 518/171/510 506/173/511
f 506/170/262 518/172/263 519/171/264
f 506/170/262 519/171/264 508/173/265
f 508/170/266 519/172/267 520/171/268
f 508/170/266 520/171/268 510/173/269
f 510/170/270 520/172/271 521/171/272
f 510/170/270 521/171/272 512/173/273
f 512/170/74 521/172/74 514/171/74
f 512/170/74 514/171/74 499/173/74
f 514/175/254 522/179/274 523/178/275
f 514/175/254 523/178/275 515/174/255
f 515/174/255 523/178/275 524/180/276
f 515/174/255 524/180/276 516/176/256
f 516/176/256 524/180/276 525/181/277
f 516/176/256 525/181/277 517/177/257
f 517/170/512 525/172/513 526/171/514
f 517/170/512 526/171/514 518/173/515
f 518/170/282 526/172/283 527/171/284
f 518/170/282 527/171/284 519/173/285
f 519/170/286 527/172/287 528/171/288
f 519/170/286 528/171/288 520/173/289
f 520/170/290 528/172/291 529/171/292
f 520/170/290 529/171/292 521/173/293
f 521/170/74 529/172/74 522/171/74
f 521/170/74 522/171/74 514/173/74
f 522/179/274 530/183/294 531/182/295
f 522/179/274 531/182/295 523/178/275
f 523/178/275 531/182/295 532/184/296
f 523/178/275 532/184/296 524/180/276
f 524/180/276 532/184/296 533/185/297
f 524/180/276 533/185/297 525/181/277
f 525/170/516 533/172/517 534/171/518
f 525/170/516 534/171/518 526/173/519
f 526/170/520 534/172/303 535/171/304
f 526/170/520 535/171/304 527/173/305
f 527/170/306 535/172/307 536/171/308
f 527/170/306 536/171/308 528/173/309
f 528/170/310 536/172/521 537/171/312
f 528/170/310 537/171/312 529/173/313
f 529/170/74 537/172/74 530/171/74
f 529/170/74 530/171/74 522/173/74
f 530/183/294 538/187/522 539/186/315
f 530/183/294 539/186/315 531/182/295
f 531/182/295 539/186/315 540/188/316
f 531/182/295 540/188/316 532/184/296
f 532/184/296 540/188/316 541/189/317
f 532/184/296 541/189/317 533/185/297
f 533/170/139 541/172/157 542/171/157
f 533/170/139 542/171/157 534/173/139
f 534/170/318 542/172/319 543/171/320
f 534/170/318 543/171/320 535/173/523
f 535/170/322 543/172/323 544/171/324
f 535/170/322 544/171/324 536/173/325
f 536/170/524 544/172/525 545/171/526
f 536/170/524 545/171/526 537/173/329
f 537/170/74 545/172/74 538/171/74
f 537/170/74 538/171/74 530/173/74
f 538/187/522 546/191/527 547/190/331
f 538/187/522 547/190/331 539/186/315
f 539/186/315 547/190/331 548/192/332
f 539/186/315 548/192/332 540/188/316
f 540/188/316 548/192/332 549/193/333
f 540/188/316 549/193/333 541/189/317
f 541/170/140 549/172/139 550/171/139
f 541/170/140 550/171/139 542/173/140
f 542/170/334 550/172/335 551/171/336
f 542/170/334 551/171/336 543/173/337
f 543/170/338 551/172/339 552/171/528
f 543/170/338 552/171/528 544/173/341
f 544/170/529 552/172/343 553/171/344
f 544/170/529 553/171/344 545/173/530
f 545/170/74 553/172/74 546/171/74
f 545/170/74 546/171/74 538/173/74
f 546/191/527 554/195/346 555/194/347
f 546/191/527 555/194/347 547/190/331
f 547/190/331 555/194/347 556/196/348
f 547/190/331 556/196/348 548/192/332
f 548/192/332 556/196/348 557/197/531
f 548/192/332 557/197/531 549/193/333
f 549/170/139 557/172/139 558/171/139
f 549/170/139 558/171/139 550/173/139
f 550/170/350 558/172/351 559/171/352
f 550/170/350 559/171/352 551/173/353
f 551/170/354 559/172/355 560/171/356
f 551/170/354 560/171/356 552/173/357
f 552/170/358 560/172/359 561/171/360
f 552/170/358 561/171/360 553/173/361
f 553/170/74 561/172/74 554/171/74
f 553/170/74 554/171/74 546/173/74
f 554/195/346 495/199/362 562/198/363
f 554/195/346 562/198/363 555/194/347
f 555/194/347 562/198/363 563/200/364
f 555/194/347 563/200/364 556/196/348
f 556/196/348 563/200/364 564/272/365
f 556/196/348 564/272/365 557/197/531
f 557/170/139 564/172/139 565/171/139
f 557/170/139 565/171/139 558/173/139
f 558/170/532 565/172/533 566/171/534
f 558/170/532 566/171/534 559/173/369
f 559/170/370 566/172/371 567/171/372
f 559/170/370 567/171/372 560/173/373
f 560/170/374 567/172/375 496/171/376
f 560/170/374 496/171/376 561/173/377
f 561/170/74 496/172/74 495/171/74
f 561/170/74 495/171/74 554/173/74
f 495/199/362 488/203/378 568/202/379
f 495/199/362 568/202/379 562/198/363
f 562/198/363 568/202/379 569/204/380
f 562/198/363 569/204/380 563/200/364
f 563/200/364 569/204/380 490/205/381
f 563/200/364 490/205/381 564/272/365
f 564/170/139 490/172/139 491/171/139
f 564/170/139 491/171/139 565/173/139
f 565/170/535 491/172/536 570/171/384
f 565/170/535 570/171/384 566/173/537
f 566/170/538 570/172/539 571/171/540
f 566/170/538 571/171/540 567/173/541
f 567/170/390 571/172/391 494/171/392
f 567/170/390 494/171/392 496/173/393
f 496/170/74 494/172/74 488/171/74
f 496/170/74 488/171/74 495/173/74
f 494/170/74 486/172/74 480/171/74
f 494/170/74 480/171/74 488/173/74
f 572/171/542 498/173/395 501/170/395
f 572/171/542 501/173/543 503/170/543
f 572/171/544 503/173/545 505/170/545
f 572/171/542 505/173/546 507/170/546
f 572/171/542 507/173/547 509/170/547
f 572/171/542 509/173/402 511/170/402
f 572/171/542 511/173/403 513/170/403
f 572/171/548 513/173/549 498/170/549
f 573/206/139 574/207/139 575/208/139
f 573/206/139 575/208/139 576/209/139
f 573/206/139 576/209/139 577/210/139
f 573/206/139 577/210/139 578/211/139
f 573/206/139 578/211/139 579/212/139
f 573/206/139 579/212/139 580/213/139
f 573/206/139 580/213/139 581/214/139
f 573/206/139 581/214/139 582/215/139
f 573/206/139 582/215/139 583/216/139
f 573/206/139 583/216/139 584/217/139
f 573/206/139 584/217/139 585/218/139
f 573/206/139 585/218/139 586/219/139
f 573/206/139 586/219/139 587/220/139
f 573/206/139 587/220/139 588/221/139
f 573/206/139 588/221/139 589/222/139
f 573/206/139 589/222/139 590/223/139
f 573/206/139 590/223/139 591/224/139
f 573/206/139 591/224/139 592/225/139
f 573/206/139 592/225/139 593/226/139
f 573/206/139 593/226/139 594/227/139
f 573/206/139 594/227/139 595/228/139
f 573/206/139 595/228/139 596/229/139
f 573/206/139 596/229/139 597/230/139
f 573/206/139 597/230/139 598/231/139
f 573/206/139 598/231/139 599/232/139
f 573/206/139 599/232/139 600/233/139
f 573/206/139 600/233/139 601/234/139
f 573/206/139 601/234/139 602/235/139
f 573/206/139 602/235/139 603/236/139
f 573/206/139 603/236/139 574/207/139
f 574/237/406 604/237/406 605/238/407
f 574/237/406 605/238/407 575/238/407
f 575/238/407 605/238/407 606/239/409
f 575/238/407 606/239/409 576/239/409
f 576/239/409 606/239/409 607/240/410
f 576/239/409 607/240/410 577/240/410
f 577/240/410 607/240/410 608/241/411
f 577/240/410 608/241/411 578/241/411
f 578/241/411 608/241/411 609/242/412
f 578/241/411 609/242/412 579/242/412
f 579/242/412 609/242/412 610/243/413
f 579/242/412 610/243/413 580/243/413
f 580/243/413 610/243/413 611/244/414
f 580/243/413 611/244/414 581/244/414
f 581/244/414 611/244/414 612/245/415
f 581/244/414 612/245/415 582/245/415
f 582/245/415 612/245/415 613/246/416
f 582/245/415 613/246/416 583/246/416
f 583/246/416 613/246/416 614/247/417
f 583/246/416 614/247/417 584/247/417
f 584/247/417 614/247/417 615/248/418
f 584/247/417 615/248/418 585/248/418
f 585/248/418 615/248/418 616/249/419
f 585/248/418 616/249/419 586/249/419
f 586/249/419 616/249/419 617/250/420
f 586/249/419 617/250/420 587/250/420
f 587/250/420 617/250/420 618/251/422
f 587/250/420 618/251/422 588/251/422
f 588/251/422 618/251/422 619/252/423
f 588/251/422 619/252/423 589/252/423
f 589/252/423 619/252/423 620/253/424
f 589/252/423 620/253/424 590/253/424
f 590/253/424 620/253/424 621/254/550
f 590/253/424 621/254/550 591/254/550
f 591/254/550 621/254/550 622/255/426
f 591/254/550 622/255/426 592/255/426
f 592/255/426 622/255/426 623/256/551
f 592/255/426 623/256/551 593/256/551
f 593/256/551 623/256/551 624/257/428
f 593/256/551 624/257/428 594/257/428
f 594/257/428 624/257/428 625/258/552
f 594/257/428 625/258/552 595/258/552
f 595/258/552 625/258/552 626/259/553
f 595/258/552 626/259/553 596/259/553
f 596/259/553 626/259/553 627/260/554
f 596/259/553 627/260/554 597/260/554
f 597/260/554 627/260/554 628/261/555
f 597/260/554 628/261/555 598/261/555
f 598/261/555 628/261/555 629/262/433
f 598/261/555 629/262/433 599/262/433
f 599/262/433 629/262/433 630/263/556
f 599/262/433 630/263/556 600/263/556
f 600/263/556 630/263/556 631/264/435
f 600/263/556 631/264/435 601/264/435
f 601/264/435 631/264/435 632/265/557
f 601/264/435 632/265/557 602/265/557
f 602/265/557 632/265/557 633/266/437
f 602/265/557 633/266/437 603/266/437
f 603/266/437 633/266/437 604/237/406
f 603/266/437 604/237/406 574/237/406
f 634/267/74 605/238/74 604/237/74
f 634/267/74 606/239/74 605/238/74
f 634/267/74 607/240/74 606/239/74
f 634/267/74 608/241/74 607/240/74
f 634/267/74 609/242/74 608/241/74
f 634/267/74 610/243/74 609/242/74
f 634/267/74 611/244/74 610/243/74
f 634/267/74 612/245/74 611/244/74
f 634/267/74 613/246/74 612/245/74
f 634/267/74 614/247/74 613/246/74
f 634/267/74 615/248/74 614/247/74
f 634/267/74 616/249/74 615/248/74
f 634/267/74 617/250/74 616/249/74
f 634/267/74 618/251/74 617/250/74
f 634/267/74 619/252/74 618/251/74
f 634/267/74 620/253/74 619/252/74
f 634/267/74 621/254/74 620/253/74
f 634/267/74 622/255/74 621/254/74
f 634/267/74 623/256/74 622/255/74
f 634/267/74 624/257/74 623/256/74
f 634/267/74 625/258/74 624/257/74
f 634/267/74 626/259/74 625/258/74
f 634/267/74 627/260/74 626/259/74
f 634/267/74 628/261/74 627/260/74
f 634/267/74 629/262/74 628/261/74
f 634/267/74 630/263/74 629/262/74
f 634/267/74 631/264/74 630/263/74
f 634/267/74 632/265/74 631/264/74
f 634/267/74 633/266/74 632/265/74
f 634/267/74 604/237/74 633/266/74
f 635/268/558 636/269/559 637/270/559
f 636/269/559 635/268/558 638/271/558
f 639/268/560 640/269/561 641/270/562
f 640/269/561 639/268/560 642/271/561
f 635/268/563 641/269/564 638/270/565
f 641/269/564 635/268/563 639/271/566
f 638/268/451 640/269/451 636/270/451
f 640/269/451 638/268/451 641/271/451
f 637/268/453 639/269/453 635/270/453
f 639/269/453 637/268/453 642/271/453
f 643/268/567 644/269/568 645/270/568
f 644/269/568 643/268/567 646/271/567
f 647/268/569 648/269/570 649/270/569
f 648/269/570 647/268/569 650/271/570
f 643/268/571 649/269/571 646/270/571
f 649/269/571 643/268/571 647/271/572
f 646/268/444 648/269/444 644/270/444
f 648/269/444 646/268/444 649/271/444
f 645/268/573 647/269/445 643/270/445
f 647/269/445 645/268/573 650/271/573
f 651/273/574 652/274/575 653/275/576
f 651/273/574 653/275/576 654/276/576
f 654/276/576 653/275/576 655/277/577
f 654/276/576 655/277/577 656/278/577
f 656/278/577 655/277/577 657/279/578
f 656/278/577 657/279/578 658/280/578
f 658/280/578 657/279/578 659/281/579
f 658/280/578 659/281/579 660/282/579
f 660/282/579 659/281/579 661/283/580
f 660/282/579 661/283/580 662/284/580
f 662/284/580 661/283/580 663/281/581
f 662/284/580 663/281/581 664/282/581
f 664/282/581 663/281/581 665/279/582
f 664/282/581 665/279/582 666/280/582
f 666/280/582 665/279/582 667/277/583
f 666/280/582 667/277/583 668/278/583
f 668/278/583 667/277/583 669/275/584
f 668/278/583 669/275/584 670/276/585
f 670/276/585 669/275/584 671/285/586
f 670/276/585 671/285/586 672/286/587
f 672/286/587 671/285/586 673/287/588
f 672/286/587 673/287/588 674/288/588
f 674/288/588 673/287/588 675/289/589
f 674/288/588 675/289/589 676/290/589
f 676/290/589 675/289/589 677/291/590
f 676/290/589 677/291/590 678/292/590
f 678/292/590 677/291/590 679/293/591
f 678/292/590 679/293/591 680/294/591
f 680/294/591 679/293/591 681/295/592
f 680/294/591 681/295/592 682/296/592
f 682/296/592 681/295/592 683/293/593
f 682/296/592 683/293/593 684/294/593
f 684/294/593 683/293/593 685/291/594
f 684/294/593 685/291/594 686/292/594
f 686/292/594 685/291/594 687/289/595
f 686/292/594 687/289/595 688/290/595
f 688/290/595 687/289/595 689/287/596
f 688/290/595 689/287/596 690/288/597
f 690/288/597 689/287/596 652/274/575
f 690/288/597 652/274/575 651/273/574
f 691/274/598 653/275/74 652/274/599
f 691/274/598 655/277/74 653/275/74
f 691/274/598 657/279/74 655/277/74
f 691/274/598 659/281/74 657/279/74
f 691/274/598 661/283/74 659/281/74
f 691/274/598 663/281/74 661/283/74
f 691/274/598 665/279/74 663/281/74
f 691/274/598 667/277/74 665/279/74
f 691/274/598 669/275/600 667/277/74
f 691/274/598 671/285/601 669/275/600
f 691/274/598 673/287/602 671/285/601
f 691/274/598 675/289/603 673/287/602
f 691/274/598 677/291/604 675/289/603
f 691/274/598 679/293/605 677/291/604
f 691/274/598 681/295/606 679/293/605
f 691/274/598 683/293/607 681/295/606
f 691/274/598 685/291/608 683/293/607
f 691/274/598 687/289/609 685/291/608
f 691/274/598 689/287/610 687/289/609
f 691/274/598 652/274/599 689/287/610
f 692/297/611 693/298/612 694/299/139
f 692/297/611 694/299/139 695/300/139
f 692/297/611 695/300/139 696/301/139
f 692/297/611 696/301/139 697/302/139
f 692/297/611 697/302/139 698/303/139
f 692/297/611 698/303/139 699/304/139
f 692/297/611 699/304/139 700/305/139
f 692/297/611 700/305/139 701/306/139
f 692/297/611 701/306/139 702/307/613
f 692/297/611 702/307/613 703/308/614
f 692/297/611 703/308/614 704/309/615
f 692/297/611 704/309/615 705/310/616
f 692/297/611 705/310/616 706/311/617
f 692/297/611 706/311/617 707/312/618
f 692/297/611 707/312/618 708/313/619
f 692/297/611 708/313/619 709/314/620
f 692/297/611 709/314/620 710/315/621
f 692/297/611 710/315/621 711/316/622
f 692/297/611 711/316/622 712/317/623
f 692/297/611 712/317/623 693/298/612
f 693/298/624 713/318/624 714/319/625
f 693/298/624 714/319/625 694/299/626
f 694/299/626 714/319/625 715/320/627
f 694/299/626 715/320/627 695/300/628
f 695/300/628 715/320/627 716/321/629
f 695/300/628 716/321/629 696/301/629
f 696/301/629 716/321/629 717/322/630
f 696/301/629 717/322/630 697/302/631
f 697/302/631 717/322/630 718/323/632
f 697/302/631 718/323/632 698/303/633
f 698/303/633 718/323/632 719/324/634
f 698/303/633 719/324/634 699/304/634
f 699/304/634 719/324/634 720/325/635
f 699/304/634 720/325/635 700/305/636
f 700/305/636 720/325/635 721/326/637
f 700/305/636 721/326/637 701/306/638
f 701/306/638 721/326/637 722/327/639
f 701/306/638 722/327/639 702/307/640
f 702/307/640 722/327/639 723/328/641
f 702/307/640 723/328/641 703/308/642
f 703/308/642 723/328/641 724/329/643
f 703/308/642 724/329/643 704/309/644
f 704/309/644 724/329/643 725/330/645
f 704/309/644 725/330/645 705/310/646
f 705/310/646 725/330/645 726/331/647
f 705/310/646 726/331/647 706/311/647
f 706/311/647 726/331/647 727/332/648
f 706/311/647 727/332/648 707/312/648
f 707/312/648 727/332/648 728/333/649
f 707/312/648 728/333/649 708/313/650
f 708/313/650 728/333/649 729/334/651
f 708/313/650 729/334/651 709/314/652
f 709/314/652 729/334/651 730/335/653
f 709/314/652 730/335/653 710/315/654
f 710/315/654 730/335/653 731/336/655
f 710/315/654 731/336/655 711/316/655
f 711/316/655 731/336/655 732/337/656
f 711/316/655 732/337/656 712/317/657
f 712/317/657 732/337/656 713/318/624
f 712/317/657 713/318/624 693/298/624
f 733/297/658 714/319/74 713/318/659
f 733/297/658 715/320/74 714/319/74
f 733/297/658 716/321/74 715/320/74
f 733/297/658 717/322/74 716/321/74
f 733/297/658 718/323/74 717/322/74
f 733/297/658 719/324/74 718/323/74
f 733/297/658 720/325/74 719/324/74
f 733/297/658 721/326/74 720/325/74
f 733/297/658 722/327/660 721/326/74
f 733/297/658 723/328/661 722/327/660
f 733/297/658 724/329/662 723/328/661
f 733/297/658 725/330/663 724/329/662
f 733/297/658 726/331/664 725/330/663
f 733/297/658 727/332/665 726/331/664
f 733/297/658 728/333/666 727/332/665
f 733/297/658 729/334/667 728/333/666
f 733/297/658 730/335/668 729/334/667
f 733/297/658 731/336/669 730/335/668
f 733/297/658 732/337/670 731/336/669
f 733/297/658 713/318/659 732/337/670
f 734/338/2 735/339/2 736/339/2
f 736/339/2 737/338/2 734/338/2
f 738/340/1 739/340/1 740/341/1
f 740/341/1 741/341/1 738/340/1
f 734/338/671 737/338/671 739/340/671
f 739/340/671 738/340/671 734/338/671
f 737/338/672 736/339/672 740/341/672
f 740/341/672 739/340/672 737/338/672
f 735/339/673 734/338/673 738/340/673
f 738/340/673 741/341/673 735/339/673
f 742/338/2 743/339/2 744/339/2
f 743/339/2 742/338/2 745/338/2
f 746/340/1 747/341/1 748/340/1
f 747/341/1 746/340/1 749/341/1
f 742/338/674 748/340/674 745/338/674
f 748/340/674 742/338/674 746/340/674
f 745/338/675 747/341/675 743/339/675
f 747/341/675 745/338/675 748/340/675
f 744/339/676 746/340/676 742/338/676
f 746/340/676 744/339/676 749/341/676
f 750/342/74 751/343/74 752/344/74
f 750/342/74 753/345/74 751/343/74
f 750/342/74 754/346/74 753/345/74
f 750/342/74 755/347/74 754/346/74
f 750/342/74 756/348/74 755/347/74
f 750/342/74 757/349/74 756/348/74
f 750/342/74 758/350/74 757/349/74
f 750/342/74 759/351/74 758/350/74
f 750/342/74 760/352/74 759/351/74
f 750/342/74 761/353/74 760/352/74
f 750/342/74 762/354/74 761/353/74
f 750/342/74 763/355/74 762/354/74
f 750/342/74 764/356/74 763/355/74
f 750/342/74 765/357/74 764/356/74
f 750/342/74 766/358/74 765/357/74
f 750/342/74 767/359/74 766/358/74
f 750/342/74 768/360/74 767/359/74
f 750/342/74 769/361/74 768/360/74
f 750/342/74 770/362/74 769/361/74
f 750/342/74 771/363/74 770/362/74
f 750/342/74 772/364/74 771/363/74
f 750/342/74 773/365/74 772/364/74
f 750/342/74 774/366/74 773/365/74
f 750/342/74 775/367/74 774/366/74
f 750/342/74 776/368/74 775/367/74
f 750/342/74 777/369/74 776/368/74
f 750/342/74 778/370/74 777/369/74
f 750/342/74 779/371/74 778/370/74
f 750/342/74 780/372/74 779/371/74
f 750/342/74 752/344/74 780/372/74
f 781/373/677 782/374/678 783/375/679
f 781/373/677 783/375/679 784/376/679
f 781/373/677 784/376/679 785/377/680
f 781/373/677 785/377/680 786/378/681
f 781/373/677 786/378/681 787/379/682
f 781/373/677 787/379/682 788/380/683
f 781/373/677 788/380/683 789/381/684
f 781/373/677 789/381/684 790/382/685
f 781/373/677 790/382/685 791/383/686
f 781/373/677 791/383/686 792/384/687
f 781/373/677 792/384/687 793/385/688
f 781/373/677 793/385/688 794/386/689
f 781/373/677 794/386/689 795/387/689
f 781/373/677 795/387/689 796/388/690
f 781/373/677 796/388/690 797/389/691
f 781/373/677 797/389/691 798/390/692
f 781/373/677 798/390/692 799/391/693
f 781/373/677 799/391/693 800/392/694
f 781/373/677 800/392/694 801/393/695
f 781/373/677 801/393/695 802/394/696
f 781/373/677 802/394/696 803/395/697
f 781/373/677 803/395/697 804/396/698
f 781/373/677 804/396/698 805/397/699
f 781/373/677 805/397/699 806/398/700
f 781/373/677 806/398/700 807/399/701
f 781/373/677 807/399/701 808/400/702
f 781/373/677 808/400/702 809/401/703
f 781/373/677 809/401/703 810/402/704
f 781/373/677 810/402/704 811/403/705
f 781/373/677 811/403/705 782/374/678
f 782/404/407 752/405/407 751/406/407
f 782/404/407 751/406/407 783/407/407
f 783/404/409 751/405/409 812/406/706
f 783/404/409 812/406/706 784/407/706
f 784/404/707 812/405/707 754/406/410
f 784/404/707 754/406/410 785/407/410
f 785/404/708 754/405/708 813/406/708
f 785/404/708 813/406/708 786/407/708
f 786/404/412 813/405/412 814/406/412
f 786/404/412 814/406/412 787/407/412
f 787/404/413 814/405/413 757/406/413
f 787/404/413 757/406/413 788/407/413
f 788/404/414 757/405/414 758/406/414
f 788/404/414 758/406/414 789/407/414
f 789/404/415 758/405/415 759/406/415
f 789/404/415 759/406/415 790/407/415
f 790/404/416 759/405/416 815/406/416
f 790/404/416 815/406/416 791/407/416
f 791/404/417 815/405/417 761/406/417
f 791/404/417 761/406/417 792/407/417
f 792/404/709 761/405/709 762/406/709
f 792/404/709 762/406/709 793/407/709
f 793/404/419 762/405/419 763/406/419
f 793/404/419 763/406/419 794/407/419
f 794/404/420 763/405/420 764/406/420
f 794/404/420 764/406/420 795/407/420
f 795/404/422 764/405/422 765/406/422
f 795/404/422 765/406/422 796/407/422
f 796/404/423 765/405/423 816/406/423
f 796/404/423 816/406/423 797/407/423
f 797/404/424 816/405/424 817/406/424
f 797/404/424 817/406/424 798/407/424
f 798/404/425 817/405/425 818/406/425
f 798/404/425 818/406/425 799/407/425
f 799/404/426 818/405/426 819/406/426
f 799/404/426 819/406/426 800/407/426
f 800/404/551 819/405/551 820/406/551
f 800/404/551 820/406/551 801/407/551
f 801/408/428 820/409/428 821/410/428
f 801/408/428 821/410/428 802/411/428
f 802/404/429 821/405/429 822/406/429
f 802/404/429 822/406/429 803/407/429
f 803/404/430 822/405/430 823/406/430
f 803/404/430 823/406/430 804/407/430
f 804/404/431 823/405/431 824/406/431
f 804/404/431 824/406/431 805/407/431
f 805/404/432 824/405/432 825/406/432
f 805/404/432 825/406/432 806/407/432
f 806/404/433 825/405/433 826/406/433
f 806/404/433 826/406/433 807/407/433
f 807/404/556 826/405/556 827/406/556
f 807/404/556 827/406/556 808/407/556
f 808/404/435 827/405/435 828/406/435
f 808/404/435 828/406/435 809/407/435
f 809/404/710 828/405/710 829/406/710
f 809/404/710 829/406/710 810/407/710
f 810/404/711 829/405/711 830/406/711
f 810/404/711 830/406/711 811/407/711
f 811/404/406 830/405/406 752/406/406
f 811/404/406 752/406/406 782/407/406
f 831/412/2 832/413/2 833/414/2
f 832/413/2 831/412/2 834/415/2
f 835/416/74 832/417/74 836/418/74
f 832/417/74 835/416/74 833/419/74
f 837/420/406 833/421/406 835/422/406
f 833/421/406 837/420/406 831/423/406
f 838/424/139 831/425/139 837/426/139
f 831/425/139 838/424/139 834/427/139
f 836/416/423 834/417/423 838/418/423
f 834/417/423 836/416/423 832/419/423
f 839/428/2 840/429/2 841/430/2
f 840/429/2 839/428/2 842/431/2
f 843/432/74 840/433/74 844/434/74
f 840/433/74 843/432/74 841/435/74
f 845/432/406 841/433/406 843/434/406
f 841/433/406 845/432/406 839/435/406
f 846/436/139 839/437/139 845/438/139
f 839/437/139 846/436/139 842/439/139
f 844/440/423 842/441/423 846/442/423
f 842/441/423 844/440/423 840/443/423
f 847/444/1 848/445/1 849/446/1
f 848/445/1 847/444/1 850/447/1
f 851/448/2 852/449/2 853/450/2
f 852/449/2 851/448/2 854/451/2
f 850/448/712 852/449/712 848/450/712
f 852/449/712 850/448/712 853/451/712
f 848/448/74 854/449/74 849/450/74
f 854/449/74 848/448/74 852/451/74
f 849/448/713 851/449/713 847/450/713
f 851/449/713 849/448/713 854/451/713
f 855/448/2 856/449/2 857/450/2
f 856/449/2 855/448/2 858/451/2
f 859/444/1 850/445/1 860/446/1
f 850/445/1 859/444/1 861/447/1
f 861/448/74 856/449/74 850/450/74
f 856/449/74 861/448/74 857/451/74
f 859/452/406 857/453/406 861/454/406
f 857/453/406 859/452/406 855/455/406
f 860/444/139 855/445/139 859/446/139
f 855/445/139 860/444/139 858/447/139
f 850/444/423 858/445/423 860/446/423
f 858/445/423 850/444/423 856/447/423
f 862/448/2 863/449/2 864/450/2
f 863/449/2 862/448/2 865/451/2
f 866/444/1 867/445/1 868/446/1
f 867/445/1 866/444/1 847/447/1
f 847/448/74 863/449/74 867/450/74
f 863/449/74 847/448/74 864/451/74
f 866/444/406 864/445/406 847/446/406
f 864/445/406 866/444/406 862/447/406
f 868/444/139 862/445/139 866/446/139
f 862/445/139 868/444/139 865/447/139
f 867/456/423 865/457/423 868/458/423
f 865/457/423 867/456/423 863/459/423
f 869/444/2 851/445/2 853/446/2
f 851/445/2 869/444/2 870/447/2
f 860/444/1 847/445/1 866/446/1
f 847/445/1 860/444/1 850/447/1
f 860/444/406 853/445/406 850/446/406
f 853/445/406 860/444/406 869/447/406
f 866/444/139 869/445/139 860/446/139
f 869/445/139 866/444/139 870/447/139
f 847/444/423 870/445/423 866/446/423
f 870/445/423 847/444/423 851/447/423
f 871/460/2 872/461/2 873/462/2
f 872/461/2 871/460/2 874/463/2
f 875/460/1 876/461/1 877/463/1
f 876/461/1 875/460/1 878/462/1
f 878/462/74 872/461/74 876/461/74
f 872/461/74 878/462/74 873/462/74
f 875/460/406 873/462/406 878/462/406
f 873/462/406 875/460/406 871/460/406
f 877/463/139 871/460/139 875/460/139
f 871/460/139 877/463/139 874/463/139
f 876/461/423 874/463/423 877/463/423
f 874/463/423 876/461/423 872/461/423
f 879/464/2 880/465/2 881/466/2
f 880/465/2 879/464/2 882/467/2
f 883/464/1 884/465/1 885/466/1
f 884/465/1 883/464/1 886/467/1
f 879/85/74 885/87/74 882/88/74
f 885/87/74 879/85/74 883/468/74
f 882/464/406 884/465/406 880/466/406
f 884/465/406 882/464/406 885/467/406
f 880/85/139 886/87/139 881/88/139
f 886/87/139 880/85/139 884/468/139
f 881/464/423 883/465/423 879/466/423
f 883/465/423 881/464/423 886/467/423
f 887/85/2 888/87/2 889/88/2
f 888/87/2 887/85/2 890/468/2
f 891/85/1 892/87/1 893/88/1
f 892/87/1 891/85/1 894/468/1
f 887/85/74 893/87/74 890/88/74
f 893/87/74 887/85/74 891/468/74
f 890/469/406 892/470/406 888/471/406
f 892/470/406 890/469/406 893/472/406
f 888/85/139 894/87/139 889/88/139
f 894/87/139 888/85/139 892/468/139
f 889/469/423 891/470/423 887/471/423
f 891/470/423 889/469/423 894/472/423
f 895/473/714 896/474/715 897/475/716
f 897/475/716 898/476/717 895/473/714
f 898/473/718 897/474/719 899/475/720
f 899/475/720 900/476/721 898/473/718
f 900/473/722 899/474/723 901/475/724
f 901/475/724 902/476/725 900/473/722
f 902/473/726 901/474/727 896/475/728
f 896/475/728 895/476/729 902/473/726
f 903/473/730 904/474/731 905/475/732
f 905/475/732 906/476/733 903/473/730
f 904/473/734 907/474/735 908/475/736
f 908/475/736 905/476/737 904/473/734
f 907/473/738 909/474/739 910/475/740
f 910/475/740 908/476/741 907/473/738
f 909/473/742 911/474/743 912/475/744
f 912/475/744 910/476/745 909/473/742
f 911/473/746 913/474/747 914/475/748
f 914/475/748 912/476/749 911/473/746
f 913/473/750 915/474/751 916/475/752
f 916/475/752 914/476/753 913/473/750
f 906/473/754 905/474/754 917/475/754
f 917/475/754 918/476/754 906/473/754
f 905/473/755 908/474/756 919/475/756
f 919/475/756 917/476/755 905/473/755
f 908/473/757 910/474/757 920/475/757
f 920/475/757 919/476/757 908/473/757
f 910/473/758 912/474/758 921/475/758
f 921/475/758 920/476/758 910/473/758
f 912/473/759 914/474/759 922/475/759
f 922/475/759 921/476/759 912/473/759
f 914/473/760 916/474/760 923/475/760
f 923/475/760 922/476/761 914/473/760
f 918/473/762 917/474/763 924/475/764
f 924/475/764 925/476/765 918/473/762
f 917/473/766 919/474/767 926/475/768
f 926/475/768 924/476/769 917/473/766
f 919/473/770 920/474/771 927/475/772
f 927/475/772 926/476/773 919/473/770
f 920/473/774 921/474/775 928/475/776
f 928/475/776 927/476/777 920/473/774
f 921/473/778 922/474/779 929/475/780
f 929/475/780 928/476/781 921/473/778
f 922/473/782 923/474/783 930/475/784
f 930/475/784 929/476/785 922/473/782
f 925/473/786 924/474/786 904/475/786
f 904/475/786 903/476/786 925/473/786
f 924/473/787 926/474/788 907/475/788
f 907/475/788 904/476/787 924/473/787
f 926/473/789 927/474/790 909/475/790
f 909/475/790 907/476/789 926/473/789
f 927/473/791 928/474/791 911/475/791
f 911/475/791 909/476/791 927/473/791
f 928/473/792 929/474/793 913/475/792
f 913/475/792 911/476/794 928/473/792
f 929/473/795 930/474/796 915/475/795
f 915/475/795 913/476/795 929/473/795
f 931/473/797 932/474/798 933/475/799
f 933/475/799 934/476/800 931/473/797
f 932/473/801 935/474/802 936/475/803
f 936/475/803 933/476/804 932/473/801
f 935/473/805 937/474/806 938/475/807
f 938/475/807 936/476/808 935/473/805
f 934/473/809 933/474/810 939/475/811
f 939/475/811 940/476/812 934/473/809
f 933/473/813 936/474/814 941/475/815
f 941/475/815 939/476/816 933/473/813
f 936/473/817 938/474/818 942/475/819
f 942/475/819 941/476/820 936/473/817
f 940/473/821 939/474/822 943/475/823
f 943/475/823 944/476/824 940/473/821
f 939/473/825 941/474/826 945/475/827
f 945/475/827 943/476/828 939/473/825
f 941/473/829 942/474/830 946/475/831
f 946/475/831 945/476/832 941/473/829
f 944/473/833 943/474/834 932/475/835
f 932/475/835 931/476/836 944/473/833
f 943/473/837 945/474/838 935/475/839
f 935/475/839 932/476/840 943/473/837
f 945/473/841 946/474/842 937/475/843
f 937/475/843 935/476/844 945/473/841
f 947/477/1 948/478/1 949/479/1
f 949/479/1 950/480/1 947/477/1
f 948/477/139 951/478/139 952/479/139
f 952/479/139 949/480/139 948/477/139
f 949/477/406 952/478/406 953/479/406
f 953/479/406 950/480/406 949/477/406
f 950/477/74 953/478/74 954/479/74
f 954/479/74 947/480/74 950/477/74
f 955/477/1 956/478/1 957/479/1
f 957/479/1 958/480/1 955/477/1
f 959/477/2 960/478/2 961/479/2
f 961/479/2 962/480/2 959/477/2
f 955/477/139 959/478/139 962/479/139
f 962/479/139 956/480/139 955/477/139
f 956/477/406 962/478/406 961/479/406
f 961/479/406 957/480/406 956/477/406
f 958/477/423 960/478/423 959/479/423
f 959/479/423 955/480/423 958/477/423
f 963/481/1 964/482/1 965/483/1
f 965/483/1 966/484/1 963/481/1
f 966/484/1 965/483/1 967/485/1
f 967/485/1 968/486/1 966/484/1
f 969/487/2 970/488/2 971/489/2
f 971/489/2 972/490/2 969/487/2
f 970/488/2 973/491/2 974/492/2
f 974/492/2 971/489/2 970/488/2
f 963/493/3 969/494/3 972/495/3
f 972/495/3 964/496/3 963/493/3
f 964/497/4 972/498/4 971/499/5
f 971/499/5 965/500/5 964/497/4
f 965/500/5 971/499/5 974/501/6
f 974/501/6 967/502/6 965/500/5
f 968/502/7 973/501/7 970/499/8
f 970/499/8 966/500/8 968/502/7
f 966/500/8 970/499/8 969/498/9
f 969/498/9 963/497/9 966/500/8
f 975/503/1 976/504/1 977/505/1
f 977/505/1 978/506/1 975/503/1
f 979/507/2 980/508/2 981/509/2
f 981/509/2 982/510/2 979/507/2
f 975/503/3 979/504/3 982/505/3
f 982/505/3 976/506/3 975/503/3
f 976/507/10 982/508/10 981/509/10
f 981/509/10 977/510/10 976/507/10
f 977/507/11 981/508/11 980/509/11
f 980/509/11 978/510/11 977/507/11
f 978/511/12 980/512/12 979/513/12
f 979/513/12 975/514/12 978/511/12
f 983/503/1 984/504/1 985/505/1
f 985/505/1 986/506/1 983/503/1
f 987/507/2 988/508/2 989/509/2
f 989/509/2 990/510/2 987/507/2
f 983/503/13 987/504/13 990/505/13
f 990/505/13 984/506/13 983/503/13
f 984/511/14 990/512/14 989/513/14
f 989/513/14 985/514/14 984/511/14
f 985/507/11 989/508/11 988/509/11
f 988/509/11 986/510/11 985/507/11
f 986/507/12 988/508/12 987/509/12
f 987/509/12 983/510/12 986/507/12
f 991/503/1 992/504/1 993/505/1
f 993/505/1 994/506/1 991/503/1
f 995/507/2 996/508/2 997/509/2
f 997/509/2 998/510/2 995/507/2
f 991/503/3 995/504/3 998/505/3
f 998/505/3 992/506/3 991/503/3
f 992/507/10 998/508/10 997/509/10
f 997/509/10 993/510/10 992/507/10
f 993/507/11 997/508/11 996/509/11
f 996/509/11 994/510/11 993/507/11
f 994/511/12 996/512/12 995/513/12
f 995/513/12 991/514/12 994/511/12
f 999/503/1 1000/504/1 1001/505/1
f 1001/505/1 1002/506/1 999/503/1
f 1003/507/2 1004/508/2 1005/509/2
f 1005/509/2 1006/510/2 1003/507/2
f 999/503/13 1003/504/13 1006/505/13
f 1006/505/13 1000/506/13 999/503/13
f 1000/511/14 1006/512/14 1005/513/14
f 1005/513/14 1001/514/14 1000/511/14
f 1001/507/11 1005/508/11 1004/509/11
f 1004/509/11 1002/510/11 1001/507/11
f 1002/507/12 1004/508/12 1003/509/12
f 1003/509/12 999/510/12 1002/507/12
f 1007/515/1 1008/516/1 1009/517/1
f 1010/518/1 1007/515/1 1009/517/1
f 1011/519/1 1010/518/1 1009/517/1
f 1012/520/1 1011/519/1 1009/517/1
f 1013/521/1 1012/520/1 1009/517/1
f 1014/522/1 1013/521/1 1009/517/1
f 1015/523/1 1014/522/1 1009/517/1
f 1016/524/1 1015/523/1 1009/517/1
f 1017/525/1 1016/524/1 1009/517/1
f 1018/526/1 1017/525/1 1009/517/1
f 1019/527/1 1018/526/1 1009/517/1
f 1020/528/1 1019/527/1 1009/517/1
f 1021/513/15 1019/514/15 1020/511/15
f 1020/511/15 1022/512/15 1021/513/15
f 1023/513/16 1018/514/16 1019/511/16
f 1019/511/16 1021/512/16 1023/513/16
f 1024/513/17 1017/514/17 1018/511/17
f 1018/511/17 1023/512/17 1024/513/17
f 1025/513/18 1016/514/18 1017/511/18
f 1017/511/18 1024/512/18 1025/513/18
f 1026/513/19 1015/514/19 1016/511/19
f 1016/511/19 1025/512/19 1026/513/19
f 1027/513/20 1014/514/20 1015/511/20
f 1015/511/20 1026/512/20 1027/513/20
f 1028/513/21 1013/514/21 1014/511/21
f 1014/511/21 1027/512/21 1028/513/21
f 1029/513/22 1012/514/22 1013/511/22
f 1013/511/22 1028/512/22 1029/513/22
f 1030/513/23 1011/514/24 1012/511/23
f 1012/511/23 1029/512/23 1030/513/23
f 1031/513/25 1010/514/25 1011/511/25
f 1011/511/25 1030/512/25 1031/513/25
f 1032/513/26 1007/514/26 1010/511/26
f 1010/511/26 1031/512/26 1032/513/26
f 1033/513/27 1008/514/27 1007/511/27
f 1007/511/27 1032/512/27 1033/513/27
f 1021/529/2 1022/530/2 1034/531/2
f 1023/532/2 1021/529/2 1034/531/2
f 1024/533/2 1023/532/2 1034/531/2
f 1025/534/2 1024/533/2 1034/531/2
f 1026/535/2 1025/534/2 1034/531/2
f 1027/536/2 1026/535/2 1034/531/2
f 1028/537/2 1027/536/2 1034/531/2
f 1029/538/2 1028/537/2 1034/531/2
f 1030/539/2 1029/538/2 1034/531/2
f 1031/540/2 1030/539/2 1034/531/2
f 1032/541/2 1031/540/2 1034/531/2
f 1033/542/2 1032/541/2 1034/531/2
f 1035/543/1 1036/544/1 1037/545/1
f 1038/546/1 1035/543/1 1037/545/1
f 1039/547/1 1038/546/1 1037/545/1
f 1040/548/1 1039/547/1 1037/545/1
f 1041/549/1 1040/548/1 1037/545/1
f 1042/550/1 1041/549/1 1037/545/1
f 1043/551/1 1042/550/1 1037/545/1
f 1044/552/1 1043/551/1 1037/545/1
f 1045/553/1 1044/552/1 1037/545/1
f 1046/554/1 1045/553/1 1037/545/1
f 1047/555/1 1046/554/1 1037/545/1
f 1048/556/1 1047/555/1 1037/545/1
f 1049/513/15 1047/514/15 1048/511/15
f 1048/511/15 1050/512/15 1049/513/15
f 1051/513/16 1046/514/16 1047/511/16
f 1047/511/16 1049/512/16 1051/513/16
f 1052/513/17 1045/514/17 1046/511/17
f 1046/511/17 1051/512/17 1052/513/17
f 1053/513/18 1044/514/18 1045/511/18
f 1045/511/18 1052/512/18 1053/513/18
f 1054/513/19 1043/514/19 1044/511/19
f 1044/511/19 1053/512/19 1054/513/19
f 1055/513/20 1042/514/20 1043/511/20
f 1043/511/20 1054/512/20 1055/513/20
f 1056/513/21 1041/514/21 1042/511/21
f 1042/511/21 1055/512/21 1056/513/21
f 1057/513/22 1040/514/22 1041/511/22
f 1041/511/22 1056/512/22 1057/513/22
f 1058/513/24 1039/514/24 1040/511/24
f 1040/511/24 1057/512/24 1058/513/24
f 1059/513/25 1038/514/25 1039/511/25
f 1039/511/25 1058/512/25 1059/513/25
f 1060/513/26 1035/514/26 1038/511/26
f 1038/511/26 1059/512/26 1060/513/26
f 1061/513/27 1036/514/27 1035/511/27
f 1035/511/27 1060/512/27 1061/513/27
f 1049/529/2 1050/530/2 1062/531/2
f 1051/532/2 1049/529/2 1062/531/2
f 1052/533/2 1051/532/2 1062/531/2
f 1053/534/2 1052/533/2 1062/531/2
f 1054/535/2 1053/534/2 1062/531/2
f 1055/536/2 1054/535/2 1062/531/2
f 1056/537/2 1055/536/2 1062/531/2
f 1057/538/2 1056/537/2 1062/531/2
f 1058/539/2 1057/538/2 1062/531/2
f 1059/540/2 1058/539/2 1062/531/2
f 1060/541/2 1059/540/2 1062/531/2
f 1061/542/2 1060/541/2 1062/531/2
f 1063/557/1 1064/558/1 1065/559/1
f 1065/559/1 1066/560/1 1063/557/1
f 1067/557/2 1068/558/2 1069/559/2
f 1069/559/2 1070/560/2 1067/557/2
f 1063/561/13 1067/562/13 1070/563/13
f 1070/563/13 1064/564/13 1063/561/13
f 1064/511/10 1070/512/10 1069/513/10
f 1069/513/10 1065/514/10 1064/511/10
f 1065/557/11 1069/558/11 1068/559/11
f 1068/559/11 1066/560/11 1065/557/11
f 1066/511/28 1068/512/28 1067/513/28
f 1067/513/28 1063/514/28 1066/511/28
f 1071/565/2 1072/566/2 1073/567/2
f 1073/567/2 1074/568/2 1071/565/2
f 1075/565/1 1076/566/1 1077/567/1
f 1077/567/1 1078/568/1 1075/565/1
f 1071/569/29 1075/570/29 1078/571/29
f 1078/571/29 1072/572/29 1071/569/29
f 1072/569/14 1078/570/14 1077/571/14
f 1077/571/14 1073/572/14 1072/569/14
f 1073/569/30 1077/573/30 1076/571/30
f 1076/571/30 1074/574/30 1073/569/30
f 1074/569/31 1076/573/31 1075/571/31
f 1075/571/31 1071/574/31 1074/569/31
f 1079/575/1 1080/576/1 1081/577/1
f 1081/577/1 1082/578/1 1079/575/1
f 1083/579/2 1084/580/2 1085/581/2
f 1085/581/2 1086/582/2 1083/579/2
f 1079/575/13 1083/576/13 1086/577/13
f 1086/577/13 1080/578/13 1079/575/13
f 1080/583/14 1086/583/14 1085/584/14
f 1085/584/14 1081/584/14 1080/583/14
f 1081/584/11 1085/584/11 1084/585/11
f 1084/585/11 1082/585/11 1081/584/11
f 1082/586/28 1084/587/28 1083/588/28
f 1083/588/28 1079/589/28 1082/586/28
f 1087/579/32 1088/580/32 1089/581/32
f 1089/581/32 1090/582/32 1087/579/32
f 1091/590/34 1089/591/34 1088/592/34
f 1088/592/34 1092/593/34 1091/590/34
f 1092/594/28 1088/595/28 1087/596/28
f 1089/597/14 1091/598/14 1090/599/14
f 1093/575/35 1094/600/36 1095/577/37
f 1095/577/37 1096/578/38 1093/575/35
f 1096/575/1 1095/601/1 1097/577/1
f 1097/577/1 1098/578/1 1096/575/1
f 1099/579/39 1100/602/40 1101/581/41
f 1101/581/41 1102/603/42 1099/579/39
f 1100/579/2 1103/602/2 1104/581/2
f 1104/581/2 1101/604/2 1100/579/2
f 1093/605/43 1099/605/43 1102/606/43
f 1102/606/43 1094/606/43 1093/605/43
f 1094/586/44 1102/607/44 1101/588/44
f 1101/588/44 1095/608/44 1094/586/44
f 1095/586/45 1101/607/45 1104/588/45
f 1104/588/45 1097/608/45 1095/586/45
f 1097/609/11 1104/609/11 1103/610/11
f 1103/610/11 1098/610/11 1097/609/11
f 1098/611/46 1103/612/46 1100/613/46
f 1100/613/46 1096/614/46 1098/611/46
f 1096/586/47 1100/607/47 1099/588/47
f 1099/588/47 1093/608/47 1096/586/47
f 1105/575/1 1106/576/1 1107/577/1
f 1107/577/1 1108/578/1 1105/575/1
f 1109/579/2 1110/580/2 1111/581/2
f 1111/581/2 1112/582/2 1109/579/2
f 1105/586/3 1109/587/3 1112/588/3
f 1112/588/3 1106/589/3 1105/586/3
f 1106/586/14 1112/607/14 1111/588/14
f 1111/588/14 1107/608/14 1106/586/14
f 1107/586/11 1111/607/11 1110/588/11
f 1110/588/11 1108/608/11 1107/586/11
f 1108/586/12 1110/587/12 1109/588/12
f 1109/588/12 1105/589/12 1108/586/12
f 1113/575/1 1114/576/1 1115/577/1
f 1115/577/1 1116/578/1 1113/575/1
f 1117/579/2 1118/580/2 1119/581/2
f 1119/581/2 1120/582/2 1117/579/2
f 1113/575/13 1117/576/13 1120/577/13
f 1120/577/13 1114/578/13 1113/575/13
f 1114/586/14 1120/607/14 1119/588/10
f 1119/588/10 1115/608/10 1114/586/14
f 1115/615/48 1119/615/48 1118/616/48
f 1118/616/48 1116/616/48 1115/615/48
f 1116/616/12 1118/616/12 1117/617/12
f 1117/617/12 1113/617/12 1116/616/12
f 1121/618/1 1082/619/1 1122/575/1
f 1123/620/1 1121/618/1 1122/575/1
f 1124/621/1 1123/620/1 1122/575/1
f 1125/622/1 1124/621/1 1122/575/1
f 1126/623/1 1125/622/1 1122/575/1
f 1127/624/1 1126/623/1 1122/575/1
f 1128/625/1 1127/624/1 1122/575/1
f 1129/626/1 1128/625/1 1122/575/1
f 1130/627/1 1129/626/1 1122/575/1
f 1131/628/1 1130/627/1 1122/575/1
f 1132/577/1 1131/628/1 1122/575/1
f 1115/629/1 1132/577/1 1122/575/1
f 1119/615/3 1115/615/3 1122/630/3
f 1122/630/3 1133/630/3 1119/615/3
f 1134/588/49 1132/589/49 1115/586/49
f 1115/586/49 1119/587/49 1134/588/49
f 1135/588/16 1131/589/16 1132/586/16
f 1132/586/16 1134/587/16 1135/588/16
f 1136/588/17 1130/589/17 1131/586/17
f 1131/586/17 1135/587/17 1136/588/17
f 1137/588/18 1129/608/18 1130/586/18
f 1130/586/18 1136/607/18 1137/588/18
f 1138/588/19 1128/589/19 1129/586/19
f 1129/586/19 1137/587/19 1138/588/19
f 1139/588/20 1127/589/20 1128/586/20
f 1128/586/20 1138/587/20 1139/588/20
f 1140/588/21 1126/608/21 1127/586/21
f 1127/586/21 1139/607/21 1140/588/21
f 1141/588/22 1125/589/22 1126/586/22
f 1126/586/22 1140/587/22 1141/588/22
f 1142/588/23 1124/589/23 1125/586/23
f 1125/586/23 1141/587/23 1142/588/23
f 1143/588/25 1123/608/25 1124/586/25
f 1124/586/25 1142/607/25 1143/588/25
f 1144/588/26 1121/589/26 1123/586/26
f 1123/586/26 1143/587/26 1144/588/26
f 1084/588/27 1082/608/27 1121/586/27
f 1121/586/27 1144/607/27 1084/588/27
f 1133/630/13 1122/630/13 1082/585/13
f 1082/585/13 1084/585/13 1133/630/13
f 1134/581/2 1119/582/2 1133/579/2
f 1135/631/2 1134/581/2 1133/579/2
f 1136/632/2 1135/631/2 1133/579/2
f 1137/633/2 1136/632/2 1133/579/2
f 1138/634/2 1137/633/2 1133/579/2
f 1139/635/2 1138/634/2 1133/579/2
f 1140/636/2 1139/635/2 1133/579/2
f 1141/637/2 1140/636/2 1133/579/2
f 1142/638/2 1141/637/2 1133/579/2
f 1143/639/2 1142/638/2 1133/579/2
f 1144/640/2 1143/639/2 1133/579/2
f 1084/641/2 1144/640/2 1133/579/2
f 1145/642/845 1146/643/51 1147/644/52
f 1145/642/845 1148/645/53 1146/643/51
f 1148/645/53 1149/646/54 1146/643/51
f 1148/645/53 1150/647/846 1149/646/54
f 1150/647/846 1151/648/56 1149/646/54
f 1150/647/846 1152/649/57 1151/648/56
f 1152/650/847 1153/651/848 1151/652/849
f 1152/650/847 1154/653/850 1153/651/848
f 1154/650/62 1155/651/63 1153/652/64
f 1154/650/62 1156/653/851 1155/651/63
f 1156/650/66 1157/651/67 1155/652/852
f 1156/650/66 1158/653/853 1157/651/67
f 1158/650/854 1159/651/71 1157/652/855
f 1158/650/854 1160/653/73 1159/651/71
f 1160/650/74 1147/651/74 1159/652/74
f 1160/650/74 1145/653/74 1147/651/74
f 1147/644/52 1161/654/75 1162/655/76
f 1147/644/52 1146/643/51 1161/654/75
f 1146/643/51 1163/656/77 1161/654/75
f 1146/643/51 1149/646/54 1163/656/77
f 1149/646/54 1164/657/856 1163/656/77
f 1149/646/54 1151/648/56 1164/657/856
f 1151/650/857 1165/651/858 1164/652/859
f 1151/650/857 1153/653/860 1165/651/858
f 1153/650/861 1166/651/84 1165/652/85
f 1153/650/861 1155/653/86 1166/651/84
f 1155/650/87 1167/651/862 1166/652/89
f 1155/650/87 1157/653/90 1167/651/862
f 1157/650/863 1168/651/864 1167/652/865
f 1157/650/863 1159/653/94 1168/651/864
f 1159/650/74 1162/651/74 1168/652/74
f 1159/650/74 1147/653/74 1162/651/74
f 1162/655/76 1169/658/95 1170/659/866
f 1162/655/76 1161/654/75 1169/658/95
f 1161/654/75 1171/660/97 1169/658/95
f 1161/654/75 1163/656/77 1171/660/97
f 1163/656/77 1172/661/98 1171/660/97
f 1163/656/77 1164/657/856 1172/661/98
f 1164/650/867 1173/651/868 1172/652/869
f 1164/650/867 1165/653/465 1173/651/868
f 1165/650/870 1174/651/104 1173/652/105
f 1165/650/870 1166/653/871 1174/651/104
f 1166/650/872 1175/651/108 1174/652/109
f 1166/650/872 1167/653/110 1175/651/108
f 1167/650/111 1176/651/873 1175/652/113
f 1167/650/111 1168/653/874 1176/651/873
f 1168/650/74 1170/651/74 1176/652/74
f 1168/650/74 1162/653/74 1170/651/74
f 1170/659/866 1177/662/115 1178/663/116
f 1170/659/866 1169/658/95 1177/662/115
f 1169/658/95 1179/664/117 1177/662/115
f 1169/658/95 1171/660/97 1179/664/117
f 1171/660/97 1180/665/118 1179/664/117
f 1171/660/97 1172/661/98 1180/665/118
f 1172/650/875 1181/651/876 1180/652/468
f 1172/650/875 1173/653/877 1181/651/876
f 1173/650/470 1182/651/878 1181/652/879
f 1173/650/470 1174/653/126 1182/651/878
f 1174/650/127 1183/651/880 1182/652/129
f 1174/650/127 1175/653/130 1183/651/880
f 1175/650/131 1184/651/132 1183/652/133
f 1175/650/131 1176/653/134 1184/651/132
f 1176/650/74 1178/651/74 1184/652/74
f 1176/650/74 1170/653/74 1178/651/74
f 1178/663/116 1185/666/135 1186/667/136
f 1178/663/116 1177/662/115 1185/666/135
f 1177/662/115 1187/668/137 1185/666/135
f 1177/662/115 1179/664/117 1187/668/137
f 1179/664/117 1188/669/138 1187/668/137
f 1179/664/117 1180/665/118 1188/669/138
f 1180/650/139 1189/651/140 1188/652/140
f 1180/650/139 1181/653/139 1189/651/140
f 1181/650/141 1190/651/881 1189/652/143
f 1181/650/141 1182/653/144 1190/651/881
f 1182/650/882 1191/651/146 1190/652/147
f 1182/650/882 1183/653/148 1191/651/146
f 1183/650/149 1192/651/474 1191/652/151
f 1183/650/149 1184/653/152 1192/651/474
f 1184/650/74 1186/651/74 1192/652/74
f 1184/650/74 1178/653/74 1186/651/74
f 1186/667/136 1193/670/153 1194/671/154
f 1186/667/136 1185/666/135 1193/670/153
f 1185/666/135 1195/672/155 1193/670/153
f 1185/666/135 1187/668/137 1195/672/155
f 1187/668/137 1196/673/477 1195/672/155
f 1187/668/137 1188/669/138 1196/673/477
f 1188/650/139 1197/651/139 1196/652/139
f 1188/650/139 1189/653/139 1197/651/139
f 1189/650/158 1198/651/883 1197/652/160
f 1189/650/158 1190/653/161 1198/651/883
f 1190/650/884 1199/651/163 1198/652/164
f 1190/650/884 1191/653/165 1199/651/163
f 1191/650/166 1200/651/482 1199/652/885
f 1191/650/166 1192/653/484 1200/651/482
f 1192/650/74 1194/651/74 1200/652/74
f 1192/650/74 1186/653/74 1194/651/74
f 1194/671/154 1201/674/170 1202/675/171
f 1194/671/154 1193/670/153 1201/674/170
f 1193/670/153 1203/676/172 1201/674/170
f 1193/670/153 1195/672/155 1203/676/172
f 1195/672/155 1204/677/485 1203/676/172
f 1195/672/155 1196/673/477 1204/677/485
f 1196/650/139 1205/651/139 1204/652/139
f 1196/650/139 1197/653/139 1205/651/139
f 1197/650/174 1206/651/886 1205/652/176
f 1197/650/174 1198/653/887 1206/651/886
f 1198/650/178 1207/651/179 1206/652/888
f 1198/650/178 1199/653/181 1207/651/179
f 1199/650/182 1208/651/183 1207/652/184
f 1199/650/182 1200/653/889 1208/651/183
f 1200/650/74 1202/651/74 1208/652/74
f 1200/650/74 1194/653/74 1202/651/74
f 1202/675/171 1209/678/186 1210/679/187
f 1202/675/171 1201/674/170 1209/678/186
f 1201/674/170 1211/680/188 1209/678/186
f 1201/674/170 1203/676/172 1211/680/188
f 1203/676/172 1212/681/890 1211/680/188
f 1203/676/172 1204/677/485 1212/681/890
f 1204/650/139 1213/651/139 1212/652/139
f 1204/650/139 1205/653/139 1213/651/139
f 1205/650/486 1214/651/487 1213/652/891
f 1205/650/486 1206/653/193 1214/651/487
f 1206/650/194 1215/651/892 1214/652/196
f 1206/650/194 1207/653/197 1215/651/892
f 1207/650/198 1216/651/199 1215/652/200
f 1207/650/198 1208/653/201 1216/651/199
f 1208/650/74 1210/651/74 1216/652/74
f 1208/650/74 1202/653/74 1210/651/74
f 1210/679/187 1217/682/202 1218/683/203
f 1210/679/187 1209/678/186 1217/682/202
f 1209/678/186 1219/684/204 1217/682/202
f 1209/678/186 1211/680/188 1219/684/204
f 1211/680/188 1220/685/205 1219/684/204
f 1211/680/188 1212/681/890 1220/685/205
f 1212/650/139 1221/651/139 1220/652/139
f 1212/650/139 1213/653/139 1221/651/139
f 1213/650/206 1222/651/207 1221/652/208
f 1213/650/206 1214/653/490 1222/651/207
f 1214/650/491 1223/651/893 1222/652/493
f 1214/650/491 1215/653/494 1223/651/893
f 1215/650/214 1224/651/215 1223/652/216
f 1215/650/214 1216/653/217 1224/651/215
f 1216/650/74 1218/651/74 1224/652/74
f 1216/650/74 1210/653/74 1218/651/74
f 1224/650/74 1225/651/74 1226/652/74
f 1224/650/74 1218/653/74 1225/651/74
f 1227/651/497 1148/650/219 1145/653/219
f 1227/651/497 1150/650/496 1148/653/496
f 1227/651/225 1152/650/894 1150/653/894
f 1227/651/497 1154/650/499 1152/653/499
f 1227/651/497 1156/650/895 1154/653/895
f 1227/651/497 1158/650/227 1156/653/227
f 1227/651/497 1160/650/228 1158/653/228
f 1227/651/497 1145/650/896 1160/653/896
f 1228/642/230 1229/644/231 1230/643/232
f 1228/642/230 1230/643/232 1231/645/897
f 1231/645/897 1230/643/232 1232/646/234
f 1231/645/897 1232/646/234 1233/647/898
f 1233/647/898 1232/646/234 1234/648/899
f 1233/647/898 1234/648/899 1235/649/237
f 1235/650/900 1234/652/901 1236/651/240
f 1235/650/900 1236/651/240 1237/653/902
f 1237/650/242 1236/652/243 1238/651/244
f 1237/650/242 1238/651/244 1239/653/245
f 1239/650/246 1238/652/247 1240/651/248
f 1239/650/246 1240/651/248 1241/653/249
f 1241/650/250 1240/652/251 1242/651/252
f 1241/650/250 1242/651/252 1243/653/253
f 1243/650/74 1242/652/74 1229/651/74
f 1243/650/74 1229/651/74 1228/653/74
f 1229/644/231 1244/655/254 1245/654/255
f 1229/644/231 1245/654/255 1230/643/232
f 1230/643/232 1245/654/255 1246/656/256
f 1230/643/232 1246/656/256 1232/646/234
f 1232/646/234 1246/656/256 1247/657/903
f 1232/646/234 1247/657/903 1234/648/899
f 1234/650/904 1247/652/905 1248/651/906
f 1234/650/904 1248/651/906 1236/653/907
f 1236/650/908 1248/652/263 1249/651/909
f 1236/650/908 1249/651/909 1238/653/265
f 1238/650/266 1249/652/267 1250/651/268
f 1238/650/266 1250/651/268 1240/653/269
f 1240/650/270 1250/652/271 1251/651/910
f 1240/650/270 1251/651/910 1242/653/273
f 1242/650/74 1251/652/74 1244/651/74
f 1242/650/74 1244/651/74 1229/653/74
f 1244/655/254 1252/659/911 1253/658/275
f 1244/655/254 1253/658/275 1245/654/255
f 1245/654/255 1253/658/275 1254/660/276
f 1245/654/255 1254/660/276 1246/656/256
f 1246/656/256 1254/660/276 1255/661/912
f 1246/656/256 1255/661/912 1247/657/903
f 1247/650/913 1255/652/914 1256/651/280
f 1247/650/913 1256/651/280 1248/653/915
f 1248/650/282 1256/652/283 1257/651/284
f 1248/650/282 1257/651/284 1249/653/916
f 1249/650/917 1257/652/287 1258/651/288
f 1249/650/917 1258/651/288 1250/653/289
f 1250/650/290 1258/652/291 1259/651/918
f 1250/650/290 1259/651/918 1251/653/919
f 1251/650/74 1259/652/74 1252/651/74
f 1251/650/74 1252/651/74 1244/653/74
f 1252/659/911 1260/663/294 1261/662/295
f 1252/659/911 1261/662/295 1253/658/275
f 1253/658/275 1261/662/295 1262/664/296
f 1253/658/275 1262/664/296 1254/660/276
f 1254/660/276 1262/664/296 1263/665/297
f 1254/660/276 1263/665/297 1255/661/912
f 1255/650/920 1263/652/299 1264/651/921
f 1255/650/920 1264/651/921 1256/653/301
f 1256/650/922 1264/652/923 1265/651/924
f 1256/650/922 1265/651/924 1257/653/925
f 1257/650/306 1265/652/307 1266/651/926
f 1257/650/306 1266/651/926 1258/653/309
f 1258/650/310 1266/652/311 1267/651/312
f 1258/650/310 1267/651/312 1259/653/313
f 1259/650/74 1267/652/74 1260/651/74
f 1259/650/74 1260/651/74 1252/653/74
f 1260/663/294 1268/667/314 1269/666/315
f 1260/663/294 1269/666/315 1261/662/295
f 1261/662/295 1269/666/315 1270/668/316
f 1261/662/295 1270/668/316 1262/664/296
f 1262/664/296 1270/668/316 1271/669/317
f 1262/664/296 1271/669/317 1263/665/297
f 1263/650/139 1271/652/157 1272/651/157
f 1263/650/139 1272/651/157 1264/653/139
f 1264/650/318 1272/652/319 1273/651/927
f 1264/650/318 1273/651/927 1265/653/321
f 1265/650/928 1273/652/323 1274/651/324
f 1265/650/928 1274/651/324 1266/653/325
f 1266/650/326 1274/652/327 1275/651/526
f 1266/650/326 1275/651/526 1267/653/329
f 1267/650/74 1275/652/74 1268/651/74
f 1267/650/74 1268/651/74 1260/653/74
f 1268/667/314 1276/671/330 1277/670/331
f 1268/667/314 1277/670/331 1269/666/315
f 1269/666/315 1277/670/331 1278/672/332
f 1269/666/315 1278/672/332 1270/668/316
f 1270/668/316 1278/672/332 1279/673/929
f 1270/668/316 1279/673/929 1271/669/317
f 1271/650/139 1279/652/139 1280/651/139
f 1271/650/139 1280/651/139 1272/653/139
f 1272/650/334 1280/652/335 1281/651/930
f 1272/650/334 1281/651/930 1273/653/337
f 1273/650/931 1281/652/339 1282/651/528
f 1273/650/931 1282/651/528 1274/653/341
f 1274/650/529 1282/652/932 1283/651/344
f 1274/650/529 1283/651/344 1275/653/345
f 1275/650/74 1283/652/74 1276/651/74
f 1275/650/74 1276/651/74 1268/653/74
f 1276/671/330 1284/675/346 1285/674/347
f 1276/671/330 1285/674/347 1277/670/331
f 1277/670/331 1285/674/347 1286/676/348
f 1277/670/331 1286/676/348 1278/672/332
f 1278/672/332 1286/676/348 1287/677/531
f 1278/672/332 1287/677/531 1279/673/929
f 1279/650/139 1287/652/139 1288/651/139
f 1279/650/139 1288/651/139 1280/653/139
f 1280/650/350 1288/652/351 1289/651/933
f 1280/650/350 1289/651/933 1281/653/934
f 1281/650/354 1289/652/355 1290/651/935
f 1281/650/354 1290/651/935 1282/653/357
f 1282/650/936 1290/652/359 1291/651/360
f 1282/650/936 1291/651/360 1283/653/361
f 1283/650/74 1291/652/74 1284/651/74
f 1283/650/74 1284/651/74 1276/653/74
f 1284/675/346 1225/679/362 1292/678/363
f 1284/675/346 1292/678/363 1285/674/347
f 1285/674/347 1292/678/363 1293/680/364
f 1285/674/347 1293/680/364 1286/676/348
f 1286/676/348 1293/680/364 1294/681/937
f 1286/676/348 1294/681/937 1287/677/531
f 1287/650/139 1294/652/139 1295/651/139
f 1287/650/139 1295/651/139 1288/653/139
f 1288/650/532 1295/652/533 1296/651/534
f 1288/650/532 1296/651/534 1289/653/369
f 1289/650/370 1296/652/371 1297/651/938
f 1289/650/370 1297/651/938 1290/653/373
f 1290/650/374 1297/652/375 1226/651/376
f 1290/650/374 1226/651/376 1291/653/377
f 1291/650/74 1226/652/74 1225/651/74
f 1291/650/74 1225/651/74 1284/653/74
f 1225/679/362 1218/683/378 1298/682/379
f 1225/679/362 1298/682/379 1292/678/363
f 1292/678/363 1298/682/379 1299/684/380
f 1292/678/363 1299/684/380 1293/680/364
f 1293/680/364 1299/684/380 1220/685/381
f 1293/680/364 1220/685/381 1294/681/937
f 1294/650/139 1220/652/139 1221/651/139
f 1294/650/139 1221/651/139 1295/653/139
f 1295/650/382 1221/652/383 1300/651/384
f 1295/650/382 1300/651/384 1296/653/537
f 1296/650/538 1300/652/539 1301/651/540
f 1296/650/538 1301/651/540 1297/653/541
f 1297/650/390 1301/652/391 1224/651/392
f 1297/650/390 1224/651/392 1226/653/393
f 1226/650/74 1224/652/74 1218/651/74
f 1226/650/74 1218/651/74 1225/653/74
f 1224/650/74 1216/652/74 1210/651/74
f 1224/650/74 1210/651/74 1218/653/74
f 1302/651/544 1228/653/395 1231/650/395
f 1302/651/542 1231/653/939 1233/650/939
f 1302/651/544 1233/653/940 1235/650/940
f 1302/651/544 1235/653/941 1237/650/941
f 1302/651/542 1237/653/942 1239/650/942
f 1302/651/542 1239/653/402 1241/650/402
f 1302/651/542 1241/653/403 1243/650/403
f 1302/651/404 1243/653/943 1228/650/943
f 1303/686/139 1304/687/139 1305/688/139
f 1303/686/139 1305/688/139 1306/689/139
f 1303/686/139 1306/689/139 1307/690/139
f 1303/686/139 1307/690/139 1308/691/139
f 1303/686/139 1308/691/139 1309/692/139
f 1303/686/139 1309/692/139 1310/693/139
f 1303/686/139 1310/693/139 1311/694/139
f 1303/686/139 1311/694/139 1312/695/139
f 1303/686/139 1312/695/139 1313/696/139
f 1303/686/139 1313/696/139 1314/697/139
f 1303/686/139 1314/697/139 1315/698/139
f 1303/686/139 1315/698/139 1316/699/139
f 1303/686/139 1316/699/139 1317/700/139
f 1303/686/139 1317/700/139 1318/701/139
f 1303/686/139 1318/701/139 1319/702/139
f 1303/686/139 1319/702/139 1320/703/139
f 1303/686/139 1320/703/139 1321/704/139
f 1303/686/139 1321/704/139 1322/705/139
f 1303/686/139 1322/705/139 1323/706/139
f 1303/686/139 1323/706/139 1324/707/139
f 1303/686/139 1324/707/139 1325/708/139
f 1303/686/139 1325/708/139 1326/709/139
f 1303/686/139 1326/709/139 1327/710/139
f 1303/686/139 1327/710/139 1328/711/139
f 1303/686/139 1328/711/139 1329/712/139
f 1303/686/139 1329/712/139 1330/713/139
f 1303/686/139 1330/713/139 1331/714/139
f 1303/686/139 1331/714/139 1332/715/139
f 1303/686/139 1332/715/139 1333/716/139
f 1303/686/139 1333/716/139 1304/687/139
f 1304/717/406 1334/717/406 1335/718/407
f 1304/717/406 1335/718/407 1305/718/407
f 1305/718/407 1335/718/407 1336/719/409
f 1305/718/407 1336/719/409 1306/719/409
f 1306/719/409 1336/719/409 1337/720/410
f 1306/719/409 1337/720/410 1307/720/410
f 1307/720/410 1337/720/410 1338/721/411
f 1307/720/410 1338/721/411 1308/721/411
f 1308/721/411 1338/721/411 1339/722/412
f 1308/721/411 1339/722/412 1309/722/412
f 1309/722/412 1339/722/412 1340/723/413
f 1309/722/412 1340/723/413 1310/723/413
f 1310/723/413 1340/723/413 1341/724/414
f 1310/723/413 1341/724/414 1311/724/414
f 1311/724/414 1341/724/414 1342/725/415
f 1311/724/414 1342/725/415 1312/725/415
f 1312/725/415 1342/725/415 1343/726/416
f 1312/725/415 1343/726/416 1313/726/416
f 1313/726/416 1343/726/416 1344/727/417
f 1313/726/416 1344/727/417 1314/727/417
f 1314/727/417 1344/727/417 1345/728/418
f 1314/727/417 1345/728/418 1315/728/418
f 1315/728/418 1345/728/418 1346/729/419
f 1315/728/418 1346/729/419 1316/729/419
f 1316/729/419 1346/729/419 1347/730/420
f 1316/729/419 1347/730/420 1317/730/420
f 1317/730/420 1347/730/420 1348/731/422
f 1317/730/420 1348/731/422 1318/731/422
f 1318/731/422 1348/731/422 1349/732/423
f 1318/731/422 1349/732/423 1319/732/423
f 1319/732/423 1349/732/423 1350/733/424
f 1319/732/423 1350/733/424 1320/733/424
f 1320/733/424 1350/733/424 1351/734/425
f 1320/733/424 1351/734/425 1321/734/425
f 1321/734/425 1351/734/425 1352/735/426
f 1321/734/425 1352/735/426 1322/735/426
f 1322/735/426 1352/735/426 1353/736/427
f 1322/735/426 1353/736/427 1323/736/427
f 1323/736/427 1353/736/427 1354/737/428
f 1323/736/427 1354/737/428 1324/737/428
f 1324/737/428 1354/737/428 1355/738/429
f 1324/737/428 1355/738/429 1325/738/429
f 1325/738/429 1355/738/429 1356/739/430
f 1325/738/429 1356/739/430 1326/739/430
f 1326/739/430 1356/739/430 1357/740/431
f 1326/739/430 1357/740/431 1327/740/431
f 1327/740/431 1357/740/431 1358/741/432
f 1327/740/431 1358/741/432 1328/741/432
f 1328/741/432 1358/741/432 1359/742/433
f 1328/741/432 1359/742/433 1329/742/433
f 1329/742/433 1359/742/433 1360/743/434
f 1329/742/433 1360/743/434 1330/743/434
f 1330/743/434 1360/743/434 1361/744/435
f 1330/743/434 1361/744/435 1331/744/435
f 1331/744/435 1361/744/435 1362/745/436
f 1331/744/435 1362/745/436 1332/745/436
f 1332/745/436 1362/745/436 1363/746/437
f 1332/745/436 1363/746/437 1333/746/437
f 1333/746/437 1363/746/437 1334/717/406
f 1333/746/437 1334/717/406 1304/717/406
f 1364/747/74 1335/718/74 1334/717/74
f 1364/747/74 1336/719/74 1335/718/74
f 1364/747/74 1337/720/74 1336/719/74
f 1364/747/74 1338/721/74 1337/720/74
f 1364/747/74 1339/722/74 1338/721/74
f 1364/747/74 1340/723/74 1339/722/74
f 1364/747/74 1341/724/74 1340/723/74
f 1364/747/74 1342/725/74 1341/724/74
f 1364/747/74 1343/726/74 1342/725/74
f 1364/747/74 1344/727/74 1343/726/74
f 1364/747/74 1345/728/74 1344/727/74
f 1364/747/74 1346/729/74 1345/728/74
f 1364/747/74 1347/730/74 1346/729/74
f 1364/747/74 1348/731/74 1347/730/74
f 1364/747/74 1349/732/74 1348/731/74
f 1364/747/74 1350/733/74 1349/732/74
f 1364/747/74 1351/734/74 1350/733/74
f 1364/747/74 1352/735/74 1351/734/74
f 1364/747/74 1353/736/74 1352/735/74
f 1364/747/74 1354/737/74 1353/736/74
f 1364/747/74 1355/738/74 1354/737/74
f 1364/747/74 1356/739/74 1355/738/74
f 1364/747/74 1357/740/74 1356/739/74
f 1364/747/74 1358/741/74 1357/740/74
f 1364/747/74 1359/742/74 1358/741/74
f 1364/747/74 1360/743/74 1359/742/74
f 1364/747/74 1361/744/74 1360/743/74
f 1364/747/74 1362/745/74 1361/744/74
f 1364/747/74 1363/746/74 1362/745/74
f 1364/747/74 1334/717/74 1363/746/74
f 1365/748/438 1366/749/438 1367/750/438
f 1366/749/438 1365/748/438 1368/751/438
f 1369/748/944 1370/749/945 1371/750/944
f 1370/749/945 1369/748/944 1372/751/945
f 1365/748/443 1371/749/946 1368/750/443
f 1371/749/946 1365/748/443 1369/751/947
f 1368/748/444 1370/749/444 1366/750/444
f 1370/749/444 1368/748/444 1371/751/444
f 1367/748/445 1369/749/445 1365/750/445
f 1369/749/445 1367/748/445 1372/751/445
f 1373/748/446 1374/749/948 1375/750/948
f 1374/749/948 1373/748/446 1376/751/446
f 1377/748/949 1378/749/950 1379/750/949
f 1378/749/950 1377/748/949 1380/751/950
f 1373/748/449 1379/749/951 1376/750/449
f 1379/749/951 1373/748/449 1377/751/951
f 1376/748/452 1378/749/451 1374/750/451
f 1378/749/451 1376/748/452 1379/751/452
f 1375/748/952 1377/749/453 1373/750/453
f 1377/749/453 1375/748/952 1380/751/952
f 1381/642/845 1382/643/51 1383/644/953
f 1381/642/845 1384/645/53 1382/643/51
f 1384/645/53 1385/646/54 1382/643/51
f 1384/645/53 1386/647/55 1385/646/54
f 1386/647/55 1387/648/56 1385/646/54
f 1386/647/55 1388/649/57 1387/648/56
f 1388/650/954 1389/651/955 1387/652/956
f 1388/650/954 1390/653/957 1389/651/955
f 1390/650/62 1391/651/63 1389/652/64
f 1390/650/62 1392/653/851 1391/651/63
f 1392/650/66 1393/651/67 1391/652/852
f 1392/650/66 1394/653/853 1393/651/67
f 1394/650/854 1395/651/71 1393/652/855
f 1394/650/854 1396/653/958 1395/651/71
f 1396/650/74 1383/651/74 1395/652/74
f 1396/650/74 1381/653/74 1383/651/74
f 1383/644/953 1397/654/75 1398/655/76
f 1383/644/953 1382/643/51 1397/654/75
f 1382/643/51 1399/656/77 1397/654/75
f 1382/643/51 1385/646/54 1399/656/77
f 1385/646/54 1400/657/856 1399/656/77
f 1385/646/54 1387/648/56 1400/657/856
f 1387/650/959 1401/651/960 1400/652/961
f 1387/650/959 1389/653/82 1401/651/960
f 1389/650/861 1402/651/84 1401/652/85
f 1389/650/861 1391/653/86 1402/651/84
f 1391/650/87 1403/651/862 1402/652/89
f 1391/650/87 1393/653/90 1403/651/862
f 1393/650/863 1404/651/864 1403/652/865
f 1393/650/863 1395/653/94 1404/651/864
f 1395/650/74 1398/651/74 1404/652/74
f 1395/650/74 1383/653/74 1398/651/74
f 1398/655/76 1405/658/95 1406/659/866
f 1398/655/76 1397/654/75 1405/658/95
f 1397/654/75 1407/660/97 1405/658/95
f 1397/654/75 1399/656/77 1407/660/97
f 1399/656/77 1408/661/962 1407/660/97
f 1399/656/77 1400/657/856 1408/661/962
f 1400/650/963 1409/651/964 1408/652/965
f 1400/650/963 1401/653/966 1409/651/964
f 1401/650/870 1410/651/104 1409/652/105
f 1401/650/870 1402/653/871 1410/651/104
f 1402/650/872 1411/651/108 1410/652/109
f 1402/650/872 1403/653/110 1411/651/108
f 1403/650/111 1412/651/873 1411/652/113
f 1403/650/111 1404/653/874 1412/651/873
f 1404/650/74 1406/651/74 1412/652/74
f 1404/650/74 1398/653/74 1406/651/74
f 1406/659/866 1413/662/115 1414/663/116
f 1406/659/866 1405/658/95 1413/662/115
f 1405/658/95 1415/664/117 1413/662/115
f 1405/658/95 1407/660/97 1415/664/117
f 1407/660/97 1416/665/118 1415/664/117
f 1407/660/97 1408/661/962 1416/665/118
f 1408/650/967 1417/651/120 1416/652/968
f 1408/650/967 1409/653/122 1417/651/120
f 1409/650/470 1418/651/878 1417/652/879
f 1409/650/470 1410/653/126 1418/651/878
f 1410/650/127 1419/651/880 1418/652/129
f 1410/650/127 1411/653/130 1419/651/880
f 1411/650/131 1420/651/132 1419/652/133
f 1411/650/131 1412/653/134 1420/651/132
f 1412/650/74 1414/651/74 1420/652/74
f 1412/650/74 1406/653/74 1414/651/74
f 1414/663/116 1421/666/135 1422/667/136
f 1414/663/116 1413/662/115 1421/666/135
f 1413/662/115 1423/668/137 1421/666/135
f 1413/662/115 1415/664/117 1423/668/137
f 1415/664/117 1424/669/138 1423/668/137
f 1415/664/117 1416/665/118 1424/669/138
f 1416/650/139 1425/651/139 1424/652/139
f 1416/650/139 1417/653/139 1425/651/139
f 1417/650/141 1426/651/142 1425/652/143
f 1417/650/141 1418/653/144 1426/651/142
f 1418/650/145 1427/651/146 1426/652/147
f 1418/650/145 1419/653/148 1427/651/146
f 1419/650/149 1428/651/150 1427/652/151
f 1419/650/149 1420/653/152 1428/651/150
f 1420/650/74 1422/651/74 1428/652/74
f 1420/650/74 1414/653/74 1422/651/74
f 1422/667/136 1429/670/153 1430/671/154
f 1422/667/136 1421/666/135 1429/670/153
f 1421/666/135 1431/672/155 1429/670/153
f 1421/666/135 1423/668/137 1431/672/155
f 1423/668/137 1432/673/477 1431/672/155
f 1423/668/137 1424/669/138 1432/673/477
f 1424/650/139 1433/651/139 1432/652/139
f 1424/650/139 1425/653/139 1433/651/139
f 1425/650/158 1434/651/883 1433/652/160
f 1425/650/158 1426/653/161 1434/651/883
f 1426/650/162 1435/651/163 1434/652/164
f 1426/650/162 1427/653/165 1435/651/163
f 1427/650/166 1436/651/167 1435/652/168
f 1427/650/166 1428/653/169 1436/651/167
f 1428/650/74 1430/651/74 1436/652/74
f 1428/650/74 1422/653/74 1430/651/74
f 1430/671/154 1437/674/170 1438/675/171
f 1430/671/154 1429/670/153 1437/674/170
f 1429/670/153 1439/676/172 1437/674/170
f 1429/670/153 1431/672/155 1439/676/172
f 1431/672/155 1440/677/485 1439/676/172
f 1431/672/155 1432/673/477 1440/677/485
f 1432/650/140 1441/651/139 1440/652/139
f 1432/650/140 1433/653/140 1441/651/139
f 1433/650/174 1442/651/175 1441/652/176
f 1433/650/174 1434/653/887 1442/651/175
f 1434/650/178 1443/651/179 1442/652/969
f 1434/650/178 1435/653/181 1443/651/179
f 1435/650/970 1444/651/183 1443/652/184
f 1435/650/970 1436/653/185 1444/651/183
f 1436/650/74 1438/651/74 1444/652/74
f 1436/650/74 1430/653/74 1438/651/74
f 1438/675/171 1445/678/186 1446/679/187
f 1438/675/171 1437/674/170 1445/678/186
f 1437/674/170 1447/680/188 1445/678/186
f 1437/674/170 1439/676/172 1447/680/188
f 1439/676/172 1448/681/890 1447/680/188
f 1439/676/172 1440/677/485 1448/681/890
f 1440/650/139 1449/651/139 1448/652/139
f 1440/650/139 1441/653/139 1449/651/139
f 1441/650/486 1450/651/487 1449/652/891
f 1441/650/486 1442/653/193 1450/651/487
f 1442/650/194 1451/651/892 1450/652/196
f 1442/650/194 1443/653/197 1451/651/892
f 1443/650/198 1452/651/199 1451/652/200
f 1443/650/198 1444/653/201 1452/651/199
f 1444/650/74 1446/651/74 1452/652/74
f 1444/650/74 1438/653/74 1446/651/74
f 1446/679/187 1453/682/202 1454/683/203
f 1446/679/187 1445/678/186 1453/682/202
f 1445/678/186 1455/684/971 1453/682/202
f 1445/678/186 1447/680/188 1455/684/971
f 1447/680/188 1456/685/972 1455/684/971
f 1447/680/188 1448/681/890 1456/685/972
f 1448/650/139 1457/651/139 1456/652/139
f 1448/650/139 1449/653/139 1457/651/139
f 1449/650/206 1458/651/207 1457/652/208
f 1449/650/206 1450/653/490 1458/651/207
f 1450/650/491 1459/651/211 1458/652/493
f 1450/650/491 1451/653/213 1459/651/211
f 1451/650/214 1460/651/215 1459/652/216
f 1451/650/214 1452/653/217 1460/651/215
f 1452/650/74 1454/651/74 1460/652/74
f 1452/650/74 1446/653/74 1454/651/74
f 1460/650/74 1461/651/74 1462/652/74
f 1460/650/74 1454/653/74 1461/651/74
f 1463/651/973 1384/650/219 1381/653/219
f 1463/651/973 1386/650/974 1384/653/974
f 1463/651/975 1388/650/976 1386/653/976
f 1463/651/977 1390/650/224 1388/653/224
f 1463/651/978 1392/650/895 1390/653/895
f 1463/651/977 1394/650/979 1392/653/979
f 1463/651/980 1396/650/228 1394/653/228
f 1463/651/981 1381/650/982 1396/653/982
f 1464/642/230 1465/644/231 1466/643/232
f 1464/642/230 1466/643/232 1467/645/897
f 1467/645/897 1466/643/232 1468/646/234
f 1467/645/897 1468/646/234 1469/647/898
f 1469/647/898 1468/646/234 1470/648/983
f 1469/647/898 1470/648/983 1471/649/237
f 1471/650/984 1470/652/985 1472/651/986
f 1471/650/984 1472/651/986 1473/653/987
f 1473/650/242 1472/652/243 1474/651/244
f 1473/650/242 1474/651/244 1475/653/245
f 1475/650/246 1474/652/247 1476/651/248
f 1475/650/246 1476/651/248 1477/653/249
f 1477/650/250 1476/652/251 1478/651/252
f 1477/650/250 1478/651/252 1479/653/988
f 1479/650/74 1478/652/74 1465/651/74
f 1479/650/74 1465/651/74 1464/653/74
f 1465/644/231 1480/655/254 1481/654/255
f 1465/644/231 1481/654/255 1466/643/232
f 1466/643/232 1481/654/255 1482/656/256
f 1466/643/232 1482/656/256 1468/646/234
f 1468/646/234 1482/656/256 1483/657/903
f 1468/646/234 1483/657/903 1470/648/983
f 1470/650/258 1483/652/989 1484/651/990
f 1470/650/258 1484/651/990 1472/653/261
f 1472/650/908 1484/652/263 1485/651/909
f 1472/650/908 1485/651/909 1474/653/265
f 1474/650/266 1485/652/267 1486/651/268
f 1474/650/266 1486/651/268 1476/653/269
f 1476/650/991 1486/652/271 1487/651/272
f 1476/650/991 1487/651/272 1478/653/273
f 1478/650/74 1487/652/74 1480/651/74
f 1478/650/74 1480/651/74 1465/653/74
f 1480/655/254 1488/659/274 1489/658/275
f 1480/655/254 1489/658/275 1481/654/255
f 1481/654/255 1489/658/275 1490/660/276
f 1481/654/255 1490/660/276 1482/656/256
f 1482/656/256 1490/660/276 1491/661/992
f 1482/656/256 1491/661/992 1483/657/903
f 1483/650/993 1491/652/994 1492/651/995
f 1483/650/993 1492/651/995 1484/653/996
f 1484/650/282 1492/652/283 1493/651/997
f 1484/650/282 1493/651/997 1485/653/916
f 1485/650/917 1493/652/287 1494/651/288
f 1485/650/917 1494/651/288 1486/653/289
f 1486/650/290 1494/652/291 1495/651/918
f 1486/650/290 1495/651/918 1487/653/919
f 1487/650/74 1495/652/74 1488/651/74
f 1487/650/74 1488/651/74 1480/653/74
f 1488/659/274 1496/663/294 1497/662/295
f 1488/659/274 1497/662/295 1489/658/275
f 1489/658/275 1497/662/295 1498/664/296
f 1489/658/275 1498/664/296 1490/660/276
f 1490/660/276 1498/664/296 1499/665/297
f 1490/660/276 1499/665/297 1491/661/992
f 1491/650/998 1499/652/299 1500/651/999
f 1491/650/998 1500/651/999 1492/653/1000
f 1492/650/922 1500/652/923 1501/651/924
f 1492/650/922 1501/651/924 1493/653/925
f 1493/650/306 1501/652/307 1502/651/926
f 1493/650/306 1502/651/926 1494/653/309
f 1494/650/310 1502/652/311 1503/651/312
f 1494/650/310 1503/651/312 1495/653/313
f 1495/650/74 1503/652/74 1496/651/74
f 1495/650/74 1496/651/74 1488/653/74
f 1496/663/294 1504/667/314 1505/666/315
f 1496/663/294 1505/666/315 1497/662/295
f 1497/662/295 1505/666/315 1506/668/316
f 1497/662/295 1506/668/316 1498/664/296
f 1498/664/296 1506/668/316 1507/669/317
f 1498/664/296 1507/669/317 1499/665/297
f 1499/650/139 1507/652/139 1508/651/139
f 1499/650/139 1508/651/139 1500/653/139
f 1500/650/318 1508/652/319 1509/651/320
f 1500/650/318 1509/651/320 1501/653/523
f 1501/650/322 1509/652/323 1510/651/324
f 1501/650/322 1510/651/324 1502/653/325
f 1502/650/326 1510/652/327 1511/651/328
f 1502/650/326 1511/651/328 1503/653/329
f 1503/650/74 1511/652/74 1504/651/74
f 1503/650/74 1504/651/74 1496/653/74
f 1504/667/314 1512/671/330 1513/670/331
f 1504/667/314 1513/670/331 1505/666/315
f 1505/666/315 1513/670/331 1514/672/332
f 1505/666/315 1514/672/332 1506/668/316
f 1506/668/316 1514/672/332 1515/673/929
f 1506/668/316 1515/673/929 1507/669/317
f 1507/650/139 1515/652/139 1516/651/139
f 1507/650/139 1516/651/139 1508/653/139
f 1508/650/334 1516/652/335 1517/651/930
f 1508/650/334 1517/651/930 1509/653/1001
f 1509/650/338 1517/652/1002 1518/651/528
f 1509/650/338 1518/651/528 1510/653/341
f 1510/650/529 1518/652/932 1519/651/344
f 1510/650/529 1519/651/344 1511/653/1003
f 1511/650/74 1519/652/74 1512/651/74
f 1511/650/74 1512/651/74 1504/653/74
f 1512/671/330 1520/675/346 1521/674/347
f 1512/671/330 1521/674/347 1513/670/331
f 1513/670/331 1521/674/347 1522/676/348
f 1513/670/331 1522/676/348 1514/672/332
f 1514/672/332 1522/676/348 1523/677/531
f 1514/672/332 1523/677/531 1515/673/929
f 1515/650/157 1523/652/139 1524/651/139
f 1515/650/157 1524/651/139 1516/653/157
f 1516/650/350 1524/652/351 1525/651/352
f 1516/650/350 1525/651/352 1517/653/353
f 1517/650/354 1525/652/355 1526/651/1004
f 1517/650/354 1526/651/1004 1518/653/357
f 1518/650/936 1526/652/359 1527/651/360
f 1518/650/936 1527/651/360 1519/653/361
f 1519/650/74 1527/652/74 1520/651/74
f 1519/650/74 1520/651/74 1512/653/74
f 1520/675/346 1461/679/362 1528/678/363
f 1520/675/346 1528/678/363 1521/674/347
f 1521/674/347 1528/678/363 1529/680/364
f 1521/674/347 1529/680/364 1522/676/348
f 1522/676/348 1529/680/364 1530/681/937
f 1522/676/348 1530/681/937 1523/677/531
f 1523/650/139 1530/652/677 1531/651/139
f 1523/650/139 1531/651/139 1524/653/139
f 1524/650/532 1531/652/533 1532/651/534
f 1524/650/532 1532/651/534 1525/653/369
f 1525/650/370 1532/652/371 1533/651/938
f 1525/650/370 1533/651/938 1526/653/373
f 1526/650/374 1533/652/375 1462/651/376
f 1526/650/374 1462/651/376 1527/653/377
f 1527/650/74 1462/652/74 1461/651/74
f 1527/650/74 1461/651/74 1520/653/74
f 1461/679/362 1454/683/378 1534/682/379
f 1461/679/362 1534/682/379 1528/678/363
f 1528/678/363 1534/682/379 1535/684/1005
f 1528/678/363 1535/684/1005 1529/680/364
f 1529/680/364 1535/684/1005 1456/685/1006
f 1529/680/364 1456/685/1006 1530/681/937
f 1530/650/139 1456/652/139 1457/651/139
f 1530/650/139 1457/651/139 1531/653/139
f 1531/650/382 1457/652/383 1536/651/384
f 1531/650/382 1536/651/384 1532/653/537
f 1532/650/538 1536/652/539 1537/651/1007
f 1532/650/538 1537/651/1007 1533/653/389
f 1533/650/390 1537/652/391 1460/651/392
f 1533/650/390 1460/651/392 1462/653/393
f 1462/650/74 1460/652/74 1454/651/74
f 1462/650/74 1454/651/74 1461/653/74
f 1460/650/74 1452/652/74 1446/651/74
f 1460/650/74 1446/651/74 1454/653/74
f 1538/651/1008 1464/653/395 1467/650/395
f 1538/651/1009 1467/653/1010 1469/650/1010
f 1538/651/1011 1469/653/1012 1471/650/1012
f 1538/651/1008 1471/653/941 1473/650/941
f 1538/651/1009 1473/653/942 1475/650/942
f 1538/651/1011 1475/653/1013 1477/650/1013
f 1538/651/1008 1477/653/403 1479/650/403
f 1538/651/1014 1479/653/1015 1464/650/1015
f 1539/686/139 1540/687/139 1541/688/139
f 1539/686/139 1541/688/139 1542/689/139
f 1539/686/139 1542/689/139 1543/690/139
f 1539/686/139 1543/690/139 1544/691/139
f 1539/686/139 1544/691/139 1545/692/139
f 1539/686/139 1545/692/139 1546/693/139
f 1539/686/139 1546/693/139 1547/694/139
f 1539/686/139 1547/694/139 1548/695/139
f 1539/686/139 1548/695/139 1549/696/139
f 1539/686/139 1549/696/139 1550/697/139
f 1539/686/139 1550/697/139 1551/698/139
f 1539/686/139 1551/698/139 1552/699/139
f 1539/686/139 1552/699/139 1553/700/139
f 1539/686/139 1553/700/139 1554/701/139
f 1539/686/139 1554/701/139 1555/702/139
f 1539/686/139 1555/702/139 1556/703/139
f 1539/686/139 1556/703/139 1557/704/139
f 1539/686/139 1557/704/139 1558/705/139
f 1539/686/139 1558/705/139 1559/706/139
f 1539/686/139 1559/706/139 1560/707/139
f 1539/686/139 1560/707/139 1561/708/139
f 1539/686/139 1561/708/139 1562/709/139
f 1539/686/139 1562/709/139 1563/710/139
f 1539/686/139 1563/710/139 1564/711/139
f 1539/686/139 1564/711/139 1565/712/139
f 1539/686/139 1565/712/139 1566/713/139
f 1539/686/139 1566/713/139 1567/714/139
f 1539/686/139 1567/714/139 1568/715/139
f 1539/686/139 1568/715/139 1569/716/139
f 1539/686/139 1569/716/139 1540/687/139
f 1540/717/406 1570/717/406 1571/718/407
f 1540/717/406 1571/718/407 1541/718/407
f 1541/718/407 1571/718/407 1572/719/409
f 1541/718/407 1572/719/409 1542/719/409
f 1542/719/409 1572/719/409 1573/720/410
f 1542/719/409 1573/720/410 1543/720/410
f 1543/720/410 1573/720/410 1574/721/708
f 1543/720/410 1574/721/708 1544/721/708
f 1544/721/708 1574/721/708 1575/722/412
f 1544/721/708 1575/722/412 1545/722/412
f 1545/722/412 1575/722/412 1576/723/413
f 1545/722/412 1576/723/413 1546/723/1016
f 1546/723/1016 1576/723/413 1577/724/414
f 1546/723/1016 1577/724/414 1547/724/414
f 1547/724/414 1577/724/414 1578/725/415
f 1547/724/414 1578/725/415 1548/725/415
f 1548/725/415 1578/725/415 1579/726/1017
f 1548/725/415 1579/726/1017 1549/726/416
f 1549/726/416 1579/726/1017 1580/727/417
f 1549/726/416 1580/727/417 1550/727/417
f 1550/727/417 1580/727/417 1581/728/709
f 1550/727/417 1581/728/709 1551/728/709
f 1551/728/709 1581/728/709 1582/729/419
f 1551/728/709 1582/729/419 1552/729/419
f 1552/729/419 1582/729/419 1583/730/420
f 1552/729/419 1583/730/420 1553/730/420
f 1553/730/420 1583/730/420 1584/731/422
f 1553/730/420 1584/731/422 1554/731/422
f 1554/731/422 1584/731/422 1585/732/423
f 1554/731/422 1585/732/423 1555/732/423
f 1555/732/423 1585/732/423 1586/733/424
f 1555/732/423 1586/733/424 1556/733/424
f 1556/733/424 1586/733/424 1587/734/425
f 1556/733/424 1587/734/425 1557/734/425
f 1557/734/425 1587/734/425 1588/735/426
f 1557/734/425 1588/735/426 1558/735/426
f 1558/735/426 1588/735/426 1589/736/427
f 1558/735/426 1589/736/427 1559/736/427
f 1559/736/427 1589/736/427 1590/737/428
f 1559/736/427 1590/737/428 1560/737/428
f 1560/737/428 1590/737/428 1591/738/429
f 1560/737/428 1591/738/429 1561/738/429
f 1561/738/429 1591/738/429 1592/739/430
f 1561/738/429 1592/739/430 1562/739/430
f 1562/739/430 1592/739/430 1593/740/431
f 1562/739/430 1593/740/431 1563/740/431
f 1563/740/431 1593/740/431 1594/741/432
f 1563/740/431 1594/741/432 1564/741/432
f 1564/741/432 1594/741/432 1595/742/433
f 1564/741/432 1595/742/433 1565/742/433
f 1565/742/433 1595/742/433 1596/743/434
f 1565/742/433 1596/743/434 1566/743/434
f 1566/743/434 1596/743/434 1597/744/435
f 1566/743/434 1597/744/435 1567/744/435
f 1567/744/435 1597/744/435 1598/745/436
f 1567/744/435 1598/745/436 1568/745/436
f 1568/745/436 1598/745/436 1599/746/437
f 1568/745/436 1599/746/437 1569/746/437
f 1569/746/437 1599/746/437 1570/717/406
f 1569/746/437 1570/717/406 1540/717/406
f 1600/747/74 1571/718/74 1570/717/74
f 1600/747/74 1572/719/74 1571/718/74
f 1600/747/74 1573/720/74 1572/719/74
f 1600/747/74 1574/721/74 1573/720/74
f 1600/747/74 1575/722/74 1574/721/74
f 1600/747/74 1576/723/74 1575/722/74
f 1600/747/74 1577/724/74 1576/723/74
f 1600/747/74 1578/725/74 1577/724/74
f 1600/747/74 1579/726/74 1578/725/74
f 1600/747/74 1580/727/74 1579/726/74
f 1600/747/74 1581/728/74 1580/727/74
f 1600/747/74 1582/729/74 1581/728/74
f 1600/747/74 1583/730/74 1582/729/74
f 1600/747/74 1584/731/74 1583/730/74
f 1600/747/74 1585/732/74 1584/731/74
f 1600/747/74 1586/733/74 1585/732/74
f 1600/747/74 1587/734/74 1586/733/74
f 1600/747/74 1588/735/74 1587/734/74
f 1600/747/74 1589/736/74 1588/735/74
f 1600/747/74 1590/737/74 1589/736/74
f 1600/747/74 1591/738/74 1590/737/74
f 1600/747/74 1592/739/74 1591/738/74
f 1600/747/74 1593/740/74 1592/739/74
f 1600/747/74 1594/741/74 1593/740/74
f 1600/747/74 1595/742/74 1594/741/74
f 1600/747/74 1596/743/74 1595/742/74
f 1600/747/74 1597/744/74 1596/743/74
f 1600/747/74 1598/745/74 1597/744/74
f 1600/747/74 1599/746/74 1598/745/74
f 1600/747/74 1570/717/74 1599/746/74
f 1601/748/1018 1602/749/1018 1603/750/1018
f 1602/749/1018 1601/748/1018 1604/751/1018
f 1605/748/561 1606/749/561 1607/750/561
f 1606/749/561 1605/748/561 1608/751/1019
f 1601/748/1020 1607/749/564 1604/750/1021
f 1607/749/564 1601/748/1020 1605/751/564
f 1604/748/451 1606/749/451 1602/750/451
f 1606/749/451 1604/748/451 1607/751/451
f 1603/748/453 1605/749/453 1601/750/453
f 1605/749/453 1603/748/453 1608/751/453
f 1609/748/1022 1610/749/1023 1611/750/1023
f 1610/749/1023 1609/748/1022 1612/751/1022
f 1613/748/1024 1614/749/1024 1615/750/1024
f 1614/749/1024 1613/748/1024 1616/751/1024
f 1609/748/572 1615/749/572 1612/750/572
f 1615/749/572 1609/748/572 1613/751/572
f 1612/748/444 1614/749/444 1610/750/444
f 1614/749/444 1612/748/444 1615/751/444
f 1611/748/445 1613/749/445 1609/750/445
f 1613/749/445 1611/748/445 1616/751/445
f 1617/642/845 1618/643/51 1619/644/52
f 1617/642/845 1620/645/53 1618/643/51
f 1620/645/53 1621/646/54 1618/643/51
f 1620/645/53 1622/647/55 1621/646/54
f 1622/647/55 1623/648/56 1621/646/54
f 1622/647/55 1624/649/57 1623/648/56
f 1624/650/1025 1625/651/1026 1623/652/1027
f 1624/650/1025 1626/653/1028 1625/651/1026
f 1626/650/62 1627/651/63 1625/652/64
f 1626/650/62 1628/653/851 1627/651/63
f 1628/650/66 1629/651/67 1627/652/68
f 1628/650/66 1630/653/853 1629/651/67
f 1630/650/854 1631/651/1029 1629/652/855
f 1630/650/854 1632/653/73 1631/651/1029
f 1632/650/74 1619/651/74 1631/652/74
f 1632/650/74 1617/653/74 1619/651/74
f 1619/644/52 1633/654/75 1634/655/76
f 1619/644/52 1618/643/51 1633/654/75
f 1618/643/51 1635/656/77 1633/654/75
f 1618/643/51 1621/646/54 1635/656/77
f 1621/646/54 1636/657/78 1635/656/77
f 1621/646/54 1623/648/56 1636/657/78
f 1623/650/79 1637/651/1030 1636/652/81
f 1623/650/79 1625/653/1031 1637/651/1030
f 1625/650/861 1638/651/84 1637/652/85
f 1625/650/861 1627/653/86 1638/651/84
f 1627/650/87 1639/651/862 1638/652/89
f 1627/650/87 1629/653/90 1639/651/862
f 1629/650/863 1640/651/92 1639/652/865
f 1629/650/863 1631/653/94 1640/651/92
f 1631/650/74 1634/651/74 1640/652/74
f 1631/650/74 1619/653/74 1634/651/74
f 1634/655/76 1641/658/95 1642/659/866
f 1634/655/76 1633/654/75 1641/658/95
f 1633/654/75 1643/660/97 1641/658/95
f 1633/654/75 1635/656/77 1643/660/97
f 1635/656/77 1644/661/962 1643/660/97
f 1635/656/77 1636/657/78 1644/661/962
f 1636/650/867 1645/651/1032 1644/652/1033
f 1636/650/867 1637/653/465 1645/651/1032
f 1637/650/870 1646/651/104 1645/652/105
f 1637/650/870 1638/653/871 1646/651/104
f 1638/650/872 1647/651/108 1646/652/109
f 1638/650/872 1639/653/110 1647/651/108
f 1639/650/111 1648/651/873 1647/652/113
f 1639/650/111 1640/653/874 1648/651/873
f 1640/650/74 1642/651/74 1648/652/74
f 1640/650/74 1634/653/74 1642/651/74
f 1642/659/866 1649/662/115 1650/663/116
f 1642/659/866 1641/658/95 1649/662/115
f 1641/658/95 1651/664/117 1649/662/115
f 1641/658/95 1643/660/97 1651/664/117
f 1643/660/97 1652/665/118 1651/664/117
f 1643/660/97 1644/661/962 1652/665/118
f 1644/650/1034 1653/651/1035 1652/652/1036
f 1644/650/1034 1645/653/1037 1653/651/1035
f 1645/650/123 1654/651/878 1653/652/125
f 1645/650/123 1646/653/1038 1654/651/878
f 1646/650/127 1655/651/880 1654/652/129
f 1646/650/127 1647/653/130 1655/651/880
f 1647/650/131 1656/651/132 1655/652/133
f 1647/650/131 1648/653/134 1656/651/132
f 1648/650/74 1650/651/74 1656/652/74
f 1648/650/74 1642/653/74 1650/651/74
f 1650/663/116 1657/666/135 1658/667/136
f 1650/663/116 1649/662/115 1657/666/135
f 1649/662/115 1659/668/137 1657/666/135
f 1649/662/115 1651/664/117 1659/668/137
f 1651/664/117 1660/669/138 1659/668/137
f 1651/664/117 1652/665/118 1660/669/138
f 1652/650/139 1661/651/139 1660/652/139
f 1652/650/139 1653/653/1039 1661/651/139
f 1653/650/141 1662/651/142 1661/652/143
f 1653/650/141 1654/653/144 1662/651/142
f 1654/650/145 1663/651/146 1662/652/147
f 1654/650/145 1655/653/148 1663/651/146
f 1655/650/149 1664/651/474 1663/652/151
f 1655/650/149 1656/653/152 1664/651/474
f 1656/650/74 1658/651/74 1664/652/74
f 1656/650/74 1650/653/74 1658/651/74
f 1658/667/136 1665/670/153 1666/671/154
f 1658/667/136 1657/666/135 1665/670/153
f 1657/666/135 1667/672/155 1665/670/153
f 1657/666/135 1659/668/137 1667/672/155
f 1659/668/137 1668/673/477 1667/672/155
f 1659/668/137 1660/669/138 1668/673/477
f 1660/650/139 1669/651/139 1668/652/139
f 1660/650/139 1661/653/139 1669/651/139
f 1661/650/158 1670/651/883 1669/652/1040
f 1661/650/158 1662/653/161 1670/651/883
f 1662/650/1041 1671/651/163 1670/652/164
f 1662/650/1041 1663/653/165 1671/651/163
f 1663/650/166 1672/651/167 1671/652/168
f 1663/650/166 1664/653/169 1672/651/167
f 1664/650/74 1666/651/74 1672/652/74
f 1664/650/74 1658/653/74 1666/651/74
f 1666/671/154 1673/674/170 1674/675/171
f 1666/671/154 1665/670/153 1673/674/170
f 1665/670/153 1675/676/172 1673/674/170
f 1665/670/153 1667/672/155 1675/676/172
f 1667/672/155 1676/677/1042 1675/676/172
f 1667/672/155 1668/673/477 1676/677/1042
f 1668/650/139 1677/651/139 1676/652/139
f 1668/650/139 1669/653/139 1677/651/139
f 1669/650/174 1678/651/886 1677/652/1043
f 1669/650/174 1670/653/887 1678/651/886
f 1670/650/178 1679/651/179 1678/652/180
f 1670/650/178 1671/653/181 1679/651/179
f 1671/650/970 1680/651/183 1679/652/184
f 1671/650/970 1672/653/185 1680/651/183
f 1672/650/74 1674/651/74 1680/652/74
f 1672/650/74 1666/653/74 1674/651/74
f 1674/675/171 1681/678/186 1682/679/187
f 1674/675/171 1673/674/170 1681/678/186
f 1673/674/170 1683/680/188 1681/678/186
f 1673/674/170 1675/676/172 1683/680/188
f 1675/676/172 1684/681/1044 1683/680/188
f 1675/676/172 1676/677/1042 1684/681/1044
f 1676/650/139 1685/651/139 1684/652/139
f 1676/650/139 1677/653/139 1685/651/139
f 1677/650/486 1686/651/191 1685/652/891
f 1677/650/486 1678/653/193 1686/651/191
f 1678/650/194 1687/651/892 1686/652/196
f 1678/650/194 1679/653/197 1687/651/892
f 1679/650/198 1688/651/199 1687/652/200
f 1679/650/198 1680/653/201 1688/651/199
f 1680/650/74 1682/651/74 1688/652/74
f 1680/650/74 1674/653/74 1682/651/74
f 1682/679/187 1689/682/202 1690/683/203
f 1682/679/187 1681/678/186 1689/682/202
f 1681/678/186 1691/684/971 1689/682/202
f 1681/678/186 1683/680/188 1691/684/971
f 1683/680/188 1692/685/972 1691/684/971
f 1683/680/188 1684/681/1044 1692/685/972
f 1684/650/139 1693/651/139 1692/652/139
f 1684/650/139 1685/653/139 1693/651/139
f 1685/650/488 1694/651/207 1693/652/489
f 1685/650/488 1686/653/490 1694/651/207
f 1686/650/491 1695/651/211 1694/652/493
f 1686/650/491 1687/653/213 1695/651/211
f 1687/650/214 1696/651/215 1695/652/216
f 1687/650/214 1688/653/217 1696/651/215
f 1688/650/74 1690/651/74 1696/652/74
f 1688/650/74 1682/653/74 1690/651/74
f 1696/650/74 1697/651/74 1698/652/74
f 1696/650/74 1690/653/74 1697/651/74
f 1699/651/497 1620/650/219 1617/653/219
f 1699/651/497 1622/650/496 1620/653/496
f 1699/651/497 1624/650/1045 1622/653/1045
f 1699/651/497 1626/650/1046 1624/653/1046
f 1699/651/495 1628/650/1047 1626/653/1047
f 1699/651/497 1630/650/1048 1628/653/1048
f 1699/651/497 1632/650/228 1630/653/228
f 1699/651/497 1617/650/1049 1632/653/1049
f 1700/642/230 1701/644/231 1702/643/232
f 1700/642/230 1702/643/232 1703/645/897
f 1703/645/897 1702/643/232 1704/646/234
f 1703/645/897 1704/646/234 1705/647/898
f 1705/647/898 1704/646/234 1706/648/899
f 1705/647/898 1706/648/899 1707/649/237
f 1707/650/1050 1706/652/985 1708/651/986
f 1707/650/1050 1708/651/986 1709/653/1051
f 1709/650/242 1708/652/243 1710/651/244
f 1709/650/242 1710/651/244 1711/653/245
f 1711/650/246 1710/652/247 1712/651/248
f 1711/650/246 1712/651/248 1713/653/249
f 1713/650/250 1712/652/251 1714/651/252
f 1713/650/250 1714/651/252 1715/653/253
f 1715/650/74 1714/652/74 1701/651/74
f 1715/650/74 1701/651/74 1700/653/74
f 1701/644/231 1716/655/254 1717/654/255
f 1701/644/231 1717/654/255 1702/643/232
f 1702/643/232 1717/654/255 1718/656/256
f 1702/643/232 1718/656/256 1704/646/234
f 1704/646/234 1718/656/256 1719/657/903
f 1704/646/234 1719/657/903 1706/648/899
f 1706/650/258 1719/652/1052 1720/651/1053
f 1706/650/258 1720/651/1053 1708/653/261
f 1708/650/908 1720/652/263 1721/651/909
f 1708/650/908 1721/651/909 1710/653/265
f 1710/650/266 1721/652/267 1722/651/268
f 1710/650/266 1722/651/268 1712/653/269
f 1712/650/270 1722/652/271 1723/651/910
f 1712/650/270 1723/651/910 1714/653/273
f 1714/650/74 1723/652/74 1716/651/74
f 1714/650/74 1716/651/74 1701/653/74
f 1716/655/254 1724/659/911 1725/658/275
f 1716/655/254 1725/658/275 1717/654/255
f 1717/654/255 1725/658/275 1726/660/276
f 1717/654/255 1726/660/276 1718/656/256
f 1718/656/256 1726/660/276 1727/661/1054
f 1718/656/256 1727/661/1054 1719/657/903
f 1719/650/1055 1727/652/1056 1728/651/1057
f 1719/650/1055 1728/651/1057 1720/653/915
f 1720/650/282 1728/652/283 1729/651/284
f 1720/650/282 1729/651/284 1721/653/916
f 1721/650/917 1729/652/287 1730/651/288
f 1721/650/917 1730/651/288 1722/653/289
f 1722/650/290 1730/652/291 1731/651/918
f 1722/650/290 1731/651/918 1723/653/919
f 1723/650/74 1731/652/74 1724/651/74
f 1723/650/74 1724/651/74 1716/653/74
f 1724/659/911 1732/663/294 1733/662/295
f 1724/659/911 1733/662/295 1725/658/275
f 1725/658/275 1733/662/295 1734/664/296
f 1725/658/275 1734/664/296 1726/660/276
f 1726/660/276 1734/664/296 1735/665/297
f 1726/660/276 1735/665/297 1727/661/1054
f 1727/650/998 1735/652/1058 1736/651/1059
f 1727/650/998 1736/651/1059 1728/653/1060
f 1728/650/922 1736/652/923 1737/651/924
f 1728/650/922 1737/651/924 1729/653/925
f 1729/650/306 1737/652/307 1738/651/926
f 1729/650/306 1738/651/926 1730/653/309
f 1730/650/310 1738/652/311 1739/651/312
f 1730/650/310 1739/651/312 1731/653/313
f 1731/650/74 1739/652/74 1732/651/74
f 1731/650/74 1732/651/74 1724/653/74
f 1732/663/294 1740/667/314 1741/666/315
f 1732/663/294 1741/666/315 1733/662/295
f 1733/662/295 1741/666/315 1742/668/316
f 1733/662/295 1742/668/316 1734/664/296
f 1734/664/296 1742/668/316 1743/669/317
f 1734/664/296 1743/669/317 1735/665/297
f 1735/650/139 1743/652/139 1744/651/139
f 1735/650/139 1744/651/139 1736/653/1061
f 1736/650/318 1744/652/319 1745/651/320
f 1736/650/318 1745/651/320 1737/653/523
f 1737/650/322 1745/652/323 1746/651/324
f 1737/650/322 1746/651/324 1738/653/325
f 1738/650/326 1746/652/327 1747/651/526
f 1738/650/326 1747/651/526 1739/653/329
f 1739/650/74 1747/652/74 1740/651/74
f 1739/650/74 1740/651/74 1732/653/74
f 1740/667/314 1748/671/330 1749/670/331
f 1740/667/314 1749/670/331 1741/666/315
f 1741/666/315 1749/670/331 1750/672/332
f 1741/666/315 1750/672/332 1742/668/316
f 1742/668/316 1750/672/332 1751/673/929
f 1742/668/316 1751/673/929 1743/669/317
f 1743/650/139 1751/652/139 1752/651/139
f 1743/650/139 1752/651/139 1744/653/139
f 1744/650/334 1752/652/1062 1753/651/930
f 1744/650/334 1753/651/930 1745/653/337
f 1745/650/338 1753/652/1002 1754/651/528
f 1745/650/338 1754/651/528 1746/653/341
f 1746/650/529 1754/652/932 1755/651/344
f 1746/650/529 1755/651/344 1747/653/1003
f 1747/650/74 1755/652/74 1748/651/74
f 1747/650/74 1748/651/74 1740/653/74
f 1748/671/330 1756/675/346 1757/674/347
f 1748/671/330 1757/674/347 1749/670/331
f 1749/670/331 1757/674/347 1758/676/348
f 1749/670/331 1758/676/348 1750/672/332
f 1750/672/332 1758/676/348 1759/677/1063
f 1750/672/332 1759/677/1063 1751/673/929
f 1751/650/139 1759/652/139 1760/651/139
f 1751/650/139 1760/651/139 1752/653/139
f 1752/650/350 1760/652/1064 1761/651/352
f 1752/650/350 1761/651/352 1753/653/353
f 1753/650/354 1761/652/355 1762/651/356
f 1753/650/354 1762/651/356 1754/653/357
f 1754/650/936 1762/652/359 1763/651/360
f 1754/650/936 1763/651/360 1755/653/361
f 1755/650/74 1763/652/74 1756/651/74
f 1755/650/74 1756/651/74 1748/653/74
f 1756/675/346 1697/679/362 1764/678/363
f 1756/675/346 1764/678/363 1757/674/347
f 1757/674/347 1764/678/363 1765/680/364
f 1757/674/347 1765/680/364 1758/676/348
f 1758/676/348 1765/680/364 1766/681/1065
f 1758/676/348 1766/681/1065 1759/677/1063
f 1759/650/139 1766/652/139 1767/651/139
f 1759/650/139 1767/651/139 1760/653/139
f 1760/650/532 1767/652/533 1768/651/368
f 1760/650/532 1768/651/368 1761/653/369
f 1761/650/370 1768/652/371 1769/651/372
f 1761/650/370 1769/651/372 1762/653/373
f 1762/650/374 1769/652/375 1698/651/376
f 1762/650/374 1698/651/376 1763/653/377
f 1763/650/74 1698/652/74 1697/651/74
f 1763/650/74 1697/651/74 1756/653/74
f 1697/679/362 1690/683/378 1770/682/379
f 1697/679/362 1770/682/379 1764/678/363
f 1764/678/363 1770/682/379 1771/684/1005
f 1764/678/363 1771/684/1005 1765/680/364
f 1765/680/364 1771/684/1005 1692/685/1006
f 1765/680/364 1692/685/1006 1766/681/1065
f 1766/650/139 1692/652/139 1693/651/139
f 1766/650/139 1693/651/139 1767/653/139
f 1767/650/535 1693/652/536 1772/651/384
f 1767/650/535 1772/651/384 1768/653/537
f 1768/650/538 1772/652/539 1773/651/388
f 1768/650/538 1773/651/388 1769/653/389
f 1769/650/390 1773/652/391 1696/651/392
f 1769/650/390 1696/651/392 1698/653/393
f 1698/650/74 1696/652/74 1690/651/74
f 1698/650/74 1690/651/74 1697/653/74
f 1696/650/74 1688/652/74 1682/651/74
f 1696/650/74 1682/651/74 1690/653/74
f 1774/651/544 1700/653/395 1703/650/395
f 1774/651/542 1703/653/1066 1705/650/1066
f 1774/651/542 1705/653/1067 1707/650/1067
f 1774/651/404 1707/653/1068 1709/650/1068
f 1774/651/542 1709/653/1069 1711/650/1069
f 1774/651/542 1711/653/1070 1713/650/1070
f 1774/651/542 1713/653/403 1715/650/403
f 1774/651/404 1715/653/1071 1700/650/1071
f 1775/686/139 1776/687/139 1777/688/139
f 1775/686/139 1777/688/139 1778/689/139
f 1775/686/139 1778/689/139 1779/690/139
f 1775/686/139 1779/690/139 1780/691/139
f 1775/686/139 1780/691/139 1781/692/139
f 1775/686/139 1781/692/139 1782/693/139
f 1775/686/139 1782/693/139 1783/694/139
f 1775/686/139 1783/694/139 1784/695/139
f 1775/686/139 1784/695/139 1785/696/139
f 1775/686/139 1785/696/139 1786/697/139
f 1775/686/139 1786/697/139 1787/698/139
f 1775/686/139 1787/698/139 1788/699/139
f 1775/686/139 1788/699/139 1789/700/139
f 1775/686/139 1789/700/139 1790/701/139
f 1775/686/139 1790/701/139 1791/702/139
f 1775/686/139 1791/702/139 1792/703/139
f 1775/686/139 1792/703/139 1793/704/139
f 1775/686/139 1793/704/139 1794/705/139
f 1775/686/139 1794/705/139 1795/706/139
f 1775/686/139 1795/706/139 1796/707/139
f 1775/686/139 1796/707/139 1797/708/139
f 1775/686/139 1797/708/139 1798/709/139
f 1775/686/139 1798/709/139 1799/710/139
f 1775/686/139 1799/710/139 1800/711/139
f 1775/686/139 1800/711/139 1801/712/139
f 1775/686/139 1801/712/139 1802/713/139
f 1775/686/139 1802/713/139 1803/714/139
f 1775/686/139 1803/714/139 1804/715/139
f 1775/686/139 1804/715/139 1805/716/139
f 1775/686/139 1805/716/139 1776/687/139
f 1776/717/406 1806/717/406 1807/718/407
f 1776/717/406 1807/718/407 1777/718/407
f 1777/718/407 1807/718/407 1808/719/409
f 1777/718/407 1808/719/409 1778/719/409
f 1778/719/409 1808/719/409 1809/720/410
f 1778/719/409 1809/720/410 1779/720/410
f 1779/720/410 1809/720/410 1810/721/708
f 1779/720/410 1810/721/708 1780/721/708
f 1780/721/708 1810/721/708 1811/722/412
f 1780/721/708 1811/722/412 1781/722/412
f 1781/722/412 1811/722/412 1812/723/413
f 1781/722/412 1812/723/413 1782/723/413
f 1782/723/413 1812/723/413 1813/724/414
f 1782/723/413 1813/724/414 1783/724/414
f 1783/724/414 1813/724/414 1814/725/415
f 1783/724/414 1814/725/415 1784/725/415
f 1784/725/415 1814/725/415 1815/726/416
f 1784/725/415 1815/726/416 1785/726/416
f 1785/726/416 1815/726/416 1816/727/417
f 1785/726/416 1816/727/417 1786/727/417
f 1786/727/417 1816/727/417 1817/728/709
f 1786/727/417 1817/728/709 1787/728/709
f 1787/728/709 1817/728/709 1818/729/419
f 1787/728/709 1818/729/419 1788/729/419
f 1788/729/419 1818/729/419 1819/730/420
f 1788/729/419 1819/730/420 1789/730/420
f 1789/730/420 1819/730/420 1820/731/422
f 1789/730/420 1820/731/422 1790/731/422
f 1790/731/422 1820/731/422 1821/732/423
f 1790/731/422 1821/732/423 1791/732/423
f 1791/732/423 1821/732/423 1822/733/424
f 1791/732/423 1822/733/424 1792/733/424
f 1792/733/424 1822/733/424 1823/734/425
f 1792/733/424 1823/734/425 1793/734/425
f 1793/734/425 1823/734/425 1824/735/426
f 1793/734/425 1824/735/426 1794/735/426
f 1794/735/426 1824/735/426 1825/736/427
f 1794/735/426 1825/736/427 1795/736/427
f 1795/736/427 1825/736/427 1826/737/428
f 1795/736/427 1826/737/428 1796/737/428
f 1796/737/428 1826/737/428 1827/738/429
f 1796/737/428 1827/738/429 1797/738/429
f 1797/738/429 1827/738/429 1828/739/430
f 1797/738/429 1828/739/430 1798/739/430
f 1798/739/430 1828/739/430 1829/740/431
f 1798/739/430 1829/740/431 1799/740/431
f 1799/740/431 1829/740/431 1830/741/432
f 1799/740/431 1830/741/432 1800/741/432
f 1800/741/432 1830/741/432 1831/742/433
f 1800/741/432 1831/742/433 1801/742/433
f 1801/742/433 1831/742/433 1832/743/434
f 1801/742/433 1832/743/434 1802/743/434
f 1802/743/434 1832/743/434 1833/744/435
f 1802/743/434 1833/744/435 1803/744/435
f 1803/744/435 1833/744/435 1834/745/436
f 1803/744/435 1834/745/436 1804/745/436
f 1804/745/436 1834/745/436 1835/746/437
f 1804/745/436 1835/746/437 1805/746/437
f 1805/746/437 1835/746/437 1806/717/406
f 1805/746/437 1806/717/406 1776/717/406
f 1836/747/74 1807/718/74 1806/717/74
f 1836/747/74 1808/719/74 1807/718/74
f 1836/747/74 1809/720/74 1808/719/74
f 1836/747/74 1810/721/74 1809/720/74
f 1836/747/74 1811/722/74 1810/721/74
f 1836/747/74 1812/723/74 1811/722/74
f 1836/747/74 1813/724/74 1812/723/74
f 1836/747/74 1814/725/74 1813/724/74
f 1836/747/74 1815/726/74 1814/725/74
f 1836/747/74 1816/727/74 1815/726/74
f 1836/747/74 1817/728/74 1816/727/74
f 1836/747/74 1818/729/74 1817/728/74
f 1836/747/74 1819/730/74 1818/729/74
f 1836/747/74 1820/731/74 1819/730/74
f 1836/747/74 1821/732/74 1820/731/74
f 1836/747/74 1822/733/74 1821/732/74
f 1836/747/74 1823/734/74 1822/733/74
f 1836/747/74 1824/735/74 1823/734/74
f 1836/747/74 1825/736/74 1824/735/74
f 1836/747/74 1826/737/74 1825/736/74
f 1836/747/74 1827/738/74 1826/737/74
f 1836/747/74 1828/739/74 1827/738/74
f 1836/747/74 1829/740/74 1828/739/74
f 1836/747/74 1830/741/74 1829/740/74
f 1836/747/74 1831/742/74 1830/741/74
f 1836/747/74 1832/743/74 1831/742/74
f 1836/747/74 1833/744/74 1832/743/74
f 1836/747/74 1834/745/74 1833/744/74
f 1836/747/74 1835/746/74 1834/745/74
f 1836/747/74 1806/717/74 1835/746/74
f 1837/748/1018 1838/749/1018 1839/750/1018
f 1838/749/1018 1837/748/1018 1840/751/1018
f 1841/748/561 1842/749/1072 1843/750/561
f 1842/749/1072 1841/748/561 1844/751/1072
f 1837/748/1020 1843/749/1020 1840/750/1020
f 1843/749/1020 1837/748/1020 1841/751/1020
f 1840/748/452 1842/749/451 1838/750/451
f 1842/749/451 1840/748/452 1843/751/452
f 1839/748/453 1841/749/453 1837/750/453
f 1841/749/453 1839/748/453 1844/751/453
f 1845/748/1023 1846/749/1073 1847/750/1073
f 1846/749/1073 1845/748/1023 1848/751/1074
f 1849/748/1024 1850/749/1075 1851/750/1024
f 1850/749/1075 1849/748/1024 1852/751/1075
f 1845/748/572 1851/749/572 1848/750/572
f 1851/749/572 1845/748/572 1849/751/572
f 1848/748/444 1850/749/444 1846/750/444
f 1850/749/444 1848/748/444 1851/751/444
f 1847/748/445 1849/749/445 1845/750/445
f 1849/749/445 1847/748/445 1852/751/445
f 1853/752/74 1854/753/74 1855/754/74
f 1853/752/74 1856/755/74 1854/753/74
f 1853/752/74 1857/756/74 1856/755/74
f 1853/752/74 1858/757/74 1857/756/74
f 1853/752/74 1859/758/74 1858/757/74
f 1853/752/74 1860/759/74 1859/758/74
f 1853/752/74 1861/760/74 1860/759/74
f 1853/752/74 1862/761/74 1861/760/74
f 1853/752/74 1863/762/74 1862/761/74
f 1853/752/74 1864/763/74 1863/762/74
f 1853/752/74 1865/764/74 1864/763/74
f 1853/752/74 1866/765/74 1865/764/74
f 1853/752/74 1867/766/74 1866/765/74
f 1853/752/74 1868/767/74 1867/766/74
f 1853/752/74 1869/768/74 1868/767/74
f 1853/752/74 1870/769/74 1869/768/74
f 1853/752/74 1871/770/74 1870/769/74
f 1853/752/74 1872/771/74 1871/770/74
f 1853/752/74 1873/772/74 1872/771/74
f 1853/752/74 1874/773/74 1873/772/74
f 1853/752/74 1875/774/74 1874/773/74
f 1853/752/74 1876/775/74 1875/774/74
f 1853/752/74 1877/776/74 1876/775/74
f 1853/752/74 1878/777/74 1877/776/74
f 1853/752/74 1879/778/74 1878/777/74
f 1853/752/74 1880/779/74 1879/778/74
f 1853/752/74 1881/780/74 1880/779/74
f 1853/752/74 1882/781/74 1881/780/74
f 1853/752/74 1883/782/74 1882/781/74
f 1853/752/74 1855/754/74 1883/782/74
f 1884/783/1076 1885/784/1077 1886/785/1078
f 1884/783/1076 1886/785/1078 1887/786/1079
f 1884/783/1076 1887/786/1079 1888/787/1079
f 1884/783/1076 1888/787/1079 1889/788/681
f 1884/783/1076 1889/788/681 1890/789/1080
f 1884/783/1076 1890/789/1080 1891/790/1080
f 1884/783/1076 1891/790/1080 1892/791/1081
f 1884/783/1076 1892/791/1081 1893/792/1082
f 1884/783/1076 1893/792/1082 1894/793/1082
f 1884/783/1076 1894/793/1082 1895/794/687
f 1884/783/1076 1895/794/687 1896/795/1083
f 1884/783/1076 1896/795/1083 1897/796/1083
f 1884/783/1076 1897/796/1083 1898/797/1084
f 1884/783/1076 1898/797/1084 1899/798/1085
f 1884/783/1076 1899/798/1085 1900/799/692
f 1884/783/1076 1900/799/692 1901/800/1086
f 1884/783/1076 1901/800/1086 1902/801/1087
f 1884/783/1076 1902/801/1087 1903/802/1088
f 1884/783/1076 1903/802/1088 1904/803/1089
f 1884/783/1076 1904/803/1089 1905/804/1090
f 1884/783/1076 1905/804/1090 1906/805/1091
f 1884/783/1076 1906/805/1091 1907/806/1092
f 1884/783/1076 1907/806/1092 1908/807/1093
f 1884/783/1076 1908/807/1093 1909/808/1094
f 1884/783/1076 1909/808/1094 1910/809/1095
f 1884/783/1076 1910/809/1095 1911/810/1096
f 1884/783/1076 1911/810/1096 1912/811/1097
f 1884/783/1076 1912/811/1097 1913/812/1098
f 1884/783/1076 1913/812/1098 1914/813/704
f 1884/783/1076 1914/813/704 1885/784/1077
f 1885/814/407 1855/815/407 1854/816/407
f 1885/814/407 1854/816/407 1886/817/407
f 1886/814/409 1854/815/409 1856/816/409
f 1886/814/409 1856/816/409 1887/817/409
f 1887/814/410 1856/815/410 1857/816/410
f 1887/814/410 1857/816/410 1888/817/410
f 1888/814/411 1857/815/411 1858/816/411
f 1888/814/411 1858/816/411 1889/817/411
f 1889/814/412 1858/815/412 1859/816/412
f 1889/814/412 1859/816/412 1890/817/412
f 1890/814/413 1859/815/413 1860/816/413
f 1890/814/413 1860/816/413 1891/817/413
f 1891/814/414 1860/815/414 1861/816/414
f 1891/814/414 1861/816/414 1892/817/414
f 1892/814/415 1861/815/415 1862/816/415
f 1892/814/415 1862/816/415 1893/817/415
f 1893/814/416 1862/815/416 1863/816/416
f 1893/814/416 1863/816/416 1894/817/416
f 1894/814/417 1863/815/417 1864/816/417
f 1894/814/417 1864/816/417 1895/817/417
f 1895/814/418 1864/815/418 1865/816/418
f 1895/814/418 1865/816/418 1896/817/418
f 1896/814/419 1865/815/419 1866/816/419
f 1896/814/419 1866/816/419 1897/817/419
f 1897/814/1099 1866/815/1099 1867/816/1099
f 1897/814/1099 1867/816/1099 1898/817/1099
f 1898/814/422 1867/815/422 1868/816/422
f 1898/814/422 1868/816/422 1899/817/422
f 1899/814/423 1868/815/423 1915/816/423
f 1899/814/423 1915/816/423 1900/817/423
f 1900/814/424 1915/815/424 1916/816/424
f 1900/814/424 1916/816/424 1901/817/424
f 1901/814/1100 1916/815/1100 1917/816/1100
f 1901/814/1100 1917/816/1100 1902/817/1100
f 1902/814/426 1917/815/426 1918/816/426
f 1902/814/426 1918/816/426 1903/817/426
f 1903/814/427 1918/815/427 1919/816/427
f 1903/814/427 1919/816/427 1904/817/427
f 1904/814/428 1919/815/428 1920/816/428
f 1904/814/428 1920/816/428 1905/817/428
f 1905/814/429 1920/815/429 1921/816/429
f 1905/814/429 1921/816/429 1906/817/429
f 1906/814/430 1921/815/430 1922/816/430
f 1906/814/430 1922/816/430 1907/817/430
f 1907/814/431 1922/815/431 1923/816/431
f 1907/814/431 1923/816/431 1908/817/431
f 1908/814/432 1923/815/432 1924/816/432
f 1908/814/432 1924/816/432 1909/817/432
f 1909/814/433 1924/815/433 1925/816/433
f 1909/814/433 1925/816/433 1910/817/433
f 1910/814/434 1925/815/434 1926/816/434
f 1910/814/434 1926/816/434 1911/817/434
f 1911/814/435 1926/815/435 1927/816/435
f 1911/814/435 1927/816/435 1912/817/435
f 1912/814/436 1927/815/436 1928/816/436
f 1912/814/436 1928/816/436 1913/817/436
f 1913/814/437 1928/815/437 1929/816/437
f 1913/814/437 1929/816/437 1914/817/437
f 1914/814/406 1929/815/406 1855/816/406
f 1914/814/406 1855/816/406 1885/817/406
f 1930/818/574 1931/819/575 1932/820/576
f 1930/818/574 1932/820/576 1933/821/576
f 1933/821/576 1932/820/576 1934/822/577
f 1933/821/576 1934/822/577 1935/823/577
f 1935/823/577 1934/822/577 1936/824/578
f 1935/823/577 1936/824/578 1937/825/578
f 1937/825/578 1936/824/578 1938/826/579
f 1937/825/578 1938/826/579 1939/827/579
f 1939/827/579 1938/826/579 1940/828/580
f 1939/827/579 1940/828/580 1941/829/580
f 1941/829/580 1940/828/580 1942/826/581
f 1941/829/580 1942/826/581 1943/827/581
f 1943/827/581 1942/826/581 1944/824/582
f 1943/827/581 1944/824/582 1945/825/582
f 1945/825/582 1944/824/582 1946/822/583
f 1945/825/582 1946/822/583 1947/823/583
f 1947/823/583 1946/822/583 1948/820/584
f 1947/823/583 1948/820/584 1949/821/585
f 1949/821/585 1948/820/584 1950/830/586
f 1949/821/585 1950/830/586 1951/831/587
f 1951/831/587 1950/830/586 1952/832/588
f 1951/831/587 1952/832/588 1953/833/588
f 1953/833/588 1952/832/588 1954/834/589
f 1953/833/588 1954/834/589 1955/835/589
f 1955/835/589 1954/834/589 1956/836/590
f 1955/835/589 1956/836/590 1957/837/590
f 1957/837/590 1956/836/590 1958/838/591
f 1957/837/590 1958/838/591 1959/839/591
f 1959/839/591 1958/838/591 1960/840/592
f 1959/839/591 1960/840/592 1961/841/592
f 1961/841/592 1960/840/592 1962/838/593
f 1961/841/592 1962/838/593 1963/839/593
f 1963/839/593 1962/838/593 1964/836/594
f 1963/839/593 1964/836/594 1965/837/594
f 1965/837/594 1964/836/594 1966/834/595
f 1965/837/594 1966/834/595 1967/835/595
f 1967/835/595 1966/834/595 1968/832/596
f 1967/835/595 1968/832/596 1969/833/597
f 1969/833/597 1968/832/596 1931/819/575
f 1969/833/597 1931/819/575 1930/818/574
f 1970/819/1101 1932/820/74 1931/819/1102
f 1970/819/1101 1934/822/74 1932/820/74
f 1970/819/1101 1936/824/74 1934/822/74
f 1970/819/1101 1938/826/74 1936/824/74
f 1970/819/1101 1940/828/74 1938/826/74
f 1970/819/1101 1942/826/74 1940/828/74
f 1970/819/1101 1944/824/74 1942/826/74
f 1970/819/1101 1946/822/74 1944/824/74
f 1970/819/1101 1948/820/1103 1946/822/74
f 1970/819/1101 1950/830/1104 1948/820/1103
f 1970/819/1101 1952/832/1105 1950/830/1104
f 1970/819/1101 1954/834/1106 1952/832/1105
f 1970/819/1101 1956/836/1107 1954/834/1106
f 1970/819/1101 1958/838/600 1956/836/1107
f 1970/819/1101 1960/840/599 1958/838/600
f 1970/819/1101 1962/838/1108 1960/840/599
f 1970/819/1101 1964/836/1109 1962/838/1108
f 1970/819/1101 1966/834/1110 1964/836/1109
f 1970/819/1101 1968/832/1111 1966/834/1110
f 1970/819/1101 1931/819/1102 1968/832/1111
f 1971/842/684 1972/843/685 1973/844/139
f 1971/842/684 1973/844/139 1974/845/139
f 1971/842/684 1974/845/139 1975/846/139
f 1971/842/684 1975/846/139 1976/847/139
f 1971/842/684 1976/847/139 1977/848/139
f 1971/842/684 1977/848/139 1978/849/139
f 1971/842/684 1978/849/139 1979/850/139
f 1971/842/684 1979/850/139 1980/851/139
f 1971/842/684 1980/851/139 1981/852/683
f 1971/842/684 1981/852/683 1982/853/1112
f 1971/842/684 1982/853/1112 1983/854/1113
f 1971/842/684 1983/854/1113 1984/855/1114
f 1971/842/684 1984/855/1114 1985/856/1115
f 1971/842/684 1985/856/1115 1986/857/613
f 1971/842/684 1986/857/613 1987/858/612
f 1971/842/684 1987/858/612 1988/859/1116
f 1971/842/684 1988/859/1116 1989/860/1117
f 1971/842/684 1989/860/1117 1990/861/1118
f 1971/842/684 1990/861/1118 1991/862/1119
f 1971/842/684 1991/862/1119 1972/843/685
f 1972/843/1120 1992/863/1121 1993/864/625
f 1972/843/1120 1993/864/625 1973/844/626
f 1973/844/626 1993/864/625 1994/865/627
f 1973/844/626 1994/865/627 1974/845/628
f 1974/845/628 1994/865/627 1995/866/629
f 1974/845/628 1995/866/629 1975/846/629
f 1975/846/629 1995/866/629 1996/867/630
f 1975/846/629 1996/867/630 1976/847/631
f 1976/847/631 1996/867/630 1997/868/632
f 1976/847/631 1997/868/632 1977/848/633
f 1977/848/633 1997/868/632 1998/869/634
f 1977/848/633 1998/869/634 1978/849/634
f 1978/849/634 1998/869/634 1999/870/635
f 1978/849/634 1999/870/635 1979/850/636
f 1979/850/636 1999/870/635 2000/871/637
f 1979/850/636 2000/871/637 1980/851/638
f 1980/851/638 2000/871/637 2001/872/1122
f 1980/851/638 2001/872/1122 1981/852/1122
f 1981/852/1122 2001/872/1122 2002/873/1123
f 1981/852/1122 2002/873/1123 1982/853/1124
f 1982/853/1124 2002/873/1123 2003/874/643
f 1982/853/1124 2003/874/643 1983/854/644
f 1983/854/644 2003/874/643 2004/875/645
f 1983/854/644 2004/875/645 1984/855/646
f 1984/855/646 2004/875/645 2005/876/1125
f 1984/855/646 2005/876/1125 1985/856/647
f 1985/856/647 2005/876/1125 2006/877/648
f 1985/856/647 2006/877/648 1986/857/648
f 1986/857/648 2006/877/648 2007/878/649
f 1986/857/648 2007/878/649 1987/858/650
f 1987/858/650 2007/878/649 2008/879/651
f 1987/858/650 2008/879/651 1988/859/652
f 1988/859/652 2008/879/651 2009/880/653
f 1988/859/652 2009/880/653 1989/860/654
f 1989/860/654 2009/880/653 2010/881/655
f 1989/860/654 2010/881/655 1990/861/655
f 1990/861/655 2010/881/655 2011/882/1126
f 1990/861/655 2011/882/1126 1991/862/1126
f 1991/862/1126 2011/882/1126 1992/863/1121
f 1991/862/1126 1992/863/1121 1972/843/1120
f 2012/842/1101 1993/864/74 1992/863/1102
f 2012/842/1101 1994/865/74 1993/864/74
f 2012/842/1101 1995/866/74 1994/865/74
f 2012/842/1101 1996/867/74 1995/866/74
f 2012/842/1101 1997/868/74 1996/867/74
f 2012/842/1101 1998/869/74 1997/868/74
f 2012/842/1101 1999/870/74 1998/869/74
f 2012/842/1101 2000/871/74 1999/870/74
f 2012/842/1101 2001/872/1103 2000/871/74
f 2012/842/1101 2002/873/1127 2001/872/1103
f 2012/842/1101 2003/874/1128 2002/873/1127
f 2012/842/1101 2004/875/1129 2003/874/1128
f 2012/842/1101 2005/876/1130 2004/875/1129
f 2012/842/1101 2006/877/660 2005/876/1130
f 2012/842/1101 2007/878/659 2006/877/660
f 2012/842/1101 2008/879/1131 2007/878/659
f 2012/842/1101 2009/880/1132 2008/879/1131
f 2012/842/1101 2010/881/1133 2009/880/1132
f 2012/842/1101 2011/882/1134 2010/881/1133
f 2012/842/1101 1992/863/1102 2011/882/1134
f 2013/883/2 2014/884/2 2015/884/2
f 2015/884/2 2016/883/2 2013/883/2
f 2017/885/1 2018/885/1 2019/886/1
f 2019/886/1 2020/886/1 2017/885/1
f 2013/887/671 2016/887/671 2018/888/671
f 2018/888/671 2017/888/671 2013/887/671
f 2016/883/672 2015/884/672 2019/886/672
f 2019/886/672 2018/885/672 2016/883/672
f 2014/884/673 2013/883/673 2017/885/673
f 2017/885/673 2020/886/673 2014/884/673
f 2021/883/2 2022/884/2 2023/884/2
f 2022/884/2 2021/883/2 2024/883/2
f 2025/885/1 2026/886/1 2027/885/1
f 2026/886/1 2025/885/1 2028/886/1
f 2021/887/674 2027/888/674 2024/887/674
f 2027/888/674 2021/887/674 2025/888/674
f 2024/883/675 2026/886/675 2022/884/675
f 2026/886/675 2024/883/675 2027/885/675
f 2023/884/676 2025/885/676 2021/883/676
f 2025/885/676 2023/884/676 2028/886/676
f 2029/883/2 2030/884/2 2031/884/2
f 2031/884/2 2032/883/2 2029/883/2
f 2033/885/1 2034/885/1 2035/886/1
f 2035/886/1 2036/886/1 2033/885/1
f 2029/887/671 2032/887/671 2034/888/671
f 2034/888/671 2033/888/671 2029/887/671
f 2032/883/672 2031/884/672 2035/886/672
f 2035/886/672 2034/885/672 2032/883/672
f 2030/884/673 2029/883/673 2033/885/673
f 2033/885/673 2036/886/673 2030/884/673
f 2037/883/2 2038/884/2 2039/884/2
f 2038/884/2 2037/883/2 2040/883/2
f 2041/885/1 2042/886/1 2043/885/1
f 2042/886/1 2041/885/1 2044/886/1
f 2037/887/674 2043/888/674 2040/887/674
f 2043/888/674 2037/887/674 2041/888/674
f 2040/883/675 2042/886/675 2038/884/675
f 2042/886/675 2040/883/675 2043/885/675
f 2039/884/676 2041/885/676 2037/883/676
f 2041/885/676 2039/884/676 2044/886/676
f 2045/889/2 2046/890/2 2047/891/2
f 2046/890/2 2045/889/2 2048/892/2
f 2049/889/1 2050/890/1 2051/891/1
f 2050/890/1 2049/889/1 2052/892/1
f 2045/565/1135 2051/567/1135 2048/568/1136
f 2051/567/1135 2045/565/1135 2049/893/1137
f 2048/889/406 2050/890/406 2046/891/406
f 2050/890/406 2048/889/406 2051/892/406
f 2046/565/139 2052/567/139 2047/568/139
f 2052/567/139 2046/565/139 2050/893/139
f 2047/889/423 2049/890/423 2045/891/423
f 2049/890/423 2047/889/423 2052/892/423
f 2053/565/2 2054/567/2 2055/568/2
f 2054/567/2 2053/565/2 2056/893/2
f 2057/565/1 2058/567/1 2059/568/1
f 2058/567/1 2057/565/1 2060/893/1
f 2053/565/74 2059/567/74 2056/568/74
f 2059/567/74 2053/565/74 2057/893/74
f 2056/894/406 2058/895/406 2054/896/406
f 2058/895/406 2056/894/406 2059/897/406
f 2054/565/139 2060/567/139 2055/568/139
f 2060/567/139 2054/565/139 2058/893/139
f 2055/894/423 2057/895/423 2053/896/423
f 2057/895/423 2055/894/423 2060/897/423
f 2061/898/2 2062/899/2 2063/900/2
f 2062/899/2 2061/898/2 2064/901/2
f 2065/902/74 2062/903/74 2066/904/74
f 2062/903/74 2065/902/74 2063/905/74
f 2067/906/406 2063/907/406 2065/908/406
f 2063/907/406 2067/906/406 2061/909/406
f 2068/910/139 2061/911/139 2067/912/139
f 2061/911/139 2068/910/139 2064/913/139
f 2066/902/423 2064/903/423 2068/904/423
f 2064/903/423 2066/902/423 2062/905/423
f 2069/914/2 2070/915/2 2071/916/2
f 2070/915/2 2069/914/2 2072/917/2
f 2073/918/74 2070/919/74 2074/920/74
f 2070/919/74 2073/918/74 2071/921/74
f 2075/918/406 2071/919/406 2073/920/406
f 2071/919/406 2075/918/406 2069/921/406
f 2076/922/139 2069/923/139 2075/924/139
f 2069/923/139 2076/922/139 2072/925/139
f 2074/926/423 2072/927/423 2076/928/423
f 2072/927/423 2074/926/423 2070/929/423
f 2077/930/1 2078/931/1 2079/932/1
f 2078/931/1 2077/930/1 2080/933/1
f 2081/934/2 2082/935/2 2083/936/2
f 2082/935/2 2081/934/2 2084/937/2
f 2080/934/712 2082/935/712 2078/936/712
f 2082/935/712 2080/934/712 2083/937/712
f 2078/934/74 2084/935/74 2079/936/74
f 2084/935/74 2078/934/74 2082/937/74
f 2079/934/713 2081/935/713 2077/936/713
f 2081/935/713 2079/934/713 2084/937/713
f 2085/934/2 2086/935/2 2087/936/2
f 2086/935/2 2085/934/2 2088/937/2
f 2089/930/1 2080/931/1 2090/932/1
f 2080/931/1 2089/930/1 2091/933/1
f 2091/934/74 2086/935/74 2080/936/74
f 2086/935/74 2091/934/74 2087/937/74
f 2089/938/406 2087/939/406 2091/940/406
f 2087/939/406 2089/938/406 2085/941/406
f 2090/930/139 2085/931/139 2089/932/139
f 2085/931/139 2090/930/139 2088/933/139
f 2080/930/423 2088/931/423 2090/932/423
f 2088/931/423 2080/930/423 2086/933/423
f 2092/934/2 2093/935/2 2094/936/2
f 2093/935/2 2092/934/2 2095/937/2
f 2096/930/1 2097/931/1 2098/932/1
f 2097/931/1 2096/930/1 2077/933/1
f 2077/934/74 2093/935/74 2097/936/74
f 2093/935/74 2077/934/74 2094/937/74
f 2096/930/406 2094/931/406 2077/932/406
f 2094/931/406 2096/930/406 2092/933/406
f 2098/930/139 2092/931/139 2096/932/139
f 2092/931/139 2098/930/139 2095/933/139
f 2097/942/423 2095/943/423 2098/944/423
f 2095/943/423 2097/942/423 2093/945/423
f 2099/930/2 2081/931/2 2083/932/2
f 2081/931/2 2099/930/2 2100/933/2
f 2090/930/1 2077/931/1 2096/932/1
f 2077/931/1 2090/930/1 2080/933/1
f 2090/930/406 2083/931/406 2080/932/406
f 2083/931/406 2090/930/406 2099/933/406
f 2096/930/139 2099/931/139 2090/932/139
f 2099/931/139 2096/930/139 2100/933/139
f 2077/930/423 2100/931/423 2096/932/423
f 2100/931/423 2077/930/423 2081/933/423
f 2101/946/2 2102/947/2 2103/948/2
f 2102/947/2 2101/946/2 2104/949/2
f 2105/946/1 2106/947/1 2107/949/1
f 2106/947/1 2105/946/1 2108/948/1
f 2108/948/74 2102/947/74 2106/947/74
f 2102/947/74 2108/948/74 2103/948/74
f 2105/946/406 2103/948/406 2108/948/406
f 2103/948/406 2105/946/406 2101/946/406
f 2107/949/139 2101/946/139 2105/946/139
f 2101/946/139 2107/949/139 2104/949/139
f 2106/947/423 2104/949/423 2107/949/423
f 2104/949/423 2106/947/423 2102/947/423
f 2109/950/714 2110/951/715 2111/952/716
f 2111/952/716 2112/953/717 2109/950/714
f 2112/950/718 2111/951/719 2113/952/720
f 2113/952/720 2114/953/721 2112/950/718
f 2114/950/722 2113/951/723 2115/952/724
f 2115/952/724 2116/953/725 2114/950/722
f 2116/950/726 2115/951/727 2110/952/728
f 2110/952/728 2109/953/729 2116/950/726
f 2117/950/730 2118/951/731 2119/952/732
f 2119/952/732 2120/953/1138 2117/950/730
f 2118/950/734 2121/951/1139 2122/952/736
f 2122/952/736 2119/953/737 2118/950/734
f 2121/950/738 2123/951/739 2124/952/740
f 2124/952/740 2122/953/741 2121/950/738
f 2123/950/742 2125/951/743 2126/952/744
f 2126/952/744 2124/953/745 2123/950/742
f 2125/950/746 2127/951/747 2128/952/748
f 2128/952/748 2126/953/749 2125/950/746
f 2127/950/1140 2129/951/751 2130/952/752
f 2130/952/752 2128/953/1141 2127/950/1140
f 2120/950/754 2119/951/754 2131/952/754
f 2131/952/754 2132/953/1142 2120/950/754
f 2119/950/755 2122/951/755 2133/952/755
f 2133/952/755 2131/953/755 2119/950/755
f 2122/950/1143 2124/951/1143 2134/952/1143
f 2134/952/1143 2133/953/757 2122/950/1143
f 2124/950/1144 2126/951/1145 2135/952/1145
f 2135/952/1145 2134/953/1146 2124/950/1144
f 2126/950/1147 2128/951/1147 2136/952/1147
f 2136/952/1147 2135/953/1147 2126/950/1147
f 2128/950/761 2130/951/761 2137/952/761
f 2137/952/761 2136/953/1148 2128/950/761
f 2132/950/762 2131/951/1149 2138/952/764
f 2138/952/764 2139/953/765 2132/950/762
f 2131/950/766 2133/951/767 2140/952/768
f 2140/952/768 2138/953/769 2131/950/766
f 2133/950/770 2134/951/771 2141/952/1150
f 2141/952/1150 2140/953/773 2133/950/770
f 2134/950/774 2135/951/1151 2142/952/776
f 2142/952/776 2141/953/777 2134/950/774
f 2135/950/778 2136/951/779 2143/952/780
f 2143/952/780 2142/953/781 2135/950/778
f 2136/950/1152 2137/951/783 2144/952/784
f 2144/952/784 2143/953/785 2136/950/1152
f 2139/950/786 2138/951/1153 2118/952/786
f 2118/952/786 2117/953/786 2139/950/786
f 2138/950/787 2140/951/788 2121/952/787
f 2121/952/787 2118/953/787 2138/950/787
f 2140/950/790 2141/951/790 2123/952/790
f 2123/952/790 2121/953/790 2140/950/790
f 2141/950/791 2142/951/1154 2125/952/791
f 2125/952/791 2123/953/791 2141/950/791
f 2142/950/792 2143/951/794 2127/952/792
f 2127/952/792 2125/953/792 2142/950/792
f 2143/950/1155 2144/951/1155 2129/952/1155
f 2129/952/1155 2127/953/1155 2143/950/1155
f 2145/950/797 2146/951/798 2147/952/1156
f 2147/952/1156 2148/953/800 2145/950/797
f 2146/950/801 2149/951/802 2150/952/803
f 2150/952/803 2147/953/1157 2146/950/801
f 2149/950/805 2151/951/806 2152/952/807
f 2152/952/807 2150/953/808 2149/950/805
f 2148/950/809 2147/951/810 2153/952/1158
f 2153/952/1158 2154/953/812 2148/950/809
f 2147/950/813 2150/951/814 2155/952/815
f 2155/952/815 2153/953/1159 2147/950/813
f 2150/950/1160 2152/951/1161 2156/952/819
f 2156/952/819 2155/953/1162 2150/950/1160
f 2154/950/821 2153/951/822 2157/952/823
f 2157/952/823 2158/953/824 2154/950/821
f 2153/950/825 2155/951/1163 2159/952/1164
f 2159/952/1164 2157/953/828 2153/950/825
f 2155/950/1165 2156/951/830 2160/952/831
f 2160/952/831 2159/953/832 2155/950/1165
f 2158/950/833 2157/951/834 2146/952/835
f 2146/952/835 2145/953/836 2158/950/833
f 2157/950/837 2159/951/1166 2149/952/839
f 2149/952/839 2146/953/840 2157/950/837
f 2159/950/1167 2160/951/1168 2151/952/1169
f 2151/952/1169 2149/953/844 2159/950/1167
f 2161/954/1 2162/955/1 2163/956/1
f 2163/956/1 2164/957/1 2161/954/1
f 2162/954/139 2165/955/139 2166/956/139
f 2166/956/139 2163/957/139 2162/954/139
f 2163/954/406 2166/955/406 2167/956/406
f 2167/956/406 2164/957/406 2163/954/406
f 2164/954/74 2167/955/74 2168/956/74
f 2168/956/74 2161/957/74 2164/954/74
f 2169/954/1 2170/955/1 2171/956/1
f 2171/956/1 2172/957/1 2169/954/1
f 2173/954/2 2174/955/2 2175/956/2
f 2175/956/2 2176/957/2 2173/954/2
f 2169/954/139 2173/955/139 2176/956/139
f 2176/956/139 2170/957/139 2169/954/139
f 2170/954/406 2176/955/406 2175/956/406
f 2175/956/406 2171/957/406 2170/954/406
f 2172/954/423 2174/955/423 2173/956/423
f 2173/956/423 2169/957/423 2172/954/423
