# generated by tools/objdedupe/dedupe.py -- do not hand-edit.
# Re-run the tool after touching sssr_2svet_nove.obj, sssr_3svet_nove.obj, sssr_4svet_nove.obj, sssr_5svet_nove.obj, sssr_2se_nove.obj, sssr_3ab_nove.obj, sssr_4ab_nove.obj, sssr_pr_nove.obj, sssr_vl_nove.obj.
o stit_2l
v -0.002647 2.690031 0.074214
vt 0.559464 0.118981
vn -0.007700 -0.116700 -0.993100
v -0.011525 2.688560 0.074450
vt 0.548140 0.118981
vn -0.007100 -0.116500 -0.993200
v -0.062140 2.867327 0.053849
vt 0.548140 0.107657
vn -0.025400 -0.122500 -0.992100
v -0.053068 2.867296 0.053614
vt 0.559464 0.107657
vn -0.026100 -0.122700 -0.992100
v -0.001777 2.689905 0.083833
vn 0.961000 0.263800 -0.082700
vn 0.961000 0.263600 -0.083500
vn 0.961600 0.267600 -0.061400
v -0.052830 2.868480 0.062608
vn 0.961600 0.267700 -0.060700
v -0.010670 2.688477 0.084068
vn 0.007500 0.120100 0.992700
vn 0.007000 0.120000 0.992800
vn 0.025700 0.124300 0.991900
v -0.061902 2.868511 0.062844
vn 0.026200 0.124400 0.991900
vn -0.961100 -0.263700 0.082500
vn -0.961000 -0.263700 0.083200
vn -0.962200 -0.265400 0.061100
vn -0.962200 -0.265500 0.060400
v -0.068189 2.883213 0.050337
vn -0.002400 -0.200400 -0.979700
v -0.059497 2.885774 0.049847
vn 0.002500 -0.196200 -0.980600
v -0.053027 2.865947 0.053831
vn -0.011100 -0.207600 -0.978100
v -0.062101 2.865967 0.053988
vn -0.017400 -0.212900 -0.976900
v -0.077497 2.905590 0.047138
vn -0.009700 -0.144100 -0.989500
v -0.069916 2.910517 0.046355
vn -0.009000 -0.143400 -0.989600
vn -0.011700 -0.145900 -0.989200
vn -0.012600 -0.146600 -0.989100
v -0.089648 2.924075 0.044658
vn -0.009600 -0.137900 -0.990400
v -0.083816 2.930954 0.043650
vn -0.009200 -0.137300 -0.990500
vn -0.010700 -0.139500 -0.990200
vn -0.011200 -0.140200 -0.990100
v -0.107798 2.939734 0.043107
vn -0.024100 -0.127100 -0.991600
v -0.104204 2.947988 0.041958
vn -0.024200 -0.127500 -0.991500
vn -0.023600 -0.125900 -0.991800
vn -0.023500 -0.125400 -0.991800
v -0.125442 2.943684 0.042615
vn -0.003700 -0.133300 -0.991100
v -0.124389 2.952618 0.041420
vn -0.003900 -0.132100 -0.991200
vn -0.003200 -0.135200 -0.990800
vn -0.003000 -0.136600 -0.990600
v -0.137338 2.943982 0.043223
vn -0.049600 -0.132300 -0.990000
v -0.138913 2.952846 0.042084
vn -0.047400 -0.135600 -0.989600
vn -0.051100 -0.130100 -0.990200
vn -0.053800 -0.126200 -0.990600
v -0.068031 2.884398 0.059333
vn -0.945200 -0.321200 0.058900
v -0.061943 2.867152 0.062984
v -0.077339 2.906774 0.056133
vn -0.924600 -0.375200 0.065600
vn -0.924600 -0.375200 0.065700
v -0.089489 2.925258 0.053654
vn -0.837800 -0.539200 0.085700
v -0.107640 2.940918 0.052103
vn -0.654700 -0.747900 0.109900
v -0.125284 2.944868 0.051611
vn -0.220100 -0.966600 0.131100
v -0.137179 2.945166 0.052219
vn -0.018100 -0.991200 0.130800
vn -0.018200 -0.991200 0.130800
v -0.059338 2.886958 0.058843
vn 0.001000 0.204500 0.978900
vn -0.005300 0.205300 0.978700
vn 0.012000 0.203100 0.979100
v -0.052869 2.867131 0.062826
vn 0.017500 0.202400 0.979100
v -0.069758 2.911700 0.055351
vn 0.009200 0.144900 0.989400
vn 0.008000 0.144800 0.989400
vn 0.012000 0.145100 0.989300
vn 0.013000 0.145100 0.989300
v -0.083657 2.932138 0.052646
vn 0.009100 0.138400 0.990300
vn 0.008200 0.138200 0.990400
vn 0.011000 0.138900 0.990200
vn 0.011800 0.139100 0.990200
v -0.104046 2.949172 0.050953
vn 0.024500 0.126900 0.991600
vn 0.025100 0.127200 0.991600
vn 0.023300 0.126200 0.991700
vn 0.022900 0.125900 0.991800
v -0.124230 2.953803 0.050417
vn 0.002800 0.133300 0.991100
vn 0.002000 0.132200 0.991200
vn 0.004100 0.135000 0.990800
vn 0.004900 0.135900 0.990700
v -0.138755 2.954031 0.051080
vn 0.051100 0.132500 0.989900
vn 0.054000 0.136700 0.989100
vn 0.049600 0.130200 0.990200
vn 0.047200 0.126800 0.990800
vn 0.952400 0.299500 -0.056200
vn 0.922900 0.379300 -0.066100
vn 0.922900 0.379300 -0.066200
vn 0.829100 0.552300 -0.087300
vn 0.829100 0.552300 -0.087200
vn 0.642600 0.758100 -0.111100
vn 0.225000 0.965500 -0.131100
vn 0.225000 0.965500 -0.131200
vn 0.225000 0.965500 -0.131000
vn 0.009600 0.991400 -0.130800
vn 0.009900 0.991400 -0.130700
v -0.008000 2.672731 0.070965
vn -0.967900 -0.236900 0.083600
v -0.006853 2.671231 0.079842
vn -0.967600 -0.237900 0.084800
v -0.010733 2.688489 0.083990
vn -0.968300 -0.235800 0.082100
v -0.011556 2.688593 0.074411
vn -0.968700 -0.234700 0.080700
v -0.005501 2.659862 0.059911
vn -0.974800 -0.215700 0.056900
v -0.004126 2.655061 0.067488
vn -0.978000 -0.202500 0.049200
vn -0.969000 -0.237100 0.069500
vn -0.963100 -0.256700 0.081100
v -0.004268 2.654479 0.046356
vn -0.983200 -0.181900 0.011600
v -0.002780 2.645589 0.047413
vn -0.986400 -0.163800 0.011100
vn -0.975800 -0.218300 0.012600
vn -0.966700 -0.255500 0.013500
v 0.000951 2.673878 0.070003
vn -0.114600 0.194400 -0.974200
vn -0.128200 0.183000 -0.974700
vn -0.099500 0.207000 -0.973300
v -0.002605 2.690013 0.073936
vn -0.086200 0.218000 -0.972100
v 0.003449 2.661104 0.059073
vn -0.159500 0.624700 -0.764400
vn -0.158300 0.625500 -0.764000
vn -0.160900 0.623800 -0.764800
vn -0.162100 0.623000 -0.765200
v 0.004682 2.655977 0.046356
vn -0.156100 0.912200 -0.378700
vn -0.152900 0.913600 -0.376700
vn -0.158600 0.911200 -0.380300
vn -0.162000 0.909700 -0.382400
v 0.002098 2.672378 0.078879
vn 0.968400 0.234700 -0.084000
vn 0.968400 0.234300 -0.085600
vn 0.968500 0.235300 -0.082000
v -0.001782 2.689910 0.083515
vn 0.968500 0.235700 -0.080700
v 0.004825 2.656303 0.066650
vn 0.973200 0.224200 -0.050600
vn 0.974400 0.221700 -0.036500
vn 0.970800 0.228100 -0.074000
vn 0.969300 0.230100 -0.086400
v 0.006170 2.647087 0.047413
vn 0.982400 0.186700 0.004800
vn 0.985400 0.168200 0.027700
vn 0.977700 0.208600 -0.022600
vn 0.974700 0.220300 -0.037400
vn 0.119500 -0.222700 0.967500
vn 0.132800 -0.225800 0.965100
vn 0.099300 -0.217900 0.970900
vn 0.085700 -0.214600 0.972900
vn 0.156700 -0.581500 0.798300
vn 0.155400 -0.581300 0.798700
vn 0.159100 -0.581800 0.797600
vn 0.160400 -0.582000 0.797200
vn 0.152400 -0.887800 0.434200
vn 0.148600 -0.887800 0.435700
vn 0.159900 -0.887900 0.431300
vn 0.163400 -0.888000 0.429900
v -0.132248 2.934001 0.062351
vt 0.499481 0.293242
vn -0.000000 -1.000000 -0.000000
v -0.156448 2.934001 0.062351
vt 0.487208 0.294389
v -0.156448 2.934001 0.038151
vt 0.485900 0.283321
v -0.132248 2.934001 0.038151
vt 0.498173 0.282174
v -0.132248 2.964252 0.062351
vn -0.000000 -0.000000 1.000000
v -0.156448 2.964252 0.062351
v -0.132248 2.964252 0.038151
vn 1.000000 -0.000000 -0.000000
v -0.156448 2.964252 0.038151
vn -0.000000 -0.000000 -1.000000
v 0.011257 2.635692 0.013339
v 0.011257 2.635692 0.049639
v -0.012943 2.635692 0.049639
v -0.012943 2.635692 0.013339
v 0.011257 2.671992 0.013339
vn -0.000000 1.000000 -0.000000
v -0.012943 2.671992 0.013339
v -0.012943 2.671992 0.049639
v 0.011257 2.671992 0.049639
vn -1.000000 -0.000000 -0.000000
v -0.223000 2.737323 0.044360
vt 0.146287 0.780819
v -0.239284 2.737323 0.033638
vt 0.153073 0.792791
v -0.241709 2.737323 0.005914
vt 0.152634 0.810295
v -0.227534 2.737323 -0.007473
vt 0.146332 0.826199
v -0.044536 2.737323 0.042108
vt 0.156194 0.778668
v -0.051391 2.737323 -0.036243
vt 0.155126 0.825022
v -0.223000 2.767573 0.044360
vt 0.133714 0.701063
v -0.227534 2.767573 -0.007473
vt 0.127099 0.701063
v -0.241709 2.767573 0.005914
vt 0.128637 0.703007
v -0.239284 2.767573 0.033638
vt 0.132176 0.703007
v -0.044536 2.767573 0.042108
vt 0.135406 0.677035
v -0.051391 2.767573 -0.036243
vt 0.125406 0.677035
vt 0.139037 0.776600
vn -0.996200 -0.000000 0.087100
vt 0.141921 0.803691
vt 0.133180 0.803357
vt 0.130929 0.776888
vt 0.138412 0.793366
vn -0.281000 -0.000000 0.959700
vt 0.135573 0.775346
vn -0.549900 -0.000000 0.835200
vt 0.130231 0.775421
vt 0.131997 0.792592
vt 0.140516 0.882582
vn 0.012600 -0.000000 0.999900
vt 0.131939 0.881663
vn -0.443400 -0.000000 -0.896300
vn -0.161200 -0.000000 -0.986900
vn -0.686600 -0.000000 -0.727000
v -0.004644 2.770598 -0.043370
vt 0.154396 0.252263
v -0.076968 2.770598 -0.037042
vt 0.126304 0.255463
v -0.078022 2.770598 -0.049096
vt 0.123104 0.227371
v -0.005699 2.770598 -0.055423
vt 0.151195 0.224171
v -0.004644 2.782698 -0.043370
vt 0.315618 0.675938
v -0.005699 2.782698 -0.055423
vt 0.273655 0.675938
v -0.078022 2.782698 -0.049096
vt 0.273655 0.633976
v -0.076968 2.782698 -0.037042
vt 0.315618 0.633976
vn 0.087100 -0.000000 0.996200
vn 0.996200 -0.000000 -0.087200
vt 0.138535 0.831338
vn -0.087100 -0.000000 -0.996200
vt 0.140354 0.872645
vt 0.132112 0.872491
vt 0.132709 0.831414
v 0.003793 2.770598 0.053062
v -0.068531 2.770598 0.059390
v -0.069586 2.770598 0.047336
v 0.002738 2.770598 0.041009
v 0.003793 2.782698 0.053062
v 0.002738 2.782698 0.041009
v -0.069586 2.782698 0.047336
v -0.068531 2.782698 0.059390
vn -0.996200 -0.000000 0.087200
vn 0.087200 -0.000000 0.996200
v -0.004644 2.722240 -0.043370
v -0.076968 2.722240 -0.037042
v -0.078022 2.722240 -0.049096
v -0.005699 2.722240 -0.055423
v -0.004644 2.734340 -0.043370
v -0.005699 2.734340 -0.055423
v -0.078022 2.734340 -0.049096
v -0.076968 2.734340 -0.037042
v 0.003793 2.722240 0.053062
v -0.068531 2.722240 0.059390
v -0.069586 2.722240 0.047336
v 0.002738 2.722240 0.041009
v 0.003793 2.734340 0.053062
v 0.002738 2.734340 0.041009
v -0.069586 2.734340 0.047336
v -0.068531 2.734340 0.059390
v -0.000953 2.722029 -0.001180
vt 0.136065 0.237682
v -0.005699 2.722029 -0.055423
vt 0.146376 0.224720
v 0.008502 2.722029 -0.054804
vt 0.149379 0.227830
v 0.022059 2.722029 -0.050529
vt 0.151475 0.231612
v 0.034047 2.722029 -0.042892
vt 0.152521 0.235807
v 0.043650 2.722029 -0.032412
vt 0.152446 0.240130
v 0.050213 2.722029 -0.019803
vt 0.151254 0.244286
v 0.053289 2.722029 -0.005927
vt 0.149027 0.247992
v 0.052670 2.722029 0.008274
vt 0.145917 0.250995
v 0.048396 2.722029 0.021830
vt 0.142135 0.253091
v 0.040758 2.722029 0.033819
vt 0.137940 0.254138
v 0.030278 2.722029 0.043423
vt 0.133617 0.254062
v 0.017670 2.722029 0.049986
vt 0.129461 0.252870
v 0.003793 2.722029 0.053062
vt 0.125755 0.250643
vn 0.216400 -0.000000 0.976300
v 0.017670 2.734129 0.049985
v 0.003793 2.734129 0.053062
vn 0.461700 -0.000000 0.887000
v 0.030278 2.734129 0.043423
vn 0.675600 -0.000000 0.737300
v 0.040758 2.734129 0.033819
vn 0.843400 -0.000000 0.537300
v 0.048396 2.734129 0.021830
vn 0.953700 -0.000000 0.300700
v 0.052670 2.734129 0.008274
vn 0.999100 -0.000000 0.043500
v 0.053289 2.734129 -0.005927
vn 0.976300 -0.000000 -0.216400
v 0.050213 2.734129 -0.019803
vn 0.887000 -0.000000 -0.461700
v 0.043650 2.734129 -0.032412
vn 0.737300 -0.000000 -0.675600
vn 0.737200 -0.000000 -0.675600
v 0.034047 2.734129 -0.042892
vn 0.537300 -0.000000 -0.843400
v 0.022059 2.734129 -0.050529
vn 0.300700 -0.000000 -0.953700
v 0.008502 2.734129 -0.054804
vn 0.043600 -0.000000 -0.999000
v -0.005699 2.734129 -0.055423
v -0.000953 2.734129 -0.001180
vt 0.291037 0.651357
vt 0.308419 0.633976
vt 0.312325 0.639066
vt 0.314781 0.644995
vt 0.315618 0.651357
vt 0.314781 0.657719
vt 0.312325 0.663648
vt 0.308419 0.668739
vt 0.303328 0.672645
vt 0.297399 0.675101
vt 0.291037 0.675938
vt 0.284675 0.675101
vt 0.278746 0.672645
vt 0.273655 0.668739
v -0.000953 2.770598 -0.001180
vt 0.287326 0.703923
vt 0.303271 0.687977
v 0.008502 2.770598 -0.054804
vt 0.306855 0.692648
v 0.022059 2.770598 -0.050529
vt 0.309107 0.698087
v 0.034047 2.770598 -0.042892
vt 0.309876 0.703923
v 0.043650 2.770598 -0.032412
vt 0.309107 0.709758
v 0.050213 2.770598 -0.019803
vt 0.306855 0.715198
v 0.053289 2.770598 -0.005927
vt 0.303271 0.719867
v 0.052670 2.770598 0.008274
vt 0.298601 0.723450
v 0.048396 2.770598 0.021830
vt 0.293162 0.725703
v 0.040758 2.770598 0.033819
vt 0.287326 0.726471
v 0.030278 2.770598 0.043423
vt 0.281490 0.725703
v 0.017670 2.770598 0.049985
vt 0.276051 0.723450
vt 0.271381 0.719867
v 0.017670 2.782698 0.049985
v 0.030278 2.782698 0.043423
v 0.040758 2.782698 0.033819
v 0.048396 2.782698 0.021830
v 0.052670 2.782698 0.008274
v 0.053289 2.782698 -0.005927
v 0.050213 2.782698 -0.019803
v 0.043650 2.782698 -0.032412
v 0.034047 2.782698 -0.042892
v 0.022059 2.782698 -0.050529
v 0.008502 2.782698 -0.054804
v -0.000953 2.782698 -0.001180
v -0.031239 2.715543 0.062201
vt 0.309876 0.726471
v -0.049320 2.715543 0.063782
vt 0.271381 0.726471
v -0.059866 2.715543 -0.056757
vt 0.271381 0.687977
v -0.041785 2.715543 -0.058339
vt 0.309876 0.687977
v -0.031239 2.788143 0.062201
v -0.041785 2.788143 -0.058339
v -0.059866 2.788143 -0.056757
v -0.049320 2.788143 0.063781
vt 0.152928 0.665676
vt 0.123131 0.665676
vt 0.123131 0.695475
vt 0.152928 0.695475
vn -0.087200 -0.000000 -0.996200
v -0.231867 3.238675 0.025094
vt 0.127302 0.288831
v -0.222827 3.238675 0.024303
vt 0.111903 0.285916
v -0.223884 3.238675 0.012250
vt 0.105878 0.282177
v -0.232925 3.238675 0.013040
vt 0.121277 0.285092
v -0.231867 3.196326 0.025094
v -0.232925 3.196326 0.013040
v -0.223884 3.196326 0.012250
v -0.222827 3.196326 0.024303
vt 0.140917 0.274533
vn 0.996200 -0.000000 -0.087400
vt 0.135946 0.274413
vt 0.135930 0.295416
vt 0.140901 0.295535
vn -0.996200 -0.000000 0.087400
vt 0.136088 0.274554
vt 0.140759 0.295395
vn -0.087000 -0.000000 -0.996200
v -0.004763 3.227338 -0.043360
vt 0.303715 0.825473
v -0.077087 3.227338 -0.037032
vt 0.290457 0.823680
v -0.078142 3.227338 -0.049086
vt 0.290457 0.820774
v -0.005818 3.227338 -0.055414
vt 0.303715 0.822568
v -0.004763 3.239438 -0.043360
vt 0.315884 0.829705
v -0.005818 3.239438 -0.055414
vt 0.291255 0.832672
v -0.078142 3.239438 -0.049086
vt 0.290514 0.830773
v -0.077087 3.239438 -0.037032
vt 0.315143 0.827806
vt 0.114559 0.338652
vt 0.114559 0.232541
vt 0.096874 0.338652
vt 0.311283 0.827435
vt 0.293418 0.829764
vt 0.292075 0.828375
vt 0.309940 0.826047
v -0.051207 3.268913 0.006252
vn -0.273400 0.961600 0.023900
v -0.051734 3.268913 0.000225
v -0.215580 3.221977 0.014560
vn -0.273400 0.961600 0.024000
v -0.215052 3.221977 0.020587
vt 0.172036 0.282221
vn 0.996200 -0.002800 -0.087100
vt 0.180878 0.282221
v -0.051338 3.222183 0.006263
vt 0.180878 0.282030
v -0.051865 3.222183 0.000236
vt 0.172036 0.282030
vt 0.324439 0.826844
vt 0.293441 0.834362
vt 0.292710 0.829586
vt 0.324483 0.826877
vt 0.292754 0.829619
vt 0.293485 0.834394
v -0.125226 3.216181 0.027911
vn 0.001100 -1.000000 0.000700
v -0.250579 3.216181 0.032805
vt 0.290445 0.822710
vn 0.000200 -1.000000 0.006100
v -0.252578 3.216033 0.008687
vn 0.000400 -1.000000 0.005000
v -0.128390 3.216181 -0.008251
vn 0.001200 -1.000000 -0.000100
v -0.044604 3.216181 0.042113
vt 0.290457 0.822116
v -0.051459 3.216181 -0.036238
v -0.125226 3.222231 0.027911
vn -0.001100 1.000000 -0.000700
v -0.128390 3.222231 -0.008251
vt 0.293428 0.834685
vn -0.001200 1.000000 0.000100
v -0.252578 3.222084 0.008687
vn -0.000400 1.000000 -0.005000
v -0.250579 3.222231 0.032805
vt 0.305479 0.827450
vn -0.000200 1.000000 -0.006100
v -0.044604 3.222231 0.042113
v -0.051459 3.222231 -0.036238
vt 0.300878 0.828474
vt 0.513690 0.291630
vn -0.996600 -0.000000 0.082600
vt 0.493116 0.296806
vn 0.039000 -0.000000 0.999200
vt 0.295299 0.829406
vt 0.308060 0.826405
vn -0.173500 -0.000000 0.984800
vt 0.118980 0.269754
vt 0.233934 0.269754
vt 0.307347 0.831430
vn -0.341900 -0.000000 -0.939700
vt 0.295942 0.832659
vt 0.296899 0.829861
vt 0.308303 0.828631
vn -0.135100 -0.000000 -0.990800
v -0.031248 3.199075 0.062200
v -0.049330 3.199075 0.063782
v -0.059875 3.199075 -0.056757
v -0.041794 3.199075 -0.058339
v -0.031248 3.271676 0.062200
v -0.041794 3.271676 -0.058339
v -0.059875 3.271676 -0.056757
v -0.049330 3.271676 0.063782
v 0.003673 3.227338 0.053072
v -0.068650 3.227338 0.059399
v -0.069705 3.227338 0.047345
v 0.002619 3.227338 0.041018
v 0.003673 3.239438 0.053072
v 0.002619 3.239438 0.041018
v -0.069705 3.239438 0.047345
v -0.068650 3.239438 0.059399
vt 0.238355 0.338652
vn 0.996200 -0.000000 -0.087100
vt 0.256040 0.338652
vt 0.238355 0.232541
v -0.001072 3.227338 -0.001171
vt 0.290742 0.813875
v 0.008383 3.227338 -0.054794
vt 0.304266 0.812145
v 0.021939 3.227338 -0.050520
vt 0.316848 0.811002
v 0.033928 3.227338 -0.042882
vt 0.327632 0.810525
v 0.043531 3.227338 -0.032402
vt 0.335882 0.810747
v 0.050094 3.227338 -0.019794
vt 0.341037 0.811652
v 0.053170 3.227338 -0.005917
vt 0.342745 0.813179
v 0.052551 3.227338 0.008284
vt 0.340889 0.815224
v 0.048276 3.227338 0.021841
vt 0.335597 0.817647
v 0.040639 3.227338 0.033829
vt 0.327228 0.820282
v 0.030159 3.227338 0.043432
vt 0.316354 0.822952
v 0.017551 3.227338 0.049995
vt 0.290172 0.827674
vt 0.176457 0.338652
v -0.001072 3.239438 -0.001171
vn 0.216500 -0.000000 0.976300
v 0.017551 3.239438 0.049995
v 0.030159 3.239438 0.043432
v 0.040639 3.239438 0.033829
v 0.048276 3.239438 0.021841
v 0.052551 3.239438 0.008284
v 0.053170 3.239438 -0.005917
v 0.050094 3.239438 -0.019794
v 0.043531 3.239438 -0.032402
v 0.033928 3.239438 -0.042882
v 0.021939 3.239438 -0.050520
v 0.008383 3.239438 -0.054794
vt 0.314897 0.831676
vt 0.312248 0.833586
vt 0.308118 0.835305
vt 0.302788 0.836714
vt 0.296622 0.837719
vt 0.290039 0.838250
vt 0.283489 0.838272
vt 0.277417 0.837782
vt 0.272239 0.836816
vt 0.268305 0.835437
vt 0.265884 0.833740
v -0.158497 3.067453 0.093100
vt 0.502384 0.133951
vn 0.954700 -0.279300 -0.102300
v -0.136678 3.035436 0.383695
vt 0.532923 0.128957
vn 0.977500 -0.192000 -0.087400
v -0.165174 3.051976 0.093100
vt 0.502318 0.130814
vn 0.915500 -0.386500 -0.111800
v -0.140783 3.016458 0.383480
vt 0.532865 0.125053
vn 0.971100 -0.221900 -0.087500
v -0.130053 3.034235 0.474445
vt 0.549507 0.128975
vn 0.959000 -0.275900 -0.065500
v -0.137507 3.016394 0.474230
vt 0.549396 0.125355
vn 0.926300 -0.372100 -0.059000
v -0.125347 3.037634 0.517213
vt 0.557338 0.129788
vn 0.984400 -0.145600 -0.098700
v -0.135887 3.016525 0.486601
vt 0.551667 0.125409
vn 0.947000 -0.297600 -0.120900
vt 0.463799 0.130435
vn -0.228100 -0.763000 0.604900
v -0.125927 3.037808 0.517213
vt 0.509118 0.118488
vn -0.229700 -0.762400 0.605000
vt 0.463553 0.120659
vn -0.396000 -0.688500 0.607500
v -0.136411 3.016828 0.486601
vt 0.508870 0.108712
vn -0.397700 -0.687600 0.607500
vn -0.931100 0.357200 0.074100
v -0.130633 3.034410 0.474445
vn -0.926400 0.365900 0.088900
vn -0.925600 0.367300 0.091300
v -0.138031 3.016697 0.474230
vn -0.917000 0.381600 0.116000
vn -0.920700 0.383600 0.072300
v -0.137258 3.035609 0.383695
vn -0.971700 0.232900 0.040400
vn -0.929900 0.361500 0.067600
v -0.141307 3.016761 0.383480
vn -0.977200 0.209500 0.035400
vn -0.973400 0.208000 0.096000
v -0.159077 3.067627 0.093100
vn -0.914500 0.385300 0.123500
vn -0.971700 0.215200 0.097200
v -0.165698 3.052278 0.093100
vn -0.911100 0.393000 0.124600
v -0.155570 3.084054 0.093100
vt 0.502389 0.137375
vn 0.995300 -0.051400 -0.082100
v -0.133197 3.055628 0.383695
vt 0.532927 0.133124
vn 0.994900 -0.063900 -0.077700
v -0.126638 3.053311 0.474445
vt 0.549514 0.132909
vn 0.997200 -0.047500 -0.058500
v -0.121946 3.055775 0.533329
vt 0.560273 0.133592
vn 0.968400 0.232200 -0.091300
vn -0.037900 -0.659600 0.750600
v -0.122550 3.055810 0.533329
vn -0.040000 -0.659300 0.750800
vn -0.188000 -0.635200 0.749100
vn -0.190500 -0.634700 0.748900
vn -0.990100 0.119600 0.073900
v -0.127242 3.053346 0.474445
vn -0.982800 0.162000 0.089100
vn -0.988500 0.129800 0.077500
vn -0.980000 0.175500 0.093900
vn -0.981500 0.175800 0.075400
v -0.133801 3.055663 0.383695
vn -0.982600 0.170300 0.074200
vn -0.981700 0.174900 0.075200
vn -0.982800 0.169400 0.074000
vn -0.981300 0.169200 0.092100
v -0.156174 3.084089 0.093100
vn -0.980600 0.172700 0.092700
vn -0.981300 0.169300 0.092100
vn -0.980600 0.172900 0.092700
v -0.156550 3.100882 0.093100
vt 0.502333 0.140902
vn 0.981700 0.180400 -0.060400
v -0.134177 3.076742 0.383695
vt 0.532862 0.137546
vn 0.983700 0.169300 -0.060000
v -0.127814 3.072539 0.474445
vt 0.549450 0.136940
vn 0.981000 0.192700 -0.022700
v -0.127957 3.074706 0.546477
vt 0.562522 0.137683
vn 0.904600 0.425000 -0.030800
vn 0.096200 -0.546900 0.831700
v -0.128552 3.074601 0.546477
vn 0.094500 -0.547500 0.831400
vn -0.030500 -0.579600 0.814400
vn -0.033200 -0.580200 0.813800
vn -0.951000 -0.309000 0.007400
v -0.128410 3.072434 0.474445
vn -0.991600 -0.110700 0.067400
vn -0.961500 -0.274200 0.018300
vn -0.994800 -0.060900 0.081800
vn -0.995900 -0.060900 0.067000
v -0.134772 3.076638 0.383695
vn -0.996400 -0.048100 0.070300
vn -0.996000 -0.058800 0.067600
vn -0.996400 -0.046100 0.070800
vn -0.996300 -0.046100 0.072900
v -0.157146 3.100777 0.093100
vn -0.995800 -0.057400 0.071100
vn -0.996300 -0.046600 0.072800
vn -0.995800 -0.058000 0.071000
v -0.161385 3.117031 0.093100
vt 0.502219 0.144344
vn 0.914800 0.402100 -0.038400
v -0.140151 3.096382 0.383695
vt 0.532721 0.141733
vn 0.916700 0.397900 -0.035800
v -0.134527 3.092798 0.474445
vt 0.549297 0.141266
vn 0.896200 0.443700 0.004200
v -0.137751 3.092153 0.553095
vt 0.563531 0.141493
vn 0.830200 0.557100 0.020200
vn 0.124900 -0.289300 0.949000
v -0.138306 3.091913 0.553095
vn 0.124000 -0.290300 0.948900
vn 0.059500 -0.327000 0.943200
vn 0.057900 -0.327800 0.943000
vn -0.877000 -0.478900 -0.039900
v -0.135082 3.092557 0.474445
vn -0.939200 -0.343400 -0.000500
vn -0.889700 -0.455300 -0.032800
vn -0.949200 -0.314700 0.007600
vn -0.948200 -0.314400 0.046300
v -0.140706 3.096143 0.383695
vn -0.954300 -0.294200 0.052400
vn -0.949200 -0.311000 0.047400
vn -0.955300 -0.290600 0.053500
vn -0.955500 -0.290700 0.049200
v -0.161940 3.116791 0.093100
vn -0.956700 -0.286600 0.049800
vn -0.955600 -0.290500 0.049200
vn -0.956800 -0.286400 0.049900
v -0.169813 3.131630 0.093100
vt 0.502053 0.147513
vn 0.797600 0.603000 -0.015700
v -0.150244 3.114008 0.383695
vt 0.532523 0.145558
vn 0.793000 0.609100 -0.013000
v -0.146588 3.110388 0.474445
vt 0.549068 0.145112
vn 0.771600 0.635400 0.028400
v -0.151112 3.108613 0.553095
vt 0.563285 0.145121
vn 0.708300 0.704300 0.047600
v -0.151597 3.108251 0.553095
vn -0.774400 -0.630000 -0.058800
v -0.147073 3.110026 0.474445
vn -0.816100 -0.576500 -0.041800
vn -0.783000 -0.619600 -0.055400
vn -0.823800 -0.565500 -0.038400
vn -0.824400 -0.565900 0.010600
v -0.150729 3.113647 0.383695
vn -0.861300 -0.507200 0.030600
vn -0.830900 -0.556200 0.014000
vn -0.867300 -0.496600 0.034100
vn -0.867500 -0.496700 0.028300
v -0.170298 3.131269 0.093100
vn -0.865800 -0.499600 0.027800
vn -0.867400 -0.496800 0.028300
vn -0.865700 -0.499800 0.027700
v -0.181380 3.143891 0.093100
vt 0.501845 0.150239
vn 0.637700 0.770200 0.006300
v -0.165550 3.129052 0.383695
vt 0.532250 0.148919
vn 0.610100 0.792300 0.007200
v -0.162910 3.126981 0.474445
vt 0.548776 0.148811
vn 0.590800 0.805700 0.042100
v -0.167669 3.121929 0.553095
vt 0.562997 0.148138
vn 0.568500 0.819500 0.073100
v -0.168057 3.121466 0.553095
vn -0.623600 -0.776800 -0.087600
v -0.163299 3.126517 0.474445
vn -0.697700 -0.713700 -0.061900
vn -0.640100 -0.763900 -0.082200
vn -0.711700 -0.700200 -0.056700
vn -0.712800 -0.701300 0.004700
v -0.165938 3.128588 0.383695
vn -0.702700 -0.711400 0.000600
vn -0.711000 -0.703200 0.004000
vn -0.700800 -0.713400 -0.000200
vn -0.700800 -0.713400 0.001800
v -0.181769 3.143427 0.093100
vn -0.726100 -0.687600 0.007100
vn -0.701800 -0.712300 0.002000
vn -0.727300 -0.686200 0.007400
v -0.195464 3.153153 0.093100
vt 0.501606 0.152374
vn 0.444700 0.895400 0.023500
v -0.184835 3.140563 0.383695
vt 0.531925 0.151598
vn 0.418000 0.908100 0.026000
v -0.183376 3.137213 0.474445
vt 0.548435 0.151240
vn 0.378200 0.924800 0.042400
v -0.186312 3.132501 0.553095
vt 0.562683 0.150612
vn 0.409900 0.909000 0.076000
v -0.186583 3.131961 0.553095
vn -0.491700 -0.867900 -0.070300
v -0.183647 3.136672 0.474445
vn -0.452900 -0.887800 -0.081900
vn -0.483500 -0.872300 -0.072800
vn -0.445000 -0.891600 -0.084200
vn -0.446400 -0.894500 -0.025800
v -0.185107 3.140022 0.383695
vn -0.502100 -0.864800 -0.008000
vn -0.456800 -0.889300 -0.022600
vn -0.512300 -0.858800 -0.004700
vn -0.512200 -0.858700 -0.018500
v -0.195736 3.152613 0.093100
vn -0.547600 -0.836600 -0.013000
vn -0.513600 -0.857800 -0.018300
vn -0.549500 -0.835400 -0.012700
v -0.211304 3.158919 0.093100
vt 0.501347 0.153805
vn 0.228100 0.973000 0.034200
v -0.205482 3.147500 0.383695
vt 0.531588 0.153342
vn 0.211600 0.976700 0.036000
v -0.204717 3.143847 0.474445
vt 0.548089 0.152931
vn 0.199100 0.979000 0.043000
v -0.207038 3.139874 0.553095
vt 0.562345 0.152449
vn 0.230900 0.971100 0.060600
v -0.207178 3.139285 0.553095
vn -0.334500 -0.940600 -0.057400
v -0.204856 3.143258 0.474445
vn -0.302500 -0.950800 -0.066300
vn -0.327800 -0.942900 -0.059300
vn -0.295900 -0.952800 -0.068100
vn -0.296400 -0.954400 -0.035900
v -0.205622 3.146911 0.383695
vn -0.314800 -0.948600 -0.030800
vn -0.299700 -0.953400 -0.035000
vn -0.318200 -0.947600 -0.029900
vn -0.318200 -0.947500 -0.030900
v -0.211444 3.158330 0.093100
vn -0.340700 -0.939700 -0.028300
vn -0.319100 -0.947200 -0.030800
vn -0.341900 -0.939300 -0.028200
v -0.228047 3.160875 0.093100
vt 0.501083 0.154453
vn 0.116000 0.992500 0.037800
v -0.228064 3.149812 0.383695
vt 0.531234 0.154148
vn 0.102000 0.994000 0.039300
v -0.228053 3.146010 0.474445
vt 0.547723 0.153717
vn 0.093000 0.994800 0.040700
v -0.228047 3.142715 0.553095
vt 0.562014 0.153343
vn 0.126200 0.990700 0.051700
v -0.228047 3.142109 0.553095
vn -0.134000 -0.990100 -0.041500
v -0.228053 3.145405 0.474445
vn -0.099000 -0.993800 -0.051000
vn -0.126400 -0.991000 -0.043600
vn -0.092000 -0.994300 -0.052900
vn -0.092100 -0.994900 -0.041700
v -0.228064 3.149206 0.383695
vn -0.100100 -0.994200 -0.039600
vn -0.093600 -0.994800 -0.041300
vn -0.101700 -0.994000 -0.039200
vn -0.101700 -0.994100 -0.037900
v -0.228047 3.160271 0.093100
vn -0.115300 -0.992600 -0.036700
vn -0.102200 -0.994000 -0.037800
vn -0.116000 -0.992600 -0.036700
v -0.244650 3.158330 0.093100
v -0.244790 3.158919 0.093100
vn -0.939600 -0.340200 0.037300
v -0.137769 3.016546 0.460182
vn -0.986800 -0.158000 0.036000
vn -0.499800 0.865900 0.018800
vn -0.986800 -0.157800 0.036000
vn -0.188300 0.982000 0.014100
vn -0.986800 -0.157900 0.035900
vn -0.499400 -0.865700 0.035000
vn -0.986800 -0.157900 0.036000
vn -0.001600 -0.999900 0.010800
vn -0.986800 -0.157900 0.036100
vn -0.205000 -0.978700 0.006700
vn 0.952400 0.301800 -0.043100
vn -0.498200 -0.865800 -0.046300
v -0.319416 3.035436 0.383695
vn -0.977500 -0.192000 -0.087400
v -0.297597 3.067453 0.093100
vn -0.954700 -0.279300 -0.102300
v -0.290921 3.051976 0.093100
vn -0.915500 -0.386500 -0.111800
v -0.315311 3.016458 0.383480
vn -0.971100 -0.221900 -0.087500
v -0.326041 3.034235 0.474445
vn -0.959000 -0.275900 -0.065500
v -0.318587 3.016394 0.474230
vn -0.926300 -0.372100 -0.059000
v -0.330747 3.037634 0.517213
vn -0.984400 -0.145600 -0.098700
v -0.320207 3.016525 0.486601
vn -0.947000 -0.297600 -0.120900
v -0.330167 3.037808 0.517213
vn 0.229600 -0.762300 0.605100
vn 0.228000 -0.762900 0.605000
vn 0.396000 -0.688500 0.607500
v -0.319683 3.016828 0.486601
vn 0.397600 -0.687600 0.607500
v -0.325461 3.034410 0.474445
vn 0.926400 0.365900 0.088900
vn 0.931100 0.357200 0.074100
vn 0.925600 0.367300 0.091300
v -0.318063 3.016697 0.474230
vn 0.917000 0.381600 0.116000
v -0.318836 3.035609 0.383695
vn 0.971700 0.232900 0.040400
vn 0.920600 0.383600 0.072300
vn 0.929900 0.361500 0.067600
v -0.314787 3.016761 0.383480
vn 0.977200 0.209500 0.035400
v -0.297018 3.067627 0.093100
vn 0.914500 0.385300 0.123500
vn 0.973400 0.208000 0.096000
vn 0.971700 0.215200 0.097200
v -0.290397 3.052278 0.093100
vn 0.911100 0.393000 0.124600
v -0.322897 3.055628 0.383695
vn -0.994900 -0.063900 -0.077700
v -0.300524 3.084054 0.093100
vn -0.995300 -0.051400 -0.082100
v -0.329457 3.053311 0.474445
vn -0.997200 -0.047500 -0.058500
v -0.334148 3.055775 0.533329
vn -0.968400 0.232100 -0.091300
v -0.333545 3.055810 0.533329
vn 0.040100 -0.659400 0.750800
vn 0.037800 -0.659600 0.750600
vn 0.188000 -0.635200 0.749100
vn 0.190500 -0.634700 0.748900
v -0.328852 3.053346 0.474445
vn 0.982800 0.162100 0.089100
vn 0.990100 0.119600 0.073900
vn 0.988500 0.129800 0.077600
vn 0.980000 0.175500 0.093900
v -0.322293 3.055663 0.383695
vn 0.982600 0.170300 0.074200
vn 0.981500 0.175800 0.075400
vn 0.981700 0.174900 0.075200
vn 0.982800 0.169400 0.074000
v -0.299921 3.084089 0.093100
vn 0.980600 0.172700 0.092600
vn 0.981300 0.169200 0.092100
vn 0.981300 0.169300 0.092100
vn 0.980600 0.172900 0.092700
v -0.321918 3.076742 0.383695
vn -0.983700 0.169300 -0.060000
v -0.299544 3.100882 0.093100
vn -0.981700 0.180300 -0.060400
v -0.328280 3.072539 0.474445
vn -0.981000 0.192700 -0.022700
v -0.328138 3.074706 0.546477
vn -0.904600 0.425100 -0.030900
v -0.327542 3.074601 0.546477
vn -0.094400 -0.547600 0.831400
vn -0.096500 -0.546900 0.831600
vn 0.030500 -0.579600 0.814300
vn 0.033100 -0.580200 0.813800
v -0.327685 3.072434 0.474445
vn 0.991600 -0.110700 0.067400
vn 0.951000 -0.309000 0.007400
vn 0.961500 -0.274300 0.018300
vn 0.994800 -0.060800 0.081800
v -0.321322 3.076638 0.383695
vn 0.996400 -0.048100 0.070300
vn 0.995900 -0.060900 0.067000
vn 0.996000 -0.058700 0.067600
vn 0.996400 -0.046100 0.070800
v -0.298948 3.100777 0.093100
vn 0.995800 -0.057500 0.071100
vn 0.996300 -0.046100 0.072900
vn 0.996300 -0.046600 0.072800
vn 0.995800 -0.058100 0.071000
v -0.315943 3.096382 0.383695
vn -0.916700 0.397900 -0.035800
v -0.294710 3.117031 0.093100
vn -0.914800 0.402100 -0.038400
v -0.321567 3.092798 0.474445
vn -0.896200 0.443700 0.004200
v -0.318343 3.092153 0.553095
vn -0.830200 0.557100 0.020200
v -0.317788 3.091913 0.553095
vn -0.124000 -0.290300 0.948900
vn -0.124900 -0.289600 0.949000
vn -0.059700 -0.327000 0.943100
vn -0.057800 -0.327900 0.942900
v -0.321012 3.092557 0.474445
vn 0.939200 -0.343500 -0.000500
vn 0.877000 -0.478900 -0.039900
vn 0.889700 -0.455300 -0.032800
vn 0.949100 -0.314700 0.007600
v -0.315388 3.096143 0.383695
vn 0.954300 -0.294200 0.052500
vn 0.948200 -0.314400 0.046300
vn 0.949200 -0.311000 0.047400
vn 0.955300 -0.290600 0.053500
v -0.294154 3.116791 0.093100
vn 0.956700 -0.286600 0.049800
vn 0.955500 -0.290700 0.049200
vn 0.955600 -0.290500 0.049200
vn 0.956800 -0.286400 0.049900
v -0.305850 3.114008 0.383695
vn -0.793000 0.609100 -0.013000
v -0.286281 3.131630 0.093100
vn -0.797600 0.603000 -0.015700
v -0.309506 3.110388 0.474445
vn -0.771600 0.635400 0.028400
v -0.304983 3.108613 0.553095
vn -0.708300 0.704300 0.047600
v -0.304497 3.108251 0.553095
v -0.309021 3.110026 0.474445
vn 0.816100 -0.576500 -0.041800
vn 0.774400 -0.630000 -0.058800
vn 0.783000 -0.619600 -0.055400
vn 0.823900 -0.565500 -0.038400
v -0.305365 3.113647 0.383695
vn 0.861300 -0.507200 0.030600
vn 0.824400 -0.565900 0.010600
vn 0.830900 -0.556200 0.014000
vn 0.867300 -0.496600 0.034100
v -0.285796 3.131269 0.093100
vn 0.865800 -0.499600 0.027800
vn 0.867500 -0.496700 0.028300
vn 0.867400 -0.496800 0.028300
vn 0.865700 -0.499800 0.027700
v -0.290544 3.129052 0.383695
vn -0.610100 0.792300 0.007200
v -0.274713 3.143891 0.093100
vn -0.637700 0.770200 0.006300
v -0.293184 3.126981 0.474445
vn -0.590800 0.805700 0.042100
v -0.288426 3.121929 0.553095
vn -0.568500 0.819500 0.073100
v -0.288037 3.121466 0.553095
v -0.292795 3.126517 0.474445
vn 0.697700 -0.713700 -0.061900
vn 0.623600 -0.776800 -0.087600
vn 0.640100 -0.763900 -0.082200
vn 0.711700 -0.700200 -0.056700
v -0.290155 3.128588 0.383695
vn 0.702700 -0.711500 0.000600
vn 0.712800 -0.701300 0.004700
vn 0.711000 -0.703200 0.004000
vn 0.700800 -0.713400 -0.000200
v -0.274325 3.143427 0.093100
vn 0.726100 -0.687600 0.007100
vn 0.700800 -0.713400 0.001700
vn 0.701800 -0.712400 0.002000
vn 0.727300 -0.686200 0.007400
v -0.271259 3.140563 0.383695
vn -0.418000 0.908100 0.026000
v -0.260630 3.153153 0.093100
vn -0.444700 0.895400 0.023500
v -0.272719 3.137213 0.474445
vn -0.378200 0.924800 0.042400
v -0.269782 3.132501 0.553095
vn -0.409900 0.909000 0.076000
v -0.269511 3.131961 0.553095
v -0.272447 3.136672 0.474445
vn 0.452900 -0.887800 -0.081900
vn 0.491700 -0.867900 -0.070300
vn 0.483500 -0.872300 -0.072800
vn 0.445000 -0.891600 -0.084200
v -0.270988 3.140022 0.383695
vn 0.502100 -0.864800 -0.008000
vn 0.446400 -0.894500 -0.025800
vn 0.456800 -0.889300 -0.022600
vn 0.512300 -0.858800 -0.004700
v -0.260358 3.152613 0.093100
vn 0.547600 -0.836600 -0.013000
vn 0.512200 -0.858700 -0.018500
vn 0.513700 -0.857800 -0.018200
vn 0.549500 -0.835400 -0.012700
v -0.250612 3.147500 0.383695
vn -0.211600 0.976700 0.036000
vn -0.228100 0.973000 0.034200
v -0.251378 3.143847 0.474445
vn -0.199100 0.979000 0.043000
v -0.249056 3.139874 0.553095
vn -0.230900 0.971100 0.060600
v -0.248917 3.139285 0.553095
v -0.251239 3.143258 0.474445
vn 0.302500 -0.950800 -0.066300
vn 0.334500 -0.940600 -0.057400
vn 0.327800 -0.942900 -0.059300
vn 0.295900 -0.952800 -0.068100
v -0.250473 3.146911 0.383695
vn 0.314800 -0.948600 -0.030800
vn 0.296400 -0.954400 -0.035900
vn 0.299700 -0.953400 -0.035000
vn 0.318200 -0.947600 -0.029900
vn 0.340700 -0.939700 -0.028300
vn 0.318200 -0.947500 -0.030900
vn 0.319100 -0.947200 -0.030800
vn 0.341900 -0.939300 -0.028200
v -0.228030 3.149812 0.383695
vn -0.102000 0.994000 0.039300
vn -0.116000 0.992500 0.037800
v -0.228041 3.146010 0.474445
vn -0.093000 0.994800 0.040700
vn -0.126200 0.990700 0.051700
v -0.228041 3.145405 0.474445
vn 0.099000 -0.993800 -0.051000
vn 0.134000 -0.990100 -0.041500
vn 0.126400 -0.991000 -0.043600
vn 0.092000 -0.994300 -0.052900
v -0.228030 3.149206 0.383695
vn 0.100100 -0.994200 -0.039600
vn 0.092100 -0.994900 -0.041700
vn 0.093600 -0.994800 -0.041300
vn 0.101700 -0.994000 -0.039200
vn 0.115300 -0.992600 -0.036700
vn 0.101700 -0.994100 -0.037900
vn 0.102200 -0.994000 -0.037800
vn 0.116000 -0.992600 -0.036700
vn 0.939600 -0.340200 0.037300
v -0.318325 3.016546 0.460182
vn 0.986800 -0.157800 0.036000
vn 0.499600 0.866100 0.018800
vn 0.188300 0.982000 0.014100
vn 0.986800 -0.157900 0.036100
vn 0.499400 -0.865700 0.034900
vn 0.001000 -0.999900 0.010700
vn 0.986800 -0.157800 0.035900
vn 0.205200 -0.978700 0.006700
vn 0.986800 -0.157800 0.036100
vn -0.952400 0.301800 -0.043100
vn 0.498200 -0.865800 -0.046300
v -0.158217 3.073433 0.099150
vt 0.865123 0.296384
v -0.156657 3.088276 0.099150
vt 0.866978 0.321750
v -0.228047 3.088276 0.099150
vt 0.783222 0.323103
v -0.162829 3.059238 0.099150
vt 0.859640 0.272128
v -0.170291 3.046314 0.099150
vt 0.850768 0.250038
v -0.180278 3.035222 0.099150
vt 0.838894 0.231083
v -0.192352 3.026450 0.099150
vt 0.824537 0.216092
v -0.205986 3.020380 0.099150
vt 0.808328 0.205717
v -0.220585 3.017277 0.099150
vt 0.790970 0.200413
v -0.235509 3.017277 0.099150
vt 0.773226 0.200413
v -0.250108 3.020380 0.099150
vt 0.755870 0.205717
v -0.263742 3.026450 0.099150
vt 0.739659 0.216092
v -0.275816 3.035222 0.099150
vt 0.725303 0.231083
v -0.285803 3.046314 0.099150
vt 0.713430 0.250038
v -0.293265 3.059238 0.099150
vt 0.704557 0.272128
v -0.297877 3.073433 0.099150
vt 0.699075 0.296384
v -0.299437 3.088276 0.099150
vt 0.697218 0.321750
v -0.297877 3.103118 0.099150
vt 0.699075 0.347116
v -0.293265 3.117313 0.099150
vt 0.704557 0.371375
v -0.285803 3.130237 0.099150
vt 0.713430 0.393462
v -0.275816 3.141329 0.099150
vt 0.725303 0.412418
v -0.263742 3.150101 0.099150
vt 0.739659 0.427409
v -0.250108 3.156171 0.099150
vt 0.755870 0.437784
v -0.235509 3.159274 0.099150
vt 0.773226 0.443087
v -0.220585 3.159274 0.099150
vt 0.790970 0.443087
v -0.205986 3.156171 0.099150
vt 0.808328 0.437784
v -0.192352 3.150101 0.099150
vt 0.824537 0.427409
v -0.180278 3.141329 0.099150
vt 0.838894 0.412418
v -0.170291 3.130237 0.099150
vt 0.850768 0.393462
v -0.162829 3.117313 0.099150
vt 0.859640 0.371373
v -0.158217 3.103118 0.099150
vt 0.865123 0.347116
v -0.158217 3.073433 0.093100
vt 0.524621 0.195069
vn 0.978100 -0.207900 -0.000000
v -0.156657 3.088276 0.093100
vt 0.524717 0.196541
vn 0.978200 -0.207900 -0.000000
v -0.162829 3.059238 0.093100
vt 0.524338 0.193661
vn 0.913500 -0.406700 -0.000000
v -0.170291 3.046314 0.093100
vt 0.523881 0.192379
vn 0.809000 -0.587800 -0.000000
v -0.180278 3.035222 0.093100
vt 0.523268 0.191279
vn 0.669100 -0.743100 -0.000000
v -0.192352 3.026450 0.093100
vt 0.522528 0.190409
vn 0.500000 -0.866000 -0.000000
v -0.205986 3.020380 0.093100
vt 0.521692 0.189807
vn 0.309000 -0.951100 -0.000000
v -0.220585 3.017277 0.093100
vt 0.520797 0.189500
vn 0.104500 -0.994500 -0.000000
v -0.235509 3.017277 0.093100
vt 0.519881 0.189500
vn -0.104500 -0.994500 -0.000000
v -0.250108 3.020380 0.093100
vt 0.518986 0.189807
vn -0.309000 -0.951100 -0.000000
v -0.263742 3.026450 0.093100
vt 0.518150 0.190409
vn -0.500000 -0.866000 -0.000000
v -0.275816 3.035222 0.093100
vt 0.517410 0.191279
vn -0.669100 -0.743100 -0.000000
v -0.285803 3.046314 0.093100
vt 0.516797 0.192379
vn -0.809000 -0.587800 -0.000000
v -0.293265 3.059238 0.093100
vt 0.516340 0.193661
vn -0.913500 -0.406700 -0.000000
v -0.297877 3.073433 0.093100
vt 0.516057 0.195069
vn -0.978200 -0.207900 -0.000000
vn -0.978100 -0.207900 -0.000000
v -0.299437 3.088276 0.093100
vt 0.515961 0.196541
v -0.297877 3.103118 0.093100
vt 0.516057 0.198013
vn -0.978100 0.207900 -0.000000
v -0.293265 3.117313 0.093100
vt 0.516340 0.199420
vn -0.913500 0.406700 -0.000000
v -0.285803 3.130237 0.093100
vt 0.516797 0.200702
vn -0.809000 0.587800 -0.000000
v -0.275816 3.141329 0.093100
vt 0.517410 0.201802
vn -0.669100 0.743100 -0.000000
v -0.263742 3.150101 0.093100
vt 0.518150 0.202672
vn -0.500000 0.866000 -0.000000
v -0.250108 3.156171 0.093100
vt 0.518986 0.203274
vn -0.309000 0.951100 -0.000000
v -0.235509 3.159274 0.093100
vt 0.519881 0.203582
vn -0.104500 0.994500 -0.000000
v -0.220585 3.159274 0.093100
vt 0.520797 0.203582
vn 0.104500 0.994500 -0.000000
v -0.205986 3.156171 0.093100
vt 0.521692 0.203274
vn 0.309000 0.951100 -0.000000
v -0.192352 3.150101 0.093100
vt 0.522528 0.202672
vn 0.500000 0.866000 -0.000000
v -0.180278 3.141329 0.093100
vt 0.523268 0.201802
vn 0.669100 0.743100 -0.000000
v -0.170291 3.130237 0.093100
vt 0.523881 0.200702
vn 0.809000 0.587800 -0.000000
v -0.162829 3.117313 0.093100
vt 0.524338 0.199420
vn 0.913500 0.406700 -0.000000
v -0.158217 3.103118 0.093100
vt 0.524621 0.198013
vn 0.978100 0.207900 -0.000000
v -0.228047 3.088276 0.093100
vt 0.520339 0.196541
v -0.437322 3.003095 0.082140
vt 0.556362 0.322677
vn -0.128800 0.968100 -0.214800
v -0.442958 3.002832 0.084325
vt 0.556120 0.330538
v -0.324107 3.085144 0.384089
vt 0.541225 0.322677
vn -0.128500 0.968100 -0.214900
v -0.329742 3.084881 0.386273
vt 0.540982 0.330538
v -0.327410 3.067309 0.390174
vn 0.128800 -0.968100 0.214800
v -0.440626 2.985261 0.088226
vn 0.128500 -0.968100 0.214900
v -0.321774 3.067571 0.387989
vn 0.128300 -0.968200 0.215000
v -0.434990 2.985524 0.086041
vn 0.340200 0.246600 0.907400
vn 0.340300 0.246600 0.907400
vn -0.931500 -0.043500 0.361100
vn 0.931500 0.043500 -0.361100
v -0.009692 3.003577 0.085615
vn 0.049800 0.968100 -0.245400
v -0.015327 3.003313 0.083430
v -0.129564 3.085625 0.384983
vn 0.049900 0.968100 -0.245400
v -0.135200 3.085362 0.382799
v -0.136106 3.067790 0.387252
vn -0.049900 -0.968100 0.245400
v -0.016234 2.985742 0.087884
v -0.130470 3.068053 0.389436
v -0.010597 2.986005 0.090068
vn -0.360100 0.246600 0.899700
vn -0.360200 0.246600 0.899700
vn -0.931500 -0.043400 -0.361100
vn -0.931500 -0.043500 -0.361100
vn 0.931500 0.043500 0.361100
v -0.158497 2.882929 0.093100
v -0.136678 2.850911 0.383695
v -0.165174 2.867451 0.093100
v -0.140783 2.831933 0.383480
v -0.130053 2.849711 0.474445
v -0.137507 2.831870 0.474230
v -0.125347 2.853110 0.517213
v -0.135887 2.832000 0.486601
vn 0.947000 -0.297500 -0.120900
vn -0.227500 -0.763300 0.604700
v -0.125927 2.853283 0.517213
vn -0.229400 -0.762700 0.604700
vn -0.395200 -0.688900 0.607600
v -0.136411 2.832303 0.486601
vn -0.396700 -0.688200 0.607500
v -0.130633 2.849885 0.474445
v -0.138031 2.832172 0.474230
v -0.137258 2.851084 0.383695
v -0.141307 2.832236 0.383480
v -0.159077 2.883102 0.093100
v -0.165698 2.867753 0.093100
v -0.155570 2.899529 0.093100
v -0.133197 2.871103 0.383695
v -0.126638 2.868786 0.474445
v -0.121946 2.871250 0.533329
vn -0.037600 -0.659700 0.750600
v -0.122550 2.871285 0.533329
vn -0.040000 -0.659400 0.750700
vn -0.186800 -0.635500 0.749200
vn -0.189300 -0.635000 0.749000
v -0.127242 2.868821 0.474445
v -0.133801 2.871138 0.383695
v -0.156174 2.899564 0.093100
v -0.156550 2.916358 0.093100
v -0.134177 2.892217 0.383695
v -0.127814 2.888014 0.474445
v -0.127957 2.890181 0.546477
vn 0.097100 -0.546800 0.831600
v -0.128552 2.890076 0.546477
vn -0.031100 -0.579600 0.814300
vn -0.033700 -0.580200 0.813800
v -0.128410 2.887909 0.474445
v -0.134772 2.892112 0.383695
v -0.157146 2.916253 0.093100
v -0.161385 2.932506 0.093100
v -0.140151 2.911857 0.383695
v -0.134527 2.908273 0.474445
v -0.137751 2.907628 0.553095
vn 0.124900 -0.289800 0.948900
v -0.138306 2.907389 0.553095
vn 0.123200 -0.290500 0.948900
vn 0.059400 -0.327000 0.943200
v -0.135082 2.908032 0.474445
vn -0.889800 -0.455300 -0.032800
v -0.140706 2.911618 0.383695
vn -0.955600 -0.290700 0.049200
v -0.161940 2.932266 0.093100
v -0.169813 2.947104 0.093100
v -0.150244 2.929483 0.383695
v -0.146588 2.925862 0.474445
v -0.151112 2.924087 0.553095
v -0.151597 2.923726 0.553095
v -0.147073 2.925501 0.474445
vn -0.823900 -0.565500 -0.038400
v -0.150729 2.929121 0.383695
vn -0.867400 -0.496700 0.028300
v -0.170298 2.946743 0.093100
vn -0.865800 -0.499700 0.027800
vn -0.867400 -0.496900 0.028300
v -0.181380 2.959365 0.093100
vn 0.637800 0.770200 0.006300
v -0.165550 2.944527 0.383695
v -0.162910 2.942456 0.474445
v -0.167669 2.937405 0.553095
vn 0.568500 0.819400 0.073100
v -0.168057 2.936941 0.553095
v -0.163299 2.941992 0.474445
vn -0.712800 -0.701400 0.004700
v -0.165938 2.944063 0.383695
vn -0.702800 -0.711400 0.000600
vn -0.700800 -0.713300 -0.000200
vn -0.700800 -0.713300 0.001800
v -0.181769 2.958902 0.093100
vn -0.726100 -0.687500 0.007100
vn -0.701900 -0.712300 0.002000
vn -0.727400 -0.686200 0.007400
v -0.195464 2.968629 0.093100
v -0.184835 2.956038 0.383695
v -0.183376 2.952688 0.474445
v -0.186312 2.947976 0.553095
vn 0.409800 0.909000 0.075900
v -0.186583 2.947436 0.553095
v -0.183647 2.952147 0.474445
v -0.185107 2.955497 0.383695
v -0.195736 2.968088 0.093100
v -0.211304 2.974394 0.093100
v -0.205482 2.962975 0.383695
v -0.204717 2.959322 0.474445
v -0.207038 2.955349 0.553095
v -0.207178 2.954761 0.553095
v -0.204856 2.958734 0.474445
vn -0.302600 -0.950800 -0.066300
vn -0.327900 -0.942900 -0.059300
v -0.205622 2.962386 0.383695
v -0.211444 2.973805 0.093100
v -0.228047 2.976351 0.093100
v -0.228064 2.965287 0.383695
v -0.228053 2.961485 0.474445
v -0.228047 2.958189 0.553095
v -0.228047 2.957584 0.553095
vn -0.133900 -0.990100 -0.041500
v -0.228053 2.960880 0.474445
vn -0.126300 -0.991000 -0.043600
vn -0.092000 -0.994400 -0.052900
vn -0.092000 -0.994900 -0.041700
v -0.228064 2.964682 0.383695
vn -0.100200 -0.994200 -0.039500
vn -0.093500 -0.994800 -0.041300
vn -0.101700 -0.994000 -0.039100
v -0.228047 2.975746 0.093100
v -0.244650 2.973805 0.093100
v -0.244790 2.974394 0.093100
v -0.137769 2.832021 0.460182
vn -0.986900 -0.157500 0.035900
vn -0.499000 0.866400 0.018600
vn -0.186600 0.982300 0.014000
vn -0.499500 -0.865600 0.034900
vn -0.001300 -0.999900 0.010700
vn -0.986900 -0.157400 0.035900
vn -0.986900 -0.157600 0.035900
vn -0.499800 -0.864900 -0.046200
v -0.319416 2.850911 0.383695
v -0.297597 2.882929 0.093100
v -0.290921 2.867451 0.093100
vn -0.915500 -0.386400 -0.111800
v -0.315311 2.831933 0.383480
v -0.326041 2.849711 0.474445
v -0.318587 2.831870 0.474230
v -0.330747 2.853110 0.517213
v -0.320207 2.832000 0.486601
vn -0.947000 -0.297500 -0.120900
v -0.330167 2.853283 0.517213
vn 0.229100 -0.762700 0.604800
vn 0.227500 -0.763300 0.604700
vn 0.395200 -0.689000 0.607500
v -0.319683 2.832303 0.486601
vn 0.396900 -0.688200 0.607400
v -0.325461 2.849885 0.474445
v -0.318063 2.832172 0.474230
v -0.318836 2.851084 0.383695
v -0.314787 2.832236 0.383480
v -0.297018 2.883102 0.093100
v -0.290397 2.867753 0.093100
v -0.322897 2.871103 0.383695
v -0.300524 2.899529 0.093100
v -0.329457 2.868786 0.474445
v -0.334148 2.871250 0.533329
v -0.333545 2.871285 0.533329
vn 0.039900 -0.659300 0.750800
vn 0.037800 -0.659600 0.750700
vn 0.186900 -0.635500 0.749200
vn 0.189300 -0.635000 0.749000
v -0.328852 2.868821 0.474445
v -0.322293 2.871138 0.383695
v -0.299921 2.899564 0.093100
v -0.321918 2.892217 0.383695
v -0.299544 2.916358 0.093100
v -0.328280 2.888014 0.474445
v -0.328138 2.890181 0.546477
v -0.327542 2.890076 0.546477
vn -0.096800 -0.546800 0.831600
vn 0.031200 -0.579700 0.814300
vn 0.033800 -0.580200 0.813800
v -0.327685 2.887909 0.474445
v -0.321322 2.892112 0.383695
v -0.298948 2.916253 0.093100
v -0.315943 2.911857 0.383695
v -0.294710 2.932506 0.093100
v -0.321567 2.908273 0.474445
v -0.318343 2.907628 0.553095
v -0.317788 2.907389 0.553095
vn -0.123100 -0.290400 0.949000
vn -0.124400 -0.289700 0.949000
vn -0.058200 -0.327900 0.942900
v -0.321012 2.908032 0.474445
v -0.315388 2.911618 0.383695
v -0.294154 2.932266 0.093100
vn 0.955600 -0.290700 0.049200
v -0.305850 2.929483 0.383695
v -0.286281 2.947104 0.093100
vn -0.797500 0.603100 -0.015700
v -0.309506 2.925862 0.474445
v -0.304983 2.924087 0.553095
v -0.304497 2.923726 0.553095
v -0.309021 2.925501 0.474445
vn 0.816100 -0.576400 -0.041800
v -0.305365 2.929121 0.383695
v -0.285796 2.946743 0.093100
vn 0.865800 -0.499700 0.027800
vn 0.867400 -0.496700 0.028300
vn 0.867400 -0.496900 0.028300
v -0.290544 2.944527 0.383695
v -0.274713 2.959365 0.093100
vn -0.637800 0.770200 0.006300
v -0.293184 2.942456 0.474445
v -0.288426 2.937405 0.553095
v -0.288037 2.936941 0.553095
v -0.292795 2.941992 0.474445
v -0.290155 2.944063 0.383695
vn 0.702700 -0.711400 0.000600
v -0.274325 2.958902 0.093100
vn 0.701800 -0.712300 0.002000
vn 0.727400 -0.686200 0.007400
v -0.271259 2.956038 0.383695
v -0.260630 2.968629 0.093100
v -0.272719 2.952688 0.474445
v -0.269782 2.947976 0.553095
vn -0.409800 0.909000 0.075900
v -0.269511 2.947436 0.553095
v -0.272447 2.952147 0.474445
v -0.270988 2.955497 0.383695
v -0.260358 2.968088 0.093100
v -0.250612 2.962975 0.383695
v -0.251378 2.959322 0.474445
v -0.249056 2.955349 0.553095
v -0.248917 2.954761 0.553095
v -0.251239 2.958734 0.474445
vn 0.302600 -0.950800 -0.066300
vn 0.334600 -0.940600 -0.057400
vn 0.327900 -0.942900 -0.059300
v -0.250473 2.962386 0.383695
v -0.228030 2.965287 0.383695
v -0.228041 2.961485 0.474445
v -0.228041 2.960880 0.474445
vn 0.133900 -0.990100 -0.041500
vn 0.126300 -0.991000 -0.043600
vn 0.092000 -0.994400 -0.052900
v -0.228030 2.964682 0.383695
vn 0.100200 -0.994200 -0.039500
vn 0.092000 -0.994900 -0.041700
vn 0.093500 -0.994800 -0.041300
vn 0.101700 -0.994000 -0.039100
v -0.318325 2.832021 0.460182
vn 0.499600 0.866100 0.018600
vn 0.186600 0.982300 0.014000
vn 0.205000 -0.978700 0.006700
vn 0.986800 -0.157900 0.035900
vn 0.500000 -0.864800 -0.046200
vn 0.986800 -0.157700 0.035900
v -0.158217 2.888908 0.099150
v -0.156657 2.903751 0.099150
v -0.228047 2.903751 0.099150
v -0.162829 2.874714 0.099150
v -0.170291 2.861789 0.099150
v -0.180278 2.850697 0.099150
v -0.192352 2.841925 0.099150
v -0.205986 2.835855 0.099150
v -0.220585 2.832752 0.099150
v -0.235509 2.832752 0.099150
v -0.250108 2.835855 0.099150
v -0.263742 2.841925 0.099150
v -0.275816 2.850697 0.099150
v -0.285803 2.861789 0.099150
v -0.293265 2.874714 0.099150
v -0.297877 2.888908 0.099150
v -0.299437 2.903751 0.099150
v -0.297877 2.918593 0.099150
v -0.293265 2.932788 0.099150
v -0.285803 2.945713 0.099150
v -0.275816 2.956804 0.099150
v -0.263742 2.965576 0.099150
v -0.250108 2.971646 0.099150
v -0.235509 2.974750 0.099150
v -0.220585 2.974750 0.099150
v -0.205986 2.971646 0.099150
v -0.192352 2.965576 0.099150
v -0.180278 2.956804 0.099150
v -0.170291 2.945713 0.099150
v -0.162829 2.932788 0.099150
v -0.158217 2.918593 0.099150
v -0.158217 2.888908 0.093100
v -0.156657 2.903751 0.093100
v -0.162829 2.874714 0.093100
v -0.170291 2.861789 0.093100
v -0.180278 2.850697 0.093100
v -0.192352 2.841925 0.093100
v -0.205986 2.835855 0.093100
v -0.220585 2.832752 0.093100
v -0.235509 2.832752 0.093100
v -0.250108 2.835855 0.093100
v -0.263742 2.841925 0.093100
v -0.275816 2.850697 0.093100
v -0.285803 2.861789 0.093100
v -0.293265 2.874714 0.093100
v -0.297877 2.888908 0.093100
v -0.299437 2.903751 0.093100
v -0.297877 2.918593 0.093100
v -0.293265 2.932788 0.093100
vn -0.913600 0.406700 -0.000000
v -0.285803 2.945713 0.093100
v -0.275816 2.956804 0.093100
vn -0.669100 0.743200 -0.000000
v -0.263742 2.965576 0.093100
v -0.250108 2.971646 0.093100
vn -0.309000 0.951000 -0.000000
v -0.235509 2.974750 0.093100
vn -0.104600 0.994500 -0.000000
v -0.220585 2.974750 0.093100
vn 0.104600 0.994500 -0.000000
v -0.205986 2.971646 0.093100
vn 0.309000 0.951000 -0.000000
v -0.192352 2.965576 0.093100
v -0.180278 2.956804 0.093100
vn 0.669100 0.743200 -0.000000
v -0.170291 2.945713 0.093100
v -0.162829 2.932788 0.093100
vn 0.913600 0.406700 -0.000000
v -0.158217 2.918593 0.093100
v -0.228047 2.903751 0.093100
v -0.013137 3.021409 0.084325
vn -0.128400 0.968200 0.214900
v -0.018772 3.021147 0.082140
v -0.126352 2.939361 0.386273
vn -0.128600 0.968100 0.214800
v -0.131988 2.939097 0.384089
v -0.129655 2.921526 0.380188
vn 0.128700 -0.968100 -0.214900
v -0.016440 3.003575 0.078240
vn 0.128500 -0.968100 -0.214900
v -0.124020 2.921788 0.382373
vn 0.128400 -0.968200 -0.214900
v -0.010804 3.003838 0.080425
vn -0.340100 -0.246600 0.907500
vn -0.340300 -0.246600 0.907400
vn -0.340400 -0.246500 0.907400
v -0.440651 3.021409 0.083431
vn 0.050100 0.968200 0.245300
v -0.446287 3.021147 0.085616
v -0.320777 2.939361 0.382798
vn 0.049700 0.968100 0.245400
v -0.326413 2.939097 0.384982
v -0.327319 2.921526 0.380530
vn -0.050100 -0.968200 -0.245300
v -0.447193 3.003575 0.081162
vn -0.049900 -0.968100 -0.245400
v -0.321683 2.921788 0.378345
v -0.441558 3.003838 0.078978
vn 0.360200 -0.246500 0.899700
vn 0.360300 -0.246600 0.899700
vn 0.931500 0.043400 -0.361100
v -0.157969 2.868044 -0.012776
vt 0.229015 0.280802
vn 0.891000 -0.454000 -0.000000
v -0.150365 2.891446 -0.012777
vt 0.223794 0.280952
vn 0.987700 -0.156400 -0.000000
v -0.150365 2.891446 0.093098
vt 0.224297 0.317560
vn 0.987700 -0.156500 -0.000000
v -0.157969 2.868044 0.093098
vt 0.229497 0.315815
v -0.172433 2.848136 -0.012776
vt 0.232122 0.280713
vn 0.707100 -0.707100 -0.000000
v -0.172433 2.848136 0.093098
vt 0.232601 0.315565
v -0.192341 2.833672 -0.012776
vt 0.232746 0.307508
vn 0.454000 -0.891000 -0.000000
v -0.192341 2.833672 0.093098
vt 0.232826 0.313324
v -0.215743 2.826068 -0.012776
vt 0.237413 0.302463
vn 0.156400 -0.987700 -0.000000
v -0.215743 2.826068 0.093098
vt 0.237559 0.313029
v -0.240350 2.826068 -0.012776
vt 0.242454 0.307229
vn -0.156400 -0.987700 -0.000000
v -0.240350 2.826068 0.093098
vt 0.242532 0.312886
v -0.263754 2.833672 -0.012776
vn -0.454000 -0.891000 -0.000000
v -0.263754 2.833672 0.093098
v -0.283661 2.848136 -0.012776
vn -0.707100 -0.707100 -0.000000
v -0.283661 2.848136 0.093098
v -0.298125 2.868044 -0.012776
vn -0.891000 -0.454000 -0.000000
v -0.298125 2.868044 0.093098
v -0.305729 2.891446 -0.012777
vn -0.987700 -0.156400 -0.000000
v -0.305729 2.891446 0.093098
vn -0.987700 -0.156500 -0.000000
v -0.305729 3.101122 -0.013080
vt 0.145369 0.283090
vn -0.987700 0.156500 -0.000000
v -0.305729 3.101122 0.092795
vt 0.145870 0.319481
vn -0.987700 0.156400 -0.000000
v -0.298125 3.124526 -0.013080
vt 0.140148 0.283240
vn -0.891000 0.454000 -0.000000
v -0.298125 3.124526 0.092795
vt 0.140648 0.319631
v -0.283661 3.144433 -0.013080
vt 0.135438 0.283375
vn -0.707100 0.707100 -0.000000
v -0.283661 3.144433 0.092795
vt 0.135938 0.319766
v -0.263754 3.158896 -0.013080
vt 0.131700 0.283482
vn -0.454000 0.891000 -0.000000
v -0.263754 3.158896 0.092795
vt 0.132200 0.319874
v -0.240350 3.166500 -0.013080
vt 0.129300 0.283551
vn -0.156400 0.987700 -0.000000
v -0.240350 3.166500 0.092795
vt 0.129800 0.319943
v -0.215743 3.166500 -0.013080
vt 0.128473 0.283575
vn 0.156400 0.987700 -0.000000
v -0.215743 3.166500 0.092795
vt 0.128973 0.319966
v -0.192341 3.158896 -0.013080
vn 0.454000 0.891000 -0.000000
v -0.192341 3.158896 0.092795
v -0.172433 3.144433 -0.013080
vn 0.707100 0.707100 -0.000000
v -0.172433 3.144433 0.092795
v -0.157969 3.124525 -0.013080
vn 0.891000 0.454000 -0.000000
v -0.157969 3.124525 0.092795
v -0.150365 3.101122 -0.013080
vn 0.987700 0.156500 -0.000000
v -0.150365 3.101122 0.092795
vn 0.987700 0.156400 -0.000000
vn -0.000100 -0.000700 -1.000000
v -0.228047 2.903750 -0.012777
vn -0.000000 -0.000700 -1.000000
vn 0.000100 -0.000700 -1.000000
vn 0.001900 -0.000800 -1.000000
vn 0.001500 -0.000900 -1.000000
vn 0.000900 -0.001000 -1.000000
vn 0.000500 -0.001100 -1.000000
vn 0.000200 -0.001100 -1.000000
vn -0.000200 -0.001100 -1.000000
vn -0.000500 -0.001100 -1.000000
vn -0.000900 -0.001000 -1.000000
vn -0.001500 -0.000900 -1.000000
vn -0.001900 -0.000800 -1.000000
v -0.157971 2.868051 -0.012171
vt 0.180026 0.553552
v -0.150382 2.891425 -0.012172
vt 0.176474 0.568689
vn 0.000100 0.000700 1.000000
v -0.228047 2.903750 -0.012172
vt 0.209849 0.588269
vn -0.000000 0.000700 1.000000
v -0.172423 2.848126 -0.012171
vt 0.186789 0.540648
v -0.192316 2.833666 -0.012171
vt 0.196099 0.531284
v -0.215744 2.826054 -0.012171
vt 0.207063 0.526353
v -0.240311 2.826066 -0.012171
vt 0.218561 0.526362
v -0.263763 2.833680 -0.012171
vt 0.229536 0.531292
v -0.283671 2.848135 -0.012171
vt 0.238854 0.540654
v -0.298111 2.868003 -0.012171
vt 0.245612 0.553520
v -0.305729 2.891435 -0.012172
vt 0.249176 0.568696
vn -0.000100 0.000700 1.000000
v -0.305739 3.101003 -0.012475
vt 0.246209 0.835520
vn -0.001900 0.000800 1.000000
v -0.298116 3.124380 -0.012475
vt 0.242641 0.850659
vn -0.001500 0.000900 1.000000
v -0.283627 3.144343 -0.012475
vt 0.235861 0.863588
vn -0.000900 0.001000 1.000000
v -0.263805 3.158727 -0.012475
vt 0.226584 0.872903
vn -0.000500 0.001100 1.000000
v -0.240350 3.166350 -0.012475
vt 0.215607 0.877840
vn -0.000200 0.001100 1.000000
v -0.215757 3.166350 -0.012475
vt 0.204098 0.877840
vn 0.000200 0.001100 1.000000
v -0.192353 3.158767 -0.012475
vt 0.193144 0.872929
vn 0.000500 0.001100 1.000000
v -0.172413 3.144276 -0.012475
vt 0.183812 0.863544
vn 0.000900 0.001000 1.000000
v -0.157978 3.124393 -0.012475
vt 0.177056 0.850668
vn 0.001500 0.000900 1.000000
v -0.150365 3.100993 -0.012475
vt 0.173493 0.835514
vn 0.001900 0.000800 1.000000
v -0.206485 2.892763 -0.027297
vt 0.199757 0.581155
vn 0.238500 -0.121500 -0.963500
v -0.204145 2.899964 -0.027297
vt 0.198663 0.585818
vn 0.264300 -0.042600 -0.963500
vn 0.238500 -0.121400 -0.963500
v -0.210935 2.886638 -0.027297
vt 0.201841 0.577187
vn 0.189300 -0.189200 -0.963500
vn 0.189300 -0.189100 -0.963500
v -0.217060 2.882188 -0.027297
vt 0.204708 0.574305
vn 0.121500 -0.238400 -0.963500
v -0.224262 2.879848 -0.027297
vt 0.208077 0.572790
vn 0.041900 -0.264300 -0.963500
vn 0.041800 -0.264300 -0.963500
v -0.231833 2.879848 -0.027297
vt 0.211621 0.572790
vn -0.041900 -0.264300 -0.963500
vn -0.041900 -0.264400 -0.963500
v -0.239034 2.882188 -0.027297
vt 0.214991 0.574305
vn -0.121500 -0.238500 -0.963500
v -0.245159 2.886638 -0.027297
vt 0.217858 0.577187
vn -0.189200 -0.189200 -0.963500
vn -0.189200 -0.189300 -0.963500
v -0.249609 2.892763 -0.027297
vt 0.219940 0.581155
vn -0.238500 -0.121500 -0.963500
vn -0.238400 -0.121500 -0.963500
v -0.251949 2.899964 -0.027297
vt 0.221035 0.585818
vn -0.264200 -0.042600 -0.963500
vn -0.264300 -0.042600 -0.963500
v -0.251949 3.092458 -0.027600
vt 0.219738 0.824701
vn -0.264400 0.041100 -0.963500
vn -0.264400 0.041300 -0.963500
v -0.249609 3.099659 -0.027600
vt 0.218643 0.829365
vn -0.238400 0.121500 -0.963500
vn -0.238500 0.121600 -0.963500
v -0.245159 3.105784 -0.027600
vt 0.216561 0.833332
vn -0.189300 0.189200 -0.963500
vn -0.189200 0.189200 -0.963500
v -0.239034 3.110235 -0.027600
vt 0.213694 0.836214
vn -0.121500 0.238500 -0.963500
v -0.231833 3.112575 -0.027600
vt 0.210323 0.837729
vn -0.041900 0.264400 -0.963500
v -0.224262 3.112575 -0.027600
vt 0.206780 0.837729
vn 0.041900 0.264400 -0.963500
vn 0.041800 0.264400 -0.963500
v -0.217060 3.110235 -0.027600
vt 0.203410 0.836214
vn 0.121500 0.238500 -0.963500
vn 0.121400 0.238500 -0.963500
v -0.210935 3.105784 -0.027600
vt 0.200543 0.833332
vn 0.189200 0.189200 -0.963500
vn 0.189300 0.189200 -0.963500
v -0.206485 3.099659 -0.027600
vt 0.198460 0.829365
vn 0.238500 0.121500 -0.963500
v -0.204145 3.092458 -0.027600
vt 0.197365 0.824701
vn 0.264500 0.041100 -0.963500
vn 0.264400 0.041200 -0.963500
vn -0.000100 -0.000800 -1.000000
v -0.228047 2.903750 -0.027297
vn -0.000000 -0.000900 -1.000000
vn 0.000100 -0.000800 -1.000000
vn 0.003400 -0.001200 -1.000000
vn 0.002100 -0.001300 -1.000000
vn 0.001200 -0.001400 -1.000000
vn 0.000700 -0.001400 -1.000000
vn 0.000200 -0.001400 -1.000000
vn -0.000200 -0.001400 -1.000000
vn -0.000700 -0.001400 -1.000000
vn -0.001200 -0.001400 -1.000000
vn -0.002100 -0.001300 -1.000000
vn -0.003400 -0.001200 -1.000000
v -0.458192 3.013256 0.079590
vt 0.347566 0.757612
v -0.455167 3.013256 0.084830
v -0.297983 3.013256 -0.005920
vt 0.247315 0.764033
v -0.301008 3.013256 -0.011160
v -0.458192 2.995106 0.079590
vt 0.347941 0.773541
v -0.301008 2.995106 -0.011160
vt 0.247246 0.782155
v -0.297983 2.995106 -0.005920
v -0.455167 2.995106 0.084830
vn 0.866000 -0.000000 -0.500000
vn -0.500000 -0.000000 -0.866000
vn 0.500000 -0.000000 0.866000
v -0.000928 3.013255 0.084830
v 0.002097 3.013255 0.079590
v -0.158112 3.013255 -0.005920
v -0.155087 3.013255 -0.011160
v -0.155087 2.995106 -0.011160
v 0.002097 2.995106 0.079590
v -0.158112 2.995106 -0.005920
v -0.000928 2.995106 0.084830
vn -0.866000 -0.000000 -0.500000
vn 0.500000 -0.000000 -0.866000
vn -0.500000 -0.000000 0.866000
v 0.030678 2.876557 0.084023
vt 0.977408 0.608251
v 0.019371 2.823359 0.084023
vt 0.976309 0.581756
v -0.228047 2.903749 0.084023
vt 0.869054 0.718311
v -0.002751 2.773675 0.084023
vt 0.970860 0.554975
v -0.034718 2.729675 0.084023
vt 0.963738 0.532519
v -0.075135 2.693283 0.084024
vt 0.949199 0.503586
v -0.122234 2.666090 0.084024
vt 0.928807 0.477499
v -0.173959 2.649285 0.084024
vt 0.900728 0.457820
v -0.228047 2.643600 0.084024
vt 0.873775 0.449930
v -0.282135 2.649285 0.084024
vt 0.900716 0.457791
v -0.333860 2.666090 0.084024
vt 0.928815 0.477442
v -0.380960 2.693284 0.084024
vt 0.949202 0.503535
v -0.421377 2.729675 0.084023
vt 0.963735 0.532524
v -0.453344 2.773675 0.084023
vt 0.970861 0.554990
v -0.475465 2.823359 0.084023
vt 0.976302 0.581742
v -0.486772 2.876557 0.084023
vt 0.977404 0.608227
v -0.486772 3.115319 0.084023
vt 0.973448 0.841344
v -0.475465 3.168516 0.084023
vt 0.971504 0.857781
v -0.453344 3.218201 0.084023
vt 0.966584 0.877863
v -0.421377 3.262200 0.084023
vt 0.959332 0.901161
v -0.380960 3.298592 0.084023
vt 0.944100 0.927873
v -0.333860 3.325785 0.084023
vt 0.927584 0.948132
v -0.282135 3.342591 0.084023
vt 0.898982 0.965869
v -0.228047 3.348276 0.084023
vt 0.868049 0.973867
v -0.173959 3.342591 0.084023
vt 0.899002 0.965856
v -0.122234 3.325785 0.084023
vt 0.927559 0.948019
v -0.075135 3.298591 0.084023
vt 0.944098 0.927965
v -0.034718 3.262200 0.084023
vt 0.959309 0.901146
v -0.002751 3.218201 0.084023
vt 0.966511 0.877464
v 0.019371 3.168516 0.084023
vt 0.971696 0.857635
v 0.030678 3.115319 0.084023
vt 0.973430 0.841347
v 0.019371 2.823359 0.093098
vt 0.562871 0.106722
vn -0.000400 0.000200 1.000000
v 0.030678 2.876557 0.093098
vt 0.563275 0.107931
vn -0.000600 -0.000200 1.000000
v -0.228047 2.995820 0.092962
vt 0.553290 0.112347
vn -0.000000 -0.000300 1.000000
v -0.002751 2.773675 0.093098
vt 0.562052 0.105577
v -0.034718 2.729675 0.093098
vt 0.560854 0.104547
vn -0.000300 0.000300 1.000000
v -0.075135 2.693284 0.093099
vt 0.559330 0.103677
vn -0.000200 0.000300 1.000000
v -0.122234 2.666091 0.093099
vt 0.557546 0.103005
vn -0.000200 0.000400 1.000000
v -0.173959 2.649285 0.093099
vt 0.555581 0.102561
vn -0.000100 0.000400 1.000000
v -0.228047 2.643600 0.093099
vt 0.553519 0.102362
vn -0.000000 0.000400 1.000000
v -0.282135 2.649285 0.093099
vt 0.551452 0.102420
vn 0.000100 0.000400 1.000000
v -0.333860 2.666091 0.093099
vt 0.549469 0.102730
vn 0.000200 0.000400 1.000000
v -0.380960 2.693284 0.093099
vt 0.547657 0.103279
vn 0.000200 0.000300 1.000000
v -0.421377 2.729675 0.093098
vt 0.546095 0.104044
vn 0.000300 0.000300 1.000000
v -0.453344 2.773675 0.093098
vt 0.544853 0.104991
vn 0.000400 0.000200 1.000000
v -0.475465 2.823359 0.093098
vt 0.543983 0.106078
v -0.486772 2.876557 0.093098
vt 0.543524 0.107258
vn 0.000600 -0.000200 1.000000
v -0.486772 3.115124 0.093263
vt 0.543308 0.116761
vn 0.001000 -0.000400 1.000000
v -0.475465 3.168322 0.093263
vt 0.543712 0.117971
vn 0.001000 -0.000300 1.000000
v -0.453344 3.218005 0.093263
vt 0.544531 0.119115
vn 0.000800 -0.000500 1.000000
v -0.421377 3.262005 0.093263
vt 0.545728 0.120145
vn 0.000700 -0.000600 1.000000
v -0.380960 3.298396 0.093263
vt 0.547252 0.121015
vn 0.000500 -0.000700 1.000000
v -0.333860 3.325589 0.093263
vt 0.549036 0.121687
vn 0.000400 -0.000800 1.000000
v -0.282135 3.342396 0.093263
vt 0.551002 0.122132
vn 0.000200 -0.000800 1.000000
v -0.228047 3.348081 0.093263
vt 0.553063 0.122330
vn -0.000000 -0.000900 1.000000
v -0.173959 3.342396 0.093263
vt 0.555131 0.122272
vn -0.000200 -0.000800 1.000000
v -0.122234 3.325589 0.093263
vt 0.557114 0.121962
vn -0.000400 -0.000800 1.000000
v -0.075135 3.298396 0.093263
vt 0.558925 0.121413
vn -0.000500 -0.000700 1.000000
v -0.034718 3.262005 0.093263
vt 0.560487 0.120648
vn -0.000700 -0.000600 1.000000
v -0.002751 3.218005 0.093263
vt 0.561730 0.119701
vn -0.000800 -0.000500 1.000000
v 0.019371 3.168322 0.093263
vt 0.562600 0.118614
vn -0.001000 -0.000300 1.000000
v 0.030678 3.115123 0.093263
vt 0.563058 0.117434
vn -0.001000 -0.000400 1.000000
vt 0.560437 0.120727
vt 0.545576 0.120727
vt 0.545576 0.105867
vt 0.560437 0.105867
v -0.002750 2.773675 0.084023
vn 0.913500 -0.406800 0.000100
vn 0.809000 -0.587800 0.000100
v -0.075135 2.693284 0.084024
vn 0.669100 -0.743200 -0.000000
v -0.122234 2.666091 0.084024
v -0.333860 2.666091 0.084024
vn -0.669100 -0.743200 -0.000000
v -0.486772 3.115124 0.084188
v -0.475465 3.168322 0.084188
v -0.453344 3.218005 0.084188
v -0.421377 3.262005 0.084188
v -0.380960 3.298396 0.084188
v -0.333860 3.325589 0.084188
v -0.282135 3.342396 0.084188
v -0.228047 3.348081 0.084188
v -0.173959 3.342396 0.084188
v -0.122234 3.325589 0.084188
v -0.075135 3.298396 0.084188
v -0.034718 3.262005 0.084188
v -0.002751 3.218005 0.084188
v 0.019371 3.168322 0.084188
vn 0.913500 0.406800 -0.000000
v 0.030678 3.115123 0.084188
vn 0.978200 0.207900 -0.000000
v -0.246197 2.845248 0.009048
vt 0.088827 0.270595
v -0.258297 2.845248 0.009048
vt 0.088007 0.249834
v -0.246197 2.845248 0.039298
vt 0.096375 0.270595
v -0.258297 2.845248 0.039298
vt 0.095555 0.249834
v -0.258297 2.784140 0.009048
vt 0.280677 0.303981
vt 0.279857 0.283220
v -0.246197 2.784141 0.009048
vt 0.288226 0.303981
vt 0.287405 0.283220
vt 0.250389 0.264718
vt 0.249569 0.243958
v -0.246197 2.784141 0.039298
vt 0.257937 0.264718
vt 0.257117 0.243958
vt 0.130767 0.256090
vt 0.129947 0.235329
v -0.258297 2.784141 0.039298
vt 0.138315 0.256090
vt 0.137495 0.235329
v -0.197797 2.845248 0.009048
vt 0.090877 0.258789
v -0.209897 2.845248 0.009048
vt 0.090057 0.238028
v -0.197797 2.845248 0.039298
vt 0.098425 0.258789
v -0.209897 2.845248 0.039298
vt 0.097605 0.238028
v -0.209897 2.784140 0.009048
vt 0.275762 0.270924
vt 0.274942 0.250163
v -0.197797 2.784140 0.009048
vt 0.283311 0.270924
vt 0.282490 0.250163
v -0.197797 2.784140 0.039298
vt 0.132817 0.244283
vt 0.131997 0.223523
v -0.209897 2.784140 0.039298
vt 0.140365 0.244283
vt 0.139545 0.223523
vt 0.252439 0.252912
vt 0.251619 0.232152
vt 0.259987 0.252912
vt 0.259167 0.232152
v -0.245290 2.767570 -0.012128
vt 0.198945 0.231775
v -0.210805 2.767570 -0.012128
vt 0.198945 0.253659
v -0.259810 2.767570 0.009048
vt 0.177061 0.231775
v -0.196285 2.767570 0.009048
vt 0.177061 0.253659
v -0.196285 2.776645 0.009048
vt 0.288854 0.241368
v -0.210805 2.776645 -0.012128
vt 0.288854 0.263252
v -0.259810 2.776645 0.009048
vt 0.266971 0.241368
v -0.245290 2.776645 -0.012128
vt 0.266971 0.263252
vn 0.824700 -0.000000 -0.565500
vn -0.824700 -0.000000 -0.565500
v -0.187210 2.809920 0.009048
v -0.196285 2.809920 0.009048
v -0.187210 2.809920 0.039298
v -0.196285 2.809920 0.039298
v -0.196285 2.767570 0.039298
v -0.187210 2.767570 0.039298
v -0.187210 2.767570 0.009048
vt 0.249073 0.305191
vt 0.238120 0.304185
vt 0.248602 0.280747
vt 0.238031 0.284544
v -0.259810 2.809920 0.009048
v -0.268885 2.809920 0.009048
v -0.259810 2.809920 0.039298
v -0.268885 2.809920 0.039298
v -0.268885 2.767570 0.039298
v -0.268885 2.767570 0.009048
v -0.259810 2.767570 0.039298
vt 0.249436 0.305960
vt 0.237351 0.301887
vt 0.248724 0.279747
vt 0.237465 0.284490
v -0.196285 2.776645 0.039298
v -0.259810 2.776645 0.039298
v -0.182672 2.800845 0.021148
vt 0.145270 0.504844
v -0.273422 2.800845 0.021148
vt 0.143353 0.592635
v -0.182672 2.800845 0.027197
vt 0.133808 0.504322
v -0.273422 2.800845 0.027197
vt 0.131892 0.592112
v -0.273422 2.791770 0.027197
v -0.273422 2.791770 0.021148
v -0.182672 2.791770 0.027197
v -0.182672 2.791770 0.021148
vt 0.144646 0.834002
vt 0.157525 0.832010
v -0.232585 3.201085 0.079474
vt 0.131208 0.277253
v -0.223510 3.201085 0.079474
vt 0.131288 0.279881
v -0.232585 3.201085 -0.077826
vt 0.116788 0.279172
v -0.223510 3.201085 -0.077826
vt 0.116987 0.281764
v -0.223510 3.192010 -0.077826
v -0.223510 3.192010 0.079474
v -0.232585 3.192010 -0.077826
v -0.232585 3.192010 0.079474
vt 0.105489 0.290127
v -0.238635 3.201329 0.084397
v -0.217460 3.201329 0.084397
v -0.238635 3.201329 0.066247
v -0.217460 3.201329 0.066247
v -0.217460 3.165029 0.066247
v -0.217460 3.165029 0.084397
v -0.238635 3.165029 0.066247
v -0.238635 3.165029 0.084397
vt 0.160315 0.280022
vt 0.159857 0.266760
vt 0.153403 0.280752
vt 0.153049 0.267416
f 1/1/1 2/2/2 3/3/3
f 3/3/3 4/4/4 1/1/1
f 5/1/5 1/2/6 4/3/7
f 4/3/7 6/4/8 5/1/5
f 7/1/9 5/2/10 6/3/11
f 6/3/11 8/4/12 7/1/9
f 2/1/13 7/2/14 8/3/15
f 8/3/15 3/4/16 2/1/13
f 9/1/17 10/2/18 11/3/19
f 11/3/19 12/4/20 9/1/17
f 13/1/21 14/2/22 10/3/23
f 10/3/23 9/4/24 13/1/21
f 15/1/25 16/2/26 14/3/27
f 14/3/27 13/4/28 15/1/25
f 17/1/29 18/2/30 16/3/31
f 16/3/31 15/4/32 17/1/29
f 19/1/33 20/2/34 18/3/35
f 18/3/35 17/4/36 19/1/33
f 21/1/37 22/2/38 20/3/39
f 20/3/39 19/4/40 21/1/37
f 23/1/41 9/2/41 12/3/41
f 12/3/41 24/4/41 23/1/41
f 25/1/42 13/2/42 9/3/43
f 9/3/43 23/4/43 25/1/42
f 26/1/44 15/2/44 13/3/44
f 13/3/44 25/4/44 26/1/44
f 27/1/45 17/2/45 15/3/45
f 15/3/45 26/4/45 27/1/45
f 28/1/46 19/2/46 17/3/46
f 17/3/46 27/4/46 28/1/46
f 29/1/47 21/2/47 19/3/47
f 19/3/47 28/4/48 29/1/47
f 30/1/49 23/2/50 24/3/51
f 24/3/51 31/4/52 30/1/49
f 32/1/53 25/2/54 23/3/55
f 23/3/55 30/4/56 32/1/53
f 33/1/57 26/2/58 25/3/59
f 25/3/59 32/4/60 33/1/57
f 34/1/61 27/2/62 26/3/63
f 26/3/63 33/4/64 34/1/61
f 35/1/65 28/2/66 27/3/67
f 27/3/67 34/4/68 35/1/65
f 36/1/69 29/2/70 28/3/71
f 28/3/71 35/4/72 36/1/69
f 10/1/73 30/2/73 31/3/73
f 31/3/73 11/4/73 10/1/73
f 14/1/74 32/2/74 30/3/75
f 30/3/75 10/4/75 14/1/74
f 16/1/76 33/2/76 32/3/77
f 32/3/77 14/4/77 16/1/76
f 18/1/78 34/2/78 33/3/78
f 33/3/78 16/4/78 18/1/78
f 20/1/79 35/2/80 34/3/79
f 34/3/79 18/4/81 20/1/79
f 22/1/82 36/2/83 35/3/82
f 35/3/82 20/4/82 22/1/82
f 37/1/84 38/2/85 39/3/86
f 39/3/86 40/4/87 37/1/84
f 41/1/88 42/2/89 38/3/90
f 38/3/90 37/4/91 41/1/88
f 43/1/92 44/2/93 42/3/94
f 42/3/94 41/4/95 43/1/92
f 45/1/96 37/2/97 40/3/98
f 40/3/98 46/4/99 45/1/96
f 47/1/100 41/2/101 37/3/102
f 37/3/102 45/4/103 47/1/100
f 48/1/104 43/2/105 41/3/106
f 41/3/106 47/4/107 48/1/104
f 49/1/108 45/2/109 46/3/110
f 46/3/110 50/4/111 49/1/108
f 51/1/112 47/2/113 45/3/114
f 45/3/114 49/4/115 51/1/112
f 52/1/116 48/2/117 47/3/118
f 47/3/118 51/4/119 52/1/116
f 38/1/120 49/2/121 50/3/122
f 50/3/122 39/4/123 38/1/120
f 42/1/124 51/2/125 49/3/126
f 49/3/126 38/4/127 42/1/124
f 44/1/128 52/2/129 51/3/130
f 51/3/130 42/4/131 44/1/128
f 53/5/132 54/6/132 55/7/132
f 55/7/132 56/8/132 53/5/132
f 57/5/133 58/6/133 54/7/133
f 54/7/133 53/8/133 57/5/133
f 59/5/134 57/6/134 53/7/134
f 53/7/134 56/8/134 59/5/134
f 60/5/135 59/6/135 56/7/135
f 56/7/135 55/8/135 60/5/135
f 61/5/132 62/6/132 63/7/132
f 63/7/132 64/8/132 61/5/132
f 65/5/136 66/6/136 67/7/136
f 67/7/136 68/8/136 65/5/136
f 68/5/133 67/6/133 63/7/133
f 63/7/133 62/8/133 68/5/133
f 65/5/134 68/6/134 62/7/134
f 62/7/134 61/8/134 65/5/134
f 67/5/137 66/6/137 64/7/137
f 64/7/137 63/8/137 67/5/137
f 69/9/132 70/10/132 71/11/132
f 71/11/132 72/12/132 69/9/132
f 73/13/132 69/9/132 72/12/132
f 72/12/132 74/14/132 73/13/132
f 75/15/136 76/16/136 77/17/136
f 77/17/136 78/18/136 75/15/136
f 79/19/136 80/20/136 76/16/136
f 76/16/136 75/15/136 79/19/136
f 78/21/138 77/22/138 71/23/138
f 71/23/138 70/24/138 78/21/138
f 75/25/139 78/26/140 70/27/140
f 70/27/140 69/28/139 75/25/139
f 79/29/141 75/25/139 69/28/139
f 69/28/139 73/30/141 79/29/141
f 76/25/142 80/29/143 74/30/143
f 74/30/143 72/28/142 76/25/142
f 77/26/144 76/25/142 72/28/142
f 72/28/142 71/27/144 77/26/144
f 81/31/132 82/32/132 83/33/132
f 83/33/132 84/34/132 81/31/132
f 85/35/136 86/36/136 87/37/136
f 87/37/136 88/38/136 85/35/136
f 88/31/138 87/32/138 83/33/138
f 83/33/138 82/34/138 88/31/138
f 85/35/145 88/36/145 82/37/145
f 82/37/145 81/38/145 85/35/145
f 86/35/146 85/36/146 81/37/146
f 81/37/146 84/38/146 86/35/146
f 87/39/147 86/40/147 84/41/147
f 84/41/147 83/42/147 87/39/147
f 89/31/132 90/32/132 91/33/132
f 91/33/132 92/34/132 89/31/132
f 93/35/136 94/36/136 95/37/136
f 95/37/136 96/38/136 93/35/136
f 96/31/148 95/32/148 91/33/148
f 91/33/148 90/34/148 96/31/148
f 93/39/149 96/40/149 90/41/149
f 90/41/149 89/42/149 93/39/149
f 94/35/146 93/36/146 89/37/146
f 89/37/146 92/38/146 94/35/146
f 95/35/147 94/36/147 92/37/147
f 92/37/147 91/38/147 95/35/147
f 97/31/132 98/32/132 99/33/132
f 99/33/132 100/34/132 97/31/132
f 101/35/136 102/36/136 103/37/136
f 103/37/136 104/38/136 101/35/136
f 104/31/138 103/32/138 99/33/138
f 99/33/138 98/34/138 104/31/138
f 101/35/145 104/36/145 98/37/145
f 98/37/145 97/38/145 101/35/145
f 102/35/146 101/36/146 97/37/146
f 97/37/146 100/38/146 102/35/146
f 103/39/147 102/40/147 100/41/147
f 100/41/147 99/42/147 103/39/147
f 105/31/132 106/32/132 107/33/132
f 107/33/132 108/34/132 105/31/132
f 109/35/136 110/36/136 111/37/136
f 111/37/136 112/38/136 109/35/136
f 112/31/148 111/32/148 107/33/148
f 107/33/148 106/34/148 112/31/148
f 109/39/149 112/40/149 106/41/149
f 106/41/149 105/42/149 109/39/149
f 110/35/146 109/36/146 105/37/146
f 105/37/146 108/38/146 110/35/146
f 111/35/147 110/36/147 108/37/147
f 108/37/147 107/38/147 111/35/147
f 113/43/132 114/44/132 115/45/132
f 113/43/132 115/45/132 116/46/132
f 113/43/132 116/46/132 117/47/132
f 113/43/132 117/47/132 118/48/132
f 113/43/132 118/48/132 119/49/132
f 113/43/132 119/49/132 120/50/132
f 113/43/132 120/50/132 121/51/132
f 113/43/132 121/51/132 122/52/132
f 113/43/132 122/52/132 123/53/132
f 113/43/132 123/53/132 124/54/132
f 113/43/132 124/54/132 125/55/132
f 113/43/132 125/55/132 126/56/132
f 126/41/150 125/42/150 127/39/150
f 127/39/150 128/40/150 126/41/150
f 125/41/151 124/42/151 129/39/151
f 129/39/151 127/40/151 125/41/151
f 124/41/152 123/42/152 130/39/152
f 130/39/152 129/40/152 124/41/152
f 123/41/153 122/42/153 131/39/153
f 131/39/153 130/40/153 123/41/153
f 122/41/154 121/42/154 132/39/154
f 132/39/154 131/40/154 122/41/154
f 121/41/155 120/42/155 133/39/155
f 133/39/155 132/40/155 121/41/155
f 120/41/156 119/42/156 134/39/156
f 134/39/156 133/40/156 120/41/156
f 119/41/157 118/42/157 135/39/157
f 135/39/157 134/40/157 119/41/157
f 118/41/158 117/42/159 136/39/158
f 136/39/158 135/40/158 118/41/158
f 117/41/160 116/42/160 137/39/160
f 137/39/160 136/40/160 117/41/160
f 116/41/161 115/42/161 138/39/161
f 138/39/161 137/40/161 116/41/161
f 115/41/162 114/42/162 139/39/162
f 139/39/162 138/40/162 115/41/162
f 140/57/136 128/58/136 127/59/136
f 140/57/136 127/59/136 129/60/136
f 140/57/136 129/60/136 130/61/136
f 140/57/136 130/61/136 131/62/136
f 140/57/136 131/62/136 132/63/136
f 140/57/136 132/63/136 133/64/136
f 140/57/136 133/64/136 134/65/136
f 140/57/136 134/65/136 135/66/136
f 140/57/136 135/66/136 136/67/136
f 140/57/136 136/67/136 137/68/136
f 140/57/136 137/68/136 138/69/136
f 140/57/136 138/69/136 139/70/136
f 141/71/132 84/72/132 142/73/132
f 141/71/132 142/73/132 143/74/132
f 141/71/132 143/74/132 144/75/132
f 141/71/132 144/75/132 145/76/132
f 141/71/132 145/76/132 146/77/132
f 141/71/132 146/77/132 147/78/132
f 141/71/132 147/78/132 148/79/132
f 141/71/132 148/79/132 149/80/132
f 141/71/132 149/80/132 150/81/132
f 141/71/132 150/81/132 151/82/132
f 141/71/132 151/82/132 152/83/132
f 141/71/132 152/83/132 89/84/132
f 89/41/150 152/42/150 153/39/150
f 153/39/150 93/40/150 89/41/150
f 152/41/151 151/42/151 154/39/151
f 154/39/151 153/40/151 152/41/151
f 151/41/152 150/42/152 155/39/152
f 155/39/152 154/40/152 151/41/152
f 150/41/153 149/42/153 156/39/153
f 156/39/153 155/40/153 150/41/153
f 149/41/154 148/42/154 157/39/154
f 157/39/154 156/40/154 149/41/154
f 148/41/155 147/42/155 158/39/155
f 158/39/155 157/40/155 148/41/155
f 147/41/156 146/42/156 159/39/156
f 159/39/156 158/40/156 147/41/156
f 146/41/157 145/42/157 160/39/157
f 160/39/157 159/40/157 146/41/157
f 145/41/158 144/42/158 161/39/158
f 161/39/158 160/40/158 145/41/158
f 144/41/160 143/42/160 162/39/160
f 162/39/160 161/40/160 144/41/160
f 143/41/161 142/42/161 163/39/161
f 163/39/161 162/40/161 143/41/161
f 142/41/162 84/42/162 86/39/162
f 86/39/162 163/40/162 142/41/162
f 164/57/136 93/58/136 153/59/136
f 164/57/136 153/59/136 154/60/136
f 164/57/136 154/60/136 155/61/136
f 164/57/136 155/61/136 156/62/136
f 164/57/136 156/62/136 157/63/136
f 164/57/136 157/63/136 158/64/136
f 164/57/136 158/64/136 159/65/136
f 164/57/136 159/65/136 160/66/136
f 164/57/136 160/66/136 161/67/136
f 164/57/136 161/67/136 162/68/136
f 164/57/136 162/68/136 163/69/136
f 164/57/136 163/69/136 86/70/136
f 165/85/132 166/86/132 167/87/132
f 167/87/132 168/88/132 165/85/132
f 169/85/136 170/86/136 171/87/136
f 171/87/136 172/88/136 169/85/136
f 172/89/148 171/90/148 167/91/148
f 167/91/148 166/92/148 172/89/148
f 169/39/145 172/40/145 166/41/145
f 166/41/145 165/42/145 169/39/145
f 170/85/146 169/86/146 165/87/146
f 165/87/146 168/88/146 170/85/146
f 171/39/163 170/40/163 168/41/163
f 168/41/163 167/42/163 171/39/163
f 173/93/136 174/94/136 175/95/136
f 175/95/136 176/96/136 173/93/136
f 177/93/132 178/94/132 179/95/132
f 179/95/132 180/96/132 177/93/132
f 180/97/164 179/98/164 175/99/164
f 175/99/164 174/100/164 180/97/164
f 177/97/149 180/98/149 174/99/149
f 174/99/149 173/100/149 177/97/149
f 178/97/165 177/101/165 173/99/165
f 173/99/165 176/102/165 178/97/165
f 179/97/166 178/101/166 176/99/166
f 176/99/166 175/102/166 179/97/166
f 181/103/132 182/104/132 183/105/132
f 183/105/132 184/106/132 181/103/132
f 185/107/136 186/108/136 187/109/136
f 187/109/136 188/110/136 185/107/136
f 188/103/148 187/104/148 183/105/148
f 183/105/148 182/106/148 188/103/148
f 185/111/149 188/112/149 182/112/149
f 182/112/149 181/111/149 185/111/149
f 186/113/146 185/111/146 181/111/146
f 181/111/146 184/113/146 186/113/146
f 187/114/163 186/115/163 184/116/163
f 184/116/163 183/117/163 187/114/163
f 189/107/167 190/108/167 191/109/168
f 191/109/168 192/110/168 189/107/167
f 190/118/169 189/119/169 193/120/169
f 193/120/169 194/121/169 190/118/169
f 191/122/163 190/123/163 194/124/163
f 192/125/149 193/126/149 189/127/149
f 195/103/170 196/128/171 197/105/172
f 197/105/172 198/106/173 195/103/170
f 199/103/132 195/129/132 198/105/132
f 198/105/132 200/106/132 199/103/132
f 201/107/174 202/130/175 203/109/176
f 203/109/176 204/131/177 201/107/174
f 205/107/136 206/130/136 202/109/136
f 202/109/136 201/132/136 205/107/136
f 204/133/178 203/134/178 197/134/178
f 197/134/178 196/133/178 204/133/178
f 201/114/179 204/135/179 196/116/179
f 196/116/179 195/136/179 201/114/179
f 205/114/180 201/135/180 195/116/180
f 195/116/180 199/136/180 205/114/180
f 206/137/146 205/138/146 199/138/146
f 199/138/146 200/137/146 206/137/146
f 202/139/181 206/140/181 200/141/181
f 200/141/181 198/142/181 202/139/181
f 203/114/182 202/135/182 198/116/182
f 198/116/182 197/136/182 203/114/182
f 207/103/132 208/104/132 209/105/132
f 209/105/132 210/106/132 207/103/132
f 211/107/136 212/108/136 213/109/136
f 213/109/136 214/110/136 211/107/136
f 214/114/138 213/115/138 209/116/138
f 209/116/138 208/117/138 214/114/138
f 211/114/149 214/135/149 208/116/149
f 208/116/149 207/136/149 211/114/149
f 212/114/146 211/135/146 207/116/146
f 207/116/146 210/136/146 212/114/146
f 213/114/163 212/115/163 210/116/163
f 210/116/163 209/117/163 213/114/163
f 215/103/132 216/104/132 217/105/132
f 217/105/132 218/106/132 215/103/132
f 219/107/136 220/108/136 221/109/136
f 221/109/136 222/110/136 219/107/136
f 222/103/148 221/104/148 217/105/148
f 217/105/148 216/106/148 222/103/148
f 219/114/145 222/135/145 216/116/145
f 216/116/145 215/136/145 219/114/145
f 220/143/183 219/144/183 215/144/183
f 215/144/183 218/143/183 220/143/183
f 221/145/147 220/143/147 218/143/147
f 218/143/147 217/145/147 221/145/147
f 223/105/132 184/146/132 224/147/132
f 223/105/132 224/147/132 225/148/132
f 223/105/132 225/148/132 226/149/132
f 223/105/132 226/149/132 227/150/132
f 223/105/132 227/150/132 228/151/132
f 223/105/132 228/151/132 229/152/132
f 223/105/132 229/152/132 230/153/132
f 223/105/132 230/153/132 231/154/132
f 223/105/132 231/154/132 232/155/132
f 223/105/132 232/155/132 233/156/132
f 223/105/132 233/156/132 234/103/132
f 223/105/132 234/103/132 215/157/132
f 223/158/138 215/144/138 219/144/138
f 219/144/138 235/158/138 223/158/138
f 215/116/184 234/117/184 236/114/184
f 236/114/184 219/115/184 215/116/184
f 234/116/151 233/117/151 237/114/151
f 237/114/151 236/115/151 234/116/151
f 233/116/152 232/117/152 238/114/152
f 238/114/152 237/115/152 233/116/152
f 232/116/153 231/136/153 239/114/153
f 239/114/153 238/135/153 232/116/153
f 231/116/154 230/117/154 240/114/154
f 240/114/154 239/115/154 231/116/154
f 230/116/155 229/117/155 241/114/155
f 241/114/155 240/115/155 230/116/155
f 229/116/156 228/136/156 242/114/156
f 242/114/156 241/135/156 229/116/156
f 228/116/157 227/117/157 243/114/157
f 243/114/157 242/115/157 228/116/157
f 227/116/158 226/117/158 244/114/158
f 244/114/158 243/115/158 227/116/158
f 226/116/160 225/136/160 245/114/160
f 245/114/160 244/135/160 226/116/160
f 225/116/161 224/117/161 246/114/161
f 246/114/161 245/115/161 225/116/161
f 224/116/162 184/136/162 186/114/162
f 186/114/162 246/135/162 224/116/162
f 184/113/148 223/158/148 235/158/148
f 235/158/148 186/113/148 184/113/148
f 235/109/136 219/110/136 236/107/136
f 235/109/136 236/107/136 237/159/136
f 235/109/136 237/159/136 238/160/136
f 235/109/136 238/160/136 239/161/136
f 235/109/136 239/161/136 240/162/136
f 235/109/136 240/162/136 241/163/136
f 235/109/136 241/163/136 242/164/136
f 235/109/136 242/164/136 243/165/136
f 235/109/136 243/165/136 244/166/136
f 235/109/136 244/166/136 245/167/136
f 235/109/136 245/167/136 246/168/136
f 235/109/136 246/168/136 186/169/136
f 247/170/185 248/171/186 249/172/187
f 248/171/186 250/173/188 249/172/187
f 248/171/186 251/174/189 250/173/188
f 251/174/189 252/175/190 250/173/188
f 251/174/189 253/176/191 252/175/190
f 253/176/191 254/177/192 252/175/190
f 253/178/193 255/179/194 254/180/195
f 255/179/194 256/181/196 254/180/195
f 255/178/197 257/179/198 256/180/199
f 257/179/198 258/181/200 256/180/199
f 257/178/201 259/179/202 258/180/203
f 259/179/202 260/181/204 258/180/203
f 259/178/205 261/179/206 260/180/207
f 261/179/206 262/181/208 260/180/207
f 261/178/135 247/179/135 262/180/135
f 247/179/135 249/181/135 262/180/135
f 263/182/209 264/183/210 247/170/185
f 264/183/210 248/171/186 247/170/185
f 264/183/210 265/184/211 248/171/186
f 265/184/211 251/174/189 248/171/186
f 265/184/211 266/185/212 251/174/189
f 266/185/212 253/176/191 251/174/189
f 266/178/213 267/179/214 253/180/215
f 267/179/214 255/181/216 253/180/215
f 267/178/217 268/179/218 255/180/219
f 268/179/218 257/181/220 255/180/219
f 268/178/221 269/179/222 257/180/223
f 269/179/222 259/181/224 257/180/223
f 269/178/225 270/179/226 259/180/227
f 270/179/226 261/181/228 259/180/227
f 270/178/135 263/179/135 261/180/135
f 263/179/135 247/181/135 261/180/135
f 271/186/229 272/187/230 263/182/209
f 272/187/230 264/183/210 263/182/209
f 272/187/230 273/188/231 264/183/210
f 273/188/231 265/184/211 264/183/210
f 273/188/231 274/189/232 265/184/211
f 274/189/232 266/185/212 265/184/211
f 274/178/233 275/179/234 266/180/235
f 275/179/234 267/181/236 266/180/235
f 275/178/237 276/179/238 267/180/239
f 276/179/238 268/181/240 267/180/239
f 276/178/241 277/179/242 268/180/243
f 277/179/242 269/181/244 268/180/243
f 277/178/245 278/179/246 269/180/247
f 278/179/246 270/181/248 269/180/247
f 278/178/135 271/179/135 270/180/135
f 271/179/135 263/181/135 270/180/135
f 279/190/249 280/191/250 271/186/229
f 280/191/250 272/187/230 271/186/229
f 280/191/250 281/192/251 272/187/230
f 281/192/251 273/188/231 272/187/230
f 281/192/251 282/193/252 273/188/231
f 282/193/252 274/189/232 273/188/231
f 282/178/253 283/179/254 274/180/255
f 283/179/254 275/181/256 274/180/255
f 283/178/257 284/179/258 275/180/259
f 284/179/258 276/181/260 275/180/259
f 284/178/261 285/179/262 276/180/263
f 285/179/262 277/181/264 276/180/263
f 285/178/265 286/179/266 277/180/267
f 286/179/266 278/181/268 277/180/267
f 286/178/135 279/179/135 278/180/135
f 279/179/135 271/181/135 278/180/135
f 287/194/269 288/195/270 279/190/249
f 288/195/270 280/191/250 279/190/249
f 288/195/270 289/196/271 280/191/250
f 289/196/271 281/192/251 280/191/250
f 289/196/271 290/197/272 281/192/251
f 290/197/272 282/193/252 281/192/251
f 290/178/133 291/179/133 282/180/133
f 291/179/133 283/181/133 282/180/133
f 291/178/273 292/179/274 283/180/275
f 292/179/274 284/181/276 283/180/275
f 292/178/277 293/179/278 284/180/279
f 293/179/278 285/181/280 284/180/279
f 293/178/281 294/179/282 285/180/283
f 294/179/282 286/181/284 285/180/283
f 294/178/135 287/179/135 286/180/135
f 287/179/135 279/181/135 286/180/135
f 295/198/285 296/199/286 287/194/269
f 296/199/286 288/195/270 287/194/269
f 296/199/286 297/200/287 288/195/270
f 297/200/287 289/196/271 288/195/270
f 297/200/287 298/201/288 289/196/271
f 298/201/288 290/197/272 289/196/271
f 298/178/133 299/179/133 290/180/133
f 299/179/133 291/181/133 290/180/133
f 299/178/289 300/179/290 291/180/291
f 300/179/290 292/181/292 291/180/291
f 300/178/293 301/179/294 292/180/295
f 301/179/294 293/181/296 292/180/295
f 301/178/297 302/179/298 293/180/299
f 302/179/298 294/181/300 293/180/299
f 302/178/135 295/179/135 294/180/135
f 295/179/135 287/181/135 294/180/135
f 303/202/301 304/203/302 295/198/285
f 304/203/302 296/199/286 295/198/285
f 304/203/302 305/204/303 296/199/286
f 305/204/303 297/200/287 296/199/286
f 305/204/303 306/205/304 297/200/287
f 306/205/304 298/201/288 297/200/287
f 306/178/133 307/179/133 298/180/133
f 307/179/133 299/181/133 298/180/133
f 307/178/305 308/179/306 299/180/307
f 308/179/306 300/181/308 299/180/307
f 308/178/309 309/179/310 300/180/311
f 309/179/310 301/181/312 300/180/311
f 309/178/313 310/179/314 301/180/315
f 310/179/314 302/181/316 301/180/315
f 310/178/135 303/179/135 302/180/135
f 303/179/135 295/181/135 302/180/135
f 311/206/317 312/207/318 303/202/301
f 312/207/318 304/203/302 303/202/301
f 312/207/318 313/208/319 304/203/302
f 313/208/319 305/204/303 304/203/302
f 313/208/319 314/209/320 305/204/303
f 314/209/320 306/205/304 305/204/303
f 314/178/133 315/179/133 306/180/133
f 315/179/133 307/181/133 306/180/133
f 315/178/321 316/179/322 307/180/323
f 316/179/322 308/181/324 307/180/323
f 316/178/325 317/179/326 308/180/327
f 317/179/326 309/181/328 308/180/327
f 317/178/329 318/179/330 309/180/331
f 318/179/330 310/181/332 309/180/331
f 318/178/135 311/179/135 310/180/135
f 311/179/135 303/181/135 310/180/135
f 319/210/333 320/211/334 311/206/317
f 320/211/334 312/207/318 311/206/317
f 320/211/334 321/212/335 312/207/318
f 321/212/335 313/208/319 312/207/318
f 321/212/335 322/213/336 313/208/319
f 322/213/336 314/209/320 313/208/319
f 322/178/133 323/179/133 314/180/133
f 323/179/133 315/181/133 314/180/133
f 323/178/337 324/179/338 315/180/339
f 324/179/338 316/181/340 315/180/339
f 324/178/341 325/179/342 316/180/343
f 325/179/342 317/181/344 316/180/343
f 325/178/345 326/179/346 317/180/347
f 326/179/346 318/181/348 317/180/347
f 326/178/135 319/179/135 318/180/135
f 319/179/135 311/181/135 318/180/135
f 327/178/135 328/179/135 326/180/135
f 328/179/135 319/181/135 326/180/135
f 249/181/349 250/180/349 329/179/350
f 250/181/351 252/180/351 329/179/352
f 252/181/353 254/180/353 329/179/354
f 254/181/355 256/180/355 329/179/356
f 256/181/357 258/180/357 329/179/358
f 258/181/359 260/180/359 329/179/356
f 260/181/360 262/180/360 329/179/350
f 262/181/361 249/180/361 329/179/358
f 330/171/362 331/170/363 332/172/364
f 333/173/365 330/171/362 332/172/364
f 334/174/366 330/171/362 333/173/365
f 335/175/367 334/174/366 333/173/365
f 336/176/368 334/174/366 335/175/367
f 337/177/369 336/176/368 335/175/367
f 338/179/370 336/178/371 337/180/372
f 339/181/373 338/179/370 337/180/372
f 340/179/374 338/178/375 339/180/376
f 341/181/377 340/179/374 339/180/376
f 342/179/378 340/178/379 341/180/380
f 343/181/381 342/179/378 341/180/380
f 344/179/382 342/178/383 343/180/384
f 345/181/385 344/179/382 343/180/384
f 331/179/135 344/178/135 345/180/135
f 332/181/135 331/179/135 345/180/135
f 346/183/386 347/182/387 331/170/363
f 330/171/362 346/183/386 331/170/363
f 348/184/388 346/183/386 330/171/362
f 334/174/366 348/184/388 330/171/362
f 349/185/389 348/184/388 334/174/366
f 336/176/368 349/185/389 334/174/366
f 350/179/390 349/178/391 336/180/392
f 338/181/393 350/179/390 336/180/392
f 351/179/394 350/178/395 338/180/396
f 340/181/397 351/179/394 338/180/396
f 352/179/398 351/178/399 340/180/400
f 342/181/401 352/179/398 340/180/400
f 353/179/402 352/178/403 342/180/404
f 344/181/405 353/179/402 342/180/404
f 347/179/135 353/178/135 344/180/135
f 331/181/135 347/179/135 344/180/135
f 354/187/406 355/186/407 347/182/387
f 346/183/386 354/187/406 347/182/387
f 356/188/408 354/187/406 346/183/386
f 348/184/388 356/188/408 346/183/386
f 357/189/409 356/188/408 348/184/388
f 349/185/389 357/189/409 348/184/388
f 358/179/410 357/178/411 349/180/412
f 350/181/413 358/179/410 349/180/412
f 359/179/414 358/178/415 350/180/416
f 351/181/417 359/179/414 350/180/416
f 360/179/418 359/178/419 351/180/420
f 352/181/421 360/179/418 351/180/420
f 361/179/422 360/178/423 352/180/424
f 353/181/425 361/179/422 352/180/424
f 355/179/135 361/178/135 353/180/135
f 347/181/135 355/179/135 353/180/135
f 362/191/426 363/190/427 355/186/407
f 354/187/406 362/191/426 355/186/407
f 364/192/428 362/191/426 354/187/406
f 356/188/408 364/192/428 354/187/406
f 365/193/429 364/192/428 356/188/408
f 357/189/409 365/193/429 356/188/408
f 366/179/430 365/178/431 357/180/432
f 358/181/433 366/179/430 357/180/432
f 367/179/434 366/178/435 358/180/436
f 359/181/437 367/179/434 358/180/436
f 368/179/438 367/178/439 359/180/440
f 360/181/441 368/179/438 359/180/440
f 369/179/442 368/178/443 360/180/444
f 361/181/445 369/179/442 360/180/444
f 363/179/135 369/178/135 361/180/135
f 355/181/135 363/179/135 361/180/135
f 370/195/446 371/194/447 363/190/427
f 362/191/426 370/195/446 363/190/427
f 372/196/448 370/195/446 362/191/426
f 364/192/428 372/196/448 362/191/426
f 373/197/449 372/196/448 364/192/428
f 365/193/429 373/197/449 364/192/428
f 374/179/133 373/178/133 365/180/133
f 366/181/133 374/179/133 365/180/133
f 375/179/450 374/178/451 366/180/452
f 367/181/453 375/179/450 366/180/452
f 376/179/454 375/178/455 367/180/456
f 368/181/457 376/179/454 367/180/456
f 377/179/458 376/178/459 368/180/460
f 369/181/461 377/179/458 368/180/460
f 371/179/135 377/178/135 369/180/135
f 363/181/135 371/179/135 369/180/135
f 378/199/462 379/198/463 371/194/447
f 370/195/446 378/199/462 371/194/447
f 380/200/464 378/199/462 370/195/446
f 372/196/448 380/200/464 370/195/446
f 381/201/465 380/200/464 372/196/448
f 373/197/449 381/201/465 372/196/448
f 382/179/133 381/178/133 373/180/133
f 374/181/133 382/179/133 373/180/133
f 383/179/466 382/178/467 374/180/468
f 375/181/469 383/179/466 374/180/468
f 384/179/470 383/178/471 375/180/472
f 376/181/473 384/179/470 375/180/472
f 385/179/474 384/178/475 376/180/476
f 377/181/477 385/179/474 376/180/476
f 379/179/135 385/178/135 377/180/135
f 371/181/135 379/179/135 377/180/135
f 386/203/478 387/202/479 379/198/463
f 378/199/462 386/203/478 379/198/463
f 388/204/480 386/203/478 378/199/462
f 380/200/464 388/204/480 378/199/462
f 389/205/481 388/204/480 380/200/464
f 381/201/465 389/205/481 380/200/464
f 390/179/133 389/178/133 381/180/133
f 382/181/133 390/179/133 381/180/133
f 391/179/482 390/178/483 382/180/484
f 383/181/485 391/179/482 382/180/484
f 392/179/486 391/178/487 383/180/488
f 384/181/489 392/179/486 383/180/488
f 393/179/490 392/178/491 384/180/492
f 385/181/493 393/179/490 384/180/492
f 387/179/135 393/178/135 385/180/135
f 379/181/135 387/179/135 385/180/135
f 394/207/494 328/206/495 387/202/479
f 386/203/478 394/207/494 387/202/479
f 395/208/496 394/207/494 386/203/478
f 388/204/480 395/208/496 386/203/478
f 396/209/497 395/208/496 388/204/480
f 389/205/481 396/209/497 388/204/480
f 397/179/133 396/178/133 389/180/133
f 390/181/133 397/179/133 389/180/133
f 398/179/498 397/178/499 390/180/500
f 391/181/501 398/179/498 390/180/500
f 399/179/502 398/178/503 391/180/504
f 392/181/505 399/179/502 391/180/504
f 327/179/506 399/178/507 392/180/508
f 393/181/509 327/179/506 392/180/508
f 328/179/135 327/178/135 393/180/135
f 387/181/135 328/179/135 393/180/135
f 400/211/510 319/210/511 328/206/495
f 394/207/494 400/211/510 328/206/495
f 401/212/512 400/211/510 394/207/494
f 395/208/496 401/212/512 394/207/494
f 322/213/513 401/212/512 395/208/496
f 396/209/497 322/213/513 395/208/496
f 323/179/133 322/178/133 396/180/133
f 397/181/133 323/179/133 396/180/133
f 402/179/514 323/178/515 397/180/516
f 398/181/517 402/179/514 397/180/516
f 403/179/518 402/178/519 398/180/520
f 399/181/521 403/179/518 398/180/520
f 326/179/522 403/178/523 399/180/524
f 327/181/525 326/179/522 399/180/524
f 319/179/135 326/178/135 327/180/135
f 328/181/135 319/179/135 327/180/135
f 311/179/135 318/178/135 326/180/135
f 319/181/135 311/179/135 326/180/135
f 333/180/526 332/181/526 404/179/527
f 335/180/528 333/181/528 404/179/527
f 337/180/529 335/181/529 404/179/530
f 339/180/531 337/181/531 404/179/527
f 341/180/532 339/181/532 404/179/533
f 343/180/534 341/181/534 404/179/535
f 345/180/536 343/181/536 404/179/527
f 332/180/537 345/181/537 404/179/535
f 405/214/133 406/215/133 407/216/133
f 408/217/133 405/214/133 407/216/133
f 409/218/133 408/217/133 407/216/133
f 410/219/133 409/218/133 407/216/133
f 411/220/133 410/219/133 407/216/133
f 412/221/133 411/220/133 407/216/133
f 413/222/133 412/221/133 407/216/133
f 414/223/133 413/222/133 407/216/133
f 415/224/133 414/223/133 407/216/133
f 416/225/133 415/224/133 407/216/133
f 417/226/133 416/225/133 407/216/133
f 418/227/133 417/226/133 407/216/133
f 419/228/133 418/227/133 407/216/133
f 420/229/133 419/228/133 407/216/133
f 421/230/133 420/229/133 407/216/133
f 422/231/133 421/230/133 407/216/133
f 423/232/133 422/231/133 407/216/133
f 424/233/133 423/232/133 407/216/133
f 425/234/133 424/233/133 407/216/133
f 426/235/133 425/234/133 407/216/133
f 427/236/133 426/235/133 407/216/133
f 428/237/133 427/236/133 407/216/133
f 429/238/133 428/237/133 407/216/133
f 430/239/133 429/238/133 407/216/133
f 431/240/133 430/239/133 407/216/133
f 432/241/133 431/240/133 407/216/133
f 433/242/133 432/241/133 407/216/133
f 434/243/133 433/242/133 407/216/133
f 435/244/133 434/243/133 407/216/133
f 406/215/133 435/244/133 407/216/133
f 436/245/538 437/246/134 406/246/134
f 405/245/539 436/245/538 406/246/134
f 438/247/540 436/245/538 405/245/539
f 408/247/540 438/247/540 405/245/539
f 439/248/541 438/247/540 408/247/540
f 409/248/541 439/248/541 408/247/540
f 440/249/542 439/248/541 409/248/541
f 410/249/542 440/249/542 409/248/541
f 441/250/543 440/249/542 410/249/542
f 411/250/543 441/250/543 410/249/542
f 442/251/544 441/250/543 411/250/543
f 412/251/544 442/251/544 411/250/543
f 443/252/545 442/251/544 412/251/544
f 413/252/545 443/252/545 412/251/544
f 444/253/546 443/252/545 413/252/545
f 414/253/546 444/253/546 413/252/545
f 445/254/547 444/253/546 414/253/546
f 415/254/547 445/254/547 414/253/546
f 446/255/548 445/254/547 415/254/547
f 416/255/548 446/255/548 415/254/547
f 447/256/549 446/255/548 416/255/548
f 417/256/549 447/256/549 416/255/548
f 448/257/550 447/256/549 417/256/549
f 418/257/550 448/257/550 417/256/549
f 449/258/551 448/257/550 418/257/550
f 419/258/551 449/258/551 418/257/550
f 450/259/552 449/258/551 419/258/551
f 420/259/553 450/259/552 419/258/551
f 451/260/137 450/259/552 420/259/553
f 421/260/137 451/260/137 420/259/553
f 452/261/554 451/260/137 421/260/137
f 422/261/554 452/261/554 421/260/137
f 453/262/555 452/261/554 422/261/554
f 423/262/555 453/262/555 422/261/554
f 454/263/556 453/262/555 423/262/555
f 424/263/556 454/263/556 423/262/555
f 455/264/557 454/263/556 424/263/556
f 425/264/557 455/264/557 424/263/556
f 456/265/558 455/264/557 425/264/557
f 426/265/558 456/265/558 425/264/557
f 457/266/559 456/265/558 426/265/558
f 427/266/559 457/266/559 426/265/558
f 458/267/560 457/266/559 427/266/559
f 428/267/560 458/267/560 427/266/559
f 459/268/561 458/267/560 428/267/560
f 429/268/561 459/268/561 428/267/560
f 460/269/562 459/268/561 429/268/561
f 430/269/562 460/269/562 429/268/561
f 461/270/563 460/269/562 430/269/562
f 431/270/563 461/270/563 430/269/562
f 462/271/564 461/270/563 431/270/563
f 432/271/564 462/271/564 431/270/563
f 463/272/565 462/271/564 432/271/564
f 433/272/565 463/272/565 432/271/564
f 464/273/566 463/272/565 433/272/565
f 434/273/566 464/273/566 433/272/565
f 465/274/567 464/273/566 434/273/566
f 435/274/567 465/274/567 434/273/566
f 437/246/134 465/274/567 435/274/567
f 406/246/134 437/246/134 435/274/567
f 437/246/135 436/245/135 466/275/135
f 436/245/135 438/247/135 466/275/135
f 438/247/135 439/248/135 466/275/135
f 439/248/135 440/249/135 466/275/135
f 440/249/135 441/250/135 466/275/135
f 441/250/135 442/251/135 466/275/135
f 442/251/135 443/252/135 466/275/135
f 443/252/135 444/253/135 466/275/135
f 444/253/135 445/254/135 466/275/135
f 445/254/135 446/255/135 466/275/135
f 446/255/135 447/256/135 466/275/135
f 447/256/135 448/257/135 466/275/135
f 448/257/135 449/258/135 466/275/135
f 449/258/135 450/259/135 466/275/135
f 450/259/135 451/260/135 466/275/135
f 451/260/135 452/261/135 466/275/135
f 452/261/135 453/262/135 466/275/135
f 453/262/135 454/263/135 466/275/135
f 454/263/135 455/264/135 466/275/135
f 455/264/135 456/265/135 466/275/135
f 456/265/135 457/266/135 466/275/135
f 457/266/135 458/267/135 466/275/135
f 458/267/135 459/268/135 466/275/135
f 459/268/135 460/269/135 466/275/135
f 460/269/135 461/270/135 466/275/135
f 461/270/135 462/271/135 466/275/135
f 462/271/135 463/272/135 466/275/135
f 463/272/135 464/273/135 466/275/135
f 464/273/135 465/274/135 466/275/135
f 465/274/135 437/246/135 466/275/135
f 467/276/568 468/277/568 469/278/569
f 470/279/569 469/278/569 468/277/568
f 471/276/570 472/277/571 473/278/572
f 474/279/571 473/278/572 472/277/571
f 470/276/573 471/277/574 469/278/573
f 473/279/574 469/278/573 471/277/574
f 468/276/575 472/277/575 470/278/575
f 471/279/575 470/278/575 472/277/575
f 469/276/576 473/277/576 467/278/576
f 474/279/576 467/278/576 473/277/576
f 475/276/577 476/277/577 477/278/578
f 478/279/578 477/278/578 476/277/577
f 479/276/579 480/277/579 481/278/579
f 482/279/579 481/278/579 480/277/579
f 478/276/580 479/277/581 477/278/581
f 481/279/581 477/278/581 479/277/581
f 476/276/582 480/277/582 478/278/583
f 479/279/583 478/278/583 480/277/582
f 477/276/584 481/277/584 475/278/584
f 482/279/584 475/278/584 481/277/584
f 483/170/185 484/171/186 485/172/187
f 484/171/186 486/173/188 485/172/187
f 484/171/186 487/174/189 486/173/188
f 487/174/189 488/175/190 486/173/188
f 487/174/189 489/176/191 488/175/190
f 489/176/191 490/177/585 488/175/190
f 489/178/586 491/179/587 490/180/588
f 491/179/587 492/181/589 490/180/588
f 491/178/197 493/179/198 492/180/199
f 493/179/198 494/181/200 492/180/199
f 493/178/201 495/179/202 494/180/203
f 495/179/202 496/181/204 494/180/203
f 495/178/205 497/179/206 496/180/207
f 497/179/206 498/181/208 496/180/207
f 497/178/135 483/179/135 498/180/135
f 483/179/135 485/181/135 498/180/135
f 499/182/209 500/183/210 483/170/185
f 500/183/210 484/171/186 483/170/185
f 500/183/210 501/184/211 484/171/186
f 501/184/211 487/174/189 484/171/186
f 501/184/211 502/185/212 487/174/189
f 502/185/212 489/176/191 487/174/189
f 502/178/590 503/179/591 489/180/592
f 503/179/591 491/181/593 489/180/592
f 503/178/217 504/179/218 491/180/219
f 504/179/218 493/181/220 491/180/219
f 504/178/221 505/179/222 493/180/223
f 505/179/222 495/181/224 493/180/223
f 505/178/225 506/179/226 495/180/227
f 506/179/226 497/181/228 495/180/227
f 506/178/135 499/179/135 497/180/135
f 499/179/135 483/181/135 497/180/135
f 507/186/229 508/187/230 499/182/209
f 508/187/230 500/183/210 499/182/209
f 508/187/230 509/188/231 500/183/210
f 509/188/231 501/184/211 500/183/210
f 509/188/231 510/189/232 501/184/211
f 510/189/232 502/185/212 501/184/211
f 510/178/594 511/179/234 502/180/595
f 511/179/234 503/181/596 502/180/595
f 511/178/237 512/179/238 503/180/239
f 512/179/238 504/181/240 503/180/239
f 512/178/241 513/179/242 504/180/243
f 513/179/242 505/181/244 504/180/243
f 513/178/245 514/179/246 505/180/247
f 514/179/246 506/181/248 505/180/247
f 514/178/135 507/179/135 506/180/135
f 507/179/135 499/181/135 506/180/135
f 515/190/249 516/191/250 507/186/229
f 516/191/250 508/187/230 507/186/229
f 516/191/250 517/192/251 508/187/230
f 517/192/251 509/188/231 508/187/230
f 517/192/251 518/193/252 509/188/231
f 518/193/252 510/189/232 509/188/231
f 518/178/597 519/179/598 510/180/599
f 519/179/598 511/181/256 510/180/599
f 519/178/257 520/179/258 511/180/600
f 520/179/258 512/181/260 511/180/600
f 520/178/261 521/179/262 512/180/263
f 521/179/262 513/181/264 512/180/263
f 521/178/601 522/179/266 513/180/267
f 522/179/266 514/181/268 513/180/267
f 522/178/135 515/179/135 514/180/135
f 515/179/135 507/181/135 514/180/135
f 523/194/269 524/195/270 515/190/249
f 524/195/270 516/191/250 515/190/249
f 524/195/270 525/196/271 516/191/250
f 525/196/271 517/192/251 516/191/250
f 525/196/271 526/197/272 517/192/251
f 526/197/272 518/193/252 517/192/251
f 526/178/133 527/179/133 518/180/133
f 527/179/133 519/181/133 518/180/133
f 527/178/273 528/179/274 519/180/275
f 528/179/274 520/181/602 519/180/275
f 528/178/277 529/179/278 520/180/279
f 529/179/278 521/181/280 520/180/279
f 529/178/603 530/179/604 521/180/605
f 530/179/604 522/181/284 521/180/605
f 530/178/135 523/179/135 522/180/135
f 523/179/135 515/181/135 522/180/135
f 531/198/606 532/199/286 523/194/269
f 532/199/286 524/195/270 523/194/269
f 532/199/286 533/200/287 524/195/270
f 533/200/287 525/196/271 524/195/270
f 533/200/287 534/201/607 525/196/271
f 534/201/607 526/197/272 525/196/271
f 534/178/133 535/179/133 526/180/133
f 535/179/133 527/181/133 526/180/133
f 535/178/289 536/179/290 527/180/291
f 536/179/290 528/181/292 527/180/291
f 536/178/608 537/179/609 528/180/295
f 537/179/609 529/181/610 528/180/295
f 537/178/611 538/179/612 529/180/613
f 538/179/612 530/181/614 529/180/613
f 538/178/135 531/179/135 530/180/135
f 531/179/135 523/181/135 530/180/135
f 539/202/301 540/203/302 531/198/606
f 540/203/302 532/199/286 531/198/606
f 540/203/302 541/204/303 532/199/286
f 541/204/303 533/200/287 532/199/286
f 541/204/303 542/205/615 533/200/287
f 542/205/615 534/201/607 533/200/287
f 542/178/133 543/179/133 534/180/133
f 543/179/133 535/181/133 534/180/133
f 543/178/305 544/179/306 535/180/307
f 544/179/306 536/181/308 535/180/307
f 544/178/309 545/179/310 536/180/311
f 545/179/310 537/181/312 536/180/311
f 545/178/313 546/179/314 537/180/315
f 546/179/314 538/181/316 537/180/315
f 546/178/135 539/179/135 538/180/135
f 539/179/135 531/181/135 538/180/135
f 547/206/317 548/207/318 539/202/301
f 548/207/318 540/203/302 539/202/301
f 548/207/318 549/208/319 540/203/302
f 549/208/319 541/204/303 540/203/302
f 549/208/319 550/209/320 541/204/303
f 550/209/320 542/205/615 541/204/303
f 550/178/133 551/179/133 542/180/133
f 551/179/133 543/181/133 542/180/133
f 551/178/321 552/179/616 543/180/617
f 552/179/616 544/181/324 543/180/617
f 552/178/325 553/179/326 544/180/327
f 553/179/326 545/181/328 544/180/327
f 553/178/329 554/179/330 545/180/331
f 554/179/330 546/181/332 545/180/331
f 554/178/135 547/179/135 546/180/135
f 547/179/135 539/181/135 546/180/135
f 555/210/333 556/211/334 547/206/317
f 556/211/334 548/207/318 547/206/317
f 556/211/334 557/212/335 548/207/318
f 557/212/335 549/208/319 548/207/318
f 557/212/335 558/213/336 549/208/319
f 558/213/336 550/209/320 549/208/319
f 558/178/133 559/179/133 550/180/133
f 559/179/133 551/181/133 550/180/133
f 559/178/618 560/179/338 551/180/619
f 560/179/338 552/181/620 551/180/619
f 560/178/621 561/179/622 552/180/623
f 561/179/622 553/181/624 552/180/623
f 561/178/345 562/179/346 553/180/347
f 562/179/346 554/181/348 553/180/347
f 562/178/135 555/179/135 554/180/135
f 555/179/135 547/181/135 554/180/135
f 563/178/135 564/179/135 562/180/135
f 564/179/135 555/181/135 562/180/135
f 485/181/349 486/180/349 565/179/625
f 486/181/626 488/180/626 565/179/625
f 488/181/627 490/180/627 565/179/625
f 490/181/628 492/180/628 565/179/625
f 492/181/629 494/180/629 565/179/630
f 494/181/359 496/180/359 565/179/631
f 496/181/360 498/180/360 565/179/631
f 498/181/632 485/180/632 565/179/625
f 566/171/362 567/170/363 568/172/633
f 569/173/365 566/171/362 568/172/633
f 570/174/366 566/171/362 569/173/365
f 571/175/367 570/174/366 569/173/365
f 572/176/368 570/174/366 571/175/367
f 573/177/634 572/176/368 571/175/367
f 574/179/635 572/178/636 573/180/637
f 575/181/638 574/179/635 573/180/637
f 576/179/374 574/178/375 575/180/376
f 577/181/377 576/179/374 575/180/376
f 578/179/378 576/178/379 577/180/380
f 579/181/381 578/179/378 577/180/380
f 580/179/382 578/178/383 579/180/384
f 581/181/385 580/179/382 579/180/384
f 567/179/135 580/178/135 581/180/135
f 568/181/135 567/179/135 581/180/135
f 582/183/386 583/182/387 567/170/363
f 566/171/362 582/183/386 567/170/363
f 584/184/388 582/183/386 566/171/362
f 570/174/366 584/184/388 566/171/362
f 585/185/389 584/184/388 570/174/366
f 572/176/368 585/185/389 570/174/366
f 586/179/639 585/178/640 572/180/641
f 574/181/642 586/179/639 572/180/641
f 587/179/394 586/178/395 574/180/396
f 576/181/397 587/179/394 574/180/396
f 588/179/398 587/178/399 576/180/400
f 578/181/401 588/179/398 576/180/400
f 589/179/402 588/178/403 578/180/404
f 580/181/405 589/179/402 578/180/404
f 583/179/135 589/178/135 580/180/135
f 567/181/135 583/179/135 580/180/135
f 590/187/406 591/186/407 583/182/387
f 582/183/386 590/187/406 583/182/387
f 592/188/408 590/187/406 582/183/386
f 584/184/388 592/188/408 582/183/386
f 593/189/409 592/188/408 584/184/388
f 585/185/389 593/189/409 584/184/388
f 594/179/410 593/178/643 585/180/644
f 586/181/645 594/179/410 585/180/644
f 595/179/414 594/178/415 586/180/416
f 587/181/417 595/179/414 586/180/416
f 596/179/418 595/178/419 587/180/420
f 588/181/421 596/179/418 587/180/420
f 597/179/422 596/178/423 588/180/424
f 589/181/425 597/179/422 588/180/424
f 591/179/135 597/178/135 589/180/135
f 583/181/135 591/179/135 589/180/135
f 598/191/426 599/190/427 591/186/407
f 590/187/406 598/191/426 591/186/407
f 600/192/428 598/191/426 590/187/406
f 592/188/408 600/192/428 590/187/406
f 601/193/429 600/192/428 592/188/408
f 593/189/409 601/193/429 592/188/408
f 602/179/646 601/178/647 593/180/432
f 594/181/648 602/179/646 593/180/432
f 603/179/434 602/178/435 594/180/436
f 595/181/437 603/179/434 594/180/436
f 604/179/438 603/178/439 595/180/440
f 596/181/441 604/179/438 595/180/440
f 605/179/442 604/178/649 596/180/444
f 597/181/445 605/179/442 596/180/444
f 599/179/135 605/178/135 597/180/135
f 591/181/135 599/179/135 597/180/135
f 606/195/446 607/194/650 599/190/427
f 598/191/426 606/195/446 599/190/427
f 608/196/448 606/195/446 598/191/426
f 600/192/428 608/196/448 598/191/426
f 609/197/449 608/196/448 600/192/428
f 601/193/429 609/197/449 600/192/428
f 610/179/133 609/178/133 601/180/133
f 602/181/133 610/179/133 601/180/133
f 611/179/651 610/178/451 602/180/452
f 603/181/453 611/179/651 602/180/452
f 612/179/454 611/178/455 603/180/456
f 604/181/457 612/179/454 603/180/456
f 613/179/652 612/178/653 604/180/654
f 605/181/461 613/179/652 604/180/654
f 607/179/135 613/178/135 605/180/135
f 599/181/135 607/179/135 605/180/135
f 614/199/462 615/198/655 607/194/650
f 606/195/446 614/199/462 607/194/650
f 616/200/464 614/199/462 606/195/446
f 608/196/448 616/200/464 606/195/446
f 617/201/465 616/200/464 608/196/448
f 609/197/449 617/201/465 608/196/448
f 618/179/133 617/178/133 609/180/133
f 610/181/133 618/179/133 609/180/133
f 619/179/466 618/178/467 610/180/468
f 611/181/469 619/179/466 610/180/468
f 620/179/656 619/178/471 611/180/472
f 612/181/473 620/179/656 611/180/472
f 621/179/474 620/178/475 612/180/657
f 613/181/658 621/179/474 612/180/657
f 615/179/135 621/178/135 613/180/135
f 607/181/135 615/179/135 613/180/135
f 622/203/478 623/202/479 615/198/655
f 614/199/462 622/203/478 615/198/655
f 624/204/480 622/203/478 614/199/462
f 616/200/464 624/204/480 614/199/462
f 625/205/659 624/204/480 616/200/464
f 617/201/465 625/205/659 616/200/464
f 626/179/133 625/178/133 617/180/133
f 618/181/133 626/179/133 617/180/133
f 627/179/482 626/178/483 618/180/484
f 619/181/485 627/179/482 618/180/484
f 628/179/486 627/178/487 619/180/488
f 620/181/489 628/179/486 619/180/488
f 629/179/490 628/178/491 620/180/492
f 621/181/493 629/179/490 620/180/492
f 623/179/135 629/178/135 621/180/135
f 615/181/135 623/179/135 621/180/135
f 630/207/494 564/206/495 623/202/479
f 622/203/478 630/207/494 623/202/479
f 631/208/496 630/207/494 622/203/478
f 624/204/480 631/208/496 622/203/478
f 632/209/497 631/208/496 624/204/480
f 625/205/659 632/209/497 624/204/480
f 633/179/133 632/178/133 625/180/133
f 626/181/133 633/179/133 625/180/133
f 634/179/660 633/178/661 626/180/662
f 627/181/501 634/179/660 626/180/662
f 635/179/502 634/178/503 627/180/504
f 628/181/505 635/179/502 627/180/504
f 563/179/506 635/178/507 628/180/508
f 629/181/509 563/179/506 628/180/508
f 564/179/135 563/178/135 629/180/135
f 623/181/135 564/179/135 629/180/135
f 636/211/510 555/210/511 564/206/495
f 630/207/494 636/211/510 564/206/495
f 637/212/512 636/211/510 630/207/494
f 631/208/496 637/212/512 630/207/494
f 558/213/513 637/212/512 631/208/496
f 632/209/497 558/213/513 631/208/496
f 559/179/133 558/178/133 632/180/133
f 633/181/133 559/179/133 632/180/133
f 638/179/514 559/178/663 633/180/664
f 634/181/665 638/179/514 633/180/664
f 639/179/666 638/178/667 634/180/668
f 635/181/669 639/179/666 634/180/668
f 562/179/522 639/178/523 635/180/524
f 563/181/525 562/179/522 635/180/524
f 555/179/135 562/178/135 563/180/135
f 564/181/135 555/179/135 563/180/135
f 547/179/135 554/178/135 562/180/135
f 555/181/135 547/179/135 562/180/135
f 569/180/526 568/181/526 640/179/533
f 571/180/670 569/181/670 640/179/533
f 573/180/671 571/181/671 640/179/533
f 575/180/531 573/181/531 640/179/533
f 577/180/532 575/181/532 640/179/533
f 579/180/672 577/181/672 640/179/673
f 581/180/536 579/181/536 640/179/533
f 568/180/674 581/181/674 640/179/675
f 641/214/133 642/215/133 643/216/133
f 644/217/133 641/214/133 643/216/133
f 645/218/133 644/217/133 643/216/133
f 646/219/133 645/218/133 643/216/133
f 647/220/133 646/219/133 643/216/133
f 648/221/133 647/220/133 643/216/133
f 649/222/133 648/221/133 643/216/133
f 650/223/133 649/222/133 643/216/133
f 651/224/133 650/223/133 643/216/133
f 652/225/133 651/224/133 643/216/133
f 653/226/133 652/225/133 643/216/133
f 654/227/133 653/226/133 643/216/133
f 655/228/133 654/227/133 643/216/133
f 656/229/133 655/228/133 643/216/133
f 657/230/133 656/229/133 643/216/133
f 658/231/133 657/230/133 643/216/133
f 659/232/133 658/231/133 643/216/133
f 660/233/133 659/232/133 643/216/133
f 661/234/133 660/233/133 643/216/133
f 662/235/133 661/234/133 643/216/133
f 663/236/133 662/235/133 643/216/133
f 664/237/133 663/236/133 643/216/133
f 665/238/133 664/237/133 643/216/133
f 666/239/133 665/238/133 643/216/133
f 667/240/133 666/239/133 643/216/133
f 668/241/133 667/240/133 643/216/133
f 669/242/133 668/241/133 643/216/133
f 670/243/133 669/242/133 643/216/133
f 671/244/133 670/243/133 643/216/133
f 642/215/133 671/244/133 643/216/133
f 672/245/538 673/246/134 642/246/134
f 641/245/538 672/245/538 642/246/134
f 674/247/540 672/245/538 641/245/538
f 644/247/540 674/247/540 641/245/538
f 675/248/541 674/247/540 644/247/540
f 645/248/541 675/248/541 644/247/540
f 676/249/542 675/248/541 645/248/541
f 646/249/542 676/249/542 645/248/541
f 677/250/543 676/249/542 646/249/542
f 647/250/543 677/250/543 646/249/542
f 678/251/544 677/250/543 647/250/543
f 648/251/544 678/251/544 647/250/543
f 679/252/545 678/251/544 648/251/544
f 649/252/545 679/252/545 648/251/544
f 680/253/546 679/252/545 649/252/545
f 650/253/546 680/253/546 649/252/545
f 681/254/547 680/253/546 650/253/546
f 651/254/547 681/254/547 650/253/546
f 682/255/548 681/254/547 651/254/547
f 652/255/548 682/255/548 651/254/547
f 683/256/549 682/255/548 652/255/548
f 653/256/549 683/256/549 652/255/548
f 684/257/550 683/256/549 653/256/549
f 654/257/550 684/257/550 653/256/549
f 685/258/551 684/257/550 654/257/550
f 655/258/551 685/258/551 654/257/550
f 686/259/553 685/258/551 655/258/551
f 656/259/553 686/259/553 655/258/551
f 687/260/137 686/259/553 656/259/553
f 657/260/137 687/260/137 656/259/553
f 688/261/554 687/260/137 657/260/137
f 658/261/554 688/261/554 657/260/137
f 689/262/676 688/261/554 658/261/554
f 659/262/676 689/262/676 658/261/554
f 690/263/556 689/262/676 659/262/676
f 660/263/556 690/263/556 659/262/676
f 691/264/677 690/263/556 660/263/556
f 661/264/677 691/264/677 660/263/556
f 692/265/558 691/264/677 661/264/677
f 662/265/558 692/265/558 661/264/677
f 693/266/678 692/265/558 662/265/558
f 663/266/678 693/266/678 662/265/558
f 694/267/679 693/266/678 663/266/678
f 664/267/679 694/267/679 663/266/678
f 695/268/680 694/267/679 664/267/679
f 665/268/680 695/268/680 664/267/679
f 696/269/681 695/268/680 665/268/680
f 666/269/681 696/269/681 665/268/680
f 697/270/563 696/269/681 666/269/681
f 667/270/563 697/270/563 666/269/681
f 698/271/682 697/270/563 667/270/563
f 668/271/682 698/271/682 667/270/563
f 699/272/565 698/271/682 668/271/682
f 669/272/565 699/272/565 668/271/682
f 700/273/683 699/272/565 669/272/565
f 670/273/683 700/273/683 669/272/565
f 701/274/567 700/273/683 670/273/683
f 671/274/567 701/274/567 670/273/683
f 673/246/134 701/274/567 671/274/567
f 642/246/134 673/246/134 671/274/567
f 673/246/135 672/245/135 702/275/135
f 672/245/135 674/247/135 702/275/135
f 674/247/135 675/248/135 702/275/135
f 675/248/135 676/249/135 702/275/135
f 676/249/135 677/250/135 702/275/135
f 677/250/135 678/251/135 702/275/135
f 678/251/135 679/252/135 702/275/135
f 679/252/135 680/253/135 702/275/135
f 680/253/135 681/254/135 702/275/135
f 681/254/135 682/255/135 702/275/135
f 682/255/135 683/256/135 702/275/135
f 683/256/135 684/257/135 702/275/135
f 684/257/135 685/258/135 702/275/135
f 685/258/135 686/259/135 702/275/135
f 686/259/135 687/260/135 702/275/135
f 687/260/135 688/261/135 702/275/135
f 688/261/135 689/262/135 702/275/135
f 689/262/135 690/263/135 702/275/135
f 690/263/135 691/264/135 702/275/135
f 691/264/135 692/265/135 702/275/135
f 692/265/135 693/266/135 702/275/135
f 693/266/135 694/267/135 702/275/135
f 694/267/135 695/268/135 702/275/135
f 695/268/135 696/269/135 702/275/135
f 696/269/135 697/270/135 702/275/135
f 697/270/135 698/271/135 702/275/135
f 698/271/135 699/272/135 702/275/135
f 699/272/135 700/273/135 702/275/135
f 700/273/135 701/274/135 702/275/135
f 701/274/135 673/246/135 702/275/135
f 703/276/684 704/277/684 705/278/685
f 706/279/685 705/278/685 704/277/684
f 707/276/686 708/277/687 709/278/688
f 710/279/687 709/278/688 708/277/687
f 706/276/689 707/277/690 705/278/689
f 709/279/691 705/278/689 707/277/690
f 704/276/583 708/277/583 706/278/583
f 707/279/583 706/278/583 708/277/583
f 705/276/584 709/277/584 703/278/584
f 710/279/584 703/278/584 709/277/584
f 711/276/692 712/277/692 713/278/693
f 714/279/693 713/278/693 712/277/692
f 715/276/694 716/277/695 717/278/694
f 718/279/695 717/278/694 716/277/695
f 714/276/696 715/277/696 713/278/696
f 717/279/697 713/278/696 715/277/696
f 712/276/575 716/277/575 714/278/575
f 715/279/575 714/278/575 716/277/575
f 713/276/576 717/277/576 711/278/698
f 718/279/698 711/278/698 717/277/576
f 719/280/699 720/281/700 721/282/701
f 722/283/699 719/280/699 721/282/701
f 723/284/702 719/280/699 722/283/699
f 724/285/702 723/284/702 722/283/699
f 725/286/703 723/284/702 724/285/702
f 726/287/703 725/286/703 724/285/702
f 727/288/704 725/286/703 726/287/703
f 728/289/704 727/288/704 726/287/703
f 729/290/705 727/288/704 728/289/704
f 730/291/705 729/290/705 728/289/704
f 731/288/706 729/290/705 730/291/705
f 732/289/706 731/288/706 730/291/705
f 733/286/707 731/288/706 732/289/706
f 734/287/707 733/286/707 732/289/706
f 735/284/708 733/286/707 734/287/707
f 736/285/708 735/284/708 734/287/707
f 737/280/709 735/284/708 736/285/708
f 738/283/710 737/280/709 736/285/708
f 739/292/711 737/280/709 738/283/710
f 740/293/712 739/292/711 738/283/710
f 741/294/713 739/292/711 740/293/712
f 742/295/713 741/294/713 740/293/712
f 743/296/714 741/294/713 742/295/713
f 744/297/714 743/296/714 742/295/713
f 745/298/715 743/296/714 744/297/714
f 746/299/715 745/298/715 744/297/714
f 747/300/716 745/298/715 746/299/715
f 748/301/716 747/300/716 746/299/715
f 749/302/717 747/300/716 748/301/716
f 750/303/717 749/302/717 748/301/716
f 751/300/718 749/302/717 750/303/717
f 752/301/718 751/300/718 750/303/717
f 753/298/719 751/300/718 752/301/718
f 754/299/719 753/298/719 752/301/718
f 755/296/720 753/298/719 754/299/719
f 756/297/720 755/296/720 754/299/719
f 757/294/721 755/296/720 756/297/720
f 758/295/722 757/294/721 756/297/720
f 720/281/700 757/294/721 758/295/722
f 721/282/701 720/281/700 758/295/722
f 720/281/723 719/280/135 759/281/724
f 719/280/135 723/284/135 759/281/724
f 723/284/135 725/286/135 759/281/724
f 725/286/135 727/288/135 759/281/724
f 727/288/135 729/290/135 759/281/724
f 729/290/135 731/288/135 759/281/724
f 731/288/135 733/286/135 759/281/724
f 733/286/135 735/284/135 759/281/724
f 735/284/135 737/280/725 759/281/724
f 737/280/725 739/292/726 759/281/724
f 739/292/726 741/294/727 759/281/724
f 741/294/727 743/296/728 759/281/724
f 743/296/728 745/298/729 759/281/724
f 745/298/729 747/300/730 759/281/724
f 747/300/730 749/302/731 759/281/724
f 749/302/731 751/300/732 759/281/724
f 751/300/732 753/298/733 759/281/724
f 753/298/733 755/296/734 759/281/724
f 755/296/734 757/294/735 759/281/724
f 757/294/735 720/281/723 759/281/724
f 760/304/133 761/305/736 762/306/737
f 763/307/133 760/304/133 762/306/737
f 764/308/133 763/307/133 762/306/737
f 765/309/133 764/308/133 762/306/737
f 766/310/133 765/309/133 762/306/737
f 767/311/133 766/310/133 762/306/737
f 768/312/133 767/311/133 762/306/737
f 769/313/133 768/312/133 762/306/737
f 770/314/738 769/313/133 762/306/737
f 771/315/739 770/314/738 762/306/737
f 772/316/740 771/315/739 762/306/737
f 773/317/741 772/316/740 762/306/737
f 774/318/742 773/317/741 762/306/737
f 775/319/743 774/318/742 762/306/737
f 776/320/744 775/319/743 762/306/737
f 777/321/745 776/320/744 762/306/737
f 778/322/746 777/321/745 762/306/737
f 779/323/747 778/322/746 762/306/737
f 780/324/748 779/323/747 762/306/737
f 761/305/736 780/324/748 762/306/737
f 781/325/749 782/326/750 761/305/750
f 760/304/751 781/325/749 761/305/750
f 783/327/752 781/325/749 760/304/751
f 763/307/753 783/327/752 760/304/751
f 784/328/754 783/327/752 763/307/753
f 764/308/754 784/328/754 763/307/753
f 785/329/755 784/328/754 764/308/754
f 765/309/756 785/329/755 764/308/754
f 786/330/757 785/329/755 765/309/756
f 766/310/758 786/330/757 765/309/756
f 787/331/759 786/330/757 766/310/758
f 767/311/759 787/331/759 766/310/758
f 788/332/760 787/331/759 767/311/759
f 768/312/761 788/332/760 767/311/759
f 789/333/762 788/332/760 768/312/761
f 769/313/763 789/333/762 768/312/761
f 790/334/764 789/333/762 769/313/763
f 770/314/765 790/334/764 769/313/763
f 791/335/766 790/334/764 770/314/765
f 771/315/767 791/335/766 770/314/765
f 792/336/768 791/335/766 771/315/767
f 772/316/769 792/336/768 771/315/767
f 793/337/770 792/336/768 772/316/769
f 773/317/771 793/337/770 772/316/769
f 794/338/772 793/337/770 773/317/771
f 774/318/772 794/338/772 773/317/771
f 795/339/773 794/338/772 774/318/772
f 775/319/773 795/339/773 774/318/772
f 796/340/774 795/339/773 775/319/773
f 776/320/775 796/340/774 775/319/773
f 797/341/776 796/340/774 776/320/775
f 777/321/777 797/341/776 776/320/775
f 798/342/778 797/341/776 777/321/777
f 778/322/779 798/342/778 777/321/777
f 799/343/780 798/342/778 778/322/779
f 779/323/780 799/343/780 778/322/779
f 800/344/781 799/343/780 779/323/780
f 780/324/782 800/344/781 779/323/780
f 782/326/750 800/344/781 780/324/782
f 761/305/750 782/326/750 780/324/782
f 782/326/783 781/325/135 801/306/784
f 781/325/135 783/327/135 801/306/784
f 783/327/135 784/328/135 801/306/784
f 784/328/135 785/329/135 801/306/784
f 785/329/135 786/330/135 801/306/784
f 786/330/135 787/331/135 801/306/784
f 787/331/135 788/332/135 801/306/784
f 788/332/135 789/333/135 801/306/784
f 789/333/135 790/334/785 801/306/784
f 790/334/785 791/335/786 801/306/784
f 791/335/786 792/336/787 801/306/784
f 792/336/787 793/337/788 801/306/784
f 793/337/788 794/338/789 801/306/784
f 794/338/789 795/339/790 801/306/784
f 795/339/790 796/340/791 801/306/784
f 796/340/791 797/341/792 801/306/784
f 797/341/792 798/342/793 801/306/784
f 798/342/793 799/343/794 801/306/784
f 799/343/794 800/344/795 801/306/784
f 800/344/795 782/326/783 801/306/784
f 802/345/136 803/345/136 804/346/136
f 804/346/136 805/346/136 802/345/136
f 806/347/132 807/348/132 808/348/132
f 808/348/132 809/347/132 806/347/132
f 807/348/796 805/346/796 804/346/796
f 804/346/796 808/348/796 807/348/796
f 806/347/797 802/345/797 805/346/797
f 805/346/797 807/348/797 806/347/797
f 808/348/798 804/346/798 803/345/798
f 803/345/798 809/347/798 808/348/798
f 810/345/136 811/345/136 812/346/136
f 813/346/136 812/346/136 811/345/136
f 814/348/132 815/347/132 816/348/132
f 817/347/132 816/348/132 815/347/132
f 813/346/799 814/348/799 812/346/799
f 816/348/799 812/346/799 814/348/799
f 811/345/800 815/347/800 813/346/800
f 814/348/800 813/346/800 815/347/800
f 812/346/801 816/348/801 810/345/801
f 817/347/801 810/345/801 816/348/801
f 818/349/135 819/350/135 820/351/135
f 819/350/135 821/352/135 820/351/135
f 821/352/135 822/353/135 820/351/135
f 822/353/135 823/354/135 820/351/135
f 823/354/135 824/355/135 820/351/135
f 824/355/135 825/356/135 820/351/135
f 825/356/135 826/357/135 820/351/135
f 826/357/135 827/358/135 820/351/135
f 827/358/135 828/359/135 820/351/135
f 828/359/135 829/360/135 820/351/135
f 829/360/135 830/361/135 820/351/135
f 830/361/135 831/362/135 820/351/135
f 831/362/135 832/363/135 820/351/135
f 832/363/135 833/364/135 820/351/135
f 833/364/135 834/365/135 820/351/135
f 834/365/135 835/366/135 820/351/135
f 835/366/135 836/367/135 820/351/135
f 836/367/135 837/368/135 820/351/135
f 837/368/135 838/369/135 820/351/135
f 838/369/135 839/370/135 820/351/135
f 839/370/135 840/371/135 820/351/135
f 840/371/135 841/372/135 820/351/135
f 841/372/135 842/373/135 820/351/135
f 842/373/135 843/374/135 820/351/135
f 843/374/135 844/375/135 820/351/135
f 844/375/135 845/376/135 820/351/135
f 845/376/135 846/377/135 820/351/135
f 846/377/135 847/378/135 820/351/135
f 847/378/135 848/379/135 820/351/135
f 848/379/135 818/349/135 820/351/135
f 849/380/802 850/381/803 851/382/804
f 852/383/802 849/380/802 851/382/804
f 853/384/805 852/383/802 851/382/804
f 854/385/806 853/384/805 851/382/804
f 855/386/807 854/385/806 851/382/804
f 856/387/808 855/386/807 851/382/804
f 857/388/809 856/387/808 851/382/804
f 858/389/810 857/388/809 851/382/804
f 859/390/811 858/389/810 851/382/804
f 860/391/812 859/390/811 851/382/804
f 861/392/813 860/391/812 851/382/804
f 862/393/814 861/392/813 851/382/804
f 863/394/814 862/393/814 851/382/804
f 864/395/815 863/394/814 851/382/804
f 865/396/816 864/395/815 851/382/804
f 866/397/817 865/396/816 851/382/804
f 867/398/818 866/397/817 851/382/804
f 868/399/819 867/398/818 851/382/804
f 869/400/820 868/399/819 851/382/804
f 870/401/821 869/400/820 851/382/804
f 871/402/822 870/401/821 851/382/804
f 872/403/823 871/402/822 851/382/804
f 873/404/824 872/403/823 851/382/804
f 874/405/825 873/404/824 851/382/804
f 875/406/826 874/405/825 851/382/804
f 876/407/827 875/406/826 851/382/804
f 877/408/828 876/407/827 851/382/804
f 878/409/829 877/408/828 851/382/804
f 879/410/830 878/409/829 851/382/804
f 850/381/803 879/410/830 851/382/804
f 819/411/538 818/412/538 850/413/538
f 849/414/538 819/411/538 850/413/538
f 880/411/831 819/412/540 849/413/540
f 852/414/831 880/411/831 849/413/540
f 822/411/541 880/412/832 852/413/832
f 853/414/541 822/411/541 852/413/832
f 881/411/833 822/412/833 853/413/833
f 854/414/833 881/411/833 853/413/833
f 882/411/543 881/412/543 854/413/543
f 855/414/543 882/411/543 854/413/543
f 825/411/544 882/412/544 855/413/544
f 856/414/544 825/411/544 855/413/544
f 826/411/545 825/412/545 856/413/545
f 857/414/545 826/411/545 856/413/545
f 827/411/546 826/412/546 857/413/546
f 858/414/546 827/411/546 857/413/546
f 883/411/547 827/412/547 858/413/547
f 859/414/547 883/411/547 858/413/547
f 829/411/548 883/412/548 859/413/548
f 860/414/548 829/411/548 859/413/548
f 830/411/834 829/412/834 860/413/834
f 861/414/834 830/411/834 860/413/834
f 831/411/550 830/412/550 861/413/550
f 862/414/550 831/411/550 861/413/550
f 832/411/551 831/412/551 862/413/551
f 863/414/551 832/411/551 862/413/551
f 833/411/553 832/412/553 863/413/553
f 864/414/553 833/411/553 863/413/553
f 884/411/137 833/412/137 864/413/137
f 865/414/137 884/411/137 864/413/137
f 885/411/554 884/412/554 865/413/554
f 866/414/554 885/411/554 865/413/554
f 886/411/555 885/412/555 866/413/555
f 867/414/555 886/411/555 866/413/555
f 887/411/556 886/412/556 867/413/556
f 868/414/556 887/411/556 867/413/556
f 888/411/677 887/412/677 868/413/677
f 869/414/557 888/411/677 868/413/677
f 889/411/558 888/412/558 869/413/558
f 870/414/558 889/411/558 869/413/558
f 890/411/559 889/412/559 870/413/559
f 871/414/559 890/411/559 870/413/559
f 891/411/560 890/412/560 871/413/560
f 872/414/560 891/411/560 871/413/560
f 892/411/561 891/412/561 872/413/561
f 873/414/561 892/411/561 872/413/561
f 893/411/562 892/412/562 873/413/562
f 874/414/562 893/411/562 873/413/562
f 894/411/563 893/412/563 874/413/563
f 875/414/563 894/411/563 874/413/563
f 895/411/682 894/412/682 875/413/682
f 876/414/564 895/411/682 875/413/682
f 896/411/565 895/412/565 876/413/565
f 877/414/565 896/411/565 876/413/565
f 897/411/835 896/412/835 877/413/835
f 878/414/835 897/411/835 877/413/835
f 898/411/836 897/412/836 878/413/836
f 879/414/836 898/411/836 878/413/836
f 818/411/134 898/412/134 879/413/134
f 850/414/134 818/411/134 879/413/134
f 899/415/136 900/416/136 901/417/136
f 902/418/136 901/417/136 900/416/136
f 903/419/135 900/420/135 904/421/135
f 899/422/135 904/421/135 900/420/135
f 904/423/134 899/424/134 905/425/134
f 901/426/134 905/425/134 899/424/134
f 905/427/133 901/428/133 906/429/133
f 902/430/133 906/429/133 901/428/133
f 906/419/137 902/420/137 903/421/137
f 900/422/137 903/421/137 902/420/137
f 907/431/136 908/432/136 909/433/136
f 910/434/136 909/433/136 908/432/136
f 911/435/135 908/436/135 912/437/135
f 907/438/135 912/437/135 908/436/135
f 912/435/134 907/436/134 913/437/134
f 909/438/134 913/437/134 907/436/134
f 913/439/133 909/440/133 914/441/133
f 910/442/133 914/441/133 909/440/133
f 914/443/137 910/444/137 911/445/137
f 908/446/137 911/445/137 910/444/137
f 915/447/132 916/448/132 917/449/132
f 918/450/132 917/449/132 916/448/132
f 919/451/136 920/452/136 921/453/136
f 922/454/136 921/453/136 920/452/136
f 916/451/837 920/452/837 918/453/837
f 919/454/837 918/453/837 920/452/837
f 915/451/135 922/452/135 916/453/135
f 920/454/135 916/453/135 922/452/135
f 917/451/838 921/452/838 915/453/838
f 922/454/838 915/453/838 921/452/838
f 923/451/136 924/452/136 925/453/136
f 926/454/136 925/453/136 924/452/136
f 927/447/132 918/448/132 928/449/132
f 929/450/132 928/449/132 918/448/132
f 918/451/135 924/452/135 929/453/135
f 923/454/135 929/453/135 924/452/135
f 929/455/134 923/456/134 928/457/134
f 925/458/134 928/457/134 923/456/134
f 928/447/133 925/448/133 927/449/133
f 926/450/133 927/449/133 925/448/133
f 927/447/137 926/448/137 918/449/137
f 924/450/137 918/449/137 926/448/137
f 930/451/136 931/452/136 932/453/136
f 933/454/136 932/453/136 931/452/136
f 934/447/132 935/448/132 936/449/132
f 917/450/132 936/449/132 935/448/132
f 935/451/135 931/452/135 917/453/135
f 930/454/135 917/453/135 931/452/135
f 917/447/134 930/448/134 936/449/134
f 932/450/134 936/449/134 930/448/134
f 936/447/133 932/448/133 934/449/133
f 933/450/133 934/449/133 932/448/133
f 934/459/137 933/460/137 935/461/137
f 931/462/137 935/461/137 933/460/137
f 919/447/136 921/448/136 937/449/136
f 938/450/136 937/449/136 921/448/136
f 936/447/132 917/448/132 927/449/132
f 918/450/132 927/449/132 917/448/132
f 918/447/134 919/448/134 927/449/134
f 937/450/134 927/449/134 919/448/134
f 927/447/133 937/448/133 936/449/133
f 938/450/133 936/449/133 937/448/133
f 936/447/137 938/448/137 917/449/137
f 921/450/137 917/449/137 938/448/137
f 939/463/136 940/464/136 941/465/136
f 942/466/136 941/465/136 940/464/136
f 943/466/132 944/464/132 945/465/132
f 946/463/132 945/465/132 944/464/132
f 944/464/135 940/464/135 946/463/135
f 939/463/135 946/463/135 940/464/135
f 946/463/134 939/463/134 945/465/134
f 941/465/134 945/465/134 939/463/134
f 945/465/133 941/465/133 943/466/133
f 942/466/133 943/466/133 941/465/133
f 943/467/137 942/467/137 944/468/137
f 940/468/137 944/468/137 942/467/137
f 947/469/136 948/470/136 949/471/136
f 950/472/136 949/471/136 948/470/136
f 951/469/132 952/470/132 953/471/132
f 954/472/132 953/471/132 952/470/132
f 950/96/135 951/93/135 949/95/135
f 953/473/135 949/95/135 951/93/135
f 948/469/134 952/470/134 950/471/134
f 951/472/134 950/471/134 952/470/134
f 947/96/133 954/93/133 948/95/133
f 952/473/133 948/95/133 954/93/133
f 949/469/137 953/470/137 947/471/137
f 954/472/137 947/471/137 953/470/137
f 955/96/136 956/93/136 957/95/136
f 958/473/136 957/95/136 956/93/136
f 959/96/132 960/93/132 961/95/132
f 962/473/132 961/95/132 960/93/132
f 958/96/135 959/93/135 957/95/135
f 961/473/135 957/95/135 959/93/135
f 956/474/134 960/475/134 958/476/134
f 959/477/134 958/476/134 960/475/134
f 955/96/133 962/93/133 956/95/133
f 960/473/133 956/95/133 962/93/133
f 957/474/137 961/475/137 955/476/137
f 962/477/137 955/476/137 961/475/137
