# Blender 5.1.0
# www.blender.org
mtllib sssr_vyst_single.mtl
o svetlo_korona_R_50
v -0.000012 1.270151 0.372117
v 0.020841 1.266475 0.371633
v 0.021163 1.270151 0.371633
v 0.062548 1.281182 0.369092
v 0.019886 1.262909 0.371633
v 0.062548 1.281182 0.367882
v 0.059682 1.291878 0.369092
v 0.018326 1.259564 0.371633
v 0.059682 1.291878 0.367882
v 0.055003 1.301914 0.369092
v 0.016210 1.256541 0.371633
v 0.055003 1.301914 0.367882
v 0.048651 1.310985 0.369092
v 0.013600 1.253931 0.371633
v 0.048651 1.310985 0.367882
v 0.040822 1.318815 0.369092
v 0.010576 1.251813 0.371633
v 0.040822 1.318815 0.367882
v 0.031751 1.325166 0.369092
v 0.007231 1.250254 0.371633
v 0.031751 1.325166 0.367882
v 0.021715 1.329846 0.369092
v 0.003665 1.249298 0.371633
v 0.021715 1.329846 0.367882
v 0.011019 1.332711 0.369092
v -0.000012 1.248976 0.371633
v 0.011019 1.332711 0.367882
v -0.000012 1.333676 0.369092
v -0.003689 1.249298 0.371633
v -0.000012 1.333676 0.367882
v -0.011043 1.332711 0.369092
v -0.007254 1.250254 0.371633
v -0.011043 1.332711 0.367882
v -0.021739 1.329846 0.369092
v -0.010599 1.251813 0.371633
v -0.021739 1.329846 0.367882
v -0.031774 1.325166 0.369092
v -0.013623 1.253931 0.371633
v -0.031774 1.325166 0.367882
v -0.040845 1.318815 0.369092
v -0.016233 1.256541 0.371633
v -0.040845 1.318815 0.367882
v -0.048675 1.310985 0.369092
v -0.018350 1.259564 0.371633
v -0.048675 1.310985 0.367882
v -0.055026 1.301914 0.369092
v -0.019910 1.262910 0.371633
v -0.055026 1.301914 0.367882
v -0.059706 1.291878 0.369092
v -0.020865 1.266475 0.371633
v -0.059706 1.291878 0.367882
v -0.062572 1.281182 0.369092
v -0.021187 1.270151 0.371633
v -0.062572 1.281182 0.367882
v -0.063537 1.270151 0.369092
v -0.020865 1.273829 0.371633
v -0.063537 1.270151 0.367882
v -0.062572 1.259120 0.369092
v -0.019910 1.277394 0.371633
v -0.062572 1.259120 0.367882
v -0.059706 1.248425 0.369092
v -0.018350 1.280739 0.371633
v -0.059706 1.248425 0.367882
v -0.055026 1.238389 0.369092
v -0.016233 1.283763 0.371633
v -0.055026 1.238389 0.367882
v -0.048675 1.229318 0.369092
v -0.013623 1.286373 0.371633
v -0.048675 1.229318 0.367882
v -0.040845 1.221488 0.369092
v -0.010599 1.288490 0.371633
v -0.040845 1.221488 0.367882
v -0.031774 1.215137 0.369092
v -0.007254 1.290049 0.371633
v -0.031774 1.215137 0.367882
v -0.021739 1.210457 0.369092
v -0.003689 1.291005 0.371633
v -0.021739 1.210457 0.367882
v -0.011043 1.207591 0.369092
v -0.000012 1.291326 0.371633
v -0.011043 1.207591 0.367882
v -0.000012 1.206626 0.369092
v 0.003665 1.291005 0.371633
v -0.000012 1.206626 0.367882
v 0.011019 1.207591 0.369092
v 0.007231 1.290049 0.371633
v 0.011019 1.207591 0.367882
v 0.021715 1.210457 0.369092
v 0.010576 1.288490 0.371633
v 0.021715 1.210457 0.367882
v 0.031751 1.215137 0.369092
v 0.013600 1.286373 0.371633
v 0.031751 1.215137 0.367882
v 0.040822 1.221488 0.369092
v 0.016210 1.283763 0.371633
v 0.040822 1.221488 0.367882
v 0.048651 1.229318 0.369092
v 0.018326 1.280739 0.371633
v 0.048651 1.229318 0.367882
v 0.055003 1.238389 0.369092
v 0.019886 1.277394 0.371633
v 0.055003 1.238389 0.367882
v 0.059682 1.248425 0.369092
v 0.020841 1.273829 0.371633
v 0.059682 1.248425 0.367882
v 0.062548 1.259120 0.369092
v 0.063513 1.270151 0.367882
v 0.062548 1.259120 0.367882
v 0.063513 1.270151 0.369092
v 0.041695 1.262798 0.370590
v 0.042338 1.270151 0.370590
v 0.062548 1.281182 0.369092
v 0.059682 1.291878 0.369092
v 0.055003 1.301914 0.369092
v 0.048651 1.310985 0.369092
v 0.039784 1.255667 0.370590
v 0.040822 1.318815 0.369092
v 0.031751 1.325166 0.369092
v 0.021715 1.329846 0.369092
v 0.011019 1.332711 0.369092
v -0.000012 1.333676 0.369092
v 0.036665 1.248976 0.370590
v -0.011043 1.332711 0.369092
v -0.021739 1.329846 0.369092
v -0.031774 1.325166 0.369092
v -0.040845 1.318815 0.369092
v -0.048675 1.310985 0.369092
v 0.032430 1.242929 0.370590
v -0.055026 1.301914 0.369092
v -0.059706 1.291878 0.369092
v -0.062572 1.281182 0.369092
v -0.063537 1.270151 0.369092
v -0.062572 1.259120 0.369092
v 0.027210 1.237710 0.370590
v -0.059706 1.248425 0.369092
v -0.055026 1.238389 0.369092
v -0.048675 1.229318 0.369092
v -0.040845 1.221488 0.369092
v -0.031774 1.215137 0.369092
v 0.021163 1.233475 0.370590
v -0.021739 1.210457 0.369092
v -0.011043 1.207591 0.369092
v -0.000012 1.206626 0.369092
v 0.011019 1.207591 0.369092
v 0.021715 1.210457 0.369092
v 0.014473 1.230356 0.370590
v 0.031751 1.215137 0.369092
v 0.040822 1.221488 0.369092
v 0.048651 1.229318 0.369092
v 0.055003 1.238389 0.369092
v 0.059682 1.248425 0.369092
v 0.007342 1.228445 0.370590
v 0.063513 1.270151 0.369092
v 0.062548 1.259120 0.369092
v 0.041695 1.277505 0.370590
v 0.039784 1.284636 0.370590
v 0.036665 1.291326 0.370590
v -0.000012 1.227801 0.370590
v 0.032430 1.297373 0.370590
v 0.027210 1.302593 0.370590
v 0.021163 1.306828 0.370590
v 0.014473 1.309948 0.370590
v 0.007342 1.311858 0.370590
v -0.007366 1.228445 0.370590
v -0.000012 1.312501 0.370590
v -0.007366 1.311858 0.370590
v -0.014496 1.309948 0.370590
v -0.021187 1.306828 0.370590
v -0.027234 1.302593 0.370590
v -0.014496 1.230356 0.370590
v -0.032454 1.297373 0.370590
v -0.036688 1.291326 0.370590
v -0.039808 1.284636 0.370590
v -0.041719 1.277506 0.370590
v -0.042362 1.270151 0.370590
v -0.021187 1.233475 0.370590
v -0.041719 1.262798 0.370590
v -0.039808 1.255667 0.370590
v -0.036688 1.248976 0.370590
v -0.032454 1.242929 0.370590
v -0.027234 1.237710 0.370590
vn 0.0222 0.0039 0.9997
vn 0.0229 -0.0020 0.9997
vn 0.0229 -0.0000 0.9997
vn 0.0195 -0.0113 0.9997
vn 0.0215 -0.0078 0.9997
vn 0.0222 -0.0059 0.9997
vn 0.0198 -0.0114 0.9997
vn 0.0175 -0.0147 0.9997
vn 0.0162 -0.0162 0.9997
vn 0.0077 -0.0211 0.9997
vn 0.0114 -0.0198 0.9997
vn 0.0132 -0.0188 0.9997
vn 0.0078 -0.0215 0.9997
vn 0.0040 -0.0225 0.9997
vn 0.0020 -0.0229 0.9997
vn -0.0077 -0.0211 0.9997
vn -0.0040 -0.0225 0.9997
vn -0.0020 -0.0229 0.9997
vn -0.0078 -0.0215 0.9997
vn -0.0114 -0.0198 0.9997
vn -0.0132 -0.0188 0.9997
vn -0.0195 -0.0113 0.9997
vn -0.0175 -0.0147 0.9997
vn -0.0162 -0.0162 0.9997
vn -0.0198 -0.0114 0.9997
vn -0.0215 -0.0078 0.9997
vn -0.0222 -0.0059 0.9997
vn -0.0222 0.0039 0.9997
vn -0.0229 -0.0000 0.9997
vn -0.0229 -0.0020 0.9997
vn -0.0225 0.0040 0.9997
vn -0.0215 0.0078 0.9997
vn -0.0208 0.0097 0.9997
vn -0.0145 0.0172 0.9997
vn -0.0175 0.0147 0.9997
vn -0.0188 0.0132 0.9997
vn -0.0147 0.0175 0.9997
vn -0.0114 0.0198 0.9997
vn -0.0097 0.0208 0.9997
vn -0.0000 0.0225 0.9997
vn -0.0040 0.0225 0.9997
vn -0.0059 0.0222 0.9997
vn -0.0000 0.0229 0.9997
vn 0.0040 0.0225 0.9997
vn 0.0059 0.0222 0.9997
vn 0.0145 0.0172 0.9997
vn 0.0114 0.0198 0.9997
vn 0.0097 0.0208 0.9997
vn 0.0147 0.0175 0.9997
vn 0.0175 0.0147 0.9997
vn 0.0188 0.0132 0.9997
vn 0.0215 0.0078 0.9997
vn 0.0208 0.0097 0.9997
vn 0.0225 0.0040 0.9997
vn 0.0492 -0.0043 0.9988
vn 0.0492 0.0043 0.9988
vn 0.0477 -0.0128 0.9988
vn 0.0449 -0.0209 0.9988
vn 0.0449 -0.0210 0.9988
vn 0.0406 -0.0283 0.9988
vn 0.0405 -0.0283 0.9988
vn 0.0349 -0.0349 0.9988
vn 0.0283 -0.0405 0.9988
vn 0.0283 -0.0406 0.9988
vn 0.0210 -0.0448 0.9988
vn 0.0209 -0.0449 0.9988
vn 0.0128 -0.0477 0.9988
vn 0.0043 -0.0492 0.9988
vn -0.0043 -0.0492 0.9988
vn -0.0128 -0.0477 0.9988
vn -0.0128 -0.0478 0.9988
vn -0.0209 -0.0449 0.9988
vn -0.0210 -0.0448 0.9988
vn -0.0283 -0.0406 0.9988
vn -0.0283 -0.0405 0.9988
vn -0.0349 -0.0349 0.9988
vn -0.0405 -0.0283 0.9988
vn -0.0406 -0.0283 0.9988
vn -0.0448 -0.0210 0.9988
vn -0.0449 -0.0209 0.9988
vn -0.0477 -0.0128 0.9988
vn -0.0492 -0.0043 0.9988
vn -0.0492 0.0043 0.9988
vn -0.0477 0.0128 0.9988
vn -0.0448 0.0209 0.9988
vn -0.0449 0.0210 0.9988
vn -0.0405 0.0283 0.9988
vn -0.0349 0.0349 0.9988
vn -0.0283 0.0405 0.9988
vn -0.0283 0.0406 0.9988
vn -0.0210 0.0449 0.9988
vn -0.0209 0.0449 0.9988
vn -0.0128 0.0477 0.9988
vn -0.0043 0.0492 0.9988
vn 0.0043 0.0492 0.9988
vn 0.0128 0.0477 0.9988
vn 0.0209 0.0448 0.9988
vn 0.0210 0.0449 0.9988
vn 0.0283 0.0406 0.9988
vn 0.0283 0.0405 0.9988
vn 0.0349 0.0349 0.9988
vn 0.0405 0.0283 0.9988
vn 0.0406 0.0283 0.9988
vn 0.0449 0.0210 0.9988
vn 0.0449 0.0209 0.9988
vn 0.0477 0.0128 0.9988
vn 0.0707 -0.0062 0.9975
vn 0.0706 -0.0062 0.9975
vn 0.0707 0.0062 0.9975
vn 0.0684 -0.0183 0.9975
vn 0.0641 -0.0299 0.9975
vn 0.0642 -0.0299 0.9975
vn 0.0580 -0.0406 0.9975
vn 0.0501 -0.0501 0.9975
vn 0.0406 -0.0580 0.9975
vn 0.0406 -0.0579 0.9975
vn 0.0299 -0.0642 0.9975
vn 0.0183 -0.0684 0.9975
vn 0.0062 -0.0706 0.9975
vn 0.0062 -0.0707 0.9975
vn -0.0062 -0.0707 0.9975
vn -0.0062 -0.0706 0.9975
vn -0.0183 -0.0684 0.9975
vn -0.0299 -0.0642 0.9975
vn -0.0299 -0.0641 0.9975
vn -0.0406 -0.0580 0.9975
vn -0.0501 -0.0501 0.9975
vn -0.0580 -0.0406 0.9975
vn -0.0579 -0.0406 0.9975
vn -0.0641 -0.0299 0.9975
vn -0.0642 -0.0299 0.9975
vn -0.0683 -0.0183 0.9975
vn -0.0684 -0.0183 0.9975
vn -0.0706 -0.0062 0.9975
vn -0.0707 -0.0062 0.9975
vn -0.0707 0.0062 0.9975
vn -0.0706 0.0062 0.9975
vn -0.0684 0.0183 0.9975
vn -0.0641 0.0299 0.9975
vn -0.0642 0.0299 0.9975
vn -0.0580 0.0406 0.9975
vn -0.0501 0.0501 0.9975
vn -0.0406 0.0580 0.9975
vn -0.0406 0.0579 0.9975
vn -0.0299 0.0641 0.9975
vn -0.0299 0.0642 0.9975
vn -0.0183 0.0684 0.9975
vn -0.0062 0.0706 0.9975
vn -0.0062 0.0707 0.9975
vn 0.0062 0.0707 0.9975
vn 0.0062 0.0706 0.9975
vn 0.0183 0.0684 0.9975
vn 0.0183 0.0683 0.9975
vn 0.0299 0.0642 0.9975
vn 0.0299 0.0641 0.9975
vn 0.0406 0.0580 0.9975
vn 0.0501 0.0501 0.9975
vn 0.0580 0.0406 0.9975
vn 0.0579 0.0406 0.9975
vn 0.0641 0.0299 0.9975
vn 0.0642 0.0299 0.9975
vn 0.0683 0.0183 0.9975
vn 0.0684 0.0183 0.9975
vn 0.0706 0.0062 0.9975
vn 0.9962 -0.0872 -0.0000
vn 0.9962 -0.0871 -0.0000
vn 0.9659 -0.2588 -0.0000
vn 0.9063 -0.4226 -0.0000
vn 0.9063 -0.4225 -0.0000
vn 0.8191 -0.5736 -0.0000
vn 0.7071 -0.7071 -0.0000
vn 0.7072 -0.7070 -0.0000
vn 0.5735 -0.8192 -0.0000
vn 0.5736 -0.8192 -0.0000
vn 0.4226 -0.9063 -0.0000
vn 0.2588 -0.9659 -0.0000
vn 0.0871 -0.9962 -0.0000
vn -0.0871 -0.9962 -0.0000
vn -0.2588 -0.9659 -0.0000
vn -0.4227 -0.9063 -0.0000
vn -0.5735 -0.8192 -0.0000
vn -0.5736 -0.8192 -0.0000
vn -0.7071 -0.7071 -0.0000
vn -0.8192 -0.5736 -0.0000
vn -0.8192 -0.5735 -0.0000
vn -0.9063 -0.4226 -0.0000
vn -0.9659 -0.2588 -0.0000
vn -0.9962 -0.0872 -0.0000
vn -0.9962 -0.0871 -0.0000
vn -0.9962 0.0871 -0.0000
vn -0.9659 0.2588 -0.0000
vn -0.9063 0.4226 -0.0000
vn -0.8192 0.5736 -0.0000
vn -0.8192 0.5735 -0.0000
vn -0.7071 0.7071 -0.0000
vn -0.5735 0.8192 -0.0000
vn -0.5736 0.8192 -0.0000
vn -0.4226 0.9063 -0.0000
vn -0.4227 0.9063 -0.0000
vn -0.2587 0.9659 -0.0000
vn -0.0871 0.9962 -0.0000
vn 0.0871 0.9962 -0.0000
vn 0.2587 0.9659 -0.0000
vn 0.4226 0.9063 -0.0000
vn 0.5735 0.8192 -0.0000
vn 0.5736 0.8192 -0.0000
vn 0.7071 0.7071 -0.0000
vn 0.7072 0.7070 -0.0000
vn 0.8191 0.5736 -0.0000
vn 0.9063 0.4226 -0.0000
vn 0.9063 0.4225 -0.0000
vn 0.9659 0.2588 -0.0000
vn 0.9962 0.0871 -0.0000
vt 0.479094 0.546167
vt 0.643065 0.517255
vt 0.645594 0.546167
vt 0.635553 0.489221
vt 0.623287 0.462917
vt 0.606640 0.439143
vt 0.586118 0.418620
vt 0.562344 0.401974
vt 0.536040 0.389708
vt 0.508006 0.382196
vt 0.479094 0.379667
vt 0.450181 0.382196
vt 0.422148 0.389708
vt 0.395844 0.401974
vt 0.372070 0.418621
vt 0.351547 0.439143
vt 0.334901 0.462917
vt 0.322635 0.489221
vt 0.315123 0.517255
vt 0.312594 0.546167
vt 0.315123 0.575080
vt 0.322635 0.603113
vt 0.334901 0.629417
vt 0.351548 0.653191
vt 0.372070 0.673714
vt 0.395844 0.690360
vt 0.422148 0.702626
vt 0.450182 0.710138
vt 0.479094 0.712667
vt 0.508007 0.710138
vt 0.536041 0.702626
vt 0.562344 0.690360
vt 0.586118 0.673713
vt 0.606641 0.653191
vt 0.623287 0.629417
vt 0.635553 0.603113
vt 0.643065 0.575079
vt 0.782395 0.490465
vt 0.786905 0.540607
vt 0.770665 0.443725
vt 0.746134 0.394411
vt 0.717229 0.355093
vt 0.684964 0.325024
vt 0.642355 0.291181
vt 0.594687 0.262260
vt 0.536973 0.245042
vt 0.498354 0.238337
vt 0.462580 0.236703
vt 0.424824 0.239627
vt 0.366686 0.253787
vt 0.313606 0.277056
vt 0.275673 0.302545
vt 0.237194 0.338685
vt 0.203675 0.386453
vt 0.182775 0.442521
vt 0.167000 0.500000
vt 0.172059 0.557825
vt 0.187082 0.613893
vt 0.211613 0.666500
vt 0.244907 0.714049
vt 0.285952 0.755093
vt 0.333500 0.788387
vt 0.386107 0.812918
vt 0.442175 0.827941
vt 0.500000 0.833000
vt 0.557825 0.827941
vt 0.613893 0.812918
vt 0.666500 0.788387
vt 0.705407 0.753365
vt 0.736771 0.713011
vt 0.758658 0.676179
vt 0.782007 0.621169
vt 0.785830 0.581685
vt 0.991912 0.413263
vt 0.999500 0.500000
vt 0.969377 0.329161
vt 0.932580 0.250250
vt 0.882639 0.178927
vt 0.821073 0.117360
vt 0.749750 0.067420
vt 0.670839 0.030623
vt 0.586737 0.008088
vt 0.500000 0.000500
vt 0.413262 0.008088
vt 0.329161 0.030623
vt 0.250250 0.067420
vt 0.178927 0.117361
vt 0.117360 0.178927
vt 0.067420 0.250250
vt 0.030623 0.329161
vt 0.008088 0.413263
vt 0.000500 0.500000
vt 0.008088 0.586738
vt 0.030623 0.670839
vt 0.067420 0.749750
vt 0.117361 0.821073
vt 0.178927 0.882640
vt 0.250250 0.932580
vt 0.329161 0.969377
vt 0.413263 0.991912
vt 0.500000 0.999500
vt 0.586738 0.991912
vt 0.670839 0.969377
vt 0.749750 0.932580
vt 0.821073 0.882639
vt 0.882640 0.821072
vt 0.932580 0.749750
vt 0.969377 0.670839
vt 0.991912 0.586737
s 1
usemtl korona
f 1/1/1 2/2/2 3/3/3
f 1/1/4 5/4/5 2/2/6
f 1/1/4 8/5/7 5/4/5
f 1/1/4 11/6/8 8/5/7
f 1/1/4 14/7/9 11/6/8
f 1/1/10 17/8/11 14/7/12
f 1/1/10 20/9/13 17/8/11
f 1/1/10 23/10/14 20/9/13
f 1/1/10 26/11/15 23/10/14
f 1/1/16 29/12/17 26/11/18
f 1/1/16 32/13/19 29/12/17
f 1/1/16 35/14/20 32/13/19
f 1/1/16 38/15/21 35/14/20
f 1/1/22 41/16/23 38/15/24
f 1/1/22 44/17/25 41/16/23
f 1/1/22 47/18/26 44/17/25
f 1/1/22 50/19/27 47/18/26
f 1/1/28 53/20/29 50/19/30
f 1/1/28 56/21/31 53/20/29
f 1/1/28 59/22/32 56/21/31
f 1/1/28 62/23/33 59/22/32
f 1/1/34 65/24/35 62/23/36
f 1/1/34 68/25/37 65/24/35
f 1/1/34 71/26/38 68/25/37
f 1/1/34 74/27/39 71/26/38
f 1/1/40 77/28/41 74/27/42
f 1/1/40 80/29/43 77/28/41
f 1/1/40 83/30/44 80/29/43
f 1/1/40 86/31/45 83/30/44
f 1/1/46 89/32/47 86/31/48
f 1/1/46 92/33/49 89/32/47
f 1/1/46 95/34/50 92/33/49
f 1/1/46 98/35/51 95/34/50
f 1/1/1 101/36/52 98/35/53
f 1/1/1 104/37/54 101/36/52
f 1/1/1 3/3/3 104/37/54
f 3/3/55 110/38/55 111/39/56
f 3/3/55 2/2/57 110/38/55
f 2/2/57 116/40/57 110/38/55
f 2/2/57 5/4/58 116/40/57
f 5/4/58 122/41/59 116/40/57
f 5/4/58 8/5/60 122/41/59
f 8/5/60 128/42/61 122/41/59
f 8/5/60 11/6/62 128/42/61
f 11/6/62 134/43/62 128/42/61
f 11/6/62 14/7/63 134/43/62
f 14/7/63 140/44/64 134/43/62
f 14/7/63 17/8/65 140/44/64
f 17/8/65 146/45/66 140/44/64
f 17/8/65 20/9/67 146/45/66
f 20/9/67 152/46/67 146/45/66
f 20/9/67 23/10/68 152/46/67
f 23/10/68 158/47/68 152/46/67
f 23/10/68 26/11/69 158/47/68
f 26/11/69 164/48/69 158/47/68
f 26/11/69 29/12/70 164/48/69
f 29/12/70 170/49/71 164/48/69
f 29/12/70 32/13/72 170/49/71
f 32/13/72 176/50/73 170/49/71
f 32/13/72 35/14/74 176/50/73
f 35/14/74 181/51/75 176/50/73
f 35/14/74 38/15/76 181/51/75
f 38/15/76 180/52/76 181/51/75
f 38/15/76 41/16/77 180/52/76
f 41/16/77 179/53/78 180/52/76
f 41/16/77 44/17/79 179/53/78
f 44/17/79 178/54/80 179/53/78
f 44/17/79 47/18/81 178/54/80
f 47/18/81 177/55/81 178/54/80
f 47/18/81 50/19/82 177/55/81
f 50/19/82 175/56/82 177/55/81
f 50/19/82 53/20/83 175/56/82
f 53/20/83 174/57/83 175/56/82
f 53/20/83 56/21/84 174/57/83
f 56/21/84 173/58/84 174/57/83
f 56/21/84 59/22/85 173/58/84
f 59/22/85 172/59/86 173/58/84
f 59/22/85 62/23/87 172/59/86
f 62/23/87 171/60/87 172/59/86
f 62/23/87 65/24/88 171/60/87
f 65/24/88 169/61/88 171/60/87
f 65/24/88 68/25/89 169/61/88
f 68/25/89 168/62/90 169/61/88
f 68/25/89 71/26/91 168/62/90
f 71/26/91 167/63/92 168/62/90
f 71/26/91 74/27/93 167/63/92
f 74/27/93 166/64/93 167/63/92
f 74/27/93 77/28/94 166/64/93
f 77/28/94 165/65/94 166/64/93
f 77/28/94 80/29/95 165/65/94
f 80/29/95 163/66/95 165/65/94
f 80/29/95 83/30/96 163/66/95
f 83/30/96 162/67/96 163/66/95
f 83/30/96 86/31/97 162/67/96
f 86/31/97 161/68/98 162/67/96
f 86/31/97 89/32/99 161/68/98
f 89/32/99 160/69/100 161/68/98
f 89/32/99 92/33/101 160/69/100
f 92/33/101 159/70/101 160/69/100
f 92/33/101 95/34/102 159/70/101
f 95/34/102 157/71/103 159/70/101
f 95/34/102 98/35/104 157/71/103
f 98/35/104 156/72/105 157/71/103
f 98/35/104 101/36/106 156/72/105
f 101/36/106 155/73/106 156/72/105
f 101/36/106 104/37/56 155/73/106
f 104/37/56 111/39/56 155/73/106
f 104/37/56 3/3/55 111/39/56
f 111/39/107 154/74/108 153/75/109
f 111/39/107 110/38/110 154/74/108
f 110/38/110 151/76/110 154/74/108
f 110/38/110 116/40/111 151/76/110
f 116/40/111 150/77/112 151/76/110
f 116/40/111 122/41/113 150/77/112
f 122/41/113 149/78/113 150/77/112
f 122/41/113 128/42/114 149/78/113
f 128/42/114 148/79/114 149/78/113
f 128/42/114 134/43/115 148/79/114
f 134/43/115 147/80/116 148/79/114
f 134/43/115 140/44/117 147/80/116
f 140/44/117 145/81/117 147/80/116
f 140/44/117 146/45/118 145/81/117
f 146/45/118 144/82/118 145/81/117
f 146/45/118 152/46/119 144/82/118
f 152/46/119 143/83/120 144/82/118
f 152/46/119 158/47/121 143/83/120
f 158/47/121 142/84/122 143/83/120
f 158/47/121 164/48/123 142/84/122
f 164/48/123 141/85/123 142/84/122
f 164/48/123 170/49/124 141/85/123
f 170/49/124 139/86/125 141/85/123
f 170/49/124 176/50/126 139/86/125
f 176/50/126 138/87/126 139/86/125
f 176/50/126 181/51/127 138/87/126
f 181/51/127 137/88/127 138/87/126
f 181/51/127 180/52/128 137/88/127
f 180/52/128 136/89/129 137/88/127
f 180/52/128 179/53/130 136/89/129
f 179/53/130 135/90/131 136/89/129
f 179/53/130 178/54/132 135/90/131
f 178/54/132 133/91/133 135/90/131
f 178/54/132 177/55/134 133/91/133
f 177/55/134 132/92/135 133/91/133
f 177/55/134 175/56/136 132/92/135
f 175/56/136 131/93/137 132/92/135
f 175/56/136 174/57/138 131/93/137
f 174/57/138 130/94/138 131/93/137
f 174/57/138 173/58/139 130/94/138
f 173/58/139 129/95/140 130/94/138
f 173/58/139 172/59/141 129/95/140
f 172/59/141 127/96/141 129/95/140
f 172/59/141 171/60/142 127/96/141
f 171/60/142 126/97/142 127/96/141
f 171/60/142 169/61/143 126/97/142
f 169/61/143 125/98/144 126/97/142
f 169/61/143 168/62/145 125/98/144
f 168/62/145 124/99/146 125/98/144
f 168/62/145 167/63/147 124/99/146
f 167/63/147 123/100/147 124/99/146
f 167/63/147 166/64/148 123/100/147
f 166/64/148 121/101/149 123/100/147
f 166/64/148 165/65/150 121/101/149
f 165/65/150 120/102/151 121/101/149
f 165/65/150 163/66/152 120/102/151
f 163/66/152 119/103/153 120/102/151
f 163/66/152 162/67/154 119/103/153
f 162/67/154 118/104/155 119/103/153
f 162/67/154 161/68/156 118/104/155
f 161/68/156 117/105/156 118/104/155
f 161/68/156 160/69/157 117/105/156
f 160/69/157 115/106/157 117/105/156
f 160/69/157 159/70/158 115/106/157
f 159/70/158 114/107/159 115/106/157
f 159/70/158 157/71/160 114/107/159
f 157/71/160 113/108/161 114/107/159
f 157/71/160 156/72/162 113/108/161
f 156/72/162 112/109/163 113/108/161
f 156/72/162 155/73/164 112/109/163
f 155/73/164 153/75/109 112/109/163
f 155/73/164 111/39/107 153/75/109
f 109/75/165 108/74/166 107/75/165
f 109/75/165 106/74/166 108/74/166
f 106/74/167 105/76/167 108/74/167
f 106/74/167 103/76/167 105/76/167
f 103/76/168 102/77/169 105/76/168
f 103/76/168 100/77/169 102/77/169
f 100/77/170 99/78/170 102/77/170
f 100/77/170 97/78/170 99/78/170
f 97/78/171 96/79/172 99/78/171
f 97/78/171 94/79/172 96/79/172
f 94/79/173 93/80/174 96/79/173
f 94/79/173 91/80/174 93/80/174
f 91/80/175 90/81/175 93/80/175
f 91/80/175 88/81/175 90/81/175
f 88/81/176 87/82/176 90/81/176
f 88/81/176 85/82/176 87/82/176
f 85/82/177 84/83/177 87/82/177
f 85/82/177 82/83/177 84/83/177
f 82/83/178 81/84/178 84/83/178
f 82/83/178 79/84/178 81/84/178
f 79/84/179 78/85/179 81/84/179
f 79/84/179 76/85/179 78/85/179
f 76/85/180 75/86/180 78/85/180
f 76/85/180 73/86/180 75/86/180
f 73/86/181 72/87/182 75/86/181
f 73/86/181 70/87/182 72/87/182
f 70/87/183 69/88/183 72/87/183
f 70/87/183 67/88/183 69/88/183
f 67/88/184 66/89/185 69/88/184
f 67/88/184 64/89/185 66/89/185
f 64/89/186 63/90/186 66/89/186
f 64/89/186 61/90/186 63/90/186
f 61/90/187 60/91/187 63/90/187
f 61/90/187 58/91/187 60/91/187
f 58/91/188 57/92/189 60/91/188
f 58/91/188 55/92/189 57/92/189
f 55/92/190 54/93/190 57/92/190
f 55/92/190 52/93/190 54/93/190
f 52/93/191 51/94/191 54/93/191
f 52/93/191 49/94/191 51/94/191
f 49/94/192 48/95/192 51/94/192
f 49/94/192 46/95/192 48/95/192
f 46/95/193 45/96/194 48/95/193
f 46/95/193 43/96/194 45/96/194
f 43/96/195 42/97/195 45/96/195
f 43/96/195 40/97/195 42/97/195
f 40/97/196 39/98/197 42/97/196
f 40/97/196 37/98/197 39/98/197
f 37/98/198 36/99/199 39/98/198
f 37/98/198 34/99/199 36/99/199
f 34/99/200 33/100/200 36/99/200
f 34/99/200 31/100/200 33/100/200
f 31/100/201 30/101/201 33/100/201
f 31/100/201 28/101/201 30/101/201
f 28/101/202 27/102/202 30/101/202
f 28/101/202 25/102/202 27/102/202
f 25/102/203 24/103/203 27/102/203
f 25/102/203 22/103/203 24/103/203
f 22/103/204 21/104/204 24/103/204
f 22/103/204 19/104/204 21/104/204
f 19/104/205 18/105/206 21/104/205
f 19/104/205 16/105/206 18/105/206
f 16/105/207 15/106/208 18/105/207
f 16/105/207 13/106/208 15/106/208
f 13/106/209 12/107/209 15/106/209
f 13/106/209 10/107/209 12/107/209
f 10/107/210 9/108/211 12/107/210
f 10/107/210 7/108/211 9/108/211
f 7/108/212 6/109/212 9/108/212
f 7/108/212 4/109/212 6/109/212
f 4/109/213 107/75/213 6/109/213
f 4/109/213 109/75/213 107/75/213
o kriz_ram
v -0.005949 1.514446 0.148306
v 0.005949 1.514446 0.148306
v 0.005949 1.574946 0.148306
v -0.005949 1.605196 0.142256
v -0.005949 1.574946 0.148306
v -0.005949 1.605196 0.148306
v 0.005949 1.514446 0.148306
v 0.005949 1.514446 0.142256
v 0.005949 1.574946 0.142256
v -0.005949 1.574946 0.148306
v 0.005949 1.574946 0.148306
v -0.005949 1.574946 0.142256
v 0.005949 1.514446 0.142256
v -0.005949 1.514446 0.142256
v -0.005949 1.574946 0.142256
v 0.005949 1.605196 0.142256
v 0.005949 1.574946 0.142256
v -0.005949 1.605196 0.142256
v -0.005949 1.514446 0.142256
v -0.005949 1.514446 0.148306
v -0.005949 1.574946 0.148306
v -0.005949 1.574946 0.142256
v -0.005949 1.574946 0.142256
v 0.005949 1.574946 0.142256
v 0.018150 1.496901 0.031437
v 0.006303 1.533201 0.035748
v 0.006303 1.496901 0.035748
v 0.005949 1.605196 0.148306
v 0.018150 1.533201 0.031437
v 0.005949 1.605196 0.142256
v 0.018150 1.533201 0.031437
v 0.005778 1.533201 0.032769
v 0.006303 1.533201 0.035748
v 0.005949 1.574946 0.142256
v 0.016638 1.533201 0.028817
v 0.005949 1.574946 0.148306
v 0.016638 1.496901 0.028817
v 0.006303 1.496901 0.035748
v 0.005778 1.496901 0.032769
v -0.007091 1.505976 -0.040217
v 0.018150 1.496901 0.031437
v -0.007091 1.515051 -0.040217
v -0.016638 1.505976 -0.028817
v -0.006303 1.533201 0.035748
v -0.006303 1.496901 0.035748
v -0.020419 1.505976 -0.035366
v -0.020419 1.515051 -0.035366
v -0.016638 1.515051 -0.028817
v -0.020419 1.505976 -0.035366
v -0.005778 1.533201 0.032769
v -0.006303 1.533201 0.035748
v -0.020419 1.515051 -0.035366
v -0.025490 1.505976 -0.021389
v -0.031283 1.505976 -0.026250
v -0.031283 1.515051 -0.026250
v -0.006303 1.496901 0.035748
v -0.005778 1.496901 0.032769
v -0.025490 1.515051 -0.021389
v -0.031283 1.505976 -0.026250
v -0.031283 1.515051 -0.026250
v -0.031268 1.505976 -0.011381
v -0.018150 1.533201 0.031437
v -0.018150 1.496901 0.031437
v -0.038375 1.505976 -0.013967
v -0.038375 1.515051 -0.013967
v -0.031268 1.515051 -0.011381
v -0.038375 1.505976 -0.013967
v -0.016638 1.533201 0.028817
v -0.018150 1.533201 0.031437
v -0.038375 1.515051 -0.013967
v -0.033275 1.505976 -0.000000
v -0.040838 1.505976 -0.000000
v -0.040838 1.515051 -0.000000
v -0.018150 1.496901 0.031437
v -0.016638 1.496901 0.028817
v -0.033275 1.515051 -0.000000
v -0.040838 1.505976 -0.000000
v -0.040838 1.515051 -0.000000
v 0.017394 1.515051 0.030127
v 0.018150 1.533201 0.031437
v 0.018150 1.496901 0.031437
v -0.031268 1.505976 0.011381
v 0.016638 1.533201 0.028817
v -0.038375 1.505976 0.013967
v -0.038375 1.515051 0.013967
v 0.016638 1.496901 0.028817
v -0.031268 1.515051 0.011381
v -0.038375 1.505976 0.013967
v -0.038375 1.515051 0.013967
v -0.025490 1.505976 0.021389
v -0.017394 1.515051 0.030127
v -0.018150 1.496901 0.031437
v -0.018150 1.533201 0.031437
v -0.031283 1.505976 0.026250
v -0.031283 1.515051 0.026250
v -0.016638 1.533201 0.028817
v -0.025490 1.515051 0.021389
v -0.031283 1.505976 0.026250
v -0.016638 1.496901 0.028817
v -0.031283 1.515051 0.026250
v -0.016638 1.505976 0.028817
v -0.020419 1.505976 0.035366
v 0.006251 1.514748 0.031847
v 0.006251 1.514748 0.148225
v -0.006251 1.514748 0.148225
v -0.020419 1.515051 0.035366
v -0.006251 1.514748 0.031847
v -0.016638 1.515051 0.028817
v 0.006251 1.523823 0.031847
v -0.006251 1.523823 0.031847
v -0.006251 1.523823 0.148225
v -0.020419 1.505976 0.035366
v 0.006251 1.523823 0.148225
v -0.020419 1.515051 0.035366
v 0.006251 1.523823 0.031847
v 0.006251 1.523823 0.148225
v 0.006251 1.514748 0.148225
v -0.005778 1.505976 0.032769
v 0.006251 1.514748 0.031847
v -0.007091 1.505976 0.040217
v -0.006251 1.523823 0.148225
v -0.006251 1.523823 0.031847
v -0.006251 1.514748 0.031847
v -0.007091 1.515051 0.040217
v -0.006251 1.514748 0.148225
v -0.005778 1.515051 0.032769
v -0.007091 1.505976 -0.040217
v 0.007091 1.515051 -0.040217
v 0.007091 1.505976 -0.040217
v -0.007091 1.505976 0.040217
v -0.007091 1.515051 -0.040217
v -0.007091 1.515051 0.040217
v -0.007091 1.515051 -0.040217
v 0.005778 1.515051 -0.032769
v 0.007091 1.515051 -0.040217
v 0.005778 1.505976 0.032769
v -0.005778 1.515051 -0.032769
v 0.007091 1.505976 0.040217
v -0.005778 1.505976 -0.032769
v 0.007091 1.505976 -0.040217
v 0.005778 1.505976 -0.032769
v 0.007091 1.515051 0.040217
v -0.007091 1.505976 -0.040217
v 0.005778 1.515051 0.032769
v 0.007091 1.505976 0.040217
v 0.020419 1.515051 -0.035366
v 0.020419 1.505976 -0.035366
v 0.007091 1.515051 0.040217
v 0.016638 1.505976 0.028817
v 0.020419 1.505976 0.035366
v 0.020419 1.515051 0.035366
v 0.016638 1.515051 -0.028817
v 0.020419 1.515051 -0.035366
v 0.016638 1.515051 0.028817
v 0.020419 1.505976 0.035366
v 0.020419 1.515051 0.035366
v 0.025490 1.505976 0.021389
v 0.020419 1.505976 -0.035366
v 0.016638 1.505976 -0.028817
v 0.031283 1.505976 0.026250
v 0.031283 1.515051 0.026250
v 0.025490 1.515051 0.021389
v 0.031283 1.505976 0.026250
v 0.031283 1.515051 -0.026250
v 0.031283 1.505976 -0.026250
v 0.031283 1.515051 0.026250
v 0.031268 1.505976 0.011381
v 0.038375 1.505976 0.013967
v 0.038375 1.515051 0.013967
v 0.025490 1.515051 -0.021389
v 0.031283 1.515051 -0.026250
v 0.031268 1.515051 0.011381
v 0.038375 1.505976 0.013967
v 0.038375 1.515051 0.013967
v 0.033275 1.505976 -0.000000
v 0.031283 1.505976 -0.026250
v 0.025490 1.505976 -0.021389
v 0.040838 1.505976 -0.000000
v 0.040838 1.515051 -0.000000
v 0.033275 1.515051 -0.000000
v 0.040838 1.505976 -0.000000
v 0.038375 1.515051 -0.013967
v 0.038375 1.505976 -0.013967
v 0.040838 1.515051 -0.000000
v 0.031268 1.505976 -0.011381
v 0.038375 1.505976 -0.013967
v 0.038375 1.515051 -0.013967
v 0.031268 1.515051 -0.011381
vn -0.0000 -0.0000 1.0000
vn 1.0000 -0.0000 -0.0000
vn -0.0000 -0.0000 -1.0000
vn -1.0000 -0.0000 -0.0000
vn 0.3420 -0.0000 0.9397
vn 0.1736 -0.0000 0.9848
vn -0.0000 1.0000 -0.0000
vn -0.0000 1.0000 -0.0001
vn -0.0000 -1.0000 0.0001
vn -0.0000 -1.0000 -0.0000
vn -0.1736 -0.0000 0.9848
vn -0.0000 1.0000 0.0001
vn -0.3420 -0.0000 0.9397
vn 0.8661 -0.0000 -0.4998
vn -0.8661 -0.0000 -0.4998
vn 0.1736 -0.0000 -0.9848
vn 0.5000 -0.0000 -0.8660
vn 0.7660 -0.0000 -0.6428
vn 0.9397 -0.0000 -0.3420
vn 0.9397 -0.0000 0.3420
vn 0.7660 -0.0000 0.6428
vn 0.5000 -0.0000 0.8660
vn -0.5000 -0.0000 0.8660
vn -0.7660 -0.0000 0.6428
vn -0.9397 -0.0000 0.3420
vn -0.9397 -0.0000 -0.3420
vn -0.7660 -0.0000 -0.6428
vn -0.5000 -0.0000 -0.8660
vn -0.3420 -0.0000 -0.9397
vt 0.000500 0.999500
vt 0.999500 0.999500
vt 0.999500 0.000500
vt 0.000500 0.000500
vt 0.166667 0.999501
vt 0.111111 -2.996503
vt 0.111111 0.999501
vt 0.166667 -2.996503
vt 0.278000 0.884516
vt 0.188220 0.761615
vt 0.159876 0.785398
vt 0.296500 0.852473
vt 0.055556 -2.996503
vt 0.055556 0.999501
vt 0.117545 0.639202
vt 0.082776 0.651857
vt -0.000000 -2.996503
vt -0.000000 0.999501
vt 0.093000 0.500000
vt 0.056000 0.500000
vt 0.166667 -0.998502
vt 1.000000 -0.998502
vt 1.000000 0.999501
vt 1.000000 -2.996503
vt 0.000503 0.999500
vt 0.999501 0.999500
vt 0.999497 0.000499
vt 0.999501 0.000500
vt 0.000503 0.000500
vt 0.999497 0.999501
vt 0.945223 0.000499
vt 0.945223 0.999501
vt 1.000000 0.000499
vt -0.007206 0.500000
vt 0.111645 0.360798
vt 0.023382 0.329161
vt 0.086721 0.500000
vt 0.890087 0.000499
vt 0.890087 0.999501
vt 0.183410 0.238385
vt 0.111458 0.178927
vt 0.834392 0.000499
vt 0.834392 0.999501
vt 0.293361 0.147527
vt 0.246397 0.067420
vt 0.778197 0.000499
vt 0.778197 0.999501
vt 0.428235 0.099183
vt 0.411925 0.008088
vt 0.721802 0.000499
vt 0.721802 0.999501
vt 0.571765 0.099183
vt 0.588076 0.008088
vt 0.665608 0.000499
vt 0.665608 0.999501
vt 0.706640 0.147527
vt 0.753603 0.067420
vt 0.609913 0.000499
vt 0.609913 0.999501
vt 0.816590 0.238385
vt 0.888543 0.178927
vt 0.554777 0.000499
vt 0.554777 0.999501
vt 0.888355 0.360798
vt 0.976618 0.329161
vt 0.500000 0.000499
vt 0.500000 0.999501
vt 0.913279 0.500000
vt 1.007206 0.500000
vt 0.445223 0.000499
vt 0.445223 0.999501
vt 0.888355 0.639202
vt 0.976618 0.670839
vt 0.390087 0.000499
vt 0.390087 0.999501
vt 0.816590 0.761615
vt 0.888542 0.821073
vt 0.334392 0.000499
vt 0.334392 0.999501
vt 0.706639 0.852473
vt 0.753603 0.932580
vt 0.278197 0.000499
vt 0.278197 0.999501
vt 0.571765 0.900817
vt 0.588075 0.991912
vt 0.221802 0.000499
vt 0.221802 0.999501
vt 0.428235 0.900817
vt 0.411924 0.991912
vt 0.165608 0.000499
vt 0.165608 0.999501
vt 0.293360 0.852473
vt 0.246397 0.932580
vt 0.109913 0.000499
vt 0.109913 0.999501
vt 0.183410 0.761615
vt 0.111457 0.821073
vt 0.054777 0.000499
vt 0.054777 0.999501
vt 0.111645 0.639202
vt 0.023382 0.670839
vt -0.000000 0.000499
s 1
usemtl stozar
f 182/110/214 183/111/214 184/112/214
f 184/112/214 186/113/214 182/110/214
f 188/110/215 189/111/215 190/112/215
f 190/112/215 192/113/215 188/110/215
f 194/110/216 195/111/216 196/112/216
f 196/112/216 198/113/216 194/110/216
f 200/110/217 201/111/217 202/112/217
f 202/112/217 204/113/217 200/110/217
f 206/114/218 207/115/219 208/116/219
f 206/114/218 210/117/218 207/115/219
f 212/118/220 213/119/221 214/120/221
f 212/118/220 216/121/220 213/119/221
f 218/121/222 219/120/223 220/119/223
f 218/121/222 222/118/222 219/120/223
f 208/116/219 225/122/224 226/123/224
f 208/116/219 207/115/219 225/122/224
f 214/120/221 231/124/225 232/125/225
f 214/120/221 213/119/221 231/124/225
f 220/119/223 237/125/223 238/124/223
f 220/119/223 219/120/223 237/125/223
f 226/123/224 243/126/226 244/127/226
f 226/123/224 225/122/224 243/126/226
f 232/125/225 249/128/220 250/129/221
f 232/125/225 231/124/225 249/128/220
f 238/124/223 255/129/223 256/128/223
f 238/124/223 237/125/223 255/129/223
f 260/130/227 261/117/227 262/114/227
f 260/130/227 264/117/227 261/117/227
f 260/130/227 267/114/227 264/117/227
f 260/130/227 262/114/227 267/114/227
f 272/131/228 273/132/228 274/133/228
f 272/131/228 274/133/228 277/133/228
f 272/131/228 277/133/228 280/132/228
f 272/131/228 280/132/228 273/132/228
f 284/113/223 285/134/223 286/135/223
f 286/135/223 288/136/223 284/113/223
f 290/137/220 291/138/220 292/110/220
f 292/110/220 294/139/220 290/137/220
f 296/112/215 297/113/215 298/110/215
f 298/110/215 300/111/215 296/112/215
f 302/112/217 303/113/217 304/110/217
f 304/110/217 306/111/217 302/112/217
f 308/132/216 309/140/229 310/141/229
f 308/132/216 312/142/216 309/140/229
f 314/143/220 315/144/220 316/145/220
f 314/143/220 318/146/220 315/144/220
f 320/146/223 321/145/223 322/144/223
f 320/146/223 324/143/223 321/145/223
f 310/141/229 327/147/230 328/148/230
f 310/141/229 309/140/229 327/147/230
f 316/145/220 333/149/220 334/150/220
f 316/145/220 315/144/220 333/149/220
f 322/144/223 339/150/223 340/149/223
f 322/144/223 321/145/223 339/150/223
f 328/148/230 345/151/231 346/152/231
f 328/148/230 327/147/230 345/151/231
f 334/150/220 351/153/220 352/154/220
f 334/150/220 333/149/220 351/153/220
f 340/149/223 357/154/223 358/153/223
f 340/149/223 339/150/223 357/154/223
f 346/152/231 363/155/232 364/156/232
f 346/152/231 345/151/231 363/155/232
f 352/154/220 369/157/220 368/158/220
f 352/154/220 351/153/220 369/157/220
f 358/153/223 367/158/223 366/157/223
f 358/153/223 357/154/223 367/158/223
f 364/156/232 365/159/215 362/160/215
f 364/156/232 363/155/232 365/159/215
f 368/158/220 361/161/220 360/162/220
f 368/158/220 369/157/220 361/161/220
f 366/157/223 359/162/223 356/161/223
f 366/157/223 367/158/223 359/162/223
f 362/160/215 355/163/233 354/164/233
f 362/160/215 365/159/215 355/163/233
f 360/162/220 353/165/220 350/166/220
f 360/162/220 361/161/220 353/165/220
f 356/161/223 349/166/223 348/165/223
f 356/161/223 359/162/223 349/166/223
f 354/164/233 347/167/234 344/168/234
f 354/164/233 355/163/233 347/167/234
f 350/166/220 343/169/220 342/170/220
f 350/166/220 353/165/220 343/169/220
f 348/165/223 341/170/223 338/169/223
f 348/165/223 349/166/223 341/170/223
f 344/168/234 337/171/235 336/172/235
f 344/168/234 347/167/234 337/171/235
f 342/170/220 335/173/220 332/174/220
f 342/170/220 343/169/220 335/173/220
f 338/169/223 331/174/223 330/173/223
f 338/169/223 341/170/223 331/174/223
f 336/172/235 329/175/219 326/176/219
f 336/172/235 337/171/235 329/175/219
f 332/174/220 325/177/220 323/178/220
f 332/174/220 335/173/220 325/177/220
f 330/173/223 319/178/223 317/177/223
f 330/173/223 331/174/223 319/178/223
f 326/176/219 313/179/224 311/180/224
f 326/176/219 329/175/219 313/179/224
f 323/178/220 307/181/220 305/182/220
f 323/178/220 325/177/220 307/181/220
f 317/177/223 301/182/223 299/181/223
f 317/177/223 319/178/223 301/182/223
f 311/180/224 295/183/236 293/184/236
f 311/180/224 313/179/224 295/183/236
f 305/182/220 289/185/220 287/186/220
f 305/182/220 307/181/220 289/185/220
f 299/181/223 283/186/223 282/185/223
f 299/181/223 301/182/223 283/186/223
f 293/184/236 281/187/237 279/188/237
f 293/184/236 295/183/236 281/187/237
f 287/186/220 278/189/220 276/190/220
f 287/186/220 289/185/220 278/189/220
f 282/185/223 275/190/223 271/189/223
f 282/185/223 283/186/223 275/190/223
f 279/188/237 270/191/238 269/192/238
f 279/188/237 281/187/237 270/191/238
f 276/190/220 268/193/220 266/194/220
f 276/190/220 278/189/220 268/193/220
f 271/189/223 265/194/223 263/193/223
f 271/189/223 275/190/223 265/194/223
f 269/192/238 259/195/217 258/196/217
f 269/192/238 270/191/238 259/195/217
f 266/194/220 257/197/220 254/198/220
f 266/194/220 268/193/220 257/197/220
f 263/193/223 253/198/223 252/197/223
f 263/193/223 265/194/223 253/198/223
f 258/196/217 251/199/239 248/200/239
f 258/196/217 259/195/217 251/199/239
f 254/198/220 247/201/220 246/202/220
f 254/198/220 257/197/220 247/201/220
f 252/197/223 245/202/223 242/201/223
f 252/197/223 253/198/223 245/202/223
f 248/200/239 241/203/240 240/204/240
f 248/200/239 251/199/239 241/203/240
f 246/202/220 239/205/220 236/206/220
f 246/202/220 247/201/220 239/205/220
f 242/201/223 235/206/223 234/205/223
f 242/201/223 245/202/223 235/206/223
f 240/204/240 233/207/241 230/208/241
f 240/204/240 241/203/240 233/207/241
f 236/206/220 229/209/220 228/210/220
f 236/206/220 239/205/220 229/209/220
f 234/205/223 227/210/223 224/209/223
f 234/205/223 235/206/223 227/210/223
f 230/208/241 223/211/242 221/127/242
f 230/208/241 233/207/241 223/211/242
f 228/210/220 318/146/220 314/143/220
f 228/210/220 229/209/220 318/146/220
f 224/209/223 324/143/223 320/146/223
f 224/209/223 227/210/223 324/143/223
f 217/110/215 215/111/215 211/112/215
f 211/112/215 209/113/215 217/110/215
f 205/110/216 203/111/216 199/112/216
f 199/112/216 197/113/216 205/110/216
f 193/110/217 191/111/217 187/112/217
f 187/112/217 185/113/217 193/110/217
o svetlo_back2_30
v 0.081663 1.270141 0.231714
v 0.080422 1.284323 0.236554
v 0.081663 1.270141 0.236554
v 0.080422 1.284323 0.231714
v 0.080422 1.284323 0.231714
v 0.079897 1.297834 0.236529
v 0.080422 1.284323 0.236554
v 0.079897 1.297834 0.231714
v 0.079897 1.297834 0.231714
v 0.078502 1.312491 0.236579
v 0.079897 1.297834 0.236529
v 0.078502 1.312491 0.231714
v 0.078502 1.312491 0.231714
v 0.065542 1.323238 0.236554
v 0.078502 1.312491 0.236579
v 0.065542 1.323238 0.231765
v 0.065542 1.323238 0.231765
v 0.052488 1.332707 0.236554
v 0.065542 1.323238 0.236554
v 0.052488 1.332708 0.231714
v 0.052488 1.332708 0.231714
v 0.040826 1.340873 0.236554
v 0.052488 1.332707 0.236554
v 0.040826 1.340873 0.231714
v 0.040826 1.340873 0.231714
v 0.027923 1.346890 0.236554
v 0.040826 1.340873 0.236554
v 0.027923 1.346890 0.231714
v 0.027923 1.346890 0.231714
v 0.014171 1.350575 0.236554
v 0.027923 1.346890 0.236554
v 0.014171 1.350575 0.231714
v 0.014171 1.350575 0.231714
v -0.000012 1.351815 0.236554
v 0.014171 1.350575 0.236554
v -0.000012 1.351815 0.231714
v -0.000012 1.351815 0.231714
v -0.014195 1.350575 0.236554
v -0.000012 1.351815 0.236554
v -0.014195 1.350575 0.231714
v -0.014195 1.350575 0.231714
v -0.027946 1.346890 0.236554
v -0.014195 1.350575 0.236554
v -0.027946 1.346890 0.231714
v -0.027946 1.346890 0.231714
v -0.040849 1.340873 0.236554
v -0.027946 1.346890 0.236554
v -0.040849 1.340873 0.231714
v -0.040849 1.340873 0.231714
v -0.052511 1.332707 0.236554
v -0.040849 1.340873 0.236554
v -0.052511 1.332707 0.231714
v -0.052511 1.332707 0.231714
v -0.065052 1.322606 0.236554
v -0.052511 1.332707 0.236554
v -0.065052 1.322606 0.231765
v -0.065052 1.322606 0.231765
v -0.076913 1.312573 0.236579
v -0.065052 1.322606 0.236554
v -0.076913 1.312573 0.231714
v -0.076913 1.312573 0.231714
v -0.078962 1.298140 0.236529
v -0.076913 1.312573 0.236579
v -0.078962 1.298140 0.231714
v -0.078962 1.298140 0.231714
v -0.080446 1.284323 0.236554
v -0.078962 1.298140 0.236529
v -0.080446 1.284323 0.231714
v -0.080446 1.284323 0.231714
v -0.081687 1.270141 0.236554
v -0.080446 1.284323 0.236554
v -0.081687 1.270141 0.231714
v -0.081687 1.270141 0.231714
v -0.080446 1.255958 0.236554
v -0.081687 1.270141 0.236554
v -0.080446 1.255958 0.231714
v -0.080446 1.255958 0.231714
v -0.076761 1.242206 0.236554
v -0.080446 1.255958 0.236554
v -0.076761 1.242206 0.231714
v -0.076761 1.242206 0.231714
v -0.070744 1.229303 0.236554
v -0.076761 1.242206 0.236554
v -0.070744 1.229303 0.231714
v -0.070744 1.229303 0.231714
v -0.062578 1.217641 0.236554
v -0.070744 1.229303 0.236554
v -0.062578 1.217641 0.231714
v -0.062578 1.217641 0.231714
v -0.052511 1.207574 0.236554
v -0.062578 1.217641 0.236554
v -0.052511 1.207574 0.231714
v -0.052511 1.207574 0.231714
v -0.040849 1.199408 0.236554
v -0.052511 1.207574 0.236554
v -0.040849 1.199408 0.231714
v -0.040849 1.199408 0.231714
v -0.027946 1.193391 0.236554
v -0.040849 1.199408 0.236554
v -0.027946 1.193391 0.231714
v -0.027946 1.193391 0.231714
v -0.014194 1.188038 0.236554
v -0.027946 1.193391 0.236554
v -0.014195 1.188038 0.231714
v -0.014195 1.188038 0.231714
v -0.000012 1.183109 0.236554
v -0.014194 1.188038 0.236554
v -0.000012 1.183109 0.231714
v -0.000012 1.183109 0.231714
v 0.014171 1.188038 0.236554
v -0.000012 1.183109 0.236554
v 0.014171 1.188038 0.231714
v 0.014171 1.188038 0.231714
v 0.027923 1.193391 0.236554
v 0.014171 1.188038 0.236554
v 0.027923 1.193391 0.231714
v 0.027923 1.193391 0.231714
v 0.040826 1.199408 0.236554
v 0.027923 1.193391 0.236554
v 0.040826 1.199408 0.231714
v 0.040826 1.199408 0.231714
v 0.052488 1.207574 0.236554
v 0.040826 1.199408 0.236554
v 0.052488 1.207574 0.231714
v 0.052488 1.207574 0.231714
v 0.062555 1.217641 0.236554
v 0.052488 1.207574 0.236554
v 0.062555 1.217641 0.231714
v 0.062555 1.217641 0.231714
v 0.070721 1.229303 0.236554
v 0.062555 1.217641 0.236554
v 0.070721 1.229303 0.231714
v 0.070721 1.229303 0.231714
v 0.076738 1.242206 0.236554
v 0.070721 1.229303 0.236554
v 0.076737 1.242206 0.231714
v 0.076737 1.242206 0.231714
v 0.080422 1.255958 0.236554
v 0.076738 1.242206 0.236554
v 0.080422 1.255958 0.231714
v 0.080422 1.255958 0.231714
v 0.081663 1.270141 0.236554
v 0.080422 1.255958 0.236554
v 0.081663 1.270141 0.231714
v 0.068958 1.306441 0.222639
v 0.070773 1.309585 0.222639
v 0.072588 1.306441 0.222639
v 0.067143 1.309585 0.222639
v 0.070773 1.309585 0.222639
v 0.065328 1.306441 0.222639
v 0.067143 1.303297 0.222639
v 0.070773 1.303297 0.222639
v 0.072588 1.306441 0.222639
v 0.070773 1.309585 0.231714
v 0.072588 1.306441 0.231714
v 0.070773 1.309585 0.222639
v 0.070773 1.309585 0.222639
v 0.067143 1.309585 0.231714
v 0.070773 1.309585 0.231714
v 0.067143 1.309585 0.222639
v 0.065328 1.306441 0.231714
v 0.065328 1.306441 0.222639
v 0.067143 1.303297 0.231714
v 0.067143 1.303297 0.222639
v 0.070773 1.303297 0.231714
v 0.070773 1.303297 0.222639
v 0.068958 1.306441 0.231714
v 0.072588 1.306441 0.231714
v 0.070773 1.309585 0.231714
v -0.006212 1.293918 0.155829
v 0.070773 1.309585 0.231714
v 0.067143 1.309585 0.231714
v -0.006212 1.294192 0.153424
v -0.006212 1.320753 0.158886
v 0.065328 1.306441 0.231714
v -0.006212 1.321027 0.156481
v -0.001524 1.342007 0.161307
v 0.067143 1.303297 0.231714
v -0.001524 1.325977 0.159481
v -0.001524 1.326251 0.157077
v 0.070773 1.303297 0.231714
v -0.001524 1.342281 0.158903
v 0.001501 1.342007 0.161307
v -0.001524 1.342007 0.161307
v -0.000012 1.191100 0.222639
v 0.001803 1.194243 0.222639
v 0.003618 1.191100 0.222639
v -0.001524 1.342281 0.158903
v -0.001827 1.194243 0.222639
v 0.001803 1.194243 0.222639
v 0.001501 1.342281 0.158903
v -0.003642 1.191100 0.222639
v 0.001501 1.342007 0.161307
v 0.001501 1.342281 0.158903
v -0.001827 1.187956 0.222639
v 0.001501 1.325977 0.159481
v 0.001501 1.326251 0.157077
v 0.001803 1.187956 0.222639
v 0.006130 1.293918 0.155829
v 0.006130 1.320753 0.158886
v 0.006130 1.321027 0.156481
v 0.006130 1.294192 0.153424
v 0.003618 1.191100 0.222639
v 0.001803 1.194243 0.231714
v 0.003618 1.191100 0.231714
v -0.006212 1.293918 0.155829
v 0.001803 1.194243 0.222639
v 0.006130 1.293918 0.155829
v 0.001803 1.194243 0.222639
v -0.001827 1.194243 0.231714
v 0.001803 1.194243 0.231714
v 0.006130 1.294192 0.153424
v -0.001827 1.194243 0.222639
v -0.006212 1.294192 0.153424
v -0.001524 1.342007 0.161307
v -0.003642 1.191100 0.231714
v 0.001501 1.342007 0.161307
v -0.001524 1.325977 0.159481
v -0.003642 1.191100 0.222639
v 0.001501 1.325977 0.159481
v -0.006212 1.320753 0.158886
v -0.001827 1.187956 0.231714
v 0.006130 1.320753 0.158886
v 0.006130 1.293918 0.155829
v -0.001827 1.187956 0.222639
v -0.006212 1.293918 0.155829
v 0.001501 1.342281 0.158903
v 0.001803 1.187956 0.231714
v -0.001524 1.342281 0.158903
v 0.001501 1.326251 0.157077
v 0.001803 1.187956 0.222639
v -0.001524 1.326251 0.157077
v 0.006130 1.294192 0.153424
v 0.006130 1.321027 0.156481
v -0.006212 1.321027 0.156481
v -0.006212 1.294192 0.153424
v -0.002129 1.348823 0.160926
v -0.002129 1.343829 0.190761
v -0.000012 1.191100 0.231714
v 0.003618 1.191100 0.231714
v 0.001803 1.194243 0.231714
v -0.002129 1.339653 0.190062
v 0.001803 1.194243 0.231714
v -0.001827 1.194243 0.231714
v -0.002129 1.344646 0.160227
v 0.002106 1.348823 0.160926
v -0.003642 1.191100 0.231714
v -0.002129 1.348823 0.160926
v -0.002129 1.344646 0.160227
v -0.001827 1.187956 0.231714
v 0.002106 1.344646 0.160227
v 0.002106 1.343829 0.190761
v 0.001803 1.187956 0.231714
v 0.002106 1.348823 0.160926
v 0.002106 1.344646 0.160227
v 0.002106 1.339653 0.190062
v -0.069587 1.306441 0.222639
v -0.067772 1.309584 0.222639
v -0.065957 1.306441 0.222639
v -0.002129 1.343829 0.190761
v -0.071402 1.309584 0.222639
v -0.067772 1.309584 0.222639
v 0.002106 1.343829 0.190761
v -0.073217 1.306441 0.222639
v 0.002106 1.339653 0.190062
v -0.002129 1.339653 0.190062
v -0.071402 1.303297 0.222639
v -0.002129 1.348823 0.160926
v 0.002106 1.348823 0.160926
v -0.067772 1.303297 0.222639
v 0.002106 1.343829 0.190761
v -0.002129 1.343829 0.190761
v 0.002106 1.339653 0.190062
v 0.002106 1.344646 0.160227
v -0.065957 1.306441 0.222639
v -0.067772 1.309584 0.231714
v -0.065957 1.306441 0.231714
v -0.002129 1.344646 0.160227
v -0.067772 1.309584 0.222639
v -0.002129 1.339653 0.190062
v -0.067772 1.309584 0.222639
v -0.071402 1.309584 0.231714
v -0.067772 1.309584 0.231714
v -0.009692 1.342487 0.195645
v -0.071402 1.309584 0.222639
v -0.009692 1.335458 0.195645
v -0.009692 1.345350 0.192620
v -0.073217 1.306441 0.231714
v -0.009692 1.335458 0.192620
v -0.009692 1.345350 0.189595
v -0.073217 1.306441 0.222639
v -0.009692 1.335458 0.189595
v -0.009692 1.335458 0.186570
v -0.071402 1.303297 0.231714
v -0.009692 1.342487 0.186570
v -0.003642 1.342487 0.195645
v -0.071402 1.303297 0.222639
v -0.009692 1.342487 0.195645
v -0.009692 1.345350 0.192620
v -0.067772 1.303297 0.231714
v -0.003642 1.345350 0.192620
v -0.003642 1.345350 0.192620
v -0.067772 1.303297 0.222639
v -0.009692 1.345350 0.192620
v -0.009692 1.345350 0.189595
v -0.003642 1.345350 0.189595
v -0.003642 1.345350 0.189595
v -0.009692 1.345350 0.189595
v -0.009692 1.342487 0.186570
v -0.003642 1.342487 0.186570
v -0.069587 1.306441 0.231714
v -0.065957 1.306441 0.231714
v -0.067772 1.309584 0.231714
v -0.003642 1.335458 0.195645
v -0.067772 1.309584 0.231714
v -0.071402 1.309584 0.231714
v -0.003642 1.342487 0.195645
v -0.003642 1.335458 0.192620
v -0.073217 1.306441 0.231714
v -0.003642 1.345350 0.192620
v -0.003642 1.335458 0.189595
v -0.071402 1.303297 0.231714
v -0.003642 1.345350 0.189595
v -0.003642 1.342487 0.186570
v -0.067772 1.303297 0.231714
v -0.003642 1.335458 0.186570
v -0.009692 1.335458 0.195645
v -0.003642 1.335458 0.195645
v 0.063271 1.278745 0.170163
v 0.061349 1.289649 0.236713
v 0.063271 1.278745 0.236713
v -0.009692 1.335458 0.192620
v 0.061349 1.289649 0.170163
v -0.003642 1.335458 0.192620
v -0.009692 1.335458 0.189595
v 0.057561 1.300055 0.236713
v -0.003642 1.335458 0.189595
v -0.003642 1.335458 0.186570
v 0.057561 1.300055 0.170163
v -0.009692 1.335458 0.186570
v -0.009692 1.342487 0.195645
v 0.052025 1.309645 0.236713
v -0.003642 1.342487 0.195645
v -0.003642 1.335458 0.195645
v 0.052025 1.309645 0.170163
v -0.009692 1.335458 0.195645
v -0.003642 1.335458 0.186570
v 0.044907 1.318127 0.236713
v -0.003642 1.342487 0.186570
v -0.009692 1.342487 0.186570
v 0.044907 1.318127 0.170163
v -0.009692 1.335458 0.186570
v 0.013087 1.175760 0.183242
v 0.036425 1.325245 0.236713
v 0.007551 1.175760 0.177707
v -0.000012 1.175760 0.175680
v 0.036425 1.325245 0.170163
v -0.007574 1.175760 0.177707
v -0.013111 1.175760 0.183242
v 0.026835 1.330781 0.236713
v -0.015137 1.175760 0.190805
v -0.013111 1.175760 0.198367
v 0.026835 1.330781 0.170163
v -0.007574 1.175760 0.203904
v -0.000012 1.175760 0.205930
v 0.016430 1.334569 0.236713
v 0.007551 1.175760 0.203904
v 0.013087 1.175760 0.198367
v 0.016430 1.334569 0.170163
v 0.015113 1.175760 0.190805
v -0.000012 1.175760 0.190805
v 0.005525 1.336491 0.236713
v 0.013087 1.206011 0.183242
v 0.013087 1.175760 0.183242
v 0.005525 1.336491 0.170163
v 0.007551 1.206011 0.177707
v 0.007551 1.175760 0.177707
v -0.005548 1.336491 0.236713
v -0.000012 1.206011 0.175680
v -0.000012 1.175760 0.175680
v -0.005548 1.336491 0.170163
v -0.007574 1.206011 0.177707
v -0.007574 1.175760 0.177707
v -0.016453 1.334569 0.236713
v -0.013111 1.206011 0.183242
v -0.013111 1.175760 0.183242
v -0.016453 1.334569 0.170163
v -0.015137 1.206011 0.190805
v -0.015137 1.175760 0.190805
v -0.026859 1.330781 0.236713
v -0.013111 1.206011 0.198367
v -0.013111 1.175760 0.198367
v -0.026859 1.330781 0.170163
v -0.007574 1.206011 0.203904
v -0.000012 1.175760 0.205930
v -0.036448 1.325245 0.236713
v -0.007574 1.175760 0.203904
v -0.000012 1.206011 0.205930
v -0.036448 1.325245 0.170163
v -0.000012 1.206011 0.205930
v -0.000012 1.175760 0.205930
v -0.044931 1.318127 0.236713
v 0.007551 1.206011 0.203904
v 0.007551 1.175760 0.203904
v -0.044931 1.318127 0.170163
v 0.013087 1.206011 0.198367
v 0.015113 1.175760 0.190805
v -0.052048 1.309645 0.236713
v 0.013087 1.175760 0.198367
v 0.015113 1.206011 0.190805
v -0.052048 1.309645 0.170163
v 0.013087 1.206011 0.183242
v 0.007551 1.206011 0.177707
v -0.057585 1.300055 0.236713
v -0.000012 1.206011 0.175680
v -0.007574 1.206011 0.177707
v -0.057585 1.300055 0.170163
v -0.013111 1.206011 0.183242
v -0.015137 1.206011 0.190805
v -0.061372 1.289649 0.236713
v -0.013111 1.206011 0.198367
v -0.007574 1.206011 0.203904
v -0.061372 1.289649 0.170163
v -0.000012 1.206011 0.205930
v 0.007551 1.206011 0.203904
v -0.063295 1.278745 0.236713
v 0.015113 1.206011 0.190805
v 0.013087 1.206011 0.198367
v -0.063295 1.278745 0.170163
v -0.000012 1.206011 0.190805
v 0.003618 1.342487 0.195645
v -0.063295 1.261537 0.236713
v 0.003618 1.335458 0.195645
v 0.003618 1.345350 0.192620
v -0.063295 1.261537 0.170163
v 0.003618 1.335458 0.192620
v 0.003618 1.345350 0.189595
v -0.061372 1.250632 0.236713
v 0.003618 1.335458 0.189595
v 0.003618 1.335458 0.186570
v -0.061372 1.250632 0.170163
v 0.003618 1.342487 0.186570
v 0.009668 1.342487 0.195645
v -0.057585 1.240227 0.236713
v 0.003618 1.342487 0.195645
v 0.003618 1.345350 0.192620
v -0.057585 1.240227 0.170163
v 0.009668 1.345350 0.192620
v 0.009668 1.345350 0.192620
v -0.052048 1.230637 0.236713
v 0.003618 1.345350 0.192620
v 0.003618 1.345350 0.189595
v -0.052048 1.230637 0.170163
v 0.009668 1.345350 0.189595
v 0.009668 1.345350 0.189595
v -0.044931 1.222154 0.236713
v 0.003618 1.345350 0.189595
v 0.003618 1.342487 0.186570
v -0.044931 1.222154 0.170163
v 0.009668 1.342487 0.186570
v 0.009668 1.335458 0.195645
v -0.036448 1.215037 0.236713
v 0.009668 1.342487 0.195645
v 0.009668 1.335458 0.192620
v -0.036448 1.215037 0.170163
v 0.009668 1.345350 0.192620
v 0.009668 1.335458 0.189595
v -0.026859 1.209500 0.236713
v 0.009668 1.345350 0.189595
v 0.009668 1.342487 0.186570
v -0.026859 1.209500 0.170163
v 0.009668 1.335458 0.186570
v 0.003618 1.335458 0.195645
v -0.016453 1.205713 0.236713
v 0.009668 1.335458 0.195645
v 0.003618 1.335458 0.192620
v -0.016453 1.205713 0.170163
v 0.009668 1.335458 0.192620
v 0.003618 1.335458 0.189595
v -0.005548 1.203790 0.236713
v 0.009668 1.335458 0.189595
v 0.009668 1.335458 0.186570
v -0.005548 1.203790 0.170163
v 0.003618 1.335458 0.186570
v 0.003618 1.342487 0.195645
v 0.005525 1.203790 0.236713
v 0.009668 1.342487 0.195645
v 0.009668 1.335458 0.195645
v 0.005525 1.203790 0.170163
v 0.003618 1.335458 0.195645
v 0.009668 1.335458 0.186570
v 0.016430 1.205713 0.236713
v 0.009668 1.342487 0.186570
v 0.003618 1.342487 0.186570
v 0.016430 1.205713 0.170163
v 0.003618 1.335458 0.186570
v 0.031271 1.182886 0.167156
v 0.026835 1.209500 0.236713
v 0.031271 1.182886 0.170084
v 0.031271 1.185421 0.171547
v 0.026835 1.209500 0.170163
v 0.031271 1.187956 0.170084
v 0.031271 1.187956 0.167156
v 0.036425 1.215037 0.236713
v 0.031271 1.187956 0.167156
v 0.031271 1.185421 0.165692
v 0.036425 1.215037 0.170163
v 0.031271 1.185421 0.168620
v -0.035405 1.182886 0.167156
v 0.044907 1.222154 0.236713
v 0.031271 1.182886 0.167156
v -0.035405 1.182886 0.170084
v 0.044907 1.222154 0.170163
v 0.031271 1.182886 0.170084
v -0.035405 1.185421 0.171547
v 0.052025 1.230637 0.236713
v 0.031271 1.185421 0.171547
v -0.035405 1.187956 0.170084
v 0.052025 1.230637 0.170163
v 0.031271 1.187956 0.167156
v 0.031271 1.187956 0.170084
v 0.057561 1.240227 0.236713
v -0.035405 1.187956 0.167156
v -0.035405 1.187956 0.167156
v 0.057561 1.240227 0.170163
v 0.031271 1.185421 0.165692
v 0.031271 1.187956 0.167156
v 0.061349 1.250632 0.236713
v -0.035405 1.185421 0.165692
v -0.035405 1.182886 0.167156
v 0.061349 1.250632 0.170163
v -0.035405 1.182886 0.170084
v -0.035405 1.185421 0.171547
v 0.063271 1.261537 0.236713
v -0.035405 1.187956 0.167156
v -0.035405 1.187956 0.170084
v 0.063271 1.261537 0.170163
v -0.035405 1.185421 0.165692
v -0.035405 1.187956 0.167156
v -0.035405 1.185421 0.168620
v 0.066285 1.281920 0.164575
v 0.066285 1.258361 0.170625
v 0.066285 1.281920 0.170625
v 0.066285 1.258361 0.164575
v 0.066285 1.281920 0.164575
v 0.064271 1.293344 0.170625
v 0.066285 1.281920 0.170625
v 0.066285 1.258361 0.164575
v 0.064271 1.293344 0.164575
v 0.064271 1.246937 0.170625
v 0.064271 1.293344 0.164575
v 0.060303 1.304245 0.170625
v 0.064271 1.293344 0.170625
v 0.066285 1.258361 0.170625
v 0.060303 1.304245 0.164575
v 0.064271 1.246937 0.164575
v 0.060303 1.304245 0.164575
v 0.054503 1.314292 0.170625
v 0.060303 1.304245 0.170625
v 0.064271 1.246937 0.164575
v 0.054503 1.314292 0.164575
v 0.060303 1.236037 0.170625
v 0.054503 1.314292 0.164575
v 0.047046 1.323178 0.170625
v 0.054503 1.314292 0.170625
v 0.064271 1.246937 0.170625
v 0.047046 1.323178 0.164575
v 0.060303 1.236037 0.164575
v 0.047046 1.323178 0.164575
v 0.038160 1.330634 0.170625
v 0.047046 1.323178 0.170625
v 0.060303 1.236037 0.164575
v 0.038160 1.330634 0.164575
v 0.054503 1.225990 0.170625
v 0.038160 1.330634 0.164575
v 0.028113 1.336435 0.170625
v 0.038160 1.330634 0.170625
v 0.060303 1.236037 0.170625
v 0.028113 1.336435 0.164575
v 0.054503 1.225990 0.164575
v 0.028113 1.336435 0.164575
v 0.017213 1.340402 0.170625
v 0.028113 1.336435 0.170625
v 0.054503 1.225990 0.164575
v 0.017213 1.340402 0.164575
v 0.047046 1.217104 0.170625
v 0.017213 1.340402 0.164575
v 0.005788 1.342417 0.170625
v 0.017213 1.340402 0.170625
v 0.054503 1.225990 0.170625
v 0.005788 1.342417 0.164575
v 0.047046 1.217104 0.164575
v 0.005788 1.342417 0.164575
v -0.005812 1.342417 0.170625
v 0.005788 1.342417 0.170625
v 0.047046 1.217104 0.164575
v -0.005812 1.342417 0.164575
v 0.038160 1.209647 0.170625
v -0.005812 1.342417 0.164575
v -0.017236 1.340402 0.170625
v -0.005812 1.342417 0.170625
v 0.047046 1.217104 0.170625
v -0.017236 1.340402 0.164575
v 0.038160 1.209647 0.164575
v -0.017236 1.340402 0.164575
v -0.028137 1.336435 0.170625
v -0.017236 1.340402 0.170625
v 0.038160 1.209647 0.164575
v -0.028137 1.336435 0.164575
v 0.028113 1.203847 0.170625
v -0.028137 1.336435 0.164575
v -0.038183 1.330634 0.170625
v -0.028137 1.336435 0.170625
v 0.038160 1.209647 0.170625
v -0.038183 1.330634 0.164575
v 0.028113 1.203847 0.164575
v -0.038183 1.330634 0.164575
v -0.047070 1.323178 0.170625
v -0.038183 1.330634 0.170625
v 0.028113 1.203847 0.164575
v -0.047070 1.323178 0.164575
v 0.017213 1.199880 0.170625
v -0.047070 1.323178 0.164575
v -0.054526 1.314292 0.170625
v -0.047070 1.323178 0.170625
v 0.028113 1.203847 0.170625
v -0.054526 1.314292 0.164575
v 0.017213 1.199880 0.164575
v -0.054526 1.314292 0.164575
v -0.060327 1.304245 0.170625
v -0.054526 1.314292 0.170625
v 0.017213 1.199880 0.164575
v -0.060327 1.304245 0.164575
v 0.005788 1.197865 0.170625
v -0.060327 1.304245 0.164575
v -0.064294 1.293344 0.170625
v -0.060327 1.304245 0.170625
v 0.017213 1.199880 0.170625
v -0.064294 1.293344 0.164575
v 0.005788 1.197865 0.164575
v -0.064294 1.293344 0.164575
v -0.066308 1.281920 0.170625
v -0.064294 1.293344 0.170625
v 0.005788 1.197865 0.164575
v -0.066308 1.281920 0.164575
v -0.005812 1.197865 0.170625
v -0.066308 1.281920 0.164575
v -0.066308 1.258361 0.170625
v -0.066308 1.281920 0.170625
v 0.005788 1.197865 0.170625
v -0.066308 1.258361 0.164575
v -0.005812 1.197865 0.164575
v -0.066308 1.258361 0.164575
v -0.064294 1.246937 0.170625
v -0.066308 1.258361 0.170625
v -0.005812 1.197865 0.164575
v -0.064294 1.246937 0.164575
v -0.017236 1.199880 0.170625
v -0.064294 1.246937 0.164575
v -0.060327 1.236037 0.170625
v -0.064294 1.246937 0.170625
v -0.005812 1.197865 0.170625
v -0.060327 1.236037 0.164575
v -0.017236 1.199880 0.164575
v -0.060327 1.236037 0.164575
v -0.054526 1.225990 0.170625
v -0.060327 1.236037 0.170625
v -0.017236 1.199880 0.164575
v -0.054526 1.225990 0.164575
v -0.028137 1.203847 0.170625
v -0.054526 1.225990 0.164575
v -0.047070 1.217104 0.170625
v -0.054526 1.225990 0.170625
v -0.017236 1.199880 0.170625
v -0.047070 1.217104 0.164575
v -0.028137 1.203847 0.164575
v -0.047070 1.217104 0.164575
v -0.038183 1.209647 0.170625
v -0.047070 1.217104 0.170625
v -0.028137 1.203847 0.164575
v -0.038183 1.209647 0.164575
v -0.038183 1.209647 0.170625
v -0.038183 1.209647 0.164575
v -0.028137 1.203847 0.170625
vn 0.9962 0.0872 -0.0000
vn 0.9992 0.0388 -0.0000
vn 0.9955 0.0947 -0.0000
vn 0.6383 0.7698 -0.0000
vn 0.5872 0.8095 -0.0000
vn 0.5872 0.8094 0.0001
vn 0.5872 0.8094 0.0002
vn 0.5736 0.8192 0.0001
vn 0.5735 0.8192 -0.0000
vn 0.5736 0.8191 0.0002
vn 0.4226 0.9063 -0.0000
vn 0.2588 0.9659 -0.0000
vn 0.0871 0.9962 -0.0000
vn -0.0871 0.9962 -0.0000
vn -0.2588 0.9659 -0.0000
vn -0.4226 0.9063 -0.0000
vn -0.5736 0.8191 -0.0000
vn -0.5736 0.8192 -0.0000
vn -0.6273 0.7788 -0.0000
vn -0.6458 0.7635 -0.0000
vn -0.9901 0.1406 -0.0000
vn -0.9943 0.1068 -0.0000
vn -0.9962 0.0872 -0.0000
vn -0.9962 -0.0872 -0.0000
vn -0.9659 -0.2588 -0.0000
vn -0.9063 -0.4226 -0.0000
vn -0.8191 -0.5736 -0.0000
vn -0.7071 -0.7071 -0.0000
vn -0.5736 -0.8191 -0.0000
vn -0.4226 -0.9063 -0.0000
vn -0.3627 -0.9319 -0.0000
vn -0.3628 -0.9319 0.0001
vn -0.3283 -0.9446 0.0001
vn -0.3283 -0.9446 -0.0000
vn 0.3283 -0.9446 -0.0000
vn 0.3627 -0.9319 -0.0000
vn 0.4226 -0.9063 -0.0000
vn 0.5736 -0.8191 -0.0000
vn 0.7071 -0.7071 -0.0000
vn 0.8191 -0.5736 -0.0000
vn 0.9063 -0.4226 -0.0000
vn 0.9063 -0.4226 -0.0001
vn 0.9063 -0.4226 -0.0002
vn 0.9659 -0.2588 -0.0002
vn 0.9659 -0.2588 -0.0000
vn 0.9962 -0.0872 -0.0000
vn -0.0000 -0.0000 -1.0000
vn 1.0000 -0.0000 -0.0000
vn 0.8661 0.5000 -0.0000
vn 0.8660 0.5000 -0.0000
vn -0.0000 1.0000 -0.0000
vn -0.5000 0.8660 -0.0000
vn -1.0000 -0.0000 -0.0000
vn -0.5000 -0.8660 -0.0000
vn 0.5000 -0.8660 -0.0000
vn -0.0000 -0.0000 1.0000
vn 1.0000 0.0001 -0.0000
vn 0.8660 0.5001 -0.0000
vn -0.4999 0.8661 -0.0000
vn -1.0000 0.0001 -0.0000
vn 0.9962 0.0871 -0.0000
vn 0.9659 0.2588 -0.0000
vn 0.9063 0.4226 -0.0000
vn 0.8192 0.5736 -0.0000
vn 0.7071 0.7071 -0.0000
vn 0.5736 0.8192 -0.0000
vn -0.7071 0.7071 -0.0000
vn -0.8192 0.5736 -0.0000
vn -0.9063 0.4226 -0.0000
vn -0.9659 0.2588 -0.0000
vn -0.8192 -0.5736 -0.0000
vn -0.5736 -0.8192 -0.0000
vn -0.2588 -0.9659 -0.0000
vn -0.0872 -0.9962 -0.0000
vn 0.0872 -0.9962 -0.0000
vn 0.2588 -0.9659 -0.0000
vn 0.5736 -0.8192 -0.0000
vn 0.8192 -0.5735 -0.0000
vn 0.9962 -0.0871 -0.0000
vn 0.9848 0.1736 -0.0000
vn 0.9397 0.3420 -0.0000
vn 0.7660 0.6428 -0.0000
vn 0.6428 0.7661 -0.0000
vn 0.5000 0.8660 -0.0000
vn 0.3420 0.9397 -0.0000
vn 0.1737 0.9848 -0.0000
vn -0.1737 0.9848 -0.0000
vn -0.3420 0.9397 -0.0000
vn -0.5001 0.8660 -0.0000
vn -0.6427 0.7661 -0.0000
vn -0.7661 0.6428 -0.0000
vn -0.8660 0.5000 -0.0000
vn -0.9397 0.3420 -0.0000
vn -0.9848 0.1736 -0.0000
vn -0.9848 -0.1736 -0.0000
vn -0.9397 -0.3420 -0.0000
vn -0.8660 -0.5000 -0.0000
vn -0.7661 -0.6428 -0.0000
vn -0.6428 -0.7660 -0.0000
vn -0.3420 -0.9397 -0.0000
vn -0.1737 -0.9848 -0.0000
vn -0.0000 -1.0000 -0.0000
vn 0.1737 -0.9848 -0.0000
vn 0.3420 -0.9397 -0.0000
vn 0.6428 -0.7660 -0.0000
vn 0.7660 -0.6428 -0.0000
vn 0.8660 -0.5000 -0.0000
vn 0.9397 -0.3421 -0.0000
vn 0.9848 -0.1736 -0.0000
vn -0.0000 0.5001 -0.8660
vn -0.0000 0.8660 0.5001
vn -0.0000 -0.8660 0.5001
vn -0.0000 -0.8661 -0.4999
vn -0.0000 0.7263 -0.6874
vn -0.0000 0.7263 0.6874
vn 0.8661 -0.0000 0.5000
vn 0.8661 -0.0000 0.4999
vn 0.5000 -0.0000 0.8660
vn 0.2588 -0.0000 0.9659
vn -0.2588 -0.0000 0.9659
vn -0.5000 -0.0000 0.8660
vn -0.8660 -0.0000 0.5000
vn -0.8660 -0.0000 -0.5001
vn -0.8660 -0.0000 -0.5000
vn -0.5000 -0.0000 -0.8661
vn -0.5000 -0.0000 -0.8660
vn 0.5000 -0.0000 -0.8660
vn 0.8660 -0.0000 -0.5000
vn -0.0000 -0.9863 -0.1651
vn -0.0000 0.9863 0.1651
vn -0.0000 -0.1651 0.9863
vn -0.0000 0.1650 -0.9863
vn -0.0000 0.1132 -0.9936
vn -0.0000 0.1133 -0.9936
vn -0.0000 -0.1132 0.9936
vn -0.0000 -0.9936 -0.1132
vn 0.9356 0.3509 0.0400
vn -0.0000 0.9936 0.1133
vn -0.0000 0.9936 0.1132
vn -0.9345 0.3538 0.0403
vn -0.9344 0.3538 0.0403
vt 0.000000 0.000000
vt 0.666667 1.000000
vt 0.000000 1.000000
vt 0.666667 0.000000
vt 0.985425 0.453850
vt 0.985595 0.473337
vt 0.985530 0.465837
vt 0.985255 0.434363
vt 0.985177 0.425388
vt 0.985320 0.441863
vt 0.985386 0.449363
vt 0.985464 0.458337
vt 0.937694 0.473755
vt 0.937628 0.466255
vt 0.937354 0.434781
vt 0.937275 0.425806
vt 0.937419 0.442281
vt 0.937485 0.449781
vt 0.937563 0.458755
vt 0.937524 0.454268
vt 0.003047 0.522924
vt 0.996953 0.605681
vt 0.996953 0.522924
vt 0.003047 0.605681
vt 0.996953 0.685923
vt 0.003047 0.685923
vt 0.996953 0.761212
vt 0.003047 0.761212
vt 0.996953 0.829261
vt 0.003047 0.829261
vt 0.996953 0.888003
vt 0.003047 0.888003
vt 0.996953 0.935651
vt 0.003047 0.935651
vt 0.996953 0.970759
vt 0.003047 0.970759
vt 0.996953 0.992260
vt 0.003047 0.992260
vt 0.996953 0.999500
vt 0.003047 0.999500
vt 0.996953 0.829262
vt 0.003047 0.829262
vt 0.996953 0.477076
vt 0.003047 0.477076
vt 0.996953 0.394319
vt 0.003047 0.394319
vt 0.996953 0.314077
vt 0.003047 0.314077
vt 0.996953 0.238788
vt 0.003047 0.238788
vt 0.996953 0.170739
vt 0.003047 0.170739
vt 0.996953 0.111997
vt 0.003047 0.111997
vt 0.996953 0.064349
vt 0.003047 0.064349
vt 0.996953 0.029241
vt 0.003047 0.029241
vt 0.996953 0.007740
vt 0.003047 0.007740
vt 0.996953 0.000500
vt 0.003047 0.000500
vt 0.294686 1.000000
vt 0.294686 0.000000
vt 0.917545 0.145843
vt 0.920449 0.165331
vt 0.919333 0.157831
vt 0.914641 0.126356
vt 0.913300 0.117381
vt 0.915759 0.133856
vt 0.916875 0.141356
vt 0.918215 0.150331
vt 0.102008 0.165749
vt 0.100890 0.158249
vt 0.096196 0.126774
vt 0.094859 0.117800
vt 0.097315 0.134274
vt 0.098433 0.141774
vt 0.099772 0.150749
vt 0.099103 0.146261
vt 0.296222 0.151247
vt 0.498150 0.151248
vt 0.498150 0.435425
vt 0.296222 0.435425
vt 0.296222 0.151248
vt 0.498150 0.151247
vt 0.390948 0.151248
vt 0.390948 0.435425
vt 0.485674 0.151248
vt 0.485674 0.435425
vt 0.580400 0.151248
vt 0.580400 0.435425
vt 0.296222 0.233497
vt 0.390948 0.151247
vt 0.485674 0.151247
vt 0.580400 0.233497
vt 0.580400 0.151247
vt 0.296222 0.353175
vt 0.580400 0.353175
vt 0.411908 0.192457
vt 0.218303 0.351115
vt 0.411908 0.375659
vt 0.076575 0.284058
vt 0.024698 0.192457
vt 0.076575 0.100856
vt 0.218303 0.033800
vt 0.411908 0.009255
vt 0.605513 0.033800
vt 0.747242 0.100856
vt 0.799118 0.192457
vt 0.747242 0.284058
vt 0.605513 0.351115
vt 0.605707 0.009255
vt 0.670306 0.375659
vt 0.605707 0.375659
vt 0.670306 0.009255
vt 0.734905 0.375659
vt 0.734905 0.009255
vt 0.799505 0.375659
vt 0.799505 0.009255
vt 0.024311 0.009255
vt 0.088911 0.375659
vt 0.024311 0.375659
vt 0.088911 0.009255
vt 0.153510 0.375659
vt 0.153510 0.009255
vt 0.218110 0.375659
vt 0.218110 0.009255
vt 0.282709 0.375659
vt 0.282709 0.009255
vt 0.347309 0.375659
vt 0.347309 0.009255
vt 0.476508 0.375659
vt 0.476508 0.009255
vt 0.541107 0.375659
vt 0.541107 0.009255
vt 1.000000 0.000000
vt 1.000000 1.000000
vt 0.826471 0.173529
vt 0.826470 0.391176
vt 0.173531 0.391176
vt 0.173531 0.173529
vt 0.826469 0.608824
vt 0.173530 0.608824
vt 0.826468 0.826471
vt 0.173529 0.826471
vt 0.173529 0.173529
vt 0.826468 0.173529
vt 0.826469 0.391176
vt 0.173530 0.391176
vt 0.826470 0.608824
vt 0.173531 0.608824
vt 0.826471 0.826471
vt 0.173531 0.826471
vt 0.391176 0.173529
vt 0.391176 0.826471
vt 0.608824 0.173529
vt 0.608824 0.826471
s 1
usemtl zadek_b
f 370/212/243 371/213/243 372/214/243
f 370/212/243 373/215/243 371/213/243
f 374/212/244 375/213/244 376/214/244
f 374/212/244 377/215/244 375/213/244
f 378/212/245 379/213/245 380/214/245
f 378/212/245 381/215/245 379/213/245
f 382/212/246 383/213/246 384/214/246
f 382/212/246 385/215/246 383/213/246
f 386/212/247 387/213/248 388/214/247
f 386/212/247 389/215/249 387/213/248
f 390/212/250 391/213/251 392/214/252
f 390/212/250 393/215/251 391/213/251
f 394/212/253 395/213/253 396/214/253
f 394/212/253 397/215/253 395/213/253
f 398/212/254 399/213/254 400/214/254
f 398/212/254 401/215/254 399/213/254
f 402/212/255 403/213/255 404/214/255
f 402/212/255 405/215/255 403/213/255
f 406/212/256 407/213/256 408/214/256
f 406/212/256 409/215/256 407/213/256
f 410/212/257 411/213/257 412/214/257
f 410/212/257 413/215/257 411/213/257
f 414/212/258 415/213/258 416/214/258
f 414/212/258 417/215/258 415/213/258
f 418/212/259 419/213/260 420/214/259
f 418/212/259 421/215/260 419/213/260
f 422/212/261 423/213/261 424/214/261
f 422/212/261 425/215/261 423/213/261
f 426/212/262 427/213/262 428/214/262
f 426/212/262 429/215/262 427/213/262
f 430/212/263 431/213/263 432/214/263
f 430/212/263 433/215/263 431/213/263
f 434/212/264 435/213/264 436/214/264
f 434/212/264 437/215/264 435/213/264
f 438/212/265 439/213/265 440/214/265
f 438/212/265 441/215/265 439/213/265
f 442/212/266 443/213/266 444/214/266
f 442/212/266 445/215/266 443/213/266
f 446/212/267 447/213/267 448/214/267
f 446/212/267 449/215/267 447/213/267
f 450/212/268 451/213/268 452/214/268
f 450/212/268 453/215/268 451/213/268
f 454/212/269 455/213/269 456/214/269
f 454/212/269 457/215/269 455/213/269
f 458/212/270 459/213/270 460/214/270
f 458/212/270 461/215/270 459/213/270
f 462/212/271 463/213/271 464/214/271
f 462/212/271 465/215/271 463/213/271
f 466/212/272 467/213/272 468/214/272
f 466/212/272 469/215/272 467/213/272
f 470/212/273 471/213/274 472/214/273
f 470/212/273 473/215/274 471/213/274
f 474/212/275 475/213/276 476/214/275
f 474/212/275 477/215/276 475/213/276
f 478/212/277 479/213/277 480/214/277
f 478/212/277 481/215/277 479/213/277
f 482/212/278 483/213/278 484/214/278
f 482/212/278 485/215/278 483/213/278
f 486/212/279 487/213/279 488/214/279
f 486/212/279 489/215/279 487/213/279
f 490/212/280 491/213/280 492/214/280
f 490/212/280 493/215/280 491/213/280
f 494/212/281 495/213/281 496/214/281
f 494/212/281 497/215/281 495/213/281
f 498/212/282 499/213/282 500/214/282
f 498/212/282 501/215/282 499/213/282
f 502/212/283 503/213/284 504/214/283
f 502/212/283 505/215/285 503/213/284
f 506/212/286 507/213/287 508/214/286
f 506/212/286 509/215/287 507/213/287
f 510/212/288 511/213/288 512/214/288
f 510/212/288 513/215/288 511/213/288
f 514/216/289 515/217/289 516/218/289
f 514/216/289 517/219/289 518/220/289
f 514/216/289 519/221/289 517/219/289
f 514/216/289 520/222/289 519/221/289
f 514/216/289 521/223/289 520/222/289
f 514/216/289 516/218/289 521/223/289
f 522/218/290 523/224/291 524/225/290
f 522/218/290 525/217/292 523/224/291
f 526/220/293 527/226/294 528/227/293
f 526/220/293 529/219/294 527/226/294
f 529/219/294 530/228/295 527/226/294
f 529/219/294 531/221/295 530/228/295
f 531/221/295 532/229/296 530/228/295
f 531/221/295 533/222/296 532/229/296
f 533/222/296 534/230/297 532/229/296
f 533/222/296 535/223/297 534/230/297
f 535/223/297 524/225/290 534/230/297
f 535/223/297 522/218/290 524/225/290
f 536/231/298 537/225/298 538/224/298
f 536/231/298 540/227/298 541/226/298
f 536/231/298 541/226/298 544/228/298
f 536/231/298 544/228/298 547/229/298
f 536/231/298 547/229/298 550/230/298
f 536/231/298 550/230/298 537/225/298
f 554/216/289 555/217/289 556/218/289
f 554/216/289 558/219/289 559/220/289
f 554/216/289 561/221/289 558/219/289
f 554/216/289 564/222/289 561/221/289
f 554/216/289 567/223/289 564/222/289
f 554/216/289 556/218/289 567/223/289
f 572/218/299 573/224/300 574/225/299
f 572/218/299 576/217/300 573/224/300
f 578/220/293 579/226/294 580/227/293
f 578/220/293 582/219/301 579/226/294
f 582/219/301 585/228/302 579/226/294
f 582/219/301 588/221/302 585/228/302
f 588/221/302 591/229/296 585/228/302
f 588/221/302 594/222/296 591/229/296
f 594/222/296 597/230/297 591/229/296
f 594/222/296 600/223/297 597/230/297
f 600/223/297 574/225/299 597/230/297
f 600/223/297 572/218/299 574/225/299
f 608/231/298 609/225/298 610/224/298
f 608/231/298 612/227/298 613/226/298
f 608/231/298 613/226/298 616/228/298
f 608/231/298 616/228/298 619/229/298
f 608/231/298 619/229/298 622/230/298
f 608/231/298 622/230/298 609/225/298
f 626/216/289 627/217/289 628/218/289
f 626/216/289 630/219/289 631/220/289
f 626/216/289 633/221/289 630/219/289
f 626/216/289 636/222/289 633/221/289
f 626/216/289 639/223/289 636/222/289
f 626/216/289 628/218/289 639/223/289
f 644/218/299 645/224/300 646/225/299
f 644/218/299 648/217/300 645/224/300
f 650/220/293 651/226/294 652/227/293
f 650/220/293 654/219/301 651/226/294
f 654/219/301 657/228/302 651/226/294
f 654/219/301 660/221/302 657/228/302
f 660/221/302 663/229/296 657/228/302
f 660/221/302 666/222/296 663/229/296
f 666/222/296 669/230/297 663/229/296
f 666/222/296 672/223/297 669/230/297
f 672/223/297 646/225/299 669/230/297
f 672/223/297 644/218/299 646/225/299
f 680/231/298 681/225/298 682/224/298
f 680/231/298 684/227/298 685/226/298
f 680/231/298 685/226/298 688/228/298
f 680/231/298 688/228/298 691/229/298
f 680/231/298 691/229/298 694/230/298
f 680/231/298 694/230/298 681/225/298
f 698/232/303 699/233/304 700/234/303
f 698/232/303 702/235/304 699/233/304
f 702/235/304 705/236/305 699/233/304
f 702/235/304 708/237/305 705/236/305
f 708/237/305 711/238/306 705/236/305
f 708/237/305 714/239/306 711/238/306
f 714/239/306 717/240/307 711/238/306
f 714/239/306 720/241/307 717/240/307
f 720/241/307 723/242/308 717/240/307
f 720/241/307 726/243/308 723/242/308
f 726/243/308 729/244/253 723/242/308
f 726/243/308 732/245/253 729/244/253
f 732/245/253 735/246/254 729/244/253
f 732/245/253 738/247/254 735/246/254
f 738/247/254 741/248/255 735/246/254
f 738/247/254 744/249/255 741/248/255
f 744/249/255 747/250/256 741/248/255
f 744/249/255 750/251/256 747/250/256
f 750/251/256 753/248/257 747/250/256
f 750/251/256 756/249/257 753/248/257
f 756/249/257 759/246/258 753/248/257
f 756/249/257 762/247/258 759/246/258
f 762/247/258 765/244/260 759/246/258
f 762/247/258 768/245/260 765/244/260
f 768/245/260 771/242/309 765/244/260
f 768/245/260 774/243/309 771/242/309
f 774/243/309 777/252/310 771/242/309
f 774/243/309 780/253/310 777/252/310
f 780/253/310 783/238/311 777/252/310
f 780/253/310 786/239/311 783/238/311
f 786/239/311 789/236/312 783/238/311
f 786/239/311 792/237/312 789/236/312
f 792/237/312 795/233/265 789/236/312
f 792/237/312 798/235/265 795/233/265
f 798/235/265 801/254/266 795/233/265
f 798/235/265 804/255/266 801/254/266
f 804/255/266 807/256/267 801/254/266
f 804/255/266 810/257/267 807/256/267
f 810/257/267 813/258/268 807/256/267
f 810/257/267 816/259/268 813/258/268
f 816/259/268 819/260/313 813/258/268
f 816/259/268 822/261/313 819/260/313
f 822/261/313 825/262/270 819/260/313
f 822/261/313 828/263/270 825/262/270
f 828/263/270 831/264/314 825/262/270
f 828/263/270 834/265/314 831/264/314
f 834/265/314 837/266/272 831/264/314
f 834/265/314 840/267/272 837/266/272
f 840/267/272 843/268/315 837/266/272
f 840/267/272 846/269/315 843/268/315
f 846/269/315 849/270/316 843/268/315
f 846/269/315 852/271/316 849/270/316
f 852/271/316 855/272/317 849/270/316
f 852/271/316 858/273/317 855/272/317
f 858/273/317 861/270/318 855/272/317
f 858/273/317 864/271/318 861/270/318
f 864/271/318 867/268/279 861/270/318
f 864/271/318 870/269/279 867/268/279
f 870/269/279 873/266/319 867/268/279
f 870/269/279 876/267/319 873/266/319
f 876/267/319 879/264/281 873/266/319
f 876/267/319 882/265/281 879/264/281
f 882/265/281 885/262/320 879/264/281
f 882/265/281 888/263/320 885/262/320
f 888/263/320 891/260/283 885/262/320
f 888/263/320 894/261/283 891/260/283
f 894/261/283 897/258/287 891/260/283
f 894/261/283 900/259/287 897/258/287
f 900/259/287 903/256/321 897/258/287
f 900/259/287 906/257/321 903/256/321
f 906/257/321 700/234/303 903/256/321
f 906/257/321 698/232/303 700/234/303
f 914/212/322 915/274/322 916/214/322
f 914/212/322 918/275/322 915/274/322
f 920/212/323 921/274/323 922/214/323
f 920/212/323 924/275/323 921/274/323
f 926/212/292 927/274/292 928/214/292
f 926/212/292 930/275/292 927/274/292
f 932/212/324 933/274/324 934/214/324
f 932/212/324 936/275/324 933/274/324
f 938/212/325 939/274/325 940/214/325
f 938/212/325 942/275/325 939/274/325
f 944/212/326 945/274/326 946/214/326
f 944/212/326 948/275/326 945/274/326
f 950/212/327 951/274/327 952/214/327
f 950/212/327 954/275/327 951/274/327
f 956/212/328 957/274/328 958/214/328
f 956/212/328 960/275/328 957/274/328
f 962/212/293 963/274/293 964/214/293
f 962/212/293 966/275/293 963/274/293
f 968/212/329 969/274/329 970/214/329
f 968/212/329 972/275/329 969/274/329
f 974/212/330 975/274/330 976/214/330
f 974/212/330 978/275/330 975/274/330
f 980/212/331 981/274/331 982/214/331
f 980/212/331 984/275/331 981/274/331
f 986/212/332 987/274/332 988/214/332
f 986/212/332 990/275/332 987/274/332
f 992/212/333 993/274/333 994/214/333
f 992/212/333 996/275/333 993/274/333
f 998/212/334 999/274/334 1000/214/334
f 998/212/334 1002/275/334 999/274/334
f 1004/212/335 1005/274/335 1006/214/335
f 1004/212/335 1008/275/335 1005/274/335
f 1010/212/336 1011/274/336 1012/214/336
f 1010/212/336 1014/275/336 1011/274/336
f 1016/212/295 1017/274/295 1018/214/295
f 1016/212/295 1020/275/295 1017/274/295
f 1022/212/337 1023/274/337 1024/214/337
f 1022/212/337 1026/275/337 1023/274/337
f 1028/212/338 1029/274/338 1030/214/338
f 1028/212/338 1032/275/338 1029/274/338
f 1034/212/339 1035/274/339 1036/214/339
f 1034/212/339 1038/275/339 1035/274/339
f 1040/212/340 1041/274/340 1042/214/340
f 1040/212/340 1044/275/340 1041/274/340
f 1046/212/341 1047/274/341 1048/214/341
f 1046/212/341 1050/275/341 1047/274/341
f 1052/212/296 1053/274/296 1051/214/296
f 1052/212/296 1049/275/296 1053/274/296
f 1045/212/342 1043/274/342 1039/214/342
f 1045/212/342 1037/275/342 1043/274/342
f 1033/212/343 1031/274/343 1027/214/343
f 1033/212/343 1025/275/343 1031/274/343
f 1021/212/344 1019/274/344 1015/214/344
f 1021/212/344 1013/275/344 1019/274/344
f 1009/212/345 1007/274/345 1003/214/345
f 1009/212/345 1001/275/345 1007/274/345
f 997/212/346 995/274/346 991/214/346
f 997/212/346 989/275/346 995/274/346
f 985/212/297 983/274/297 979/214/297
f 985/212/297 977/275/297 983/274/297
f 973/212/347 971/274/347 967/214/347
f 973/212/347 965/275/347 971/274/347
f 961/212/348 959/274/348 955/214/348
f 961/212/348 953/275/348 959/274/348
f 949/212/349 947/274/349 943/214/349
f 949/212/349 941/275/349 947/274/349
f 937/212/350 935/274/350 931/214/350
f 937/212/350 929/275/350 935/274/350
f 925/212/351 923/274/351 919/214/351
f 925/212/351 917/275/351 923/274/351
f 913/212/290 912/274/290 911/214/290
f 913/212/290 910/275/290 912/274/290
f 909/276/295 908/277/295 907/278/295
f 909/276/295 905/279/295 904/280/295
f 909/276/295 902/281/295 905/279/295
f 909/276/295 901/282/295 902/281/295
f 909/276/295 899/283/295 901/282/295
f 909/276/295 907/278/295 899/283/295
f 898/278/289 896/284/352 895/285/289
f 898/278/289 893/277/352 896/284/352
f 892/280/293 890/286/353 889/287/293
f 892/280/293 887/279/353 890/286/353
f 887/279/353 886/288/298 890/286/353
f 887/279/353 884/281/298 886/288/298
f 884/281/298 883/289/354 886/288/298
f 884/281/298 881/282/354 883/289/354
f 881/282/354 880/290/355 883/289/354
f 881/282/354 878/283/355 880/290/355
f 878/283/355 895/285/289 880/290/355
f 878/283/355 898/278/289 895/285/289
f 877/291/290 875/285/290 874/284/290
f 877/291/290 872/287/290 871/286/290
f 877/291/290 871/286/290 869/288/290
f 877/291/290 869/288/290 868/289/290
f 877/291/290 868/289/290 866/290/290
f 877/291/290 866/290/290 875/285/290
f 865/292/289 863/293/289 862/294/289
f 862/294/289 860/295/289 865/292/289
f 859/295/298 857/296/298 856/297/298
f 856/297/298 854/294/298 859/295/298
f 853/295/344 851/296/344 850/298/344
f 850/298/344 848/299/344 853/295/344
f 848/299/344 850/298/344 847/300/344
f 847/300/344 845/301/344 848/299/344
f 845/301/344 847/300/344 844/302/344
f 844/302/344 842/303/344 845/301/344
f 841/295/290 839/304/290 838/305/290
f 838/305/290 836/299/290 841/295/290
f 836/299/290 838/305/290 835/306/290
f 835/306/290 833/301/290 836/299/290
f 833/301/290 835/306/290 832/307/290
f 832/307/290 830/303/290 833/301/290
f 829/294/356 827/293/356 826/302/356
f 826/302/356 824/303/356 829/294/356
f 823/299/293 821/298/293 820/300/293
f 820/300/293 818/301/293 823/299/293
f 817/308/357 815/303/357 814/294/357
f 814/294/357 812/297/357 817/308/357
f 811/309/295 809/292/295 808/305/295
f 808/305/295 806/299/295 811/309/295
f 806/299/295 808/305/295 805/306/295
f 805/306/295 803/301/295 806/299/295
f 803/301/295 805/306/295 802/308/295
f 802/308/295 800/310/295 803/301/295
f 799/311/293 797/312/293 796/313/293
f 799/311/293 794/314/293 797/312/293
f 799/311/293 793/315/293 794/314/293
f 799/311/293 791/316/293 793/315/293
f 799/311/293 790/317/293 791/316/293
f 799/311/293 788/318/293 790/317/293
f 799/311/293 787/319/293 788/318/293
f 799/311/293 785/320/293 787/319/293
f 799/311/293 784/321/293 785/320/293
f 799/311/293 782/322/293 784/321/293
f 799/311/293 781/323/293 782/322/293
f 799/311/293 796/313/293 781/323/293
f 779/324/290 778/325/358 776/326/290
f 779/324/290 775/327/359 778/325/358
f 775/327/359 773/328/360 778/325/358
f 775/327/359 772/329/360 773/328/360
f 772/329/360 770/330/361 773/328/360
f 772/329/360 769/331/361 770/330/361
f 767/332/362 766/333/363 764/334/362
f 767/332/362 763/335/363 766/333/363
f 763/335/363 761/336/364 766/333/363
f 763/335/363 760/337/364 761/336/364
f 760/337/364 758/338/295 761/336/364
f 760/337/364 757/339/295 758/338/295
f 757/339/295 755/340/365 758/338/295
f 757/339/295 754/341/366 755/340/365
f 754/341/366 752/342/367 755/340/365
f 754/341/366 751/343/368 752/342/367
f 751/343/368 749/313/289 752/342/367
f 751/343/368 748/318/289 749/313/289
f 748/318/289 746/344/369 749/313/289
f 748/318/289 745/345/369 746/344/369
f 745/345/369 743/346/370 746/344/369
f 745/345/369 742/347/370 743/346/370
f 742/347/370 776/326/290 743/346/370
f 742/347/370 779/324/290 776/326/290
f 740/311/344 739/313/344 737/312/344
f 740/311/344 737/312/344 736/314/344
f 740/311/344 736/314/344 734/315/344
f 740/311/344 734/315/344 733/316/344
f 740/311/344 733/316/344 731/317/344
f 740/311/344 731/317/344 730/318/344
f 740/311/344 730/318/344 728/319/344
f 740/311/344 728/319/344 727/320/344
f 740/311/344 727/320/344 725/321/344
f 740/311/344 725/321/344 724/322/344
f 740/311/344 724/322/344 722/323/344
f 740/311/344 722/323/344 739/313/344
f 721/292/289 719/293/289 718/294/289
f 718/294/289 716/295/289 721/292/289
f 715/295/298 713/296/298 712/297/298
f 712/297/298 710/294/298 715/295/298
f 709/295/344 707/296/344 706/298/344
f 706/298/344 704/299/344 709/295/344
f 704/299/344 706/298/344 703/300/344
f 703/300/344 701/301/344 704/299/344
f 701/301/344 703/300/344 697/302/344
f 697/302/344 696/303/344 701/301/344
f 695/295/290 693/304/290 692/305/290
f 692/305/290 690/299/290 695/295/290
f 690/299/290 692/305/290 689/306/290
f 689/306/290 687/301/290 690/299/290
f 687/301/290 689/306/290 686/307/290
f 686/307/290 683/303/290 687/301/290
f 679/294/356 678/293/356 677/302/356
f 677/302/356 676/303/356 679/294/356
f 675/299/293 674/298/293 673/300/293
f 673/300/293 671/301/293 675/299/293
f 670/308/357 668/303/357 667/294/357
f 667/294/357 665/297/357 670/308/357
f 664/309/295 662/292/295 661/305/295
f 661/305/295 659/299/295 664/309/295
f 659/299/295 661/305/295 658/306/295
f 658/306/295 656/301/295 659/299/295
f 656/301/295 658/306/295 655/308/295
f 655/308/295 653/310/295 656/301/295
f 649/348/371 647/349/371 643/214/371
f 643/214/371 642/212/371 649/348/371
f 641/212/372 640/348/372 638/349/372
f 638/349/372 637/214/372 641/212/372
f 635/212/373 634/348/373 632/349/373
f 632/349/373 629/214/373 635/212/373
f 625/212/290 624/348/290 623/349/290
f 623/349/290 621/214/290 625/212/290
f 620/212/374 618/348/374 617/349/374
f 617/349/374 615/214/374 620/212/374
f 614/212/295 611/348/295 607/349/295
f 607/349/295 606/214/295 614/212/295
f 605/350/375 604/351/375 603/352/375
f 603/352/375 602/353/375 605/350/375
f 604/351/375 601/354/376 599/355/376
f 599/355/376 603/352/375 604/351/375
f 601/354/376 598/356/375 596/357/375
f 596/357/375 599/355/376 601/354/376
f 595/358/377 593/359/377 592/360/377
f 592/360/377 590/361/377 595/358/377
f 590/361/377 592/360/377 589/362/377
f 589/362/377 587/363/377 590/361/377
f 587/363/377 589/362/377 586/364/377
f 586/364/377 584/365/377 587/363/377
f 583/358/378 581/359/378 577/356/378
f 577/356/378 575/357/378 583/358/378
f 571/358/290 570/366/379 569/367/379
f 569/367/379 568/357/290 571/358/290
f 570/366/379 566/368/379 565/369/379
f 565/369/379 569/367/379 570/366/379
f 566/368/379 563/350/290 562/364/290
f 562/364/290 565/369/379 566/368/379
f 560/358/380 557/359/380 553/356/380
f 553/356/380 552/357/381 560/358/380
f 551/358/295 549/366/382 548/367/383
f 548/367/383 546/357/295 551/358/295
f 549/366/382 545/368/382 543/369/382
f 543/369/382 548/367/383 549/366/382
f 545/368/382 542/350/295 539/364/295
f 539/364/295 543/369/382 545/368/382
o svetlo_back_30
v -0.000012 1.270141 0.158459
v 0.041904 1.285271 0.158459
v 0.043218 1.277822 0.158459
v -0.003037 1.311346 0.151578
v 0.039317 1.292379 0.158459
v -0.003037 1.311346 0.158607
v -0.003037 1.308321 0.148714
v 0.035535 1.298929 0.158459
v -0.003037 1.308321 0.158607
v -0.003037 1.305296 0.148714
v 0.030673 1.304724 0.158459
v -0.003037 1.305296 0.158607
v -0.003037 1.302271 0.158607
v 0.024879 1.309587 0.158459
v -0.003037 1.302271 0.151578
v 0.003013 1.311346 0.151578
v 0.018328 1.313368 0.158459
v -0.003037 1.311346 0.151578
v -0.003037 1.308321 0.148714
v 0.011219 1.315955 0.158459
v 0.003013 1.308321 0.148714
v 0.003013 1.308321 0.148714
v 0.003770 1.317269 0.158459
v -0.003037 1.308321 0.148714
v -0.003037 1.305296 0.148714
v -0.003794 1.317269 0.158459
v 0.003013 1.305296 0.148714
v 0.003013 1.305296 0.148714
v -0.011243 1.315955 0.158459
v -0.003037 1.305296 0.148714
v -0.003037 1.302271 0.151578
v -0.018351 1.313368 0.158459
v 0.003013 1.302271 0.151578
v 0.003013 1.311346 0.158607
v -0.024902 1.309587 0.158459
v 0.003013 1.311346 0.151578
v 0.003013 1.308321 0.158607
v -0.030696 1.304724 0.158459
v 0.003013 1.308321 0.148714
v 0.003013 1.305296 0.158607
v -0.035559 1.298929 0.158459
v 0.003013 1.305296 0.148714
v 0.003013 1.302271 0.151578
v -0.039340 1.292379 0.158459
v 0.003013 1.302271 0.158607
v -0.003037 1.311346 0.158607
v -0.041928 1.285271 0.158459
v 0.003013 1.311346 0.158607
v -0.003037 1.308321 0.158607
v -0.043241 1.277822 0.158459
v 0.003013 1.308321 0.158607
v -0.003037 1.305296 0.158607
v -0.043241 1.262460 0.158459
v 0.003013 1.305296 0.158607
v 0.003013 1.302271 0.158607
v -0.041928 1.255011 0.158459
v -0.003037 1.302271 0.158607
v -0.003037 1.311346 0.151578
v -0.039340 1.247902 0.158459
v 0.003013 1.311346 0.151578
v 0.003013 1.311346 0.158607
v -0.035559 1.241352 0.158459
v -0.003037 1.311346 0.158607
v 0.003013 1.302271 0.158607
v -0.030696 1.235558 0.158459
v 0.003013 1.302271 0.151578
v -0.003037 1.302271 0.151578
v -0.024902 1.230695 0.158459
v -0.003037 1.302271 0.158607
v 0.004526 1.347547 0.164001
v -0.018351 1.226913 0.158459
v 0.004526 1.340613 0.162842
v 0.001501 1.350370 0.164474
v -0.011243 1.224326 0.158459
v 0.001501 1.340613 0.162842
v -0.001524 1.350370 0.164474
v -0.003794 1.223013 0.158459
v -0.001524 1.340613 0.162842
v -0.004549 1.340613 0.162842
v 0.003770 1.223013 0.158459
v -0.004549 1.347547 0.164001
v 0.004526 1.348545 0.158034
v 0.011219 1.224326 0.158459
v 0.004526 1.347547 0.164001
v 0.001501 1.350370 0.164474
v 0.018328 1.226913 0.158459
v 0.001501 1.351369 0.158507
v 0.001501 1.351369 0.158507
v 0.024879 1.230695 0.158459
v 0.001501 1.350370 0.164474
v -0.001524 1.350370 0.164474
v 0.030673 1.235558 0.158459
v -0.001524 1.351369 0.158507
v -0.001524 1.351369 0.158507
v 0.035535 1.241352 0.158459
v -0.001524 1.350370 0.164474
v -0.004549 1.347547 0.164001
v 0.039317 1.247902 0.158459
v -0.004549 1.348545 0.158034
v 0.004526 1.341612 0.156875
v 0.041904 1.255011 0.158459
v 0.004526 1.348545 0.158034
v 0.001501 1.341612 0.156875
v 0.043218 1.262460 0.158459
v 0.001501 1.351369 0.158507
v -0.001524 1.341612 0.156875
v -0.001524 1.351369 0.158507
v -0.004549 1.348545 0.158034
v 0.043218 1.277822 0.158459
v 0.054112 1.289677 0.164509
v 0.055808 1.280058 0.164509
v -0.004549 1.341612 0.156875
v 0.041904 1.285271 0.158459
v 0.004526 1.340613 0.162842
v 0.004526 1.341612 0.156875
v 0.050771 1.298856 0.164509
v 0.001501 1.340613 0.162842
v 0.001501 1.341612 0.156875
v 0.039317 1.292379 0.158459
v -0.001524 1.340613 0.162842
v -0.001524 1.341612 0.156875
v 0.045888 1.307314 0.164509
v -0.004549 1.341612 0.156875
v -0.004549 1.340613 0.162842
v 0.035535 1.298929 0.158459
v 0.004526 1.347547 0.164001
v 0.004526 1.348545 0.158034
v 0.039609 1.314796 0.164509
v 0.004526 1.341612 0.156875
v 0.004526 1.340613 0.162842
v 0.030673 1.304724 0.158459
v -0.004549 1.341612 0.156875
v -0.004549 1.348545 0.158034
v 0.032127 1.321074 0.164509
v -0.004549 1.347547 0.164001
v -0.004549 1.340613 0.162842
v 0.024879 1.309587 0.158459
v -0.023946 1.300684 0.140518
v -0.023881 1.300968 0.148848
v 0.023669 1.325958 0.164509
v -0.025160 1.295429 0.154944
v -0.027033 1.287313 0.155234
v 0.018328 1.313368 0.158459
v -0.028404 1.281373 0.149550
v -0.028470 1.281090 0.141221
v 0.014491 1.329299 0.164509
v -0.027191 1.286629 0.135125
v -0.025318 1.294745 0.134834
v 0.011219 1.315955 0.158459
v -0.026176 1.291029 0.145034
v 0.020266 1.290477 0.140518
v 0.004872 1.330994 0.164509
v -0.023946 1.300684 0.140518
v 0.020331 1.290761 0.148848
v 0.003770 1.317269 0.158459
v -0.023881 1.300968 0.148848
v 0.019052 1.285222 0.154944
v -0.004895 1.330994 0.164509
v -0.025160 1.295429 0.154944
v 0.017179 1.277105 0.155234
v -0.003794 1.317269 0.158459
v -0.027033 1.287313 0.155234
v 0.015808 1.271166 0.149550
v -0.014514 1.329299 0.164509
v -0.028470 1.281090 0.141221
v -0.028404 1.281373 0.149550
v -0.011243 1.315955 0.158459
v 0.015742 1.270883 0.141221
v 0.015742 1.270883 0.141221
v -0.023692 1.325958 0.164509
v -0.028470 1.281090 0.141221
v 0.017021 1.276421 0.135125
v -0.018351 1.313368 0.158459
v -0.025318 1.294745 0.134834
v -0.027191 1.286629 0.135125
v -0.032151 1.321074 0.164509
v 0.018895 1.284538 0.134834
v 0.020266 1.290477 0.140518
v -0.024902 1.309587 0.158459
v 0.020331 1.290761 0.148848
v 0.019052 1.285222 0.154944
v -0.039633 1.314796 0.164509
v 0.017179 1.277105 0.155234
v 0.015808 1.271166 0.149550
v -0.030696 1.304724 0.158459
v 0.015742 1.270883 0.141221
v 0.018895 1.284538 0.134834
v -0.045911 1.307314 0.164509
v 0.017021 1.276421 0.135125
v 0.018037 1.280822 0.145034
v -0.035559 1.298929 0.158459
v 0.001236 1.347490 0.170363
v 0.001236 1.341624 0.170363
v -0.050795 1.298856 0.164509
v 0.001236 1.349224 0.168587
v 0.001236 1.341624 0.168587
v -0.039340 1.292379 0.158459
v 0.001236 1.349224 0.166810
v 0.001236 1.341624 0.166810
v -0.054135 1.289677 0.164509
v 0.001236 1.341624 0.165033
v 0.001236 1.349224 0.165033
v -0.041928 1.285271 0.158459
v 0.004396 1.347490 0.170363
v 0.001236 1.347490 0.170363
v -0.055831 1.280058 0.164509
v 0.001236 1.349224 0.168587
v 0.004396 1.349224 0.168587
v -0.043241 1.277822 0.158459
v 0.004396 1.349224 0.168587
v 0.001236 1.349224 0.168587
v -0.055831 1.260223 0.164509
v 0.001236 1.349224 0.166810
v 0.004396 1.349224 0.166810
v -0.043241 1.262460 0.158459
v 0.004396 1.349224 0.166810
v 0.001236 1.349224 0.166810
v -0.054135 1.250604 0.164509
v 0.001236 1.349224 0.165033
v 0.004396 1.349224 0.165033
v -0.041928 1.255011 0.158459
v 0.004396 1.341624 0.170363
v 0.004396 1.347490 0.170363
v -0.050795 1.241426 0.164509
v 0.004396 1.341624 0.168587
v 0.004396 1.349224 0.168587
v -0.039340 1.247902 0.158459
v 0.004396 1.341624 0.166810
v 0.004396 1.349224 0.166810
v -0.045911 1.232967 0.164509
v 0.004396 1.349224 0.165033
v 0.004396 1.341624 0.165033
v -0.035559 1.241352 0.158459
v 0.001236 1.341624 0.170363
v 0.004396 1.341624 0.170363
v -0.039633 1.225485 0.164509
v 0.001236 1.341624 0.168587
v 0.004396 1.341624 0.168587
v -0.030696 1.235558 0.158459
v 0.001236 1.341624 0.166810
v 0.004396 1.341624 0.166810
v -0.032151 1.219207 0.164509
v 0.004396 1.341624 0.165033
v 0.001236 1.341624 0.165033
v -0.024902 1.230695 0.158459
v 0.001236 1.347490 0.170363
v 0.004396 1.347490 0.170363
v -0.023692 1.214324 0.164509
v 0.004396 1.341624 0.170363
v 0.001236 1.341624 0.170363
v -0.018351 1.226913 0.158459
v 0.004396 1.341624 0.165033
v 0.004396 1.349224 0.165033
v -0.014514 1.210983 0.164509
v 0.001236 1.349224 0.165033
v 0.001236 1.341624 0.165033
v -0.011243 1.224326 0.158459
v -0.004616 1.347490 0.170363
v -0.004616 1.341624 0.170363
v -0.004895 1.209287 0.164509
v -0.004616 1.349224 0.168587
v -0.004616 1.341624 0.168587
v -0.003794 1.223013 0.158459
v -0.004616 1.349224 0.166810
v -0.004616 1.341624 0.166810
v 0.004872 1.209287 0.164509
v -0.004616 1.341624 0.165033
v -0.004616 1.349224 0.165033
v 0.003770 1.223013 0.158459
v -0.001457 1.347490 0.170363
v -0.004616 1.347490 0.170363
v 0.014491 1.210983 0.164509
v -0.004616 1.349224 0.168587
v -0.001457 1.349224 0.168587
v 0.011219 1.224326 0.158459
v -0.001457 1.349224 0.168587
v -0.004616 1.349224 0.168587
v 0.023669 1.214324 0.164509
v -0.004616 1.349224 0.166810
v -0.001457 1.349224 0.166810
v 0.018328 1.226913 0.158459
v -0.001457 1.349224 0.166810
v -0.004616 1.349224 0.166810
v 0.032127 1.219207 0.164509
v -0.004616 1.349224 0.165033
v -0.001457 1.349224 0.165033
v 0.024879 1.230695 0.158459
v -0.001457 1.341624 0.170363
v -0.001457 1.347490 0.170363
v 0.039609 1.225485 0.164509
v -0.001457 1.341624 0.168587
v -0.001457 1.349224 0.168587
v 0.030673 1.235558 0.158459
v -0.001457 1.341624 0.166810
v -0.001457 1.349224 0.166810
v 0.045888 1.232967 0.164509
v -0.001457 1.349224 0.165033
v -0.001457 1.341624 0.165033
v 0.035535 1.241352 0.158459
v -0.004616 1.341624 0.170363
v -0.001457 1.341624 0.170363
v 0.050771 1.241426 0.164509
v -0.004616 1.341624 0.168587
v -0.001457 1.341624 0.168587
v 0.039317 1.247902 0.158459
v -0.004616 1.341624 0.166810
v -0.001457 1.341624 0.166810
v 0.054112 1.250604 0.164509
v -0.001457 1.341624 0.165033
v -0.004616 1.341624 0.165033
v 0.041904 1.255011 0.158459
v -0.004616 1.347490 0.170363
v -0.001457 1.347490 0.170363
v 0.055808 1.260223 0.164509
v -0.001457 1.341624 0.170363
v -0.004616 1.341624 0.170363
v 0.043218 1.262460 0.158459
v -0.001457 1.341624 0.165033
v -0.001457 1.349224 0.165033
v -0.004616 1.349224 0.165033
v -0.004616 1.341624 0.165033
v -0.032430 1.183517 0.173240
v -0.032430 1.185920 0.173125
v -0.032430 1.237814 0.167619
v -0.000012 1.270141 0.164509
v 0.055808 1.280058 0.164509
v 0.054112 1.289677 0.164509
v -0.032430 1.197799 0.167619
v -0.032430 1.181939 0.171558
v 0.050771 1.298856 0.164509
v -0.032430 1.184713 0.170352
v -0.032430 1.237814 0.164594
v 0.045888 1.307314 0.164509
v -0.032430 1.197799 0.164594
v -0.032430 1.180733 0.168783
v 0.039609 1.314796 0.164509
v -0.032430 1.180894 0.166455
v -0.032430 1.183508 0.167578
v 0.032127 1.321074 0.164509
v -0.032430 1.182301 0.164803
v -0.032430 1.237814 0.161569
v 0.023669 1.325958 0.164509
v -0.032430 1.197799 0.161569
v -0.032430 1.197799 0.158544
v 0.014491 1.329299 0.164509
v -0.032430 1.237814 0.158544
v -0.023612 1.237814 0.167619
v 0.004872 1.330994 0.164509
v -0.032430 1.237814 0.167619
v -0.023612 1.237814 0.164594
v -0.004895 1.330994 0.164509
v -0.032430 1.237814 0.164594
v -0.023612 1.237814 0.161569
v -0.014514 1.329299 0.164509
v -0.032430 1.237814 0.161569
v -0.032430 1.237814 0.158544
v -0.023692 1.325958 0.164509
v -0.023612 1.237814 0.158544
v -0.023612 1.237814 0.167619
v -0.032151 1.321074 0.164509
v -0.023612 1.197799 0.167619
v -0.023612 1.183517 0.173240
v -0.039633 1.314796 0.164509
v -0.023612 1.185920 0.173125
v -0.023612 1.237814 0.164594
v -0.045911 1.307314 0.164509
v -0.023612 1.197799 0.164594
v -0.023612 1.181939 0.171558
v -0.050795 1.298856 0.164509
v -0.023612 1.184713 0.170352
v -0.023612 1.237814 0.161569
v -0.054135 1.289677 0.164509
v -0.023612 1.237814 0.158544
v -0.023612 1.197799 0.161569
v -0.055831 1.280058 0.164509
v -0.023612 1.197799 0.158544
v -0.023612 1.180733 0.168783
v -0.055831 1.260223 0.164509
v -0.023612 1.183508 0.167578
v -0.023612 1.182301 0.164803
v -0.054135 1.250604 0.164509
v -0.023612 1.180894 0.166455
v -0.032430 1.183517 0.173240
v -0.050795 1.241426 0.164509
v -0.023612 1.183517 0.173240
v -0.032430 1.181939 0.171558
v -0.045911 1.232967 0.164509
v -0.023612 1.181939 0.171558
v -0.023612 1.180733 0.168783
v -0.039633 1.225485 0.164509
v -0.032430 1.180733 0.168783
v -0.032430 1.180733 0.168783
v -0.032151 1.219207 0.164509
v -0.023612 1.180733 0.168783
v -0.023612 1.180894 0.166455
v -0.023692 1.214324 0.164509
v -0.032430 1.180894 0.166455
v -0.032430 1.237814 0.167619
v -0.014514 1.210983 0.164509
v -0.023612 1.237814 0.167619
v -0.032430 1.197799 0.167619
v -0.004895 1.209287 0.164509
v -0.023612 1.197799 0.167619
v -0.032430 1.185920 0.173125
v 0.004872 1.209287 0.164509
v -0.023612 1.185920 0.173125
v -0.023612 1.183517 0.173240
v 0.014491 1.210983 0.164509
v -0.032430 1.183517 0.173240
v -0.023612 1.237814 0.158544
v 0.023669 1.214324 0.164509
v -0.032430 1.237814 0.158544
v -0.023612 1.197799 0.158544
v 0.032127 1.219207 0.164509
v -0.032430 1.197799 0.158544
v -0.023612 1.180894 0.166455
v 0.039609 1.225485 0.164509
v -0.023612 1.182301 0.164803
v -0.032430 1.182301 0.164803
v 0.045888 1.232967 0.164509
v -0.032430 1.180894 0.166455
v -0.014532 1.189884 0.165030
v 0.050771 1.241426 0.164509
v -0.014532 1.189884 0.190739
v -0.014532 1.186859 0.162167
v 0.054112 1.250604 0.164509
v -0.014532 1.186859 0.190739
v -0.014532 1.183834 0.162167
v 0.055808 1.260223 0.164509
v -0.014532 1.183834 0.190739
v -0.014532 1.180809 0.190739
v -0.014532 1.180809 0.165030
v -0.000012 1.270141 0.164509
v 0.064271 1.293344 0.164509
v 0.066285 1.281920 0.164509
v -0.008482 1.189884 0.165030
v 0.060303 1.304245 0.164509
v -0.014532 1.189884 0.165030
v -0.014532 1.186859 0.162167
v 0.054503 1.314292 0.164509
v -0.008482 1.186859 0.162167
v -0.008482 1.186859 0.162167
v 0.047046 1.323178 0.164509
v -0.014532 1.186859 0.162167
v -0.014532 1.183834 0.162167
v 0.038160 1.330634 0.164509
v -0.008482 1.183834 0.162167
v -0.008482 1.183834 0.162167
v 0.028113 1.336435 0.164509
v -0.014532 1.183834 0.162167
v -0.014532 1.180809 0.165030
v 0.017213 1.340402 0.164509
v -0.008482 1.180809 0.165030
v -0.008482 1.189884 0.190739
v 0.005788 1.342417 0.164509
v -0.008482 1.189884 0.165030
v -0.008482 1.186859 0.190739
v -0.005812 1.342417 0.164509
v -0.008482 1.186859 0.162167
v -0.008482 1.183834 0.190739
v -0.017236 1.340402 0.164509
v -0.008482 1.183834 0.162167
v -0.008482 1.180809 0.165030
v -0.028137 1.336435 0.164509
v -0.008482 1.180809 0.190739
v -0.014532 1.189884 0.190739
v -0.038183 1.330634 0.164509
v -0.008482 1.189884 0.190739
v -0.014532 1.186859 0.190739
v -0.047070 1.323178 0.164509
v -0.008482 1.186859 0.190739
v -0.014532 1.183834 0.190739
v -0.054526 1.314292 0.164509
v -0.008482 1.183834 0.190739
v -0.008482 1.180809 0.190739
v -0.060327 1.304245 0.164509
v -0.014532 1.180809 0.190739
v -0.014532 1.189884 0.165030
v -0.064294 1.293344 0.164509
v -0.008482 1.189884 0.165030
v -0.008482 1.189884 0.190739
v -0.066308 1.281920 0.164509
v -0.014532 1.189884 0.190739
v -0.008482 1.180809 0.190739
v -0.066308 1.258361 0.164509
v -0.008482 1.180809 0.165030
v -0.014532 1.180809 0.165030
v -0.064294 1.246937 0.164509
v -0.014532 1.180809 0.190739
v -0.003037 1.337105 0.189961
v -0.060327 1.236037 0.164509
v -0.003037 1.338265 0.183029
v -0.003037 1.339616 0.193285
v -0.054526 1.225990 0.164509
v -0.003037 1.341249 0.183528
v -0.003037 1.342600 0.193784
v -0.047070 1.217104 0.164509
v -0.003037 1.344232 0.184027
v -0.003037 1.347216 0.184526
v -0.038183 1.209647 0.164509
v -0.003037 1.346055 0.191459
v 0.003013 1.337105 0.189961
v -0.028137 1.203847 0.164509
v -0.003037 1.337105 0.189961
v -0.003037 1.339616 0.193285
v -0.017236 1.199880 0.164509
v 0.003013 1.339616 0.193285
v 0.003013 1.339616 0.193285
v -0.005812 1.197865 0.164509
v -0.003037 1.339616 0.193285
v -0.003037 1.342600 0.193784
v 0.005788 1.197865 0.164509
v 0.003013 1.342600 0.193784
v 0.003013 1.342600 0.193784
v 0.017213 1.199880 0.164509
v -0.003037 1.342600 0.193784
v -0.003037 1.346055 0.191459
v 0.028113 1.203847 0.164509
v 0.003013 1.346055 0.191459
v 0.003013 1.338265 0.183029
v 0.038160 1.209647 0.164509
v 0.003013 1.337105 0.189961
v 0.003013 1.341249 0.183528
v 0.047046 1.217104 0.164509
v 0.003013 1.339616 0.193285
v 0.003013 1.344232 0.184027
v 0.054503 1.225990 0.164509
v 0.003013 1.342600 0.193784
v 0.003013 1.346055 0.191459
v 0.060303 1.236037 0.164509
v 0.003013 1.347216 0.184526
v -0.003037 1.338265 0.183029
v 0.064271 1.246937 0.164509
v 0.003013 1.338265 0.183029
v -0.003037 1.341249 0.183528
v 0.066285 1.258361 0.164509
v 0.003013 1.341249 0.183528
v -0.003037 1.344232 0.184027
v 0.003013 1.344232 0.184027
v 0.003013 1.347216 0.184526
v -0.000012 1.270141 0.170559
v 0.066285 1.281920 0.170559
v 0.064271 1.293344 0.170559
v -0.003037 1.347216 0.184526
v -0.003037 1.337105 0.189961
v 0.060303 1.304245 0.170559
v 0.003013 1.337105 0.189961
v 0.003013 1.338265 0.183029
v 0.054503 1.314292 0.170559
v -0.003037 1.338265 0.183029
v 0.003013 1.347216 0.184526
v 0.047046 1.323178 0.170559
v 0.003013 1.346055 0.191459
v -0.003037 1.346055 0.191459
v 0.038160 1.330634 0.170559
v -0.003037 1.347216 0.184526
v 0.007853 1.189884 0.165167
v 0.028113 1.336435 0.170559
v 0.007853 1.189884 0.190876
v 0.007853 1.186859 0.162304
v 0.017213 1.340402 0.170559
v 0.007853 1.186859 0.190876
v 0.007853 1.183834 0.162304
v 0.005788 1.342417 0.170559
v 0.007853 1.183834 0.190876
v 0.007853 1.180809 0.190876
v -0.005812 1.342417 0.170559
v 0.007853 1.180809 0.165167
v 0.013903 1.189884 0.165167
v -0.017236 1.340402 0.170559
v 0.007853 1.189884 0.165167
v 0.007853 1.186859 0.162304
v -0.028137 1.336435 0.170559
v 0.013903 1.186859 0.162304
v 0.013903 1.186859 0.162304
v -0.038183 1.330634 0.170559
v 0.007853 1.186859 0.162304
v 0.007853 1.183834 0.162304
v -0.047070 1.323178 0.170559
v 0.013903 1.183834 0.162304
v 0.013903 1.183834 0.162304
v -0.054526 1.314292 0.170559
v 0.007853 1.183834 0.162304
v 0.007853 1.180809 0.165167
v -0.060327 1.304245 0.170559
v 0.013903 1.180809 0.165167
v 0.013903 1.189884 0.190876
v -0.064294 1.293344 0.170559
v 0.013903 1.189884 0.165167
v 0.013903 1.186859 0.190876
v -0.066308 1.281920 0.170559
v 0.013903 1.186859 0.162304
v 0.013903 1.183834 0.190876
v -0.066308 1.258361 0.170559
v 0.013903 1.183834 0.162304
v 0.013903 1.180809 0.165167
v -0.064294 1.246937 0.170559
v 0.013903 1.180809 0.190876
v 0.007853 1.189884 0.190876
v -0.060327 1.236037 0.170559
v 0.013903 1.189884 0.190876
v 0.007853 1.186859 0.190876
v -0.054526 1.225990 0.170559
v 0.013903 1.186859 0.190876
v 0.007853 1.183834 0.190876
v -0.047070 1.217104 0.170559
v 0.013903 1.183834 0.190876
v 0.013903 1.180809 0.190876
v -0.038183 1.209647 0.170559
v 0.007853 1.180809 0.190876
v 0.007853 1.189884 0.165167
v -0.028137 1.203847 0.170559
v 0.013903 1.189884 0.165167
v 0.013903 1.189884 0.190876
v -0.017236 1.199880 0.170559
v 0.007853 1.189884 0.190876
v 0.013903 1.180809 0.190876
v -0.005812 1.197865 0.170559
v 0.013903 1.180809 0.165167
v 0.007853 1.180809 0.165167
v 0.005788 1.197865 0.170559
v 0.007853 1.180809 0.190876
v 0.021498 1.183517 0.173240
v 0.017213 1.199880 0.170559
v 0.021498 1.185920 0.173125
v 0.021498 1.237814 0.167619
v 0.028113 1.203847 0.170559
v 0.021498 1.197799 0.167619
v 0.021498 1.181939 0.171558
v 0.038160 1.209647 0.170559
v 0.021498 1.184713 0.170352
v 0.021498 1.237814 0.164594
v 0.047046 1.217104 0.170559
v 0.021498 1.197799 0.164594
v 0.021498 1.180733 0.168783
v 0.054503 1.225990 0.170559
v 0.021498 1.180894 0.166455
v 0.021498 1.183508 0.167578
v 0.060303 1.236037 0.170559
v 0.021498 1.182301 0.164803
v 0.021498 1.237814 0.161569
v 0.064271 1.246937 0.170559
v 0.021498 1.197799 0.161569
v 0.021498 1.197799 0.158544
v 0.066285 1.258361 0.170559
v 0.021498 1.237814 0.158544
v 0.030317 1.237814 0.167619
v 0.021498 1.237814 0.167619
v 0.021498 1.180894 0.166455
v 0.021498 1.182301 0.164803
v 0.030317 1.182301 0.164803
v 0.030317 1.237814 0.164594
v 0.030317 1.180894 0.166455
v 0.021498 1.237814 0.164594
v 0.030317 1.237814 0.161569
v 0.021498 1.197799 0.158544
v 0.030317 1.197799 0.158544
v 0.021498 1.237814 0.161569
v 0.021498 1.237814 0.158544
v 0.030317 1.237814 0.158544
v 0.030317 1.237814 0.167619
v 0.021498 1.237814 0.158544
v 0.030317 1.237814 0.158544
v 0.030317 1.197799 0.167619
v 0.030317 1.183517 0.173240
v 0.030317 1.185920 0.173125
v 0.021498 1.183517 0.173240
v 0.030317 1.183517 0.173240
v 0.030317 1.185920 0.173125
v 0.030317 1.237814 0.164594
v 0.021498 1.185920 0.173125
v 0.030317 1.197799 0.164594
v 0.030317 1.181939 0.171558
v 0.030317 1.184713 0.170352
v 0.030317 1.197799 0.167619
v 0.030317 1.237814 0.161569
v 0.021498 1.197799 0.167619
v 0.030317 1.237814 0.158544
v 0.030317 1.197799 0.161569
v 0.030317 1.197799 0.158544
v 0.030317 1.237814 0.167619
v 0.030317 1.180733 0.168783
v 0.021498 1.237814 0.167619
v 0.030317 1.183508 0.167578
v 0.021498 1.180894 0.166455
v 0.030317 1.180894 0.166455
v 0.030317 1.180733 0.168783
v 0.030317 1.182301 0.164803
v 0.021498 1.180733 0.168783
v 0.030317 1.180894 0.166455
v 0.021498 1.180733 0.168783
v 0.030317 1.180733 0.168783
v 0.030317 1.181939 0.171558
v 0.021498 1.183517 0.173240
v 0.021498 1.181939 0.171558
v 0.030317 1.183517 0.173240
vn -0.0000 -0.0000 -1.0000
vn 0.4277 0.0354 -0.9032
vn 0.4088 0.1113 -0.9058
vn 0.4271 0.0391 -0.9033
vn 0.4099 0.1078 -0.9057
vn 0.3788 0.1783 -0.9081
vn 0.3804 0.1754 -0.9080
vn 0.3385 0.2387 -0.9102
vn 0.3404 0.2364 -0.9101
vn 0.2894 0.2910 -0.9119
vn 0.2913 0.2893 -0.9118
vn 0.2328 0.3341 -0.9133
vn 0.2345 0.3330 -0.9133
vn 0.1705 0.3671 -0.9144
vn 0.1717 0.3665 -0.9144
vn 0.1039 0.3894 -0.9152
vn 0.1048 0.3892 -0.9152
vn 0.0349 0.4007 -0.9155
vn 0.0352 0.4007 -0.9155
vn -0.0349 0.4008 -0.9155
vn -0.0352 0.4007 -0.9155
vn -0.1039 0.3895 -0.9152
vn -0.1048 0.3892 -0.9152
vn -0.1705 0.3671 -0.9144
vn -0.1718 0.3666 -0.9144
vn -0.2328 0.3341 -0.9133
vn -0.2345 0.3330 -0.9133
vn -0.2894 0.2910 -0.9119
vn -0.2912 0.2893 -0.9119
vn -0.3385 0.2387 -0.9102
vn -0.3404 0.2364 -0.9101
vn -0.3788 0.1783 -0.9081
vn -0.3804 0.1754 -0.9080
vn -0.4088 0.1113 -0.9058
vn -0.4100 0.1078 -0.9057
vn -0.4271 0.0391 -0.9033
vn -0.4278 0.0353 -0.9032
vn -0.4271 -0.0391 -0.9033
vn -0.4277 -0.0353 -0.9032
vn -0.4088 -0.1113 -0.9058
vn -0.4099 -0.1078 -0.9057
vn -0.3788 -0.1783 -0.9081
vn -0.3804 -0.1754 -0.9080
vn -0.3386 -0.2387 -0.9102
vn -0.3404 -0.2364 -0.9101
vn -0.2894 -0.2910 -0.9119
vn -0.2912 -0.2893 -0.9119
vn -0.2328 -0.3341 -0.9133
vn -0.2345 -0.3330 -0.9133
vn -0.1705 -0.3671 -0.9144
vn -0.1718 -0.3666 -0.9144
vn -0.1039 -0.3895 -0.9152
vn -0.1048 -0.3893 -0.9152
vn -0.0349 -0.4007 -0.9155
vn -0.0352 -0.4007 -0.9155
vn 0.0349 -0.4007 -0.9155
vn 0.0352 -0.4007 -0.9155
vn 0.1039 -0.3895 -0.9152
vn 0.1048 -0.3893 -0.9151
vn 0.1705 -0.3671 -0.9144
vn 0.1718 -0.3666 -0.9144
vn 0.2328 -0.3341 -0.9133
vn 0.2345 -0.3330 -0.9133
vn 0.2894 -0.2910 -0.9119
vn 0.2912 -0.2893 -0.9119
vn 0.3385 -0.2387 -0.9102
vn 0.3404 -0.2364 -0.9101
vn 0.3788 -0.1783 -0.9081
vn 0.3804 -0.1754 -0.9080
vn 0.4088 -0.1113 -0.9058
vn 0.4099 -0.1078 -0.9057
vn 0.4271 -0.0392 -0.9033
vn 0.4277 -0.0354 -0.9032
vn -0.0000 -0.0000 1.0000
vn -0.0000 -0.7613 -0.6484
vn -0.0000 -0.5848 -0.8112
vn -0.0000 -0.5847 -0.8112
vn -0.0000 -0.1907 -0.9816
vn -0.0000 0.0478 0.9989
vn -0.0000 0.2386 0.9711
vn -0.0000 0.2153 0.9765
vn -0.0000 -0.9976 -0.0690
vn -0.0000 -0.9171 0.3986
vn -0.0000 -0.8355 0.5495
vn -0.0000 -0.7293 0.6842
vn 1.0000 -0.0000 -0.0000
vn -0.0000 1.0000 -0.0000
vn -1.0000 -0.0000 -0.0000
vn -0.0000 -1.0000 -0.0000
vn -0.0000 -0.6874 -0.7263
vn -0.0000 0.6874 -0.7263
vn -0.0000 0.9863 0.1651
vn -0.0000 0.9863 0.1652
vn -0.0000 -0.9863 -0.1650
vn -0.0000 -0.9863 -0.1651
vn -0.0000 0.1649 -0.9863
vn -0.0000 0.1650 -0.9863
vn -0.0000 0.5583 0.8296
vn -0.0000 0.5580 0.8298
vn -0.0000 -0.1649 0.9863
vn -0.0000 -0.7979 0.6028
vn -0.0000 0.7155 0.6986
vn 0.9744 -0.2249 -0.0000
vn 0.9744 -0.2250 -0.0000
vn 0.9744 -0.2249 0.0001
vn 0.0788 0.3412 -0.9367
vn -0.0933 -0.4041 -0.9100
vn -0.0933 -0.4041 -0.9099
vn -0.1645 -0.7126 -0.6820
vn -0.1645 -0.7127 -0.6819
vn -0.2248 -0.9738 0.0349
vn -0.2047 -0.8866 0.4147
vn -0.0788 -0.3412 0.9367
vn -0.0788 -0.3413 0.9366
vn 0.0933 0.4040 0.9100
vn 0.2107 0.9127 0.3502
vn 0.2047 0.8866 -0.4147
vn -0.9744 0.2249 -0.0000
vn -0.9744 0.2250 -0.0000
vn -0.9744 0.2249 -0.0001
vn -0.9744 0.2249 0.0001
vn -0.0000 -0.9863 -0.1652
vn 0.0001 0.1650 -0.9863
vn -0.0001 0.1651 -0.9863
vn -0.0001 0.1650 -0.9863
vn -0.0002 0.1650 -0.9863
vn -0.6874 0.7163 0.1199
vn -0.6873 0.7164 0.1198
vn -0.6874 0.7164 0.1199
vn 0.6874 0.7163 0.1199
vn 0.6875 0.7162 0.1199
vn 0.6874 0.7164 0.1199
vn 0.6874 0.7163 0.1198
vn 0.0001 -0.1650 0.9863
vn -0.0001 -0.1650 0.9863
vn -0.0000 -0.1650 0.9863
vn 0.0001 -0.1649 0.9863
vn 0.0004 -0.1649 0.9863
vn -0.0000 -0.6875 -0.7262
vn -0.0000 0.6875 -0.7262
vt 0.500000 0.500000
vt 0.842869 0.619928
vt 0.853715 0.563620
vt 0.821603 0.673490
vt 0.790565 0.722679
vt 0.750696 0.766000
vt 0.703208 0.802137
vt 0.649544 0.829991
vt 0.591335 0.848717
vt 0.530349 0.857746
vt 0.468440 0.856802
vt 0.407488 0.845916
vt 0.349345 0.825417
vt 0.295779 0.795928
vt 0.248416 0.758345
vt 0.208696 0.713812
vt 0.177825 0.663679
vt 0.156742 0.609471
vt 0.146087 0.552836
vt 0.146285 0.436381
vt 0.157131 0.380072
vt 0.178397 0.326510
vt 0.209435 0.277321
vt 0.249304 0.234000
vt 0.296792 0.197863
vt 0.350456 0.170009
vt 0.408665 0.151283
vt 0.469651 0.142254
vt 0.531560 0.143198
vt 0.592512 0.154085
vt 0.650655 0.174584
vt 0.704221 0.204072
vt 0.751584 0.241655
vt 0.791304 0.286189
vt 0.822175 0.336321
vt 0.843258 0.390529
vt 0.853913 0.447165
vt 0.908669 0.642943
vt 0.921597 0.575829
vt 0.883322 0.706784
vt 0.846327 0.765413
vt 0.798806 0.817048
vt 0.742205 0.860120
vt 0.678243 0.893320
vt 0.608863 0.915639
vt 0.536173 0.926400
vt 0.462383 0.925276
vt 0.389734 0.912300
vt 0.320433 0.887867
vt 0.256587 0.852719
vt 0.200134 0.807924
vt 0.152791 0.754844
vt 0.115997 0.695091
vt 0.090868 0.630480
vt 0.078168 0.562975
vt 0.078403 0.424171
vt 0.091331 0.357057
vt 0.116678 0.293215
vt 0.153673 0.234587
vt 0.201194 0.182952
vt 0.257795 0.139880
vt 0.321757 0.106680
vt 0.391137 0.084360
vt 0.463827 0.073600
vt 0.537617 0.074724
vt 0.610266 0.087700
vt 0.679567 0.112133
vt 0.743413 0.147281
vt 0.799866 0.192076
vt 0.847208 0.245156
vt 0.884003 0.304909
vt 0.909132 0.369520
vt 0.921832 0.437025
vt 0.978143 0.667243
vt 0.993268 0.588720
vt 0.948487 0.741938
vt 0.905202 0.810534
vt 0.849603 0.870946
vt 0.783380 0.921340
vt 0.708544 0.960184
vt 0.627370 0.986298
vt 0.542323 0.998889
vt 0.455988 0.997573
vt 0.370988 0.982391
vt 0.289907 0.953804
vt 0.215206 0.912681
vt 0.149157 0.860272
vt 0.093766 0.798167
vt 0.050716 0.728256
vt 0.021315 0.652661
vt 0.006457 0.573681
vt 0.006732 0.411280
vt 0.021857 0.332757
vt 0.051513 0.258062
vt 0.094798 0.189466
vt 0.150396 0.129054
vt 0.216620 0.078660
vt 0.291456 0.039816
vt 0.372630 0.013702
vt 0.457677 0.001112
vt 0.544012 0.002427
vt 0.629012 0.017609
vt 0.710093 0.046196
vt 0.784794 0.087319
vt 0.850843 0.139729
vt 0.906234 0.201833
vt 0.949284 0.271744
vt 0.978685 0.347339
vt 0.993543 0.426319
vt 0.905202 0.810533
vt 0.542323 0.998888
vt 0.149157 0.860271
vt 0.150397 0.129054
vt 0.457677 0.001111
vt 0.850843 0.139728
vt 0.324666 0.002962
vt 0.324666 0.008875
vt 0.253483 0.008875
vt 0.253483 0.002962
vt 0.324666 0.073986
vt 0.253483 0.073986
vt 0.324666 0.203016
vt 0.253483 0.203016
vt 0.253483 0.013984
vt 0.324666 0.013984
vt 0.324666 0.024078
vt 0.253483 0.024078
vt 0.253483 0.110339
vt 0.324666 0.110339
vt 0.324666 0.142151
vt 0.253483 0.142151
vt 0.253483 0.002287
vt 0.324666 0.002287
vt 0.324666 0.007355
vt 0.253483 0.007355
vt 0.253722 0.110339
vt 0.255819 0.087786
vt 0.257617 0.125676
vt 0.278909 0.002287
vt 0.278909 0.043604
vt 0.324666 0.043604
vt 0.259414 0.163566
vt 0.255280 0.180041
vt 0.278909 0.084921
vt 0.324666 0.084921
vt 0.261211 0.201456
vt 0.257631 0.203016
vt 0.278909 0.126238
vt 0.324666 0.126238
vt 0.253483 0.043604
vt 0.253483 0.084921
vt 0.253483 0.126238
vt 0.299240 0.002287
vt 0.299240 0.043604
vt 0.322330 0.087786
vt 0.320533 0.125676
vt 0.324427 0.110339
vt 0.299240 0.084921
vt 0.318736 0.163566
vt 0.322869 0.180042
vt 0.299240 0.126238
vt 0.316939 0.201456
vt 0.320518 0.203016
vt 0.811463 0.372409
vt 0.811462 0.458500
vt 0.745026 0.458500
vt 0.745026 0.372409
vt 0.811462 0.372409
vt 0.811463 0.458500
vt 0.811462 0.404957
vt 0.745026 0.404957
vt 0.811462 0.437504
vt 0.745026 0.437504
vt 0.811462 0.470052
vt 0.745026 0.470052
vt 0.798390 0.372409
vt 0.811463 0.404957
vt 0.811463 0.437504
vt 0.798390 0.470052
vt 0.811463 0.470052
vt 0.758098 0.372409
vt 0.758098 0.470052
vt 0.094450 0.879656
vt 0.094449 0.965746
vt 0.028013 0.965746
vt 0.028013 0.879656
vt 0.094449 0.879656
vt 0.094450 0.965746
vt 0.094449 0.912203
vt 0.028013 0.912203
vt 0.094449 0.944751
vt 0.028013 0.944751
vt 0.094449 0.977298
vt 0.028013 0.977298
vt 0.081377 0.879656
vt 0.094450 0.912203
vt 0.094450 0.944751
vt 0.081377 0.977298
vt 0.094450 0.977298
vt 0.041085 0.879656
vt 0.041085 0.977298
vt 0.484944 0.596708
vt 0.589372 0.630383
vt 0.605736 0.574247
vt 0.511835 0.666793
vt 0.418547 0.662148
vt 0.364153 0.619170
vt 0.380517 0.563034
vt 0.458053 0.526624
vt 0.551342 0.531268
vt 0.350694 0.584092
vt 0.585548 0.521631
vt 0.592277 0.539169
vt 0.343964 0.566554
vt 0.578818 0.504092
vt 0.337235 0.549015
vt 0.391071 0.689324
vt 0.625925 0.626862
vt 0.632654 0.644401
vt 0.384341 0.671786
vt 0.619195 0.609324
vt 0.377612 0.654247
vt 0.612466 0.591785
vt 0.370882 0.636708
vt 0.599007 0.556708
vt 0.357423 0.601631
s 1
usemtl zadek
f 1054/370/384 1055/371/384 1056/372/384
f 1054/370/384 1058/373/384 1055/371/384
f 1054/370/384 1061/374/384 1058/373/384
f 1054/370/384 1064/375/384 1061/374/384
f 1054/370/384 1067/376/384 1064/375/384
f 1054/370/384 1070/377/384 1067/376/384
f 1054/370/384 1073/378/384 1070/377/384
f 1054/370/384 1076/379/384 1073/378/384
f 1054/370/384 1079/380/384 1076/379/384
f 1054/370/384 1082/381/384 1079/380/384
f 1054/370/384 1085/382/384 1082/381/384
f 1054/370/384 1088/383/384 1085/382/384
f 1054/370/384 1091/384/384 1088/383/384
f 1054/370/384 1094/385/384 1091/384/384
f 1054/370/384 1097/386/384 1094/385/384
f 1054/370/384 1100/387/384 1097/386/384
f 1054/370/384 1103/388/384 1100/387/384
f 1054/370/384 1106/389/384 1103/388/384
f 1054/370/384 1109/390/384 1106/389/384
f 1054/370/384 1112/391/384 1109/390/384
f 1054/370/384 1115/392/384 1112/391/384
f 1054/370/384 1118/393/384 1115/392/384
f 1054/370/384 1121/394/384 1118/393/384
f 1054/370/384 1124/395/384 1121/394/384
f 1054/370/384 1127/396/384 1124/395/384
f 1054/370/384 1130/397/384 1127/396/384
f 1054/370/384 1133/398/384 1130/397/384
f 1054/370/384 1136/399/384 1133/398/384
f 1054/370/384 1139/400/384 1136/399/384
f 1054/370/384 1142/401/384 1139/400/384
f 1054/370/384 1145/402/384 1142/401/384
f 1054/370/384 1148/403/384 1145/402/384
f 1054/370/384 1151/404/384 1148/403/384
f 1054/370/384 1154/405/384 1151/404/384
f 1054/370/384 1157/406/384 1154/405/384
f 1054/370/384 1056/372/384 1157/406/384
f 1162/372/385 1163/407/386 1164/408/387
f 1162/372/385 1166/371/388 1163/407/386
f 1166/371/388 1169/409/389 1163/407/386
f 1166/371/388 1172/373/390 1169/409/389
f 1172/373/390 1175/410/391 1169/409/389
f 1172/373/390 1178/374/392 1175/410/391
f 1178/374/392 1181/411/393 1175/410/391
f 1178/374/392 1184/375/394 1181/411/393
f 1184/375/394 1187/412/395 1181/411/393
f 1184/375/394 1190/376/396 1187/412/395
f 1190/376/396 1193/413/397 1187/412/395
f 1190/376/396 1196/377/398 1193/413/397
f 1196/377/398 1199/414/399 1193/413/397
f 1196/377/398 1202/378/400 1199/414/399
f 1202/378/400 1205/415/401 1199/414/399
f 1202/378/400 1208/379/402 1205/415/401
f 1208/379/402 1211/416/403 1205/415/401
f 1208/379/402 1214/380/404 1211/416/403
f 1214/380/404 1217/417/405 1211/416/403
f 1214/380/404 1220/381/406 1217/417/405
f 1220/381/406 1223/418/407 1217/417/405
f 1220/381/406 1226/382/408 1223/418/407
f 1226/382/408 1229/419/409 1223/418/407
f 1226/382/408 1232/383/410 1229/419/409
f 1232/383/410 1235/420/411 1229/419/409
f 1232/383/410 1238/384/412 1235/420/411
f 1238/384/412 1241/421/413 1235/420/411
f 1238/384/412 1244/385/414 1241/421/413
f 1244/385/414 1247/422/415 1241/421/413
f 1244/385/414 1250/386/416 1247/422/415
f 1250/386/416 1253/423/417 1247/422/415
f 1250/386/416 1256/387/418 1253/423/417
f 1256/387/418 1259/424/419 1253/423/417
f 1256/387/418 1262/388/420 1259/424/419
f 1262/388/420 1265/425/421 1259/424/419
f 1262/388/420 1268/389/422 1265/425/421
f 1268/389/422 1271/426/423 1265/425/421
f 1268/389/422 1274/390/424 1271/426/423
f 1274/390/424 1277/427/425 1271/426/423
f 1274/390/424 1280/391/426 1277/427/425
f 1280/391/426 1283/428/427 1277/427/425
f 1280/391/426 1286/392/428 1283/428/427
f 1286/392/428 1289/429/429 1283/428/427
f 1286/392/428 1292/393/430 1289/429/429
f 1292/393/430 1295/430/431 1289/429/429
f 1292/393/430 1298/394/432 1295/430/431
f 1298/394/432 1301/431/433 1295/430/431
f 1298/394/432 1304/395/434 1301/431/433
f 1304/395/434 1307/432/435 1301/431/433
f 1304/395/434 1310/396/436 1307/432/435
f 1310/396/436 1313/433/437 1307/432/435
f 1310/396/436 1316/397/438 1313/433/437
f 1316/397/438 1319/434/439 1313/433/437
f 1316/397/438 1322/398/440 1319/434/439
f 1322/398/440 1325/435/441 1319/434/439
f 1322/398/440 1328/399/442 1325/435/441
f 1328/399/442 1331/436/443 1325/435/441
f 1328/399/442 1334/400/444 1331/436/443
f 1334/400/444 1337/437/445 1331/436/443
f 1334/400/444 1340/401/446 1337/437/445
f 1340/401/446 1343/438/447 1337/437/445
f 1340/401/446 1346/402/448 1343/438/447
f 1346/402/448 1349/439/449 1343/438/447
f 1346/402/448 1352/403/450 1349/439/449
f 1352/403/450 1355/440/451 1349/439/449
f 1352/403/450 1358/404/452 1355/440/451
f 1358/404/452 1361/441/453 1355/440/451
f 1358/404/452 1364/405/454 1361/441/453
f 1364/405/454 1367/442/455 1361/441/453
f 1364/405/454 1370/406/456 1367/442/455
f 1370/406/456 1164/408/387 1367/442/455
f 1370/406/456 1162/372/385 1164/408/387
f 1378/370/457 1379/408/457 1380/407/457
f 1378/370/457 1380/407/457 1383/409/457
f 1378/370/457 1383/409/457 1386/410/457
f 1378/370/457 1386/410/457 1389/411/457
f 1378/370/457 1389/411/457 1392/412/457
f 1378/370/457 1392/412/457 1395/413/457
f 1378/370/457 1395/413/457 1398/414/457
f 1378/370/457 1398/414/457 1401/415/457
f 1378/370/457 1401/415/457 1404/416/457
f 1378/370/457 1404/416/457 1407/417/457
f 1378/370/457 1407/417/457 1410/418/457
f 1378/370/457 1410/418/457 1413/419/457
f 1378/370/457 1413/419/457 1416/420/457
f 1378/370/457 1416/420/457 1419/421/457
f 1378/370/457 1419/421/457 1422/422/457
f 1378/370/457 1422/422/457 1425/423/457
f 1378/370/457 1425/423/457 1428/424/457
f 1378/370/457 1428/424/457 1431/425/457
f 1378/370/457 1431/425/457 1434/426/457
f 1378/370/457 1434/426/457 1437/427/457
f 1378/370/457 1437/427/457 1440/428/457
f 1378/370/457 1440/428/457 1443/429/457
f 1378/370/457 1443/429/457 1446/430/457
f 1378/370/457 1446/430/457 1449/431/457
f 1378/370/457 1449/431/457 1452/432/457
f 1378/370/457 1452/432/457 1455/433/457
f 1378/370/457 1455/433/457 1458/434/457
f 1378/370/457 1458/434/457 1461/435/457
f 1378/370/457 1461/435/457 1464/436/457
f 1378/370/457 1464/436/457 1467/437/457
f 1378/370/457 1467/437/457 1470/438/457
f 1378/370/457 1470/438/457 1473/439/457
f 1378/370/457 1473/439/457 1476/440/457
f 1378/370/457 1476/440/457 1479/441/457
f 1378/370/457 1479/441/457 1482/442/457
f 1378/370/457 1482/442/457 1379/408/457
f 1486/370/384 1487/443/384 1488/444/384
f 1486/370/384 1490/445/384 1487/443/384
f 1486/370/384 1493/446/384 1490/445/384
f 1486/370/384 1496/447/384 1493/446/384
f 1486/370/384 1499/448/384 1496/447/384
f 1486/370/384 1502/449/384 1499/448/384
f 1486/370/384 1505/450/384 1502/449/384
f 1486/370/384 1508/451/384 1505/450/384
f 1486/370/384 1511/452/384 1508/451/384
f 1486/370/384 1514/453/384 1511/452/384
f 1486/370/384 1517/454/384 1514/453/384
f 1486/370/384 1520/455/384 1517/454/384
f 1486/370/384 1523/456/384 1520/455/384
f 1486/370/384 1526/457/384 1523/456/384
f 1486/370/384 1529/458/384 1526/457/384
f 1486/370/384 1532/459/384 1529/458/384
f 1486/370/384 1535/460/384 1532/459/384
f 1486/370/384 1538/461/384 1535/460/384
f 1486/370/384 1541/462/384 1538/461/384
f 1486/370/384 1544/463/384 1541/462/384
f 1486/370/384 1547/464/384 1544/463/384
f 1486/370/384 1550/465/384 1547/464/384
f 1486/370/384 1553/466/384 1550/465/384
f 1486/370/384 1556/467/384 1553/466/384
f 1486/370/384 1559/468/384 1556/467/384
f 1486/370/384 1562/469/384 1559/468/384
f 1486/370/384 1565/470/384 1562/469/384
f 1486/370/384 1568/471/384 1565/470/384
f 1486/370/384 1571/472/384 1568/471/384
f 1486/370/384 1574/473/384 1571/472/384
f 1486/370/384 1577/474/384 1574/473/384
f 1486/370/384 1580/475/384 1577/474/384
f 1486/370/384 1583/476/384 1580/475/384
f 1486/370/384 1586/477/384 1583/476/384
f 1486/370/384 1589/478/384 1586/477/384
f 1486/370/384 1488/444/384 1589/478/384
f 1594/370/457 1595/444/457 1596/443/457
f 1594/370/457 1596/443/457 1599/445/457
f 1594/370/457 1599/445/457 1602/479/457
f 1594/370/457 1602/479/457 1605/447/457
f 1594/370/457 1605/447/457 1608/448/457
f 1594/370/457 1608/448/457 1611/449/457
f 1594/370/457 1611/449/457 1614/450/457
f 1594/370/457 1614/450/457 1617/480/457
f 1594/370/457 1617/480/457 1620/452/457
f 1594/370/457 1620/452/457 1623/453/457
f 1594/370/457 1623/453/457 1626/454/457
f 1594/370/457 1626/454/457 1629/455/457
f 1594/370/457 1629/455/457 1632/481/457
f 1594/370/457 1632/481/457 1635/457/457
f 1594/370/457 1635/457/457 1638/458/457
f 1594/370/457 1638/458/457 1641/459/457
f 1594/370/457 1641/459/457 1644/460/457
f 1594/370/457 1644/460/457 1647/461/457
f 1594/370/457 1647/461/457 1650/462/457
f 1594/370/457 1650/462/457 1653/463/457
f 1594/370/457 1653/463/457 1656/464/457
f 1594/370/457 1656/464/457 1659/482/457
f 1594/370/457 1659/482/457 1662/466/457
f 1594/370/457 1662/466/457 1665/467/457
f 1594/370/457 1665/467/457 1668/468/457
f 1594/370/457 1668/468/457 1671/483/457
f 1594/370/457 1671/483/457 1674/470/457
f 1594/370/457 1674/470/457 1677/471/457
f 1594/370/457 1677/471/457 1680/472/457
f 1594/370/457 1680/472/457 1683/473/457
f 1594/370/457 1683/473/457 1686/484/457
f 1594/370/457 1686/484/457 1689/475/457
f 1594/370/457 1689/475/457 1692/476/457
f 1594/370/457 1692/476/457 1695/477/457
f 1594/370/457 1695/477/457 1698/478/457
f 1594/370/457 1698/478/457 1595/444/457
f 1702/485/458 1703/486/459 1704/487/460
f 1704/487/460 1706/488/458 1702/485/458
f 1703/486/459 1709/489/461 1710/490/461
f 1710/490/461 1704/487/460 1703/486/459
f 1709/489/461 1715/491/384 1716/492/384
f 1716/492/384 1710/490/461 1709/489/461
f 1720/493/462 1721/494/462 1722/495/463
f 1722/495/463 1724/496/463 1720/493/462
f 1724/496/463 1722/495/463 1728/489/464
f 1728/489/464 1730/490/464 1724/496/463
f 1730/490/464 1728/489/464 1734/491/457
f 1734/491/457 1736/492/457 1730/490/464
f 1738/497/465 1739/498/465 1740/499/465
f 1740/499/465 1742/500/465 1738/497/465
f 1744/501/466 1745/502/466 1746/503/467
f 1746/503/467 1748/504/467 1744/501/466
f 1748/504/467 1746/503/467 1749/494/468
f 1749/494/468 1747/493/468 1748/504/467
f 1743/505/469 1741/506/469 1737/507/469
f 1737/507/469 1735/500/469 1743/505/469
f 1741/506/469 1733/508/469 1732/509/469
f 1732/509/469 1737/507/469 1741/506/469
f 1733/508/469 1731/502/469 1729/510/469
f 1729/510/469 1732/509/469 1733/508/469
f 1735/500/469 1737/507/469 1727/511/469
f 1727/511/469 1726/512/469 1735/500/469
f 1737/507/469 1732/509/469 1725/513/469
f 1725/513/469 1727/511/469 1737/507/469
f 1732/509/469 1729/510/469 1723/514/469
f 1723/514/469 1725/513/469 1732/509/469
f 1726/512/469 1727/511/469 1719/515/469
f 1719/515/469 1718/516/469 1726/512/469
f 1727/511/469 1725/513/469 1717/517/469
f 1717/517/469 1719/515/469 1727/511/469
f 1725/513/469 1723/514/469 1714/518/469
f 1714/518/469 1717/517/469 1725/513/469
f 1713/501/470 1712/502/470 1711/510/470
f 1711/510/470 1708/519/470 1713/501/470
f 1708/519/470 1711/510/470 1707/514/470
f 1707/514/470 1705/520/470 1708/519/470
f 1705/520/470 1707/514/470 1701/518/470
f 1701/518/470 1700/521/470 1705/520/470
f 1699/501/471 1697/522/471 1696/523/471
f 1696/523/471 1694/519/471 1699/501/471
f 1697/522/471 1693/524/471 1691/525/471
f 1691/525/471 1696/523/471 1697/522/471
f 1693/524/471 1690/526/471 1688/499/471
f 1688/499/471 1691/525/471 1693/524/471
f 1694/519/471 1696/523/471 1687/527/471
f 1687/527/471 1685/520/471 1694/519/471
f 1696/523/471 1691/525/471 1684/528/471
f 1684/528/471 1687/527/471 1696/523/471
f 1691/525/471 1688/499/471 1682/529/471
f 1682/529/471 1684/528/471 1691/525/471
f 1685/520/471 1687/527/471 1681/530/471
f 1681/530/471 1679/521/471 1685/520/471
f 1687/527/471 1684/528/471 1678/531/471
f 1678/531/471 1681/530/471 1687/527/471
f 1684/528/471 1682/529/471 1676/532/471
f 1676/532/471 1678/531/471 1684/528/471
f 1675/533/472 1673/534/472 1672/535/472
f 1672/535/472 1670/536/472 1675/533/472
f 1669/536/470 1667/537/470 1666/538/470
f 1666/538/470 1664/535/470 1669/536/470
f 1663/536/457 1661/537/457 1660/539/457
f 1660/539/457 1658/540/457 1663/536/457
f 1658/540/457 1660/539/457 1657/541/457
f 1657/541/457 1655/542/457 1658/540/457
f 1655/542/457 1657/541/457 1654/543/457
f 1654/543/457 1652/544/457 1655/542/457
f 1651/536/469 1649/545/469 1648/546/469
f 1648/546/469 1646/540/469 1651/536/469
f 1646/540/469 1648/546/469 1645/547/469
f 1645/547/469 1643/542/469 1646/540/469
f 1643/542/469 1645/547/469 1642/548/469
f 1642/548/469 1640/544/469 1643/542/469
f 1639/535/473 1637/534/473 1636/543/473
f 1636/543/473 1634/544/473 1639/535/473
f 1633/540/384 1631/539/384 1630/541/384
f 1630/541/384 1628/542/384 1633/540/384
f 1627/549/474 1625/544/474 1624/535/474
f 1624/535/474 1622/538/474 1627/549/474
f 1621/550/471 1619/533/471 1618/546/471
f 1618/546/471 1616/540/471 1621/550/471
f 1616/540/471 1618/546/471 1615/547/471
f 1615/547/471 1613/542/471 1616/540/471
f 1613/542/471 1615/547/471 1612/549/471
f 1612/549/471 1610/551/471 1613/542/471
f 1609/533/475 1607/534/476 1606/535/476
f 1606/535/476 1604/536/475 1609/533/475
f 1603/536/477 1601/537/477 1600/538/477
f 1600/538/477 1598/535/478 1603/536/477
f 1597/536/479 1593/537/480 1592/539/480
f 1592/539/480 1591/540/480 1597/536/479
f 1591/540/480 1592/539/480 1590/541/480
f 1590/541/480 1588/542/480 1591/540/480
f 1588/542/480 1590/541/480 1587/543/479
f 1587/543/479 1585/544/479 1588/542/480
f 1584/536/469 1582/545/469 1581/546/469
f 1581/546/469 1579/540/469 1584/536/469
f 1579/540/469 1581/546/469 1578/547/469
f 1578/547/469 1576/542/469 1579/540/469
f 1576/542/469 1578/547/469 1575/548/469
f 1575/548/469 1573/544/469 1576/542/469
f 1572/535/481 1570/534/481 1569/543/482
f 1569/543/482 1567/544/481 1572/535/481
f 1566/540/483 1564/539/483 1563/541/483
f 1563/541/483 1561/542/483 1566/540/483
f 1560/549/484 1558/544/484 1557/535/484
f 1557/535/484 1555/538/484 1560/549/484
f 1554/550/471 1552/533/471 1551/546/471
f 1551/546/471 1549/540/471 1554/550/471
f 1549/540/471 1551/546/471 1548/547/471
f 1548/547/471 1546/542/471 1549/540/471
f 1546/542/471 1548/547/471 1545/549/471
f 1545/549/471 1543/551/471 1546/542/471
f 1542/533/472 1540/534/472 1539/535/472
f 1539/535/472 1537/536/472 1542/533/472
f 1536/536/470 1534/537/470 1533/538/470
f 1533/538/470 1531/535/470 1536/536/470
f 1530/536/457 1528/537/457 1527/539/457
f 1527/539/457 1525/540/457 1530/536/457
f 1525/540/457 1527/539/457 1524/541/457
f 1524/541/457 1522/542/457 1525/540/457
f 1522/542/457 1524/541/457 1521/543/457
f 1521/543/457 1519/544/457 1522/542/457
f 1518/536/469 1516/545/469 1515/546/469
f 1515/546/469 1513/540/469 1518/536/469
f 1513/540/469 1515/546/469 1512/547/469
f 1512/547/469 1510/542/469 1513/540/469
f 1510/542/469 1512/547/469 1509/548/469
f 1509/548/469 1507/544/469 1510/542/469
f 1506/535/473 1504/534/473 1503/543/473
f 1503/543/473 1501/544/473 1506/535/473
f 1500/540/384 1498/539/384 1497/541/384
f 1497/541/384 1495/542/384 1500/540/384
f 1494/549/474 1492/544/474 1491/535/474
f 1491/535/474 1489/538/474 1494/549/474
f 1485/550/471 1484/533/471 1483/546/471
f 1483/546/471 1481/540/471 1485/550/471
f 1481/540/471 1483/546/471 1480/547/471
f 1480/547/471 1478/542/471 1481/540/471
f 1478/542/471 1480/547/471 1477/549/471
f 1477/549/471 1475/551/471 1478/542/471
f 1474/485/458 1472/486/459 1471/487/460
f 1471/487/460 1469/488/458 1474/485/458
f 1472/486/459 1468/489/461 1466/490/461
f 1466/490/461 1471/487/460 1472/486/459
f 1468/489/461 1465/491/384 1463/492/384
f 1463/492/384 1466/490/461 1468/489/461
f 1462/493/462 1460/494/462 1459/495/463
f 1459/495/463 1457/496/463 1462/493/462
f 1457/496/463 1459/495/463 1456/489/464
f 1456/489/464 1454/490/464 1457/496/463
f 1454/490/464 1456/489/464 1453/491/457
f 1453/491/457 1451/492/457 1454/490/464
f 1450/497/465 1448/498/465 1447/499/465
f 1447/499/465 1445/500/465 1450/497/465
f 1444/501/466 1442/502/466 1441/503/467
f 1441/503/467 1439/504/467 1444/501/466
f 1439/504/467 1441/503/467 1438/494/468
f 1438/494/468 1436/493/468 1439/504/467
f 1435/505/469 1433/506/469 1432/507/469
f 1432/507/469 1430/500/469 1435/505/469
f 1433/506/469 1429/508/469 1427/509/469
f 1427/509/469 1432/507/469 1433/506/469
f 1429/508/469 1426/502/469 1424/510/469
f 1424/510/469 1427/509/469 1429/508/469
f 1430/500/469 1432/507/469 1423/511/469
f 1423/511/469 1421/512/469 1430/500/469
f 1432/507/469 1427/509/469 1420/513/469
f 1420/513/469 1423/511/469 1432/507/469
f 1427/509/469 1424/510/469 1418/514/469
f 1418/514/469 1420/513/469 1427/509/469
f 1421/512/469 1423/511/469 1417/515/469
f 1417/515/469 1415/516/469 1421/512/469
f 1423/511/469 1420/513/469 1414/517/469
f 1414/517/469 1417/515/469 1423/511/469
f 1420/513/469 1418/514/469 1412/518/469
f 1412/518/469 1414/517/469 1420/513/469
f 1411/501/470 1409/502/470 1408/510/470
f 1408/510/470 1406/519/470 1411/501/470
f 1406/519/470 1408/510/470 1405/514/470
f 1405/514/470 1403/520/470 1406/519/470
f 1403/520/470 1405/514/470 1402/518/470
f 1402/518/470 1400/521/470 1403/520/470
f 1399/501/471 1397/522/471 1396/523/471
f 1396/523/471 1394/519/471 1399/501/471
f 1397/522/471 1393/524/471 1391/525/471
f 1391/525/471 1396/523/471 1397/522/471
f 1393/524/471 1390/526/471 1388/499/471
f 1388/499/471 1391/525/471 1393/524/471
f 1394/519/471 1396/523/471 1387/527/471
f 1387/527/471 1385/520/471 1394/519/471
f 1396/523/471 1391/525/471 1384/528/471
f 1384/528/471 1387/527/471 1396/523/471
f 1391/525/471 1388/499/471 1382/529/471
f 1382/529/471 1384/528/471 1391/525/471
f 1385/520/471 1387/527/471 1381/530/471
f 1381/530/471 1377/521/471 1385/520/471
f 1387/527/471 1384/528/471 1376/531/471
f 1376/531/471 1381/530/471 1387/527/471
f 1384/528/471 1382/529/471 1375/532/471
f 1375/532/471 1376/531/471 1384/528/471
f 1374/552/384 1373/553/384 1372/554/384
f 1372/554/384 1371/555/384 1374/552/384
f 1369/555/457 1368/556/457 1366/557/457
f 1366/557/457 1365/554/457 1369/555/457
f 1363/555/472 1362/556/472 1360/558/472
f 1360/558/472 1359/559/472 1363/555/472
f 1359/559/472 1360/558/472 1357/560/472
f 1357/560/472 1356/561/472 1359/559/472
f 1356/561/472 1357/560/472 1354/562/472
f 1354/562/472 1353/563/472 1356/561/472
f 1351/555/469 1350/564/469 1348/565/469
f 1348/565/469 1347/559/469 1351/555/469
f 1347/559/469 1348/565/469 1345/566/469
f 1345/566/469 1344/561/469 1347/559/469
f 1344/561/469 1345/566/469 1342/567/469
f 1342/567/469 1341/563/469 1344/561/469
f 1339/554/470 1338/553/470 1336/562/470
f 1336/562/470 1335/563/470 1339/554/470
f 1333/559/470 1332/558/470 1330/560/470
f 1330/560/470 1329/561/470 1333/559/470
f 1327/568/485 1326/563/485 1324/554/485
f 1324/554/485 1323/557/485 1327/568/485
f 1321/569/471 1320/552/471 1318/565/471
f 1318/565/471 1317/559/471 1321/569/471
f 1317/559/471 1318/565/471 1315/566/471
f 1315/566/471 1314/561/471 1317/559/471
f 1314/561/471 1315/566/471 1312/568/471
f 1312/568/471 1311/570/471 1314/561/471
f 1309/552/384 1308/553/384 1306/554/384
f 1306/554/384 1305/555/384 1309/552/384
f 1303/555/457 1302/556/457 1300/557/457
f 1300/557/457 1299/554/457 1303/555/457
f 1297/555/472 1296/556/472 1294/558/472
f 1294/558/472 1293/559/472 1297/555/472
f 1293/559/472 1294/558/472 1291/560/472
f 1291/560/472 1290/561/472 1293/559/472
f 1290/561/472 1291/560/472 1288/562/472
f 1288/562/472 1287/563/472 1290/561/472
f 1285/555/469 1284/564/469 1282/565/469
f 1282/565/469 1281/559/469 1285/555/469
f 1281/559/469 1282/565/469 1279/566/469
f 1279/566/469 1278/561/469 1281/559/469
f 1278/561/469 1279/566/469 1276/567/469
f 1276/567/469 1275/563/469 1278/561/469
f 1273/554/470 1272/553/470 1270/562/470
f 1270/562/470 1269/563/470 1273/554/470
f 1267/559/470 1266/558/470 1264/560/470
f 1264/560/470 1263/561/470 1267/559/470
f 1261/568/485 1260/563/485 1258/554/485
f 1258/554/485 1257/557/485 1261/568/485
f 1255/569/471 1254/552/471 1252/565/471
f 1252/565/471 1251/559/471 1255/569/471
f 1251/559/471 1252/565/471 1249/566/471
f 1249/566/471 1248/561/471 1251/559/471
f 1248/561/471 1249/566/471 1246/568/471
f 1246/568/471 1245/570/471 1248/561/471
f 1243/571/486 1242/572/487 1240/573/487
f 1243/571/486 1239/574/487 1242/572/487
f 1243/571/486 1237/575/486 1239/574/487
f 1243/571/486 1236/576/486 1237/575/486
f 1243/571/486 1234/577/486 1236/576/486
f 1243/571/486 1233/578/488 1234/577/486
f 1243/571/486 1231/579/486 1233/578/488
f 1243/571/486 1240/573/487 1231/579/486
f 1230/580/489 1228/581/490 1227/582/489
f 1230/580/489 1225/583/491 1228/581/490
f 1225/583/491 1224/584/492 1228/581/490
f 1225/583/491 1222/585/493 1224/584/492
f 1221/586/494 1219/587/495 1218/588/494
f 1221/586/494 1216/589/495 1219/587/495
f 1216/589/495 1215/590/496 1219/587/495
f 1216/589/495 1213/591/497 1215/590/496
f 1213/591/497 1212/592/498 1215/590/496
f 1213/591/497 1210/593/498 1212/592/498
f 1210/593/498 1209/573/499 1212/592/498
f 1210/593/498 1207/576/499 1209/573/499
f 1207/576/499 1206/594/500 1209/573/499
f 1207/576/499 1204/595/500 1206/594/500
f 1204/595/500 1227/582/489 1206/594/500
f 1204/595/500 1230/580/489 1227/582/489
f 1203/571/501 1201/573/502 1200/572/503
f 1203/571/501 1200/572/503 1198/574/501
f 1203/571/501 1198/574/501 1197/575/504
f 1203/571/501 1197/575/504 1195/576/501
f 1203/571/501 1195/576/501 1194/577/501
f 1203/571/501 1194/577/501 1192/578/502
f 1203/571/501 1192/578/502 1191/579/502
f 1203/571/501 1191/579/502 1201/573/502
f 1189/533/471 1188/534/471 1186/535/471
f 1186/535/471 1185/536/471 1189/533/471
f 1183/536/469 1182/537/469 1180/538/469
f 1180/538/469 1179/535/469 1183/536/469
f 1177/536/478 1176/537/478 1174/539/478
f 1174/539/478 1173/540/505 1177/536/478
f 1173/540/505 1174/539/478 1171/541/478
f 1171/541/478 1170/542/505 1173/540/505
f 1170/542/505 1171/541/478 1168/543/478
f 1168/543/478 1167/544/505 1170/542/505
f 1165/536/506 1161/545/507 1160/546/506
f 1160/546/506 1159/540/480 1165/536/506
f 1159/540/480 1160/546/506 1158/547/508
f 1158/547/508 1156/542/479 1159/540/480
f 1156/542/479 1158/547/508 1155/548/509
f 1155/548/509 1153/544/479 1156/542/479
f 1152/535/510 1150/534/511 1149/543/512
f 1149/543/512 1147/544/510 1152/535/510
f 1146/540/475 1144/539/475 1143/541/475
f 1143/541/475 1141/542/475 1146/540/475
f 1140/549/513 1138/544/514 1137/535/515
f 1137/535/515 1135/538/516 1140/549/513
f 1134/550/517 1132/533/483 1131/546/483
f 1131/546/483 1129/540/518 1134/550/517
f 1129/540/518 1131/546/483 1128/547/519
f 1128/547/519 1126/542/520 1129/540/518
f 1126/542/520 1128/547/519 1125/549/517
f 1125/549/517 1123/551/521 1126/542/520
f 1122/533/472 1120/534/472 1119/535/472
f 1119/535/472 1117/536/472 1122/533/472
f 1116/536/470 1114/537/470 1113/538/470
f 1113/538/470 1111/535/470 1116/536/470
f 1110/536/457 1108/537/457 1107/539/457
f 1107/539/457 1105/540/457 1110/536/457
f 1105/540/457 1107/539/457 1104/541/457
f 1104/541/457 1102/542/457 1105/540/457
f 1102/542/457 1104/541/457 1101/543/457
f 1101/543/457 1099/544/457 1102/542/457
f 1098/536/469 1096/545/469 1095/546/469
f 1095/546/469 1093/540/469 1098/536/469
f 1093/540/469 1095/546/469 1092/547/469
f 1092/547/469 1090/542/469 1093/540/469
f 1090/542/469 1092/547/469 1089/548/469
f 1089/548/469 1087/544/469 1090/542/469
f 1086/535/522 1084/534/522 1083/543/522
f 1083/543/522 1081/544/522 1086/535/522
f 1080/540/384 1078/539/384 1077/541/384
f 1077/541/384 1075/542/384 1080/540/384
f 1074/549/523 1072/544/523 1071/535/523
f 1071/535/523 1069/538/523 1074/549/523
f 1068/550/471 1066/533/471 1065/546/471
f 1065/546/471 1063/540/471 1068/550/471
f 1063/540/471 1065/546/471 1062/547/471
f 1062/547/471 1060/542/471 1063/540/471
f 1060/542/471 1062/547/471 1059/549/471
f 1059/549/471 1057/551/471 1060/542/471
o svetlo_base_back_30
v 0.063513 1.270141 0.236578
v 0.125108 1.292203 0.236578
v 0.127038 1.270141 0.236578
v 0.053611 1.260686 0.231648
v 0.062548 1.281172 0.236578
v 0.080422 1.255958 0.231648
v 0.051154 1.251518 0.231648
v 0.119376 1.313595 0.236578
v 0.076737 1.242206 0.231648
v 0.047143 1.242915 0.231648
v 0.059682 1.291868 0.236578
v 0.070721 1.229303 0.231648
v 0.041699 1.235141 0.231648
v 0.110017 1.333665 0.236578
v 0.062555 1.217641 0.231648
v 0.034988 1.228429 0.231648
v 0.055003 1.301903 0.236578
v 0.052488 1.207574 0.231648
v 0.027213 1.222986 0.231648
v 0.097314 1.351807 0.236578
v 0.040826 1.199408 0.231648
v 0.018611 1.218974 0.231648
v 0.048651 1.310974 0.236578
v 0.027923 1.193391 0.231648
v 0.009443 1.216518 0.231648
v 0.081654 1.367467 0.236578
v 0.014171 1.188038 0.231648
v -0.000012 1.215690 0.231648
v 0.040822 1.318804 0.236578
v -0.000012 1.183109 0.231648
v -0.009467 1.216518 0.231648
v 0.063513 1.380169 0.236578
v -0.014195 1.188038 0.231648
v -0.018635 1.218974 0.231648
v 0.031751 1.325155 0.236578
v -0.027946 1.193391 0.231648
v -0.027237 1.222986 0.231648
v 0.043442 1.389529 0.236578
v -0.040849 1.199408 0.231648
v -0.035012 1.228429 0.231648
v 0.021715 1.329835 0.236578
v -0.052511 1.207574 0.231648
v -0.041723 1.235141 0.231648
v 0.022050 1.395261 0.236578
v -0.062578 1.217641 0.231648
v -0.047167 1.242915 0.231648
v 0.011019 1.332700 0.236578
v -0.070744 1.229303 0.231648
v -0.051178 1.251518 0.231648
v -0.000012 1.397191 0.236578
v -0.076761 1.242206 0.231648
v -0.053635 1.260686 0.231648
v -0.000012 1.333665 0.236578
v -0.080446 1.255958 0.231648
v -0.054462 1.270141 0.231648
v -0.022074 1.395261 0.236578
v -0.081687 1.270141 0.231648
v -0.053635 1.279596 0.231648
v -0.011043 1.332700 0.236578
v -0.080446 1.284323 0.231648
v -0.051178 1.288764 0.231648
v -0.043465 1.389529 0.236578
v -0.078962 1.298140 0.231648
v -0.045793 1.297366 0.231648
v -0.021739 1.329835 0.236578
v -0.076913 1.312573 0.231648
v -0.041723 1.305140 0.231648
v -0.063537 1.380169 0.236578
v -0.065052 1.322606 0.231699
v -0.035012 1.311852 0.231648
v -0.031774 1.325155 0.236578
v -0.052511 1.332707 0.231648
v -0.027237 1.317296 0.231699
v -0.081678 1.367467 0.236578
v -0.040849 1.340873 0.231648
v -0.018635 1.321307 0.231699
v -0.040845 1.318804 0.236578
v -0.027946 1.346890 0.231648
v -0.009467 1.323763 0.231699
v -0.097337 1.351807 0.236578
v -0.014195 1.350575 0.231648
v -0.000012 1.324591 0.231699
v -0.048675 1.310974 0.236578
v -0.000012 1.351815 0.231648
v 0.009443 1.323763 0.231699
v -0.110040 1.333665 0.236578
v 0.014171 1.350575 0.231648
v 0.018611 1.321307 0.231699
v -0.055026 1.301903 0.236578
v 0.027923 1.346890 0.231648
v 0.027213 1.317296 0.231699
v -0.119399 1.313595 0.236578
v 0.040826 1.340873 0.231648
v 0.034988 1.311852 0.231648
v -0.059706 1.291867 0.236578
v 0.052488 1.332708 0.231648
v 0.041699 1.305140 0.231648
v -0.125132 1.292202 0.236578
v 0.065542 1.323238 0.231699
v 0.045770 1.297366 0.231648
v -0.062572 1.281172 0.236578
v 0.078502 1.312491 0.231648
v 0.051154 1.288764 0.231648
v -0.127062 1.270141 0.236578
v 0.079897 1.297834 0.231648
v 0.053611 1.279596 0.231648
v -0.063537 1.270141 0.236578
v 0.081663 1.270141 0.231648
v 0.080422 1.284323 0.231648
v -0.125132 1.248079 0.236578
v 0.054438 1.270141 0.231648
v 0.062548 1.259110 0.236578
v -0.062572 1.259110 0.236578
v 0.125108 1.248079 0.236578
v 0.059682 1.248414 0.236578
v -0.119399 1.226687 0.236578
v 0.119376 1.226687 0.236578
v 0.055003 1.238378 0.236578
v -0.059706 1.248414 0.236578
v 0.110017 1.206616 0.236578
v 0.048651 1.229308 0.236578
v -0.110040 1.206615 0.236578
v 0.097314 1.188475 0.236578
v 0.040822 1.221478 0.236578
v -0.055026 1.238378 0.236578
v 0.081654 1.172815 0.236578
v 0.031751 1.215127 0.236578
v -0.097337 1.188475 0.236578
v 0.063513 1.160112 0.236578
v 0.021715 1.210447 0.236578
v -0.048675 1.229308 0.236578
v 0.043442 1.150753 0.236578
v 0.011019 1.207581 0.236578
v -0.081678 1.172815 0.236578
v 0.022050 1.145021 0.236578
v -0.000012 1.206615 0.236578
v -0.040845 1.221478 0.236578
v -0.000012 1.143091 0.236578
v -0.011043 1.207581 0.236578
v -0.063537 1.160112 0.236578
v -0.022074 1.145021 0.236578
v -0.021739 1.210447 0.236578
v -0.031774 1.215127 0.236578
v -0.043465 1.150753 0.236578
vn -0.0000 -0.0000 -1.0000
vn -0.0007 0.0015 -1.0000
vn 0.0003 0.0008 -1.0000
vn 0.0007 0.0011 -1.0000
vn 0.0013 0.0002 -1.0000
vn 0.0013 -0.0005 -1.0000
vn -0.0020 0.0004 -1.0000
vn -0.0010 -0.0007 -1.0000
vn -0.0033 -0.0003 -1.0000
vn -0.0006 -0.0018 -1.0000
vn -0.0003 -0.0018 -1.0000
vn -0.0000 -0.0019 -1.0000
vn 0.0003 -0.0018 -1.0000
vn 0.0006 -0.0018 -1.0000
vn 0.0009 -0.0016 -1.0000
vn 0.0020 0.0001 -1.0000
vn -0.0004 -0.0013 -1.0000
vn 0.0013 0.0018 -1.0000
vn -0.0004 0.0018 -1.0000
vn -0.0005 0.0011 -1.0000
vn 0.0003 0.0015 -1.0000
vt 0.749750 0.500000
vt 0.991912 0.586737
vt 0.999500 0.500000
vt 0.745956 0.543369
vt 0.969377 0.670839
vt 0.734688 0.585420
vt 0.932580 0.749750
vt 0.716290 0.624875
vt 0.691320 0.660536
vt 0.882640 0.821073
vt 0.821073 0.882639
vt 0.660536 0.691320
vt 0.749750 0.932580
vt 0.624875 0.716290
vt 0.670839 0.969377
vt 0.585420 0.734688
vt 0.586737 0.991912
vt 0.543369 0.745956
vt 0.500000 0.749750
vt 0.413263 0.991912
vt 0.500000 0.999500
vt 0.456631 0.745956
vt 0.375125 0.716290
vt 0.178927 0.882640
vt 0.250250 0.932580
vt 0.339464 0.691320
vt 0.117361 0.821073
vt 0.308680 0.660536
vt 0.067420 0.749750
vt 0.283710 0.624875
vt 0.030623 0.670839
vt 0.250250 0.500000
vt 0.008088 0.413263
vt 0.000500 0.500000
vt 0.265312 0.414580
vt 0.283710 0.375125
vt 0.067420 0.250250
vt 0.308680 0.339464
vt 0.339464 0.308680
vt 0.178927 0.117360
vt 0.375125 0.283710
vt 0.250250 0.067420
vt 0.329161 0.030623
vt 0.414580 0.265312
vt 0.413263 0.008088
vt 0.456631 0.254044
vt 0.500000 0.000500
vt 0.500000 0.250250
vt 0.543369 0.254044
vt 0.670839 0.030623
vt 0.586737 0.008088
vt 0.585420 0.265312
vt 0.749750 0.067420
vt 0.624875 0.283710
vt 0.660536 0.308680
vt 0.691320 0.339464
vt 0.882640 0.178927
vt 0.932580 0.250250
vt 0.716290 0.375125
vt 0.969377 0.329161
vt 0.734688 0.414580
vt 0.991912 0.413263
vt 0.745956 0.456631
vt 0.833000 0.500000
vt 0.827941 0.557825
vt 0.812918 0.613893
vt 0.788387 0.666500
vt 0.755093 0.714048
vt 0.821073 0.882640
vt 0.714048 0.755093
vt 0.666500 0.788387
vt 0.613893 0.812918
vt 0.557825 0.827941
vt 0.500000 0.999501
vt 0.500000 0.833000
vt 0.442175 0.827941
vt 0.329161 0.969377
vt 0.386107 0.812918
vt 0.333500 0.788387
vt 0.285952 0.755093
vt 0.117360 0.821073
vt 0.244907 0.714049
vt 0.211613 0.666500
vt 0.187082 0.613893
vt 0.008088 0.586737
vt 0.172059 0.557825
vt 0.167000 0.500000
vt 0.172059 0.442175
vt 0.030623 0.329161
vt 0.187082 0.386107
vt 0.211613 0.333500
vt 0.117360 0.178927
vt 0.244907 0.285952
vt 0.178927 0.117361
vt 0.285951 0.244907
vt 0.333500 0.211613
vt 0.386107 0.187082
vt 0.442175 0.172059
vt 0.500000 0.167000
vt 0.557825 0.172059
vt 0.613893 0.187082
vt 0.666500 0.211613
vt 0.821073 0.117361
vt 0.714048 0.244907
vt 0.882639 0.178927
vt 0.755093 0.285952
vt 0.788387 0.333500
vt 0.812918 0.386107
vt 0.827941 0.442175
vt 0.414580 0.734688
vt 0.265312 0.585420
vt 0.254044 0.543369
vt 0.254044 0.456631
vt 0.821073 0.117360
s 1
usemtl zadek_a
f 1750/596/524 1751/597/524 1752/598/524
f 1750/596/524 1754/599/524 1751/597/524
f 1754/599/524 1757/600/524 1751/597/524
f 1754/599/524 1760/601/524 1757/600/524
f 1760/601/524 1763/602/524 1757/600/524
f 1760/601/524 1766/603/524 1763/602/524
f 1766/603/524 1772/604/524 1769/605/524
f 1772/604/524 1775/606/524 1769/605/524
f 1772/604/524 1778/607/524 1775/606/524
f 1778/607/524 1781/608/524 1775/606/524
f 1778/607/524 1784/609/524 1781/608/524
f 1784/609/524 1787/610/524 1781/608/524
f 1790/611/524 1793/612/524 1787/610/524
f 1790/611/524 1796/613/524 1793/612/524
f 1802/614/524 1805/615/524 1799/616/524
f 1802/614/524 1808/617/524 1805/615/524
f 1820/618/524 1823/619/524 1817/620/524
f 1820/618/524 1826/621/524 1823/619/524
f 1826/621/524 1829/622/524 1823/619/524
f 1832/623/524 1835/624/524 1829/622/524
f 1832/623/524 1838/625/524 1835/624/524
f 1838/625/524 1841/626/524 1835/624/524
f 1856/627/524 1859/628/524 1853/629/524
f 1868/630/524 1874/631/524 1871/632/524
f 1880/633/524 1886/634/524 1883/635/524
f 1886/634/524 1892/636/524 1889/637/524
f 1892/636/524 1893/638/524 1889/637/524
f 1892/636/524 1891/639/524 1893/638/524
f 1891/639/524 1890/640/524 1893/638/524
f 1891/639/524 1888/641/524 1890/640/524
f 1888/641/524 1887/642/524 1890/640/524
f 1888/641/524 1885/643/524 1887/642/524
f 1882/644/524 1881/645/524 1884/646/524
f 1882/644/524 1879/647/524 1881/645/524
f 1879/647/524 1878/648/524 1881/645/524
f 1879/647/524 1876/649/524 1878/648/524
f 1873/650/524 1870/651/524 1872/652/524
f 1870/651/524 1869/653/524 1872/652/524
f 1867/654/524 1866/655/524 1869/653/524
f 1867/654/524 1864/656/524 1866/655/524
f 1864/656/524 1863/657/524 1866/655/524
f 1864/656/524 1861/658/524 1863/657/524
f 1861/658/524 1752/598/524 1863/657/524
f 1860/659/524 1858/597/524 1857/598/524
f 1860/659/524 1855/660/524 1858/597/524
f 1855/660/524 1854/600/524 1858/597/524
f 1855/660/524 1852/661/524 1854/600/524
f 1852/661/524 1851/602/525 1854/600/524
f 1852/661/524 1849/662/526 1851/602/525
f 1849/662/526 1848/605/527 1851/602/525
f 1849/662/526 1846/663/528 1848/605/527
f 1846/663/528 1845/664/529 1848/605/527
f 1846/663/528 1843/665/530 1845/664/529
f 1843/665/530 1842/608/531 1845/664/529
f 1843/665/530 1840/666/532 1842/608/531
f 1840/666/532 1839/610/533 1842/608/531
f 1840/666/532 1837/667/533 1839/610/533
f 1837/667/533 1836/612/534 1839/610/533
f 1837/667/533 1834/668/534 1836/612/534
f 1834/668/534 1833/669/535 1836/612/534
f 1834/668/534 1831/670/535 1833/669/535
f 1831/670/535 1830/615/536 1833/669/535
f 1831/670/535 1828/671/536 1830/615/536
f 1828/671/536 1827/672/537 1830/615/536
f 1828/671/536 1825/673/537 1827/672/537
f 1825/673/537 1824/620/538 1827/672/537
f 1825/673/537 1822/674/539 1824/620/538
f 1822/674/539 1821/619/540 1824/620/538
f 1822/674/539 1819/675/541 1821/619/540
f 1819/675/541 1818/676/542 1821/619/540
f 1819/675/541 1816/677/543 1818/676/542
f 1816/677/543 1815/624/544 1818/676/542
f 1816/677/543 1813/678/524 1815/624/544
f 1813/678/524 1812/626/524 1815/624/544
f 1813/678/524 1810/679/524 1812/626/524
f 1810/679/524 1809/680/524 1812/626/524
f 1810/679/524 1807/681/524 1809/680/524
f 1807/681/524 1806/629/524 1809/680/524
f 1807/681/524 1804/682/524 1806/629/524
f 1804/682/524 1803/628/524 1806/629/524
f 1804/682/524 1801/683/524 1803/628/524
f 1801/683/524 1800/684/524 1803/628/524
f 1801/683/524 1798/685/524 1800/684/524
f 1798/685/524 1797/632/524 1800/684/524
f 1798/685/524 1795/686/524 1797/632/524
f 1795/686/524 1794/687/524 1797/632/524
f 1795/686/524 1792/688/524 1794/687/524
f 1792/688/524 1791/689/524 1794/687/524
f 1792/688/524 1789/690/524 1791/689/524
f 1789/690/524 1788/637/524 1791/689/524
f 1789/690/524 1786/691/524 1788/637/524
f 1786/691/524 1785/638/524 1788/637/524
f 1786/691/524 1783/692/524 1785/638/524
f 1783/692/524 1782/640/524 1785/638/524
f 1783/692/524 1780/693/524 1782/640/524
f 1780/693/524 1779/642/524 1782/640/524
f 1780/693/524 1777/694/524 1779/642/524
f 1777/694/524 1776/646/524 1779/642/524
f 1777/694/524 1774/695/524 1776/646/524
f 1774/695/524 1773/645/524 1776/646/524
f 1774/695/524 1771/696/524 1773/645/524
f 1771/696/524 1770/648/524 1773/645/524
f 1771/696/524 1768/697/524 1770/648/524
f 1768/697/524 1767/698/524 1770/648/524
f 1768/697/524 1765/699/524 1767/698/524
f 1765/699/524 1764/700/524 1767/698/524
f 1765/699/524 1762/701/524 1764/700/524
f 1762/701/524 1761/653/524 1764/700/524
f 1762/701/524 1759/702/524 1761/653/524
f 1759/702/524 1758/655/524 1761/653/524
f 1759/702/524 1756/703/524 1758/655/524
f 1756/703/524 1755/657/524 1758/655/524
f 1756/703/524 1753/704/524 1755/657/524
f 1753/704/524 1857/598/524 1755/657/524
f 1753/704/524 1860/659/524 1857/598/524
f 1766/603/524 1769/605/524 1763/602/524
f 1784/609/524 1790/611/524 1787/610/524
f 1796/613/524 1799/616/524 1793/612/524
f 1796/613/524 1802/614/524 1799/616/524
f 1808/617/524 1811/672/524 1805/615/524
f 1808/617/524 1814/705/524 1811/672/524
f 1814/705/524 1817/620/524 1811/672/524
f 1814/705/524 1820/618/524 1817/620/524
f 1826/621/524 1832/623/524 1829/622/524
f 1838/625/524 1844/706/524 1841/626/524
f 1844/706/524 1847/680/524 1841/626/524
f 1844/706/524 1850/707/524 1847/680/524
f 1850/707/524 1853/629/524 1847/680/524
f 1850/707/524 1856/627/524 1853/629/524
f 1856/627/524 1862/708/524 1859/628/524
f 1862/708/524 1865/684/524 1859/628/524
f 1862/708/524 1868/630/524 1865/684/524
f 1868/630/524 1871/632/524 1865/684/524
f 1874/631/524 1877/687/524 1871/632/524
f 1874/631/524 1880/633/524 1877/687/524
f 1880/633/524 1883/635/524 1877/687/524
f 1886/634/524 1889/637/524 1883/635/524
f 1885/643/524 1884/646/524 1887/642/524
f 1885/643/524 1882/644/524 1884/646/524
f 1876/649/524 1875/709/524 1878/648/524
f 1876/649/524 1873/650/524 1875/709/524
f 1873/650/524 1872/652/524 1875/709/524
f 1870/651/524 1867/654/524 1869/653/524
f 1861/658/524 1750/596/524 1752/598/524
o svetlo_base_30
v 0.127038 1.270141 0.236578
v 0.125108 1.292203 0.237788
v 0.127038 1.270141 0.237788
v -0.011043 1.332700 0.240739
v 0.125108 1.292203 0.236578
v -0.011043 1.332700 0.237714
v -0.013144 1.344617 0.240739
v 0.119376 1.313595 0.237788
v -0.011043 1.332700 0.240739
v -0.013144 1.344617 0.237714
v 0.119376 1.313595 0.236578
v -0.013144 1.344617 0.240739
v -0.021739 1.329835 0.240739
v 0.110017 1.333665 0.237788
v -0.021739 1.329835 0.237714
v -0.025877 1.341205 0.240739
v 0.110017 1.333665 0.236578
v -0.021739 1.329835 0.240739
v -0.025877 1.341205 0.237714
v 0.097314 1.351807 0.237788
v -0.025877 1.341205 0.240739
v -0.031774 1.325155 0.240739
v 0.097314 1.351807 0.236578
v -0.031774 1.325155 0.237714
v -0.037824 1.335634 0.240739
v 0.081654 1.367467 0.237788
v -0.031774 1.325155 0.240739
v -0.037824 1.335634 0.237714
v 0.081654 1.367467 0.236578
v -0.037824 1.335634 0.240739
v -0.040845 1.318804 0.240739
v 0.063513 1.380169 0.237788
v -0.040845 1.318804 0.237714
v -0.048622 1.328073 0.240739
v 0.063513 1.380169 0.236578
v -0.040845 1.318804 0.240739
v -0.048622 1.328073 0.237714
v 0.043442 1.389529 0.237788
v -0.048622 1.328073 0.240739
v -0.048675 1.310974 0.240739
v 0.043442 1.389529 0.236578
v -0.048675 1.310974 0.237714
v -0.057944 1.318752 0.240739
v 0.022050 1.395261 0.237788
v -0.048675 1.310974 0.240739
v -0.057944 1.318752 0.237714
v 0.022050 1.395261 0.236578
v -0.057944 1.318752 0.240739
v -0.055026 1.301903 0.240739
v -0.000012 1.397191 0.237788
v -0.055026 1.301903 0.237714
v -0.065505 1.307953 0.240739
v -0.000012 1.397191 0.236578
v -0.055026 1.301903 0.240739
v -0.065505 1.307953 0.237714
v -0.022074 1.395261 0.237788
v -0.065505 1.307953 0.240739
v -0.059706 1.291868 0.240739
v -0.022074 1.395261 0.236578
v -0.059706 1.291868 0.237714
v -0.071076 1.296006 0.240739
v -0.043465 1.389529 0.237788
v -0.059706 1.291868 0.240739
v -0.071076 1.296006 0.237714
v -0.043465 1.389529 0.236578
v -0.071076 1.296006 0.240739
v -0.062572 1.281172 0.240739
v -0.063537 1.380169 0.237788
v -0.062572 1.281172 0.237714
v -0.074488 1.283273 0.240739
v -0.063537 1.380169 0.236578
v -0.062572 1.281172 0.240739
v -0.074488 1.283273 0.237714
v -0.081678 1.367467 0.237788
v -0.074488 1.283273 0.240739
v -0.063537 1.270141 0.240739
v -0.081678 1.367467 0.236578
v -0.063537 1.270141 0.237714
v -0.075637 1.270141 0.240739
v -0.097337 1.351807 0.237788
v -0.063537 1.270141 0.240739
v -0.075637 1.270141 0.237714
v -0.097337 1.351807 0.236578
v -0.075637 1.270141 0.240739
v -0.062572 1.259110 0.240739
v -0.110040 1.333665 0.237788
v -0.062572 1.259110 0.237714
v -0.074488 1.257008 0.240739
v -0.110040 1.333665 0.236578
v -0.062572 1.259110 0.240739
v -0.074488 1.257008 0.237714
v -0.119399 1.313595 0.237788
v -0.074488 1.257008 0.240739
v -0.059706 1.248414 0.240739
v -0.119399 1.313595 0.236578
v -0.059706 1.248414 0.237714
v -0.071076 1.244276 0.240739
v -0.125132 1.292202 0.237788
v -0.059706 1.248414 0.240739
v -0.071076 1.244276 0.237714
v -0.125132 1.292202 0.236578
v -0.071076 1.244276 0.240739
v -0.055026 1.238378 0.240739
v -0.127062 1.270141 0.237788
v -0.055026 1.238378 0.237714
v -0.065505 1.232328 0.240739
v -0.127062 1.270141 0.236578
v -0.055026 1.238378 0.240739
v -0.065505 1.232328 0.237714
v -0.125132 1.248079 0.237788
v -0.065505 1.232328 0.240739
v -0.048675 1.229308 0.240739
v -0.125132 1.248079 0.236578
v -0.048675 1.229308 0.237714
v -0.057944 1.221530 0.240739
v -0.119399 1.226687 0.237788
v -0.048675 1.229308 0.240739
v -0.057944 1.221530 0.237714
v -0.119399 1.226687 0.236578
v -0.057944 1.221530 0.240739
v -0.040845 1.221478 0.240739
v -0.110040 1.206615 0.237788
v -0.040845 1.221478 0.237714
v -0.048622 1.212209 0.240739
v -0.110040 1.206615 0.236578
v -0.040845 1.221478 0.240739
v -0.048622 1.212209 0.237714
v -0.097337 1.188475 0.237788
v -0.048622 1.212209 0.240739
v -0.031774 1.215127 0.240739
v -0.097337 1.188475 0.236578
v -0.031774 1.215127 0.237714
v -0.037824 1.204647 0.240739
v -0.081678 1.172815 0.237788
v -0.031774 1.215127 0.240739
v -0.037824 1.204647 0.237714
v -0.081678 1.172815 0.236578
v -0.037824 1.204647 0.240739
v -0.021739 1.210447 0.240739
v -0.063537 1.160112 0.237788
v -0.021739 1.210447 0.237714
v -0.025877 1.199077 0.240739
v -0.063537 1.160112 0.236578
v -0.021739 1.210447 0.240739
v -0.025877 1.199077 0.237714
v -0.043465 1.150753 0.237788
v -0.025877 1.199077 0.240739
v -0.011043 1.207581 0.240739
v -0.043465 1.150753 0.236578
v -0.011043 1.207581 0.237714
v -0.013144 1.195664 0.240739
v -0.022074 1.145021 0.237788
v -0.011043 1.207581 0.240739
v -0.013144 1.195664 0.237714
v -0.022074 1.145021 0.236578
v -0.013144 1.195664 0.240739
v -0.000012 1.206615 0.240739
v -0.000012 1.143091 0.237788
v -0.000012 1.206615 0.237714
v -0.000012 1.194515 0.240739
v -0.000012 1.143091 0.236578
v -0.000012 1.206615 0.240739
v -0.000012 1.194515 0.237714
v 0.022050 1.145021 0.237788
v -0.000012 1.194515 0.240739
v 0.011019 1.207581 0.240739
v 0.022050 1.145021 0.236578
v 0.011019 1.207581 0.237714
v 0.013120 1.195664 0.240739
v 0.043442 1.150753 0.237788
v 0.011019 1.207581 0.240739
v 0.013120 1.195664 0.237714
v 0.043442 1.150753 0.236578
v 0.013120 1.195664 0.240739
v 0.021715 1.210447 0.240739
v 0.063513 1.160112 0.237788
v 0.021715 1.210447 0.237714
v 0.025854 1.199077 0.240739
v 0.063513 1.160112 0.236578
v 0.021715 1.210447 0.240739
v 0.025854 1.199077 0.237714
v 0.081654 1.172815 0.237788
v 0.025854 1.199077 0.240739
v 0.031751 1.215127 0.240739
v 0.081654 1.172815 0.236578
v 0.031751 1.215127 0.237714
v 0.037801 1.204647 0.240739
v 0.097314 1.188475 0.237788
v 0.031751 1.215127 0.240739
v 0.037801 1.204647 0.237714
v 0.097314 1.188475 0.236578
v 0.037801 1.204647 0.240739
v 0.040822 1.221478 0.240739
v 0.110017 1.206616 0.237788
v 0.040822 1.221478 0.237714
v 0.048599 1.212209 0.240739
v 0.110017 1.206616 0.236578
v 0.040822 1.221478 0.240739
v 0.048599 1.212209 0.237714
v 0.119376 1.226687 0.237788
v 0.048599 1.212209 0.240739
v 0.048651 1.229308 0.240739
v 0.119376 1.226687 0.236578
v 0.048651 1.229308 0.237714
v 0.057921 1.221530 0.240739
v 0.125108 1.248079 0.237788
v 0.048651 1.229308 0.240739
v 0.057921 1.221530 0.237714
v 0.125108 1.248079 0.236578
v 0.057921 1.221530 0.240739
v 0.055003 1.238378 0.240739
v 0.055003 1.238378 0.237714
v 0.065481 1.232328 0.240739
v 0.055003 1.238378 0.240739
v 0.065481 1.232328 0.237714
v 0.065481 1.232328 0.240739
v 0.127038 1.270141 0.237788
v 0.062548 1.281172 0.237788
v 0.063513 1.270141 0.237788
v 0.059682 1.248414 0.240739
v 0.125108 1.292203 0.237788
v 0.059682 1.248414 0.237714
v 0.071053 1.244276 0.240739
v 0.059682 1.291868 0.237788
v 0.059682 1.248414 0.240739
v 0.071053 1.244276 0.237714
v 0.119376 1.313595 0.237788
v 0.071053 1.244276 0.240739
v 0.062548 1.259110 0.240739
v 0.055003 1.301903 0.237788
v 0.062548 1.259110 0.237714
v 0.074464 1.257008 0.240739
v 0.110017 1.333665 0.237788
v 0.062548 1.259110 0.240739
v 0.074464 1.257008 0.237714
v 0.048651 1.310974 0.237788
v 0.074464 1.257008 0.240739
v 0.063513 1.270141 0.240739
v 0.097314 1.351807 0.237788
v 0.063513 1.270141 0.237714
v 0.075613 1.270141 0.240739
v 0.040822 1.318804 0.237788
v 0.063513 1.270141 0.240739
v 0.075613 1.270141 0.237714
v 0.081654 1.367467 0.237788
v 0.075613 1.270141 0.240739
v 0.062548 1.281172 0.240739
v 0.031751 1.325155 0.237788
v 0.062548 1.281172 0.237714
v 0.074464 1.283273 0.240739
v 0.063513 1.380169 0.237788
v 0.062548 1.281172 0.240739
v 0.074464 1.283273 0.237714
v 0.021715 1.329835 0.237788
v 0.074464 1.283273 0.240739
v 0.059682 1.291868 0.240739
v 0.043442 1.389529 0.237788
v 0.059682 1.291868 0.237714
v 0.071053 1.296006 0.240739
v 0.011019 1.332700 0.237788
v 0.059682 1.291868 0.240739
v 0.071053 1.296006 0.237714
v 0.022050 1.395261 0.237788
v 0.071053 1.296006 0.240739
v 0.055003 1.301903 0.240739
v -0.000012 1.333665 0.237788
v 0.055003 1.301903 0.237714
v 0.065481 1.307953 0.240739
v -0.000012 1.397191 0.237788
v 0.055003 1.301903 0.240739
v 0.065481 1.307953 0.237714
v -0.011043 1.332700 0.237788
v 0.065481 1.307953 0.240739
v 0.048651 1.310974 0.240739
v -0.022074 1.395261 0.237788
v 0.048651 1.310974 0.237714
v 0.057921 1.318752 0.240739
v -0.021739 1.329835 0.237788
v 0.048651 1.310974 0.240739
v 0.057921 1.318752 0.237714
v -0.043465 1.389529 0.237788
v 0.057921 1.318752 0.240739
v 0.040822 1.318804 0.240739
v -0.031774 1.325155 0.237788
v 0.040822 1.318804 0.237714
v 0.048599 1.328073 0.240739
v -0.063537 1.380169 0.237788
v 0.040822 1.318804 0.240739
v 0.048599 1.328073 0.237714
v -0.040845 1.318804 0.237788
v 0.048599 1.328073 0.240739
v 0.031751 1.325155 0.240739
v -0.081678 1.367467 0.237788
v 0.031751 1.325155 0.237714
v 0.037801 1.335634 0.240739
v -0.048675 1.310974 0.237788
v 0.031751 1.325155 0.240739
v 0.037801 1.335634 0.237714
v -0.097337 1.351807 0.237788
v 0.037801 1.335634 0.240739
v 0.021715 1.329835 0.240739
v -0.055026 1.301903 0.237788
v 0.021715 1.329835 0.237714
v 0.025854 1.341205 0.240739
v -0.110040 1.333665 0.237788
v 0.021715 1.329835 0.240739
v 0.025854 1.341205 0.237714
v -0.059706 1.291867 0.237788
v 0.025854 1.341205 0.240739
v -0.000012 1.333665 0.237714
v -0.119399 1.313595 0.237788
v 0.011019 1.332700 0.240739
v 0.011019 1.332700 0.237714
v -0.062572 1.281172 0.237788
v -0.000012 1.333665 0.240739
v -0.000012 1.333665 0.240739
v -0.125132 1.292202 0.237788
v 0.013120 1.344617 0.240739
v 0.011019 1.332700 0.240739
v -0.063537 1.270141 0.237788
v -0.000012 1.345765 0.240739
v -0.000012 1.345765 0.240739
v -0.127062 1.270141 0.237788
v 0.013120 1.344617 0.237714
v 0.013120 1.344617 0.240739
v -0.062572 1.259110 0.237788
v -0.000012 1.345765 0.237714
v 0.125108 1.248079 0.237788
v -0.125132 1.248079 0.237788
v 0.062548 1.259110 0.237788
v 0.119376 1.226687 0.237788
v -0.059706 1.248414 0.237788
v 0.059682 1.248414 0.237788
v 0.110017 1.206616 0.237788
v -0.119399 1.226687 0.237788
v 0.055003 1.238378 0.237788
v 0.097314 1.188475 0.237788
v -0.055026 1.238378 0.237788
v 0.048651 1.229308 0.237788
v 0.081654 1.172815 0.237788
v -0.110040 1.206615 0.237788
v 0.040822 1.221478 0.237788
v 0.063513 1.160112 0.237788
v -0.048675 1.229308 0.237788
v 0.031751 1.215127 0.237788
v 0.043442 1.150753 0.237788
v -0.097337 1.188475 0.237788
v 0.021715 1.210447 0.237788
v 0.022050 1.145021 0.237788
v -0.040845 1.221478 0.237788
v 0.011019 1.207581 0.237788
v -0.000012 1.143091 0.237788
v -0.081678 1.172815 0.237788
v -0.000012 1.206615 0.237788
v -0.022074 1.145021 0.237788
v -0.031774 1.215127 0.237788
v -0.011043 1.207581 0.237788
v -0.043465 1.150753 0.237788
v -0.063537 1.160112 0.237788
v -0.021739 1.210447 0.237788
vn 0.9959 -0.0008 -0.0908
vn 0.9806 0.1737 0.0907
vn 0.9959 0.0008 0.0908
vn 0.9809 0.1722 -0.0908
vn 0.9356 0.3413 0.0907
vn 0.9361 0.3399 -0.0908
vn 0.8621 0.4986 0.0908
vn 0.8628 0.4973 -0.0908
vn 0.7624 0.6407 0.0907
vn 0.7634 0.6396 -0.0908
vn 0.6395 0.7634 0.0907
vn 0.6407 0.7624 -0.0908
vn 0.4986 0.8621 -0.0907
vn 0.4973 0.8628 0.0907
vn 0.3399 0.9361 0.0908
vn 0.3414 0.9355 -0.0907
vn 0.1737 0.9806 -0.0907
vn -0.0008 0.9959 0.0908
vn 0.1722 0.9809 0.0908
vn 0.0008 0.9959 -0.0908
vn -0.1737 0.9806 0.0907
vn -0.1722 0.9809 -0.0908
vn -0.3413 0.9356 0.0907
vn -0.3399 0.9361 -0.0908
vn -0.4986 0.8621 0.0907
vn -0.4973 0.8628 -0.0907
vn -0.6396 0.7634 -0.0907
vn -0.6407 0.7624 0.0908
vn -0.8621 0.4986 -0.0908
vn -0.9355 0.3414 -0.0907
vn -0.9361 0.3399 0.0908
vn -0.9809 0.1722 0.0907
vn -0.9806 0.1737 -0.0908
vn -0.9959 -0.0008 0.0908
vn -0.9959 0.0008 -0.0908
vn -0.9809 -0.1722 -0.0908
vn -0.9806 -0.1737 0.0908
vn -0.9356 -0.3413 0.0907
vn -0.9361 -0.3399 -0.0907
vn -0.8620 -0.4986 0.0908
vn -0.7634 -0.6395 -0.0907
vn -0.6408 -0.7624 -0.0908
vn -0.6396 -0.7634 0.0908
vn -0.4973 -0.8628 0.0908
vn -0.4986 -0.8621 -0.0908
vn -0.3399 -0.9361 0.0907
vn -0.3413 -0.9356 -0.0907
vn -0.1722 -0.9809 0.0908
vn -0.1737 -0.9806 -0.0907
vn 0.0008 -0.9959 0.0908
vn -0.0008 -0.9959 -0.0908
vn 0.1722 -0.9809 -0.0907
vn 0.3414 -0.9355 0.0907
vn 0.1737 -0.9806 0.0908
vn 0.4973 -0.8628 -0.0908
vn 0.6396 -0.7633 -0.0907
vn 0.6408 -0.7624 0.0907
vn 0.7634 -0.6395 0.0907
vn 0.9356 -0.3413 -0.0907
vn 0.9806 -0.1737 -0.0908
vn 0.9809 -0.1722 0.0907
vn -0.0000 -0.0000 1.0000
vn -0.0000 1.0000 -0.0000
vn 0.1736 0.9848 -0.0000
vn -0.0000 -1.0000 -0.0000
vn -0.1736 -0.9848 -0.0000
vn 0.3420 0.9397 -0.0000
vn -0.3420 -0.9397 -0.0000
vn 0.5000 0.8660 -0.0000
vn -0.5000 -0.8660 -0.0000
vn 0.6428 0.7661 -0.0000
vn -0.6428 -0.7660 -0.0000
vn 0.7661 0.6428 -0.0000
vn -0.7661 -0.6428 -0.0000
vn 0.8660 0.5000 -0.0000
vn -0.8660 -0.5000 -0.0000
vn 0.9397 0.3420 -0.0000
vn -0.9397 -0.3420 -0.0000
vn 0.9848 0.1736 -0.0000
vn -0.9848 -0.1736 -0.0000
vn 1.0000 -0.0000 -0.0000
vn -1.0000 -0.0000 -0.0000
vn 0.9848 -0.1736 -0.0000
vn -0.9848 0.1736 -0.0000
vn 0.9397 -0.3420 -0.0000
vn -0.9397 0.3420 -0.0000
vn 0.8660 -0.5000 -0.0000
vn -0.8660 0.5000 -0.0000
vn 0.7660 -0.6428 -0.0000
vn -0.7660 0.6428 -0.0000
vn 0.6428 -0.7660 -0.0000
vn -0.6428 0.7660 -0.0000
vn 0.5000 -0.8660 -0.0000
vn -0.5000 0.8660 -0.0000
vn 0.3420 -0.9397 -0.0000
vn -0.3420 0.9397 -0.0000
vn 0.1737 -0.9848 -0.0000
vn -0.1737 0.9848 -0.0000
vn -0.1737 -0.9848 -0.0000
vn 0.1737 0.9848 -0.0000
vn -0.7660 -0.6428 -0.0000
vn 0.7660 0.6428 -0.0000
vn -0.9848 -0.1737 -0.0000
vn -0.9848 0.1737 -0.0000
vn 0.7661 -0.6428 -0.0000
vn -0.6428 0.7661 -0.0000
vn 0.6428 -0.7661 -0.0000
vn -0.1736 0.9848 -0.0000
vn 0.1736 -0.9848 -0.0000
vn -0.7634 0.6395 0.0908
vn -0.7624 0.6407 -0.0907
vn -0.8629 0.4972 0.0907
vn -0.8628 -0.4973 -0.0908
vn -0.7624 -0.6407 0.0907
vn 0.3399 -0.9361 -0.0908
vn 0.4986 -0.8621 0.0908
vn 0.7624 -0.6408 -0.0908
vn 0.8628 -0.4973 0.0908
vn 0.8621 -0.4986 -0.0908
vn 0.9361 -0.3399 0.0907
vt 0.564171 0.364294
vt 0.587002 0.336101
vt 0.614382 0.312300
vt 0.645478 0.293615
vt 0.679348 0.280614
vt 0.714960 0.273691
vt 0.751233 0.273058
vt 0.787065 0.278733
vt 0.821367 0.290545
vt 0.853097 0.308133
vt 0.881290 0.330964
vt 0.905091 0.358344
vt 0.923776 0.389440
vt 0.936777 0.423309
vt 0.944333 0.495195
vt 0.938658 0.531027
vt 0.926847 0.565329
vt 0.909258 0.597059
vt 0.886427 0.625252
vt 0.859048 0.649053
vt 0.827951 0.667738
vt 0.794082 0.680739
vt 0.758470 0.687662
vt 0.722197 0.688295
vt 0.686365 0.682620
vt 0.652063 0.670808
vt 0.620333 0.653220
vt 0.592139 0.630389
vt 0.568338 0.603009
vt 0.549653 0.571913
vt 0.536652 0.538044
vt 0.529730 0.502431
vt 0.534772 0.430326
vt 0.546583 0.396024
vt 0.661858 0.408389
vt 0.650443 0.422485
vt 0.691097 0.387146
vt 0.675548 0.396488
vt 0.708031 0.380645
vt 0.743974 0.376867
vt 0.725837 0.377184
vt 0.761890 0.379705
vt 0.779041 0.385611
vt 0.794906 0.394405
vt 0.830245 0.435058
vt 0.836746 0.451993
vt 0.943700 0.458921
vt 0.840524 0.487936
vt 0.840207 0.469799
vt 0.837686 0.505852
vt 0.831781 0.523003
vt 0.822986 0.538868
vt 0.811571 0.552964
vt 0.797881 0.564865
vt 0.782333 0.574207
vt 0.765398 0.580708
vt 0.747592 0.584169
vt 0.694389 0.575742
vt 0.678524 0.566948
vt 0.664427 0.555533
vt 0.643184 0.526294
vt 0.652526 0.541843
vt 0.529096 0.466158
vt 0.632905 0.473417
vt 0.635743 0.455502
vt 0.641649 0.438350
vt 0.500000 0.999501
vt 0.586737 0.991912
vt 0.572859 0.913206
vt 0.500000 0.919580
vt 0.670839 0.969377
vt 0.643505 0.894277
vt 0.749750 0.932580
vt 0.709790 0.863367
vt 0.821073 0.882640
vt 0.769701 0.821417
vt 0.882640 0.821073
vt 0.821417 0.769701
vt 0.932580 0.749750
vt 0.863367 0.709790
vt 0.969377 0.670839
vt 0.894277 0.643505
vt 0.991912 0.586737
vt 0.913206 0.572859
vt 0.999501 0.500000
vt 0.919580 0.500000
vt 0.991912 0.413262
vt 0.913206 0.427140
vt 0.969377 0.329161
vt 0.894277 0.356495
vt 0.932580 0.250250
vt 0.863367 0.290210
vt 0.882639 0.178927
vt 0.821417 0.230299
vt 0.821073 0.117360
vt 0.769701 0.178583
vt 0.749750 0.067420
vt 0.709790 0.136633
vt 0.670839 0.030623
vt 0.643505 0.105723
vt 0.586737 0.008088
vt 0.572859 0.086794
vt 0.500000 0.000499
vt 0.500000 0.080420
vt 0.413262 0.008088
vt 0.427140 0.086794
vt 0.329161 0.030623
vt 0.356495 0.105723
vt 0.250250 0.067420
vt 0.290210 0.136633
vt 0.178927 0.117361
vt 0.230299 0.178583
vt 0.117360 0.178927
vt 0.178583 0.230299
vt 0.067420 0.250250
vt 0.136633 0.290210
vt 0.030623 0.329161
vt 0.105723 0.356495
vt 0.008088 0.413263
vt 0.086794 0.427141
vt 0.000500 0.500000
vt 0.080420 0.500000
vt 0.008088 0.586738
vt 0.086794 0.572860
vt 0.030623 0.670839
vt 0.105723 0.643505
vt 0.067420 0.749750
vt 0.136633 0.709790
vt 0.117361 0.821073
vt 0.178583 0.769701
vt 0.178927 0.882640
vt 0.230299 0.821417
vt 0.250250 0.932580
vt 0.290210 0.863367
vt 0.329161 0.969377
vt 0.356495 0.894277
vt 0.413263 0.991912
vt 0.427141 0.913206
vt 0.809003 0.405820
vt 0.820903 0.419510
vt 0.729456 0.584486
vt 0.711540 0.581648
vt 0.636683 0.509360
vt 0.633222 0.491554
s 1
usemtl cerna_ksilt
f 1894/710/545 1895/711/546 1896/710/547
f 1894/710/545 1898/711/548 1895/711/546
f 1898/711/548 1901/712/549 1895/711/546
f 1898/711/548 1904/712/550 1901/712/549
f 1904/712/550 1907/713/551 1901/712/549
f 1904/712/550 1910/713/552 1907/713/551
f 1910/713/552 1913/714/553 1907/713/551
f 1910/713/552 1916/714/554 1913/714/553
f 1916/714/554 1919/715/555 1913/714/553
f 1916/714/554 1922/715/556 1919/715/555
f 1922/715/556 1928/716/557 1925/716/558
f 1928/716/557 1931/717/559 1925/716/558
f 1928/716/557 1934/717/560 1931/717/559
f 1940/718/561 1943/719/562 1937/718/563
f 1940/718/561 1946/719/564 1943/719/562
f 1946/719/564 1949/720/565 1943/719/562
f 1946/719/564 1952/720/566 1949/720/565
f 1952/720/566 1955/721/567 1949/720/565
f 1952/720/566 1958/721/568 1955/721/567
f 1958/721/568 1961/722/569 1955/721/567
f 1958/721/568 1964/722/570 1961/722/569
f 1964/722/570 1970/723/571 1967/723/572
f 1982/724/573 1988/725/574 1985/725/575
f 1988/725/574 1991/726/576 1985/725/575
f 1988/725/574 1994/726/577 1991/726/576
f 1994/726/577 1997/727/578 1991/726/576
f 2000/727/579 2006/728/580 2003/728/581
f 2006/728/580 2009/729/582 2003/728/581
f 2012/729/583 2015/730/584 2009/729/582
f 2024/731/585 2030/732/586 2027/732/587
f 2030/732/586 2033/733/588 2027/732/587
f 2030/732/586 2036/733/589 2033/733/588
f 2036/733/589 2039/734/590 2033/733/588
f 2036/733/589 2042/734/591 2039/734/590
f 2042/734/591 2045/735/592 2039/734/590
f 2042/734/591 2048/735/593 2045/735/592
f 2048/735/593 2051/736/594 2045/735/592
f 2048/735/593 2054/736/595 2051/736/594
f 2060/737/596 2063/738/597 2057/737/598
f 2072/739/599 2078/740/600 2075/740/601
f 2078/740/600 2081/741/602 2075/740/601
f 2096/742/603 2102/743/604 2099/743/605
f 2102/743/604 1896/710/547 2099/743/605
f 2110/710/606 2111/744/606 2112/745/606
f 2120/712/606 2123/746/606 2117/747/606
f 2126/713/606 2129/748/606 2123/746/606
f 2138/715/606 2141/749/606 2135/750/606
f 2138/715/606 2144/716/606 2141/749/606
f 2144/716/606 2150/717/606 2147/751/606
f 2150/717/606 2153/752/606 2147/751/606
f 2150/717/606 2156/718/606 2153/752/606
f 2156/718/606 2159/753/606 2153/752/606
f 2156/718/606 2162/719/606 2159/753/606
f 2174/721/606 2180/722/606 2177/754/606
f 2180/722/606 2183/755/606 2177/754/606
f 2180/722/606 2186/723/606 2183/755/606
f 2192/756/606 2195/757/606 2189/758/606
f 2198/724/606 2201/759/606 2195/757/606
f 2198/724/606 2204/725/606 2201/759/606
f 2204/725/606 2207/760/606 2201/759/606
f 2204/725/606 2210/726/606 2207/760/606
f 2210/726/606 2213/761/606 2207/760/606
f 2210/726/606 2216/727/606 2213/761/606
f 2216/727/606 2219/762/606 2213/761/606
f 2216/727/606 2222/728/606 2219/762/606
f 2222/728/606 2225/763/606 2219/762/606
f 2222/728/606 2228/729/606 2225/763/606
f 2228/729/606 2231/764/606 2225/763/606
f 2228/729/606 2234/730/606 2231/764/606
f 2234/730/606 2237/765/606 2231/764/606
f 2234/730/606 2240/731/606 2237/765/606
f 2240/731/606 2243/766/606 2237/765/606
f 2251/734/606 2248/735/606 2250/767/606
f 2248/735/606 2245/736/606 2247/768/606
f 2245/736/606 2242/737/606 2244/769/606
f 2239/738/606 2238/770/606 2241/771/606
f 2239/738/606 2236/739/606 2238/770/606
f 2230/741/606 2227/772/606 2229/773/606
f 2227/772/606 2224/742/606 2226/774/606
f 2224/742/606 2223/775/606 2226/774/606
f 2224/742/606 2221/743/606 2223/775/606
f 2221/743/606 2112/745/606 2223/775/606
f 2221/743/606 2110/710/606 2112/745/606
f 2220/776/607 2218/777/608 2217/777/608
f 2220/776/607 2215/776/607 2218/777/608
f 2214/776/606 2212/778/606 2211/777/606
f 2214/776/606 2209/779/606 2212/778/606
f 2208/779/609 2206/778/610 2205/778/610
f 2208/779/609 2203/779/609 2206/778/610
f 2217/777/608 2202/780/611 2200/780/611
f 2217/777/608 2218/777/608 2202/780/611
f 2211/777/606 2199/781/606 2197/780/606
f 2211/777/606 2212/778/606 2199/781/606
f 2205/778/610 2196/781/612 2194/781/612
f 2205/778/610 2206/778/610 2196/781/612
f 2200/780/611 2193/782/613 2191/782/613
f 2200/780/611 2202/780/611 2193/782/613
f 2197/780/606 2190/783/606 2188/782/606
f 2197/780/606 2199/781/606 2190/783/606
f 2194/781/612 2187/783/614 2185/783/614
f 2194/781/612 2196/781/612 2187/783/614
f 2191/782/613 2184/784/615 2182/784/615
f 2191/782/613 2193/782/613 2184/784/615
f 2188/782/606 2181/785/606 2179/784/606
f 2188/782/606 2190/783/606 2181/785/606
f 2185/783/614 2178/785/616 2176/785/616
f 2185/783/614 2187/783/614 2178/785/616
f 2182/784/615 2175/786/617 2173/786/617
f 2182/784/615 2184/784/615 2175/786/617
f 2179/784/606 2172/787/606 2170/786/606
f 2179/784/606 2181/785/606 2172/787/606
f 2176/785/616 2169/787/618 2167/787/618
f 2176/785/616 2178/785/616 2169/787/618
f 2173/786/617 2166/788/619 2164/788/619
f 2173/786/617 2175/786/617 2166/788/619
f 2170/786/606 2163/789/606 2161/788/606
f 2170/786/606 2172/787/606 2163/789/606
f 2167/787/618 2160/789/620 2158/789/620
f 2167/787/618 2169/787/618 2160/789/620
f 2164/788/619 2157/790/621 2155/790/621
f 2164/788/619 2166/788/619 2157/790/621
f 2161/788/606 2154/791/606 2152/790/606
f 2161/788/606 2163/789/606 2154/791/606
f 2158/789/620 2151/791/622 2149/791/622
f 2158/789/620 2160/789/620 2151/791/622
f 2155/790/621 2148/792/623 2146/792/623
f 2155/790/621 2157/790/621 2148/792/623
f 2152/790/606 2145/793/606 2143/792/606
f 2152/790/606 2154/791/606 2145/793/606
f 2149/791/622 2142/793/624 2140/793/624
f 2149/791/622 2151/791/622 2142/793/624
f 2146/792/623 2139/794/625 2137/794/625
f 2146/792/623 2148/792/623 2139/794/625
f 2143/792/606 2136/795/606 2134/794/606
f 2143/792/606 2145/793/606 2136/795/606
f 2140/793/624 2133/795/626 2131/795/626
f 2140/793/624 2142/793/624 2133/795/626
f 2137/794/625 2130/796/627 2128/796/627
f 2137/794/625 2139/794/625 2130/796/627
f 2134/794/606 2127/797/606 2125/796/606
f 2134/794/606 2136/795/606 2127/797/606
f 2131/795/626 2124/797/628 2122/797/628
f 2131/795/626 2133/795/626 2124/797/628
f 2128/796/627 2121/798/629 2119/798/629
f 2128/796/627 2130/796/627 2121/798/629
f 2125/796/606 2118/799/606 2116/798/606
f 2125/796/606 2127/797/606 2118/799/606
f 2122/797/628 2115/799/630 2113/799/630
f 2122/797/628 2124/797/628 2115/799/630
f 2119/798/629 2109/800/631 2108/800/631
f 2119/798/629 2121/798/629 2109/800/631
f 2116/798/606 2107/801/606 2106/800/606
f 2116/798/606 2118/799/606 2107/801/606
f 2113/799/630 2105/801/632 2104/801/632
f 2113/799/630 2115/799/630 2105/801/632
f 2108/800/631 2103/802/633 2101/802/633
f 2108/800/631 2109/800/631 2103/802/633
f 2106/800/606 2100/803/606 2098/802/606
f 2106/800/606 2107/801/606 2100/803/606
f 2104/801/632 2097/803/634 2095/803/634
f 2104/801/632 2105/801/632 2097/803/634
f 2101/802/633 2094/804/635 2092/804/635
f 2101/802/633 2103/802/633 2094/804/635
f 2098/802/606 2091/805/606 2089/804/606
f 2098/802/606 2100/803/606 2091/805/606
f 2095/803/634 2088/805/636 2086/805/636
f 2095/803/634 2097/803/634 2088/805/636
f 2092/804/635 2085/806/637 2083/806/637
f 2092/804/635 2094/804/635 2085/806/637
f 2089/804/606 2082/807/606 2080/806/606
f 2089/804/606 2091/805/606 2082/807/606
f 2086/805/636 2079/807/638 2077/807/638
f 2086/805/636 2088/805/636 2079/807/638
f 2083/806/637 2076/808/639 2074/808/639
f 2083/806/637 2085/806/637 2076/808/639
f 2080/806/606 2073/809/606 2071/808/606
f 2080/806/606 2082/807/606 2073/809/606
f 2077/807/638 2070/809/640 2068/809/640
f 2077/807/638 2079/807/638 2070/809/640
f 2074/808/639 2067/810/641 2065/810/641
f 2074/808/639 2076/808/639 2067/810/641
f 2071/808/606 2064/811/606 2062/810/606
f 2071/808/606 2073/809/606 2064/811/606
f 2068/809/640 2061/811/642 2059/811/642
f 2068/809/640 2070/809/640 2061/811/642
f 2065/810/641 2058/812/609 2056/812/609
f 2065/810/641 2067/810/641 2058/812/609
f 2062/810/606 2055/813/606 2053/812/606
f 2062/810/606 2064/811/606 2055/813/606
f 2059/811/642 2052/813/607 2050/813/607
f 2059/811/642 2061/811/642 2052/813/607
f 2056/812/609 2049/814/643 2047/814/643
f 2056/812/609 2058/812/609 2049/814/643
f 2053/812/606 2046/815/606 2044/814/606
f 2053/812/606 2055/813/606 2046/815/606
f 2050/813/607 2043/815/644 2041/815/644
f 2050/813/607 2052/813/607 2043/815/644
f 2047/814/643 2040/816/612 2038/816/612
f 2047/814/643 2049/814/643 2040/816/612
f 2044/814/606 2037/817/606 2035/816/606
f 2044/814/606 2046/815/606 2037/817/606
f 2041/815/644 2034/817/611 2032/817/611
f 2041/815/644 2043/815/644 2034/817/611
f 2038/816/612 2031/818/614 2029/818/614
f 2038/816/612 2040/816/612 2031/818/614
f 2035/816/606 2028/819/606 2026/818/606
f 2035/816/606 2037/817/606 2028/819/606
f 2032/817/611 2025/819/613 2023/819/613
f 2032/817/611 2034/817/611 2025/819/613
f 2029/818/614 2022/820/616 2020/820/616
f 2029/818/614 2031/818/614 2022/820/616
f 2026/818/606 2019/821/606 2017/820/606
f 2026/818/606 2028/819/606 2019/821/606
f 2023/819/613 2016/821/615 2014/821/615
f 2023/819/613 2025/819/613 2016/821/615
f 2020/820/616 2013/822/645 2011/822/645
f 2020/820/616 2022/820/616 2013/822/645
f 2017/820/606 2010/823/606 2008/822/606
f 2017/820/606 2019/821/606 2010/823/606
f 2014/821/615 2007/823/646 2005/823/646
f 2014/821/615 2016/821/615 2007/823/646
f 2011/822/645 2004/824/620 2002/824/620
f 2011/822/645 2013/822/645 2004/824/620
f 2008/822/606 2001/825/606 1999/824/606
f 2008/822/606 2010/823/606 2001/825/606
f 2005/823/646 1998/825/619 1996/825/619
f 2005/823/646 2007/823/646 1998/825/619
f 2002/824/620 1995/826/622 1993/826/622
f 2002/824/620 2004/824/620 1995/826/622
f 1999/824/606 1992/827/606 1990/826/606
f 1999/824/606 2001/825/606 1992/827/606
f 1996/825/619 1989/827/621 1987/827/621
f 1996/825/619 1998/825/619 1989/827/621
f 1993/826/622 1986/828/647 1984/828/647
f 1993/826/622 1995/826/622 1986/828/647
f 1990/826/606 1983/829/606 1981/828/606
f 1990/826/606 1992/827/606 1983/829/606
f 1987/827/621 1980/829/623 1978/829/623
f 1987/827/621 1989/827/621 1980/829/623
f 1984/828/647 1977/830/626 1975/830/626
f 1984/828/647 1986/828/647 1977/830/626
f 1981/828/606 1974/831/606 1972/830/606
f 1981/828/606 1983/829/606 1974/831/606
f 1978/829/623 1971/831/625 1969/831/625
f 1978/829/623 1980/829/623 1971/831/625
f 1975/830/626 1968/832/648 1966/832/648
f 1975/830/626 1977/830/626 1968/832/648
f 1972/830/606 1965/833/606 1963/832/606
f 1972/830/606 1974/831/606 1965/833/606
f 1969/831/625 1962/833/627 1960/833/627
f 1969/831/625 1971/831/625 1962/833/627
f 1966/832/648 1959/834/630 1957/834/630
f 1966/832/648 1968/832/648 1959/834/630
f 1963/832/606 1956/835/606 1954/834/606
f 1963/832/606 1965/833/606 1956/835/606
f 1960/833/627 1953/835/629 1951/835/629
f 1960/833/627 1962/833/627 1953/835/629
f 1957/834/630 1950/836/632 1948/836/632
f 1957/834/630 1959/834/630 1950/836/632
f 1954/834/606 1947/837/606 1945/836/606
f 1954/834/606 1956/835/606 1947/837/606
f 1951/835/629 1944/837/631 1942/837/631
f 1951/835/629 1953/835/629 1944/837/631
f 1948/836/632 1941/838/634 1939/838/634
f 1948/836/632 1950/836/632 1941/838/634
f 1945/836/606 1938/839/606 1936/838/606
f 1945/836/606 1947/837/606 1938/839/606
f 1942/837/631 1935/839/649 1933/839/649
f 1942/837/631 1944/837/631 1935/839/649
f 1939/838/634 1932/840/650 1930/840/650
f 1939/838/634 1941/838/634 1932/840/650
f 1936/838/606 1929/841/606 1927/840/606
f 1936/838/606 1938/839/606 1929/841/606
f 1933/839/649 1926/841/651 1924/841/651
f 1933/839/649 1935/839/649 1926/841/651
f 1930/840/650 1923/842/638 1921/842/638
f 1930/840/650 1932/840/650 1923/842/638
f 1927/840/606 1920/843/606 1918/842/606
f 1927/840/606 1929/841/606 1920/843/606
f 1924/841/651 1917/843/637 1915/843/637
f 1924/841/651 1926/841/651 1917/843/637
f 1921/842/638 1914/844/640 1912/844/640
f 1921/842/638 1923/842/638 1914/844/640
f 1918/842/606 1911/845/606 1909/844/606
f 1918/842/606 1920/843/606 1911/845/606
f 1915/843/637 1908/845/639 1906/845/639
f 1915/843/637 1917/843/637 1908/845/639
f 1912/844/640 1905/846/652 1903/846/652
f 1912/844/640 1914/844/640 1905/846/652
f 1909/844/606 1902/847/606 1900/846/606
f 1909/844/606 1911/845/606 1902/847/606
f 1906/845/639 1899/847/653 1897/847/653
f 1906/845/639 1908/845/639 1899/847/653
f 1903/846/652 2215/776/607 2220/776/607
f 1903/846/652 1905/846/652 2215/776/607
f 1900/846/606 2209/779/606 2214/776/606
f 1900/846/606 1902/847/606 2209/779/606
f 1897/847/653 2203/779/609 2208/779/609
f 1897/847/653 1899/847/653 2203/779/609
f 1922/715/556 1925/716/558 1919/715/555
f 1934/717/560 1937/718/563 1931/717/559
f 1934/717/560 1940/718/561 1937/718/563
f 1964/722/570 1967/723/572 1961/722/569
f 1970/723/571 1973/756/654 1967/723/572
f 1970/723/571 1976/756/655 1973/756/654
f 1976/756/655 1979/724/656 1973/756/654
f 1976/756/655 1982/724/573 1979/724/656
f 1982/724/573 1985/725/575 1979/724/656
f 1994/726/577 2000/727/579 1997/727/578
f 2000/727/579 2003/728/581 1997/727/578
f 2006/728/580 2012/729/583 2009/729/582
f 2012/729/583 2018/730/657 2015/730/584
f 2018/730/657 2021/731/658 2015/730/584
f 2018/730/657 2024/731/585 2021/731/658
f 2024/731/585 2027/732/587 2021/731/658
f 2054/736/595 2057/737/598 2051/736/594
f 2054/736/595 2060/737/596 2057/737/598
f 2060/737/596 2066/738/659 2063/738/597
f 2066/738/659 2069/739/660 2063/738/597
f 2066/738/659 2072/739/599 2069/739/660
f 2072/739/599 2075/740/601 2069/739/660
f 2078/740/600 2084/741/661 2081/741/602
f 2084/741/661 2087/772/662 2081/741/602
f 2084/741/661 2090/772/663 2087/772/662
f 2090/772/663 2093/742/664 2087/772/662
f 2090/772/663 2096/742/603 2093/742/664
f 2096/742/603 2099/743/605 2093/742/664
f 2102/743/604 1894/710/545 1896/710/547
f 2110/710/606 2114/711/606 2111/744/606
f 2114/711/606 2117/747/606 2111/744/606
f 2114/711/606 2120/712/606 2117/747/606
f 2120/712/606 2126/713/606 2123/746/606
f 2126/713/606 2132/714/606 2129/748/606
f 2132/714/606 2135/750/606 2129/748/606
f 2132/714/606 2138/715/606 2135/750/606
f 2144/716/606 2147/751/606 2141/749/606
f 2162/719/606 2165/848/606 2159/753/606
f 2162/719/606 2168/720/606 2165/848/606
f 2168/720/606 2171/849/606 2165/848/606
f 2168/720/606 2174/721/606 2171/849/606
f 2174/721/606 2177/754/606 2171/849/606
f 2186/723/606 2189/758/606 2183/755/606
f 2186/723/606 2192/756/606 2189/758/606
f 2192/756/606 2198/724/606 2195/757/606
f 2240/731/606 2246/732/606 2243/766/606
f 2246/732/606 2249/850/606 2243/766/606
f 2246/732/606 2252/733/606 2249/850/606
f 2252/733/606 2253/851/606 2249/850/606
f 2252/733/606 2251/734/606 2253/851/606
f 2251/734/606 2250/767/606 2253/851/606
f 2248/735/606 2247/768/606 2250/767/606
f 2245/736/606 2244/769/606 2247/768/606
f 2242/737/606 2241/771/606 2244/769/606
f 2242/737/606 2239/738/606 2241/771/606
f 2236/739/606 2235/852/606 2238/770/606
f 2236/739/606 2233/740/606 2235/852/606
f 2233/740/606 2232/853/606 2235/852/606
f 2233/740/606 2230/741/606 2232/853/606
f 2230/741/606 2229/773/606 2232/853/606
f 2227/772/606 2226/774/606 2229/773/606
o svetlo_ram_30
v 0.000000 1.181875 0.179065
v -0.007468 1.187925 0.181491
v 0.000000 1.187925 0.179065
v -0.007468 1.181875 0.181491
v -0.012083 1.187925 0.187843
v -0.012083 1.181875 0.187843
v -0.012083 1.181875 0.187843
v -0.012083 1.187925 0.195695
v -0.012083 1.187925 0.187843
v -0.012083 1.181875 0.195695
v -0.007468 1.187925 0.202048
v -0.007468 1.181875 0.202048
v 0.000000 1.187925 0.204475
v 0.000000 1.181875 0.204475
v 0.007468 1.187925 0.202048
v 0.007468 1.181875 0.202048
v 0.012083 1.187925 0.195695
v 0.012083 1.181875 0.195695
v 0.012083 1.187925 0.187843
v 0.012083 1.181875 0.187843
v 0.007468 1.187925 0.181491
v 0.007468 1.181875 0.181491
v -0.012705 1.139628 0.149420
v -0.010278 1.132160 0.149420
v -0.010278 1.132774 0.157216
v -0.003926 1.128215 0.157937
v -0.003926 1.127545 0.149420
v -0.003926 1.127545 0.149420
v 0.003926 1.128215 0.157937
v -0.003926 1.128215 0.157937
v 0.003926 1.127545 0.149420
v 0.010278 1.132774 0.157216
v 0.010278 1.132160 0.149420
v 0.012705 1.139628 0.149420
v 0.012705 1.139628 0.149420
v 0.010278 1.147096 0.149420
v 0.010278 1.147526 0.154879
v 0.003926 1.152084 0.154157
v 0.003926 1.151711 0.149420
v -0.003926 1.152084 0.154157
v -0.003926 1.151711 0.149420
v -0.010278 1.147526 0.154879
v -0.010278 1.147096 0.149420
v -0.012705 1.139628 0.149420
v -0.010278 1.134599 0.164819
v -0.012705 1.144246 0.168654
v -0.003926 1.130210 0.166246
v 0.003926 1.130210 0.166246
v -0.003926 1.130210 0.166246
v 0.010278 1.134599 0.164819
v 0.012705 1.144246 0.168654
v 0.010278 1.148804 0.160204
v 0.003926 1.153193 0.158778
v -0.036740 1.166481 -0.013372
v -0.029951 1.166481 -0.025132
v -0.003926 1.153193 0.158778
v -0.019549 1.166481 -0.033860
v -0.006789 1.166481 -0.038504
v 0.006789 1.166481 -0.038504
v 0.019549 1.166481 -0.033860
v 0.029951 1.166481 -0.025132
v -0.010278 1.148804 0.160204
v 0.036740 1.166481 -0.013372
v 0.000000 1.166481 -0.000000
v -0.036740 1.112120 -0.013372
v -0.036740 1.166481 -0.013372
v -0.029951 1.112120 -0.025132
v -0.029951 1.166481 -0.025132
v -0.019549 1.112120 -0.033860
v -0.019549 1.166481 -0.033860
v -0.006789 1.112120 -0.038504
v 0.006789 1.166481 -0.038504
v -0.006789 1.166481 -0.038504
v 0.006789 1.112120 -0.038504
v -0.010278 1.137592 0.172044
v 0.006789 1.112120 -0.038504
v -0.003926 1.133479 0.174139
v 0.006789 1.166481 -0.038504
v 0.019549 1.112120 -0.033860
v 0.019549 1.166481 -0.033860
v 0.029951 1.112120 -0.025132
v 0.036740 1.166481 -0.013372
v 0.003926 1.133479 0.174139
v -0.003926 1.133479 0.174139
v 0.029951 1.166481 -0.025132
v 0.036740 1.112120 -0.013372
v -0.060500 1.166656 0.004235
v -0.060500 1.166656 0.015125
v 0.010278 1.137592 0.172044
v -0.060500 1.112206 0.015125
v -0.060500 1.112206 0.004235
v 0.060500 1.166656 0.004235
v -0.060500 1.166656 0.004235
v -0.060500 1.112206 0.004235
v 0.012705 1.144246 0.168654
v 0.060500 1.112206 0.004235
v 0.060500 1.166656 0.015125
v 0.060500 1.166656 0.004235
v 0.010278 1.150900 0.165263
v 0.060500 1.112206 0.004235
v 0.003926 1.155012 0.163168
v 0.060500 1.112206 0.015125
v -0.060500 1.166656 0.015125
v 0.060500 1.166656 0.015125
v 0.060500 1.112206 0.015125
v -0.060500 1.112206 0.015125
v -0.003926 1.155012 0.163168
v -0.060500 1.166656 0.004235
v 0.060500 1.166656 0.004235
v 0.060500 1.166656 0.015125
v -0.060500 1.166656 0.015125
v 0.060500 1.112206 0.015125
v -0.010278 1.150900 0.165263
v 0.060500 1.112206 0.004235
v -0.060500 1.112206 0.004235
v -0.060500 1.112206 0.015125
v -0.060500 1.166656 -0.015125
v -0.060500 1.166656 -0.004235
v -0.012705 1.144246 0.168654
v -0.060500 1.112206 -0.004235
v -0.060500 1.112206 -0.015125
v 0.060500 1.166656 -0.015125
v -0.010278 1.141678 0.178712
v -0.060500 1.166656 -0.015125
v -0.003926 1.137944 0.181425
v -0.060500 1.112206 -0.015125
v 0.060500 1.112206 -0.015125
v 0.060500 1.166656 -0.004235
v 0.060500 1.166656 -0.015125
v 0.060500 1.112206 -0.015125
v 0.003926 1.137944 0.181425
v -0.003926 1.137944 0.181425
v 0.060500 1.112206 -0.004235
v -0.060500 1.166656 -0.004235
v 0.060500 1.166656 -0.004235
v 0.060500 1.112206 -0.004235
v 0.010278 1.141678 0.178712
v -0.060500 1.112206 -0.004235
v -0.060500 1.166656 -0.015125
v 0.060500 1.166656 -0.015125
v 0.060500 1.166656 -0.004235
v -0.060500 1.166656 -0.004235
v 0.012705 1.144246 0.168654
v 0.060500 1.112206 -0.004235
v 0.060500 1.112206 -0.015125
v -0.060500 1.112206 -0.015125
v 0.010278 1.153761 0.169933
v -0.060500 1.112206 -0.004235
v 0.003926 1.157495 0.167220
v 0.036740 1.166481 0.013372
v 0.029951 1.166481 0.025132
v 0.019549 1.166481 0.033860
v 0.006789 1.166481 0.038504
v -0.006789 1.166481 0.038504
v -0.003926 1.157495 0.167220
v -0.019549 1.166481 0.033860
v -0.029951 1.166481 0.025132
v -0.036740 1.166481 0.013372
v 0.000000 1.166481 -0.000000
v 0.036740 1.112120 0.013372
v -0.010278 1.153761 0.169933
v 0.036740 1.166481 0.013372
v 0.029951 1.112120 0.025132
v 0.029951 1.166481 0.025132
v 0.019549 1.112120 0.033860
v 0.019549 1.166481 0.033860
v -0.012705 1.144246 0.168654
v 0.006789 1.112120 0.038504
v -0.006789 1.166481 0.038504
v -0.010278 1.146757 0.184658
v -0.012705 1.157093 0.183695
v 0.006789 1.166481 0.038504
v -0.006789 1.112120 0.038504
v -0.006789 1.112120 0.038504
v -0.006789 1.166481 0.038504
v -0.003926 1.143493 0.187922
v -0.019549 1.112120 0.033860
v -0.019549 1.166481 0.033860
v -0.029951 1.112120 0.025132
v -0.036740 1.166481 0.013372
v -0.029951 1.166481 0.025132
v 0.003926 1.143493 0.187922
v -0.003926 1.143493 0.187922
v -0.036740 1.112120 0.013372
v 0.010278 1.132160 -0.000000
v 0.010278 1.132160 0.149904
v 0.003926 1.127545 -0.000000
v 0.010278 1.146757 0.184658
v 0.003926 1.127545 0.149904
v -0.003926 1.127545 -0.000000
v -0.003926 1.127545 0.149904
v -0.010278 1.132160 -0.000000
v -0.010278 1.132160 0.149904
v 0.012705 1.157093 0.183695
v -0.012705 1.139628 -0.000000
v -0.012705 1.139628 0.149904
v -0.010278 1.147096 -0.000000
v -0.010278 1.147095 0.149904
v -0.003926 1.151711 -0.000000
v 0.010278 1.157318 0.174097
v 0.003926 1.151711 0.149904
v -0.003926 1.151711 0.149904
v 0.003926 1.151711 -0.000000
v 0.003926 1.151711 -0.000000
v 0.003926 1.151711 0.149904
v 0.003926 1.160581 0.170834
v 0.010278 1.147096 -0.000000
v 0.012705 1.139628 0.149904
v 0.010278 1.147095 0.149904
v 0.012705 1.139628 -0.000000
v -0.010278 1.181995 0.184319
v -0.003926 1.160581 0.170834
v -0.003926 1.181995 0.179704
v 0.003926 1.181995 0.179704
v 0.010278 1.181995 0.184319
v 0.012705 1.181995 0.191787
v 0.010278 1.181995 0.199255
v -0.010278 1.157318 0.174097
v -0.003926 1.181995 0.203870
v 0.003926 1.181995 0.203870
v -0.003926 1.181995 0.203870
v -0.012705 1.181995 0.191787
v -0.010278 1.181995 0.199255
v -0.012705 1.175367 0.191265
v -0.010278 1.176535 0.183890
v -0.003926 1.177258 0.179331
v 0.003926 1.177258 0.179331
v 0.010278 1.176536 0.183890
v 0.012705 1.175367 0.191265
v 0.010278 1.174199 0.198641
v -0.010278 1.152703 0.189737
v -0.003926 1.173477 0.203199
v -0.003926 1.149990 0.193471
v 0.003926 1.173477 0.203199
v -0.003926 1.173477 0.203199
v -0.010278 1.174199 0.198641
v -0.010278 1.171211 0.182611
v -0.003926 1.172637 0.178221
v 0.003926 1.149990 0.193471
v -0.003926 1.149990 0.193471
v 0.003926 1.172637 0.178221
v 0.010278 1.171211 0.182611
v 0.012705 1.175367 0.191265
v 0.010278 1.166595 0.196815
v 0.010278 1.152703 0.189737
v -0.003926 1.165169 0.201205
v 0.003926 1.165169 0.201205
v -0.003926 1.165169 0.201205
v -0.012705 1.175367 0.191265
v -0.010278 1.166595 0.196815
v 0.012705 1.157093 0.183695
v -0.012705 1.157093 0.183695
v -0.010278 1.166151 0.180515
v -0.003926 1.168246 0.176403
v 0.010278 1.161482 0.177654
v 0.003926 1.168246 0.176403
v 0.003926 1.164195 0.173920
v 0.010278 1.166151 0.180515
v 0.012705 1.157093 0.183695
v 0.010278 1.159370 0.193823
v -0.003926 1.157275 0.197935
v 0.003926 1.157275 0.197935
v -0.003926 1.164195 0.173920
v -0.003926 1.157275 0.197935
v -0.010278 1.159370 0.193823
v -0.012705 1.157093 0.183695
v -0.010278 1.161482 0.177654
vn -0.0000 -0.0000 -1.0000
vn -0.5878 -0.0000 -0.8090
vn -0.8090 -0.0000 -0.5878
vn -1.0000 -0.0000 -0.0000
vn -0.9511 -0.0000 0.3090
vn -0.5878 -0.0000 0.8090
vn -0.0000 -0.0000 1.0000
vn 0.5878 -0.0000 0.8090
vn 0.9511 -0.0000 0.3090
vn 0.9511 -0.0000 -0.3090
vn 0.5878 -0.0000 -0.8090
vn -0.9508 -0.3090 0.0243
vn -0.8008 -0.5971 0.0470
vn -0.8092 -0.5796 0.0964
vn -0.5878 -0.7990 0.1266
vn -0.5866 -0.8074 0.0635
vn -0.0000 -0.9969 0.0784
vn 0.3046 -0.9408 0.1490
vn -0.0000 -0.9877 0.1564
vn 0.3037 -0.9498 0.0747
vn 0.8092 -0.5796 0.0964
vn 0.8008 -0.5971 0.0470
vn 0.9947 -0.1027 0.0079
vn 0.9508 0.3090 -0.0243
vn 0.8155 0.5769 -0.0454
vn 0.8059 0.5835 -0.0998
vn 0.3136 0.9379 -0.1485
vn 0.3128 0.9469 -0.0745
vn -0.3136 0.9379 -0.1485
vn -0.3128 0.9469 -0.0746
vn -0.8059 0.5835 -0.0998
vn -0.8155 0.5769 -0.0454
vn -0.9966 0.0826 -0.0067
vn -0.8091 -0.5602 0.1773
vn -0.9947 -0.0951 0.0396
vn -0.5878 -0.7694 0.2500
vn 0.3046 -0.9059 0.2943
vn -0.0000 -0.9511 0.3090
vn 0.8091 -0.5602 0.1773
vn 0.9966 0.0766 -0.0315
vn 0.8060 0.5652 -0.1760
vn 0.3136 0.9031 -0.2934
vn -0.3137 0.9031 -0.2934
vn -0.8059 0.5652 -0.1760
vn -0.8017 -0.5326 0.2714
vn -0.5878 -0.7208 0.3673
vn 0.3046 -0.8487 0.4324
vn -0.0000 -0.8910 0.4540
vn 0.8017 -0.5326 0.2713
vn 0.9982 -0.0602 0.0020
vn 0.8164 0.5146 -0.2622
vn 0.3136 0.8460 -0.4311
vn -0.3137 0.8460 -0.4311
vn -0.8164 0.5146 -0.2622
vn -0.9982 -0.0370 0.0475
vn -0.8092 -0.4727 0.3490
vn -0.5878 -0.6545 0.4755
vn 0.3046 -0.7706 0.5599
vn -0.0000 -0.8090 0.5878
vn 0.8091 -0.4727 0.3491
vn 0.9947 -0.0879 0.0537
vn 0.8060 0.4746 -0.3538
vn 0.3137 0.7682 -0.5581
vn -0.3137 0.7682 -0.5581
vn -0.8060 0.4746 -0.3538
vn -0.9966 0.0706 -0.0434
vn -0.8092 -0.4187 0.4123
vn -0.9947 -0.0668 0.0784
vn -0.5879 -0.5720 0.5720
vn 0.3046 -0.6735 0.6735
vn -0.0000 -0.7071 0.7071
vn 0.8092 -0.4187 0.4123
vn 0.9966 0.0540 -0.0629
vn 0.8059 0.4237 -0.4135
vn 0.3136 0.6714 -0.6714
vn -0.3137 0.6714 -0.6714
vn -0.8059 0.4237 -0.4134
vn -0.8017 -0.3513 0.4835
vn -0.5878 -0.4755 0.6545
vn 0.3046 -0.5599 0.7706
vn -0.0000 -0.5878 0.8090
vn 0.8017 -0.3513 0.4835
vn 0.9982 -0.0527 0.0292
vn 0.8164 0.3395 -0.4672
vn 0.3137 0.5581 -0.7682
vn -0.3137 0.5581 -0.7682
vn -0.8164 0.3395 -0.4672
vn -0.9982 -0.0114 0.0592
vn -0.8091 -0.2627 0.5256
vn -0.5878 -0.3673 0.7208
vn 0.3046 -0.4324 0.8487
vn -0.0000 -0.4540 0.8910
vn 0.8091 -0.2627 0.5256
vn 0.9947 -0.0540 0.0878
vn 0.9982 -0.0527 0.0291
vn 0.8059 0.2623 -0.5307
vn 0.3137 0.4310 -0.8461
vn -0.3137 0.4311 -0.8460
vn -0.8059 0.2623 -0.5307
vn -0.9966 0.0431 -0.0707
vn -0.8092 -0.1859 0.5574
vn -0.9947 -0.0239 0.1002
vn -0.5878 -0.2500 0.7694
vn 0.3046 -0.2943 0.9059
vn -0.0000 -0.3090 0.9511
vn 0.8092 -0.1859 0.5574
vn 0.9966 0.0195 -0.0805
vn 0.8060 0.1898 -0.5607
vn 0.3137 0.2934 -0.9031
vn -0.3137 0.2934 -0.9031
vn -0.8059 0.1898 -0.5607
vn -0.8017 -0.0935 0.5904
vn -0.5878 -0.1266 0.7990
vn 0.3046 -0.1490 0.9408
vn -0.0000 -0.1564 0.9877
vn 0.8017 -0.0935 0.5904
vn 0.9968 -0.0167 0.0776
vn 0.8164 0.0903 -0.5704
vn 0.3137 0.1486 -0.9378
vn -0.3137 0.1486 -0.9378
vn -0.8164 0.0903 -0.5704
vn -0.9993 0.0109 -0.0367
vn -0.8008 -0.0470 0.5971
vn -0.9999 -0.0012 0.0154
vn -0.5866 -0.0636 0.8074
vn 0.3037 -0.0748 0.9498
vn -0.0000 -0.0785 0.9969
vn 0.8008 -0.0470 0.5971
vn 0.9999 -0.0012 0.0155
vn 0.8155 0.0454 -0.5769
vn 0.3128 0.0745 -0.9469
vn -0.3128 0.0746 -0.9469
vn -0.8155 0.0454 -0.5769
vn 1.0000 -0.0000 -0.0000
vn 0.8090 0.5878 -0.0000
vn 0.5879 0.8090 -0.0000
vn 0.5878 0.8090 -0.0000
vn -0.0000 1.0000 -0.0000
vn -0.3091 0.9510 -0.0000
vn -0.3090 0.9511 -0.0000
vn -0.8090 0.5878 -0.0000
vn -0.8090 -0.5878 -0.0000
vn -0.3090 -0.9511 -0.0000
vn 0.3090 -0.9511 -0.0000
vn 0.8090 -0.5878 -0.0000
vn -0.8660 -0.0000 0.5000
vn -0.7660 -0.0000 0.6428
vn -0.7661 -0.0000 0.6428
vn -0.5000 -0.0000 0.8660
vn -0.3420 -0.0000 0.9397
vn 0.1736 -0.0000 0.9848
vn 0.5000 -0.0000 0.8660
vn 0.7661 -0.0000 0.6428
vn 0.7660 -0.0000 0.6428
vn 0.8660 -0.0000 0.5000
vn -0.0000 -1.0000 -0.0000
vn 0.8660 -0.0000 -0.5000
vn 0.7660 -0.0000 -0.6428
vn 0.7661 -0.0000 -0.6428
vn 0.5000 -0.0000 -0.8660
vn 0.3420 -0.0000 -0.9397
vn -0.1736 -0.0000 -0.9848
vn -0.5000 -0.0000 -0.8660
vn -0.7661 -0.0000 -0.6428
vn -0.7660 -0.0000 -0.6428
vn -0.8660 -0.0000 -0.5000
vt 0.750000 0.999501
vt 0.850000 0.000499
vt 0.750000 0.000499
vt 0.850000 0.999501
vt 0.950000 0.000499
vt 0.950000 0.999501
vt -0.050000 0.999501
vt 0.050000 0.000499
vt -0.050000 0.000499
vt 0.050000 0.999501
vt 0.150000 0.000499
vt 0.150000 0.999501
vt 0.250000 0.000499
vt 0.250000 0.999501
vt 0.350000 0.000499
vt 0.350000 0.999501
vt 0.450000 0.000499
vt 0.450000 0.999501
vt 0.550000 0.000499
vt 0.550000 0.999501
vt 0.650000 0.000499
vt 0.650000 0.999501
vt 0.850000 0.899600
vt 0.950000 0.899600
vt 0.050000 0.899600
vt -0.050000 0.899600
vt 0.150000 0.899600
vt 0.250000 0.899600
vt 0.350000 0.899600
vt 0.450000 0.899600
vt 0.550000 0.899600
vt 0.650000 0.899600
vt 0.750000 0.899600
vt 0.850000 0.799700
vt 0.750000 0.799700
vt 0.950000 0.799700
vt 0.050000 0.799700
vt -0.050000 0.799700
vt 0.150000 0.799700
vt 0.250000 0.799700
vt 0.350000 0.799700
vt 0.450000 0.799700
vt 0.550000 0.799700
vt 0.650000 0.799700
vt 0.850000 0.699800
vt 0.950000 0.699800
vt 0.050000 0.699800
vt -0.050000 0.699800
vt 0.150000 0.699800
vt 0.250000 0.699800
vt 0.350000 0.699800
vt 0.450000 0.699800
vt 0.550000 0.699800
vt 0.650000 0.699800
vt 0.750000 0.699800
vt 0.850000 0.599900
vt 0.950000 0.599900
vt 0.050000 0.599900
vt -0.050000 0.599900
vt 0.150000 0.599900
vt 0.250000 0.599900
vt 0.350000 0.599900
vt 0.450000 0.599900
vt 0.550000 0.599900
vt 0.650000 0.599900
vt 0.750000 0.599900
vt 0.850000 0.500000
vt 0.750000 0.500000
vt 0.950000 0.500000
vt 0.050000 0.500000
vt -0.050000 0.500000
vt 0.150000 0.500000
vt 0.250000 0.500000
vt 0.350000 0.500000
vt 0.450000 0.500000
vt 0.550000 0.500000
vt 0.650000 0.500000
vt 0.850000 0.400100
vt 0.950000 0.400100
vt 0.050000 0.400100
vt -0.050000 0.400100
vt 0.150000 0.400100
vt 0.250000 0.400100
vt 0.350000 0.400100
vt 0.450000 0.400100
vt 0.550000 0.400100
vt 0.650000 0.400100
vt 0.750000 0.400100
vt 0.850000 0.300200
vt 0.950000 0.300200
vt 0.050000 0.300200
vt -0.050000 0.300200
vt 0.150000 0.300200
vt 0.250000 0.300200
vt 0.350000 0.300200
vt 0.450000 0.300200
vt 0.550000 0.300200
vt 0.650000 0.300200
vt 0.750000 0.300200
vt 0.850000 0.200300
vt 0.750000 0.200300
vt 0.950000 0.200300
vt 0.050000 0.200300
vt -0.050000 0.200300
vt 0.150000 0.200300
vt 0.250000 0.200300
vt 0.350000 0.200300
vt 0.450000 0.200300
vt 0.550000 0.200300
vt 0.650000 0.200300
vt 0.850000 0.100400
vt 0.950000 0.100400
vt 0.050000 0.100400
vt -0.050000 0.100400
vt 0.150000 0.100400
vt 0.250000 0.100400
vt 0.350000 0.100400
vt 0.450000 0.100400
vt 0.550000 0.100400
vt 0.650000 0.100400
vt 0.750000 0.100400
vt 0.850000 0.000500
vt 0.750000 0.000500
vt 0.950000 0.000500
vt 0.050000 0.000500
vt -0.050000 0.000500
vt 0.150000 0.000500
vt 0.250000 0.000500
vt 0.350000 0.000500
vt 0.450000 0.000500
vt 0.550000 0.000500
vt 0.650000 0.000500
vt 0.805556 0.999500
vt 0.861111 0.000500
vt 0.805556 0.000500
vt 0.861111 0.999500
vt 0.916667 0.000500
vt 0.916667 0.999500
vt 0.972222 0.000500
vt 0.972222 0.999500
vt -0.027778 0.999500
vt 0.027778 0.000500
vt -0.027778 0.000500
vt 0.027778 0.999500
vt 0.083333 0.000500
vt 0.083333 0.999500
vt 0.138889 0.000500
vt 0.138889 0.999500
vt 0.194444 0.000500
vt 0.194444 0.999500
vt 0.316425 0.374396
vt 0.423545 0.334806
vt 0.403750 0.299992
vt 0.373422 0.274151
vt 0.336220 0.260402
vt 0.296630 0.260402
vt 0.259428 0.274151
vt 0.229100 0.299992
vt 0.209305 0.334806
vt 0.999501 0.999498
vt 0.999500 0.000500
vt 0.000500 0.000502
vt 0.000500 0.999500
vt 0.000500 0.999498
vt 0.999500 0.999500
vt 0.999501 0.000502
vt 0.000500 0.000500
vt 0.000500 0.999501
vt 0.999500 0.999501
vt 0.999498 0.999501
vt 0.999498 0.000500
s 1
usemtl stozar
f 2254/854/665 2255/855/666 2256/856/665
f 2254/854/665 2257/857/666 2255/855/666
f 2257/857/666 2258/858/667 2255/855/666
f 2257/857/666 2259/859/667 2258/858/667
f 2260/860/668 2261/861/669 2262/862/668
f 2260/860/668 2263/863/669 2261/861/669
f 2263/863/669 2264/864/670 2261/861/669
f 2263/863/669 2265/865/670 2264/864/670
f 2265/865/670 2266/866/671 2264/864/670
f 2265/865/670 2267/867/671 2266/866/671
f 2267/867/671 2268/868/672 2266/866/671
f 2267/867/671 2269/869/672 2268/868/672
f 2269/869/672 2270/870/673 2268/868/672
f 2269/869/672 2271/871/673 2270/870/673
f 2271/871/673 2272/872/674 2270/870/673
f 2271/871/673 2273/873/674 2272/872/674
f 2273/873/674 2274/874/675 2272/872/674
f 2273/873/674 2275/875/675 2274/874/675
f 2275/875/675 2256/856/665 2274/874/675
f 2275/875/675 2254/854/665 2256/856/665
f 2276/854/676 2277/857/677 2278/876/678
f 2277/857/677 2279/877/679 2278/876/678
f 2277/857/677 2280/859/680 2279/877/679
f 2281/860/681 2282/878/682 2283/879/683
f 2281/860/681 2284/863/684 2282/878/682
f 2284/863/684 2285/880/685 2282/878/682
f 2284/863/684 2286/865/686 2285/880/685
f 2286/865/686 2287/881/687 2285/880/685
f 2288/867/688 2289/869/689 2290/882/690
f 2289/869/689 2291/883/691 2290/882/690
f 2289/869/689 2292/871/692 2291/883/691
f 2292/871/692 2293/884/693 2291/883/691
f 2292/871/692 2294/873/694 2293/884/693
f 2294/873/694 2295/885/695 2293/884/693
f 2294/873/694 2296/875/696 2295/885/695
f 2296/875/696 2297/886/697 2295/885/695
f 2297/886/697 2298/887/698 2299/888/699
f 2297/886/697 2278/876/678 2298/887/698
f 2278/876/678 2300/889/700 2298/887/698
f 2278/876/678 2279/877/679 2300/889/700
f 2283/879/683 2301/890/701 2302/891/702
f 2283/879/683 2282/878/682 2301/890/701
f 2282/878/682 2303/892/703 2301/890/701
f 2282/878/682 2285/880/685 2303/892/703
f 2285/880/685 2304/893/704 2303/892/703
f 2285/880/685 2287/881/687 2304/893/704
f 2287/881/687 2305/894/705 2304/893/704
f 2287/881/687 2290/882/690 2305/894/705
f 2290/882/690 2306/895/706 2305/894/705
f 2290/882/690 2291/883/691 2306/895/706
f 2291/883/691 2309/896/707 2306/895/706
f 2291/883/691 2293/884/693 2309/896/707
f 2293/884/693 2315/897/708 2309/896/707
f 2293/884/693 2295/885/695 2315/897/708
f 2295/885/695 2299/888/699 2315/897/708
f 2295/885/695 2297/886/697 2299/888/699
f 2299/888/699 2298/887/698 2328/898/709
f 2298/887/698 2330/899/710 2328/898/709
f 2298/887/698 2300/889/700 2330/899/710
f 2302/891/702 2336/900/711 2337/901/712
f 2302/891/702 2301/890/701 2336/900/711
f 2301/890/701 2342/902/713 2336/900/711
f 2301/890/701 2303/892/703 2342/902/713
f 2303/892/703 2348/903/714 2342/902/713
f 2304/893/704 2305/894/705 2352/904/715
f 2305/894/705 2354/905/716 2352/904/715
f 2305/894/705 2306/895/706 2354/905/716
f 2306/895/706 2360/906/717 2354/905/716
f 2306/895/706 2309/896/707 2360/906/717
f 2309/896/707 2366/907/718 2360/906/717
f 2309/896/707 2315/897/708 2366/907/718
f 2315/897/708 2372/908/719 2366/907/718
f 2372/908/719 2328/898/709 2376/909/720
f 2328/898/709 2378/910/721 2376/909/720
f 2328/898/709 2330/899/710 2378/910/721
f 2337/901/712 2384/911/722 2385/912/723
f 2337/901/712 2336/900/711 2384/911/722
f 2336/900/711 2390/913/724 2384/911/722
f 2336/900/711 2342/902/713 2390/913/724
f 2342/902/713 2396/914/725 2390/913/724
f 2348/903/714 2352/904/715 2400/915/726
f 2352/904/715 2402/916/727 2400/915/726
f 2352/904/715 2354/905/716 2402/916/727
f 2354/905/716 2408/917/728 2402/916/727
f 2354/905/716 2360/906/717 2408/917/728
f 2360/906/717 2414/918/729 2408/917/728
f 2360/906/717 2366/907/718 2414/918/729
f 2366/907/718 2420/919/730 2414/918/729
f 2420/919/730 2423/920/731 2424/921/732
f 2420/919/730 2376/909/720 2423/920/731
f 2376/909/720 2429/922/733 2423/920/731
f 2376/909/720 2378/910/721 2429/922/733
f 2385/912/723 2435/923/734 2436/924/735
f 2385/912/723 2384/911/722 2435/923/734
f 2384/911/722 2441/925/736 2435/923/734
f 2384/911/722 2390/913/724 2441/925/736
f 2390/913/724 2447/926/737 2441/925/736
f 2390/913/724 2396/914/725 2447/926/737
f 2396/914/725 2453/927/738 2447/926/737
f 2396/914/725 2400/915/726 2453/927/738
f 2400/915/726 2459/928/739 2453/927/738
f 2400/915/726 2402/916/727 2459/928/739
f 2402/916/727 2465/929/740 2459/928/739
f 2402/916/727 2408/917/728 2465/929/740
f 2408/917/728 2471/930/741 2465/929/740
f 2408/917/728 2414/918/729 2471/930/741
f 2414/918/729 2424/921/732 2471/930/741
f 2414/918/729 2420/919/730 2424/921/732
f 2424/921/732 2423/920/731 2484/931/742
f 2423/920/731 2486/932/743 2484/931/742
f 2423/920/731 2429/922/733 2486/932/743
f 2436/924/735 2492/933/744 2493/934/745
f 2436/924/735 2435/923/734 2492/933/744
f 2435/923/734 2498/935/746 2492/933/744
f 2435/923/734 2441/925/736 2498/935/746
f 2441/925/736 2504/936/747 2498/935/746
f 2447/926/737 2453/927/738 2508/937/748
f 2453/927/738 2510/938/749 2508/937/748
f 2453/927/738 2459/928/739 2510/938/749
f 2459/928/739 2516/939/750 2510/938/749
f 2459/928/739 2465/929/740 2516/939/750
f 2465/929/740 2520/940/751 2516/939/750
f 2465/929/740 2471/930/741 2520/940/751
f 2471/930/741 2519/941/752 2520/940/751
f 2519/941/752 2484/931/742 2518/942/753
f 2484/931/742 2517/943/754 2518/942/753
f 2484/931/742 2486/932/743 2517/943/754
f 2493/934/745 2515/944/755 2514/945/756
f 2493/934/745 2492/933/744 2515/944/755
f 2492/933/744 2513/946/757 2515/944/755
f 2492/933/744 2498/935/746 2513/946/757
f 2498/935/746 2512/947/758 2513/946/757
f 2504/936/759 2508/937/748 2511/948/760
f 2508/937/748 2509/949/761 2511/948/760
f 2508/937/748 2510/938/749 2509/949/761
f 2510/938/749 2507/950/762 2509/949/761
f 2510/938/749 2516/939/750 2507/950/762
f 2516/939/750 2506/951/763 2507/950/762
f 2516/939/750 2520/940/751 2506/951/763
f 2520/940/751 2505/952/764 2506/951/763
f 2505/952/764 2503/953/765 2502/954/766
f 2505/952/764 2518/942/753 2503/953/765
f 2518/942/753 2501/955/767 2503/953/765
f 2518/942/753 2517/943/754 2501/955/767
f 2514/945/756 2500/956/768 2499/957/769
f 2514/945/756 2515/944/755 2500/956/768
f 2515/944/755 2497/958/770 2500/956/768
f 2515/944/755 2513/946/757 2497/958/770
f 2513/946/757 2496/959/771 2497/958/770
f 2513/946/757 2512/947/758 2496/959/771
f 2512/947/758 2495/960/772 2496/959/771
f 2512/947/758 2511/948/760 2495/960/772
f 2511/948/760 2494/961/773 2495/960/772
f 2511/948/760 2509/949/761 2494/961/773
f 2509/949/761 2491/962/774 2494/961/773
f 2509/949/761 2507/950/762 2491/962/774
f 2507/950/762 2490/963/775 2491/962/774
f 2507/950/762 2506/951/763 2490/963/775
f 2506/951/763 2502/954/766 2490/963/775
f 2506/951/763 2505/952/764 2502/954/766
f 2502/954/766 2503/953/765 2489/964/776
f 2503/953/765 2488/965/777 2489/964/776
f 2503/953/765 2501/955/767 2488/965/777
f 2499/957/769 2487/966/778 2485/967/779
f 2499/957/769 2500/956/768 2487/966/778
f 2500/956/768 2483/968/780 2487/966/778
f 2500/956/768 2497/958/770 2483/968/780
f 2497/958/770 2482/969/781 2483/968/780
f 2496/959/771 2495/960/772 2481/970/782
f 2495/960/772 2480/971/783 2481/970/782
f 2495/960/772 2494/961/773 2480/971/783
f 2494/961/773 2479/972/784 2480/971/783
f 2494/961/773 2491/962/774 2479/972/784
f 2491/962/774 2478/973/785 2479/972/784
f 2491/962/774 2490/963/775 2478/973/785
f 2490/963/775 2477/974/786 2478/973/785
f 2477/974/786 2476/975/787 2475/976/788
f 2477/974/786 2489/964/776 2476/975/787
f 2489/964/776 2474/977/789 2476/975/787
f 2489/964/776 2488/965/777 2474/977/789
f 2485/967/779 2473/978/790 2472/979/791
f 2485/967/779 2487/966/778 2473/978/790
f 2487/966/778 2470/980/792 2473/978/790
f 2487/966/778 2483/968/780 2470/980/792
f 2483/968/780 2469/981/793 2470/980/792
f 2483/968/780 2482/969/781 2469/981/793
f 2482/969/781 2468/982/794 2469/981/793
f 2482/969/781 2481/970/782 2468/982/794
f 2481/970/782 2467/983/795 2468/982/794
f 2481/970/782 2480/971/783 2467/983/795
f 2480/971/783 2466/984/796 2467/983/795
f 2480/971/783 2479/972/784 2466/984/796
f 2479/972/784 2464/985/797 2466/984/796
f 2479/972/784 2478/973/785 2464/985/797
f 2478/973/785 2475/976/788 2464/985/797
f 2478/973/785 2477/974/786 2475/976/788
f 2463/854/798 2462/855/799 2461/856/798
f 2463/854/798 2460/857/799 2462/855/799
f 2460/857/799 2458/858/800 2462/855/799
f 2460/857/799 2457/859/801 2458/858/800
f 2456/860/802 2455/861/803 2454/862/802
f 2456/860/802 2452/863/804 2455/861/803
f 2452/863/804 2451/864/805 2455/861/803
f 2452/863/804 2450/865/805 2451/864/805
f 2450/865/805 2449/866/668 2451/864/805
f 2450/865/805 2448/867/668 2449/866/668
f 2448/867/668 2446/868/806 2449/866/668
f 2448/867/668 2445/869/806 2446/868/806
f 2445/869/806 2444/870/807 2446/868/806
f 2445/869/806 2443/871/807 2444/870/807
f 2443/871/807 2442/872/808 2444/870/807
f 2443/871/807 2440/873/808 2442/872/808
f 2440/873/808 2439/874/809 2442/872/808
f 2440/873/808 2438/875/809 2439/874/809
f 2438/875/809 2461/856/798 2439/874/809
f 2438/875/809 2463/854/798 2461/856/798
f 2437/986/810 2434/987/811 2433/988/810
f 2437/986/810 2432/989/812 2434/987/811
f 2432/989/812 2431/990/813 2434/987/811
f 2432/989/812 2430/991/813 2431/990/813
f 2430/991/813 2428/992/814 2431/990/813
f 2430/991/813 2427/993/814 2428/992/814
f 2426/994/671 2425/995/815 2422/996/671
f 2426/994/671 2421/997/815 2425/995/815
f 2421/997/815 2419/998/816 2425/995/815
f 2421/997/815 2418/999/816 2419/998/816
f 2418/999/816 2417/1000/817 2419/998/816
f 2418/999/816 2416/1001/818 2417/1000/817
f 2416/1001/818 2415/1002/819 2417/1000/817
f 2416/1001/818 2413/1003/819 2415/1002/819
f 2412/1004/802 2411/1005/802 2410/1006/802
f 2412/1004/802 2410/1006/802 2409/1007/802
f 2412/1004/802 2409/1007/802 2407/1008/802
f 2412/1004/802 2407/1008/802 2406/1009/802
f 2412/1004/802 2406/1009/802 2405/1010/802
f 2412/1004/802 2405/1010/802 2404/1011/802
f 2412/1004/802 2404/1011/802 2403/1012/802
f 2401/1013/820 2399/1014/820 2398/1015/820
f 2398/1015/820 2397/1016/820 2401/1013/820
f 2395/1017/802 2394/1018/802 2393/1019/802
f 2393/1019/802 2392/1020/802 2395/1017/802
f 2391/1021/671 2389/1022/671 2388/1014/671
f 2388/1014/671 2387/1020/671 2391/1021/671
f 2386/1021/798 2383/1023/798 2382/1024/798
f 2382/1024/798 2381/1020/798 2386/1021/798
f 2380/1021/665 2379/1022/665 2377/1014/665
f 2377/1014/665 2375/1020/665 2380/1021/665
f 2374/1021/668 2373/1023/668 2371/1024/668
f 2371/1024/668 2370/1020/668 2374/1021/668
f 2369/1013/820 2368/1014/820 2367/1015/820
f 2367/1015/820 2365/1016/820 2369/1013/820
f 2364/1017/802 2363/1018/802 2362/1019/802
f 2362/1019/802 2361/1020/802 2364/1017/802
f 2359/1021/671 2358/1022/671 2357/1014/671
f 2357/1014/671 2356/1020/671 2359/1021/671
f 2355/1021/798 2353/1023/798 2351/1024/798
f 2351/1024/798 2350/1020/798 2355/1021/798
f 2349/1021/665 2347/1022/665 2346/1014/665
f 2346/1014/665 2345/1020/665 2349/1021/665
f 2344/1021/668 2343/1023/668 2341/1024/668
f 2341/1024/668 2340/1020/668 2344/1021/668
f 2339/986/821 2338/987/822 2335/988/821
f 2339/986/821 2334/989/823 2338/987/822
f 2334/989/823 2333/990/824 2338/987/822
f 2334/989/823 2332/991/824 2333/990/824
f 2332/991/824 2331/992/825 2333/990/824
f 2332/991/824 2329/993/825 2331/992/825
f 2327/994/665 2326/995/826 2325/996/665
f 2327/994/665 2324/997/826 2326/995/826
f 2324/997/826 2323/998/827 2326/995/826
f 2324/997/826 2322/999/827 2323/998/827
f 2322/999/827 2321/1000/828 2323/998/827
f 2322/999/827 2320/1001/829 2321/1000/828
f 2320/1001/829 2319/1002/830 2321/1000/828
f 2320/1001/829 2318/1003/830 2319/1002/830
f 2317/1004/802 2316/1005/802 2314/1006/802
f 2317/1004/802 2314/1006/802 2313/1007/802
f 2317/1004/802 2313/1007/802 2312/1008/802
f 2317/1004/802 2312/1008/802 2311/1009/802
f 2317/1004/802 2311/1009/802 2310/1010/802
f 2317/1004/802 2310/1010/802 2308/1011/802
f 2317/1004/802 2308/1011/802 2307/1012/802
o svetlo_stinidlo_long_30
v -0.066029 1.231421 0.237714
v -0.095949 1.214296 0.511566
v -0.073039 1.247673 0.237714
v 0.065455 1.231739 0.237714
v -0.091639 1.194370 0.511339
v 0.090919 1.194437 0.511339
v 0.094716 1.194915 0.609228
v -0.102905 1.212794 0.609454
v 0.095164 1.194516 0.622218
v 0.095714 1.194198 0.622218
v -0.095078 1.194061 0.609228
v 0.095266 1.194597 0.609228
v 0.091470 1.194119 0.511339
v -0.107846 1.216363 0.654360
v 0.066005 1.231421 0.237714
v 0.094991 1.194756 0.594478
v -0.096780 1.194198 0.622218
v -0.065479 1.231739 0.237714
v -0.096780 1.194198 0.622218
v -0.107238 1.216545 0.654360
v -0.107846 1.216363 0.654360
v -0.091089 1.194688 0.511339
v -0.096230 1.194516 0.622218
v -0.094528 1.194378 0.609228
v -0.096230 1.194516 0.622218
v -0.102296 1.212976 0.609454
v -0.107238 1.216545 0.654360
v -0.096230 1.194516 0.622218
v -0.094528 1.194378 0.609228
v -0.096780 1.194198 0.622218
v -0.095078 1.194061 0.609228
v -0.095340 1.214479 0.511566
v -0.066029 1.231421 0.237714
v -0.091639 1.194370 0.511339
v -0.091089 1.194688 0.511339
v -0.094804 1.194220 0.594478
v 0.065455 1.231739 0.237714
v -0.072431 1.247855 0.237714
v 0.066005 1.231421 0.237714
v 0.065455 1.231739 0.237714
v -0.065479 1.231739 0.237714
v 0.090919 1.194437 0.511339
v -0.065479 1.231739 0.237714
v -0.073039 1.247673 0.237714
v -0.072431 1.247855 0.237714
v 0.095164 1.194516 0.622218
v -0.066029 1.231421 0.237714
v 0.094716 1.194915 0.609228
v 0.095714 1.194198 0.622218
v -0.099604 1.235498 0.511566
v -0.076113 1.265104 0.237714
v 0.095164 1.194516 0.622218
v 0.095714 1.194198 0.622218
v 0.095266 1.194597 0.609228
v 0.066005 1.231421 0.237714
v -0.106492 1.232823 0.609454
v 0.091470 1.194119 0.511339
v 0.072407 1.247855 0.237714
v 0.073016 1.247673 0.237714
v 0.072407 1.247855 0.237714
v 0.095360 1.214683 0.511566
v -0.111418 1.235410 0.671281
v 0.106241 1.216545 0.654360
v 0.102246 1.213390 0.609454
v 0.106850 1.216363 0.654360
v 0.106241 1.216545 0.654360
v 0.106850 1.216363 0.654360
v -0.110784 1.235447 0.671281
v -0.111418 1.235410 0.671281
v 0.102854 1.213208 0.609454
v 0.073016 1.247673 0.237714
v 0.095968 1.214500 0.511566
v 0.075455 1.265141 0.237714
v -0.105857 1.232860 0.609454
v -0.110784 1.235447 0.671281
v 0.076089 1.265104 0.237714
v 0.075455 1.265141 0.237714
v 0.099129 1.235950 0.511566
v 0.110761 1.235448 0.671281
v -0.098970 1.235535 0.511566
v 0.105875 1.232401 0.609454
v 0.111395 1.235411 0.671281
v 0.110761 1.235448 0.671281
v 0.111395 1.235411 0.671281
v 0.106509 1.232364 0.609454
v -0.075479 1.265141 0.237714
v 0.076089 1.265104 0.237714
v 0.099763 1.235913 0.511566
v 0.074435 1.282663 0.237714
v 0.075060 1.282773 0.237714
v 0.074435 1.282663 0.237714
v -0.076113 1.265104 0.237714
v -0.075479 1.265141 0.237714
v 0.097864 1.257416 0.511566
v 0.104458 1.255178 0.685087
v 0.104613 1.253038 0.609454
v 0.105083 1.255288 0.685087
v -0.098576 1.257668 0.511566
v -0.075084 1.282773 0.237714
v 0.104458 1.255178 0.685087
v 0.105083 1.255288 0.685087
v 0.105239 1.253149 0.609454
v 0.075060 1.282773 0.237714
v -0.105257 1.253012 0.609454
v 0.098490 1.257526 0.511566
v 0.069401 1.299478 0.237714
v 0.069984 1.299729 0.237714
v 0.069401 1.299478 0.237714
v 0.091729 1.277974 0.511566
v -0.105107 1.255288 0.685087
v 0.094216 1.273356 0.692036
v 0.097518 1.273801 0.609454
v 0.094800 1.273608 0.692036
v 0.094216 1.273356 0.692036
v 0.094800 1.273608 0.692036
v -0.104481 1.255178 0.685087
v -0.105107 1.255288 0.685087
v 0.098101 1.274053 0.609454
v 0.069984 1.299729 0.237714
v 0.092312 1.278225 0.511566
v 0.060624 1.314678 0.237714
v -0.104631 1.252902 0.609454
v -0.104481 1.255178 0.685087
v 0.061134 1.315058 0.237714
v 0.060624 1.314678 0.237714
v 0.080992 1.296595 0.511566
v 0.080261 1.290510 0.692036
v -0.097950 1.257558 0.511566
v 0.085010 1.292214 0.609454
v 0.080770 1.290890 0.692036
v 0.080261 1.290510 0.692036
v 0.080770 1.290890 0.692036
v 0.085520 1.292594 0.609454
v -0.074458 1.282663 0.237714
v 0.061134 1.315058 0.237714
v 0.081501 1.296975 0.511566
v 0.048579 1.327445 0.237714
v 0.048988 1.327932 0.237714
v 0.048579 1.327445 0.237714
v -0.075084 1.282773 0.237714
v -0.074458 1.282663 0.237714
v 0.065268 1.312161 0.511566
v 0.062977 1.304386 0.692036
v 0.068211 1.309481 0.609454
v 0.063386 1.304872 0.692036
v -0.092303 1.278290 0.511566
v -0.070007 1.299729 0.237714
v 0.062977 1.304386 0.692036
v 0.063386 1.304872 0.692036
v 0.068619 1.309968 0.609454
v 0.048988 1.327932 0.237714
v -0.098208 1.274284 0.609454
v 0.065676 1.312647 0.511566
v 0.033915 1.337090 0.237714
v 0.034200 1.337658 0.237714
v 0.033915 1.337090 0.237714
v 0.045316 1.323878 0.511566
v -0.094823 1.273608 0.692036
v 0.043525 1.315405 0.692036
v 0.046744 1.320564 0.609454
v 0.043810 1.315974 0.692036
v 0.043525 1.315405 0.692036
v 0.043810 1.315974 0.692036
v -0.094240 1.273356 0.692036
v -0.094823 1.273608 0.692036
v 0.047030 1.321131 0.609454
v 0.034200 1.337658 0.237714
v 0.045602 1.324445 0.511566
v 0.017421 1.343093 0.237714
v -0.097625 1.274032 0.609454
v -0.094240 1.273356 0.692036
v 0.017568 1.343711 0.237714
v 0.017421 1.343093 0.237714
v 0.023416 1.331308 0.511566
v 0.021901 1.323096 0.692036
v -0.091719 1.278039 0.511566
v 0.024425 1.327195 0.609454
v 0.022048 1.323714 0.692036
v 0.021901 1.323096 0.692036
v 0.022048 1.323714 0.692036
v 0.024571 1.327813 0.609454
v -0.069424 1.299478 0.237714
v 0.017568 1.343711 0.237714
v 0.023562 1.331927 0.511566
v -0.000012 1.345131 0.237714
v -0.000012 1.345766 0.237714
v -0.000012 1.345131 0.237714
v -0.070007 1.299729 0.237714
v -0.069424 1.299478 0.237714
v 0.000006 1.333756 0.511566
v -0.000012 1.326061 0.692036
v -0.000005 1.329522 0.609454
v -0.000012 1.326697 0.692036
v -0.081705 1.296797 0.511566
v -0.061158 1.315058 0.237714
v -0.000012 1.326061 0.692036
v -0.000012 1.326697 0.692036
v -0.000005 1.330157 0.609454
v -0.000012 1.345766 0.237714
v -0.085544 1.292754 0.609454
v 0.000006 1.334391 0.511566
v -0.017445 1.343093 0.237714
v -0.017592 1.343711 0.237714
v -0.017445 1.343093 0.237714
v -0.023558 1.331345 0.511566
v -0.080794 1.290890 0.692036
v -0.021925 1.323096 0.692036
v -0.024362 1.327268 0.609454
v -0.022071 1.323714 0.692036
v -0.021925 1.323096 0.692036
v -0.022071 1.323714 0.692036
v -0.080284 1.290510 0.692036
v -0.080794 1.290890 0.692036
v -0.024509 1.327887 0.609454
v -0.017592 1.343711 0.237714
v -0.023705 1.331964 0.511566
v -0.033938 1.337090 0.237714
v -0.085034 1.292374 0.609454
v -0.080284 1.290510 0.692036
v -0.034224 1.337658 0.237714
v -0.033938 1.337090 0.237714
v -0.045099 1.324113 0.511566
v -0.043549 1.315405 0.692036
v -0.081195 1.296417 0.511566
v -0.046631 1.320353 0.609454
v -0.043834 1.315974 0.692036
v -0.043549 1.315405 0.692036
v -0.043834 1.315974 0.692036
v -0.046916 1.320920 0.609454
v -0.060648 1.314678 0.237714
v -0.034224 1.337658 0.237714
v -0.045384 1.324680 0.511566
v -0.048603 1.327445 0.237714
v -0.049011 1.327932 0.237714
v -0.048603 1.327445 0.237714
v -0.061158 1.315058 0.237714
v -0.060648 1.314678 0.237714
v -0.065225 1.312107 0.511566
v -0.063001 1.304386 0.692036
v -0.067997 1.309690 0.609454
v -0.063409 1.304872 0.692036
v -0.065634 1.312593 0.511566
v -0.049011 1.327932 0.237714
v -0.063001 1.304386 0.692036
v -0.063409 1.304872 0.692036
v -0.068406 1.310176 0.609454
vn -0.9145 -0.3851 -0.1240
vn -0.9770 -0.1921 -0.0922
vn -0.9538 -0.2783 -0.1136
vn -0.9708 -0.2214 -0.0926
vn -0.9589 -0.2761 -0.0651
vn -0.9263 -0.3721 -0.0591
vn -0.9844 -0.1456 -0.0987
vn -0.9471 -0.2974 -0.1210
vn 0.3952 -0.6889 0.6076
vn 0.2112 -0.7025 0.6796
vn 0.2088 -0.7020 0.6809
vn 0.3970 -0.6880 0.6075
vn 0.9256 0.3673 0.0913
vn 0.9566 0.2795 0.0824
vn 0.9820 0.1723 0.0772
vn 0.9239 0.3717 0.0907
vn 0.9774 0.1954 0.0803
vn 0.9746 0.2126 0.0706
vn 0.9543 0.2739 0.1197
vn 0.9094 0.3923 0.1382
vn -0.0000 -0.0000 -1.0000
vn -0.9946 -0.0641 -0.0815
vn -0.9945 -0.0506 -0.0913
vn -0.9972 -0.0476 -0.0577
vn -0.9684 0.2322 -0.0913
vn 0.0372 -0.6183 0.7851
vn 0.0352 -0.6235 0.7810
vn 0.9953 0.0574 0.0782
vn 0.9846 -0.1714 0.0337
vn 0.9945 0.0647 0.0820
vn 0.9946 0.0502 0.0909
vn -0.9836 0.1690 -0.0627
vn -0.9812 0.1810 -0.0674
vn -0.9810 0.1927 -0.0216
vn -0.9047 0.4250 -0.0308
vn -0.0741 -0.4269 0.9013
vn -0.0810 -0.4567 0.8859
vn 0.9792 -0.1975 0.0471
vn 0.9128 -0.4079 -0.0195
vn 0.9836 -0.1683 0.0647
vn 0.9813 -0.1806 0.0672
vn -0.9168 0.3975 -0.0374
vn -0.9143 0.4027 -0.0431
vn -0.8962 0.4437 0.0053
vn -0.8302 0.5571 0.0202
vn -0.0557 -0.1305 0.9899
vn -0.0714 -0.1651 0.9837
vn 0.8949 -0.4462 0.0048
vn 0.8270 -0.5600 -0.0488
vn 0.9174 -0.3956 0.0428
vn 0.9142 -0.4029 0.0430
vn -0.7932 0.6088 -0.0134
vn -0.7971 0.6036 -0.0180
vn -0.7716 0.6355 0.0294
vn -0.7083 0.7043 0.0476
vn -0.0000 -0.0000 1.0000
vn 0.7702 -0.6374 -0.0218
vn 0.7094 -0.7012 -0.0710
vn 0.7912 -0.6113 0.0157
vn 0.7977 -0.6028 0.0195
vn -0.6105 0.7920 0.0080
vn -0.6372 0.7707 0.0064
vn -0.5908 0.8057 0.0430
vn -0.5685 0.8194 0.0731
vn 0.5876 -0.8080 -0.0421
vn 0.5550 -0.8280 -0.0804
vn 0.6131 -0.7900 -0.0060
vn 0.6374 -0.7706 -0.0031
vn -0.4182 0.9079 0.0276
vn -0.4443 0.8955 0.0254
vn -0.3781 0.9247 0.0432
vn -0.4098 0.9090 0.0759
vn 0.3760 -0.9251 -0.0536
vn 0.4110 -0.9093 -0.0650
vn 0.4161 -0.9090 -0.0238
vn 0.4438 -0.8958 -0.0226
vn -0.2117 0.9766 0.0382
vn -0.2278 0.9730 0.0373
vn -0.1991 0.9790 0.0438
vn -0.2309 0.9711 0.0606
vn 0.1984 -0.9788 -0.0501
vn 0.2307 -0.9717 -0.0507
vn 0.2110 -0.9768 -0.0371
vn 0.2276 -0.9731 -0.0357
vn 0.0006 0.9991 0.0416
vn -0.0003 0.9992 0.0410
vn 0.0026 0.9990 0.0442
vn 0.0039 0.9989 0.0470
vn 0.0001 -0.9990 -0.0444
vn 0.0037 -0.9989 -0.0467
vn -0.0016 -0.9991 -0.0417
vn -0.0004 -0.9992 -0.0409
vn 0.2131 0.9764 0.0363
vn 0.2277 0.9731 0.0360
vn 0.1944 0.9796 0.0504
vn 0.2308 0.9717 0.0504
vn -0.1947 -0.9799 -0.0427
vn -0.2298 -0.9713 -0.0613
vn -0.2141 -0.9761 -0.0382
vn -0.2279 -0.9730 -0.0374
vn 0.4154 0.9094 0.0231
vn 0.4436 0.8959 0.0228
vn 0.3772 0.9246 0.0531
vn 0.4102 0.9096 0.0666
vn -0.3781 -0.9248 -0.0432
vn -0.4106 -0.9085 -0.0774
vn -0.4159 -0.9090 -0.0267
vn -0.4443 -0.8955 -0.0256
vn 0.6122 0.7907 0.0066
vn 0.6374 0.7705 0.0029
vn 0.5951 0.8026 0.0410
vn 0.5563 0.8270 0.0816
vn -0.5979 -0.8004 -0.0442
vn -0.5681 -0.8198 -0.0721
vn -0.6096 -0.7927 -0.0075
vn -0.6371 -0.7708 -0.0064
vn 0.7915 0.6109 -0.0150
vn 0.7977 0.6028 -0.0195
vn 0.7737 0.6332 0.0211
vn 0.7104 0.7003 0.0702
vn -0.7745 -0.6319 -0.0297
vn -0.7079 -0.7048 -0.0457
vn -0.7933 -0.6087 0.0132
vn -0.7971 -0.6035 0.0180
vn 0.9177 0.3950 -0.0426
vn 0.9143 0.4028 -0.0429
vn 0.8942 0.4477 -0.0048
vn 0.8279 0.5590 0.0470
vn 0.0565 -0.1310 0.9898
vn 0.0711 -0.1666 0.9835
vn -0.8952 -0.4457 -0.0047
vn -0.8289 -0.5591 -0.0189
vn -0.9174 -0.3962 0.0369
vn -0.9143 -0.4028 0.0429
vn 0.9831 0.1716 -0.0644
vn 0.9812 0.1809 -0.0673
vn 0.9784 0.2014 -0.0468
vn 0.9130 0.4075 0.0185
vn 0.0758 -0.4264 0.9014
vn 0.0796 -0.4581 0.8853
vn -0.9801 -0.1974 0.0217
vn -0.9041 -0.4261 0.0305
vn -0.9830 -0.1729 0.0623
vn -0.9812 -0.1809 0.0673
vn 0.9948 -0.0609 -0.0811
vn 0.9945 -0.0504 -0.0913
vn 0.9950 -0.0661 -0.0742
vn 0.9873 0.1556 -0.0323
vn -0.0352 -0.6181 0.7854
vn -0.0372 -0.6227 0.7816
vn -0.9970 0.0539 0.0564
vn -0.9705 -0.2244 0.0888
vn -0.9948 0.0604 0.0816
vn -0.9945 0.0504 0.0913
vn 0.9765 -0.2000 -0.0807
vn 0.9543 -0.2739 -0.1196
vn 0.9558 -0.2863 -0.0672
vn 0.9741 -0.2158 -0.0674
vn -0.2084 -0.7013 0.6817
vn -0.2095 -0.6978 0.6849
vn -0.9583 0.2795 0.0591
vn -0.9753 0.2088 0.0716
vn -0.9763 0.1960 0.0921
vn -0.9537 0.2785 0.1137
vn 0.9733 -0.2180 -0.0718
vn 0.9094 -0.3923 -0.1381
vn 0.9290 -0.3660 -0.0547
vn 0.9233 -0.3807 -0.0504
vn -0.3949 -0.6867 0.6103
vn -0.3965 -0.6858 0.6103
vn -0.9240 0.3799 0.0429
vn -0.9168 0.3971 0.0438
vn -0.9704 0.2233 0.0923
vn -0.9145 0.3852 0.1239
vn 0.0001 -0.0000 -1.0000
vn 0.9953 -0.0897 0.0352
vn 0.9233 -0.3826 0.0345
vn 0.5100 -0.8588 -0.0484
vn 0.1883 0.9820 0.0141
vn 0.5226 -0.8518 0.0366
vn 0.4795 -0.8769 0.0340
vn 0.0051 -0.9999 0.0106
vn -0.9360 0.3499 -0.0399
vn 0.4873 -0.8717 -0.0516
vn -0.9605 -0.2757 0.0377
vn -0.5113 -0.8581 -0.0466
vn -0.9428 -0.3306 0.0425
vn 0.7786 0.6274 -0.0078
vn -0.4973 -0.8676 -0.0045
vn -0.5032 -0.8642 -0.0043
vn -0.6073 -0.7945 -0.0028
vn 0.9538 0.2967 -0.0479
vn -0.4861 -0.8725 -0.0502
vt 0.204007 0.000499
vt 0.069856 0.602667
vt 0.172575 0.000499
vt 0.089182 0.602169
vt 0.038670 0.817912
vt 0.073760 0.817414
vt 0.016514 0.916655
vt 0.066131 0.845978
vt 0.019242 0.916655
vt 0.068597 0.845978
vt 0.041399 0.817912
vt 0.076227 0.817414
vt 0.072585 0.602667
vt 0.091648 0.602169
vt 0.175304 0.000499
vt 0.206473 0.000499
vt 0.053469 0.602667
vt 0.158795 0.000499
vt 0.022589 0.817912
vt 0.000500 0.953861
vt 0.003343 0.953861
vt 0.025432 0.817912
vt 0.056312 0.602667
vt 0.161638 0.000499
vt 0.058079 0.602667
vt 0.163409 0.000499
vt 0.028126 0.817912
vt 0.028798 0.984221
vt 0.031603 0.984221
vt 0.030930 0.817912
vt 0.060883 0.602667
vt 0.166214 0.000499
vt 0.086205 0.602667
vt 0.186169 0.000499
vt 0.059729 0.817912
vt 0.074907 0.999501
vt 0.077522 0.999501
vt 0.062344 0.817912
vt 0.088820 0.602667
vt 0.188784 0.000499
vt 0.133722 0.602667
vt 0.225848 0.000499
vt 0.116509 0.817912
vt 0.137806 0.999500
vt 0.140091 0.999500
vt 0.118794 0.817912
vt 0.136006 0.602667
vt 0.228132 0.000499
vt 0.205778 0.602667
vt 0.280306 0.000499
vt 0.193350 0.817912
vt 0.215752 0.999500
vt 0.217583 0.999500
vt 0.195180 0.817912
vt 0.207609 0.602667
vt 0.282137 0.000499
vt 0.296569 0.602667
vt 0.346608 0.000499
vt 0.289699 0.817912
vt 0.303521 0.999500
vt 0.304799 0.999500
vt 0.290977 0.817912
vt 0.297847 0.602667
vt 0.347886 0.000499
vt 0.393769 0.602667
vt 0.421179 0.000499
vt 0.390165 0.817912
vt 0.401095 0.999500
vt 0.401752 0.999500
vt 0.390821 0.817912
vt 0.394426 0.602667
vt 0.421836 0.000499
vt 0.500081 0.602667
vt 0.500000 0.000499
vt 0.500029 0.817912
vt 0.500000 0.999500
vt 0.605695 0.602667
vt 0.578821 0.000499
vt 0.610221 0.817912
vt 0.598905 0.999500
vt 0.598248 0.999500
vt 0.609564 0.817912
vt 0.605038 0.602667
vt 0.578164 0.000499
vt 0.704510 0.602667
vt 0.653392 0.000499
vt 0.710915 0.817912
vt 0.696479 0.999500
vt 0.695201 0.999500
vt 0.709636 0.817912
vt 0.703232 0.602667
vt 0.652114 0.000499
vt 0.794516 0.602667
vt 0.719694 0.000499
vt 0.807714 0.817912
vt 0.784248 0.999500
vt 0.782417 0.999500
vt 0.805883 0.817912
vt 0.792685 0.602667
vt 0.717863 0.000499
vt 0.865470 0.602667
vt 0.774152 0.000499
vt 0.883485 0.817912
vt 0.862193 0.999500
vt 0.859909 0.999500
vt 0.881201 0.817912
vt 0.863186 0.602667
vt 0.771868 0.000499
vt 0.913942 0.602667
vt 0.813831 0.000499
vt 0.939896 0.817912
vt 0.925093 0.999501
vt 0.922478 0.999501
vt 0.937281 0.817912
vt 0.911326 0.602667
vt 0.811216 0.000499
vt 0.941639 0.602667
vt 0.836591 0.000499
vt 0.971899 0.817912
vt 0.971202 0.984221
vt 0.968397 0.984221
vt 0.969094 0.817912
vt 0.938835 0.602667
vt 0.833786 0.000499
vt 0.947349 0.602667
vt 0.841205 0.000499
vt 0.977596 0.817912
vt 0.999501 0.953861
vt 0.996657 0.953861
vt 0.974752 0.817912
vt 0.944506 0.602667
vt 0.838362 0.000499
vt 0.930335 0.602667
vt 0.827425 0.000499
vt 0.961208 0.817912
vt 0.979122 0.916655
vt 0.976393 0.916655
vt 0.958479 0.817912
vt 0.927606 0.602667
vt 0.824696 0.000499
vt 0.910163 0.602169
vt 0.795993 0.000499
vt 0.927184 0.817414
vt 0.929194 0.845978
vt 0.926727 0.845978
vt 0.924718 0.817414
vt 0.907697 0.602169
vt 0.793526 0.000499
vt 0.074993 0.784981
vt 0.925951 0.784981
s 1
usemtl cerna_ksilt
f 2521/1025/831 2522/1026/832 2523/1027/833
f 2521/1025/831 2525/1028/834 2522/1026/832
f 2525/1028/834 2528/1029/835 2522/1026/832
f 2525/1028/834 2531/1030/836 2528/1029/835
f 2531/1030/836 2534/1031/837 2528/1029/835
f 2531/1030/836 2537/1032/838 2534/1031/837
f 2539/1032/839 2540/1033/840 2541/1031/841
f 2539/1032/839 2543/1034/842 2540/1033/840
f 2545/1034/843 2546/1035/844 2547/1033/845
f 2545/1034/843 2549/1036/846 2546/1035/844
f 2549/1036/846 2552/1037/847 2546/1035/844
f 2549/1036/846 2555/1038/848 2552/1037/847
f 2555/1038/848 2558/1039/849 2552/1037/847
f 2555/1038/848 2561/1040/850 2558/1039/849
f 2563/1040/851 2564/1027/851 2565/1039/851
f 2563/1040/851 2567/1025/851 2564/1027/851
f 2523/1027/833 2570/1041/852 2571/1042/853
f 2523/1027/833 2522/1026/832 2570/1041/852
f 2522/1026/832 2576/1043/854 2570/1041/852
f 2522/1026/832 2528/1029/835 2576/1043/854
f 2528/1029/835 2582/1044/855 2576/1043/854
f 2528/1029/835 2534/1031/837 2582/1044/855
f 2541/1031/841 2588/1045/856 2589/1044/857
f 2541/1031/841 2540/1033/840 2588/1045/856
f 2547/1033/845 2594/1046/858 2595/1045/859
f 2547/1033/845 2546/1035/844 2594/1046/858
f 2546/1035/844 2600/1047/860 2594/1046/858
f 2546/1035/844 2552/1037/847 2600/1047/860
f 2552/1037/847 2606/1048/861 2600/1047/860
f 2552/1037/847 2558/1039/849 2606/1048/861
f 2565/1039/851 2612/1042/851 2613/1048/851
f 2565/1039/851 2564/1027/851 2612/1042/851
f 2571/1042/853 2618/1049/862 2619/1050/863
f 2571/1042/853 2570/1041/852 2618/1049/862
f 2570/1041/852 2624/1051/864 2618/1049/862
f 2570/1041/852 2576/1043/854 2624/1051/864
f 2576/1043/854 2630/1052/865 2624/1051/864
f 2576/1043/854 2582/1044/855 2630/1052/865
f 2589/1044/857 2636/1053/866 2637/1052/867
f 2589/1044/857 2588/1045/856 2636/1053/866
f 2595/1045/859 2642/1054/868 2643/1053/869
f 2595/1045/859 2594/1046/858 2642/1054/868
f 2594/1046/858 2648/1055/870 2642/1054/868
f 2594/1046/858 2600/1047/860 2648/1055/870
f 2600/1047/860 2654/1056/871 2648/1055/870
f 2600/1047/860 2606/1048/861 2654/1056/871
f 2613/1048/851 2660/1050/851 2661/1056/851
f 2613/1048/851 2612/1042/851 2660/1050/851
f 2619/1050/863 2666/1057/872 2667/1058/873
f 2619/1050/863 2618/1049/862 2666/1057/872
f 2618/1049/862 2672/1059/874 2666/1057/872
f 2618/1049/862 2624/1051/864 2672/1059/874
f 2624/1051/864 2678/1060/875 2672/1059/874
f 2624/1051/864 2630/1052/865 2678/1060/875
f 2637/1052/867 2684/1061/876 2685/1060/877
f 2637/1052/867 2636/1053/866 2684/1061/876
f 2643/1053/869 2690/1062/878 2691/1061/879
f 2643/1053/869 2642/1054/868 2690/1062/878
f 2642/1054/868 2696/1063/880 2690/1062/878
f 2642/1054/868 2648/1055/870 2696/1063/880
f 2648/1055/870 2702/1064/881 2696/1063/880
f 2648/1055/870 2654/1056/871 2702/1064/881
f 2661/1056/851 2708/1058/851 2709/1064/851
f 2661/1056/851 2660/1050/851 2708/1058/851
f 2667/1058/873 2714/1065/882 2715/1066/883
f 2667/1058/873 2666/1057/872 2714/1065/882
f 2666/1057/872 2720/1067/884 2714/1065/882
f 2666/1057/872 2672/1059/874 2720/1067/884
f 2672/1059/874 2726/1068/885 2720/1067/884
f 2672/1059/874 2678/1060/875 2726/1068/885
f 2685/1060/877 2732/1069/886 2733/1068/886
f 2685/1060/877 2684/1061/876 2732/1069/886
f 2691/1061/879 2738/1070/887 2739/1069/888
f 2691/1061/879 2690/1062/878 2738/1070/887
f 2690/1062/878 2744/1071/889 2738/1070/887
f 2690/1062/878 2696/1063/880 2744/1071/889
f 2696/1063/880 2750/1072/890 2744/1071/889
f 2696/1063/880 2702/1064/881 2750/1072/890
f 2709/1064/851 2756/1066/851 2757/1072/851
f 2709/1064/851 2708/1058/851 2756/1066/851
f 2715/1066/883 2762/1073/891 2763/1074/892
f 2715/1066/883 2714/1065/882 2762/1073/891
f 2714/1065/882 2766/1075/893 2762/1073/891
f 2714/1065/882 2720/1067/884 2766/1075/893
f 2720/1067/884 2765/1076/894 2766/1075/893
f 2720/1067/884 2726/1068/885 2765/1076/894
f 2733/1068/886 2764/1077/886 2761/1076/886
f 2733/1068/886 2732/1069/886 2764/1077/886
f 2739/1069/888 2760/1078/895 2759/1077/896
f 2739/1069/888 2738/1070/887 2760/1078/895
f 2738/1070/887 2758/1079/897 2760/1078/895
f 2738/1070/887 2744/1071/889 2758/1079/897
f 2744/1071/889 2755/1080/898 2758/1079/897
f 2744/1071/889 2750/1072/890 2755/1080/898
f 2757/1072/851 2754/1074/851 2753/1080/851
f 2757/1072/851 2756/1066/851 2754/1074/851
f 2763/1074/892 2752/1081/899 2751/1082/900
f 2763/1074/892 2762/1073/891 2752/1081/899
f 2762/1073/891 2749/1083/901 2752/1081/899
f 2762/1073/891 2766/1075/893 2749/1083/901
f 2766/1075/893 2748/1084/902 2749/1083/901
f 2766/1075/893 2765/1076/894 2748/1084/902
f 2761/1076/886 2747/1085/886 2746/1084/886
f 2761/1076/886 2764/1077/886 2747/1085/886
f 2759/1077/896 2745/1086/903 2743/1085/904
f 2759/1077/896 2760/1078/895 2745/1086/903
f 2760/1078/895 2742/1087/905 2745/1086/903
f 2760/1078/895 2758/1079/897 2742/1087/905
f 2758/1079/897 2741/1088/906 2742/1087/905
f 2758/1079/897 2755/1080/898 2741/1088/906
f 2753/1080/851 2740/1082/851 2737/1088/851
f 2753/1080/851 2754/1074/851 2740/1082/851
f 2751/1082/900 2736/1089/907 2735/1090/908
f 2751/1082/900 2752/1081/899 2736/1089/907
f 2752/1081/899 2734/1091/909 2736/1089/907
f 2752/1081/899 2749/1083/901 2734/1091/909
f 2749/1083/901 2731/1092/910 2734/1091/909
f 2749/1083/901 2748/1084/902 2731/1092/910
f 2746/1084/886 2730/1093/886 2729/1092/886
f 2746/1084/886 2747/1085/886 2730/1093/886
f 2743/1085/904 2728/1094/911 2727/1093/912
f 2743/1085/904 2745/1086/903 2728/1094/911
f 2745/1086/903 2725/1095/913 2728/1094/911
f 2745/1086/903 2742/1087/905 2725/1095/913
f 2742/1087/905 2724/1096/914 2725/1095/913
f 2742/1087/905 2741/1088/906 2724/1096/914
f 2737/1088/851 2723/1090/851 2722/1096/851
f 2737/1088/851 2740/1082/851 2723/1090/851
f 2735/1090/908 2721/1097/915 2719/1098/916
f 2735/1090/908 2736/1089/907 2721/1097/915
f 2736/1089/907 2718/1099/917 2721/1097/915
f 2736/1089/907 2734/1091/909 2718/1099/917
f 2734/1091/909 2717/1100/918 2718/1099/917
f 2734/1091/909 2731/1092/910 2717/1100/918
f 2729/1092/886 2716/1100/886 2713/1100/886
f 2729/1092/886 2730/1093/886 2716/1100/886
f 2727/1093/912 2712/1099/919 2711/1100/920
f 2727/1093/912 2728/1094/911 2712/1099/919
f 2728/1094/911 2710/1097/921 2712/1099/919
f 2728/1094/911 2725/1095/913 2710/1097/921
f 2725/1095/913 2707/1098/922 2710/1097/921
f 2725/1095/913 2724/1096/914 2707/1098/922
f 2722/1096/851 2706/1098/851 2705/1098/851
f 2722/1096/851 2723/1090/851 2706/1098/851
f 2719/1098/916 2704/1101/923 2703/1102/924
f 2719/1098/916 2721/1097/915 2704/1101/923
f 2721/1097/915 2701/1103/925 2704/1101/923
f 2721/1097/915 2718/1099/917 2701/1103/925
f 2718/1099/917 2700/1104/926 2701/1103/925
f 2718/1099/917 2717/1100/918 2700/1104/926
f 2713/1100/886 2699/1105/886 2698/1104/886
f 2713/1100/886 2716/1100/886 2699/1105/886
f 2711/1100/920 2697/1106/927 2695/1105/928
f 2711/1100/920 2712/1099/919 2697/1106/927
f 2712/1099/919 2694/1107/929 2697/1106/927
f 2712/1099/919 2710/1097/921 2694/1107/929
f 2710/1097/921 2693/1108/930 2694/1107/929
f 2710/1097/921 2707/1098/922 2693/1108/930
f 2705/1098/851 2692/1102/851 2689/1108/851
f 2705/1098/851 2706/1098/851 2692/1102/851
f 2703/1102/924 2688/1109/931 2687/1110/932
f 2703/1102/924 2704/1101/923 2688/1109/931
f 2704/1101/923 2686/1111/933 2688/1109/931
f 2704/1101/923 2701/1103/925 2686/1111/933
f 2701/1103/925 2683/1112/934 2686/1111/933
f 2701/1103/925 2700/1104/926 2683/1112/934
f 2698/1104/886 2682/1113/886 2681/1112/886
f 2698/1104/886 2699/1105/886 2682/1113/886
f 2695/1105/928 2680/1114/935 2679/1113/936
f 2695/1105/928 2697/1106/927 2680/1114/935
f 2697/1106/927 2677/1115/937 2680/1114/935
f 2697/1106/927 2694/1107/929 2677/1115/937
f 2694/1107/929 2676/1116/938 2677/1115/937
f 2694/1107/929 2693/1108/930 2676/1116/938
f 2689/1108/851 2675/1110/851 2674/1116/851
f 2689/1108/851 2692/1102/851 2675/1110/851
f 2687/1110/932 2673/1117/939 2671/1118/940
f 2687/1110/932 2688/1109/931 2673/1117/939
f 2688/1109/931 2670/1119/941 2673/1117/939
f 2688/1109/931 2686/1111/933 2670/1119/941
f 2686/1111/933 2669/1120/942 2670/1119/941
f 2686/1111/933 2683/1112/934 2669/1120/942
f 2681/1112/886 2668/1121/886 2665/1120/886
f 2681/1112/886 2682/1113/886 2668/1121/886
f 2679/1113/936 2664/1122/943 2663/1121/944
f 2679/1113/936 2680/1114/935 2664/1122/943
f 2680/1114/935 2662/1123/945 2664/1122/943
f 2680/1114/935 2677/1115/937 2662/1123/945
f 2677/1115/937 2659/1124/946 2662/1123/945
f 2677/1115/937 2676/1116/938 2659/1124/946
f 2674/1116/851 2658/1118/851 2657/1124/851
f 2674/1116/851 2675/1110/851 2658/1118/851
f 2671/1118/940 2656/1125/947 2655/1126/948
f 2671/1118/940 2673/1117/939 2656/1125/947
f 2673/1117/939 2653/1127/949 2656/1125/947
f 2673/1117/939 2670/1119/941 2653/1127/949
f 2670/1119/941 2652/1128/950 2653/1127/949
f 2670/1119/941 2669/1120/942 2652/1128/950
f 2665/1120/886 2651/1129/886 2650/1128/886
f 2665/1120/886 2668/1121/886 2651/1129/886
f 2663/1121/944 2649/1130/951 2647/1129/952
f 2663/1121/944 2664/1122/943 2649/1130/951
f 2664/1122/943 2646/1131/953 2649/1130/951
f 2664/1122/943 2662/1123/945 2646/1131/953
f 2662/1123/945 2645/1132/954 2646/1131/953
f 2662/1123/945 2659/1124/946 2645/1132/954
f 2657/1124/851 2644/1126/851 2641/1132/851
f 2657/1124/851 2658/1118/851 2644/1126/851
f 2655/1126/948 2640/1133/955 2639/1134/956
f 2655/1126/948 2656/1125/947 2640/1133/955
f 2656/1125/947 2638/1135/957 2640/1133/955
f 2656/1125/947 2653/1127/949 2638/1135/957
f 2653/1127/949 2635/1136/958 2638/1135/957
f 2653/1127/949 2652/1128/950 2635/1136/958
f 2650/1128/886 2634/1137/959 2633/1136/960
f 2650/1128/886 2651/1129/886 2634/1137/959
f 2647/1129/952 2632/1138/961 2631/1137/962
f 2647/1129/952 2649/1130/951 2632/1138/961
f 2649/1130/951 2629/1139/963 2632/1138/961
f 2649/1130/951 2646/1131/953 2629/1139/963
f 2646/1131/953 2628/1140/964 2629/1139/963
f 2646/1131/953 2645/1132/954 2628/1140/964
f 2641/1132/851 2627/1134/851 2626/1140/851
f 2641/1132/851 2644/1126/851 2627/1134/851
f 2639/1134/956 2625/1141/965 2623/1142/966
f 2639/1134/956 2640/1133/955 2625/1141/965
f 2640/1133/955 2622/1143/967 2625/1141/965
f 2640/1133/955 2638/1135/957 2622/1143/967
f 2638/1135/957 2621/1144/968 2622/1143/967
f 2638/1135/957 2635/1136/958 2621/1144/968
f 2633/1136/960 2620/1145/969 2617/1144/970
f 2633/1136/960 2634/1137/959 2620/1145/969
f 2631/1137/962 2616/1146/971 2615/1145/972
f 2631/1137/962 2632/1138/961 2616/1146/971
f 2632/1138/961 2614/1147/973 2616/1146/971
f 2632/1138/961 2629/1139/963 2614/1147/973
f 2629/1139/963 2611/1148/974 2614/1147/973
f 2629/1139/963 2628/1140/964 2611/1148/974
f 2626/1140/851 2610/1142/851 2609/1148/851
f 2626/1140/851 2627/1134/851 2610/1142/851
f 2623/1142/966 2608/1149/975 2607/1150/976
f 2623/1142/966 2625/1141/965 2608/1149/975
f 2625/1141/965 2605/1151/977 2608/1149/975
f 2625/1141/965 2622/1143/967 2605/1151/977
f 2622/1143/967 2604/1152/978 2605/1151/977
f 2622/1143/967 2621/1144/968 2604/1152/978
f 2617/1144/970 2603/1153/979 2602/1152/980
f 2617/1144/970 2620/1145/969 2603/1153/979
f 2615/1145/972 2601/1154/981 2599/1153/982
f 2615/1145/972 2616/1146/971 2601/1154/981
f 2616/1146/971 2598/1155/983 2601/1154/981
f 2616/1146/971 2614/1147/973 2598/1155/983
f 2614/1147/973 2597/1156/984 2598/1155/983
f 2614/1147/973 2611/1148/974 2597/1156/984
f 2609/1148/851 2596/1150/851 2593/1156/851
f 2609/1148/851 2610/1142/851 2596/1150/851
f 2607/1150/976 2592/1157/985 2591/1158/986
f 2607/1150/976 2608/1149/975 2592/1157/985
f 2608/1149/975 2590/1159/987 2592/1157/985
f 2608/1149/975 2605/1151/977 2590/1159/987
f 2605/1151/977 2587/1160/988 2590/1159/987
f 2605/1151/977 2604/1152/978 2587/1160/988
f 2602/1152/980 2586/1161/989 2585/1160/990
f 2602/1152/980 2603/1153/979 2586/1161/989
f 2599/1153/982 2584/1162/991 2583/1161/992
f 2599/1153/982 2601/1154/981 2584/1162/991
f 2601/1154/981 2581/1163/993 2584/1162/991
f 2601/1154/981 2598/1155/983 2581/1163/993
f 2598/1155/983 2580/1164/994 2581/1163/993
f 2598/1155/983 2597/1156/984 2580/1164/994
f 2593/1156/851 2579/1158/851 2578/1164/851
f 2593/1156/851 2596/1150/851 2579/1158/851
f 2591/1158/986 2577/1165/995 2575/1166/996
f 2591/1158/986 2592/1157/985 2577/1165/995
f 2592/1157/985 2574/1167/997 2577/1165/995
f 2592/1157/985 2590/1159/987 2574/1167/997
f 2590/1159/987 2573/1168/998 2574/1167/997
f 2590/1159/987 2587/1160/988 2573/1168/998
f 2585/1160/990 2572/1169/999 2569/1168/1000
f 2585/1160/990 2586/1161/989 2572/1169/999
f 2583/1161/992 2568/1170/1001 2566/1169/1002
f 2583/1161/992 2584/1162/991 2568/1170/1001
f 2584/1162/991 2562/1171/1003 2568/1170/1001
f 2584/1162/991 2581/1163/993 2562/1171/1003
f 2581/1163/993 2560/1172/1004 2562/1171/1003
f 2581/1163/993 2580/1164/994 2560/1172/1004
f 2578/1164/851 2559/1166/1005 2557/1172/1005
f 2578/1164/851 2579/1158/851 2559/1166/1005
f 2556/1173/1006 2554/1028/1007 2553/1025/1008
f 2556/1173/1006 2551/1030/1009 2554/1028/1007
f 2556/1173/1006 2550/1032/1010 2551/1030/1009
f 2556/1173/1006 2548/1034/1011 2550/1032/1010
f 2556/1173/1006 2544/1036/1012 2548/1034/1011
f 2556/1173/1006 2542/1038/1013 2544/1036/1012
f 2556/1173/1006 2538/1040/1014 2542/1038/1013
f 2556/1173/1006 2553/1025/1008 2538/1040/1014
f 2536/1174/1015 2535/1166/1016 2533/1165/1017
f 2536/1174/1015 2533/1165/1017 2532/1167/1018
f 2536/1174/1015 2532/1167/1018 2530/1168/1019
f 2536/1174/1015 2530/1168/1019 2529/1169/1020
f 2536/1174/1015 2529/1169/1020 2527/1170/1021
f 2536/1174/1015 2527/1170/1021 2526/1171/1022
f 2536/1174/1015 2526/1171/1022 2524/1172/1023
f 2536/1174/1015 2524/1172/1023 2535/1166/1016
o svetlo_stinidlo_short_30
v -0.065505 1.232339 0.236967
v -0.073390 1.251856 0.282983
v -0.073390 1.251856 0.236967
v 0.062862 1.233851 0.236967
v -0.065505 1.232339 0.252929
v 0.062862 1.233851 0.255263
v -0.065505 1.232339 0.252929
v -0.070455 1.252588 0.284107
v -0.073390 1.251856 0.282983
v 0.065481 1.232339 0.252929
v -0.062885 1.233851 0.255263
v 0.065481 1.232339 0.236967
v -0.062885 1.233851 0.255263
v -0.070455 1.252588 0.236967
v -0.070455 1.252588 0.284107
v 0.064171 1.233095 0.248331
v -0.062885 1.233851 0.236967
v -0.062885 1.233851 0.236967
v -0.062885 1.233851 0.236967
v -0.073390 1.251856 0.236967
v -0.070455 1.252588 0.236967
v -0.062885 1.233851 0.255263
v -0.065505 1.232339 0.236967
v -0.065505 1.232339 0.236967
v -0.065505 1.232339 0.252929
v -0.075591 1.272790 0.315251
v -0.075591 1.272790 0.236967
v -0.064195 1.233095 0.248331
v 0.062862 1.233851 0.236967
v 0.065481 1.232339 0.236967
v 0.062862 1.233851 0.255263
v -0.072568 1.272685 0.315112
v -0.075591 1.272790 0.315251
v 0.062862 1.233851 0.236967
v 0.065481 1.232339 0.252929
v 0.062862 1.233851 0.255263
v 0.065481 1.232339 0.236967
v -0.072568 1.272685 0.236967
v -0.072568 1.272685 0.315112
v 0.065481 1.232339 0.252929
v 0.070431 1.252588 0.236967
v 0.073367 1.251856 0.236967
v 0.070431 1.252588 0.284107
v -0.075591 1.272790 0.236967
v -0.072568 1.272685 0.236967
v 0.070431 1.252588 0.236967
v 0.073367 1.251856 0.282983
v 0.070431 1.252588 0.284107
v 0.073367 1.251856 0.236967
v -0.071935 1.293521 0.347188
v -0.071935 1.293521 0.236967
v 0.073367 1.251856 0.282983
v 0.072544 1.272685 0.236967
v 0.075567 1.272790 0.236967
v 0.072544 1.272685 0.315112
v -0.069059 1.292586 0.345725
v -0.071935 1.293521 0.347188
v 0.072544 1.272685 0.236967
v 0.075567 1.272790 0.315251
v 0.072544 1.272685 0.315112
v 0.075567 1.272790 0.236967
v -0.069059 1.292586 0.236967
v -0.069059 1.292586 0.345725
v 0.075567 1.272790 0.315251
v 0.069035 1.292586 0.236967
v 0.071912 1.293521 0.236967
v 0.069035 1.292586 0.345725
v -0.071935 1.293521 0.236967
v -0.069059 1.292586 0.236967
v 0.069035 1.292586 0.236967
v 0.071912 1.293521 0.347188
v 0.069035 1.292586 0.345725
v 0.071912 1.293521 0.236967
v -0.062708 1.312440 0.376317
v -0.062708 1.312440 0.236967
v 0.071912 1.293521 0.347188
v 0.060176 1.310749 0.236967
v 0.062684 1.312440 0.236967
v 0.060176 1.310749 0.373731
v -0.060200 1.310749 0.373731
v -0.062708 1.312440 0.376317
v 0.060176 1.310749 0.236967
v 0.062684 1.312440 0.376317
v 0.060176 1.310749 0.373731
v 0.062684 1.312440 0.236967
v -0.060200 1.310749 0.236967
v -0.060200 1.310749 0.373731
v 0.062684 1.312440 0.376317
v 0.046654 1.325766 0.236967
v 0.048599 1.328084 0.236967
v 0.046654 1.325766 0.396804
v -0.062708 1.312440 0.236967
v -0.060200 1.310749 0.236967
v 0.046654 1.325766 0.236967
v 0.048599 1.328084 0.400345
v 0.046654 1.325766 0.396804
v 0.048599 1.328084 0.236967
v -0.048623 1.328084 0.400345
v -0.048623 1.328084 0.236967
v 0.048599 1.328084 0.400345
v 0.029517 1.336475 0.236967
v 0.030748 1.339238 0.236967
v 0.029517 1.336475 0.413327
v -0.046678 1.325766 0.396804
v -0.048623 1.328084 0.400345
v 0.029517 1.336475 0.236967
v 0.030748 1.339238 0.416075
v 0.029517 1.336475 0.413327
v 0.030748 1.339238 0.236967
v -0.046678 1.325766 0.236967
v -0.046678 1.325766 0.396804
v 0.030748 1.339238 0.416075
v 0.010092 1.342045 0.236967
v 0.010513 1.345040 0.236967
v 0.010092 1.342045 0.417758
v -0.048623 1.328084 0.236967
v -0.046678 1.325766 0.236967
v 0.010092 1.342045 0.236967
v 0.010513 1.345040 0.418467
v 0.010092 1.342045 0.417758
v 0.010513 1.345040 0.236967
v -0.030771 1.339238 0.416075
v -0.030771 1.339238 0.236967
v 0.010513 1.345040 0.418467
v -0.010116 1.342045 0.236967
v -0.010537 1.345040 0.236967
v -0.010116 1.342045 0.417757
v -0.029541 1.336475 0.413327
v -0.030771 1.339238 0.416075
v -0.010116 1.342045 0.236967
v -0.010537 1.345040 0.418467
v -0.010116 1.342045 0.417757
v -0.010537 1.345040 0.236967
v -0.029541 1.336475 0.236967
v -0.029541 1.336475 0.413327
v -0.010537 1.345040 0.418467
v -0.029541 1.336475 0.236967
v -0.030771 1.339238 0.236967
vn -0.9272 -0.3746 -0.0000
vn -0.9875 -0.1575 -0.0000
vn -0.9703 -0.2419 -0.0000
vn -0.0009 -0.8387 0.5446
vn 0.0007 -0.8389 0.5443
vn 0.0006 -0.8388 0.5444
vn -0.0006 -0.8387 0.5447
vn 0.9272 0.3746 -0.0000
vn 0.9703 0.2419 -0.0000
vn 0.9875 0.1575 -0.0000
vn -0.0000 -0.0000 -1.0000
vn -0.9924 0.1231 -0.0000
vn -0.9994 0.0349 -0.0000
vn -0.0040 -0.8386 0.5447
vn -0.0039 -0.8386 0.5447
vn 0.9994 -0.0349 -0.0000
vn 0.9924 -0.1231 -0.0000
vn -0.9204 0.3909 -0.0000
vn -0.9511 0.3090 -0.0000
vn 0.0036 -0.8392 0.5439
vn 0.0035 -0.8393 0.5437
vn 0.9511 -0.3090 -0.0000
vn 0.9204 -0.3909 -0.0000
vn -0.7801 0.6257 -0.0000
vn -0.8291 0.5592 -0.0000
vn -0.0023 -0.8381 0.5456
vn -0.0021 -0.8378 0.5459
vn 0.8290 -0.5592 -0.0000
vn 0.7800 -0.6258 -0.0000
vn -0.5864 0.8100 -0.0000
vn -0.6428 0.7660 -0.0000
vn -0.0028 -0.8374 0.5466
vn -0.0100 -0.8328 0.5535
vn 0.6428 -0.7660 -0.0000
vn 0.5857 -0.8106 -0.0000
vn -0.3693 0.9293 -0.0000
vn -0.4067 0.9136 -0.0000
vn -0.0577 -0.7237 0.6877
vn -0.0387 -0.6919 0.7210
vn 0.4067 -0.9135 -0.0000
vn 0.3630 -0.9318 -0.0000
vn -0.1340 0.9910 -0.0000
vn -0.1392 0.9903 -0.0000
vn -0.0194 -0.2617 0.9650
vn -0.0233 -0.2337 0.9720
vn 0.1392 -0.9903 -0.0000
vn 0.1289 -0.9917 -0.0000
vn 0.1340 0.9910 -0.0000
vn 0.1392 0.9903 -0.0000
vn 0.0749 -0.2397 0.9680
vn 0.0574 -0.2706 0.9610
vn -0.1392 -0.9903 -0.0000
vn -0.1289 -0.9917 -0.0000
vn 0.3693 0.9293 -0.0000
vn 0.4067 0.9136 -0.0000
vn 0.0667 -0.7031 0.7079
vn -0.0035 -0.7128 0.7013
vn -0.4067 -0.9135 -0.0000
vn -0.3630 -0.9318 -0.0000
vn 0.5865 0.8100 -0.0000
vn 0.6428 0.7660 -0.0000
vn -0.0001 -0.8322 0.5545
vn -0.0177 -0.8321 0.5543
vn -0.6428 -0.7660 -0.0000
vn -0.5856 -0.8106 -0.0000
vn 0.7801 0.6257 -0.0000
vn 0.8290 0.5592 -0.0000
vn 0.0029 -0.8382 0.5454
vn 0.0019 -0.8379 0.5458
vn -0.8290 -0.5592 -0.0000
vn -0.7800 -0.6258 -0.0000
vn 0.9204 0.3909 -0.0000
vn 0.9511 0.3090 -0.0000
vn -0.0040 -0.8388 0.5444
vn -0.0038 -0.8390 0.5442
vn -0.9511 -0.3090 -0.0000
vn -0.9204 -0.3909 -0.0000
vn 0.9924 0.1231 -0.0000
vn 0.9994 0.0349 -0.0000
vn 0.0039 -0.8389 0.5442
vn 0.0040 -0.8389 0.5443
vn -0.9994 -0.0349 -0.0000
vn -0.9924 -0.1231 -0.0000
vn 0.9875 -0.1575 -0.0000
vn 0.9703 -0.2419 -0.0000
vn -0.0005 -0.8388 0.5445
vn -0.0006 -0.8387 0.5446
vn -0.9703 0.2419 -0.0000
vn -0.9875 0.1575 -0.0000
vn 0.9272 -0.3746 -0.0000
vn 0.0009 -0.8388 0.5445
vn -0.9272 0.3746 -0.0000
vn 0.4999 -0.8661 -0.0000
vn 0.4998 -0.8661 -0.0000
vn -0.5000 -0.8660 -0.0000
vn -0.4999 -0.8661 -0.0000
vt 0.983850 0.028865
vt 0.902675 0.980294
vt 0.902675 0.028865
vt 0.983850 0.980294
vt 0.899631 0.980294
vt 0.977559 0.980294
vt 0.899632 0.028865
vt 0.977559 0.028865
vt 0.815605 0.980294
vt 0.815605 0.028865
vt 0.816044 0.980294
vt 0.816044 0.028865
vt 0.729386 0.980294
vt 0.729386 0.028865
vt 0.733274 0.980294
vt 0.733274 0.028865
vt 0.650697 0.980294
vt 0.650697 0.028865
vt 0.657732 0.980294
vt 0.657732 0.028865
vt 0.585635 0.980294
vt 0.585635 0.028865
vt 0.595272 0.980294
vt 0.595273 0.028865
vt 0.539240 0.980294
vt 0.539241 0.028865
vt 0.550734 0.980294
vt 0.550734 0.028865
vt 0.515109 0.980294
vt 0.515109 0.028865
vt 0.527567 0.980294
vt 0.527568 0.028865
vt 0.980704 0.504580
s 1
usemtl cerna_ksilt
f 2767/1175/1024 2768/1176/1025 2769/1177/1026
f 2767/1175/1024 2771/1178/1024 2768/1176/1025
f 2773/1178/1027 2774/1179/1028 2775/1176/1029
f 2773/1178/1027 2777/1180/1030 2774/1179/1028
f 2779/1180/1031 2780/1181/1032 2781/1179/1033
f 2779/1180/1031 2783/1182/1031 2780/1181/1032
f 2785/1182/1034 2786/1177/1034 2787/1181/1034
f 2785/1182/1034 2789/1175/1034 2786/1177/1034
f 2769/1177/1026 2792/1183/1035 2793/1184/1036
f 2769/1177/1026 2768/1176/1025 2792/1183/1035
f 2775/1176/1029 2798/1185/1037 2799/1183/1038
f 2775/1176/1029 2774/1179/1028 2798/1185/1037
f 2781/1179/1033 2804/1186/1039 2805/1185/1040
f 2781/1179/1033 2780/1181/1032 2804/1186/1039
f 2787/1181/1034 2810/1184/1034 2811/1186/1034
f 2787/1181/1034 2786/1177/1034 2810/1184/1034
f 2793/1184/1036 2816/1187/1041 2817/1188/1042
f 2793/1184/1036 2792/1183/1035 2816/1187/1041
f 2799/1183/1038 2822/1189/1043 2823/1187/1044
f 2799/1183/1038 2798/1185/1037 2822/1189/1043
f 2805/1185/1040 2828/1190/1045 2829/1189/1046
f 2805/1185/1040 2804/1186/1039 2828/1190/1045
f 2811/1186/1034 2834/1188/1034 2835/1190/1034
f 2811/1186/1034 2810/1184/1034 2834/1188/1034
f 2817/1188/1042 2840/1191/1047 2841/1192/1048
f 2817/1188/1042 2816/1187/1041 2840/1191/1047
f 2823/1187/1044 2846/1193/1049 2847/1191/1050
f 2823/1187/1044 2822/1189/1043 2846/1193/1049
f 2829/1189/1046 2852/1194/1051 2853/1193/1052
f 2829/1189/1046 2828/1190/1045 2852/1194/1051
f 2835/1190/1034 2858/1192/1034 2859/1194/1034
f 2835/1190/1034 2834/1188/1034 2858/1192/1034
f 2841/1192/1048 2864/1195/1053 2865/1196/1054
f 2841/1192/1048 2840/1191/1047 2864/1195/1053
f 2847/1191/1050 2870/1197/1055 2871/1195/1056
f 2847/1191/1050 2846/1193/1049 2870/1197/1055
f 2853/1193/1052 2876/1198/1057 2877/1197/1058
f 2853/1193/1052 2852/1194/1051 2876/1198/1057
f 2859/1194/1034 2882/1196/1034 2883/1198/1034
f 2859/1194/1034 2858/1192/1034 2882/1196/1034
f 2865/1196/1054 2888/1199/1059 2889/1200/1060
f 2865/1196/1054 2864/1195/1053 2888/1199/1059
f 2871/1195/1056 2894/1201/1061 2895/1199/1062
f 2871/1195/1056 2870/1197/1055 2894/1201/1061
f 2877/1197/1058 2900/1202/1063 2901/1201/1064
f 2877/1197/1058 2876/1198/1057 2900/1202/1063
f 2883/1198/1034 2904/1200/1034 2903/1202/1034
f 2883/1198/1034 2882/1196/1034 2904/1200/1034
f 2889/1200/1060 2902/1203/1065 2899/1204/1066
f 2889/1200/1060 2888/1199/1059 2902/1203/1065
f 2895/1199/1062 2898/1205/1067 2897/1203/1068
f 2895/1199/1062 2894/1201/1061 2898/1205/1067
f 2901/1201/1064 2896/1206/1069 2893/1205/1070
f 2901/1201/1064 2900/1202/1063 2896/1206/1069
f 2903/1202/1034 2892/1204/1034 2891/1206/1034
f 2903/1202/1034 2904/1200/1034 2892/1204/1034
f 2899/1204/1066 2890/1203/1071 2887/1204/1072
f 2899/1204/1066 2902/1203/1065 2890/1203/1071
f 2897/1203/1068 2886/1205/1073 2885/1203/1074
f 2897/1203/1068 2898/1205/1067 2886/1205/1073
f 2893/1205/1070 2884/1206/1075 2881/1205/1076
f 2893/1205/1070 2896/1206/1069 2884/1206/1075
f 2891/1206/1034 2880/1204/1034 2879/1206/1034
f 2891/1206/1034 2892/1204/1034 2880/1204/1034
f 2887/1204/1072 2878/1199/1077 2875/1200/1078
f 2887/1204/1072 2890/1203/1071 2878/1199/1077
f 2885/1203/1074 2874/1201/1079 2873/1199/1080
f 2885/1203/1074 2886/1205/1073 2874/1201/1079
f 2881/1205/1076 2872/1202/1081 2869/1201/1082
f 2881/1205/1076 2884/1206/1075 2872/1202/1081
f 2879/1206/1034 2868/1200/1034 2867/1202/1034
f 2879/1206/1034 2880/1204/1034 2868/1200/1034
f 2875/1200/1078 2866/1195/1083 2863/1196/1084
f 2875/1200/1078 2878/1199/1077 2866/1195/1083
f 2873/1199/1080 2862/1197/1085 2861/1195/1086
f 2873/1199/1080 2874/1201/1079 2862/1197/1085
f 2869/1201/1082 2860/1198/1087 2857/1197/1088
f 2869/1201/1082 2872/1202/1081 2860/1198/1087
f 2867/1202/1034 2856/1196/1034 2855/1198/1034
f 2867/1202/1034 2868/1200/1034 2856/1196/1034
f 2863/1196/1084 2854/1191/1089 2851/1192/1090
f 2863/1196/1084 2866/1195/1083 2854/1191/1089
f 2861/1195/1086 2850/1193/1091 2849/1191/1092
f 2861/1195/1086 2862/1197/1085 2850/1193/1091
f 2857/1197/1088 2848/1194/1093 2845/1193/1094
f 2857/1197/1088 2860/1198/1087 2848/1194/1093
f 2855/1198/1034 2844/1192/1034 2843/1194/1034
f 2855/1198/1034 2856/1196/1034 2844/1192/1034
f 2851/1192/1090 2842/1187/1095 2839/1188/1096
f 2851/1192/1090 2854/1191/1089 2842/1187/1095
f 2849/1191/1092 2838/1189/1097 2837/1187/1098
f 2849/1191/1092 2850/1193/1091 2838/1189/1097
f 2845/1193/1094 2836/1190/1099 2833/1189/1100
f 2845/1193/1094 2848/1194/1093 2836/1190/1099
f 2843/1194/1034 2832/1188/1034 2831/1190/1034
f 2843/1194/1034 2844/1192/1034 2832/1188/1034
f 2839/1188/1096 2830/1183/1101 2827/1184/1102
f 2839/1188/1096 2842/1187/1095 2830/1183/1101
f 2837/1187/1098 2826/1185/1103 2825/1183/1104
f 2837/1187/1098 2838/1189/1097 2826/1185/1103
f 2833/1189/1100 2824/1186/1105 2821/1185/1106
f 2833/1189/1100 2836/1190/1099 2824/1186/1105
f 2831/1190/1034 2820/1184/1034 2819/1186/1034
f 2831/1190/1034 2832/1188/1034 2820/1184/1034
f 2827/1184/1102 2818/1176/1107 2815/1177/1108
f 2827/1184/1102 2830/1183/1101 2818/1176/1107
f 2825/1183/1104 2814/1179/1109 2813/1176/1110
f 2825/1183/1104 2826/1185/1103 2814/1179/1109
f 2821/1185/1106 2812/1181/1111 2809/1179/1112
f 2821/1185/1106 2824/1186/1105 2812/1181/1111
f 2819/1186/1034 2808/1177/1034 2807/1181/1034
f 2819/1186/1034 2820/1184/1034 2808/1177/1034
f 2815/1177/1108 2806/1178/1113 2803/1175/1113
f 2815/1177/1108 2818/1176/1107 2806/1178/1113
f 2813/1176/1110 2802/1180/1114 2801/1178/1114
f 2813/1176/1110 2814/1179/1109 2802/1180/1114
f 2809/1179/1112 2800/1182/1115 2797/1180/1115
f 2809/1179/1112 2812/1181/1111 2800/1182/1115
f 2807/1181/1034 2796/1175/1034 2795/1182/1034
f 2807/1181/1034 2808/1177/1034 2796/1175/1034
f 2794/1207/1116 2791/1178/1116 2790/1175/1117
f 2794/1207/1116 2788/1180/1117 2791/1178/1116
f 2794/1207/1116 2784/1182/1117 2788/1180/1117
f 2794/1207/1116 2790/1175/1117 2784/1182/1117
f 2782/1207/1118 2778/1175/1118 2776/1178/1119
f 2782/1207/1118 2776/1178/1119 2772/1180/1118
f 2782/1207/1118 2772/1180/1118 2770/1182/1118
f 2782/1207/1118 2770/1182/1118 2778/1175/1118
o svetlo_zamek_30
v 0.014128 1.290982 0.196018
v 0.013571 1.295321 0.197552
v 0.010656 1.294675 0.197071
v 0.011113 1.291110 0.195811
v 0.011789 1.299389 0.198883
v 0.009193 1.298015 0.198165
v 0.008917 1.302879 0.199914
v 0.006834 1.300881 0.199010
v 0.005170 1.305531 0.200564
v 0.003757 1.303058 0.199545
v 0.000829 1.307144 0.200787
v 0.000192 1.304382 0.199727
v -0.003779 1.307597 0.200564
v -0.003593 1.304755 0.199545
v -0.008309 1.306857 0.199914
v -0.007313 1.304147 0.199010
v -0.012421 1.304978 0.198883
v -0.010689 1.302605 0.198165
v -0.015805 1.302103 0.197552
v -0.013469 1.300243 0.197071
v -0.018208 1.298447 0.196018
v -0.015442 1.297241 0.195811
v 0.014367 1.292014 0.193184
v 0.011351 1.292143 0.192977
v 0.010894 1.295707 0.194237
v 0.013809 1.296353 0.194718
v 0.009431 1.299047 0.195331
v 0.012028 1.300421 0.196050
v 0.007072 1.301913 0.196177
v 0.009156 1.303912 0.197080
v 0.003995 1.304090 0.196711
v 0.005408 1.306563 0.197731
v 0.000430 1.305415 0.196894
v 0.001068 1.308176 0.197954
v -0.003354 1.305787 0.196711
v -0.003541 1.308629 0.197731
v -0.007075 1.305179 0.196177
v -0.008071 1.307889 0.197080
v -0.010451 1.303637 0.195331
v -0.012183 1.306011 0.196050
v -0.013230 1.301276 0.194237
v -0.015568 1.303135 0.194718
v -0.015204 1.298274 0.192977
v -0.017970 1.299479 0.193184
v 0.014128 1.290982 0.196018
v 0.011113 1.291110 0.195811
v 0.011351 1.292143 0.192977
v 0.014367 1.292014 0.193184
v 0.011113 1.291110 0.195811
v 0.010656 1.294675 0.197071
v 0.010894 1.295707 0.194237
v 0.011351 1.292143 0.192977
v 0.009193 1.298015 0.198165
v 0.009431 1.299047 0.195331
v 0.006834 1.300881 0.199010
v 0.007072 1.301913 0.196177
v 0.003757 1.303058 0.199545
v 0.003995 1.304090 0.196711
v 0.000192 1.304382 0.199727
v 0.000430 1.305415 0.196894
v -0.003593 1.304755 0.199545
v -0.003354 1.305787 0.196711
v -0.007313 1.304147 0.199010
v -0.007075 1.305179 0.196177
v -0.010689 1.302605 0.198165
v -0.010451 1.303637 0.195331
v -0.013469 1.300243 0.197071
v -0.013230 1.301276 0.194237
v -0.015442 1.297241 0.195811
v -0.015204 1.298274 0.192977
v -0.015442 1.297241 0.195811
v -0.018208 1.298447 0.196018
v -0.017970 1.299479 0.193184
v -0.015204 1.298274 0.192977
v -0.018208 1.298447 0.196018
v -0.015805 1.302103 0.197552
v -0.015568 1.303135 0.194718
v -0.017970 1.299479 0.193184
v -0.012421 1.304978 0.198883
v -0.012183 1.306011 0.196050
v -0.008309 1.306857 0.199914
v -0.008071 1.307889 0.197080
v -0.003779 1.307597 0.200564
v -0.003541 1.308629 0.197731
v 0.000829 1.307144 0.200787
v 0.001068 1.308176 0.197954
v 0.005170 1.305531 0.200564
v 0.005408 1.306563 0.197731
v 0.008917 1.302879 0.199914
v 0.009156 1.303912 0.197080
v 0.011789 1.299389 0.198883
v 0.012028 1.300421 0.196050
v 0.013571 1.295321 0.197552
v 0.013809 1.296353 0.194718
v 0.014128 1.290982 0.196018
v 0.014367 1.292014 0.193184
vn -0.0789 -0.3412 0.9367
vn -0.0789 -0.3413 0.9366
vn -0.0787 -0.3415 0.9366
vn -0.0787 -0.3411 0.9367
vn -0.0787 -0.3410 0.9368
vn -0.0788 -0.3414 0.9366
vn -0.0788 -0.3410 0.9367
vn -0.0788 -0.3411 0.9367
vn -0.0787 -0.3413 0.9367
vn -0.0789 -0.3411 0.9367
vn -0.0787 -0.3412 0.9367
vn -0.0788 -0.3412 0.9367
vn -0.0788 -0.3413 0.9367
vn 0.0789 0.3413 -0.9366
vn 0.0789 0.3413 -0.9367
vn 0.0788 0.3413 -0.9367
vn 0.0788 0.3412 -0.9367
vn 0.0787 0.3411 -0.9367
vn 0.0788 0.3413 -0.9366
vn 0.0788 0.3414 -0.9366
vn 0.0787 0.3413 -0.9366
vn 0.0789 0.3412 -0.9367
vn 0.0787 0.3413 -0.9367
vn 0.0786 0.3413 -0.9366
vn -0.0164 -0.9390 -0.3435
vn -0.0163 -0.9390 -0.3436
vn -0.0166 -0.9391 -0.3434
vn -0.9897 -0.0864 -0.1146
vn -0.9639 -0.2139 -0.1588
vn -0.9896 -0.0864 -0.1146
vn -0.8585 -0.4545 -0.2376
vn -0.8585 -0.4544 -0.2376
vn -0.6887 -0.6607 -0.2985
vn -0.4673 -0.8174 -0.3370
vn -0.4674 -0.8174 -0.3369
vn -0.2106 -0.9126 -0.3504
vn 0.0616 -0.9395 -0.3370
vn 0.3295 -0.8957 -0.2986
vn 0.5725 -0.7847 -0.2376
vn 0.5725 -0.7847 -0.2377
vn 0.7725 -0.6148 -0.1590
vn 0.7725 -0.6149 -0.1590
vn 0.8515 -0.5117 -0.1147
vn 0.8515 -0.5116 -0.1148
vn -0.3967 -0.8513 -0.3434
vn -0.3969 -0.8513 -0.3433
vn -0.3966 -0.8513 -0.3436
vn -0.8516 0.5114 0.1148
vn -0.7725 0.6147 0.1592
vn -0.7726 0.6146 0.1592
vn -0.8516 0.5114 0.1147
vn -0.5725 0.7846 0.2379
vn -0.5725 0.7846 0.2380
vn -0.3295 0.8957 0.2985
vn -0.0617 0.9395 0.3370
vn 0.2107 0.9126 0.3503
vn 0.4673 0.8173 0.3371
vn 0.6888 0.6605 0.2988
vn 0.6887 0.6607 0.2985
vn 0.8585 0.4543 0.2378
vn 0.8586 0.4542 0.2379
vn 0.9638 0.2140 0.1589
vn 0.9638 0.2140 0.1590
vn 0.9896 0.0864 0.1149
vn 0.9896 0.0865 0.1148
vt 0.999501 0.000500
vt 0.999500 0.100400
vt 0.000503 0.100400
vt 0.000503 0.000499
vt 0.999500 0.200300
vt 0.000502 0.200300
vt 0.999499 0.300200
vt 0.000502 0.300200
vt 0.999499 0.400100
vt 0.000502 0.400100
vt 0.999499 0.500000
vt 0.000501 0.500000
vt 0.999498 0.599900
vt 0.000501 0.599900
vt 0.999498 0.699800
vt 0.000501 0.699800
vt 0.999498 0.799700
vt 0.000500 0.799700
vt 0.999497 0.899600
vt 0.000500 0.899600
vt 0.999497 0.999501
vt 0.000500 0.999500
vt 0.000500 0.000500
vt 0.999497 0.000499
vt 0.999497 0.100400
vt 0.000500 0.100400
vt 0.999498 0.200300
vt 0.000500 0.200300
vt 0.999498 0.300200
vt 0.000501 0.300200
vt 0.999498 0.400100
vt 0.000501 0.400100
vt 0.999499 0.599900
vt 0.000502 0.599900
vt 0.999499 0.699800
vt 0.000502 0.699800
vt 0.999500 0.799700
vt 0.000502 0.799700
vt 0.999500 0.899600
vt 0.000503 0.899600
vt 0.999501 0.999500
vt 0.000503 0.999501
vt 0.999497 0.000500
vt 0.999497 0.999500
vt 0.100400 0.000500
vt 0.100400 0.999500
vt 0.200300 0.000500
vt 0.200300 0.999500
vt 0.300200 0.000500
vt 0.300200 0.999500
vt 0.400100 0.000500
vt 0.400100 0.999500
vt 0.500000 0.000500
vt 0.500000 0.999500
vt 0.599900 0.000500
vt 0.599900 0.999500
vt 0.699800 0.000500
vt 0.699800 0.999500
vt 0.799700 0.000500
vt 0.799700 0.999500
vt 0.899600 0.000500
vt 0.899600 0.999500
vt 0.999500 0.000500
vt 0.999500 0.999500
s 1
usemtl stozar
f 2905/1208/1120 2906/1209/1120 2907/1210/1121
f 2907/1210/1121 2908/1211/1122 2905/1208/1120
f 2906/1209/1120 2909/1212/1123 2910/1213/1124
f 2910/1213/1124 2907/1210/1121 2906/1209/1120
f 2909/1212/1123 2911/1214/1125 2912/1215/1125
f 2912/1215/1125 2910/1213/1124 2909/1212/1123
f 2911/1214/1125 2913/1216/1126 2914/1217/1127
f 2914/1217/1127 2912/1215/1125 2911/1214/1125
f 2913/1216/1126 2915/1218/1128 2916/1219/1128
f 2916/1219/1128 2914/1217/1127 2913/1216/1126
f 2915/1218/1128 2917/1220/1127 2918/1221/1129
f 2918/1221/1129 2916/1219/1128 2915/1218/1128
f 2917/1220/1127 2919/1222/1128 2920/1223/1128
f 2920/1223/1128 2918/1221/1129 2917/1220/1127
f 2919/1222/1128 2921/1224/1129 2922/1225/1129
f 2922/1225/1129 2920/1223/1128 2919/1222/1128
f 2921/1224/1129 2923/1226/1130 2924/1227/1131
f 2924/1227/1131 2922/1225/1129 2921/1224/1129
f 2923/1226/1130 2925/1228/1128 2926/1229/1132
f 2926/1229/1132 2924/1227/1131 2923/1226/1130
f 2927/1230/1133 2928/1231/1134 2929/1232/1133
f 2929/1232/1133 2930/1233/1133 2927/1230/1133
f 2930/1233/1133 2929/1232/1133 2931/1234/1135
f 2931/1234/1135 2932/1235/1136 2930/1233/1133
f 2932/1235/1136 2931/1234/1135 2933/1236/1137
f 2933/1236/1137 2934/1237/1137 2932/1235/1136
f 2934/1237/1137 2933/1236/1137 2935/1238/1135
f 2935/1238/1135 2936/1239/1138 2934/1237/1137
f 2936/1239/1138 2935/1238/1135 2937/1218/1139
f 2937/1218/1139 2938/1219/1139 2936/1239/1138
f 2938/1219/1139 2937/1218/1139 2939/1240/1140
f 2939/1240/1140 2940/1241/1138 2938/1219/1139
f 2940/1241/1138 2939/1240/1140 2941/1242/1141
f 2941/1242/1141 2942/1243/1141 2940/1241/1138
f 2942/1243/1141 2941/1242/1141 2943/1244/1136
f 2943/1244/1136 2944/1245/1136 2942/1243/1141
f 2944/1245/1136 2943/1244/1136 2945/1246/1142
f 2945/1246/1142 2946/1247/1142 2944/1245/1136
f 2946/1247/1142 2945/1246/1142 2947/1248/1140
f 2947/1248/1140 2948/1249/1143 2946/1247/1142
f 2949/1230/1144 2950/1250/1145 2951/1251/1144
f 2951/1251/1144 2952/1229/1146 2949/1230/1144
f 2953/1230/1147 2954/1252/1148 2955/1253/1148
f 2955/1253/1148 2956/1229/1149 2953/1230/1147
f 2954/1252/1148 2957/1254/1150 2958/1255/1151
f 2958/1255/1151 2955/1253/1148 2954/1252/1148
f 2957/1254/1150 2959/1256/1152 2960/1257/1152
f 2960/1257/1152 2958/1255/1151 2957/1254/1150
f 2959/1256/1152 2961/1258/1153 2962/1259/1154
f 2962/1259/1154 2960/1257/1152 2959/1256/1152
f 2961/1258/1153 2963/1260/1155 2964/1261/1155
f 2964/1261/1155 2962/1259/1154 2961/1258/1153
f 2963/1260/1155 2965/1262/1156 2966/1263/1156
f 2966/1263/1156 2964/1261/1155 2963/1260/1155
f 2965/1262/1156 2967/1264/1157 2968/1265/1157
f 2968/1265/1157 2966/1263/1156 2965/1262/1156
f 2967/1264/1157 2969/1266/1158 2970/1267/1159
f 2970/1267/1159 2968/1265/1157 2967/1264/1157
f 2969/1266/1158 2971/1268/1160 2972/1269/1161
f 2972/1269/1161 2970/1267/1159 2969/1266/1158
f 2971/1268/1160 2973/1270/1162 2974/1271/1163
f 2974/1271/1163 2972/1269/1161 2971/1268/1160
f 2975/1230/1164 2976/1250/1165 2977/1251/1164
f 2977/1251/1164 2978/1229/1166 2975/1230/1164
f 2979/1230/1167 2980/1252/1168 2981/1253/1169
f 2981/1253/1169 2982/1229/1170 2979/1230/1167
f 2980/1252/1168 2983/1254/1171 2984/1255/1172
f 2984/1255/1172 2981/1253/1169 2980/1252/1168
f 2983/1254/1171 2985/1256/1173 2986/1257/1173
f 2986/1257/1173 2984/1255/1172 2983/1254/1171
f 2985/1256/1173 2987/1258/1174 2988/1259/1174
f 2988/1259/1174 2986/1257/1173 2985/1256/1173
f 2987/1258/1174 2989/1260/1175 2990/1261/1175
f 2990/1261/1175 2988/1259/1174 2987/1258/1174
f 2989/1260/1175 2991/1262/1176 2992/1263/1176
f 2992/1263/1176 2990/1261/1175 2989/1260/1175
f 2991/1262/1176 2993/1264/1177 2994/1265/1178
f 2994/1265/1178 2992/1263/1176 2991/1262/1176
f 2993/1264/1177 2995/1266/1179 2996/1267/1180
f 2996/1267/1180 2994/1265/1178 2993/1264/1177
f 2995/1266/1179 2997/1268/1181 2998/1269/1182
f 2998/1269/1182 2996/1267/1180 2995/1266/1179
f 2997/1268/1181 2999/1270/1183 3000/1271/1184
f 3000/1271/1184 2998/1269/1182 2997/1268/1181
o pozor_vlak_dn_back
v -0.178475 0.986693 0.156544
v -0.178475 0.986693 0.153519
v 0.178475 0.986693 0.153519
v -0.178475 1.071393 0.153519
v 0.178475 0.986693 0.156544
v -0.178475 1.071393 0.156544
v -0.178475 1.071393 0.156544
v 0.178475 1.071393 0.156544
v 0.178475 1.071393 0.153519
v -0.178475 0.986693 0.156544
v -0.178475 1.071393 0.153519
v -0.178475 0.986693 0.153519
v 0.178475 0.986693 0.156544
v 0.178475 0.986693 0.153519
v 0.178475 1.071393 0.153519
v 0.178475 1.071393 0.153519
v 0.178475 1.071393 0.156544
v -0.178475 1.071393 0.153519
v 0.178475 0.986693 0.153519
v -0.178475 0.986693 0.153519
vn -0.0000 -1.0000 -0.0000
vn -0.0000 1.0000 -0.0000
vn 1.0000 -0.0000 -0.0000
vn -0.0000 -0.0000 -1.0000
vn -1.0000 -0.0000 -0.0000
vt 0.892657 0.521984
vt 0.893856 0.990401
vt 0.005442 0.990383
vt 0.008439 0.531206
vt 0.008439 0.531224
vt 0.892657 0.521966
vt 0.893856 0.990383
vt 0.005442 0.990401
vt 0.892639 0.521966
vt 0.893838 0.990401
s 1
usemtl pozor_vlak
f 3001/1272/1185 3002/1273/1185 3003/1274/1185
f 3003/1274/1185 3005/1275/1185 3001/1272/1185
f 3007/1276/1186 3008/1277/1186 3009/1278/1186
f 3009/1278/1186 3011/1279/1186 3007/1276/1186
f 3013/1275/1187 3014/1280/1187 3015/1281/1187
f 3015/1281/1187 3017/1279/1187 3013/1275/1187
f 3019/1275/1188 3020/1277/1188 3018/1273/1188
f 3018/1273/1188 3016/1279/1188 3019/1275/1188
f 3012/1275/1189 3010/1280/1189 3006/1281/1189
f 3006/1281/1189 3004/1279/1189 3012/1275/1189
o pozor_vlak_dn_front
v -0.178475 0.986693 0.156544
v 0.178475 0.986693 0.156544
v 0.178475 1.071393 0.156544
v -0.178475 1.071393 0.156544
vn -0.0000 -0.0000 1.0000
vt 0.001119 0.001731
vt 0.997986 0.012591
vt 0.997986 0.336449
vt 0.001119 0.335269
s 1
usemtl pozor_vlak
f 3021/1282/1190 3022/1283/1190 3023/1284/1190
f 3023/1284/1190 3024/1285/1190 3021/1282/1190
o pozor_vlak_dn_ram
v 0.018150 1.010893 0.031436
v 0.006303 1.047193 0.035748
v 0.006303 1.010893 0.035748
v -0.007091 1.019968 -0.040217
v 0.018150 1.047193 0.031436
v -0.007091 1.029043 -0.040217
v 0.018150 1.047193 0.031436
v 0.005778 1.047193 0.032769
v 0.006303 1.047193 0.035748
v -0.016638 1.019968 -0.028817
v 0.016638 1.047193 0.028817
v -0.020419 1.019968 -0.035366
v 0.016638 1.010893 0.028817
v 0.006303 1.010893 0.035748
v 0.005778 1.010893 0.032769
v -0.020419 1.029043 -0.035366
v 0.018150 1.010893 0.031436
v -0.016638 1.029043 -0.028817
v -0.020419 1.019968 -0.035366
v -0.006303 1.047193 0.035748
v -0.006303 1.010893 0.035748
v -0.020419 1.029043 -0.035366
v -0.025490 1.019968 -0.021389
v -0.031283 1.019968 -0.026250
v -0.031283 1.029043 -0.026250
v -0.005778 1.047193 0.032769
v -0.006303 1.047193 0.035748
v -0.025490 1.029043 -0.021389
v -0.031283 1.019968 -0.026250
v -0.031283 1.029043 -0.026250
v -0.031268 1.019968 -0.011381
v -0.006303 1.010893 0.035748
v -0.005778 1.010893 0.032769
v -0.038375 1.019968 -0.013967
v -0.038375 1.029043 -0.013967
v -0.031268 1.029043 -0.011381
v -0.038375 1.019968 -0.013967
v -0.018150 1.047193 0.031436
v -0.018150 1.010893 0.031436
v -0.038375 1.029043 -0.013967
v -0.033275 1.019968 -0.000000
v -0.040838 1.019968 -0.000000
v -0.040838 1.029043 -0.000000
v -0.016638 1.047193 0.028817
v -0.018150 1.047193 0.031436
v -0.033275 1.029043 -0.000000
v -0.040838 1.019968 -0.000000
v -0.040838 1.029043 -0.000000
v -0.031268 1.019968 0.011381
v -0.018150 1.010893 0.031436
v -0.016638 1.010893 0.028817
v -0.038375 1.019968 0.013967
v -0.038375 1.029043 0.013967
v -0.031268 1.029043 0.011381
v 0.017394 1.029043 0.030127
v 0.018150 1.047193 0.031436
v 0.018150 1.010893 0.031436
v -0.038375 1.019968 0.013967
v 0.016638 1.047193 0.028817
v -0.038375 1.029043 0.013967
v -0.025490 1.019968 0.021389
v 0.016638 1.010893 0.028817
v -0.031283 1.019968 0.026250
v -0.031283 1.029043 0.026250
v -0.025490 1.029043 0.021389
v -0.031283 1.019968 0.026250
v -0.017394 1.029043 0.030127
v -0.018150 1.010893 0.031436
v -0.018150 1.047193 0.031436
v -0.031283 1.029043 0.026250
v -0.016638 1.019968 0.028817
v -0.016638 1.047193 0.028817
v -0.020419 1.019968 0.035366
v -0.020419 1.029043 0.035366
v -0.016638 1.010893 0.028817
v -0.016638 1.029043 0.028817
v -0.020419 1.019968 0.035366
v -0.020419 1.029043 0.035366
v 0.004537 1.028741 0.031847
v 0.004537 1.028741 0.152847
v -0.004537 1.028741 0.152847
v -0.005778 1.019968 0.032769
v -0.004537 1.028741 0.031847
v -0.007091 1.019968 0.040217
v 0.004537 1.037816 0.031847
v -0.004537 1.037816 0.031847
v -0.004537 1.037816 0.152847
v -0.007091 1.029043 0.040217
v 0.004537 1.037816 0.152847
v -0.005778 1.029043 0.032769
v 0.004537 1.037816 0.031847
v 0.004537 1.037816 0.152847
v 0.004537 1.028741 0.152847
v -0.007091 1.019968 0.040217
v 0.004537 1.028741 0.031847
v -0.007091 1.029043 0.040217
v -0.004537 1.037816 0.152847
v -0.004537 1.037816 0.031847
v -0.004537 1.028741 0.031847
v 0.005778 1.019968 0.032769
v -0.004537 1.028741 0.152847
v 0.007091 1.019968 0.040217
v -0.007091 1.019968 -0.040217
v 0.007091 1.029043 -0.040217
v 0.007091 1.019968 -0.040217
v 0.007091 1.029043 0.040217
v -0.007091 1.029043 -0.040217
v 0.005778 1.029043 0.032769
v -0.007091 1.029043 -0.040217
v 0.005778 1.029043 -0.032769
v 0.007091 1.029043 -0.040217
v 0.007091 1.019968 0.040217
v -0.005778 1.029043 -0.032769
v 0.007091 1.029043 0.040217
v -0.005778 1.019968 -0.032769
v 0.007091 1.019968 -0.040217
v 0.005778 1.019968 -0.032769
v 0.016638 1.019968 0.028817
v -0.007091 1.019968 -0.040217
v 0.020419 1.019968 0.035366
v 0.020419 1.029043 0.035366
v 0.020419 1.029043 -0.035366
v 0.020419 1.019968 -0.035366
v 0.016638 1.029043 0.028817
v 0.020419 1.019968 0.035366
v 0.020419 1.029043 0.035366
v 0.025490 1.019968 0.021389
v 0.016638 1.029043 -0.028817
v 0.020419 1.029043 -0.035366
v 0.031283 1.019968 0.026250
v 0.031283 1.029043 0.026250
v 0.025490 1.029043 0.021389
v 0.031283 1.019968 0.026250
v 0.020419 1.019968 -0.035366
v 0.016638 1.019968 -0.028817
v 0.031283 1.029043 0.026250
v 0.031268 1.019968 0.011381
v 0.038375 1.019968 0.013967
v 0.038375 1.029043 0.013967
v 0.031283 1.029043 -0.026250
v 0.031283 1.019968 -0.026250
v 0.031268 1.029043 0.011381
v 0.038375 1.019968 0.013967
v 0.038375 1.029043 0.013967
v 0.033275 1.019968 -0.000000
v 0.025490 1.029043 -0.021389
v 0.031283 1.029043 -0.026250
v 0.040838 1.019968 -0.000000
v 0.040838 1.029043 -0.000000
v 0.033275 1.029043 -0.000000
v 0.040838 1.019968 -0.000000
v 0.031283 1.019968 -0.026250
v 0.025490 1.019968 -0.021389
v 0.040838 1.029043 -0.000000
v 0.031268 1.019968 -0.011381
v 0.038375 1.019968 -0.013967
v 0.038375 1.029043 -0.013967
v 0.038375 1.029043 -0.013967
v 0.038375 1.019968 -0.013967
v 0.031268 1.029043 -0.011381
vn 0.3420 -0.0000 0.9397
vn 0.1736 -0.0000 0.9848
vn 0.1737 -0.0000 0.9848
vn -0.0000 1.0000 -0.0000
vn -0.0000 -1.0000 -0.0000
vn -0.1737 -0.0000 0.9848
vn -0.1736 -0.0000 0.9848
vn -0.3420 -0.0000 0.9397
vn 0.8660 -0.0000 -0.5000
vn -0.8660 -0.0000 -0.5000
vn 1.0000 -0.0000 -0.0000
vn -1.0000 -0.0000 -0.0000
vn -0.0000 -0.0000 -1.0000
vn 0.1736 -0.0000 -0.9848
vn 0.5000 -0.0000 -0.8660
vn 0.7660 -0.0000 -0.6428
vn 0.9397 -0.0000 -0.3420
vn 0.9397 -0.0000 0.3420
vn 0.7660 -0.0000 0.6428
vn 0.5000 -0.0000 0.8660
vn -0.5000 -0.0000 0.8660
vn -0.7660 -0.0000 0.6428
vn -0.9397 -0.0000 0.3420
vn -0.9397 -0.0000 -0.3420
vn -0.7660 -0.0000 -0.6428
vn -0.5000 -0.0000 -0.8660
vn -0.3420 -0.0000 -0.9397
vt 0.166667 0.000499
vt 0.111111 3.996503
vt 0.111111 0.000499
vt 0.166667 3.996503
vt 0.278000 0.115484
vt 0.188220 0.238385
vt 0.159876 0.214602
vt 0.296500 0.147527
vt 0.055556 3.996503
vt 0.055556 0.000499
vt 0.117545 0.360798
vt 0.082776 0.348143
vt -0.000000 3.996503
vt -0.000000 0.000499
vt 0.093000 0.500000
vt 0.056000 0.500000
vt 0.166667 1.998502
vt 1.000000 1.998502
vt 1.000000 0.000499
vt 1.000000 3.996503
vt 0.000500 0.999500
vt 0.000503 0.000500
vt 0.999501 0.000500
vt 0.999497 0.999501
vt 0.999501 0.999500
vt 0.000503 0.999500
vt 0.000500 0.000500
vt 0.999497 0.000499
vt 0.999500 0.999500
vt 0.999500 0.000500
vt 0.945223 0.999501
vt 0.945223 0.000499
vt 1.000000 0.999501
vt -0.007206 0.500000
vt 0.111645 0.639202
vt 0.023382 0.670839
vt 0.086721 0.500000
vt 0.890087 0.999501
vt 0.890087 0.000499
vt 0.183410 0.761615
vt 0.111458 0.821073
vt 0.834392 0.999501
vt 0.834392 0.000499
vt 0.293361 0.852473
vt 0.246397 0.932580
vt 0.778197 0.999501
vt 0.778197 0.000499
vt 0.428235 0.900817
vt 0.411925 0.991912
vt 0.721802 0.999501
vt 0.721802 0.000499
vt 0.571765 0.900817
vt 0.588076 0.991912
vt 0.665608 0.999501
vt 0.665608 0.000499
vt 0.706640 0.852473
vt 0.753603 0.932580
vt 0.609913 0.999501
vt 0.609913 0.000499
vt 0.816590 0.761615
vt 0.888543 0.821073
vt 0.554777 0.999501
vt 0.554777 0.000499
vt 0.888355 0.639202
vt 0.976618 0.670839
vt 0.500000 0.999501
vt 0.500000 0.000499
vt 0.913279 0.500000
vt 1.007206 0.500000
vt 0.445223 0.999501
vt 0.445223 0.000499
vt 0.888355 0.360798
vt 0.976618 0.329161
vt 0.390087 0.999501
vt 0.390087 0.000499
vt 0.816590 0.238385
vt 0.888542 0.178927
vt 0.334392 0.999501
vt 0.334392 0.000499
vt 0.706639 0.147527
vt 0.753603 0.067420
vt 0.278197 0.999501
vt 0.278197 0.000499
vt 0.571765 0.099183
vt 0.588075 0.008088
vt 0.221802 0.999501
vt 0.221802 0.000499
vt 0.428235 0.099183
vt 0.411924 0.008088
vt 0.165608 0.999501
vt 0.165608 0.000499
vt 0.293360 0.147527
vt 0.246397 0.067420
vt 0.109913 0.999501
vt 0.109913 0.000499
vt 0.183410 0.238385
vt 0.111457 0.178927
vt 0.054777 0.999501
vt 0.054777 0.000499
vt 0.111645 0.360798
vt 0.023382 0.329161
vt -0.000000 0.999501
s 1
usemtl stozar
f 3025/1286/1191 3026/1287/1192 3027/1288/1193
f 3025/1286/1191 3029/1289/1191 3026/1287/1192
f 3031/1290/1194 3032/1291/1194 3033/1292/1194
f 3031/1290/1194 3035/1293/1194 3032/1291/1194
f 3037/1293/1195 3038/1292/1195 3039/1291/1195
f 3037/1293/1195 3041/1290/1195 3038/1292/1195
f 3027/1288/1193 3044/1294/1196 3045/1295/1197
f 3027/1288/1193 3026/1287/1192 3044/1294/1196
f 3033/1292/1194 3050/1296/1194 3051/1297/1194
f 3033/1292/1194 3032/1291/1194 3050/1296/1194
f 3039/1291/1195 3056/1297/1195 3057/1296/1195
f 3039/1291/1195 3038/1292/1195 3056/1297/1195
f 3045/1295/1197 3062/1298/1198 3063/1299/1198
f 3045/1295/1197 3044/1294/1196 3062/1298/1198
f 3051/1297/1194 3068/1300/1194 3069/1301/1194
f 3051/1297/1194 3050/1296/1194 3068/1300/1194
f 3057/1296/1195 3074/1301/1195 3075/1300/1195
f 3057/1296/1195 3056/1297/1195 3074/1301/1195
f 3079/1302/1199 3080/1289/1199 3081/1286/1199
f 3079/1302/1199 3083/1289/1199 3080/1289/1199
f 3079/1302/1199 3086/1286/1199 3083/1289/1199
f 3079/1302/1199 3081/1286/1199 3086/1286/1199
f 3091/1303/1200 3092/1304/1200 3093/1305/1200
f 3091/1303/1200 3093/1305/1200 3096/1305/1200
f 3091/1303/1200 3096/1305/1200 3099/1304/1200
f 3091/1303/1200 3099/1304/1200 3092/1304/1200
f 3103/1306/1195 3104/1307/1195 3105/1308/1195
f 3105/1308/1195 3107/1309/1195 3103/1306/1195
f 3109/1310/1194 3110/1311/1194 3111/1312/1194
f 3111/1312/1194 3113/1313/1194 3109/1310/1194
f 3115/1314/1201 3116/1306/1201 3117/1312/1201
f 3117/1312/1201 3119/1315/1201 3115/1314/1201
f 3121/1314/1202 3122/1306/1202 3123/1312/1202
f 3123/1312/1202 3125/1315/1202 3121/1314/1202
f 3127/1304/1203 3128/1316/1204 3129/1317/1204
f 3127/1304/1203 3131/1318/1203 3128/1316/1204
f 3133/1319/1194 3134/1320/1194 3135/1321/1194
f 3133/1319/1194 3137/1322/1194 3134/1320/1194
f 3139/1322/1195 3140/1321/1195 3141/1320/1195
f 3139/1322/1195 3143/1319/1195 3140/1321/1195
f 3129/1317/1204 3146/1323/1205 3147/1324/1205
f 3129/1317/1204 3128/1316/1204 3146/1323/1205
f 3135/1321/1194 3152/1325/1194 3153/1326/1194
f 3135/1321/1194 3134/1320/1194 3152/1325/1194
f 3141/1320/1195 3158/1326/1195 3159/1325/1195
f 3141/1320/1195 3140/1321/1195 3158/1326/1195
f 3147/1324/1205 3164/1327/1206 3165/1328/1206
f 3147/1324/1205 3146/1323/1205 3164/1327/1206
f 3153/1326/1194 3170/1329/1194 3171/1330/1194
f 3153/1326/1194 3152/1325/1194 3170/1329/1194
f 3159/1325/1195 3176/1330/1195 3177/1329/1195
f 3159/1325/1195 3158/1326/1195 3176/1330/1195
f 3165/1328/1206 3182/1331/1207 3183/1332/1207
f 3165/1328/1206 3164/1327/1206 3182/1331/1207
f 3171/1330/1194 3184/1333/1194 3181/1334/1194
f 3171/1330/1194 3170/1329/1194 3184/1333/1194
f 3177/1329/1195 3180/1334/1195 3179/1333/1195
f 3177/1329/1195 3176/1330/1195 3180/1334/1195
f 3183/1332/1207 3178/1335/1201 3175/1336/1201
f 3183/1332/1207 3182/1331/1207 3178/1335/1201
f 3181/1334/1194 3174/1337/1194 3173/1338/1194
f 3181/1334/1194 3184/1333/1194 3174/1337/1194
f 3179/1333/1195 3172/1338/1195 3169/1337/1195
f 3179/1333/1195 3180/1334/1195 3172/1338/1195
f 3175/1336/1201 3168/1339/1208 3167/1340/1208
f 3175/1336/1201 3178/1335/1201 3168/1339/1208
f 3173/1338/1194 3166/1341/1194 3163/1342/1194
f 3173/1338/1194 3174/1337/1194 3166/1341/1194
f 3169/1337/1195 3162/1342/1195 3161/1341/1195
f 3169/1337/1195 3172/1338/1195 3162/1342/1195
f 3167/1340/1208 3160/1343/1209 3157/1344/1209
f 3167/1340/1208 3168/1339/1208 3160/1343/1209
f 3163/1342/1194 3156/1345/1194 3155/1346/1194
f 3163/1342/1194 3166/1341/1194 3156/1345/1194
f 3161/1341/1195 3154/1346/1195 3151/1345/1195
f 3161/1341/1195 3162/1342/1195 3154/1346/1195
f 3157/1344/1209 3150/1347/1210 3149/1348/1210
f 3157/1344/1209 3160/1343/1209 3150/1347/1210
f 3155/1346/1194 3148/1349/1194 3145/1350/1194
f 3155/1346/1194 3156/1345/1194 3148/1349/1194
f 3151/1345/1195 3144/1350/1195 3142/1349/1195
f 3151/1345/1195 3154/1346/1195 3144/1350/1195
f 3149/1348/1210 3138/1351/1192 3136/1352/1192
f 3149/1348/1210 3150/1347/1210 3138/1351/1192
f 3145/1350/1194 3132/1353/1194 3130/1354/1194
f 3145/1350/1194 3148/1349/1194 3132/1353/1194
f 3142/1349/1195 3126/1354/1195 3124/1353/1195
f 3142/1349/1195 3144/1350/1195 3126/1354/1195
f 3136/1352/1192 3120/1355/1197 3118/1356/1197
f 3136/1352/1192 3138/1351/1192 3120/1355/1197
f 3130/1354/1194 3114/1357/1194 3112/1358/1194
f 3130/1354/1194 3132/1353/1194 3114/1357/1194
f 3124/1353/1195 3108/1358/1195 3106/1357/1195
f 3124/1353/1195 3126/1354/1195 3108/1358/1195
f 3118/1356/1197 3102/1359/1211 3101/1360/1211
f 3118/1356/1197 3120/1355/1197 3102/1359/1211
f 3112/1358/1194 3100/1361/1194 3098/1362/1194
f 3112/1358/1194 3114/1357/1194 3100/1361/1194
f 3106/1357/1195 3097/1362/1195 3095/1361/1195
f 3106/1357/1195 3108/1358/1195 3097/1362/1195
f 3101/1360/1211 3094/1363/1212 3090/1364/1212
f 3101/1360/1211 3102/1359/1211 3094/1363/1212
f 3098/1362/1194 3089/1365/1194 3088/1366/1194
f 3098/1362/1194 3100/1361/1194 3089/1365/1194
f 3095/1361/1195 3087/1366/1195 3085/1365/1195
f 3095/1361/1195 3097/1362/1195 3087/1366/1195
f 3090/1364/1212 3084/1367/1213 3082/1368/1213
f 3090/1364/1212 3094/1363/1212 3084/1367/1213
f 3088/1366/1194 3078/1369/1194 3077/1370/1194
f 3088/1366/1194 3089/1365/1194 3078/1369/1194
f 3085/1365/1195 3076/1370/1195 3073/1369/1195
f 3085/1365/1195 3087/1366/1195 3076/1370/1195
f 3082/1368/1213 3072/1371/1202 3071/1372/1202
f 3082/1368/1213 3084/1367/1213 3072/1371/1202
f 3077/1370/1194 3070/1373/1194 3067/1374/1194
f 3077/1370/1194 3078/1369/1194 3070/1373/1194
f 3073/1369/1195 3066/1374/1195 3065/1373/1195
f 3073/1369/1195 3076/1370/1195 3066/1374/1195
f 3071/1372/1202 3064/1375/1214 3061/1376/1214
f 3071/1372/1202 3072/1371/1202 3064/1375/1214
f 3067/1374/1194 3060/1377/1194 3059/1378/1194
f 3067/1374/1194 3070/1373/1194 3060/1377/1194
f 3065/1373/1195 3058/1378/1195 3055/1377/1195
f 3065/1373/1195 3066/1374/1195 3058/1378/1195
f 3061/1376/1214 3054/1379/1215 3053/1380/1215
f 3061/1376/1214 3064/1375/1214 3054/1379/1215
f 3059/1378/1194 3052/1381/1194 3049/1382/1194
f 3059/1378/1194 3060/1377/1194 3052/1381/1194
f 3055/1377/1195 3048/1382/1195 3047/1381/1195
f 3055/1377/1195 3058/1378/1195 3048/1382/1195
f 3053/1380/1215 3046/1383/1216 3043/1384/1216
f 3053/1380/1215 3054/1379/1215 3046/1383/1216
f 3049/1382/1194 3042/1385/1194 3040/1386/1194
f 3049/1382/1194 3052/1381/1194 3042/1385/1194
f 3047/1381/1195 3036/1386/1195 3034/1385/1195
f 3047/1381/1195 3048/1382/1195 3036/1386/1195
f 3043/1384/1216 3030/1387/1217 3028/1299/1217
f 3043/1384/1216 3046/1383/1216 3030/1387/1217
f 3040/1386/1194 3137/1322/1194 3133/1319/1194
f 3040/1386/1194 3042/1385/1194 3137/1322/1194
f 3034/1385/1195 3143/1319/1195 3139/1322/1195
f 3034/1385/1195 3036/1386/1195 3143/1319/1195
o zaklad
v -0.022810 0.009701 -0.039369
v -0.022810 0.009701 0.039368
v -0.000095 0.009701 0.045425
v 0.039274 0.009701 0.022715
v 0.000149 0.009729 -0.000000
v 0.045330 0.009701 -0.000000
v 0.022620 0.009701 -0.039369
v -0.000095 0.009701 -0.045425
v -0.044785 0.232418 0.057856
v -0.039463 0.258088 -0.022715
v -0.022810 0.258088 -0.039369
v -0.039463 0.009701 -0.022715
v -0.045520 0.009701 -0.000000
v -0.045520 0.258088 -0.000000
v -0.039463 0.009701 0.022715
v -0.044785 0.246041 0.057856
v -0.048717 0.239230 0.057856
v 0.022620 0.009701 0.039368
v 0.039274 0.009701 -0.022715
v 0.022620 0.258088 -0.039369
v -0.000095 0.258088 -0.045425
v -0.052650 0.232418 -0.044994
v -0.039463 0.258088 0.022715
v -0.022810 0.258088 0.039368
v -0.000095 0.258088 0.045425
v 0.022620 0.258088 0.039368
v 0.039274 0.258088 0.022715
v 0.000149 0.257998 -0.000000
v 0.045330 0.258088 -0.000000
v 0.039274 0.258088 -0.022715
v -0.009075 0.010472 -0.054450
v 0.009075 0.010472 -0.054450
v -0.052650 0.232418 0.057856
v -0.056582 0.239230 -0.044994
v 0.009075 0.257405 -0.041455
v -0.009075 0.257405 -0.041455
v -0.009075 0.010472 0.054450
v 0.009075 0.010472 0.054450
v -0.056582 0.239230 0.057856
v -0.009075 0.034673 0.046585
v 0.009075 0.034673 0.046585
v 0.009075 0.257521 0.046585
v -0.009075 0.257521 0.046585
v -0.078650 0.010472 0.015125
v -0.052650 0.246041 0.057856
v -0.044785 0.246041 -0.044994
v -0.040852 0.239230 0.057856
v 0.078650 0.010472 0.015125
v 0.078650 0.010472 -0.015125
v 0.066550 0.028622 -0.015125
v -0.044785 0.232418 -0.044994
v 0.066550 0.257542 -0.015125
v 0.066550 0.028622 0.015125
v -0.078650 0.010472 -0.015125
v -0.066550 0.028622 -0.015125
v -0.066550 0.257542 -0.015125
v -0.052650 0.246041 -0.044994
v -0.040852 0.239230 -0.044994
v -0.066550 0.028622 0.015125
v 0.066550 0.257542 0.015125
v -0.066550 0.257542 0.015125
v -0.048717 0.239230 -0.044994
v 0.050215 0.034672 -0.000035
v 0.052938 0.232418 0.057856
v 0.045073 0.232418 0.057856
v 0.045073 0.246041 0.057856
v 0.052938 0.246041 0.057856
v 0.049005 0.239230 0.057856
v 0.045073 0.232418 -0.044994
v 0.041140 0.239230 0.057856
v 0.052938 0.246041 -0.044994
v 0.056870 0.239230 0.057856
v 0.050215 0.016522 -0.000035
v 0.039546 0.019989 -0.000035
v 0.039386 0.019989 -0.033353
v 0.032953 0.029064 -0.000035
v 0.032793 0.029064 -0.033353
v 0.052938 0.232418 -0.044994
v 0.039386 0.049356 -0.033353
v 0.032953 0.040281 -0.000035
v 0.050054 0.052822 -0.033353
v 0.039546 0.049356 -0.000035
v 0.050215 0.052822 -0.000035
v 0.060884 0.049356 -0.000035
v 0.067477 0.040281 -0.000035
v 0.060723 0.019989 -0.033353
v 0.067477 0.029064 -0.000035
v 0.060884 0.019989 -0.000035
v 0.050054 0.016522 -0.033353
v 0.050054 0.034672 -0.033353
v 0.041140 0.239230 -0.044994
v 0.045073 0.246041 -0.044994
v 0.032793 0.040281 -0.033353
v 0.056870 0.239230 -0.044994
v 0.049005 0.239230 -0.044994
v 0.054281 0.027844 0.029040
v 0.042484 0.034655 0.029040
v 0.060723 0.049356 -0.033353
v 0.054281 0.041467 0.029040
v 0.067316 0.040281 -0.033353
v 0.050349 0.034655 0.029040
v 0.067316 0.029064 -0.033353
v 0.054281 0.027844 -0.044994
v 0.046416 0.027844 -0.044994
v 0.046416 0.027844 0.029040
v 0.046416 0.041467 -0.044994
v 0.046416 0.041467 0.029040
v 0.054281 0.041467 -0.044994
v 0.058214 0.034655 0.029040
v 0.048958 0.239104 0.000105
v 0.066219 0.233496 0.000105
v 0.066219 0.244713 0.000105
v 0.038289 0.224421 0.000105
v 0.031535 0.233496 -0.033213
v 0.038129 0.224421 -0.033213
v 0.031696 0.233496 0.000105
v 0.031696 0.244713 0.000105
v 0.038289 0.253788 0.000105
v 0.048797 0.257254 -0.033213
v 0.042484 0.034655 -0.044994
v 0.048958 0.257254 0.000105
v 0.058214 0.034655 -0.044994
v 0.059626 0.253788 0.000105
v 0.066059 0.244713 -0.033213
v 0.066059 0.233496 -0.033213
v 0.059626 0.224421 0.000105
v 0.048958 0.220954 0.000105
v 0.048797 0.239104 -0.033213
v 0.031535 0.244713 -0.033213
v 0.050349 0.034655 -0.044994
v 0.059465 0.253788 -0.033213
v 0.059465 0.224421 -0.033213
v 0.048797 0.220954 -0.033213
v -0.050215 0.034672 -0.000035
v -0.054506 0.041647 0.029040
v -0.042708 0.034836 0.029040
v -0.060884 0.049356 -0.000035
v -0.050573 0.034836 0.029040
v -0.046641 0.028025 -0.044994
v -0.046641 0.028025 0.029040
v -0.054506 0.028025 0.029040
v -0.058438 0.034836 0.029040
v -0.054506 0.041647 -0.044994
v -0.046641 0.041647 -0.044994
v -0.039547 0.019989 -0.000035
v -0.046641 0.041647 0.029040
v -0.060790 0.019989 -0.033275
v -0.054506 0.028025 -0.044994
v -0.060884 0.019989 -0.000035
v -0.058438 0.034836 -0.044994
v -0.067477 0.029064 -0.000035
v -0.042708 0.034836 -0.044994
v -0.067477 0.040281 -0.000035
v -0.067384 0.040281 -0.033275
v -0.050573 0.034836 -0.044994
v -0.050215 0.052822 -0.000035
v -0.050122 0.052822 -0.033275
v -0.039546 0.049356 -0.000035
v 0.038129 0.253788 -0.033213
v -0.039454 0.049356 -0.033275
v -0.032953 0.040281 -0.000035
v -0.032953 0.029064 -0.000035
v -0.039454 0.019989 -0.033275
v -0.050215 0.016522 -0.000035
v -0.050122 0.016522 -0.033275
v -0.050122 0.034672 -0.033275
v -0.023191 0.105311 0.027244
v -0.023191 0.227913 0.027244
v -0.067384 0.029064 -0.033275
v -0.069575 0.227913 0.027244
v -0.060790 0.049356 -0.033275
v 0.069575 0.227913 0.027244
v 0.023191 0.227913 0.027244
v 0.023191 0.105311 0.027244
v -0.032861 0.040281 -0.033275
v 0.069575 0.105311 0.027244
v -0.032861 0.029064 -0.033275
v -0.069575 0.105311 0.027244
v -0.048400 0.034313 0.027043
v -0.023191 0.034313 0.027244
v -0.048714 0.239255 -0.000035
v -0.059383 0.224572 -0.000035
v 0.048400 0.034313 0.027244
v 0.023191 0.034313 0.027244
v -0.048714 0.221105 -0.000035
v -0.059289 0.224572 -0.033275
v -0.065976 0.233647 -0.000035
v -0.065976 0.244864 -0.000035
v -0.059383 0.253939 -0.000035
v -0.048621 0.239255 -0.033275
v -0.037953 0.224572 -0.033275
v -0.048714 0.257405 -0.000035
v -0.037953 0.253939 -0.033275
v -0.048621 0.257405 -0.033275
v -0.038046 0.253939 -0.000035
v -0.031452 0.244864 -0.000035
v -0.031452 0.233647 -0.000035
v -0.031360 0.233647 -0.033275
v -0.038046 0.224572 -0.000035
v -0.048621 0.221105 -0.033275
v -0.065883 0.233647 -0.033275
v -0.065883 0.244864 -0.033275
v -0.031360 0.244864 -0.033275
v -0.059289 0.253939 -0.033275
vn -0.0000 -1.0000 -0.0000
vn -0.3782 -0.6533 -0.6559
vn -0.0000 -0.6536 -0.7568
vn -0.6559 -0.6533 -0.3781
vn -0.7568 -0.6536 -0.0000
vn -0.6559 -0.6533 0.3782
vn -0.3781 -0.6533 0.6559
vn -0.0000 -0.6536 0.7568
vn 0.3781 -0.6533 0.6559
vn 0.6559 -0.6533 0.3781
vn 0.7568 -0.6537 -0.0000
vn 0.6559 -0.6533 -0.3781
vn 0.3781 -0.6533 -0.6559
vn -0.3780 0.6537 -0.6556
vn -0.0000 0.6541 -0.7564
vn -0.6556 0.6537 -0.3780
vn -0.7564 0.6541 -0.0000
vn -0.6556 0.6537 0.3780
vn -0.3780 0.6537 0.6556
vn -0.0000 0.6541 0.7564
vn 0.3779 0.6537 0.6556
vn 0.6556 0.6537 0.3780
vn 0.7564 0.6541 -0.0000
vn 0.6556 0.6537 -0.3779
vn 0.3780 0.6537 -0.6556
vn -0.0000 1.0000 -0.0000
vn -0.5626 -0.4859 0.6689
vn -0.1480 -0.9890 -0.0000
vn -0.0000 -0.5878 0.8090
vn -0.0000 0.7076 0.7066
vn 0.5773 0.5778 0.5770
vn 0.6057 0.7957 -0.0010
vn -0.0000 1.0000 -0.0013
vn 0.1204 0.1553 0.9805
vn -0.4695 0.1381 0.8721
vn 0.7349 -0.3932 0.5526
vn -0.7348 -0.3933 0.5526
vn -0.7349 -0.3932 -0.5526
vn 0.7348 -0.3933 -0.5526
vn 0.5774 0.5773 0.5774
vn 0.5774 0.5773 -0.5773
vn -0.5774 0.5773 -0.5774
vn -0.5774 0.5773 0.5773
vn 0.6007 0.1819 -0.7785
vn 0.6007 0.1819 0.7785
vn -0.6007 0.1819 -0.7785
vn -0.6007 0.1819 0.7785
vn -0.0000 -0.0000 1.0000
vn -0.4488 -0.6187 0.6448
vn 0.0007 -0.7653 0.6437
vn -0.7264 -0.2362 0.6454
vn -0.7264 0.2362 0.6454
vn -0.4488 0.6187 0.6448
vn 0.0007 0.7653 0.6437
vn 0.4508 0.6195 0.6426
vn 0.7293 0.2367 0.6420
vn 0.7293 -0.2367 0.6420
vn 0.4508 -0.6195 0.6427
vn -0.4508 -0.6195 -0.6427
vn -0.0007 -0.7653 -0.6437
vn -0.7292 -0.2367 -0.6420
vn -0.7292 0.2367 -0.6420
vn -0.4508 0.6195 -0.6427
vn -0.0007 0.7653 -0.6437
vn 0.4488 0.6187 -0.6448
vn 0.7264 0.2362 -0.6454
vn 0.7264 -0.2362 -0.6454
vn 0.4488 -0.6187 -0.6448
vn -0.0000 -0.0000 -1.0000
vn 0.7292 0.2367 0.6420
vn 0.7292 -0.2367 0.6420
vn -0.7293 -0.2367 -0.6420
vn 0.7264 0.2363 -0.6454
vn 0.7264 -0.2363 -0.6454
vn -0.4504 -0.6193 0.6431
vn -0.0004 -0.7653 0.6437
vn -0.7286 -0.2366 0.6427
vn -0.7287 0.2366 0.6427
vn -0.4504 0.6193 0.6431
vn -0.0004 0.7653 0.6437
vn 0.4492 0.6189 0.6443
vn 0.7270 0.2363 0.6447
vn 0.7270 -0.2364 0.6447
vn 0.4492 -0.6189 0.6443
vn -0.4492 -0.6189 -0.6443
vn 0.0004 -0.7653 -0.6437
vn -0.7270 -0.2363 -0.6447
vn -0.7270 0.2364 -0.6447
vn -0.4492 0.6189 -0.6443
vn 0.0004 0.7653 -0.6437
vn 0.4504 0.6193 -0.6431
vn 0.7286 0.2366 -0.6427
vn 0.7286 -0.2366 -0.6427
vn 0.4504 -0.6193 -0.6431
vn 0.7270 0.2364 0.6447
vn 0.0050 0.0033 -1.0000
vn 0.0080 0.0052 -1.0000
vn 0.0008 0.0005 -1.0000
vn 0.3962 0.6863 -0.6100
vn 0.7924 -0.0000 -0.6100
vn -0.3962 0.6862 -0.6100
vn -0.7924 -0.0000 -0.6100
vn -0.3962 -0.6862 -0.6100
vn 0.3962 -0.6863 -0.6100
vn 0.3962 0.6863 0.6100
vn 0.7924 -0.0000 0.6100
vn -0.3962 0.6862 0.6100
vn -0.7924 -0.0000 0.6100
vn -0.3962 -0.6862 0.6100
vn 0.3962 -0.6863 0.6100
vn 0.3962 0.6862 0.6100
vn 0.3962 0.6862 -0.6100
vn -0.3962 0.6863 -0.6100
vn -0.3962 -0.6863 -0.6100
vn 0.3962 -0.6862 -0.6100
vn -0.3962 0.6863 0.6100
vn 0.3962 -0.6862 0.6100
vt 0.485114 0.442538
vt 0.434414 0.562725
vt 0.485114 0.581318
vt 0.397298 0.511928
vt 0.383713 0.442538
vt 0.397298 0.373148
vt 0.434414 0.322352
vt 0.485114 0.303759
vt 0.535814 0.322352
vt 0.572930 0.373148
vt 0.586515 0.442538
vt 0.572930 0.511928
vt 0.535814 0.562725
vt 0.509122 0.309636
vt 0.511152 0.646163
vt 0.495311 0.645018
vt 0.524963 0.310781
vt 0.526993 0.647307
vt 0.540804 0.311925
vt 0.542834 0.648451
vt 0.556645 0.313070
vt 0.366551 0.299336
vt 0.368581 0.635862
vt 0.352740 0.634718
vt 0.382392 0.300480
vt 0.384422 0.637007
vt 0.398234 0.301625
vt 0.400263 0.638151
vt 0.414075 0.302770
vt 0.416105 0.639296
vt 0.429916 0.303914
vt 0.431946 0.640440
vt 0.445757 0.305058
vt 0.447787 0.641585
vt 0.461598 0.306203
vt 0.463628 0.642729
vt 0.477439 0.307347
vt 0.479470 0.643874
vt 0.493281 0.308492
vt 0.391195 0.281941
vt 0.620069 0.281941
vt 0.620069 0.648510
vt 0.391195 0.648510
vt 0.383612 0.303620
vt 0.586616 0.303620
vt 0.586616 0.581457
vt 0.383612 0.581457
vt 0.485114 0.303620
vt 0.556166 0.303620
vt 0.535865 0.303620
vt 0.576466 0.303620
vt 0.393762 0.303620
vt 0.373462 0.303620
vt 0.414062 0.303620
vt 0.434363 0.303620
vt 0.454663 0.303620
vt 0.474964 0.303620
vt 0.495264 0.303620
vt 0.515565 0.303620
vt 0.556166 0.581457
vt 0.535865 0.581457
vt 0.576466 0.581457
vt 0.393762 0.581457
vt 0.373462 0.581457
vt 0.414062 0.581457
vt 0.434363 0.581457
vt 0.454663 0.581457
vt 0.474964 0.581457
vt 0.495264 0.581457
vt 0.515565 0.581457
vt 0.485114 0.581457
vt 0.435544 0.345103
vt 0.417711 0.363748
vt 0.413500 0.345103
vt 0.428732 0.375272
vt 0.442356 0.375272
vt 0.453378 0.363748
vt 0.457588 0.345103
vt 0.453378 0.326457
vt 0.442356 0.314933
vt 0.428732 0.314933
vt 0.417711 0.326457
vt 0.440009 0.349381
vt 0.416856 0.349403
vt 0.421051 0.368231
vt 0.432768 0.379882
vt 0.447250 0.379882
vt 0.462317 0.349381
vt 0.458966 0.330530
vt 0.447250 0.318880
vt 0.432768 0.318880
vt 0.421051 0.330530
vt 0.441805 0.379869
vt 0.431223 0.360910
vt 0.441805 0.356434
vt 0.424682 0.372627
vt 0.424682 0.387111
vt 0.431223 0.398828
vt 0.441805 0.403303
vt 0.452387 0.398828
vt 0.458927 0.387111
vt 0.458927 0.372627
vt 0.452387 0.360910
vt 0.441590 0.351802
vt 0.418635 0.351839
vt 0.423197 0.371033
vt 0.434565 0.382918
vt 0.448616 0.382918
vt 0.459984 0.371033
vt 0.464326 0.351802
vt 0.459984 0.332571
vt 0.448616 0.320685
vt 0.434565 0.320685
vt 0.423197 0.332571
vt 0.451280 0.303620
vt 0.451280 0.442538
vt 0.383612 0.442538
vt 0.508497 0.406009
vt 0.578001 0.435002
vt 0.517181 0.435002
vt 0.451280 0.581457
vt 0.578001 0.541533
vt 0.517181 0.541533
vt 0.448779 0.468741
vt 0.463101 0.507944
vt 0.477423 0.468741
vt 0.434457 0.507944
vt 0.420135 0.468741
vt 0.434457 0.429537
vt 0.463101 0.429537
vt 0.587138 0.556760
vt 0.613099 0.589720
vt 0.631784 0.557091
vt 0.575509 0.590051
vt 0.551752 0.555768
vt 0.560735 0.537196
vt 0.619053 0.535707
vt 0.561838 0.587901
vt 0.600956 0.588515
vt 0.610406 0.611642
vt 0.633775 0.576378
vt 0.550465 0.606414
vt 0.548623 0.597262
vt 0.580041 0.560758
vt 0.619144 0.562265
vt 0.626499 0.597216
vt 0.563035 0.609191
vt 0.555823 0.577169
s 1
usemtl azd71_zaklad
f 3189/1388/1218 3185/1389/1219 3192/1390/1220
f 3189/1388/1218 3196/1391/1221 3185/1389/1219
f 3189/1388/1218 3197/1392/1222 3196/1391/1221
f 3189/1388/1218 3199/1393/1223 3197/1392/1222
f 3189/1388/1218 3186/1394/1224 3199/1393/1223
f 3189/1388/1218 3187/1395/1225 3186/1394/1224
f 3189/1388/1218 3202/1396/1226 3187/1395/1225
f 3189/1388/1218 3188/1397/1227 3202/1396/1226
f 3189/1388/1218 3190/1398/1228 3188/1397/1227
f 3189/1388/1218 3203/1399/1229 3190/1398/1228
f 3189/1388/1218 3191/1400/1230 3203/1399/1229
f 3189/1388/1218 3192/1390/1220 3191/1400/1230
f 3192/1401/1220 3195/1402/1231 3205/1403/1232
f 3192/1401/1220 3185/1404/1219 3195/1402/1231
f 3185/1404/1219 3194/1405/1233 3195/1402/1231
f 3185/1404/1219 3196/1406/1221 3194/1405/1233
f 3196/1406/1221 3198/1407/1234 3194/1405/1233
f 3196/1406/1221 3197/1408/1222 3198/1407/1234
f 3197/1409/1222 3207/1410/1235 3198/1411/1234
f 3197/1409/1222 3199/1412/1223 3207/1410/1235
f 3199/1412/1223 3208/1413/1236 3207/1410/1235
f 3199/1412/1223 3186/1414/1224 3208/1413/1236
f 3186/1414/1224 3209/1415/1237 3208/1413/1236
f 3186/1414/1224 3187/1416/1225 3209/1415/1237
f 3187/1416/1225 3210/1417/1238 3209/1415/1237
f 3187/1416/1225 3202/1418/1226 3210/1417/1238
f 3202/1418/1226 3211/1419/1239 3210/1417/1238
f 3202/1418/1226 3188/1420/1227 3211/1419/1239
f 3188/1420/1227 3213/1421/1240 3211/1419/1239
f 3188/1420/1227 3190/1422/1228 3213/1421/1240
f 3190/1422/1228 3214/1423/1241 3213/1421/1240
f 3190/1422/1228 3203/1424/1229 3214/1423/1241
f 3203/1424/1229 3204/1425/1242 3214/1423/1241
f 3203/1424/1229 3191/1426/1230 3204/1425/1242
f 3191/1426/1230 3205/1403/1232 3204/1425/1242
f 3191/1426/1230 3192/1401/1220 3205/1403/1232
f 3212/1388/1243 3205/1390/1232 3195/1389/1231
f 3212/1388/1243 3195/1389/1231 3194/1391/1233
f 3212/1388/1243 3194/1391/1233 3198/1392/1234
f 3212/1388/1243 3198/1392/1234 3207/1393/1235
f 3212/1388/1243 3207/1393/1235 3208/1394/1236
f 3212/1388/1243 3208/1394/1236 3209/1395/1237
f 3212/1388/1243 3209/1395/1237 3210/1396/1238
f 3212/1388/1243 3210/1396/1238 3211/1397/1239
f 3212/1388/1243 3211/1397/1239 3213/1398/1240
f 3212/1388/1243 3213/1398/1240 3214/1399/1241
f 3212/1388/1243 3214/1399/1241 3204/1400/1242
f 3212/1388/1243 3204/1400/1242 3205/1390/1232
f 3221/1427/1244 3215/1428/1245 3216/1429/1218
f 3216/1429/1218 3222/1430/1246 3221/1427/1244
f 3227/1427/1247 3226/1428/1248 3219/1429/1249
f 3219/1429/1249 3220/1430/1250 3227/1427/1247
f 3221/1427/1244 3222/1428/1246 3225/1429/1251
f 3225/1429/1251 3224/1430/1252 3221/1427/1244
f 3224/1429/1252 3225/1430/1251 3226/1427/1248
f 3226/1427/1248 3227/1428/1247 3224/1429/1252
f 3219/1427/1249 3226/1428/1248 3225/1429/1251
f 3215/1427/1245 3221/1428/1244 3224/1429/1252
f 3232/1431/1253 3228/1432/1254 3238/1433/1255
f 3238/1433/1255 3233/1434/1256 3232/1431/1253
f 3244/1431/1257 3236/1432/1258 3240/1433/1259
f 3240/1433/1259 3245/1434/1260 3244/1431/1257
f 3232/1431/1253 3233/1432/1256 3234/1433/1261
f 3234/1433/1261 3237/1434/1262 3232/1431/1253
f 3237/1433/1262 3234/1434/1261 3236/1431/1258
f 3236/1431/1258 3244/1432/1257 3237/1433/1262
f 3233/1431/1256 3238/1432/1255 3239/1433/1263
f 3239/1433/1263 3234/1434/1261 3233/1431/1256
f 3234/1433/1261 3239/1434/1263 3240/1431/1259
f 3240/1431/1259 3236/1432/1258 3234/1433/1261
f 3238/1431/1255 3228/1432/1254 3243/1433/1264
f 3243/1433/1264 3239/1434/1263 3238/1431/1255
f 3239/1433/1263 3243/1434/1264 3245/1431/1260
f 3245/1431/1260 3240/1432/1259 3239/1433/1263
f 3228/1431/1254 3232/1432/1253 3237/1433/1262
f 3237/1433/1262 3243/1434/1264 3228/1431/1254
f 3243/1433/1264 3237/1434/1262 3244/1431/1257
f 3244/1431/1257 3245/1432/1260 3243/1433/1264
f 3247/1435/1265 3258/1436/1266 3257/1437/1267
f 3247/1435/1265 3260/1438/1268 3258/1436/1266
f 3247/1435/1265 3264/1439/1269 3260/1440/1268
f 3247/1435/1265 3266/1441/1270 3264/1439/1269
f 3247/1435/1265 3267/1442/1271 3266/1441/1270
f 3247/1435/1265 3268/1443/1272 3267/1442/1271
f 3247/1435/1265 3269/1444/1273 3268/1443/1272
f 3247/1435/1265 3271/1445/1274 3269/1444/1273
f 3247/1435/1265 3272/1446/1275 3271/1445/1274
f 3247/1435/1265 3257/1437/1267 3272/1446/1275
f 3257/1437/1267 3259/1447/1276 3273/1448/1277
f 3257/1437/1267 3258/1436/1266 3259/1447/1276
f 3258/1436/1266 3261/1449/1278 3259/1447/1276
f 3258/1436/1266 3260/1438/1268 3261/1449/1278
f 3260/1440/1268 3277/1450/1279 3261/1451/1278
f 3260/1440/1268 3264/1439/1269 3277/1450/1279
f 3264/1439/1269 3263/1452/1280 3277/1450/1279
f 3264/1439/1269 3266/1441/1270 3263/1452/1280
f 3266/1441/1270 3265/1453/1281 3263/1452/1280
f 3266/1441/1270 3267/1442/1271 3265/1453/1281
f 3267/1442/1271 3282/1454/1282 3265/1453/1281
f 3267/1442/1271 3268/1443/1272 3282/1454/1282
f 3268/1443/1272 3284/1455/1283 3282/1454/1282
f 3268/1443/1272 3269/1444/1273 3284/1455/1283
f 3269/1444/1273 3286/1456/1284 3284/1455/1283
f 3269/1444/1273 3271/1445/1274 3286/1456/1284
f 3271/1445/1274 3270/1457/1285 3286/1456/1284
f 3271/1445/1274 3272/1446/1275 3270/1457/1285
f 3272/1446/1275 3273/1448/1277 3270/1457/1285
f 3272/1446/1275 3257/1437/1267 3273/1448/1277
f 3274/1458/1286 3273/1448/1277 3259/1447/1276
f 3274/1458/1286 3259/1447/1276 3261/1449/1278
f 3274/1458/1286 3261/1451/1278 3277/1450/1279
f 3274/1458/1286 3277/1450/1279 3263/1452/1280
f 3274/1458/1286 3263/1452/1280 3265/1453/1281
f 3274/1458/1286 3265/1453/1281 3282/1454/1282
f 3274/1458/1286 3282/1454/1282 3284/1455/1283
f 3274/1458/1286 3284/1455/1283 3286/1456/1284
f 3274/1458/1286 3286/1456/1284 3270/1457/1285
f 3274/1458/1286 3270/1457/1285 3273/1448/1277
f 3294/1459/1265 3297/1460/1266 3311/1461/1267
f 3294/1459/1265 3300/1462/1268 3297/1460/1266
f 3294/1459/1265 3301/1463/1269 3300/1462/1268
f 3294/1459/1265 3302/1464/1270 3301/1463/1269
f 3294/1459/1265 3305/1465/1271 3302/1464/1270
f 3294/1459/1265 3307/1466/1272 3305/1465/1271
f 3294/1459/1265 3296/1467/1287 3307/1466/1272
f 3294/1459/1265 3295/1468/1288 3296/1467/1287
f 3294/1459/1265 3310/1469/1275 3295/1468/1288
f 3294/1459/1265 3311/1461/1267 3310/1469/1275
f 3311/1437/1267 3299/1447/1276 3317/1448/1277
f 3311/1437/1267 3297/1436/1266 3299/1447/1276
f 3297/1436/1266 3298/1449/1289 3299/1447/1276
f 3297/1436/1266 3300/1438/1268 3298/1449/1289
f 3300/1440/1268 3313/1450/1279 3298/1451/1289
f 3300/1440/1268 3301/1439/1269 3313/1450/1279
f 3301/1439/1269 3343/1452/1280 3313/1450/1279
f 3301/1439/1269 3302/1441/1270 3343/1452/1280
f 3302/1441/1270 3303/1453/1281 3343/1452/1280
f 3302/1441/1270 3305/1442/1271 3303/1453/1281
f 3305/1442/1271 3315/1454/1282 3303/1453/1281
f 3305/1442/1271 3307/1443/1272 3315/1454/1282
f 3307/1443/1272 3308/1455/1290 3315/1454/1282
f 3307/1443/1272 3296/1444/1287 3308/1455/1290
f 3296/1444/1287 3309/1456/1291 3308/1455/1290
f 3296/1444/1287 3295/1445/1288 3309/1456/1291
f 3295/1445/1288 3316/1457/1285 3309/1456/1291
f 3295/1445/1288 3310/1446/1275 3316/1457/1285
f 3310/1446/1275 3317/1448/1277 3316/1457/1285
f 3310/1446/1275 3311/1437/1267 3317/1448/1277
f 3312/1470/1286 3317/1471/1277 3299/1472/1276
f 3312/1470/1286 3299/1472/1276 3298/1473/1289
f 3312/1470/1286 3298/1473/1289 3313/1474/1279
f 3312/1458/1286 3313/1450/1279 3343/1452/1280
f 3312/1458/1286 3343/1452/1280 3303/1453/1281
f 3312/1470/1286 3303/1475/1281 3315/1476/1282
f 3312/1470/1286 3315/1476/1282 3308/1477/1290
f 3312/1470/1286 3308/1477/1290 3309/1478/1291
f 3312/1470/1286 3309/1478/1291 3316/1479/1285
f 3312/1470/1286 3316/1479/1285 3317/1471/1277
f 3318/1435/1265 3333/1436/1292 3348/1437/1293
f 3318/1435/1265 3335/1438/1294 3333/1436/1292
f 3318/1435/1265 3337/1439/1295 3335/1440/1294
f 3318/1435/1265 3321/1441/1296 3337/1439/1295
f 3318/1435/1265 3340/1442/1297 3321/1441/1296
f 3318/1435/1265 3342/1443/1298 3340/1442/1297
f 3318/1435/1265 3345/1444/1299 3342/1443/1298
f 3318/1435/1265 3346/1445/1300 3345/1444/1299
f 3318/1435/1265 3329/1446/1301 3346/1445/1300
f 3318/1435/1265 3348/1437/1293 3329/1446/1301
f 3348/1437/1293 3331/1447/1302 3349/1448/1303
f 3348/1437/1293 3333/1436/1292 3331/1447/1302
f 3333/1436/1292 3353/1449/1304 3331/1447/1302
f 3333/1436/1292 3335/1438/1294 3353/1449/1304
f 3335/1440/1294 3338/1450/1305 3353/1451/1304
f 3335/1440/1294 3337/1439/1295 3338/1450/1305
f 3337/1439/1295 3355/1452/1306 3338/1450/1305
f 3337/1439/1295 3321/1441/1296 3355/1452/1306
f 3321/1441/1296 3341/1453/1307 3355/1452/1306
f 3321/1441/1296 3340/1442/1297 3341/1453/1307
f 3340/1442/1297 3344/1454/1308 3341/1453/1307
f 3340/1442/1297 3342/1443/1298 3344/1454/1308
f 3342/1443/1298 3359/1455/1309 3344/1454/1308
f 3342/1443/1298 3345/1444/1299 3359/1455/1309
f 3345/1444/1299 3361/1456/1310 3359/1455/1309
f 3345/1444/1299 3346/1445/1300 3361/1456/1310
f 3346/1445/1300 3347/1457/1311 3361/1456/1310
f 3346/1445/1300 3329/1446/1301 3347/1457/1311
f 3329/1446/1301 3349/1448/1303 3347/1457/1311
f 3329/1446/1301 3348/1437/1293 3349/1448/1303
f 3350/1458/1286 3349/1448/1303 3331/1447/1302
f 3350/1458/1286 3331/1447/1302 3353/1449/1304
f 3350/1458/1286 3353/1451/1304 3338/1450/1305
f 3350/1458/1286 3338/1450/1305 3355/1452/1306
f 3350/1458/1286 3355/1452/1306 3341/1453/1307
f 3350/1458/1286 3341/1453/1307 3344/1454/1308
f 3350/1458/1286 3344/1454/1308 3359/1455/1309
f 3350/1458/1286 3359/1455/1309 3361/1456/1310
f 3350/1458/1286 3361/1456/1310 3347/1457/1311
f 3350/1458/1286 3347/1457/1311 3349/1448/1303
f 3365/1480/1265 3366/1481/1292 3369/1482/1293
f 3365/1480/1265 3371/1483/1294 3366/1481/1292
f 3365/1480/1265 3372/1484/1295 3371/1483/1294
f 3365/1480/1265 3373/1485/1296 3372/1484/1295
f 3365/1480/1265 3376/1486/1297 3373/1485/1296
f 3365/1480/1265 3379/1487/1298 3376/1486/1297
f 3365/1480/1265 3380/1488/1312 3379/1487/1298
f 3365/1480/1265 3381/1489/1300 3380/1488/1312
f 3365/1480/1265 3383/1490/1301 3381/1489/1300
f 3365/1480/1265 3369/1482/1293 3383/1490/1301
f 3369/1437/1293 3370/1447/1302 3384/1448/1303
f 3369/1437/1293 3366/1436/1292 3370/1447/1302
f 3366/1436/1292 3385/1449/1304 3370/1447/1302
f 3366/1436/1292 3371/1438/1294 3385/1449/1304
f 3371/1440/1294 3386/1450/1305 3385/1451/1304
f 3371/1440/1294 3372/1439/1295 3386/1450/1305
f 3372/1439/1295 3388/1452/1306 3386/1450/1305
f 3372/1439/1295 3373/1441/1296 3388/1452/1306
f 3373/1441/1296 3378/1453/1307 3388/1452/1306
f 3373/1441/1296 3376/1442/1297 3378/1453/1307
f 3376/1442/1297 3377/1454/1308 3378/1453/1307
f 3376/1442/1297 3379/1443/1298 3377/1454/1308
f 3379/1443/1298 3387/1455/1309 3377/1454/1308
f 3379/1443/1298 3380/1444/1312 3387/1455/1309
f 3380/1444/1312 3382/1456/1310 3387/1455/1309
f 3380/1444/1312 3381/1445/1300 3382/1456/1310
f 3381/1445/1300 3375/1457/1311 3382/1456/1310
f 3381/1445/1300 3383/1446/1301 3375/1457/1311
f 3383/1446/1301 3384/1448/1303 3375/1457/1311
f 3383/1446/1301 3369/1437/1293 3384/1448/1303
f 3374/1491/1286 3384/1492/1303 3370/1493/1302
f 3374/1491/1286 3370/1493/1302 3385/1494/1304
f 3374/1491/1286 3385/1494/1304 3386/1495/1305
f 3374/1491/1286 3386/1495/1305 3388/1496/1306
f 3374/1491/1286 3388/1496/1306 3378/1497/1307
f 3374/1491/1286 3378/1497/1307 3377/1498/1308
f 3374/1491/1286 3377/1498/1308 3387/1499/1309
f 3374/1491/1286 3387/1499/1309 3382/1500/1310
f 3374/1491/1286 3382/1500/1310 3375/1501/1311
f 3374/1491/1286 3375/1501/1311 3384/1492/1303
f 3367/1431/1286 3368/1502/1286 3358/1503/1286
f 3358/1503/1286 3360/1504/1286 3367/1431/1286
f 3364/1505/1313 3363/1432/1314 3362/1506/1315
f 3362/1506/1315 3351/1507/1286 3364/1505/1313
f 3360/1504/1286 3358/1503/1286 3357/1508/1286
f 3357/1508/1286 3356/1434/1286 3360/1504/1286
f 3351/1507/1286 3362/1506/1315 3354/1509/1286
f 3354/1509/1286 3352/1510/1286 3351/1507/1286
f 3339/1511/1286 3328/1512/1316 3336/1513/1317
f 3339/1511/1286 3327/1514/1318 3328/1512/1316
f 3339/1511/1286 3334/1515/1319 3327/1514/1318
f 3339/1511/1286 3332/1516/1320 3334/1515/1319
f 3339/1511/1286 3323/1517/1321 3332/1516/1320
f 3339/1511/1286 3336/1513/1317 3323/1517/1321
f 3336/1513/1317 3330/1512/1322 3320/1513/1323
f 3336/1513/1317 3328/1512/1316 3330/1512/1322
f 3328/1512/1316 3319/1514/1324 3330/1512/1322
f 3328/1512/1316 3327/1514/1318 3319/1514/1324
f 3327/1514/1318 3326/1515/1325 3319/1514/1324
f 3327/1514/1318 3334/1515/1319 3326/1515/1325
f 3334/1515/1319 3325/1516/1326 3326/1515/1325
f 3334/1515/1319 3332/1516/1320 3325/1516/1326
f 3332/1516/1320 3324/1517/1327 3325/1516/1326
f 3332/1516/1320 3323/1517/1321 3324/1517/1327
f 3323/1517/1321 3320/1513/1323 3324/1517/1327
f 3323/1517/1321 3336/1513/1317 3320/1513/1323
f 3322/1511/1265 3320/1513/1323 3330/1512/1322
f 3322/1511/1265 3330/1512/1322 3319/1514/1324
f 3322/1511/1265 3319/1514/1324 3326/1515/1325
f 3322/1511/1265 3326/1515/1325 3325/1516/1326
f 3322/1511/1265 3325/1516/1326 3324/1517/1327
f 3322/1511/1265 3324/1517/1327 3320/1513/1323
f 3314/1511/1286 3292/1512/1316 3306/1513/1317
f 3314/1511/1286 3290/1514/1318 3292/1512/1316
f 3314/1511/1286 3304/1515/1319 3290/1514/1318
f 3314/1511/1286 3288/1516/1320 3304/1515/1319
f 3314/1511/1286 3287/1517/1321 3288/1516/1320
f 3314/1511/1286 3306/1513/1317 3287/1517/1321
f 3306/1513/1317 3283/1512/1328 3293/1513/1323
f 3306/1513/1317 3292/1512/1316 3283/1512/1328
f 3292/1512/1316 3291/1514/1324 3283/1512/1328
f 3292/1512/1316 3290/1514/1318 3291/1514/1324
f 3290/1514/1318 3281/1515/1325 3291/1514/1324
f 3290/1514/1318 3304/1515/1319 3281/1515/1325
f 3304/1515/1319 3289/1516/1326 3281/1515/1325
f 3304/1515/1319 3288/1516/1320 3289/1516/1326
f 3288/1516/1320 3280/1517/1327 3289/1516/1326
f 3288/1516/1320 3287/1517/1321 3280/1517/1327
f 3287/1517/1321 3293/1513/1323 3280/1517/1327
f 3287/1517/1321 3306/1513/1317 3293/1513/1323
f 3285/1511/1265 3293/1513/1323 3283/1512/1328
f 3285/1511/1265 3283/1512/1328 3291/1514/1324
f 3285/1511/1265 3291/1514/1324 3281/1515/1325
f 3285/1511/1265 3281/1515/1325 3289/1516/1326
f 3285/1511/1265 3289/1516/1326 3280/1517/1327
f 3285/1511/1265 3280/1517/1327 3293/1513/1323
f 3279/1518/1286 3255/1519/1329 3278/1520/1317
f 3279/1518/1286 3276/1521/1330 3255/1519/1329
f 3279/1518/1286 3275/1522/1319 3276/1521/1330
f 3279/1518/1286 3253/1523/1331 3275/1522/1319
f 3279/1518/1286 3262/1524/1332 3253/1523/1331
f 3279/1518/1286 3278/1520/1317 3262/1524/1332
f 3278/1520/1317 3251/1519/1328 3256/1520/1323
f 3278/1520/1317 3255/1519/1329 3251/1519/1328
f 3255/1519/1329 3250/1525/1333 3251/1519/1328
f 3255/1519/1329 3276/1521/1330 3250/1525/1333
f 3276/1521/1330 3254/1522/1325 3250/1525/1333
f 3276/1521/1330 3275/1522/1319 3254/1522/1325
f 3275/1522/1319 3249/1523/1326 3254/1522/1325
f 3275/1522/1319 3253/1523/1331 3249/1523/1326
f 3253/1523/1331 3248/1524/1334 3249/1523/1326
f 3253/1523/1331 3262/1524/1332 3248/1524/1334
f 3262/1524/1332 3256/1520/1323 3248/1524/1334
f 3262/1524/1332 3278/1520/1317 3256/1520/1323
f 3252/1518/1265 3256/1520/1323 3251/1519/1328
f 3252/1518/1265 3251/1519/1328 3250/1525/1333
f 3252/1518/1265 3250/1525/1333 3254/1522/1325
f 3252/1518/1265 3254/1522/1325 3249/1523/1326
f 3252/1518/1265 3249/1523/1326 3248/1524/1334
f 3252/1518/1265 3248/1524/1334 3256/1520/1323
f 3246/1526/1286 3230/1527/1316 3242/1528/1317
f 3246/1526/1286 3241/1529/1318 3230/1527/1316
f 3246/1526/1286 3218/1530/1319 3241/1529/1318
f 3246/1526/1286 3206/1531/1320 3218/1530/1319
f 3246/1526/1286 3235/1532/1332 3206/1531/1320
f 3246/1526/1286 3242/1528/1317 3235/1532/1332
f 3242/1528/1317 3200/1527/1322 3231/1533/1323
f 3242/1528/1317 3230/1527/1316 3200/1527/1322
f 3230/1527/1316 3229/1534/1324 3200/1527/1322
f 3230/1527/1316 3241/1529/1318 3229/1534/1324
f 3241/1529/1318 3223/1535/1325 3229/1534/1324
f 3241/1529/1318 3218/1530/1319 3223/1535/1325
f 3218/1530/1319 3217/1531/1326 3223/1535/1325
f 3218/1530/1319 3206/1531/1320 3217/1531/1326
f 3206/1531/1320 3193/1532/1327 3217/1531/1326
f 3206/1531/1320 3235/1532/1332 3193/1532/1327
f 3235/1532/1332 3231/1533/1323 3193/1532/1327
f 3235/1532/1332 3242/1528/1317 3231/1533/1323
f 3201/1526/1265 3231/1533/1323 3200/1527/1322
f 3201/1526/1265 3200/1527/1322 3229/1534/1324
f 3201/1526/1265 3229/1534/1324 3223/1535/1325
f 3201/1526/1265 3223/1535/1325 3217/1531/1326
f 3201/1526/1265 3217/1531/1326 3193/1532/1327
f 3201/1526/1265 3193/1532/1327 3231/1533/1323
o stupacka_zaklad
v 0.043792 0.440913 -0.024202
v 0.043792 0.431233 -0.024202
v -0.024197 0.432754 0.048401
v 0.052175 0.436072 -0.024203
v -0.024198 0.437993 0.039326
v -0.024197 0.443233 0.048401
v -0.024197 0.437993 0.051426
v 0.024203 0.432754 0.048399
v 0.043792 0.450593 -0.024202
v -0.024198 0.432754 0.042351
v 0.038952 0.449295 -0.024202
v 0.024202 0.443233 0.042349
v 0.035409 0.445753 -0.024202
v -0.024198 0.443233 0.042351
v 0.038952 0.432529 -0.024202
v 0.024203 0.437993 0.051424
v 0.024202 0.432754 0.042349
v 0.043794 0.431233 0.024198
v 0.048632 0.432529 -0.024203
v 0.024202 0.437993 0.039324
v 0.024203 0.443233 0.048399
v 0.052177 0.436072 0.024197
v -0.024203 0.437993 -0.051424
v -0.024203 0.443233 -0.048399
v -0.024202 0.443233 -0.042349
v 0.024198 0.432754 -0.042351
v 0.053472 0.440913 -0.024203
v 0.052177 0.445753 0.024197
v -0.024202 0.432754 -0.042349
v 0.052175 0.445753 -0.024203
v 0.024197 0.432754 -0.048401
v -0.024203 0.432754 -0.048399
v 0.024197 0.437993 -0.051426
v 0.048632 0.449295 -0.024203
v 0.024197 0.443233 -0.048401
v 0.043794 0.450593 0.024198
v 0.024198 0.443233 -0.042351
v -0.024202 0.437993 -0.039324
v 0.024198 0.437993 -0.039326
v 0.035411 0.445753 0.024198
v 0.034114 0.440913 0.024198
v -0.024197 0.462935 0.048401
v -0.024198 0.462935 0.042351
v 0.034112 0.440913 -0.024202
v -0.024198 0.473414 0.042351
v -0.024197 0.468174 0.051426
v 0.035409 0.436072 -0.024202
v 0.038954 0.432529 0.024198
v 0.024202 0.462935 0.042349
v -0.024198 0.468174 0.039326
v -0.024197 0.473414 0.048401
v 0.043794 0.440913 0.024198
v 0.048634 0.432529 0.024197
v 0.024203 0.468174 0.051424
v 0.053474 0.440913 0.024197
v 0.024203 0.462935 0.048399
v 0.024202 0.473414 0.042349
v 0.024202 0.468174 0.039324
v 0.048634 0.449295 0.024197
v 0.024203 0.473414 0.048399
v -0.024202 0.462935 -0.042349
v -0.024203 0.462935 -0.048399
v -0.024203 0.468174 -0.051424
v 0.038954 0.449295 0.024198
v 0.024198 0.462935 -0.042351
v 0.035411 0.436072 0.024198
v 0.024198 0.473414 -0.042351
v 0.024197 0.468174 -0.051426
v 0.024197 0.473414 -0.048401
v -0.024203 0.473414 -0.048399
v 0.024197 0.462935 -0.048401
v -0.024202 0.468174 -0.039324
v -0.024202 0.473414 -0.042349
v 0.024198 0.468174 -0.039326
vn -0.0001 -0.0000 -1.0000
vn 0.3785 -0.6558 -0.6532
vn -0.0000 -0.7571 -0.6532
vn 0.6557 -0.3786 -0.6533
vn 0.7571 -0.0000 -0.6533
vn 0.6557 0.3786 -0.6532
vn 0.3786 0.6557 -0.6533
vn -0.0000 0.7572 -0.6532
vn -0.3786 0.6557 -0.6532
vn -0.6557 0.3786 -0.6532
vn -0.7572 -0.0000 -0.6532
vn -0.6558 -0.3786 -0.6532
vn -0.3786 -0.6558 -0.6532
vn 0.3786 -0.6558 0.6532
vn -0.0000 -0.7571 0.6532
vn 0.6558 -0.3786 0.6532
vn 0.7572 -0.0000 0.6532
vn 0.6557 0.3786 0.6532
vn 0.3786 0.6557 0.6532
vn -0.0000 0.7572 0.6532
vn -0.3786 0.6557 0.6533
vn -0.6557 0.3786 0.6532
vn -0.7571 -0.0000 0.6533
vn -0.6557 -0.3786 0.6533
vn -0.3785 -0.6558 0.6532
vn 0.0001 -0.0000 1.0000
vn 0.6100 0.6862 0.3962
vn 0.6100 -0.0000 -0.7924
vn 0.6100 0.6862 -0.3963
vn 0.6100 -0.6863 -0.3962
vn 0.6100 -0.6862 0.3962
vn 0.6100 -0.0000 0.7924
vn -0.6100 0.6862 0.3963
vn -0.6100 -0.0000 0.7924
vn -0.6100 0.6862 -0.3962
vn -0.6100 -0.0000 -0.7924
vn -0.6100 -0.6862 -0.3962
vn -0.6100 -0.6862 0.3962
vt 0.952258 0.357198
vt 0.938341 0.324151
vt 0.936110 0.357173
vt 0.944301 0.299983
vt 0.952393 0.291146
vt 0.960449 0.300007
vt 0.966310 0.324193
vt 0.968406 0.357222
vt 0.966175 0.390245
vt 0.960215 0.414413
vt 0.952123 0.423250
vt 0.944067 0.414389
vt 0.938206 0.390203
vt 0.968338 0.390281
vt 0.936020 0.401252
vt 0.936043 0.390233
vt 0.968316 0.401301
vt 0.935997 0.412272
vt 0.968293 0.412321
vt 0.935975 0.423292
vt 0.968271 0.423341
vt 0.968541 0.291104
vt 0.936223 0.302075
vt 0.936245 0.291055
vt 0.968519 0.302124
vt 0.936200 0.313095
vt 0.968496 0.313143
vt 0.936178 0.324114
vt 0.968474 0.324163
vt 0.936155 0.335134
vt 0.968451 0.335183
vt 0.936133 0.346154
vt 0.968429 0.346203
vt 0.936088 0.368193
vt 0.968384 0.368242
vt 0.936065 0.379213
vt 0.968361 0.379262
vt 0.604480 0.378687
vt 0.604406 0.352345
vt 0.604357 0.334784
vt 0.604455 0.369906
vt 0.604504 0.387467
vt 0.604554 0.396288
vt 0.499320 0.413349
vt 0.499271 0.395788
vt 0.604603 0.413849
vt 0.604308 0.323251
vt 0.499073 0.334284
vt 0.499024 0.322751
vt 0.499123 0.351845
vt 0.499172 0.369406
vt 0.499221 0.386968
vt 0.499197 0.378187
s 1
usemtl skrin
f 3389/1536/1335 3407/1537/1336 3390/1538/1337
f 3389/1536/1335 3392/1539/1338 3407/1537/1336
f 3389/1536/1335 3415/1540/1339 3392/1539/1338
f 3389/1536/1335 3418/1541/1340 3415/1540/1339
f 3389/1536/1335 3422/1542/1341 3418/1541/1340
f 3389/1536/1335 3397/1543/1342 3422/1542/1341
f 3389/1536/1335 3399/1544/1343 3397/1543/1342
f 3389/1536/1335 3401/1545/1344 3399/1544/1343
f 3389/1536/1335 3432/1546/1345 3401/1545/1344
f 3389/1536/1335 3435/1547/1346 3432/1546/1345
f 3389/1536/1335 3403/1548/1347 3435/1547/1346
f 3389/1536/1335 3390/1538/1337 3403/1548/1347
f 3390/1549/1337 3441/1550/1348 3406/1551/1349
f 3390/1549/1337 3407/1552/1336 3441/1550/1348
f 3407/1552/1336 3410/1553/1350 3441/1550/1348
f 3407/1552/1336 3392/1554/1338 3410/1553/1350
f 3392/1554/1338 3443/1555/1351 3410/1553/1350
f 3392/1554/1338 3415/1556/1339 3443/1555/1351
f 3415/1557/1339 3416/1558/1352 3443/1559/1351
f 3415/1557/1339 3418/1560/1340 3416/1558/1352
f 3418/1560/1340 3447/1561/1353 3416/1558/1352
f 3418/1560/1340 3422/1562/1341 3447/1561/1353
f 3422/1562/1341 3424/1563/1354 3447/1561/1353
f 3422/1562/1341 3397/1564/1342 3424/1563/1354
f 3397/1564/1342 3452/1565/1355 3424/1563/1354
f 3397/1564/1342 3399/1566/1343 3452/1565/1355
f 3399/1566/1343 3428/1567/1356 3452/1565/1355
f 3399/1566/1343 3401/1568/1344 3428/1567/1356
f 3401/1568/1344 3429/1538/1357 3428/1567/1356
f 3401/1568/1344 3432/1543/1345 3429/1538/1357
f 3432/1543/1345 3454/1569/1358 3429/1538/1357
f 3432/1543/1345 3435/1570/1346 3454/1569/1358
f 3435/1570/1346 3436/1571/1359 3454/1569/1358
f 3435/1570/1346 3403/1572/1347 3436/1571/1359
f 3403/1572/1347 3406/1551/1349 3436/1571/1359
f 3403/1572/1347 3390/1549/1337 3406/1551/1349
f 3440/1536/1360 3406/1538/1349 3441/1537/1348
f 3440/1536/1360 3441/1537/1348 3410/1539/1350
f 3440/1536/1360 3410/1539/1350 3443/1540/1351
f 3440/1536/1360 3443/1540/1351 3416/1541/1352
f 3440/1536/1360 3416/1541/1352 3447/1542/1353
f 3440/1536/1360 3447/1542/1353 3424/1543/1354
f 3440/1536/1360 3424/1543/1354 3452/1544/1355
f 3440/1536/1360 3452/1544/1355 3428/1545/1356
f 3440/1536/1360 3428/1545/1356 3429/1546/1357
f 3440/1536/1360 3429/1546/1357 3454/1547/1358
f 3440/1536/1360 3454/1547/1358 3436/1548/1359
f 3440/1536/1360 3436/1548/1359 3406/1538/1349
f 3455/1573/1361 3456/1574/1362 3457/1575/1363
f 3455/1573/1361 3459/1576/1364 3456/1574/1362
f 3455/1573/1361 3453/1577/1365 3459/1576/1364
f 3455/1573/1361 3462/1578/1366 3453/1577/1365
f 3462/1578/1366 3461/1579/1367 3460/1580/1368
f 3462/1578/1366 3455/1581/1361 3461/1579/1367
f 3455/1582/1361 3458/1583/1369 3461/1584/1367
f 3455/1582/1361 3457/1575/1363 3458/1583/1369
f 3457/1575/1363 3451/1585/1370 3458/1583/1369
f 3457/1575/1363 3456/1574/1362 3451/1585/1370
f 3456/1574/1362 3450/1586/1371 3451/1585/1370
f 3456/1574/1362 3459/1576/1364 3450/1586/1371
f 3459/1576/1364 3449/1587/1372 3450/1586/1371
f 3459/1576/1364 3453/1577/1365 3449/1587/1372
f 3453/1577/1365 3460/1580/1368 3449/1587/1372
f 3453/1577/1365 3462/1578/1366 3460/1580/1368
f 3460/1588/1368 3461/1584/1367 3458/1583/1369
f 3460/1588/1368 3458/1583/1369 3451/1585/1370
f 3460/1588/1368 3451/1585/1370 3450/1586/1371
f 3460/1588/1368 3450/1586/1371 3449/1587/1372
f 3448/1573/1361 3446/1574/1362 3445/1575/1363
f 3448/1573/1361 3437/1576/1364 3446/1574/1362
f 3448/1573/1361 3444/1577/1365 3437/1576/1364
f 3448/1573/1361 3442/1578/1366 3444/1577/1365
f 3442/1578/1366 3439/1579/1367 3434/1580/1368
f 3442/1578/1366 3448/1581/1361 3439/1579/1367
f 3448/1582/1361 3433/1583/1369 3439/1584/1367
f 3448/1582/1361 3445/1575/1363 3433/1583/1369
f 3445/1575/1363 3438/1585/1370 3433/1583/1369
f 3445/1575/1363 3446/1574/1362 3438/1585/1370
f 3446/1574/1362 3431/1586/1371 3438/1585/1370
f 3446/1574/1362 3437/1576/1364 3431/1586/1371
f 3437/1576/1364 3430/1587/1372 3431/1586/1371
f 3437/1576/1364 3444/1577/1365 3430/1587/1372
f 3444/1577/1365 3434/1580/1368 3430/1587/1372
f 3444/1577/1365 3442/1578/1366 3434/1580/1368
f 3434/1588/1368 3439/1584/1367 3433/1583/1369
f 3434/1588/1368 3433/1583/1369 3438/1585/1370
f 3434/1588/1368 3438/1585/1370 3431/1586/1371
f 3434/1588/1368 3431/1586/1371 3430/1587/1372
f 3425/1573/1361 3421/1574/1362 3423/1575/1363
f 3425/1573/1361 3419/1576/1364 3421/1574/1362
f 3425/1573/1361 3414/1577/1365 3419/1576/1364
f 3425/1573/1361 3427/1578/1366 3414/1577/1365
f 3427/1578/1366 3413/1579/1367 3426/1580/1368
f 3427/1578/1366 3425/1581/1361 3413/1579/1367
f 3425/1582/1361 3412/1583/1369 3413/1584/1367
f 3425/1582/1361 3423/1575/1363 3412/1583/1369
f 3423/1575/1363 3411/1585/1370 3412/1583/1369
f 3423/1575/1363 3421/1574/1362 3411/1585/1370
f 3421/1574/1362 3420/1586/1371 3411/1585/1370
f 3421/1574/1362 3419/1576/1364 3420/1586/1371
f 3419/1576/1364 3417/1587/1372 3420/1586/1371
f 3419/1576/1364 3414/1577/1365 3417/1587/1372
f 3414/1577/1365 3426/1580/1368 3417/1587/1372
f 3414/1577/1365 3427/1578/1366 3426/1580/1368
f 3426/1588/1368 3413/1584/1367 3412/1583/1369
f 3426/1588/1368 3412/1583/1369 3411/1585/1370
f 3426/1588/1368 3411/1585/1370 3420/1586/1371
f 3426/1588/1368 3420/1586/1371 3417/1587/1372
f 3409/1573/1361 3408/1574/1362 3400/1575/1363
f 3409/1573/1361 3405/1576/1364 3408/1574/1362
f 3409/1573/1361 3396/1577/1365 3405/1576/1364
f 3409/1573/1361 3404/1578/1366 3396/1577/1365
f 3404/1578/1366 3394/1579/1367 3395/1580/1368
f 3404/1578/1366 3409/1581/1361 3394/1579/1367
f 3409/1582/1361 3402/1583/1369 3394/1584/1367
f 3409/1582/1361 3400/1575/1363 3402/1583/1369
f 3400/1575/1363 3393/1585/1370 3402/1583/1369
f 3400/1575/1363 3408/1574/1362 3393/1585/1370
f 3408/1574/1362 3398/1586/1371 3393/1585/1370
f 3408/1574/1362 3405/1576/1364 3398/1586/1371
f 3405/1576/1364 3391/1587/1372 3398/1586/1371
f 3405/1576/1364 3396/1577/1365 3391/1587/1372
f 3396/1577/1365 3395/1580/1368 3391/1587/1372
f 3396/1577/1365 3404/1578/1366 3395/1580/1368
f 3395/1588/1368 3394/1584/1367 3402/1583/1369
f 3395/1588/1368 3402/1583/1369 3393/1585/1370
f 3395/1588/1368 3393/1585/1370 3398/1586/1371
f 3395/1588/1368 3398/1586/1371 3391/1587/1372
o stupacka
v 0.056036 0.438997 -0.026013
v 0.056038 0.480460 -0.066548
v 0.053013 0.541847 -0.066548
v 0.056032 0.541847 0.066552
v 0.053013 0.480460 -0.066548
v 0.053011 0.438997 -0.026013
v 0.053007 0.480460 0.066552
v 0.056038 0.541847 -0.066548
v 0.053007 0.541847 0.066552
v 0.056034 0.438997 0.026017
v 0.053009 0.438997 0.026017
v 0.056032 0.480460 0.066552
vn 0.6293 -0.7163 -0.3014
vn 0.6312 -0.2928 -0.7182
vn 0.6312 -0.2928 0.7183
vn 0.6293 -0.7163 0.3015
vn 0.5774 0.5773 -0.5773
vn 0.5773 0.5774 0.5774
vn -0.6293 -0.7163 -0.3015
vn -0.6293 -0.7163 0.3014
vn -0.6312 -0.2928 0.7182
vn -0.6312 -0.2928 -0.7183
vn -0.5774 0.5774 0.5773
vn -0.5773 0.5774 -0.5774
vt 0.252638 0.415881
vt 0.423389 0.165236
vt 0.479620 0.765133
vt 0.272210 0.569121
vt 0.782953 0.146002
vt 0.796822 0.759090
vt 0.031510 0.522668
vt 0.090305 0.522668
vt 0.090305 0.581463
vt 0.031510 0.581463
vt 0.060907 0.522668
vt 0.060907 0.581463
s 1
usemtl stupacka
f 3463/1589/1373 3464/1590/1374 3474/1591/1375
f 3474/1591/1375 3472/1592/1376 3463/1589/1373
f 3464/1590/1374 3470/1593/1377 3466/1594/1378
f 3466/1594/1378 3474/1591/1375 3464/1590/1374
f 3468/1592/1379 3473/1589/1380 3469/1590/1381
f 3469/1590/1381 3467/1591/1382 3468/1592/1379
f 3467/1591/1382 3469/1590/1381 3471/1593/1383
f 3471/1593/1383 3465/1594/1384 3467/1591/1382
f 3463/1595/1373 3472/1596/1376 3473/1597/1380
f 3473/1597/1380 3468/1598/1379 3463/1595/1373
f 3472/1595/1376 3474/1599/1375 3469/1600/1381
f 3469/1600/1381 3473/1598/1380 3472/1595/1376
f 3474/1599/1375 3466/1596/1378 3471/1597/1383
f 3471/1597/1383 3469/1600/1381 3474/1599/1375
f 3466/1595/1378 3470/1596/1377 3465/1597/1384
f 3465/1597/1384 3471/1598/1383 3466/1595/1378
f 3470/1595/1377 3464/1599/1374 3467/1600/1382
f 3467/1600/1382 3465/1598/1384 3470/1595/1377
f 3464/1599/1374 3463/1596/1373 3468/1597/1379
f 3468/1597/1379 3467/1600/1382 3464/1599/1374
o podstavec
v -0.066554 0.223572 0.015049
v -0.049009 0.223572 0.015049
v -0.066554 0.244179 0.015201
v -0.059875 0.253254 0.015201
v -0.059875 0.223572 0.015049
v 0.049005 0.223547 0.048551
v 0.049001 0.223572 0.015049
v 0.059891 0.223572 0.015049
v 0.066546 0.243883 0.015201
v 0.059895 0.223547 0.048551
v 0.059891 0.253254 0.015201
v 0.066546 0.223572 0.015049
v -0.066550 0.244154 0.048703
v 0.066550 0.223547 0.048551
v -0.049005 0.256859 0.048703
v -0.049009 0.256884 0.015201
v 0.049005 0.256859 0.048703
v 0.049001 0.256884 0.015201
v -0.049005 0.223547 0.048551
v 0.059895 0.253229 0.048703
v -0.059871 0.253229 0.048703
v -0.059871 0.223547 0.048551
v -0.066550 0.223547 0.048551
v 0.066550 0.243858 0.048703
v 0.069575 0.105180 0.142230
v 0.023191 0.227783 0.111980
v -0.023191 0.227783 0.111980
v 0.023191 0.105180 0.142230
v -0.023191 0.105180 0.142230
v -0.069575 0.227783 0.111980
v 0.048400 0.034183 0.130180
v 0.023191 0.034183 0.130180
v 0.023191 0.034183 0.112030
v -0.023191 0.034183 0.130180
v 0.048400 0.034183 0.112030
v -0.023191 0.034183 0.112030
v 0.023191 0.034183 0.027225
v -0.048400 0.034183 0.027201
v -0.023191 0.034183 0.027225
v -0.048400 0.034183 0.129979
v -0.069575 0.227783 0.093830
v -0.069575 0.105180 0.142230
v -0.048400 0.034183 0.111829
v -0.069575 0.105180 0.027225
v -0.069575 0.105180 0.124080
v -0.069575 0.227783 0.027225
v 0.023191 0.227783 0.093830
v 0.069575 0.227783 0.111980
v -0.023191 0.227783 0.093830
v -0.023191 0.227783 0.027225
v 0.023191 0.227783 0.027225
v 0.069575 0.227783 0.093830
v 0.069575 0.227783 0.027225
v 0.069575 0.105180 0.124080
v 0.048400 0.034183 0.027256
v 0.069575 0.105180 0.027225
vn -0.5775 -0.5790 0.5755
vn -0.5770 -0.5752 -0.5798
vn -0.0005 -0.7047 -0.7095
vn 0.0001 -0.7091 0.7051
vn -0.0001 -0.7052 -0.7091
vn -0.0000 -0.7090 0.7052
vn -0.0000 -0.7052 -0.7090
vn -0.0001 -0.7091 0.7052
vn 0.0001 -0.7051 -0.7091
vn -0.0005 -0.7095 0.7047
vn 0.5771 -0.5756 -0.5792
vn 0.5777 -0.5795 0.5748
vn -0.7243 0.2357 0.6479
vn -0.4492 0.6159 0.6472
vn -0.4504 0.6194 -0.6430
vn -0.7297 0.2412 -0.6398
vn -0.1186 0.7286 0.6746
vn -0.1190 0.7320 -0.6709
vn 0.1183 0.7287 0.6746
vn 0.1186 0.7320 -0.6709
vn 0.4551 0.6135 0.6454
vn 0.4562 0.6170 -0.6413
vn 0.7261 0.2299 0.6480
vn 0.7316 0.2355 -0.6398
vn 0.4841 -0.6932 0.5339
vn 0.6911 -0.0623 0.7200
vn -0.0000 0.0369 0.9993
vn -0.0000 -0.7640 0.6452
vn -0.0016 -0.7637 0.6456
vn -0.6911 -0.0625 0.7201
vn -0.4864 -0.6945 0.5301
vn 0.5911 0.6350 0.4974
vn -0.0000 0.7873 0.6166
vn -0.5912 0.6350 0.4973
vn -0.0000 -1.0000 -0.0000
vn 0.5976 -0.8018 -0.0000
vn -0.5976 -0.8018 -0.0000
vn 0.5974 -0.8019 -0.0000
vn -0.5977 -0.8017 -0.0000
vn -0.9895 -0.1444 -0.0000
vn -0.7071 0.7071 -0.0000
vn -0.0000 1.0000 -0.0000
vn 0.7071 0.7071 -0.0000
vn 0.9895 -0.1444 -0.0000
vt 0.921703 0.816814
vt 0.924178 0.878970
vt 0.912102 0.878762
vt 0.909628 0.816607
vt 0.892458 0.878425
vt 0.889984 0.816269
vt 0.715268 0.875382
vt 0.712793 0.813227
vt 0.695580 0.875044
vt 0.693106 0.812889
vt 0.683549 0.874838
vt 0.681074 0.812683
vt 0.681070 0.812402
vt 0.693146 0.812609
vt 0.695606 0.874765
vt 0.683530 0.874557
vt 0.712790 0.812947
vt 0.715250 0.875102
vt 0.889980 0.815989
vt 0.892440 0.878144
vt 0.909668 0.816327
vt 0.912128 0.878482
vt 0.921700 0.816534
vt 0.924159 0.878689
vt 0.681070 0.812402
vt 0.693146 0.812609
vt 0.695352 0.868200
vt 0.682603 0.850997
vt 0.715266 0.875336
vt 0.892456 0.878379
vt 0.911875 0.871918
vt 0.923209 0.854572
vt 0.682145 0.812420
vt 0.921701 0.816580
vt 0.922130 0.854600
vt 0.682573 0.850441
vt 0.681072 0.812448
vt 0.693104 0.812655
vt 0.695310 0.868246
vt 0.682583 0.850487
vt 0.712792 0.812993
vt 0.715268 0.875383
vt 0.889982 0.816035
vt 0.909626 0.816373
vt 0.911832 0.871963
vt 0.923233 0.855174
vt 0.681065 0.812448
vt 0.920617 0.816515
vt 0.923231 0.855128
vt 0.683679 0.851061
vt 0.649743 0.251771
vt 0.732539 0.416994
vt 0.566675 0.416994
vt 0.566676 0.244447
vt 0.413833 0.416994
vt 0.413833 0.244447
vt 0.245365 0.416994
vt 0.323605 0.258607
vt 0.732739 0.417087
vt 0.711926 0.681245
vt 0.566742 0.695137
vt 0.566742 0.417087
vt 0.566675 0.695187
vt 0.413833 0.693274
vt 0.247318 0.660363
vt 0.897046 0.812598
vt 0.898032 0.870483
vt 0.811248 0.871187
vt 0.810262 0.813302
vt 0.899017 0.928367
vt 0.812234 0.929071
vt 0.896811 0.971712
vt 0.812240 0.973399
vt 0.681062 0.871891
vt 0.680076 0.814006
vt 0.682048 0.929775
vt 0.684687 0.972438
vt 0.649576 0.251759
vt 0.733047 0.417309
vt 0.681627 0.417321
vt 0.623775 0.251003
vt 0.733467 0.417212
vt 0.730333 0.556718
vt 0.683711 0.551608
vt 0.681136 0.417376
vt 0.287286 0.416473
vt 0.368960 0.246435
vt 0.485032 0.416892
vt 0.651995 0.672768
vt 0.701570 0.411553
vt 0.608773 0.401785
vt 0.599060 0.375096
vt 0.682671 0.361141
vt 0.370745 0.402456
vt 0.387845 0.353182
vt 0.260933 0.408221
vt 0.275343 0.367397
vt 0.354854 0.262447
vt 0.440606 0.262447
vt 0.440606 0.415238
vt 0.354854 0.415238
vt 0.526359 0.262447
vt 0.526359 0.415238
vt 0.612112 0.262447
vt 0.612112 0.415238
vt 0.246645 0.499180
vt 0.250827 0.660796
vt 0.288871 0.662340
vt 0.282190 0.499427
vt 0.324800 0.258678
vt 0.273571 0.357891
vt 0.311731 0.356841
vt 0.351390 0.256637
vt 0.413217 0.663228
vt 0.415916 0.501076
vt 0.565487 0.375157
vt 0.565487 0.260260
s 1
usemtl AZD71_podstavec
f 3497/1601/1385 3475/1602/1386 3479/1603/1387
f 3479/1603/1387 3496/1604/1388 3497/1601/1385
f 3496/1604/1388 3479/1603/1387 3476/1605/1389
f 3476/1605/1389 3493/1606/1390 3496/1604/1388
f 3493/1606/1390 3476/1605/1389 3481/1607/1391
f 3481/1607/1391 3480/1608/1392 3493/1606/1390
f 3480/1608/1392 3481/1607/1391 3482/1609/1393
f 3482/1609/1393 3484/1610/1394 3480/1608/1392
f 3484/1610/1394 3482/1609/1393 3486/1611/1395
f 3486/1611/1395 3488/1612/1396 3484/1610/1394
f 3487/1613/1397 3495/1614/1398 3478/1615/1399
f 3478/1615/1399 3477/1616/1400 3487/1613/1397
f 3495/1614/1398 3489/1617/1401 3490/1618/1402
f 3490/1618/1402 3478/1615/1399 3495/1614/1398
f 3489/1617/1401 3491/1619/1403 3492/1620/1404
f 3492/1620/1404 3490/1618/1402 3489/1617/1401
f 3491/1619/1403 3494/1621/1405 3485/1622/1406
f 3485/1622/1406 3492/1620/1404 3491/1619/1403
f 3494/1621/1405 3498/1623/1407 3483/1624/1408
f 3483/1624/1408 3485/1622/1406 3494/1621/1405
f 3497/1625/1385 3496/1626/1388 3495/1627/1398
f 3495/1627/1398 3487/1628/1397 3497/1625/1385
f 3496/1626/1388 3493/1617/1390 3489/1629/1401
f 3489/1629/1401 3495/1627/1398 3496/1626/1388
f 3493/1617/1390 3480/1619/1392 3491/1630/1403
f 3491/1630/1403 3489/1629/1401 3493/1617/1390
f 3480/1619/1392 3484/1621/1394 3494/1631/1405
f 3494/1631/1405 3491/1630/1403 3480/1619/1392
f 3484/1621/1394 3488/1623/1396 3498/1632/1407
f 3498/1632/1407 3494/1631/1405 3484/1621/1394
f 3488/1633/1396 3486/1634/1395 3483/1635/1408
f 3483/1635/1408 3498/1636/1407 3488/1633/1396
f 3486/1637/1395 3482/1638/1393 3485/1639/1406
f 3485/1639/1406 3483/1640/1408 3486/1637/1395
f 3482/1638/1393 3481/1641/1391 3492/1642/1404
f 3492/1642/1404 3485/1639/1406 3482/1638/1393
f 3481/1641/1391 3476/1643/1389 3490/1605/1402
f 3490/1605/1402 3492/1642/1404 3481/1641/1391
f 3476/1643/1389 3479/1644/1387 3478/1645/1399
f 3478/1645/1399 3490/1605/1402 3476/1643/1389
f 3479/1644/1387 3475/1634/1386 3477/1646/1400
f 3477/1646/1400 3478/1645/1399 3479/1644/1387
f 3475/1647/1386 3497/1648/1385 3487/1649/1397
f 3487/1649/1397 3477/1650/1400 3475/1647/1386
f 3505/1651/1409 3499/1652/1410 3502/1653/1411
f 3502/1653/1411 3506/1654/1412 3505/1651/1409
f 3506/1654/1412 3502/1653/1411 3503/1655/1411
f 3503/1655/1411 3508/1656/1413 3506/1654/1412
f 3508/1656/1413 3503/1655/1411 3516/1657/1414
f 3516/1657/1414 3514/1658/1415 3508/1656/1413
f 3499/1659/1410 3522/1660/1416 3500/1661/1417
f 3500/1661/1417 3502/1662/1411 3499/1659/1410
f 3502/1653/1411 3500/1663/1417 3501/1664/1417
f 3501/1664/1417 3503/1655/1411 3502/1653/1411
f 3503/1655/1411 3501/1664/1417 3504/1665/1418
f 3504/1665/1418 3516/1657/1414 3503/1655/1411
f 3505/1666/1409 3506/1667/1412 3507/1668/1419
f 3507/1668/1419 3509/1669/1420 3505/1666/1409
f 3506/1667/1412 3508/1670/1413 3510/1671/1419
f 3510/1671/1419 3507/1668/1419 3506/1667/1412
f 3508/1670/1413 3514/1672/1415 3517/1673/1421
f 3517/1673/1421 3510/1671/1419 3508/1670/1413
f 3509/1669/1420 3507/1668/1419 3511/1674/1419
f 3511/1674/1419 3529/1675/1422 3509/1669/1420
f 3507/1668/1419 3510/1671/1419 3513/1676/1419
f 3513/1676/1419 3511/1674/1419 3507/1668/1419
f 3510/1671/1419 3517/1673/1421 3512/1677/1423
f 3512/1677/1423 3513/1676/1419 3510/1671/1419
f 3514/1678/1415 3516/1679/1414 3519/1680/1424
f 3519/1680/1424 3517/1681/1421 3514/1678/1415
f 3516/1682/1414 3504/1683/1418 3515/1684/1425
f 3515/1684/1425 3519/1685/1424 3516/1682/1414
f 3517/1681/1421 3519/1680/1424 3518/1686/1424
f 3518/1686/1424 3512/1687/1423 3517/1681/1421
f 3519/1685/1424 3515/1684/1425 3520/1688/1425
f 3520/1688/1425 3518/1689/1424 3519/1685/1424
f 3504/1690/1418 3501/1691/1417 3523/1692/1426
f 3523/1692/1426 3515/1693/1425 3504/1690/1418
f 3501/1691/1417 3500/1694/1417 3521/1695/1426
f 3521/1695/1426 3523/1692/1426 3501/1691/1417
f 3500/1694/1417 3522/1696/1416 3526/1697/1427
f 3526/1697/1427 3521/1695/1426 3500/1694/1417
f 3515/1698/1425 3523/1699/1426 3524/1700/1426
f 3524/1700/1426 3520/1701/1425 3515/1698/1425
f 3523/1699/1426 3521/1702/1426 3525/1703/1426
f 3525/1703/1426 3524/1700/1426 3523/1699/1426
f 3521/1702/1426 3526/1704/1427 3527/1705/1427
f 3527/1705/1427 3525/1703/1426 3521/1702/1426
f 3522/1706/1416 3499/1707/1410 3528/1708/1428
f 3528/1708/1428 3526/1709/1427 3522/1706/1416
f 3499/1710/1410 3505/1711/1409 3509/1712/1420
f 3509/1712/1420 3528/1713/1428 3499/1710/1410
f 3526/1709/1427 3528/1708/1428 3530/1714/1428
f 3530/1714/1428 3527/1715/1427 3526/1709/1427
f 3528/1713/1428 3509/1712/1420 3529/1716/1422
f 3529/1716/1422 3530/1717/1428 3528/1713/1428
o podklad
v -0.105875 0.016335 0.117959
v 0.084779 0.049005 -0.086818
v -0.105875 0.000000 0.117959
v 0.105875 0.000000 0.117959
v 0.105875 0.016335 0.117959
v 0.105875 0.016335 -0.117743
v 0.081150 0.049005 -0.084181
v 0.105875 -0.000000 -0.117743
v -0.105875 0.016335 -0.117743
v 0.076664 0.049005 -0.084181
v -0.105875 -0.000000 -0.117743
v 0.071649 0.049005 -0.091084
v 0.084779 0.049005 0.086805
v 0.084779 0.032670 0.086805
v 0.076664 0.049005 -0.097987
v 0.081150 0.032670 0.084168
v 0.076664 0.032670 0.084168
v 0.073035 0.032670 0.086805
v 0.073035 0.049005 0.086805
v 0.084779 0.049005 -0.095350
v 0.071649 0.032670 0.091071
v 0.078907 0.049005 -0.091084
v 0.073035 0.032670 0.095338
v 0.073035 0.049005 0.095338
v 0.076664 0.032670 0.097974
v 0.081150 0.049005 0.097974
v 0.084779 0.032670 -0.086818
v 0.081150 0.032670 0.097974
v 0.084779 0.049005 0.095338
v 0.084779 0.032670 0.095338
v 0.086165 0.032670 0.091071
v 0.081150 0.032670 -0.084181
v 0.078907 0.049005 0.091071
v 0.081150 0.049005 0.084168
v 0.076664 0.032670 -0.084181
v 0.076664 0.049005 0.084168
v 0.071649 0.049005 0.091071
v 0.073035 0.049005 -0.086818
v 0.076664 0.049005 0.097974
v 0.073035 0.032670 -0.086818
v 0.086165 0.049005 0.091071
v -0.071889 0.032670 0.091071
v -0.073275 0.032670 0.086805
v 0.071649 0.032670 -0.091084
v -0.076905 0.032670 0.084168
v 0.073035 0.049005 -0.095350
v -0.081390 0.032670 0.084168
v 0.073035 0.032670 -0.095350
v -0.085019 0.049005 0.086805
v -0.081390 0.049005 0.084168
v -0.085019 0.032670 0.086805
v -0.086406 0.049005 0.091071
v -0.086406 0.032670 0.091071
v -0.085019 0.049005 0.095338
v 0.076664 0.032670 -0.097987
v -0.085019 0.032670 0.095338
v -0.081390 0.032670 0.097974
v 0.081150 0.032670 -0.097987
v -0.076905 0.049005 0.097974
v -0.076905 0.032670 0.097974
v 0.081150 0.049005 -0.097987
v 0.084779 0.032670 -0.095350
v -0.073275 0.032670 0.095338
v -0.071889 0.049005 0.091071
v -0.073275 0.049005 0.095338
v 0.086165 0.049005 -0.091084
v -0.079147 0.049005 0.091071
v -0.073275 0.049005 0.086805
v 0.086165 0.032670 -0.091084
v -0.076905 0.049005 0.084168
v 0.072101 0.038115 0.102860
v -0.081390 0.049005 0.097974
v -0.065535 0.016335 0.091071
v -0.072341 0.016335 0.079282
v 0.072101 0.038115 0.079282
v -0.085954 0.038115 0.079282
v -0.085954 0.016335 0.079282
v 0.092520 0.038115 0.091071
v 0.078907 0.038115 0.091071
v -0.092760 0.016335 0.091071
v -0.092760 0.038115 0.091071
v -0.085954 0.016335 0.102860
v 0.085713 0.038115 0.102860
v -0.072341 0.038115 0.102860
v -0.085954 0.038115 0.102860
v -0.072341 0.016335 0.102860
v -0.065535 0.038115 0.091071
v 0.085713 0.016335 0.102860
v -0.079147 0.038115 0.091071
v -0.072341 0.038115 0.079282
v 0.072101 0.016335 0.102860
v 0.065295 0.038115 0.091071
v 0.092520 0.016335 -0.091084
v 0.085713 0.038115 -0.102873
v 0.092520 0.038115 -0.091084
v 0.065295 0.016335 0.091071
v 0.085713 0.016335 -0.102873
v 0.072101 0.016335 -0.102872
v 0.072101 0.016335 0.079282
v 0.065295 0.016335 -0.091084
v 0.072101 0.038115 -0.079295
v 0.072101 0.016335 -0.079295
v 0.085713 0.016335 -0.079295
v 0.085713 0.016335 0.079282
v 0.085713 0.038115 0.079282
v 0.078907 0.038115 -0.091084
v 0.092520 0.016335 0.091071
v 0.072101 0.038115 -0.102872
v 0.065295 0.038115 -0.091084
v 0.085713 0.038115 -0.079295
v -0.076905 0.049005 -0.084181
v -0.072341 0.038115 -0.102873
v -0.072341 0.016335 -0.102873
v -0.085954 0.038115 -0.102872
v -0.081390 0.049005 -0.084181
v -0.085954 0.016335 -0.102872
v -0.086406 0.049005 -0.091084
v -0.092760 0.016335 -0.091084
v -0.085954 0.016335 -0.079295
v -0.072341 0.016335 -0.079295
v -0.065535 0.038115 -0.091084
v -0.072341 0.038115 -0.079295
v -0.065535 0.016335 -0.091084
v -0.079147 0.038115 -0.091084
v -0.076905 0.049005 -0.097987
v -0.092760 0.038115 -0.091084
v -0.073275 0.049005 -0.095350
v -0.071889 0.049005 -0.091084
v -0.085954 0.038115 -0.079295
v -0.079147 0.049005 -0.091084
v -0.071889 0.032670 -0.091084
v -0.073275 0.032670 -0.095350
v -0.076905 0.032670 -0.097987
v -0.073275 0.032670 -0.086818
v -0.081390 0.032670 -0.097987
v -0.081390 0.049005 -0.097987
v -0.073275 0.049005 -0.086818
v -0.085019 0.032670 -0.095350
v -0.076905 0.032670 -0.084181
v -0.085019 0.049005 -0.095350
v -0.086406 0.032670 -0.091084
v -0.085019 0.032670 -0.086818
v -0.085019 0.049005 -0.086818
v -0.081390 0.032670 -0.084181
vn -0.5773 0.5774 0.5773
vn 0.5773 0.5773 0.5774
vn 0.5773 0.5774 -0.5773
vn -0.5773 0.5773 -0.5774
vn -0.7071 -0.0000 0.7071
vn 0.7071 -0.0000 0.7071
vn 0.7071 -0.0000 -0.7071
vn -0.7071 -0.0000 -0.7071
vn 1.0000 -0.0000 -0.0000
vn 0.6191 0.6437 -0.4498
vn 0.7653 0.6437 -0.0000
vn 0.8090 -0.0000 -0.5877
vn 0.2365 0.6437 -0.7278
vn 0.3091 -0.0000 -0.9510
vn -0.2365 0.6437 -0.7278
vn -0.3090 -0.0000 -0.9510
vn -0.6191 0.6437 -0.4498
vn -0.8090 -0.0000 -0.5878
vn -0.7653 0.6437 -0.0000
vn -1.0000 -0.0000 -0.0000
vn -0.6191 0.6437 0.4498
vn -0.8090 -0.0000 0.5878
vn -0.2364 0.6437 0.7278
vn -0.3090 -0.0000 0.9511
vn 0.2364 0.6437 0.7278
vn 0.3090 -0.0000 0.9511
vn 0.6191 0.6437 0.4498
vn 0.8090 -0.0000 0.5878
vn -0.0000 1.0000 -0.0000
vn 0.8090 -0.0000 -0.5878
vn 0.3090 -0.0000 -0.9511
vn -0.6191 0.6437 0.4499
vn -0.8090 -0.0000 0.5879
vn 0.3089 -0.0000 0.9511
vn 0.6191 0.6437 0.4499
vn 0.8090 -0.0000 0.5879
vn 0.3962 0.6100 -0.6862
vn 0.7924 0.6100 -0.0000
vn 0.5000 -0.0000 -0.8660
vn -0.3962 0.6100 -0.6862
vn -0.5000 -0.0000 -0.8660
vn -0.7924 0.6100 -0.0000
vn -0.3962 0.6100 0.6862
vn -0.5000 -0.0000 0.8660
vn 0.3962 0.6100 0.6862
vn 0.5000 -0.0000 0.8660
vn 0.3962 0.6100 -0.6863
vn 0.5000 -0.0000 -0.8661
vn 0.3962 0.6100 0.6863
vn -0.2365 0.6437 0.7278
vn -0.3091 -0.0000 0.9510
vn 0.2365 0.6437 0.7278
vn -0.8090 -0.0000 0.5877
vn 0.3090 -0.0000 0.9510
vt 0.534818 0.457982
vt 0.748493 0.464591
vt 0.777613 0.591277
vt 0.546320 0.591802
vt 0.627163 0.432291
vt 0.651414 0.444345
vt 0.627830 0.445054
vt 0.635969 0.431474
vt 0.776090 0.595765
vt 0.533296 0.462470
vt 0.746970 0.469079
vt 0.649049 0.445708
vt 0.626851 0.432296
vt 0.635618 0.431524
vt 0.627330 0.445414
vt 0.776213 0.592327
vt 0.533418 0.459032
vt 0.747093 0.465641
vt 0.103284 0.357491
vt 0.135047 0.413794
vt 0.102514 0.417453
vt 0.138561 0.355077
vt 0.570658 0.537977
vt 0.538895 0.481673
vt 0.574172 0.479260
vt 0.138485 0.355069
vt 0.178616 0.415909
vt 0.136335 0.413284
vt 0.182748 0.363516
vt 0.776100 0.592583
vt 0.533306 0.459289
vt 0.746981 0.465897
vt 0.604148 0.379070
vt 0.645424 0.421157
vt 0.610372 0.426212
vt 0.648506 0.370339
vt 0.778323 0.592583
vt 0.535529 0.459289
vt 0.749203 0.465897
vt 0.118412 0.422832
vt 0.142921 0.437503
vt 0.119329 0.438078
vt 0.149522 0.422776
vt 0.604026 0.379691
vt 0.644778 0.421714
vt 0.610177 0.426885
vt 0.647939 0.370680
vt 0.118381 0.423282
vt 0.141811 0.437797
vt 0.119635 0.438492
vt 0.147833 0.423653
s 1
usemtl azd71_podklad
f 3531/1718/1429 3535/1719/1430 3536/1720/1431
f 3536/1720/1431 3539/1721/1432 3531/1718/1429
f 3533/1718/1433 3534/1719/1434 3535/1720/1430
f 3535/1720/1430 3531/1721/1429 3533/1718/1433
f 3534/1718/1434 3538/1719/1435 3536/1720/1431
f 3536/1720/1431 3535/1721/1430 3534/1718/1434
f 3538/1718/1435 3541/1719/1436 3539/1720/1432
f 3539/1720/1432 3536/1721/1431 3538/1718/1435
f 3541/1718/1436 3533/1719/1433 3531/1720/1429
f 3531/1720/1429 3539/1721/1432 3541/1718/1436
f 3561/1722/1437 3543/1723/1438 3571/1724/1439
f 3561/1722/1437 3544/1725/1440 3543/1723/1438
f 3544/1722/1440 3564/1723/1441 3543/1724/1438
f 3544/1722/1440 3546/1725/1442 3564/1723/1441
f 3546/1722/1442 3566/1723/1443 3564/1724/1441
f 3546/1722/1442 3547/1725/1444 3566/1723/1443
f 3547/1722/1444 3549/1723/1445 3566/1724/1443
f 3547/1722/1444 3548/1725/1446 3549/1723/1445
f 3548/1722/1446 3567/1723/1447 3549/1724/1445
f 3548/1722/1446 3551/1725/1448 3567/1723/1447
f 3551/1722/1448 3554/1723/1449 3567/1724/1447
f 3551/1722/1448 3553/1725/1450 3554/1723/1449
f 3553/1722/1450 3569/1723/1451 3554/1724/1449
f 3553/1722/1450 3555/1725/1452 3569/1723/1451
f 3555/1722/1452 3556/1723/1453 3569/1724/1451
f 3555/1722/1452 3558/1725/1454 3556/1723/1453
f 3558/1722/1454 3559/1723/1455 3556/1724/1453
f 3558/1722/1454 3560/1725/1456 3559/1723/1455
f 3560/1722/1456 3571/1723/1439 3559/1724/1455
f 3560/1722/1456 3561/1725/1437 3571/1723/1439
f 3563/1726/1457 3571/1727/1439 3543/1728/1438
f 3563/1726/1457 3543/1727/1438 3564/1728/1441
f 3563/1726/1457 3564/1727/1441 3566/1728/1443
f 3563/1726/1457 3566/1727/1443 3549/1728/1445
f 3563/1726/1457 3549/1727/1445 3567/1728/1447
f 3563/1726/1457 3567/1727/1447 3554/1728/1449
f 3563/1726/1457 3554/1727/1449 3569/1728/1451
f 3563/1726/1457 3569/1727/1451 3556/1728/1453
f 3563/1726/1457 3556/1727/1453 3559/1728/1455
f 3563/1726/1457 3559/1727/1455 3571/1728/1439
f 3572/1729/1437 3598/1730/1438 3594/1731/1439
f 3572/1729/1437 3573/1732/1458 3598/1730/1438
f 3573/1729/1458 3600/1730/1441 3598/1731/1438
f 3573/1729/1458 3575/1732/1459 3600/1730/1441
f 3575/1729/1459 3580/1730/1443 3600/1731/1441
f 3575/1729/1459 3577/1732/1444 3580/1730/1443
f 3577/1729/1444 3579/1730/1445 3580/1731/1443
f 3577/1729/1444 3581/1732/1446 3579/1730/1445
f 3581/1729/1446 3582/1730/1447 3579/1731/1445
f 3581/1729/1446 3583/1732/1448 3582/1730/1447
f 3583/1729/1448 3584/1730/1460 3582/1731/1447
f 3583/1729/1448 3586/1732/1461 3584/1730/1460
f 3586/1729/1461 3602/1730/1451 3584/1731/1460
f 3586/1729/1461 3587/1732/1452 3602/1730/1451
f 3587/1729/1452 3589/1730/1453 3602/1731/1451
f 3587/1729/1452 3590/1732/1462 3589/1730/1453
f 3590/1729/1462 3595/1730/1463 3589/1731/1453
f 3590/1729/1462 3593/1732/1464 3595/1730/1463
f 3593/1729/1464 3594/1730/1439 3595/1731/1463
f 3593/1729/1464 3572/1732/1437 3594/1730/1439
f 3597/1733/1457 3594/1734/1439 3598/1735/1438
f 3597/1733/1457 3598/1734/1438 3600/1735/1441
f 3597/1733/1457 3600/1734/1441 3580/1735/1443
f 3597/1733/1457 3580/1734/1443 3579/1735/1445
f 3597/1733/1457 3579/1734/1445 3582/1735/1447
f 3597/1733/1457 3582/1734/1447 3584/1735/1460
f 3597/1733/1457 3584/1734/1460 3602/1735/1451
f 3597/1733/1457 3602/1734/1451 3589/1735/1453
f 3597/1733/1457 3589/1734/1453 3595/1735/1463
f 3597/1733/1457 3595/1734/1463 3594/1735/1439
f 3603/1736/1437 3620/1737/1465 3617/1738/1466
f 3603/1736/1437 3604/1739/1467 3620/1737/1465
f 3604/1736/1467 3606/1737/1468 3620/1738/1465
f 3604/1736/1467 3607/1739/1469 3606/1737/1468
f 3607/1736/1469 3611/1737/1470 3606/1738/1468
f 3607/1736/1469 3610/1739/1448 3611/1737/1470
f 3610/1736/1448 3615/1737/1471 3611/1738/1470
f 3610/1736/1448 3612/1739/1472 3615/1737/1471
f 3612/1736/1472 3614/1737/1473 3615/1738/1471
f 3612/1736/1472 3616/1739/1474 3614/1737/1473
f 3616/1736/1474 3617/1737/1466 3614/1738/1473
f 3616/1736/1474 3603/1739/1437 3617/1737/1466
f 3619/1740/1457 3617/1741/1466 3620/1742/1465
f 3619/1740/1457 3620/1741/1465 3606/1742/1468
f 3619/1740/1457 3606/1741/1468 3611/1742/1470
f 3619/1740/1457 3611/1741/1470 3615/1742/1471
f 3619/1740/1457 3615/1741/1471 3614/1742/1473
f 3619/1740/1457 3614/1741/1473 3617/1742/1466
f 3623/1743/1437 3624/1744/1475 3625/1745/1466
f 3623/1743/1437 3627/1746/1476 3624/1744/1475
f 3627/1743/1476 3638/1744/1468 3624/1745/1475
f 3627/1743/1476 3628/1746/1469 3638/1744/1468
f 3628/1743/1469 3639/1744/1470 3638/1745/1468
f 3628/1743/1469 3630/1746/1448 3639/1744/1470
f 3630/1743/1448 3631/1744/1471 3639/1745/1470
f 3630/1743/1448 3632/1746/1472 3631/1744/1471
f 3632/1743/1472 3640/1744/1477 3631/1745/1471
f 3632/1743/1472 3633/1746/1474 3640/1744/1477
f 3633/1743/1474 3625/1744/1466 3640/1745/1477
f 3633/1743/1474 3623/1746/1437 3625/1744/1466
f 3636/1747/1457 3625/1748/1466 3624/1749/1475
f 3636/1747/1457 3624/1748/1475 3638/1749/1468
f 3636/1747/1457 3638/1748/1468 3639/1749/1470
f 3636/1747/1457 3639/1748/1470 3631/1749/1471
f 3636/1747/1457 3631/1748/1471 3640/1749/1477
f 3636/1747/1457 3640/1748/1477 3625/1749/1466
f 3653/1750/1437 3642/1751/1475 3651/1752/1466
f 3653/1750/1437 3643/1753/1467 3642/1751/1475
f 3643/1750/1467 3644/1751/1468 3642/1752/1475
f 3643/1750/1467 3646/1753/1469 3644/1751/1468
f 3646/1750/1469 3656/1751/1470 3644/1752/1468
f 3646/1750/1469 3648/1753/1448 3656/1751/1470
f 3648/1750/1448 3659/1751/1471 3656/1752/1470
f 3648/1750/1448 3649/1753/1472 3659/1751/1471
f 3649/1750/1472 3652/1751/1473 3659/1752/1471
f 3649/1750/1472 3650/1753/1474 3652/1751/1473
f 3650/1750/1474 3651/1751/1466 3652/1752/1473
f 3650/1750/1474 3653/1753/1437 3651/1751/1466
f 3654/1754/1457 3651/1755/1466 3642/1756/1475
f 3654/1754/1457 3642/1755/1475 3644/1756/1468
f 3654/1754/1457 3644/1755/1468 3656/1756/1470
f 3654/1754/1457 3656/1755/1470 3659/1756/1471
f 3654/1754/1457 3659/1755/1471 3652/1756/1473
f 3654/1754/1457 3652/1755/1473 3651/1756/1466
f 3661/1757/1437 3657/1758/1438 3658/1759/1439
f 3661/1757/1437 3662/1760/1458 3657/1758/1438
f 3662/1757/1458 3655/1758/1441 3657/1759/1438
f 3662/1757/1458 3663/1760/1459 3655/1758/1441
f 3663/1757/1459 3666/1758/1443 3655/1759/1441
f 3663/1757/1459 3665/1760/1444 3666/1758/1443
f 3665/1757/1444 3670/1758/1445 3666/1759/1443
f 3665/1757/1444 3668/1760/1446 3670/1758/1445
f 3668/1757/1446 3647/1758/1447 3670/1759/1445
f 3668/1757/1446 3671/1760/1448 3647/1758/1447
f 3671/1757/1448 3673/1758/1449 3647/1759/1447
f 3671/1757/1448 3672/1760/1450 3673/1758/1449
f 3672/1757/1450 3645/1758/1478 3673/1759/1449
f 3672/1757/1450 3674/1760/1479 3645/1758/1478
f 3674/1757/1479 3641/1758/1480 3645/1759/1478
f 3674/1757/1479 3669/1760/1454 3641/1758/1480
f 3669/1757/1454 3667/1758/1455 3641/1759/1480
f 3669/1757/1454 3664/1760/1456 3667/1758/1455
f 3664/1757/1456 3658/1758/1439 3667/1759/1455
f 3664/1757/1456 3661/1760/1437 3658/1758/1439
f 3660/1754/1457 3658/1755/1439 3657/1756/1438
f 3660/1754/1457 3657/1755/1438 3655/1756/1441
f 3660/1754/1457 3655/1755/1441 3666/1756/1443
f 3660/1754/1457 3666/1755/1443 3670/1756/1445
f 3660/1754/1457 3670/1755/1445 3647/1756/1447
f 3660/1754/1457 3647/1755/1447 3673/1756/1449
f 3660/1754/1457 3673/1755/1449 3645/1756/1478
f 3660/1754/1457 3645/1755/1478 3641/1756/1480
f 3660/1754/1457 3641/1755/1480 3667/1756/1455
f 3660/1754/1457 3667/1755/1455 3658/1756/1439
f 3637/1761/1437 3635/1762/1475 3608/1763/1466
f 3637/1761/1437 3634/1764/1467 3635/1762/1475
f 3634/1761/1467 3605/1762/1468 3635/1763/1475
f 3634/1761/1467 3629/1764/1469 3605/1762/1468
f 3629/1761/1469 3622/1762/1470 3605/1763/1468
f 3629/1761/1469 3626/1764/1448 3622/1762/1470
f 3626/1761/1448 3601/1762/1471 3622/1763/1470
f 3626/1761/1448 3621/1764/1472 3601/1762/1471
f 3621/1761/1472 3613/1762/1477 3601/1763/1471
f 3621/1761/1472 3618/1764/1474 3613/1762/1477
f 3618/1761/1474 3608/1762/1466 3613/1763/1477
f 3618/1761/1474 3637/1764/1437 3608/1762/1466
f 3609/1726/1457 3608/1727/1466 3635/1728/1475
f 3609/1726/1457 3635/1727/1475 3605/1728/1468
f 3609/1726/1457 3605/1727/1468 3622/1728/1470
f 3609/1726/1457 3622/1727/1470 3601/1728/1471
f 3609/1726/1457 3601/1727/1471 3613/1728/1477
f 3609/1726/1457 3613/1727/1477 3608/1728/1466
f 3599/1765/1437 3550/1766/1438 3596/1767/1439
f 3599/1765/1437 3592/1768/1440 3550/1766/1438
f 3592/1765/1440 3591/1766/1441 3550/1767/1438
f 3592/1765/1440 3588/1768/1442 3591/1766/1441
f 3588/1765/1442 3545/1766/1443 3591/1767/1441
f 3588/1765/1442 3585/1768/1444 3545/1766/1443
f 3585/1765/1444 3576/1766/1445 3545/1767/1443
f 3585/1765/1444 3578/1768/1446 3576/1766/1445
f 3578/1765/1446 3542/1766/1447 3576/1767/1445
f 3578/1765/1446 3574/1768/1448 3542/1766/1447
f 3574/1765/1448 3568/1766/1449 3542/1767/1447
f 3574/1765/1448 3570/1768/1481 3568/1766/1449
f 3570/1765/1481 3540/1766/1478 3568/1767/1449
f 3570/1765/1481 3565/1768/1479 3540/1766/1478
f 3565/1765/1479 3537/1766/1480 3540/1767/1478
f 3565/1765/1479 3562/1768/1482 3537/1766/1480
f 3562/1765/1482 3532/1766/1455 3537/1767/1480
f 3562/1765/1482 3557/1768/1456 3532/1766/1455
f 3557/1765/1456 3596/1766/1439 3532/1767/1455
f 3557/1765/1456 3599/1768/1437 3596/1766/1439
f 3552/1747/1457 3596/1748/1439 3550/1749/1438
f 3552/1747/1457 3550/1748/1438 3591/1749/1441
f 3552/1747/1457 3591/1748/1441 3545/1749/1443
f 3552/1747/1457 3545/1748/1443 3576/1749/1445
f 3552/1747/1457 3576/1748/1445 3542/1749/1447
f 3552/1747/1457 3542/1748/1447 3568/1749/1449
f 3552/1747/1457 3568/1748/1449 3540/1749/1478
f 3552/1747/1457 3540/1748/1478 3537/1749/1480
f 3552/1747/1457 3537/1748/1480 3532/1749/1455
f 3552/1747/1457 3532/1748/1455 3596/1749/1439
o pozor_vlak_up_ram
v 0.018150 1.441885 0.031436
v 0.006303 1.478185 0.035748
v 0.006303 1.441885 0.035748
v -0.007091 1.450960 -0.040217
v 0.018150 1.478185 0.031436
v -0.007091 1.460035 -0.040217
v 0.018150 1.478185 0.031436
v 0.005778 1.478185 0.032769
v 0.006303 1.478185 0.035748
v -0.016638 1.450960 -0.028817
v 0.016638 1.478185 0.028817
v -0.020419 1.450960 -0.035366
v 0.016638 1.441885 0.028817
v 0.006303 1.441885 0.035748
v 0.005778 1.441885 0.032769
v -0.020419 1.460035 -0.035366
v 0.018150 1.441885 0.031436
v -0.016638 1.460035 -0.028817
v -0.020419 1.450960 -0.035366
v -0.006303 1.478185 0.035748
v -0.006303 1.441885 0.035748
v -0.020419 1.460035 -0.035366
v -0.025490 1.450960 -0.021389
v -0.031283 1.450960 -0.026250
v -0.031283 1.460035 -0.026250
v -0.005778 1.478185 0.032769
v -0.006303 1.478185 0.035748
v -0.025490 1.460035 -0.021389
v -0.031283 1.450960 -0.026250
v -0.031283 1.460035 -0.026250
v -0.031268 1.450960 -0.011381
v -0.006303 1.441885 0.035748
v -0.005778 1.441885 0.032769
v -0.038375 1.450960 -0.013967
v -0.038375 1.460035 -0.013967
v -0.031268 1.460035 -0.011381
v -0.038375 1.450960 -0.013967
v -0.018150 1.478185 0.031436
v -0.018150 1.441885 0.031436
v -0.038375 1.460035 -0.013967
v -0.033275 1.450960 -0.000000
v -0.040838 1.450960 -0.000000
v -0.040838 1.460035 -0.000000
v -0.016638 1.478185 0.028817
v -0.018150 1.478185 0.031436
v -0.033275 1.460035 -0.000000
v -0.040838 1.450960 -0.000000
v -0.040838 1.460035 -0.000000
v -0.031268 1.450960 0.011381
v -0.018150 1.441885 0.031436
v -0.016638 1.441885 0.028817
v -0.038375 1.450960 0.013967
v -0.038375 1.460035 0.013967
v -0.031268 1.460035 0.011381
v 0.017394 1.460035 0.030127
v 0.018150 1.478185 0.031436
v 0.018150 1.441885 0.031436
v -0.038375 1.450960 0.013967
v 0.016638 1.478185 0.028817
v -0.038375 1.460035 0.013967
v -0.025490 1.450960 0.021389
v 0.016638 1.441885 0.028817
v -0.031283 1.450960 0.026250
v -0.031283 1.460035 0.026250
v -0.025490 1.460035 0.021389
v -0.031283 1.450960 0.026250
v -0.017394 1.460035 0.030127
v -0.018150 1.441885 0.031436
v -0.018150 1.478185 0.031436
v -0.031283 1.460035 0.026250
v -0.016638 1.450960 0.028817
v -0.016638 1.478185 0.028817
v -0.020419 1.450960 0.035366
v -0.020419 1.460035 0.035366
v -0.016638 1.441885 0.028817
v -0.016638 1.460035 0.028817
v -0.020419 1.450960 0.035366
v -0.020419 1.460035 0.035366
v 0.004537 1.459733 0.031847
v 0.004537 1.459733 0.152847
v -0.004537 1.459733 0.152847
v -0.005778 1.450960 0.032769
v -0.004537 1.459733 0.031847
v -0.007091 1.450960 0.040217
v 0.004537 1.468808 0.031847
v -0.004537 1.468808 0.031847
v -0.004537 1.468808 0.152847
v -0.007091 1.460035 0.040217
v 0.004537 1.468808 0.152847
v -0.005778 1.460035 0.032769
v 0.004537 1.468808 0.031847
v 0.004537 1.468808 0.152847
v 0.004537 1.459733 0.152847
v -0.007091 1.450960 0.040217
v 0.004537 1.459733 0.031847
v -0.007091 1.460035 0.040217
v -0.004537 1.468808 0.152847
v -0.004537 1.468808 0.031847
v -0.004537 1.459733 0.031847
v 0.005778 1.450960 0.032769
v -0.004537 1.459733 0.152847
v 0.007091 1.450960 0.040217
v -0.007091 1.450960 -0.040217
v 0.007091 1.460035 -0.040217
v 0.007091 1.450960 -0.040217
v 0.007091 1.460035 0.040217
v -0.007091 1.460035 -0.040217
v 0.005778 1.460035 0.032769
v -0.007091 1.460035 -0.040217
v 0.005778 1.460035 -0.032769
v 0.007091 1.460035 -0.040217
v 0.007091 1.450960 0.040217
v -0.005778 1.460035 -0.032769
v 0.007091 1.460035 0.040217
v -0.005778 1.450960 -0.032769
v 0.007091 1.450960 -0.040217
v 0.005778 1.450960 -0.032769
v 0.016638 1.450960 0.028817
v -0.007091 1.450960 -0.040217
v 0.020419 1.450960 0.035366
v 0.020419 1.460035 0.035366
v 0.020419 1.460035 -0.035366
v 0.020419 1.450960 -0.035366
v 0.016638 1.460035 0.028817
v 0.020419 1.450960 0.035366
v 0.020419 1.460035 0.035366
v 0.025490 1.450960 0.021389
v 0.016638 1.460035 -0.028817
v 0.020419 1.460035 -0.035366
v 0.031283 1.450960 0.026250
v 0.031283 1.460035 0.026250
v 0.025490 1.460035 0.021389
v 0.031283 1.450960 0.026250
v 0.020419 1.450960 -0.035366
v 0.016638 1.450960 -0.028817
v 0.031283 1.460035 0.026250
v 0.031268 1.450960 0.011381
v 0.038375 1.450960 0.013967
v 0.038375 1.460035 0.013967
v 0.031283 1.460035 -0.026250
v 0.031283 1.450960 -0.026250
v 0.031268 1.460035 0.011381
v 0.038375 1.450960 0.013967
v 0.038375 1.460035 0.013967
v 0.033275 1.450960 -0.000000
v 0.025490 1.460035 -0.021389
v 0.031283 1.460035 -0.026250
v 0.040838 1.450960 -0.000000
v 0.040838 1.460035 -0.000000
v 0.033275 1.460035 -0.000000
v 0.040838 1.450960 -0.000000
v 0.031283 1.450960 -0.026250
v 0.025490 1.450960 -0.021389
v 0.040838 1.460035 -0.000000
v 0.031268 1.450960 -0.011381
v 0.038375 1.450960 -0.013967
v 0.038375 1.460035 -0.013967
v 0.038375 1.460035 -0.013967
v 0.038375 1.450960 -0.013967
v 0.031268 1.460035 -0.011381
vn 0.3420 -0.0000 0.9397
vn 0.1736 -0.0000 0.9848
vn 0.1737 -0.0000 0.9848
vn -0.0000 1.0000 -0.0000
vn -0.0000 -1.0000 -0.0000
vn -0.1737 -0.0000 0.9848
vn -0.1736 -0.0000 0.9848
vn -0.3420 -0.0000 0.9397
vn 0.8660 -0.0000 -0.5000
vn -0.8660 -0.0000 -0.5000
vn 1.0000 -0.0000 -0.0000
vn -1.0000 -0.0000 -0.0000
vn -0.0000 -0.0000 -1.0000
vn 0.1736 -0.0000 -0.9848
vn 0.5000 -0.0000 -0.8660
vn 0.7660 -0.0000 -0.6428
vn 0.9397 -0.0000 -0.3420
vn 0.9397 -0.0000 0.3420
vn 0.7660 -0.0000 0.6428
vn 0.5000 -0.0000 0.8660
vn -0.5000 -0.0000 0.8660
vn -0.7660 -0.0000 0.6428
vn -0.9397 -0.0000 0.3420
vn -0.9397 -0.0000 -0.3420
vn -0.7660 -0.0000 -0.6428
vn -0.5000 -0.0000 -0.8660
vn -0.3420 -0.0000 -0.9397
vt 0.166667 0.000499
vt 0.111111 3.996503
vt 0.111111 0.000499
vt 0.166667 3.996503
vt 0.278000 0.115484
vt 0.188220 0.238385
vt 0.159876 0.214602
vt 0.296500 0.147527
vt 0.055556 3.996503
vt 0.055556 0.000499
vt 0.117545 0.360798
vt 0.082776 0.348143
vt -0.000000 3.996503
vt -0.000000 0.000499
vt 0.093000 0.500000
vt 0.056000 0.500000
vt 0.166667 1.998502
vt 1.000000 1.998502
vt 1.000000 0.000499
vt 1.000000 3.996503
vt 0.000500 0.999500
vt 0.000503 0.000500
vt 0.999501 0.000500
vt 0.999497 0.999501
vt 0.999501 0.999500
vt 0.000503 0.999500
vt 0.000500 0.000500
vt 0.999497 0.000499
vt 0.999500 0.999500
vt 0.999500 0.000500
vt 0.945223 0.999501
vt 0.945223 0.000499
vt 1.000000 0.999501
vt -0.007206 0.500000
vt 0.111645 0.639202
vt 0.023382 0.670839
vt 0.086721 0.500000
vt 0.890087 0.999501
vt 0.890087 0.000499
vt 0.183410 0.761615
vt 0.111458 0.821073
vt 0.834392 0.999501
vt 0.834392 0.000499
vt 0.293361 0.852473
vt 0.246397 0.932580
vt 0.778197 0.999501
vt 0.778197 0.000499
vt 0.428235 0.900817
vt 0.411925 0.991912
vt 0.721802 0.999501
vt 0.721802 0.000499
vt 0.571765 0.900817
vt 0.588076 0.991912
vt 0.665608 0.999501
vt 0.665608 0.000499
vt 0.706640 0.852473
vt 0.753603 0.932580
vt 0.609913 0.999501
vt 0.609913 0.000499
vt 0.816590 0.761615
vt 0.888543 0.821073
vt 0.554777 0.999501
vt 0.554777 0.000499
vt 0.888355 0.639202
vt 0.976618 0.670839
vt 0.500000 0.999501
vt 0.500000 0.000499
vt 0.913279 0.500000
vt 1.007206 0.500000
vt 0.445223 0.999501
vt 0.445223 0.000499
vt 0.888355 0.360798
vt 0.976618 0.329161
vt 0.390087 0.999501
vt 0.390087 0.000499
vt 0.816590 0.238385
vt 0.888542 0.178927
vt 0.334392 0.999501
vt 0.334392 0.000499
vt 0.706639 0.147527
vt 0.753603 0.067420
vt 0.278197 0.999501
vt 0.278197 0.000499
vt 0.571765 0.099183
vt 0.588075 0.008088
vt 0.221802 0.999501
vt 0.221802 0.000499
vt 0.428235 0.099183
vt 0.411924 0.008088
vt 0.165608 0.999501
vt 0.165608 0.000499
vt 0.293360 0.147527
vt 0.246397 0.067420
vt 0.109913 0.999501
vt 0.109913 0.000499
vt 0.183410 0.238385
vt 0.111457 0.178927
vt 0.054777 0.999501
vt 0.054777 0.000499
vt 0.111645 0.360798
vt 0.023382 0.329161
vt -0.000000 0.999501
s 1
usemtl stozar
f 3675/1769/1483 3676/1770/1484 3677/1771/1485
f 3675/1769/1483 3679/1772/1483 3676/1770/1484
f 3681/1773/1486 3682/1774/1486 3683/1775/1486
f 3681/1773/1486 3685/1776/1486 3682/1774/1486
f 3687/1776/1487 3688/1775/1487 3689/1774/1487
f 3687/1776/1487 3691/1773/1487 3688/1775/1487
f 3677/1771/1485 3694/1777/1488 3695/1778/1489
f 3677/1771/1485 3676/1770/1484 3694/1777/1488
f 3683/1775/1486 3700/1779/1486 3701/1780/1486
f 3683/1775/1486 3682/1774/1486 3700/1779/1486
f 3689/1774/1487 3706/1780/1487 3707/1779/1487
f 3689/1774/1487 3688/1775/1487 3706/1780/1487
f 3695/1778/1489 3712/1781/1490 3713/1782/1490
f 3695/1778/1489 3694/1777/1488 3712/1781/1490
f 3701/1780/1486 3718/1783/1486 3719/1784/1486
f 3701/1780/1486 3700/1779/1486 3718/1783/1486
f 3707/1779/1487 3724/1784/1487 3725/1783/1487
f 3707/1779/1487 3706/1780/1487 3724/1784/1487
f 3729/1785/1491 3730/1772/1491 3731/1769/1491
f 3729/1785/1491 3733/1772/1491 3730/1772/1491
f 3729/1785/1491 3736/1769/1491 3733/1772/1491
f 3729/1785/1491 3731/1769/1491 3736/1769/1491
f 3741/1786/1492 3742/1787/1492 3743/1788/1492
f 3741/1786/1492 3743/1788/1492 3746/1788/1492
f 3741/1786/1492 3746/1788/1492 3749/1787/1492
f 3741/1786/1492 3749/1787/1492 3742/1787/1492
f 3753/1789/1487 3754/1790/1487 3755/1791/1487
f 3755/1791/1487 3757/1792/1487 3753/1789/1487
f 3759/1793/1486 3760/1794/1486 3761/1795/1486
f 3761/1795/1486 3763/1796/1486 3759/1793/1486
f 3765/1797/1493 3766/1789/1493 3767/1795/1493
f 3767/1795/1493 3769/1798/1493 3765/1797/1493
f 3771/1797/1494 3772/1789/1494 3773/1795/1494
f 3773/1795/1494 3775/1798/1494 3771/1797/1494
f 3777/1787/1495 3778/1799/1496 3779/1800/1496
f 3777/1787/1495 3781/1801/1495 3778/1799/1496
f 3783/1802/1486 3784/1803/1486 3785/1804/1486
f 3783/1802/1486 3787/1805/1486 3784/1803/1486
f 3789/1805/1487 3790/1804/1487 3791/1803/1487
f 3789/1805/1487 3793/1802/1487 3790/1804/1487
f 3779/1800/1496 3796/1806/1497 3797/1807/1497
f 3779/1800/1496 3778/1799/1496 3796/1806/1497
f 3785/1804/1486 3802/1808/1486 3803/1809/1486
f 3785/1804/1486 3784/1803/1486 3802/1808/1486
f 3791/1803/1487 3808/1809/1487 3809/1808/1487
f 3791/1803/1487 3790/1804/1487 3808/1809/1487
f 3797/1807/1497 3814/1810/1498 3815/1811/1498
f 3797/1807/1497 3796/1806/1497 3814/1810/1498
f 3803/1809/1486 3820/1812/1486 3821/1813/1486
f 3803/1809/1486 3802/1808/1486 3820/1812/1486
f 3809/1808/1487 3826/1813/1487 3827/1812/1487
f 3809/1808/1487 3808/1809/1487 3826/1813/1487
f 3815/1811/1498 3832/1814/1499 3833/1815/1499
f 3815/1811/1498 3814/1810/1498 3832/1814/1499
f 3821/1813/1486 3834/1816/1486 3831/1817/1486
f 3821/1813/1486 3820/1812/1486 3834/1816/1486
f 3827/1812/1487 3830/1817/1487 3829/1816/1487
f 3827/1812/1487 3826/1813/1487 3830/1817/1487
f 3833/1815/1499 3828/1818/1493 3825/1819/1493
f 3833/1815/1499 3832/1814/1499 3828/1818/1493
f 3831/1817/1486 3824/1820/1486 3823/1821/1486
f 3831/1817/1486 3834/1816/1486 3824/1820/1486
f 3829/1816/1487 3822/1821/1487 3819/1820/1487
f 3829/1816/1487 3830/1817/1487 3822/1821/1487
f 3825/1819/1493 3818/1822/1500 3817/1823/1500
f 3825/1819/1493 3828/1818/1493 3818/1822/1500
f 3823/1821/1486 3816/1824/1486 3813/1825/1486
f 3823/1821/1486 3824/1820/1486 3816/1824/1486
f 3819/1820/1487 3812/1825/1487 3811/1824/1487
f 3819/1820/1487 3822/1821/1487 3812/1825/1487
f 3817/1823/1500 3810/1826/1501 3807/1827/1501
f 3817/1823/1500 3818/1822/1500 3810/1826/1501
f 3813/1825/1486 3806/1828/1486 3805/1829/1486
f 3813/1825/1486 3816/1824/1486 3806/1828/1486
f 3811/1824/1487 3804/1829/1487 3801/1828/1487
f 3811/1824/1487 3812/1825/1487 3804/1829/1487
f 3807/1827/1501 3800/1830/1502 3799/1831/1502
f 3807/1827/1501 3810/1826/1501 3800/1830/1502
f 3805/1829/1486 3798/1832/1486 3795/1833/1486
f 3805/1829/1486 3806/1828/1486 3798/1832/1486
f 3801/1828/1487 3794/1833/1487 3792/1832/1487
f 3801/1828/1487 3804/1829/1487 3794/1833/1487
f 3799/1831/1502 3788/1834/1484 3786/1835/1484
f 3799/1831/1502 3800/1830/1502 3788/1834/1484
f 3795/1833/1486 3782/1836/1486 3780/1837/1486
f 3795/1833/1486 3798/1832/1486 3782/1836/1486
f 3792/1832/1487 3776/1837/1487 3774/1836/1487
f 3792/1832/1487 3794/1833/1487 3776/1837/1487
f 3786/1835/1484 3770/1838/1489 3768/1839/1489
f 3786/1835/1484 3788/1834/1484 3770/1838/1489
f 3780/1837/1486 3764/1840/1486 3762/1841/1486
f 3780/1837/1486 3782/1836/1486 3764/1840/1486
f 3774/1836/1487 3758/1841/1487 3756/1840/1487
f 3774/1836/1487 3776/1837/1487 3758/1841/1487
f 3768/1839/1489 3752/1842/1503 3751/1843/1503
f 3768/1839/1489 3770/1838/1489 3752/1842/1503
f 3762/1841/1486 3750/1844/1486 3748/1845/1486
f 3762/1841/1486 3764/1840/1486 3750/1844/1486
f 3756/1840/1487 3747/1845/1487 3745/1844/1487
f 3756/1840/1487 3758/1841/1487 3747/1845/1487
f 3751/1843/1503 3744/1846/1504 3740/1847/1504
f 3751/1843/1503 3752/1842/1503 3744/1846/1504
f 3748/1845/1486 3739/1848/1486 3738/1849/1486
f 3748/1845/1486 3750/1844/1486 3739/1848/1486
f 3745/1844/1487 3737/1849/1487 3735/1848/1487
f 3745/1844/1487 3747/1845/1487 3737/1849/1487
f 3740/1847/1504 3734/1850/1505 3732/1851/1505
f 3740/1847/1504 3744/1846/1504 3734/1850/1505
f 3738/1849/1486 3728/1852/1486 3727/1853/1486
f 3738/1849/1486 3739/1848/1486 3728/1852/1486
f 3735/1848/1487 3726/1853/1487 3723/1852/1487
f 3735/1848/1487 3737/1849/1487 3726/1853/1487
f 3732/1851/1505 3722/1854/1494 3721/1855/1494
f 3732/1851/1505 3734/1850/1505 3722/1854/1494
f 3727/1853/1486 3720/1856/1486 3717/1857/1486
f 3727/1853/1486 3728/1852/1486 3720/1856/1486
f 3723/1852/1487 3716/1857/1487 3715/1856/1487
f 3723/1852/1487 3726/1853/1487 3716/1857/1487
f 3721/1855/1494 3714/1858/1506 3711/1859/1506
f 3721/1855/1494 3722/1854/1494 3714/1858/1506
f 3717/1857/1486 3710/1860/1486 3709/1861/1486
f 3717/1857/1486 3720/1856/1486 3710/1860/1486
f 3715/1856/1487 3708/1861/1487 3705/1860/1487
f 3715/1856/1487 3716/1857/1487 3708/1861/1487
f 3711/1859/1506 3704/1862/1507 3703/1863/1507
f 3711/1859/1506 3714/1858/1506 3704/1862/1507
f 3709/1861/1486 3702/1864/1486 3699/1865/1486
f 3709/1861/1486 3710/1860/1486 3702/1864/1486
f 3705/1860/1487 3698/1865/1487 3697/1864/1487
f 3705/1860/1487 3708/1861/1487 3698/1865/1487
f 3703/1863/1507 3696/1866/1508 3693/1867/1508
f 3703/1863/1507 3704/1862/1507 3696/1866/1508
f 3699/1865/1486 3692/1868/1486 3690/1869/1486
f 3699/1865/1486 3702/1864/1486 3692/1868/1486
f 3697/1864/1487 3686/1869/1487 3684/1868/1487
f 3697/1864/1487 3698/1865/1487 3686/1869/1487
f 3693/1867/1508 3680/1870/1509 3678/1782/1509
f 3693/1867/1508 3696/1866/1508 3680/1870/1509
f 3690/1869/1486 3787/1805/1486 3783/1802/1486
f 3690/1869/1486 3692/1868/1486 3787/1805/1486
f 3684/1868/1487 3793/1802/1487 3789/1805/1487
f 3684/1868/1487 3686/1869/1487 3793/1802/1487
o pozor_vlak_up_front
v -0.178475 1.395556 0.156544
v 0.178475 1.395556 0.156544
v 0.178475 1.480256 0.156544
v -0.178475 1.480256 0.156544
vn -0.0000 -0.0000 1.0000
vt 0.001119 0.001731
vt 0.997986 0.012591
vt 0.997986 0.336449
vt 0.001119 0.335269
s 1
usemtl pozor_vlak.002
f 3835/1871/1510 3836/1872/1510 3837/1873/1510
f 3837/1873/1510 3838/1874/1510 3835/1871/1510
o pozor_vlak_up_back
v -0.178475 1.395556 0.156544
v -0.178475 1.395556 0.153519
v 0.178475 1.395556 0.153519
v -0.178475 1.480256 0.153519
v 0.178475 1.395556 0.156544
v -0.178475 1.480256 0.156544
v -0.178475 1.480256 0.156544
v 0.178475 1.480256 0.156544
v 0.178475 1.480256 0.153519
v -0.178475 1.395556 0.156544
v -0.178475 1.480256 0.153519
v -0.178475 1.395556 0.153519
v 0.178475 1.395556 0.156544
v 0.178475 1.395556 0.153519
v 0.178475 1.480256 0.153519
v 0.178475 1.480256 0.153519
v 0.178475 1.480256 0.156544
v -0.178475 1.480256 0.153519
v 0.178475 1.395556 0.153519
v -0.178475 1.395556 0.153519
vn -0.0000 -1.0000 -0.0000
vn -0.0000 1.0000 -0.0000
vn 1.0000 -0.0000 -0.0000
vn -0.0000 -0.0000 -1.0000
vn -1.0000 -0.0000 -0.0000
vt 0.892657 0.521984
vt 0.893856 0.990401
vt 0.005442 0.990383
vt 0.008439 0.531206
vt 0.008439 0.531224
vt 0.892657 0.521966
vt 0.893856 0.990383
vt 0.005442 0.990401
vt 0.892639 0.521966
vt 0.893838 0.990401
s 1
usemtl pozor_vlak
f 3839/1875/1511 3840/1876/1511 3841/1877/1511
f 3841/1877/1511 3843/1878/1511 3839/1875/1511
f 3845/1879/1512 3846/1880/1512 3847/1881/1512
f 3847/1881/1512 3849/1882/1512 3845/1879/1512
f 3851/1878/1513 3852/1883/1513 3853/1884/1513
f 3853/1884/1513 3855/1882/1513 3851/1878/1513
f 3857/1878/1514 3858/1880/1514 3856/1876/1514
f 3856/1876/1514 3854/1882/1514 3857/1878/1514
f 3850/1878/1515 3848/1883/1515 3844/1884/1515
f 3844/1884/1515 3842/1882/1515 3850/1878/1515
o kriz_xk_refl_velky
v -0.124803 1.701089 0.151196
v -0.000015 1.568855 0.151196
v -0.326336 1.853738 0.158608
v -0.278920 1.439397 0.158608
v -0.000015 1.568854 0.158608
v -0.000015 1.758419 0.158608
v -0.326023 1.474567 0.158608
v -0.278920 1.439397 0.151196
v -0.000015 1.758419 0.151196
v -0.328223 1.605812 0.151196
v 0.325643 1.791142 0.158608
v -0.124803 1.701089 0.158608
v 0.323547 1.606705 0.158608
v 0.279887 1.884016 0.151196
v -0.327980 1.794899 0.151196
v -0.327980 1.794899 0.158608
v 0.325605 1.474549 0.158608
v 0.325912 1.853808 0.158608
v 0.278337 1.437250 0.151196
v -0.326336 1.853738 0.151196
v -0.326023 1.474567 0.151196
v 0.325912 1.853808 0.151196
v 0.325643 1.791142 0.151196
v 0.126308 1.701804 0.151196
v 0.325605 1.474549 0.151196
v 0.323547 1.606705 0.151196
v -0.277440 1.887055 0.151196
v 0.279887 1.884016 0.158608
v 0.126308 1.701804 0.158608
v -0.277440 1.887055 0.158608
v -0.328223 1.605812 0.158608
v 0.278337 1.437250 0.158608
vn -0.2377 -0.0007 -0.9713
vn -0.0819 -0.7897 -0.6079
vn -0.6769 0.4225 -0.6028
vn -0.0020 -0.5779 0.8161
vn -0.2377 -0.0006 0.9713
vn -0.0819 -0.7897 0.6080
vn -0.0020 -0.5778 -0.8162
vn 0.0899 -0.7907 -0.6056
vn -0.6901 0.3773 -0.6176
vn -0.6788 -0.4210 -0.6017
vn -0.6901 0.3773 0.6176
vn 0.0036 0.5816 -0.8135
vn -0.0648 0.7889 -0.6111
vn 0.0036 0.5816 0.8135
vn -0.6984 -0.3575 -0.6201
vn -0.6984 -0.3575 0.6201
vn 0.0627 0.7874 -0.6132
vn 0.0627 0.7874 0.6132
vn -0.6769 0.4225 0.6028
vn 0.2377 -0.0033 0.9713
vn 0.2377 -0.0033 -0.9713
vn 0.6686 -0.4351 0.6031
vn 0.6705 0.4284 0.6058
vn 0.6705 0.4284 -0.6058
vn 0.6955 0.3735 -0.6139
vn 0.6955 0.3735 0.6139
vn -0.6788 -0.4210 0.6017
vn 0.7089 -0.3369 -0.6196
vn 0.7089 -0.3369 0.6196
vn 0.6686 -0.4351 -0.6031
vn 0.0899 -0.7907 0.6056
vn -0.0648 0.7889 0.6111
vt 0.157185 0.234764
vt 0.152138 0.176801
vt 0.143352 0.223864
vt 0.425529 0.511187
vt 0.219195 0.735000
vt 0.194910 0.403124
vt 0.179423 0.197368
vt 0.206816 0.176820
vt 0.143645 0.262305
vt 0.143352 0.245665
vt 0.179423 0.250977
vt 0.152359 0.271727
vt 0.143744 0.186747
vt 0.206718 0.271592
vt 0.201935 0.234967
vt 0.214872 0.245327
vt 0.214873 0.224743
vt 0.214921 0.263049
vt 0.215240 0.187369
vt 0.680319 0.949404
vt 0.756451 0.793339
vt 0.763101 0.893300
vt 0.423885 0.827525
vt 0.166826 0.948305
vt 0.628297 0.736187
vt 0.652449 0.405326
vt 0.766518 0.447993
vt 0.764099 0.676297
vt 0.092806 0.792467
vt 0.083191 0.891375
vt 0.086540 0.674270
vt 0.089042 0.446705
s 1
usemtl kriz_cz_refl_velky
f 3859/1885/1516 3866/1886/1517 3868/1887/1518
f 3863/1888/1519 3870/1889/1520 3862/1890/1521
f 3860/1891/1522 3877/1892/1523 3863/1891/1519
f 3878/1893/1524 3873/1894/1525 3861/1893/1526
f 3862/1886/1521 3866/1886/1517 3863/1891/1519
f 3867/1895/1527 3885/1896/1528 3864/1895/1529
f 3879/1897/1530 3866/1886/1517 3865/1897/1531
f 3872/1898/1532 3867/1895/1527 3886/1898/1533
f 3868/1887/1518 3879/1897/1530 3889/1887/1534
f 3887/1899/1535 3882/1899/1536 3869/1900/1537
f 3859/1885/1516 3868/1887/1518 3870/1885/1520
f 3871/1901/1538 3884/1901/1539 3887/1899/1535
f 3880/1902/1540 3872/1898/1532 3876/1902/1541
f 3873/1894/1525 3859/1885/1516 3874/1894/1542
f 3883/1903/1543 3884/1901/1539 3875/1903/1544
f 3869/1900/1537 3881/1900/1545 3876/1902/1541
f 3890/1892/1546 3877/1892/1523 3875/1903/1544
f 3885/1896/1528 3878/1893/1524 3888/1896/1547
f 3863/1891/1519 3877/1892/1523 3890/1892/1546
f 3861/1893/1526 3873/1894/1525 3874/1894/1542
f 3863/1891/1519 3866/1886/1517 3860/1891/1522
f 3864/1895/1529 3885/1896/1528 3888/1896/1547
f 3865/1897/1531 3866/1886/1517 3862/1886/1521
f 3886/1898/1533 3867/1895/1527 3864/1895/1529
f 3889/1887/1534 3879/1897/1530 3865/1897/1531
f 3869/1900/1537 3882/1899/1536 3881/1900/1545
f 3870/1885/1520 3868/1887/1518 3889/1887/1534
f 3887/1899/1535 3884/1901/1539 3882/1899/1536
f 3876/1902/1541 3872/1898/1532 3886/1898/1533
f 3874/1894/1542 3859/1885/1516 3870/1885/1520
f 3875/1903/1544 3884/1901/1539 3871/1901/1538
f 3876/1902/1541 3881/1900/1545 3880/1902/1540
f 3875/1903/1544 3877/1892/1523 3883/1903/1543
f 3888/1896/1547 3878/1893/1524 3861/1893/1526
f 3881/1900/1545 3872/1898/1532 3880/1902/1540
f 3877/1892/1523 3882/1899/1536 3884/1901/1539
f 3882/1899/1536 3872/1898/1532 3881/1900/1545
f 3873/1894/1525 3878/1893/1524 3885/1896/1528
f 3882/1899/1536 3867/1895/1527 3872/1898/1532
f 3877/1892/1523 3884/1901/1539 3883/1903/1543
f 3859/1885/1516 3860/1891/1522 3866/1886/1517
f 3860/1891/1522 3882/1899/1536 3877/1892/1523
f 3859/1885/1516 3885/1896/1528 3867/1895/1527
f 3885/1896/1528 3859/1885/1516 3873/1894/1525
f 3866/1886/1517 3879/1897/1530 3868/1887/1518
f 3867/1895/1527 3882/1899/1536 3860/1891/1522
f 3860/1891/1522 3859/1885/1516 3867/1895/1527
f 3886/1904/1533 3869/1905/1537 3876/1906/1541
f 3870/1889/1520 3864/1907/1529 3888/1908/1547
f 3887/1909/1535 3869/1905/1537 3886/1904/1533
f 3890/1910/1546 3875/1911/1544 3871/1912/1538
f 3864/1907/1529 3887/1909/1535 3886/1904/1533
f 3874/1913/1542 3888/1908/1547 3861/1914/1526
f 3862/1890/1521 3870/1889/1520 3889/1915/1534
f 3870/1889/1520 3888/1908/1547 3874/1913/1542
f 3890/1910/1546 3871/1912/1538 3887/1909/1535
f 3887/1909/1535 3863/1888/1519 3890/1910/1546
f 3889/1915/1534 3865/1916/1531 3862/1890/1521
f 3863/1888/1519 3864/1907/1529 3870/1889/1520
f 3864/1907/1529 3863/1888/1519 3887/1909/1535
o kriz_xk_refl_maly
v -0.124818 1.700981 0.151025
v -0.000030 1.568747 0.151025
v -0.200791 1.798364 0.158437
v -0.153133 1.496023 0.158437
v -0.000030 1.568746 0.158437
v -0.000030 1.758311 0.158437
v -0.200236 1.531193 0.158437
v -0.153133 1.496023 0.151025
v -0.000030 1.758311 0.151024
v -0.202436 1.662438 0.151025
v 0.198888 1.738329 0.158437
v -0.124818 1.700981 0.158437
v 0.198890 1.665547 0.158437
v 0.153132 1.831203 0.151024
v -0.202435 1.739525 0.151025
v -0.202435 1.739525 0.158437
v 0.200948 1.533391 0.158437
v 0.199157 1.800996 0.158437
v 0.153680 1.496091 0.151025
v -0.200791 1.798364 0.151024
v -0.200236 1.531193 0.151025
v 0.199157 1.800996 0.151024
v 0.198888 1.738329 0.151024
v 0.126293 1.701696 0.151025
v 0.200948 1.533391 0.151025
v 0.198890 1.665547 0.151025
v -0.151895 1.831681 0.151024
v 0.153132 1.831203 0.158437
v 0.126293 1.701696 0.158437
v -0.151895 1.831681 0.158437
v -0.202436 1.662438 0.158437
v 0.153680 1.496091 0.158437
vn -0.2522 -0.0000 -0.9677
vn -0.0785 -0.7906 -0.6073
vn -0.6806 0.4141 -0.6044
vn 0.0005 -0.5763 0.8172
vn -0.2522 -0.0000 0.9677
vn -0.0785 -0.7906 0.6073
vn 0.0005 -0.5762 -0.8173
vn 0.0899 -0.7907 -0.6056
vn -0.6901 0.3773 -0.6176
vn -0.6834 -0.4106 -0.6036
vn -0.6901 0.3773 0.6176
vn 0.0017 0.5745 -0.8185
vn -0.0586 0.7903 -0.6099
vn 0.0017 0.5745 0.8185
vn -0.6984 -0.3575 -0.6201
vn -0.6984 -0.3575 0.6201
vn 0.0540 0.7893 -0.6116
vn 0.0540 0.7893 0.6116
vn -0.6806 0.4141 0.6044
vn 0.2543 0.0007 0.9671
vn 0.2543 0.0007 -0.9671
vn 0.6764 -0.4183 0.6063
vn 0.6726 0.4237 0.6067
vn 0.6726 0.4237 -0.6067
vn 0.6955 0.3735 -0.6139
vn 0.6955 0.3735 0.6139
vn -0.6834 -0.4106 0.6036
vn 0.7089 -0.3369 -0.6196
vn 0.7089 -0.3369 0.6196
vn 0.6764 -0.4183 -0.6063
vn 0.0899 -0.7907 0.6056
vn -0.0586 0.7903 0.6099
vt 0.064025 0.250669
vt 0.058806 0.190717
vt 0.049718 0.239395
vt 0.427813 0.510306
vt 0.221971 0.734857
vt 0.169876 0.391557
vt 0.087027 0.211989
vt 0.115360 0.190736
vt 0.050021 0.279155
vt 0.049718 0.261944
vt 0.087027 0.267439
vt 0.059034 0.288901
vt 0.050124 0.201004
vt 0.115259 0.288761
vt 0.110312 0.250879
vt 0.123693 0.261594
vt 0.123694 0.240304
vt 0.123743 0.279925
vt 0.124073 0.201647
vt 0.680914 0.949672
vt 0.755823 0.795373
vt 0.763414 0.893259
vt 0.423627 0.829494
vt 0.165392 0.948239
vt 0.631091 0.736977
vt 0.686274 0.392471
vt 0.766016 0.449158
vt 0.763503 0.676076
vt 0.092695 0.792481
vt 0.082753 0.891431
vt 0.087199 0.674414
vt 0.088269 0.445882
s 1
usemtl kriz_xk_cz_refl
f 3891/1917/1548 3898/1918/1549 3900/1919/1550
f 3895/1920/1551 3902/1921/1552 3894/1922/1553
f 3892/1923/1554 3909/1924/1555 3895/1923/1551
f 3910/1925/1556 3905/1926/1557 3893/1925/1558
f 3894/1918/1553 3898/1918/1549 3895/1923/1551
f 3899/1927/1559 3917/1928/1560 3896/1927/1561
f 3911/1929/1562 3898/1918/1549 3897/1929/1563
f 3904/1930/1564 3899/1927/1559 3918/1930/1565
f 3900/1919/1550 3911/1929/1562 3921/1919/1566
f 3919/1931/1567 3914/1931/1568 3901/1932/1569
f 3891/1917/1548 3900/1919/1550 3902/1917/1552
f 3903/1933/1570 3916/1933/1571 3919/1931/1567
f 3912/1934/1572 3904/1930/1564 3908/1934/1573
f 3905/1926/1557 3891/1917/1548 3906/1926/1574
f 3915/1935/1575 3916/1933/1571 3907/1935/1576
f 3901/1932/1569 3913/1932/1577 3908/1934/1573
f 3922/1924/1578 3909/1924/1555 3907/1935/1576
f 3917/1928/1560 3910/1925/1556 3920/1928/1579
f 3895/1923/1551 3909/1924/1555 3922/1924/1578
f 3893/1925/1558 3905/1926/1557 3906/1926/1574
f 3895/1923/1551 3898/1918/1549 3892/1923/1554
f 3896/1927/1561 3917/1928/1560 3920/1928/1579
f 3897/1929/1563 3898/1918/1549 3894/1918/1553
f 3918/1930/1565 3899/1927/1559 3896/1927/1561
f 3921/1919/1566 3911/1929/1562 3897/1929/1563
f 3901/1932/1569 3914/1931/1568 3913/1932/1577
f 3902/1917/1552 3900/1919/1550 3921/1919/1566
f 3919/1931/1567 3916/1933/1571 3914/1931/1568
f 3908/1934/1573 3904/1930/1564 3918/1930/1565
f 3906/1926/1574 3891/1917/1548 3902/1917/1552
f 3907/1935/1576 3916/1933/1571 3903/1933/1570
f 3908/1934/1573 3913/1932/1577 3912/1934/1572
f 3907/1935/1576 3909/1924/1555 3915/1935/1575
f 3920/1928/1579 3910/1925/1556 3893/1925/1558
f 3913/1932/1577 3904/1930/1564 3912/1934/1572
f 3909/1924/1555 3914/1931/1568 3916/1933/1571
f 3914/1931/1568 3904/1930/1564 3913/1932/1577
f 3905/1926/1557 3910/1925/1556 3917/1928/1560
f 3914/1931/1568 3899/1927/1559 3904/1930/1564
f 3909/1924/1555 3916/1933/1571 3915/1935/1575
f 3891/1917/1548 3892/1923/1554 3898/1918/1549
f 3892/1923/1554 3914/1931/1568 3909/1924/1555
f 3891/1917/1548 3917/1928/1560 3899/1927/1559
f 3917/1928/1560 3891/1917/1548 3905/1926/1557
f 3898/1918/1549 3911/1929/1562 3900/1919/1550
f 3899/1927/1559 3914/1931/1568 3892/1923/1554
f 3892/1923/1554 3891/1917/1548 3899/1927/1559
f 3918/1936/1565 3901/1937/1569 3908/1938/1573
f 3902/1921/1552 3896/1939/1561 3920/1940/1579
f 3919/1941/1567 3901/1937/1569 3918/1936/1565
f 3922/1942/1578 3907/1943/1576 3903/1944/1570
f 3896/1939/1561 3919/1941/1567 3918/1936/1565
f 3906/1945/1574 3920/1940/1579 3893/1946/1558
f 3894/1922/1553 3902/1921/1552 3921/1947/1566
f 3902/1921/1552 3920/1940/1579 3906/1945/1574
f 3922/1942/1578 3903/1944/1570 3919/1941/1567
f 3919/1941/1567 3895/1920/1551 3922/1942/1578
f 3921/1947/1566 3897/1948/1563 3894/1922/1553
f 3895/1920/1551 3896/1939/1561 3902/1921/1552
f 3896/1939/1561 3895/1920/1551 3919/1941/1567
o kriz_xk_front_velky
v 0.121958 1.628182 0.157403
v 0.290707 1.549494 0.157403
v 0.326248 1.561291 0.157403
v 0.134499 1.634030 0.157403
v 0.121958 1.684923 0.157403
v 0.152378 1.670738 0.157403
v 0.182799 1.656553 0.157403
v 0.115674 1.681993 0.157403
v 0.152378 1.642368 0.157403
v 0.170258 1.650704 0.157403
v 0.312440 1.596100 0.157403
v 0.182799 1.656553 0.157403
v 0.091538 1.670738 0.157403
v 0.106714 1.677815 0.157403
v 0.170258 1.650704 0.157403
v 0.000000 1.571312 0.157403
v -0.030421 1.585498 0.157403
v -0.060841 1.599683 0.157403
v -0.312440 1.717006 0.157403
v -0.182799 1.656553 0.157403
v -0.174913 1.660230 0.157403
v -0.045665 1.606760 0.157403
v -0.152378 1.670738 0.157403
v -0.326248 1.751815 0.157403
v 0.030421 1.585498 0.157403
v -0.030421 1.613868 0.157403
v 0.060841 1.599683 0.157403
v 0.030421 1.585498 0.157403
v 0.326248 1.447551 0.157403
v 0.312440 1.482360 0.157403
v -0.015176 1.620977 0.157403
v 0.060841 1.599683 0.157403
v 0.000000 1.628053 0.157403
v -0.290707 1.877353 0.157403
v -0.326248 1.865555 0.157403
v -0.030421 1.727608 0.157403
v 0.030421 1.613868 0.157403
v 0.000000 1.741793 0.157403
v 0.152378 1.642368 0.157403
v 0.115674 1.681993 0.157403
v 0.121958 1.684923 0.157403
v 0.060841 1.713423 0.157403
v 0.106714 1.677815 0.157403
v 0.091538 1.670738 0.157403
v 0.067402 1.659484 0.157403
v 0.091538 1.670738 0.157403
v 0.061117 1.656553 0.157403
v 0.134499 1.634030 0.157403
v 0.030421 1.699238 0.157403
v 0.121958 1.628182 0.157403
v 0.091538 1.642368 0.157403
v -0.045665 1.606760 0.157403
v -0.030421 1.613868 0.157403
v -0.091538 1.642368 0.157403
v -0.060841 1.599683 0.157403
v 0.000000 1.741793 0.157403
v -0.030421 1.727608 0.157403
v -0.121958 1.628182 0.157403
v 0.030421 1.727608 0.157403
v 0.060841 1.713423 0.157403
v -0.060841 1.713423 0.157403
v -0.030421 1.727608 0.157403
v -0.129844 1.681247 0.157403
v -0.290707 1.763613 0.157403
v 0.030421 1.699238 0.157403
v 0.000000 1.685052 0.157403
v -0.121958 1.684923 0.157403
v -0.030421 1.699238 0.157403
v -0.121958 1.628182 0.157403
v -0.152378 1.642368 0.157403
v -0.182799 1.656553 0.157403
v -0.312440 1.830746 0.157403
v -0.174913 1.660230 0.157403
v -0.060841 1.713423 0.157403
v -0.091538 1.642368 0.157403
v 0.067402 1.659484 0.157403
v -0.152378 1.670738 0.157403
v -0.061117 1.656553 0.157403
v -0.129844 1.681247 0.157403
v -0.121958 1.684923 0.157403
v 0.000000 1.685052 0.157403
v -0.091538 1.670738 0.157403
v -0.312441 1.482360 0.157403
v 0.061117 1.656553 0.157403
v 0.000000 1.571312 0.157403
v 0.290707 1.435753 0.157403
v -0.060841 1.599683 0.157403
v 0.045665 1.606759 0.157403
v 0.121958 1.628182 0.157403
v 0.060841 1.599683 0.157403
v -0.121958 1.684923 0.157403
v -0.115674 1.681993 0.157403
v -0.015176 1.620977 0.157403
v -0.061117 1.656553 0.157403
v -0.060841 1.713423 0.157403
v 0.000000 1.741793 0.157403
v 0.000000 1.628053 0.157403
v 0.290707 1.877353 0.157403
v 0.091538 1.642368 0.157403
v -0.134499 1.634030 0.157403
v -0.152378 1.642368 0.157403
v -0.326248 1.561291 0.157403
v -0.121958 1.628182 0.157403
v 0.030421 1.613868 0.157403
v 0.015176 1.620977 0.157403
v -0.290707 1.549494 0.157403
v 0.000000 1.628053 0.157403
v 0.061117 1.656553 0.157403
v 0.182799 1.656553 0.157403
v 0.312441 1.717006 0.157403
v -0.170258 1.650704 0.157403
v 0.174913 1.660230 0.157403
v 0.000000 1.685052 0.157403
v -0.182799 1.656553 0.157403
v -0.061117 1.656553 0.157403
v -0.067402 1.659484 0.157403
v -0.312441 1.596100 0.157403
v -0.290707 1.435753 0.157403
v 0.000000 1.571312 0.157403
v -0.030421 1.585498 0.157403
v -0.076362 1.663662 0.157403
v -0.326248 1.447551 0.157403
v -0.091538 1.670738 0.157403
v 0.290707 1.763613 0.157403
v 0.121958 1.684923 0.157403
v 0.129844 1.681247 0.157403
v 0.326248 1.751815 0.157403
v -0.030421 1.699238 0.157403
v 0.060841 1.713423 0.157403
v 0.030421 1.727608 0.157403
v 0.326248 1.865555 0.157403
v 0.152378 1.670738 0.157403
v 0.312441 1.830746 0.157403
vn -0.0000 -0.0000 1.0000
vt 0.517761 0.743385
vt 0.858786 0.944065
vt 0.933187 0.893797
vt 0.547414 0.711283
vt 0.594526 0.681040
vt 0.933685 0.789514
vt 0.684193 0.622295
vt 0.640889 0.651653
vt 0.094690 0.474351
vt 0.350409 0.627702
vt 0.391146 0.602018
vt 0.431109 0.577314
vt 0.093636 0.370882
vt 0.596439 0.679975
vt 0.936821 0.894003
vt 0.926683 0.774129
vt 0.677315 0.629885
vt 0.149740 0.296968
vt 0.094645 0.367529
vt 0.431820 0.575636
vt 0.514934 0.508074
vt 0.488558 0.534528
vt 0.502338 0.510797
vt 0.328470 0.411838
vt 0.465841 0.548597
vt 0.427366 0.572427
vt 0.251467 0.467235
vt 0.387656 0.600137
vt 0.428797 0.574655
vt 0.188956 0.432937
vt 0.346700 0.625503
vt 0.112596 0.492077
vt 0.486645 0.542158
vt 0.149365 0.297116
vt 0.511731 0.510588
vt 0.096434 0.472243
vt 0.350903 0.627939
vt 0.364999 0.620186
vt 0.170053 0.525884
vt 0.337181 0.628297
vt 0.518958 0.740953
vt 0.858679 0.944167
vt 0.469939 0.549174
vt 0.258996 0.366039
vt 0.508741 0.509945
vt 0.481195 0.712059
vt 0.433812 0.681563
vt 0.092191 0.903633
vt 0.517824 0.744338
vt 0.158018 0.961600
vt 0.386428 0.651067
vt 0.353192 0.629676
vt 0.104706 0.795243
vt 0.160088 0.961974
vt 0.514622 0.744100
vt 0.432506 0.681635
vt 0.094165 0.905179
vt 0.860457 0.279832
vt 0.518301 0.509390
vt 0.552842 0.545051
vt 0.934921 0.341341
vt 0.604295 0.576008
vt 0.921217 0.460148
vt 0.934641 0.340987
vt 0.598482 0.576468
vt 0.694182 0.616353
vt 0.853953 0.404747
vt 0.605279 0.572444
vt 0.643082 0.598841
vt 0.668263 0.612088
vt 0.690201 0.619236
vt 0.919224 0.458590
vt 0.663297 0.612295
vt 0.920693 0.460860
vt 0.691049 0.617304
vt 0.732693 0.372677
vt 0.515789 0.509488
vt 0.558211 0.549733
vt 0.598661 0.576235
vt 0.812412 0.424318
vt 0.859533 0.281091
vt 0.516509 0.508565
vt 0.848399 0.293589
vt 0.537448 0.536761
vt 0.517632 0.513608
vt 0.681076 0.625944
vt 0.899494 0.477362
vt 0.639112 0.602737
vt 0.353783 0.630058
vt 0.102802 0.792338
vt 0.599833 0.576469
vt 0.513985 0.510290
vt 0.489739 0.540220
vt 0.685235 0.622423
vt 0.432981 0.576590
vt 0.610139 0.678199
vt 0.386480 0.604133
vt 0.349823 0.629028
vt 0.430023 0.680464
vt 0.518113 0.745357
vt 0.431506 0.679469
vt 0.521854 0.735080
vt 0.594747 0.683179
vt 0.435229 0.576954
vt 0.347662 0.631613
vt 0.685284 0.622294
vt 0.599099 0.575694
vt 0.434059 0.575559
vt 0.515477 0.508201
vt 0.432402 0.682206
vt 0.512632 0.735949
vt 0.547573 0.711416
vt 0.341131 0.636157
vt 0.381394 0.619395
vt 0.431665 0.585429
vt 0.596841 0.681985
vt 0.600080 0.578400
vt 0.515967 0.507635
vt 0.471834 0.550971
vt 0.678203 0.627786
vt 0.428282 0.576576
vt 0.597354 0.680559
vt 0.390171 0.602180
vt 0.347649 0.628993
vt 0.432598 0.682410
vt 0.518224 0.742558
vt 0.481366 0.556048
vt 0.440834 0.581532
vt 0.642087 0.654317
vt 0.502678 0.542605
vt 0.690227 0.622414
vt 0.602786 0.579328
vt 0.531617 0.527887
s 1
usemtl kriz_cz_xk
f 3923/1949/1580 3924/1950/1580 3925/1951/1580
f 3926/1952/1580 3923/1949/1580 3925/1951/1580
f 3926/1952/1580 3925/1951/1580 3931/1953/1580
f 3925/1951/1580 3933/1954/1580 3934/1955/1580
f 3925/1951/1580 3934/1955/1580 3937/1956/1580
f 3925/1951/1580 3937/1956/1580 3931/1953/1580
f 3941/1957/1580 3942/1958/1580 3943/1959/1580
f 3943/1959/1580 3945/1960/1580 3946/1961/1580
f 3941/1957/1580 3943/1959/1580 3946/1961/1580
f 3950/1962/1580 3951/1963/1580 3952/1964/1580
f 3952/1964/1580 3954/1965/1580 3950/1962/1580
f 3956/1966/1580 3957/1967/1580 3958/1968/1580
f 3958/1968/1580 3960/1969/1580 3956/1966/1580
f 3962/1970/1580 3963/1971/1580 3964/1972/1580
f 3965/1973/1580 3962/1970/1580 3964/1972/1580
f 3968/1974/1580 3965/1973/1580 3964/1972/1580
f 3971/1975/1580 3968/1974/1580 3964/1972/1580
f 3974/1976/1580 3975/1977/1580 3976/1978/1580
f 3977/1979/1580 3974/1976/1580 3976/1978/1580
f 3980/1980/1580 3977/1979/1580 3976/1978/1580
f 3946/1961/1580 3945/1960/1580 3985/1981/1580
f 3986/1982/1580 3946/1961/1580 3985/1981/1580
f 3989/1983/1580 3986/1982/1580 3985/1981/1580
f 3958/1968/1580 3957/1967/1580 3994/1984/1580
f 3994/1984/1580 3996/1985/1580 3958/1968/1580
f 3998/1986/1580 3968/1974/1580 3971/1975/1580
f 3998/1986/1580 3971/1975/1580 4003/1987/1580
f 3998/1986/1580 4003/1987/1580 4006/1988/1580
f 4007/1989/1580 4008/1990/1580 3951/1963/1580
f 3951/1963/1580 3950/1962/1580 4007/1989/1580
f 3976/1978/1580 3975/1977/1580 4015/1991/1580
f 4016/1992/1580 3976/1978/1580 4015/1991/1580
f 4019/1993/1580 4016/1992/1580 4015/1991/1580
f 4022/1994/1580 4023/1995/1580 4024/1996/1580
f 4025/1997/1580 4022/1994/1580 4024/1996/1580
f 4028/1998/1580 4025/1997/1580 4024/1996/1580
f 4024/1996/1580 4023/1995/1580 4033/1999/1580
f 4024/1996/1580 4033/1999/1580 4036/2000/1580
f 4024/1996/1580 4036/2000/1580 4039/2001/1580
f 4040/2002/1580 4041/2003/1580 4042/2004/1580
f 4042/2004/1580 4044/2005/1580 4040/2002/1580
f 4046/2006/1580 4047/2007/1580 4048/2008/1580
f 4049/2009/1580 4046/2006/1580 4048/2008/1580
f 4049/2009/1580 4048/2008/1580 4054/2010/1580
f 4055/2011/1580 4053/2012/1580 4052/2013/1580
f 4052/2013/1580 4051/2014/1580 4055/2011/1580
f 4050/2015/1580 4045/2016/1580 4043/2017/1580
f 4038/2018/1580 4037/2019/1580 4035/2020/1580
f 4043/2017/1580 4038/2018/1580 4035/2020/1580
f 4050/2015/1580 4043/2017/1580 4035/2020/1580
f 4049/2009/1580 4054/2010/1580 4034/2021/1580
f 4032/2022/1580 4049/2009/1580 4034/2021/1580
f 4031/2023/1580 4032/2022/1580 4034/2021/1580
f 4030/2024/1580 4029/2025/1580 4027/2026/1580
f 4027/2026/1580 4026/2027/1580 4021/2028/1580
f 4030/2024/1580 4027/2026/1580 4021/2028/1580
f 4052/2013/1580 4053/2012/1580 4020/2029/1580
f 4020/2029/1580 4018/2030/1580 4052/2013/1580
f 4045/2016/1580 4050/2015/1580 4017/2031/1580
f 4014/2032/1580 4045/2016/1580 4017/2031/1580
f 4014/2032/1580 4017/2031/1580 4013/2033/1580
f 4012/2034/1580 4011/2035/1580 4021/2028/1580
f 4021/2028/1580 4026/2027/1580 4010/2036/1580
f 4012/2034/1580 4021/2028/1580 4010/2036/1580
f 4009/2037/1580 4005/2038/1580 4044/2005/1580
f 4044/2005/1580 4042/2004/1580 4009/2037/1580
f 4004/2039/1580 4002/2040/1580 4001/2041/1580
f 4000/2042/1580 4004/2039/1580 4001/2041/1580
f 4001/2041/1580 3999/2043/1580 3997/2044/1580
f 4000/2042/1580 4001/2041/1580 3997/2044/1580
f 3995/2045/1580 3993/2046/1580 3992/2047/1580
f 3995/2045/1580 3992/2047/1580 3991/2048/1580
f 3995/2045/1580 3991/2048/1580 3997/2044/1580
f 3995/2045/1580 3997/2044/1580 3999/2043/1580
f 3990/2049/1580 3988/2050/1580 3987/2051/1580
f 3987/2051/1580 3984/2052/1580 3983/2053/1580
f 3990/2049/1580 3987/2051/1580 3983/2053/1580
f 3987/2051/1580 3982/2054/1580 3981/2055/1580
f 3979/2056/1580 3987/2051/1580 3981/2055/1580
f 3979/2056/1580 3981/2055/1580 3978/2057/1580
f 3973/2058/1580 3972/2059/1580 3970/2060/1580
f 3969/2061/1580 3973/2058/1580 3970/2060/1580
f 3967/2062/1580 3969/2061/1580 3970/2060/1580
f 3966/2063/1580 3967/2062/1580 3970/2060/1580
f 3961/2064/1580 3966/2063/1580 3970/2060/1580
f 3959/2065/1580 3955/2066/1580 3953/2067/1580
f 3949/2068/1580 3959/2065/1580 3953/2067/1580
f 3953/2067/1580 3948/2069/1580 3947/2070/1580
f 3949/2068/1580 3953/2067/1580 3947/2070/1580
f 3944/2071/1580 3940/2072/1580 3939/2073/1580
f 3944/2071/1580 3939/2073/1580 3938/2074/1580
f 3944/2071/1580 3938/2074/1580 3947/2070/1580
f 3944/2071/1580 3947/2070/1580 3948/2069/1580
f 3936/2075/1580 3935/2076/1580 3961/2064/1580
f 3936/2075/1580 3961/2064/1580 3932/2077/1580
f 3930/2078/1580 3936/2075/1580 3932/2077/1580
f 3932/2077/1580 3929/2079/1580 3928/2080/1580
f 3932/2077/1580 3928/2080/1580 3927/2081/1580
f 3930/2078/1580 3932/2077/1580 3927/2081/1580
o kriz_xk_front_maly
v 0.061104 1.614529 0.158121
v 0.176084 1.560742 0.158121
v 0.211625 1.572538 0.158121
v 0.073645 1.620376 0.158121
v 0.000000 1.643018 0.152071
v 0.091524 1.628714 0.158121
v 0.197817 1.607348 0.158121
v 0.121945 1.642900 0.158121
v 0.060499 1.595754 0.152055
v 0.109404 1.637051 0.158121
v 0.060498 1.614828 0.152055
v -0.060513 1.614851 0.152055
v 0.211625 1.496809 0.158121
v 0.197817 1.531618 0.158121
v -0.060498 1.595807 0.152055
v 0.000000 1.624020 0.152071
v -0.176445 1.781675 0.158121
v -0.211985 1.769877 0.158121
v -0.030421 1.685573 0.158121
v 0.115674 1.639958 0.158121
v 0.106714 1.635780 0.158121
v 0.030421 1.657202 0.158121
v -0.030421 1.657202 0.158121
v -0.061014 1.614570 0.158121
v -0.198178 1.735067 0.158121
v -0.140090 1.633494 0.158121
v 0.067402 1.617448 0.158121
v -0.129756 1.639254 0.158121
v -0.129844 1.639212 0.158121
v 0.000000 1.643018 0.158121
v -0.091538 1.628703 0.158121
v -0.198173 1.531690 0.158121
v 0.000000 1.567286 0.158121
v 0.176084 1.485011 0.158121
v 0.000000 1.624020 0.158121
v -0.121958 1.642889 0.158121
v -0.115674 1.639958 0.158121
v -0.060841 1.671387 0.158121
v -0.081639 1.618122 0.158121
v -0.114170 1.621609 0.158121
v -0.211981 1.572610 0.158121
v 0.000000 1.699759 0.158121
v 0.176312 1.781651 0.158121
v -0.176440 1.560814 0.158121
v -0.061117 1.614517 0.158121
v -0.067402 1.617448 0.158121
v -0.076362 1.621626 0.158121
v -0.129826 1.629542 0.158121
v 0.060841 1.671387 0.158121
v 0.030421 1.685573 0.158121
v -0.198173 1.607420 0.158121
v -0.176440 1.485083 0.158121
v 0.000000 1.595706 0.158121
v 0.211853 1.769853 0.158121
v -0.211981 1.496881 0.158121
v 0.198045 1.735044 0.158121
vn -0.0000 -0.0000 1.0000
vn -0.0000 -0.0000 -1.0000
vn 0.0003 -0.0000 -1.0000
vn -0.0003 -0.0000 -1.0000
vt 0.677915 0.402956
vt 0.857213 0.286592
vt 0.936498 0.332405
vt 0.713729 0.425283
vt 0.764786 0.457122
vt 0.916442 0.464099
vt 0.851660 0.511288
vt 0.809922 0.485357
vt 0.499650 0.355564
vt 0.930934 0.075457
vt 0.909472 0.196956
vt 0.499650 0.463682
vt 0.172478 0.961283
vt 0.090662 0.907159
vt 0.427317 0.685038
vt 0.516883 0.734887
vt 0.833751 0.500054
vt 0.689038 0.620524
vt 0.808164 0.484100
vt 0.601064 0.576706
vt 0.110415 0.783309
vt 0.340446 0.630872
vt 0.695900 0.414103
vt 0.515039 0.508932
vt 0.499650 0.247041
vt 0.856025 0.021506
vt 0.378078 0.489682
vt 0.285179 0.502998
vt 0.081885 0.365923
vt 0.435973 0.474421
vt 0.150793 0.311538
vt 0.240470 0.533290
vt 0.211159 0.548377
vt 0.098989 0.484935
vt 0.145546 0.025786
vt 0.069495 0.076734
vt 0.921674 0.773310
vt 0.948069 0.885368
vt 0.594957 0.680048
vt 0.427317 0.576706
vt 0.349810 0.530086
vt 0.393148 0.503063
vt 0.418735 0.487109
vt 0.435679 0.474222
vt 0.864527 0.947565
vt 0.280884 0.573060
vt 0.262939 0.584252
vt 0.090946 0.202395
vt 0.240419 0.570212
vt 0.240670 0.570376
vt 0.516725 0.486246
vt 0.358030 0.382943
vt 0.357539 0.413724
vt 0.672114 0.400465
vt 0.671536 0.366938
s 1
usemtl kriz_cz_xk
f 4056/2082/1581 4057/2083/1581 4058/2084/1581
f 4059/2085/1581 4056/2082/1581 4058/2084/1581
f 4059/2085/1581 4058/2084/1581 4061/2086/1581
f 4058/2084/1581 4062/2087/1581 4063/2088/1581
f 4058/2084/1581 4063/2088/1581 4065/2089/1581
f 4058/2084/1581 4065/2089/1581 4061/2086/1581
f 4108/2090/1581 4068/2091/1581 4069/2092/1581
f 4069/2092/1581 4090/2093/1581 4108/2090/1581
f 4072/2094/1581 4073/2095/1581 4074/2096/1581
f 4074/2096/1581 4097/2097/1581 4072/2094/1581
f 4075/2098/1581 4063/2088/1581 4104/2099/1581
f 4076/2100/1581 4075/2098/1581 4104/2099/1581
f 4061/2086/1581 4076/2100/1581 4104/2099/1581
f 4077/2101/1581 4061/2086/1581 4104/2099/1581
f 4074/2096/1581 4073/2095/1581 4080/2102/1581
f 4080/2102/1581 4093/2103/1581 4074/2096/1581
f 4082/2104/1581 4061/2086/1581 4077/2101/1581
f 4082/2104/1581 4077/2101/1581 4085/2105/1581
f 4082/2104/1581 4085/2105/1581 4056/2082/1581
f 4088/2106/1581 4089/2107/1581 4068/2091/1581
f 4068/2091/1581 4108/2090/1581 4088/2106/1581
f 4094/2108/1581 4095/2109/1581 4096/2110/1581
f 4079/2111/1581 4094/2108/1581 4096/2110/1581
f 4099/2112/1581 4079/2111/1581 4096/2110/1581
f 4096/2110/1581 4095/2109/1581 4103/2113/1581
f 4096/2110/1581 4103/2113/1581 4081/2114/1581
f 4096/2110/1581 4081/2114/1581 4106/2115/1581
f 4107/2116/1581 4088/2106/1581 4108/2090/1581
f 4108/2090/1581 4110/2117/1581 4107/2116/1581
f 4111/2118/1581 4109/2119/1581 4105/2120/1581
f 4105/2120/1581 4104/2099/1581 4111/2118/1581
f 4078/2121/1581 4086/2122/1581 4102/2123/1581
f 4101/2124/1581 4100/2125/1581 4085/2105/1581
f 4102/2123/1581 4101/2124/1581 4085/2105/1581
f 4078/2121/1581 4102/2123/1581 4085/2105/1581
f 4105/2120/1581 4109/2119/1581 4098/2126/1581
f 4098/2126/1581 4097/2097/1581 4105/2120/1581
f 4086/2122/1581 4078/2121/1581 4093/2103/1581
f 4092/2127/1581 4086/2122/1581 4093/2103/1581
f 4092/2127/1581 4093/2103/1581 4091/2128/1581
f 4090/2093/1581 4087/2129/1581 4110/2117/1581
f 4110/2117/1581 4108/2090/1581 4090/2093/1581
f 4086/2122/1581 4091/2128/1581 4084/2130/1581
f 4100/2125/1581 4086/2122/1581 4084/2130/1581
f 4083/2131/1581 4081/2114/1581 4095/2109/1581
f 4083/2131/1581 4095/2109/1581 4079/2111/1581
f 4078/2121/1581 4085/2105/1581 4077/2101/1581
f 4077/2101/1581 4074/2096/1581 4093/2103/1581
f 4078/2121/1581 4077/2101/1581 4093/2103/1581
f 4077/2101/1581 4104/2099/1581 4105/2120/1581
f 4074/2096/1581 4077/2101/1581 4105/2120/1581
f 4074/2096/1581 4105/2120/1581 4097/2097/1581
f 4071/2132/1582 4070/2133/1583 4067/2134/1583
f 4060/2105/1582 4066/2135/1584 4064/2136/1584
f 4071/2132/1582 4067/2134/1583 4060/2105/1582
f 4060/2105/1582 4064/2136/1584 4071/2132/1582
o kriz_xk_back_velky
v 0.290707 1.549494 0.151353
v 0.290707 1.549494 0.157403
v 0.121958 1.628182 0.157403
v -0.005949 1.601557 0.145384
v 0.121958 1.628182 0.151353
v 0.005949 1.601557 0.145384
v 0.312440 1.596100 0.157403
v 0.312440 1.596100 0.151353
v 0.182799 1.656553 0.151353
v 0.005949 1.601557 0.151434
v 0.182799 1.656553 0.157403
v -0.005949 1.601557 0.151434
v 0.326248 1.561291 0.151353
v 0.326248 1.561291 0.157403
v 0.290707 1.549494 0.157403
v 0.061117 1.656553 0.151353
v 0.290707 1.549494 0.151353
v 0.091538 1.642368 0.151353
v 0.312440 1.596100 0.151353
v 0.312440 1.596100 0.157403
v 0.326248 1.561291 0.157403
v 0.121958 1.628182 0.151353
v 0.326248 1.561291 0.151353
v 0.067402 1.659484 0.151353
v 0.134499 1.634030 0.151353
v 0.152378 1.642368 0.151353
v 0.326248 1.561291 0.151353
v 0.121958 1.628182 0.151353
v 0.134499 1.634030 0.151353
v 0.076362 1.663662 0.151353
v 0.290707 1.549494 0.151353
v 0.060841 1.599683 0.151353
v 0.030421 1.613868 0.151353
v 0.000000 1.628053 0.151353
v -0.015176 1.620977 0.151353
v 0.170258 1.650704 0.151353
v 0.030421 1.585498 0.151353
v -0.030421 1.613868 0.151353
v 0.182799 1.656553 0.151353
v 0.000000 1.571312 0.151353
v -0.045665 1.606760 0.151353
v 0.312440 1.596100 0.151353
v -0.326248 1.865555 0.157403
v -0.326248 1.865555 0.151353
v -0.312440 1.830746 0.151353
v -0.060841 1.599683 0.151353
v -0.312440 1.830746 0.157403
v -0.030421 1.585498 0.151353
v -0.290707 1.877353 0.157403
v -0.290707 1.877353 0.151353
v -0.326248 1.865555 0.151353
v 0.152378 1.642368 0.151353
v -0.326248 1.865555 0.157403
v 0.091538 1.670738 0.151353
v 0.290707 1.435753 0.151353
v 0.290707 1.435753 0.157403
v 0.000000 1.571312 0.157403
v 0.115674 1.681993 0.151353
v 0.000000 1.571312 0.151353
v 0.121958 1.684923 0.151353
v 0.312440 1.482360 0.157403
v 0.312440 1.482360 0.151353
v 0.060841 1.599683 0.151353
v 0.170258 1.650704 0.151353
v 0.060841 1.599683 0.157403
v 0.182799 1.656553 0.151353
v 0.326248 1.447551 0.151353
v 0.326248 1.447551 0.157403
v 0.290707 1.435753 0.157403
v 0.152378 1.670738 0.151353
v 0.290707 1.435753 0.151353
v -0.030421 1.699238 0.151353
v 0.312440 1.482360 0.151353
v 0.312440 1.482360 0.157403
v 0.326248 1.447551 0.157403
v 0.000000 1.685052 0.151353
v 0.326248 1.447551 0.151353
v -0.061117 1.656553 0.151353
v 0.290707 1.435753 0.151353
v 0.000000 1.571312 0.151353
v 0.030421 1.585498 0.151353
v -0.091538 1.670738 0.151353
v 0.326248 1.447551 0.151353
v -0.121958 1.684923 0.151353
v -0.290707 1.763613 0.151353
v -0.121958 1.684923 0.151353
v -0.129844 1.681247 0.151353
v -0.326248 1.751815 0.151353
v -0.129844 1.681247 0.151353
v -0.091538 1.642368 0.151353
v -0.152378 1.670738 0.151353
v -0.121958 1.628182 0.151353
v -0.152378 1.670738 0.151353
v -0.326248 1.751815 0.157403
v -0.326248 1.751815 0.151353
v -0.312440 1.717006 0.151353
v -0.174913 1.660230 0.151353
v -0.312440 1.717006 0.157403
v -0.182799 1.656553 0.151353
v -0.290707 1.763613 0.157403
v -0.290707 1.763613 0.151353
v -0.326248 1.751815 0.151353
v -0.152378 1.642368 0.151353
v -0.326248 1.751815 0.157403
v 0.030421 1.699238 0.151353
v -0.312440 1.830746 0.151353
v -0.326248 1.865555 0.151353
v -0.030421 1.727608 0.151353
v 0.060841 1.713423 0.151353
v -0.060841 1.713423 0.151353
v 0.030421 1.727608 0.151353
v -0.312440 1.830746 0.157403
v -0.312440 1.830746 0.151353
v -0.060841 1.713423 0.151353
v 0.000000 1.741793 0.151353
v -0.060841 1.713423 0.157403
v -0.030421 1.727608 0.151353
v -0.290707 1.877353 0.151353
v -0.290707 1.877353 0.157403
v 0.000000 1.741793 0.157403
v 0.000000 1.628053 0.157403
v 0.000000 1.741793 0.151353
v 0.000000 1.628053 0.151353
v 0.030421 1.699238 0.151353
v 0.091538 1.670738 0.151353
v 0.076362 1.663662 0.151353
v 0.067402 1.659484 0.151353
v 0.061117 1.656553 0.151353
v 0.000000 1.685052 0.151353
v 0.061117 1.656553 0.151353
v 0.061117 1.656553 0.157403
v 0.060841 1.599683 0.151353
v 0.060841 1.599683 0.157403
v 0.121958 1.628182 0.157403
v 0.121958 1.628182 0.151353
v 0.000000 1.628053 0.151353
v 0.061117 1.656553 0.151353
v -0.174913 1.660230 0.151353
v -0.312440 1.717006 0.151353
v 0.015176 1.620977 0.151353
v -0.290707 1.435753 0.151353
v -0.182799 1.656553 0.151353
v 0.000000 1.571312 0.151353
v -0.061117 1.656553 0.151353
v -0.061117 1.656553 0.151353
v 0.000000 1.628053 0.151353
v -0.015176 1.620977 0.151353
v 0.000000 1.685052 0.151353
v -0.030421 1.613868 0.151353
v -0.091538 1.642368 0.151353
v -0.067402 1.659484 0.151353
v -0.121958 1.684923 0.157403
v -0.121958 1.684923 0.151353
v -0.312440 1.717006 0.157403
v -0.312440 1.717006 0.151353
v -0.182799 1.656553 0.151353
v -0.060841 1.713423 0.151353
v -0.182799 1.656553 0.157403
v -0.060841 1.713423 0.157403
v -0.290707 1.763613 0.151353
v -0.290707 1.763613 0.157403
v -0.121958 1.684923 0.157403
v -0.061117 1.656553 0.151353
v -0.121958 1.684923 0.151353
v -0.061117 1.656553 0.157403
v 0.000000 1.685052 0.157403
v 0.000000 1.685052 0.151353
v -0.290707 1.877353 0.151353
v 0.060841 1.713423 0.151353
v 0.000000 1.741793 0.151353
v 0.312441 1.830746 0.151353
v 0.000000 1.685052 0.157403
v 0.000000 1.685052 0.151353
v 0.061117 1.656553 0.151353
v 0.182799 1.656553 0.151353
v 0.061117 1.656553 0.157403
v 0.182799 1.656553 0.157403
v 0.060841 1.713423 0.151353
v 0.060841 1.713423 0.157403
v 0.121958 1.684923 0.157403
v 0.312441 1.717006 0.157403
v 0.121958 1.684923 0.151353
v 0.312441 1.717006 0.151353
v 0.121958 1.684923 0.157403
v 0.121958 1.684923 0.151353
v 0.060841 1.713423 0.151353
v 0.115674 1.681993 0.151353
v 0.290707 1.763613 0.151353
v 0.290707 1.763613 0.157403
v 0.121958 1.684923 0.151353
v 0.290707 1.763613 0.151353
v 0.121958 1.684923 0.151353
v -0.060841 1.599683 0.151353
v -0.121958 1.628182 0.151353
v 0.129844 1.681247 0.151353
v 0.121958 1.628182 0.151353
v 0.060841 1.599683 0.151353
v -0.045665 1.606760 0.151353
v 0.091538 1.642368 0.151353
v 0.030421 1.613868 0.151353
v 0.045665 1.606759 0.151353
v 0.060841 1.599683 0.151353
v 0.312440 1.482360 0.151353
v -0.030421 1.699238 0.151353
v -0.091538 1.670738 0.151353
v -0.106714 1.677815 0.151353
v -0.060841 1.713423 0.151353
v -0.121958 1.628182 0.157403
v -0.121958 1.628182 0.151353
v -0.060841 1.599683 0.151353
v -0.121958 1.684923 0.151353
v -0.060841 1.599683 0.157403
v -0.115674 1.681993 0.151353
v -0.061117 1.656553 0.151353
v -0.061117 1.656553 0.157403
v 0.000000 1.628053 0.157403
v 0.000000 1.741793 0.157403
v 0.000000 1.628053 0.151353
v 0.000000 1.741793 0.151353
v -0.290707 1.549494 0.151353
v -0.121958 1.628182 0.151353
v -0.121958 1.628182 0.157403
v 0.290707 1.877353 0.151353
v -0.290707 1.549494 0.157403
v 0.290707 1.877353 0.157403
v -0.182799 1.656553 0.157403
v -0.182799 1.656553 0.151353
v -0.312441 1.596100 0.151353
v 0.000000 1.741793 0.151353
v -0.312441 1.596100 0.157403
v 0.030421 1.727608 0.151353
v 0.326248 1.865555 0.151353
v 0.326248 1.865555 0.157403
v 0.312441 1.830746 0.157403
v 0.326248 1.865555 0.151353
v 0.312441 1.830746 0.151353
v 0.290707 1.877353 0.151353
v 0.290707 1.877353 0.151353
v 0.290707 1.877353 0.157403
v 0.326248 1.865555 0.157403
v 0.060841 1.713423 0.151353
v 0.326248 1.865555 0.151353
v 0.060841 1.713423 0.157403
v -0.121958 1.628182 0.151353
v -0.290707 1.549494 0.151353
v -0.326248 1.561291 0.151353
v -0.134499 1.634030 0.151353
v 0.312441 1.830746 0.157403
v 0.312441 1.830746 0.151353
v -0.326248 1.447551 0.157403
v -0.326248 1.447551 0.151353
v -0.152378 1.642368 0.151353
v -0.312441 1.482360 0.151353
v -0.312441 1.596100 0.151353
v -0.182799 1.656553 0.151353
v -0.312441 1.482360 0.157403
v -0.290707 1.435753 0.157403
v -0.170258 1.650704 0.151353
v -0.290707 1.435753 0.151353
v -0.326248 1.447551 0.151353
v -0.326248 1.447551 0.157403
v -0.326248 1.561291 0.157403
v -0.326248 1.561291 0.151353
v -0.290707 1.549494 0.151353
v -0.060841 1.599683 0.151353
v -0.290707 1.549494 0.157403
v -0.312441 1.482360 0.151353
v -0.312441 1.596100 0.157403
v -0.312441 1.596100 0.151353
v -0.326248 1.561291 0.151353
v -0.326248 1.447551 0.151353
v -0.326248 1.561291 0.157403
v -0.030421 1.585498 0.151353
v -0.290707 1.435753 0.151353
v 0.000000 1.571312 0.151353
v 0.000000 1.571312 0.157403
v 0.326248 1.751815 0.151353
v -0.290707 1.435753 0.157403
v 0.152378 1.670738 0.151353
v -0.060841 1.599683 0.157403
v -0.060841 1.599683 0.151353
v -0.312441 1.482360 0.151353
v 0.174913 1.660230 0.151353
v -0.312441 1.482360 0.157403
v 0.182799 1.656553 0.151353
v 0.326248 1.751815 0.151353
v 0.326248 1.751815 0.157403
v 0.312441 1.717006 0.157403
v 0.312441 1.717006 0.151353
v 0.312441 1.717006 0.151353
v 0.326248 1.751815 0.151353
v 0.290707 1.763613 0.151353
v 0.290707 1.763613 0.157403
v 0.326248 1.751815 0.157403
vn -0.4226 -0.9063 -0.0000
vn 0.4226 0.9063 -0.0000
vn 0.3150 -0.9491 -0.0000
vn 0.9295 0.3687 -0.0000
vn -0.0000 -0.0000 -1.0000
vn -0.9295 -0.3687 -0.0000
vn -0.3151 0.9491 -0.0000
vn 0.3151 -0.9491 -0.0000
vn 0.4226 -0.9063 -0.0000
vn -0.4226 0.9063 -0.0000
vn 0.9295 -0.3687 -0.0000
vn 0.3151 0.9491 -0.0000
vn -0.3150 -0.9491 -0.0000
vn -0.9295 0.3687 -0.0000
vn -0.3151 -0.9491 -0.0000
vn -0.0000 1.0000 -0.0000
vt 0.193957 0.527329
vt 0.188003 1.001387
vt 0.349465 1.001382
vt 0.355419 0.527324
vt 0.723420 1.001387
vt 0.729374 0.527329
vt 0.605331 0.527325
vt 0.599377 1.001383
vt 0.170349 0.527329
vt 0.164395 1.001387
vt 0.747028 1.001387
vt 0.752982 0.527329
vt 0.341752 0.631324
vt 0.330755 0.615948
vt 0.164395 0.615948
vt 0.349465 0.642109
vt 0.188003 0.642109
vt 0.319759 0.600573
vt 0.312046 0.589788
vt 0.188003 0.589788
vt 0.788712 1.001368
vt 0.794666 0.527311
vt 0.771057 0.527311
vt 0.765103 1.001369
vt 0.146320 1.001369
vt 0.152274 0.527311
vt 0.128665 0.527311
vt 0.122711 1.001368
vt 0.152274 0.527330
vt 0.146320 1.001388
vt 0.424472 1.001379
vt 0.430426 0.527321
vt 0.765103 1.001388
vt 0.771057 0.527330
vt 0.530323 0.527322
vt 0.524369 1.001380
vt 0.128665 0.527330
vt 0.122711 1.001388
vt 0.788712 1.001388
vt 0.794666 0.527330
vt 0.146320 0.746988
vt 0.424472 0.746988
vt 0.405763 0.720827
vt 0.122711 0.720827
vt 0.723420 0.694667
vt 0.561958 0.694667
vt 0.566808 0.701448
vt 0.747028 0.720827
vt 0.580668 0.720827
vt 0.747028 1.001370
vt 0.752982 0.527312
vt 0.729374 0.527312
vt 0.723420 1.001370
vt 0.188003 1.001370
vt 0.193957 0.527312
vt 0.170349 0.527312
vt 0.164395 1.001370
vt 0.765103 0.642109
vt 0.788712 0.615948
vt 0.396011 0.655687
vt 0.524369 0.642109
vt 0.530323 0.527318
vt 0.524369 1.001376
vt 0.424472 1.001377
vt 0.430426 0.527320
vt 0.447447 0.615948
vt 0.388969 0.615948
vt 0.398302 0.628999
vt 0.403813 0.636704
vt 0.407678 0.642109
vt 0.466156 0.642109
vt 0.594527 0.740207
vt 0.723420 0.746988
vt 0.599377 0.746988
vt 0.503745 0.694667
vt 0.445267 0.694667
vt 0.454600 0.707718
vt 0.463976 0.720827
vt 0.522454 0.720827
vt 0.605331 0.527316
vt 0.599377 1.001374
vt 0.349465 1.001375
vt 0.355419 0.527317
vt 0.765103 0.589788
vt 0.377302 0.629527
vt 0.466156 1.001378
vt 0.472110 0.527320
vt 0.413632 0.527322
vt 0.407678 1.001380
vt 0.488640 0.527321
vt 0.482686 1.001379
vt 0.541164 1.001381
vt 0.547118 0.527323
vt 0.428737 0.589788
vt 0.374125 0.595192
vt 0.370259 0.589788
vt 0.482686 0.746988
vt 0.541164 0.746988
vt 0.473352 0.733938
vt 0.387054 0.694667
vt 0.146320 0.694667
vt 0.541164 1.001376
vt 0.547118 0.527318
vt 0.488640 0.527319
vt 0.482686 1.001377
vt 0.413632 0.527319
vt 0.407678 1.001377
vt 0.466156 1.001379
vt 0.472110 0.527321
vt 0.788706 0.892106
vt 0.788704 0.746988
vt 0.122723 0.746988
vt 0.122725 0.892106
vt 0.788698 0.746988
vt 0.122717 0.746988
vt 0.122715 0.858474
vt 0.788696 0.858474
vt 0.794652 0.527311
vt 0.128671 0.527311
vt 0.128670 0.565345
vt 0.794651 0.565345
vt 0.609220 0.527324
vt 0.603266 1.001382
vt 0.635521 1.001382
vt 0.641475 0.527324
vt 0.644949 0.892106
vt 0.677205 0.896509
vt 0.553163 0.746988
vt 0.570270 0.746988
vt 0.679110 0.858474
vt 0.587377 0.746988
vt 0.677205 1.001373
vt 0.683159 0.527315
vt 0.650903 0.527316
vt 0.644949 1.001374
vt 0.122716 0.896509
vt 0.788697 0.896509
vt 0.788705 0.996985
vt 0.788701 0.746988
vt 0.122720 0.746988
vt 0.122724 0.996985
vt 0.122716 0.963354
vt 0.788697 0.963354
vt 0.800606 0.827451
vt 0.134625 0.827451
vt 0.134624 0.865485
vt 0.800605 0.865485
vt 0.650903 0.527325
vt 0.644949 1.001383
vt 0.677205 1.001384
vt 0.683159 0.527326
vt 0.244222 0.865485
vt 0.319591 0.589788
vt 0.341153 0.589788
vt 0.246127 0.827451
vt 0.453579 0.746988
vt 0.635521 1.001388
vt 0.637427 0.963354
vt 0.635521 1.001374
vt 0.641475 0.527316
vt 0.609220 0.527317
vt 0.603266 1.001375
vt 0.122717 1.001388
vt 0.788698 1.001388
vt 0.122720 0.589788
vt 0.788701 0.589788
vt 0.374607 0.530390
vt 0.342351 0.525987
vt 0.518339 0.588464
vt 0.794659 0.531714
vt 0.128678 0.531714
vt 0.555945 0.694667
vt 0.547372 0.694667
vt 0.532851 0.694667
vt 0.495263 0.642109
vt 0.401574 0.694667
vt 0.416160 0.694667
vt 0.378571 0.642109
vt 0.362714 0.589788
vt 0.278383 0.831854
vt 0.800615 0.831854
vt 0.134634 0.831854
vt 0.122723 0.589788
vt 0.788704 0.589788
vt 0.122717 0.589788
vt 0.788698 0.589788
vt 0.279950 0.565345
vt 0.788702 0.642109
vt 0.122721 0.642109
vt 0.122722 0.694667
vt 0.788703 0.694667
vt 0.788700 0.642109
vt 0.122719 0.642109
vt 0.122718 0.694667
vt 0.788699 0.694667
vt 0.509758 0.694667
vt 0.603266 0.996985
vt 0.430747 0.694667
vt 0.788699 0.642109
vt 0.122718 0.642109
vt 0.122719 0.694667
vt 0.788700 0.694667
vt 0.788703 0.642109
vt 0.122722 0.642109
vt 0.122721 0.694667
vt 0.788702 0.694667
vt 0.457844 0.589788
vt 0.378572 0.642109
vt 0.192207 0.928714
vt 0.712519 0.928715
vt 0.724428 0.795586
vt 0.204116 0.795586
s 1
usemtl pozor_vlak.003
f 4112/2137/1585 4113/2138/1585 4114/2139/1585
f 4114/2139/1585 4116/2140/1585 4112/2137/1585
f 4118/2141/1586 4119/2142/1586 4120/2143/1586
f 4120/2143/1586 4122/2144/1586 4118/2141/1586
f 4124/2145/1587 4125/2146/1587 4126/2138/1587
f 4126/2138/1587 4128/2137/1587 4124/2145/1587
f 4130/2142/1588 4131/2141/1588 4132/2147/1588
f 4132/2147/1588 4134/2148/1588 4130/2142/1588
f 4136/2149/1589 4137/2150/1589 4138/2151/1589
f 4139/2152/1589 4136/2149/1589 4138/2151/1589
f 4142/2153/1589 4139/2152/1589 4138/2151/1589
f 4138/2151/1589 4137/2150/1589 4147/2154/1589
f 4138/2151/1589 4147/2154/1589 4150/2155/1589
f 4138/2151/1589 4150/2155/1589 4153/2156/1589
f 4154/2157/1590 4155/2158/1590 4156/2159/1590
f 4156/2159/1590 4158/2160/1590 4154/2157/1590
f 4160/2161/1591 4161/2162/1591 4162/2163/1591
f 4162/2163/1591 4164/2164/1591 4160/2161/1591
f 4166/2165/1585 4167/2166/1585 4168/2167/1585
f 4168/2167/1585 4170/2168/1585 4166/2165/1585
f 4172/2169/1586 4173/2170/1586 4174/2171/1586
f 4174/2171/1586 4176/2172/1586 4172/2169/1586
f 4178/2173/1592 4179/2174/1592 4180/2166/1592
f 4180/2166/1592 4182/2165/1592 4178/2173/1592
f 4184/2170/1588 4185/2169/1588 4186/2175/1588
f 4186/2175/1588 4188/2176/1588 4184/2170/1588
f 4190/2177/1589 4191/2178/1589 4192/2179/1589
f 4192/2179/1589 4194/2180/1589 4190/2177/1589
f 4196/2181/1589 4197/2182/1589 4198/2183/1589
f 4199/2184/1589 4196/2181/1589 4198/2183/1589
f 4199/2184/1589 4198/2183/1589 4204/2185/1589
f 4205/2186/1590 4206/2187/1590 4207/2188/1590
f 4207/2188/1590 4209/2189/1590 4205/2186/1590
f 4211/2190/1591 4212/2191/1591 4213/2192/1591
f 4213/2192/1591 4215/2193/1591 4211/2190/1591
f 4217/2194/1589 4218/2195/1589 4219/2196/1589
f 4219/2196/1589 4221/2197/1589 4217/2194/1589
f 4223/2160/1585 4224/2159/1585 4225/2198/1585
f 4225/2198/1585 4227/2199/1585 4223/2160/1585
f 4229/2162/1586 4230/2161/1586 4231/2200/1586
f 4231/2200/1586 4233/2201/1586 4229/2162/1586
f 4235/2202/1589 4236/2203/1589 4237/2204/1589
f 4238/2205/1589 4239/2206/1589 4240/2207/1589
f 4237/2204/1589 4238/2205/1589 4240/2207/1589
f 4235/2202/1589 4237/2204/1589 4240/2207/1589
f 4199/2184/1589 4204/2185/1589 4249/2208/1589
f 4250/2209/1589 4199/2184/1589 4249/2208/1589
f 4253/2210/1589 4250/2209/1589 4249/2208/1589
f 4256/2211/1589 4257/2212/1589 4258/2213/1589
f 4258/2213/1589 4260/2214/1589 4261/2215/1589
f 4256/2211/1589 4258/2213/1589 4261/2215/1589
f 4265/2189/1585 4266/2188/1585 4267/2216/1585
f 4267/2216/1585 4269/2217/1585 4265/2189/1585
f 4271/2191/1586 4272/2190/1586 4273/2218/1586
f 4273/2218/1586 4275/2219/1586 4271/2191/1586
f 4219/2196/1589 4218/2195/1589 4279/2220/1589
f 4279/2220/1589 4281/2221/1589 4219/2196/1589
f 4283/2222/1585 4284/2223/1585 4285/2224/1585
f 4285/2224/1585 4287/2225/1585 4283/2222/1585
f 4289/2226/1586 4290/2227/1586 4291/2228/1586
f 4291/2228/1586 4293/2229/1586 4289/2226/1586
f 4236/2203/1589 4235/2202/1589 4297/2230/1589
f 4298/2231/1589 4236/2203/1589 4297/2230/1589
f 4298/2231/1589 4297/2230/1589 4303/2232/1589
f 4304/2233/1589 4305/2234/1589 4261/2215/1589
f 4261/2215/1589 4260/2214/1589 4309/2235/1589
f 4304/2233/1589 4261/2215/1589 4309/2235/1589
f 4313/2236/1589 4314/2237/1589 4194/2180/1589
f 4194/2180/1589 4192/2179/1589 4313/2236/1589
f 4319/2238/1585 4320/2239/1585 4321/2240/1585
f 4321/2240/1585 4323/2241/1585 4319/2238/1585
f 4325/2242/1586 4326/2243/1586 4327/2244/1586
f 4327/2244/1586 4329/2245/1586 4325/2242/1586
f 4331/2246/1593 4332/2247/1593 4333/2248/1593
f 4333/2248/1593 4335/2249/1593 4331/2246/1593
f 4337/2250/1594 4338/2251/1594 4339/2252/1594
f 4339/2252/1594 4341/2253/1594 4337/2250/1594
f 4343/2254/1595 4344/2255/1595 4345/2256/1595
f 4345/2256/1595 4347/2257/1595 4343/2254/1595
f 4349/2258/1596 4350/2259/1596 4351/2260/1596
f 4351/2260/1596 4353/2261/1596 4349/2258/1596
f 4355/2234/1589 4356/2262/1589 4357/2263/1589
f 4358/2264/1589 4355/2234/1589 4357/2263/1589
f 4358/2264/1589 4357/2263/1589 4363/2265/1589
f 4357/2263/1589 4365/2266/1589 4366/2210/1589
f 4357/2263/1589 4366/2210/1589 4369/2267/1589
f 4357/2263/1589 4369/2267/1589 4363/2265/1589
f 4373/2268/1597 4374/2269/1597 4375/2270/1597
f 4375/2270/1597 4377/2271/1597 4373/2268/1597
f 4379/2253/1598 4380/2252/1598 4381/2272/1598
f 4381/2272/1598 4383/2273/1598 4379/2253/1598
f 4385/2274/1593 4386/2275/1593 4387/2276/1593
f 4387/2276/1593 4389/2277/1593 4385/2274/1593
f 4391/2275/1594 4392/2276/1594 4393/2278/1594
f 4393/2278/1594 4395/2279/1594 4391/2275/1594
f 4397/2280/1595 4398/2281/1595 4399/2282/1595
f 4399/2282/1595 4401/2283/1595 4397/2280/1595
f 4403/2284/1596 4404/2285/1596 4405/2286/1596
f 4405/2286/1596 4402/2287/1596 4403/2284/1596
f 4400/2288/1589 4396/2155/1589 4394/2289/1589
f 4394/2289/1589 4390/2290/1589 4388/2291/1589
f 4400/2288/1589 4394/2289/1589 4388/2291/1589
f 4384/2292/1589 4382/2293/1589 4378/2294/1589
f 4378/2294/1589 4376/2233/1589 4384/2292/1589
f 4372/2295/1599 4371/2296/1599 4370/2297/1599
f 4370/2297/1599 4368/2298/1599 4372/2295/1599
f 4367/2279/1598 4364/2278/1598 4362/2299/1598
f 4362/2299/1598 4361/2300/1598 4367/2279/1598
f 4360/2257/1593 4359/2256/1593 4354/2301/1593
f 4354/2301/1593 4352/2302/1593 4360/2257/1593
f 4348/2303/1589 4346/2304/1589 4342/2305/1589
f 4342/2305/1589 4340/2221/1589 4348/2303/1589
f 4336/2306/1594 4334/2307/1594 4330/2301/1594
f 4330/2301/1594 4328/2302/1594 4336/2306/1594
f 4324/2308/1589 4322/2182/1589 4318/2197/1589
f 4317/2309/1589 4324/2308/1589 4318/2197/1589
f 4316/2310/1589 4317/2309/1589 4318/2197/1589
f 4315/2311/1589 4316/2310/1589 4318/2197/1589
f 4312/2312/1589 4311/2313/1589 4310/2314/1589
f 4308/2236/1589 4312/2312/1589 4310/2314/1589
f 4307/2152/1589 4308/2236/1589 4310/2314/1589
f 4388/2291/1589 4390/2290/1589 4306/2315/1589
f 4302/2316/1589 4388/2291/1589 4306/2315/1589
f 4301/2232/1589 4302/2316/1589 4306/2315/1589
f 4300/2317/1594 4299/2318/1594 4296/2319/1594
f 4296/2319/1594 4295/2320/1594 4300/2317/1594
f 4294/2283/1593 4292/2282/1593 4288/2321/1593
f 4288/2321/1593 4286/2322/1593 4294/2283/1593
f 4342/2305/1589 4346/2304/1589 4282/2323/1589
f 4282/2323/1589 4280/2230/1589 4342/2305/1589
f 4278/2324/1593 4277/2325/1593 4276/2326/1593
f 4276/2326/1593 4274/2327/1593 4278/2324/1593
f 4270/2328/1594 4268/2329/1594 4264/2330/1594
f 4264/2330/1594 4263/2331/1594 4270/2328/1594
f 4262/2332/1589 4316/2310/1589 4315/2311/1589
f 4262/2332/1589 4315/2311/1589 4259/2207/1589
f 4262/2332/1589 4259/2207/1589 4255/2211/1589
f 4254/2178/1589 4252/2333/1589 4382/2293/1589
f 4382/2293/1589 4384/2292/1589 4254/2178/1589
f 4310/2314/1589 4311/2313/1589 4251/2334/1589
f 4248/2206/1589 4310/2314/1589 4251/2334/1589
f 4247/2212/1589 4248/2206/1589 4251/2334/1589
f 4246/2335/1593 4245/2336/1593 4244/2337/1593
f 4244/2337/1593 4243/2338/1593 4246/2335/1593
f 4242/2339/1594 4241/2340/1594 4234/2341/1594
f 4234/2341/1594 4232/2342/1594 4242/2339/1594
f 4228/2196/1589 4226/2221/1589 4222/2343/1589
f 4228/2196/1589 4222/2343/1589 4220/2230/1589
f 4216/2202/1589 4228/2196/1589 4220/2230/1589
f 4214/2265/1589 4210/2210/1589 4208/2208/1589
f 4203/2234/1589 4214/2265/1589 4208/2208/1589
f 4208/2208/1589 4202/2185/1589 4201/2215/1589
f 4203/2234/1589 4208/2208/1589 4201/2215/1589
f 4200/2183/1589 4195/2182/1589 4193/2310/1589
f 4200/2183/1589 4193/2310/1589 4189/2211/1589
f 4200/2183/1589 4189/2211/1589 4201/2215/1589
f 4200/2183/1589 4201/2215/1589 4202/2185/1589
f 4228/2196/1589 4216/2202/1589 4187/2207/1589
f 4228/2196/1589 4187/2207/1589 4183/2311/1589
f 4228/2196/1589 4183/2311/1589 4221/2197/1589
f 4181/2290/1589 4177/2155/1589 4175/2154/1589
f 4171/2232/1589 4181/2290/1589 4175/2154/1589
f 4169/2231/1589 4171/2232/1589 4175/2154/1589
f 4165/2203/1589 4169/2231/1589 4175/2154/1589
f 4163/2150/1589 4165/2203/1589 4175/2154/1589
f 4159/2292/1589 4157/2233/1589 4152/2235/1589
f 4151/2178/1589 4159/2292/1589 4152/2235/1589
f 4152/2235/1589 4149/2214/1589 4148/2179/1589
f 4151/2178/1589 4152/2235/1589 4148/2179/1589
f 4146/2213/1589 4145/2212/1589 4144/2313/1589
f 4146/2213/1589 4144/2313/1589 4143/2236/1589
f 4146/2213/1589 4143/2236/1589 4148/2179/1589
f 4146/2213/1589 4148/2179/1589 4149/2214/1589
f 4141/2204/1589 4165/2203/1589 4163/2150/1589
f 4141/2204/1589 4163/2150/1589 4140/2149/1589
f 4135/2205/1589 4141/2204/1589 4140/2149/1589
f 4140/2149/1589 4133/2152/1589 4129/2344/1589
f 4140/2149/1589 4129/2344/1589 4127/2206/1589
f 4135/2205/1589 4140/2149/1589 4127/2206/1589
f 4123/2345/1600 4121/2346/1600 4117/2347/1600
f 4117/2347/1600 4115/2348/1600 4123/2345/1600
o kriz_xk_back_maly
v 0.061104 1.614529 0.152071
v 0.197817 1.607348 0.152071
v 0.121945 1.642900 0.152071
v 0.067402 1.617448 0.152071
v 0.121945 1.642900 0.158121
v 0.211625 1.572538 0.158121
v 0.176084 1.560742 0.158121
v 0.197817 1.607348 0.158121
v 0.073645 1.620376 0.152071
v 0.211625 1.572538 0.152071
v 0.076362 1.621626 0.152071
v 0.176084 1.560742 0.152071
v 0.091538 1.628703 0.152071
v 0.109404 1.637051 0.152071
v 0.115674 1.639958 0.152071
v -0.211985 1.769877 0.158121
v 0.176084 1.485011 0.152071
v 0.211625 1.496809 0.158121
v 0.176084 1.485011 0.158121
v 0.197817 1.531618 0.158121
v -0.091538 1.628703 0.152071
v -0.129844 1.639212 0.152071
v -0.030421 1.685573 0.152071
v -0.121958 1.642889 0.152071
v -0.198178 1.735067 0.158121
v -0.198178 1.735067 0.152071
v -0.061014 1.614570 0.152071
v -0.129756 1.639254 0.152071
v -0.176445 1.781675 0.158121
v 0.030421 1.657202 0.152071
v -0.211985 1.769877 0.152071
v -0.176445 1.781675 0.152071
v 0.061117 1.614517 0.158121
v 0.060841 1.671387 0.158121
v 0.000000 1.699759 0.152071
v 0.000000 1.624020 0.152071
v 0.197817 1.531618 0.152071
v 0.211625 1.496809 0.152071
v 0.000000 1.595706 0.152071
v -0.061014 1.614570 0.158121
v -0.140090 1.633494 0.158121
v -0.140090 1.633494 0.152071
v -0.198173 1.607420 0.152071
v -0.176440 1.485083 0.152071
v 0.000000 1.567286 0.152071
v 0.211853 1.769853 0.158121
v 0.198045 1.735044 0.158121
v -0.061117 1.614517 0.152071
v 0.000000 1.643018 0.152071
v -0.176440 1.560814 0.152071
v -0.211981 1.572610 0.152071
v -0.081639 1.618122 0.152071
v -0.067402 1.617448 0.152071
v -0.121958 1.642889 0.158121
v -0.129826 1.629542 0.152071
v -0.060841 1.671387 0.158121
v -0.114170 1.621609 0.152071
v -0.176440 1.560814 0.158121
v -0.061117 1.614517 0.158121
v -0.198173 1.607420 0.158121
v 0.000000 1.643018 0.158121
v -0.211981 1.572610 0.158121
v 0.000000 1.567286 0.158121
v -0.176440 1.485083 0.158121
v 0.000000 1.624020 0.158121
v -0.198173 1.531690 0.152071
v 0.198045 1.735044 0.152071
v -0.030421 1.657202 0.152071
v -0.198173 1.531690 0.158121
v -0.211981 1.496881 0.152071
v -0.211981 1.496881 0.158121
v -0.106714 1.635780 0.152071
v -0.060841 1.671387 0.152071
v 0.060841 1.671387 0.152071
v 0.211853 1.769853 0.152071
v 0.030421 1.685573 0.152071
v -0.115674 1.639958 0.152071
v 0.000000 1.699759 0.158121
v 0.176312 1.781651 0.158121
v 0.176312 1.781651 0.152071
vn -0.0453 -0.7732 -0.6325
vn -0.0585 -0.9983 -0.0000
vn -0.4232 -0.9060 -0.0009
vn -0.2990 -0.6403 -0.7076
vn 0.7282 0.6854 -0.0000
vn 0.5639 0.5307 -0.6328
vn 0.2995 0.6408 -0.7069
vn 0.4234 0.9059 -0.0000
vn 0.7419 -0.3460 -0.5744
vn 0.9063 -0.4226 -0.0000
vn 0.8182 0.5732 0.0435
vn -0.0000 -0.0000 -1.0000
vn 0.0020 0.9802 0.1981
vn -0.9063 0.4226 -0.0000
vn -0.7419 0.3459 -0.5744
vn -0.5630 -0.5320 -0.6324
vn -0.7268 -0.6868 -0.0000
vn 0.0570 0.9984 -0.0000
vn 0.0442 0.7731 -0.6328
vn -0.0451 -0.7732 -0.6326
vn -0.0583 -0.9983 -0.0000
vn -0.0006 -1.0000 -0.0000
vn -0.0003 -0.5784 -0.8157
vn 0.7278 0.6858 -0.0000
vn 0.5636 0.5311 -0.6327
vn 0.0004 0.7821 -0.6232
vn 0.0005 1.0000 -0.0000
vn 0.7419 -0.3459 -0.5744
vn -0.2377 -0.0003 -0.9713
vn -1.0000 -0.0011 -0.0000
vn -0.0001 1.0000 -0.0000
vn -0.0001 0.5791 -0.8152
vn 0.6562 0.5806 -0.4819
vn -0.0003 -1.0000 -0.0063
vn -0.0000 -0.5785 -0.8156
vn -0.0000 -1.0000 -0.0000
vn 0.2378 -0.0002 -0.9713
vn 1.0000 -0.0009 -0.0000
vn -0.0531 0.0087 0.9986
vn 0.0446 -0.7731 -0.6327
vn 0.3744 -0.8037 -0.4625
vn 0.4222 -0.9065 -0.0000
vn 0.0577 -0.9983 -0.0000
vn -0.4095 0.9123 -0.0000
vn -0.1764 0.3930 -0.9024
vn -0.5603 0.5360 -0.6314
vn -0.7226 0.6913 -0.0000
vn 0.7419 0.3459 -0.5744
vn 0.9063 0.4226 -0.0000
vn 0.7269 -0.6868 -0.0000
vn 0.5630 -0.5320 -0.6325
vn -0.0442 0.7731 -0.6328
vn -0.0571 0.9984 -0.0000
vn -0.7419 -0.3460 -0.5744
vn -0.9063 -0.4226 -0.0000
vn 0.0447 -0.7731 -0.6327
vn -0.5634 0.5314 -0.6326
vn -0.7274 0.6862 -0.0000
vn -0.7419 -0.3459 -0.5744
vn -0.1890 0.4053 -0.8944
vn 0.4226 -0.9063 -0.0000
vn 0.2341 -0.5021 -0.8325
vn -0.4226 0.9063 -0.0000
vn -0.1764 0.3930 -0.9025
vn 0.3743 -0.8037 -0.4626
vt 0.604350 0.520165
vt 0.883679 0.520165
vt 0.883679 0.799495
vt 0.604350 0.799495
s 1
usemtl pozor_vlak.003
f 4417/2349/1601 4412/2350/1602 4438/2351/1603
f 4438/2351/1603 4406/2352/1604 4417/2349/1601
f 4413/2349/1605 4407/2350/1606 4408/2351/1607
f 4408/2351/1607 4410/2352/1608 4413/2349/1605
f 4415/2351/1609 4411/2352/1610 4412/2349/1602
f 4412/2349/1602 4417/2350/1601 4415/2351/1609
f 4407/2349/1606 4413/2350/1605 4411/2351/1610
f 4411/2351/1610 4415/2352/1609 4407/2349/1606
f 4414/2351/1611 4418/2352/1612 4415/2349/1609
f 4406/2350/1604 4414/2351/1611 4415/2349/1609
f 4417/2350/1601 4406/2351/1604 4415/2349/1609
f 4415/2349/1609 4418/2350/1612 4419/2351/1613
f 4415/2349/1609 4419/2351/1613 4408/2352/1607
f 4415/2351/1609 4408/2349/1607 4407/2350/1606
f 4421/2351/1614 4436/2352/1615 4431/2349/1616
f 4431/2349/1616 4430/2350/1617 4421/2351/1614
f 4434/2349/1618 4437/2350/1619 4436/2351/1615
f 4436/2351/1615 4421/2352/1614 4434/2349/1618
f 4422/2349/1620 4424/2350/1621 4468/2351/1622
f 4468/2351/1622 4450/2352/1623 4422/2349/1620
f 4425/2349/1624 4442/2350/1625 4441/2351/1626
f 4441/2351/1626 4470/2352/1627 4425/2349/1624
f 4443/2351/1628 4423/2352/1610 4424/2349/1621
f 4424/2349/1621 4422/2350/1620 4443/2351/1628
f 4442/2349/1625 4425/2350/1624 4423/2351/1610
f 4423/2351/1610 4443/2352/1628 4442/2349/1625
f 4422/2349/1620 4450/2350/1623 4444/2351/1612
f 4444/2351/1612 4443/2352/1628 4422/2349/1620
f 4431/2349/1616 4436/2350/1615 4428/2351/1612
f 4428/2351/1612 4478/2352/1629 4431/2349/1616
f 4430/2349/1617 4431/2350/1616 4478/2351/1629
f 4478/2351/1629 4461/2352/1630 4430/2349/1617
f 4437/2349/1619 4434/2350/1618 4483/2351/1631
f 4483/2351/1631 4440/2352/1632 4437/2349/1619
f 4435/2349/1612 4418/2350/1612 4416/2351/1633
f 4409/2351/1634 4406/2352/1604 4454/2349/1635
f 4416/2350/1633 4409/2351/1634 4454/2349/1635
f 4435/2351/1612 4416/2349/1633 4454/2350/1635
f 4428/2351/1612 4436/2352/1615 4437/2349/1619
f 4437/2351/1619 4440/2352/1632 4428/2349/1612
f 4466/2349/1636 4454/2350/1635 4406/2351/1604
f 4406/2351/1604 4438/2352/1603 4466/2349/1636
f 4479/2349/1637 4439/2350/1638 4410/2351/1608
f 4410/2351/1608 4408/2352/1607 4479/2349/1637
f 4418/2351/1612 4435/2352/1612 4479/2349/1637
f 4420/2352/1639 4418/2349/1612 4479/2351/1637
f 4420/2351/1639 4479/2349/1637 4408/2350/1607
f 4441/2349/1626 4442/2350/1625 4443/2351/1628
f 4443/2351/1628 4444/2352/1612 4441/2349/1626
f 4455/2349/1640 4432/2350/1641 4445/2351/1642
f 4445/2349/1642 4463/2350/1643 4455/2351/1640
f 4446/2351/1644 4447/2352/1645 4448/2349/1646
f 4448/2349/1646 4465/2350/1647 4446/2351/1644
f 4480/2351/1648 4451/2352/1649 4452/2349/1650
f 4452/2349/1650 4472/2350/1651 4480/2351/1648
f 4485/2349/1652 4484/2350/1653 4451/2351/1649
f 4451/2351/1649 4480/2352/1648 4485/2349/1652
f 4432/2349/1641 4455/2350/1640 4456/2351/1654
f 4457/2352/1612 4432/2349/1641 4456/2351/1654
f 4457/2351/1612 4456/2349/1654 4462/2350/1612
f 4456/2349/1654 4448/2350/1646 4447/2351/1645
f 4456/2349/1654 4447/2351/1645 4460/2352/1612
f 4456/2349/1654 4460/2351/1612 4462/2352/1612
f 4467/2351/1655 4456/2352/1654 4455/2349/1640
f 4455/2349/1640 4463/2350/1643 4467/2351/1655
f 4465/2349/1647 4448/2350/1646 4456/2351/1654
f 4456/2351/1654 4467/2352/1655 4465/2349/1647
f 4449/2349/1656 4450/2350/1623 4468/2351/1622
f 4468/2349/1622 4469/2350/1643 4449/2351/1656
f 4470/2351/1627 4441/2352/1626 4471/2349/1657
f 4471/2349/1657 4474/2350/1658 4470/2351/1627
f 4444/2351/1612 4475/2352/1659 4471/2349/1657
f 4471/2349/1657 4441/2350/1626 4444/2351/1612
f 4476/2351/1655 4475/2352/1659 4449/2349/1656
f 4449/2349/1656 4469/2350/1643 4476/2351/1655
f 4474/2349/1658 4471/2350/1657 4475/2351/1659
f 4475/2351/1659 4476/2352/1655 4474/2349/1658
f 4472/2349/1651 4452/2350/1650 4439/2351/1638
f 4439/2351/1638 4479/2352/1637 4472/2349/1651
f 4485/2349/1652 4480/2350/1648 4481/2351/1612
f 4481/2351/1612 4440/2352/1632 4485/2349/1652
f 4484/2349/1653 4485/2350/1652 4440/2351/1632
f 4440/2351/1632 4483/2352/1631 4484/2349/1653
f 4482/2351/1612 4429/2352/1660 4478/2349/1629
f 4477/2350/1612 4482/2351/1612 4478/2349/1629
f 4426/2350/1612 4477/2351/1612 4478/2349/1629
f 4473/2350/1612 4426/2351/1612 4478/2349/1629
f 4481/2351/1612 4480/2352/1648 4472/2349/1651
f 4472/2349/1651 4479/2350/1637 4481/2351/1612
f 4454/2349/1635 4466/2350/1636 4464/2351/1661
f 4464/2351/1661 4453/2352/1662 4454/2349/1635
f 4461/2349/1630 4478/2350/1629 4429/2351/1660
f 4429/2351/1660 4459/2352/1663 4461/2349/1630
f 4458/2351/1612 4426/2352/1612 4473/2349/1612
f 4458/2351/1612 4473/2349/1612 4454/2350/1635
f 4458/2351/1612 4454/2349/1635 4453/2350/1662
f 4450/2349/1623 4449/2350/1656 4475/2351/1659
f 4475/2351/1659 4444/2352/1612 4450/2349/1623
f 4428/2349/1612 4440/2350/1632 4481/2351/1612
f 4428/2351/1612 4481/2349/1612 4479/2350/1637
f 4435/2350/1612 4428/2351/1612 4479/2349/1637
f 4462/2351/1612 4447/2352/1664 4433/2349/1612
f 4432/2350/1665 4462/2351/1612 4433/2349/1612
f 4427/2349/1612 4429/2350/1660 4426/2351/1612
f 4427/2351/1612 4426/2349/1612 4453/2350/1662
f 4428/2351/1612 4435/2352/1612 4454/2349/1635
f 4428/2349/1612 4454/2351/1635 4473/2352/1612
f 4428/2349/1612 4473/2351/1612 4478/2352/1629
f 4420/2352/1639 4408/2349/1607 4419/2351/1613
f 4418/2350/1612 4420/2351/1639 4419/2349/1613
f 4416/2351/1633 4418/2349/1612 4414/2350/1611
f 4409/2352/1634 4416/2349/1633 4414/2351/1611
f 4409/2351/1634 4414/2349/1611 4406/2350/1604
o kriz_1k_refl_velky
v -0.124610 1.627907 0.150815
v -0.327633 1.535784 0.150815
v -0.277092 1.444006 0.150815
v 0.000178 1.569609 0.158227
v -0.277064 1.444078 0.158227
v -0.124610 1.627907 0.158227
v 0.000178 1.569609 0.150815
v 0.000178 1.569609 0.158227
v 0.281018 1.441158 0.150815
v -0.326417 1.783916 0.150815
v -0.326417 1.783916 0.158227
v -0.328062 1.725075 0.150815
v -0.277092 1.444008 0.158227
v 0.000178 1.569609 0.158227
v -0.277092 1.444008 0.150815
v 0.000178 1.685236 0.150815
v 0.000178 1.685236 0.158227
v -0.277521 1.817231 0.150815
v -0.326465 1.479795 0.150815
v -0.326465 1.479795 0.158227
v -0.277092 1.444006 0.150815
v 0.279865 1.814260 0.150815
v 0.279865 1.814260 0.158227
v 0.000178 1.685236 0.150815
v -0.327633 1.536071 0.150815
v -0.327633 1.536071 0.158227
v -0.326465 1.479795 0.150815
v 0.125545 1.627189 0.158227
v 0.325621 1.721385 0.158227
v 0.125545 1.627189 0.150815
v -0.124610 1.627907 0.150815
v -0.124610 1.627907 0.158227
v -0.327633 1.536071 0.150815
v 0.327253 1.535177 0.158227
v 0.125545 1.627189 0.158227
v 0.327253 1.535177 0.150815
v 0.325890 1.784052 0.150815
v 0.325890 1.784052 0.158227
v 0.279865 1.814260 0.150815
v -0.328062 1.725065 0.150815
v -0.328062 1.725065 0.158227
v -0.124610 1.627907 0.150815
v 0.325845 1.470727 0.150815
v 0.325845 1.470727 0.158227
v 0.327253 1.535137 0.150815
v 0.325621 1.721385 0.158227
v 0.325890 1.784052 0.158227
v 0.325621 1.721385 0.150815
v 0.281018 1.441232 0.158227
v 0.325845 1.470727 0.158227
v 0.281018 1.441158 0.150815
v -0.277521 1.817231 0.150815
v -0.277521 1.817231 0.158227
v -0.326417 1.783916 0.150815
v 0.281018 1.441158 0.158227
v -0.328062 1.725075 0.158227
v 0.000178 1.569609 0.150815
v -0.277521 1.817231 0.158227
v -0.277092 1.444006 0.158227
v 0.000178 1.685236 0.158227
v -0.326465 1.479795 0.158227
v 0.325621 1.721385 0.150815
v -0.327633 1.536071 0.158227
v 0.125545 1.627189 0.150815
v 0.279865 1.814260 0.158227
v -0.124610 1.627907 0.158227
v 0.327253 1.535137 0.158227
v 0.325890 1.784052 0.150815
v 0.325845 1.470801 0.150815
v -0.326417 1.783916 0.158227
v 0.325621 1.721385 0.150815
v 0.325890 1.784052 0.150815
v 0.279865 1.814260 0.150815
v 0.281018 1.441232 0.150815
v 0.327253 1.535211 0.150815
v 0.125545 1.627189 0.150815
v 0.125545 1.627189 0.150815
v -0.328062 1.725075 0.150815
v -0.277521 1.817231 0.150815
v -0.326417 1.783916 0.150815
v 0.000178 1.685236 0.150815
v 0.281018 1.441158 0.150815
v 0.325845 1.470727 0.150815
v 0.327253 1.535137 0.150815
v -0.124610 1.627907 0.150815
v -0.277089 1.444006 0.150815
v 0.000178 1.569609 0.150815
v 0.281018 1.441158 0.150815
v 0.125545 1.627189 0.150815
v -0.124610 1.627907 0.150815
v -0.277521 1.817029 0.150815
v -0.277521 1.817231 0.150815
v -0.328062 1.725075 0.150815
v -0.124610 1.627907 0.150815
v -0.277092 1.444006 0.150815
v -0.327633 1.536071 0.150815
v -0.326465 1.479795 0.150815
v 0.000178 1.685236 0.150815
v 0.000178 1.569609 0.150815
v 0.125545 1.627189 0.150815
v 0.000178 1.569609 0.150815
v 0.000178 1.685236 0.150815
v -0.124610 1.627907 0.150815
v 0.279865 1.814260 0.158227
v 0.325890 1.784052 0.158227
v 0.325621 1.721385 0.158227
v -0.124610 1.627907 0.158227
v -0.277521 1.817231 0.158227
v 0.000178 1.685236 0.158227
v 0.125545 1.627189 0.158227
v 0.279865 1.814260 0.158227
v 0.325621 1.721385 0.158227
v 0.281018 1.441158 0.158227
v 0.327253 1.535137 0.158227
v 0.325845 1.470727 0.158227
v 0.000178 1.685236 0.158227
v -0.328062 1.725075 0.158227
v -0.326417 1.783916 0.158227
v -0.277521 1.817231 0.158227
v -0.277089 1.444006 0.158227
v -0.327633 1.535784 0.158227
v -0.124610 1.627907 0.158227
v -0.328062 1.725075 0.158227
v 0.281018 1.441158 0.158227
v 0.125545 1.627189 0.158227
v 0.327253 1.535137 0.158227
v 0.125545 1.627189 0.158227
v 0.281018 1.441158 0.158227
v -0.327633 1.536071 0.158227
v -0.277092 1.444006 0.158227
v -0.326465 1.479795 0.158227
v 0.000178 1.569609 0.158227
v 0.000178 1.569609 0.158227
vn -0.0000 -0.0000 -1.0000
vn -0.0000 -0.0000 1.0000
vn -0.4159 -0.9094 -0.0000
vn -0.9996 0.0279 -0.0000
vn 0.4126 -0.9109 -0.0000
vn 0.4293 0.9032 -0.0000
vn -0.5869 -0.8097 -0.0000
vn -0.4189 0.9080 -0.0000
vn -0.9998 -0.0208 -0.0000
vn 0.4260 -0.9047 -0.0000
vn -0.4121 0.9111 -0.0000
vn 0.4150 0.9098 -0.0000
vn 0.5487 0.8360 -0.0000
vn -0.4309 -0.9024 -0.0000
vn 0.9998 -0.0219 -0.0000
vn 1.0000 -0.0043 -0.0000
vn 0.5496 -0.8354 0.0084
vn 0.5498 -0.8353 0.0069
vn 0.5514 -0.8342 -0.0069
vn -0.5631 0.8264 -0.0000
vn 0.5516 -0.8341 -0.0084
vt 0.165759 0.266836
vt 0.194260 0.254260
vt 0.200531 0.259890
vt 0.426712 0.521107
vt 0.175247 0.644605
vt 0.115171 0.357486
vt 0.107061 0.268146
vt 0.084504 0.261732
vt 0.061221 0.267971
vt 0.040138 0.277575
vt 0.040144 0.275154
vt 0.040726 0.277577
vt 0.040833 0.261565
vt 0.040155 0.261563
vt 0.019699 0.272687
vt 0.040088 0.278996
vt 0.061203 0.272845
vt 0.040194 0.263055
vt 0.040782 0.263057
vt 0.084438 0.279165
vt 0.107042 0.273020
vt 0.083760 0.279162
vt 0.040181 0.265418
vt 0.040778 0.265420
vt 0.083254 0.270450
vt 0.085010 0.270457
vt 0.083815 0.275321
vt 0.039582 0.270284
vt 0.041339 0.270290
vt 0.083853 0.265585
vt 0.084449 0.265587
vt 0.084398 0.277744
vt 0.083810 0.277742
vt 0.040741 0.275156
vt 0.084454 0.263224
vt 0.083866 0.263222
vt 0.084411 0.275323
vt 0.083826 0.261729
vt 0.040766 0.278998
vt 0.019718 0.267813
vt 0.095278 0.273646
vt 0.101547 0.279256
vt 0.094452 0.277163
vt 0.101644 0.253906
vt 0.130049 0.266700
vt 0.095331 0.259488
vt 0.200477 0.274048
vt 0.201275 0.277571
vt 0.194164 0.279610
vt 0.147979 0.270373
vt 0.094534 0.256048
vt 0.148006 0.263285
vt 0.201355 0.256456
vt 0.738103 0.939229
vt 0.830417 0.730029
vt 0.839135 0.863539
vt 0.427455 0.775630
vt 0.115009 0.927477
vt 0.677045 0.653015
vt 0.744801 0.365750
vt 0.844429 0.448965
vt 0.830040 0.579950
vt 0.024158 0.716927
vt 0.013504 0.848785
vt 0.024548 0.565010
vt 0.013823 0.433504
s 1
usemtl kriz_cz_refl
f 4486/2353/1666 4488/2354/1666 4487/2355/1666
f 4489/2356/1667 4491/2357/1667 4490/2358/1667
f 4492/2359/1668 4494/2360/1668 4493/2361/1668
f 4495/2362/1669 4497/2363/1669 4496/2364/1669
f 4498/2365/1670 4500/2366/1670 4499/2361/1670
f 4501/2367/1671 4503/2368/1671 4502/2369/1671
f 4504/2370/1672 4506/2366/1672 4505/2371/1672
f 4507/2372/1673 4509/2373/1673 4508/2374/1673
f 4510/2375/1674 4512/2370/1674 4511/2376/1674
f 4513/2377/1675 4515/2378/1675 4514/2379/1675
f 4516/2380/1676 4518/2375/1676 4517/2381/1676
f 4519/2382/1677 4521/2383/1677 4520/2377/1677
f 4522/2384/1678 4524/2372/1678 4523/2385/1678
f 4525/2363/1679 4527/2380/1679 4526/2386/1679
f 4528/2387/1680 4530/2383/1680 4529/2388/1680
f 4531/2379/1681 4533/2389/1681 4532/2385/1681
f 4534/2390/1682 4536/2360/1683 4535/2388/1684
f 4537/2368/1685 4539/2362/1685 4538/2391/1685
f 4493/2361/1668 4494/2360/1668 4540/2390/1668
f 4496/2364/1669 4497/2363/1669 4541/2386/1669
f 4499/2361/1670 4500/2366/1670 4542/2392/1670
f 4502/2369/1671 4503/2368/1671 4543/2391/1671
f 4505/2371/1672 4506/2366/1672 4544/2365/1672
f 4508/2374/1673 4509/2373/1673 4545/2369/1673
f 4511/2376/1674 4512/2370/1674 4546/2371/1674
f 4514/2379/1675 4515/2378/1675 4547/2389/1675
f 4517/2381/1676 4518/2375/1676 4548/2376/1676
f 4520/2377/1677 4521/2383/1677 4549/2378/1677
f 4523/2385/1678 4524/2372/1678 4550/2374/1678
f 4526/2386/1679 4527/2380/1679 4551/2381/1679
f 4529/2388/1680 4530/2383/1680 4552/2382/1680
f 4532/2385/1681 4533/2389/1681 4553/2384/1681
f 4535/2388/1684 4536/2360/1683 4554/2387/1686
f 4538/2391/1685 4539/2362/1685 4555/2364/1685
f 4556/2393/1666 4558/2394/1666 4557/2395/1666
f 4559/2396/1666 4561/2397/1666 4560/2398/1666
f 4562/2397/1666 4558/2394/1666 4556/2393/1666
f 4563/2399/1666 4565/2400/1666 4564/2401/1666
f 4562/2397/1666 4566/2402/1666 4558/2394/1666
f 4567/2396/1666 4569/2398/1666 4568/2403/1666
f 4570/2353/1666 4572/2404/1666 4571/2354/1666
f 4572/2404/1666 4574/2397/1666 4573/2396/1666
f 4575/2353/1666 4576/2401/1666 4566/2402/1666
f 4577/2401/1666 4579/2353/1666 4578/2399/1666
f 4580/2354/1666 4582/2405/1666 4581/2355/1666
f 4583/2402/1666 4585/2397/1666 4584/2404/1666
f 4586/2404/1666 4588/2353/1666 4587/2402/1666
f 4589/2406/1667 4591/2407/1667 4590/2408/1667
f 4592/2357/1667 4594/2409/1667 4593/2410/1667
f 4595/2411/1667 4597/2407/1667 4596/2406/1667
f 4598/2412/1667 4600/2413/1667 4599/2414/1667
f 4601/2409/1667 4595/2411/1667 4596/2406/1667
f 4602/2415/1667 4604/2410/1667 4603/2416/1667
f 4605/2358/1667 4607/2357/1667 4606/2417/1667
f 4592/2357/1667 4593/2410/1667 4608/2415/1667
f 4609/2412/1667 4611/2414/1667 4610/2411/1667
f 4612/2411/1667 4489/2356/1667 4613/2412/1667
f 4614/2417/1667 4616/2418/1667 4615/2358/1667
f 4617/2356/1667 4594/2409/1667 4592/2357/1667
f 4601/2409/1667 4618/2356/1667 4595/2411/1667
o kriz_1k_refl_maly
v -0.124831 1.628227 0.150601
v -0.202449 1.589684 0.150601
v -0.151908 1.497619 0.150601
v -0.000043 1.569930 0.158013
v -0.151908 1.497619 0.158013
v -0.124831 1.628227 0.158013
v -0.000043 1.569930 0.150601
v -0.000043 1.569930 0.158013
v 0.152642 1.498815 0.150601
v -0.200804 1.725611 0.150601
v -0.200804 1.725611 0.158013
v -0.202449 1.666771 0.150601
v -0.151908 1.497619 0.158013
v -0.000043 1.569930 0.158013
v -0.151908 1.497619 0.150601
v -0.000043 1.685556 0.150601
v -0.000043 1.685556 0.158013
v -0.151908 1.758927 0.150601
v -0.201281 1.533408 0.150601
v -0.201281 1.533408 0.158013
v -0.151908 1.497619 0.150601
v 0.153120 1.758449 0.150601
v 0.153120 1.758449 0.158013
v -0.000043 1.685556 0.150601
v -0.202449 1.589684 0.150601
v -0.202449 1.589684 0.158013
v -0.201281 1.533408 0.150601
v 0.125326 1.627510 0.158013
v 0.198876 1.665576 0.158013
v 0.125326 1.627510 0.150601
v -0.124831 1.628227 0.150601
v -0.124831 1.628227 0.158013
v -0.202449 1.589684 0.150601
v 0.198877 1.592794 0.158013
v 0.125326 1.627510 0.158013
v 0.198877 1.592794 0.150601
v 0.199144 1.728242 0.150601
v 0.199144 1.728242 0.158013
v 0.153120 1.758449 0.150601
v -0.202449 1.666771 0.150601
v -0.202449 1.666771 0.158013
v -0.124831 1.628227 0.150601
v 0.197470 1.528384 0.150601
v 0.197470 1.528384 0.158013
v 0.198877 1.592794 0.150601
v 0.198876 1.665576 0.158013
v 0.199144 1.728242 0.158013
v 0.198876 1.665576 0.150601
v 0.152642 1.498815 0.158013
v 0.197470 1.528384 0.158013
v 0.152642 1.498815 0.150601
v -0.151908 1.758927 0.150601
v -0.151908 1.758927 0.158013
v -0.200804 1.725611 0.150601
v 0.152642 1.498815 0.158013
v -0.202449 1.666771 0.158013
v -0.000043 1.569930 0.150601
v -0.151908 1.758927 0.158013
v -0.151908 1.497619 0.158013
v -0.000043 1.685556 0.158013
v -0.202449 1.589684 0.158013
v -0.201281 1.533408 0.158013
v -0.201281 1.533408 0.150601
v 0.198876 1.665576 0.150601
v -0.202449 1.589684 0.158013
v 0.125326 1.627510 0.150601
v 0.153120 1.758449 0.158013
v -0.124831 1.628227 0.158013
v 0.198877 1.592794 0.158013
v 0.199144 1.728242 0.150601
v 0.197470 1.528384 0.150601
v -0.200804 1.725611 0.158013
v 0.198876 1.665576 0.150601
v 0.199144 1.728242 0.150601
v 0.153120 1.758449 0.150601
v 0.152642 1.498815 0.150601
v 0.198877 1.592794 0.150601
v 0.125326 1.627510 0.150601
v 0.125326 1.627510 0.150601
v 0.198876 1.665576 0.150601
v 0.153120 1.758449 0.150601
v -0.202449 1.666771 0.150601
v -0.151908 1.758927 0.150601
v -0.200804 1.725611 0.150601
v -0.000043 1.685556 0.150601
v 0.152642 1.498815 0.150601
v 0.197470 1.528384 0.150601
v 0.198877 1.592794 0.150601
v -0.000043 1.569930 0.150601
v -0.124831 1.628227 0.150601
v -0.151908 1.758927 0.150601
v -0.151908 1.758927 0.150601
v -0.202449 1.666771 0.150601
v -0.124831 1.628227 0.150601
v -0.151908 1.497619 0.150601
v -0.202449 1.589684 0.150601
v -0.201281 1.533408 0.150601
v -0.000043 1.569930 0.150601
v 0.153120 1.758449 0.158013
v 0.199144 1.728242 0.158013
v 0.198876 1.665576 0.158013
v -0.124831 1.628227 0.158013
v -0.151908 1.758927 0.158013
v -0.000043 1.685556 0.158013
v 0.125326 1.627510 0.158013
v 0.152642 1.498815 0.158013
v 0.198877 1.592794 0.158013
v 0.197470 1.528384 0.158013
v -0.000043 1.685556 0.158013
v 0.153120 1.758449 0.158013
v 0.125326 1.627510 0.158013
v -0.202449 1.666771 0.158013
v -0.200804 1.725611 0.158013
v -0.151908 1.758927 0.158013
v -0.202449 1.589684 0.158013
v -0.202449 1.666771 0.158013
v 0.152642 1.498815 0.158013
v 0.198877 1.592794 0.158013
v 0.152642 1.498815 0.158013
v -0.202449 1.589684 0.158013
v -0.151908 1.497619 0.158013
v -0.201281 1.533408 0.158013
v -0.000043 1.569930 0.158013
v -0.124831 1.628227 0.158013
v -0.000043 1.685556 0.158013
vn -0.0000 -0.0000 -1.0000
vn -0.0000 -0.0000 1.0000
vn -0.4222 -0.9065 -0.0000
vn -0.9996 0.0279 -0.0000
vn 0.4299 -0.9029 -0.0000
vn 0.4350 0.9004 -0.0000
vn -0.5869 -0.8097 -0.0000
vn -0.4297 0.9030 -0.0000
vn -0.9998 -0.0208 -0.0000
vn 0.4596 -0.8881 -0.0000
vn -0.4448 0.8957 -0.0000
vn 0.4268 0.9043 -0.0000
vn 0.5487 0.8360 -0.0000
vn -0.4448 -0.8956 -0.0000
vn 0.9998 -0.0218 -0.0000
vn 1.0000 -0.0043 -0.0000
vn 0.5506 -0.8348 -0.0000
vn -0.5631 0.8264 -0.0000
vt 0.165759 0.266836
vt 0.194260 0.254260
vt 0.200531 0.259890
vt 0.426712 0.521107
vt 0.175247 0.644605
vt 0.115171 0.357486
vt 0.107061 0.268146
vt 0.084504 0.261732
vt 0.061221 0.267971
vt 0.040138 0.277575
vt 0.040144 0.275154
vt 0.040726 0.277577
vt 0.040833 0.261565
vt 0.040155 0.261563
vt 0.019699 0.272687
vt 0.040088 0.278996
vt 0.061203 0.272845
vt 0.040194 0.263055
vt 0.040782 0.263057
vt 0.084438 0.279165
vt 0.107042 0.273020
vt 0.083760 0.279162
vt 0.040181 0.265418
vt 0.040778 0.265420
vt 0.083254 0.270450
vt 0.085010 0.270457
vt 0.083815 0.275321
vt 0.039582 0.270284
vt 0.041339 0.270290
vt 0.083853 0.265585
vt 0.084449 0.265587
vt 0.084398 0.277744
vt 0.083810 0.277742
vt 0.040741 0.275156
vt 0.084454 0.263224
vt 0.083866 0.263222
vt 0.084411 0.275323
vt 0.083826 0.261729
vt 0.040766 0.278998
vt 0.019718 0.267813
vt 0.095278 0.273646
vt 0.101547 0.279256
vt 0.094452 0.277163
vt 0.101644 0.253906
vt 0.130049 0.266700
vt 0.095331 0.259488
vt 0.200477 0.274048
vt 0.201275 0.277571
vt 0.194164 0.279610
vt 0.147979 0.270373
vt 0.094534 0.256048
vt 0.148006 0.263285
vt 0.201355 0.256456
vt 0.738103 0.939229
vt 0.830417 0.730029
vt 0.839135 0.863539
vt 0.427455 0.775630
vt 0.115009 0.927477
vt 0.677045 0.653015
vt 0.744801 0.365750
vt 0.844429 0.448965
vt 0.830040 0.579950
vt 0.024158 0.716927
vt 0.013504 0.848785
vt 0.024548 0.565010
vt 0.013823 0.433504
s 1
usemtl kriz_cz_refl
f 4619/2419/1687 4621/2420/1687 4620/2421/1687
f 4622/2422/1688 4624/2423/1688 4623/2424/1688
f 4625/2425/1689 4627/2426/1689 4626/2427/1689
f 4628/2428/1690 4630/2429/1690 4629/2430/1690
f 4631/2431/1691 4633/2432/1691 4632/2427/1691
f 4634/2433/1692 4636/2434/1692 4635/2435/1692
f 4637/2436/1693 4639/2432/1693 4638/2437/1693
f 4640/2438/1694 4642/2439/1694 4641/2440/1694
f 4643/2441/1695 4645/2436/1695 4644/2442/1695
f 4646/2443/1696 4648/2444/1696 4647/2445/1696
f 4649/2446/1697 4651/2441/1697 4650/2447/1697
f 4652/2448/1698 4654/2449/1698 4653/2443/1698
f 4655/2450/1699 4657/2438/1699 4656/2451/1699
f 4658/2429/1700 4660/2446/1700 4659/2452/1700
f 4661/2453/1701 4663/2449/1701 4662/2454/1701
f 4664/2445/1702 4666/2455/1702 4665/2451/1702
f 4667/2456/1703 4669/2426/1703 4668/2454/1703
f 4670/2434/1704 4672/2428/1704 4671/2457/1704
f 4626/2427/1689 4627/2426/1689 4673/2456/1689
f 4629/2430/1690 4630/2429/1690 4674/2452/1690
f 4632/2427/1691 4633/2432/1691 4675/2458/1691
f 4635/2435/1692 4636/2434/1692 4676/2457/1692
f 4638/2437/1693 4639/2432/1693 4677/2431/1693
f 4641/2440/1694 4642/2439/1694 4678/2435/1694
f 4679/2442/1695 4681/2436/1695 4680/2437/1695
f 4647/2445/1696 4648/2444/1696 4682/2455/1696
f 4650/2447/1697 4651/2441/1697 4683/2442/1697
f 4653/2443/1698 4654/2449/1698 4684/2444/1698
f 4656/2451/1699 4657/2438/1699 4685/2440/1699
f 4659/2452/1700 4660/2446/1700 4686/2447/1700
f 4662/2454/1701 4663/2449/1701 4687/2448/1701
f 4665/2451/1702 4666/2455/1702 4688/2450/1702
f 4668/2454/1703 4669/2426/1703 4689/2453/1703
f 4671/2457/1704 4672/2428/1704 4690/2430/1704
f 4691/2459/1687 4693/2460/1687 4692/2461/1687
f 4694/2462/1687 4696/2463/1687 4695/2464/1687
f 4697/2463/1687 4699/2460/1687 4698/2459/1687
f 4700/2465/1687 4702/2466/1687 4701/2467/1687
f 4697/2463/1687 4703/2468/1687 4699/2460/1687
f 4704/2462/1687 4706/2464/1687 4705/2469/1687
f 4619/2419/1687 4707/2470/1687 4621/2420/1687
f 4707/2470/1687 4696/2463/1687 4694/2462/1687
f 4708/2419/1687 4709/2467/1687 4703/2468/1687
f 4710/2467/1687 4712/2419/1687 4711/2465/1687
f 4713/2420/1687 4715/2471/1687 4714/2421/1687
f 4703/2468/1687 4697/2463/1687 4716/2470/1687
f 4716/2470/1687 4708/2419/1687 4703/2468/1687
f 4717/2472/1688 4719/2473/1688 4718/2474/1688
f 4720/2423/1688 4722/2475/1688 4721/2476/1688
f 4723/2477/1688 4719/2473/1688 4717/2472/1688
f 4724/2478/1688 4726/2479/1688 4725/2480/1688
f 4727/2475/1688 4729/2477/1688 4728/2472/1688
f 4730/2481/1688 4732/2476/1688 4731/2482/1688
f 4623/2424/1688 4624/2423/1688 4733/2483/1688
f 4720/2423/1688 4721/2476/1688 4734/2481/1688
f 4735/2478/1688 4736/2480/1688 4723/2477/1688
f 4729/2477/1688 4622/2422/1688 4737/2478/1688
f 4738/2483/1688 4740/2484/1688 4739/2424/1688
f 4741/2422/1688 4743/2475/1688 4742/2423/1688
f 4727/2475/1688 4622/2422/1688 4729/2477/1688
o kriz_1k_front_velky
v 0.030421 1.585027 0.157129
v -0.030421 1.613398 0.157129
v -0.060841 1.599212 0.157129
v 0.000000 1.627583 0.157129
v 0.290707 1.763142 0.157129
v -0.030421 1.585027 0.157129
v 0.326248 1.751345 0.157129
v 0.312441 1.716535 0.157129
v 0.000000 1.570842 0.157129
v 0.060841 1.599212 0.157129
v 0.060841 1.599212 0.157129
v 0.030421 1.613398 0.157129
v 0.030421 1.613398 0.157129
v 0.000000 1.627583 0.157129
v -0.030421 1.613398 0.157129
v -0.312441 1.481890 0.157129
v -0.060841 1.599212 0.157129
v -0.030421 1.585027 0.157129
v 0.326248 1.447080 0.157129
v 0.030421 1.585027 0.157129
v 0.000000 1.570842 0.157129
v 0.000000 1.570842 0.157129
v 0.290707 1.435283 0.157129
v -0.290707 1.435283 0.157129
v -0.326248 1.447080 0.157129
v 0.312440 1.481890 0.157129
v 0.060841 1.599212 0.157129
v -0.060841 1.599212 0.157129
v -0.312440 1.716535 0.157129
v -0.326248 1.751345 0.157129
v -0.030421 1.613398 0.157129
v 0.000000 1.627583 0.157129
v -0.290707 1.763142 0.157129
vn -0.0000 -0.0000 1.0000
vt 0.613322 0.403143
vt 0.423052 0.566429
vt 0.343628 0.482500
vt 0.423052 0.403143
vt 0.519841 0.321502
vt 0.690306 0.488115
vt 0.613322 0.566429
vt 0.516947 0.648069
vt 0.952334 0.113555
vt 0.876188 0.039208
vt 0.929702 0.273824
vt 0.159215 0.925761
vt 0.087633 0.856541
vt 0.104985 0.693789
vt 0.091382 0.099842
vt 0.162522 0.024933
vt 0.108989 0.261778
vt 0.934415 0.715456
vt 0.945771 0.870517
vt 0.866775 0.944452
s 1
usemtl kriz_cz_1k
f 4744/2485/1705 4745/2486/1705 4746/2487/1705
f 4744/2485/1705 4746/2487/1705 4749/2488/1705
f 4744/2485/1705 4749/2488/1705 4752/2489/1705
f 4744/2485/1705 4754/2490/1705 4755/2491/1705
f 4755/2491/1705 4757/2492/1705 4758/2486/1705
f 4744/2485/1705 4755/2491/1705 4758/2486/1705
f 4762/2493/1705 4763/2485/1705 4764/2489/1705
f 4764/2489/1705 4766/2494/1705 4762/2493/1705
f 4762/2493/1705 4769/2495/1705 4770/2490/1705
f 4770/2490/1705 4763/2485/1705 4762/2493/1705
f 4774/2486/1705 4775/2492/1705 4776/2496/1705
f 4776/2496/1705 4773/2497/1705 4774/2486/1705
f 4772/2498/1705 4771/2487/1705 4774/2486/1705
f 4774/2486/1705 4773/2497/1705 4772/2498/1705
f 4768/2499/1705 4767/2500/1705 4765/2489/1705
f 4765/2489/1705 4761/2488/1705 4768/2499/1705
f 4768/2499/1705 4761/2488/1705 4760/2487/1705
f 4760/2487/1705 4759/2501/1705 4768/2499/1705
f 4756/2491/1705 4753/2490/1705 4751/2502/1705
f 4751/2502/1705 4750/2503/1705 4756/2491/1705
f 4748/2504/1705 4747/2492/1705 4756/2491/1705
f 4756/2491/1705 4750/2503/1705 4748/2504/1705
o kriz_1k_front_maly
v 0.030421 1.584229 0.157157
v -0.060841 1.598414 0.157157
v 0.000000 1.626785 0.157157
v 0.176452 1.709082 0.157157
v 0.211993 1.697285 0.157157
v 0.198185 1.662475 0.157157
v 0.030421 1.612599 0.157157
v -0.030994 1.614119 0.156853
v -0.198242 1.534872 0.157157
v -0.030421 1.584229 0.157157
v 0.211772 1.500050 0.157157
v 0.000000 1.570043 0.157157
v 0.176232 1.488252 0.157157
v -0.176509 1.488266 0.157157
v -0.212050 1.500063 0.157157
v 0.197965 1.534859 0.157157
v 0.060841 1.598414 0.157157
v -0.198141 1.662493 0.157157
v -0.211948 1.697302 0.157157
v -0.176408 1.709100 0.157157
vn -0.0008 0.0007 1.0000
vn -0.0010 0.0018 1.0000
vn 0.0022 0.0060 1.0000
vn -0.0000 -0.0000 1.0000
vn -0.0016 -0.0007 1.0000
vn -0.0041 -0.0088 1.0000
vn 0.0004 -0.0027 1.0000
vn 0.0014 -0.0006 1.0000
vn 0.0022 0.0014 1.0000
vt 0.609924 0.411937
vt 0.423668 0.574432
vt 0.348672 0.483578
vt 0.426326 0.408458
vt 0.518565 0.331415
vt 0.688469 0.489409
vt 0.609044 0.569497
vt 0.516805 0.646548
vt 0.952335 0.110935
vt 0.870452 0.035716
vt 0.925214 0.282857
vt 0.160904 0.930940
vt 0.083365 0.854130
vt 0.106841 0.688919
vt 0.092246 0.095652
vt 0.159437 0.021615
vt 0.101501 0.245730
vt 0.928292 0.703714
vt 0.946707 0.865817
vt 0.875629 0.943767
s 1
usemtl kriz_cz_1k
f 4777/2505/1706 4784/2506/1707 4778/2507/1708
f 4777/2505/1706 4778/2507/1708 4786/2508/1709
f 4777/2505/1706 4786/2508/1709 4788/2509/1709
f 4777/2505/1706 4793/2510/1709 4783/2511/1710
f 4783/2511/1710 4779/2512/1711 4784/2506/1707
f 4777/2505/1706 4783/2511/1710 4784/2506/1707
f 4787/2513/1709 4777/2505/1706 4788/2509/1709
f 4788/2509/1709 4789/2514/1709 4787/2513/1709
f 4787/2513/1709 4792/2515/1709 4793/2510/1709
f 4793/2510/1709 4777/2505/1706 4787/2513/1709
f 4784/2506/1707 4779/2512/1711 4796/2516/1712
f 4796/2516/1712 4795/2517/1713 4784/2506/1707
f 4794/2518/1714 4778/2507/1708 4784/2506/1707
f 4784/2506/1707 4795/2517/1713 4794/2518/1714
f 4791/2519/1709 4790/2520/1709 4788/2509/1709
f 4788/2509/1709 4786/2508/1709 4791/2519/1709
f 4791/2519/1709 4786/2508/1709 4778/2507/1708
f 4778/2507/1708 4785/2521/1709 4791/2519/1709
f 4783/2511/1710 4793/2510/1709 4782/2522/1709
f 4782/2522/1709 4781/2523/1709 4783/2511/1710
f 4780/2524/1709 4779/2512/1711 4783/2511/1710
f 4783/2511/1710 4781/2523/1709 4780/2524/1709
o kriz_1k_back_velky
v -0.030421 1.613398 0.151079
v 0.000000 1.627583 0.151079
v 0.030421 1.613398 0.151079
v -0.004235 1.601461 0.145110
v 0.004235 1.601461 0.145110
v 0.060841 1.599212 0.151079
v 0.004235 1.601461 0.151160
v -0.004235 1.601461 0.151160
v 0.030421 1.585027 0.151079
v 0.060841 1.599212 0.151079
v 0.030421 1.585027 0.151079
v 0.000000 1.570842 0.151079
v 0.312441 1.716535 0.151079
v 0.290707 1.763142 0.151079
v -0.030421 1.585027 0.151079
v 0.290707 1.763142 0.157129
v 0.000000 1.627583 0.157129
v -0.060841 1.599212 0.151079
v 0.000000 1.570842 0.157129
v 0.000000 1.570842 0.151079
v 0.290707 1.435283 0.151079
v 0.000000 1.627583 0.151079
v 0.290707 1.435283 0.157129
v 0.326248 1.751345 0.151079
v 0.060841 1.599212 0.151079
v 0.060841 1.599212 0.157129
v 0.312440 1.481890 0.157129
v 0.290707 1.763142 0.151079
v 0.312440 1.481890 0.151079
v 0.000000 1.627583 0.151079
v 0.290707 1.435283 0.157129
v 0.290707 1.435283 0.151079
v 0.326248 1.447080 0.151079
v 0.030421 1.613398 0.151079
v 0.326248 1.447080 0.157129
v 0.312441 1.716535 0.157129
v 0.326248 1.447080 0.157129
v 0.326248 1.447080 0.151079
v 0.312440 1.481890 0.151079
v 0.312441 1.716535 0.151079
v 0.312440 1.481890 0.157129
v 0.060841 1.599212 0.151079
v 0.326248 1.447080 0.151079
v 0.290707 1.435283 0.151079
v 0.000000 1.570842 0.151079
v 0.060841 1.599212 0.157129
v 0.030421 1.585027 0.151079
v -0.312441 1.481890 0.151079
v -0.312441 1.481890 0.157129
v -0.326248 1.447080 0.157129
v 0.060841 1.599212 0.151079
v -0.326248 1.447080 0.151079
v 0.312440 1.481890 0.151079
v -0.326248 1.447080 0.151079
v -0.312440 1.716535 0.151079
v -0.312440 1.716535 0.157129
v -0.326248 1.751345 0.157129
v -0.326248 1.447080 0.157129
v -0.326248 1.751345 0.151079
v -0.290707 1.435283 0.157129
v -0.326248 1.751345 0.151079
v -0.326248 1.751345 0.157129
v -0.290707 1.763142 0.157129
v -0.290707 1.435283 0.151079
v -0.290707 1.763142 0.151079
v -0.060841 1.599212 0.151079
v -0.030421 1.613398 0.151079
v -0.060841 1.599212 0.151079
v -0.312440 1.716535 0.151079
v -0.312441 1.481890 0.151079
v -0.326248 1.751345 0.151079
v -0.290707 1.435283 0.151079
v -0.060841 1.599212 0.151079
v -0.060841 1.599212 0.157129
v -0.312440 1.716535 0.157129
v 0.000000 1.570842 0.151079
v -0.312440 1.716535 0.151079
v -0.030421 1.585027 0.151079
v 0.000000 1.627583 0.157129
v 0.000000 1.627583 0.151079
v -0.290707 1.763142 0.151079
v -0.326248 1.447080 0.151079
v -0.290707 1.763142 0.157129
v 0.290707 1.763142 0.157129
v -0.290707 1.763142 0.151079
v 0.000000 1.627583 0.151079
v 0.290707 1.763142 0.151079
v 0.326248 1.751345 0.151079
v 0.326248 1.751345 0.157129
v 0.326248 1.751345 0.157129
v 0.000000 1.570842 0.157129
v -0.290707 1.435283 0.157129
v -0.290707 1.435283 0.151079
v 0.326248 1.751345 0.151079
v 0.000000 1.570842 0.151079
v 0.312441 1.716535 0.151079
v -0.312441 1.481890 0.151079
v -0.312441 1.481890 0.157129
v -0.060841 1.599212 0.157129
v 0.312441 1.716535 0.157129
v -0.060841 1.599212 0.151079
vn -0.0000 -0.0000 -1.0000
vn -0.4226 -0.9063 -0.0000
vn 0.4226 0.9063 -0.0000
vn 0.3150 -0.9491 -0.0000
vn 0.9295 0.3687 -0.0000
vn -0.9295 -0.3687 -0.0000
vn -0.3150 0.9491 -0.0000
vn 0.4226 -0.9063 -0.0000
vn -0.4226 0.9063 -0.0000
vn 0.9295 -0.3687 -0.0000
vn 0.3150 0.9491 -0.0000
vn -0.3150 -0.9491 -0.0000
vn -0.9296 0.3687 -0.0000
vn -0.0000 1.0000 -0.0000
vt 0.067667 0.162549
vt 0.101613 0.171516
vt 0.101648 0.185515
vt 0.101644 0.199494
vt 0.067667 0.190500
vt 0.033640 0.190436
vt 0.033640 0.162549
vt 0.067667 0.171494
vt 0.067645 0.185513
vt 0.067105 0.199534
vt 0.253442 0.296159
vt 0.245450 0.296159
vt 0.245450 0.162545
vt 0.253442 0.162545
vt 0.189506 0.162545
vt 0.197498 0.162545
vt 0.197498 0.278184
vt 0.189506 0.278184
vt 0.169517 0.162549
vt 0.177509 0.162549
vt 0.177509 0.178148
vt 0.169517 0.178148
vt 0.101648 0.162549
vt 0.109640 0.162549
vt 0.109640 0.178148
vt 0.101648 0.178148
vt 0.067609 0.017595
vt 0.101578 0.028950
vt 0.101578 0.162549
vt 0.067616 0.153576
vt 0.033653 0.144577
vt 0.033640 0.028949
vt 0.117632 0.178148
vt 0.109640 0.178148
vt 0.109640 0.162549
vt 0.117632 0.162549
vt 0.141608 0.178148
vt 0.133616 0.178148
vt 0.133616 0.162549
vt 0.141608 0.162549
vt 0.203488 0.026563
vt 0.237458 0.035567
vt 0.237441 0.151196
vt 0.203477 0.162545
vt 0.205490 0.278185
vt 0.197498 0.278185
vt 0.205490 0.162545
vt 0.245450 0.296159
vt 0.237458 0.296159
vt 0.237458 0.162545
vt 0.245450 0.162545
vt 0.169517 0.151193
vt 0.169517 0.017595
vt 0.229466 0.162545
vt 0.229466 0.296159
vt 0.221474 0.296159
vt 0.221474 0.162545
vt 0.205490 0.162545
vt 0.213482 0.162545
vt 0.213482 0.278185
vt 0.205490 0.278185
vt 0.133616 0.178148
vt 0.125624 0.178148
vt 0.125624 0.162549
vt 0.133616 0.162549
vt 0.141608 0.162549
vt 0.149600 0.162549
vt 0.149600 0.178148
vt 0.141608 0.178148
vt 0.135548 0.017595
vt 0.135541 0.153576
vt 0.101579 0.162549
vt 0.101578 0.028950
vt 0.169517 0.028948
vt 0.169504 0.144577
vt 0.177509 0.162549
vt 0.185501 0.162549
vt 0.185501 0.178148
vt 0.177509 0.178148
vt 0.117632 0.162549
vt 0.125624 0.162549
vt 0.125624 0.178148
vt 0.117632 0.178148
vt 0.221474 0.278185
vt 0.213482 0.278185
vt 0.213482 0.162545
vt 0.221474 0.162545
vt 0.271428 0.026563
vt 0.305399 0.017595
vt 0.305399 0.151193
vt 0.271439 0.162545
vt 0.229466 0.162545
vt 0.237458 0.296159
vt 0.229466 0.296159
vt 0.237475 0.151196
vt 0.161525 0.166077
vt 0.161525 0.162549
vt 0.169517 0.162549
vt 0.169517 0.166077
s 1
usemtl stozar.003
f 4797/2525/1715 4798/2526/1715 4799/2527/1715
f 4797/2525/1715 4799/2527/1715 4802/2528/1715
f 4797/2525/1715 4802/2528/1715 4805/2529/1715
f 4797/2530/1715 4807/2531/1715 4808/2532/1715
f 4797/2530/1715 4808/2532/1715 4811/2533/1715
f 4797/2530/1715 4811/2533/1715 4814/2534/1715
f 4815/2535/1716 4816/2536/1716 4817/2537/1716
f 4817/2537/1716 4819/2538/1716 4815/2535/1716
f 4821/2539/1717 4822/2540/1717 4823/2541/1717
f 4823/2541/1717 4825/2542/1717 4821/2539/1717
f 4827/2543/1718 4828/2544/1718 4829/2545/1718
f 4829/2545/1718 4831/2546/1718 4827/2543/1718
f 4833/2547/1719 4834/2548/1719 4835/2549/1719
f 4835/2549/1719 4837/2550/1719 4833/2547/1719
f 4839/2551/1715 4840/2552/1715 4841/2553/1715
f 4841/2553/1715 4843/2554/1715 4839/2551/1715
f 4839/2551/1715 4843/2554/1715 4847/2555/1715
f 4847/2555/1715 4849/2556/1715 4839/2551/1715
f 4851/2557/1720 4852/2558/1720 4853/2559/1720
f 4853/2559/1720 4855/2560/1720 4851/2557/1720
f 4857/2561/1721 4858/2562/1721 4859/2563/1721
f 4859/2563/1721 4861/2564/1721 4857/2561/1721
f 4863/2565/1715 4864/2566/1715 4865/2567/1715
f 4865/2567/1715 4867/2568/1715 4863/2565/1715
f 4869/2569/1716 4870/2570/1716 4871/2540/1716
f 4871/2540/1716 4873/2571/1716 4869/2569/1716
f 4875/2572/1717 4876/2573/1717 4877/2574/1717
f 4877/2574/1717 4879/2575/1717 4875/2572/1717
f 4881/2576/1715 4882/2577/1715 4863/2565/1715
f 4863/2565/1715 4867/2568/1715 4881/2576/1715
f 4887/2578/1722 4888/2579/1722 4889/2580/1722
f 4889/2580/1722 4891/2581/1722 4887/2578/1722
f 4893/2582/1723 4894/2583/1723 4895/2584/1723
f 4895/2584/1723 4897/2585/1723 4893/2582/1723
f 4896/2586/1724 4892/2587/1724 4890/2588/1724
f 4890/2588/1724 4886/2589/1724 4896/2586/1724
f 4885/2590/1725 4884/2591/1725 4883/2592/1725
f 4883/2592/1725 4880/2593/1725 4885/2590/1725
f 4878/2594/1715 4874/2595/1715 4872/2596/1715
f 4872/2596/1715 4868/2597/1715 4878/2594/1715
f 4878/2594/1715 4866/2598/1715 4862/2599/1715
f 4862/2599/1715 4874/2595/1715 4878/2594/1715
f 4860/2600/1726 4856/2601/1726 4854/2602/1726
f 4854/2602/1726 4850/2603/1726 4860/2600/1726
f 4848/2604/1727 4846/2605/1727 4845/2606/1727
f 4845/2606/1727 4844/2607/1727 4848/2604/1727
f 4842/2608/1722 4838/2609/1722 4836/2610/1722
f 4836/2610/1722 4832/2611/1722 4842/2608/1722
f 4830/2612/1715 4826/2613/1715 4824/2614/1715
f 4824/2614/1715 4820/2615/1715 4830/2612/1715
f 4818/2616/1723 4813/2574/1723 4812/2617/1723
f 4812/2617/1723 4810/2618/1723 4818/2616/1723
f 4809/2619/1715 4806/2566/1715 4830/2612/1715
f 4830/2612/1715 4820/2615/1715 4809/2619/1715
f 4804/2620/1728 4803/2621/1728 4801/2622/1728
f 4801/2622/1728 4800/2623/1728 4804/2620/1728
o kriz_1k_back_maly
v 0.211993 1.697285 0.151107
v 0.176452 1.709082 0.151107
v 0.000000 1.626785 0.151107
v 0.000000 1.570043 0.157157
v 0.000000 1.570043 0.151107
v 0.176232 1.488252 0.151107
v 0.030421 1.612599 0.151107
v 0.176232 1.488252 0.157157
v 0.060841 1.598414 0.151107
v 0.060841 1.598414 0.157157
v 0.211772 1.500050 0.151107
v 0.211772 1.500050 0.157157
v 0.197965 1.534859 0.151107
v 0.197965 1.534859 0.157157
v -0.212050 1.500063 0.157157
v 0.030421 1.584229 0.151107
v -0.212050 1.500063 0.151107
v -0.176509 1.488266 0.157157
v -0.198141 1.662493 0.151107
v -0.198141 1.662493 0.157157
v -0.211948 1.697302 0.157157
v -0.176509 1.488266 0.151107
v -0.211948 1.697302 0.151107
v -0.176408 1.709100 0.157157
v -0.176408 1.709100 0.151107
v -0.030421 1.584229 0.151107
v -0.030421 1.612599 0.151107
v -0.060841 1.598414 0.151107
v 0.176452 1.709082 0.157157
v 0.000000 1.626785 0.157157
v 0.211993 1.697285 0.157157
v 0.198185 1.662475 0.151107
v 0.198185 1.662475 0.157157
v -0.060841 1.598414 0.157157
v -0.198242 1.534872 0.157157
v -0.198242 1.534872 0.151107
vn -0.0000 -0.0000 -1.0000
vn -0.0000 0.5785 -0.8157
vn 0.2377 0.0003 -0.9713
vn -0.0002 -0.5793 -0.8151
vn -0.2375 0.0004 -0.9714
vn -0.0003 -1.0000 -0.0000
vn -0.0441 -0.7731 -0.6328
vn -0.0570 -0.9984 -0.0000
vn 1.0000 0.0012 -0.0000
vn 0.7268 0.6869 -0.0000
vn 0.5630 0.5321 -0.6324
vn 0.7419 -0.3459 -0.5744
vn 0.9063 -0.4226 -0.0000
vn -0.5635 -0.5312 -0.6327
vn -0.7277 -0.6859 -0.0000
vn -0.9063 0.4226 -0.0000
vn -0.7419 0.3459 -0.5744
vn 0.0580 0.9983 -0.0000
vn 0.0449 0.7732 -0.6326
vn -1.0000 0.0018 -0.0000
vn 0.0001 1.0000 -0.0000
vn 0.0567 -0.9984 -0.0000
vn 0.0439 -0.7730 -0.6328
vn -0.5628 0.5324 -0.6324
vn -0.7265 0.6872 -0.0000
vn 0.7276 -0.6860 -0.0000
vn 0.5635 -0.5313 -0.6326
vn 0.7419 0.3459 -0.5744
vn 0.9063 0.4226 -0.0000
vn -0.0449 0.7732 -0.6326
vn -0.0579 0.9983 -0.0000
vn -0.7419 -0.3460 -0.5744
vn -0.9063 -0.4226 -0.0000
vt 0.156641 0.180160
vt 0.136150 0.175642
vt 0.132844 0.167555
vt 0.128201 0.158934
vt 0.149606 0.164453
vt 0.169952 0.169350
vt 0.172832 0.177085
vt 0.177080 0.185314
vt 0.174218 0.168582
vt 0.168435 0.130535
vt 0.172107 0.129904
vt 0.125330 0.157035
vt 0.142609 0.129076
vt 0.144813 0.129548
vt 0.156086 0.127528
vt 0.156187 0.126522
vt 0.171934 0.219995
vt 0.174802 0.220412
vt 0.159178 0.225887
vt 0.151464 0.225887
vt 0.151465 0.225887
vt 0.135518 0.220221
vt 0.139015 0.219821
vt 0.155321 0.225887
vt 0.181166 0.187156
vt 0.131909 0.176408
vt 0.276154 0.187479
vt 0.273415 0.188123
vt 0.263706 0.195174
vt 0.264104 0.196351
vt 0.035071 0.144755
vt 0.035563 0.146199
vt 0.019491 0.148888
vt 0.015659 0.148391
vt 0.021896 0.154622
vt 0.018816 0.155286
vt 0.275677 0.193001
vt 0.278815 0.193355
s 1
usemtl stozar.003
f 4924/2624/1729 4900/2625/1730 4904/2626/1729
f 4924/2624/1729 4904/2626/1729 4906/2627/1731
f 4924/2624/1729 4906/2627/1731 4913/2628/1729
f 4924/2624/1729 4913/2628/1729 4902/2629/1732
f 4924/2624/1729 4902/2629/1732 4923/2630/1729
f 4924/2624/1729 4923/2630/1729 4925/2631/1733
f 4901/2632/1734 4902/2629/1732 4903/2633/1735
f 4903/2633/1735 4905/2634/1736 4901/2632/1734
f 4906/2627/1731 4907/2635/1737 4911/2636/1738
f 4911/2636/1738 4910/2637/1739 4906/2627/1731
f 4905/2634/1736 4903/2633/1735 4908/2638/1740
f 4908/2638/1740 4909/2639/1741 4905/2634/1736
f 4909/2639/1741 4908/2638/1740 4910/2637/1739
f 4910/2637/1739 4911/2636/1738 4909/2639/1741
f 4908/2638/1740 4903/2633/1735 4902/2629/1732
f 4902/2629/1732 4913/2628/1729 4908/2638/1740
f 4908/2638/1740 4913/2628/1729 4906/2627/1731
f 4906/2627/1731 4910/2637/1739 4908/2638/1740
f 4916/2640/1742 4917/2641/1743 4918/2642/1744
f 4918/2642/1744 4920/2643/1745 4916/2640/1742
f 4920/2642/1745 4918/2644/1744 4921/2645/1746
f 4921/2645/1746 4922/2646/1747 4920/2642/1745
f 4924/2624/1729 4925/2631/1733 4916/2640/1742
f 4916/2640/1742 4920/2647/1745 4924/2624/1729
f 4925/2631/1733 4931/2648/1748 4917/2641/1743
f 4917/2641/1743 4916/2640/1742 4925/2631/1733
f 4927/2649/1749 4900/2625/1730 4922/2646/1747
f 4922/2646/1747 4921/2645/1746 4927/2649/1749
f 4922/2646/1747 4900/2625/1730 4924/2624/1729
f 4924/2624/1729 4920/2647/1745 4922/2646/1747
f 4901/2632/1734 4915/2650/1750 4919/2651/1751
f 4919/2651/1751 4902/2629/1732 4901/2632/1734
f 4933/2652/1752 4932/2653/1753 4931/2648/1748
f 4931/2648/1748 4925/2631/1733 4933/2652/1752
f 4930/2654/1754 4929/2655/1755 4898/2656/1756
f 4898/2656/1756 4928/2657/1757 4930/2654/1754
f 4928/2657/1757 4898/2656/1756 4899/2658/1758
f 4899/2658/1758 4926/2659/1759 4928/2657/1757
f 4914/2660/1760 4923/2630/1729 4902/2629/1732
f 4902/2629/1732 4919/2651/1751 4914/2660/1760
f 4914/2660/1760 4933/2652/1752 4925/2631/1733
f 4925/2631/1733 4923/2630/1729 4914/2660/1760
f 4919/2651/1751 4915/2650/1750 4912/2661/1761
f 4912/2661/1761 4914/2660/1760 4919/2651/1751
f 4914/2660/1760 4912/2661/1761 4932/2653/1753
f 4932/2653/1753 4933/2652/1752 4914/2660/1760
f 4907/2635/1737 4906/2627/1731 4929/2655/1755
f 4929/2655/1755 4930/2654/1754 4907/2635/1737
f 4904/2626/1729 4900/2625/1730 4899/2658/1758
f 4899/2658/1758 4898/2656/1756 4904/2626/1729
f 4900/2625/1730 4927/2649/1749 4926/2659/1759
f 4926/2659/1759 4899/2658/1758 4900/2625/1730
f 4929/2655/1755 4906/2627/1731 4904/2626/1729
f 4904/2626/1729 4898/2656/1756 4929/2655/1755
o kriz_sk_refl
v 0.205770 1.507384 0.147925
v 0.211455 1.521466 0.147925
v 0.211455 1.775761 0.147925
v -0.185748 1.496824 0.147925
v 0.210330 1.780216 0.147925
v 0.208014 1.785649 0.147925
v 0.204540 1.790272 0.147925
v -0.191479 1.497779 0.159991
v -0.191479 1.497778 0.147925
v -0.196517 1.500036 0.147925
v -0.204647 1.505923 0.159991
v -0.201520 1.503260 0.147925
v -0.209857 1.513217 0.147925
v -0.204647 1.505923 0.147925
v -0.207078 1.509165 0.147925
v -0.209857 1.513218 0.159991
v -0.211131 1.517038 0.159991
v -0.211131 1.517038 0.147925
v -0.211621 1.521260 0.159991
v -0.211621 1.521260 0.147925
v -0.211621 1.775347 0.147925
v -0.195638 1.797003 0.147925
v -0.200878 1.793892 0.147925
v -0.210539 1.781610 0.147925
v -0.207920 1.786687 0.147925
v 0.191708 1.498172 0.159991
v -0.191544 1.798477 0.147925
v 0.183305 1.496824 0.147925
v 0.183305 1.496824 0.159991
v -0.185748 1.496824 0.159991
v 0.202576 1.503782 0.147925
v 0.210330 1.780216 0.159991
v 0.191708 1.498172 0.147925
v 0.202576 1.503782 0.159991
v 0.199446 1.794315 0.159991
v 0.205770 1.507384 0.159991
v 0.194814 1.796510 0.159991
v 0.210764 1.516882 0.159991
v 0.210764 1.516882 0.147925
v 0.211455 1.521467 0.159991
v 0.182309 1.799453 0.159991
v -0.185977 1.799453 0.147925
v -0.185977 1.799453 0.159991
v 0.182309 1.799453 0.147925
v 0.188562 1.798590 0.147925
v 0.188562 1.798590 0.159991
v -0.196517 1.500037 0.159991
v 0.194814 1.796510 0.147925
v 0.199446 1.794315 0.147925
v -0.201520 1.503260 0.159991
v 0.208014 1.785649 0.159991
v 0.204540 1.790272 0.159991
v -0.207078 1.509165 0.159991
v 0.211455 1.775761 0.159991
v -0.207920 1.786687 0.159991
v -0.211621 1.775347 0.159991
v -0.210539 1.781610 0.159991
v -0.191544 1.798477 0.159991
v -0.200878 1.793892 0.159991
v -0.195638 1.797003 0.159991
vn 0.6024 -0.4163 -0.6810
vn 0.4568 -0.5874 -0.6681
vn 0.2311 -0.7024 -0.6732
vn 0.7041 -0.2309 -0.6715
vn 0.7212 -0.0540 -0.6907
vn 0.7273 0.0904 -0.6804
vn 0.0575 -0.7219 -0.6896
vn -0.0597 -0.7223 -0.6890
vn 0.6859 0.2312 -0.6900
vn 0.6342 0.3662 -0.6810
vn 0.5256 0.5119 -0.6795
vn 0.3863 0.6206 -0.6823
vn 0.2684 0.6684 -0.6937
vn 0.1651 0.7077 -0.6870
vn 0.0495 0.7202 -0.6920
vn -0.0629 0.7229 -0.6881
vn -0.2120 -0.7025 -0.6794
vn -0.3448 -0.6359 -0.6905
vn -0.4302 -0.5791 -0.6925
vn -0.5322 -0.5002 -0.6830
vn -0.5784 -0.4149 -0.7024
vn -0.6589 -0.3277 -0.6771
vn -0.7115 -0.1581 -0.6846
vn -0.7184 -0.0415 -0.6943
vn -0.7227 0.0620 -0.6884
vn -0.1862 0.7011 -0.6883
vn -0.3102 0.6578 -0.6864
vn -0.4538 0.5772 -0.6789
vn -0.7000 0.2348 -0.6744
vn -0.5981 0.4317 -0.6752
vn 0.4568 -0.5874 0.6681
vn 0.6024 -0.4164 0.6810
vn 0.2311 -0.7024 0.6732
vn 0.7041 -0.2309 0.6715
vn 0.7211 -0.0540 0.6907
vn 0.7273 0.0904 0.6804
vn 0.0575 -0.7219 0.6896
vn -0.0598 -0.7223 0.6890
vn 0.6859 0.2312 0.6900
vn 0.6342 0.3662 0.6810
vn 0.5256 0.5119 0.6795
vn 0.3863 0.6206 0.6823
vn 0.2684 0.6684 0.6937
vn 0.1651 0.7077 0.6870
vn 0.0495 0.7202 0.6920
vn -0.0629 0.7229 0.6881
vn -0.2121 -0.7024 0.6795
vn -0.3447 -0.6358 0.6906
vn -0.4302 -0.5792 0.6925
vn -0.5322 -0.5002 0.6830
vn -0.5784 -0.4149 0.7024
vn -0.6589 -0.3277 0.6771
vn -0.7115 -0.1581 0.6847
vn -0.7184 -0.0416 0.6943
vn -0.7227 0.0620 0.6884
vn -0.1862 0.7011 0.6883
vn -0.3102 0.6578 0.6863
vn -0.4538 0.5772 0.6789
vn -0.7000 0.2348 0.6744
vn -0.5981 0.4316 0.6752
vt 0.592964 0.024580
vt 0.600130 0.007512
vt 0.603798 0.005871
vt 0.591602 0.033658
vt 0.591613 0.043420
vt 0.591506 0.395345
vt 0.609176 0.004421
vt 0.875992 0.004421
vt 0.591488 0.404159
vt 0.591945 0.411314
vt 0.593131 0.418311
vt 0.594886 0.423908
vt 0.597531 0.428824
vt 0.601533 0.433076
vt 0.603559 0.433837
vt 0.876138 0.434727
vt 0.879660 0.005932
vt 0.882884 0.009505
vt 0.886086 0.014606
vt 0.888087 0.018820
vt 0.889643 0.023951
vt 0.891422 0.030365
vt 0.892237 0.036412
vt 0.892550 0.043092
vt 0.892550 0.394690
vt 0.879701 0.433451
vt 0.882321 0.431523
vt 0.885675 0.427004
vt 0.887666 0.421790
vt 0.891859 0.404603
vt 0.890182 0.414793
vt 0.564097 0.453720
vt 0.556210 0.476379
vt 0.568134 0.448560
vt 0.554710 0.485410
vt 0.554223 0.494440
vt 0.554223 0.952485
vt 0.574053 0.445904
vt 0.921892 0.445904
vt 0.555016 0.961260
vt 0.556648 0.971960
vt 0.559095 0.981066
vt 0.562683 0.989029
vt 0.565946 0.993353
vt 0.570350 0.997449
vt 0.574755 0.999149
vt 0.922053 0.999149
vt 0.925930 0.447784
vt 0.929478 0.452231
vt 0.933003 0.458579
vt 0.935205 0.463825
vt 0.936918 0.470210
vt 0.938875 0.478192
vt 0.939773 0.485718
vt 0.940117 0.494032
vt 0.940117 0.951669
vt 0.925975 0.997226
vt 0.928859 0.994323
vt 0.932550 0.988195
vt 0.934742 0.982712
vt 0.939356 0.964006
vt 0.937510 0.974004
vt 0.150064 0.020973
vt 0.150064 0.036998
vt 0.146675 0.036998
vt 0.146675 0.020973
vt 0.142542 0.020973
vt 0.142542 0.036998
vt 0.345122 0.036998
vt 0.345122 0.020973
vt 0.346747 0.036998
vt 0.346747 0.020973
vt 0.342737 0.020973
vt 0.342737 0.036998
vt 0.340570 0.036998
vt 0.340570 0.020973
vt 0.337643 0.020973
vt 0.337643 0.036998
vt 0.334717 0.020973
vt 0.334717 0.036998
vt 0.144041 0.020973
vt 0.144041 0.036998
vt 0.329611 0.036998
vt 0.329611 0.020973
vt 0.333099 0.036998
vt 0.333099 0.020973
vt 0.336587 0.020973
vt 0.336587 0.036998
vt 0.136196 0.020973
vt 0.136196 0.036998
vt 0.134701 0.036998
vt 0.134701 0.020973
vt 0.141282 0.020973
vt 0.141282 0.036998
vt 0.138600 0.036998
vt 0.138600 0.020973
vt 0.145215 0.020973
vt 0.145215 0.036998
vt 0.336250 0.020973
vt 0.336250 0.036998
vt 0.141436 0.036998
vt 0.141436 0.020973
vt 0.139520 0.036998
vt 0.139520 0.020973
vt 0.137068 0.036998
vt 0.137068 0.020973
vt 0.133772 0.036998
vt 0.133772 0.020973
vt 0.135612 0.020973
vt 0.135612 0.036998
vt 0.334784 0.036998
vt 0.334784 0.020973
vt 0.338646 0.020973
vt 0.338646 0.036998
vt 0.330019 0.036998
vt 0.330019 0.020973
vt 0.150630 0.036998
vt 0.150630 0.020973
vt 0.147419 0.020973
vt 0.147419 0.036998
vt 0.144512 0.036998
vt 0.144512 0.020973
vt 0.346232 0.036998
vt 0.346232 0.020973
vt 0.347533 0.020973
vt 0.347533 0.036998
vt 0.345094 0.036998
vt 0.345094 0.020973
vt 0.343631 0.036998
vt 0.343631 0.020973
vt 0.341289 0.036998
vt 0.341289 0.020973
vt 0.338932 0.036998
vt 0.338932 0.020973
s 1
usemtl kriz_sk_relf
f 4934/2662/1762 4964/2663/1763 4966/2664/1764
f 4972/2665/1765 4934/2662/1762 4966/2664/1764
f 4935/2666/1766 4972/2665/1765 4966/2664/1764
f 4936/2667/1767 4935/2666/1766 4966/2664/1764
f 4936/2667/1767 4966/2664/1764 4961/2668/1768
f 4936/2667/1767 4961/2668/1768 4937/2669/1769
f 4938/2670/1770 4936/2667/1767 4937/2669/1769
f 4939/2671/1771 4938/2670/1770 4937/2669/1769
f 4940/2672/1772 4939/2671/1771 4937/2669/1769
f 4982/2673/1773 4940/2672/1772 4937/2669/1769
f 4981/2674/1774 4982/2673/1773 4937/2669/1769
f 4978/2675/1775 4981/2674/1774 4937/2669/1769
f 4977/2676/1776 4978/2675/1775 4937/2669/1769
f 4975/2677/1777 4977/2676/1776 4937/2669/1769
f 4975/2677/1777 4937/2669/1769 4942/2678/1778
f 4975/2677/1777 4942/2678/1778 4943/2679/1779
f 4975/2677/1777 4943/2679/1779 4945/2680/1780
f 4975/2677/1777 4945/2680/1780 4947/2681/1781
f 4975/2677/1777 4947/2681/1781 4948/2682/1782
f 4975/2677/1777 4948/2682/1782 4946/2683/1783
f 4975/2677/1777 4946/2683/1783 4951/2684/1784
f 4975/2677/1777 4951/2684/1784 4953/2685/1785
f 4975/2677/1777 4953/2685/1785 4954/2686/1786
f 4960/2687/1787 4975/2677/1777 4954/2686/1786
f 4955/2688/1788 4960/2687/1787 4954/2686/1786
f 4956/2689/1789 4955/2688/1788 4954/2686/1786
f 4956/2690/1789 4954/2686/1786 4957/2691/1790
f 4958/2692/1791 4956/2690/1789 4957/2691/1790
f 4967/2693/1792 4969/2694/1793 4959/2695/1794
f 4969/2694/1793 4971/2696/1795 4959/2695/1794
f 4971/2696/1795 4973/2697/1796 4959/2695/1794
f 4973/2697/1796 4987/2698/1797 4959/2695/1794
f 4959/2695/1794 4987/2698/1797 4962/2699/1798
f 4962/2699/1798 4987/2698/1797 4963/2700/1799
f 4987/2698/1797 4965/2701/1800 4963/2700/1799
f 4965/2701/1800 4984/2702/1801 4963/2700/1799
f 4984/2702/1801 4985/2703/1802 4963/2700/1799
f 4985/2703/1802 4968/2704/1803 4963/2700/1799
f 4968/2704/1803 4970/2705/1804 4963/2700/1799
f 4970/2705/1804 4979/2706/1805 4963/2700/1799
f 4979/2706/1805 4974/2707/1806 4963/2700/1799
f 4974/2707/1806 4976/2708/1807 4963/2700/1799
f 4963/2700/1799 4976/2708/1807 4941/2709/1808
f 4941/2709/1808 4976/2708/1807 4980/2710/1809
f 4980/2710/1809 4976/2708/1807 4983/2711/1810
f 4983/2711/1810 4976/2708/1807 4944/2712/1811
f 4944/2712/1811 4976/2708/1807 4986/2713/1812
f 4986/2713/1812 4976/2708/1807 4949/2714/1813
f 4949/2714/1813 4976/2708/1807 4950/2715/1814
f 4950/2715/1814 4976/2708/1807 4952/2716/1815
f 4952/2716/1815 4976/2708/1807 4989/2717/1816
f 4976/2708/1807 4991/2718/1817 4989/2717/1816
f 4991/2718/1817 4993/2719/1818 4989/2717/1816
f 4993/2719/1818 4992/2720/1819 4989/2717/1816
f 4989/2717/1816 4992/2721/1819 4990/2722/1820
f 4992/2721/1819 4988/2723/1821 4990/2722/1820
f 4987/2724/1797 4936/2725/1767 4938/2726/1770
f 4987/2724/1797 4938/2726/1770 4965/2727/1800
f 4984/2728/1801 4965/2727/1800 4938/2726/1770
f 4984/2728/1801 4938/2726/1770 4939/2729/1771
f 4940/2730/1772 4985/2731/1802 4939/2732/1771
f 4939/2732/1771 4985/2731/1802 4984/2733/1801
f 4968/2734/1803 4985/2731/1802 4982/2735/1773
f 4982/2735/1773 4985/2731/1802 4940/2730/1772
f 4968/2734/1803 4982/2735/1773 4981/2736/1774
f 4968/2734/1803 4981/2736/1774 4970/2737/1804
f 4979/2738/1805 4970/2737/1804 4978/2739/1775
f 4978/2739/1775 4970/2737/1804 4981/2736/1774
f 4974/2740/1806 4979/2738/1805 4977/2741/1776
f 4977/2741/1776 4979/2738/1805 4978/2739/1775
f 4976/2742/1807 4974/2740/1806 4975/2743/1777
f 4975/2743/1777 4974/2740/1806 4977/2741/1776
f 4936/2725/1767 4987/2724/1797 4935/2744/1766
f 4935/2744/1766 4987/2724/1797 4973/2745/1796
f 4935/2744/1766 4973/2745/1796 4972/2746/1765
f 4972/2746/1765 4973/2745/1796 4971/2747/1795
f 4969/2748/1793 4934/2749/1762 4972/2746/1765
f 4969/2748/1793 4972/2746/1765 4971/2747/1795
f 4967/2750/1792 4964/2751/1763 4934/2752/1762
f 4967/2750/1792 4934/2752/1762 4969/2753/1793
f 4959/2754/1794 4966/2755/1764 4964/2756/1763
f 4959/2754/1794 4964/2756/1763 4967/2757/1792
f 4962/2758/1798 4961/2759/1768 4966/2755/1764
f 4962/2758/1798 4966/2755/1764 4959/2754/1794
f 4963/2760/1799 4937/2761/1769 4961/2759/1768
f 4963/2760/1799 4961/2759/1768 4962/2758/1798
f 4976/2742/1807 4975/2743/1777 4960/2762/1787
f 4976/2742/1807 4960/2762/1787 4991/2763/1817
f 4955/2764/1788 4993/2765/1818 4991/2763/1817
f 4955/2764/1788 4991/2763/1817 4960/2762/1787
f 4956/2766/1789 4992/2767/1819 4993/2765/1818
f 4956/2766/1789 4993/2765/1818 4955/2764/1788
f 4958/2768/1791 4988/2769/1821 4992/2770/1819
f 4958/2768/1791 4992/2770/1819 4956/2771/1789
f 4957/2772/1790 4990/2773/1820 4988/2774/1821
f 4957/2772/1790 4988/2774/1821 4958/2775/1791
f 4954/2776/1786 4989/2777/1816 4990/2773/1820
f 4954/2776/1786 4990/2773/1820 4957/2772/1790
f 4953/2778/1785 4952/2779/1815 4989/2777/1816
f 4953/2778/1785 4989/2777/1816 4954/2776/1786
f 4952/2779/1815 4953/2778/1785 4950/2780/1814
f 4950/2780/1814 4953/2778/1785 4951/2781/1784
f 4946/2782/1783 4949/2783/1813 4950/2780/1814
f 4946/2782/1783 4950/2780/1814 4951/2781/1784
f 4948/2784/1782 4986/2785/1812 4949/2786/1813
f 4948/2784/1782 4949/2786/1813 4946/2787/1783
f 4947/2788/1781 4944/2789/1811 4986/2785/1812
f 4947/2788/1781 4986/2785/1812 4948/2784/1782
f 4945/2790/1780 4983/2791/1810 4944/2789/1811
f 4945/2790/1780 4944/2789/1811 4947/2788/1781
f 4943/2792/1779 4980/2793/1809 4983/2791/1810
f 4943/2792/1779 4983/2791/1810 4945/2790/1780
f 4942/2794/1778 4941/2795/1808 4980/2793/1809
f 4942/2794/1778 4980/2793/1809 4943/2792/1779
f 4937/2761/1769 4963/2760/1799 4941/2795/1808
f 4937/2761/1769 4941/2795/1808 4942/2794/1778
o kriz_sk
v 0.205770 1.507384 0.147925
v 0.211455 1.521466 0.147925
v 0.211455 1.775761 0.147925
v -0.185748 1.496824 0.147925
v 0.210330 1.780216 0.147925
v 0.208014 1.785649 0.147925
v 0.204540 1.790272 0.147925
v -0.191479 1.497779 0.159991
v -0.191479 1.497778 0.147925
v -0.196517 1.500036 0.147925
v -0.204647 1.505923 0.159991
v -0.201520 1.503260 0.147925
v -0.209857 1.513217 0.147925
v -0.204647 1.505923 0.147925
v -0.207078 1.509165 0.147925
v -0.209857 1.513218 0.159991
v -0.211131 1.517038 0.159991
v -0.211131 1.517038 0.147925
v -0.211621 1.521260 0.159991
v -0.211621 1.521260 0.147925
v -0.211621 1.775347 0.147925
v -0.195638 1.797003 0.147925
v -0.200878 1.793892 0.147925
v -0.210539 1.781610 0.147925
v -0.207920 1.786687 0.147925
v 0.191708 1.498172 0.159991
v -0.191544 1.798477 0.147925
v 0.183305 1.496824 0.147925
v 0.183305 1.496824 0.159991
v -0.185748 1.496824 0.159991
v 0.202576 1.503782 0.147925
v 0.210330 1.780216 0.159991
v 0.191708 1.498172 0.147925
v 0.202576 1.503782 0.159991
v 0.199446 1.794315 0.159991
v 0.205770 1.507384 0.159991
v 0.194814 1.796510 0.159991
v 0.210764 1.516882 0.159991
v 0.210764 1.516882 0.147925
v 0.211455 1.521467 0.159991
v 0.182309 1.799453 0.159991
v -0.185977 1.799453 0.147925
v -0.185977 1.799453 0.159991
v 0.182309 1.799453 0.147925
v 0.188562 1.798590 0.147925
v 0.188562 1.798590 0.159991
v -0.196517 1.500037 0.159991
v 0.194814 1.796510 0.147925
v 0.199446 1.794315 0.147925
v -0.201520 1.503260 0.159991
v 0.208014 1.785649 0.159991
v 0.204540 1.790272 0.159991
v -0.207078 1.509165 0.159991
v 0.211455 1.775761 0.159991
v -0.207920 1.786687 0.159991
v -0.211621 1.775347 0.159991
v -0.210539 1.781610 0.159991
v -0.191544 1.798477 0.159991
v -0.200878 1.793892 0.159991
v -0.195638 1.797003 0.159991
vn 0.6024 -0.4163 -0.6810
vn 0.4568 -0.5874 -0.6681
vn 0.2311 -0.7024 -0.6732
vn 0.7041 -0.2309 -0.6715
vn 0.7212 -0.0540 -0.6907
vn 0.7273 0.0904 -0.6804
vn 0.0575 -0.7219 -0.6896
vn -0.0597 -0.7223 -0.6890
vn 0.6859 0.2312 -0.6900
vn 0.6342 0.3662 -0.6810
vn 0.5256 0.5119 -0.6795
vn 0.3863 0.6206 -0.6823
vn 0.2684 0.6684 -0.6937
vn 0.1651 0.7077 -0.6870
vn 0.0495 0.7202 -0.6920
vn -0.0629 0.7229 -0.6881
vn -0.2120 -0.7025 -0.6794
vn -0.3448 -0.6359 -0.6905
vn -0.4302 -0.5791 -0.6925
vn -0.5322 -0.5002 -0.6830
vn -0.5784 -0.4149 -0.7024
vn -0.6589 -0.3277 -0.6771
vn -0.7115 -0.1581 -0.6846
vn -0.7184 -0.0415 -0.6943
vn -0.7227 0.0620 -0.6884
vn -0.1862 0.7011 -0.6883
vn -0.3102 0.6578 -0.6864
vn -0.4538 0.5772 -0.6789
vn -0.7000 0.2348 -0.6744
vn -0.5981 0.4317 -0.6752
vn 0.4568 -0.5874 0.6681
vn 0.6024 -0.4164 0.6810
vn 0.2311 -0.7024 0.6732
vn 0.7041 -0.2309 0.6715
vn 0.7211 -0.0540 0.6907
vn 0.7273 0.0904 0.6804
vn 0.0575 -0.7219 0.6896
vn -0.0598 -0.7223 0.6890
vn 0.6859 0.2312 0.6900
vn 0.6342 0.3662 0.6810
vn 0.5256 0.5119 0.6795
vn 0.3863 0.6206 0.6823
vn 0.2684 0.6684 0.6937
vn 0.1651 0.7077 0.6870
vn 0.0495 0.7202 0.6920
vn -0.0629 0.7229 0.6881
vn -0.2121 -0.7024 0.6795
vn -0.3447 -0.6358 0.6906
vn -0.4302 -0.5792 0.6925
vn -0.5322 -0.5002 0.6830
vn -0.5784 -0.4149 0.7024
vn -0.6589 -0.3277 0.6771
vn -0.7115 -0.1581 0.6847
vn -0.7184 -0.0416 0.6943
vn -0.7227 0.0620 0.6884
vn -0.1862 0.7011 0.6883
vn -0.3102 0.6578 0.6863
vn -0.4538 0.5772 0.6789
vn -0.7000 0.2348 0.6744
vn -0.5981 0.4316 0.6752
vt 0.592964 0.024580
vt 0.600130 0.007512
vt 0.603798 0.005871
vt 0.591602 0.033658
vt 0.591613 0.043420
vt 0.591506 0.395345
vt 0.609176 0.004421
vt 0.875992 0.004421
vt 0.591488 0.404159
vt 0.591945 0.411314
vt 0.593131 0.418311
vt 0.594886 0.423908
vt 0.597531 0.428824
vt 0.601533 0.433076
vt 0.603559 0.433837
vt 0.876138 0.434727
vt 0.879660 0.005932
vt 0.882884 0.009505
vt 0.886086 0.014606
vt 0.888087 0.018820
vt 0.889643 0.023951
vt 0.891422 0.030365
vt 0.892237 0.036412
vt 0.892550 0.043092
vt 0.892550 0.394690
vt 0.879701 0.433451
vt 0.882321 0.431523
vt 0.885675 0.427004
vt 0.887666 0.421790
vt 0.891859 0.404603
vt 0.890182 0.414793
vt 0.065093 0.453720
vt 0.057206 0.476379
vt 0.069130 0.448560
vt 0.055706 0.485410
vt 0.055219 0.494440
vt 0.055220 0.952485
vt 0.075049 0.445904
vt 0.422889 0.445904
vt 0.056012 0.961260
vt 0.057644 0.971960
vt 0.060091 0.981066
vt 0.063680 0.989029
vt 0.066942 0.993353
vt 0.071347 0.997449
vt 0.075751 0.999149
vt 0.423050 0.999149
vt 0.426926 0.447784
vt 0.430474 0.452231
vt 0.433999 0.458579
vt 0.436201 0.463825
vt 0.437914 0.470210
vt 0.439871 0.478192
vt 0.440769 0.485718
vt 0.441113 0.494032
vt 0.441113 0.951669
vt 0.426972 0.997226
vt 0.429855 0.994323
vt 0.433546 0.988195
vt 0.435738 0.982712
vt 0.440352 0.964006
vt 0.438507 0.974004
vt 0.150064 0.020973
vt 0.150064 0.036998
vt 0.146675 0.036998
vt 0.146675 0.020973
vt 0.142542 0.020973
vt 0.142542 0.036998
vt 0.345122 0.036998
vt 0.345122 0.020973
vt 0.346747 0.036998
vt 0.346747 0.020973
vt 0.342737 0.020973
vt 0.342737 0.036998
vt 0.340570 0.036998
vt 0.340570 0.020973
vt 0.337643 0.020973
vt 0.337643 0.036998
vt 0.334717 0.020973
vt 0.334717 0.036998
vt 0.144041 0.020973
vt 0.144041 0.036998
vt 0.329611 0.036998
vt 0.329611 0.020973
vt 0.333099 0.036998
vt 0.333099 0.020973
vt 0.336587 0.020973
vt 0.336587 0.036998
vt 0.136196 0.020973
vt 0.136196 0.036998
vt 0.134701 0.036998
vt 0.134701 0.020973
vt 0.141282 0.020973
vt 0.141282 0.036998
vt 0.138600 0.036998
vt 0.138600 0.020973
vt 0.145215 0.020973
vt 0.145215 0.036998
vt 0.336250 0.020973
vt 0.336250 0.036998
vt 0.141436 0.036998
vt 0.141436 0.020973
vt 0.139520 0.036998
vt 0.139520 0.020973
vt 0.137068 0.036998
vt 0.137068 0.020973
vt 0.133772 0.036998
vt 0.133772 0.020973
vt 0.135612 0.020973
vt 0.135612 0.036998
vt 0.334784 0.036998
vt 0.334784 0.020973
vt 0.338646 0.020973
vt 0.338646 0.036998
vt 0.330019 0.036998
vt 0.330019 0.020973
vt 0.150630 0.036998
vt 0.150630 0.020973
vt 0.147419 0.020973
vt 0.147419 0.036998
vt 0.144512 0.036998
vt 0.144512 0.020973
vt 0.346232 0.036998
vt 0.346232 0.020973
vt 0.347533 0.020973
vt 0.347533 0.036998
vt 0.345094 0.036998
vt 0.345094 0.020973
vt 0.343631 0.036998
vt 0.343631 0.020973
vt 0.341289 0.036998
vt 0.341289 0.020973
vt 0.338932 0.036998
vt 0.338932 0.020973
s 1
usemtl kriz_sk
f 4994/2796/1822 5024/2797/1823 5026/2798/1824
f 5032/2799/1825 4994/2796/1822 5026/2798/1824
f 4995/2800/1826 5032/2799/1825 5026/2798/1824
f 4996/2801/1827 4995/2800/1826 5026/2798/1824
f 4996/2801/1827 5026/2798/1824 5021/2802/1828
f 4996/2801/1827 5021/2802/1828 4997/2803/1829
f 4998/2804/1830 4996/2801/1827 4997/2803/1829
f 4999/2805/1831 4998/2804/1830 4997/2803/1829
f 5000/2806/1832 4999/2805/1831 4997/2803/1829
f 5042/2807/1833 5000/2806/1832 4997/2803/1829
f 5041/2808/1834 5042/2807/1833 4997/2803/1829
f 5038/2809/1835 5041/2808/1834 4997/2803/1829
f 5037/2810/1836 5038/2809/1835 4997/2803/1829
f 5035/2811/1837 5037/2810/1836 4997/2803/1829
f 5035/2811/1837 4997/2803/1829 5002/2812/1838
f 5035/2811/1837 5002/2812/1838 5003/2813/1839
f 5035/2811/1837 5003/2813/1839 5005/2814/1840
f 5035/2811/1837 5005/2814/1840 5007/2815/1841
f 5035/2811/1837 5007/2815/1841 5008/2816/1842
f 5035/2811/1837 5008/2816/1842 5006/2817/1843
f 5035/2811/1837 5006/2817/1843 5011/2818/1844
f 5035/2811/1837 5011/2818/1844 5013/2819/1845
f 5035/2811/1837 5013/2819/1845 5014/2820/1846
f 5020/2821/1847 5035/2811/1837 5014/2820/1846
f 5015/2822/1848 5020/2821/1847 5014/2820/1846
f 5016/2823/1849 5015/2822/1848 5014/2820/1846
f 5016/2824/1849 5014/2820/1846 5017/2825/1850
f 5018/2826/1851 5016/2824/1849 5017/2825/1850
f 5027/2827/1852 5029/2828/1853 5019/2829/1854
f 5029/2828/1853 5031/2830/1855 5019/2829/1854
f 5031/2830/1855 5033/2831/1856 5019/2829/1854
f 5033/2831/1856 5047/2832/1857 5019/2829/1854
f 5019/2829/1854 5047/2832/1857 5022/2833/1858
f 5022/2833/1858 5047/2832/1857 5023/2834/1859
f 5047/2832/1857 5025/2835/1860 5023/2834/1859
f 5025/2835/1860 5044/2836/1861 5023/2834/1859
f 5044/2836/1861 5045/2837/1862 5023/2834/1859
f 5045/2837/1862 5028/2838/1863 5023/2834/1859
f 5028/2838/1863 5030/2839/1864 5023/2834/1859
f 5030/2839/1864 5039/2840/1865 5023/2834/1859
f 5039/2840/1865 5034/2841/1866 5023/2834/1859
f 5034/2841/1866 5036/2842/1867 5023/2834/1859
f 5023/2834/1859 5036/2842/1867 5001/2843/1868
f 5001/2843/1868 5036/2842/1867 5040/2844/1869
f 5040/2844/1869 5036/2842/1867 5043/2845/1870
f 5043/2845/1870 5036/2842/1867 5004/2846/1871
f 5004/2846/1871 5036/2842/1867 5046/2847/1872
f 5046/2847/1872 5036/2842/1867 5009/2848/1873
f 5009/2848/1873 5036/2842/1867 5010/2849/1874
f 5010/2849/1874 5036/2842/1867 5012/2850/1875
f 5012/2850/1875 5036/2842/1867 5049/2851/1876
f 5036/2842/1867 5051/2852/1877 5049/2851/1876
f 5051/2852/1877 5053/2853/1878 5049/2851/1876
f 5053/2853/1878 5052/2854/1879 5049/2851/1876
f 5049/2851/1876 5052/2855/1879 5050/2856/1880
f 5052/2855/1879 5048/2857/1881 5050/2856/1880
f 5047/2858/1857 4996/2859/1827 4998/2860/1830
f 5047/2858/1857 4998/2860/1830 5025/2861/1860
f 5044/2862/1861 5025/2861/1860 4998/2860/1830
f 5044/2862/1861 4998/2860/1830 4999/2863/1831
f 5000/2864/1832 5045/2865/1862 4999/2866/1831
f 4999/2866/1831 5045/2865/1862 5044/2867/1861
f 5028/2868/1863 5045/2865/1862 5042/2869/1833
f 5042/2869/1833 5045/2865/1862 5000/2864/1832
f 5028/2868/1863 5042/2869/1833 5041/2870/1834
f 5028/2868/1863 5041/2870/1834 5030/2871/1864
f 5039/2872/1865 5030/2871/1864 5038/2873/1835
f 5038/2873/1835 5030/2871/1864 5041/2870/1834
f 5034/2874/1866 5039/2872/1865 5037/2875/1836
f 5037/2875/1836 5039/2872/1865 5038/2873/1835
f 5036/2876/1867 5034/2874/1866 5035/2877/1837
f 5035/2877/1837 5034/2874/1866 5037/2875/1836
f 4996/2859/1827 5047/2858/1857 4995/2878/1826
f 4995/2878/1826 5047/2858/1857 5033/2879/1856
f 4995/2878/1826 5033/2879/1856 5032/2880/1825
f 5032/2880/1825 5033/2879/1856 5031/2881/1855
f 5029/2882/1853 4994/2883/1822 5032/2880/1825
f 5029/2882/1853 5032/2880/1825 5031/2881/1855
f 5027/2884/1852 5024/2885/1823 4994/2886/1822
f 5027/2884/1852 4994/2886/1822 5029/2887/1853
f 5019/2888/1854 5026/2889/1824 5024/2890/1823
f 5019/2888/1854 5024/2890/1823 5027/2891/1852
f 5022/2892/1858 5021/2893/1828 5026/2889/1824
f 5022/2892/1858 5026/2889/1824 5019/2888/1854
f 5023/2894/1859 4997/2895/1829 5021/2893/1828
f 5023/2894/1859 5021/2893/1828 5022/2892/1858
f 5036/2876/1867 5035/2877/1837 5020/2896/1847
f 5036/2876/1867 5020/2896/1847 5051/2897/1877
f 5015/2898/1848 5053/2899/1878 5051/2897/1877
f 5015/2898/1848 5051/2897/1877 5020/2896/1847
f 5016/2900/1849 5052/2901/1879 5053/2899/1878
f 5016/2900/1849 5053/2899/1878 5015/2898/1848
f 5018/2902/1851 5048/2903/1881 5052/2904/1879
f 5018/2902/1851 5052/2904/1879 5016/2905/1849
f 5017/2906/1850 5050/2907/1880 5048/2908/1881
f 5017/2906/1850 5048/2908/1881 5018/2909/1851
f 5014/2910/1846 5049/2911/1876 5050/2907/1880
f 5014/2910/1846 5050/2907/1880 5017/2906/1850
f 5013/2912/1845 5012/2913/1875 5049/2911/1876
f 5013/2912/1845 5049/2911/1876 5014/2910/1846
f 5012/2913/1875 5013/2912/1845 5010/2914/1874
f 5010/2914/1874 5013/2912/1845 5011/2915/1844
f 5006/2916/1843 5009/2917/1873 5010/2914/1874
f 5006/2916/1843 5010/2914/1874 5011/2915/1844
f 5008/2918/1842 5046/2919/1872 5009/2920/1873
f 5008/2918/1842 5009/2920/1873 5006/2921/1843
f 5007/2922/1841 5004/2923/1871 5046/2919/1872
f 5007/2922/1841 5046/2919/1872 5008/2918/1842
f 5005/2924/1840 5043/2925/1870 5004/2923/1871
f 5005/2924/1840 5004/2923/1871 5007/2922/1841
f 5003/2926/1839 5040/2927/1869 5043/2925/1870
f 5003/2926/1839 5043/2925/1870 5005/2924/1840
f 5002/2928/1838 5001/2929/1868 5040/2927/1869
f 5002/2928/1838 5040/2927/1869 5003/2926/1839
f 4997/2895/1829 5023/2894/1859 5001/2929/1868
f 4997/2895/1829 5001/2929/1868 5002/2928/1838
o pruhy
v -0.033275 0.251075 -0.000000
v -0.030742 0.997948 0.012734
v -0.033275 0.997948 -0.000000
v 0.033275 0.251075 -0.000000
v -0.030742 0.251075 0.012734
v 0.033275 0.997948 -0.000000
v 0.030742 0.251075 0.012734
v -0.023529 0.997948 0.023529
v 0.030742 0.997948 0.012734
v 0.023529 0.251075 0.023529
v -0.023529 0.251075 0.023529
v 0.023529 0.997948 0.023529
v 0.012734 0.251075 0.030742
v -0.012734 0.997948 0.030742
v 0.012734 0.997948 0.030742
v 0.000000 0.251075 0.033275
v -0.012734 0.251075 0.030742
v 0.000000 0.997948 0.033275
vn -0.9808 -0.0000 0.1951
vn -0.9239 -0.0000 0.3827
vn -0.7071 -0.0000 0.7071
vn -0.3827 -0.0000 0.9239
vn -0.0000 -0.0000 1.0000
vn 0.3827 -0.0000 0.9239
vn 0.7071 -0.0000 0.7071
vn 0.9239 -0.0000 0.3827
vn 0.9808 -0.0000 0.1951
vt 0.025827 0.002584
vt 0.143287 0.995393
vt 0.025827 0.995393
vt 0.143287 0.002584
vt 0.260597 0.995393
vt 0.260597 0.002584
vt 0.377773 0.995393
vt 0.377773 0.002584
vt 0.495058 0.995393
vt 0.495058 0.002584
vt 0.612832 0.995393
vt 0.612832 0.002584
vt 0.731409 0.995393
vt 0.731409 0.002584
vt 0.850841 0.995393
vt 0.850841 0.002584
vt 0.970827 0.995393
vt 0.970827 0.002584
s 1
usemtl stozar_pruhy
f 5054/2930/1882 5055/2931/1883 5056/2932/1882
f 5054/2930/1882 5058/2933/1883 5055/2931/1883
f 5058/2933/1883 5061/2934/1884 5055/2931/1883
f 5058/2933/1883 5064/2935/1884 5061/2934/1884
f 5064/2935/1884 5067/2936/1885 5061/2934/1884
f 5064/2935/1884 5070/2937/1885 5067/2936/1885
f 5070/2937/1885 5071/2938/1886 5067/2936/1885
f 5070/2937/1885 5069/2939/1886 5071/2938/1886
f 5069/2939/1886 5068/2940/1887 5071/2938/1886
f 5069/2939/1886 5066/2941/1887 5068/2940/1887
f 5066/2941/1887 5065/2942/1888 5068/2940/1887
f 5066/2941/1887 5063/2943/1888 5065/2942/1888
f 5063/2943/1888 5062/2944/1889 5065/2942/1888
f 5063/2943/1888 5060/2945/1889 5062/2944/1889
f 5060/2945/1889 5059/2946/1890 5062/2944/1889
f 5060/2945/1889 5057/2947/1890 5059/2946/1890
o sloup_srouby
v 0.048388 1.151339 -0.024056
v 0.048388 1.151339 0.024344
v 0.042338 1.151339 -0.024056
v 0.042338 1.151339 0.024344
v 0.039313 1.156578 -0.024056
v 0.039313 1.156578 0.024344
v 0.042338 1.161817 -0.024056
v 0.048388 1.161817 0.024344
v 0.042338 1.161817 0.024344
v 0.048388 1.161817 -0.024056
v 0.048388 1.161817 -0.024056
v 0.051413 1.156578 0.024344
v 0.048388 1.161817 0.024344
v 0.051413 1.156578 -0.024056
v 0.051413 1.156578 -0.024056
v 0.048388 1.151339 -0.024056
v 0.042338 1.151339 -0.024056
v 0.042338 1.161817 -0.024056
v 0.039313 1.156578 -0.024056
v 0.048388 1.161817 -0.024056
v -0.042362 1.151339 -0.024056
v -0.042362 1.151339 0.024344
v -0.048412 1.151339 -0.024056
v -0.048412 1.151339 0.024344
v -0.051437 1.156578 -0.024056
v -0.051437 1.156578 0.024344
v -0.048412 1.161817 -0.024056
v -0.042362 1.161817 0.024344
v -0.048412 1.161817 0.024344
v -0.042362 1.161817 -0.024056
v -0.042362 1.161817 -0.024056
v -0.039337 1.156578 0.024344
v -0.042362 1.161817 0.024344
v -0.039337 1.156578 -0.024056
v -0.039337 1.156578 -0.024056
v -0.042362 1.151339 -0.024056
v -0.048412 1.151339 -0.024056
v -0.048412 1.161817 -0.024056
v -0.051437 1.156578 -0.024056
v -0.042362 1.161817 -0.024056
v 0.048388 1.121157 -0.024056
v 0.048388 1.121157 0.024344
v 0.042338 1.121157 -0.024056
v 0.042338 1.121157 0.024344
v 0.039313 1.126397 -0.024056
v 0.039313 1.126397 0.024344
v 0.042338 1.131636 -0.024056
v 0.048388 1.131636 0.024344
v 0.042338 1.131636 0.024344
v 0.048388 1.131636 -0.024056
v 0.048388 1.131636 -0.024056
v 0.051413 1.126397 0.024344
v 0.048388 1.131636 0.024344
v 0.051413 1.126397 -0.024056
v 0.051413 1.126397 -0.024056
v 0.048388 1.121157 -0.024056
v 0.042338 1.121157 -0.024056
v 0.042338 1.131636 -0.024056
v 0.039313 1.126397 -0.024056
v 0.048388 1.131636 -0.024056
v -0.042362 1.121157 -0.024056
v -0.042362 1.121157 0.024344
v -0.048412 1.121157 -0.024056
v -0.048412 1.121157 0.024344
v -0.051437 1.126397 -0.024056
v -0.051437 1.126397 0.024344
v -0.048412 1.131636 -0.024056
v -0.042362 1.131636 0.024344
v -0.048412 1.131636 0.024344
v -0.042362 1.131636 -0.024056
v -0.042362 1.131636 -0.024056
v -0.039337 1.126397 0.024344
v -0.042362 1.131636 0.024344
v -0.039337 1.126397 -0.024056
v -0.039337 1.126397 -0.024056
v -0.042362 1.121157 -0.024056
v -0.048412 1.121157 -0.024056
v -0.048412 1.131636 -0.024056
v -0.051437 1.126397 -0.024056
v -0.042362 1.131636 -0.024056
v 0.048388 1.151339 0.024344
v 0.042338 1.151339 0.024344
v 0.039313 1.156578 0.024344
v 0.042338 1.161817 0.024344
v 0.048388 1.161817 0.024344
v 0.051413 1.156578 0.024344
v -0.042362 1.151339 0.024344
v -0.048412 1.151339 0.024344
v -0.051437 1.156578 0.024344
v -0.048412 1.161817 0.024344
v -0.042362 1.161817 0.024344
v -0.039337 1.156578 0.024344
v 0.048388 1.121157 0.024344
v 0.042338 1.121157 0.024344
v 0.039313 1.126397 0.024344
v 0.042338 1.131636 0.024344
v 0.048388 1.131636 0.024344
v 0.051413 1.126397 0.024344
v -0.042362 1.121157 0.024344
v -0.048412 1.121157 0.024344
v -0.051437 1.126397 0.024344
v -0.048412 1.131636 0.024344
v -0.042362 1.131636 0.024344
v -0.039337 1.126397 0.024344
vn -0.0000 -0.0000 -1.0000
vn 1.0000 -0.0000 -0.0000
vn 0.8660 0.5000 -0.0000
vn -0.0000 1.0000 -0.0000
vn -0.5000 0.8660 -0.0000
vn -1.0000 -0.0000 -0.0000
vn -0.5000 -0.8660 -0.0000
vn 0.5000 -0.8660 -0.0000
vn -0.0000 -0.0000 1.0000
vt 0.293599 0.220603
vt 0.290569 0.336304
vt 0.288549 0.413438
vt 0.292589 0.259170
vt 0.294609 0.182036
vt 0.296628 0.104902
vt 0.067199 0.435094
vt 0.531561 0.370066
vt 0.529541 0.447201
vt 0.069219 0.357960
vt 0.057100 0.820764
vt 0.521462 0.755737
vt 0.519442 0.832871
vt 0.059120 0.743630
vt 0.523482 0.678603
vt 0.061140 0.666496
vt 0.525502 0.601469
vt 0.063160 0.589362
vt 0.527522 0.524335
vt 0.065180 0.512228
vt 0.526512 0.562902
vt 0.755941 0.232710
vt 0.748871 0.502679
vt 0.750891 0.425545
vt 0.752911 0.348411
vt 0.754931 0.271277
vt 0.756951 0.194143
s 1
usemtl zadek_b
f 5151/2948/1891 5150/2949/1891 5149/2950/1891
f 5151/2948/1891 5148/2951/1891 5150/2949/1891
f 5151/2948/1891 5147/2952/1891 5148/2951/1891
f 5151/2948/1891 5146/2953/1891 5147/2952/1891
f 5145/2954/1892 5144/2955/1893 5143/2956/1892
f 5145/2954/1892 5142/2957/1893 5144/2955/1893
f 5141/2958/1894 5140/2959/1895 5139/2960/1894
f 5141/2958/1894 5138/2961/1895 5140/2959/1895
f 5138/2961/1895 5137/2962/1896 5140/2959/1895
f 5138/2961/1895 5136/2963/1896 5137/2962/1896
f 5136/2963/1896 5135/2964/1897 5137/2962/1896
f 5136/2963/1896 5134/2965/1897 5135/2964/1897
f 5134/2965/1897 5133/2966/1898 5135/2964/1897
f 5134/2965/1897 5132/2967/1898 5133/2966/1898
f 5132/2967/1898 5143/2956/1892 5133/2966/1898
f 5132/2967/1898 5145/2954/1892 5143/2956/1892
f 5131/2948/1891 5130/2949/1891 5129/2950/1891
f 5131/2948/1891 5128/2951/1891 5130/2949/1891
f 5131/2948/1891 5127/2952/1891 5128/2951/1891
f 5131/2948/1891 5126/2953/1891 5127/2952/1891
f 5125/2954/1892 5124/2955/1893 5123/2956/1892
f 5125/2954/1892 5122/2957/1893 5124/2955/1893
f 5121/2958/1894 5120/2959/1895 5119/2960/1894
f 5121/2958/1894 5118/2961/1895 5120/2959/1895
f 5118/2961/1895 5117/2962/1896 5120/2959/1895
f 5118/2961/1895 5116/2963/1896 5117/2962/1896
f 5116/2963/1896 5115/2964/1897 5117/2962/1896
f 5116/2963/1896 5114/2965/1897 5115/2964/1897
f 5114/2965/1897 5113/2966/1898 5115/2964/1897
f 5114/2965/1897 5112/2967/1898 5113/2966/1898
f 5112/2967/1898 5123/2956/1892 5113/2966/1898
f 5112/2967/1898 5125/2954/1892 5123/2956/1892
f 5111/2948/1891 5110/2949/1891 5109/2950/1891
f 5111/2948/1891 5108/2951/1891 5110/2949/1891
f 5111/2948/1891 5107/2952/1891 5108/2951/1891
f 5111/2948/1891 5106/2953/1891 5107/2952/1891
f 5105/2954/1892 5104/2955/1893 5103/2956/1892
f 5105/2954/1892 5102/2957/1893 5104/2955/1893
f 5101/2958/1894 5100/2959/1895 5099/2960/1894
f 5101/2958/1894 5098/2961/1895 5100/2959/1895
f 5098/2961/1895 5097/2962/1896 5100/2959/1895
f 5098/2961/1895 5096/2963/1896 5097/2962/1896
f 5096/2963/1896 5095/2964/1897 5097/2962/1896
f 5096/2963/1896 5094/2965/1897 5095/2964/1897
f 5094/2965/1897 5093/2966/1898 5095/2964/1897
f 5094/2965/1897 5092/2967/1898 5093/2966/1898
f 5092/2967/1898 5103/2956/1892 5093/2966/1898
f 5092/2967/1898 5105/2954/1892 5103/2956/1892
f 5091/2948/1891 5090/2949/1891 5089/2950/1891
f 5091/2948/1891 5088/2951/1891 5090/2949/1891
f 5091/2948/1891 5087/2952/1891 5088/2951/1891
f 5091/2948/1891 5086/2953/1891 5087/2952/1891
f 5085/2954/1892 5084/2955/1893 5083/2956/1892
f 5085/2954/1892 5082/2957/1893 5084/2955/1893
f 5081/2958/1894 5080/2959/1895 5079/2960/1894
f 5081/2958/1894 5078/2961/1895 5080/2959/1895
f 5078/2961/1895 5077/2962/1896 5080/2959/1895
f 5078/2961/1895 5076/2963/1896 5077/2962/1896
f 5076/2963/1896 5075/2964/1897 5077/2962/1896
f 5076/2963/1896 5074/2965/1897 5075/2964/1897
f 5074/2965/1897 5073/2966/1898 5075/2964/1897
f 5074/2965/1897 5072/2967/1898 5073/2966/1898
f 5072/2967/1898 5083/2956/1892 5073/2966/1898
f 5072/2967/1898 5085/2954/1892 5083/2956/1892
f 5175/2968/1899 5174/2960/1899 5173/2959/1899
f 5175/2968/1899 5173/2959/1899 5172/2962/1899
f 5175/2968/1899 5172/2962/1899 5171/2964/1899
f 5175/2968/1899 5171/2964/1899 5170/2966/1899
f 5169/2969/1899 5168/2970/1899 5167/2971/1899
f 5169/2969/1899 5167/2971/1899 5166/2972/1899
f 5169/2969/1899 5166/2972/1899 5165/2973/1899
f 5169/2969/1899 5165/2973/1899 5164/2974/1899
f 5163/2968/1899 5162/2960/1899 5161/2959/1899
f 5163/2968/1899 5161/2959/1899 5160/2962/1899
f 5163/2968/1899 5160/2962/1899 5159/2964/1899
f 5163/2968/1899 5159/2964/1899 5158/2966/1899
f 5157/2969/1899 5156/2970/1899 5155/2971/1899
f 5157/2969/1899 5155/2971/1899 5154/2972/1899
f 5157/2969/1899 5154/2972/1899 5153/2973/1899
f 5157/2969/1899 5153/2973/1899 5152/2974/1899
o svetlo_stinidlo_short_50
v -0.065505 1.232339 0.365431
v -0.073390 1.251856 0.411447
v -0.073390 1.251856 0.365431
v 0.062862 1.233851 0.365431
v -0.065505 1.232339 0.381393
v 0.062862 1.233851 0.383727
v -0.065505 1.232339 0.381393
v -0.070455 1.252588 0.412571
v -0.073390 1.251856 0.411447
v 0.065481 1.232339 0.381393
v -0.062885 1.233851 0.383727
v 0.065481 1.232339 0.365431
v -0.062885 1.233851 0.383727
v -0.070455 1.252588 0.365431
v -0.070455 1.252588 0.412571
v 0.064171 1.233095 0.376795
v -0.062885 1.233851 0.365431
v -0.062885 1.233851 0.365431
v -0.062885 1.233851 0.365431
v -0.073390 1.251856 0.365431
v -0.070455 1.252588 0.365431
v -0.062885 1.233851 0.383727
v -0.065505 1.232339 0.365431
v -0.065505 1.232339 0.365431
v -0.065505 1.232339 0.381393
v -0.075591 1.272790 0.443715
v -0.075591 1.272790 0.365431
v -0.064195 1.233095 0.376795
v 0.062862 1.233851 0.365431
v 0.065481 1.232339 0.365431
v 0.062862 1.233851 0.383727
v -0.072568 1.272685 0.443576
v -0.075591 1.272790 0.443715
v 0.062862 1.233851 0.365431
v 0.065481 1.232339 0.381393
v 0.062862 1.233851 0.383727
v 0.065481 1.232339 0.365431
v -0.072568 1.272685 0.365431
v -0.072568 1.272685 0.443576
v 0.065481 1.232339 0.381393
v 0.070431 1.252588 0.365431
v 0.073367 1.251856 0.365431
v 0.070431 1.252588 0.412571
v -0.075591 1.272790 0.365431
v -0.072568 1.272685 0.365431
v 0.070431 1.252588 0.365431
v 0.073367 1.251856 0.411447
v 0.070431 1.252588 0.412571
v 0.073367 1.251856 0.365431
v -0.071935 1.293521 0.475652
v -0.071935 1.293521 0.365431
v 0.073367 1.251856 0.411447
v 0.072544 1.272685 0.365431
v 0.075567 1.272790 0.365431
v 0.072544 1.272685 0.443576
v -0.069059 1.292586 0.474189
v -0.071935 1.293521 0.475652
v 0.072544 1.272685 0.365431
v 0.075567 1.272790 0.443715
v 0.072544 1.272685 0.443576
v 0.075567 1.272790 0.365431
v -0.069059 1.292586 0.365431
v -0.069059 1.292586 0.474189
v 0.075567 1.272790 0.443715
v 0.069035 1.292586 0.365431
v 0.071912 1.293521 0.365431
v 0.069035 1.292586 0.474189
v -0.071935 1.293521 0.365431
v -0.069059 1.292586 0.365431
v 0.069035 1.292586 0.365431
v 0.071912 1.293521 0.475652
v 0.069035 1.292586 0.474189
v 0.071912 1.293521 0.365431
v -0.062708 1.312440 0.504781
v -0.062708 1.312440 0.365431
v 0.071912 1.293521 0.475652
v 0.060176 1.310749 0.365431
v 0.062684 1.312440 0.365431
v 0.060176 1.310749 0.502195
v -0.060200 1.310749 0.502195
v -0.062708 1.312440 0.504781
v 0.060176 1.310749 0.365431
v 0.062684 1.312440 0.504781
v 0.060176 1.310749 0.502195
v 0.062684 1.312440 0.365431
v -0.060200 1.310749 0.365431
v -0.060200 1.310749 0.502195
v 0.062684 1.312440 0.504781
v 0.046654 1.325766 0.365431
v 0.048599 1.328084 0.365431
v 0.046654 1.325766 0.525268
v -0.062708 1.312440 0.365431
v -0.060200 1.310749 0.365431
v 0.046654 1.325766 0.365431
v 0.048599 1.328084 0.528809
v 0.046654 1.325766 0.525268
v 0.048599 1.328084 0.365431
v -0.048623 1.328084 0.528809
v -0.048623 1.328084 0.365431
v 0.048599 1.328084 0.528809
v 0.029517 1.336475 0.365431
v 0.030748 1.339238 0.365431
v 0.029517 1.336475 0.541791
v -0.046678 1.325766 0.525268
v -0.048623 1.328084 0.528809
v 0.029517 1.336475 0.365431
v 0.030748 1.339238 0.544538
v 0.029517 1.336475 0.541791
v 0.030748 1.339238 0.365431
v -0.046678 1.325766 0.365431
v -0.046678 1.325766 0.525268
v 0.030748 1.339238 0.544538
v 0.010092 1.342045 0.365431
v 0.010513 1.345040 0.365431
v 0.010092 1.342045 0.546222
v -0.048623 1.328084 0.365431
v -0.046678 1.325766 0.365431
v 0.010092 1.342045 0.365431
v 0.010513 1.345040 0.546931
v 0.010092 1.342045 0.546222
v 0.010513 1.345040 0.365431
v -0.030771 1.339238 0.544538
v -0.030771 1.339238 0.365431
v 0.010513 1.345040 0.546931
v -0.010116 1.342045 0.365431
v -0.010537 1.345040 0.365431
v -0.010116 1.342045 0.546221
v -0.029541 1.336475 0.541791
v -0.030771 1.339238 0.544538
v -0.010116 1.342045 0.365431
v -0.010537 1.345040 0.546931
v -0.010116 1.342045 0.546221
v -0.010537 1.345040 0.365431
v -0.029541 1.336475 0.365431
v -0.029541 1.336475 0.541791
v -0.010537 1.345040 0.546931
v -0.029541 1.336475 0.365431
v -0.030771 1.339238 0.365431
vn -0.9272 -0.3746 -0.0000
vn -0.9875 -0.1575 -0.0000
vn -0.9703 -0.2419 -0.0000
vn -0.0009 -0.8387 0.5446
vn 0.0007 -0.8389 0.5443
vn 0.0006 -0.8388 0.5444
vn -0.0006 -0.8387 0.5447
vn 0.9272 0.3746 -0.0000
vn 0.9703 0.2419 -0.0000
vn 0.9875 0.1575 -0.0000
vn -0.0000 -0.0000 -1.0000
vn -0.9924 0.1231 -0.0000
vn -0.9994 0.0349 -0.0000
vn -0.0040 -0.8386 0.5447
vn -0.0039 -0.8386 0.5447
vn 0.9994 -0.0349 -0.0000
vn 0.9924 -0.1231 -0.0000
vn -0.9204 0.3909 -0.0000
vn -0.9511 0.3090 -0.0000
vn 0.0036 -0.8392 0.5439
vn 0.0035 -0.8393 0.5437
vn 0.9511 -0.3090 -0.0000
vn 0.9204 -0.3909 -0.0000
vn -0.7801 0.6257 -0.0000
vn -0.8291 0.5592 -0.0000
vn -0.0023 -0.8381 0.5456
vn -0.0021 -0.8378 0.5459
vn 0.8290 -0.5592 -0.0000
vn 0.7800 -0.6258 -0.0000
vn -0.5864 0.8100 -0.0000
vn -0.6428 0.7660 -0.0000
vn -0.0028 -0.8374 0.5466
vn -0.0100 -0.8328 0.5535
vn 0.6428 -0.7660 -0.0000
vn 0.5857 -0.8106 -0.0000
vn -0.3693 0.9293 -0.0000
vn -0.4067 0.9136 -0.0000
vn -0.0577 -0.7237 0.6877
vn -0.0387 -0.6919 0.7210
vn 0.4067 -0.9135 -0.0000
vn 0.3630 -0.9318 -0.0000
vn -0.1340 0.9910 -0.0000
vn -0.1392 0.9903 -0.0000
vn -0.0194 -0.2617 0.9650
vn -0.0233 -0.2337 0.9720
vn 0.1392 -0.9903 -0.0000
vn 0.1289 -0.9917 -0.0000
vn 0.1340 0.9910 -0.0000
vn 0.1392 0.9903 -0.0000
vn 0.0749 -0.2397 0.9680
vn 0.0574 -0.2706 0.9610
vn -0.1392 -0.9903 -0.0000
vn -0.1289 -0.9917 -0.0000
vn 0.3693 0.9293 -0.0000
vn 0.4067 0.9136 -0.0000
vn 0.0667 -0.7031 0.7079
vn -0.0035 -0.7128 0.7013
vn -0.4067 -0.9135 -0.0000
vn -0.3630 -0.9318 -0.0000
vn 0.5865 0.8100 -0.0000
vn 0.6428 0.7660 -0.0000
vn -0.0001 -0.8322 0.5545
vn -0.0177 -0.8321 0.5543
vn -0.6428 -0.7660 -0.0000
vn -0.5856 -0.8106 -0.0000
vn 0.7801 0.6257 -0.0000
vn 0.8290 0.5592 -0.0000
vn 0.0029 -0.8382 0.5454
vn 0.0019 -0.8379 0.5458
vn -0.8290 -0.5592 -0.0000
vn -0.7800 -0.6258 -0.0000
vn 0.9204 0.3909 -0.0000
vn 0.9511 0.3090 -0.0000
vn -0.0040 -0.8388 0.5444
vn -0.0038 -0.8390 0.5442
vn -0.9511 -0.3090 -0.0000
vn -0.9204 -0.3909 -0.0000
vn 0.9924 0.1231 -0.0000
vn 0.9994 0.0349 -0.0000
vn 0.0039 -0.8389 0.5442
vn 0.0040 -0.8389 0.5443
vn -0.9994 -0.0349 -0.0000
vn -0.9924 -0.1231 -0.0000
vn 0.9875 -0.1575 -0.0000
vn 0.9703 -0.2419 -0.0000
vn -0.0005 -0.8388 0.5445
vn -0.0006 -0.8387 0.5446
vn -0.9703 0.2419 -0.0000
vn -0.9875 0.1575 -0.0000
vn 0.9272 -0.3746 -0.0000
vn 0.0009 -0.8388 0.5445
vn -0.9272 0.3746 -0.0000
vn 0.4999 -0.8661 -0.0000
vn 0.4998 -0.8661 -0.0000
vn -0.5000 -0.8660 -0.0000
vn -0.4999 -0.8661 -0.0000
vt 0.983850 0.028865
vt 0.902675 0.980294
vt 0.902675 0.028865
vt 0.983850 0.980294
vt 0.899631 0.980294
vt 0.977559 0.980294
vt 0.899632 0.028865
vt 0.977559 0.028865
vt 0.815605 0.980294
vt 0.815605 0.028865
vt 0.816044 0.980294
vt 0.816044 0.028865
vt 0.729386 0.980294
vt 0.729386 0.028865
vt 0.733274 0.980294
vt 0.733274 0.028865
vt 0.650697 0.980294
vt 0.650697 0.028865
vt 0.657732 0.980294
vt 0.657732 0.028865
vt 0.585635 0.980294
vt 0.585635 0.028865
vt 0.595272 0.980294
vt 0.595273 0.028865
vt 0.539240 0.980294
vt 0.539241 0.028865
vt 0.550734 0.980294
vt 0.550734 0.028865
vt 0.515109 0.980294
vt 0.515109 0.028865
vt 0.527567 0.980294
vt 0.527568 0.028865
vt 0.980704 0.504580
s 1
usemtl cerna_ksilt.001
f 5176/2975/1900 5177/2976/1901 5178/2977/1902
f 5176/2975/1900 5180/2978/1900 5177/2976/1901
f 5182/2978/1903 5183/2979/1904 5184/2976/1905
f 5182/2978/1903 5186/2980/1906 5183/2979/1904
f 5188/2980/1907 5189/2981/1908 5190/2979/1909
f 5188/2980/1907 5192/2982/1907 5189/2981/1908
f 5194/2982/1910 5195/2977/1910 5196/2981/1910
f 5194/2982/1910 5198/2975/1910 5195/2977/1910
f 5178/2977/1902 5201/2983/1911 5202/2984/1912
f 5178/2977/1902 5177/2976/1901 5201/2983/1911
f 5184/2976/1905 5207/2985/1913 5208/2983/1914
f 5184/2976/1905 5183/2979/1904 5207/2985/1913
f 5190/2979/1909 5213/2986/1915 5214/2985/1916
f 5190/2979/1909 5189/2981/1908 5213/2986/1915
f 5196/2981/1910 5219/2984/1910 5220/2986/1910
f 5196/2981/1910 5195/2977/1910 5219/2984/1910
f 5202/2984/1912 5225/2987/1917 5226/2988/1918
f 5202/2984/1912 5201/2983/1911 5225/2987/1917
f 5208/2983/1914 5231/2989/1919 5232/2987/1920
f 5208/2983/1914 5207/2985/1913 5231/2989/1919
f 5214/2985/1916 5237/2990/1921 5238/2989/1922
f 5214/2985/1916 5213/2986/1915 5237/2990/1921
f 5220/2986/1910 5243/2988/1910 5244/2990/1910
f 5220/2986/1910 5219/2984/1910 5243/2988/1910
f 5226/2988/1918 5249/2991/1923 5250/2992/1924
f 5226/2988/1918 5225/2987/1917 5249/2991/1923
f 5232/2987/1920 5255/2993/1925 5256/2991/1926
f 5232/2987/1920 5231/2989/1919 5255/2993/1925
f 5238/2989/1922 5261/2994/1927 5262/2993/1928
f 5238/2989/1922 5237/2990/1921 5261/2994/1927
f 5244/2990/1910 5267/2992/1910 5268/2994/1910
f 5244/2990/1910 5243/2988/1910 5267/2992/1910
f 5250/2992/1924 5273/2995/1929 5274/2996/1930
f 5250/2992/1924 5249/2991/1923 5273/2995/1929
f 5256/2991/1926 5279/2997/1931 5280/2995/1932
f 5256/2991/1926 5255/2993/1925 5279/2997/1931
f 5262/2993/1928 5285/2998/1933 5286/2997/1934
f 5262/2993/1928 5261/2994/1927 5285/2998/1933
f 5268/2994/1910 5291/2996/1910 5292/2998/1910
f 5268/2994/1910 5267/2992/1910 5291/2996/1910
f 5274/2996/1930 5297/2999/1935 5298/3000/1936
f 5274/2996/1930 5273/2995/1929 5297/2999/1935
f 5280/2995/1932 5303/3001/1937 5304/2999/1938
f 5280/2995/1932 5279/2997/1931 5303/3001/1937
f 5286/2997/1934 5309/3002/1939 5310/3001/1940
f 5286/2997/1934 5285/2998/1933 5309/3002/1939
f 5292/2998/1910 5313/3000/1910 5312/3002/1910
f 5292/2998/1910 5291/2996/1910 5313/3000/1910
f 5298/3000/1936 5311/3003/1941 5308/3004/1942
f 5298/3000/1936 5297/2999/1935 5311/3003/1941
f 5304/2999/1938 5307/3005/1943 5306/3003/1944
f 5304/2999/1938 5303/3001/1937 5307/3005/1943
f 5310/3001/1940 5305/3006/1945 5302/3005/1946
f 5310/3001/1940 5309/3002/1939 5305/3006/1945
f 5312/3002/1910 5301/3004/1910 5300/3006/1910
f 5312/3002/1910 5313/3000/1910 5301/3004/1910
f 5308/3004/1942 5299/3003/1947 5296/3004/1948
f 5308/3004/1942 5311/3003/1941 5299/3003/1947
f 5306/3003/1944 5295/3005/1949 5294/3003/1950
f 5306/3003/1944 5307/3005/1943 5295/3005/1949
f 5302/3005/1946 5293/3006/1951 5290/3005/1952
f 5302/3005/1946 5305/3006/1945 5293/3006/1951
f 5300/3006/1910 5289/3004/1910 5288/3006/1910
f 5300/3006/1910 5301/3004/1910 5289/3004/1910
f 5296/3004/1948 5287/2999/1953 5284/3000/1954
f 5296/3004/1948 5299/3003/1947 5287/2999/1953
f 5294/3003/1950 5283/3001/1955 5282/2999/1956
f 5294/3003/1950 5295/3005/1949 5283/3001/1955
f 5290/3005/1952 5281/3002/1957 5278/3001/1958
f 5290/3005/1952 5293/3006/1951 5281/3002/1957
f 5288/3006/1910 5277/3000/1910 5276/3002/1910
f 5288/3006/1910 5289/3004/1910 5277/3000/1910
f 5284/3000/1954 5275/2995/1959 5272/2996/1960
f 5284/3000/1954 5287/2999/1953 5275/2995/1959
f 5282/2999/1956 5271/2997/1961 5270/2995/1962
f 5282/2999/1956 5283/3001/1955 5271/2997/1961
f 5278/3001/1958 5269/2998/1963 5266/2997/1964
f 5278/3001/1958 5281/3002/1957 5269/2998/1963
f 5276/3002/1910 5265/2996/1910 5264/2998/1910
f 5276/3002/1910 5277/3000/1910 5265/2996/1910
f 5272/2996/1960 5263/2991/1965 5260/2992/1966
f 5272/2996/1960 5275/2995/1959 5263/2991/1965
f 5270/2995/1962 5259/2993/1967 5258/2991/1968
f 5270/2995/1962 5271/2997/1961 5259/2993/1967
f 5266/2997/1964 5257/2994/1969 5254/2993/1970
f 5266/2997/1964 5269/2998/1963 5257/2994/1969
f 5264/2998/1910 5253/2992/1910 5252/2994/1910
f 5264/2998/1910 5265/2996/1910 5253/2992/1910
f 5260/2992/1966 5251/2987/1971 5248/2988/1972
f 5260/2992/1966 5263/2991/1965 5251/2987/1971
f 5258/2991/1968 5247/2989/1973 5246/2987/1974
f 5258/2991/1968 5259/2993/1967 5247/2989/1973
f 5254/2993/1970 5245/2990/1975 5242/2989/1976
f 5254/2993/1970 5257/2994/1969 5245/2990/1975
f 5252/2994/1910 5241/2988/1910 5240/2990/1910
f 5252/2994/1910 5253/2992/1910 5241/2988/1910
f 5248/2988/1972 5239/2983/1977 5236/2984/1978
f 5248/2988/1972 5251/2987/1971 5239/2983/1977
f 5246/2987/1974 5235/2985/1979 5234/2983/1980
f 5246/2987/1974 5247/2989/1973 5235/2985/1979
f 5242/2989/1976 5233/2986/1981 5230/2985/1982
f 5242/2989/1976 5245/2990/1975 5233/2986/1981
f 5240/2990/1910 5229/2984/1910 5228/2986/1910
f 5240/2990/1910 5241/2988/1910 5229/2984/1910
f 5236/2984/1978 5227/2976/1983 5224/2977/1984
f 5236/2984/1978 5239/2983/1977 5227/2976/1983
f 5234/2983/1980 5223/2979/1985 5222/2976/1986
f 5234/2983/1980 5235/2985/1979 5223/2979/1985
f 5230/2985/1982 5221/2981/1987 5218/2979/1988
f 5230/2985/1982 5233/2986/1981 5221/2981/1987
f 5228/2986/1910 5217/2977/1910 5216/2981/1910
f 5228/2986/1910 5229/2984/1910 5217/2977/1910
f 5224/2977/1984 5215/2978/1989 5212/2975/1989
f 5224/2977/1984 5227/2976/1983 5215/2978/1989
f 5222/2976/1986 5211/2980/1990 5210/2978/1990
f 5222/2976/1986 5223/2979/1985 5211/2980/1990
f 5218/2979/1988 5209/2982/1991 5206/2980/1991
f 5218/2979/1988 5221/2981/1987 5209/2982/1991
f 5216/2981/1910 5205/2975/1910 5204/2982/1910
f 5216/2981/1910 5217/2977/1910 5205/2975/1910
f 5203/3007/1992 5200/2978/1992 5199/2975/1993
f 5203/3007/1992 5197/2980/1993 5200/2978/1992
f 5203/3007/1992 5193/2982/1993 5197/2980/1993
f 5203/3007/1992 5199/2975/1993 5193/2982/1993
f 5191/3007/1994 5187/2975/1994 5185/2978/1995
f 5191/3007/1994 5185/2978/1995 5181/2980/1994
f 5191/3007/1994 5181/2980/1994 5179/2982/1994
f 5191/3007/1994 5179/2982/1994 5187/2975/1994
o svetlo_stinidlo_long_50
v -0.066029 1.231421 0.366178
v -0.095949 1.214296 0.640030
v -0.073039 1.247673 0.366178
v 0.065455 1.231739 0.366178
v -0.091639 1.194370 0.639803
v 0.090919 1.194437 0.639803
v 0.094716 1.194915 0.737692
v -0.102905 1.212794 0.737918
v 0.095164 1.194516 0.750682
v 0.095714 1.194198 0.750682
v -0.095078 1.194061 0.737692
v 0.095266 1.194597 0.737692
v 0.091470 1.194119 0.639803
v -0.107846 1.216363 0.782824
v 0.066005 1.231421 0.366178
v 0.094991 1.194756 0.722942
v -0.096780 1.194198 0.750682
v -0.065479 1.231739 0.366178
v -0.096780 1.194198 0.750682
v -0.107238 1.216545 0.782824
v -0.107846 1.216363 0.782824
v -0.091089 1.194688 0.639803
v -0.096230 1.194516 0.750682
v -0.094528 1.194378 0.737692
v -0.096230 1.194516 0.750682
v -0.102296 1.212976 0.737918
v -0.107238 1.216545 0.782824
v -0.096230 1.194516 0.750682
v -0.094528 1.194378 0.737692
v -0.096780 1.194198 0.750682
v -0.095078 1.194061 0.737692
v -0.095340 1.214479 0.640030
v -0.066029 1.231421 0.366178
v -0.091639 1.194370 0.639803
v -0.091089 1.194688 0.639803
v -0.094804 1.194220 0.722942
v 0.065455 1.231739 0.366178
v -0.072431 1.247855 0.366178
v 0.066005 1.231421 0.366178
v 0.065455 1.231739 0.366178
v -0.065479 1.231739 0.366178
v 0.090919 1.194437 0.639803
v -0.065479 1.231739 0.366178
v -0.073039 1.247673 0.366178
v -0.072431 1.247855 0.366178
v 0.095164 1.194516 0.750682
v -0.066029 1.231421 0.366178
v 0.094716 1.194915 0.737692
v 0.095714 1.194198 0.750682
v -0.099604 1.235498 0.640030
v -0.076113 1.265104 0.366178
v 0.095164 1.194516 0.750682
v 0.095714 1.194198 0.750682
v 0.095266 1.194597 0.737692
v 0.066005 1.231421 0.366178
v -0.106492 1.232823 0.737918
v 0.091470 1.194119 0.639803
v 0.072407 1.247855 0.366178
v 0.073016 1.247673 0.366178
v 0.072407 1.247855 0.366178
v 0.095360 1.214683 0.640030
v -0.111418 1.235410 0.799745
v 0.106241 1.216545 0.782824
v 0.102246 1.213390 0.737918
v 0.106850 1.216363 0.782824
v 0.106241 1.216545 0.782824
v 0.106850 1.216363 0.782824
v -0.110784 1.235447 0.799745
v -0.111418 1.235410 0.799745
v 0.102854 1.213208 0.737918
v 0.073016 1.247673 0.366178
v 0.095968 1.214500 0.640030
v 0.075455 1.265141 0.366178
v -0.105857 1.232860 0.737918
v -0.110784 1.235447 0.799745
v 0.076089 1.265104 0.366178
v 0.075455 1.265141 0.366178
v 0.099129 1.235950 0.640030
v 0.110761 1.235448 0.799745
v -0.098970 1.235535 0.640030
v 0.105875 1.232401 0.737918
v 0.111395 1.235411 0.799745
v 0.110761 1.235448 0.799745
v 0.111395 1.235411 0.799745
v 0.106509 1.232364 0.737918
v -0.075479 1.265141 0.366178
v 0.076089 1.265104 0.366178
v 0.099763 1.235913 0.640030
v 0.074435 1.282663 0.366178
v 0.075060 1.282773 0.366178
v 0.074435 1.282663 0.366178
v -0.076113 1.265104 0.366178
v -0.075479 1.265141 0.366178
v 0.097864 1.257416 0.640030
v 0.104458 1.255178 0.813551
v 0.104613 1.253038 0.737918
v 0.105083 1.255288 0.813551
v -0.098576 1.257668 0.640030
v -0.075084 1.282773 0.366178
v 0.104458 1.255178 0.813551
v 0.105083 1.255288 0.813551
v 0.105239 1.253149 0.737918
v 0.075060 1.282773 0.366178
v -0.105257 1.253012 0.737918
v 0.098490 1.257526 0.640030
v 0.069401 1.299478 0.366178
v 0.069984 1.299729 0.366178
v 0.069401 1.299478 0.366178
v 0.091729 1.277974 0.640030
v -0.105107 1.255288 0.813551
v 0.094216 1.273356 0.820500
v 0.097518 1.273801 0.737918
v 0.094800 1.273608 0.820500
v 0.094216 1.273356 0.820500
v 0.094800 1.273608 0.820500
v -0.104481 1.255178 0.813551
v -0.105107 1.255288 0.813551
v 0.098101 1.274053 0.737918
v 0.069984 1.299729 0.366178
v 0.092312 1.278225 0.640030
v 0.060624 1.314678 0.366178
v -0.104631 1.252902 0.737918
v -0.104481 1.255178 0.813551
v 0.061134 1.315058 0.366178
v 0.060624 1.314678 0.366178
v 0.080992 1.296595 0.640030
v 0.080261 1.290510 0.820500
v -0.097950 1.257558 0.640030
v 0.085010 1.292214 0.737918
v 0.080770 1.290890 0.820500
v 0.080261 1.290510 0.820500
v 0.080770 1.290890 0.820500
v 0.085520 1.292594 0.737918
v -0.074458 1.282663 0.366178
v 0.061134 1.315058 0.366178
v 0.081501 1.296975 0.640030
v 0.048579 1.327445 0.366178
v 0.048988 1.327932 0.366178
v 0.048579 1.327445 0.366178
v -0.075084 1.282773 0.366178
v -0.074458 1.282663 0.366178
v 0.065268 1.312161 0.640030
v 0.062977 1.304386 0.820500
v 0.068211 1.309481 0.737918
v 0.063386 1.304872 0.820500
v -0.092303 1.278290 0.640030
v -0.070007 1.299729 0.366178
v 0.062977 1.304386 0.820500
v 0.063386 1.304872 0.820500
v 0.068619 1.309968 0.737918
v 0.048988 1.327932 0.366178
v -0.098208 1.274284 0.737918
v 0.065676 1.312647 0.640030
v 0.033915 1.337090 0.366178
v 0.034200 1.337658 0.366178
v 0.033915 1.337090 0.366178
v 0.045316 1.323878 0.640030
v -0.094823 1.273608 0.820500
v 0.043525 1.315405 0.820500
v 0.046744 1.320564 0.737918
v 0.043810 1.315974 0.820500
v 0.043525 1.315405 0.820500
v 0.043810 1.315974 0.820500
v -0.094240 1.273356 0.820500
v -0.094823 1.273608 0.820500
v 0.047030 1.321131 0.737918
v 0.034200 1.337658 0.366178
v 0.045602 1.324445 0.640030
v 0.017421 1.343093 0.366178
v -0.097625 1.274032 0.737918
v -0.094240 1.273356 0.820500
v 0.017568 1.343711 0.366178
v 0.017421 1.343093 0.366178
v 0.023416 1.331308 0.640030
v 0.021901 1.323096 0.820500
v -0.091719 1.278039 0.640030
v 0.024425 1.327195 0.737918
v 0.022048 1.323714 0.820500
v 0.021901 1.323096 0.820500
v 0.022048 1.323714 0.820500
v 0.024571 1.327813 0.737918
v -0.069424 1.299478 0.366178
v 0.017568 1.343711 0.366178
v 0.023562 1.331927 0.640030
v -0.000012 1.345131 0.366178
v -0.000012 1.345766 0.366178
v -0.000012 1.345131 0.366178
v -0.070007 1.299729 0.366178
v -0.069424 1.299478 0.366178
v 0.000006 1.333756 0.640030
v -0.000012 1.326061 0.820500
v -0.000005 1.329522 0.737918
v -0.000012 1.326697 0.820500
v -0.081705 1.296797 0.640030
v -0.061158 1.315058 0.366178
v -0.000012 1.326061 0.820500
v -0.000012 1.326697 0.820500
v -0.000005 1.330157 0.737918
v -0.000012 1.345766 0.366178
v -0.085544 1.292754 0.737918
v 0.000006 1.334391 0.640030
v -0.017445 1.343093 0.366178
v -0.017592 1.343711 0.366178
v -0.017445 1.343093 0.366178
v -0.023558 1.331345 0.640030
v -0.080794 1.290890 0.820500
v -0.021925 1.323096 0.820500
v -0.024362 1.327268 0.737918
v -0.022071 1.323714 0.820500
v -0.021925 1.323096 0.820500
v -0.022071 1.323714 0.820500
v -0.080284 1.290510 0.820500
v -0.080794 1.290890 0.820500
v -0.024509 1.327887 0.737918
v -0.017592 1.343711 0.366178
v -0.023705 1.331964 0.640030
v -0.033938 1.337090 0.366178
v -0.085034 1.292374 0.737918
v -0.080284 1.290510 0.820500
v -0.034224 1.337658 0.366178
v -0.033938 1.337090 0.366178
v -0.045099 1.324113 0.640030
v -0.043549 1.315405 0.820500
v -0.081195 1.296417 0.640030
v -0.046631 1.320353 0.737918
v -0.043834 1.315974 0.820500
v -0.043549 1.315405 0.820500
v -0.043834 1.315974 0.820500
v -0.046916 1.320920 0.737918
v -0.060648 1.314678 0.366178
v -0.034224 1.337658 0.366178
v -0.045384 1.324680 0.640030
v -0.048603 1.327445 0.366178
v -0.049011 1.327932 0.366178
v -0.048603 1.327445 0.366178
v -0.061158 1.315058 0.366178
v -0.060648 1.314678 0.366178
v -0.065225 1.312107 0.640030
v -0.063001 1.304386 0.820500
v -0.067997 1.309690 0.737918
v -0.063409 1.304872 0.820500
v -0.065634 1.312593 0.640030
v -0.049011 1.327932 0.366178
v -0.063001 1.304386 0.820500
v -0.063409 1.304872 0.820500
v -0.068406 1.310176 0.737918
vn -0.9145 -0.3851 -0.1240
vn -0.9770 -0.1921 -0.0922
vn -0.9538 -0.2783 -0.1136
vn -0.9708 -0.2214 -0.0926
vn -0.9589 -0.2761 -0.0651
vn -0.9263 -0.3721 -0.0591
vn -0.9844 -0.1456 -0.0987
vn -0.9471 -0.2974 -0.1210
vn 0.3952 -0.6889 0.6076
vn 0.2112 -0.7025 0.6796
vn 0.2088 -0.7020 0.6809
vn 0.3970 -0.6880 0.6075
vn 0.9256 0.3673 0.0913
vn 0.9566 0.2795 0.0824
vn 0.9820 0.1723 0.0772
vn 0.9239 0.3717 0.0907
vn 0.9774 0.1954 0.0803
vn 0.9746 0.2126 0.0706
vn 0.9543 0.2739 0.1197
vn 0.9094 0.3923 0.1382
vn -0.0000 -0.0000 -1.0000
vn -0.9946 -0.0641 -0.0815
vn -0.9945 -0.0506 -0.0913
vn -0.9972 -0.0476 -0.0577
vn -0.9684 0.2322 -0.0913
vn 0.0372 -0.6183 0.7851
vn 0.0352 -0.6235 0.7810
vn 0.9953 0.0574 0.0782
vn 0.9846 -0.1714 0.0337
vn 0.9945 0.0647 0.0820
vn 0.9946 0.0502 0.0909
vn -0.9836 0.1690 -0.0627
vn -0.9812 0.1810 -0.0674
vn -0.9810 0.1927 -0.0216
vn -0.9047 0.4250 -0.0308
vn -0.0741 -0.4269 0.9013
vn -0.0810 -0.4567 0.8859
vn 0.9792 -0.1975 0.0471
vn 0.9128 -0.4079 -0.0195
vn 0.9836 -0.1683 0.0647
vn 0.9813 -0.1806 0.0672
vn -0.9168 0.3975 -0.0374
vn -0.9143 0.4027 -0.0431
vn -0.8962 0.4437 0.0053
vn -0.8302 0.5571 0.0202
vn -0.0557 -0.1305 0.9899
vn -0.0714 -0.1651 0.9837
vn 0.8949 -0.4462 0.0048
vn 0.8270 -0.5600 -0.0488
vn 0.9174 -0.3956 0.0428
vn 0.9142 -0.4029 0.0430
vn -0.7932 0.6088 -0.0134
vn -0.7971 0.6036 -0.0180
vn -0.7716 0.6355 0.0294
vn -0.7083 0.7043 0.0476
vn -0.0000 -0.0000 1.0000
vn 0.7702 -0.6374 -0.0218
vn 0.7094 -0.7012 -0.0710
vn 0.7912 -0.6113 0.0157
vn 0.7977 -0.6028 0.0195
vn -0.6105 0.7920 0.0080
vn -0.6372 0.7707 0.0064
vn -0.5908 0.8057 0.0430
vn -0.5685 0.8194 0.0731
vn 0.5876 -0.8080 -0.0421
vn 0.5550 -0.8280 -0.0804
vn 0.6131 -0.7900 -0.0060
vn 0.6374 -0.7706 -0.0031
vn -0.4182 0.9079 0.0276
vn -0.4443 0.8955 0.0254
vn -0.3781 0.9247 0.0432
vn -0.4098 0.9090 0.0759
vn 0.3760 -0.9251 -0.0536
vn 0.4110 -0.9093 -0.0650
vn 0.4161 -0.9090 -0.0238
vn 0.4438 -0.8958 -0.0226
vn -0.2117 0.9766 0.0382
vn -0.2278 0.9730 0.0373
vn -0.1991 0.9790 0.0438
vn -0.2309 0.9711 0.0606
vn 0.1984 -0.9788 -0.0501
vn 0.2307 -0.9717 -0.0507
vn 0.2110 -0.9768 -0.0371
vn 0.2276 -0.9731 -0.0357
vn 0.0006 0.9991 0.0416
vn -0.0003 0.9992 0.0410
vn 0.0026 0.9990 0.0442
vn 0.0039 0.9989 0.0470
vn 0.0001 -0.9990 -0.0444
vn 0.0037 -0.9989 -0.0467
vn -0.0016 -0.9991 -0.0417
vn -0.0004 -0.9992 -0.0409
vn 0.2131 0.9764 0.0363
vn 0.2277 0.9731 0.0360
vn 0.1944 0.9796 0.0504
vn 0.2308 0.9717 0.0504
vn -0.1947 -0.9799 -0.0427
vn -0.2298 -0.9713 -0.0613
vn -0.2141 -0.9761 -0.0382
vn -0.2279 -0.9730 -0.0374
vn 0.4154 0.9094 0.0231
vn 0.4436 0.8959 0.0228
vn 0.3772 0.9246 0.0531
vn 0.4102 0.9096 0.0666
vn -0.3781 -0.9248 -0.0432
vn -0.4106 -0.9085 -0.0774
vn -0.4159 -0.9090 -0.0267
vn -0.4443 -0.8955 -0.0256
vn 0.6122 0.7907 0.0066
vn 0.6374 0.7705 0.0029
vn 0.5951 0.8026 0.0410
vn 0.5563 0.8270 0.0816
vn -0.5979 -0.8004 -0.0442
vn -0.5681 -0.8198 -0.0721
vn -0.6096 -0.7927 -0.0075
vn -0.6371 -0.7708 -0.0064
vn 0.7915 0.6109 -0.0150
vn 0.7977 0.6028 -0.0195
vn 0.7737 0.6332 0.0211
vn 0.7104 0.7003 0.0702
vn -0.7745 -0.6319 -0.0297
vn -0.7079 -0.7048 -0.0457
vn -0.7933 -0.6087 0.0132
vn -0.7971 -0.6035 0.0180
vn 0.9177 0.3950 -0.0426
vn 0.9143 0.4028 -0.0429
vn 0.8942 0.4477 -0.0048
vn 0.8279 0.5590 0.0470
vn 0.0565 -0.1310 0.9898
vn 0.0711 -0.1666 0.9835
vn -0.8952 -0.4457 -0.0047
vn -0.8289 -0.5591 -0.0189
vn -0.9174 -0.3962 0.0369
vn -0.9143 -0.4028 0.0429
vn 0.9831 0.1716 -0.0644
vn 0.9812 0.1809 -0.0673
vn 0.9784 0.2014 -0.0468
vn 0.9130 0.4075 0.0185
vn 0.0758 -0.4264 0.9014
vn 0.0796 -0.4581 0.8853
vn -0.9801 -0.1974 0.0217
vn -0.9041 -0.4261 0.0305
vn -0.9830 -0.1729 0.0623
vn -0.9812 -0.1809 0.0673
vn 0.9948 -0.0609 -0.0811
vn 0.9945 -0.0504 -0.0913
vn 0.9950 -0.0661 -0.0742
vn 0.9873 0.1556 -0.0323
vn -0.0352 -0.6181 0.7854
vn -0.0372 -0.6227 0.7816
vn -0.9970 0.0539 0.0564
vn -0.9705 -0.2244 0.0888
vn -0.9948 0.0604 0.0816
vn -0.9945 0.0504 0.0913
vn 0.9765 -0.2000 -0.0807
vn 0.9543 -0.2739 -0.1196
vn 0.9558 -0.2863 -0.0672
vn 0.9741 -0.2158 -0.0674
vn -0.2084 -0.7013 0.6817
vn -0.2095 -0.6978 0.6849
vn -0.9583 0.2795 0.0591
vn -0.9753 0.2088 0.0716
vn -0.9763 0.1960 0.0921
vn -0.9537 0.2785 0.1137
vn 0.9733 -0.2180 -0.0718
vn 0.9094 -0.3923 -0.1381
vn 0.9290 -0.3660 -0.0547
vn 0.9233 -0.3807 -0.0504
vn -0.3949 -0.6867 0.6103
vn -0.3965 -0.6858 0.6103
vn -0.9240 0.3799 0.0429
vn -0.9168 0.3971 0.0438
vn -0.9704 0.2233 0.0923
vn -0.9145 0.3852 0.1239
vn 0.0001 -0.0000 -1.0000
vn 0.9953 -0.0897 0.0352
vn 0.9233 -0.3826 0.0345
vn 0.5100 -0.8588 -0.0484
vn 0.1883 0.9820 0.0141
vn 0.5226 -0.8518 0.0366
vn 0.4795 -0.8769 0.0340
vn 0.0051 -0.9999 0.0106
vn -0.9360 0.3499 -0.0399
vn 0.4873 -0.8717 -0.0516
vn -0.9605 -0.2757 0.0377
vn -0.5113 -0.8581 -0.0466
vn -0.9428 -0.3306 0.0425
vn 0.7786 0.6274 -0.0078
vn -0.4973 -0.8676 -0.0045
vn -0.5032 -0.8642 -0.0043
vn -0.6073 -0.7945 -0.0028
vn 0.9538 0.2967 -0.0479
vn -0.4861 -0.8725 -0.0502
vt 0.204007 0.000499
vt 0.069856 0.602667
vt 0.172575 0.000499
vt 0.089182 0.602169
vt 0.038670 0.817912
vt 0.073760 0.817414
vt 0.016514 0.916655
vt 0.066131 0.845978
vt 0.019242 0.916655
vt 0.068597 0.845978
vt 0.041399 0.817912
vt 0.076227 0.817414
vt 0.072585 0.602667
vt 0.091648 0.602169
vt 0.175304 0.000499
vt 0.206473 0.000499
vt 0.053469 0.602667
vt 0.158795 0.000499
vt 0.022589 0.817912
vt 0.000500 0.953861
vt 0.003343 0.953861
vt 0.025432 0.817912
vt 0.056312 0.602667
vt 0.161638 0.000499
vt 0.058079 0.602667
vt 0.163409 0.000499
vt 0.028126 0.817912
vt 0.028798 0.984221
vt 0.031603 0.984221
vt 0.030930 0.817912
vt 0.060883 0.602667
vt 0.166214 0.000499
vt 0.086205 0.602667
vt 0.186169 0.000499
vt 0.059729 0.817912
vt 0.074907 0.999501
vt 0.077522 0.999501
vt 0.062344 0.817912
vt 0.088820 0.602667
vt 0.188784 0.000499
vt 0.133722 0.602667
vt 0.225848 0.000499
vt 0.116509 0.817912
vt 0.137806 0.999500
vt 0.140091 0.999500
vt 0.118794 0.817912
vt 0.136006 0.602667
vt 0.228132 0.000499
vt 0.205778 0.602667
vt 0.280306 0.000499
vt 0.193350 0.817912
vt 0.215752 0.999500
vt 0.217583 0.999500
vt 0.195180 0.817912
vt 0.207609 0.602667
vt 0.282137 0.000499
vt 0.296569 0.602667
vt 0.346608 0.000499
vt 0.289699 0.817912
vt 0.303521 0.999500
vt 0.304799 0.999500
vt 0.290977 0.817912
vt 0.297847 0.602667
vt 0.347886 0.000499
vt 0.393769 0.602667
vt 0.421179 0.000499
vt 0.390165 0.817912
vt 0.401095 0.999500
vt 0.401752 0.999500
vt 0.390821 0.817912
vt 0.394426 0.602667
vt 0.421836 0.000499
vt 0.500081 0.602667
vt 0.500000 0.000499
vt 0.500029 0.817912
vt 0.500000 0.999500
vt 0.605695 0.602667
vt 0.578821 0.000499
vt 0.610221 0.817912
vt 0.598905 0.999500
vt 0.598248 0.999500
vt 0.609564 0.817912
vt 0.605038 0.602667
vt 0.578164 0.000499
vt 0.704510 0.602667
vt 0.653392 0.000499
vt 0.710915 0.817912
vt 0.696479 0.999500
vt 0.695201 0.999500
vt 0.709636 0.817912
vt 0.703232 0.602667
vt 0.652114 0.000499
vt 0.794516 0.602667
vt 0.719694 0.000499
vt 0.807714 0.817912
vt 0.784248 0.999500
vt 0.782417 0.999500
vt 0.805883 0.817912
vt 0.792685 0.602667
vt 0.717863 0.000499
vt 0.865470 0.602667
vt 0.774152 0.000499
vt 0.883485 0.817912
vt 0.862193 0.999500
vt 0.859909 0.999500
vt 0.881201 0.817912
vt 0.863186 0.602667
vt 0.771868 0.000499
vt 0.913942 0.602667
vt 0.813831 0.000499
vt 0.939896 0.817912
vt 0.925093 0.999501
vt 0.922478 0.999501
vt 0.937281 0.817912
vt 0.911326 0.602667
vt 0.811216 0.000499
vt 0.941639 0.602667
vt 0.836591 0.000499
vt 0.971899 0.817912
vt 0.971202 0.984221
vt 0.968397 0.984221
vt 0.969094 0.817912
vt 0.938835 0.602667
vt 0.833786 0.000499
vt 0.947349 0.602667
vt 0.841205 0.000499
vt 0.977596 0.817912
vt 0.999501 0.953861
vt 0.996657 0.953861
vt 0.974752 0.817912
vt 0.944506 0.602667
vt 0.838362 0.000499
vt 0.930335 0.602667
vt 0.827425 0.000499
vt 0.961208 0.817912
vt 0.979122 0.916655
vt 0.976393 0.916655
vt 0.958479 0.817912
vt 0.927606 0.602667
vt 0.824696 0.000499
vt 0.910163 0.602169
vt 0.795993 0.000499
vt 0.927184 0.817414
vt 0.929194 0.845978
vt 0.926727 0.845978
vt 0.924718 0.817414
vt 0.907697 0.602169
vt 0.793526 0.000499
vt 0.074993 0.784981
vt 0.925951 0.784981
s 1
usemtl cerna_ksilt.001
f 5314/3008/1996 5315/3009/1997 5316/3010/1998
f 5314/3008/1996 5318/3011/1999 5315/3009/1997
f 5318/3011/1999 5321/3012/2000 5315/3009/1997
f 5318/3011/1999 5324/3013/2001 5321/3012/2000
f 5324/3013/2001 5327/3014/2002 5321/3012/2000
f 5324/3013/2001 5330/3015/2003 5327/3014/2002
f 5332/3015/2004 5333/3016/2005 5334/3014/2006
f 5332/3015/2004 5336/3017/2007 5333/3016/2005
f 5338/3017/2008 5339/3018/2009 5340/3016/2010
f 5338/3017/2008 5342/3019/2011 5339/3018/2009
f 5342/3019/2011 5345/3020/2012 5339/3018/2009
f 5342/3019/2011 5348/3021/2013 5345/3020/2012
f 5348/3021/2013 5351/3022/2014 5345/3020/2012
f 5348/3021/2013 5354/3023/2015 5351/3022/2014
f 5356/3023/2016 5357/3010/2016 5358/3022/2016
f 5356/3023/2016 5360/3008/2016 5357/3010/2016
f 5316/3010/1998 5363/3024/2017 5364/3025/2018
f 5316/3010/1998 5315/3009/1997 5363/3024/2017
f 5315/3009/1997 5369/3026/2019 5363/3024/2017
f 5315/3009/1997 5321/3012/2000 5369/3026/2019
f 5321/3012/2000 5375/3027/2020 5369/3026/2019
f 5321/3012/2000 5327/3014/2002 5375/3027/2020
f 5334/3014/2006 5381/3028/2021 5382/3027/2022
f 5334/3014/2006 5333/3016/2005 5381/3028/2021
f 5340/3016/2010 5387/3029/2023 5388/3028/2024
f 5340/3016/2010 5339/3018/2009 5387/3029/2023
f 5339/3018/2009 5393/3030/2025 5387/3029/2023
f 5339/3018/2009 5345/3020/2012 5393/3030/2025
f 5345/3020/2012 5399/3031/2026 5393/3030/2025
f 5345/3020/2012 5351/3022/2014 5399/3031/2026
f 5358/3022/2016 5405/3025/2016 5406/3031/2016
f 5358/3022/2016 5357/3010/2016 5405/3025/2016
f 5364/3025/2018 5411/3032/2027 5412/3033/2028
f 5364/3025/2018 5363/3024/2017 5411/3032/2027
f 5363/3024/2017 5417/3034/2029 5411/3032/2027
f 5363/3024/2017 5369/3026/2019 5417/3034/2029
f 5369/3026/2019 5423/3035/2030 5417/3034/2029
f 5369/3026/2019 5375/3027/2020 5423/3035/2030
f 5382/3027/2022 5429/3036/2031 5430/3035/2032
f 5382/3027/2022 5381/3028/2021 5429/3036/2031
f 5388/3028/2024 5435/3037/2033 5436/3036/2034
f 5388/3028/2024 5387/3029/2023 5435/3037/2033
f 5387/3029/2023 5441/3038/2035 5435/3037/2033
f 5387/3029/2023 5393/3030/2025 5441/3038/2035
f 5393/3030/2025 5447/3039/2036 5441/3038/2035
f 5393/3030/2025 5399/3031/2026 5447/3039/2036
f 5406/3031/2016 5453/3033/2016 5454/3039/2016
f 5406/3031/2016 5405/3025/2016 5453/3033/2016
f 5412/3033/2028 5459/3040/2037 5460/3041/2038
f 5412/3033/2028 5411/3032/2027 5459/3040/2037
f 5411/3032/2027 5465/3042/2039 5459/3040/2037
f 5411/3032/2027 5417/3034/2029 5465/3042/2039
f 5417/3034/2029 5471/3043/2040 5465/3042/2039
f 5417/3034/2029 5423/3035/2030 5471/3043/2040
f 5430/3035/2032 5477/3044/2041 5478/3043/2042
f 5430/3035/2032 5429/3036/2031 5477/3044/2041
f 5436/3036/2034 5483/3045/2043 5484/3044/2044
f 5436/3036/2034 5435/3037/2033 5483/3045/2043
f 5435/3037/2033 5489/3046/2045 5483/3045/2043
f 5435/3037/2033 5441/3038/2035 5489/3046/2045
f 5441/3038/2035 5495/3047/2046 5489/3046/2045
f 5441/3038/2035 5447/3039/2036 5495/3047/2046
f 5454/3039/2016 5501/3041/2016 5502/3047/2016
f 5454/3039/2016 5453/3033/2016 5501/3041/2016
f 5460/3041/2038 5507/3048/2047 5508/3049/2048
f 5460/3041/2038 5459/3040/2037 5507/3048/2047
f 5459/3040/2037 5513/3050/2049 5507/3048/2047
f 5459/3040/2037 5465/3042/2039 5513/3050/2049
f 5465/3042/2039 5519/3051/2050 5513/3050/2049
f 5465/3042/2039 5471/3043/2040 5519/3051/2050
f 5478/3043/2042 5525/3052/2051 5526/3051/2051
f 5478/3043/2042 5477/3044/2041 5525/3052/2051
f 5484/3044/2044 5531/3053/2052 5532/3052/2053
f 5484/3044/2044 5483/3045/2043 5531/3053/2052
f 5483/3045/2043 5537/3054/2054 5531/3053/2052
f 5483/3045/2043 5489/3046/2045 5537/3054/2054
f 5489/3046/2045 5543/3055/2055 5537/3054/2054
f 5489/3046/2045 5495/3047/2046 5543/3055/2055
f 5502/3047/2016 5549/3049/2016 5550/3055/2016
f 5502/3047/2016 5501/3041/2016 5549/3049/2016
f 5508/3049/2048 5555/3056/2056 5556/3057/2057
f 5508/3049/2048 5507/3048/2047 5555/3056/2056
f 5507/3048/2047 5559/3058/2058 5555/3056/2056
f 5507/3048/2047 5513/3050/2049 5559/3058/2058
f 5513/3050/2049 5558/3059/2059 5559/3058/2058
f 5513/3050/2049 5519/3051/2050 5558/3059/2059
f 5526/3051/2051 5557/3060/2051 5554/3059/2051
f 5526/3051/2051 5525/3052/2051 5557/3060/2051
f 5532/3052/2053 5553/3061/2060 5552/3060/2061
f 5532/3052/2053 5531/3053/2052 5553/3061/2060
f 5531/3053/2052 5551/3062/2062 5553/3061/2060
f 5531/3053/2052 5537/3054/2054 5551/3062/2062
f 5537/3054/2054 5548/3063/2063 5551/3062/2062
f 5537/3054/2054 5543/3055/2055 5548/3063/2063
f 5550/3055/2016 5547/3057/2016 5546/3063/2016
f 5550/3055/2016 5549/3049/2016 5547/3057/2016
f 5556/3057/2057 5545/3064/2064 5544/3065/2065
f 5556/3057/2057 5555/3056/2056 5545/3064/2064
f 5555/3056/2056 5542/3066/2066 5545/3064/2064
f 5555/3056/2056 5559/3058/2058 5542/3066/2066
f 5559/3058/2058 5541/3067/2067 5542/3066/2066
f 5559/3058/2058 5558/3059/2059 5541/3067/2067
f 5554/3059/2051 5540/3068/2051 5539/3067/2051
f 5554/3059/2051 5557/3060/2051 5540/3068/2051
f 5552/3060/2061 5538/3069/2068 5536/3068/2069
f 5552/3060/2061 5553/3061/2060 5538/3069/2068
f 5553/3061/2060 5535/3070/2070 5538/3069/2068
f 5553/3061/2060 5551/3062/2062 5535/3070/2070
f 5551/3062/2062 5534/3071/2071 5535/3070/2070
f 5551/3062/2062 5548/3063/2063 5534/3071/2071
f 5546/3063/2016 5533/3065/2016 5530/3071/2016
f 5546/3063/2016 5547/3057/2016 5533/3065/2016
f 5544/3065/2065 5529/3072/2072 5528/3073/2073
f 5544/3065/2065 5545/3064/2064 5529/3072/2072
f 5545/3064/2064 5527/3074/2074 5529/3072/2072
f 5545/3064/2064 5542/3066/2066 5527/3074/2074
f 5542/3066/2066 5524/3075/2075 5527/3074/2074
f 5542/3066/2066 5541/3067/2067 5524/3075/2075
f 5539/3067/2051 5523/3076/2051 5522/3075/2051
f 5539/3067/2051 5540/3068/2051 5523/3076/2051
f 5536/3068/2069 5521/3077/2076 5520/3076/2077
f 5536/3068/2069 5538/3069/2068 5521/3077/2076
f 5538/3069/2068 5518/3078/2078 5521/3077/2076
f 5538/3069/2068 5535/3070/2070 5518/3078/2078
f 5535/3070/2070 5517/3079/2079 5518/3078/2078
f 5535/3070/2070 5534/3071/2071 5517/3079/2079
f 5530/3071/2016 5516/3073/2016 5515/3079/2016
f 5530/3071/2016 5533/3065/2016 5516/3073/2016
f 5528/3073/2073 5514/3080/2080 5512/3081/2081
f 5528/3073/2073 5529/3072/2072 5514/3080/2080
f 5529/3072/2072 5511/3082/2082 5514/3080/2080
f 5529/3072/2072 5527/3074/2074 5511/3082/2082
f 5527/3074/2074 5510/3083/2083 5511/3082/2082
f 5527/3074/2074 5524/3075/2075 5510/3083/2083
f 5522/3075/2051 5509/3083/2051 5506/3083/2051
f 5522/3075/2051 5523/3076/2051 5509/3083/2051
f 5520/3076/2077 5505/3082/2084 5504/3083/2085
f 5520/3076/2077 5521/3077/2076 5505/3082/2084
f 5521/3077/2076 5503/3080/2086 5505/3082/2084
f 5521/3077/2076 5518/3078/2078 5503/3080/2086
f 5518/3078/2078 5500/3081/2087 5503/3080/2086
f 5518/3078/2078 5517/3079/2079 5500/3081/2087
f 5515/3079/2016 5499/3081/2016 5498/3081/2016
f 5515/3079/2016 5516/3073/2016 5499/3081/2016
f 5512/3081/2081 5497/3084/2088 5496/3085/2089
f 5512/3081/2081 5514/3080/2080 5497/3084/2088
f 5514/3080/2080 5494/3086/2090 5497/3084/2088
f 5514/3080/2080 5511/3082/2082 5494/3086/2090
f 5511/3082/2082 5493/3087/2091 5494/3086/2090
f 5511/3082/2082 5510/3083/2083 5493/3087/2091
f 5506/3083/2051 5492/3088/2051 5491/3087/2051
f 5506/3083/2051 5509/3083/2051 5492/3088/2051
f 5504/3083/2085 5490/3089/2092 5488/3088/2093
f 5504/3083/2085 5505/3082/2084 5490/3089/2092
f 5505/3082/2084 5487/3090/2094 5490/3089/2092
f 5505/3082/2084 5503/3080/2086 5487/3090/2094
f 5503/3080/2086 5486/3091/2095 5487/3090/2094
f 5503/3080/2086 5500/3081/2087 5486/3091/2095
f 5498/3081/2016 5485/3085/2016 5482/3091/2016
f 5498/3081/2016 5499/3081/2016 5485/3085/2016
f 5496/3085/2089 5481/3092/2096 5480/3093/2097
f 5496/3085/2089 5497/3084/2088 5481/3092/2096
f 5497/3084/2088 5479/3094/2098 5481/3092/2096
f 5497/3084/2088 5494/3086/2090 5479/3094/2098
f 5494/3086/2090 5476/3095/2099 5479/3094/2098
f 5494/3086/2090 5493/3087/2091 5476/3095/2099
f 5491/3087/2051 5475/3096/2051 5474/3095/2051
f 5491/3087/2051 5492/3088/2051 5475/3096/2051
f 5488/3088/2093 5473/3097/2100 5472/3096/2101
f 5488/3088/2093 5490/3089/2092 5473/3097/2100
f 5490/3089/2092 5470/3098/2102 5473/3097/2100
f 5490/3089/2092 5487/3090/2094 5470/3098/2102
f 5487/3090/2094 5469/3099/2103 5470/3098/2102
f 5487/3090/2094 5486/3091/2095 5469/3099/2103
f 5482/3091/2016 5468/3093/2016 5467/3099/2016
f 5482/3091/2016 5485/3085/2016 5468/3093/2016
f 5480/3093/2097 5466/3100/2104 5464/3101/2105
f 5480/3093/2097 5481/3092/2096 5466/3100/2104
f 5481/3092/2096 5463/3102/2106 5466/3100/2104
f 5481/3092/2096 5479/3094/2098 5463/3102/2106
f 5479/3094/2098 5462/3103/2107 5463/3102/2106
f 5479/3094/2098 5476/3095/2099 5462/3103/2107
f 5474/3095/2051 5461/3104/2051 5458/3103/2051
f 5474/3095/2051 5475/3096/2051 5461/3104/2051
f 5472/3096/2101 5457/3105/2108 5456/3104/2109
f 5472/3096/2101 5473/3097/2100 5457/3105/2108
f 5473/3097/2100 5455/3106/2110 5457/3105/2108
f 5473/3097/2100 5470/3098/2102 5455/3106/2110
f 5470/3098/2102 5452/3107/2111 5455/3106/2110
f 5470/3098/2102 5469/3099/2103 5452/3107/2111
f 5467/3099/2016 5451/3101/2016 5450/3107/2016
f 5467/3099/2016 5468/3093/2016 5451/3101/2016
f 5464/3101/2105 5449/3108/2112 5448/3109/2113
f 5464/3101/2105 5466/3100/2104 5449/3108/2112
f 5466/3100/2104 5446/3110/2114 5449/3108/2112
f 5466/3100/2104 5463/3102/2106 5446/3110/2114
f 5463/3102/2106 5445/3111/2115 5446/3110/2114
f 5463/3102/2106 5462/3103/2107 5445/3111/2115
f 5458/3103/2051 5444/3112/2051 5443/3111/2051
f 5458/3103/2051 5461/3104/2051 5444/3112/2051
f 5456/3104/2109 5442/3113/2116 5440/3112/2117
f 5456/3104/2109 5457/3105/2108 5442/3113/2116
f 5457/3105/2108 5439/3114/2118 5442/3113/2116
f 5457/3105/2108 5455/3106/2110 5439/3114/2118
f 5455/3106/2110 5438/3115/2119 5439/3114/2118
f 5455/3106/2110 5452/3107/2111 5438/3115/2119
f 5450/3107/2016 5437/3109/2016 5434/3115/2016
f 5450/3107/2016 5451/3101/2016 5437/3109/2016
f 5448/3109/2113 5433/3116/2120 5432/3117/2121
f 5448/3109/2113 5449/3108/2112 5433/3116/2120
f 5449/3108/2112 5431/3118/2122 5433/3116/2120
f 5449/3108/2112 5446/3110/2114 5431/3118/2122
f 5446/3110/2114 5428/3119/2123 5431/3118/2122
f 5446/3110/2114 5445/3111/2115 5428/3119/2123
f 5443/3111/2051 5427/3120/2124 5426/3119/2125
f 5443/3111/2051 5444/3112/2051 5427/3120/2124
f 5440/3112/2117 5425/3121/2126 5424/3120/2127
f 5440/3112/2117 5442/3113/2116 5425/3121/2126
f 5442/3113/2116 5422/3122/2128 5425/3121/2126
f 5442/3113/2116 5439/3114/2118 5422/3122/2128
f 5439/3114/2118 5421/3123/2129 5422/3122/2128
f 5439/3114/2118 5438/3115/2119 5421/3123/2129
f 5434/3115/2016 5420/3117/2016 5419/3123/2016
f 5434/3115/2016 5437/3109/2016 5420/3117/2016
f 5432/3117/2121 5418/3124/2130 5416/3125/2131
f 5432/3117/2121 5433/3116/2120 5418/3124/2130
f 5433/3116/2120 5415/3126/2132 5418/3124/2130
f 5433/3116/2120 5431/3118/2122 5415/3126/2132
f 5431/3118/2122 5414/3127/2133 5415/3126/2132
f 5431/3118/2122 5428/3119/2123 5414/3127/2133
f 5426/3119/2125 5413/3128/2134 5410/3127/2135
f 5426/3119/2125 5427/3120/2124 5413/3128/2134
f 5424/3120/2127 5409/3129/2136 5408/3128/2137
f 5424/3120/2127 5425/3121/2126 5409/3129/2136
f 5425/3121/2126 5407/3130/2138 5409/3129/2136
f 5425/3121/2126 5422/3122/2128 5407/3130/2138
f 5422/3122/2128 5404/3131/2139 5407/3130/2138
f 5422/3122/2128 5421/3123/2129 5404/3131/2139
f 5419/3123/2016 5403/3125/2016 5402/3131/2016
f 5419/3123/2016 5420/3117/2016 5403/3125/2016
f 5416/3125/2131 5401/3132/2140 5400/3133/2141
f 5416/3125/2131 5418/3124/2130 5401/3132/2140
f 5418/3124/2130 5398/3134/2142 5401/3132/2140
f 5418/3124/2130 5415/3126/2132 5398/3134/2142
f 5415/3126/2132 5397/3135/2143 5398/3134/2142
f 5415/3126/2132 5414/3127/2133 5397/3135/2143
f 5410/3127/2135 5396/3136/2144 5395/3135/2145
f 5410/3127/2135 5413/3128/2134 5396/3136/2144
f 5408/3128/2137 5394/3137/2146 5392/3136/2147
f 5408/3128/2137 5409/3129/2136 5394/3137/2146
f 5409/3129/2136 5391/3138/2148 5394/3137/2146
f 5409/3129/2136 5407/3130/2138 5391/3138/2148
f 5407/3130/2138 5390/3139/2149 5391/3138/2148
f 5407/3130/2138 5404/3131/2139 5390/3139/2149
f 5402/3131/2016 5389/3133/2016 5386/3139/2016
f 5402/3131/2016 5403/3125/2016 5389/3133/2016
f 5400/3133/2141 5385/3140/2150 5384/3141/2151
f 5400/3133/2141 5401/3132/2140 5385/3140/2150
f 5401/3132/2140 5383/3142/2152 5385/3140/2150
f 5401/3132/2140 5398/3134/2142 5383/3142/2152
f 5398/3134/2142 5380/3143/2153 5383/3142/2152
f 5398/3134/2142 5397/3135/2143 5380/3143/2153
f 5395/3135/2145 5379/3144/2154 5378/3143/2155
f 5395/3135/2145 5396/3136/2144 5379/3144/2154
f 5392/3136/2147 5377/3145/2156 5376/3144/2157
f 5392/3136/2147 5394/3137/2146 5377/3145/2156
f 5394/3137/2146 5374/3146/2158 5377/3145/2156
f 5394/3137/2146 5391/3138/2148 5374/3146/2158
f 5391/3138/2148 5373/3147/2159 5374/3146/2158
f 5391/3138/2148 5390/3139/2149 5373/3147/2159
f 5386/3139/2016 5372/3141/2016 5371/3147/2016
f 5386/3139/2016 5389/3133/2016 5372/3141/2016
f 5384/3141/2151 5370/3148/2160 5368/3149/2161
f 5384/3141/2151 5385/3140/2150 5370/3148/2160
f 5385/3140/2150 5367/3150/2162 5370/3148/2160
f 5385/3140/2150 5383/3142/2152 5367/3150/2162
f 5383/3142/2152 5366/3151/2163 5367/3150/2162
f 5383/3142/2152 5380/3143/2153 5366/3151/2163
f 5378/3143/2155 5365/3152/2164 5362/3151/2165
f 5378/3143/2155 5379/3144/2154 5365/3152/2164
f 5376/3144/2157 5361/3153/2166 5359/3152/2167
f 5376/3144/2157 5377/3145/2156 5361/3153/2166
f 5377/3145/2156 5355/3154/2168 5361/3153/2166
f 5377/3145/2156 5374/3146/2158 5355/3154/2168
f 5374/3146/2158 5353/3155/2169 5355/3154/2168
f 5374/3146/2158 5373/3147/2159 5353/3155/2169
f 5371/3147/2016 5352/3149/2170 5350/3155/2170
f 5371/3147/2016 5372/3141/2016 5352/3149/2170
f 5349/3156/2171 5347/3011/2172 5346/3008/2173
f 5349/3156/2171 5344/3013/2174 5347/3011/2172
f 5349/3156/2171 5343/3015/2175 5344/3013/2174
f 5349/3156/2171 5341/3017/2176 5343/3015/2175
f 5349/3156/2171 5337/3019/2177 5341/3017/2176
f 5349/3156/2171 5335/3021/2178 5337/3019/2177
f 5349/3156/2171 5331/3023/2179 5335/3021/2178
f 5349/3156/2171 5346/3008/2173 5331/3023/2179
f 5329/3157/2180 5328/3149/2181 5326/3148/2182
f 5329/3157/2180 5326/3148/2182 5325/3150/2183
f 5329/3157/2180 5325/3150/2183 5323/3151/2184
f 5329/3157/2180 5323/3151/2184 5322/3152/2185
f 5329/3157/2180 5322/3152/2185 5320/3153/2186
f 5329/3157/2180 5320/3153/2186 5319/3154/2187
f 5329/3157/2180 5319/3154/2187 5317/3155/2188
f 5329/3157/2180 5317/3155/2188 5328/3149/2181
o svetlo_ram_50
v 0.000000 1.181875 0.306998
v -0.007468 1.187925 0.309424
v 0.000000 1.187925 0.306998
v -0.007468 1.181875 0.309424
v -0.012083 1.187925 0.315776
v -0.012083 1.181875 0.315776
v -0.012083 1.181875 0.315776
v -0.012083 1.187925 0.323628
v -0.012083 1.187925 0.315776
v -0.012083 1.181875 0.323628
v -0.007468 1.187925 0.329981
v -0.007468 1.181875 0.329981
v 0.000000 1.187925 0.332408
v 0.000000 1.181875 0.332408
v 0.007468 1.187925 0.329981
v 0.007468 1.181875 0.329981
v 0.012083 1.187925 0.323628
v 0.012083 1.181875 0.323628
v 0.012083 1.187925 0.315776
v 0.012083 1.181875 0.315776
v 0.007468 1.187925 0.309424
v 0.007468 1.181875 0.309424
v -0.012705 1.139628 0.277353
v -0.010278 1.132160 0.277353
v -0.010278 1.132774 0.285149
v -0.003926 1.128215 0.285870
v -0.003926 1.127545 0.277353
v -0.003926 1.127545 0.277353
v 0.003926 1.128215 0.285870
v -0.003926 1.128215 0.285870
v 0.003926 1.127545 0.277353
v 0.010278 1.132774 0.285149
v 0.010278 1.132160 0.277353
v 0.012705 1.139628 0.277353
v 0.012705 1.139628 0.277353
v 0.010278 1.147096 0.277353
v 0.010278 1.147526 0.282812
v 0.003926 1.152084 0.282090
v 0.003926 1.151711 0.277353
v -0.003926 1.152084 0.282090
v -0.003926 1.151711 0.277353
v -0.010278 1.147526 0.282812
v -0.010278 1.147096 0.277353
v -0.012705 1.139628 0.277353
v -0.010278 1.134599 0.292752
v -0.012705 1.144246 0.296587
v -0.003926 1.130210 0.294179
v 0.003926 1.130210 0.294179
v -0.003926 1.130210 0.294179
v 0.010278 1.134599 0.292752
v 0.012705 1.144246 0.296587
v 0.010278 1.148804 0.288137
v 0.003926 1.153193 0.286711
v -0.036740 1.166481 -0.013372
v -0.029951 1.166481 -0.025132
v -0.003926 1.153193 0.286711
v -0.019549 1.166481 -0.033860
v -0.006789 1.166481 -0.038504
v 0.006789 1.166481 -0.038504
v 0.019549 1.166481 -0.033860
v 0.029951 1.166481 -0.025132
v -0.010278 1.148804 0.288137
v 0.036740 1.166481 -0.013372
v 0.000000 1.166481 -0.000000
v -0.036740 1.112120 -0.013372
v -0.036740 1.166481 -0.013372
v -0.029951 1.112120 -0.025132
v -0.029951 1.166481 -0.025132
v -0.019549 1.112120 -0.033860
v -0.019549 1.166481 -0.033860
v -0.006789 1.112120 -0.038504
v 0.006789 1.166481 -0.038504
v -0.006789 1.166481 -0.038504
v 0.006789 1.112120 -0.038504
v -0.010278 1.137592 0.299977
v 0.006789 1.112120 -0.038504
v -0.003926 1.133479 0.302072
v 0.006789 1.166481 -0.038504
v 0.019549 1.112120 -0.033860
v 0.019549 1.166481 -0.033860
v 0.029951 1.112120 -0.025132
v 0.036740 1.166481 -0.013372
v 0.003926 1.133479 0.302072
v -0.003926 1.133479 0.302072
v 0.029951 1.166481 -0.025132
v 0.036740 1.112120 -0.013372
v -0.060500 1.166656 0.004235
v -0.060500 1.166656 0.015125
v 0.010278 1.137592 0.299977
v -0.060500 1.112206 0.015125
v -0.060500 1.112206 0.004235
v 0.060500 1.166656 0.004235
v -0.060500 1.166656 0.004235
v -0.060500 1.112206 0.004235
v 0.012705 1.144246 0.296587
v 0.060500 1.112206 0.004235
v 0.060500 1.166656 0.015125
v 0.060500 1.166656 0.004235
v 0.010278 1.150900 0.293196
v 0.060500 1.112206 0.004235
v 0.003926 1.155012 0.291101
v 0.060500 1.112206 0.015125
v -0.060500 1.166656 0.015125
v 0.060500 1.166656 0.015125
v 0.060500 1.112206 0.015125
v -0.060500 1.112206 0.015125
v -0.003926 1.155012 0.291101
v -0.060500 1.166656 0.004235
v 0.060500 1.166656 0.004235
v 0.060500 1.166656 0.015125
v -0.060500 1.166656 0.015125
v 0.060500 1.112206 0.015125
v -0.010278 1.150900 0.293196
v 0.060500 1.112206 0.004235
v -0.060500 1.112206 0.004235
v -0.060500 1.112206 0.015125
v -0.060500 1.166656 -0.015125
v -0.060500 1.166656 -0.004235
v -0.012705 1.144246 0.296587
v -0.060500 1.112206 -0.004235
v -0.060500 1.112206 -0.015125
v 0.060500 1.166656 -0.015125
v -0.010278 1.141678 0.306645
v -0.060500 1.166656 -0.015125
v -0.003926 1.137944 0.309358
v -0.060500 1.112206 -0.015125
v 0.060500 1.112206 -0.015125
v 0.060500 1.166656 -0.004235
v 0.060500 1.166656 -0.015125
v 0.060500 1.112206 -0.015125
v 0.003926 1.137944 0.309358
v -0.003926 1.137944 0.309358
v 0.060500 1.112206 -0.004235
v -0.060500 1.166656 -0.004235
v 0.060500 1.166656 -0.004235
v 0.060500 1.112206 -0.004235
v 0.010278 1.141678 0.306645
v -0.060500 1.112206 -0.004235
v -0.060500 1.166656 -0.015125
v 0.060500 1.166656 -0.015125
v 0.060500 1.166656 -0.004235
v -0.060500 1.166656 -0.004235
v 0.012705 1.144246 0.296587
v 0.060500 1.112206 -0.004235
v 0.060500 1.112206 -0.015125
v -0.060500 1.112206 -0.015125
v 0.010278 1.153761 0.297866
v -0.060500 1.112206 -0.004235
v 0.003926 1.157495 0.295153
v 0.036740 1.166481 0.013372
v 0.029951 1.166481 0.025132
v 0.019549 1.166481 0.033860
v 0.006789 1.166481 0.038504
v -0.006789 1.166481 0.038504
v -0.003926 1.157495 0.295153
v -0.019549 1.166481 0.033860
v -0.029951 1.166481 0.025132
v -0.036740 1.166481 0.013372
v 0.000000 1.166481 -0.000000
v 0.036740 1.112120 0.013372
v -0.010278 1.153761 0.297866
v 0.036740 1.166481 0.013372
v 0.029951 1.112120 0.025132
v 0.029951 1.166481 0.025132
v 0.019549 1.112120 0.033860
v 0.019549 1.166481 0.033860
v -0.012705 1.144246 0.296587
v 0.006789 1.112120 0.038504
v -0.006789 1.166481 0.038504
v -0.010278 1.146757 0.312591
v -0.012705 1.157093 0.311628
v 0.006789 1.166481 0.038504
v -0.006789 1.112120 0.038504
v -0.006789 1.112120 0.038504
v -0.006789 1.166481 0.038504
v -0.003926 1.143493 0.315855
v -0.019549 1.112120 0.033860
v -0.019549 1.166481 0.033860
v -0.029951 1.112120 0.025132
v -0.036740 1.166481 0.013372
v -0.029951 1.166481 0.025132
v 0.003926 1.143493 0.315855
v -0.003926 1.143493 0.315855
v -0.036740 1.112120 0.013372
v 0.010278 1.132160 -0.000000
v 0.010278 1.132160 0.277837
v 0.003926 1.127545 -0.000000
v 0.010278 1.146757 0.312591
v 0.003926 1.127545 0.277837
v -0.003926 1.127545 -0.000000
v -0.003926 1.127545 0.277837
v -0.010278 1.132160 -0.000000
v -0.010278 1.132160 0.277837
v 0.012705 1.157093 0.311628
v -0.012705 1.139628 -0.000000
v -0.012705 1.139628 0.277837
v -0.010278 1.147096 -0.000000
v -0.010278 1.147095 0.277837
v -0.003926 1.151711 -0.000000
v 0.010278 1.157318 0.302030
v 0.003926 1.151711 0.277837
v -0.003926 1.151711 0.277837
v 0.003926 1.151711 -0.000000
v 0.003926 1.151711 -0.000000
v 0.003926 1.151711 0.277837
v 0.003926 1.160581 0.298767
v 0.010278 1.147096 -0.000000
v 0.012705 1.139628 0.277837
v 0.010278 1.147095 0.277837
v 0.012705 1.139628 -0.000000
v -0.010278 1.181995 0.312252
v -0.003926 1.160581 0.298767
v -0.003926 1.181995 0.307637
v 0.003926 1.181995 0.307637
v 0.010278 1.181995 0.312252
v 0.012705 1.181995 0.319720
v 0.010278 1.181995 0.327188
v -0.010278 1.157318 0.302030
v -0.003926 1.181995 0.331803
v 0.003926 1.181995 0.331803
v -0.003926 1.181995 0.331803
v -0.012705 1.181995 0.319720
v -0.010278 1.181995 0.327188
v -0.012705 1.175367 0.319198
v -0.010278 1.176535 0.311823
v -0.003926 1.177258 0.307264
v 0.003926 1.177258 0.307264
v 0.010278 1.176536 0.311823
v 0.012705 1.175367 0.319198
v 0.010278 1.174199 0.326574
v -0.010278 1.152703 0.317670
v -0.003926 1.173477 0.331132
v -0.003926 1.149990 0.321404
v 0.003926 1.173477 0.331132
v -0.003926 1.173477 0.331132
v -0.010278 1.174199 0.326574
v -0.010278 1.171211 0.310544
v -0.003926 1.172637 0.306154
v 0.003926 1.149990 0.321404
v -0.003926 1.149990 0.321404
v 0.003926 1.172637 0.306154
v 0.010278 1.171211 0.310544
v 0.012705 1.175367 0.319198
v 0.010278 1.166595 0.324748
v 0.010278 1.152703 0.317670
v -0.003926 1.165169 0.329138
v 0.003926 1.165169 0.329138
v -0.003926 1.165169 0.329138
v -0.012705 1.175367 0.319198
v -0.010278 1.166595 0.324748
v 0.012705 1.157093 0.311628
v -0.012705 1.157093 0.311628
v -0.010278 1.166151 0.308448
v -0.003926 1.168246 0.304336
v 0.010278 1.161482 0.305587
v 0.003926 1.168246 0.304336
v 0.003926 1.164195 0.301853
v 0.010278 1.166151 0.308448
v 0.012705 1.157093 0.311628
v 0.010278 1.159370 0.321756
v -0.003926 1.157275 0.325868
v 0.003926 1.157275 0.325868
v -0.003926 1.164195 0.301853
v -0.003926 1.157275 0.325868
v -0.010278 1.159370 0.321756
v -0.012705 1.157093 0.311628
v -0.010278 1.161482 0.305587
vn -0.0000 -0.0000 -1.0000
vn -0.5878 -0.0000 -0.8090
vn -0.8090 -0.0000 -0.5878
vn -1.0000 -0.0000 -0.0000
vn -0.9511 -0.0000 0.3090
vn -0.5878 -0.0000 0.8090
vn -0.0000 -0.0000 1.0000
vn 0.5878 -0.0000 0.8090
vn 0.9511 -0.0000 0.3090
vn 0.9511 -0.0000 -0.3090
vn 0.5878 -0.0000 -0.8090
vn -0.9508 -0.3090 0.0243
vn -0.8008 -0.5971 0.0470
vn -0.8092 -0.5796 0.0964
vn -0.5878 -0.7990 0.1266
vn -0.5866 -0.8074 0.0635
vn -0.0000 -0.9969 0.0784
vn 0.3046 -0.9408 0.1490
vn -0.0000 -0.9877 0.1564
vn 0.3037 -0.9498 0.0747
vn 0.8092 -0.5796 0.0964
vn 0.8008 -0.5971 0.0470
vn 0.9947 -0.1027 0.0079
vn 0.9508 0.3090 -0.0243
vn 0.8155 0.5769 -0.0454
vn 0.8059 0.5835 -0.0998
vn 0.3136 0.9379 -0.1485
vn 0.3128 0.9469 -0.0746
vn -0.3136 0.9379 -0.1485
vn -0.3128 0.9469 -0.0746
vn -0.8059 0.5835 -0.0998
vn -0.8155 0.5769 -0.0454
vn -0.9966 0.0826 -0.0067
vn -0.8091 -0.5602 0.1773
vn -0.9947 -0.0951 0.0396
vn -0.5878 -0.7694 0.2500
vn 0.3046 -0.9059 0.2943
vn -0.0000 -0.9511 0.3090
vn 0.8091 -0.5602 0.1773
vn 0.9966 0.0766 -0.0315
vn 0.8060 0.5652 -0.1760
vn 0.3137 0.9031 -0.2934
vn -0.3137 0.9031 -0.2934
vn -0.8059 0.5652 -0.1760
vn -0.8017 -0.5326 0.2714
vn -0.5878 -0.7208 0.3673
vn 0.3046 -0.8487 0.4324
vn -0.0000 -0.8910 0.4540
vn 0.8017 -0.5326 0.2713
vn 0.9982 -0.0602 0.0020
vn 0.8164 0.5146 -0.2622
vn 0.3136 0.8460 -0.4311
vn -0.3137 0.8460 -0.4311
vn -0.8164 0.5146 -0.2622
vn -0.9982 -0.0370 0.0475
vn -0.8092 -0.4727 0.3490
vn -0.5878 -0.6545 0.4755
vn 0.3046 -0.7706 0.5599
vn -0.0000 -0.8090 0.5878
vn 0.8092 -0.4727 0.3491
vn 0.9947 -0.0879 0.0537
vn 0.8060 0.4746 -0.3538
vn 0.3137 0.7682 -0.5581
vn -0.3137 0.7682 -0.5581
vn -0.8060 0.4746 -0.3538
vn -0.9966 0.0706 -0.0434
vn -0.8092 -0.4187 0.4123
vn -0.9947 -0.0668 0.0784
vn -0.5879 -0.5720 0.5720
vn 0.3046 -0.6735 0.6735
vn -0.0000 -0.7071 0.7071
vn 0.8092 -0.4187 0.4123
vn 0.9966 0.0540 -0.0629
vn 0.8059 0.4237 -0.4135
vn 0.3136 0.6714 -0.6714
vn -0.3137 0.6714 -0.6714
vn -0.8059 0.4237 -0.4134
vn -0.8017 -0.3513 0.4835
vn -0.5878 -0.4755 0.6545
vn 0.3046 -0.5599 0.7706
vn -0.0000 -0.5878 0.8090
vn 0.8017 -0.3513 0.4835
vn 0.9982 -0.0527 0.0292
vn 0.8164 0.3395 -0.4672
vn 0.3137 0.5581 -0.7682
vn -0.3137 0.5581 -0.7682
vn -0.8164 0.3395 -0.4672
vn -0.9982 -0.0114 0.0592
vn -0.8091 -0.2627 0.5256
vn -0.5878 -0.3673 0.7208
vn 0.3046 -0.4324 0.8487
vn -0.0000 -0.4540 0.8910
vn 0.8091 -0.2627 0.5256
vn 0.9947 -0.0540 0.0878
vn 0.9982 -0.0527 0.0291
vn 0.8059 0.2623 -0.5307
vn 0.3137 0.4310 -0.8461
vn -0.3137 0.4311 -0.8460
vn -0.8059 0.2623 -0.5307
vn -0.9966 0.0431 -0.0707
vn -0.8092 -0.1859 0.5574
vn -0.9947 -0.0239 0.1002
vn -0.5878 -0.2500 0.7694
vn 0.3046 -0.2943 0.9059
vn -0.0000 -0.3090 0.9511
vn 0.8092 -0.1859 0.5574
vn 0.9966 0.0195 -0.0805
vn 0.8060 0.1898 -0.5607
vn 0.3137 0.2934 -0.9031
vn -0.3137 0.2934 -0.9031
vn -0.8059 0.1898 -0.5607
vn -0.8017 -0.0935 0.5904
vn -0.5878 -0.1266 0.7990
vn 0.3046 -0.1490 0.9408
vn -0.0000 -0.1564 0.9877
vn 0.8017 -0.0935 0.5904
vn 0.9968 -0.0167 0.0776
vn 0.8164 0.0903 -0.5704
vn 0.3137 0.1486 -0.9378
vn -0.3137 0.1486 -0.9378
vn -0.8164 0.0903 -0.5704
vn -0.9993 0.0109 -0.0367
vn -0.8008 -0.0470 0.5971
vn -0.9999 -0.0012 0.0154
vn -0.5866 -0.0636 0.8074
vn 0.3037 -0.0748 0.9498
vn -0.0000 -0.0785 0.9969
vn 0.8008 -0.0470 0.5971
vn 0.9999 -0.0012 0.0155
vn 0.8155 0.0454 -0.5769
vn 0.3128 0.0745 -0.9469
vn -0.3128 0.0746 -0.9469
vn -0.8155 0.0454 -0.5769
vn 1.0000 -0.0000 -0.0000
vn 0.8090 0.5878 -0.0000
vn 0.5879 0.8090 -0.0000
vn 0.5878 0.8090 -0.0000
vn -0.0000 1.0000 -0.0000
vn -0.3091 0.9510 -0.0000
vn -0.3090 0.9511 -0.0000
vn -0.8090 0.5878 -0.0000
vn -0.8090 -0.5878 -0.0000
vn -0.3090 -0.9511 -0.0000
vn 0.3090 -0.9511 -0.0000
vn 0.8090 -0.5878 -0.0000
vn -0.8660 -0.0000 0.5000
vn -0.7660 -0.0000 0.6428
vn -0.7661 -0.0000 0.6428
vn -0.5000 -0.0000 0.8660
vn -0.3420 -0.0000 0.9397
vn 0.1736 -0.0000 0.9848
vn 0.5000 -0.0000 0.8660
vn 0.7661 -0.0000 0.6428
vn 0.7660 -0.0000 0.6428
vn 0.8660 -0.0000 0.5000
vn -0.0000 -1.0000 -0.0000
vn 0.8660 -0.0000 -0.5000
vn 0.7660 -0.0000 -0.6428
vn 0.7661 -0.0000 -0.6428
vn 0.5000 -0.0000 -0.8660
vn 0.3420 -0.0000 -0.9397
vn -0.1736 -0.0000 -0.9848
vn -0.5000 -0.0000 -0.8660
vn -0.7661 -0.0000 -0.6428
vn -0.7660 -0.0000 -0.6428
vn -0.8660 -0.0000 -0.5000
vt 0.750000 0.999501
vt 0.850000 0.000499
vt 0.750000 0.000499
vt 0.850000 0.999501
vt 0.950000 0.000499
vt 0.950000 0.999501
vt -0.050000 0.999501
vt 0.050000 0.000499
vt -0.050000 0.000499
vt 0.050000 0.999501
vt 0.150000 0.000499
vt 0.150000 0.999501
vt 0.250000 0.000499
vt 0.250000 0.999501
vt 0.350000 0.000499
vt 0.350000 0.999501
vt 0.450000 0.000499
vt 0.450000 0.999501
vt 0.550000 0.000499
vt 0.550000 0.999501
vt 0.650000 0.000499
vt 0.650000 0.999501
vt 0.850000 0.899600
vt 0.950000 0.899600
vt 0.050000 0.899600
vt -0.050000 0.899600
vt 0.150000 0.899600
vt 0.250000 0.899600
vt 0.350000 0.899600
vt 0.450000 0.899600
vt 0.550000 0.899600
vt 0.650000 0.899600
vt 0.750000 0.899600
vt 0.850000 0.799700
vt 0.750000 0.799700
vt 0.950000 0.799700
vt 0.050000 0.799700
vt -0.050000 0.799700
vt 0.150000 0.799700
vt 0.250000 0.799700
vt 0.350000 0.799700
vt 0.450000 0.799700
vt 0.550000 0.799700
vt 0.650000 0.799700
vt 0.850000 0.699800
vt 0.950000 0.699800
vt 0.050000 0.699800
vt -0.050000 0.699800
vt 0.150000 0.699800
vt 0.250000 0.699800
vt 0.350000 0.699800
vt 0.450000 0.699800
vt 0.550000 0.699800
vt 0.650000 0.699800
vt 0.750000 0.699800
vt 0.850000 0.599900
vt 0.950000 0.599900
vt 0.050000 0.599900
vt -0.050000 0.599900
vt 0.150000 0.599900
vt 0.250000 0.599900
vt 0.350000 0.599900
vt 0.450000 0.599900
vt 0.550000 0.599900
vt 0.650000 0.599900
vt 0.750000 0.599900
vt 0.850000 0.500000
vt 0.750000 0.500000
vt 0.950000 0.500000
vt 0.050000 0.500000
vt -0.050000 0.500000
vt 0.150000 0.500000
vt 0.250000 0.500000
vt 0.350000 0.500000
vt 0.450000 0.500000
vt 0.550000 0.500000
vt 0.650000 0.500000
vt 0.850000 0.400100
vt 0.950000 0.400100
vt 0.050000 0.400100
vt -0.050000 0.400100
vt 0.150000 0.400100
vt 0.250000 0.400100
vt 0.350000 0.400100
vt 0.450000 0.400100
vt 0.550000 0.400100
vt 0.650000 0.400100
vt 0.750000 0.400100
vt 0.850000 0.300200
vt 0.950000 0.300200
vt 0.050000 0.300200
vt -0.050000 0.300200
vt 0.150000 0.300200
vt 0.250000 0.300200
vt 0.350000 0.300200
vt 0.450000 0.300200
vt 0.550000 0.300200
vt 0.650000 0.300200
vt 0.750000 0.300200
vt 0.850000 0.200300
vt 0.750000 0.200300
vt 0.950000 0.200300
vt 0.050000 0.200300
vt -0.050000 0.200300
vt 0.150000 0.200300
vt 0.250000 0.200300
vt 0.350000 0.200300
vt 0.450000 0.200300
vt 0.550000 0.200300
vt 0.650000 0.200300
vt 0.850000 0.100400
vt 0.950000 0.100400
vt 0.050000 0.100400
vt -0.050000 0.100400
vt 0.150000 0.100400
vt 0.250000 0.100400
vt 0.350000 0.100400
vt 0.450000 0.100400
vt 0.550000 0.100400
vt 0.650000 0.100400
vt 0.750000 0.100400
vt 0.850000 0.000500
vt 0.750000 0.000500
vt 0.950000 0.000500
vt 0.050000 0.000500
vt -0.050000 0.000500
vt 0.150000 0.000500
vt 0.250000 0.000500
vt 0.350000 0.000500
vt 0.450000 0.000500
vt 0.550000 0.000500
vt 0.650000 0.000500
vt 0.805556 0.999500
vt 0.861111 0.000500
vt 0.805556 0.000500
vt 0.861111 0.999500
vt 0.916667 0.000500
vt 0.916667 0.999500
vt 0.972222 0.000500
vt 0.972222 0.999500
vt -0.027778 0.999500
vt 0.027778 0.000500
vt -0.027778 0.000500
vt 0.027778 0.999500
vt 0.083333 0.000500
vt 0.083333 0.999500
vt 0.138889 0.000500
vt 0.138889 0.999500
vt 0.194444 0.000500
vt 0.194444 0.999500
vt 0.316425 0.374396
vt 0.423545 0.334806
vt 0.403750 0.299992
vt 0.373422 0.274151
vt 0.336220 0.260402
vt 0.296630 0.260402
vt 0.259428 0.274151
vt 0.229100 0.299992
vt 0.209305 0.334806
vt 0.999501 0.999498
vt 0.999500 0.000500
vt 0.000500 0.000502
vt 0.000500 0.999500
vt 0.000500 0.999498
vt 0.999500 0.999500
vt 0.999501 0.000502
vt 0.000500 0.000500
vt 0.000500 0.999501
vt 0.999500 0.999501
vt 0.999498 0.999501
vt 0.999498 0.000500
s 1
usemtl stozar
f 5560/3158/2189 5561/3159/2190 5562/3160/2189
f 5560/3158/2189 5563/3161/2190 5561/3159/2190
f 5563/3161/2190 5564/3162/2191 5561/3159/2190
f 5563/3161/2190 5565/3163/2191 5564/3162/2191
f 5566/3164/2192 5567/3165/2193 5568/3166/2192
f 5566/3164/2192 5569/3167/2193 5567/3165/2193
f 5569/3167/2193 5570/3168/2194 5567/3165/2193
f 5569/3167/2193 5571/3169/2194 5570/3168/2194
f 5571/3169/2194 5572/3170/2195 5570/3168/2194
f 5571/3169/2194 5573/3171/2195 5572/3170/2195
f 5573/3171/2195 5574/3172/2196 5572/3170/2195
f 5573/3171/2195 5575/3173/2196 5574/3172/2196
f 5575/3173/2196 5576/3174/2197 5574/3172/2196
f 5575/3173/2196 5577/3175/2197 5576/3174/2197
f 5577/3175/2197 5578/3176/2198 5576/3174/2197
f 5577/3175/2197 5579/3177/2198 5578/3176/2198
f 5579/3177/2198 5580/3178/2199 5578/3176/2198
f 5579/3177/2198 5581/3179/2199 5580/3178/2199
f 5581/3179/2199 5562/3160/2189 5580/3178/2199
f 5581/3179/2199 5560/3158/2189 5562/3160/2189
f 5582/3158/2200 5583/3161/2201 5584/3180/2202
f 5583/3161/2201 5585/3181/2203 5584/3180/2202
f 5583/3161/2201 5586/3163/2204 5585/3181/2203
f 5587/3164/2205 5588/3182/2206 5589/3183/2207
f 5587/3164/2205 5590/3167/2208 5588/3182/2206
f 5590/3167/2208 5591/3184/2209 5588/3182/2206
f 5590/3167/2208 5592/3169/2210 5591/3184/2209
f 5592/3169/2210 5593/3185/2211 5591/3184/2209
f 5594/3171/2212 5595/3173/2213 5596/3186/2214
f 5595/3173/2213 5597/3187/2215 5596/3186/2214
f 5595/3173/2213 5598/3175/2216 5597/3187/2215
f 5598/3175/2216 5599/3188/2217 5597/3187/2215
f 5598/3175/2216 5600/3177/2218 5599/3188/2217
f 5600/3177/2218 5601/3189/2219 5599/3188/2217
f 5600/3177/2218 5602/3179/2220 5601/3189/2219
f 5602/3179/2220 5603/3190/2221 5601/3189/2219
f 5603/3190/2221 5604/3191/2222 5605/3192/2223
f 5603/3190/2221 5584/3180/2202 5604/3191/2222
f 5584/3180/2202 5606/3193/2224 5604/3191/2222
f 5584/3180/2202 5585/3181/2203 5606/3193/2224
f 5589/3183/2207 5607/3194/2225 5608/3195/2226
f 5589/3183/2207 5588/3182/2206 5607/3194/2225
f 5588/3182/2206 5609/3196/2227 5607/3194/2225
f 5588/3182/2206 5591/3184/2209 5609/3196/2227
f 5591/3184/2209 5610/3197/2228 5609/3196/2227
f 5591/3184/2209 5593/3185/2211 5610/3197/2228
f 5593/3185/2211 5611/3198/2229 5610/3197/2228
f 5593/3185/2211 5596/3186/2214 5611/3198/2229
f 5596/3186/2214 5612/3199/2230 5611/3198/2229
f 5596/3186/2214 5597/3187/2215 5612/3199/2230
f 5597/3187/2215 5615/3200/2231 5612/3199/2230
f 5597/3187/2215 5599/3188/2217 5615/3200/2231
f 5599/3188/2217 5621/3201/2232 5615/3200/2231
f 5599/3188/2217 5601/3189/2219 5621/3201/2232
f 5601/3189/2219 5605/3192/2223 5621/3201/2232
f 5601/3189/2219 5603/3190/2221 5605/3192/2223
f 5605/3192/2223 5604/3191/2222 5634/3202/2233
f 5604/3191/2222 5636/3203/2234 5634/3202/2233
f 5604/3191/2222 5606/3193/2224 5636/3203/2234
f 5608/3195/2226 5642/3204/2235 5643/3205/2236
f 5608/3195/2226 5607/3194/2225 5642/3204/2235
f 5607/3194/2225 5648/3206/2237 5642/3204/2235
f 5607/3194/2225 5609/3196/2227 5648/3206/2237
f 5609/3196/2227 5654/3207/2238 5648/3206/2237
f 5610/3197/2228 5611/3198/2229 5658/3208/2239
f 5611/3198/2229 5660/3209/2240 5658/3208/2239
f 5611/3198/2229 5612/3199/2230 5660/3209/2240
f 5612/3199/2230 5666/3210/2241 5660/3209/2240
f 5612/3199/2230 5615/3200/2231 5666/3210/2241
f 5615/3200/2231 5672/3211/2242 5666/3210/2241
f 5615/3200/2231 5621/3201/2232 5672/3211/2242
f 5621/3201/2232 5678/3212/2243 5672/3211/2242
f 5678/3212/2243 5634/3202/2233 5682/3213/2244
f 5634/3202/2233 5684/3214/2245 5682/3213/2244
f 5634/3202/2233 5636/3203/2234 5684/3214/2245
f 5643/3205/2236 5690/3215/2246 5691/3216/2247
f 5643/3205/2236 5642/3204/2235 5690/3215/2246
f 5642/3204/2235 5696/3217/2248 5690/3215/2246
f 5642/3204/2235 5648/3206/2237 5696/3217/2248
f 5648/3206/2237 5702/3218/2249 5696/3217/2248
f 5654/3207/2238 5658/3208/2239 5706/3219/2250
f 5658/3208/2239 5708/3220/2251 5706/3219/2250
f 5658/3208/2239 5660/3209/2240 5708/3220/2251
f 5660/3209/2240 5714/3221/2252 5708/3220/2251
f 5660/3209/2240 5666/3210/2241 5714/3221/2252
f 5666/3210/2241 5720/3222/2253 5714/3221/2252
f 5666/3210/2241 5672/3211/2242 5720/3222/2253
f 5672/3211/2242 5726/3223/2254 5720/3222/2253
f 5726/3223/2254 5729/3224/2255 5730/3225/2256
f 5726/3223/2254 5682/3213/2244 5729/3224/2255
f 5682/3213/2244 5735/3226/2257 5729/3224/2255
f 5682/3213/2244 5684/3214/2245 5735/3226/2257
f 5691/3216/2247 5741/3227/2258 5742/3228/2259
f 5691/3216/2247 5690/3215/2246 5741/3227/2258
f 5690/3215/2246 5747/3229/2260 5741/3227/2258
f 5690/3215/2246 5696/3217/2248 5747/3229/2260
f 5696/3217/2248 5753/3230/2261 5747/3229/2260
f 5696/3217/2248 5702/3218/2249 5753/3230/2261
f 5702/3218/2249 5759/3231/2262 5753/3230/2261
f 5702/3218/2249 5706/3219/2250 5759/3231/2262
f 5706/3219/2250 5765/3232/2263 5759/3231/2262
f 5706/3219/2250 5708/3220/2251 5765/3232/2263
f 5708/3220/2251 5771/3233/2264 5765/3232/2263
f 5708/3220/2251 5714/3221/2252 5771/3233/2264
f 5714/3221/2252 5777/3234/2265 5771/3233/2264
f 5714/3221/2252 5720/3222/2253 5777/3234/2265
f 5720/3222/2253 5730/3225/2256 5777/3234/2265
f 5720/3222/2253 5726/3223/2254 5730/3225/2256
f 5730/3225/2256 5729/3224/2255 5790/3235/2266
f 5729/3224/2255 5792/3236/2267 5790/3235/2266
f 5729/3224/2255 5735/3226/2257 5792/3236/2267
f 5742/3228/2259 5798/3237/2268 5799/3238/2269
f 5742/3228/2259 5741/3227/2258 5798/3237/2268
f 5741/3227/2258 5804/3239/2270 5798/3237/2268
f 5741/3227/2258 5747/3229/2260 5804/3239/2270
f 5747/3229/2260 5810/3240/2271 5804/3239/2270
f 5753/3230/2261 5759/3231/2262 5814/3241/2272
f 5759/3231/2262 5816/3242/2273 5814/3241/2272
f 5759/3231/2262 5765/3232/2263 5816/3242/2273
f 5765/3232/2263 5822/3243/2274 5816/3242/2273
f 5765/3232/2263 5771/3233/2264 5822/3243/2274
f 5771/3233/2264 5826/3244/2275 5822/3243/2274
f 5771/3233/2264 5777/3234/2265 5826/3244/2275
f 5777/3234/2265 5825/3245/2276 5826/3244/2275
f 5825/3245/2276 5790/3235/2266 5824/3246/2277
f 5790/3235/2266 5823/3247/2278 5824/3246/2277
f 5790/3235/2266 5792/3236/2267 5823/3247/2278
f 5799/3238/2269 5821/3248/2279 5820/3249/2280
f 5799/3238/2269 5798/3237/2268 5821/3248/2279
f 5798/3237/2268 5819/3250/2281 5821/3248/2279
f 5798/3237/2268 5804/3239/2270 5819/3250/2281
f 5804/3239/2270 5818/3251/2282 5819/3250/2281
f 5810/3240/2283 5814/3241/2272 5817/3252/2284
f 5814/3241/2272 5815/3253/2285 5817/3252/2284
f 5814/3241/2272 5816/3242/2273 5815/3253/2285
f 5816/3242/2273 5813/3254/2286 5815/3253/2285
f 5816/3242/2273 5822/3243/2274 5813/3254/2286
f 5822/3243/2274 5812/3255/2287 5813/3254/2286
f 5822/3243/2274 5826/3244/2275 5812/3255/2287
f 5826/3244/2275 5811/3256/2288 5812/3255/2287
f 5811/3256/2288 5809/3257/2289 5808/3258/2290
f 5811/3256/2288 5824/3246/2277 5809/3257/2289
f 5824/3246/2277 5807/3259/2291 5809/3257/2289
f 5824/3246/2277 5823/3247/2278 5807/3259/2291
f 5820/3249/2280 5806/3260/2292 5805/3261/2293
f 5820/3249/2280 5821/3248/2279 5806/3260/2292
f 5821/3248/2279 5803/3262/2294 5806/3260/2292
f 5821/3248/2279 5819/3250/2281 5803/3262/2294
f 5819/3250/2281 5802/3263/2295 5803/3262/2294
f 5819/3250/2281 5818/3251/2282 5802/3263/2295
f 5818/3251/2282 5801/3264/2296 5802/3263/2295
f 5818/3251/2282 5817/3252/2284 5801/3264/2296
f 5817/3252/2284 5800/3265/2297 5801/3264/2296
f 5817/3252/2284 5815/3253/2285 5800/3265/2297
f 5815/3253/2285 5797/3266/2298 5800/3265/2297
f 5815/3253/2285 5813/3254/2286 5797/3266/2298
f 5813/3254/2286 5796/3267/2299 5797/3266/2298
f 5813/3254/2286 5812/3255/2287 5796/3267/2299
f 5812/3255/2287 5808/3258/2290 5796/3267/2299
f 5812/3255/2287 5811/3256/2288 5808/3258/2290
f 5808/3258/2290 5809/3257/2289 5795/3268/2300
f 5809/3257/2289 5794/3269/2301 5795/3268/2300
f 5809/3257/2289 5807/3259/2291 5794/3269/2301
f 5805/3261/2293 5793/3270/2302 5791/3271/2303
f 5805/3261/2293 5806/3260/2292 5793/3270/2302
f 5806/3260/2292 5789/3272/2304 5793/3270/2302
f 5806/3260/2292 5803/3262/2294 5789/3272/2304
f 5803/3262/2294 5788/3273/2305 5789/3272/2304
f 5802/3263/2295 5801/3264/2296 5787/3274/2306
f 5801/3264/2296 5786/3275/2307 5787/3274/2306
f 5801/3264/2296 5800/3265/2297 5786/3275/2307
f 5800/3265/2297 5785/3276/2308 5786/3275/2307
f 5800/3265/2297 5797/3266/2298 5785/3276/2308
f 5797/3266/2298 5784/3277/2309 5785/3276/2308
f 5797/3266/2298 5796/3267/2299 5784/3277/2309
f 5796/3267/2299 5783/3278/2310 5784/3277/2309
f 5783/3278/2310 5782/3279/2311 5781/3280/2312
f 5783/3278/2310 5795/3268/2300 5782/3279/2311
f 5795/3268/2300 5780/3281/2313 5782/3279/2311
f 5795/3268/2300 5794/3269/2301 5780/3281/2313
f 5791/3271/2303 5779/3282/2314 5778/3283/2315
f 5791/3271/2303 5793/3270/2302 5779/3282/2314
f 5793/3270/2302 5776/3284/2316 5779/3282/2314
f 5793/3270/2302 5789/3272/2304 5776/3284/2316
f 5789/3272/2304 5775/3285/2317 5776/3284/2316
f 5789/3272/2304 5788/3273/2305 5775/3285/2317
f 5788/3273/2305 5774/3286/2318 5775/3285/2317
f 5788/3273/2305 5787/3274/2306 5774/3286/2318
f 5787/3274/2306 5773/3287/2319 5774/3286/2318
f 5787/3274/2306 5786/3275/2307 5773/3287/2319
f 5786/3275/2307 5772/3288/2320 5773/3287/2319
f 5786/3275/2307 5785/3276/2308 5772/3288/2320
f 5785/3276/2308 5770/3289/2321 5772/3288/2320
f 5785/3276/2308 5784/3277/2309 5770/3289/2321
f 5784/3277/2309 5781/3280/2312 5770/3289/2321
f 5784/3277/2309 5783/3278/2310 5781/3280/2312
f 5769/3158/2322 5768/3159/2323 5767/3160/2322
f 5769/3158/2322 5766/3161/2323 5768/3159/2323
f 5766/3161/2323 5764/3162/2324 5768/3159/2323
f 5766/3161/2323 5763/3163/2325 5764/3162/2324
f 5762/3164/2326 5761/3165/2327 5760/3166/2326
f 5762/3164/2326 5758/3167/2328 5761/3165/2327
f 5758/3167/2328 5757/3168/2329 5761/3165/2327
f 5758/3167/2328 5756/3169/2329 5757/3168/2329
f 5756/3169/2329 5755/3170/2192 5757/3168/2329
f 5756/3169/2329 5754/3171/2192 5755/3170/2192
f 5754/3171/2192 5752/3172/2330 5755/3170/2192
f 5754/3171/2192 5751/3173/2330 5752/3172/2330
f 5751/3173/2330 5750/3174/2331 5752/3172/2330
f 5751/3173/2330 5749/3175/2331 5750/3174/2331
f 5749/3175/2331 5748/3176/2332 5750/3174/2331
f 5749/3175/2331 5746/3177/2332 5748/3176/2332
f 5746/3177/2332 5745/3178/2333 5748/3176/2332
f 5746/3177/2332 5744/3179/2333 5745/3178/2333
f 5744/3179/2333 5767/3160/2322 5745/3178/2333
f 5744/3179/2333 5769/3158/2322 5767/3160/2322
f 5743/3290/2334 5740/3291/2335 5739/3292/2334
f 5743/3290/2334 5738/3293/2336 5740/3291/2335
f 5738/3293/2336 5737/3294/2337 5740/3291/2335
f 5738/3293/2336 5736/3295/2337 5737/3294/2337
f 5736/3295/2337 5734/3296/2338 5737/3294/2337
f 5736/3295/2337 5733/3297/2338 5734/3296/2338
f 5732/3298/2195 5731/3299/2339 5728/3300/2195
f 5732/3298/2195 5727/3301/2339 5731/3299/2339
f 5727/3301/2339 5725/3302/2340 5731/3299/2339
f 5727/3301/2339 5724/3303/2340 5725/3302/2340
f 5724/3303/2340 5723/3304/2341 5725/3302/2340
f 5724/3303/2340 5722/3305/2342 5723/3304/2341
f 5722/3305/2342 5721/3306/2343 5723/3304/2341
f 5722/3305/2342 5719/3307/2343 5721/3306/2343
f 5718/3308/2326 5717/3309/2326 5716/3310/2326
f 5718/3308/2326 5716/3310/2326 5715/3311/2326
f 5718/3308/2326 5715/3311/2326 5713/3312/2326
f 5718/3308/2326 5713/3312/2326 5712/3313/2326
f 5718/3308/2326 5712/3313/2326 5711/3314/2326
f 5718/3308/2326 5711/3314/2326 5710/3315/2326
f 5718/3308/2326 5710/3315/2326 5709/3316/2326
f 5707/3317/2344 5705/3318/2344 5704/3319/2344
f 5704/3319/2344 5703/3320/2344 5707/3317/2344
f 5701/3321/2326 5700/3322/2326 5699/3323/2326
f 5699/3323/2326 5698/3324/2326 5701/3321/2326
f 5697/3325/2195 5695/3326/2195 5694/3318/2195
f 5694/3318/2195 5693/3324/2195 5697/3325/2195
f 5692/3325/2322 5689/3327/2322 5688/3328/2322
f 5688/3328/2322 5687/3324/2322 5692/3325/2322
f 5686/3325/2189 5685/3326/2189 5683/3318/2189
f 5683/3318/2189 5681/3324/2189 5686/3325/2189
f 5680/3325/2192 5679/3327/2192 5677/3328/2192
f 5677/3328/2192 5676/3324/2192 5680/3325/2192
f 5675/3317/2344 5674/3318/2344 5673/3319/2344
f 5673/3319/2344 5671/3320/2344 5675/3317/2344
f 5670/3321/2326 5669/3322/2326 5668/3323/2326
f 5668/3323/2326 5667/3324/2326 5670/3321/2326
f 5665/3325/2195 5664/3326/2195 5663/3318/2195
f 5663/3318/2195 5662/3324/2195 5665/3325/2195
f 5661/3325/2322 5659/3327/2322 5657/3328/2322
f 5657/3328/2322 5656/3324/2322 5661/3325/2322
f 5655/3325/2189 5653/3326/2189 5652/3318/2189
f 5652/3318/2189 5651/3324/2189 5655/3325/2189
f 5650/3325/2192 5649/3327/2192 5647/3328/2192
f 5647/3328/2192 5646/3324/2192 5650/3325/2192
f 5645/3290/2345 5644/3291/2346 5641/3292/2345
f 5645/3290/2345 5640/3293/2347 5644/3291/2346
f 5640/3293/2347 5639/3294/2348 5644/3291/2346
f 5640/3293/2347 5638/3295/2348 5639/3294/2348
f 5638/3295/2348 5637/3296/2349 5639/3294/2348
f 5638/3295/2348 5635/3297/2349 5637/3296/2349
f 5633/3298/2189 5632/3299/2350 5631/3300/2189
f 5633/3298/2189 5630/3301/2350 5632/3299/2350
f 5630/3301/2350 5629/3302/2351 5632/3299/2350
f 5630/3301/2350 5628/3303/2351 5629/3302/2351
f 5628/3303/2351 5627/3304/2352 5629/3302/2351
f 5628/3303/2351 5626/3305/2353 5627/3304/2352
f 5626/3305/2353 5625/3306/2354 5627/3304/2352
f 5626/3305/2353 5624/3307/2354 5625/3306/2354
f 5623/3308/2326 5622/3309/2326 5620/3310/2326
f 5623/3308/2326 5620/3310/2326 5619/3311/2326
f 5623/3308/2326 5619/3311/2326 5618/3312/2326
f 5623/3308/2326 5618/3312/2326 5617/3313/2326
f 5623/3308/2326 5617/3313/2326 5616/3314/2326
f 5623/3308/2326 5616/3314/2326 5614/3315/2326
f 5623/3308/2326 5614/3315/2326 5613/3316/2326
o svetlo_base_back_50
v 0.063513 1.270141 0.365042
v 0.125108 1.292203 0.365042
v 0.127038 1.270141 0.365042
v 0.053611 1.260686 0.360112
v 0.062548 1.281172 0.365042
v 0.080422 1.255958 0.360112
v 0.051154 1.251518 0.360112
v 0.119376 1.313595 0.365042
v 0.076737 1.242206 0.360112
v 0.047143 1.242915 0.360112
v 0.059682 1.291868 0.365042
v 0.070721 1.229303 0.360112
v 0.041699 1.235141 0.360112
v 0.110017 1.333665 0.365042
v 0.062555 1.217641 0.360112
v 0.034988 1.228429 0.360112
v 0.055003 1.301903 0.365042
v 0.052488 1.207574 0.360112
v 0.027213 1.222986 0.360112
v 0.097314 1.351807 0.365042
v 0.040826 1.199408 0.360112
v 0.018611 1.218974 0.360112
v 0.048651 1.310974 0.365042
v 0.027923 1.193391 0.360112
v 0.009443 1.216518 0.360112
v 0.081654 1.367467 0.365042
v 0.014171 1.188038 0.360112
v -0.000012 1.215690 0.360112
v 0.040822 1.318804 0.365042
v -0.000012 1.183109 0.360112
v -0.009467 1.216518 0.360112
v 0.063513 1.380169 0.365042
v -0.014195 1.188038 0.360112
v -0.018635 1.218974 0.360112
v 0.031751 1.325155 0.365042
v -0.027946 1.193391 0.360112
v -0.027237 1.222986 0.360112
v 0.043442 1.389529 0.365042
v -0.040849 1.199408 0.360112
v -0.035012 1.228429 0.360112
v 0.021715 1.329835 0.365042
v -0.052511 1.207574 0.360112
v -0.041723 1.235141 0.360112
v 0.022050 1.395261 0.365042
v -0.062578 1.217641 0.360112
v -0.047167 1.242915 0.360112
v 0.011019 1.332700 0.365042
v -0.070744 1.229303 0.360112
v -0.051178 1.251518 0.360112
v -0.000012 1.397191 0.365042
v -0.076761 1.242206 0.360112
v -0.053635 1.260686 0.360112
v -0.000012 1.333665 0.365042
v -0.080446 1.255958 0.360112
v -0.054462 1.270141 0.360112
v -0.022074 1.395261 0.365042
v -0.081687 1.270141 0.360112
v -0.053635 1.279596 0.360112
v -0.011043 1.332700 0.365042
v -0.080446 1.284323 0.360112
v -0.051178 1.288764 0.360112
v -0.043465 1.389529 0.365042
v -0.078962 1.298140 0.360112
v -0.045793 1.297366 0.360112
v -0.021739 1.329835 0.365042
v -0.076913 1.312573 0.360112
v -0.041723 1.305140 0.360112
v -0.063537 1.380169 0.365042
v -0.065052 1.322606 0.360163
v -0.035012 1.311852 0.360112
v -0.031774 1.325155 0.365042
v -0.052511 1.332707 0.360112
v -0.027237 1.317296 0.360163
v -0.081678 1.367467 0.365042
v -0.040849 1.340873 0.360112
v -0.018635 1.321307 0.360163
v -0.040845 1.318804 0.365042
v -0.027946 1.346890 0.360112
v -0.009467 1.323763 0.360163
v -0.097337 1.351807 0.365042
v -0.014195 1.350575 0.360112
v -0.000012 1.324591 0.360163
v -0.048675 1.310974 0.365042
v -0.000012 1.351815 0.360112
v 0.009443 1.323763 0.360163
v -0.110040 1.333665 0.365042
v 0.014171 1.350575 0.360112
v 0.018611 1.321307 0.360163
v -0.055026 1.301903 0.365042
v 0.027923 1.346890 0.360112
v 0.027213 1.317296 0.360163
v -0.119399 1.313595 0.365042
v 0.040826 1.340873 0.360112
v 0.034988 1.311852 0.360112
v -0.059706 1.291867 0.365042
v 0.052488 1.332708 0.360112
v 0.041699 1.305140 0.360112
v -0.125132 1.292202 0.365042
v 0.065542 1.323238 0.360163
v 0.045770 1.297366 0.360112
v -0.062572 1.281172 0.365042
v 0.078502 1.312491 0.360112
v 0.051154 1.288764 0.360112
v -0.127062 1.270141 0.365042
v 0.079897 1.297834 0.360112
v 0.053611 1.279596 0.360112
v -0.063537 1.270141 0.365042
v 0.081663 1.270141 0.360112
v 0.080422 1.284323 0.360112
v -0.125132 1.248079 0.365042
v 0.054438 1.270141 0.360112
v 0.062548 1.259110 0.365042
v -0.062572 1.259110 0.365042
v 0.125108 1.248079 0.365042
v 0.059682 1.248414 0.365042
v -0.119399 1.226687 0.365042
v 0.119376 1.226687 0.365042
v 0.055003 1.238378 0.365042
v -0.059706 1.248414 0.365042
v 0.110017 1.206616 0.365042
v 0.048651 1.229308 0.365042
v -0.110040 1.206615 0.365042
v 0.097314 1.188475 0.365042
v 0.040822 1.221478 0.365042
v -0.055026 1.238378 0.365042
v 0.081654 1.172815 0.365042
v 0.031751 1.215127 0.365042
v -0.097337 1.188475 0.365042
v 0.063513 1.160112 0.365042
v 0.021715 1.210447 0.365042
v -0.048675 1.229308 0.365042
v 0.043442 1.150753 0.365042
v 0.011019 1.207581 0.365042
v -0.081678 1.172815 0.365042
v 0.022050 1.145021 0.365042
v -0.000012 1.206615 0.365042
v -0.040845 1.221478 0.365042
v -0.000012 1.143091 0.365042
v -0.011043 1.207581 0.365042
v -0.063537 1.160112 0.365042
v -0.022074 1.145021 0.365042
v -0.021739 1.210447 0.365042
v -0.031774 1.215127 0.365042
v -0.043465 1.150753 0.365042
vn -0.0000 -0.0000 -1.0000
vn -0.0007 0.0015 -1.0000
vn 0.0003 0.0008 -1.0000
vn 0.0007 0.0011 -1.0000
vn 0.0013 0.0002 -1.0000
vn 0.0013 -0.0005 -1.0000
vn -0.0020 0.0004 -1.0000
vn -0.0010 -0.0007 -1.0000
vn -0.0033 -0.0003 -1.0000
vn -0.0006 -0.0018 -1.0000
vn -0.0003 -0.0018 -1.0000
vn -0.0000 -0.0019 -1.0000
vn 0.0003 -0.0018 -1.0000
vn 0.0006 -0.0018 -1.0000
vn 0.0009 -0.0016 -1.0000
vn 0.0020 0.0001 -1.0000
vn -0.0004 -0.0013 -1.0000
vn 0.0013 0.0018 -1.0000
vn -0.0004 0.0018 -1.0000
vn -0.0005 0.0011 -1.0000
vn 0.0003 0.0015 -1.0000
vt 0.749750 0.500000
vt 0.991912 0.586737
vt 0.999500 0.500000
vt 0.745956 0.543369
vt 0.969377 0.670839
vt 0.734688 0.585420
vt 0.932580 0.749750
vt 0.716290 0.624875
vt 0.691320 0.660536
vt 0.882640 0.821073
vt 0.821073 0.882639
vt 0.660536 0.691320
vt 0.749750 0.932580
vt 0.624875 0.716290
vt 0.670839 0.969377
vt 0.585420 0.734688
vt 0.586737 0.991912
vt 0.543369 0.745956
vt 0.500000 0.749750
vt 0.413263 0.991912
vt 0.500000 0.999500
vt 0.456631 0.745956
vt 0.375125 0.716290
vt 0.178927 0.882640
vt 0.250250 0.932580
vt 0.339464 0.691320
vt 0.117361 0.821073
vt 0.308680 0.660536
vt 0.067420 0.749750
vt 0.283710 0.624875
vt 0.030623 0.670839
vt 0.250250 0.500000
vt 0.008088 0.413263
vt 0.000500 0.500000
vt 0.265312 0.414580
vt 0.283710 0.375125
vt 0.067420 0.250250
vt 0.308680 0.339464
vt 0.339464 0.308680
vt 0.178927 0.117360
vt 0.375125 0.283710
vt 0.250250 0.067420
vt 0.329161 0.030623
vt 0.414580 0.265312
vt 0.413263 0.008088
vt 0.456631 0.254044
vt 0.500000 0.000500
vt 0.500000 0.250250
vt 0.543369 0.254044
vt 0.670839 0.030623
vt 0.586737 0.008088
vt 0.585420 0.265312
vt 0.749750 0.067420
vt 0.624875 0.283710
vt 0.660536 0.308680
vt 0.691320 0.339464
vt 0.882640 0.178927
vt 0.932580 0.250250
vt 0.716290 0.375125
vt 0.969377 0.329161
vt 0.734688 0.414580
vt 0.991912 0.413263
vt 0.745956 0.456631
vt 0.833000 0.500000
vt 0.827941 0.557825
vt 0.812918 0.613893
vt 0.788387 0.666500
vt 0.755093 0.714048
vt 0.821073 0.882640
vt 0.714048 0.755093
vt 0.666500 0.788387
vt 0.613893 0.812918
vt 0.557825 0.827941
vt 0.500000 0.999501
vt 0.500000 0.833000
vt 0.442175 0.827941
vt 0.329161 0.969377
vt 0.386107 0.812918
vt 0.333500 0.788387
vt 0.285952 0.755093
vt 0.117360 0.821073
vt 0.244907 0.714049
vt 0.211613 0.666500
vt 0.187082 0.613893
vt 0.008088 0.586737
vt 0.172059 0.557825
vt 0.167000 0.500000
vt 0.172059 0.442175
vt 0.030623 0.329161
vt 0.187082 0.386107
vt 0.211613 0.333500
vt 0.117360 0.178927
vt 0.244907 0.285952
vt 0.178927 0.117361
vt 0.285951 0.244907
vt 0.333500 0.211613
vt 0.386107 0.187082
vt 0.442175 0.172059
vt 0.500000 0.167000
vt 0.557825 0.172059
vt 0.613893 0.187082
vt 0.666500 0.211613
vt 0.821073 0.117361
vt 0.714048 0.244907
vt 0.882639 0.178927
vt 0.755093 0.285952
vt 0.788387 0.333500
vt 0.812918 0.386107
vt 0.827941 0.442175
vt 0.414580 0.734688
vt 0.265312 0.585420
vt 0.254044 0.543369
vt 0.254044 0.456631
vt 0.821073 0.117360
s 1
usemtl zadek_a.001
f 5827/3329/2355 5828/3330/2355 5829/3331/2355
f 5827/3329/2355 5831/3332/2355 5828/3330/2355
f 5831/3332/2355 5834/3333/2355 5828/3330/2355
f 5831/3332/2355 5837/3334/2355 5834/3333/2355
f 5837/3334/2355 5840/3335/2355 5834/3333/2355
f 5837/3334/2355 5843/3336/2355 5840/3335/2355
f 5843/3336/2355 5849/3337/2355 5846/3338/2355
f 5849/3337/2355 5852/3339/2355 5846/3338/2355
f 5849/3337/2355 5855/3340/2355 5852/3339/2355
f 5855/3340/2355 5858/3341/2355 5852/3339/2355
f 5855/3340/2355 5861/3342/2355 5858/3341/2355
f 5861/3342/2355 5864/3343/2355 5858/3341/2355
f 5867/3344/2355 5870/3345/2355 5864/3343/2355
f 5867/3344/2355 5873/3346/2355 5870/3345/2355
f 5879/3347/2355 5882/3348/2355 5876/3349/2355
f 5879/3347/2355 5885/3350/2355 5882/3348/2355
f 5897/3351/2355 5900/3352/2355 5894/3353/2355
f 5897/3351/2355 5903/3354/2355 5900/3352/2355
f 5903/3354/2355 5906/3355/2355 5900/3352/2355
f 5909/3356/2355 5912/3357/2355 5906/3355/2355
f 5909/3356/2355 5915/3358/2355 5912/3357/2355
f 5915/3358/2355 5918/3359/2355 5912/3357/2355
f 5933/3360/2355 5936/3361/2355 5930/3362/2355
f 5945/3363/2355 5951/3364/2355 5948/3365/2355
f 5957/3366/2355 5963/3367/2355 5960/3368/2355
f 5963/3367/2355 5969/3369/2355 5966/3370/2355
f 5969/3369/2355 5970/3371/2355 5966/3370/2355
f 5969/3369/2355 5968/3372/2355 5970/3371/2355
f 5968/3372/2355 5967/3373/2355 5970/3371/2355
f 5968/3372/2355 5965/3374/2355 5967/3373/2355
f 5965/3374/2355 5964/3375/2355 5967/3373/2355
f 5965/3374/2355 5962/3376/2355 5964/3375/2355
f 5959/3377/2355 5958/3378/2355 5961/3379/2355
f 5959/3377/2355 5956/3380/2355 5958/3378/2355
f 5956/3380/2355 5955/3381/2355 5958/3378/2355
f 5956/3380/2355 5953/3382/2355 5955/3381/2355
f 5950/3383/2355 5947/3384/2355 5949/3385/2355
f 5947/3384/2355 5946/3386/2355 5949/3385/2355
f 5944/3387/2355 5943/3388/2355 5946/3386/2355
f 5944/3387/2355 5941/3389/2355 5943/3388/2355
f 5941/3389/2355 5940/3390/2355 5943/3388/2355
f 5941/3389/2355 5938/3391/2355 5940/3390/2355
f 5938/3391/2355 5829/3331/2355 5940/3390/2355
f 5937/3392/2355 5935/3330/2355 5934/3331/2355
f 5937/3392/2355 5932/3393/2355 5935/3330/2355
f 5932/3393/2355 5931/3333/2355 5935/3330/2355
f 5932/3393/2355 5929/3394/2355 5931/3333/2355
f 5929/3394/2355 5928/3335/2356 5931/3333/2355
f 5929/3394/2355 5926/3395/2357 5928/3335/2356
f 5926/3395/2357 5925/3338/2358 5928/3335/2356
f 5926/3395/2357 5923/3396/2359 5925/3338/2358
f 5923/3396/2359 5922/3397/2360 5925/3338/2358
f 5923/3396/2359 5920/3398/2361 5922/3397/2360
f 5920/3398/2361 5919/3341/2362 5922/3397/2360
f 5920/3398/2361 5917/3399/2363 5919/3341/2362
f 5917/3399/2363 5916/3343/2364 5919/3341/2362
f 5917/3399/2363 5914/3400/2364 5916/3343/2364
f 5914/3400/2364 5913/3345/2365 5916/3343/2364
f 5914/3400/2364 5911/3401/2365 5913/3345/2365
f 5911/3401/2365 5910/3402/2366 5913/3345/2365
f 5911/3401/2365 5908/3403/2366 5910/3402/2366
f 5908/3403/2366 5907/3348/2367 5910/3402/2366
f 5908/3403/2366 5905/3404/2367 5907/3348/2367
f 5905/3404/2367 5904/3405/2368 5907/3348/2367
f 5905/3404/2367 5902/3406/2368 5904/3405/2368
f 5902/3406/2368 5901/3353/2369 5904/3405/2368
f 5902/3406/2368 5899/3407/2370 5901/3353/2369
f 5899/3407/2370 5898/3352/2371 5901/3353/2369
f 5899/3407/2370 5896/3408/2372 5898/3352/2371
f 5896/3408/2372 5895/3409/2373 5898/3352/2371
f 5896/3408/2372 5893/3410/2374 5895/3409/2373
f 5893/3410/2374 5892/3357/2375 5895/3409/2373
f 5893/3410/2374 5890/3411/2355 5892/3357/2375
f 5890/3411/2355 5889/3359/2355 5892/3357/2375
f 5890/3411/2355 5887/3412/2355 5889/3359/2355
f 5887/3412/2355 5886/3413/2355 5889/3359/2355
f 5887/3412/2355 5884/3414/2355 5886/3413/2355
f 5884/3414/2355 5883/3362/2355 5886/3413/2355
f 5884/3414/2355 5881/3415/2355 5883/3362/2355
f 5881/3415/2355 5880/3361/2355 5883/3362/2355
f 5881/3415/2355 5878/3416/2355 5880/3361/2355
f 5878/3416/2355 5877/3417/2355 5880/3361/2355
f 5878/3416/2355 5875/3418/2355 5877/3417/2355
f 5875/3418/2355 5874/3365/2355 5877/3417/2355
f 5875/3418/2355 5872/3419/2355 5874/3365/2355
f 5872/3419/2355 5871/3420/2355 5874/3365/2355
f 5872/3419/2355 5869/3421/2355 5871/3420/2355
f 5869/3421/2355 5868/3422/2355 5871/3420/2355
f 5869/3421/2355 5866/3423/2355 5868/3422/2355
f 5866/3423/2355 5865/3370/2355 5868/3422/2355
f 5866/3423/2355 5863/3424/2355 5865/3370/2355
f 5863/3424/2355 5862/3371/2355 5865/3370/2355
f 5863/3424/2355 5860/3425/2355 5862/3371/2355
f 5860/3425/2355 5859/3373/2355 5862/3371/2355
f 5860/3425/2355 5857/3426/2355 5859/3373/2355
f 5857/3426/2355 5856/3375/2355 5859/3373/2355
f 5857/3426/2355 5854/3427/2355 5856/3375/2355
f 5854/3427/2355 5853/3379/2355 5856/3375/2355
f 5854/3427/2355 5851/3428/2355 5853/3379/2355
f 5851/3428/2355 5850/3378/2355 5853/3379/2355
f 5851/3428/2355 5848/3429/2355 5850/3378/2355
f 5848/3429/2355 5847/3381/2355 5850/3378/2355
f 5848/3429/2355 5845/3430/2355 5847/3381/2355
f 5845/3430/2355 5844/3431/2355 5847/3381/2355
f 5845/3430/2355 5842/3432/2355 5844/3431/2355
f 5842/3432/2355 5841/3433/2355 5844/3431/2355
f 5842/3432/2355 5839/3434/2355 5841/3433/2355
f 5839/3434/2355 5838/3386/2355 5841/3433/2355
f 5839/3434/2355 5836/3435/2355 5838/3386/2355
f 5836/3435/2355 5835/3388/2355 5838/3386/2355
f 5836/3435/2355 5833/3436/2355 5835/3388/2355
f 5833/3436/2355 5832/3390/2355 5835/3388/2355
f 5833/3436/2355 5830/3437/2355 5832/3390/2355
f 5830/3437/2355 5934/3331/2355 5832/3390/2355
f 5830/3437/2355 5937/3392/2355 5934/3331/2355
f 5843/3336/2355 5846/3338/2355 5840/3335/2355
f 5861/3342/2355 5867/3344/2355 5864/3343/2355
f 5873/3346/2355 5876/3349/2355 5870/3345/2355
f 5873/3346/2355 5879/3347/2355 5876/3349/2355
f 5885/3350/2355 5888/3405/2355 5882/3348/2355
f 5885/3350/2355 5891/3438/2355 5888/3405/2355
f 5891/3438/2355 5894/3353/2355 5888/3405/2355
f 5891/3438/2355 5897/3351/2355 5894/3353/2355
f 5903/3354/2355 5909/3356/2355 5906/3355/2355
f 5915/3358/2355 5921/3439/2355 5918/3359/2355
f 5921/3439/2355 5924/3413/2355 5918/3359/2355
f 5921/3439/2355 5927/3440/2355 5924/3413/2355
f 5927/3440/2355 5930/3362/2355 5924/3413/2355
f 5927/3440/2355 5933/3360/2355 5930/3362/2355
f 5933/3360/2355 5939/3441/2355 5936/3361/2355
f 5939/3441/2355 5942/3417/2355 5936/3361/2355
f 5939/3441/2355 5945/3363/2355 5942/3417/2355
f 5945/3363/2355 5948/3365/2355 5942/3417/2355
f 5951/3364/2355 5954/3420/2355 5948/3365/2355
f 5951/3364/2355 5957/3366/2355 5954/3420/2355
f 5957/3366/2355 5960/3368/2355 5954/3420/2355
f 5963/3367/2355 5966/3370/2355 5960/3368/2355
f 5962/3376/2355 5961/3379/2355 5964/3375/2355
f 5962/3376/2355 5959/3377/2355 5961/3379/2355
f 5953/3382/2355 5952/3442/2355 5955/3381/2355
f 5953/3382/2355 5950/3383/2355 5952/3442/2355
f 5950/3383/2355 5949/3385/2355 5952/3442/2355
f 5947/3384/2355 5944/3387/2355 5946/3386/2355
f 5938/3391/2355 5827/3329/2355 5829/3331/2355
o svetlo_base_50
v 0.127038 1.270141 0.365042
v 0.125108 1.292203 0.366252
v 0.127038 1.270141 0.366252
v -0.011043 1.332700 0.369203
v 0.125108 1.292203 0.365042
v -0.011043 1.332700 0.366178
v -0.013144 1.344617 0.369203
v 0.119376 1.313595 0.366252
v -0.011043 1.332700 0.369203
v -0.013144 1.344617 0.366178
v 0.119376 1.313595 0.365042
v -0.013144 1.344617 0.369203
v -0.021739 1.329835 0.369203
v 0.110017 1.333665 0.366252
v -0.021739 1.329835 0.366178
v -0.025877 1.341205 0.369203
v 0.110017 1.333665 0.365042
v -0.021739 1.329835 0.369203
v -0.025877 1.341205 0.366178
v 0.097314 1.351807 0.366252
v -0.025877 1.341205 0.369203
v -0.031774 1.325155 0.369203
v 0.097314 1.351807 0.365042
v -0.031774 1.325155 0.366178
v -0.037824 1.335634 0.369203
v 0.081654 1.367467 0.366252
v -0.031774 1.325155 0.369203
v -0.037824 1.335634 0.366178
v 0.081654 1.367467 0.365042
v -0.037824 1.335634 0.369203
v -0.040845 1.318804 0.369203
v 0.063513 1.380169 0.366252
v -0.040845 1.318804 0.366178
v -0.048622 1.328073 0.369203
v 0.063513 1.380169 0.365042
v -0.040845 1.318804 0.369203
v -0.048622 1.328073 0.366178
v 0.043442 1.389529 0.366252
v -0.048622 1.328073 0.369203
v -0.048675 1.310974 0.369203
v 0.043442 1.389529 0.365042
v -0.048675 1.310974 0.366178
v -0.057944 1.318752 0.369203
v 0.022050 1.395261 0.366252
v -0.048675 1.310974 0.369203
v -0.057944 1.318752 0.366178
v 0.022050 1.395261 0.365042
v -0.057944 1.318752 0.369203
v -0.055026 1.301903 0.369203
v -0.000012 1.397191 0.366252
v -0.055026 1.301903 0.366178
v -0.065505 1.307953 0.369203
v -0.000012 1.397191 0.365042
v -0.055026 1.301903 0.369203
v -0.065505 1.307953 0.366178
v -0.022074 1.395261 0.366252
v -0.065505 1.307953 0.369203
v -0.059706 1.291868 0.369203
v -0.022074 1.395261 0.365042
v -0.059706 1.291868 0.366178
v -0.071076 1.296006 0.369203
v -0.043465 1.389529 0.366252
v -0.059706 1.291868 0.369203
v -0.071076 1.296006 0.366178
v -0.043465 1.389529 0.365042
v -0.071076 1.296006 0.369203
v -0.062572 1.281172 0.369203
v -0.063537 1.380169 0.366252
v -0.062572 1.281172 0.366178
v -0.074488 1.283273 0.369203
v -0.063537 1.380169 0.365042
v -0.062572 1.281172 0.369203
v -0.074488 1.283273 0.366178
v -0.081678 1.367467 0.366252
v -0.074488 1.283273 0.369203
v -0.063537 1.270141 0.369203
v -0.081678 1.367467 0.365042
v -0.063537 1.270141 0.366178
v -0.075637 1.270141 0.369203
v -0.097337 1.351807 0.366252
v -0.063537 1.270141 0.369203
v -0.075637 1.270141 0.366178
v -0.097337 1.351807 0.365042
v -0.075637 1.270141 0.369203
v -0.062572 1.259110 0.369203
v -0.110040 1.333665 0.366252
v -0.062572 1.259110 0.366178
v -0.074488 1.257008 0.369203
v -0.110040 1.333665 0.365042
v -0.062572 1.259110 0.369203
v -0.074488 1.257008 0.366178
v -0.119399 1.313595 0.366252
v -0.074488 1.257008 0.369203
v -0.059706 1.248414 0.369203
v -0.119399 1.313595 0.365042
v -0.059706 1.248414 0.366178
v -0.071076 1.244276 0.369203
v -0.125132 1.292202 0.366252
v -0.059706 1.248414 0.369203
v -0.071076 1.244276 0.366178
v -0.125132 1.292202 0.365042
v -0.071076 1.244276 0.369203
v -0.055026 1.238378 0.369203
v -0.127062 1.270141 0.366252
v -0.055026 1.238378 0.366178
v -0.065505 1.232328 0.369203
v -0.127062 1.270141 0.365042
v -0.055026 1.238378 0.369203
v -0.065505 1.232328 0.366178
v -0.125132 1.248079 0.366252
v -0.065505 1.232328 0.369203
v -0.048675 1.229308 0.369203
v -0.125132 1.248079 0.365042
v -0.048675 1.229308 0.366178
v -0.057944 1.221530 0.369203
v -0.119399 1.226687 0.366252
v -0.048675 1.229308 0.369203
v -0.057944 1.221530 0.366178
v -0.119399 1.226687 0.365042
v -0.057944 1.221530 0.369203
v -0.040845 1.221478 0.369203
v -0.110040 1.206615 0.366252
v -0.040845 1.221478 0.366178
v -0.048622 1.212209 0.369203
v -0.110040 1.206615 0.365042
v -0.040845 1.221478 0.369203
v -0.048622 1.212209 0.366178
v -0.097337 1.188475 0.366252
v -0.048622 1.212209 0.369203
v -0.031774 1.215127 0.369203
v -0.097337 1.188475 0.365042
v -0.031774 1.215127 0.366178
v -0.037824 1.204647 0.369203
v -0.081678 1.172815 0.366252
v -0.031774 1.215127 0.369203
v -0.037824 1.204647 0.366178
v -0.081678 1.172815 0.365042
v -0.037824 1.204647 0.369203
v -0.021739 1.210447 0.369203
v -0.063537 1.160112 0.366252
v -0.021739 1.210447 0.366178
v -0.025877 1.199077 0.369203
v -0.063537 1.160112 0.365042
v -0.021739 1.210447 0.369203
v -0.025877 1.199077 0.366178
v -0.043465 1.150753 0.366252
v -0.025877 1.199077 0.369203
v -0.011043 1.207581 0.369203
v -0.043465 1.150753 0.365042
v -0.011043 1.207581 0.366178
v -0.013144 1.195664 0.369203
v -0.022074 1.145021 0.366252
v -0.011043 1.207581 0.369203
v -0.013144 1.195664 0.366178
v -0.022074 1.145021 0.365042
v -0.013144 1.195664 0.369203
v -0.000012 1.206615 0.369203
v -0.000012 1.143091 0.366252
v -0.000012 1.206615 0.366178
v -0.000012 1.194515 0.369203
v -0.000012 1.143091 0.365042
v -0.000012 1.206615 0.369203
v -0.000012 1.194515 0.366178
v 0.022050 1.145021 0.366252
v -0.000012 1.194515 0.369203
v 0.011019 1.207581 0.369203
v 0.022050 1.145021 0.365042
v 0.011019 1.207581 0.366178
v 0.013120 1.195664 0.369203
v 0.043442 1.150753 0.366252
v 0.011019 1.207581 0.369203
v 0.013120 1.195664 0.366178
v 0.043442 1.150753 0.365042
v 0.013120 1.195664 0.369203
v 0.021715 1.210447 0.369203
v 0.063513 1.160112 0.366252
v 0.021715 1.210447 0.366178
v 0.025854 1.199077 0.369203
v 0.063513 1.160112 0.365042
v 0.021715 1.210447 0.369203
v 0.025854 1.199077 0.366178
v 0.081654 1.172815 0.366252
v 0.025854 1.199077 0.369203
v 0.031751 1.215127 0.369203
v 0.081654 1.172815 0.365042
v 0.031751 1.215127 0.366178
v 0.037801 1.204647 0.369203
v 0.097314 1.188475 0.366252
v 0.031751 1.215127 0.369203
v 0.037801 1.204647 0.366178
v 0.097314 1.188475 0.365042
v 0.037801 1.204647 0.369203
v 0.040822 1.221478 0.369203
v 0.110017 1.206616 0.366252
v 0.040822 1.221478 0.366178
v 0.048599 1.212209 0.369203
v 0.110017 1.206616 0.365042
v 0.040822 1.221478 0.369203
v 0.048599 1.212209 0.366178
v 0.119376 1.226687 0.366252
v 0.048599 1.212209 0.369203
v 0.048651 1.229308 0.369203
v 0.119376 1.226687 0.365042
v 0.048651 1.229308 0.366178
v 0.057921 1.221530 0.369203
v 0.125108 1.248079 0.366252
v 0.048651 1.229308 0.369203
v 0.057921 1.221530 0.366178
v 0.125108 1.248079 0.365042
v 0.057921 1.221530 0.369203
v 0.055003 1.238378 0.369203
v 0.055003 1.238378 0.366178
v 0.065481 1.232328 0.369203
v 0.055003 1.238378 0.369203
v 0.065481 1.232328 0.366178
v 0.065481 1.232328 0.369203
v 0.127038 1.270141 0.366252
v 0.062548 1.281172 0.366252
v 0.063513 1.270141 0.366252
v 0.059682 1.248414 0.369203
v 0.125108 1.292203 0.366252
v 0.059682 1.248414 0.366178
v 0.071053 1.244276 0.369203
v 0.059682 1.291868 0.366252
v 0.059682 1.248414 0.369203
v 0.071053 1.244276 0.366178
v 0.119376 1.313595 0.366252
v 0.071053 1.244276 0.369203
v 0.062548 1.259110 0.369203
v 0.055003 1.301903 0.366252
v 0.062548 1.259110 0.366178
v 0.074464 1.257008 0.369203
v 0.110017 1.333665 0.366252
v 0.062548 1.259110 0.369203
v 0.074464 1.257008 0.366178
v 0.048651 1.310974 0.366252
v 0.074464 1.257008 0.369203
v 0.063513 1.270141 0.369203
v 0.097314 1.351807 0.366252
v 0.063513 1.270141 0.366178
v 0.075613 1.270141 0.369203
v 0.040822 1.318804 0.366252
v 0.063513 1.270141 0.369203
v 0.075613 1.270141 0.366178
v 0.081654 1.367467 0.366252
v 0.075613 1.270141 0.369203
v 0.062548 1.281172 0.369203
v 0.031751 1.325155 0.366252
v 0.062548 1.281172 0.366178
v 0.074464 1.283273 0.369203
v 0.063513 1.380169 0.366252
v 0.062548 1.281172 0.369203
v 0.074464 1.283273 0.366178
v 0.021715 1.329835 0.366252
v 0.074464 1.283273 0.369203
v 0.059682 1.291868 0.369203
v 0.043442 1.389529 0.366252
v 0.059682 1.291868 0.366178
v 0.071053 1.296006 0.369203
v 0.011019 1.332700 0.366252
v 0.059682 1.291868 0.369203
v 0.071053 1.296006 0.366178
v 0.022050 1.395261 0.366252
v 0.071053 1.296006 0.369203
v 0.055003 1.301903 0.369203
v -0.000012 1.333665 0.366252
v 0.055003 1.301903 0.366178
v 0.065481 1.307953 0.369203
v -0.000012 1.397191 0.366252
v 0.055003 1.301903 0.369203
v 0.065481 1.307953 0.366178
v -0.011043 1.332700 0.366252
v 0.065481 1.307953 0.369203
v 0.048651 1.310974 0.369203
v -0.022074 1.395261 0.366252
v 0.048651 1.310974 0.366178
v 0.057921 1.318752 0.369203
v -0.021739 1.329835 0.366252
v 0.048651 1.310974 0.369203
v 0.057921 1.318752 0.366178
v -0.043465 1.389529 0.366252
v 0.057921 1.318752 0.369203
v 0.040822 1.318804 0.369203
v -0.031774 1.325155 0.366252
v 0.040822 1.318804 0.366178
v 0.048599 1.328073 0.369203
v -0.063537 1.380169 0.366252
v 0.040822 1.318804 0.369203
v 0.048599 1.328073 0.366178
v -0.040845 1.318804 0.366252
v 0.048599 1.328073 0.369203
v 0.031751 1.325155 0.369203
v -0.081678 1.367467 0.366252
v 0.031751 1.325155 0.366178
v 0.037801 1.335634 0.369203
v -0.048675 1.310974 0.366252
v 0.031751 1.325155 0.369203
v 0.037801 1.335634 0.366178
v -0.097337 1.351807 0.366252
v 0.037801 1.335634 0.369203
v 0.021715 1.329835 0.369203
v -0.055026 1.301903 0.366252
v 0.021715 1.329835 0.366178
v 0.025854 1.341205 0.369203
v -0.110040 1.333665 0.366252
v 0.021715 1.329835 0.369203
v 0.025854 1.341205 0.366178
v -0.059706 1.291867 0.366252
v 0.025854 1.341205 0.369203
v -0.000012 1.333665 0.366178
v -0.119399 1.313595 0.366252
v 0.011019 1.332700 0.369203
v 0.011019 1.332700 0.366178
v -0.062572 1.281172 0.366252
v -0.000012 1.333665 0.369203
v -0.000012 1.333665 0.369203
v -0.125132 1.292202 0.366252
v 0.013120 1.344617 0.369203
v 0.011019 1.332700 0.369203
v -0.063537 1.270141 0.366252
v -0.000012 1.345765 0.369203
v -0.000012 1.345765 0.369203
v -0.127062 1.270141 0.366252
v 0.013120 1.344617 0.366178
v 0.013120 1.344617 0.369203
v -0.062572 1.259110 0.366252
v -0.000012 1.345765 0.366178
v 0.125108 1.248079 0.366252
v -0.125132 1.248079 0.366252
v 0.062548 1.259110 0.366252
v 0.119376 1.226687 0.366252
v -0.059706 1.248414 0.366252
v 0.059682 1.248414 0.366252
v 0.110017 1.206616 0.366252
v -0.119399 1.226687 0.366252
v 0.055003 1.238378 0.366252
v 0.097314 1.188475 0.366252
v -0.055026 1.238378 0.366252
v 0.048651 1.229308 0.366252
v 0.081654 1.172815 0.366252
v -0.110040 1.206615 0.366252
v 0.040822 1.221478 0.366252
v 0.063513 1.160112 0.366252
v -0.048675 1.229308 0.366252
v 0.031751 1.215127 0.366252
v 0.043442 1.150753 0.366252
v -0.097337 1.188475 0.366252
v 0.021715 1.210447 0.366252
v 0.022050 1.145021 0.366252
v -0.040845 1.221478 0.366252
v 0.011019 1.207581 0.366252
v -0.000012 1.143091 0.366252
v -0.081678 1.172815 0.366252
v -0.000012 1.206615 0.366252
v -0.022074 1.145021 0.366252
v -0.031774 1.215127 0.366252
v -0.011043 1.207581 0.366252
v -0.043465 1.150753 0.366252
v -0.063537 1.160112 0.366252
v -0.021739 1.210447 0.366252
vn 0.9959 -0.0008 -0.0908
vn 0.9806 0.1737 0.0907
vn 0.9959 0.0008 0.0908
vn 0.9809 0.1722 -0.0908
vn 0.9356 0.3413 0.0907
vn 0.9361 0.3399 -0.0908
vn 0.8621 0.4986 0.0908
vn 0.8628 0.4973 -0.0908
vn 0.7624 0.6407 0.0907
vn 0.7634 0.6396 -0.0908
vn 0.6395 0.7634 0.0907
vn 0.6407 0.7624 -0.0908
vn 0.4986 0.8621 -0.0907
vn 0.4973 0.8628 0.0907
vn 0.3399 0.9361 0.0908
vn 0.3414 0.9355 -0.0907
vn 0.1737 0.9806 -0.0907
vn -0.0008 0.9959 0.0908
vn 0.1722 0.9809 0.0908
vn 0.0008 0.9959 -0.0908
vn -0.1737 0.9806 0.0907
vn -0.1722 0.9809 -0.0908
vn -0.3413 0.9356 0.0907
vn -0.3399 0.9361 -0.0908
vn -0.4986 0.8621 0.0907
vn -0.4973 0.8628 -0.0907
vn -0.6396 0.7634 -0.0907
vn -0.6407 0.7624 0.0908
vn -0.8621 0.4986 -0.0908
vn -0.9355 0.3414 -0.0907
vn -0.9361 0.3399 0.0908
vn -0.9809 0.1722 0.0907
vn -0.9806 0.1737 -0.0908
vn -0.9959 -0.0008 0.0908
vn -0.9959 0.0008 -0.0908
vn -0.9809 -0.1722 -0.0908
vn -0.9806 -0.1737 0.0908
vn -0.9356 -0.3413 0.0907
vn -0.9361 -0.3399 -0.0907
vn -0.8620 -0.4986 0.0908
vn -0.7634 -0.6395 -0.0907
vn -0.6408 -0.7624 -0.0908
vn -0.6396 -0.7634 0.0908
vn -0.4973 -0.8628 0.0908
vn -0.4986 -0.8621 -0.0908
vn -0.3399 -0.9361 0.0907
vn -0.3413 -0.9356 -0.0907
vn -0.1722 -0.9809 0.0908
vn -0.1737 -0.9806 -0.0907
vn 0.0008 -0.9959 0.0908
vn -0.0008 -0.9959 -0.0908
vn 0.1722 -0.9809 -0.0907
vn 0.3414 -0.9355 0.0907
vn 0.1737 -0.9806 0.0908
vn 0.4973 -0.8628 -0.0908
vn 0.6396 -0.7634 -0.0907
vn 0.6408 -0.7624 0.0907
vn 0.7634 -0.6395 0.0907
vn 0.9356 -0.3413 -0.0907
vn 0.9806 -0.1737 -0.0908
vn 0.9809 -0.1722 0.0907
vn -0.0000 -0.0000 1.0000
vn -0.0000 1.0000 -0.0000
vn 0.1736 0.9848 -0.0000
vn -0.0000 -1.0000 -0.0000
vn -0.1736 -0.9848 -0.0000
vn 0.3420 0.9397 -0.0000
vn -0.3420 -0.9397 -0.0000
vn 0.5000 0.8660 -0.0000
vn -0.5000 -0.8660 -0.0000
vn 0.6428 0.7661 -0.0000
vn -0.6428 -0.7660 -0.0000
vn 0.7661 0.6428 -0.0000
vn -0.7661 -0.6428 -0.0000
vn 0.8660 0.5000 -0.0000
vn -0.8660 -0.5000 -0.0000
vn 0.9397 0.3420 -0.0000
vn -0.9397 -0.3420 -0.0000
vn 0.9848 0.1736 -0.0000
vn -0.9848 -0.1736 -0.0000
vn 1.0000 -0.0000 -0.0000
vn -1.0000 -0.0000 -0.0000
vn 0.9848 -0.1736 -0.0000
vn -0.9848 0.1736 -0.0000
vn 0.9397 -0.3420 -0.0000
vn -0.9397 0.3420 -0.0000
vn 0.8660 -0.5000 -0.0000
vn -0.8660 0.5000 -0.0000
vn 0.7660 -0.6428 -0.0000
vn -0.7660 0.6428 -0.0000
vn 0.6428 -0.7660 -0.0000
vn -0.6428 0.7660 -0.0000
vn 0.5000 -0.8660 -0.0000
vn -0.5000 0.8660 -0.0000
vn 0.3420 -0.9397 -0.0000
vn -0.3420 0.9397 -0.0000
vn 0.1737 -0.9848 -0.0000
vn -0.1737 0.9848 -0.0000
vn -0.1737 -0.9848 -0.0000
vn 0.1737 0.9848 -0.0000
vn -0.7660 -0.6428 -0.0000
vn 0.7660 0.6428 -0.0000
vn -0.9848 -0.1737 -0.0000
vn -0.9848 0.1737 -0.0000
vn 0.7661 -0.6428 -0.0000
vn -0.6428 0.7661 -0.0000
vn 0.6428 -0.7661 -0.0000
vn -0.1736 0.9848 -0.0000
vn 0.1736 -0.9848 -0.0000
vn -0.7634 0.6395 0.0908
vn -0.7624 0.6407 -0.0907
vn -0.8629 0.4972 0.0907
vn -0.8628 -0.4973 -0.0908
vn -0.7624 -0.6407 0.0907
vn 0.3399 -0.9361 -0.0908
vn 0.4986 -0.8621 0.0908
vn 0.7624 -0.6408 -0.0908
vn 0.8628 -0.4973 0.0908
vn 0.8621 -0.4986 -0.0908
vn 0.9361 -0.3399 0.0907
vt 0.564171 0.364294
vt 0.587002 0.336101
vt 0.614382 0.312300
vt 0.645478 0.293615
vt 0.679348 0.280614
vt 0.714960 0.273691
vt 0.751233 0.273058
vt 0.787065 0.278733
vt 0.821367 0.290545
vt 0.853097 0.308133
vt 0.881290 0.330964
vt 0.905091 0.358344
vt 0.923776 0.389440
vt 0.936777 0.423309
vt 0.944333 0.495195
vt 0.938658 0.531027
vt 0.926847 0.565329
vt 0.909258 0.597059
vt 0.886427 0.625252
vt 0.859048 0.649053
vt 0.827951 0.667738
vt 0.794082 0.680739
vt 0.758470 0.687662
vt 0.722197 0.688295
vt 0.686365 0.682620
vt 0.652063 0.670808
vt 0.620333 0.653220
vt 0.592139 0.630389
vt 0.568338 0.603009
vt 0.549653 0.571913
vt 0.536652 0.538044
vt 0.529730 0.502431
vt 0.534772 0.430326
vt 0.546583 0.396024
vt 0.661858 0.408389
vt 0.650443 0.422485
vt 0.691097 0.387146
vt 0.675548 0.396488
vt 0.708031 0.380645
vt 0.743974 0.376867
vt 0.725837 0.377184
vt 0.761890 0.379705
vt 0.779041 0.385611
vt 0.794906 0.394405
vt 0.830245 0.435058
vt 0.836746 0.451993
vt 0.943700 0.458921
vt 0.840524 0.487936
vt 0.840207 0.469799
vt 0.837686 0.505852
vt 0.831781 0.523003
vt 0.822986 0.538868
vt 0.811571 0.552964
vt 0.797881 0.564865
vt 0.782333 0.574207
vt 0.765398 0.580708
vt 0.747592 0.584169
vt 0.694389 0.575742
vt 0.678524 0.566948
vt 0.664427 0.555533
vt 0.643184 0.526294
vt 0.652526 0.541843
vt 0.529096 0.466158
vt 0.632905 0.473417
vt 0.635743 0.455502
vt 0.641649 0.438350
vt 0.500000 0.999501
vt 0.586737 0.991912
vt 0.572859 0.913206
vt 0.500000 0.919580
vt 0.670839 0.969377
vt 0.643505 0.894277
vt 0.749750 0.932580
vt 0.709790 0.863367
vt 0.821073 0.882640
vt 0.769701 0.821417
vt 0.882640 0.821073
vt 0.821417 0.769701
vt 0.932580 0.749750
vt 0.863367 0.709790
vt 0.969377 0.670839
vt 0.894277 0.643505
vt 0.991912 0.586737
vt 0.913206 0.572859
vt 0.999501 0.500000
vt 0.919580 0.500000
vt 0.991912 0.413262
vt 0.913206 0.427140
vt 0.969377 0.329161
vt 0.894277 0.356495
vt 0.932580 0.250250
vt 0.863367 0.290210
vt 0.882639 0.178927
vt 0.821417 0.230299
vt 0.821073 0.117360
vt 0.769701 0.178583
vt 0.749750 0.067420
vt 0.709790 0.136633
vt 0.670839 0.030623
vt 0.643505 0.105723
vt 0.586737 0.008088
vt 0.572859 0.086794
vt 0.500000 0.000499
vt 0.500000 0.080420
vt 0.413262 0.008088
vt 0.427140 0.086794
vt 0.329161 0.030623
vt 0.356495 0.105723
vt 0.250250 0.067420
vt 0.290210 0.136633
vt 0.178927 0.117361
vt 0.230299 0.178583
vt 0.117360 0.178927
vt 0.178583 0.230299
vt 0.067420 0.250250
vt 0.136633 0.290210
vt 0.030623 0.329161
vt 0.105723 0.356495
vt 0.008088 0.413263
vt 0.086794 0.427141
vt 0.000500 0.500000
vt 0.080420 0.500000
vt 0.008088 0.586738
vt 0.086794 0.572860
vt 0.030623 0.670839
vt 0.105723 0.643505
vt 0.067420 0.749750
vt 0.136633 0.709790
vt 0.117361 0.821073
vt 0.178583 0.769701
vt 0.178927 0.882640
vt 0.230299 0.821417
vt 0.250250 0.932580
vt 0.290210 0.863367
vt 0.329161 0.969377
vt 0.356495 0.894277
vt 0.413263 0.991912
vt 0.427141 0.913206
vt 0.809003 0.405820
vt 0.820903 0.419510
vt 0.729456 0.584486
vt 0.711540 0.581648
vt 0.636683 0.509360
vt 0.633222 0.491554
s 1
usemtl cerna_ksilt.001
f 5971/3443/2376 5972/3444/2377 5973/3443/2378
f 5971/3443/2376 5975/3444/2379 5972/3444/2377
f 5975/3444/2379 5978/3445/2380 5972/3444/2377
f 5975/3444/2379 5981/3445/2381 5978/3445/2380
f 5981/3445/2381 5984/3446/2382 5978/3445/2380
f 5981/3445/2381 5987/3446/2383 5984/3446/2382
f 5987/3446/2383 5990/3447/2384 5984/3446/2382
f 5987/3446/2383 5993/3447/2385 5990/3447/2384
f 5993/3447/2385 5996/3448/2386 5990/3447/2384
f 5993/3447/2385 5999/3448/2387 5996/3448/2386
f 5999/3448/2387 6005/3449/2388 6002/3449/2389
f 6005/3449/2388 6008/3450/2390 6002/3449/2389
f 6005/3449/2388 6011/3450/2391 6008/3450/2390
f 6017/3451/2392 6020/3452/2393 6014/3451/2394
f 6017/3451/2392 6023/3452/2395 6020/3452/2393
f 6023/3452/2395 6026/3453/2396 6020/3452/2393
f 6023/3452/2395 6029/3453/2397 6026/3453/2396
f 6029/3453/2397 6032/3454/2398 6026/3453/2396
f 6029/3453/2397 6035/3454/2399 6032/3454/2398
f 6035/3454/2399 6038/3455/2400 6032/3454/2398
f 6035/3454/2399 6041/3455/2401 6038/3455/2400
f 6041/3455/2401 6047/3456/2402 6044/3456/2403
f 6059/3457/2404 6065/3458/2405 6062/3458/2406
f 6065/3458/2405 6068/3459/2407 6062/3458/2406
f 6065/3458/2405 6071/3459/2408 6068/3459/2407
f 6071/3459/2408 6074/3460/2409 6068/3459/2407
f 6077/3460/2410 6083/3461/2411 6080/3461/2412
f 6083/3461/2411 6086/3462/2413 6080/3461/2412
f 6089/3462/2414 6092/3463/2415 6086/3462/2413
f 6101/3464/2416 6107/3465/2417 6104/3465/2418
f 6107/3465/2417 6110/3466/2419 6104/3465/2418
f 6107/3465/2417 6113/3466/2420 6110/3466/2419
f 6113/3466/2420 6116/3467/2421 6110/3466/2419
f 6113/3466/2420 6119/3467/2422 6116/3467/2421
f 6119/3467/2422 6122/3468/2423 6116/3467/2421
f 6119/3467/2422 6125/3468/2424 6122/3468/2423
f 6125/3468/2424 6128/3469/2425 6122/3468/2423
f 6125/3468/2424 6131/3469/2426 6128/3469/2425
f 6137/3470/2427 6140/3471/2428 6134/3470/2429
f 6149/3472/2430 6155/3473/2431 6152/3473/2432
f 6155/3473/2431 6158/3474/2433 6152/3473/2432
f 6173/3475/2434 6179/3476/2435 6176/3476/2436
f 6179/3476/2435 5973/3443/2378 6176/3476/2436
f 6187/3443/2437 6188/3477/2437 6189/3478/2437
f 6197/3445/2437 6200/3479/2437 6194/3480/2437
f 6203/3446/2437 6206/3481/2437 6200/3479/2437
f 6215/3448/2437 6218/3482/2437 6212/3483/2437
f 6215/3448/2437 6221/3449/2437 6218/3482/2437
f 6221/3449/2437 6227/3450/2437 6224/3484/2437
f 6227/3450/2437 6230/3485/2437 6224/3484/2437
f 6227/3450/2437 6233/3451/2437 6230/3485/2437
f 6233/3451/2437 6236/3486/2437 6230/3485/2437
f 6233/3451/2437 6239/3452/2437 6236/3486/2437
f 6251/3454/2437 6257/3455/2437 6254/3487/2437
f 6257/3455/2437 6260/3488/2437 6254/3487/2437
f 6257/3455/2437 6263/3456/2437 6260/3488/2437
f 6269/3489/2437 6272/3490/2437 6266/3491/2437
f 6275/3457/2437 6278/3492/2437 6272/3490/2437
f 6275/3457/2437 6281/3458/2437 6278/3492/2437
f 6281/3458/2437 6284/3493/2437 6278/3492/2437
f 6281/3458/2437 6287/3459/2437 6284/3493/2437
f 6287/3459/2437 6290/3494/2437 6284/3493/2437
f 6287/3459/2437 6293/3460/2437 6290/3494/2437
f 6293/3460/2437 6296/3495/2437 6290/3494/2437
f 6293/3460/2437 6299/3461/2437 6296/3495/2437
f 6299/3461/2437 6302/3496/2437 6296/3495/2437
f 6299/3461/2437 6305/3462/2437 6302/3496/2437
f 6305/3462/2437 6308/3497/2437 6302/3496/2437
f 6305/3462/2437 6311/3463/2437 6308/3497/2437
f 6311/3463/2437 6314/3498/2437 6308/3497/2437
f 6311/3463/2437 6317/3464/2437 6314/3498/2437
f 6317/3464/2437 6320/3499/2437 6314/3498/2437
f 6328/3467/2437 6325/3468/2437 6327/3500/2437
f 6325/3468/2437 6322/3469/2437 6324/3501/2437
f 6322/3469/2437 6319/3470/2437 6321/3502/2437
f 6316/3471/2437 6315/3503/2437 6318/3504/2437
f 6316/3471/2437 6313/3472/2437 6315/3503/2437
f 6307/3474/2437 6304/3505/2437 6306/3506/2437
f 6304/3505/2437 6301/3475/2437 6303/3507/2437
f 6301/3475/2437 6300/3508/2437 6303/3507/2437
f 6301/3475/2437 6298/3476/2437 6300/3508/2437
f 6298/3476/2437 6189/3478/2437 6300/3508/2437
f 6298/3476/2437 6187/3443/2437 6189/3478/2437
f 6297/3509/2438 6295/3510/2439 6294/3510/2439
f 6297/3509/2438 6292/3509/2438 6295/3510/2439
f 6291/3509/2437 6289/3511/2437 6288/3510/2437
f 6291/3509/2437 6286/3512/2437 6289/3511/2437
f 6285/3512/2440 6283/3511/2441 6282/3511/2441
f 6285/3512/2440 6280/3512/2440 6283/3511/2441
f 6294/3510/2439 6279/3513/2442 6277/3513/2442
f 6294/3510/2439 6295/3510/2439 6279/3513/2442
f 6288/3510/2437 6276/3514/2437 6274/3513/2437
f 6288/3510/2437 6289/3511/2437 6276/3514/2437
f 6282/3511/2441 6273/3514/2443 6271/3514/2443
f 6282/3511/2441 6283/3511/2441 6273/3514/2443
f 6277/3513/2442 6270/3515/2444 6268/3515/2444
f 6277/3513/2442 6279/3513/2442 6270/3515/2444
f 6274/3513/2437 6267/3516/2437 6265/3515/2437
f 6274/3513/2437 6276/3514/2437 6267/3516/2437
f 6271/3514/2443 6264/3516/2445 6262/3516/2445
f 6271/3514/2443 6273/3514/2443 6264/3516/2445
f 6268/3515/2444 6261/3517/2446 6259/3517/2446
f 6268/3515/2444 6270/3515/2444 6261/3517/2446
f 6265/3515/2437 6258/3518/2437 6256/3517/2437
f 6265/3515/2437 6267/3516/2437 6258/3518/2437
f 6262/3516/2445 6255/3518/2447 6253/3518/2447
f 6262/3516/2445 6264/3516/2445 6255/3518/2447
f 6259/3517/2446 6252/3519/2448 6250/3519/2448
f 6259/3517/2446 6261/3517/2446 6252/3519/2448
f 6256/3517/2437 6249/3520/2437 6247/3519/2437
f 6256/3517/2437 6258/3518/2437 6249/3520/2437
f 6253/3518/2447 6246/3520/2449 6244/3520/2449
f 6253/3518/2447 6255/3518/2447 6246/3520/2449
f 6250/3519/2448 6243/3521/2450 6241/3521/2450
f 6250/3519/2448 6252/3519/2448 6243/3521/2450
f 6247/3519/2437 6240/3522/2437 6238/3521/2437
f 6247/3519/2437 6249/3520/2437 6240/3522/2437
f 6244/3520/2449 6237/3522/2451 6235/3522/2451
f 6244/3520/2449 6246/3520/2449 6237/3522/2451
f 6241/3521/2450 6234/3523/2452 6232/3523/2452
f 6241/3521/2450 6243/3521/2450 6234/3523/2452
f 6238/3521/2437 6231/3524/2437 6229/3523/2437
f 6238/3521/2437 6240/3522/2437 6231/3524/2437
f 6235/3522/2451 6228/3524/2453 6226/3524/2453
f 6235/3522/2451 6237/3522/2451 6228/3524/2453
f 6232/3523/2452 6225/3525/2454 6223/3525/2454
f 6232/3523/2452 6234/3523/2452 6225/3525/2454
f 6229/3523/2437 6222/3526/2437 6220/3525/2437
f 6229/3523/2437 6231/3524/2437 6222/3526/2437
f 6226/3524/2453 6219/3526/2455 6217/3526/2455
f 6226/3524/2453 6228/3524/2453 6219/3526/2455
f 6223/3525/2454 6216/3527/2456 6214/3527/2456
f 6223/3525/2454 6225/3525/2454 6216/3527/2456
f 6220/3525/2437 6213/3528/2437 6211/3527/2437
f 6220/3525/2437 6222/3526/2437 6213/3528/2437
f 6217/3526/2455 6210/3528/2457 6208/3528/2457
f 6217/3526/2455 6219/3526/2455 6210/3528/2457
f 6214/3527/2456 6207/3529/2458 6205/3529/2458
f 6214/3527/2456 6216/3527/2456 6207/3529/2458
f 6211/3527/2437 6204/3530/2437 6202/3529/2437
f 6211/3527/2437 6213/3528/2437 6204/3530/2437
f 6208/3528/2457 6201/3530/2459 6199/3530/2459
f 6208/3528/2457 6210/3528/2457 6201/3530/2459
f 6205/3529/2458 6198/3531/2460 6196/3531/2460
f 6205/3529/2458 6207/3529/2458 6198/3531/2460
f 6202/3529/2437 6195/3532/2437 6193/3531/2437
f 6202/3529/2437 6204/3530/2437 6195/3532/2437
f 6199/3530/2459 6192/3532/2461 6190/3532/2461
f 6199/3530/2459 6201/3530/2459 6192/3532/2461
f 6196/3531/2460 6186/3533/2462 6185/3533/2462
f 6196/3531/2460 6198/3531/2460 6186/3533/2462
f 6193/3531/2437 6184/3534/2437 6183/3533/2437
f 6193/3531/2437 6195/3532/2437 6184/3534/2437
f 6190/3532/2461 6182/3534/2463 6181/3534/2463
f 6190/3532/2461 6192/3532/2461 6182/3534/2463
f 6185/3533/2462 6180/3535/2464 6178/3535/2464
f 6185/3533/2462 6186/3533/2462 6180/3535/2464
f 6183/3533/2437 6177/3536/2437 6175/3535/2437
f 6183/3533/2437 6184/3534/2437 6177/3536/2437
f 6181/3534/2463 6174/3536/2465 6172/3536/2465
f 6181/3534/2463 6182/3534/2463 6174/3536/2465
f 6178/3535/2464 6171/3537/2466 6169/3537/2466
f 6178/3535/2464 6180/3535/2464 6171/3537/2466
f 6175/3535/2437 6168/3538/2437 6166/3537/2437
f 6175/3535/2437 6177/3536/2437 6168/3538/2437
f 6172/3536/2465 6165/3538/2467 6163/3538/2467
f 6172/3536/2465 6174/3536/2465 6165/3538/2467
f 6169/3537/2466 6162/3539/2468 6160/3539/2468
f 6169/3537/2466 6171/3537/2466 6162/3539/2468
f 6166/3537/2437 6159/3540/2437 6157/3539/2437
f 6166/3537/2437 6168/3538/2437 6159/3540/2437
f 6163/3538/2467 6156/3540/2469 6154/3540/2469
f 6163/3538/2467 6165/3538/2467 6156/3540/2469
f 6160/3539/2468 6153/3541/2470 6151/3541/2470
f 6160/3539/2468 6162/3539/2468 6153/3541/2470
f 6157/3539/2437 6150/3542/2437 6148/3541/2437
f 6157/3539/2437 6159/3540/2437 6150/3542/2437
f 6154/3540/2469 6147/3542/2471 6145/3542/2471
f 6154/3540/2469 6156/3540/2469 6147/3542/2471
f 6151/3541/2470 6144/3543/2472 6142/3543/2472
f 6151/3541/2470 6153/3541/2470 6144/3543/2472
f 6148/3541/2437 6141/3544/2437 6139/3543/2437
f 6148/3541/2437 6150/3542/2437 6141/3544/2437
f 6145/3542/2471 6138/3544/2473 6136/3544/2473
f 6145/3542/2471 6147/3542/2471 6138/3544/2473
f 6142/3543/2472 6135/3545/2440 6133/3545/2440
f 6142/3543/2472 6144/3543/2472 6135/3545/2440
f 6139/3543/2437 6132/3546/2437 6130/3545/2437
f 6139/3543/2437 6141/3544/2437 6132/3546/2437
f 6136/3544/2473 6129/3546/2438 6127/3546/2438
f 6136/3544/2473 6138/3544/2473 6129/3546/2438
f 6133/3545/2440 6126/3547/2474 6124/3547/2474
f 6133/3545/2440 6135/3545/2440 6126/3547/2474
f 6130/3545/2437 6123/3548/2437 6121/3547/2437
f 6130/3545/2437 6132/3546/2437 6123/3548/2437
f 6127/3546/2438 6120/3548/2475 6118/3548/2475
f 6127/3546/2438 6129/3546/2438 6120/3548/2475
f 6124/3547/2474 6117/3549/2443 6115/3549/2443
f 6124/3547/2474 6126/3547/2474 6117/3549/2443
f 6121/3547/2437 6114/3550/2437 6112/3549/2437
f 6121/3547/2437 6123/3548/2437 6114/3550/2437
f 6118/3548/2475 6111/3550/2442 6109/3550/2442
f 6118/3548/2475 6120/3548/2475 6111/3550/2442
f 6115/3549/2443 6108/3551/2445 6106/3551/2445
f 6115/3549/2443 6117/3549/2443 6108/3551/2445
f 6112/3549/2437 6105/3552/2437 6103/3551/2437
f 6112/3549/2437 6114/3550/2437 6105/3552/2437
f 6109/3550/2442 6102/3552/2444 6100/3552/2444
f 6109/3550/2442 6111/3550/2442 6102/3552/2444
f 6106/3551/2445 6099/3553/2447 6097/3553/2447
f 6106/3551/2445 6108/3551/2445 6099/3553/2447
f 6103/3551/2437 6096/3554/2437 6094/3553/2437
f 6103/3551/2437 6105/3552/2437 6096/3554/2437
f 6100/3552/2444 6093/3554/2446 6091/3554/2446
f 6100/3552/2444 6102/3552/2444 6093/3554/2446
f 6097/3553/2447 6090/3555/2476 6088/3555/2476
f 6097/3553/2447 6099/3553/2447 6090/3555/2476
f 6094/3553/2437 6087/3556/2437 6085/3555/2437
f 6094/3553/2437 6096/3554/2437 6087/3556/2437
f 6091/3554/2446 6084/3556/2477 6082/3556/2477
f 6091/3554/2446 6093/3554/2446 6084/3556/2477
f 6088/3555/2476 6081/3557/2451 6079/3557/2451
f 6088/3555/2476 6090/3555/2476 6081/3557/2451
f 6085/3555/2437 6078/3558/2437 6076/3557/2437
f 6085/3555/2437 6087/3556/2437 6078/3558/2437
f 6082/3556/2477 6075/3558/2450 6073/3558/2450
f 6082/3556/2477 6084/3556/2477 6075/3558/2450
f 6079/3557/2451 6072/3559/2453 6070/3559/2453
f 6079/3557/2451 6081/3557/2451 6072/3559/2453
f 6076/3557/2437 6069/3560/2437 6067/3559/2437
f 6076/3557/2437 6078/3558/2437 6069/3560/2437
f 6073/3558/2450 6066/3560/2452 6064/3560/2452
f 6073/3558/2450 6075/3558/2450 6066/3560/2452
f 6070/3559/2453 6063/3561/2478 6061/3561/2478
f 6070/3559/2453 6072/3559/2453 6063/3561/2478
f 6067/3559/2437 6060/3562/2437 6058/3561/2437
f 6067/3559/2437 6069/3560/2437 6060/3562/2437
f 6064/3560/2452 6057/3562/2454 6055/3562/2454
f 6064/3560/2452 6066/3560/2452 6057/3562/2454
f 6061/3561/2478 6054/3563/2457 6052/3563/2457
f 6061/3561/2478 6063/3561/2478 6054/3563/2457
f 6058/3561/2437 6051/3564/2437 6049/3563/2437
f 6058/3561/2437 6060/3562/2437 6051/3564/2437
f 6055/3562/2454 6048/3564/2456 6046/3564/2456
f 6055/3562/2454 6057/3562/2454 6048/3564/2456
f 6052/3563/2457 6045/3565/2479 6043/3565/2479
f 6052/3563/2457 6054/3563/2457 6045/3565/2479
f 6049/3563/2437 6042/3566/2437 6040/3565/2437
f 6049/3563/2437 6051/3564/2437 6042/3566/2437
f 6046/3564/2456 6039/3566/2458 6037/3566/2458
f 6046/3564/2456 6048/3564/2456 6039/3566/2458
f 6043/3565/2479 6036/3567/2461 6034/3567/2461
f 6043/3565/2479 6045/3565/2479 6036/3567/2461
f 6040/3565/2437 6033/3568/2437 6031/3567/2437
f 6040/3565/2437 6042/3566/2437 6033/3568/2437
f 6037/3566/2458 6030/3568/2460 6028/3568/2460
f 6037/3566/2458 6039/3566/2458 6030/3568/2460
f 6034/3567/2461 6027/3569/2463 6025/3569/2463
f 6034/3567/2461 6036/3567/2461 6027/3569/2463
f 6031/3567/2437 6024/3570/2437 6022/3569/2437
f 6031/3567/2437 6033/3568/2437 6024/3570/2437
f 6028/3568/2460 6021/3570/2462 6019/3570/2462
f 6028/3568/2460 6030/3568/2460 6021/3570/2462
f 6025/3569/2463 6018/3571/2465 6016/3571/2465
f 6025/3569/2463 6027/3569/2463 6018/3571/2465
f 6022/3569/2437 6015/3572/2437 6013/3571/2437
f 6022/3569/2437 6024/3570/2437 6015/3572/2437
f 6019/3570/2462 6012/3572/2480 6010/3572/2480
f 6019/3570/2462 6021/3570/2462 6012/3572/2480
f 6016/3571/2465 6009/3573/2481 6007/3573/2481
f 6016/3571/2465 6018/3571/2465 6009/3573/2481
f 6013/3571/2437 6006/3574/2437 6004/3573/2437
f 6013/3571/2437 6015/3572/2437 6006/3574/2437
f 6010/3572/2480 6003/3574/2482 6001/3574/2482
f 6010/3572/2480 6012/3572/2480 6003/3574/2482
f 6007/3573/2481 6000/3575/2469 5998/3575/2469
f 6007/3573/2481 6009/3573/2481 6000/3575/2469
f 6004/3573/2437 5997/3576/2437 5995/3575/2437
f 6004/3573/2437 6006/3574/2437 5997/3576/2437
f 6001/3574/2482 5994/3576/2468 5992/3576/2468
f 6001/3574/2482 6003/3574/2482 5994/3576/2468
f 5998/3575/2469 5991/3577/2471 5989/3577/2471
f 5998/3575/2469 6000/3575/2469 5991/3577/2471
f 5995/3575/2437 5988/3578/2437 5986/3577/2437
f 5995/3575/2437 5997/3576/2437 5988/3578/2437
f 5992/3576/2468 5985/3578/2470 5983/3578/2470
f 5992/3576/2468 5994/3576/2468 5985/3578/2470
f 5989/3577/2471 5982/3579/2483 5980/3579/2483
f 5989/3577/2471 5991/3577/2471 5982/3579/2483
f 5986/3577/2437 5979/3580/2437 5977/3579/2437
f 5986/3577/2437 5988/3578/2437 5979/3580/2437
f 5983/3578/2470 5976/3580/2484 5974/3580/2484
f 5983/3578/2470 5985/3578/2470 5976/3580/2484
f 5980/3579/2483 6292/3509/2438 6297/3509/2438
f 5980/3579/2483 5982/3579/2483 6292/3509/2438
f 5977/3579/2437 6286/3512/2437 6291/3509/2437
f 5977/3579/2437 5979/3580/2437 6286/3512/2437
f 5974/3580/2484 6280/3512/2440 6285/3512/2440
f 5974/3580/2484 5976/3580/2484 6280/3512/2440
f 5999/3448/2387 6002/3449/2389 5996/3448/2386
f 6011/3450/2391 6014/3451/2394 6008/3450/2390
f 6011/3450/2391 6017/3451/2392 6014/3451/2394
f 6041/3455/2401 6044/3456/2403 6038/3455/2400
f 6047/3456/2402 6050/3489/2485 6044/3456/2403
f 6047/3456/2402 6053/3489/2486 6050/3489/2485
f 6053/3489/2486 6056/3457/2487 6050/3489/2485
f 6053/3489/2486 6059/3457/2404 6056/3457/2487
f 6059/3457/2404 6062/3458/2406 6056/3457/2487
f 6071/3459/2408 6077/3460/2410 6074/3460/2409
f 6077/3460/2410 6080/3461/2412 6074/3460/2409
f 6083/3461/2411 6089/3462/2414 6086/3462/2413
f 6089/3462/2414 6095/3463/2488 6092/3463/2415
f 6095/3463/2488 6098/3464/2489 6092/3463/2415
f 6095/3463/2488 6101/3464/2416 6098/3464/2489
f 6101/3464/2416 6104/3465/2418 6098/3464/2489
f 6131/3469/2426 6134/3470/2429 6128/3469/2425
f 6131/3469/2426 6137/3470/2427 6134/3470/2429
f 6137/3470/2427 6143/3471/2490 6140/3471/2428
f 6143/3471/2490 6146/3472/2491 6140/3471/2428
f 6143/3471/2490 6149/3472/2430 6146/3472/2491
f 6149/3472/2430 6152/3473/2432 6146/3472/2491
f 6155/3473/2431 6161/3474/2492 6158/3474/2433
f 6161/3474/2492 6164/3505/2493 6158/3474/2433
f 6161/3474/2492 6167/3505/2494 6164/3505/2493
f 6167/3505/2494 6170/3475/2495 6164/3505/2493
f 6167/3505/2494 6173/3475/2434 6170/3475/2495
f 6173/3475/2434 6176/3476/2436 6170/3475/2495
f 6179/3476/2435 5971/3443/2376 5973/3443/2378
f 6187/3443/2437 6191/3444/2437 6188/3477/2437
f 6191/3444/2437 6194/3480/2437 6188/3477/2437
f 6191/3444/2437 6197/3445/2437 6194/3480/2437
f 6197/3445/2437 6203/3446/2437 6200/3479/2437
f 6203/3446/2437 6209/3447/2437 6206/3481/2437
f 6209/3447/2437 6212/3483/2437 6206/3481/2437
f 6209/3447/2437 6215/3448/2437 6212/3483/2437
f 6221/3449/2437 6224/3484/2437 6218/3482/2437
f 6239/3452/2437 6242/3581/2437 6236/3486/2437
f 6239/3452/2437 6245/3453/2437 6242/3581/2437
f 6245/3453/2437 6248/3582/2437 6242/3581/2437
f 6245/3453/2437 6251/3454/2437 6248/3582/2437
f 6251/3454/2437 6254/3487/2437 6248/3582/2437
f 6263/3456/2437 6266/3491/2437 6260/3488/2437
f 6263/3456/2437 6269/3489/2437 6266/3491/2437
f 6269/3489/2437 6275/3457/2437 6272/3490/2437
f 6317/3464/2437 6323/3465/2437 6320/3499/2437
f 6323/3465/2437 6326/3583/2437 6320/3499/2437
f 6323/3465/2437 6329/3466/2437 6326/3583/2437
f 6329/3466/2437 6330/3584/2437 6326/3583/2437
f 6329/3466/2437 6328/3467/2437 6330/3584/2437
f 6328/3467/2437 6327/3500/2437 6330/3584/2437
f 6325/3468/2437 6324/3501/2437 6327/3500/2437
f 6322/3469/2437 6321/3502/2437 6324/3501/2437
f 6319/3470/2437 6318/3504/2437 6321/3502/2437
f 6319/3470/2437 6316/3471/2437 6318/3504/2437
f 6313/3472/2437 6312/3585/2437 6315/3503/2437
f 6313/3472/2437 6310/3473/2437 6312/3585/2437
f 6310/3473/2437 6309/3586/2437 6312/3585/2437
f 6310/3473/2437 6307/3474/2437 6309/3586/2437
f 6307/3474/2437 6306/3506/2437 6309/3586/2437
f 6304/3505/2437 6303/3507/2437 6306/3506/2437
o svetlo_back_50
v -0.000012 1.270141 0.286923
v 0.041904 1.285271 0.286923
v 0.043218 1.277822 0.286923
v -0.003037 1.311346 0.280042
v 0.039317 1.292379 0.286923
v -0.003037 1.311346 0.287071
v -0.003037 1.308321 0.277178
v 0.035535 1.298929 0.286923
v -0.003037 1.308321 0.287071
v -0.003037 1.305296 0.277178
v 0.030673 1.304724 0.286923
v -0.003037 1.305296 0.287071
v -0.003037 1.302271 0.287071
v 0.024879 1.309587 0.286923
v -0.003037 1.302271 0.280042
v 0.003013 1.311346 0.280042
v 0.018328 1.313368 0.286923
v -0.003037 1.311346 0.280042
v -0.003037 1.308321 0.277178
v 0.011219 1.315955 0.286923
v 0.003013 1.308321 0.277178
v 0.003013 1.308321 0.277178
v 0.003770 1.317269 0.286923
v -0.003037 1.308321 0.277178
v -0.003037 1.305296 0.277178
v -0.003794 1.317269 0.286923
v 0.003013 1.305296 0.277178
v 0.003013 1.305296 0.277178
v -0.011243 1.315955 0.286923
v -0.003037 1.305296 0.277178
v -0.003037 1.302271 0.280042
v -0.018351 1.313368 0.286923
v 0.003013 1.302271 0.280042
v 0.003013 1.311346 0.287071
v -0.024902 1.309587 0.286923
v 0.003013 1.311346 0.280042
v 0.003013 1.308321 0.287071
v -0.030696 1.304724 0.286923
v 0.003013 1.308321 0.277178
v 0.003013 1.305296 0.287071
v -0.035559 1.298929 0.286923
v 0.003013 1.305296 0.277178
v 0.003013 1.302271 0.280042
v -0.039340 1.292379 0.286923
v 0.003013 1.302271 0.287071
v -0.003037 1.311346 0.287071
v -0.041928 1.285271 0.286923
v 0.003013 1.311346 0.287071
v -0.003037 1.308321 0.287071
v -0.043241 1.277822 0.286923
v 0.003013 1.308321 0.287071
v -0.003037 1.305296 0.287071
v -0.043241 1.262460 0.286923
v 0.003013 1.305296 0.287071
v 0.003013 1.302271 0.287071
v -0.041928 1.255011 0.286923
v -0.003037 1.302271 0.287071
v -0.003037 1.311346 0.280042
v -0.039340 1.247902 0.286923
v 0.003013 1.311346 0.280042
v 0.003013 1.311346 0.287071
v -0.035559 1.241352 0.286923
v -0.003037 1.311346 0.287071
v 0.003013 1.302271 0.287071
v -0.030696 1.235558 0.286923
v 0.003013 1.302271 0.280042
v -0.003037 1.302271 0.280042
v -0.024902 1.230695 0.286923
v -0.003037 1.302271 0.287071
v 0.004526 1.347547 0.292465
v -0.018351 1.226913 0.286923
v 0.004526 1.340613 0.291306
v 0.001501 1.350370 0.292938
v -0.011243 1.224326 0.286923
v 0.001501 1.340613 0.291306
v -0.001524 1.350370 0.292938
v -0.003794 1.223013 0.286923
v -0.001524 1.340613 0.291306
v -0.004549 1.340613 0.291306
v 0.003770 1.223013 0.286923
v -0.004549 1.347547 0.292465
v 0.004526 1.348545 0.286498
v 0.011219 1.224326 0.286923
v 0.004526 1.347547 0.292465
v 0.001501 1.350370 0.292938
v 0.018328 1.226913 0.286923
v 0.001501 1.351369 0.286971
v 0.001501 1.351369 0.286971
v 0.024879 1.230695 0.286923
v 0.001501 1.350370 0.292938
v -0.001524 1.350370 0.292938
v 0.030673 1.235558 0.286923
v -0.001524 1.351369 0.286971
v -0.001524 1.351369 0.286971
v 0.035535 1.241352 0.286923
v -0.001524 1.350370 0.292938
v -0.004549 1.347547 0.292465
v 0.039317 1.247902 0.286923
v -0.004549 1.348545 0.286498
v 0.004526 1.341612 0.285339
v 0.041904 1.255011 0.286923
v 0.004526 1.348545 0.286498
v 0.001501 1.341612 0.285339
v 0.043218 1.262460 0.286923
v 0.001501 1.351369 0.286971
v -0.001524 1.341612 0.285339
v -0.001524 1.351369 0.286971
v -0.004549 1.348545 0.286498
v 0.043218 1.277822 0.286923
v 0.054112 1.289677 0.292973
v 0.055808 1.280058 0.292973
v -0.004549 1.341612 0.285339
v 0.041904 1.285271 0.286923
v 0.004526 1.340613 0.291306
v 0.004526 1.341612 0.285339
v 0.050771 1.298856 0.292973
v 0.001501 1.340613 0.291306
v 0.001501 1.341612 0.285339
v 0.039317 1.292379 0.286923
v -0.001524 1.340613 0.291306
v -0.001524 1.341612 0.285339
v 0.045888 1.307314 0.292973
v -0.004549 1.341612 0.285339
v -0.004549 1.340613 0.291306
v 0.035535 1.298929 0.286923
v 0.004526 1.347547 0.292465
v 0.004526 1.348545 0.286498
v 0.039609 1.314796 0.292973
v 0.004526 1.341612 0.285339
v 0.004526 1.340613 0.291306
v 0.030673 1.304724 0.286923
v -0.004549 1.341612 0.285339
v -0.004549 1.348545 0.286498
v 0.032127 1.321074 0.292973
v -0.004549 1.347547 0.292465
v -0.004549 1.340613 0.291306
v 0.024879 1.309587 0.286923
v -0.023946 1.300684 0.268982
v -0.023881 1.300968 0.277312
v 0.023669 1.325958 0.292973
v -0.025160 1.295429 0.283408
v -0.027033 1.287313 0.283698
v 0.018328 1.313368 0.286923
v -0.028404 1.281373 0.278014
v -0.028470 1.281090 0.269685
v 0.014491 1.329299 0.292973
v -0.027191 1.286629 0.263589
v -0.025318 1.294745 0.263298
v 0.011219 1.315955 0.286923
v -0.026176 1.291029 0.273498
v 0.020266 1.290477 0.268982
v 0.004872 1.330994 0.292973
v -0.023946 1.300684 0.268982
v 0.020331 1.290761 0.277312
v 0.003770 1.317269 0.286923
v -0.023881 1.300968 0.277312
v 0.019052 1.285222 0.283408
v -0.004895 1.330994 0.292973
v -0.025160 1.295429 0.283408
v 0.017179 1.277105 0.283698
v -0.003794 1.317269 0.286923
v -0.027033 1.287313 0.283698
v 0.015808 1.271166 0.278014
v -0.014514 1.329299 0.292973
v -0.028470 1.281090 0.269685
v -0.028404 1.281373 0.278014
v -0.011243 1.315955 0.286923
v 0.015742 1.270883 0.269685
v 0.015742 1.270883 0.269685
v -0.023692 1.325958 0.292973
v -0.028470 1.281090 0.269685
v 0.017021 1.276421 0.263589
v -0.018351 1.313368 0.286923
v -0.025318 1.294745 0.263298
v -0.027191 1.286629 0.263589
v -0.032151 1.321074 0.292973
v 0.018895 1.284538 0.263298
v 0.020266 1.290477 0.268982
v -0.024902 1.309587 0.286923
v 0.020331 1.290761 0.277312
v 0.019052 1.285222 0.283408
v -0.039633 1.314796 0.292973
v 0.017179 1.277105 0.283698
v 0.015808 1.271166 0.278014
v -0.030696 1.304724 0.286923
v 0.015742 1.270883 0.269685
v 0.018895 1.284538 0.263298
v -0.045911 1.307314 0.292973
v 0.017021 1.276421 0.263589
v 0.018037 1.280822 0.273498
v -0.035559 1.298929 0.286923
v 0.001236 1.347490 0.298827
v 0.001236 1.341624 0.298827
v -0.050795 1.298856 0.292973
v 0.001236 1.349224 0.297051
v 0.001236 1.341624 0.297051
v -0.039340 1.292379 0.286923
v 0.001236 1.349224 0.295274
v 0.001236 1.341624 0.295274
v -0.054135 1.289677 0.292973
v 0.001236 1.341624 0.293497
v 0.001236 1.349224 0.293497
v -0.041928 1.285271 0.286923
v 0.004396 1.347490 0.298827
v 0.001236 1.347490 0.298827
v -0.055831 1.280058 0.292973
v 0.001236 1.349224 0.297051
v 0.004396 1.349224 0.297051
v -0.043241 1.277822 0.286923
v 0.004396 1.349224 0.297051
v 0.001236 1.349224 0.297051
v -0.055831 1.260223 0.292973
v 0.001236 1.349224 0.295274
v 0.004396 1.349224 0.295274
v -0.043241 1.262460 0.286923
v 0.004396 1.349224 0.295274
v 0.001236 1.349224 0.295274
v -0.054135 1.250604 0.292973
v 0.001236 1.349224 0.293497
v 0.004396 1.349224 0.293497
v -0.041928 1.255011 0.286923
v 0.004396 1.341624 0.298827
v 0.004396 1.347490 0.298827
v -0.050795 1.241426 0.292973
v 0.004396 1.341624 0.297051
v 0.004396 1.349224 0.297051
v -0.039340 1.247902 0.286923
v 0.004396 1.341624 0.295274
v 0.004396 1.349224 0.295274
v -0.045911 1.232967 0.292973
v 0.004396 1.349224 0.293497
v 0.004396 1.341624 0.293497
v -0.035559 1.241352 0.286923
v 0.001236 1.341624 0.298827
v 0.004396 1.341624 0.298827
v -0.039633 1.225485 0.292973
v 0.001236 1.341624 0.297051
v 0.004396 1.341624 0.297051
v -0.030696 1.235558 0.286923
v 0.001236 1.341624 0.295274
v 0.004396 1.341624 0.295274
v -0.032151 1.219207 0.292973
v 0.004396 1.341624 0.293497
v 0.001236 1.341624 0.293497
v -0.024902 1.230695 0.286923
v 0.001236 1.347490 0.298827
v 0.004396 1.347490 0.298827
v -0.023692 1.214324 0.292973
v 0.004396 1.341624 0.298827
v 0.001236 1.341624 0.298827
v -0.018351 1.226913 0.286923
v 0.004396 1.341624 0.293497
v 0.004396 1.349224 0.293497
v -0.014514 1.210983 0.292973
v 0.001236 1.349224 0.293497
v 0.001236 1.341624 0.293497
v -0.011243 1.224326 0.286923
v -0.004616 1.347490 0.298827
v -0.004616 1.341624 0.298827
v -0.004895 1.209287 0.292973
v -0.004616 1.349224 0.297051
v -0.004616 1.341624 0.297051
v -0.003794 1.223013 0.286923
v -0.004616 1.349224 0.295274
v -0.004616 1.341624 0.295274
v 0.004872 1.209287 0.292973
v -0.004616 1.341624 0.293497
v -0.004616 1.349224 0.293497
v 0.003770 1.223013 0.286923
v -0.001457 1.347490 0.298827
v -0.004616 1.347490 0.298827
v 0.014491 1.210983 0.292973
v -0.004616 1.349224 0.297051
v -0.001457 1.349224 0.297051
v 0.011219 1.224326 0.286923
v -0.001457 1.349224 0.297051
v -0.004616 1.349224 0.297051
v 0.023669 1.214324 0.292973
v -0.004616 1.349224 0.295274
v -0.001457 1.349224 0.295274
v 0.018328 1.226913 0.286923
v -0.001457 1.349224 0.295274
v -0.004616 1.349224 0.295274
v 0.032127 1.219207 0.292973
v -0.004616 1.349224 0.293497
v -0.001457 1.349224 0.293497
v 0.024879 1.230695 0.286923
v -0.001457 1.341624 0.298827
v -0.001457 1.347490 0.298827
v 0.039609 1.225485 0.292973
v -0.001457 1.341624 0.297051
v -0.001457 1.349224 0.297051
v 0.030673 1.235558 0.286923
v -0.001457 1.341624 0.295274
v -0.001457 1.349224 0.295274
v 0.045888 1.232967 0.292973
v -0.001457 1.349224 0.293497
v -0.001457 1.341624 0.293497
v 0.035535 1.241352 0.286923
v -0.004616 1.341624 0.298827
v -0.001457 1.341624 0.298827
v 0.050771 1.241426 0.292973
v -0.004616 1.341624 0.297051
v -0.001457 1.341624 0.297051
v 0.039317 1.247902 0.286923
v -0.004616 1.341624 0.295274
v -0.001457 1.341624 0.295274
v 0.054112 1.250604 0.292973
v -0.001457 1.341624 0.293497
v -0.004616 1.341624 0.293497
v 0.041904 1.255011 0.286923
v -0.004616 1.347490 0.298827
v -0.001457 1.347490 0.298827
v 0.055808 1.260223 0.292973
v -0.001457 1.341624 0.298827
v -0.004616 1.341624 0.298827
v 0.043218 1.262460 0.286923
v -0.001457 1.341624 0.293497
v -0.001457 1.349224 0.293497
v -0.004616 1.349224 0.293497
v -0.004616 1.341624 0.293497
v -0.032430 1.183517 0.301704
v -0.032430 1.185920 0.301589
v -0.032430 1.237814 0.296083
v -0.000012 1.270141 0.292973
v 0.055808 1.280058 0.292973
v 0.054112 1.289677 0.292973
v -0.032430 1.197799 0.296083
v -0.032430 1.181939 0.300022
v 0.050771 1.298856 0.292973
v -0.032430 1.184713 0.298816
v -0.032430 1.237814 0.293058
v 0.045888 1.307314 0.292973
v -0.032430 1.197799 0.293058
v -0.032430 1.180733 0.297247
v 0.039609 1.314796 0.292973
v -0.032430 1.180894 0.294919
v -0.032430 1.183508 0.296042
v 0.032127 1.321074 0.292973
v -0.032430 1.182301 0.293267
v -0.032430 1.237814 0.290033
v 0.023669 1.325958 0.292973
v -0.032430 1.197799 0.290033
v -0.032430 1.197799 0.287008
v 0.014491 1.329299 0.292973
v -0.032430 1.237814 0.287008
v -0.023612 1.237814 0.296083
v 0.004872 1.330994 0.292973
v -0.032430 1.237814 0.296083
v -0.023612 1.237814 0.293058
v -0.004895 1.330994 0.292973
v -0.032430 1.237814 0.293058
v -0.023612 1.237814 0.290033
v -0.014514 1.329299 0.292973
v -0.032430 1.237814 0.290033
v -0.032430 1.237814 0.287008
v -0.023692 1.325958 0.292973
v -0.023612 1.237814 0.287008
v -0.023612 1.237814 0.296083
v -0.032151 1.321074 0.292973
v -0.023612 1.197799 0.296083
v -0.023612 1.183517 0.301704
v -0.039633 1.314796 0.292973
v -0.023612 1.185920 0.301589
v -0.023612 1.237814 0.293058
v -0.045911 1.307314 0.292973
v -0.023612 1.197799 0.293058
v -0.023612 1.181939 0.300022
v -0.050795 1.298856 0.292973
v -0.023612 1.184713 0.298816
v -0.023612 1.237814 0.290033
v -0.054135 1.289677 0.292973
v -0.023612 1.237814 0.287008
v -0.023612 1.197799 0.290033
v -0.055831 1.280058 0.292973
v -0.023612 1.197799 0.287008
v -0.023612 1.180733 0.297247
v -0.055831 1.260223 0.292973
v -0.023612 1.183508 0.296042
v -0.023612 1.182301 0.293267
v -0.054135 1.250604 0.292973
v -0.023612 1.180894 0.294919
v -0.032430 1.183517 0.301704
v -0.050795 1.241426 0.292973
v -0.023612 1.183517 0.301704
v -0.032430 1.181939 0.300022
v -0.045911 1.232967 0.292973
v -0.023612 1.181939 0.300022
v -0.023612 1.180733 0.297247
v -0.039633 1.225485 0.292973
v -0.032430 1.180733 0.297247
v -0.032430 1.180733 0.297247
v -0.032151 1.219207 0.292973
v -0.023612 1.180733 0.297247
v -0.023612 1.180894 0.294919
v -0.023692 1.214324 0.292973
v -0.032430 1.180894 0.294919
v -0.032430 1.237814 0.296083
v -0.014514 1.210983 0.292973
v -0.023612 1.237814 0.296083
v -0.032430 1.197799 0.296083
v -0.004895 1.209287 0.292973
v -0.023612 1.197799 0.296083
v -0.032430 1.185920 0.301589
v 0.004872 1.209287 0.292973
v -0.023612 1.185920 0.301589
v -0.023612 1.183517 0.301704
v 0.014491 1.210983 0.292973
v -0.032430 1.183517 0.301704
v -0.023612 1.237814 0.287008
v 0.023669 1.214324 0.292973
v -0.032430 1.237814 0.287008
v -0.023612 1.197799 0.287008
v 0.032127 1.219207 0.292973
v -0.032430 1.197799 0.287008
v -0.023612 1.180894 0.294919
v 0.039609 1.225485 0.292973
v -0.023612 1.182301 0.293267
v -0.032430 1.182301 0.293267
v 0.045888 1.232967 0.292973
v -0.032430 1.180894 0.294919
v -0.014532 1.189884 0.293494
v 0.050771 1.241426 0.292973
v -0.014532 1.189884 0.319203
v -0.014532 1.186859 0.290631
v 0.054112 1.250604 0.292973
v -0.014532 1.186859 0.319203
v -0.014532 1.183834 0.290631
v 0.055808 1.260223 0.292973
v -0.014532 1.183834 0.319203
v -0.014532 1.180809 0.319203
v -0.014532 1.180809 0.293494
v -0.000012 1.270141 0.292973
v 0.064271 1.293344 0.292973
v 0.066285 1.281920 0.292973
v -0.008482 1.189884 0.293494
v 0.060303 1.304245 0.292973
v -0.014532 1.189884 0.293494
v -0.014532 1.186859 0.290631
v 0.054503 1.314292 0.292973
v -0.008482 1.186859 0.290631
v -0.008482 1.186859 0.290631
v 0.047046 1.323178 0.292973
v -0.014532 1.186859 0.290631
v -0.014532 1.183834 0.290631
v 0.038160 1.330634 0.292973
v -0.008482 1.183834 0.290631
v -0.008482 1.183834 0.290631
v 0.028113 1.336435 0.292973
v -0.014532 1.183834 0.290631
v -0.014532 1.180809 0.293494
v 0.017213 1.340402 0.292973
v -0.008482 1.180809 0.293494
v -0.008482 1.189884 0.319203
v 0.005788 1.342417 0.292973
v -0.008482 1.189884 0.293494
v -0.008482 1.186859 0.319203
v -0.005812 1.342417 0.292973
v -0.008482 1.186859 0.290631
v -0.008482 1.183834 0.319203
v -0.017236 1.340402 0.292973
v -0.008482 1.183834 0.290631
v -0.008482 1.180809 0.293494
v -0.028137 1.336435 0.292973
v -0.008482 1.180809 0.319203
v -0.014532 1.189884 0.319203
v -0.038183 1.330634 0.292973
v -0.008482 1.189884 0.319203
v -0.014532 1.186859 0.319203
v -0.047070 1.323178 0.292973
v -0.008482 1.186859 0.319203
v -0.014532 1.183834 0.319203
v -0.054526 1.314292 0.292973
v -0.008482 1.183834 0.319203
v -0.008482 1.180809 0.319203
v -0.060327 1.304245 0.292973
v -0.014532 1.180809 0.319203
v -0.014532 1.189884 0.293494
v -0.064294 1.293344 0.292973
v -0.008482 1.189884 0.293494
v -0.008482 1.189884 0.319203
v -0.066308 1.281920 0.292973
v -0.014532 1.189884 0.319203
v -0.008482 1.180809 0.319203
v -0.066308 1.258361 0.292973
v -0.008482 1.180809 0.293494
v -0.014532 1.180809 0.293494
v -0.064294 1.246937 0.292973
v -0.014532 1.180809 0.319203
v -0.003037 1.337105 0.318425
v -0.060327 1.236037 0.292973
v -0.003037 1.338265 0.311493
v -0.003037 1.339616 0.321749
v -0.054526 1.225990 0.292973
v -0.003037 1.341249 0.311992
v -0.003037 1.342600 0.322248
v -0.047070 1.217104 0.292973
v -0.003037 1.344232 0.312491
v -0.003037 1.347216 0.312990
v -0.038183 1.209647 0.292973
v -0.003037 1.346055 0.319923
v 0.003013 1.337105 0.318425
v -0.028137 1.203847 0.292973
v -0.003037 1.337105 0.318425
v -0.003037 1.339616 0.321749
v -0.017236 1.199880 0.292973
v 0.003013 1.339616 0.321749
v 0.003013 1.339616 0.321749
v -0.005812 1.197865 0.292973
v -0.003037 1.339616 0.321749
v -0.003037 1.342600 0.322248
v 0.005788 1.197865 0.292973
v 0.003013 1.342600 0.322248
v 0.003013 1.342600 0.322248
v 0.017213 1.199880 0.292973
v -0.003037 1.342600 0.322248
v -0.003037 1.346055 0.319923
v 0.028113 1.203847 0.292973
v 0.003013 1.346055 0.319923
v 0.003013 1.338265 0.311493
v 0.038160 1.209647 0.292973
v 0.003013 1.337105 0.318425
v 0.003013 1.341249 0.311992
v 0.047046 1.217104 0.292973
v 0.003013 1.339616 0.321749
v 0.003013 1.344232 0.312491
v 0.054503 1.225990 0.292973
v 0.003013 1.342600 0.322248
v 0.003013 1.346055 0.319923
v 0.060303 1.236037 0.292973
v 0.003013 1.347216 0.312990
v -0.003037 1.338265 0.311493
v 0.064271 1.246937 0.292973
v 0.003013 1.338265 0.311493
v -0.003037 1.341249 0.311992
v 0.066285 1.258361 0.292973
v 0.003013 1.341249 0.311992
v -0.003037 1.344232 0.312491
v 0.003013 1.344232 0.312491
v 0.003013 1.347216 0.312990
v -0.000012 1.270141 0.299023
v 0.066285 1.281920 0.299023
v 0.064271 1.293344 0.299023
v -0.003037 1.347216 0.312990
v -0.003037 1.337105 0.318425
v 0.060303 1.304245 0.299023
v 0.003013 1.337105 0.318425
v 0.003013 1.338265 0.311493
v 0.054503 1.314292 0.299023
v -0.003037 1.338265 0.311493
v 0.003013 1.347216 0.312990
v 0.047046 1.323178 0.299023
v 0.003013 1.346055 0.319923
v -0.003037 1.346055 0.319923
v 0.038160 1.330634 0.299023
v -0.003037 1.347216 0.312990
v 0.007853 1.189884 0.293631
v 0.028113 1.336435 0.299023
v 0.007853 1.189884 0.319340
v 0.007853 1.186859 0.290768
v 0.017213 1.340402 0.299023
v 0.007853 1.186859 0.319340
v 0.007853 1.183834 0.290768
v 0.005788 1.342417 0.299023
v 0.007853 1.183834 0.319340
v 0.007853 1.180809 0.319340
v -0.005812 1.342417 0.299023
v 0.007853 1.180809 0.293631
v 0.013903 1.189884 0.293631
v -0.017236 1.340402 0.299023
v 0.007853 1.189884 0.293631
v 0.007853 1.186859 0.290768
v -0.028137 1.336435 0.299023
v 0.013903 1.186859 0.290768
v 0.013903 1.186859 0.290768
v -0.038183 1.330634 0.299023
v 0.007853 1.186859 0.290768
v 0.007853 1.183834 0.290768
v -0.047070 1.323178 0.299023
v 0.013903 1.183834 0.290768
v 0.013903 1.183834 0.290768
v -0.054526 1.314292 0.299023
v 0.007853 1.183834 0.290768
v 0.007853 1.180809 0.293631
v -0.060327 1.304245 0.299023
v 0.013903 1.180809 0.293631
v 0.013903 1.189884 0.319340
v -0.064294 1.293344 0.299023
v 0.013903 1.189884 0.293631
v 0.013903 1.186859 0.319340
v -0.066308 1.281920 0.299023
v 0.013903 1.186859 0.290768
v 0.013903 1.183834 0.319340
v -0.066308 1.258361 0.299023
v 0.013903 1.183834 0.290768
v 0.013903 1.180809 0.293631
v -0.064294 1.246937 0.299023
v 0.013903 1.180809 0.319340
v 0.007853 1.189884 0.319340
v -0.060327 1.236037 0.299023
v 0.013903 1.189884 0.319340
v 0.007853 1.186859 0.319340
v -0.054526 1.225990 0.299023
v 0.013903 1.186859 0.319340
v 0.007853 1.183834 0.319340
v -0.047070 1.217104 0.299023
v 0.013903 1.183834 0.319340
v 0.013903 1.180809 0.319340
v -0.038183 1.209647 0.299023
v 0.007853 1.180809 0.319340
v 0.007853 1.189884 0.293631
v -0.028137 1.203847 0.299023
v 0.013903 1.189884 0.293631
v 0.013903 1.189884 0.319340
v -0.017236 1.199880 0.299023
v 0.007853 1.189884 0.319340
v 0.013903 1.180809 0.319340
v -0.005812 1.197865 0.299023
v 0.013903 1.180809 0.293631
v 0.007853 1.180809 0.293631
v 0.005788 1.197865 0.299023
v 0.007853 1.180809 0.319340
v 0.021498 1.183517 0.301704
v 0.017213 1.199880 0.299023
v 0.021498 1.185920 0.301589
v 0.021498 1.237814 0.296083
v 0.028113 1.203847 0.299023
v 0.021498 1.197799 0.296083
v 0.021498 1.181939 0.300022
v 0.038160 1.209647 0.299023
v 0.021498 1.184713 0.298816
v 0.021498 1.237814 0.293058
v 0.047046 1.217104 0.299023
v 0.021498 1.197799 0.293058
v 0.021498 1.180733 0.297247
v 0.054503 1.225990 0.299023
v 0.021498 1.180894 0.294919
v 0.021498 1.183508 0.296042
v 0.060303 1.236037 0.299023
v 0.021498 1.182301 0.293267
v 0.021498 1.237814 0.290033
v 0.064271 1.246937 0.299023
v 0.021498 1.197799 0.290033
v 0.021498 1.197799 0.287008
v 0.066285 1.258361 0.299023
v 0.021498 1.237814 0.287008
v 0.030317 1.237814 0.296083
v 0.021498 1.237814 0.296083
v 0.021498 1.180894 0.294919
v 0.021498 1.182301 0.293267
v 0.030317 1.182301 0.293267
v 0.030317 1.237814 0.293058
v 0.030317 1.180894 0.294919
v 0.021498 1.237814 0.293058
v 0.030317 1.237814 0.290033
v 0.021498 1.197799 0.287008
v 0.030317 1.197799 0.287008
v 0.021498 1.237814 0.290033
v 0.021498 1.237814 0.287008
v 0.030317 1.237814 0.287008
v 0.030317 1.237814 0.296083
v 0.021498 1.237814 0.287008
v 0.030317 1.237814 0.287008
v 0.030317 1.197799 0.296083
v 0.030317 1.183517 0.301704
v 0.030317 1.185920 0.301589
v 0.021498 1.183517 0.301704
v 0.030317 1.183517 0.301704
v 0.030317 1.185920 0.301589
v 0.030317 1.237814 0.293058
v 0.021498 1.185920 0.301589
v 0.030317 1.197799 0.293058
v 0.030317 1.181939 0.300022
v 0.030317 1.184713 0.298816
v 0.030317 1.197799 0.296083
v 0.030317 1.237814 0.290033
v 0.021498 1.197799 0.296083
v 0.030317 1.237814 0.287008
v 0.030317 1.197799 0.290033
v 0.030317 1.197799 0.287008
v 0.030317 1.237814 0.296083
v 0.030317 1.180733 0.297247
v 0.021498 1.237814 0.296083
v 0.030317 1.183508 0.296042
v 0.021498 1.180894 0.294919
v 0.030317 1.180894 0.294919
v 0.030317 1.180733 0.297247
v 0.030317 1.182301 0.293267
v 0.021498 1.180733 0.297247
v 0.030317 1.180894 0.294919
v 0.021498 1.180733 0.297247
v 0.030317 1.180733 0.297247
v 0.030317 1.181939 0.300022
v 0.021498 1.183517 0.301704
v 0.021498 1.181939 0.300022
v 0.030317 1.183517 0.301704
vn -0.0000 -0.0000 -1.0000
vn 0.4277 0.0354 -0.9032
vn 0.4088 0.1113 -0.9058
vn 0.4271 0.0391 -0.9033
vn 0.4099 0.1078 -0.9057
vn 0.3788 0.1783 -0.9081
vn 0.3804 0.1754 -0.9080
vn 0.3385 0.2387 -0.9102
vn 0.3404 0.2364 -0.9101
vn 0.2894 0.2910 -0.9119
vn 0.2913 0.2893 -0.9118
vn 0.2328 0.3341 -0.9133
vn 0.2345 0.3330 -0.9133
vn 0.1705 0.3671 -0.9144
vn 0.1717 0.3665 -0.9144
vn 0.1039 0.3894 -0.9152
vn 0.1048 0.3892 -0.9152
vn 0.0349 0.4007 -0.9155
vn 0.0352 0.4007 -0.9155
vn -0.0349 0.4008 -0.9155
vn -0.0352 0.4007 -0.9155
vn -0.1039 0.3895 -0.9152
vn -0.1048 0.3892 -0.9152
vn -0.1705 0.3671 -0.9144
vn -0.1718 0.3666 -0.9144
vn -0.2328 0.3341 -0.9133
vn -0.2345 0.3330 -0.9133
vn -0.2894 0.2910 -0.9119
vn -0.2912 0.2893 -0.9119
vn -0.3385 0.2387 -0.9102
vn -0.3404 0.2364 -0.9101
vn -0.3788 0.1783 -0.9081
vn -0.3804 0.1754 -0.9080
vn -0.4088 0.1113 -0.9058
vn -0.4100 0.1078 -0.9057
vn -0.4271 0.0391 -0.9033
vn -0.4278 0.0353 -0.9032
vn -0.4271 -0.0391 -0.9033
vn -0.4277 -0.0353 -0.9032
vn -0.4088 -0.1113 -0.9058
vn -0.4099 -0.1078 -0.9057
vn -0.3788 -0.1783 -0.9081
vn -0.3804 -0.1754 -0.9080
vn -0.3386 -0.2387 -0.9102
vn -0.3404 -0.2364 -0.9101
vn -0.2894 -0.2910 -0.9119
vn -0.2912 -0.2893 -0.9119
vn -0.2328 -0.3341 -0.9133
vn -0.2345 -0.3330 -0.9133
vn -0.1705 -0.3671 -0.9144
vn -0.1718 -0.3666 -0.9144
vn -0.1039 -0.3895 -0.9152
vn -0.1048 -0.3893 -0.9152
vn -0.0349 -0.4007 -0.9155
vn -0.0352 -0.4007 -0.9155
vn 0.0349 -0.4007 -0.9155
vn 0.0352 -0.4007 -0.9155
vn 0.1039 -0.3895 -0.9152
vn 0.1048 -0.3893 -0.9151
vn 0.1705 -0.3671 -0.9144
vn 0.1718 -0.3666 -0.9144
vn 0.2328 -0.3341 -0.9133
vn 0.2345 -0.3330 -0.9133
vn 0.2894 -0.2910 -0.9119
vn 0.2912 -0.2893 -0.9119
vn 0.3385 -0.2387 -0.9102
vn 0.3404 -0.2364 -0.9101
vn 0.3788 -0.1783 -0.9081
vn 0.3804 -0.1754 -0.9080
vn 0.4088 -0.1113 -0.9058
vn 0.4099 -0.1078 -0.9057
vn 0.4271 -0.0392 -0.9033
vn 0.4277 -0.0354 -0.9032
vn -0.0000 -0.0000 1.0000
vn -0.0000 -0.7613 -0.6484
vn -0.0000 -0.5848 -0.8112
vn -0.0000 -0.5847 -0.8112
vn -0.0000 -0.1907 -0.9816
vn -0.0000 0.0478 0.9989
vn -0.0000 0.2386 0.9711
vn -0.0000 0.2153 0.9765
vn -0.0000 -0.9976 -0.0690
vn -0.0000 -0.9171 0.3986
vn -0.0000 -0.8355 0.5495
vn -0.0000 -0.7293 0.6842
vn 1.0000 -0.0000 -0.0000
vn -0.0000 1.0000 -0.0000
vn -1.0000 -0.0000 -0.0000
vn -0.0000 -1.0000 -0.0000
vn -0.0000 -0.6874 -0.7263
vn -0.0000 0.6874 -0.7263
vn -0.0000 0.9863 0.1651
vn -0.0000 0.9863 0.1652
vn -0.0000 -0.9863 -0.1650
vn -0.0000 -0.9863 -0.1651
vn -0.0000 0.1649 -0.9863
vn -0.0000 0.1650 -0.9863
vn -0.0000 0.5583 0.8296
vn -0.0000 0.5580 0.8298
vn -0.0000 -0.1649 0.9863
vn -0.0000 -0.7979 0.6028
vn -0.0000 0.7155 0.6986
vn 0.9744 -0.2249 -0.0000
vn 0.9744 -0.2250 -0.0000
vn 0.9744 -0.2249 0.0001
vn 0.0788 0.3412 -0.9367
vn -0.0933 -0.4041 -0.9100
vn -0.0933 -0.4041 -0.9099
vn -0.1645 -0.7126 -0.6820
vn -0.1645 -0.7127 -0.6819
vn -0.2248 -0.9738 0.0349
vn -0.2047 -0.8866 0.4147
vn -0.0788 -0.3412 0.9367
vn -0.0788 -0.3413 0.9366
vn 0.0933 0.4040 0.9100
vn 0.2107 0.9127 0.3502
vn 0.2047 0.8866 -0.4147
vn -0.9744 0.2249 -0.0000
vn -0.9744 0.2250 -0.0000
vn -0.9744 0.2249 -0.0001
vn -0.9744 0.2249 0.0001
vn -0.0000 -0.9863 -0.1652
vn 0.0001 0.1650 -0.9863
vn -0.0001 0.1651 -0.9863
vn -0.0001 0.1650 -0.9863
vn -0.0002 0.1650 -0.9863
vn -0.6874 0.7163 0.1199
vn -0.6873 0.7164 0.1198
vn -0.6874 0.7164 0.1199
vn 0.6874 0.7163 0.1199
vn 0.6875 0.7162 0.1199
vn 0.6874 0.7164 0.1199
vn 0.6874 0.7163 0.1198
vn 0.0001 -0.1650 0.9863
vn -0.0001 -0.1650 0.9863
vn -0.0000 -0.1650 0.9863
vn 0.0001 -0.1649 0.9863
vn 0.0004 -0.1649 0.9863
vn -0.0000 -0.6875 -0.7262
vn -0.0000 0.6875 -0.7262
vt 0.500000 0.500000
vt 0.842869 0.619928
vt 0.853715 0.563620
vt 0.821603 0.673490
vt 0.790565 0.722679
vt 0.750696 0.766000
vt 0.703208 0.802137
vt 0.649544 0.829991
vt 0.591335 0.848717
vt 0.530349 0.857746
vt 0.468440 0.856802
vt 0.407488 0.845916
vt 0.349345 0.825417
vt 0.295779 0.795928
vt 0.248416 0.758345
vt 0.208696 0.713812
vt 0.177825 0.663679
vt 0.156742 0.609471
vt 0.146087 0.552836
vt 0.146285 0.436381
vt 0.157131 0.380072
vt 0.178397 0.326510
vt 0.209435 0.277321
vt 0.249304 0.234000
vt 0.296792 0.197863
vt 0.350456 0.170009
vt 0.408665 0.151283
vt 0.469651 0.142254
vt 0.531560 0.143198
vt 0.592512 0.154085
vt 0.650655 0.174584
vt 0.704221 0.204072
vt 0.751584 0.241655
vt 0.791304 0.286189
vt 0.822175 0.336321
vt 0.843258 0.390529
vt 0.853913 0.447165
vt 0.908669 0.642943
vt 0.921597 0.575829
vt 0.883322 0.706784
vt 0.846327 0.765413
vt 0.798806 0.817048
vt 0.742205 0.860120
vt 0.678243 0.893320
vt 0.608863 0.915639
vt 0.536173 0.926400
vt 0.462383 0.925276
vt 0.389734 0.912300
vt 0.320433 0.887867
vt 0.256587 0.852719
vt 0.200134 0.807924
vt 0.152791 0.754844
vt 0.115997 0.695091
vt 0.090868 0.630480
vt 0.078168 0.562975
vt 0.078403 0.424171
vt 0.091331 0.357057
vt 0.116678 0.293215
vt 0.153673 0.234587
vt 0.201194 0.182952
vt 0.257795 0.139880
vt 0.321757 0.106680
vt 0.391137 0.084360
vt 0.463827 0.073600
vt 0.537617 0.074724
vt 0.610266 0.087700
vt 0.679567 0.112133
vt 0.743413 0.147281
vt 0.799866 0.192076
vt 0.847208 0.245156
vt 0.884003 0.304909
vt 0.909132 0.369520
vt 0.921832 0.437025
vt 0.978143 0.667243
vt 0.993268 0.588720
vt 0.948487 0.741938
vt 0.905202 0.810534
vt 0.849603 0.870946
vt 0.783380 0.921340
vt 0.708544 0.960184
vt 0.627370 0.986298
vt 0.542323 0.998889
vt 0.455988 0.997573
vt 0.370988 0.982391
vt 0.289907 0.953804
vt 0.215206 0.912681
vt 0.149157 0.860272
vt 0.093766 0.798167
vt 0.050716 0.728256
vt 0.021315 0.652661
vt 0.006457 0.573681
vt 0.006732 0.411280
vt 0.021857 0.332757
vt 0.051513 0.258062
vt 0.094798 0.189466
vt 0.150396 0.129054
vt 0.216620 0.078660
vt 0.291456 0.039816
vt 0.372630 0.013702
vt 0.457677 0.001112
vt 0.544012 0.002427
vt 0.629012 0.017609
vt 0.710093 0.046196
vt 0.784794 0.087319
vt 0.850843 0.139729
vt 0.906234 0.201833
vt 0.949284 0.271744
vt 0.978685 0.347339
vt 0.993543 0.426319
vt 0.905202 0.810533
vt 0.542323 0.998888
vt 0.149157 0.860271
vt 0.150397 0.129054
vt 0.457677 0.001111
vt 0.850843 0.139728
vt 0.324666 0.002962
vt 0.324666 0.008875
vt 0.253483 0.008875
vt 0.253483 0.002962
vt 0.324666 0.073986
vt 0.253483 0.073986
vt 0.324666 0.203016
vt 0.253483 0.203016
vt 0.253483 0.013984
vt 0.324666 0.013984
vt 0.324666 0.024078
vt 0.253483 0.024078
vt 0.253483 0.110339
vt 0.324666 0.110339
vt 0.324666 0.142151
vt 0.253483 0.142151
vt 0.253483 0.002287
vt 0.324666 0.002287
vt 0.324666 0.007355
vt 0.253483 0.007355
vt 0.253722 0.110339
vt 0.255819 0.087786
vt 0.257617 0.125676
vt 0.278909 0.002287
vt 0.278909 0.043604
vt 0.324666 0.043604
vt 0.259414 0.163566
vt 0.255280 0.180041
vt 0.278909 0.084921
vt 0.324666 0.084921
vt 0.261211 0.201456
vt 0.257631 0.203016
vt 0.278909 0.126238
vt 0.324666 0.126238
vt 0.253483 0.043604
vt 0.253483 0.084921
vt 0.253483 0.126238
vt 0.299240 0.002287
vt 0.299240 0.043604
vt 0.322330 0.087786
vt 0.320533 0.125676
vt 0.324427 0.110339
vt 0.299240 0.084921
vt 0.318736 0.163566
vt 0.322869 0.180042
vt 0.299240 0.126238
vt 0.316939 0.201456
vt 0.320518 0.203016
vt 0.811463 0.372409
vt 0.811462 0.458500
vt 0.745026 0.458500
vt 0.745026 0.372409
vt 0.811462 0.372409
vt 0.811463 0.458500
vt 0.811462 0.404957
vt 0.745026 0.404957
vt 0.811462 0.437504
vt 0.745026 0.437504
vt 0.811462 0.470052
vt 0.745026 0.470052
vt 0.798390 0.372409
vt 0.811463 0.404957
vt 0.811463 0.437504
vt 0.798390 0.470052
vt 0.811463 0.470052
vt 0.758098 0.372409
vt 0.758098 0.470052
vt 0.094450 0.879656
vt 0.094449 0.965746
vt 0.028013 0.965746
vt 0.028013 0.879656
vt 0.094449 0.879656
vt 0.094450 0.965746
vt 0.094449 0.912203
vt 0.028013 0.912203
vt 0.094449 0.944751
vt 0.028013 0.944751
vt 0.094449 0.977298
vt 0.028013 0.977298
vt 0.081377 0.879656
vt 0.094450 0.912203
vt 0.094450 0.944751
vt 0.081377 0.977298
vt 0.094450 0.977298
vt 0.041085 0.879656
vt 0.041085 0.977298
vt 0.484944 0.596708
vt 0.589372 0.630383
vt 0.605736 0.574247
vt 0.511835 0.666793
vt 0.418547 0.662148
vt 0.364153 0.619170
vt 0.380517 0.563034
vt 0.458053 0.526624
vt 0.551342 0.531268
vt 0.350694 0.584092
vt 0.585548 0.521631
vt 0.592277 0.539169
vt 0.343964 0.566554
vt 0.578818 0.504092
vt 0.337235 0.549015
vt 0.391071 0.689324
vt 0.625925 0.626862
vt 0.632654 0.644401
vt 0.384341 0.671786
vt 0.619195 0.609324
vt 0.377612 0.654247
vt 0.612466 0.591785
vt 0.370882 0.636708
vt 0.599007 0.556708
vt 0.357423 0.601631
s 1
usemtl zadek.001
f 6331/3587/2496 6332/3588/2496 6333/3589/2496
f 6331/3587/2496 6335/3590/2496 6332/3588/2496
f 6331/3587/2496 6338/3591/2496 6335/3590/2496
f 6331/3587/2496 6341/3592/2496 6338/3591/2496
f 6331/3587/2496 6344/3593/2496 6341/3592/2496
f 6331/3587/2496 6347/3594/2496 6344/3593/2496
f 6331/3587/2496 6350/3595/2496 6347/3594/2496
f 6331/3587/2496 6353/3596/2496 6350/3595/2496
f 6331/3587/2496 6356/3597/2496 6353/3596/2496
f 6331/3587/2496 6359/3598/2496 6356/3597/2496
f 6331/3587/2496 6362/3599/2496 6359/3598/2496
f 6331/3587/2496 6365/3600/2496 6362/3599/2496
f 6331/3587/2496 6368/3601/2496 6365/3600/2496
f 6331/3587/2496 6371/3602/2496 6368/3601/2496
f 6331/3587/2496 6374/3603/2496 6371/3602/2496
f 6331/3587/2496 6377/3604/2496 6374/3603/2496
f 6331/3587/2496 6380/3605/2496 6377/3604/2496
f 6331/3587/2496 6383/3606/2496 6380/3605/2496
f 6331/3587/2496 6386/3607/2496 6383/3606/2496
f 6331/3587/2496 6389/3608/2496 6386/3607/2496
f 6331/3587/2496 6392/3609/2496 6389/3608/2496
f 6331/3587/2496 6395/3610/2496 6392/3609/2496
f 6331/3587/2496 6398/3611/2496 6395/3610/2496
f 6331/3587/2496 6401/3612/2496 6398/3611/2496
f 6331/3587/2496 6404/3613/2496 6401/3612/2496
f 6331/3587/2496 6407/3614/2496 6404/3613/2496
f 6331/3587/2496 6410/3615/2496 6407/3614/2496
f 6331/3587/2496 6413/3616/2496 6410/3615/2496
f 6331/3587/2496 6416/3617/2496 6413/3616/2496
f 6331/3587/2496 6419/3618/2496 6416/3617/2496
f 6331/3587/2496 6422/3619/2496 6419/3618/2496
f 6331/3587/2496 6425/3620/2496 6422/3619/2496
f 6331/3587/2496 6428/3621/2496 6425/3620/2496
f 6331/3587/2496 6431/3622/2496 6428/3621/2496
f 6331/3587/2496 6434/3623/2496 6431/3622/2496
f 6331/3587/2496 6333/3589/2496 6434/3623/2496
f 6439/3589/2497 6440/3624/2498 6441/3625/2499
f 6439/3589/2497 6443/3588/2500 6440/3624/2498
f 6443/3588/2500 6446/3626/2501 6440/3624/2498
f 6443/3588/2500 6449/3590/2502 6446/3626/2501
f 6449/3590/2502 6452/3627/2503 6446/3626/2501
f 6449/3590/2502 6455/3591/2504 6452/3627/2503
f 6455/3591/2504 6458/3628/2505 6452/3627/2503
f 6455/3591/2504 6461/3592/2506 6458/3628/2505
f 6461/3592/2506 6464/3629/2507 6458/3628/2505
f 6461/3592/2506 6467/3593/2508 6464/3629/2507
f 6467/3593/2508 6470/3630/2509 6464/3629/2507
f 6467/3593/2508 6473/3594/2510 6470/3630/2509
f 6473/3594/2510 6476/3631/2511 6470/3630/2509
f 6473/3594/2510 6479/3595/2512 6476/3631/2511
f 6479/3595/2512 6482/3632/2513 6476/3631/2511
f 6479/3595/2512 6485/3596/2514 6482/3632/2513
f 6485/3596/2514 6488/3633/2515 6482/3632/2513
f 6485/3596/2514 6491/3597/2516 6488/3633/2515
f 6491/3597/2516 6494/3634/2517 6488/3633/2515
f 6491/3597/2516 6497/3598/2518 6494/3634/2517
f 6497/3598/2518 6500/3635/2519 6494/3634/2517
f 6497/3598/2518 6503/3599/2520 6500/3635/2519
f 6503/3599/2520 6506/3636/2521 6500/3635/2519
f 6503/3599/2520 6509/3600/2522 6506/3636/2521
f 6509/3600/2522 6512/3637/2523 6506/3636/2521
f 6509/3600/2522 6515/3601/2524 6512/3637/2523
f 6515/3601/2524 6518/3638/2525 6512/3637/2523
f 6515/3601/2524 6521/3602/2526 6518/3638/2525
f 6521/3602/2526 6524/3639/2527 6518/3638/2525
f 6521/3602/2526 6527/3603/2528 6524/3639/2527
f 6527/3603/2528 6530/3640/2529 6524/3639/2527
f 6527/3603/2528 6533/3604/2530 6530/3640/2529
f 6533/3604/2530 6536/3641/2531 6530/3640/2529
f 6533/3604/2530 6539/3605/2532 6536/3641/2531
f 6539/3605/2532 6542/3642/2533 6536/3641/2531
f 6539/3605/2532 6545/3606/2534 6542/3642/2533
f 6545/3606/2534 6548/3643/2535 6542/3642/2533
f 6545/3606/2534 6551/3607/2536 6548/3643/2535
f 6551/3607/2536 6554/3644/2537 6548/3643/2535
f 6551/3607/2536 6557/3608/2538 6554/3644/2537
f 6557/3608/2538 6560/3645/2539 6554/3644/2537
f 6557/3608/2538 6563/3609/2540 6560/3645/2539
f 6563/3609/2540 6566/3646/2541 6560/3645/2539
f 6563/3609/2540 6569/3610/2542 6566/3646/2541
f 6569/3610/2542 6572/3647/2543 6566/3646/2541
f 6569/3610/2542 6575/3611/2544 6572/3647/2543
f 6575/3611/2544 6578/3648/2545 6572/3647/2543
f 6575/3611/2544 6581/3612/2546 6578/3648/2545
f 6581/3612/2546 6584/3649/2547 6578/3648/2545
f 6581/3612/2546 6587/3613/2548 6584/3649/2547
f 6587/3613/2548 6590/3650/2549 6584/3649/2547
f 6587/3613/2548 6593/3614/2550 6590/3650/2549
f 6593/3614/2550 6596/3651/2551 6590/3650/2549
f 6593/3614/2550 6599/3615/2552 6596/3651/2551
f 6599/3615/2552 6602/3652/2553 6596/3651/2551
f 6599/3615/2552 6605/3616/2554 6602/3652/2553
f 6605/3616/2554 6608/3653/2555 6602/3652/2553
f 6605/3616/2554 6611/3617/2556 6608/3653/2555
f 6611/3617/2556 6614/3654/2557 6608/3653/2555
f 6611/3617/2556 6617/3618/2558 6614/3654/2557
f 6617/3618/2558 6620/3655/2559 6614/3654/2557
f 6617/3618/2558 6623/3619/2560 6620/3655/2559
f 6623/3619/2560 6626/3656/2561 6620/3655/2559
f 6623/3619/2560 6629/3620/2562 6626/3656/2561
f 6629/3620/2562 6632/3657/2563 6626/3656/2561
f 6629/3620/2562 6635/3621/2564 6632/3657/2563
f 6635/3621/2564 6638/3658/2565 6632/3657/2563
f 6635/3621/2564 6641/3622/2566 6638/3658/2565
f 6641/3622/2566 6644/3659/2567 6638/3658/2565
f 6641/3622/2566 6647/3623/2568 6644/3659/2567
f 6647/3623/2568 6441/3625/2499 6644/3659/2567
f 6647/3623/2568 6439/3589/2497 6441/3625/2499
f 6655/3587/2569 6656/3625/2569 6657/3624/2569
f 6655/3587/2569 6657/3624/2569 6660/3626/2569
f 6655/3587/2569 6660/3626/2569 6663/3627/2569
f 6655/3587/2569 6663/3627/2569 6666/3628/2569
f 6655/3587/2569 6666/3628/2569 6669/3629/2569
f 6655/3587/2569 6669/3629/2569 6672/3630/2569
f 6655/3587/2569 6672/3630/2569 6675/3631/2569
f 6655/3587/2569 6675/3631/2569 6678/3632/2569
f 6655/3587/2569 6678/3632/2569 6681/3633/2569
f 6655/3587/2569 6681/3633/2569 6684/3634/2569
f 6655/3587/2569 6684/3634/2569 6687/3635/2569
f 6655/3587/2569 6687/3635/2569 6690/3636/2569
f 6655/3587/2569 6690/3636/2569 6693/3637/2569
f 6655/3587/2569 6693/3637/2569 6696/3638/2569
f 6655/3587/2569 6696/3638/2569 6699/3639/2569
f 6655/3587/2569 6699/3639/2569 6702/3640/2569
f 6655/3587/2569 6702/3640/2569 6705/3641/2569
f 6655/3587/2569 6705/3641/2569 6708/3642/2569
f 6655/3587/2569 6708/3642/2569 6711/3643/2569
f 6655/3587/2569 6711/3643/2569 6714/3644/2569
f 6655/3587/2569 6714/3644/2569 6717/3645/2569
f 6655/3587/2569 6717/3645/2569 6720/3646/2569
f 6655/3587/2569 6720/3646/2569 6723/3647/2569
f 6655/3587/2569 6723/3647/2569 6726/3648/2569
f 6655/3587/2569 6726/3648/2569 6729/3649/2569
f 6655/3587/2569 6729/3649/2569 6732/3650/2569
f 6655/3587/2569 6732/3650/2569 6735/3651/2569
f 6655/3587/2569 6735/3651/2569 6738/3652/2569
f 6655/3587/2569 6738/3652/2569 6741/3653/2569
f 6655/3587/2569 6741/3653/2569 6744/3654/2569
f 6655/3587/2569 6744/3654/2569 6747/3655/2569
f 6655/3587/2569 6747/3655/2569 6750/3656/2569
f 6655/3587/2569 6750/3656/2569 6753/3657/2569
f 6655/3587/2569 6753/3657/2569 6756/3658/2569
f 6655/3587/2569 6756/3658/2569 6759/3659/2569
f 6655/3587/2569 6759/3659/2569 6656/3625/2569
f 6763/3587/2496 6764/3660/2496 6765/3661/2496
f 6763/3587/2496 6767/3662/2496 6764/3660/2496
f 6763/3587/2496 6770/3663/2496 6767/3662/2496
f 6763/3587/2496 6773/3664/2496 6770/3663/2496
f 6763/3587/2496 6776/3665/2496 6773/3664/2496
f 6763/3587/2496 6779/3666/2496 6776/3665/2496
f 6763/3587/2496 6782/3667/2496 6779/3666/2496
f 6763/3587/2496 6785/3668/2496 6782/3667/2496
f 6763/3587/2496 6788/3669/2496 6785/3668/2496
f 6763/3587/2496 6791/3670/2496 6788/3669/2496
f 6763/3587/2496 6794/3671/2496 6791/3670/2496
f 6763/3587/2496 6797/3672/2496 6794/3671/2496
f 6763/3587/2496 6800/3673/2496 6797/3672/2496
f 6763/3587/2496 6803/3674/2496 6800/3673/2496
f 6763/3587/2496 6806/3675/2496 6803/3674/2496
f 6763/3587/2496 6809/3676/2496 6806/3675/2496
f 6763/3587/2496 6812/3677/2496 6809/3676/2496
f 6763/3587/2496 6815/3678/2496 6812/3677/2496
f 6763/3587/2496 6818/3679/2496 6815/3678/2496
f 6763/3587/2496 6821/3680/2496 6818/3679/2496
f 6763/3587/2496 6824/3681/2496 6821/3680/2496
f 6763/3587/2496 6827/3682/2496 6824/3681/2496
f 6763/3587/2496 6830/3683/2496 6827/3682/2496
f 6763/3587/2496 6833/3684/2496 6830/3683/2496
f 6763/3587/2496 6836/3685/2496 6833/3684/2496
f 6763/3587/2496 6839/3686/2496 6836/3685/2496
f 6763/3587/2496 6842/3687/2496 6839/3686/2496
f 6763/3587/2496 6845/3688/2496 6842/3687/2496
f 6763/3587/2496 6848/3689/2496 6845/3688/2496
f 6763/3587/2496 6851/3690/2496 6848/3689/2496
f 6763/3587/2496 6854/3691/2496 6851/3690/2496
f 6763/3587/2496 6857/3692/2496 6854/3691/2496
f 6763/3587/2496 6860/3693/2496 6857/3692/2496
f 6763/3587/2496 6863/3694/2496 6860/3693/2496
f 6763/3587/2496 6866/3695/2496 6863/3694/2496
f 6763/3587/2496 6765/3661/2496 6866/3695/2496
f 6871/3587/2569 6872/3661/2569 6873/3660/2569
f 6871/3587/2569 6873/3660/2569 6876/3662/2569
f 6871/3587/2569 6876/3662/2569 6879/3696/2569
f 6871/3587/2569 6879/3696/2569 6882/3664/2569
f 6871/3587/2569 6882/3664/2569 6885/3665/2569
f 6871/3587/2569 6885/3665/2569 6888/3666/2569
f 6871/3587/2569 6888/3666/2569 6891/3667/2569
f 6871/3587/2569 6891/3667/2569 6894/3697/2569
f 6871/3587/2569 6894/3697/2569 6897/3669/2569
f 6871/3587/2569 6897/3669/2569 6900/3670/2569
f 6871/3587/2569 6900/3670/2569 6903/3671/2569
f 6871/3587/2569 6903/3671/2569 6906/3672/2569
f 6871/3587/2569 6906/3672/2569 6909/3698/2569
f 6871/3587/2569 6909/3698/2569 6912/3674/2569
f 6871/3587/2569 6912/3674/2569 6915/3675/2569
f 6871/3587/2569 6915/3675/2569 6918/3676/2569
f 6871/3587/2569 6918/3676/2569 6921/3677/2569
f 6871/3587/2569 6921/3677/2569 6924/3678/2569
f 6871/3587/2569 6924/3678/2569 6927/3679/2569
f 6871/3587/2569 6927/3679/2569 6930/3680/2569
f 6871/3587/2569 6930/3680/2569 6933/3681/2569
f 6871/3587/2569 6933/3681/2569 6936/3699/2569
f 6871/3587/2569 6936/3699/2569 6939/3683/2569
f 6871/3587/2569 6939/3683/2569 6942/3684/2569
f 6871/3587/2569 6942/3684/2569 6945/3685/2569
f 6871/3587/2569 6945/3685/2569 6948/3700/2569
f 6871/3587/2569 6948/3700/2569 6951/3687/2569
f 6871/3587/2569 6951/3687/2569 6954/3688/2569
f 6871/3587/2569 6954/3688/2569 6957/3689/2569
f 6871/3587/2569 6957/3689/2569 6960/3690/2569
f 6871/3587/2569 6960/3690/2569 6963/3701/2569
f 6871/3587/2569 6963/3701/2569 6966/3692/2569
f 6871/3587/2569 6966/3692/2569 6969/3693/2569
f 6871/3587/2569 6969/3693/2569 6972/3694/2569
f 6871/3587/2569 6972/3694/2569 6975/3695/2569
f 6871/3587/2569 6975/3695/2569 6872/3661/2569
f 6979/3702/2570 6980/3703/2571 6981/3704/2572
f 6981/3704/2572 6983/3705/2570 6979/3702/2570
f 6980/3703/2571 6986/3706/2573 6987/3707/2573
f 6987/3707/2573 6981/3704/2572 6980/3703/2571
f 6986/3706/2573 6992/3708/2496 6993/3709/2496
f 6993/3709/2496 6987/3707/2573 6986/3706/2573
f 6997/3710/2574 6998/3711/2574 6999/3712/2575
f 6999/3712/2575 7001/3713/2575 6997/3710/2574
f 7001/3713/2575 6999/3712/2575 7005/3706/2576
f 7005/3706/2576 7007/3707/2576 7001/3713/2575
f 7007/3707/2576 7005/3706/2576 7011/3708/2569
f 7011/3708/2569 7013/3709/2569 7007/3707/2576
f 7015/3714/2577 7016/3715/2577 7017/3716/2577
f 7017/3716/2577 7019/3717/2577 7015/3714/2577
f 7021/3718/2578 7022/3719/2578 7023/3720/2579
f 7023/3720/2579 7025/3721/2579 7021/3718/2578
f 7025/3721/2579 7023/3720/2579 7026/3711/2580
f 7026/3711/2580 7024/3710/2580 7025/3721/2579
f 7020/3722/2581 7018/3723/2581 7014/3724/2581
f 7014/3724/2581 7012/3717/2581 7020/3722/2581
f 7018/3723/2581 7010/3725/2581 7009/3726/2581
f 7009/3726/2581 7014/3724/2581 7018/3723/2581
f 7010/3725/2581 7008/3719/2581 7006/3727/2581
f 7006/3727/2581 7009/3726/2581 7010/3725/2581
f 7012/3717/2581 7014/3724/2581 7004/3728/2581
f 7004/3728/2581 7003/3729/2581 7012/3717/2581
f 7014/3724/2581 7009/3726/2581 7002/3730/2581
f 7002/3730/2581 7004/3728/2581 7014/3724/2581
f 7009/3726/2581 7006/3727/2581 7000/3731/2581
f 7000/3731/2581 7002/3730/2581 7009/3726/2581
f 7003/3729/2581 7004/3728/2581 6996/3732/2581
f 6996/3732/2581 6995/3733/2581 7003/3729/2581
f 7004/3728/2581 7002/3730/2581 6994/3734/2581
f 6994/3734/2581 6996/3732/2581 7004/3728/2581
f 7002/3730/2581 7000/3731/2581 6991/3735/2581
f 6991/3735/2581 6994/3734/2581 7002/3730/2581
f 6990/3718/2582 6989/3719/2582 6988/3727/2582
f 6988/3727/2582 6985/3736/2582 6990/3718/2582
f 6985/3736/2582 6988/3727/2582 6984/3731/2582
f 6984/3731/2582 6982/3737/2582 6985/3736/2582
f 6982/3737/2582 6984/3731/2582 6978/3735/2582
f 6978/3735/2582 6977/3738/2582 6982/3737/2582
f 6976/3718/2583 6974/3739/2583 6973/3740/2583
f 6973/3740/2583 6971/3736/2583 6976/3718/2583
f 6974/3739/2583 6970/3741/2583 6968/3742/2583
f 6968/3742/2583 6973/3740/2583 6974/3739/2583
f 6970/3741/2583 6967/3743/2583 6965/3716/2583
f 6965/3716/2583 6968/3742/2583 6970/3741/2583
f 6971/3736/2583 6973/3740/2583 6964/3744/2583
f 6964/3744/2583 6962/3737/2583 6971/3736/2583
f 6973/3740/2583 6968/3742/2583 6961/3745/2583
f 6961/3745/2583 6964/3744/2583 6973/3740/2583
f 6968/3742/2583 6965/3716/2583 6959/3746/2583
f 6959/3746/2583 6961/3745/2583 6968/3742/2583
f 6962/3737/2583 6964/3744/2583 6958/3747/2583
f 6958/3747/2583 6956/3738/2583 6962/3737/2583
f 6964/3744/2583 6961/3745/2583 6955/3748/2583
f 6955/3748/2583 6958/3747/2583 6964/3744/2583
f 6961/3745/2583 6959/3746/2583 6953/3749/2583
f 6953/3749/2583 6955/3748/2583 6961/3745/2583
f 6952/3750/2584 6950/3751/2584 6949/3752/2584
f 6949/3752/2584 6947/3753/2584 6952/3750/2584
f 6946/3753/2582 6944/3754/2582 6943/3755/2582
f 6943/3755/2582 6941/3752/2582 6946/3753/2582
f 6940/3753/2569 6938/3754/2569 6937/3756/2569
f 6937/3756/2569 6935/3757/2569 6940/3753/2569
f 6935/3757/2569 6937/3756/2569 6934/3758/2569
f 6934/3758/2569 6932/3759/2569 6935/3757/2569
f 6932/3759/2569 6934/3758/2569 6931/3760/2569
f 6931/3760/2569 6929/3761/2569 6932/3759/2569
f 6928/3753/2581 6926/3762/2581 6925/3763/2581
f 6925/3763/2581 6923/3757/2581 6928/3753/2581
f 6923/3757/2581 6925/3763/2581 6922/3764/2581
f 6922/3764/2581 6920/3759/2581 6923/3757/2581
f 6920/3759/2581 6922/3764/2581 6919/3765/2581
f 6919/3765/2581 6917/3761/2581 6920/3759/2581
f 6916/3752/2585 6914/3751/2585 6913/3760/2585
f 6913/3760/2585 6911/3761/2585 6916/3752/2585
f 6910/3757/2496 6908/3756/2496 6907/3758/2496
f 6907/3758/2496 6905/3759/2496 6910/3757/2496
f 6904/3766/2586 6902/3761/2586 6901/3752/2586
f 6901/3752/2586 6899/3755/2586 6904/3766/2586
f 6898/3767/2583 6896/3750/2583 6895/3763/2583
f 6895/3763/2583 6893/3757/2583 6898/3767/2583
f 6893/3757/2583 6895/3763/2583 6892/3764/2583
f 6892/3764/2583 6890/3759/2583 6893/3757/2583
f 6890/3759/2583 6892/3764/2583 6889/3766/2583
f 6889/3766/2583 6887/3768/2583 6890/3759/2583
f 6886/3750/2587 6884/3751/2588 6883/3752/2588
f 6883/3752/2588 6881/3753/2587 6886/3750/2587
f 6880/3753/2589 6878/3754/2589 6877/3755/2589
f 6877/3755/2589 6875/3752/2590 6880/3753/2589
f 6874/3753/2591 6870/3754/2592 6869/3756/2592
f 6869/3756/2592 6868/3757/2592 6874/3753/2591
f 6868/3757/2592 6869/3756/2592 6867/3758/2592
f 6867/3758/2592 6865/3759/2592 6868/3757/2592
f 6865/3759/2592 6867/3758/2592 6864/3760/2591
f 6864/3760/2591 6862/3761/2591 6865/3759/2592
f 6861/3753/2581 6859/3762/2581 6858/3763/2581
f 6858/3763/2581 6856/3757/2581 6861/3753/2581
f 6856/3757/2581 6858/3763/2581 6855/3764/2581
f 6855/3764/2581 6853/3759/2581 6856/3757/2581
f 6853/3759/2581 6855/3764/2581 6852/3765/2581
f 6852/3765/2581 6850/3761/2581 6853/3759/2581
f 6849/3752/2593 6847/3751/2593 6846/3760/2594
f 6846/3760/2594 6844/3761/2593 6849/3752/2593
f 6843/3757/2595 6841/3756/2595 6840/3758/2595
f 6840/3758/2595 6838/3759/2595 6843/3757/2595
f 6837/3766/2596 6835/3761/2596 6834/3752/2596
f 6834/3752/2596 6832/3755/2596 6837/3766/2596
f 6831/3767/2583 6829/3750/2583 6828/3763/2583
f 6828/3763/2583 6826/3757/2583 6831/3767/2583
f 6826/3757/2583 6828/3763/2583 6825/3764/2583
f 6825/3764/2583 6823/3759/2583 6826/3757/2583
f 6823/3759/2583 6825/3764/2583 6822/3766/2583
f 6822/3766/2583 6820/3768/2583 6823/3759/2583
f 6819/3750/2584 6817/3751/2584 6816/3752/2584
f 6816/3752/2584 6814/3753/2584 6819/3750/2584
f 6813/3753/2582 6811/3754/2582 6810/3755/2582
f 6810/3755/2582 6808/3752/2582 6813/3753/2582
f 6807/3753/2569 6805/3754/2569 6804/3756/2569
f 6804/3756/2569 6802/3757/2569 6807/3753/2569
f 6802/3757/2569 6804/3756/2569 6801/3758/2569
f 6801/3758/2569 6799/3759/2569 6802/3757/2569
f 6799/3759/2569 6801/3758/2569 6798/3760/2569
f 6798/3760/2569 6796/3761/2569 6799/3759/2569
f 6795/3753/2581 6793/3762/2581 6792/3763/2581
f 6792/3763/2581 6790/3757/2581 6795/3753/2581
f 6790/3757/2581 6792/3763/2581 6789/3764/2581
f 6789/3764/2581 6787/3759/2581 6790/3757/2581
f 6787/3759/2581 6789/3764/2581 6786/3765/2581
f 6786/3765/2581 6784/3761/2581 6787/3759/2581
f 6783/3752/2585 6781/3751/2585 6780/3760/2585
f 6780/3760/2585 6778/3761/2585 6783/3752/2585
f 6777/3757/2496 6775/3756/2496 6774/3758/2496
f 6774/3758/2496 6772/3759/2496 6777/3757/2496
f 6771/3766/2586 6769/3761/2586 6768/3752/2586
f 6768/3752/2586 6766/3755/2586 6771/3766/2586
f 6762/3767/2583 6761/3750/2583 6760/3763/2583
f 6760/3763/2583 6758/3757/2583 6762/3767/2583
f 6758/3757/2583 6760/3763/2583 6757/3764/2583
f 6757/3764/2583 6755/3759/2583 6758/3757/2583
f 6755/3759/2583 6757/3764/2583 6754/3766/2583
f 6754/3766/2583 6752/3768/2583 6755/3759/2583
f 6751/3702/2570 6749/3703/2571 6748/3704/2572
f 6748/3704/2572 6746/3705/2570 6751/3702/2570
f 6749/3703/2571 6745/3706/2573 6743/3707/2573
f 6743/3707/2573 6748/3704/2572 6749/3703/2571
f 6745/3706/2573 6742/3708/2496 6740/3709/2496
f 6740/3709/2496 6743/3707/2573 6745/3706/2573
f 6739/3710/2574 6737/3711/2574 6736/3712/2575
f 6736/3712/2575 6734/3713/2575 6739/3710/2574
f 6734/3713/2575 6736/3712/2575 6733/3706/2576
f 6733/3706/2576 6731/3707/2576 6734/3713/2575
f 6731/3707/2576 6733/3706/2576 6730/3708/2569
f 6730/3708/2569 6728/3709/2569 6731/3707/2576
f 6727/3714/2577 6725/3715/2577 6724/3716/2577
f 6724/3716/2577 6722/3717/2577 6727/3714/2577
f 6721/3718/2578 6719/3719/2578 6718/3720/2579
f 6718/3720/2579 6716/3721/2579 6721/3718/2578
f 6716/3721/2579 6718/3720/2579 6715/3711/2580
f 6715/3711/2580 6713/3710/2580 6716/3721/2579
f 6712/3722/2581 6710/3723/2581 6709/3724/2581
f 6709/3724/2581 6707/3717/2581 6712/3722/2581
f 6710/3723/2581 6706/3725/2581 6704/3726/2581
f 6704/3726/2581 6709/3724/2581 6710/3723/2581
f 6706/3725/2581 6703/3719/2581 6701/3727/2581
f 6701/3727/2581 6704/3726/2581 6706/3725/2581
f 6707/3717/2581 6709/3724/2581 6700/3728/2581
f 6700/3728/2581 6698/3729/2581 6707/3717/2581
f 6709/3724/2581 6704/3726/2581 6697/3730/2581
f 6697/3730/2581 6700/3728/2581 6709/3724/2581
f 6704/3726/2581 6701/3727/2581 6695/3731/2581
f 6695/3731/2581 6697/3730/2581 6704/3726/2581
f 6698/3729/2581 6700/3728/2581 6694/3732/2581
f 6694/3732/2581 6692/3733/2581 6698/3729/2581
f 6700/3728/2581 6697/3730/2581 6691/3734/2581
f 6691/3734/2581 6694/3732/2581 6700/3728/2581
f 6697/3730/2581 6695/3731/2581 6689/3735/2581
f 6689/3735/2581 6691/3734/2581 6697/3730/2581
f 6688/3718/2582 6686/3719/2582 6685/3727/2582
f 6685/3727/2582 6683/3736/2582 6688/3718/2582
f 6683/3736/2582 6685/3727/2582 6682/3731/2582
f 6682/3731/2582 6680/3737/2582 6683/3736/2582
f 6680/3737/2582 6682/3731/2582 6679/3735/2582
f 6679/3735/2582 6677/3738/2582 6680/3737/2582
f 6676/3718/2583 6674/3739/2583 6673/3740/2583
f 6673/3740/2583 6671/3736/2583 6676/3718/2583
f 6674/3739/2583 6670/3741/2583 6668/3742/2583
f 6668/3742/2583 6673/3740/2583 6674/3739/2583
f 6670/3741/2583 6667/3743/2583 6665/3716/2583
f 6665/3716/2583 6668/3742/2583 6670/3741/2583
f 6671/3736/2583 6673/3740/2583 6664/3744/2583
f 6664/3744/2583 6662/3737/2583 6671/3736/2583
f 6673/3740/2583 6668/3742/2583 6661/3745/2583
f 6661/3745/2583 6664/3744/2583 6673/3740/2583
f 6668/3742/2583 6665/3716/2583 6659/3746/2583
f 6659/3746/2583 6661/3745/2583 6668/3742/2583
f 6662/3737/2583 6664/3744/2583 6658/3747/2583
f 6658/3747/2583 6654/3738/2583 6662/3737/2583
f 6664/3744/2583 6661/3745/2583 6653/3748/2583
f 6653/3748/2583 6658/3747/2583 6664/3744/2583
f 6661/3745/2583 6659/3746/2583 6652/3749/2583
f 6652/3749/2583 6653/3748/2583 6661/3745/2583
f 6651/3769/2496 6650/3770/2496 6649/3771/2496
f 6649/3771/2496 6648/3772/2496 6651/3769/2496
f 6646/3772/2569 6645/3773/2569 6643/3774/2569
f 6643/3774/2569 6642/3771/2569 6646/3772/2569
f 6640/3772/2584 6639/3773/2584 6637/3775/2584
f 6637/3775/2584 6636/3776/2584 6640/3772/2584
f 6636/3776/2584 6637/3775/2584 6634/3777/2584
f 6634/3777/2584 6633/3778/2584 6636/3776/2584
f 6633/3778/2584 6634/3777/2584 6631/3779/2584
f 6631/3779/2584 6630/3780/2584 6633/3778/2584
f 6628/3772/2581 6627/3781/2581 6625/3782/2581
f 6625/3782/2581 6624/3776/2581 6628/3772/2581
f 6624/3776/2581 6625/3782/2581 6622/3783/2581
f 6622/3783/2581 6621/3778/2581 6624/3776/2581
f 6621/3778/2581 6622/3783/2581 6619/3784/2581
f 6619/3784/2581 6618/3780/2581 6621/3778/2581
f 6616/3771/2582 6615/3770/2582 6613/3779/2582
f 6613/3779/2582 6612/3780/2582 6616/3771/2582
f 6610/3776/2582 6609/3775/2582 6607/3777/2582
f 6607/3777/2582 6606/3778/2582 6610/3776/2582
f 6604/3785/2597 6603/3780/2597 6601/3771/2597
f 6601/3771/2597 6600/3774/2597 6604/3785/2597
f 6598/3786/2583 6597/3769/2583 6595/3782/2583
f 6595/3782/2583 6594/3776/2583 6598/3786/2583
f 6594/3776/2583 6595/3782/2583 6592/3783/2583
f 6592/3783/2583 6591/3778/2583 6594/3776/2583
f 6591/3778/2583 6592/3783/2583 6589/3785/2583
f 6589/3785/2583 6588/3787/2583 6591/3778/2583
f 6586/3769/2496 6585/3770/2496 6583/3771/2496
f 6583/3771/2496 6582/3772/2496 6586/3769/2496
f 6580/3772/2569 6579/3773/2569 6577/3774/2569
f 6577/3774/2569 6576/3771/2569 6580/3772/2569
f 6574/3772/2584 6573/3773/2584 6571/3775/2584
f 6571/3775/2584 6570/3776/2584 6574/3772/2584
f 6570/3776/2584 6571/3775/2584 6568/3777/2584
f 6568/3777/2584 6567/3778/2584 6570/3776/2584
f 6567/3778/2584 6568/3777/2584 6565/3779/2584
f 6565/3779/2584 6564/3780/2584 6567/3778/2584
f 6562/3772/2581 6561/3781/2581 6559/3782/2581
f 6559/3782/2581 6558/3776/2581 6562/3772/2581
f 6558/3776/2581 6559/3782/2581 6556/3783/2581
f 6556/3783/2581 6555/3778/2581 6558/3776/2581
f 6555/3778/2581 6556/3783/2581 6553/3784/2581
f 6553/3784/2581 6552/3780/2581 6555/3778/2581
f 6550/3771/2582 6549/3770/2582 6547/3779/2582
f 6547/3779/2582 6546/3780/2582 6550/3771/2582
f 6544/3776/2582 6543/3775/2582 6541/3777/2582
f 6541/3777/2582 6540/3778/2582 6544/3776/2582
f 6538/3785/2597 6537/3780/2597 6535/3771/2597
f 6535/3771/2597 6534/3774/2597 6538/3785/2597
f 6532/3786/2583 6531/3769/2583 6529/3782/2583
f 6529/3782/2583 6528/3776/2583 6532/3786/2583
f 6528/3776/2583 6529/3782/2583 6526/3783/2583
f 6526/3783/2583 6525/3778/2583 6528/3776/2583
f 6525/3778/2583 6526/3783/2583 6523/3785/2583
f 6523/3785/2583 6522/3787/2583 6525/3778/2583
f 6520/3788/2598 6519/3789/2599 6517/3790/2599
f 6520/3788/2598 6516/3791/2599 6519/3789/2599
f 6520/3788/2598 6514/3792/2598 6516/3791/2599
f 6520/3788/2598 6513/3793/2598 6514/3792/2598
f 6520/3788/2598 6511/3794/2598 6513/3793/2598
f 6520/3788/2598 6510/3795/2600 6511/3794/2598
f 6520/3788/2598 6508/3796/2598 6510/3795/2600
f 6520/3788/2598 6517/3790/2599 6508/3796/2598
f 6507/3797/2601 6505/3798/2602 6504/3799/2601
f 6507/3797/2601 6502/3800/2603 6505/3798/2602
f 6502/3800/2603 6501/3801/2604 6505/3798/2602
f 6502/3800/2603 6499/3802/2605 6501/3801/2604
f 6498/3803/2606 6496/3804/2607 6495/3805/2606
f 6498/3803/2606 6493/3806/2607 6496/3804/2607
f 6493/3806/2607 6492/3807/2608 6496/3804/2607
f 6493/3806/2607 6490/3808/2609 6492/3807/2608
f 6490/3808/2609 6489/3809/2610 6492/3807/2608
f 6490/3808/2609 6487/3810/2610 6489/3809/2610
f 6487/3810/2610 6486/3790/2611 6489/3809/2610
f 6487/3810/2610 6484/3793/2611 6486/3790/2611
f 6484/3793/2611 6483/3811/2612 6486/3790/2611
f 6484/3793/2611 6481/3812/2612 6483/3811/2612
f 6481/3812/2612 6504/3799/2601 6483/3811/2612
f 6481/3812/2612 6507/3797/2601 6504/3799/2601
f 6480/3788/2613 6478/3790/2614 6477/3789/2615
f 6480/3788/2613 6477/3789/2615 6475/3791/2613
f 6480/3788/2613 6475/3791/2613 6474/3792/2616
f 6480/3788/2613 6474/3792/2616 6472/3793/2613
f 6480/3788/2613 6472/3793/2613 6471/3794/2613
f 6480/3788/2613 6471/3794/2613 6469/3795/2614
f 6480/3788/2613 6469/3795/2614 6468/3796/2614
f 6480/3788/2613 6468/3796/2614 6478/3790/2614
f 6466/3750/2583 6465/3751/2583 6463/3752/2583
f 6463/3752/2583 6462/3753/2583 6466/3750/2583
f 6460/3753/2581 6459/3754/2581 6457/3755/2581
f 6457/3755/2581 6456/3752/2581 6460/3753/2581
f 6454/3753/2590 6453/3754/2590 6451/3756/2590
f 6451/3756/2590 6450/3757/2617 6454/3753/2590
f 6450/3757/2617 6451/3756/2590 6448/3758/2590
f 6448/3758/2590 6447/3759/2617 6450/3757/2617
f 6447/3759/2617 6448/3758/2590 6445/3760/2590
f 6445/3760/2590 6444/3761/2617 6447/3759/2617
f 6442/3753/2618 6438/3762/2619 6437/3763/2618
f 6437/3763/2618 6436/3757/2592 6442/3753/2618
f 6436/3757/2592 6437/3763/2618 6435/3764/2620
f 6435/3764/2620 6433/3759/2591 6436/3757/2592
f 6433/3759/2591 6435/3764/2620 6432/3765/2621
f 6432/3765/2621 6430/3761/2591 6433/3759/2591
f 6429/3752/2622 6427/3751/2623 6426/3760/2624
f 6426/3760/2624 6424/3761/2622 6429/3752/2622
f 6423/3757/2587 6421/3756/2587 6420/3758/2587
f 6420/3758/2587 6418/3759/2587 6423/3757/2587
f 6417/3766/2625 6415/3761/2626 6414/3752/2627
f 6414/3752/2627 6412/3755/2628 6417/3766/2625
f 6411/3767/2629 6409/3750/2595 6408/3763/2595
f 6408/3763/2595 6406/3757/2630 6411/3767/2629
f 6406/3757/2630 6408/3763/2595 6405/3764/2631
f 6405/3764/2631 6403/3759/2632 6406/3757/2630
f 6403/3759/2632 6405/3764/2631 6402/3766/2629
f 6402/3766/2629 6400/3768/2633 6403/3759/2632
f 6399/3750/2584 6397/3751/2584 6396/3752/2584
f 6396/3752/2584 6394/3753/2584 6399/3750/2584
f 6393/3753/2582 6391/3754/2582 6390/3755/2582
f 6390/3755/2582 6388/3752/2582 6393/3753/2582
f 6387/3753/2569 6385/3754/2569 6384/3756/2569
f 6384/3756/2569 6382/3757/2569 6387/3753/2569
f 6382/3757/2569 6384/3756/2569 6381/3758/2569
f 6381/3758/2569 6379/3759/2569 6382/3757/2569
f 6379/3759/2569 6381/3758/2569 6378/3760/2569
f 6378/3760/2569 6376/3761/2569 6379/3759/2569
f 6375/3753/2581 6373/3762/2581 6372/3763/2581
f 6372/3763/2581 6370/3757/2581 6375/3753/2581
f 6370/3757/2581 6372/3763/2581 6369/3764/2581
f 6369/3764/2581 6367/3759/2581 6370/3757/2581
f 6367/3759/2581 6369/3764/2581 6366/3765/2581
f 6366/3765/2581 6364/3761/2581 6367/3759/2581
f 6363/3752/2634 6361/3751/2634 6360/3760/2634
f 6360/3760/2634 6358/3761/2634 6363/3752/2634
f 6357/3757/2496 6355/3756/2496 6354/3758/2496
f 6354/3758/2496 6352/3759/2496 6357/3757/2496
f 6351/3766/2635 6349/3761/2635 6348/3752/2635
f 6348/3752/2635 6346/3755/2635 6351/3766/2635
f 6345/3767/2583 6343/3750/2583 6342/3763/2583
f 6342/3763/2583 6340/3757/2583 6345/3767/2583
f 6340/3757/2583 6342/3763/2583 6339/3764/2583
f 6339/3764/2583 6337/3759/2583 6340/3757/2583
f 6337/3759/2583 6339/3764/2583 6336/3766/2583
f 6336/3766/2583 6334/3768/2583 6337/3759/2583
o svetlo_back2_50
v 0.081663 1.270141 0.360178
v 0.080422 1.284323 0.365018
v 0.081663 1.270141 0.365018
v 0.080422 1.284323 0.360178
v 0.080422 1.284323 0.360178
v 0.079897 1.297834 0.364993
v 0.080422 1.284323 0.365018
v 0.079897 1.297834 0.360178
v 0.079897 1.297834 0.360178
v 0.078502 1.312491 0.365043
v 0.079897 1.297834 0.364993
v 0.078502 1.312491 0.360178
v 0.078502 1.312491 0.360178
v 0.065542 1.323238 0.365018
v 0.078502 1.312491 0.365043
v 0.065542 1.323238 0.360229
v 0.065542 1.323238 0.360229
v 0.052488 1.332707 0.365018
v 0.065542 1.323238 0.365018
v 0.052488 1.332708 0.360178
v 0.052488 1.332708 0.360178
v 0.040826 1.340873 0.365018
v 0.052488 1.332707 0.365018
v 0.040826 1.340873 0.360178
v 0.040826 1.340873 0.360178
v 0.027923 1.346890 0.365018
v 0.040826 1.340873 0.365018
v 0.027923 1.346890 0.360178
v 0.027923 1.346890 0.360178
v 0.014171 1.350575 0.365018
v 0.027923 1.346890 0.365018
v 0.014171 1.350575 0.360178
v 0.014171 1.350575 0.360178
v -0.000012 1.351815 0.365018
v 0.014171 1.350575 0.365018
v -0.000012 1.351815 0.360178
v -0.000012 1.351815 0.360178
v -0.014195 1.350575 0.365018
v -0.000012 1.351815 0.365018
v -0.014195 1.350575 0.360178
v -0.014195 1.350575 0.360178
v -0.027946 1.346890 0.365018
v -0.014195 1.350575 0.365018
v -0.027946 1.346890 0.360178
v -0.027946 1.346890 0.360178
v -0.040849 1.340873 0.365018
v -0.027946 1.346890 0.365018
v -0.040849 1.340873 0.360178
v -0.040849 1.340873 0.360178
v -0.052511 1.332707 0.365018
v -0.040849 1.340873 0.365018
v -0.052511 1.332707 0.360178
v -0.052511 1.332707 0.360178
v -0.065052 1.322606 0.365018
v -0.052511 1.332707 0.365018
v -0.065052 1.322606 0.360229
v -0.065052 1.322606 0.360229
v -0.076913 1.312573 0.365043
v -0.065052 1.322606 0.365018
v -0.076913 1.312573 0.360178
v -0.076913 1.312573 0.360178
v -0.078962 1.298140 0.364993
v -0.076913 1.312573 0.365043
v -0.078962 1.298140 0.360178
v -0.078962 1.298140 0.360178
v -0.080446 1.284323 0.365018
v -0.078962 1.298140 0.364993
v -0.080446 1.284323 0.360178
v -0.080446 1.284323 0.360178
v -0.081687 1.270141 0.365018
v -0.080446 1.284323 0.365018
v -0.081687 1.270141 0.360178
v -0.081687 1.270141 0.360178
v -0.080446 1.255958 0.365018
v -0.081687 1.270141 0.365018
v -0.080446 1.255958 0.360178
v -0.080446 1.255958 0.360178
v -0.076761 1.242206 0.365018
v -0.080446 1.255958 0.365018
v -0.076761 1.242206 0.360178
v -0.076761 1.242206 0.360178
v -0.070744 1.229303 0.365018
v -0.076761 1.242206 0.365018
v -0.070744 1.229303 0.360178
v -0.070744 1.229303 0.360178
v -0.062578 1.217641 0.365018
v -0.070744 1.229303 0.365018
v -0.062578 1.217641 0.360178
v -0.062578 1.217641 0.360178
v -0.052511 1.207574 0.365018
v -0.062578 1.217641 0.365018
v -0.052511 1.207574 0.360178
v -0.052511 1.207574 0.360178
v -0.040849 1.199408 0.365018
v -0.052511 1.207574 0.365018
v -0.040849 1.199408 0.360178
v -0.040849 1.199408 0.360178
v -0.027946 1.193391 0.365018
v -0.040849 1.199408 0.365018
v -0.027946 1.193391 0.360178
v -0.027946 1.193391 0.360178
v -0.014194 1.188038 0.365018
v -0.027946 1.193391 0.365018
v -0.014195 1.188038 0.360178
v -0.014195 1.188038 0.360178
v -0.000012 1.183109 0.365018
v -0.014194 1.188038 0.365018
v -0.000012 1.183109 0.360178
v -0.000012 1.183109 0.360178
v 0.014171 1.188038 0.365018
v -0.000012 1.183109 0.365018
v 0.014171 1.188038 0.360178
v 0.014171 1.188038 0.360178
v 0.027923 1.193391 0.365018
v 0.014171 1.188038 0.365018
v 0.027923 1.193391 0.360178
v 0.027923 1.193391 0.360178
v 0.040826 1.199408 0.365018
v 0.027923 1.193391 0.365018
v 0.040826 1.199408 0.360178
v 0.040826 1.199408 0.360178
v 0.052488 1.207574 0.365018
v 0.040826 1.199408 0.365018
v 0.052488 1.207574 0.360178
v 0.052488 1.207574 0.360178
v 0.062555 1.217641 0.365018
v 0.052488 1.207574 0.365018
v 0.062555 1.217641 0.360178
v 0.062555 1.217641 0.360178
v 0.070721 1.229303 0.365018
v 0.062555 1.217641 0.365018
v 0.070721 1.229303 0.360178
v 0.070721 1.229303 0.360178
v 0.076738 1.242206 0.365018
v 0.070721 1.229303 0.365018
v 0.076737 1.242206 0.360178
v 0.076737 1.242206 0.360178
v 0.080422 1.255958 0.365018
v 0.076738 1.242206 0.365018
v 0.080422 1.255958 0.360178
v 0.080422 1.255958 0.360178
v 0.081663 1.270141 0.365018
v 0.080422 1.255958 0.365018
v 0.081663 1.270141 0.360178
v 0.068958 1.306441 0.351103
v 0.070773 1.309585 0.351103
v 0.072588 1.306441 0.351103
v 0.067143 1.309585 0.351103
v 0.070773 1.309585 0.351103
v 0.065328 1.306441 0.351103
v 0.067143 1.303297 0.351103
v 0.070773 1.303297 0.351103
v 0.072588 1.306441 0.351103
v 0.070773 1.309585 0.360178
v 0.072588 1.306441 0.360178
v 0.070773 1.309585 0.351103
v 0.070773 1.309585 0.351103
v 0.067143 1.309585 0.360178
v 0.070773 1.309585 0.360178
v 0.067143 1.309585 0.351103
v 0.065328 1.306441 0.360178
v 0.065328 1.306441 0.351103
v 0.067143 1.303297 0.360178
v 0.067143 1.303297 0.351103
v 0.070773 1.303297 0.360178
v 0.070773 1.303297 0.351103
v 0.068958 1.306441 0.360178
v 0.072588 1.306441 0.360178
v 0.070773 1.309585 0.360178
v -0.006212 1.293918 0.284293
v 0.070773 1.309585 0.360178
v 0.067143 1.309585 0.360178
v -0.006212 1.294192 0.281888
v -0.006212 1.320753 0.287350
v 0.065328 1.306441 0.360178
v -0.006212 1.321027 0.284945
v -0.001524 1.342007 0.289771
v 0.067143 1.303297 0.360178
v -0.001524 1.325977 0.287945
v -0.001524 1.326251 0.285541
v 0.070773 1.303297 0.360178
v -0.001524 1.342281 0.287367
v 0.001501 1.342007 0.289771
v -0.001524 1.342007 0.289771
v -0.000012 1.191100 0.351103
v 0.001803 1.194243 0.351103
v 0.003618 1.191100 0.351103
v -0.001524 1.342281 0.287367
v -0.001827 1.194243 0.351103
v 0.001803 1.194243 0.351103
v 0.001501 1.342281 0.287367
v -0.003642 1.191100 0.351103
v 0.001501 1.342007 0.289771
v 0.001501 1.342281 0.287367
v -0.001827 1.187956 0.351103
v 0.001501 1.325977 0.287945
v 0.001501 1.326251 0.285541
v 0.001803 1.187956 0.351103
v 0.006130 1.293918 0.284293
v 0.006130 1.320753 0.287350
v 0.006130 1.321027 0.284945
v 0.006130 1.294192 0.281888
v 0.003618 1.191100 0.351103
v 0.001803 1.194243 0.360178
v 0.003618 1.191100 0.360178
v -0.006212 1.293918 0.284293
v 0.001803 1.194243 0.351103
v 0.006130 1.293918 0.284293
v 0.001803 1.194243 0.351103
v -0.001827 1.194243 0.360178
v 0.001803 1.194243 0.360178
v 0.006130 1.294192 0.281888
v -0.001827 1.194243 0.351103
v -0.006212 1.294192 0.281888
v -0.001524 1.342007 0.289771
v -0.003642 1.191100 0.360178
v 0.001501 1.342007 0.289771
v -0.001524 1.325977 0.287945
v -0.003642 1.191100 0.351103
v 0.001501 1.325977 0.287945
v -0.006212 1.320753 0.287350
v -0.001827 1.187956 0.360178
v 0.006130 1.320753 0.287350
v 0.006130 1.293918 0.284293
v -0.001827 1.187956 0.351103
v -0.006212 1.293918 0.284293
v 0.001501 1.342281 0.287367
v 0.001803 1.187956 0.360178
v -0.001524 1.342281 0.287367
v 0.001501 1.326251 0.285541
v 0.001803 1.187956 0.351103
v -0.001524 1.326251 0.285541
v 0.006130 1.294192 0.281888
v 0.006130 1.321027 0.284945
v -0.006212 1.321027 0.284945
v -0.006212 1.294192 0.281888
v -0.002129 1.348823 0.289390
v -0.002129 1.343829 0.319225
v -0.000012 1.191100 0.360178
v 0.003618 1.191100 0.360178
v 0.001803 1.194243 0.360178
v -0.002129 1.339653 0.318526
v 0.001803 1.194243 0.360178
v -0.001827 1.194243 0.360178
v -0.002129 1.344646 0.288691
v 0.002106 1.348823 0.289390
v -0.003642 1.191100 0.360178
v -0.002129 1.348823 0.289390
v -0.002129 1.344646 0.288691
v -0.001827 1.187956 0.360178
v 0.002106 1.344646 0.288691
v 0.002106 1.343829 0.319225
v 0.001803 1.187956 0.360178
v 0.002106 1.348823 0.289390
v 0.002106 1.344646 0.288691
v 0.002106 1.339653 0.318526
v -0.069587 1.306441 0.351103
v -0.067772 1.309584 0.351103
v -0.065957 1.306441 0.351103
v -0.002129 1.343829 0.319225
v -0.071402 1.309584 0.351103
v -0.067772 1.309584 0.351103
v 0.002106 1.343829 0.319225
v -0.073217 1.306441 0.351103
v 0.002106 1.339653 0.318526
v -0.002129 1.339653 0.318526
v -0.071402 1.303297 0.351103
v -0.002129 1.348823 0.289390
v 0.002106 1.348823 0.289390
v -0.067772 1.303297 0.351103
v 0.002106 1.343829 0.319225
v -0.002129 1.343829 0.319225
v 0.002106 1.339653 0.318526
v 0.002106 1.344646 0.288691
v -0.065957 1.306441 0.351103
v -0.067772 1.309584 0.360178
v -0.065957 1.306441 0.360178
v -0.002129 1.344646 0.288691
v -0.067772 1.309584 0.351103
v -0.002129 1.339653 0.318526
v -0.067772 1.309584 0.351103
v -0.071402 1.309584 0.360178
v -0.067772 1.309584 0.360178
v -0.009692 1.342487 0.324109
v -0.071402 1.309584 0.351103
v -0.009692 1.335458 0.324109
v -0.009692 1.345350 0.321084
v -0.073217 1.306441 0.360178
v -0.009692 1.335458 0.321084
v -0.009692 1.345350 0.318059
v -0.073217 1.306441 0.351103
v -0.009692 1.335458 0.318059
v -0.009692 1.335458 0.315034
v -0.071402 1.303297 0.360178
v -0.009692 1.342487 0.315034
v -0.003642 1.342487 0.324109
v -0.071402 1.303297 0.351103
v -0.009692 1.342487 0.324109
v -0.009692 1.345350 0.321084
v -0.067772 1.303297 0.360178
v -0.003642 1.345350 0.321084
v -0.003642 1.345350 0.321084
v -0.067772 1.303297 0.351103
v -0.009692 1.345350 0.321084
v -0.009692 1.345350 0.318059
v -0.003642 1.345350 0.318059
v -0.003642 1.345350 0.318059
v -0.009692 1.345350 0.318059
v -0.009692 1.342487 0.315034
v -0.003642 1.342487 0.315034
v -0.069587 1.306441 0.360178
v -0.065957 1.306441 0.360178
v -0.067772 1.309584 0.360178
v -0.003642 1.335458 0.324109
v -0.067772 1.309584 0.360178
v -0.071402 1.309584 0.360178
v -0.003642 1.342487 0.324109
v -0.003642 1.335458 0.321084
v -0.073217 1.306441 0.360178
v -0.003642 1.345350 0.321084
v -0.003642 1.335458 0.318059
v -0.071402 1.303297 0.360178
v -0.003642 1.345350 0.318059
v -0.003642 1.342487 0.315034
v -0.067772 1.303297 0.360178
v -0.003642 1.335458 0.315034
v -0.009692 1.335458 0.324109
v -0.003642 1.335458 0.324109
v 0.063271 1.278745 0.298627
v 0.061349 1.289649 0.365177
v 0.063271 1.278745 0.365177
v -0.009692 1.335458 0.321084
v 0.061349 1.289649 0.298627
v -0.003642 1.335458 0.321084
v -0.009692 1.335458 0.318059
v 0.057561 1.300055 0.365177
v -0.003642 1.335458 0.318059
v -0.003642 1.335458 0.315034
v 0.057561 1.300055 0.298627
v -0.009692 1.335458 0.315034
v -0.009692 1.342487 0.324109
v 0.052025 1.309645 0.365177
v -0.003642 1.342487 0.324109
v -0.003642 1.335458 0.324109
v 0.052025 1.309645 0.298627
v -0.009692 1.335458 0.324109
v -0.003642 1.335458 0.315034
v 0.044907 1.318127 0.365177
v -0.003642 1.342487 0.315034
v -0.009692 1.342487 0.315034
v 0.044907 1.318127 0.298627
v -0.009692 1.335458 0.315034
v 0.013087 1.175760 0.311706
v 0.036425 1.325245 0.365177
v 0.007551 1.175760 0.306171
v -0.000012 1.175760 0.304144
v 0.036425 1.325245 0.298627
v -0.007574 1.175760 0.306171
v -0.013111 1.175760 0.311706
v 0.026835 1.330781 0.365177
v -0.015137 1.175760 0.319269
v -0.013111 1.175760 0.326831
v 0.026835 1.330781 0.298627
v -0.007574 1.175760 0.332368
v -0.000012 1.175760 0.334394
v 0.016430 1.334569 0.365177
v 0.007551 1.175760 0.332368
v 0.013087 1.175760 0.326831
v 0.016430 1.334569 0.298627
v 0.015113 1.175760 0.319269
v -0.000012 1.175760 0.319269
v 0.005525 1.336491 0.365177
v 0.013087 1.206011 0.311706
v 0.013087 1.175760 0.311706
v 0.005525 1.336491 0.298627
v 0.007551 1.206011 0.306171
v 0.007551 1.175760 0.306171
v -0.005548 1.336491 0.365177
v -0.000012 1.206011 0.304144
v -0.000012 1.175760 0.304144
v -0.005548 1.336491 0.298627
v -0.007574 1.206011 0.306171
v -0.007574 1.175760 0.306171
v -0.016453 1.334569 0.365177
v -0.013111 1.206011 0.311706
v -0.013111 1.175760 0.311706
v -0.016453 1.334569 0.298627
v -0.015137 1.206011 0.319269
v -0.015137 1.175760 0.319269
v -0.026859 1.330781 0.365177
v -0.013111 1.206011 0.326831
v -0.013111 1.175760 0.326831
v -0.026859 1.330781 0.298627
v -0.007574 1.206011 0.332368
v -0.000012 1.175760 0.334394
v -0.036448 1.325245 0.365177
v -0.007574 1.175760 0.332368
v -0.000012 1.206011 0.334394
v -0.036448 1.325245 0.298627
v -0.000012 1.206011 0.334394
v -0.000012 1.175760 0.334394
v -0.044931 1.318127 0.365177
v 0.007551 1.206011 0.332368
v 0.007551 1.175760 0.332368
v -0.044931 1.318127 0.298627
v 0.013087 1.206011 0.326831
v 0.015113 1.175760 0.319269
v -0.052048 1.309645 0.365177
v 0.013087 1.175760 0.326831
v 0.015113 1.206011 0.319269
v -0.052048 1.309645 0.298627
v 0.013087 1.206011 0.311706
v 0.007551 1.206011 0.306171
v -0.057585 1.300055 0.365177
v -0.000012 1.206011 0.304144
v -0.007574 1.206011 0.306171
v -0.057585 1.300055 0.298627
v -0.013111 1.206011 0.311706
v -0.015137 1.206011 0.319269
v -0.061372 1.289649 0.365177
v -0.013111 1.206011 0.326831
v -0.007574 1.206011 0.332368
v -0.061372 1.289649 0.298627
v -0.000012 1.206011 0.334394
v 0.007551 1.206011 0.332368
v -0.063295 1.278745 0.365177
v 0.015113 1.206011 0.319269
v 0.013087 1.206011 0.326831
v -0.063295 1.278745 0.298627
v -0.000012 1.206011 0.319269
v 0.003618 1.342487 0.324109
v -0.063295 1.261537 0.365177
v 0.003618 1.335458 0.324109
v 0.003618 1.345350 0.321084
v -0.063295 1.261537 0.298627
v 0.003618 1.335458 0.321084
v 0.003618 1.345350 0.318059
v -0.061372 1.250632 0.365177
v 0.003618 1.335458 0.318059
v 0.003618 1.335458 0.315034
v -0.061372 1.250632 0.298627
v 0.003618 1.342487 0.315034
v 0.009668 1.342487 0.324109
v -0.057585 1.240227 0.365177
v 0.003618 1.342487 0.324109
v 0.003618 1.345350 0.321084
v -0.057585 1.240227 0.298627
v 0.009668 1.345350 0.321084
v 0.009668 1.345350 0.321084
v -0.052048 1.230637 0.365177
v 0.003618 1.345350 0.321084
v 0.003618 1.345350 0.318059
v -0.052048 1.230637 0.298627
v 0.009668 1.345350 0.318059
v 0.009668 1.345350 0.318059
v -0.044931 1.222154 0.365177
v 0.003618 1.345350 0.318059
v 0.003618 1.342487 0.315034
v -0.044931 1.222154 0.298627
v 0.009668 1.342487 0.315034
v 0.009668 1.335458 0.324109
v -0.036448 1.215037 0.365177
v 0.009668 1.342487 0.324109
v 0.009668 1.335458 0.321084
v -0.036448 1.215037 0.298627
v 0.009668 1.345350 0.321084
v 0.009668 1.335458 0.318059
v -0.026859 1.209500 0.365177
v 0.009668 1.345350 0.318059
v 0.009668 1.342487 0.315034
v -0.026859 1.209500 0.298627
v 0.009668 1.335458 0.315034
v 0.003618 1.335458 0.324109
v -0.016453 1.205713 0.365177
v 0.009668 1.335458 0.324109
v 0.003618 1.335458 0.321084
v -0.016453 1.205713 0.298627
v 0.009668 1.335458 0.321084
v 0.003618 1.335458 0.318059
v -0.005548 1.203790 0.365177
v 0.009668 1.335458 0.318059
v 0.009668 1.335458 0.315034
v -0.005548 1.203790 0.298627
v 0.003618 1.335458 0.315034
v 0.003618 1.342487 0.324109
v 0.005525 1.203790 0.365177
v 0.009668 1.342487 0.324109
v 0.009668 1.335458 0.324109
v 0.005525 1.203790 0.298627
v 0.003618 1.335458 0.324109
v 0.009668 1.335458 0.315034
v 0.016430 1.205713 0.365177
v 0.009668 1.342487 0.315034
v 0.003618 1.342487 0.315034
v 0.016430 1.205713 0.298627
v 0.003618 1.335458 0.315034
v 0.031271 1.182886 0.295620
v 0.026835 1.209500 0.365177
v 0.031271 1.182886 0.298548
v 0.031271 1.185421 0.300011
v 0.026835 1.209500 0.298627
v 0.031271 1.187956 0.298548
v 0.031271 1.187956 0.295620
v 0.036425 1.215037 0.365177
v 0.031271 1.187956 0.295620
v 0.031271 1.185421 0.294156
v 0.036425 1.215037 0.298627
v 0.031271 1.185421 0.297084
v -0.035405 1.182886 0.295620
v 0.044907 1.222154 0.365177
v 0.031271 1.182886 0.295620
v -0.035405 1.182886 0.298548
v 0.044907 1.222154 0.298627
v 0.031271 1.182886 0.298548
v -0.035405 1.185421 0.300011
v 0.052025 1.230637 0.365177
v 0.031271 1.185421 0.300011
v -0.035405 1.187956 0.298548
v 0.052025 1.230637 0.298627
v 0.031271 1.187956 0.295620
v 0.031271 1.187956 0.298548
v 0.057561 1.240227 0.365177
v -0.035405 1.187956 0.295620
v -0.035405 1.187956 0.295620
v 0.057561 1.240227 0.298627
v 0.031271 1.185421 0.294156
v 0.031271 1.187956 0.295620
v 0.061349 1.250632 0.365177
v -0.035405 1.185421 0.294156
v -0.035405 1.182886 0.295620
v 0.061349 1.250632 0.298627
v -0.035405 1.182886 0.298548
v -0.035405 1.185421 0.300011
v 0.063271 1.261537 0.365177
v -0.035405 1.187956 0.295620
v -0.035405 1.187956 0.298548
v 0.063271 1.261537 0.298627
v -0.035405 1.185421 0.294156
v -0.035405 1.187956 0.295620
v -0.035405 1.185421 0.297084
v 0.066285 1.281920 0.293039
v 0.066285 1.258361 0.299089
v 0.066285 1.281920 0.299089
v 0.066285 1.258361 0.293039
v 0.066285 1.281920 0.293039
v 0.064271 1.293344 0.299089
v 0.066285 1.281920 0.299089
v 0.066285 1.258361 0.293039
v 0.064271 1.293344 0.293039
v 0.064271 1.246937 0.299089
v 0.064271 1.293344 0.293039
v 0.060303 1.304245 0.299089
v 0.064271 1.293344 0.299089
v 0.066285 1.258361 0.299089
v 0.060303 1.304245 0.293039
v 0.064271 1.246937 0.293039
v 0.060303 1.304245 0.293039
v 0.054503 1.314292 0.299089
v 0.060303 1.304245 0.299089
v 0.064271 1.246937 0.293039
v 0.054503 1.314292 0.293039
v 0.060303 1.236037 0.299089
v 0.054503 1.314292 0.293039
v 0.047046 1.323178 0.299089
v 0.054503 1.314292 0.299089
v 0.064271 1.246937 0.299089
v 0.047046 1.323178 0.293039
v 0.060303 1.236037 0.293039
v 0.047046 1.323178 0.293039
v 0.038160 1.330634 0.299089
v 0.047046 1.323178 0.299089
v 0.060303 1.236037 0.293039
v 0.038160 1.330634 0.293039
v 0.054503 1.225990 0.299089
v 0.038160 1.330634 0.293039
v 0.028113 1.336435 0.299089
v 0.038160 1.330634 0.299089
v 0.060303 1.236037 0.299089
v 0.028113 1.336435 0.293039
v 0.054503 1.225990 0.293039
v 0.028113 1.336435 0.293039
v 0.017213 1.340402 0.299089
v 0.028113 1.336435 0.299089
v 0.054503 1.225990 0.293039
v 0.017213 1.340402 0.293039
v 0.047046 1.217104 0.299089
v 0.017213 1.340402 0.293039
v 0.005788 1.342417 0.299089
v 0.017213 1.340402 0.299089
v 0.054503 1.225990 0.299089
v 0.005788 1.342417 0.293039
v 0.047046 1.217104 0.293039
v 0.005788 1.342417 0.293039
v -0.005812 1.342417 0.299089
v 0.005788 1.342417 0.299089
v 0.047046 1.217104 0.293039
v -0.005812 1.342417 0.293039
v 0.038160 1.209647 0.299089
v -0.005812 1.342417 0.293039
v -0.017236 1.340402 0.299089
v -0.005812 1.342417 0.299089
v 0.047046 1.217104 0.299089
v -0.017236 1.340402 0.293039
v 0.038160 1.209647 0.293039
v -0.017236 1.340402 0.293039
v -0.028137 1.336435 0.299089
v -0.017236 1.340402 0.299089
v 0.038160 1.209647 0.293039
v -0.028137 1.336435 0.293039
v 0.028113 1.203847 0.299089
v -0.028137 1.336435 0.293039
v -0.038183 1.330634 0.299089
v -0.028137 1.336435 0.299089
v 0.038160 1.209647 0.299089
v -0.038183 1.330634 0.293039
v 0.028113 1.203847 0.293039
v -0.038183 1.330634 0.293039
v -0.047070 1.323178 0.299089
v -0.038183 1.330634 0.299089
v 0.028113 1.203847 0.293039
v -0.047070 1.323178 0.293039
v 0.017213 1.199880 0.299089
v -0.047070 1.323178 0.293039
v -0.054526 1.314292 0.299089
v -0.047070 1.323178 0.299089
v 0.028113 1.203847 0.299089
v -0.054526 1.314292 0.293039
v 0.017213 1.199880 0.293039
v -0.054526 1.314292 0.293039
v -0.060327 1.304245 0.299089
v -0.054526 1.314292 0.299089
v 0.017213 1.199880 0.293039
v -0.060327 1.304245 0.293039
v 0.005788 1.197865 0.299089
v -0.060327 1.304245 0.293039
v -0.064294 1.293344 0.299089
v -0.060327 1.304245 0.299089
v 0.017213 1.199880 0.299089
v -0.064294 1.293344 0.293039
v 0.005788 1.197865 0.293039
v -0.064294 1.293344 0.293039
v -0.066308 1.281920 0.299089
v -0.064294 1.293344 0.299089
v 0.005788 1.197865 0.293039
v -0.066308 1.281920 0.293039
v -0.005812 1.197865 0.299089
v -0.066308 1.281920 0.293039
v -0.066308 1.258361 0.299089
v -0.066308 1.281920 0.299089
v 0.005788 1.197865 0.299089
v -0.066308 1.258361 0.293039
v -0.005812 1.197865 0.293039
v -0.066308 1.258361 0.293039
v -0.064294 1.246937 0.299089
v -0.066308 1.258361 0.299089
v -0.005812 1.197865 0.293039
v -0.064294 1.246937 0.293039
v -0.017236 1.199880 0.299089
v -0.064294 1.246937 0.293039
v -0.060327 1.236037 0.299089
v -0.064294 1.246937 0.299089
v -0.005812 1.197865 0.299089
v -0.060327 1.236037 0.293039
v -0.017236 1.199880 0.293039
v -0.060327 1.236037 0.293039
v -0.054526 1.225990 0.299089
v -0.060327 1.236037 0.299089
v -0.017236 1.199880 0.293039
v -0.054526 1.225990 0.293039
v -0.028137 1.203847 0.299089
v -0.054526 1.225990 0.293039
v -0.047070 1.217104 0.299089
v -0.054526 1.225990 0.299089
v -0.017236 1.199880 0.299089
v -0.047070 1.217104 0.293039
v -0.028137 1.203847 0.293039
v -0.047070 1.217104 0.293039
v -0.038183 1.209647 0.299089
v -0.047070 1.217104 0.299089
v -0.028137 1.203847 0.293039
v -0.038183 1.209647 0.293039
v -0.038183 1.209647 0.299089
v -0.038183 1.209647 0.293039
v -0.028137 1.203847 0.299089
vn 0.9962 0.0872 -0.0000
vn 0.9992 0.0388 -0.0000
vn 0.9955 0.0947 -0.0000
vn 0.6383 0.7698 -0.0000
vn 0.5872 0.8095 -0.0000
vn 0.5872 0.8094 0.0001
vn 0.5872 0.8094 0.0002
vn 0.5736 0.8192 0.0001
vn 0.5735 0.8192 -0.0000
vn 0.5736 0.8191 0.0002
vn 0.4226 0.9063 -0.0000
vn 0.2588 0.9659 -0.0000
vn 0.0871 0.9962 -0.0000
vn -0.0871 0.9962 -0.0000
vn -0.2588 0.9659 -0.0000
vn -0.4226 0.9063 -0.0000
vn -0.5736 0.8191 -0.0000
vn -0.5736 0.8192 -0.0000
vn -0.6273 0.7788 -0.0000
vn -0.6458 0.7635 -0.0000
vn -0.9901 0.1406 -0.0000
vn -0.9943 0.1068 -0.0000
vn -0.9962 0.0872 -0.0000
vn -0.9962 -0.0872 -0.0000
vn -0.9659 -0.2588 -0.0000
vn -0.9063 -0.4226 -0.0000
vn -0.8191 -0.5736 -0.0000
vn -0.7071 -0.7071 -0.0000
vn -0.5736 -0.8191 -0.0000
vn -0.4226 -0.9063 -0.0000
vn -0.3627 -0.9319 -0.0000
vn -0.3628 -0.9319 0.0001
vn -0.3283 -0.9446 0.0001
vn -0.3283 -0.9446 -0.0000
vn 0.3283 -0.9446 -0.0000
vn 0.3627 -0.9319 -0.0000
vn 0.4226 -0.9063 -0.0000
vn 0.5736 -0.8191 -0.0000
vn 0.7071 -0.7071 -0.0000
vn 0.8191 -0.5736 -0.0000
vn 0.9063 -0.4226 -0.0000
vn 0.9063 -0.4226 -0.0001
vn 0.9063 -0.4226 -0.0002
vn 0.9659 -0.2588 -0.0002
vn 0.9659 -0.2588 -0.0000
vn 0.9962 -0.0872 -0.0000
vn -0.0000 -0.0000 -1.0000
vn 1.0000 -0.0000 -0.0000
vn 0.8661 0.5000 -0.0000
vn 0.8660 0.5000 -0.0000
vn -0.0000 1.0000 -0.0000
vn -0.5000 0.8660 -0.0000
vn -1.0000 -0.0000 -0.0000
vn -0.5000 -0.8660 -0.0000
vn 0.5000 -0.8660 -0.0000
vn -0.0000 -0.0000 1.0000
vn 1.0000 0.0001 -0.0000
vn 0.8660 0.5001 -0.0000
vn -0.4999 0.8661 -0.0000
vn -1.0000 0.0001 -0.0000
vn 0.9962 0.0871 -0.0000
vn 0.9659 0.2588 -0.0000
vn 0.9063 0.4226 -0.0000
vn 0.8192 0.5736 -0.0000
vn 0.7071 0.7071 -0.0000
vn 0.5736 0.8192 -0.0000
vn -0.7071 0.7071 -0.0000
vn -0.8192 0.5736 -0.0000
vn -0.9063 0.4226 -0.0000
vn -0.9659 0.2588 -0.0000
vn -0.8192 -0.5736 -0.0000
vn -0.5736 -0.8192 -0.0000
vn -0.2588 -0.9659 -0.0000
vn -0.0872 -0.9962 -0.0000
vn 0.0872 -0.9962 -0.0000
vn 0.2588 -0.9659 -0.0000
vn 0.5736 -0.8192 -0.0000
vn 0.8192 -0.5735 -0.0000
vn 0.9962 -0.0871 -0.0000
vn 0.9848 0.1736 -0.0000
vn 0.9397 0.3420 -0.0000
vn 0.7660 0.6428 -0.0000
vn 0.6428 0.7661 -0.0000
vn 0.5000 0.8660 -0.0000
vn 0.3420 0.9397 -0.0000
vn 0.1737 0.9848 -0.0000
vn -0.1737 0.9848 -0.0000
vn -0.3420 0.9397 -0.0000
vn -0.5001 0.8660 -0.0000
vn -0.6427 0.7661 -0.0000
vn -0.7661 0.6428 -0.0000
vn -0.8660 0.5000 -0.0000
vn -0.9397 0.3420 -0.0000
vn -0.9848 0.1736 -0.0000
vn -0.9848 -0.1736 -0.0000
vn -0.9397 -0.3420 -0.0000
vn -0.8660 -0.5000 -0.0000
vn -0.7661 -0.6428 -0.0000
vn -0.6428 -0.7660 -0.0000
vn -0.3420 -0.9397 -0.0000
vn -0.1737 -0.9848 -0.0000
vn -0.0000 -1.0000 -0.0000
vn 0.1737 -0.9848 -0.0000
vn 0.3420 -0.9397 -0.0000
vn 0.6428 -0.7660 -0.0000
vn 0.7660 -0.6428 -0.0000
vn 0.8660 -0.5000 -0.0000
vn 0.9397 -0.3421 -0.0000
vn 0.9848 -0.1736 -0.0000
vn -0.0000 0.5001 -0.8660
vn -0.0000 0.8660 0.5001
vn -0.0000 -0.8660 0.5001
vn -0.0000 -0.8661 -0.4999
vn -0.0000 0.7263 -0.6874
vn -0.0000 0.7263 0.6874
vn 0.8661 -0.0000 0.5000
vn 0.8661 -0.0000 0.4999
vn 0.5000 -0.0000 0.8660
vn 0.2588 -0.0000 0.9659
vn -0.2588 -0.0000 0.9659
vn -0.5000 -0.0000 0.8660
vn -0.8660 -0.0000 0.5000
vn -0.8660 -0.0000 -0.5001
vn -0.8660 -0.0000 -0.5000
vn -0.5000 -0.0000 -0.8661
vn -0.5000 -0.0000 -0.8660
vn 0.5000 -0.0000 -0.8660
vn 0.8660 -0.0000 -0.5000
vn -0.0000 -0.9863 -0.1651
vn -0.0000 0.9863 0.1651
vn -0.0000 -0.1651 0.9863
vn -0.0000 0.1650 -0.9863
vn -0.0000 0.1132 -0.9936
vn -0.0000 0.1133 -0.9936
vn -0.0000 -0.1132 0.9936
vn -0.0000 -0.9936 -0.1132
vn 0.9356 0.3509 0.0400
vn -0.0000 0.9936 0.1133
vn -0.0000 0.9936 0.1132
vn -0.9345 0.3538 0.0403
vn -0.9344 0.3538 0.0403
vt 0.000000 0.000000
vt 0.666667 1.000000
vt 0.000000 1.000000
vt 0.666667 0.000000
vt 0.985425 0.453850
vt 0.985595 0.473337
vt 0.985530 0.465837
vt 0.985255 0.434363
vt 0.985177 0.425388
vt 0.985320 0.441863
vt 0.985386 0.449363
vt 0.985464 0.458337
vt 0.937694 0.473755
vt 0.937628 0.466255
vt 0.937354 0.434781
vt 0.937275 0.425806
vt 0.937419 0.442281
vt 0.937485 0.449781
vt 0.937563 0.458755
vt 0.937524 0.454268
vt 0.003047 0.522924
vt 0.996953 0.605681
vt 0.996953 0.522924
vt 0.003047 0.605681
vt 0.996953 0.685923
vt 0.003047 0.685923
vt 0.996953 0.761212
vt 0.003047 0.761212
vt 0.996953 0.829261
vt 0.003047 0.829261
vt 0.996953 0.888003
vt 0.003047 0.888003
vt 0.996953 0.935651
vt 0.003047 0.935651
vt 0.996953 0.970759
vt 0.003047 0.970759
vt 0.996953 0.992260
vt 0.003047 0.992260
vt 0.996953 0.999500
vt 0.003047 0.999500
vt 0.996953 0.829262
vt 0.003047 0.829262
vt 0.996953 0.477076
vt 0.003047 0.477076
vt 0.996953 0.394319
vt 0.003047 0.394319
vt 0.996953 0.314077
vt 0.003047 0.314077
vt 0.996953 0.238788
vt 0.003047 0.238788
vt 0.996953 0.170739
vt 0.003047 0.170739
vt 0.996953 0.111997
vt 0.003047 0.111997
vt 0.996953 0.064349
vt 0.003047 0.064349
vt 0.996953 0.029241
vt 0.003047 0.029241
vt 0.996953 0.007740
vt 0.003047 0.007740
vt 0.996953 0.000500
vt 0.003047 0.000500
vt 0.294686 1.000000
vt 0.294686 0.000000
vt 0.917545 0.145843
vt 0.920449 0.165331
vt 0.919333 0.157831
vt 0.914641 0.126356
vt 0.913300 0.117381
vt 0.915759 0.133856
vt 0.916875 0.141356
vt 0.918215 0.150331
vt 0.102008 0.165749
vt 0.100890 0.158249
vt 0.096196 0.126774
vt 0.094859 0.117800
vt 0.097315 0.134274
vt 0.098433 0.141774
vt 0.099772 0.150749
vt 0.099103 0.146261
vt 0.296222 0.151247
vt 0.498150 0.151248
vt 0.498150 0.435425
vt 0.296222 0.435425
vt 0.296222 0.151248
vt 0.498150 0.151247
vt 0.390948 0.151248
vt 0.390948 0.435425
vt 0.485674 0.151248
vt 0.485674 0.435425
vt 0.580400 0.151248
vt 0.580400 0.435425
vt 0.296222 0.233497
vt 0.390948 0.151247
vt 0.485674 0.151247
vt 0.580400 0.233497
vt 0.580400 0.151247
vt 0.296222 0.353175
vt 0.580400 0.353175
vt 0.411908 0.192457
vt 0.218303 0.351115
vt 0.411908 0.375659
vt 0.076575 0.284058
vt 0.024698 0.192457
vt 0.076575 0.100856
vt 0.218303 0.033800
vt 0.411908 0.009255
vt 0.605513 0.033800
vt 0.747242 0.100856
vt 0.799118 0.192457
vt 0.747242 0.284058
vt 0.605513 0.351115
vt 0.605707 0.009255
vt 0.670306 0.375659
vt 0.605707 0.375659
vt 0.670306 0.009255
vt 0.734905 0.375659
vt 0.734905 0.009255
vt 0.799505 0.375659
vt 0.799505 0.009255
vt 0.024311 0.009255
vt 0.088911 0.375659
vt 0.024311 0.375659
vt 0.088911 0.009255
vt 0.153510 0.375659
vt 0.153510 0.009255
vt 0.218110 0.375659
vt 0.218110 0.009255
vt 0.282709 0.375659
vt 0.282709 0.009255
vt 0.347309 0.375659
vt 0.347309 0.009255
vt 0.476508 0.375659
vt 0.476508 0.009255
vt 0.541107 0.375659
vt 0.541107 0.009255
vt 1.000000 0.000000
vt 1.000000 1.000000
vt 0.826471 0.173529
vt 0.826470 0.391176
vt 0.173531 0.391176
vt 0.173531 0.173529
vt 0.826469 0.608824
vt 0.173530 0.608824
vt 0.826468 0.826471
vt 0.173529 0.826471
vt 0.173529 0.173529
vt 0.826468 0.173529
vt 0.826469 0.391176
vt 0.173530 0.391176
vt 0.826470 0.608824
vt 0.173531 0.608824
vt 0.826471 0.826471
vt 0.173531 0.826471
vt 0.391176 0.173529
vt 0.391176 0.826471
vt 0.608824 0.173529
vt 0.608824 0.826471
s 1
usemtl zadek_b.001
f 7027/3813/2636 7028/3814/2636 7029/3815/2636
f 7027/3813/2636 7030/3816/2636 7028/3814/2636
f 7031/3813/2637 7032/3814/2637 7033/3815/2637
f 7031/3813/2637 7034/3816/2637 7032/3814/2637
f 7035/3813/2638 7036/3814/2638 7037/3815/2638
f 7035/3813/2638 7038/3816/2638 7036/3814/2638
f 7039/3813/2639 7040/3814/2639 7041/3815/2639
f 7039/3813/2639 7042/3816/2639 7040/3814/2639
f 7043/3813/2640 7044/3814/2641 7045/3815/2640
f 7043/3813/2640 7046/3816/2642 7044/3814/2641
f 7047/3813/2643 7048/3814/2644 7049/3815/2645
f 7047/3813/2643 7050/3816/2644 7048/3814/2644
f 7051/3813/2646 7052/3814/2646 7053/3815/2646
f 7051/3813/2646 7054/3816/2646 7052/3814/2646
f 7055/3813/2647 7056/3814/2647 7057/3815/2647
f 7055/3813/2647 7058/3816/2647 7056/3814/2647
f 7059/3813/2648 7060/3814/2648 7061/3815/2648
f 7059/3813/2648 7062/3816/2648 7060/3814/2648
f 7063/3813/2649 7064/3814/2649 7065/3815/2649
f 7063/3813/2649 7066/3816/2649 7064/3814/2649
f 7067/3813/2650 7068/3814/2650 7069/3815/2650
f 7067/3813/2650 7070/3816/2650 7068/3814/2650
f 7071/3813/2651 7072/3814/2651 7073/3815/2651
f 7071/3813/2651 7074/3816/2651 7072/3814/2651
f 7075/3813/2652 7076/3814/2653 7077/3815/2652
f 7075/3813/2652 7078/3816/2653 7076/3814/2653
f 7079/3813/2654 7080/3814/2654 7081/3815/2654
f 7079/3813/2654 7082/3816/2654 7080/3814/2654
f 7083/3813/2655 7084/3814/2655 7085/3815/2655
f 7083/3813/2655 7086/3816/2655 7084/3814/2655
f 7087/3813/2656 7088/3814/2656 7089/3815/2656
f 7087/3813/2656 7090/3816/2656 7088/3814/2656
f 7091/3813/2657 7092/3814/2657 7093/3815/2657
f 7091/3813/2657 7094/3816/2657 7092/3814/2657
f 7095/3813/2658 7096/3814/2658 7097/3815/2658
f 7095/3813/2658 7098/3816/2658 7096/3814/2658
f 7099/3813/2659 7100/3814/2659 7101/3815/2659
f 7099/3813/2659 7102/3816/2659 7100/3814/2659
f 7103/3813/2660 7104/3814/2660 7105/3815/2660
f 7103/3813/2660 7106/3816/2660 7104/3814/2660
f 7107/3813/2661 7108/3814/2661 7109/3815/2661
f 7107/3813/2661 7110/3816/2661 7108/3814/2661
f 7111/3813/2662 7112/3814/2662 7113/3815/2662
f 7111/3813/2662 7114/3816/2662 7112/3814/2662
f 7115/3813/2663 7116/3814/2663 7117/3815/2663
f 7115/3813/2663 7118/3816/2663 7116/3814/2663
f 7119/3813/2664 7120/3814/2664 7121/3815/2664
f 7119/3813/2664 7122/3816/2664 7120/3814/2664
f 7123/3813/2665 7124/3814/2665 7125/3815/2665
f 7123/3813/2665 7126/3816/2665 7124/3814/2665
f 7127/3813/2666 7128/3814/2667 7129/3815/2666
f 7127/3813/2666 7130/3816/2667 7128/3814/2667
f 7131/3813/2668 7132/3814/2669 7133/3815/2668
f 7131/3813/2668 7134/3816/2669 7132/3814/2669
f 7135/3813/2670 7136/3814/2670 7137/3815/2670
f 7135/3813/2670 7138/3816/2670 7136/3814/2670
f 7139/3813/2671 7140/3814/2671 7141/3815/2671
f 7139/3813/2671 7142/3816/2671 7140/3814/2671
f 7143/3813/2672 7144/3814/2672 7145/3815/2672
f 7143/3813/2672 7146/3816/2672 7144/3814/2672
f 7147/3813/2673 7148/3814/2673 7149/3815/2673
f 7147/3813/2673 7150/3816/2673 7148/3814/2673
f 7151/3813/2674 7152/3814/2674 7153/3815/2674
f 7151/3813/2674 7154/3816/2674 7152/3814/2674
f 7155/3813/2675 7156/3814/2675 7157/3815/2675
f 7155/3813/2675 7158/3816/2675 7156/3814/2675
f 7159/3813/2676 7160/3814/2677 7161/3815/2676
f 7159/3813/2676 7162/3816/2678 7160/3814/2677
f 7163/3813/2679 7164/3814/2680 7165/3815/2679
f 7163/3813/2679 7166/3816/2680 7164/3814/2680
f 7167/3813/2681 7168/3814/2681 7169/3815/2681
f 7167/3813/2681 7170/3816/2681 7168/3814/2681
f 7171/3817/2682 7172/3818/2682 7173/3819/2682
f 7171/3817/2682 7174/3820/2682 7175/3821/2682
f 7171/3817/2682 7176/3822/2682 7174/3820/2682
f 7171/3817/2682 7177/3823/2682 7176/3822/2682
f 7171/3817/2682 7178/3824/2682 7177/3823/2682
f 7171/3817/2682 7173/3819/2682 7178/3824/2682
f 7179/3819/2683 7180/3825/2684 7181/3826/2683
f 7179/3819/2683 7182/3818/2685 7180/3825/2684
f 7183/3821/2686 7184/3827/2687 7185/3828/2686
f 7183/3821/2686 7186/3820/2687 7184/3827/2687
f 7186/3820/2687 7187/3829/2688 7184/3827/2687
f 7186/3820/2687 7188/3822/2688 7187/3829/2688
f 7188/3822/2688 7189/3830/2689 7187/3829/2688
f 7188/3822/2688 7190/3823/2689 7189/3830/2689
f 7190/3823/2689 7191/3831/2690 7189/3830/2689
f 7190/3823/2689 7192/3824/2690 7191/3831/2690
f 7192/3824/2690 7181/3826/2683 7191/3831/2690
f 7192/3824/2690 7179/3819/2683 7181/3826/2683
f 7193/3832/2691 7194/3826/2691 7195/3825/2691
f 7193/3832/2691 7197/3828/2691 7198/3827/2691
f 7193/3832/2691 7198/3827/2691 7201/3829/2691
f 7193/3832/2691 7201/3829/2691 7204/3830/2691
f 7193/3832/2691 7204/3830/2691 7207/3831/2691
f 7193/3832/2691 7207/3831/2691 7194/3826/2691
f 7211/3817/2682 7212/3818/2682 7213/3819/2682
f 7211/3817/2682 7215/3820/2682 7216/3821/2682
f 7211/3817/2682 7218/3822/2682 7215/3820/2682
f 7211/3817/2682 7221/3823/2682 7218/3822/2682
f 7211/3817/2682 7224/3824/2682 7221/3823/2682
f 7211/3817/2682 7213/3819/2682 7224/3824/2682
f 7229/3819/2692 7230/3825/2693 7231/3826/2692
f 7229/3819/2692 7233/3818/2693 7230/3825/2693
f 7235/3821/2686 7236/3827/2687 7237/3828/2686
f 7235/3821/2686 7239/3820/2694 7236/3827/2687
f 7239/3820/2694 7242/3829/2695 7236/3827/2687
f 7239/3820/2694 7245/3822/2695 7242/3829/2695
f 7245/3822/2695 7248/3830/2689 7242/3829/2695
f 7245/3822/2695 7251/3823/2689 7248/3830/2689
f 7251/3823/2689 7254/3831/2690 7248/3830/2689
f 7251/3823/2689 7257/3824/2690 7254/3831/2690
f 7257/3824/2690 7231/3826/2692 7254/3831/2690
f 7257/3824/2690 7229/3819/2692 7231/3826/2692
f 7265/3832/2691 7266/3826/2691 7267/3825/2691
f 7265/3832/2691 7269/3828/2691 7270/3827/2691
f 7265/3832/2691 7270/3827/2691 7273/3829/2691
f 7265/3832/2691 7273/3829/2691 7276/3830/2691
f 7265/3832/2691 7276/3830/2691 7279/3831/2691
f 7265/3832/2691 7279/3831/2691 7266/3826/2691
f 7283/3817/2682 7284/3818/2682 7285/3819/2682
f 7283/3817/2682 7287/3820/2682 7288/3821/2682
f 7283/3817/2682 7290/3822/2682 7287/3820/2682
f 7283/3817/2682 7293/3823/2682 7290/3822/2682
f 7283/3817/2682 7296/3824/2682 7293/3823/2682
f 7283/3817/2682 7285/3819/2682 7296/3824/2682
f 7301/3819/2692 7302/3825/2693 7303/3826/2692
f 7301/3819/2692 7305/3818/2693 7302/3825/2693
f 7307/3821/2686 7308/3827/2687 7309/3828/2686
f 7307/3821/2686 7311/3820/2694 7308/3827/2687
f 7311/3820/2694 7314/3829/2695 7308/3827/2687
f 7311/3820/2694 7317/3822/2695 7314/3829/2695
f 7317/3822/2695 7320/3830/2689 7314/3829/2695
f 7317/3822/2695 7323/3823/2689 7320/3830/2689
f 7323/3823/2689 7326/3831/2690 7320/3830/2689
f 7323/3823/2689 7329/3824/2690 7326/3831/2690
f 7329/3824/2690 7303/3826/2692 7326/3831/2690
f 7329/3824/2690 7301/3819/2692 7303/3826/2692
f 7337/3832/2691 7338/3826/2691 7339/3825/2691
f 7337/3832/2691 7341/3828/2691 7342/3827/2691
f 7337/3832/2691 7342/3827/2691 7345/3829/2691
f 7337/3832/2691 7345/3829/2691 7348/3830/2691
f 7337/3832/2691 7348/3830/2691 7351/3831/2691
f 7337/3832/2691 7351/3831/2691 7338/3826/2691
f 7355/3833/2696 7356/3834/2697 7357/3835/2696
f 7355/3833/2696 7359/3836/2697 7356/3834/2697
f 7359/3836/2697 7362/3837/2698 7356/3834/2697
f 7359/3836/2697 7365/3838/2698 7362/3837/2698
f 7365/3838/2698 7368/3839/2699 7362/3837/2698
f 7365/3838/2698 7371/3840/2699 7368/3839/2699
f 7371/3840/2699 7374/3841/2700 7368/3839/2699
f 7371/3840/2699 7377/3842/2700 7374/3841/2700
f 7377/3842/2700 7380/3843/2701 7374/3841/2700
f 7377/3842/2700 7383/3844/2701 7380/3843/2701
f 7383/3844/2701 7386/3845/2646 7380/3843/2701
f 7383/3844/2701 7389/3846/2646 7386/3845/2646
f 7389/3846/2646 7392/3847/2647 7386/3845/2646
f 7389/3846/2646 7395/3848/2647 7392/3847/2647
f 7395/3848/2647 7398/3849/2648 7392/3847/2647
f 7395/3848/2647 7401/3850/2648 7398/3849/2648
f 7401/3850/2648 7404/3851/2649 7398/3849/2648
f 7401/3850/2648 7407/3852/2649 7404/3851/2649
f 7407/3852/2649 7410/3849/2650 7404/3851/2649
f 7407/3852/2649 7413/3850/2650 7410/3849/2650
f 7413/3850/2650 7416/3847/2651 7410/3849/2650
f 7413/3850/2650 7419/3848/2651 7416/3847/2651
f 7419/3848/2651 7422/3845/2653 7416/3847/2651
f 7419/3848/2651 7425/3846/2653 7422/3845/2653
f 7425/3846/2653 7428/3843/2702 7422/3845/2653
f 7425/3846/2653 7431/3844/2702 7428/3843/2702
f 7431/3844/2702 7434/3853/2703 7428/3843/2702
f 7431/3844/2702 7437/3854/2703 7434/3853/2703
f 7437/3854/2703 7440/3839/2704 7434/3853/2703
f 7437/3854/2703 7443/3840/2704 7440/3839/2704
f 7443/3840/2704 7446/3837/2705 7440/3839/2704
f 7443/3840/2704 7449/3838/2705 7446/3837/2705
f 7449/3838/2705 7452/3834/2658 7446/3837/2705
f 7449/3838/2705 7455/3836/2658 7452/3834/2658
f 7455/3836/2658 7458/3855/2659 7452/3834/2658
f 7455/3836/2658 7461/3856/2659 7458/3855/2659
f 7461/3856/2659 7464/3857/2660 7458/3855/2659
f 7461/3856/2659 7467/3858/2660 7464/3857/2660
f 7467/3858/2660 7470/3859/2661 7464/3857/2660
f 7467/3858/2660 7473/3860/2661 7470/3859/2661
f 7473/3860/2661 7476/3861/2706 7470/3859/2661
f 7473/3860/2661 7479/3862/2706 7476/3861/2706
f 7479/3862/2706 7482/3863/2663 7476/3861/2706
f 7479/3862/2706 7485/3864/2663 7482/3863/2663
f 7485/3864/2663 7488/3865/2707 7482/3863/2663
f 7485/3864/2663 7491/3866/2707 7488/3865/2707
f 7491/3866/2707 7494/3867/2665 7488/3865/2707
f 7491/3866/2707 7497/3868/2665 7494/3867/2665
f 7497/3868/2665 7500/3869/2708 7494/3867/2665
f 7497/3868/2665 7503/3870/2708 7500/3869/2708
f 7503/3870/2708 7506/3871/2709 7500/3869/2708
f 7503/3870/2708 7509/3872/2709 7506/3871/2709
f 7509/3872/2709 7512/3873/2710 7506/3871/2709
f 7509/3872/2709 7515/3874/2710 7512/3873/2710
f 7515/3874/2710 7518/3871/2711 7512/3873/2710
f 7515/3874/2710 7521/3872/2711 7518/3871/2711
f 7521/3872/2711 7524/3869/2672 7518/3871/2711
f 7521/3872/2711 7527/3870/2672 7524/3869/2672
f 7527/3870/2672 7530/3867/2712 7524/3869/2672
f 7527/3870/2672 7533/3868/2712 7530/3867/2712
f 7533/3868/2712 7536/3865/2674 7530/3867/2712
f 7533/3868/2712 7539/3866/2674 7536/3865/2674
f 7539/3866/2674 7542/3863/2713 7536/3865/2674
f 7539/3866/2674 7545/3864/2713 7542/3863/2713
f 7545/3864/2713 7548/3861/2676 7542/3863/2713
f 7545/3864/2713 7551/3862/2676 7548/3861/2676
f 7551/3862/2676 7554/3859/2680 7548/3861/2676
f 7551/3862/2676 7557/3860/2680 7554/3859/2680
f 7557/3860/2680 7560/3857/2714 7554/3859/2680
f 7557/3860/2680 7563/3858/2714 7560/3857/2714
f 7563/3858/2714 7357/3835/2696 7560/3857/2714
f 7563/3858/2714 7355/3833/2696 7357/3835/2696
f 7571/3813/2715 7572/3875/2715 7573/3815/2715
f 7571/3813/2715 7575/3876/2715 7572/3875/2715
f 7577/3813/2716 7578/3875/2716 7579/3815/2716
f 7577/3813/2716 7581/3876/2716 7578/3875/2716
f 7583/3813/2685 7584/3875/2685 7585/3815/2685
f 7583/3813/2685 7587/3876/2685 7584/3875/2685
f 7589/3813/2717 7590/3875/2717 7591/3815/2717
f 7589/3813/2717 7593/3876/2717 7590/3875/2717
f 7595/3813/2718 7596/3875/2718 7597/3815/2718
f 7595/3813/2718 7599/3876/2718 7596/3875/2718
f 7601/3813/2719 7602/3875/2719 7603/3815/2719
f 7601/3813/2719 7605/3876/2719 7602/3875/2719
f 7607/3813/2720 7608/3875/2720 7609/3815/2720
f 7607/3813/2720 7611/3876/2720 7608/3875/2720
f 7613/3813/2721 7614/3875/2721 7615/3815/2721
f 7613/3813/2721 7617/3876/2721 7614/3875/2721
f 7619/3813/2686 7620/3875/2686 7621/3815/2686
f 7619/3813/2686 7623/3876/2686 7620/3875/2686
f 7625/3813/2722 7626/3875/2722 7627/3815/2722
f 7625/3813/2722 7629/3876/2722 7626/3875/2722
f 7631/3813/2723 7632/3875/2723 7633/3815/2723
f 7631/3813/2723 7635/3876/2723 7632/3875/2723
f 7637/3813/2724 7638/3875/2724 7639/3815/2724
f 7637/3813/2724 7641/3876/2724 7638/3875/2724
f 7643/3813/2725 7644/3875/2725 7645/3815/2725
f 7643/3813/2725 7647/3876/2725 7644/3875/2725
f 7649/3813/2726 7650/3875/2726 7651/3815/2726
f 7649/3813/2726 7653/3876/2726 7650/3875/2726
f 7655/3813/2727 7656/3875/2727 7657/3815/2727
f 7655/3813/2727 7659/3876/2727 7656/3875/2727
f 7661/3813/2728 7662/3875/2728 7663/3815/2728
f 7661/3813/2728 7665/3876/2728 7662/3875/2728
f 7667/3813/2729 7668/3875/2729 7669/3815/2729
f 7667/3813/2729 7671/3876/2729 7668/3875/2729
f 7673/3813/2688 7674/3875/2688 7675/3815/2688
f 7673/3813/2688 7677/3876/2688 7674/3875/2688
f 7679/3813/2730 7680/3875/2730 7681/3815/2730
f 7679/3813/2730 7683/3876/2730 7680/3875/2730
f 7685/3813/2731 7686/3875/2731 7687/3815/2731
f 7685/3813/2731 7689/3876/2731 7686/3875/2731
f 7691/3813/2732 7692/3875/2732 7693/3815/2732
f 7691/3813/2732 7695/3876/2732 7692/3875/2732
f 7697/3813/2733 7698/3875/2733 7699/3815/2733
f 7697/3813/2733 7701/3876/2733 7698/3875/2733
f 7703/3813/2734 7704/3875/2734 7705/3815/2734
f 7703/3813/2734 7707/3876/2734 7704/3875/2734
f 7709/3813/2689 7710/3875/2689 7708/3815/2689
f 7709/3813/2689 7706/3876/2689 7710/3875/2689
f 7702/3813/2735 7700/3875/2735 7696/3815/2735
f 7702/3813/2735 7694/3876/2735 7700/3875/2735
f 7690/3813/2736 7688/3875/2736 7684/3815/2736
f 7690/3813/2736 7682/3876/2736 7688/3875/2736
f 7678/3813/2737 7676/3875/2737 7672/3815/2737
f 7678/3813/2737 7670/3876/2737 7676/3875/2737
f 7666/3813/2738 7664/3875/2738 7660/3815/2738
f 7666/3813/2738 7658/3876/2738 7664/3875/2738
f 7654/3813/2739 7652/3875/2739 7648/3815/2739
f 7654/3813/2739 7646/3876/2739 7652/3875/2739
f 7642/3813/2690 7640/3875/2690 7636/3815/2690
f 7642/3813/2690 7634/3876/2690 7640/3875/2690
f 7630/3813/2740 7628/3875/2740 7624/3815/2740
f 7630/3813/2740 7622/3876/2740 7628/3875/2740
f 7618/3813/2741 7616/3875/2741 7612/3815/2741
f 7618/3813/2741 7610/3876/2741 7616/3875/2741
f 7606/3813/2742 7604/3875/2742 7600/3815/2742
f 7606/3813/2742 7598/3876/2742 7604/3875/2742
f 7594/3813/2743 7592/3875/2743 7588/3815/2743
f 7594/3813/2743 7586/3876/2743 7592/3875/2743
f 7582/3813/2744 7580/3875/2744 7576/3815/2744
f 7582/3813/2744 7574/3876/2744 7580/3875/2744
f 7570/3813/2683 7569/3875/2683 7568/3815/2683
f 7570/3813/2683 7567/3876/2683 7569/3875/2683
f 7566/3877/2688 7565/3878/2688 7564/3879/2688
f 7566/3877/2688 7562/3880/2688 7561/3881/2688
f 7566/3877/2688 7559/3882/2688 7562/3880/2688
f 7566/3877/2688 7558/3883/2688 7559/3882/2688
f 7566/3877/2688 7556/3884/2688 7558/3883/2688
f 7566/3877/2688 7564/3879/2688 7556/3884/2688
f 7555/3879/2682 7553/3885/2745 7552/3886/2682
f 7555/3879/2682 7550/3878/2745 7553/3885/2745
f 7549/3881/2686 7547/3887/2746 7546/3888/2686
f 7549/3881/2686 7544/3880/2746 7547/3887/2746
f 7544/3880/2746 7543/3889/2691 7547/3887/2746
f 7544/3880/2746 7541/3882/2691 7543/3889/2691
f 7541/3882/2691 7540/3890/2747 7543/3889/2691
f 7541/3882/2691 7538/3883/2747 7540/3890/2747
f 7538/3883/2747 7537/3891/2748 7540/3890/2747
f 7538/3883/2747 7535/3884/2748 7537/3891/2748
f 7535/3884/2748 7552/3886/2682 7537/3891/2748
f 7535/3884/2748 7555/3879/2682 7552/3886/2682
f 7534/3892/2683 7532/3886/2683 7531/3885/2683
f 7534/3892/2683 7529/3888/2683 7528/3887/2683
f 7534/3892/2683 7528/3887/2683 7526/3889/2683
f 7534/3892/2683 7526/3889/2683 7525/3890/2683
f 7534/3892/2683 7525/3890/2683 7523/3891/2683
f 7534/3892/2683 7523/3891/2683 7532/3886/2683
f 7522/3893/2682 7520/3894/2682 7519/3895/2682
f 7519/3895/2682 7517/3896/2682 7522/3893/2682
f 7516/3896/2691 7514/3897/2691 7513/3898/2691
f 7513/3898/2691 7511/3895/2691 7516/3896/2691
f 7510/3896/2737 7508/3897/2737 7507/3899/2737
f 7507/3899/2737 7505/3900/2737 7510/3896/2737
f 7505/3900/2737 7507/3899/2737 7504/3901/2737
f 7504/3901/2737 7502/3902/2737 7505/3900/2737
f 7502/3902/2737 7504/3901/2737 7501/3903/2737
f 7501/3903/2737 7499/3904/2737 7502/3902/2737
f 7498/3896/2683 7496/3905/2683 7495/3906/2683
f 7495/3906/2683 7493/3900/2683 7498/3896/2683
f 7493/3900/2683 7495/3906/2683 7492/3907/2683
f 7492/3907/2683 7490/3902/2683 7493/3900/2683
f 7490/3902/2683 7492/3907/2683 7489/3908/2683
f 7489/3908/2683 7487/3904/2683 7490/3902/2683
f 7486/3895/2749 7484/3894/2749 7483/3903/2749
f 7483/3903/2749 7481/3904/2749 7486/3895/2749
f 7480/3900/2686 7478/3899/2686 7477/3901/2686
f 7477/3901/2686 7475/3902/2686 7480/3900/2686
f 7474/3909/2750 7472/3904/2750 7471/3895/2750
f 7471/3895/2750 7469/3898/2750 7474/3909/2750
f 7468/3910/2688 7466/3893/2688 7465/3906/2688
f 7465/3906/2688 7463/3900/2688 7468/3910/2688
f 7463/3900/2688 7465/3906/2688 7462/3907/2688
f 7462/3907/2688 7460/3902/2688 7463/3900/2688
f 7460/3902/2688 7462/3907/2688 7459/3909/2688
f 7459/3909/2688 7457/3911/2688 7460/3902/2688
f 7456/3912/2686 7454/3913/2686 7453/3914/2686
f 7456/3912/2686 7451/3915/2686 7454/3913/2686
f 7456/3912/2686 7450/3916/2686 7451/3915/2686
f 7456/3912/2686 7448/3917/2686 7450/3916/2686
f 7456/3912/2686 7447/3918/2686 7448/3917/2686
f 7456/3912/2686 7445/3919/2686 7447/3918/2686
f 7456/3912/2686 7444/3920/2686 7445/3919/2686
f 7456/3912/2686 7442/3921/2686 7444/3920/2686
f 7456/3912/2686 7441/3922/2686 7442/3921/2686
f 7456/3912/2686 7439/3923/2686 7441/3922/2686
f 7456/3912/2686 7438/3924/2686 7439/3923/2686
f 7456/3912/2686 7453/3914/2686 7438/3924/2686
f 7436/3925/2683 7435/3926/2751 7433/3927/2683
f 7436/3925/2683 7432/3928/2752 7435/3926/2751
f 7432/3928/2752 7430/3929/2753 7435/3926/2751
f 7432/3928/2752 7429/3930/2753 7430/3929/2753
f 7429/3930/2753 7427/3931/2754 7430/3929/2753
f 7429/3930/2753 7426/3932/2754 7427/3931/2754
f 7424/3933/2755 7423/3934/2756 7421/3935/2755
f 7424/3933/2755 7420/3936/2756 7423/3934/2756
f 7420/3936/2756 7418/3937/2757 7423/3934/2756
f 7420/3936/2756 7417/3938/2757 7418/3937/2757
f 7417/3938/2757 7415/3939/2688 7418/3937/2757
f 7417/3938/2757 7414/3940/2688 7415/3939/2688
f 7414/3940/2688 7412/3941/2758 7415/3939/2688
f 7414/3940/2688 7411/3942/2759 7412/3941/2758
f 7411/3942/2759 7409/3943/2760 7412/3941/2758
f 7411/3942/2759 7408/3944/2761 7409/3943/2760
f 7408/3944/2761 7406/3914/2682 7409/3943/2760
f 7408/3944/2761 7405/3919/2682 7406/3914/2682
f 7405/3919/2682 7403/3945/2762 7406/3914/2682
f 7405/3919/2682 7402/3946/2762 7403/3945/2762
f 7402/3946/2762 7400/3947/2763 7403/3945/2762
f 7402/3946/2762 7399/3948/2763 7400/3947/2763
f 7399/3948/2763 7433/3927/2683 7400/3947/2763
f 7399/3948/2763 7436/3925/2683 7433/3927/2683
f 7397/3912/2737 7396/3914/2737 7394/3913/2737
f 7397/3912/2737 7394/3913/2737 7393/3915/2737
f 7397/3912/2737 7393/3915/2737 7391/3916/2737
f 7397/3912/2737 7391/3916/2737 7390/3917/2737
f 7397/3912/2737 7390/3917/2737 7388/3918/2737
f 7397/3912/2737 7388/3918/2737 7387/3919/2737
f 7397/3912/2737 7387/3919/2737 7385/3920/2737
f 7397/3912/2737 7385/3920/2737 7384/3921/2737
f 7397/3912/2737 7384/3921/2737 7382/3922/2737
f 7397/3912/2737 7382/3922/2737 7381/3923/2737
f 7397/3912/2737 7381/3923/2737 7379/3924/2737
f 7397/3912/2737 7379/3924/2737 7396/3914/2737
f 7378/3893/2682 7376/3894/2682 7375/3895/2682
f 7375/3895/2682 7373/3896/2682 7378/3893/2682
f 7372/3896/2691 7370/3897/2691 7369/3898/2691
f 7369/3898/2691 7367/3895/2691 7372/3896/2691
f 7366/3896/2737 7364/3897/2737 7363/3899/2737
f 7363/3899/2737 7361/3900/2737 7366/3896/2737
f 7361/3900/2737 7363/3899/2737 7360/3901/2737
f 7360/3901/2737 7358/3902/2737 7361/3900/2737
f 7358/3902/2737 7360/3901/2737 7354/3903/2737
f 7354/3903/2737 7353/3904/2737 7358/3902/2737
f 7352/3896/2683 7350/3905/2683 7349/3906/2683
f 7349/3906/2683 7347/3900/2683 7352/3896/2683
f 7347/3900/2683 7349/3906/2683 7346/3907/2683
f 7346/3907/2683 7344/3902/2683 7347/3900/2683
f 7344/3902/2683 7346/3907/2683 7343/3908/2683
f 7343/3908/2683 7340/3904/2683 7344/3902/2683
f 7336/3895/2749 7335/3894/2749 7334/3903/2749
f 7334/3903/2749 7333/3904/2749 7336/3895/2749
f 7332/3900/2686 7331/3899/2686 7330/3901/2686
f 7330/3901/2686 7328/3902/2686 7332/3900/2686
f 7327/3909/2750 7325/3904/2750 7324/3895/2750
f 7324/3895/2750 7322/3898/2750 7327/3909/2750
f 7321/3910/2688 7319/3893/2688 7318/3906/2688
f 7318/3906/2688 7316/3900/2688 7321/3910/2688
f 7316/3900/2688 7318/3906/2688 7315/3907/2688
f 7315/3907/2688 7313/3902/2688 7316/3900/2688
f 7313/3902/2688 7315/3907/2688 7312/3909/2688
f 7312/3909/2688 7310/3911/2688 7313/3902/2688
f 7306/3949/2764 7304/3950/2764 7300/3815/2764
f 7300/3815/2764 7299/3813/2764 7306/3949/2764
f 7298/3813/2765 7297/3949/2765 7295/3950/2765
f 7295/3950/2765 7294/3815/2765 7298/3813/2765
f 7292/3813/2766 7291/3949/2766 7289/3950/2766
f 7289/3950/2766 7286/3815/2766 7292/3813/2766
f 7282/3813/2683 7281/3949/2683 7280/3950/2683
f 7280/3950/2683 7278/3815/2683 7282/3813/2683
f 7277/3813/2767 7275/3949/2767 7274/3950/2767
f 7274/3950/2767 7272/3815/2767 7277/3813/2767
f 7271/3813/2688 7268/3949/2688 7264/3950/2688
f 7264/3950/2688 7263/3815/2688 7271/3813/2688
f 7262/3951/2768 7261/3952/2768 7260/3953/2768
f 7260/3953/2768 7259/3954/2768 7262/3951/2768
f 7261/3952/2768 7258/3955/2769 7256/3956/2769
f 7256/3956/2769 7260/3953/2768 7261/3952/2768
f 7258/3955/2769 7255/3957/2768 7253/3958/2768
f 7253/3958/2768 7256/3956/2769 7258/3955/2769
f 7252/3959/2770 7250/3960/2770 7249/3961/2770
f 7249/3961/2770 7247/3962/2770 7252/3959/2770
f 7247/3962/2770 7249/3961/2770 7246/3963/2770
f 7246/3963/2770 7244/3964/2770 7247/3962/2770
f 7244/3964/2770 7246/3963/2770 7243/3965/2770
f 7243/3965/2770 7241/3966/2770 7244/3964/2770
f 7240/3959/2771 7238/3960/2771 7234/3957/2771
f 7234/3957/2771 7232/3958/2771 7240/3959/2771
f 7228/3959/2683 7227/3967/2772 7226/3968/2772
f 7226/3968/2772 7225/3958/2683 7228/3959/2683
f 7227/3967/2772 7223/3969/2772 7222/3970/2772
f 7222/3970/2772 7226/3968/2772 7227/3967/2772
f 7223/3969/2772 7220/3951/2683 7219/3965/2683
f 7219/3965/2683 7222/3970/2772 7223/3969/2772
f 7217/3959/2773 7214/3960/2773 7210/3957/2773
f 7210/3957/2773 7209/3958/2774 7217/3959/2773
f 7208/3959/2688 7206/3967/2775 7205/3968/2776
f 7205/3968/2776 7203/3958/2688 7208/3959/2688
f 7206/3967/2775 7202/3969/2775 7200/3970/2775
f 7200/3970/2775 7205/3968/2776 7206/3967/2775
f 7202/3969/2775 7199/3951/2688 7196/3965/2688
f 7196/3965/2688 7200/3970/2775 7202/3969/2775
o svetlo_zamek_50
v 0.014128 1.290982 0.279064
v 0.013571 1.295321 0.280598
v 0.010656 1.294675 0.280117
v 0.011113 1.291110 0.278857
v 0.011789 1.299389 0.281929
v 0.009193 1.298015 0.281211
v 0.008917 1.302879 0.282960
v 0.006834 1.300881 0.282056
v 0.005170 1.305531 0.283610
v 0.003757 1.303058 0.282591
v 0.000829 1.307144 0.283833
v 0.000192 1.304382 0.282773
v -0.003779 1.307597 0.283610
v -0.003593 1.304755 0.282591
v -0.008309 1.306857 0.282960
v -0.007313 1.304147 0.282056
v -0.012421 1.304978 0.281929
v -0.010689 1.302605 0.281211
v -0.015805 1.302103 0.280598
v -0.013469 1.300243 0.280117
v -0.018208 1.298447 0.279064
v -0.015442 1.297241 0.278857
v 0.014367 1.292014 0.276230
v 0.011351 1.292143 0.276023
v 0.010894 1.295707 0.277283
v 0.013809 1.296353 0.277764
v 0.009431 1.299047 0.278377
v 0.012028 1.300421 0.279096
v 0.007072 1.301913 0.279223
v 0.009156 1.303912 0.280126
v 0.003995 1.304090 0.279757
v 0.005408 1.306563 0.280777
v 0.000430 1.305415 0.279940
v 0.001068 1.308176 0.281000
v -0.003354 1.305787 0.279757
v -0.003541 1.308629 0.280777
v -0.007075 1.305179 0.279223
v -0.008071 1.307889 0.280126
v -0.010451 1.303637 0.278377
v -0.012183 1.306011 0.279096
v -0.013230 1.301276 0.277283
v -0.015568 1.303135 0.277764
v -0.015204 1.298274 0.276023
v -0.017970 1.299479 0.276230
v 0.014128 1.290982 0.279064
v 0.011113 1.291110 0.278857
v 0.011351 1.292143 0.276023
v 0.014367 1.292014 0.276230
v 0.011113 1.291110 0.278857
v 0.010656 1.294675 0.280117
v 0.010894 1.295707 0.277283
v 0.011351 1.292143 0.276023
v 0.009193 1.298015 0.281211
v 0.009431 1.299047 0.278377
v 0.006834 1.300881 0.282056
v 0.007072 1.301913 0.279223
v 0.003757 1.303058 0.282591
v 0.003995 1.304090 0.279757
v 0.000192 1.304382 0.282773
v 0.000430 1.305415 0.279940
v -0.003593 1.304755 0.282591
v -0.003354 1.305787 0.279757
v -0.007313 1.304147 0.282056
v -0.007075 1.305179 0.279223
v -0.010689 1.302605 0.281211
v -0.010451 1.303637 0.278377
v -0.013469 1.300243 0.280117
v -0.013230 1.301276 0.277283
v -0.015442 1.297241 0.278857
v -0.015204 1.298274 0.276023
v -0.015442 1.297241 0.278857
v -0.018208 1.298447 0.279064
v -0.017970 1.299479 0.276230
v -0.015204 1.298274 0.276023
v -0.018208 1.298447 0.279064
v -0.015805 1.302103 0.280598
v -0.015568 1.303135 0.277764
v -0.017970 1.299479 0.276230
v -0.012421 1.304978 0.281929
v -0.012183 1.306011 0.279096
v -0.008309 1.306857 0.282960
v -0.008071 1.307889 0.280126
v -0.003779 1.307597 0.283610
v -0.003541 1.308629 0.280777
v 0.000829 1.307144 0.283833
v 0.001068 1.308176 0.281000
v 0.005170 1.305531 0.283610
v 0.005408 1.306563 0.280777
v 0.008917 1.302879 0.282960
v 0.009156 1.303912 0.280126
v 0.011789 1.299389 0.281929
v 0.012028 1.300421 0.279096
v 0.013571 1.295321 0.280598
v 0.013809 1.296353 0.277764
v 0.014128 1.290982 0.279064
v 0.014367 1.292014 0.276230
vn -0.0789 -0.3412 0.9367
vn -0.0789 -0.3413 0.9366
vn -0.0787 -0.3415 0.9366
vn -0.0787 -0.3411 0.9367
vn -0.0787 -0.3410 0.9368
vn -0.0788 -0.3414 0.9366
vn -0.0788 -0.3410 0.9367
vn -0.0788 -0.3411 0.9367
vn -0.0787 -0.3413 0.9367
vn -0.0789 -0.3411 0.9367
vn -0.0787 -0.3412 0.9367
vn -0.0788 -0.3412 0.9367
vn -0.0788 -0.3413 0.9367
vn 0.0789 0.3413 -0.9366
vn 0.0789 0.3413 -0.9367
vn 0.0788 0.3413 -0.9367
vn 0.0788 0.3412 -0.9367
vn 0.0787 0.3411 -0.9367
vn 0.0788 0.3413 -0.9366
vn 0.0788 0.3414 -0.9366
vn 0.0787 0.3413 -0.9366
vn 0.0789 0.3412 -0.9367
vn 0.0787 0.3413 -0.9367
vn 0.0786 0.3413 -0.9366
vn -0.0164 -0.9390 -0.3435
vn -0.0163 -0.9390 -0.3436
vn -0.0166 -0.9391 -0.3434
vn -0.9897 -0.0864 -0.1146
vn -0.9639 -0.2139 -0.1588
vn -0.9896 -0.0864 -0.1146
vn -0.8585 -0.4545 -0.2376
vn -0.8585 -0.4544 -0.2376
vn -0.6887 -0.6607 -0.2985
vn -0.4673 -0.8174 -0.3370
vn -0.4674 -0.8174 -0.3369
vn -0.2106 -0.9126 -0.3504
vn 0.0616 -0.9395 -0.3370
vn 0.3295 -0.8957 -0.2986
vn 0.5725 -0.7847 -0.2376
vn 0.5725 -0.7847 -0.2377
vn 0.7725 -0.6148 -0.1590
vn 0.7725 -0.6149 -0.1590
vn 0.8515 -0.5117 -0.1147
vn 0.8515 -0.5116 -0.1148
vn -0.3967 -0.8513 -0.3434
vn -0.3969 -0.8513 -0.3433
vn -0.3966 -0.8513 -0.3436
vn -0.8516 0.5114 0.1148
vn -0.7725 0.6147 0.1592
vn -0.7726 0.6146 0.1592
vn -0.8516 0.5114 0.1147
vn -0.5725 0.7846 0.2379
vn -0.5725 0.7846 0.2380
vn -0.3295 0.8957 0.2985
vn -0.0617 0.9395 0.3370
vn 0.2107 0.9126 0.3503
vn 0.4673 0.8173 0.3371
vn 0.6888 0.6605 0.2988
vn 0.6887 0.6607 0.2985
vn 0.8585 0.4543 0.2378
vn 0.8586 0.4542 0.2379
vn 0.9638 0.2140 0.1589
vn 0.9638 0.2140 0.1590
vn 0.9896 0.0864 0.1149
vn 0.9896 0.0865 0.1148
vt 0.999501 0.000500
vt 0.999500 0.100400
vt 0.000503 0.100400
vt 0.000503 0.000499
vt 0.999500 0.200300
vt 0.000502 0.200300
vt 0.999499 0.300200
vt 0.000502 0.300200
vt 0.999499 0.400100
vt 0.000502 0.400100
vt 0.999499 0.500000
vt 0.000501 0.500000
vt 0.999498 0.599900
vt 0.000501 0.599900
vt 0.999498 0.699800
vt 0.000501 0.699800
vt 0.999498 0.799700
vt 0.000500 0.799700
vt 0.999497 0.899600
vt 0.000500 0.899600
vt 0.999497 0.999501
vt 0.000500 0.999500
vt 0.000500 0.000500
vt 0.999497 0.000499
vt 0.999497 0.100400
vt 0.000500 0.100400
vt 0.999498 0.200300
vt 0.000500 0.200300
vt 0.999498 0.300200
vt 0.000501 0.300200
vt 0.999498 0.400100
vt 0.000501 0.400100
vt 0.999499 0.599900
vt 0.000502 0.599900
vt 0.999499 0.699800
vt 0.000502 0.699800
vt 0.999500 0.799700
vt 0.000502 0.799700
vt 0.999500 0.899600
vt 0.000503 0.899600
vt 0.999501 0.999500
vt 0.000503 0.999501
vt 0.999497 0.000500
vt 0.999497 0.999500
vt 0.100400 0.000500
vt 0.100400 0.999500
vt 0.200300 0.000500
vt 0.200300 0.999500
vt 0.300200 0.000500
vt 0.300200 0.999500
vt 0.400100 0.000500
vt 0.400100 0.999500
vt 0.500000 0.000500
vt 0.500000 0.999500
vt 0.599900 0.000500
vt 0.599900 0.999500
vt 0.699800 0.000500
vt 0.699800 0.999500
vt 0.799700 0.000500
vt 0.799700 0.999500
vt 0.899600 0.000500
vt 0.899600 0.999500
vt 0.999500 0.000500
vt 0.999500 0.999500
s 1
usemtl stozar.005
f 7711/3971/2777 7712/3972/2777 7713/3973/2778
f 7713/3973/2778 7714/3974/2779 7711/3971/2777
f 7712/3972/2777 7715/3975/2780 7716/3976/2781
f 7716/3976/2781 7713/3973/2778 7712/3972/2777
f 7715/3975/2780 7717/3977/2782 7718/3978/2782
f 7718/3978/2782 7716/3976/2781 7715/3975/2780
f 7717/3977/2782 7719/3979/2783 7720/3980/2784
f 7720/3980/2784 7718/3978/2782 7717/3977/2782
f 7719/3979/2783 7721/3981/2785 7722/3982/2785
f 7722/3982/2785 7720/3980/2784 7719/3979/2783
f 7721/3981/2785 7723/3983/2784 7724/3984/2786
f 7724/3984/2786 7722/3982/2785 7721/3981/2785
f 7723/3983/2784 7725/3985/2785 7726/3986/2785
f 7726/3986/2785 7724/3984/2786 7723/3983/2784
f 7725/3985/2785 7727/3987/2786 7728/3988/2786
f 7728/3988/2786 7726/3986/2785 7725/3985/2785
f 7727/3987/2786 7729/3989/2787 7730/3990/2788
f 7730/3990/2788 7728/3988/2786 7727/3987/2786
f 7729/3989/2787 7731/3991/2785 7732/3992/2789
f 7732/3992/2789 7730/3990/2788 7729/3989/2787
f 7733/3993/2790 7734/3994/2791 7735/3995/2790
f 7735/3995/2790 7736/3996/2790 7733/3993/2790
f 7736/3996/2790 7735/3995/2790 7737/3997/2792
f 7737/3997/2792 7738/3998/2793 7736/3996/2790
f 7738/3998/2793 7737/3997/2792 7739/3999/2794
f 7739/3999/2794 7740/4000/2794 7738/3998/2793
f 7740/4000/2794 7739/3999/2794 7741/4001/2792
f 7741/4001/2792 7742/4002/2795 7740/4000/2794
f 7742/4002/2795 7741/4001/2792 7743/3981/2796
f 7743/3981/2796 7744/3982/2796 7742/4002/2795
f 7744/3982/2796 7743/3981/2796 7745/4003/2797
f 7745/4003/2797 7746/4004/2795 7744/3982/2796
f 7746/4004/2795 7745/4003/2797 7747/4005/2798
f 7747/4005/2798 7748/4006/2798 7746/4004/2795
f 7748/4006/2798 7747/4005/2798 7749/4007/2793
f 7749/4007/2793 7750/4008/2793 7748/4006/2798
f 7750/4008/2793 7749/4007/2793 7751/4009/2799
f 7751/4009/2799 7752/4010/2799 7750/4008/2793
f 7752/4010/2799 7751/4009/2799 7753/4011/2797
f 7753/4011/2797 7754/4012/2800 7752/4010/2799
f 7755/3993/2801 7756/4013/2802 7757/4014/2801
f 7757/4014/2801 7758/3992/2803 7755/3993/2801
f 7759/3993/2804 7760/4015/2805 7761/4016/2805
f 7761/4016/2805 7762/3992/2806 7759/3993/2804
f 7760/4015/2805 7763/4017/2807 7764/4018/2808
f 7764/4018/2808 7761/4016/2805 7760/4015/2805
f 7763/4017/2807 7765/4019/2809 7766/4020/2809
f 7766/4020/2809 7764/4018/2808 7763/4017/2807
f 7765/4019/2809 7767/4021/2810 7768/4022/2811
f 7768/4022/2811 7766/4020/2809 7765/4019/2809
f 7767/4021/2810 7769/4023/2812 7770/4024/2812
f 7770/4024/2812 7768/4022/2811 7767/4021/2810
f 7769/4023/2812 7771/4025/2813 7772/4026/2813
f 7772/4026/2813 7770/4024/2812 7769/4023/2812
f 7771/4025/2813 7773/4027/2814 7774/4028/2814
f 7774/4028/2814 7772/4026/2813 7771/4025/2813
f 7773/4027/2814 7775/4029/2815 7776/4030/2816
f 7776/4030/2816 7774/4028/2814 7773/4027/2814
f 7775/4029/2815 7777/4031/2817 7778/4032/2818
f 7778/4032/2818 7776/4030/2816 7775/4029/2815
f 7777/4031/2817 7779/4033/2819 7780/4034/2820
f 7780/4034/2820 7778/4032/2818 7777/4031/2817
f 7781/3993/2821 7782/4013/2822 7783/4014/2821
f 7783/4014/2821 7784/3992/2823 7781/3993/2821
f 7785/3993/2824 7786/4015/2825 7787/4016/2826
f 7787/4016/2826 7788/3992/2827 7785/3993/2824
f 7786/4015/2825 7789/4017/2828 7790/4018/2829
f 7790/4018/2829 7787/4016/2826 7786/4015/2825
f 7789/4017/2828 7791/4019/2830 7792/4020/2830
f 7792/4020/2830 7790/4018/2829 7789/4017/2828
f 7791/4019/2830 7793/4021/2831 7794/4022/2831
f 7794/4022/2831 7792/4020/2830 7791/4019/2830
f 7793/4021/2831 7795/4023/2832 7796/4024/2832
f 7796/4024/2832 7794/4022/2831 7793/4021/2831
f 7795/4023/2832 7797/4025/2833 7798/4026/2833
f 7798/4026/2833 7796/4024/2832 7795/4023/2832
f 7797/4025/2833 7799/4027/2834 7800/4028/2835
f 7800/4028/2835 7798/4026/2833 7797/4025/2833
f 7799/4027/2834 7801/4029/2836 7802/4030/2837
f 7802/4030/2837 7800/4028/2835 7799/4027/2834
f 7801/4029/2836 7803/4031/2838 7804/4032/2839
f 7804/4032/2839 7802/4030/2837 7801/4029/2836
f 7803/4031/2838 7805/4033/2840 7806/4034/2841
f 7806/4034/2841 7804/4032/2839 7803/4031/2838
o svetlo_korona_R_30
v -0.000012 1.270151 0.243653
v 0.020841 1.266475 0.243169
v 0.021163 1.270151 0.243169
v 0.062548 1.281182 0.240628
v 0.019886 1.262909 0.243169
v 0.062548 1.281182 0.239418
v 0.059682 1.291878 0.240628
v 0.018326 1.259564 0.243169
v 0.059682 1.291878 0.239418
v 0.055003 1.301914 0.240628
v 0.016210 1.256541 0.243169
v 0.055003 1.301914 0.239418
v 0.048651 1.310985 0.240628
v 0.013600 1.253931 0.243169
v 0.048651 1.310985 0.239418
v 0.040822 1.318815 0.240628
v 0.010576 1.251813 0.243169
v 0.040822 1.318815 0.239418
v 0.031751 1.325166 0.240628
v 0.007231 1.250254 0.243169
v 0.031751 1.325166 0.239418
v 0.021715 1.329846 0.240628
v 0.003665 1.249298 0.243169
v 0.021715 1.329846 0.239418
v 0.011019 1.332711 0.240628
v -0.000012 1.248976 0.243169
v 0.011019 1.332711 0.239418
v -0.000012 1.333676 0.240628
v -0.003689 1.249298 0.243169
v -0.000012 1.333676 0.239418
v -0.011043 1.332711 0.240628
v -0.007254 1.250254 0.243169
v -0.011043 1.332711 0.239418
v -0.021739 1.329846 0.240628
v -0.010599 1.251813 0.243169
v -0.021739 1.329846 0.239418
v -0.031774 1.325166 0.240628
v -0.013623 1.253931 0.243169
v -0.031774 1.325166 0.239418
v -0.040845 1.318815 0.240628
v -0.016233 1.256541 0.243169
v -0.040845 1.318815 0.239418
v -0.048675 1.310985 0.240628
v -0.018350 1.259564 0.243169
v -0.048675 1.310985 0.239418
v -0.055026 1.301914 0.240628
v -0.019910 1.262910 0.243169
v -0.055026 1.301914 0.239418
v -0.059706 1.291878 0.240628
v -0.020865 1.266475 0.243169
v -0.059706 1.291878 0.239418
v -0.062572 1.281182 0.240628
v -0.021187 1.270151 0.243169
v -0.062572 1.281182 0.239418
v -0.063537 1.270151 0.240628
v -0.020865 1.273829 0.243169
v -0.063537 1.270151 0.239418
v -0.062572 1.259120 0.240628
v -0.019910 1.277394 0.243169
v -0.062572 1.259120 0.239418
v -0.059706 1.248425 0.240628
v -0.018350 1.280739 0.243169
v -0.059706 1.248425 0.239418
v -0.055026 1.238389 0.240628
v -0.016233 1.283763 0.243169
v -0.055026 1.238389 0.239418
v -0.048675 1.229318 0.240628
v -0.013623 1.286373 0.243169
v -0.048675 1.229318 0.239418
v -0.040845 1.221488 0.240628
v -0.010599 1.288490 0.243169
v -0.040845 1.221488 0.239418
v -0.031774 1.215137 0.240628
v -0.007254 1.290049 0.243169
v -0.031774 1.215137 0.239418
v -0.021739 1.210457 0.240628
v -0.003689 1.291005 0.243169
v -0.021739 1.210457 0.239418
v -0.011043 1.207591 0.240628
v -0.000012 1.291326 0.243169
v -0.011043 1.207591 0.239418
v -0.000012 1.206626 0.240628
v 0.003665 1.291005 0.243169
v -0.000012 1.206626 0.239418
v 0.011019 1.207591 0.240628
v 0.007231 1.290049 0.243169
v 0.011019 1.207591 0.239418
v 0.021715 1.210457 0.240628
v 0.010576 1.288490 0.243169
v 0.021715 1.210457 0.239418
v 0.031751 1.215137 0.240628
v 0.013600 1.286373 0.243169
v 0.031751 1.215137 0.239418
v 0.040822 1.221488 0.240628
v 0.016210 1.283763 0.243169
v 0.040822 1.221488 0.239418
v 0.048651 1.229318 0.240628
v 0.018326 1.280739 0.243169
v 0.048651 1.229318 0.239418
v 0.055003 1.238389 0.240628
v 0.019886 1.277394 0.243169
v 0.055003 1.238389 0.239418
v 0.059682 1.248425 0.240628
v 0.020841 1.273829 0.243169
v 0.059682 1.248425 0.239418
v 0.062548 1.259120 0.240628
v 0.063513 1.270151 0.239418
v 0.062548 1.259120 0.239418
v 0.063513 1.270151 0.240628
v 0.041695 1.262798 0.242126
v 0.042338 1.270151 0.242126
v 0.062548 1.281182 0.240628
v 0.059682 1.291878 0.240628
v 0.055003 1.301914 0.240628
v 0.048651 1.310985 0.240628
v 0.039784 1.255667 0.242126
v 0.040822 1.318815 0.240628
v 0.031751 1.325166 0.240628
v 0.021715 1.329846 0.240628
v 0.011019 1.332711 0.240628
v -0.000012 1.333676 0.240628
v 0.036665 1.248976 0.242126
v -0.011043 1.332711 0.240628
v -0.021739 1.329846 0.240628
v -0.031774 1.325166 0.240628
v -0.040845 1.318815 0.240628
v -0.048675 1.310985 0.240628
v 0.032430 1.242929 0.242126
v -0.055026 1.301914 0.240628
v -0.059706 1.291878 0.240628
v -0.062572 1.281182 0.240628
v -0.063537 1.270151 0.240628
v -0.062572 1.259120 0.240628
v 0.027210 1.237710 0.242126
v -0.059706 1.248425 0.240628
v -0.055026 1.238389 0.240628
v -0.048675 1.229318 0.240628
v -0.040845 1.221488 0.240628
v -0.031774 1.215137 0.240628
v 0.021163 1.233475 0.242126
v -0.021739 1.210457 0.240628
v -0.011043 1.207591 0.240628
v -0.000012 1.206626 0.240628
v 0.011019 1.207591 0.240628
v 0.021715 1.210457 0.240628
v 0.014473 1.230356 0.242126
v 0.031751 1.215137 0.240628
v 0.040822 1.221488 0.240628
v 0.048651 1.229318 0.240628
v 0.055003 1.238389 0.240628
v 0.059682 1.248425 0.240628
v 0.007342 1.228445 0.242126
v 0.063513 1.270151 0.240628
v 0.062548 1.259120 0.240628
v 0.041695 1.277505 0.242126
v 0.039784 1.284636 0.242126
v 0.036665 1.291326 0.242126
v -0.000012 1.227801 0.242126
v 0.032430 1.297373 0.242126
v 0.027210 1.302593 0.242126
v 0.021163 1.306828 0.242126
v 0.014473 1.309948 0.242126
v 0.007342 1.311858 0.242126
v -0.007366 1.228445 0.242126
v -0.000012 1.312501 0.242126
v -0.007366 1.311858 0.242126
v -0.014496 1.309948 0.242126
v -0.021187 1.306828 0.242126
v -0.027234 1.302593 0.242126
v -0.014496 1.230356 0.242126
v -0.032454 1.297373 0.242126
v -0.036688 1.291326 0.242126
v -0.039808 1.284636 0.242126
v -0.041719 1.277506 0.242126
v -0.042362 1.270151 0.242126
v -0.021187 1.233475 0.242126
v -0.041719 1.262798 0.242126
v -0.039808 1.255667 0.242126
v -0.036688 1.248976 0.242126
v -0.032454 1.242929 0.242126
v -0.027234 1.237710 0.242126
vn 0.0222 0.0039 0.9997
vn 0.0229 -0.0020 0.9997
vn 0.0229 -0.0000 0.9997
vn 0.0195 -0.0113 0.9997
vn 0.0215 -0.0078 0.9997
vn 0.0222 -0.0059 0.9997
vn 0.0198 -0.0114 0.9997
vn 0.0175 -0.0147 0.9997
vn 0.0162 -0.0162 0.9997
vn 0.0077 -0.0211 0.9997
vn 0.0114 -0.0198 0.9997
vn 0.0132 -0.0188 0.9997
vn 0.0078 -0.0215 0.9997
vn 0.0040 -0.0225 0.9997
vn 0.0020 -0.0229 0.9997
vn -0.0077 -0.0211 0.9997
vn -0.0040 -0.0225 0.9997
vn -0.0020 -0.0229 0.9997
vn -0.0078 -0.0215 0.9997
vn -0.0114 -0.0198 0.9997
vn -0.0132 -0.0188 0.9997
vn -0.0195 -0.0113 0.9997
vn -0.0175 -0.0147 0.9997
vn -0.0162 -0.0162 0.9997
vn -0.0198 -0.0114 0.9997
vn -0.0215 -0.0078 0.9997
vn -0.0222 -0.0059 0.9997
vn -0.0222 0.0039 0.9997
vn -0.0229 -0.0000 0.9997
vn -0.0229 -0.0020 0.9997
vn -0.0225 0.0040 0.9997
vn -0.0215 0.0078 0.9997
vn -0.0208 0.0097 0.9997
vn -0.0145 0.0172 0.9997
vn -0.0175 0.0147 0.9997
vn -0.0188 0.0132 0.9997
vn -0.0147 0.0175 0.9997
vn -0.0114 0.0198 0.9997
vn -0.0097 0.0208 0.9997
vn -0.0000 0.0225 0.9997
vn -0.0040 0.0225 0.9997
vn -0.0059 0.0222 0.9997
vn -0.0000 0.0229 0.9997
vn 0.0040 0.0225 0.9997
vn 0.0059 0.0222 0.9997
vn 0.0145 0.0172 0.9997
vn 0.0114 0.0198 0.9997
vn 0.0097 0.0208 0.9997
vn 0.0147 0.0175 0.9997
vn 0.0175 0.0147 0.9997
vn 0.0188 0.0132 0.9997
vn 0.0215 0.0078 0.9997
vn 0.0208 0.0097 0.9997
vn 0.0225 0.0040 0.9997
vn 0.0492 -0.0043 0.9988
vn 0.0492 0.0043 0.9988
vn 0.0477 -0.0128 0.9988
vn 0.0449 -0.0209 0.9988
vn 0.0449 -0.0210 0.9988
vn 0.0406 -0.0283 0.9988
vn 0.0405 -0.0283 0.9988
vn 0.0349 -0.0349 0.9988
vn 0.0283 -0.0405 0.9988
vn 0.0283 -0.0406 0.9988
vn 0.0210 -0.0448 0.9988
vn 0.0209 -0.0449 0.9988
vn 0.0128 -0.0477 0.9988
vn 0.0043 -0.0492 0.9988
vn -0.0043 -0.0492 0.9988
vn -0.0128 -0.0477 0.9988
vn -0.0128 -0.0478 0.9988
vn -0.0209 -0.0449 0.9988
vn -0.0210 -0.0448 0.9988
vn -0.0283 -0.0406 0.9988
vn -0.0283 -0.0405 0.9988
vn -0.0349 -0.0349 0.9988
vn -0.0405 -0.0283 0.9988
vn -0.0406 -0.0283 0.9988
vn -0.0448 -0.0210 0.9988
vn -0.0449 -0.0209 0.9988
vn -0.0477 -0.0128 0.9988
vn -0.0492 -0.0043 0.9988
vn -0.0492 0.0043 0.9988
vn -0.0477 0.0128 0.9988
vn -0.0448 0.0209 0.9988
vn -0.0449 0.0210 0.9988
vn -0.0405 0.0283 0.9988
vn -0.0349 0.0349 0.9988
vn -0.0283 0.0405 0.9988
vn -0.0283 0.0406 0.9988
vn -0.0210 0.0449 0.9988
vn -0.0209 0.0449 0.9988
vn -0.0128 0.0477 0.9988
vn -0.0043 0.0492 0.9988
vn 0.0043 0.0492 0.9988
vn 0.0128 0.0477 0.9988
vn 0.0209 0.0448 0.9988
vn 0.0210 0.0449 0.9988
vn 0.0283 0.0406 0.9988
vn 0.0283 0.0405 0.9988
vn 0.0349 0.0349 0.9988
vn 0.0405 0.0283 0.9988
vn 0.0406 0.0283 0.9988
vn 0.0449 0.0210 0.9988
vn 0.0449 0.0209 0.9988
vn 0.0477 0.0128 0.9988
vn 0.0707 -0.0062 0.9975
vn 0.0706 -0.0062 0.9975
vn 0.0707 0.0062 0.9975
vn 0.0684 -0.0183 0.9975
vn 0.0641 -0.0299 0.9975
vn 0.0642 -0.0299 0.9975
vn 0.0580 -0.0406 0.9975
vn 0.0501 -0.0501 0.9975
vn 0.0406 -0.0580 0.9975
vn 0.0406 -0.0579 0.9975
vn 0.0299 -0.0642 0.9975
vn 0.0183 -0.0684 0.9975
vn 0.0062 -0.0706 0.9975
vn 0.0062 -0.0707 0.9975
vn -0.0062 -0.0707 0.9975
vn -0.0062 -0.0706 0.9975
vn -0.0183 -0.0684 0.9975
vn -0.0299 -0.0642 0.9975
vn -0.0299 -0.0641 0.9975
vn -0.0406 -0.0580 0.9975
vn -0.0501 -0.0501 0.9975
vn -0.0580 -0.0406 0.9975
vn -0.0579 -0.0406 0.9975
vn -0.0641 -0.0299 0.9975
vn -0.0642 -0.0299 0.9975
vn -0.0683 -0.0183 0.9975
vn -0.0684 -0.0183 0.9975
vn -0.0706 -0.0062 0.9975
vn -0.0707 -0.0062 0.9975
vn -0.0707 0.0062 0.9975
vn -0.0706 0.0062 0.9975
vn -0.0684 0.0183 0.9975
vn -0.0641 0.0299 0.9975
vn -0.0642 0.0299 0.9975
vn -0.0580 0.0406 0.9975
vn -0.0501 0.0501 0.9975
vn -0.0406 0.0580 0.9975
vn -0.0406 0.0579 0.9975
vn -0.0299 0.0641 0.9975
vn -0.0299 0.0642 0.9975
vn -0.0183 0.0684 0.9975
vn -0.0062 0.0706 0.9975
vn -0.0062 0.0707 0.9975
vn 0.0062 0.0707 0.9975
vn 0.0062 0.0706 0.9975
vn 0.0183 0.0684 0.9975
vn 0.0183 0.0683 0.9975
vn 0.0299 0.0642 0.9975
vn 0.0299 0.0641 0.9975
vn 0.0406 0.0580 0.9975
vn 0.0501 0.0501 0.9975
vn 0.0580 0.0406 0.9975
vn 0.0579 0.0406 0.9975
vn 0.0641 0.0299 0.9975
vn 0.0642 0.0299 0.9975
vn 0.0683 0.0183 0.9975
vn 0.0684 0.0183 0.9975
vn 0.0706 0.0062 0.9975
vn 0.9962 -0.0872 -0.0000
vn 0.9962 -0.0871 -0.0000
vn 0.9659 -0.2588 -0.0000
vn 0.9063 -0.4226 -0.0000
vn 0.9063 -0.4225 -0.0000
vn 0.8191 -0.5736 -0.0000
vn 0.7071 -0.7071 -0.0000
vn 0.7072 -0.7070 -0.0000
vn 0.5735 -0.8192 -0.0000
vn 0.5736 -0.8192 -0.0000
vn 0.4226 -0.9063 -0.0000
vn 0.2588 -0.9659 -0.0000
vn 0.0871 -0.9962 -0.0000
vn -0.0871 -0.9962 -0.0000
vn -0.2588 -0.9659 -0.0000
vn -0.4227 -0.9063 -0.0000
vn -0.5735 -0.8192 -0.0000
vn -0.5736 -0.8192 -0.0000
vn -0.7071 -0.7071 -0.0000
vn -0.8192 -0.5736 -0.0000
vn -0.8192 -0.5735 -0.0000
vn -0.9063 -0.4226 -0.0000
vn -0.9659 -0.2588 -0.0000
vn -0.9962 -0.0872 -0.0000
vn -0.9962 -0.0871 -0.0000
vn -0.9962 0.0871 -0.0000
vn -0.9659 0.2588 -0.0000
vn -0.9063 0.4226 -0.0000
vn -0.8192 0.5736 -0.0000
vn -0.8192 0.5735 -0.0000
vn -0.7071 0.7071 -0.0000
vn -0.5735 0.8192 -0.0000
vn -0.5736 0.8192 -0.0000
vn -0.4226 0.9063 -0.0000
vn -0.4227 0.9063 -0.0000
vn -0.2587 0.9659 -0.0000
vn -0.0871 0.9962 -0.0000
vn 0.0871 0.9962 -0.0000
vn 0.2587 0.9659 -0.0000
vn 0.4226 0.9063 -0.0000
vn 0.5735 0.8192 -0.0000
vn 0.5736 0.8192 -0.0000
vn 0.7071 0.7071 -0.0000
vn 0.7072 0.7070 -0.0000
vn 0.8191 0.5736 -0.0000
vn 0.9063 0.4226 -0.0000
vn 0.9063 0.4225 -0.0000
vn 0.9659 0.2588 -0.0000
vn 0.9962 0.0871 -0.0000
vt 0.479094 0.546167
vt 0.643065 0.517255
vt 0.645594 0.546167
vt 0.635553 0.489221
vt 0.623287 0.462917
vt 0.606640 0.439143
vt 0.586118 0.418620
vt 0.562344 0.401974
vt 0.536040 0.389708
vt 0.508006 0.382196
vt 0.479094 0.379667
vt 0.450181 0.382196
vt 0.422148 0.389708
vt 0.395844 0.401974
vt 0.372070 0.418621
vt 0.351547 0.439143
vt 0.334901 0.462917
vt 0.322635 0.489221
vt 0.315123 0.517255
vt 0.312594 0.546167
vt 0.315123 0.575080
vt 0.322635 0.603113
vt 0.334901 0.629417
vt 0.351548 0.653191
vt 0.372070 0.673714
vt 0.395844 0.690360
vt 0.422148 0.702626
vt 0.450182 0.710138
vt 0.479094 0.712667
vt 0.508007 0.710138
vt 0.536041 0.702626
vt 0.562344 0.690360
vt 0.586118 0.673713
vt 0.606641 0.653191
vt 0.623287 0.629417
vt 0.635553 0.603113
vt 0.643065 0.575079
vt 0.782395 0.490465
vt 0.786905 0.540607
vt 0.770665 0.443725
vt 0.746134 0.394411
vt 0.717229 0.355093
vt 0.684964 0.325024
vt 0.642355 0.291181
vt 0.594687 0.262260
vt 0.536973 0.245042
vt 0.498354 0.238337
vt 0.462580 0.236703
vt 0.424824 0.239627
vt 0.366686 0.253787
vt 0.313606 0.277056
vt 0.275673 0.302545
vt 0.237194 0.338685
vt 0.203675 0.386453
vt 0.182775 0.442521
vt 0.167000 0.500000
vt 0.172059 0.557825
vt 0.187082 0.613893
vt 0.211613 0.666500
vt 0.244907 0.714049
vt 0.285952 0.755093
vt 0.333500 0.788387
vt 0.386107 0.812918
vt 0.442175 0.827941
vt 0.500000 0.833000
vt 0.557825 0.827941
vt 0.613893 0.812918
vt 0.666500 0.788387
vt 0.705407 0.753365
vt 0.736771 0.713011
vt 0.758658 0.676179
vt 0.782007 0.621169
vt 0.785830 0.581685
vt 0.991912 0.413263
vt 0.999500 0.500000
vt 0.969377 0.329161
vt 0.932580 0.250250
vt 0.882639 0.178927
vt 0.821073 0.117360
vt 0.749750 0.067420
vt 0.670839 0.030623
vt 0.586737 0.008088
vt 0.500000 0.000500
vt 0.413262 0.008088
vt 0.329161 0.030623
vt 0.250250 0.067420
vt 0.178927 0.117361
vt 0.117360 0.178927
vt 0.067420 0.250250
vt 0.030623 0.329161
vt 0.008088 0.413263
vt 0.000500 0.500000
vt 0.008088 0.586738
vt 0.030623 0.670839
vt 0.067420 0.749750
vt 0.117361 0.821073
vt 0.178927 0.882640
vt 0.250250 0.932580
vt 0.329161 0.969377
vt 0.413263 0.991912
vt 0.500000 0.999500
vt 0.586738 0.991912
vt 0.670839 0.969377
vt 0.749750 0.932580
vt 0.821073 0.882639
vt 0.882640 0.821072
vt 0.932580 0.749750
vt 0.969377 0.670839
vt 0.991912 0.586737
s 1
usemtl korona.002
f 7807/4035/2842 7808/4036/2843 7809/4037/2844
f 7807/4035/2845 7811/4038/2846 7808/4036/2847
f 7807/4035/2845 7814/4039/2848 7811/4038/2846
f 7807/4035/2845 7817/4040/2849 7814/4039/2848
f 7807/4035/2845 7820/4041/2850 7817/4040/2849
f 7807/4035/2851 7823/4042/2852 7820/4041/2853
f 7807/4035/2851 7826/4043/2854 7823/4042/2852
f 7807/4035/2851 7829/4044/2855 7826/4043/2854
f 7807/4035/2851 7832/4045/2856 7829/4044/2855
f 7807/4035/2857 7835/4046/2858 7832/4045/2859
f 7807/4035/2857 7838/4047/2860 7835/4046/2858
f 7807/4035/2857 7841/4048/2861 7838/4047/2860
f 7807/4035/2857 7844/4049/2862 7841/4048/2861
f 7807/4035/2863 7847/4050/2864 7844/4049/2865
f 7807/4035/2863 7850/4051/2866 7847/4050/2864
f 7807/4035/2863 7853/4052/2867 7850/4051/2866
f 7807/4035/2863 7856/4053/2868 7853/4052/2867
f 7807/4035/2869 7859/4054/2870 7856/4053/2871
f 7807/4035/2869 7862/4055/2872 7859/4054/2870
f 7807/4035/2869 7865/4056/2873 7862/4055/2872
f 7807/4035/2869 7868/4057/2874 7865/4056/2873
f 7807/4035/2875 7871/4058/2876 7868/4057/2877
f 7807/4035/2875 7874/4059/2878 7871/4058/2876
f 7807/4035/2875 7877/4060/2879 7874/4059/2878
f 7807/4035/2875 7880/4061/2880 7877/4060/2879
f 7807/4035/2881 7883/4062/2882 7880/4061/2883
f 7807/4035/2881 7886/4063/2884 7883/4062/2882
f 7807/4035/2881 7889/4064/2885 7886/4063/2884
f 7807/4035/2881 7892/4065/2886 7889/4064/2885
f 7807/4035/2887 7895/4066/2888 7892/4065/2889
f 7807/4035/2887 7898/4067/2890 7895/4066/2888
f 7807/4035/2887 7901/4068/2891 7898/4067/2890
f 7807/4035/2887 7904/4069/2892 7901/4068/2891
f 7807/4035/2842 7907/4070/2893 7904/4069/2894
f 7807/4035/2842 7910/4071/2895 7907/4070/2893
f 7807/4035/2842 7809/4037/2844 7910/4071/2895
f 7809/4037/2896 7916/4072/2896 7917/4073/2897
f 7809/4037/2896 7808/4036/2898 7916/4072/2896
f 7808/4036/2898 7922/4074/2898 7916/4072/2896
f 7808/4036/2898 7811/4038/2899 7922/4074/2898
f 7811/4038/2899 7928/4075/2900 7922/4074/2898
f 7811/4038/2899 7814/4039/2901 7928/4075/2900
f 7814/4039/2901 7934/4076/2902 7928/4075/2900
f 7814/4039/2901 7817/4040/2903 7934/4076/2902
f 7817/4040/2903 7940/4077/2903 7934/4076/2902
f 7817/4040/2903 7820/4041/2904 7940/4077/2903
f 7820/4041/2904 7946/4078/2905 7940/4077/2903
f 7820/4041/2904 7823/4042/2906 7946/4078/2905
f 7823/4042/2906 7952/4079/2907 7946/4078/2905
f 7823/4042/2906 7826/4043/2908 7952/4079/2907
f 7826/4043/2908 7958/4080/2908 7952/4079/2907
f 7826/4043/2908 7829/4044/2909 7958/4080/2908
f 7829/4044/2909 7964/4081/2909 7958/4080/2908
f 7829/4044/2909 7832/4045/2910 7964/4081/2909
f 7832/4045/2910 7970/4082/2910 7964/4081/2909
f 7832/4045/2910 7835/4046/2911 7970/4082/2910
f 7835/4046/2911 7976/4083/2912 7970/4082/2910
f 7835/4046/2911 7838/4047/2913 7976/4083/2912
f 7838/4047/2913 7982/4084/2914 7976/4083/2912
f 7838/4047/2913 7841/4048/2915 7982/4084/2914
f 7841/4048/2915 7987/4085/2916 7982/4084/2914
f 7841/4048/2915 7844/4049/2917 7987/4085/2916
f 7844/4049/2917 7986/4086/2917 7987/4085/2916
f 7844/4049/2917 7847/4050/2918 7986/4086/2917
f 7847/4050/2918 7985/4087/2919 7986/4086/2917
f 7847/4050/2918 7850/4051/2920 7985/4087/2919
f 7850/4051/2920 7984/4088/2921 7985/4087/2919
f 7850/4051/2920 7853/4052/2922 7984/4088/2921
f 7853/4052/2922 7983/4089/2922 7984/4088/2921
f 7853/4052/2922 7856/4053/2923 7983/4089/2922
f 7856/4053/2923 7981/4090/2923 7983/4089/2922
f 7856/4053/2923 7859/4054/2924 7981/4090/2923
f 7859/4054/2924 7980/4091/2924 7981/4090/2923
f 7859/4054/2924 7862/4055/2925 7980/4091/2924
f 7862/4055/2925 7979/4092/2925 7980/4091/2924
f 7862/4055/2925 7865/4056/2926 7979/4092/2925
f 7865/4056/2926 7978/4093/2927 7979/4092/2925
f 7865/4056/2926 7868/4057/2928 7978/4093/2927
f 7868/4057/2928 7977/4094/2928 7978/4093/2927
f 7868/4057/2928 7871/4058/2929 7977/4094/2928
f 7871/4058/2929 7975/4095/2929 7977/4094/2928
f 7871/4058/2929 7874/4059/2930 7975/4095/2929
f 7874/4059/2930 7974/4096/2931 7975/4095/2929
f 7874/4059/2930 7877/4060/2932 7974/4096/2931
f 7877/4060/2932 7973/4097/2933 7974/4096/2931
f 7877/4060/2932 7880/4061/2934 7973/4097/2933
f 7880/4061/2934 7972/4098/2934 7973/4097/2933
f 7880/4061/2934 7883/4062/2935 7972/4098/2934
f 7883/4062/2935 7971/4099/2935 7972/4098/2934
f 7883/4062/2935 7886/4063/2936 7971/4099/2935
f 7886/4063/2936 7969/4100/2936 7971/4099/2935
f 7886/4063/2936 7889/4064/2937 7969/4100/2936
f 7889/4064/2937 7968/4101/2937 7969/4100/2936
f 7889/4064/2937 7892/4065/2938 7968/4101/2937
f 7892/4065/2938 7967/4102/2939 7968/4101/2937
f 7892/4065/2938 7895/4066/2940 7967/4102/2939
f 7895/4066/2940 7966/4103/2941 7967/4102/2939
f 7895/4066/2940 7898/4067/2942 7966/4103/2941
f 7898/4067/2942 7965/4104/2942 7966/4103/2941
f 7898/4067/2942 7901/4068/2943 7965/4104/2942
f 7901/4068/2943 7963/4105/2944 7965/4104/2942
f 7901/4068/2943 7904/4069/2945 7963/4105/2944
f 7904/4069/2945 7962/4106/2946 7963/4105/2944
f 7904/4069/2945 7907/4070/2947 7962/4106/2946
f 7907/4070/2947 7961/4107/2947 7962/4106/2946
f 7907/4070/2947 7910/4071/2897 7961/4107/2947
f 7910/4071/2897 7917/4073/2897 7961/4107/2947
f 7910/4071/2897 7809/4037/2896 7917/4073/2897
f 7917/4073/2948 7960/4108/2949 7959/4109/2950
f 7917/4073/2948 7916/4072/2951 7960/4108/2949
f 7916/4072/2951 7957/4110/2951 7960/4108/2949
f 7916/4072/2951 7922/4074/2952 7957/4110/2951
f 7922/4074/2952 7956/4111/2953 7957/4110/2951
f 7922/4074/2952 7928/4075/2954 7956/4111/2953
f 7928/4075/2954 7955/4112/2954 7956/4111/2953
f 7928/4075/2954 7934/4076/2955 7955/4112/2954
f 7934/4076/2955 7954/4113/2955 7955/4112/2954
f 7934/4076/2955 7940/4077/2956 7954/4113/2955
f 7940/4077/2956 7953/4114/2957 7954/4113/2955
f 7940/4077/2956 7946/4078/2958 7953/4114/2957
f 7946/4078/2958 7951/4115/2958 7953/4114/2957
f 7946/4078/2958 7952/4079/2959 7951/4115/2958
f 7952/4079/2959 7950/4116/2959 7951/4115/2958
f 7952/4079/2959 7958/4080/2960 7950/4116/2959
f 7958/4080/2960 7949/4117/2961 7950/4116/2959
f 7958/4080/2960 7964/4081/2962 7949/4117/2961
f 7964/4081/2962 7948/4118/2963 7949/4117/2961
f 7964/4081/2962 7970/4082/2964 7948/4118/2963
f 7970/4082/2964 7947/4119/2964 7948/4118/2963
f 7970/4082/2964 7976/4083/2965 7947/4119/2964
f 7976/4083/2965 7945/4120/2966 7947/4119/2964
f 7976/4083/2965 7982/4084/2967 7945/4120/2966
f 7982/4084/2967 7944/4121/2967 7945/4120/2966
f 7982/4084/2967 7987/4085/2968 7944/4121/2967
f 7987/4085/2968 7943/4122/2968 7944/4121/2967
f 7987/4085/2968 7986/4086/2969 7943/4122/2968
f 7986/4086/2969 7942/4123/2970 7943/4122/2968
f 7986/4086/2969 7985/4087/2971 7942/4123/2970
f 7985/4087/2971 7941/4124/2972 7942/4123/2970
f 7985/4087/2971 7984/4088/2973 7941/4124/2972
f 7984/4088/2973 7939/4125/2974 7941/4124/2972
f 7984/4088/2973 7983/4089/2975 7939/4125/2974
f 7983/4089/2975 7938/4126/2976 7939/4125/2974
f 7983/4089/2975 7981/4090/2977 7938/4126/2976
f 7981/4090/2977 7937/4127/2978 7938/4126/2976
f 7981/4090/2977 7980/4091/2979 7937/4127/2978
f 7980/4091/2979 7936/4128/2979 7937/4127/2978
f 7980/4091/2979 7979/4092/2980 7936/4128/2979
f 7979/4092/2980 7935/4129/2981 7936/4128/2979
f 7979/4092/2980 7978/4093/2982 7935/4129/2981
f 7978/4093/2982 7933/4130/2982 7935/4129/2981
f 7978/4093/2982 7977/4094/2983 7933/4130/2982
f 7977/4094/2983 7932/4131/2983 7933/4130/2982
f 7977/4094/2983 7975/4095/2984 7932/4131/2983
f 7975/4095/2984 7931/4132/2985 7932/4131/2983
f 7975/4095/2984 7974/4096/2986 7931/4132/2985
f 7974/4096/2986 7930/4133/2987 7931/4132/2985
f 7974/4096/2986 7973/4097/2988 7930/4133/2987
f 7973/4097/2988 7929/4134/2988 7930/4133/2987
f 7973/4097/2988 7972/4098/2989 7929/4134/2988
f 7972/4098/2989 7927/4135/2990 7929/4134/2988
f 7972/4098/2989 7971/4099/2991 7927/4135/2990
f 7971/4099/2991 7926/4136/2992 7927/4135/2990
f 7971/4099/2991 7969/4100/2993 7926/4136/2992
f 7969/4100/2993 7925/4137/2994 7926/4136/2992
f 7969/4100/2993 7968/4101/2995 7925/4137/2994
f 7968/4101/2995 7924/4138/2996 7925/4137/2994
f 7968/4101/2995 7967/4102/2997 7924/4138/2996
f 7967/4102/2997 7923/4139/2997 7924/4138/2996
f 7967/4102/2997 7966/4103/2998 7923/4139/2997
f 7966/4103/2998 7921/4140/2998 7923/4139/2997
f 7966/4103/2998 7965/4104/2999 7921/4140/2998
f 7965/4104/2999 7920/4141/3000 7921/4140/2998
f 7965/4104/2999 7963/4105/3001 7920/4141/3000
f 7963/4105/3001 7919/4142/3002 7920/4141/3000
f 7963/4105/3001 7962/4106/3003 7919/4142/3002
f 7962/4106/3003 7918/4143/3004 7919/4142/3002
f 7962/4106/3003 7961/4107/3005 7918/4143/3004
f 7961/4107/3005 7959/4109/2950 7918/4143/3004
f 7961/4107/3005 7917/4073/2948 7959/4109/2950
f 7915/4109/3006 7914/4108/3007 7913/4109/3006
f 7915/4109/3006 7912/4108/3007 7914/4108/3007
f 7912/4108/3008 7911/4110/3008 7914/4108/3008
f 7912/4108/3008 7909/4110/3008 7911/4110/3008
f 7909/4110/3009 7908/4111/3010 7911/4110/3009
f 7909/4110/3009 7906/4111/3010 7908/4111/3010
f 7906/4111/3011 7905/4112/3011 7908/4111/3011
f 7906/4111/3011 7903/4112/3011 7905/4112/3011
f 7903/4112/3012 7902/4113/3013 7905/4112/3012
f 7903/4112/3012 7900/4113/3013 7902/4113/3013
f 7900/4113/3014 7899/4114/3015 7902/4113/3014
f 7900/4113/3014 7897/4114/3015 7899/4114/3015
f 7897/4114/3016 7896/4115/3016 7899/4114/3016
f 7897/4114/3016 7894/4115/3016 7896/4115/3016
f 7894/4115/3017 7893/4116/3017 7896/4115/3017
f 7894/4115/3017 7891/4116/3017 7893/4116/3017
f 7891/4116/3018 7890/4117/3018 7893/4116/3018
f 7891/4116/3018 7888/4117/3018 7890/4117/3018
f 7888/4117/3019 7887/4118/3019 7890/4117/3019
f 7888/4117/3019 7885/4118/3019 7887/4118/3019
f 7885/4118/3020 7884/4119/3020 7887/4118/3020
f 7885/4118/3020 7882/4119/3020 7884/4119/3020
f 7882/4119/3021 7881/4120/3021 7884/4119/3021
f 7882/4119/3021 7879/4120/3021 7881/4120/3021
f 7879/4120/3022 7878/4121/3023 7881/4120/3022
f 7879/4120/3022 7876/4121/3023 7878/4121/3023
f 7876/4121/3024 7875/4122/3024 7878/4121/3024
f 7876/4121/3024 7873/4122/3024 7875/4122/3024
f 7873/4122/3025 7872/4123/3026 7875/4122/3025
f 7873/4122/3025 7870/4123/3026 7872/4123/3026
f 7870/4123/3027 7869/4124/3027 7872/4123/3027
f 7870/4123/3027 7867/4124/3027 7869/4124/3027
f 7867/4124/3028 7866/4125/3028 7869/4124/3028
f 7867/4124/3028 7864/4125/3028 7866/4125/3028
f 7864/4125/3029 7863/4126/3030 7866/4125/3029
f 7864/4125/3029 7861/4126/3030 7863/4126/3030
f 7861/4126/3031 7860/4127/3031 7863/4126/3031
f 7861/4126/3031 7858/4127/3031 7860/4127/3031
f 7858/4127/3032 7857/4128/3032 7860/4127/3032
f 7858/4127/3032 7855/4128/3032 7857/4128/3032
f 7855/4128/3033 7854/4129/3033 7857/4128/3033
f 7855/4128/3033 7852/4129/3033 7854/4129/3033
f 7852/4129/3034 7851/4130/3035 7854/4129/3034
f 7852/4129/3034 7849/4130/3035 7851/4130/3035
f 7849/4130/3036 7848/4131/3036 7851/4130/3036
f 7849/4130/3036 7846/4131/3036 7848/4131/3036
f 7846/4131/3037 7845/4132/3038 7848/4131/3037
f 7846/4131/3037 7843/4132/3038 7845/4132/3038
f 7843/4132/3039 7842/4133/3040 7845/4132/3039
f 7843/4132/3039 7840/4133/3040 7842/4133/3040
f 7840/4133/3041 7839/4134/3041 7842/4133/3041
f 7840/4133/3041 7837/4134/3041 7839/4134/3041
f 7837/4134/3042 7836/4135/3042 7839/4134/3042
f 7837/4134/3042 7834/4135/3042 7836/4135/3042
f 7834/4135/3043 7833/4136/3043 7836/4135/3043
f 7834/4135/3043 7831/4136/3043 7833/4136/3043
f 7831/4136/3044 7830/4137/3044 7833/4136/3044
f 7831/4136/3044 7828/4137/3044 7830/4137/3044
f 7828/4137/3045 7827/4138/3045 7830/4137/3045
f 7828/4137/3045 7825/4138/3045 7827/4138/3045
f 7825/4138/3046 7824/4139/3047 7827/4138/3046
f 7825/4138/3046 7822/4139/3047 7824/4139/3047
f 7822/4139/3048 7821/4140/3049 7824/4139/3048
f 7822/4139/3048 7819/4140/3049 7821/4140/3049
f 7819/4140/3050 7818/4141/3050 7821/4140/3050
f 7819/4140/3050 7816/4141/3050 7818/4141/3050
f 7816/4141/3051 7815/4142/3052 7818/4141/3051
f 7816/4141/3051 7813/4142/3052 7815/4142/3052
f 7813/4142/3053 7812/4143/3053 7815/4142/3053
f 7813/4142/3053 7810/4143/3053 7812/4143/3053
f 7810/4143/3054 7913/4109/3054 7812/4143/3054
f 7810/4143/3054 7915/4109/3054 7913/4109/3054
o stupacka_stozar
v 0.013375 0.425548 0.036739
v 0.025135 0.479908 0.029949
v 0.013375 0.479908 0.036739
v 0.025135 0.425548 0.029949
v 0.033862 0.425548 0.019546
v 0.038505 0.479908 0.006786
v 0.038505 0.425548 0.006786
v 0.038503 0.425548 -0.006792
v 0.033858 0.479908 -0.019552
v 0.033858 0.425548 -0.019552
v 0.025129 0.479908 -0.029953
v 0.025129 0.425548 -0.029953
v 0.013369 0.425548 -0.036741
v 0.033862 0.479908 0.019546
v 0.038503 0.479908 -0.006792
v 0.013369 0.479908 -0.036741
v 0.004240 0.425634 0.060500
v 0.015120 0.425634 -0.060501
v 0.015130 0.425634 0.060499
v 0.004230 0.425634 -0.060500
v 0.004230 0.480084 -0.060500
v 0.015120 0.480084 -0.060501
v 0.015130 0.480084 0.060499
v 0.004240 0.480084 0.060500
v -0.004230 0.425634 0.060500
v -0.015120 0.425634 0.060501
v -0.015130 0.425634 -0.060499
v -0.004240 0.425634 -0.060500
v -0.004240 0.480084 -0.060500
v -0.015130 0.480084 -0.060499
v -0.015120 0.480084 0.060501
v -0.004230 0.480084 0.060500
v -0.013375 0.425548 -0.036739
v -0.025135 0.425548 -0.029949
v -0.025129 0.479908 0.029953
v -0.038503 0.479908 0.006792
v -0.033862 0.425548 -0.019546
v -0.033862 0.479908 -0.019546
v -0.038505 0.479908 -0.006786
v -0.025135 0.479908 -0.029949
v -0.013375 0.479908 -0.036739
v -0.000000 0.479908 -0.000000
v -0.038505 0.425548 -0.006786
v -0.013369 0.425548 0.036741
v -0.038503 0.425548 0.006792
v -0.013369 0.479908 0.036741
v -0.025129 0.425548 0.029953
v -0.033858 0.479908 0.019552
v -0.033858 0.425548 0.019552
vn 0.5000 -0.0000 0.8660
vn 0.4772 0.6700 0.5686
vn 0.3737 0.6644 0.6472
vn 0.6428 -0.0000 0.7660
vn 0.6429 0.6700 0.3711
vn 0.8661 -0.0000 0.4999
vn 0.7311 0.6700 0.1288
vn 0.9848 -0.0000 0.1736
vn 0.7310 0.6700 -0.1290
vn 0.9848 -0.0000 -0.1737
vn 0.6428 0.6700 -0.3712
vn 0.8660 -0.0000 -0.5001
vn 0.4771 0.6700 -0.5687
vn 0.6427 -0.0000 -0.7661
vn 0.3736 0.6644 -0.6473
vn 0.4999 -0.0000 -0.8661
vn -0.0000 1.0000 -0.0000
vn 0.5774 -0.5774 0.5773
vn -0.5773 -0.5774 0.5774
vn -0.5774 -0.5774 -0.5773
vn 0.5773 -0.5774 -0.5774
vn 0.5774 0.5774 0.5773
vn 0.5773 0.5774 -0.5774
vn -0.5774 0.5774 -0.5773
vn -0.5773 0.5774 0.5774
vn -0.5000 -0.0000 -0.8660
vn -0.4772 0.6700 -0.5686
vn -0.3737 0.6644 -0.6472
vn -0.6428 -0.0000 -0.7660
vn -0.6429 0.6700 -0.3711
vn -0.8661 -0.0000 -0.4999
vn -0.7311 0.6700 -0.1288
vn -0.9848 -0.0000 -0.1736
vn -0.7310 0.6700 0.1290
vn -0.9848 -0.0000 0.1737
vn -0.6428 0.6700 0.3712
vn -0.8660 -0.0000 0.5001
vn -0.4771 0.6700 0.5687
vn -0.6427 -0.0000 0.7661
vn -0.3736 0.6644 0.6473
vn -0.4999 -0.0000 0.8661
vt 0.805556 0.000500
vt 0.861111 0.999500
vt 0.805556 0.999500
vt 0.861111 0.000500
vt 0.916667 0.999500
vt 0.916667 0.000500
vt 0.972222 0.999500
vt 0.972222 0.000500
vt -0.027778 0.000500
vt 0.027778 0.999500
vt -0.027778 0.999500
vt 0.027778 0.000500
vt 0.083333 0.999500
vt 0.083333 0.000500
vt 0.138889 0.999500
vt 0.138889 0.000500
vt 0.194444 0.999500
vt 0.194444 0.000500
vt 0.316425 0.625604
vt 0.423545 0.665194
vt 0.403750 0.700008
vt 0.373422 0.725849
vt 0.336220 0.739598
vt 0.296630 0.739598
vt 0.259428 0.725849
vt 0.229100 0.700008
vt 0.209305 0.665194
vt 0.999501 0.000502
vt 0.999500 0.999500
vt 0.000500 0.999498
vt 0.000500 0.000500
vt 0.000500 0.000502
vt 0.999500 0.000500
vt 0.999501 0.999498
vt 0.000500 0.999500
vt 0.000500 0.000499
vt 0.999500 0.000499
vt 0.999498 0.000499
vt 0.999498 0.999500
s 1
usemtl stozar
f 7988/4144/3055 7989/4145/3056 7990/4146/3057
f 7988/4144/3055 7991/4147/3058 7989/4145/3056
f 7991/4147/3058 8001/4148/3059 7989/4145/3056
f 7991/4147/3058 7992/4149/3060 8001/4148/3059
f 7992/4149/3060 7993/4150/3061 8001/4148/3059
f 7992/4149/3060 7994/4151/3062 7993/4150/3061
f 7994/4152/3062 8002/4153/3063 7993/4154/3061
f 7994/4152/3062 7995/4155/3064 8002/4153/3063
f 7995/4155/3064 7996/4156/3065 8002/4153/3063
f 7995/4155/3064 7997/4157/3066 7996/4156/3065
f 7997/4157/3066 7998/4158/3067 7996/4156/3065
f 7997/4157/3066 7999/4159/3068 7998/4158/3067
f 7999/4159/3068 8003/4160/3069 7998/4158/3067
f 7999/4159/3068 8000/4161/3070 8003/4160/3069
f 8029/4162/3071 7990/4163/3057 7989/4164/3056
f 8029/4162/3071 7989/4164/3056 8001/4165/3059
f 8029/4162/3071 8001/4165/3059 7993/4166/3061
f 8029/4162/3071 7993/4166/3061 8002/4167/3063
f 8029/4162/3071 8002/4167/3063 7996/4168/3065
f 8029/4162/3071 7996/4168/3065 7998/4169/3067
f 8029/4162/3071 7998/4169/3067 8003/4170/3069
f 8006/4171/3072 8004/4172/3073 8007/4173/3074
f 8007/4173/3074 8005/4174/3075 8006/4171/3072
f 8010/4175/3076 8009/4176/3077 8008/4177/3078
f 8008/4177/3078 8011/4178/3079 8010/4175/3076
f 8006/4179/3072 8005/4180/3075 8009/4172/3077
f 8009/4172/3077 8010/4178/3076 8006/4179/3072
f 8005/4179/3075 8007/4181/3074 8008/4182/3078
f 8008/4182/3078 8009/4178/3077 8005/4179/3075
f 8007/4179/3074 8004/4180/3073 8011/4172/3079
f 8011/4172/3079 8008/4178/3078 8007/4179/3074
f 8004/4179/3073 8006/4181/3072 8010/4182/3076
f 8010/4182/3076 8011/4178/3079 8004/4179/3073
f 8012/4171/3072 8013/4172/3073 8014/4173/3074
f 8014/4173/3074 8015/4174/3075 8012/4171/3072
f 8019/4175/3076 8016/4176/3077 8017/4177/3078
f 8017/4177/3078 8018/4178/3079 8019/4175/3076
f 8012/4179/3072 8015/4180/3075 8016/4172/3077
f 8016/4172/3077 8019/4178/3076 8012/4179/3072
f 8015/4179/3075 8014/4181/3074 8017/4182/3078
f 8017/4182/3078 8016/4178/3077 8015/4179/3075
f 8014/4179/3074 8013/4180/3073 8018/4172/3079
f 8018/4172/3079 8017/4178/3078 8014/4179/3074
f 8013/4179/3073 8012/4181/3072 8019/4182/3076
f 8019/4182/3076 8018/4178/3079 8013/4179/3073
f 8020/4144/3080 8027/4145/3081 8028/4146/3082
f 8020/4144/3080 8021/4147/3083 8027/4145/3081
f 8021/4147/3083 8025/4148/3084 8027/4145/3081
f 8021/4147/3083 8024/4149/3085 8025/4148/3084
f 8024/4149/3085 8026/4150/3086 8025/4148/3084
f 8024/4149/3085 8030/4151/3087 8026/4150/3086
f 8030/4152/3087 8023/4153/3088 8026/4154/3086
f 8030/4152/3087 8032/4155/3089 8023/4153/3088
f 8032/4155/3089 8035/4156/3090 8023/4153/3088
f 8032/4155/3089 8036/4157/3091 8035/4156/3090
f 8036/4157/3091 8022/4158/3092 8035/4156/3090
f 8036/4157/3091 8034/4159/3093 8022/4158/3092
f 8034/4159/3093 8033/4160/3094 8022/4158/3092
f 8034/4159/3093 8031/4161/3095 8033/4160/3094
f 8029/4162/3071 8028/4163/3082 8027/4164/3081
f 8029/4162/3071 8027/4164/3081 8025/4165/3084
f 8029/4162/3071 8025/4165/3084 8026/4166/3086
f 8029/4162/3071 8026/4166/3086 8023/4167/3088
f 8029/4162/3071 8023/4167/3088 8035/4168/3090
f 8029/4162/3071 8035/4168/3090 8022/4169/3092
f 8029/4162/3071 8022/4169/3092 8033/4170/3094
o svetlo_korona_30
v -0.000012 1.270151 0.243480
v 0.020841 1.266475 0.242996
v 0.021163 1.270151 0.242996
v 0.062548 1.281182 0.240455
v 0.019886 1.262909 0.242996
v 0.062548 1.281182 0.239245
v 0.059682 1.291878 0.240455
v 0.018326 1.259564 0.242996
v 0.059682 1.291878 0.239245
v 0.055003 1.301914 0.240455
v 0.016210 1.256541 0.242996
v 0.055003 1.301914 0.239245
v 0.048651 1.310985 0.240455
v 0.013600 1.253931 0.242996
v 0.048651 1.310985 0.239245
v 0.040822 1.318815 0.240455
v 0.010576 1.251813 0.242996
v 0.040822 1.318815 0.239245
v 0.031751 1.325166 0.240455
v 0.007231 1.250254 0.242996
v 0.031751 1.325166 0.239245
v 0.021715 1.329846 0.240455
v 0.003665 1.249298 0.242996
v 0.021715 1.329846 0.239245
v 0.011019 1.332711 0.240455
v -0.000012 1.248976 0.242996
v 0.011019 1.332711 0.239245
v -0.000012 1.333676 0.240455
v -0.003689 1.249298 0.242996
v -0.000012 1.333676 0.239245
v -0.011043 1.332711 0.240455
v -0.007254 1.250254 0.242996
v -0.011043 1.332711 0.239245
v -0.021739 1.329846 0.240455
v -0.010599 1.251813 0.242996
v -0.021739 1.329846 0.239245
v -0.031774 1.325166 0.240455
v -0.013623 1.253931 0.242996
v -0.031774 1.325166 0.239245
v -0.040845 1.318815 0.240455
v -0.016233 1.256541 0.242996
v -0.040845 1.318815 0.239245
v -0.048675 1.310985 0.240455
v -0.018350 1.259564 0.242996
v -0.048675 1.310985 0.239245
v -0.055026 1.301914 0.240455
v -0.019910 1.262910 0.242996
v -0.055026 1.301914 0.239245
v -0.059706 1.291878 0.240455
v -0.020865 1.266475 0.242996
v -0.059706 1.291878 0.239245
v -0.062572 1.281182 0.240455
v -0.021187 1.270151 0.242996
v -0.062572 1.281182 0.239245
v -0.063537 1.270151 0.240455
v -0.020865 1.273829 0.242996
v -0.063537 1.270151 0.239245
v -0.062572 1.259120 0.240455
v -0.019910 1.277394 0.242996
v -0.062572 1.259120 0.239245
v -0.059706 1.248425 0.240455
v -0.018350 1.280739 0.242996
v -0.059706 1.248425 0.239245
v -0.055026 1.238389 0.240455
v -0.016233 1.283763 0.242996
v -0.055026 1.238389 0.239245
v -0.048675 1.229318 0.240455
v -0.013623 1.286373 0.242996
v -0.048675 1.229318 0.239245
v -0.040845 1.221488 0.240455
v -0.010599 1.288490 0.242996
v -0.040845 1.221488 0.239245
v -0.031774 1.215137 0.240455
v -0.007254 1.290049 0.242996
v -0.031774 1.215137 0.239245
v -0.021739 1.210457 0.240455
v -0.003689 1.291005 0.242996
v -0.021739 1.210457 0.239245
v -0.011043 1.207591 0.240455
v -0.000012 1.291326 0.242996
v -0.011043 1.207591 0.239245
v -0.000012 1.206626 0.240455
v 0.003665 1.291005 0.242996
v -0.000012 1.206626 0.239245
v 0.011019 1.207591 0.240455
v 0.007231 1.290049 0.242996
v 0.011019 1.207591 0.239245
v 0.021715 1.210457 0.240455
v 0.010576 1.288490 0.242996
v 0.021715 1.210457 0.239245
v 0.031751 1.215137 0.240455
v 0.013600 1.286373 0.242996
v 0.031751 1.215137 0.239245
v 0.040822 1.221488 0.240455
v 0.016210 1.283763 0.242996
v 0.040822 1.221488 0.239245
v 0.048651 1.229318 0.240455
v 0.018326 1.280739 0.242996
v 0.048651 1.229318 0.239245
v 0.055003 1.238389 0.240455
v 0.019886 1.277394 0.242996
v 0.055003 1.238389 0.239245
v 0.059682 1.248425 0.240455
v 0.020841 1.273829 0.242996
v 0.059682 1.248425 0.239245
v 0.062548 1.259120 0.240455
v 0.063513 1.270151 0.239245
v 0.062548 1.259120 0.239245
v 0.063513 1.270151 0.240455
v 0.041695 1.262798 0.241953
v 0.042338 1.270151 0.241953
v 0.062548 1.281182 0.240455
v 0.059682 1.291878 0.240455
v 0.055003 1.301914 0.240455
v 0.048651 1.310985 0.240455
v 0.039784 1.255667 0.241953
v 0.040822 1.318815 0.240455
v 0.031751 1.325166 0.240455
v 0.021715 1.329846 0.240455
v 0.011019 1.332711 0.240455
v -0.000012 1.333676 0.240455
v 0.036665 1.248976 0.241953
v -0.011043 1.332711 0.240455
v -0.021739 1.329846 0.240455
v -0.031774 1.325166 0.240455
v -0.040845 1.318815 0.240455
v -0.048675 1.310985 0.240455
v 0.032430 1.242929 0.241953
v -0.055026 1.301914 0.240455
v -0.059706 1.291878 0.240455
v -0.062572 1.281182 0.240455
v -0.063537 1.270151 0.240455
v -0.062572 1.259120 0.240455
v 0.027210 1.237710 0.241953
v -0.059706 1.248425 0.240455
v -0.055026 1.238389 0.240455
v -0.048675 1.229318 0.240455
v -0.040845 1.221488 0.240455
v -0.031774 1.215137 0.240455
v 0.021163 1.233475 0.241953
v -0.021739 1.210457 0.240455
v -0.011043 1.207591 0.240455
v -0.000012 1.206626 0.240455
v 0.011019 1.207591 0.240455
v 0.021715 1.210457 0.240455
v 0.014473 1.230356 0.241953
v 0.031751 1.215137 0.240455
v 0.040822 1.221488 0.240455
v 0.048651 1.229318 0.240455
v 0.055003 1.238389 0.240455
v 0.059682 1.248425 0.240455
v 0.007342 1.228445 0.241953
v 0.063513 1.270151 0.240455
v 0.062548 1.259120 0.240455
v 0.041695 1.277505 0.241953
v 0.039784 1.284636 0.241953
v 0.036665 1.291326 0.241953
v -0.000012 1.227801 0.241953
v 0.032430 1.297373 0.241953
v 0.027210 1.302593 0.241953
v 0.021163 1.306828 0.241953
v 0.014473 1.309948 0.241953
v 0.007342 1.311858 0.241953
v -0.007366 1.228445 0.241953
v -0.000012 1.312501 0.241953
v -0.007366 1.311858 0.241953
v -0.014496 1.309948 0.241953
v -0.021187 1.306828 0.241953
v -0.027234 1.302593 0.241953
v -0.014496 1.230356 0.241953
v -0.032454 1.297373 0.241953
v -0.036688 1.291326 0.241953
v -0.039808 1.284636 0.241953
v -0.041719 1.277506 0.241953
v -0.042362 1.270151 0.241953
v -0.021187 1.233475 0.241953
v -0.041719 1.262798 0.241953
v -0.039808 1.255667 0.241953
v -0.036688 1.248976 0.241953
v -0.032454 1.242929 0.241953
v -0.027234 1.237710 0.241953
vn 0.0222 0.0039 0.9997
vn 0.0229 -0.0020 0.9997
vn 0.0229 -0.0000 0.9997
vn 0.0195 -0.0113 0.9997
vn 0.0215 -0.0078 0.9997
vn 0.0222 -0.0059 0.9997
vn 0.0198 -0.0114 0.9997
vn 0.0175 -0.0147 0.9997
vn 0.0162 -0.0162 0.9997
vn 0.0077 -0.0211 0.9997
vn 0.0114 -0.0198 0.9997
vn 0.0132 -0.0188 0.9997
vn 0.0078 -0.0215 0.9997
vn 0.0040 -0.0225 0.9997
vn 0.0020 -0.0229 0.9997
vn -0.0077 -0.0211 0.9997
vn -0.0040 -0.0225 0.9997
vn -0.0020 -0.0229 0.9997
vn -0.0078 -0.0215 0.9997
vn -0.0114 -0.0198 0.9997
vn -0.0132 -0.0188 0.9997
vn -0.0195 -0.0113 0.9997
vn -0.0175 -0.0147 0.9997
vn -0.0162 -0.0162 0.9997
vn -0.0198 -0.0114 0.9997
vn -0.0215 -0.0078 0.9997
vn -0.0222 -0.0059 0.9997
vn -0.0222 0.0039 0.9997
vn -0.0229 -0.0000 0.9997
vn -0.0229 -0.0020 0.9997
vn -0.0225 0.0040 0.9997
vn -0.0215 0.0078 0.9997
vn -0.0208 0.0097 0.9997
vn -0.0145 0.0172 0.9997
vn -0.0175 0.0147 0.9997
vn -0.0188 0.0132 0.9997
vn -0.0147 0.0175 0.9997
vn -0.0114 0.0198 0.9997
vn -0.0097 0.0208 0.9997
vn -0.0000 0.0225 0.9997
vn -0.0040 0.0225 0.9997
vn -0.0059 0.0222 0.9997
vn -0.0000 0.0229 0.9997
vn 0.0040 0.0225 0.9997
vn 0.0059 0.0222 0.9997
vn 0.0145 0.0172 0.9997
vn 0.0114 0.0198 0.9997
vn 0.0097 0.0208 0.9997
vn 0.0147 0.0175 0.9997
vn 0.0175 0.0147 0.9997
vn 0.0188 0.0132 0.9997
vn 0.0215 0.0078 0.9997
vn 0.0208 0.0097 0.9997
vn 0.0225 0.0040 0.9997
vn 0.0492 -0.0043 0.9988
vn 0.0492 0.0043 0.9988
vn 0.0477 -0.0128 0.9988
vn 0.0449 -0.0209 0.9988
vn 0.0449 -0.0210 0.9988
vn 0.0406 -0.0283 0.9988
vn 0.0405 -0.0283 0.9988
vn 0.0349 -0.0349 0.9988
vn 0.0283 -0.0405 0.9988
vn 0.0283 -0.0406 0.9988
vn 0.0210 -0.0448 0.9988
vn 0.0209 -0.0449 0.9988
vn 0.0128 -0.0477 0.9988
vn 0.0043 -0.0492 0.9988
vn -0.0043 -0.0492 0.9988
vn -0.0128 -0.0477 0.9988
vn -0.0128 -0.0478 0.9988
vn -0.0209 -0.0449 0.9988
vn -0.0210 -0.0448 0.9988
vn -0.0283 -0.0406 0.9988
vn -0.0283 -0.0405 0.9988
vn -0.0349 -0.0349 0.9988
vn -0.0405 -0.0283 0.9988
vn -0.0406 -0.0283 0.9988
vn -0.0448 -0.0210 0.9988
vn -0.0449 -0.0209 0.9988
vn -0.0477 -0.0128 0.9988
vn -0.0492 -0.0043 0.9988
vn -0.0492 0.0043 0.9988
vn -0.0477 0.0128 0.9988
vn -0.0448 0.0209 0.9988
vn -0.0449 0.0210 0.9988
vn -0.0405 0.0283 0.9988
vn -0.0349 0.0349 0.9988
vn -0.0283 0.0405 0.9988
vn -0.0283 0.0406 0.9988
vn -0.0210 0.0449 0.9988
vn -0.0209 0.0449 0.9988
vn -0.0128 0.0477 0.9988
vn -0.0043 0.0492 0.9988
vn 0.0043 0.0492 0.9988
vn 0.0128 0.0477 0.9988
vn 0.0209 0.0448 0.9988
vn 0.0210 0.0449 0.9988
vn 0.0283 0.0406 0.9988
vn 0.0283 0.0405 0.9988
vn 0.0349 0.0349 0.9988
vn 0.0405 0.0283 0.9988
vn 0.0406 0.0283 0.9988
vn 0.0449 0.0210 0.9988
vn 0.0449 0.0209 0.9988
vn 0.0477 0.0128 0.9988
vn 0.0707 -0.0062 0.9975
vn 0.0706 -0.0062 0.9975
vn 0.0707 0.0062 0.9975
vn 0.0684 -0.0183 0.9975
vn 0.0641 -0.0299 0.9975
vn 0.0642 -0.0299 0.9975
vn 0.0580 -0.0406 0.9975
vn 0.0501 -0.0501 0.9975
vn 0.0406 -0.0580 0.9975
vn 0.0406 -0.0579 0.9975
vn 0.0299 -0.0642 0.9975
vn 0.0183 -0.0684 0.9975
vn 0.0062 -0.0706 0.9975
vn 0.0062 -0.0707 0.9975
vn -0.0062 -0.0707 0.9975
vn -0.0062 -0.0706 0.9975
vn -0.0183 -0.0684 0.9975
vn -0.0299 -0.0642 0.9975
vn -0.0299 -0.0641 0.9975
vn -0.0406 -0.0580 0.9975
vn -0.0501 -0.0501 0.9975
vn -0.0580 -0.0406 0.9975
vn -0.0579 -0.0406 0.9975
vn -0.0641 -0.0299 0.9975
vn -0.0642 -0.0299 0.9975
vn -0.0683 -0.0183 0.9975
vn -0.0684 -0.0183 0.9975
vn -0.0706 -0.0062 0.9975
vn -0.0707 -0.0062 0.9975
vn -0.0707 0.0062 0.9975
vn -0.0706 0.0062 0.9975
vn -0.0684 0.0183 0.9975
vn -0.0641 0.0299 0.9975
vn -0.0642 0.0299 0.9975
vn -0.0580 0.0406 0.9975
vn -0.0501 0.0501 0.9975
vn -0.0406 0.0580 0.9975
vn -0.0406 0.0579 0.9975
vn -0.0299 0.0641 0.9975
vn -0.0299 0.0642 0.9975
vn -0.0183 0.0684 0.9975
vn -0.0062 0.0706 0.9975
vn -0.0062 0.0707 0.9975
vn 0.0062 0.0707 0.9975
vn 0.0062 0.0706 0.9975
vn 0.0183 0.0684 0.9975
vn 0.0183 0.0683 0.9975
vn 0.0299 0.0642 0.9975
vn 0.0299 0.0641 0.9975
vn 0.0406 0.0580 0.9975
vn 0.0501 0.0501 0.9975
vn 0.0580 0.0406 0.9975
vn 0.0579 0.0406 0.9975
vn 0.0641 0.0299 0.9975
vn 0.0642 0.0299 0.9975
vn 0.0683 0.0183 0.9975
vn 0.0684 0.0183 0.9975
vn 0.0706 0.0062 0.9975
vn 0.9962 -0.0871 -0.0000
vn 0.9659 -0.2588 -0.0000
vn 0.9063 -0.4226 -0.0000
vn 0.8191 -0.5736 -0.0000
vn 0.7072 -0.7071 -0.0000
vn 0.5735 -0.8192 -0.0000
vn 0.4226 -0.9063 -0.0000
vn 0.2588 -0.9659 -0.0000
vn 0.0871 -0.9962 -0.0000
vn -0.0871 -0.9962 -0.0000
vn -0.2588 -0.9659 -0.0000
vn -0.4227 -0.9063 -0.0000
vn -0.5735 -0.8192 -0.0000
vn -0.7071 -0.7071 -0.0000
vn -0.8192 -0.5735 -0.0000
vn -0.9063 -0.4226 -0.0000
vn -0.9659 -0.2588 -0.0000
vn -0.9962 -0.0871 -0.0000
vn -0.9962 0.0871 -0.0000
vn -0.9659 0.2588 -0.0000
vn -0.9063 0.4226 -0.0000
vn -0.8192 0.5735 -0.0000
vn -0.7071 0.7071 -0.0000
vn -0.5735 0.8192 -0.0000
vn -0.4227 0.9063 -0.0000
vn -0.2587 0.9659 -0.0000
vn -0.0871 0.9962 -0.0000
vn 0.0871 0.9962 -0.0000
vn 0.2587 0.9659 -0.0000
vn 0.4226 0.9063 -0.0000
vn 0.5735 0.8192 -0.0000
vn 0.7071 0.7071 -0.0000
vn 0.8191 0.5736 -0.0000
vn 0.9063 0.4226 -0.0000
vn 0.9659 0.2588 -0.0000
vn 0.9962 0.0871 -0.0000
vt 0.479094 0.546167
vt 0.643065 0.517255
vt 0.645594 0.546167
vt 0.635553 0.489221
vt 0.623287 0.462917
vt 0.606640 0.439143
vt 0.586118 0.418620
vt 0.562344 0.401974
vt 0.536040 0.389708
vt 0.508006 0.382196
vt 0.479094 0.379667
vt 0.450181 0.382196
vt 0.422148 0.389708
vt 0.395844 0.401974
vt 0.372070 0.418621
vt 0.351547 0.439143
vt 0.334901 0.462917
vt 0.322635 0.489221
vt 0.315123 0.517255
vt 0.312594 0.546167
vt 0.315123 0.575080
vt 0.322635 0.603113
vt 0.334901 0.629417
vt 0.351548 0.653191
vt 0.372070 0.673714
vt 0.395844 0.690360
vt 0.422148 0.702626
vt 0.450182 0.710138
vt 0.479094 0.712667
vt 0.508007 0.710138
vt 0.536041 0.702626
vt 0.562344 0.690360
vt 0.586118 0.673713
vt 0.606641 0.653191
vt 0.623287 0.629417
vt 0.635553 0.603113
vt 0.643065 0.575079
vt 0.782395 0.490465
vt 0.786905 0.540607
vt 0.770665 0.443725
vt 0.746134 0.394411
vt 0.717229 0.355093
vt 0.684964 0.325024
vt 0.642355 0.291181
vt 0.594687 0.262260
vt 0.536973 0.245042
vt 0.498354 0.238337
vt 0.462580 0.236703
vt 0.424824 0.239627
vt 0.366686 0.253787
vt 0.313606 0.277056
vt 0.275673 0.302545
vt 0.237194 0.338685
vt 0.203675 0.386453
vt 0.182775 0.442521
vt 0.167000 0.500000
vt 0.172059 0.557825
vt 0.187082 0.613893
vt 0.211613 0.666500
vt 0.244907 0.714049
vt 0.285952 0.755093
vt 0.333500 0.788387
vt 0.386107 0.812918
vt 0.442175 0.827941
vt 0.500000 0.833000
vt 0.557825 0.827941
vt 0.613893 0.812918
vt 0.666500 0.788387
vt 0.705407 0.753365
vt 0.736771 0.713011
vt 0.758658 0.676179
vt 0.782007 0.621169
vt 0.785830 0.581685
vt 0.991912 0.413263
vt 0.999500 0.500000
vt 0.969377 0.329161
vt 0.932580 0.250250
vt 0.882639 0.178927
vt 0.821073 0.117360
vt 0.749750 0.067420
vt 0.670839 0.030623
vt 0.586737 0.008088
vt 0.500000 0.000500
vt 0.413262 0.008088
vt 0.329161 0.030623
vt 0.250250 0.067420
vt 0.178927 0.117361
vt 0.117360 0.178927
vt 0.067420 0.250250
vt 0.030623 0.329161
vt 0.008088 0.413263
vt 0.000500 0.500000
vt 0.008088 0.586738
vt 0.030623 0.670839
vt 0.067420 0.749750
vt 0.117361 0.821073
vt 0.178927 0.882640
vt 0.250250 0.932580
vt 0.329161 0.969377
vt 0.413263 0.991912
vt 0.500000 0.999500
vt 0.586738 0.991912
vt 0.670839 0.969377
vt 0.749750 0.932580
vt 0.821073 0.882639
vt 0.882640 0.821072
vt 0.932580 0.749750
vt 0.969377 0.670839
vt 0.991912 0.586737
s 1
usemtl 
f 8037/4183/3096 8038/4184/3097 8039/4185/3098
f 8037/4183/3099 8041/4186/3100 8038/4184/3101
f 8037/4183/3099 8044/4187/3102 8041/4186/3100
f 8037/4183/3099 8047/4188/3103 8044/4187/3102
f 8037/4183/3099 8050/4189/3104 8047/4188/3103
f 8037/4183/3105 8053/4190/3106 8050/4189/3107
f 8037/4183/3105 8056/4191/3108 8053/4190/3106
f 8037/4183/3105 8059/4192/3109 8056/4191/3108
f 8037/4183/3105 8062/4193/3110 8059/4192/3109
f 8037/4183/3111 8065/4194/3112 8062/4193/3113
f 8037/4183/3111 8068/4195/3114 8065/4194/3112
f 8037/4183/3111 8071/4196/3115 8068/4195/3114
f 8037/4183/3111 8074/4197/3116 8071/4196/3115
f 8037/4183/3117 8077/4198/3118 8074/4197/3119
f 8037/4183/3117 8080/4199/3120 8077/4198/3118
f 8037/4183/3117 8083/4200/3121 8080/4199/3120
f 8037/4183/3117 8086/4201/3122 8083/4200/3121
f 8037/4183/3123 8089/4202/3124 8086/4201/3125
f 8037/4183/3123 8092/4203/3126 8089/4202/3124
f 8037/4183/3123 8095/4204/3127 8092/4203/3126
f 8037/4183/3123 8098/4205/3128 8095/4204/3127
f 8037/4183/3129 8101/4206/3130 8098/4205/3131
f 8037/4183/3129 8104/4207/3132 8101/4206/3130
f 8037/4183/3129 8107/4208/3133 8104/4207/3132
f 8037/4183/3129 8110/4209/3134 8107/4208/3133
f 8037/4183/3135 8113/4210/3136 8110/4209/3137
f 8037/4183/3135 8116/4211/3138 8113/4210/3136
f 8037/4183/3135 8119/4212/3139 8116/4211/3138
f 8037/4183/3135 8122/4213/3140 8119/4212/3139
f 8037/4183/3141 8125/4214/3142 8122/4213/3143
f 8037/4183/3141 8128/4215/3144 8125/4214/3142
f 8037/4183/3141 8131/4216/3145 8128/4215/3144
f 8037/4183/3141 8134/4217/3146 8131/4216/3145
f 8037/4183/3096 8137/4218/3147 8134/4217/3148
f 8037/4183/3096 8140/4219/3149 8137/4218/3147
f 8037/4183/3096 8039/4185/3098 8140/4219/3149
f 8039/4185/3150 8146/4220/3150 8147/4221/3151
f 8039/4185/3150 8038/4184/3152 8146/4220/3150
f 8038/4184/3152 8152/4222/3152 8146/4220/3150
f 8038/4184/3152 8041/4186/3153 8152/4222/3152
f 8041/4186/3153 8158/4223/3154 8152/4222/3152
f 8041/4186/3153 8044/4187/3155 8158/4223/3154
f 8044/4187/3155 8164/4224/3156 8158/4223/3154
f 8044/4187/3155 8047/4188/3157 8164/4224/3156
f 8047/4188/3157 8170/4225/3157 8164/4224/3156
f 8047/4188/3157 8050/4189/3158 8170/4225/3157
f 8050/4189/3158 8176/4226/3159 8170/4225/3157
f 8050/4189/3158 8053/4190/3160 8176/4226/3159
f 8053/4190/3160 8182/4227/3161 8176/4226/3159
f 8053/4190/3160 8056/4191/3162 8182/4227/3161
f 8056/4191/3162 8188/4228/3162 8182/4227/3161
f 8056/4191/3162 8059/4192/3163 8188/4228/3162
f 8059/4192/3163 8194/4229/3163 8188/4228/3162
f 8059/4192/3163 8062/4193/3164 8194/4229/3163
f 8062/4193/3164 8200/4230/3164 8194/4229/3163
f 8062/4193/3164 8065/4194/3165 8200/4230/3164
f 8065/4194/3165 8206/4231/3166 8200/4230/3164
f 8065/4194/3165 8068/4195/3167 8206/4231/3166
f 8068/4195/3167 8212/4232/3168 8206/4231/3166
f 8068/4195/3167 8071/4196/3169 8212/4232/3168
f 8071/4196/3169 8217/4233/3170 8212/4232/3168
f 8071/4196/3169 8074/4197/3171 8217/4233/3170
f 8074/4197/3171 8216/4234/3171 8217/4233/3170
f 8074/4197/3171 8077/4198/3172 8216/4234/3171
f 8077/4198/3172 8215/4235/3173 8216/4234/3171
f 8077/4198/3172 8080/4199/3174 8215/4235/3173
f 8080/4199/3174 8214/4236/3175 8215/4235/3173
f 8080/4199/3174 8083/4200/3176 8214/4236/3175
f 8083/4200/3176 8213/4237/3176 8214/4236/3175
f 8083/4200/3176 8086/4201/3177 8213/4237/3176
f 8086/4201/3177 8211/4238/3177 8213/4237/3176
f 8086/4201/3177 8089/4202/3178 8211/4238/3177
f 8089/4202/3178 8210/4239/3178 8211/4238/3177
f 8089/4202/3178 8092/4203/3179 8210/4239/3178
f 8092/4203/3179 8209/4240/3179 8210/4239/3178
f 8092/4203/3179 8095/4204/3180 8209/4240/3179
f 8095/4204/3180 8208/4241/3181 8209/4240/3179
f 8095/4204/3180 8098/4205/3182 8208/4241/3181
f 8098/4205/3182 8207/4242/3182 8208/4241/3181
f 8098/4205/3182 8101/4206/3183 8207/4242/3182
f 8101/4206/3183 8205/4243/3183 8207/4242/3182
f 8101/4206/3183 8104/4207/3184 8205/4243/3183
f 8104/4207/3184 8204/4244/3185 8205/4243/3183
f 8104/4207/3184 8107/4208/3186 8204/4244/3185
f 8107/4208/3186 8203/4245/3187 8204/4244/3185
f 8107/4208/3186 8110/4209/3188 8203/4245/3187
f 8110/4209/3188 8202/4246/3188 8203/4245/3187
f 8110/4209/3188 8113/4210/3189 8202/4246/3188
f 8113/4210/3189 8201/4247/3189 8202/4246/3188
f 8113/4210/3189 8116/4211/3190 8201/4247/3189
f 8116/4211/3190 8199/4248/3190 8201/4247/3189
f 8116/4211/3190 8119/4212/3191 8199/4248/3190
f 8119/4212/3191 8198/4249/3191 8199/4248/3190
f 8119/4212/3191 8122/4213/3192 8198/4249/3191
f 8122/4213/3192 8197/4250/3193 8198/4249/3191
f 8122/4213/3192 8125/4214/3194 8197/4250/3193
f 8125/4214/3194 8196/4251/3195 8197/4250/3193
f 8125/4214/3194 8128/4215/3196 8196/4251/3195
f 8128/4215/3196 8195/4252/3196 8196/4251/3195
f 8128/4215/3196 8131/4216/3197 8195/4252/3196
f 8131/4216/3197 8193/4253/3198 8195/4252/3196
f 8131/4216/3197 8134/4217/3199 8193/4253/3198
f 8134/4217/3199 8192/4254/3200 8193/4253/3198
f 8134/4217/3199 8137/4218/3201 8192/4254/3200
f 8137/4218/3201 8191/4255/3201 8192/4254/3200
f 8137/4218/3201 8140/4219/3151 8191/4255/3201
f 8140/4219/3151 8147/4221/3151 8191/4255/3201
f 8140/4219/3151 8039/4185/3150 8147/4221/3151
f 8147/4221/3202 8190/4256/3203 8189/4257/3204
f 8147/4221/3202 8146/4220/3205 8190/4256/3203
f 8146/4220/3205 8187/4258/3205 8190/4256/3203
f 8146/4220/3205 8152/4222/3206 8187/4258/3205
f 8152/4222/3206 8186/4259/3207 8187/4258/3205
f 8152/4222/3206 8158/4223/3208 8186/4259/3207
f 8158/4223/3208 8185/4260/3208 8186/4259/3207
f 8158/4223/3208 8164/4224/3209 8185/4260/3208
f 8164/4224/3209 8184/4261/3209 8185/4260/3208
f 8164/4224/3209 8170/4225/3210 8184/4261/3209
f 8170/4225/3210 8183/4262/3211 8184/4261/3209
f 8170/4225/3210 8176/4226/3212 8183/4262/3211
f 8176/4226/3212 8181/4263/3212 8183/4262/3211
f 8176/4226/3212 8182/4227/3213 8181/4263/3212
f 8182/4227/3213 8180/4264/3213 8181/4263/3212
f 8182/4227/3213 8188/4228/3214 8180/4264/3213
f 8188/4228/3214 8179/4265/3215 8180/4264/3213
f 8188/4228/3214 8194/4229/3216 8179/4265/3215
f 8194/4229/3216 8178/4266/3217 8179/4265/3215
f 8194/4229/3216 8200/4230/3218 8178/4266/3217
f 8200/4230/3218 8177/4267/3218 8178/4266/3217
f 8200/4230/3218 8206/4231/3219 8177/4267/3218
f 8206/4231/3219 8175/4268/3220 8177/4267/3218
f 8206/4231/3219 8212/4232/3221 8175/4268/3220
f 8212/4232/3221 8174/4269/3221 8175/4268/3220
f 8212/4232/3221 8217/4233/3222 8174/4269/3221
f 8217/4233/3222 8173/4270/3222 8174/4269/3221
f 8217/4233/3222 8216/4234/3223 8173/4270/3222
f 8216/4234/3223 8172/4271/3224 8173/4270/3222
f 8216/4234/3223 8215/4235/3225 8172/4271/3224
f 8215/4235/3225 8171/4272/3226 8172/4271/3224
f 8215/4235/3225 8214/4236/3227 8171/4272/3226
f 8214/4236/3227 8169/4273/3228 8171/4272/3226
f 8214/4236/3227 8213/4237/3229 8169/4273/3228
f 8213/4237/3229 8168/4274/3230 8169/4273/3228
f 8213/4237/3229 8211/4238/3231 8168/4274/3230
f 8211/4238/3231 8167/4275/3232 8168/4274/3230
f 8211/4238/3231 8210/4239/3233 8167/4275/3232
f 8210/4239/3233 8166/4276/3233 8167/4275/3232
f 8210/4239/3233 8209/4240/3234 8166/4276/3233
f 8209/4240/3234 8165/4277/3235 8166/4276/3233
f 8209/4240/3234 8208/4241/3236 8165/4277/3235
f 8208/4241/3236 8163/4278/3236 8165/4277/3235
f 8208/4241/3236 8207/4242/3237 8163/4278/3236
f 8207/4242/3237 8162/4279/3237 8163/4278/3236
f 8207/4242/3237 8205/4243/3238 8162/4279/3237
f 8205/4243/3238 8161/4280/3239 8162/4279/3237
f 8205/4243/3238 8204/4244/3240 8161/4280/3239
f 8204/4244/3240 8160/4281/3241 8161/4280/3239
f 8204/4244/3240 8203/4245/3242 8160/4281/3241
f 8203/4245/3242 8159/4282/3242 8160/4281/3241
f 8203/4245/3242 8202/4246/3243 8159/4282/3242
f 8202/4246/3243 8157/4283/3244 8159/4282/3242
f 8202/4246/3243 8201/4247/3245 8157/4283/3244
f 8201/4247/3245 8156/4284/3246 8157/4283/3244
f 8201/4247/3245 8199/4248/3247 8156/4284/3246
f 8199/4248/3247 8155/4285/3248 8156/4284/3246
f 8199/4248/3247 8198/4249/3249 8155/4285/3248
f 8198/4249/3249 8154/4286/3250 8155/4285/3248
f 8198/4249/3249 8197/4250/3251 8154/4286/3250
f 8197/4250/3251 8153/4287/3251 8154/4286/3250
f 8197/4250/3251 8196/4251/3252 8153/4287/3251
f 8196/4251/3252 8151/4288/3252 8153/4287/3251
f 8196/4251/3252 8195/4252/3253 8151/4288/3252
f 8195/4252/3253 8150/4289/3254 8151/4288/3252
f 8195/4252/3253 8193/4253/3255 8150/4289/3254
f 8193/4253/3255 8149/4290/3256 8150/4289/3254
f 8193/4253/3255 8192/4254/3257 8149/4290/3256
f 8192/4254/3257 8148/4291/3258 8149/4290/3256
f 8192/4254/3257 8191/4255/3259 8148/4291/3258
f 8191/4255/3259 8189/4257/3204 8148/4291/3258
f 8191/4255/3259 8147/4221/3202 8189/4257/3204
f 8145/4257/3260 8144/4256/3260 8143/4257/3260
f 8145/4257/3260 8142/4256/3260 8144/4256/3260
f 8142/4256/3261 8141/4258/3261 8144/4256/3261
f 8142/4256/3261 8139/4258/3261 8141/4258/3261
f 8139/4258/3262 8138/4259/3262 8141/4258/3262
f 8139/4258/3262 8136/4259/3262 8138/4259/3262
f 8136/4259/3263 8135/4260/3263 8138/4259/3263
f 8136/4259/3263 8133/4260/3263 8135/4260/3263
f 8133/4260/3264 8132/4261/3264 8135/4260/3264
f 8133/4260/3264 8130/4261/3264 8132/4261/3264
f 8130/4261/3265 8129/4262/3265 8132/4261/3265
f 8130/4261/3265 8127/4262/3265 8129/4262/3265
f 8127/4262/3266 8126/4263/3266 8129/4262/3266
f 8127/4262/3266 8124/4263/3266 8126/4263/3266
f 8124/4263/3267 8123/4264/3267 8126/4263/3267
f 8124/4263/3267 8121/4264/3267 8123/4264/3267
f 8121/4264/3268 8120/4265/3268 8123/4264/3268
f 8121/4264/3268 8118/4265/3268 8120/4265/3268
f 8118/4265/3269 8117/4266/3269 8120/4265/3269
f 8118/4265/3269 8115/4266/3269 8117/4266/3269
f 8115/4266/3270 8114/4267/3270 8117/4266/3270
f 8115/4266/3270 8112/4267/3270 8114/4267/3270
f 8112/4267/3271 8111/4268/3271 8114/4267/3271
f 8112/4267/3271 8109/4268/3271 8111/4268/3271
f 8109/4268/3272 8108/4269/3272 8111/4268/3272
f 8109/4268/3272 8106/4269/3272 8108/4269/3272
f 8106/4269/3273 8105/4270/3273 8108/4269/3273
f 8106/4269/3273 8103/4270/3273 8105/4270/3273
f 8103/4270/3274 8102/4271/3274 8105/4270/3274
f 8103/4270/3274 8100/4271/3274 8102/4271/3274
f 8100/4271/3275 8099/4272/3275 8102/4271/3275
f 8100/4271/3275 8097/4272/3275 8099/4272/3275
f 8097/4272/3276 8096/4273/3276 8099/4272/3276
f 8097/4272/3276 8094/4273/3276 8096/4273/3276
f 8094/4273/3277 8093/4274/3277 8096/4273/3277
f 8094/4273/3277 8091/4274/3277 8093/4274/3277
f 8091/4274/3278 8090/4275/3278 8093/4274/3278
f 8091/4274/3278 8088/4275/3278 8090/4275/3278
f 8088/4275/3279 8087/4276/3279 8090/4275/3279
f 8088/4275/3279 8085/4276/3279 8087/4276/3279
f 8085/4276/3280 8084/4277/3280 8087/4276/3280
f 8085/4276/3280 8082/4277/3280 8084/4277/3280
f 8082/4277/3281 8081/4278/3281 8084/4277/3281
f 8082/4277/3281 8079/4278/3281 8081/4278/3281
f 8079/4278/3282 8078/4279/3282 8081/4278/3282
f 8079/4278/3282 8076/4279/3282 8078/4279/3282
f 8076/4279/3283 8075/4280/3283 8078/4279/3283
f 8076/4279/3283 8073/4280/3283 8075/4280/3283
f 8073/4280/3284 8072/4281/3284 8075/4280/3284
f 8073/4280/3284 8070/4281/3284 8072/4281/3284
f 8070/4281/3285 8069/4282/3285 8072/4281/3285
f 8070/4281/3285 8067/4282/3285 8069/4282/3285
f 8067/4282/3286 8066/4283/3286 8069/4282/3286
f 8067/4282/3286 8064/4283/3286 8066/4283/3286
f 8064/4283/3287 8063/4284/3287 8066/4283/3287
f 8064/4283/3287 8061/4284/3287 8063/4284/3287
f 8061/4284/3288 8060/4285/3288 8063/4284/3288
f 8061/4284/3288 8058/4285/3288 8060/4285/3288
f 8058/4285/3289 8057/4286/3289 8060/4285/3289
f 8058/4285/3289 8055/4286/3289 8057/4286/3289
f 8055/4286/3290 8054/4287/3290 8057/4286/3290
f 8055/4286/3290 8052/4287/3290 8054/4287/3290
f 8052/4287/3291 8051/4288/3291 8054/4287/3291
f 8052/4287/3291 8049/4288/3291 8051/4288/3291
f 8049/4288/3292 8048/4289/3292 8051/4288/3292
f 8049/4288/3292 8046/4289/3292 8048/4289/3292
f 8046/4289/3293 8045/4290/3293 8048/4289/3293
f 8046/4289/3293 8043/4290/3293 8045/4290/3293
f 8043/4290/3294 8042/4291/3294 8045/4290/3294
f 8043/4290/3294 8040/4291/3294 8042/4291/3294
f 8040/4291/3295 8143/4257/3295 8042/4291/3295
f 8040/4291/3295 8145/4257/3295 8143/4257/3295
o svetlo_korona_50
v -0.000012 1.270151 0.371944
v 0.020841 1.266475 0.371460
v 0.021163 1.270151 0.371460
v 0.062548 1.281182 0.368919
v 0.019886 1.262909 0.371460
v 0.062548 1.281182 0.367709
v 0.059682 1.291878 0.368919
v 0.018326 1.259564 0.371460
v 0.059682 1.291878 0.367709
v 0.055003 1.301914 0.368919
v 0.016210 1.256541 0.371460
v 0.055003 1.301914 0.367709
v 0.048651 1.310985 0.368919
v 0.013600 1.253931 0.371460
v 0.048651 1.310985 0.367709
v 0.040822 1.318815 0.368919
v 0.010576 1.251813 0.371460
v 0.040822 1.318815 0.367709
v 0.031751 1.325166 0.368919
v 0.007231 1.250254 0.371460
v 0.031751 1.325166 0.367709
v 0.021715 1.329846 0.368919
v 0.003665 1.249298 0.371460
v 0.021715 1.329846 0.367709
v 0.011019 1.332711 0.368919
v -0.000012 1.248976 0.371460
v 0.011019 1.332711 0.367709
v -0.000012 1.333676 0.368919
v -0.003689 1.249298 0.371460
v -0.000012 1.333676 0.367709
v -0.011043 1.332711 0.368919
v -0.007254 1.250254 0.371460
v -0.011043 1.332711 0.367709
v -0.021739 1.329846 0.368919
v -0.010599 1.251813 0.371460
v -0.021739 1.329846 0.367709
v -0.031774 1.325166 0.368919
v -0.013623 1.253931 0.371460
v -0.031774 1.325166 0.367709
v -0.040845 1.318815 0.368919
v -0.016233 1.256541 0.371460
v -0.040845 1.318815 0.367709
v -0.048675 1.310985 0.368919
v -0.018350 1.259564 0.371460
v -0.048675 1.310985 0.367709
v -0.055026 1.301914 0.368919
v -0.019910 1.262910 0.371460
v -0.055026 1.301914 0.367709
v -0.059706 1.291878 0.368919
v -0.020865 1.266475 0.371460
v -0.059706 1.291878 0.367709
v -0.062572 1.281182 0.368919
v -0.021187 1.270151 0.371460
v -0.062572 1.281182 0.367709
v -0.063537 1.270151 0.368919
v -0.020865 1.273829 0.371460
v -0.063537 1.270151 0.367709
v -0.062572 1.259120 0.368919
v -0.019910 1.277394 0.371460
v -0.062572 1.259120 0.367709
v -0.059706 1.248425 0.368919
v -0.018350 1.280739 0.371460
v -0.059706 1.248425 0.367709
v -0.055026 1.238389 0.368919
v -0.016233 1.283763 0.371460
v -0.055026 1.238389 0.367709
v -0.048675 1.229318 0.368919
v -0.013623 1.286373 0.371460
v -0.048675 1.229318 0.367709
v -0.040845 1.221488 0.368919
v -0.010599 1.288490 0.371460
v -0.040845 1.221488 0.367709
v -0.031774 1.215137 0.368919
v -0.007254 1.290049 0.371460
v -0.031774 1.215137 0.367709
v -0.021739 1.210457 0.368919
v -0.003689 1.291005 0.371460
v -0.021739 1.210457 0.367709
v -0.011043 1.207591 0.368919
v -0.000012 1.291326 0.371460
v -0.011043 1.207591 0.367709
v -0.000012 1.206626 0.368919
v 0.003665 1.291005 0.371460
v -0.000012 1.206626 0.367709
v 0.011019 1.207591 0.368919
v 0.007231 1.290049 0.371460
v 0.011019 1.207591 0.367709
v 0.021715 1.210457 0.368919
v 0.010576 1.288490 0.371460
v 0.021715 1.210457 0.367709
v 0.031751 1.215137 0.368919
v 0.013600 1.286373 0.371460
v 0.031751 1.215137 0.367709
v 0.040822 1.221488 0.368919
v 0.016210 1.283763 0.371460
v 0.040822 1.221488 0.367709
v 0.048651 1.229318 0.368919
v 0.018326 1.280739 0.371460
v 0.048651 1.229318 0.367709
v 0.055003 1.238389 0.368919
v 0.019886 1.277394 0.371460
v 0.055003 1.238389 0.367709
v 0.059682 1.248425 0.368919
v 0.020841 1.273829 0.371460
v 0.059682 1.248425 0.367709
v 0.062548 1.259120 0.368919
v 0.063513 1.270151 0.367709
v 0.062548 1.259120 0.367709
v 0.063513 1.270151 0.368919
v 0.041695 1.262798 0.370417
v 0.042338 1.270151 0.370417
v 0.062548 1.281182 0.368919
v 0.059682 1.291878 0.368919
v 0.055003 1.301914 0.368919
v 0.048651 1.310985 0.368919
v 0.039784 1.255667 0.370417
v 0.040822 1.318815 0.368919
v 0.031751 1.325166 0.368919
v 0.021715 1.329846 0.368919
v 0.011019 1.332711 0.368919
v -0.000012 1.333676 0.368919
v 0.036665 1.248976 0.370417
v -0.011043 1.332711 0.368919
v -0.021739 1.329846 0.368919
v -0.031774 1.325166 0.368919
v -0.040845 1.318815 0.368919
v -0.048675 1.310985 0.368919
v 0.032430 1.242929 0.370417
v -0.055026 1.301914 0.368919
v -0.059706 1.291878 0.368919
v -0.062572 1.281182 0.368919
v -0.063537 1.270151 0.368919
v -0.062572 1.259120 0.368919
v 0.027210 1.237710 0.370417
v -0.059706 1.248425 0.368919
v -0.055026 1.238389 0.368919
v -0.048675 1.229318 0.368919
v -0.040845 1.221488 0.368919
v -0.031774 1.215137 0.368919
v 0.021163 1.233475 0.370417
v -0.021739 1.210457 0.368919
v -0.011043 1.207591 0.368919
v -0.000012 1.206626 0.368919
v 0.011019 1.207591 0.368919
v 0.021715 1.210457 0.368919
v 0.014473 1.230356 0.370417
v 0.031751 1.215137 0.368919
v 0.040822 1.221488 0.368919
v 0.048651 1.229318 0.368919
v 0.055003 1.238389 0.368919
v 0.059682 1.248425 0.368919
v 0.007342 1.228445 0.370417
v 0.063513 1.270151 0.368919
v 0.062548 1.259120 0.368919
v 0.041695 1.277505 0.370417
v 0.039784 1.284636 0.370417
v 0.036665 1.291326 0.370417
v -0.000012 1.227801 0.370417
v 0.032430 1.297373 0.370417
v 0.027210 1.302593 0.370417
v 0.021163 1.306828 0.370417
v 0.014473 1.309948 0.370417
v 0.007342 1.311858 0.370417
v -0.007366 1.228445 0.370417
v -0.000012 1.312501 0.370417
v -0.007366 1.311858 0.370417
v -0.014496 1.309948 0.370417
v -0.021187 1.306828 0.370417
v -0.027234 1.302593 0.370417
v -0.014496 1.230356 0.370417
v -0.032454 1.297373 0.370417
v -0.036688 1.291326 0.370417
v -0.039808 1.284636 0.370417
v -0.041719 1.277506 0.370417
v -0.042362 1.270151 0.370417
v -0.021187 1.233475 0.370417
v -0.041719 1.262798 0.370417
v -0.039808 1.255667 0.370417
v -0.036688 1.248976 0.370417
v -0.032454 1.242929 0.370417
v -0.027234 1.237710 0.370417
vn 0.0222 0.0039 0.9997
vn 0.0229 -0.0020 0.9997
vn 0.0229 -0.0000 0.9997
vn 0.0195 -0.0113 0.9997
vn 0.0215 -0.0078 0.9997
vn 0.0222 -0.0059 0.9997
vn 0.0198 -0.0114 0.9997
vn 0.0175 -0.0147 0.9997
vn 0.0162 -0.0162 0.9997
vn 0.0077 -0.0211 0.9997
vn 0.0114 -0.0198 0.9997
vn 0.0132 -0.0188 0.9997
vn 0.0078 -0.0215 0.9997
vn 0.0040 -0.0225 0.9997
vn 0.0020 -0.0229 0.9997
vn -0.0077 -0.0211 0.9997
vn -0.0040 -0.0225 0.9997
vn -0.0020 -0.0229 0.9997
vn -0.0078 -0.0215 0.9997
vn -0.0114 -0.0198 0.9997
vn -0.0132 -0.0188 0.9997
vn -0.0195 -0.0113 0.9997
vn -0.0175 -0.0147 0.9997
vn -0.0162 -0.0162 0.9997
vn -0.0198 -0.0114 0.9997
vn -0.0215 -0.0078 0.9997
vn -0.0222 -0.0059 0.9997
vn -0.0222 0.0039 0.9997
vn -0.0229 -0.0000 0.9997
vn -0.0229 -0.0020 0.9997
vn -0.0225 0.0040 0.9997
vn -0.0215 0.0078 0.9997
vn -0.0208 0.0097 0.9997
vn -0.0145 0.0172 0.9997
vn -0.0175 0.0147 0.9997
vn -0.0188 0.0132 0.9997
vn -0.0147 0.0175 0.9997
vn -0.0114 0.0198 0.9997
vn -0.0097 0.0208 0.9997
vn -0.0000 0.0225 0.9997
vn -0.0040 0.0225 0.9997
vn -0.0059 0.0222 0.9997
vn -0.0000 0.0229 0.9997
vn 0.0040 0.0225 0.9997
vn 0.0059 0.0222 0.9997
vn 0.0145 0.0172 0.9997
vn 0.0114 0.0198 0.9997
vn 0.0097 0.0208 0.9997
vn 0.0147 0.0175 0.9997
vn 0.0175 0.0147 0.9997
vn 0.0188 0.0132 0.9997
vn 0.0215 0.0078 0.9997
vn 0.0208 0.0097 0.9997
vn 0.0225 0.0040 0.9997
vn 0.0492 -0.0043 0.9988
vn 0.0492 0.0043 0.9988
vn 0.0477 -0.0128 0.9988
vn 0.0449 -0.0209 0.9988
vn 0.0449 -0.0210 0.9988
vn 0.0406 -0.0283 0.9988
vn 0.0405 -0.0283 0.9988
vn 0.0349 -0.0349 0.9988
vn 0.0283 -0.0405 0.9988
vn 0.0283 -0.0406 0.9988
vn 0.0210 -0.0448 0.9988
vn 0.0209 -0.0449 0.9988
vn 0.0128 -0.0477 0.9988
vn 0.0043 -0.0492 0.9988
vn -0.0043 -0.0492 0.9988
vn -0.0128 -0.0477 0.9988
vn -0.0128 -0.0478 0.9988
vn -0.0209 -0.0449 0.9988
vn -0.0210 -0.0448 0.9988
vn -0.0283 -0.0406 0.9988
vn -0.0283 -0.0405 0.9988
vn -0.0349 -0.0349 0.9988
vn -0.0405 -0.0283 0.9988
vn -0.0406 -0.0283 0.9988
vn -0.0448 -0.0210 0.9988
vn -0.0449 -0.0209 0.9988
vn -0.0477 -0.0128 0.9988
vn -0.0492 -0.0043 0.9988
vn -0.0492 0.0043 0.9988
vn -0.0477 0.0128 0.9988
vn -0.0448 0.0209 0.9988
vn -0.0449 0.0210 0.9988
vn -0.0405 0.0283 0.9988
vn -0.0349 0.0349 0.9988
vn -0.0283 0.0405 0.9988
vn -0.0283 0.0406 0.9988
vn -0.0210 0.0449 0.9988
vn -0.0209 0.0449 0.9988
vn -0.0128 0.0477 0.9988
vn -0.0043 0.0492 0.9988
vn 0.0043 0.0492 0.9988
vn 0.0128 0.0477 0.9988
vn 0.0209 0.0448 0.9988
vn 0.0210 0.0449 0.9988
vn 0.0283 0.0406 0.9988
vn 0.0283 0.0405 0.9988
vn 0.0349 0.0349 0.9988
vn 0.0405 0.0283 0.9988
vn 0.0406 0.0283 0.9988
vn 0.0449 0.0210 0.9988
vn 0.0449 0.0209 0.9988
vn 0.0477 0.0128 0.9988
vn 0.0707 -0.0062 0.9975
vn 0.0706 -0.0062 0.9975
vn 0.0707 0.0062 0.9975
vn 0.0684 -0.0183 0.9975
vn 0.0641 -0.0299 0.9975
vn 0.0642 -0.0299 0.9975
vn 0.0580 -0.0406 0.9975
vn 0.0501 -0.0501 0.9975
vn 0.0406 -0.0580 0.9975
vn 0.0406 -0.0579 0.9975
vn 0.0299 -0.0642 0.9975
vn 0.0183 -0.0684 0.9975
vn 0.0062 -0.0706 0.9975
vn 0.0062 -0.0707 0.9975
vn -0.0062 -0.0707 0.9975
vn -0.0062 -0.0706 0.9975
vn -0.0183 -0.0684 0.9975
vn -0.0299 -0.0642 0.9975
vn -0.0299 -0.0641 0.9975
vn -0.0406 -0.0580 0.9975
vn -0.0501 -0.0501 0.9975
vn -0.0580 -0.0406 0.9975
vn -0.0579 -0.0406 0.9975
vn -0.0641 -0.0299 0.9975
vn -0.0642 -0.0299 0.9975
vn -0.0683 -0.0183 0.9975
vn -0.0684 -0.0183 0.9975
vn -0.0706 -0.0062 0.9975
vn -0.0707 -0.0062 0.9975
vn -0.0707 0.0062 0.9975
vn -0.0706 0.0062 0.9975
vn -0.0684 0.0183 0.9975
vn -0.0641 0.0299 0.9975
vn -0.0642 0.0299 0.9975
vn -0.0580 0.0406 0.9975
vn -0.0501 0.0501 0.9975
vn -0.0406 0.0580 0.9975
vn -0.0406 0.0579 0.9975
vn -0.0299 0.0641 0.9975
vn -0.0299 0.0642 0.9975
vn -0.0183 0.0684 0.9975
vn -0.0062 0.0706 0.9975
vn -0.0062 0.0707 0.9975
vn 0.0062 0.0707 0.9975
vn 0.0062 0.0706 0.9975
vn 0.0183 0.0684 0.9975
vn 0.0183 0.0683 0.9975
vn 0.0299 0.0642 0.9975
vn 0.0299 0.0641 0.9975
vn 0.0406 0.0580 0.9975
vn 0.0501 0.0501 0.9975
vn 0.0580 0.0406 0.9975
vn 0.0579 0.0406 0.9975
vn 0.0641 0.0299 0.9975
vn 0.0642 0.0299 0.9975
vn 0.0683 0.0183 0.9975
vn 0.0684 0.0183 0.9975
vn 0.0706 0.0062 0.9975
vn 0.9962 -0.0871 -0.0000
vn 0.9659 -0.2588 -0.0000
vn 0.9063 -0.4226 -0.0000
vn 0.8191 -0.5736 -0.0000
vn 0.7072 -0.7071 -0.0000
vn 0.5735 -0.8192 -0.0000
vn 0.4226 -0.9063 -0.0000
vn 0.2588 -0.9659 -0.0000
vn 0.0871 -0.9962 -0.0000
vn -0.0871 -0.9962 -0.0000
vn -0.2588 -0.9659 -0.0000
vn -0.4227 -0.9063 -0.0000
vn -0.5735 -0.8192 -0.0000
vn -0.7071 -0.7071 -0.0000
vn -0.8192 -0.5735 -0.0000
vn -0.9063 -0.4226 -0.0000
vn -0.9659 -0.2588 -0.0000
vn -0.9962 -0.0871 -0.0000
vn -0.9962 0.0871 -0.0000
vn -0.9659 0.2588 -0.0000
vn -0.9063 0.4226 -0.0000
vn -0.8192 0.5735 -0.0000
vn -0.7071 0.7071 -0.0000
vn -0.5735 0.8192 -0.0000
vn -0.4227 0.9063 -0.0000
vn -0.2587 0.9659 -0.0000
vn -0.0871 0.9962 -0.0000
vn 0.0871 0.9962 -0.0000
vn 0.2587 0.9659 -0.0000
vn 0.4226 0.9063 -0.0000
vn 0.5735 0.8192 -0.0000
vn 0.7071 0.7071 -0.0000
vn 0.8191 0.5736 -0.0000
vn 0.9063 0.4226 -0.0000
vn 0.9659 0.2588 -0.0000
vn 0.9962 0.0871 -0.0000
vt 0.479094 0.546167
vt 0.643065 0.517255
vt 0.645594 0.546167
vt 0.635553 0.489221
vt 0.623287 0.462917
vt 0.606640 0.439143
vt 0.586118 0.418620
vt 0.562344 0.401974
vt 0.536040 0.389708
vt 0.508006 0.382196
vt 0.479094 0.379667
vt 0.450181 0.382196
vt 0.422148 0.389708
vt 0.395844 0.401974
vt 0.372070 0.418621
vt 0.351547 0.439143
vt 0.334901 0.462917
vt 0.322635 0.489221
vt 0.315123 0.517255
vt 0.312594 0.546167
vt 0.315123 0.575080
vt 0.322635 0.603113
vt 0.334901 0.629417
vt 0.351548 0.653191
vt 0.372070 0.673714
vt 0.395844 0.690360
vt 0.422148 0.702626
vt 0.450182 0.710138
vt 0.479094 0.712667
vt 0.508007 0.710138
vt 0.536041 0.702626
vt 0.562344 0.690360
vt 0.586118 0.673713
vt 0.606641 0.653191
vt 0.623287 0.629417
vt 0.635553 0.603113
vt 0.643065 0.575079
vt 0.782395 0.490465
vt 0.786905 0.540607
vt 0.770665 0.443725
vt 0.746134 0.394411
vt 0.717229 0.355093
vt 0.684964 0.325024
vt 0.642355 0.291181
vt 0.594687 0.262260
vt 0.536973 0.245042
vt 0.498354 0.238337
vt 0.462580 0.236703
vt 0.424824 0.239627
vt 0.366686 0.253787
vt 0.313606 0.277056
vt 0.275673 0.302545
vt 0.237194 0.338685
vt 0.203675 0.386453
vt 0.182775 0.442521
vt 0.167000 0.500000
vt 0.172059 0.557825
vt 0.187082 0.613893
vt 0.211613 0.666500
vt 0.244907 0.714049
vt 0.285952 0.755093
vt 0.333500 0.788387
vt 0.386107 0.812918
vt 0.442175 0.827941
vt 0.500000 0.833000
vt 0.557825 0.827941
vt 0.613893 0.812918
vt 0.666500 0.788387
vt 0.705407 0.753365
vt 0.736771 0.713011
vt 0.758658 0.676179
vt 0.782007 0.621169
vt 0.785830 0.581685
vt 0.991912 0.413263
vt 0.999500 0.500000
vt 0.969377 0.329161
vt 0.932580 0.250250
vt 0.882639 0.178927
vt 0.821073 0.117360
vt 0.749750 0.067420
vt 0.670839 0.030623
vt 0.586737 0.008088
vt 0.500000 0.000500
vt 0.413262 0.008088
vt 0.329161 0.030623
vt 0.250250 0.067420
vt 0.178927 0.117361
vt 0.117360 0.178927
vt 0.067420 0.250250
vt 0.030623 0.329161
vt 0.008088 0.413263
vt 0.000500 0.500000
vt 0.008088 0.586738
vt 0.030623 0.670839
vt 0.067420 0.749750
vt 0.117361 0.821073
vt 0.178927 0.882640
vt 0.250250 0.932580
vt 0.329161 0.969377
vt 0.413263 0.991912
vt 0.500000 0.999500
vt 0.586738 0.991912
vt 0.670839 0.969377
vt 0.749750 0.932580
vt 0.821073 0.882639
vt 0.882640 0.821072
vt 0.932580 0.749750
vt 0.969377 0.670839
vt 0.991912 0.586737
s 1
usemtl 
f 8218/4292/3296 8219/4293/3297 8220/4294/3298
f 8218/4292/3299 8222/4295/3300 8219/4293/3301
f 8218/4292/3299 8225/4296/3302 8222/4295/3300
f 8218/4292/3299 8228/4297/3303 8225/4296/3302
f 8218/4292/3299 8231/4298/3304 8228/4297/3303
f 8218/4292/3305 8234/4299/3306 8231/4298/3307
f 8218/4292/3305 8237/4300/3308 8234/4299/3306
f 8218/4292/3305 8240/4301/3309 8237/4300/3308
f 8218/4292/3305 8243/4302/3310 8240/4301/3309
f 8218/4292/3311 8246/4303/3312 8243/4302/3313
f 8218/4292/3311 8249/4304/3314 8246/4303/3312
f 8218/4292/3311 8252/4305/3315 8249/4304/3314
f 8218/4292/3311 8255/4306/3316 8252/4305/3315
f 8218/4292/3317 8258/4307/3318 8255/4306/3319
f 8218/4292/3317 8261/4308/3320 8258/4307/3318
f 8218/4292/3317 8264/4309/3321 8261/4308/3320
f 8218/4292/3317 8267/4310/3322 8264/4309/3321
f 8218/4292/3323 8270/4311/3324 8267/4310/3325
f 8218/4292/3323 8273/4312/3326 8270/4311/3324
f 8218/4292/3323 8276/4313/3327 8273/4312/3326
f 8218/4292/3323 8279/4314/3328 8276/4313/3327
f 8218/4292/3329 8282/4315/3330 8279/4314/3331
f 8218/4292/3329 8285/4316/3332 8282/4315/3330
f 8218/4292/3329 8288/4317/3333 8285/4316/3332
f 8218/4292/3329 8291/4318/3334 8288/4317/3333
f 8218/4292/3335 8294/4319/3336 8291/4318/3337
f 8218/4292/3335 8297/4320/3338 8294/4319/3336
f 8218/4292/3335 8300/4321/3339 8297/4320/3338
f 8218/4292/3335 8303/4322/3340 8300/4321/3339
f 8218/4292/3341 8306/4323/3342 8303/4322/3343
f 8218/4292/3341 8309/4324/3344 8306/4323/3342
f 8218/4292/3341 8312/4325/3345 8309/4324/3344
f 8218/4292/3341 8315/4326/3346 8312/4325/3345
f 8218/4292/3296 8318/4327/3347 8315/4326/3348
f 8218/4292/3296 8321/4328/3349 8318/4327/3347
f 8218/4292/3296 8220/4294/3298 8321/4328/3349
f 8220/4294/3350 8327/4329/3350 8328/4330/3351
f 8220/4294/3350 8219/4293/3352 8327/4329/3350
f 8219/4293/3352 8333/4331/3352 8327/4329/3350
f 8219/4293/3352 8222/4295/3353 8333/4331/3352
f 8222/4295/3353 8339/4332/3354 8333/4331/3352
f 8222/4295/3353 8225/4296/3355 8339/4332/3354
f 8225/4296/3355 8345/4333/3356 8339/4332/3354
f 8225/4296/3355 8228/4297/3357 8345/4333/3356
f 8228/4297/3357 8351/4334/3357 8345/4333/3356
f 8228/4297/3357 8231/4298/3358 8351/4334/3357
f 8231/4298/3358 8357/4335/3359 8351/4334/3357
f 8231/4298/3358 8234/4299/3360 8357/4335/3359
f 8234/4299/3360 8363/4336/3361 8357/4335/3359
f 8234/4299/3360 8237/4300/3362 8363/4336/3361
f 8237/4300/3362 8369/4337/3362 8363/4336/3361
f 8237/4300/3362 8240/4301/3363 8369/4337/3362
f 8240/4301/3363 8375/4338/3363 8369/4337/3362
f 8240/4301/3363 8243/4302/3364 8375/4338/3363
f 8243/4302/3364 8381/4339/3364 8375/4338/3363
f 8243/4302/3364 8246/4303/3365 8381/4339/3364
f 8246/4303/3365 8387/4340/3366 8381/4339/3364
f 8246/4303/3365 8249/4304/3367 8387/4340/3366
f 8249/4304/3367 8393/4341/3368 8387/4340/3366
f 8249/4304/3367 8252/4305/3369 8393/4341/3368
f 8252/4305/3369 8398/4342/3370 8393/4341/3368
f 8252/4305/3369 8255/4306/3371 8398/4342/3370
f 8255/4306/3371 8397/4343/3371 8398/4342/3370
f 8255/4306/3371 8258/4307/3372 8397/4343/3371
f 8258/4307/3372 8396/4344/3373 8397/4343/3371
f 8258/4307/3372 8261/4308/3374 8396/4344/3373
f 8261/4308/3374 8395/4345/3375 8396/4344/3373
f 8261/4308/3374 8264/4309/3376 8395/4345/3375
f 8264/4309/3376 8394/4346/3376 8395/4345/3375
f 8264/4309/3376 8267/4310/3377 8394/4346/3376
f 8267/4310/3377 8392/4347/3377 8394/4346/3376
f 8267/4310/3377 8270/4311/3378 8392/4347/3377
f 8270/4311/3378 8391/4348/3378 8392/4347/3377
f 8270/4311/3378 8273/4312/3379 8391/4348/3378
f 8273/4312/3379 8390/4349/3379 8391/4348/3378
f 8273/4312/3379 8276/4313/3380 8390/4349/3379
f 8276/4313/3380 8389/4350/3381 8390/4349/3379
f 8276/4313/3380 8279/4314/3382 8389/4350/3381
f 8279/4314/3382 8388/4351/3382 8389/4350/3381
f 8279/4314/3382 8282/4315/3383 8388/4351/3382
f 8282/4315/3383 8386/4352/3383 8388/4351/3382
f 8282/4315/3383 8285/4316/3384 8386/4352/3383
f 8285/4316/3384 8385/4353/3385 8386/4352/3383
f 8285/4316/3384 8288/4317/3386 8385/4353/3385
f 8288/4317/3386 8384/4354/3387 8385/4353/3385
f 8288/4317/3386 8291/4318/3388 8384/4354/3387
f 8291/4318/3388 8383/4355/3388 8384/4354/3387
f 8291/4318/3388 8294/4319/3389 8383/4355/3388
f 8294/4319/3389 8382/4356/3389 8383/4355/3388
f 8294/4319/3389 8297/4320/3390 8382/4356/3389
f 8297/4320/3390 8380/4357/3390 8382/4356/3389
f 8297/4320/3390 8300/4321/3391 8380/4357/3390
f 8300/4321/3391 8379/4358/3391 8380/4357/3390
f 8300/4321/3391 8303/4322/3392 8379/4358/3391
f 8303/4322/3392 8378/4359/3393 8379/4358/3391
f 8303/4322/3392 8306/4323/3394 8378/4359/3393
f 8306/4323/3394 8377/4360/3395 8378/4359/3393
f 8306/4323/3394 8309/4324/3396 8377/4360/3395
f 8309/4324/3396 8376/4361/3396 8377/4360/3395
f 8309/4324/3396 8312/4325/3397 8376/4361/3396
f 8312/4325/3397 8374/4362/3398 8376/4361/3396
f 8312/4325/3397 8315/4326/3399 8374/4362/3398
f 8315/4326/3399 8373/4363/3400 8374/4362/3398
f 8315/4326/3399 8318/4327/3401 8373/4363/3400
f 8318/4327/3401 8372/4364/3401 8373/4363/3400
f 8318/4327/3401 8321/4328/3351 8372/4364/3401
f 8321/4328/3351 8328/4330/3351 8372/4364/3401
f 8321/4328/3351 8220/4294/3350 8328/4330/3351
f 8328/4330/3402 8371/4365/3403 8370/4366/3404
f 8328/4330/3402 8327/4329/3405 8371/4365/3403
f 8327/4329/3405 8368/4367/3405 8371/4365/3403
f 8327/4329/3405 8333/4331/3406 8368/4367/3405
f 8333/4331/3406 8367/4368/3407 8368/4367/3405
f 8333/4331/3406 8339/4332/3408 8367/4368/3407
f 8339/4332/3408 8366/4369/3408 8367/4368/3407
f 8339/4332/3408 8345/4333/3409 8366/4369/3408
f 8345/4333/3409 8365/4370/3409 8366/4369/3408
f 8345/4333/3409 8351/4334/3410 8365/4370/3409
f 8351/4334/3410 8364/4371/3411 8365/4370/3409
f 8351/4334/3410 8357/4335/3412 8364/4371/3411
f 8357/4335/3412 8362/4372/3412 8364/4371/3411
f 8357/4335/3412 8363/4336/3413 8362/4372/3412
f 8363/4336/3413 8361/4373/3413 8362/4372/3412
f 8363/4336/3413 8369/4337/3414 8361/4373/3413
f 8369/4337/3414 8360/4374/3415 8361/4373/3413
f 8369/4337/3414 8375/4338/3416 8360/4374/3415
f 8375/4338/3416 8359/4375/3417 8360/4374/3415
f 8375/4338/3416 8381/4339/3418 8359/4375/3417
f 8381/4339/3418 8358/4376/3418 8359/4375/3417
f 8381/4339/3418 8387/4340/3419 8358/4376/3418
f 8387/4340/3419 8356/4377/3420 8358/4376/3418
f 8387/4340/3419 8393/4341/3421 8356/4377/3420
f 8393/4341/3421 8355/4378/3421 8356/4377/3420
f 8393/4341/3421 8398/4342/3422 8355/4378/3421
f 8398/4342/3422 8354/4379/3422 8355/4378/3421
f 8398/4342/3422 8397/4343/3423 8354/4379/3422
f 8397/4343/3423 8353/4380/3424 8354/4379/3422
f 8397/4343/3423 8396/4344/3425 8353/4380/3424
f 8396/4344/3425 8352/4381/3426 8353/4380/3424
f 8396/4344/3425 8395/4345/3427 8352/4381/3426
f 8395/4345/3427 8350/4382/3428 8352/4381/3426
f 8395/4345/3427 8394/4346/3429 8350/4382/3428
f 8394/4346/3429 8349/4383/3430 8350/4382/3428
f 8394/4346/3429 8392/4347/3431 8349/4383/3430
f 8392/4347/3431 8348/4384/3432 8349/4383/3430
f 8392/4347/3431 8391/4348/3433 8348/4384/3432
f 8391/4348/3433 8347/4385/3433 8348/4384/3432
f 8391/4348/3433 8390/4349/3434 8347/4385/3433
f 8390/4349/3434 8346/4386/3435 8347/4385/3433
f 8390/4349/3434 8389/4350/3436 8346/4386/3435
f 8389/4350/3436 8344/4387/3436 8346/4386/3435
f 8389/4350/3436 8388/4351/3437 8344/4387/3436
f 8388/4351/3437 8343/4388/3437 8344/4387/3436
f 8388/4351/3437 8386/4352/3438 8343/4388/3437
f 8386/4352/3438 8342/4389/3439 8343/4388/3437
f 8386/4352/3438 8385/4353/3440 8342/4389/3439
f 8385/4353/3440 8341/4390/3441 8342/4389/3439
f 8385/4353/3440 8384/4354/3442 8341/4390/3441
f 8384/4354/3442 8340/4391/3442 8341/4390/3441
f 8384/4354/3442 8383/4355/3443 8340/4391/3442
f 8383/4355/3443 8338/4392/3444 8340/4391/3442
f 8383/4355/3443 8382/4356/3445 8338/4392/3444
f 8382/4356/3445 8337/4393/3446 8338/4392/3444
f 8382/4356/3445 8380/4357/3447 8337/4393/3446
f 8380/4357/3447 8336/4394/3448 8337/4393/3446
f 8380/4357/3447 8379/4358/3449 8336/4394/3448
f 8379/4358/3449 8335/4395/3450 8336/4394/3448
f 8379/4358/3449 8378/4359/3451 8335/4395/3450
f 8378/4359/3451 8334/4396/3451 8335/4395/3450
f 8378/4359/3451 8377/4360/3452 8334/4396/3451
f 8377/4360/3452 8332/4397/3452 8334/4396/3451
f 8377/4360/3452 8376/4361/3453 8332/4397/3452
f 8376/4361/3453 8331/4398/3454 8332/4397/3452
f 8376/4361/3453 8374/4362/3455 8331/4398/3454
f 8374/4362/3455 8330/4399/3456 8331/4398/3454
f 8374/4362/3455 8373/4363/3457 8330/4399/3456
f 8373/4363/3457 8329/4400/3458 8330/4399/3456
f 8373/4363/3457 8372/4364/3459 8329/4400/3458
f 8372/4364/3459 8370/4366/3404 8329/4400/3458
f 8372/4364/3459 8328/4330/3402 8370/4366/3404
f 8326/4366/3460 8325/4365/3460 8324/4366/3460
f 8326/4366/3460 8323/4365/3460 8325/4365/3460
f 8323/4365/3461 8322/4367/3461 8325/4365/3461
f 8323/4365/3461 8320/4367/3461 8322/4367/3461
f 8320/4367/3462 8319/4368/3462 8322/4367/3462
f 8320/4367/3462 8317/4368/3462 8319/4368/3462
f 8317/4368/3463 8316/4369/3463 8319/4368/3463
f 8317/4368/3463 8314/4369/3463 8316/4369/3463
f 8314/4369/3464 8313/4370/3464 8316/4369/3464
f 8314/4369/3464 8311/4370/3464 8313/4370/3464
f 8311/4370/3465 8310/4371/3465 8313/4370/3465
f 8311/4370/3465 8308/4371/3465 8310/4371/3465
f 8308/4371/3466 8307/4372/3466 8310/4371/3466
f 8308/4371/3466 8305/4372/3466 8307/4372/3466
f 8305/4372/3467 8304/4373/3467 8307/4372/3467
f 8305/4372/3467 8302/4373/3467 8304/4373/3467
f 8302/4373/3468 8301/4374/3468 8304/4373/3468
f 8302/4373/3468 8299/4374/3468 8301/4374/3468
f 8299/4374/3469 8298/4375/3469 8301/4374/3469
f 8299/4374/3469 8296/4375/3469 8298/4375/3469
f 8296/4375/3470 8295/4376/3470 8298/4375/3470
f 8296/4375/3470 8293/4376/3470 8295/4376/3470
f 8293/4376/3471 8292/4377/3471 8295/4376/3471
f 8293/4376/3471 8290/4377/3471 8292/4377/3471
f 8290/4377/3472 8289/4378/3472 8292/4377/3472
f 8290/4377/3472 8287/4378/3472 8289/4378/3472
f 8287/4378/3473 8286/4379/3473 8289/4378/3473
f 8287/4378/3473 8284/4379/3473 8286/4379/3473
f 8284/4379/3474 8283/4380/3474 8286/4379/3474
f 8284/4379/3474 8281/4380/3474 8283/4380/3474
f 8281/4380/3475 8280/4381/3475 8283/4380/3475
f 8281/4380/3475 8278/4381/3475 8280/4381/3475
f 8278/4381/3476 8277/4382/3476 8280/4381/3476
f 8278/4381/3476 8275/4382/3476 8277/4382/3476
f 8275/4382/3477 8274/4383/3477 8277/4382/3477
f 8275/4382/3477 8272/4383/3477 8274/4383/3477
f 8272/4383/3478 8271/4384/3478 8274/4383/3478
f 8272/4383/3478 8269/4384/3478 8271/4384/3478
f 8269/4384/3479 8268/4385/3479 8271/4384/3479
f 8269/4384/3479 8266/4385/3479 8268/4385/3479
f 8266/4385/3480 8265/4386/3480 8268/4385/3480
f 8266/4385/3480 8263/4386/3480 8265/4386/3480
f 8263/4386/3481 8262/4387/3481 8265/4386/3481
f 8263/4386/3481 8260/4387/3481 8262/4387/3481
f 8260/4387/3482 8259/4388/3482 8262/4387/3482
f 8260/4387/3482 8257/4388/3482 8259/4388/3482
f 8257/4388/3483 8256/4389/3483 8259/4388/3483
f 8257/4388/3483 8254/4389/3483 8256/4389/3483
f 8254/4389/3484 8253/4390/3484 8256/4389/3484
f 8254/4389/3484 8251/4390/3484 8253/4390/3484
f 8251/4390/3485 8250/4391/3485 8253/4390/3485
f 8251/4390/3485 8248/4391/3485 8250/4391/3485
f 8248/4391/3486 8247/4392/3486 8250/4391/3486
f 8248/4391/3486 8245/4392/3486 8247/4392/3486
f 8245/4392/3487 8244/4393/3487 8247/4392/3487
f 8245/4392/3487 8242/4393/3487 8244/4393/3487
f 8242/4393/3488 8241/4394/3488 8244/4393/3488
f 8242/4393/3488 8239/4394/3488 8241/4394/3488
f 8239/4394/3489 8238/4395/3489 8241/4394/3489
f 8239/4394/3489 8236/4395/3489 8238/4395/3489
f 8236/4395/3490 8235/4396/3490 8238/4395/3490
f 8236/4395/3490 8233/4396/3490 8235/4396/3490
f 8233/4396/3491 8232/4397/3491 8235/4396/3491
f 8233/4396/3491 8230/4397/3491 8232/4397/3491
f 8230/4397/3492 8229/4398/3492 8232/4397/3492
f 8230/4397/3492 8227/4398/3492 8229/4398/3492
f 8227/4398/3493 8226/4399/3493 8229/4398/3493
f 8227/4398/3493 8224/4399/3493 8226/4399/3493
f 8224/4399/3494 8223/4400/3494 8226/4399/3494
f 8224/4399/3494 8221/4400/3494 8223/4400/3494
f 8221/4400/3495 8324/4366/3495 8223/4400/3495
f 8221/4400/3495 8326/4366/3495 8324/4366/3495
o stozar_delsi
v 0.012734 1.602706 0.030742
v 0.000000 1.602706 0.033275
v -0.012734 1.602706 0.030742
v -0.023529 1.602706 0.023529
v -0.030742 1.602706 0.012734
v -0.030742 1.602706 -0.012734
v -0.023529 1.602706 -0.023529
v -0.012734 1.602706 -0.030742
v 0.000000 1.602706 -0.033275
v 0.023529 1.602706 -0.023529
v 0.030742 1.602706 -0.012734
v 0.033275 1.602706 -0.000000
v 0.000000 1.602706 -0.000000
v 0.030742 1.602706 0.012734
v 0.023529 1.602706 0.023529
v -0.033275 1.602706 -0.000000
v 0.012734 1.602706 -0.030742
v 0.030742 1.088461 0.012734
v 0.030742 1.546991 0.012734
v 0.023529 1.088461 0.023529
v 0.023529 1.546991 0.023529
v 0.012734 1.088461 0.030742
v 0.012734 1.546991 0.030742
v 0.000000 1.088461 0.033275
v 0.000000 1.546991 0.033275
v -0.012734 1.088461 0.030742
v -0.012734 1.546991 0.030742
v -0.023529 1.088461 0.023529
v -0.023529 1.546991 0.023529
v -0.030742 1.088461 0.012734
v -0.030742 1.546991 0.012734
v -0.033275 1.088461 0.000000
v -0.033275 1.546991 -0.000000
v -0.030742 1.088461 -0.012734
v -0.030742 1.546991 -0.012734
v -0.023529 1.088461 -0.023529
v -0.023529 1.546991 -0.023529
v -0.012734 1.088461 -0.030742
v -0.012734 1.546991 -0.030742
v 0.000000 1.088461 -0.033275
v 0.012734 1.546991 -0.030742
v 0.000000 1.546991 -0.033275
v 0.012734 1.088461 -0.030742
v 0.023529 1.088461 -0.023529
v 0.023529 1.546991 -0.023529
v 0.030742 1.088461 -0.012734
v 0.033275 1.546991 -0.000000
v 0.030742 1.546991 -0.012734
v 0.033275 1.088461 0.000000
vn 1.0000 -0.0000 -0.0000
vn 0.9239 -0.0000 -0.3827
vn 0.7071 -0.0000 -0.7071
vn 0.3827 -0.0000 -0.9239
vn -0.0000 -0.0000 -1.0000
vn -0.3827 -0.0000 -0.9239
vn -0.7071 -0.0000 -0.7071
vn -0.9239 -0.0000 -0.3827
vn -1.0000 -0.0000 -0.0000
vn -0.9239 -0.0000 0.3827
vn -0.7071 -0.0000 0.7071
vn -0.3827 -0.0000 0.9239
vn -0.0000 -0.0000 1.0000
vn 0.3827 -0.0000 0.9239
vn 0.7071 -0.0000 0.7071
vn 0.9239 -0.0000 0.3827
vn 0.5237 0.8238 -0.2169
vn 0.5669 0.8238 -0.0000
vn 0.4009 0.8238 -0.4009
vn 0.2169 0.8238 -0.5237
vn -0.0000 0.8238 -0.5669
vn -0.2169 0.8238 -0.5237
vn -0.4009 0.8238 -0.4009
vn -0.5237 0.8238 -0.2169
vn -0.5669 0.8238 -0.0000
vn -0.5237 0.8238 0.2169
vn -0.4009 0.8238 0.4009
vn -0.2169 0.8238 0.5237
vn -0.0000 0.8238 0.5669
vn 0.2169 0.8238 0.5237
vn 0.4009 0.8238 0.4009
vn 0.5237 0.8238 0.2169
vn -0.0000 1.0000 -0.0000
vt 0.765154 0.000564
vt 0.824884 0.501243
vt 0.765154 0.501243
vt 0.824884 0.000564
vt 0.884339 0.501243
vt 0.884339 0.000564
vt 0.943368 0.501243
vt 0.943368 0.000564
vt 0.000652 0.000564
vt 0.061129 0.501243
vt 0.002500 0.501243
vt 0.061129 0.000564
vt 0.119516 0.501243
vt 0.119516 0.000564
vt 0.177848 0.501243
vt 0.177848 0.000564
vt 0.236247 0.501243
vt 0.236247 0.000564
vt 0.294720 0.501243
vt 0.294720 0.000564
vt 0.353193 0.501243
vt 0.353193 0.000564
vt 0.411592 0.501243
vt 0.411592 0.000564
vt 0.469923 0.501243
vt 0.469923 0.000564
vt 0.528310 0.501243
vt 0.528310 0.000564
vt 0.586939 0.501243
vt 0.586939 0.000564
vt 0.645968 0.501243
vt 0.645968 0.000564
vt 0.705423 0.501243
vt 0.705423 0.000564
vt 0.824884 1.000471
vt 0.765154 1.000471
vt 0.884339 1.000471
vt 0.943368 1.000471
vt 0.061129 1.000471
vt 0.002500 1.000471
vt 0.119516 1.000471
vt 0.177848 1.000471
vt 0.236247 1.000471
vt 0.294720 1.000471
vt 0.353193 1.000471
vt 0.411592 1.000471
vt 0.469923 1.000471
vt 0.528310 1.000471
vt 0.586939 1.000471
vt 0.645968 1.000471
vt 0.705423 1.000471
vt 0.529937 0.495758
vt 0.529937 0.997735
vt 0.348103 0.959525
vt 0.193951 0.850710
vt 0.090950 0.687857
vt 0.054781 0.495758
vt 0.090950 0.303660
vt 0.193951 0.140807
vt 0.348103 0.031992
vt 0.527175 0.001038
vt 0.711771 0.031992
vt 0.865923 0.140807
vt 0.968923 0.303660
vt 1.005092 0.495758
vt 0.968923 0.687857
vt 0.865923 0.850710
vt 0.711771 0.959524
s 1
usemtl stozar
f 8447/4401/3496 8446/4402/3497 8445/4403/3496
f 8447/4401/3496 8444/4404/3497 8446/4402/3497
f 8444/4404/3497 8443/4405/3498 8446/4402/3497
f 8444/4404/3497 8442/4406/3498 8443/4405/3498
f 8442/4406/3498 8439/4407/3499 8443/4405/3498
f 8442/4406/3498 8441/4408/3499 8439/4407/3499
f 8441/4409/3499 8440/4410/3500 8439/4411/3499
f 8441/4409/3499 8438/4412/3500 8440/4410/3500
f 8438/4412/3500 8437/4413/3501 8440/4410/3500
f 8438/4412/3500 8436/4414/3501 8437/4413/3501
f 8436/4414/3501 8435/4415/3502 8437/4413/3501
f 8436/4414/3501 8434/4416/3502 8435/4415/3502
f 8434/4416/3502 8433/4417/3503 8435/4415/3502
f 8434/4416/3502 8432/4418/3503 8433/4417/3503
f 8432/4418/3503 8431/4419/3504 8433/4417/3503
f 8432/4418/3503 8430/4420/3504 8431/4419/3504
f 8430/4420/3504 8429/4421/3505 8431/4419/3504
f 8430/4420/3504 8428/4422/3505 8429/4421/3505
f 8428/4422/3505 8427/4423/3506 8429/4421/3505
f 8428/4422/3505 8426/4424/3506 8427/4423/3506
f 8426/4424/3506 8425/4425/3507 8427/4423/3506
f 8426/4424/3506 8424/4426/3507 8425/4425/3507
f 8424/4426/3507 8423/4427/3508 8425/4425/3507
f 8424/4426/3507 8422/4428/3508 8423/4427/3508
f 8422/4428/3508 8421/4429/3509 8423/4427/3508
f 8422/4428/3508 8420/4430/3509 8421/4429/3509
f 8420/4430/3509 8419/4431/3510 8421/4429/3509
f 8420/4430/3509 8418/4432/3510 8419/4431/3510
f 8418/4432/3510 8417/4433/3511 8419/4431/3510
f 8418/4432/3510 8416/4434/3511 8417/4433/3511
f 8416/4434/3511 8445/4403/3496 8417/4433/3511
f 8416/4434/3511 8447/4401/3496 8445/4403/3496
f 8445/4403/3496 8409/4435/3512 8410/4436/3513
f 8445/4403/3496 8446/4402/3497 8409/4435/3512
f 8446/4402/3497 8408/4437/3514 8409/4435/3512
f 8446/4402/3497 8443/4405/3498 8408/4437/3514
f 8443/4405/3498 8415/4438/3515 8408/4437/3514
f 8443/4405/3498 8439/4407/3499 8415/4438/3515
f 8439/4411/3499 8407/4439/3516 8415/4440/3515
f 8439/4411/3499 8440/4410/3500 8407/4439/3516
f 8440/4410/3500 8406/4441/3517 8407/4439/3516
f 8440/4410/3500 8437/4413/3501 8406/4441/3517
f 8437/4413/3501 8405/4442/3518 8406/4441/3517
f 8437/4413/3501 8435/4415/3502 8405/4442/3518
f 8435/4415/3502 8404/4443/3519 8405/4442/3518
f 8435/4415/3502 8433/4417/3503 8404/4443/3519
f 8433/4417/3503 8414/4444/3520 8404/4443/3519
f 8433/4417/3503 8431/4419/3504 8414/4444/3520
f 8431/4419/3504 8403/4445/3521 8414/4444/3520
f 8431/4419/3504 8429/4421/3505 8403/4445/3521
f 8429/4421/3505 8402/4446/3522 8403/4445/3521
f 8429/4421/3505 8427/4423/3506 8402/4446/3522
f 8427/4423/3506 8401/4447/3523 8402/4446/3522
f 8427/4423/3506 8425/4425/3507 8401/4447/3523
f 8425/4425/3507 8400/4448/3524 8401/4447/3523
f 8425/4425/3507 8423/4427/3508 8400/4448/3524
f 8423/4427/3508 8399/4449/3525 8400/4448/3524
f 8423/4427/3508 8421/4429/3509 8399/4449/3525
f 8421/4429/3509 8413/4450/3526 8399/4449/3525
f 8421/4429/3509 8419/4431/3510 8413/4450/3526
f 8419/4431/3510 8412/4451/3527 8413/4450/3526
f 8419/4431/3510 8417/4433/3511 8412/4451/3527
f 8417/4433/3511 8410/4436/3513 8412/4451/3527
f 8417/4433/3511 8445/4403/3496 8410/4436/3513
f 8411/4452/3528 8410/4453/3513 8409/4454/3512
f 8411/4452/3528 8409/4454/3512 8408/4455/3514
f 8411/4452/3528 8408/4455/3514 8415/4456/3515
f 8411/4452/3528 8415/4456/3515 8407/4457/3516
f 8411/4452/3528 8407/4457/3516 8406/4458/3517
f 8411/4452/3528 8406/4458/3517 8405/4459/3518
f 8411/4452/3528 8405/4459/3518 8404/4460/3519
f 8411/4452/3528 8404/4460/3519 8414/4461/3520
f 8411/4452/3528 8414/4461/3520 8403/4462/3521
f 8411/4452/3528 8403/4462/3521 8402/4463/3522
f 8411/4452/3528 8402/4463/3522 8401/4464/3523
f 8411/4452/3528 8401/4464/3523 8400/4465/3524
f 8411/4452/3528 8400/4465/3524 8399/4466/3525
f 8411/4452/3528 8399/4466/3525 8413/4467/3526
f 8411/4452/3528 8413/4467/3526 8412/4468/3527
f 8411/4452/3528 8412/4468/3527 8410/4453/3513
o stozar_pruhy
v -0.036740 0.425548 0.013372
v -0.029951 0.425548 0.025132
v 0.012734 1.088698 0.030742
v -0.019549 0.479908 0.033860
v 0.000000 1.088698 0.033275
v -0.012734 1.088698 0.030742
v -0.019549 0.425548 0.033860
v -0.023529 1.088698 0.023529
v -0.030742 1.088698 0.012734
v -0.030742 1.088698 -0.012734
v -0.006789 0.425548 0.038504
v -0.023529 1.088698 -0.023529
v 0.006789 0.479908 0.038504
v -0.012734 1.088698 -0.030742
v 0.006789 0.425548 0.038504
v 0.000000 1.088698 -0.033275
v 0.023529 1.088698 -0.023529
v 0.030742 1.088698 -0.012734
v 0.019549 0.425548 0.033860
v 0.033275 1.088698 -0.000000
v 0.000000 1.088698 -0.000000
v 0.029951 0.479908 0.025132
v 0.030742 1.088698 0.012734
v 0.023529 1.088698 0.023529
v 0.029951 0.425548 0.025132
v 0.036740 0.425548 0.013372
v 0.000000 0.479908 -0.000000
v -0.036740 0.479908 0.013372
v -0.029951 0.479908 0.025132
v -0.033275 1.088698 -0.000000
v -0.006789 0.479908 0.038504
v 0.012734 1.088698 -0.030742
v 0.019549 0.479908 0.033860
v 0.030742 0.251075 0.012734
v 0.030742 0.997948 0.012734
v 0.036740 0.479908 0.013372
v -0.060500 0.425634 0.004235
v 0.023529 0.251075 0.023529
v 0.023529 0.997948 0.023529
v -0.060500 0.480084 0.015125
v 0.060500 0.480084 0.015125
v 0.012734 0.251075 0.030742
v 0.012734 0.997948 0.030742
v -0.060500 0.425634 0.015125
v 0.060500 0.425634 0.015125
v 0.000000 0.251075 0.033275
v 0.000000 0.997948 0.033275
v 0.060500 0.425634 0.004235
v 0.060500 0.480084 0.004235
v -0.012734 0.251075 0.030742
v -0.012734 0.997948 0.030742
v -0.023529 0.251075 0.023529
v -0.023529 0.997948 0.023529
v -0.030742 0.251075 0.012734
v -0.060500 0.480084 0.004235
v -0.030742 0.997948 0.012734
v 0.060500 0.425634 -0.015125
v -0.033275 0.251075 -0.000000
v 0.060500 0.425634 -0.004235
v -0.033275 0.997948 -0.000000
v -0.060500 0.480084 -0.004235
v 0.060500 0.480084 -0.004235
v 0.060500 0.480084 -0.015125
v -0.030742 0.251075 -0.012734
v -0.030742 0.997948 -0.012734
v -0.023529 0.251075 -0.023529
v -0.023529 0.997948 -0.023529
v -0.012734 0.251075 -0.030742
v -0.012734 0.997948 -0.030742
v -0.060500 0.425634 -0.015125
v -0.060500 0.480084 -0.015125
v 0.000000 0.251075 -0.033275
v 0.012734 0.997948 -0.030742
v -0.060500 0.425634 -0.004235
v 0.000000 0.997948 -0.033275
v 0.012734 0.251075 -0.030742
v 0.036740 0.425548 -0.013372
v 0.036740 0.479908 -0.013372
v 0.029951 0.425548 -0.025132
v 0.023529 0.251075 -0.023529
v 0.023529 0.997948 -0.023529
v 0.030742 0.251075 -0.012734
v 0.019549 0.425548 -0.033860
v 0.033275 0.997948 -0.000000
v 0.030742 0.997948 -0.012734
v 0.006789 0.479908 -0.038504
v 0.033275 0.251075 -0.000000
v 0.006789 0.425548 -0.038504
v -0.006789 0.425548 -0.038504
v -0.006789 0.479908 -0.038504
v -0.019549 0.479908 -0.033860
v 0.019549 0.479908 -0.033860
v 0.029951 0.479908 -0.025132
v -0.019549 0.425548 -0.033860
v -0.029951 0.479908 -0.025132
v -0.036740 0.425548 -0.013372
v -0.036740 0.479908 -0.013372
v -0.029951 0.425548 -0.025132
vn -0.8660 -0.0000 0.5000
vn -0.5687 0.6700 0.4772
vn -0.6473 0.6644 0.3737
vn -0.7661 -0.0000 0.6428
vn -0.3711 0.6700 0.6429
vn -0.5000 -0.0000 0.8660
vn -0.1289 0.6700 0.7310
vn -0.1736 -0.0000 0.9848
vn 0.1289 0.6700 0.7310
vn 0.1736 -0.0000 0.9848
vn 0.3712 0.6700 0.6429
vn 0.5000 -0.0000 0.8660
vn 0.5687 0.6700 0.4772
vn 0.7660 -0.0000 0.6428
vn 0.6473 0.6644 0.3737
vn 0.8660 -0.0000 0.5000
vn -0.0000 1.0000 -0.0000
vn -0.5774 -0.5774 0.5773
vn -0.5773 -0.5774 -0.5774
vn 0.5774 -0.5774 -0.5773
vn 0.5773 -0.5774 0.5774
vn -0.5773 0.5774 0.5774
vn 0.5774 0.5774 0.5773
vn 0.5773 0.5774 -0.5774
vn -0.5774 0.5774 -0.5773
vn 0.8660 -0.0000 -0.5000
vn 0.5687 0.6700 -0.4772
vn 0.6473 0.6644 -0.3737
vn 0.7661 -0.0000 -0.6428
vn 0.3711 0.6700 -0.6429
vn 0.5000 -0.0000 -0.8660
vn 0.1289 0.6700 -0.7310
vn 0.1736 -0.0000 -0.9848
vn -0.1289 0.6700 -0.7310
vn -0.1736 -0.0000 -0.9848
vn -0.3712 0.6700 -0.6429
vn -0.5000 -0.0000 -0.8660
vn -0.5687 0.6700 -0.4772
vn -0.7660 -0.0000 -0.6428
vn -0.6473 0.6644 -0.3737
vn -0.8660 -0.0000 -0.5000
vn 1.0000 -0.0000 -0.0000
vn 0.9239 -0.0000 -0.3827
vn 0.7071 -0.0000 -0.7071
vn 0.3827 -0.0000 -0.9239
vn -0.0000 -0.0000 -1.0000
vn -0.3827 -0.0000 -0.9239
vn -0.7071 -0.0000 -0.7071
vn -0.9239 -0.0000 -0.3827
vn -1.0000 -0.0000 -0.0000
vn -0.9239 -0.0000 0.3827
vn -0.7071 -0.0000 0.7071
vn -0.3827 -0.0000 0.9239
vn -0.0000 -0.0000 1.0000
vn 0.3827 -0.0000 0.9239
vn 0.7071 -0.0000 0.7071
vn 0.9239 -0.0000 0.3827
vn 0.6894 0.6657 -0.2856
vn 0.7462 0.6657 -0.0000
vn 0.5276 0.6657 -0.5276
vn 0.2856 0.6657 -0.6894
vn -0.0000 0.6657 -0.7462
vn -0.2856 0.6657 -0.6894
vn -0.5276 0.6657 -0.5276
vn -0.6894 0.6657 -0.2856
vn -0.7462 0.6657 -0.0000
vn -0.6894 0.6657 0.2856
vn -0.5276 0.6657 0.5276
vn -0.2856 0.6657 0.6894
vn -0.0000 0.6657 0.7462
vn 0.2856 0.6657 0.6894
vn 0.5276 0.6657 0.5276
vn 0.6894 0.6657 0.2856
vt 0.817425 0.000565
vt 0.869695 1.000469
vt 0.817425 1.000469
vt 0.869695 0.000565
vt 0.921965 1.000469
vt 0.921965 0.000565
vt 0.974235 1.000469
vt 0.974235 0.000565
vt 0.031519 0.000565
vt 0.085638 1.000469
vt 0.033367 1.000469
vt 0.085638 0.000565
vt 0.137908 1.000469
vt 0.137908 0.000565
vt 0.190179 1.000469
vt 0.190179 0.000565
vt 0.242449 1.000469
vt 0.242449 0.000565
vt 0.357217 0.626778
vt 0.458003 0.666347
vt 0.439378 0.701141
vt 0.410844 0.726968
vt 0.375841 0.740710
vt 0.338592 0.740710
vt 0.303590 0.726968
vt 0.275056 0.701141
vt 0.256431 0.666347
vt 0.999902 0.000567
vt 0.999900 1.000469
vt 0.059973 1.000468
vt 0.059973 0.000565
vt 0.059973 0.000567
vt 0.999900 0.000565
vt 0.999902 1.000468
vt 0.059973 1.000469
vt 0.059973 0.000564
vt 0.999900 0.000564
vt 0.999898 0.000564
vt 0.999898 1.000469
vt 0.765154 0.000564
vt 0.824884 0.501243
vt 0.765154 0.501243
vt 0.824884 0.000564
vt 0.884339 0.501243
vt 0.884339 0.000564
vt 0.943368 0.501243
vt 0.943368 0.000564
vt 0.000652 0.000564
vt 0.061129 0.501243
vt 0.002500 0.501243
vt 0.061129 0.000564
vt 0.119516 0.501243
vt 0.119516 0.000564
vt 0.177848 0.501243
vt 0.177848 0.000564
vt 0.236247 0.501243
vt 0.236247 0.000564
vt 0.294720 0.501243
vt 0.294720 0.000564
vt 0.353193 0.501243
vt 0.353193 0.000564
vt 0.411592 0.501243
vt 0.411592 0.000564
vt 0.469923 0.501243
vt 0.469923 0.000564
vt 0.528310 0.501243
vt 0.528310 0.000564
vt 0.586939 0.501243
vt 0.586939 0.000564
vt 0.645968 0.501243
vt 0.645968 0.000564
vt 0.705423 0.501243
vt 0.705423 0.000564
vt 0.824884 1.000471
vt 0.765154 1.000471
vt 0.884339 1.000471
vt 0.943368 1.000471
vt 0.061129 1.000471
vt 0.002500 1.000471
vt 0.119516 1.000471
vt 0.177848 1.000471
vt 0.236247 1.000471
vt 0.294720 1.000471
vt 0.353193 1.000471
vt 0.411592 1.000471
vt 0.469923 1.000471
vt 0.528310 1.000471
vt 0.586939 1.000471
vt 0.645968 1.000471
vt 0.705423 1.000471
vt 0.529937 0.495758
vt 0.529937 0.997735
vt 0.348103 0.959525
vt 0.193951 0.850710
vt 0.090950 0.687857
vt 0.054781 0.495758
vt 0.090950 0.303660
vt 0.193951 0.140807
vt 0.348103 0.031992
vt 0.527175 0.001038
vt 0.711771 0.031992
vt 0.865923 0.140807
vt 0.968923 0.303660
vt 1.005092 0.495758
vt 0.968923 0.687857
vt 0.865923 0.850710
vt 0.711771 0.959524
s 1
usemtl stozar
f 8448/4469/3529 8476/4470/3530 8475/4471/3531
f 8448/4469/3529 8449/4472/3532 8476/4470/3530
f 8449/4472/3532 8451/4473/3533 8476/4470/3530
f 8449/4472/3532 8454/4474/3534 8451/4473/3533
f 8454/4474/3534 8478/4475/3535 8451/4473/3533
f 8454/4474/3534 8458/4476/3536 8478/4475/3535
f 8458/4477/3536 8460/4478/3537 8478/4479/3535
f 8458/4477/3536 8462/4480/3538 8460/4478/3537
f 8462/4480/3538 8480/4481/3539 8460/4478/3537
f 8462/4480/3538 8466/4482/3540 8480/4481/3539
f 8466/4482/3540 8469/4483/3541 8480/4481/3539
f 8466/4482/3540 8472/4484/3542 8469/4483/3541
f 8472/4484/3542 8483/4485/3543 8469/4483/3541
f 8472/4484/3542 8473/4486/3544 8483/4485/3543
f 8474/4487/3545 8475/4488/3531 8476/4489/3530
f 8474/4487/3545 8476/4489/3530 8451/4490/3533
f 8474/4487/3545 8451/4490/3533 8478/4491/3535
f 8474/4487/3545 8478/4491/3535 8460/4492/3537
f 8474/4487/3545 8460/4492/3537 8480/4493/3539
f 8474/4487/3545 8480/4493/3539 8469/4494/3541
f 8474/4487/3545 8469/4494/3541 8483/4495/3543
f 8491/4496/3546 8484/4497/3547 8495/4498/3548
f 8495/4498/3548 8492/4499/3549 8491/4496/3546
f 8487/4500/3550 8488/4501/3551 8496/4502/3552
f 8496/4502/3552 8502/4503/3553 8487/4500/3550
f 8491/4504/3546 8492/4505/3549 8488/4497/3551
f 8488/4497/3551 8487/4503/3550 8491/4504/3546
f 8492/4504/3549 8495/4506/3548 8496/4507/3552
f 8496/4507/3552 8488/4503/3551 8492/4504/3549
f 8495/4504/3548 8484/4505/3547 8502/4497/3553
f 8502/4497/3553 8496/4503/3552 8495/4504/3548
f 8484/4504/3547 8491/4506/3546 8487/4507/3550
f 8487/4507/3550 8502/4503/3553 8484/4504/3547
f 8521/4496/3546 8517/4497/3547 8504/4498/3548
f 8504/4498/3548 8506/4499/3549 8521/4496/3546
f 8508/4500/3550 8509/4501/3551 8510/4502/3552
f 8510/4502/3552 8518/4503/3553 8508/4500/3550
f 8521/4504/3546 8506/4505/3549 8509/4497/3551
f 8509/4497/3551 8508/4503/3550 8521/4504/3546
f 8506/4504/3549 8504/4506/3548 8510/4507/3552
f 8510/4507/3552 8509/4503/3551 8506/4504/3549
f 8504/4504/3548 8517/4505/3547 8518/4497/3553
f 8518/4497/3553 8510/4503/3552 8504/4504/3548
f 8517/4504/3547 8521/4506/3546 8508/4507/3550
f 8508/4507/3550 8518/4503/3553 8517/4504/3547
f 8524/4469/3554 8540/4470/3555 8525/4471/3556
f 8524/4469/3554 8526/4472/3557 8540/4470/3555
f 8526/4472/3557 8539/4473/3558 8540/4470/3555
f 8526/4472/3557 8530/4474/3559 8539/4473/3558
f 8530/4474/3559 8533/4475/3560 8539/4473/3558
f 8530/4474/3559 8535/4476/3561 8533/4475/3560
f 8535/4477/3561 8537/4478/3562 8533/4479/3560
f 8535/4477/3561 8536/4480/3563 8537/4478/3562
f 8536/4480/3563 8538/4481/3564 8537/4478/3562
f 8536/4480/3563 8541/4482/3565 8538/4481/3564
f 8541/4482/3565 8542/4483/3566 8538/4481/3564
f 8541/4482/3565 8545/4484/3567 8542/4483/3566
f 8545/4484/3567 8544/4485/3568 8542/4483/3566
f 8545/4484/3567 8543/4486/3569 8544/4485/3568
f 8474/4487/3545 8525/4488/3556 8540/4489/3555
f 8474/4487/3545 8540/4489/3555 8539/4490/3558
f 8474/4487/3545 8539/4490/3558 8533/4491/3560
f 8474/4487/3545 8533/4491/3560 8537/4492/3562
f 8474/4487/3545 8537/4492/3562 8538/4493/3564
f 8474/4487/3545 8538/4493/3564 8542/4494/3566
f 8474/4487/3545 8542/4494/3566 8544/4495/3568
f 8534/4508/3570 8532/4509/3571 8531/4510/3570
f 8534/4508/3570 8529/4511/3571 8532/4509/3571
f 8529/4511/3571 8528/4512/3572 8532/4509/3571
f 8529/4511/3571 8527/4513/3572 8528/4512/3572
f 8527/4513/3572 8520/4514/3573 8528/4512/3572
f 8527/4513/3572 8523/4515/3573 8520/4514/3573
f 8523/4516/3573 8522/4517/3574 8520/4518/3573
f 8523/4516/3573 8519/4519/3574 8522/4517/3574
f 8519/4519/3574 8516/4520/3575 8522/4517/3574
f 8519/4519/3574 8515/4521/3575 8516/4520/3575
f 8515/4521/3575 8514/4522/3576 8516/4520/3575
f 8515/4521/3575 8513/4523/3576 8514/4522/3576
f 8513/4523/3576 8512/4524/3577 8514/4522/3576
f 8513/4523/3576 8511/4525/3577 8512/4524/3577
f 8511/4525/3577 8507/4526/3578 8512/4524/3577
f 8511/4525/3577 8505/4527/3578 8507/4526/3578
f 8505/4527/3578 8503/4528/3579 8507/4526/3578
f 8505/4527/3578 8501/4529/3579 8503/4528/3579
f 8501/4529/3579 8500/4530/3580 8503/4528/3579
f 8501/4529/3579 8499/4531/3580 8500/4530/3580
f 8499/4531/3580 8498/4532/3581 8500/4530/3580
f 8499/4531/3580 8497/4533/3581 8498/4532/3581
f 8497/4533/3581 8494/4534/3582 8498/4532/3581
f 8497/4533/3581 8493/4535/3582 8494/4534/3582
f 8493/4535/3582 8490/4536/3583 8494/4534/3582
f 8493/4535/3582 8489/4537/3583 8490/4536/3583
f 8489/4537/3583 8486/4538/3584 8490/4536/3583
f 8489/4537/3583 8485/4539/3584 8486/4538/3584
f 8485/4539/3584 8482/4540/3585 8486/4538/3584
f 8485/4539/3584 8481/4541/3585 8482/4540/3585
f 8481/4541/3585 8531/4510/3570 8482/4540/3585
f 8481/4541/3585 8534/4508/3570 8531/4510/3570
f 8531/4510/3570 8465/4542/3586 8467/4543/3587
f 8531/4510/3570 8532/4509/3571 8465/4542/3586
f 8532/4509/3571 8464/4544/3588 8465/4542/3586
f 8532/4509/3571 8528/4512/3572 8464/4544/3588
f 8528/4512/3572 8479/4545/3589 8464/4544/3588
f 8528/4512/3572 8520/4514/3573 8479/4545/3589
f 8520/4518/3573 8463/4546/3590 8479/4547/3589
f 8520/4518/3573 8522/4517/3574 8463/4546/3590
f 8522/4517/3574 8461/4548/3591 8463/4546/3590
f 8522/4517/3574 8516/4520/3575 8461/4548/3591
f 8516/4520/3575 8459/4549/3592 8461/4548/3591
f 8516/4520/3575 8514/4522/3576 8459/4549/3592
f 8514/4522/3576 8457/4550/3593 8459/4549/3592
f 8514/4522/3576 8512/4524/3577 8457/4550/3593
f 8512/4524/3577 8477/4551/3594 8457/4550/3593
f 8512/4524/3577 8507/4526/3578 8477/4551/3594
f 8507/4526/3578 8456/4552/3595 8477/4551/3594
f 8507/4526/3578 8503/4528/3579 8456/4552/3595
f 8503/4528/3579 8455/4553/3596 8456/4552/3595
f 8503/4528/3579 8500/4530/3580 8455/4553/3596
f 8500/4530/3580 8453/4554/3597 8455/4553/3596
f 8500/4530/3580 8498/4532/3581 8453/4554/3597
f 8498/4532/3581 8452/4555/3598 8453/4554/3597
f 8498/4532/3581 8494/4534/3582 8452/4555/3598
f 8494/4534/3582 8450/4556/3599 8452/4555/3598
f 8494/4534/3582 8490/4536/3583 8450/4556/3599
f 8490/4536/3583 8471/4557/3600 8450/4556/3599
f 8490/4536/3583 8486/4538/3584 8471/4557/3600
f 8486/4538/3584 8470/4558/3601 8471/4557/3600
f 8486/4538/3584 8482/4540/3585 8470/4558/3601
f 8482/4540/3585 8467/4543/3587 8470/4558/3601
f 8482/4540/3585 8531/4510/3570 8467/4543/3587
f 8468/4559/3545 8467/4560/3587 8465/4561/3586
f 8468/4559/3545 8465/4561/3586 8464/4562/3588
f 8468/4559/3545 8464/4562/3588 8479/4563/3589
f 8468/4559/3545 8479/4563/3589 8463/4564/3590
f 8468/4559/3545 8463/4564/3590 8461/4565/3591
f 8468/4559/3545 8461/4565/3591 8459/4566/3592
f 8468/4559/3545 8459/4566/3592 8457/4567/3593
f 8468/4559/3545 8457/4567/3593 8477/4568/3594
f 8468/4559/3545 8477/4568/3594 8456/4569/3595
f 8468/4559/3545 8456/4569/3595 8455/4570/3596
f 8468/4559/3545 8455/4570/3596 8453/4571/3597
f 8468/4559/3545 8453/4571/3597 8452/4572/3598
f 8468/4559/3545 8452/4572/3598 8450/4573/3599
f 8468/4559/3545 8450/4573/3599 8471/4574/3600
f 8468/4559/3545 8471/4574/3600 8470/4575/3601
f 8468/4559/3545 8470/4575/3601 8467/4560/3587
o stozar
v -0.036740 0.425548 0.013372
v -0.029951 0.425548 0.025132
v 0.012734 1.088698 0.030742
v -0.019549 0.479908 0.033860
v 0.000000 1.088698 0.033275
v -0.012734 1.088698 0.030742
v -0.019549 0.425548 0.033860
v -0.023529 1.088698 0.023529
v -0.030742 1.088698 0.012734
v -0.030742 1.088698 -0.012734
v -0.006789 0.425548 0.038504
v -0.023529 1.088698 -0.023529
v 0.006789 0.479908 0.038504
v -0.012734 1.088698 -0.030742
v 0.006789 0.425548 0.038504
v 0.000000 1.088698 -0.033275
v 0.023529 1.088698 -0.023529
v 0.030742 1.088698 -0.012734
v 0.019549 0.425548 0.033860
v 0.033275 1.088698 -0.000000
v 0.000000 1.088698 -0.000000
v 0.029951 0.479908 0.025132
v 0.030742 1.088698 0.012734
v 0.023529 1.088698 0.023529
v 0.029951 0.425548 0.025132
v 0.036740 0.425548 0.013372
v 0.000000 0.479908 -0.000000
v -0.036740 0.479908 0.013372
v -0.029951 0.479908 0.025132
v -0.033275 1.088698 -0.000000
v -0.006789 0.479908 0.038504
v 0.012734 1.088698 -0.030742
v 0.019549 0.479908 0.033860
v 0.030742 0.251075 0.012734
v 0.030742 0.997948 0.012734
v 0.036740 0.479908 0.013372
v -0.060500 0.425634 0.004235
v 0.023529 0.251075 0.023529
v 0.023529 0.997948 0.023529
v -0.060500 0.480084 0.015125
v 0.060500 0.480084 0.015125
v 0.012734 0.251075 0.030742
v 0.012734 0.997948 0.030742
v -0.060500 0.425634 0.015125
v 0.060500 0.425634 0.015125
v 0.000000 0.251075 0.033275
v 0.000000 0.997948 0.033275
v 0.060500 0.425634 0.004235
v 0.060500 0.480084 0.004235
v -0.012734 0.251075 0.030742
v -0.012734 0.997948 0.030742
v -0.023529 0.251075 0.023529
v -0.023529 0.997948 0.023529
v -0.030742 0.251075 0.012734
v -0.060500 0.480084 0.004235
v -0.030742 0.997948 0.012734
v 0.060500 0.425634 -0.015125
v -0.033275 0.251075 -0.000000
v 0.060500 0.425634 -0.004235
v -0.033275 0.997948 -0.000000
v -0.060500 0.480084 -0.004235
v 0.060500 0.480084 -0.004235
v 0.060500 0.480084 -0.015125
v -0.030742 0.251075 -0.012734
v -0.030742 0.997948 -0.012734
v -0.023529 0.251075 -0.023529
v -0.023529 0.997948 -0.023529
v -0.012734 0.251075 -0.030742
v -0.012734 0.997948 -0.030742
v -0.060500 0.425634 -0.015125
v -0.060500 0.480084 -0.015125
v 0.000000 0.251075 -0.033275
v 0.012734 0.997948 -0.030742
v -0.060500 0.425634 -0.004235
v 0.000000 0.997948 -0.033275
v 0.012734 0.251075 -0.030742
v 0.036740 0.425548 -0.013372
v 0.036740 0.479908 -0.013372
v 0.029951 0.425548 -0.025132
v 0.023529 0.251075 -0.023529
v 0.023529 0.997948 -0.023529
v 0.030742 0.251075 -0.012734
v 0.019549 0.425548 -0.033860
v 0.033275 0.997948 -0.000000
v 0.030742 0.997948 -0.012734
v 0.006789 0.479908 -0.038504
v 0.033275 0.251075 -0.000000
v 0.006789 0.425548 -0.038504
v -0.006789 0.425548 -0.038504
v -0.006789 0.479908 -0.038504
v -0.019549 0.479908 -0.033860
v 0.019549 0.479908 -0.033860
v 0.029951 0.479908 -0.025132
v -0.019549 0.425548 -0.033860
v -0.029951 0.479908 -0.025132
v -0.036740 0.425548 -0.013372
v -0.036740 0.479908 -0.013372
v -0.029951 0.425548 -0.025132
vn -0.8660 -0.0000 0.5000
vn -0.5687 0.6700 0.4772
vn -0.6473 0.6644 0.3737
vn -0.7661 -0.0000 0.6428
vn -0.3711 0.6700 0.6429
vn -0.5000 -0.0000 0.8660
vn -0.1289 0.6700 0.7310
vn -0.1736 -0.0000 0.9848
vn 0.1289 0.6700 0.7310
vn 0.1736 -0.0000 0.9848
vn 0.3712 0.6700 0.6429
vn 0.5000 -0.0000 0.8660
vn 0.5687 0.6700 0.4772
vn 0.7660 -0.0000 0.6428
vn 0.6473 0.6644 0.3737
vn 0.8660 -0.0000 0.5000
vn -0.0000 1.0000 -0.0000
vn -0.5774 -0.5774 0.5773
vn -0.5773 -0.5774 -0.5774
vn 0.5774 -0.5774 -0.5773
vn 0.5773 -0.5774 0.5774
vn -0.5773 0.5774 0.5774
vn 0.5774 0.5774 0.5773
vn 0.5773 0.5774 -0.5774
vn -0.5774 0.5774 -0.5773
vn 0.8660 -0.0000 -0.5000
vn 0.5687 0.6700 -0.4772
vn 0.6473 0.6644 -0.3737
vn 0.7661 -0.0000 -0.6428
vn 0.3711 0.6700 -0.6429
vn 0.5000 -0.0000 -0.8660
vn 0.1289 0.6700 -0.7310
vn 0.1736 -0.0000 -0.9848
vn -0.1289 0.6700 -0.7310
vn -0.1736 -0.0000 -0.9848
vn -0.3712 0.6700 -0.6429
vn -0.5000 -0.0000 -0.8660
vn -0.5687 0.6700 -0.4772
vn -0.7660 -0.0000 -0.6428
vn -0.6473 0.6644 -0.3737
vn -0.8660 -0.0000 -0.5000
vn 1.0000 -0.0000 -0.0000
vn 0.9239 -0.0000 -0.3827
vn 0.7071 -0.0000 -0.7071
vn 0.3827 -0.0000 -0.9239
vn -0.0000 -0.0000 -1.0000
vn -0.3827 -0.0000 -0.9239
vn -0.7071 -0.0000 -0.7071
vn -0.9239 -0.0000 -0.3827
vn -1.0000 -0.0000 -0.0000
vn -0.9239 -0.0000 0.3827
vn -0.7071 -0.0000 0.7071
vn -0.3827 -0.0000 0.9239
vn -0.0000 -0.0000 1.0000
vn 0.3827 -0.0000 0.9239
vn 0.7071 -0.0000 0.7071
vn 0.9239 -0.0000 0.3827
vn 0.6894 0.6657 -0.2856
vn 0.7462 0.6657 -0.0000
vn 0.5276 0.6657 -0.5276
vn 0.2856 0.6657 -0.6894
vn -0.0000 0.6657 -0.7462
vn -0.2856 0.6657 -0.6894
vn -0.5276 0.6657 -0.5276
vn -0.6894 0.6657 -0.2856
vn -0.7462 0.6657 -0.0000
vn -0.6894 0.6657 0.2856
vn -0.5276 0.6657 0.5276
vn -0.2856 0.6657 0.6894
vn -0.0000 0.6657 0.7462
vn 0.2856 0.6657 0.6894
vn 0.5276 0.6657 0.5276
vn 0.6894 0.6657 0.2856
vt 0.817425 0.000565
vt 0.869695 1.000469
vt 0.817425 1.000469
vt 0.869695 0.000565
vt 0.921965 1.000469
vt 0.921965 0.000565
vt 0.974235 1.000469
vt 0.974235 0.000565
vt 0.031519 0.000565
vt 0.085638 1.000469
vt 0.033367 1.000469
vt 0.085638 0.000565
vt 0.137908 1.000469
vt 0.137908 0.000565
vt 0.190179 1.000469
vt 0.190179 0.000565
vt 0.242449 1.000469
vt 0.242449 0.000565
vt 0.357217 0.626778
vt 0.458003 0.666347
vt 0.439378 0.701141
vt 0.410844 0.726968
vt 0.375841 0.740710
vt 0.338592 0.740710
vt 0.303590 0.726968
vt 0.275056 0.701141
vt 0.256431 0.666347
vt 0.999902 0.000567
vt 0.999900 1.000469
vt 0.059973 1.000468
vt 0.059973 0.000565
vt 0.059973 0.000567
vt 0.999900 0.000565
vt 0.999902 1.000468
vt 0.059973 1.000469
vt 0.059973 0.000564
vt 0.999900 0.000564
vt 0.999898 0.000564
vt 0.999898 1.000469
vt 0.765154 0.000564
vt 0.824884 0.501243
vt 0.765154 0.501243
vt 0.824884 0.000564
vt 0.884339 0.501243
vt 0.884339 0.000564
vt 0.943368 0.501243
vt 0.943368 0.000564
vt 0.000652 0.000564
vt 0.061129 0.501243
vt 0.002500 0.501243
vt 0.061129 0.000564
vt 0.119516 0.501243
vt 0.119516 0.000564
vt 0.177848 0.501243
vt 0.177848 0.000564
vt 0.236247 0.501243
vt 0.236247 0.000564
vt 0.294720 0.501243
vt 0.294720 0.000564
vt 0.353193 0.501243
vt 0.353193 0.000564
vt 0.411592 0.501243
vt 0.411592 0.000564
vt 0.469923 0.501243
vt 0.469923 0.000564
vt 0.528310 0.501243
vt 0.528310 0.000564
vt 0.586939 0.501243
vt 0.586939 0.000564
vt 0.645968 0.501243
vt 0.645968 0.000564
vt 0.705423 0.501243
vt 0.705423 0.000564
vt 0.824884 1.000471
vt 0.765154 1.000471
vt 0.884339 1.000471
vt 0.943368 1.000471
vt 0.061129 1.000471
vt 0.002500 1.000471
vt 0.119516 1.000471
vt 0.177848 1.000471
vt 0.236247 1.000471
vt 0.294720 1.000471
vt 0.353193 1.000471
vt 0.411592 1.000471
vt 0.469923 1.000471
vt 0.528310 1.000471
vt 0.586939 1.000471
vt 0.645968 1.000471
vt 0.705423 1.000471
vt 0.529937 0.495758
vt 0.529937 0.997735
vt 0.348103 0.959525
vt 0.193951 0.850710
vt 0.090950 0.687857
vt 0.054781 0.495758
vt 0.090950 0.303660
vt 0.193951 0.140807
vt 0.348103 0.031992
vt 0.527175 0.001038
vt 0.711771 0.031992
vt 0.865923 0.140807
vt 0.968923 0.303660
vt 1.005092 0.495758
vt 0.968923 0.687857
vt 0.865923 0.850710
vt 0.711771 0.959524
s 1
usemtl stozar
f 8546/4576/3602 8574/4577/3603 8573/4578/3604
f 8546/4576/3602 8547/4579/3605 8574/4577/3603
f 8547/4579/3605 8549/4580/3606 8574/4577/3603
f 8547/4579/3605 8552/4581/3607 8549/4580/3606
f 8552/4581/3607 8576/4582/3608 8549/4580/3606
f 8552/4581/3607 8556/4583/3609 8576/4582/3608
f 8556/4584/3609 8558/4585/3610 8576/4586/3608
f 8556/4584/3609 8560/4587/3611 8558/4585/3610
f 8560/4587/3611 8578/4588/3612 8558/4585/3610
f 8560/4587/3611 8564/4589/3613 8578/4588/3612
f 8564/4589/3613 8567/4590/3614 8578/4588/3612
f 8564/4589/3613 8570/4591/3615 8567/4590/3614
f 8570/4591/3615 8581/4592/3616 8567/4590/3614
f 8570/4591/3615 8571/4593/3617 8581/4592/3616
f 8572/4594/3618 8573/4595/3604 8574/4596/3603
f 8572/4594/3618 8574/4596/3603 8549/4597/3606
f 8572/4594/3618 8549/4597/3606 8576/4598/3608
f 8572/4594/3618 8576/4598/3608 8558/4599/3610
f 8572/4594/3618 8558/4599/3610 8578/4600/3612
f 8572/4594/3618 8578/4600/3612 8567/4601/3614
f 8572/4594/3618 8567/4601/3614 8581/4602/3616
f 8589/4603/3619 8582/4604/3620 8593/4605/3621
f 8593/4605/3621 8590/4606/3622 8589/4603/3619
f 8585/4607/3623 8586/4608/3624 8594/4609/3625
f 8594/4609/3625 8600/4610/3626 8585/4607/3623
f 8589/4611/3619 8590/4612/3622 8586/4604/3624
f 8586/4604/3624 8585/4610/3623 8589/4611/3619
f 8590/4611/3622 8593/4613/3621 8594/4614/3625
f 8594/4614/3625 8586/4610/3624 8590/4611/3622
f 8593/4611/3621 8582/4612/3620 8600/4604/3626
f 8600/4604/3626 8594/4610/3625 8593/4611/3621
f 8582/4611/3620 8589/4613/3619 8585/4614/3623
f 8585/4614/3623 8600/4610/3626 8582/4611/3620
f 8619/4603/3619 8615/4604/3620 8602/4605/3621
f 8602/4605/3621 8604/4606/3622 8619/4603/3619
f 8606/4607/3623 8607/4608/3624 8608/4609/3625
f 8608/4609/3625 8616/4610/3626 8606/4607/3623
f 8619/4611/3619 8604/4612/3622 8607/4604/3624
f 8607/4604/3624 8606/4610/3623 8619/4611/3619
f 8604/4611/3622 8602/4613/3621 8608/4614/3625
f 8608/4614/3625 8607/4610/3624 8604/4611/3622
f 8602/4611/3621 8615/4612/3620 8616/4604/3626
f 8616/4604/3626 8608/4610/3625 8602/4611/3621
f 8615/4611/3620 8619/4613/3619 8606/4614/3623
f 8606/4614/3623 8616/4610/3626 8615/4611/3620
f 8622/4576/3627 8638/4577/3628 8623/4578/3629
f 8622/4576/3627 8624/4579/3630 8638/4577/3628
f 8624/4579/3630 8637/4580/3631 8638/4577/3628
f 8624/4579/3630 8628/4581/3632 8637/4580/3631
f 8628/4581/3632 8631/4582/3633 8637/4580/3631
f 8628/4581/3632 8633/4583/3634 8631/4582/3633
f 8633/4584/3634 8635/4585/3635 8631/4586/3633
f 8633/4584/3634 8634/4587/3636 8635/4585/3635
f 8634/4587/3636 8636/4588/3637 8635/4585/3635
f 8634/4587/3636 8639/4589/3638 8636/4588/3637
f 8639/4589/3638 8640/4590/3639 8636/4588/3637
f 8639/4589/3638 8643/4591/3640 8640/4590/3639
f 8643/4591/3640 8642/4592/3641 8640/4590/3639
f 8643/4591/3640 8641/4593/3642 8642/4592/3641
f 8572/4594/3618 8623/4595/3629 8638/4596/3628
f 8572/4594/3618 8638/4596/3628 8637/4597/3631
f 8572/4594/3618 8637/4597/3631 8631/4598/3633
f 8572/4594/3618 8631/4598/3633 8635/4599/3635
f 8572/4594/3618 8635/4599/3635 8636/4600/3637
f 8572/4594/3618 8636/4600/3637 8640/4601/3639
f 8572/4594/3618 8640/4601/3639 8642/4602/3641
f 8632/4615/3643 8630/4616/3644 8629/4617/3643
f 8632/4615/3643 8627/4618/3644 8630/4616/3644
f 8627/4618/3644 8626/4619/3645 8630/4616/3644
f 8627/4618/3644 8625/4620/3645 8626/4619/3645
f 8625/4620/3645 8618/4621/3646 8626/4619/3645
f 8625/4620/3645 8621/4622/3646 8618/4621/3646
f 8621/4623/3646 8620/4624/3647 8618/4625/3646
f 8621/4623/3646 8617/4626/3647 8620/4624/3647
f 8617/4626/3647 8614/4627/3648 8620/4624/3647
f 8617/4626/3647 8613/4628/3648 8614/4627/3648
f 8613/4628/3648 8612/4629/3649 8614/4627/3648
f 8613/4628/3648 8611/4630/3649 8612/4629/3649
f 8611/4630/3649 8610/4631/3650 8612/4629/3649
f 8611/4630/3649 8609/4632/3650 8610/4631/3650
f 8609/4632/3650 8605/4633/3651 8610/4631/3650
f 8609/4632/3650 8603/4634/3651 8605/4633/3651
f 8603/4634/3651 8601/4635/3652 8605/4633/3651
f 8603/4634/3651 8599/4636/3652 8601/4635/3652
f 8599/4636/3652 8598/4637/3653 8601/4635/3652
f 8599/4636/3652 8597/4638/3653 8598/4637/3653
f 8597/4638/3653 8596/4639/3654 8598/4637/3653
f 8597/4638/3653 8595/4640/3654 8596/4639/3654
f 8595/4640/3654 8592/4641/3655 8596/4639/3654
f 8595/4640/3654 8591/4642/3655 8592/4641/3655
f 8591/4642/3655 8588/4643/3656 8592/4641/3655
f 8591/4642/3655 8587/4644/3656 8588/4643/3656
f 8587/4644/3656 8584/4645/3657 8588/4643/3656
f 8587/4644/3656 8583/4646/3657 8584/4645/3657
f 8583/4646/3657 8580/4647/3658 8584/4645/3657
f 8583/4646/3657 8579/4648/3658 8580/4647/3658
f 8579/4648/3658 8629/4617/3643 8580/4647/3658
f 8579/4648/3658 8632/4615/3643 8629/4617/3643
f 8629/4617/3643 8563/4649/3659 8565/4650/3660
f 8629/4617/3643 8630/4616/3644 8563/4649/3659
f 8630/4616/3644 8562/4651/3661 8563/4649/3659
f 8630/4616/3644 8626/4619/3645 8562/4651/3661
f 8626/4619/3645 8577/4652/3662 8562/4651/3661
f 8626/4619/3645 8618/4621/3646 8577/4652/3662
f 8618/4625/3646 8561/4653/3663 8577/4654/3662
f 8618/4625/3646 8620/4624/3647 8561/4653/3663
f 8620/4624/3647 8559/4655/3664 8561/4653/3663
f 8620/4624/3647 8614/4627/3648 8559/4655/3664
f 8614/4627/3648 8557/4656/3665 8559/4655/3664
f 8614/4627/3648 8612/4629/3649 8557/4656/3665
f 8612/4629/3649 8555/4657/3666 8557/4656/3665
f 8612/4629/3649 8610/4631/3650 8555/4657/3666
f 8610/4631/3650 8575/4658/3667 8555/4657/3666
f 8610/4631/3650 8605/4633/3651 8575/4658/3667
f 8605/4633/3651 8554/4659/3668 8575/4658/3667
f 8605/4633/3651 8601/4635/3652 8554/4659/3668
f 8601/4635/3652 8553/4660/3669 8554/4659/3668
f 8601/4635/3652 8598/4637/3653 8553/4660/3669
f 8598/4637/3653 8551/4661/3670 8553/4660/3669
f 8598/4637/3653 8596/4639/3654 8551/4661/3670
f 8596/4639/3654 8550/4662/3671 8551/4661/3670
f 8596/4639/3654 8592/4641/3655 8550/4662/3671
f 8592/4641/3655 8548/4663/3672 8550/4662/3671
f 8592/4641/3655 8588/4643/3656 8548/4663/3672
f 8588/4643/3656 8569/4664/3673 8548/4663/3672
f 8588/4643/3656 8584/4645/3657 8569/4664/3673
f 8584/4645/3657 8568/4665/3674 8569/4664/3673
f 8584/4645/3657 8580/4647/3658 8568/4665/3674
f 8580/4647/3658 8565/4650/3660 8568/4665/3674
f 8580/4647/3658 8629/4617/3643 8565/4650/3660
f 8566/4666/3618 8565/4667/3660 8563/4668/3659
f 8566/4666/3618 8563/4668/3659 8562/4669/3661
f 8566/4666/3618 8562/4669/3661 8577/4670/3662
f 8566/4666/3618 8577/4670/3662 8561/4671/3663
f 8566/4666/3618 8561/4671/3663 8559/4672/3664
f 8566/4666/3618 8559/4672/3664 8557/4673/3665
f 8566/4666/3618 8557/4673/3665 8555/4674/3666
f 8566/4666/3618 8555/4674/3666 8575/4675/3667
f 8566/4666/3618 8575/4675/3667 8554/4676/3668
f 8566/4666/3618 8554/4676/3668 8553/4677/3669
f 8566/4666/3618 8553/4677/3669 8551/4678/3670
f 8566/4666/3618 8551/4678/3670 8550/4679/3671
f 8566/4666/3618 8550/4679/3671 8548/4680/3672
f 8566/4666/3618 8548/4680/3672 8569/4681/3673
f 8566/4666/3618 8569/4681/3673 8568/4682/3674
f 8566/4666/3618 8568/4682/3674 8565/4667/3660
