# Blender 5.0.1
# www.blender.org
mtllib lightSignals.mtl
o 40_HP
v -0.150000 4.074998 0.360000
v -0.135368 4.076440 0.360000
v -0.121299 4.080708 0.360000
v -0.108332 4.087638 0.360000
v -0.096967 4.096966 0.360000
v -0.087640 4.108331 0.360000
v -0.080709 4.121297 0.360000
v -0.076441 4.135367 0.360000
v -0.075000 4.149999 0.360000
v -0.076441 4.164630 0.360000
v -0.080709 4.178700 0.360000
v -0.087640 4.191666 0.360000
v -0.096967 4.203032 0.360000
v -0.108332 4.212358 0.360000
v -0.121299 4.219290 0.360000
v -0.135368 4.223557 0.360000
v -0.150000 4.224998 0.360000
v -0.164632 4.223557 0.360000
v -0.178701 4.219289 0.360000
v -0.191668 4.212358 0.360000
v -0.203033 4.203032 0.360000
v -0.212360 4.191666 0.360000
v -0.219291 4.178700 0.360000
v -0.223559 4.164630 0.360000
v -0.225000 4.149999 0.360000
v -0.223559 4.135367 0.360000
v -0.219291 4.121297 0.360000
v -0.212360 4.108331 0.360000
v -0.203033 4.096965 0.360000
v -0.191668 4.087638 0.360000
v -0.178701 4.080708 0.360000
v -0.164632 4.076440 0.360000
vn -0.0000 -0.0000 1.0000
vt 0.404605 0.721547
vt 0.381156 0.750000
vt 0.326453 0.340634
vt 0.393231 0.740393
vt 0.430387 0.618420
vt 0.423547 0.659366
vt 0.414841 0.694188
vt 0.435098 0.572923
vt 0.437500 0.475377
vt 0.437500 0.524623
vt 0.414841 0.305812
vt 0.430387 0.381581
vt 0.435098 0.427078
vt 0.423547 0.340634
vt 0.393231 0.259607
vt 0.404605 0.278453
vt 0.356769 0.259607
vt 0.368844 0.250000
vt 0.381156 0.250000
vt 0.345395 0.278453
vt 0.335159 0.305812
vt 0.314902 0.427078
vt 0.319613 0.381580
vt 0.312500 0.524623
vt 0.312500 0.475377
vt 0.319613 0.618419
vt 0.314902 0.572922
vt 0.345395 0.721547
vt 0.335159 0.694188
vt 0.326453 0.659366
vt 0.368844 0.750000
vt 0.356769 0.740393
s 1
f 32/1/1 2/2/1 14/3/1
f 2/2/1 32/1/1 1/4/1
f 29/5/1 30/6/1 31/7/1
f 31/7/1 28/8/1 29/5/1
f 32/1/1 26/9/1 27/10/1
f 22/11/1 24/12/1 25/13/1
f 24/12/1 22/11/1 23/14/1
f 22/11/1 20/15/1 21/16/1
f 17/17/1 18/18/1 19/19/1
f 14/3/1 16/20/1 17/17/1
f 16/20/1 14/3/1 15/21/1
f 14/3/1 12/22/1 13/23/1
f 12/22/1 10/24/1 11/25/1
f 12/22/1 8/26/1 9/27/1
f 5/28/1 6/29/1 7/30/1
f 3/31/1 4/32/1 5/28/1
f 5/28/1 2/2/1 3/31/1
f 28/8/1 31/7/1 32/1/1
f 32/1/1 27/10/1 28/8/1
f 26/9/1 22/11/1 25/13/1
f 22/11/1 26/9/1 20/15/1
f 19/19/1 14/3/1 17/17/1
f 9/27/1 10/24/1 12/22/1
f 5/28/1 7/30/1 8/26/1
f 14/3/1 2/2/1 5/28/1
f 20/15/1 26/9/1 32/1/1
f 32/1/1 14/3/1 20/15/1
f 8/26/1 12/22/1 14/3/1
f 14/3/1 5/28/1 8/26/1
f 14/3/1 19/19/1 20/15/1
o bila_BU
v 0.000000 4.774998 0.360000
v 0.014632 4.776440 0.360000
v 0.028701 4.780707 0.360000
v 0.041668 4.787638 0.360000
v 0.053033 4.796966 0.360000
v 0.062360 4.808330 0.360000
v 0.069291 4.821297 0.360000
v 0.073559 4.835367 0.360000
v 0.075000 4.849998 0.360000
v 0.073559 4.864630 0.360000
v 0.069291 4.878700 0.360000
v 0.062360 4.891666 0.360000
v 0.053033 4.903031 0.360000
v 0.041668 4.912359 0.360000
v 0.028701 4.919289 0.360000
v 0.014632 4.923557 0.360000
v 0.000000 4.924998 0.360000
v -0.014632 4.923557 0.360000
v -0.028701 4.919289 0.360000
v -0.041668 4.912359 0.360000
v -0.053033 4.903031 0.360000
v -0.062360 4.891666 0.360000
v -0.069291 4.878700 0.360000
v -0.073559 4.864630 0.360000
v -0.075000 4.849998 0.360000
v -0.073559 4.835367 0.360000
v -0.069291 4.821297 0.360000
v -0.062360 4.808330 0.360000
v -0.053033 4.796965 0.360000
v -0.041668 4.787638 0.360000
v -0.028701 4.780707 0.360000
v -0.014632 4.776440 0.360000
vn -0.0000 -0.0000 1.0000
vt 0.917213 0.307665
vt 0.932759 0.383433
vt 0.828825 0.661219
vt 0.925919 0.342487
vt 0.883528 0.251853
vt 0.895603 0.261460
vt 0.906977 0.280306
vt 0.859141 0.261460
vt 0.871216 0.251853
vt 0.814872 0.477230
vt 0.847767 0.280306
vt 0.828825 0.342487
vt 0.837531 0.307665
vt 0.817274 0.428931
vt 0.821985 0.383434
vt 0.817274 0.574776
vt 0.814872 0.526476
vt 0.821985 0.620273
vt 0.871216 0.751853
vt 0.837531 0.696041
vt 0.859142 0.742246
vt 0.847767 0.723400
vt 0.906977 0.723400
vt 0.883528 0.751853
vt 0.895603 0.742246
vt 0.925919 0.661218
vt 0.917213 0.696041
vt 0.939872 0.526476
vt 0.937470 0.574775
vt 0.932759 0.620272
vt 0.937470 0.428930
vt 0.939872 0.477230
s 1
f 64/33/2 34/34/2 49/35/2
f 34/34/2 64/33/2 33/36/2
f 61/37/2 62/38/2 63/39/2
f 59/40/2 60/41/2 61/37/2
f 53/42/2 58/43/2 59/40/2
f 53/42/2 56/44/2 57/45/2
f 56/44/2 54/46/2 55/47/2
f 51/48/2 52/49/2 53/42/2
f 53/42/2 50/50/2 51/48/2
f 45/51/2 48/52/2 49/35/2
f 45/51/2 46/53/2 47/54/2
f 42/55/2 44/56/2 45/51/2
f 44/56/2 42/55/2 43/57/2
f 45/51/2 40/58/2 41/59/2
f 37/60/2 38/61/2 39/62/2
f 35/63/2 36/64/2 37/60/2
f 37/60/2 34/34/2 35/63/2
f 61/37/2 63/39/2 64/33/2
f 64/33/2 59/40/2 61/37/2
f 53/42/2 54/46/2 56/44/2
f 49/35/2 50/50/2 53/42/2
f 45/51/2 47/54/2 48/52/2
f 41/59/2 42/55/2 45/51/2
f 37/60/2 39/62/2 40/58/2
f 49/35/2 34/34/2 37/60/2
f 53/42/2 59/40/2 64/33/2
f 58/43/2 53/42/2 57/45/2
f 37/60/2 45/51/2 49/35/2
f 45/51/2 37/60/2 40/58/2
f 49/35/2 53/42/2 64/33/2
o bila_HP
v -0.100000 4.268750 0.360000
v -0.089026 4.269831 0.360000
v -0.078474 4.273032 0.360000
v -0.068749 4.278230 0.360000
v -0.060225 4.285225 0.360000
v -0.053230 4.293749 0.360000
v -0.048032 4.303474 0.360000
v -0.044831 4.314026 0.360000
v -0.043750 4.325000 0.360000
v -0.044831 4.335974 0.360000
v -0.048032 4.346526 0.360000
v -0.053230 4.356251 0.360000
v -0.060225 4.364774 0.360000
v -0.068749 4.371771 0.360000
v -0.078474 4.376968 0.360000
v -0.089026 4.380169 0.360000
v -0.100000 4.381250 0.360000
v -0.110974 4.380169 0.360000
v -0.121526 4.376968 0.360000
v -0.131251 4.371771 0.360000
v -0.139775 4.364774 0.360000
v -0.146770 4.356251 0.360000
v -0.151968 4.346526 0.360000
v -0.155169 4.335973 0.360000
v -0.156250 4.325000 0.360000
v -0.155169 4.314026 0.360000
v -0.151968 4.303474 0.360000
v -0.146770 4.293749 0.360000
v -0.139775 4.285225 0.360000
v -0.131251 4.278230 0.360000
v -0.121526 4.273032 0.360000
v -0.110974 4.269831 0.360000
v 0.100000 4.593748 0.360000
v 0.110974 4.594831 0.360000
v 0.121526 4.598030 0.360000
v 0.131251 4.603228 0.360000
v 0.139775 4.610225 0.360000
v 0.146770 4.618749 0.360000
v 0.151968 4.628474 0.360000
v 0.155169 4.639026 0.360000
v 0.156250 4.649998 0.360000
v 0.155169 4.660973 0.360000
v 0.151968 4.671525 0.360000
v 0.146770 4.681250 0.360000
v 0.139775 4.689774 0.360000
v 0.131251 4.696769 0.360000
v 0.121526 4.701966 0.360000
v 0.110974 4.705168 0.360000
v 0.100000 4.706248 0.360000
v 0.089026 4.705168 0.360000
v 0.078474 4.701966 0.360000
v 0.068749 4.696769 0.360000
v 0.060225 4.689774 0.360000
v 0.053230 4.681250 0.360000
v 0.048032 4.671525 0.360000
v 0.044831 4.660973 0.360000
v 0.043750 4.649998 0.360000
v 0.044831 4.639026 0.360000
v 0.048032 4.628474 0.360000
v 0.053230 4.618749 0.360000
v 0.060225 4.610225 0.360000
v 0.068749 4.603228 0.360000
v 0.078474 4.598030 0.360000
v 0.089026 4.594831 0.360000
vn -0.0000 -0.0000 1.0000
vt 0.914842 0.305813
vt 0.937500 0.475378
vt 0.856769 0.740393
vt 0.868844 0.250000
vt 0.923547 0.340635
vt 0.893230 0.740392
vt 0.935098 0.427078
vt 0.930387 0.381581
vt 0.881156 0.250000
vt 0.904605 0.278453
vt 0.893231 0.259608
vt 0.845395 0.278453
vt 0.856770 0.259607
vt 0.835159 0.305812
vt 0.814902 0.427077
vt 0.819613 0.381580
vt 0.826453 0.340634
vt 0.812500 0.524622
vt 0.812500 0.475376
vt 0.814902 0.572922
vt 0.826453 0.659365
vt 0.819613 0.618419
vt 0.845395 0.721547
vt 0.835158 0.694187
vt 0.881156 0.750000
vt 0.868844 0.750000
vt 0.904605 0.721547
vt 0.923547 0.659366
vt 0.914841 0.694188
vt 0.935098 0.572923
vt 0.930387 0.618420
vt 0.937500 0.524623
s 1
f 95/65/3 67/66/3 77/67/3
f 128/68/3 101/69/3 111/70/3
f 66/71/3 96/69/3 65/72/3
f 92/73/3 94/74/3 95/65/3
f 94/74/3 92/73/3 93/75/3
f 89/76/3 90/77/3 91/68/3
f 91/68/3 88/78/3 89/76/3
f 85/79/3 86/80/3 87/81/3
f 83/82/3 84/83/3 85/79/3
f 85/79/3 82/84/3 83/82/3
f 82/84/3 80/85/3 81/86/3
f 77/67/3 78/87/3 79/88/3
f 75/89/3 76/90/3 77/67/3
f 73/91/3 74/70/3 75/89/3
f 71/92/3 72/93/3 73/91/3
f 69/94/3 70/95/3 71/92/3
f 67/66/3 68/96/3 69/94/3
f 96/69/3 66/71/3 67/66/3
f 67/66/3 95/65/3 96/69/3
f 95/65/3 91/68/3 92/73/3
f 85/79/3 87/81/3 88/78/3
f 77/67/3 82/84/3 85/79/3
f 77/67/3 79/88/3 80/85/3
f 71/92/3 75/89/3 77/67/3
f 75/89/3 71/92/3 73/91/3
f 71/92/3 67/66/3 69/94/3
f 85/79/3 91/68/3 95/65/3
f 91/68/3 85/79/3 88/78/3
f 82/84/3 77/67/3 80/85/3
f 77/67/3 67/66/3 71/92/3
f 77/67/3 85/79/3 95/65/3
f 98/75/3 128/68/3 97/73/3
f 125/78/3 126/76/3 127/77/3
f 123/80/3 124/81/3 125/78/3
f 125/78/3 122/79/3 123/80/3
f 122/79/3 120/82/3 121/83/3
f 117/85/3 118/86/3 119/84/3
f 115/87/3 116/88/3 117/85/3
f 113/90/3 114/67/3 115/87/3
f 111/70/3 112/89/3 113/90/3
f 109/93/3 110/91/3 111/70/3
f 107/95/3 108/92/3 109/93/3
f 111/70/3 106/94/3 107/95/3
f 106/94/3 104/66/3 105/96/3
f 101/69/3 102/72/3 103/71/3
f 99/74/3 100/65/3 101/69/3
f 101/69/3 98/75/3 99/74/3
f 125/78/3 127/77/3 128/68/3
f 115/87/3 122/79/3 125/78/3
f 115/87/3 119/84/3 120/82/3
f 119/84/3 115/87/3 117/85/3
f 115/87/3 111/70/3 113/90/3
f 111/70/3 107/95/3 109/93/3
f 101/69/3 103/71/3 104/66/3
f 128/68/3 98/75/3 101/69/3
f 111/70/3 125/78/3 128/68/3
f 122/79/3 115/87/3 120/82/3
f 104/66/3 106/94/3 111/70/3
f 111/70/3 101/69/3 104/66/3
f 111/70/3 115/87/3 125/78/3
o cedule_BU
v -0.062500 1.200000 0.200000
v -0.062500 1.200000 0.187500
v 0.062500 1.200000 0.187500
v 0.062500 1.200000 0.200000
v -0.062500 2.200000 0.200000
v -0.062500 2.200000 0.187500
v 0.062500 2.200000 0.187500
v 0.062500 2.200000 0.200000
v -0.062500 0.200000 0.200000
v -0.062500 0.200000 0.187500
v 0.062500 0.200000 0.187500
v 0.062500 0.200000 0.200000
v -0.062500 1.200000 0.200000
v -0.062500 1.200000 0.187500
v 0.062500 1.200000 0.187500
v 0.062500 1.200000 0.200000
vn -1.0000 -0.0000 -0.0000
vn -0.0000 -0.0000 -1.0000
vn 1.0000 -0.0000 -0.0000
vn -0.0000 -0.0000 1.0000
vn -0.0000 -1.0000 -0.0000
vn -0.0000 1.0000 -0.0000
vt 0.989135 0.875004
vt 0.989135 1.000004
vt 0.983700 1.000004
vt 0.968823 0.875004
vt 0.968823 1.000004
vt 0.906615 1.000004
vt 0.994570 0.875004
vt 1.000372 0.625453
vt 1.000372 0.874996
vt 1.000005 0.890629
vt 1.000005 0.906254
vt 0.994570 0.906254
vt 0.994570 0.890629
vt 1.000005 0.875004
vt 0.983700 0.875004
vt 0.906615 0.875004
vt 0.994570 1.000004
vt 0.968762 0.625453
s 1
f 134/97/4 130/98/4 129/99/4
f 135/100/5 131/101/5 130/102/5
f 136/98/6 132/97/6 131/103/6
f 133/104/7 129/105/7 132/100/7
f 130/106/8 131/107/8 132/108/8
f 135/109/9 134/103/9 133/110/9
f 142/97/4 138/98/4 137/99/4
f 143/100/5 139/101/5 138/102/5
f 144/98/6 140/97/6 139/103/6
f 141/104/7 137/105/7 140/100/7
f 138/106/8 139/107/8 140/108/8
f 143/109/9 142/103/9 141/110/9
f 133/111/4 134/97/4 129/99/4
f 134/112/5 135/100/5 130/102/5
f 135/113/6 136/98/6 131/103/6
f 136/114/7 133/104/7 132/100/7
f 129/109/8 130/106/8 132/108/8
f 136/106/9 135/109/9 133/110/9
f 141/111/4 142/97/4 137/99/4
f 142/112/5 143/100/5 138/102/5
f 143/113/6 144/98/6 139/103/6
f 144/114/7 141/104/7 140/100/7
f 137/109/8 138/106/8 140/108/8
f 144/106/9 143/109/9 141/110/9
o cedule_HP
v -0.062500 0.400000 0.200000
v -0.062500 0.400000 0.187500
v 0.062500 0.400000 0.187500
v 0.062500 0.400000 0.200000
v -0.062500 2.000000 0.200000
v -0.062500 2.000000 0.187500
v 0.062500 2.000000 0.187500
v 0.062500 2.000000 0.200000
vn -1.0000 -0.0000 -0.0000
vn -0.0000 -0.0000 -1.0000
vn 1.0000 -0.0000 -0.0000
vn -0.0000 -0.0000 1.0000
vn -0.0000 -1.0000 -0.0000
vn -0.0000 1.0000 -0.0000
vt 0.989135 0.875004
vt 0.989135 1.000004
vt 0.983700 1.000004
vt 0.968823 0.875004
vt 0.968823 1.000004
vt 0.906615 1.000004
vt 0.994570 0.875004
vt 0.906615 0.625453
vt 0.875005 1.000004
vt 1.000005 0.890629
vt 1.000005 0.906254
vt 0.994570 0.906254
vt 0.994570 0.890629
vt 1.000005 0.875004
vt 0.983700 0.875004
vt 0.906615 0.875004
vt 0.994570 1.000004
vt 0.875005 0.625453
s 1
f 150/115/10 146/116/10 145/117/10
f 151/118/11 147/119/11 146/120/11
f 152/116/12 148/115/12 147/121/12
f 149/122/13 145/120/13 148/123/13
f 146/124/14 147/125/14 148/126/14
f 151/127/15 150/121/15 149/128/15
f 149/129/10 150/115/10 145/117/10
f 150/130/11 151/118/11 146/120/11
f 151/131/12 152/116/12 147/121/12
f 152/132/13 149/122/13 148/123/13
f 145/127/14 146/124/14 148/126/14
f 152/124/15 151/127/15 149/128/15
o cedule_HP_drzaky
v -0.031250 0.468750 0.187500
v -0.031250 0.468750 0.125000
v 0.031250 0.468750 0.125000
v 0.031250 0.468750 0.187500
v -0.031250 0.531250 0.187500
v -0.031250 0.531250 0.125000
v 0.031250 0.531250 0.125000
v 0.031250 0.531250 0.187500
v -0.031250 1.868750 0.187500
v -0.031250 1.868750 0.125000
v 0.031250 1.868750 0.125000
v 0.031250 1.868750 0.187500
v -0.031250 1.931250 0.187500
v -0.031250 1.931250 0.125000
v 0.031250 1.931250 0.125000
v 0.031250 1.931250 0.187500
vn -1.0000 -0.0000 -0.0000
vn -0.0000 -0.0000 -1.0000
vn 1.0000 -0.0000 -0.0000
vn -0.0000 -0.0000 1.0000
vn -0.0000 -1.0000 -0.0000
vn -0.0000 1.0000 -0.0000
vt 0.431409 0.876178
vt 0.449409 0.876178
vt 0.449409 0.912178
vt 0.413409 0.840178
vt 0.431409 0.840178
vt 0.449409 0.840178
vt 0.431409 0.912178
vt 0.413409 0.912178
vt 0.413409 0.876178
vt 0.377409 0.912178
vt 0.377409 0.876178
vt 0.435653 0.866275
vt 0.453653 0.866275
vt 0.453653 0.902275
vt 0.417653 0.830275
vt 0.435653 0.830275
vt 0.453653 0.830275
vt 0.435653 0.902275
vt 0.417653 0.902275
vt 0.417653 0.866275
vt 0.381653 0.902275
vt 0.381653 0.866275
vt 0.377409 0.840178
vt 0.381653 0.830275
s 1
f 158/133/16 154/134/16 153/135/16
f 159/136/17 155/137/17 154/133/17
f 160/137/18 156/138/18 155/134/18
f 157/139/19 153/140/19 156/141/19
f 154/142/20 155/143/20 156/141/20
f 159/136/21 158/141/21 157/143/21
f 166/144/16 162/145/16 161/146/16
f 167/147/17 163/148/17 162/144/17
f 168/148/18 164/149/18 163/145/18
f 165/150/19 161/151/19 164/152/19
f 162/153/20 163/154/20 164/152/20
f 167/147/21 166/152/21 165/154/21
f 157/139/16 158/133/16 153/135/16
f 158/141/17 159/136/17 154/133/17
f 159/133/18 160/137/18 155/134/18
f 160/133/19 157/139/19 156/141/19
f 153/140/20 154/142/20 156/141/20
f 160/155/21 159/136/21 157/143/21
f 165/150/16 166/144/16 161/146/16
f 166/152/17 167/147/17 162/144/17
f 167/144/18 168/148/18 163/145/18
f 168/144/19 165/150/19 164/152/19
f 161/151/20 162/153/20 164/152/20
f 168/156/21 167/147/21 165/154/21
o cedule_VR
v -0.262500 0.000000 0.200000
v -0.262500 0.000000 0.187500
v 0.262500 0.000000 0.187500
v 0.262500 0.000000 0.200000
v -0.262500 1.000000 0.200000
v -0.262500 1.000000 0.187500
v 0.262500 1.000000 0.187500
v 0.262500 1.000000 0.200000
vn -1.0000 -0.0000 -0.0000
vn -0.0000 -0.0000 -1.0000
vn 1.0000 -0.0000 -0.0000
vn -0.0000 -0.0000 1.0000
vn -0.0000 -1.0000 -0.0000
vn -0.0000 1.0000 -0.0000
vt 0.989135 0.875004
vt 0.989135 1.000004
vt 0.983700 1.000004
vt 0.968823 0.875004
vt 0.968823 1.000004
vt 0.906615 1.000004
vt 0.994570 0.875004
vt 0.749981 0.500061
vt 0.749982 0.687499
vt 0.625009 0.687499
vt 1.000005 0.890629
vt 1.000005 0.906254
vt 0.994570 0.906254
vt 0.994570 0.890629
vt 1.000005 0.875004
vt 0.983700 0.875004
vt 0.906615 0.875004
vt 0.994570 1.000004
vt 0.625009 0.500061
s 1
f 174/157/22 170/158/22 169/159/22
f 175/160/23 171/161/23 170/162/23
f 176/158/24 172/157/24 171/163/24
f 173/164/25 169/165/25 172/166/25
f 170/167/26 171/168/26 172/169/26
f 175/170/27 174/163/27 173/171/27
f 173/172/22 174/157/22 169/159/22
f 174/173/23 175/160/23 170/162/23
f 175/174/24 176/158/24 171/163/24
f 176/175/25 173/164/25 172/166/25
f 169/170/26 170/167/26 172/169/26
f 176/167/27 175/170/27 173/171/27
o cedule_VR_drzaky
v -0.031250 0.468750 0.187500
v -0.031250 0.468750 0.125000
v 0.031250 0.468750 0.125000
v 0.031250 0.468750 0.187500
v -0.031250 0.531250 0.187500
v -0.031250 0.531250 0.125000
v 0.031250 0.531250 0.125000
v 0.031250 0.531250 0.187500
vn -1.0000 -0.0000 -0.0000
vn -0.0000 -0.0000 -1.0000
vn 1.0000 -0.0000 -0.0000
vn -0.0000 -0.0000 1.0000
vn -0.0000 -1.0000 -0.0000
vn -0.0000 1.0000 -0.0000
vt 0.431409 0.876178
vt 0.449409 0.876178
vt 0.449409 0.912178
vt 0.413409 0.840178
vt 0.431409 0.840178
vt 0.449409 0.840178
vt 0.431409 0.912178
vt 0.413409 0.912178
vt 0.413409 0.876178
vt 0.377409 0.912178
vt 0.377409 0.876178
vt 0.377409 0.840178
s 1
f 182/176/28 178/177/28 177/178/28
f 183/179/29 179/180/29 178/176/29
f 184/180/30 180/181/30 179/177/30
f 181/182/31 177/183/31 180/184/31
f 178/185/32 179/186/32 180/184/32
f 183/179/33 182/184/33 181/186/33
f 181/182/28 182/176/28 177/178/28
f 182/184/29 183/179/29 178/176/29
f 183/176/30 184/180/30 179/177/30
f 184/176/31 181/182/31 180/184/31
f 177/183/32 178/185/32 180/184/32
f 184/187/33 183/179/33 181/186/33
o cervena_HP
v 0.000000 4.424998 0.360000
v 0.014632 4.426439 0.360000
v 0.028701 4.430707 0.360000
v 0.041668 4.437638 0.360000
v 0.053033 4.446965 0.360000
v 0.062360 4.458331 0.360000
v 0.069291 4.471297 0.360000
v 0.073559 4.485366 0.360000
v 0.075000 4.499998 0.360000
v 0.073559 4.514630 0.360000
v 0.069291 4.528699 0.360000
v 0.062360 4.541666 0.360000
v 0.053033 4.553031 0.360000
v 0.041668 4.562358 0.360000
v 0.028701 4.569289 0.360000
v 0.014632 4.573557 0.360000
v 0.000000 4.574998 0.360000
v -0.014632 4.573557 0.360000
v -0.028701 4.569289 0.360000
v -0.041668 4.562358 0.360000
v -0.053033 4.553031 0.360000
v -0.062360 4.541666 0.360000
v -0.069291 4.528699 0.360000
v -0.073559 4.514630 0.360000
v -0.075000 4.499998 0.360000
v -0.073559 4.485366 0.360000
v -0.069291 4.471297 0.360000
v -0.062360 4.458330 0.360000
v -0.053033 4.446965 0.360000
v -0.041668 4.437638 0.360000
v -0.028701 4.430707 0.360000
v -0.014632 4.426439 0.360000
vn -0.0000 -0.0000 1.0000
vt 0.154605 0.721547
vt 0.085159 0.694188
vt 0.143231 0.259607
vt 0.118844 0.750000
vt 0.106769 0.740393
vt 0.143231 0.740393
vt 0.131156 0.750000
vt 0.173547 0.659366
vt 0.164841 0.694188
vt 0.180387 0.618419
vt 0.180387 0.381581
vt 0.187500 0.524623
vt 0.185098 0.572922
vt 0.185098 0.427078
vt 0.187500 0.475377
vt 0.154605 0.278453
vt 0.173547 0.340634
vt 0.164841 0.305812
vt 0.095395 0.278453
vt 0.131156 0.250000
vt 0.106769 0.259607
vt 0.118844 0.250000
vt 0.076453 0.340635
vt 0.085159 0.305812
vt 0.064902 0.427078
vt 0.069613 0.381581
vt 0.064902 0.572923
vt 0.062500 0.475377
vt 0.062500 0.524623
vt 0.076453 0.659366
vt 0.069613 0.618420
vt 0.095395 0.721547
s 1
f 213/188/34 187/189/34 201/190/34
f 213/188/34 216/191/34 185/192/34
f 216/191/34 214/193/34 215/194/34
f 211/195/34 212/196/34 213/188/34
f 213/188/34 210/197/34 211/195/34
f 205/198/34 208/199/34 209/200/34
f 205/198/34 206/201/34 207/202/34
f 202/203/34 204/204/34 205/198/34
f 204/204/34 202/203/34 203/205/34
f 197/206/34 200/207/34 201/190/34
f 200/207/34 198/208/34 199/209/34
f 195/210/34 196/211/34 197/206/34
f 193/212/34 194/213/34 195/210/34
f 190/214/34 192/215/34 193/212/34
f 192/215/34 190/214/34 191/216/34
f 187/189/34 188/217/34 189/218/34
f 185/192/34 186/219/34 187/189/34
f 213/188/34 214/193/34 216/191/34
f 209/200/34 210/197/34 213/188/34
f 205/198/34 207/202/34 208/199/34
f 201/190/34 202/203/34 205/198/34
f 197/206/34 198/208/34 200/207/34
f 193/212/34 195/210/34 197/206/34
f 197/206/34 190/214/34 193/212/34
f 190/214/34 187/189/34 189/218/34
f 187/189/34 213/188/34 185/192/34
f 213/188/34 205/198/34 209/200/34
f 187/189/34 197/206/34 201/190/34
f 197/206/34 187/189/34 190/214/34
f 201/190/34 205/198/34 213/188/34
o stativ_cedule
v -0.100000 0.450000 0.200250
v -0.100000 0.450000 0.187750
v 0.100000 0.450000 0.187750
v 0.100000 0.450000 0.200250
v -0.100000 0.650000 0.200250
v -0.100000 0.650000 0.187750
v 0.100000 0.650000 0.187750
v 0.100000 0.650000 0.200250
v -0.031250 0.518750 0.187500
v -0.031250 0.518750 0.125000
v 0.031250 0.518750 0.125000
v 0.031250 0.518750 0.187500
v -0.031250 0.581250 0.187500
v -0.031250 0.581250 0.125000
v 0.031250 0.581250 0.125000
v 0.031250 0.581250 0.187500
vn -1.0000 -0.0000 -0.0000
vn -0.0000 -0.0000 -1.0000
vn 1.0000 -0.0000 -0.0000
vn -0.0000 -0.0000 1.0000
vn -0.0000 -1.0000 -0.0000
vn -0.0000 1.0000 -0.0000
vt 0.665905 0.267462
vt 0.665905 0.417462
vt 0.650905 0.417462
vt 0.718361 0.267492
vt 0.718361 0.417432
vt 0.568421 0.417432
vt 0.680905 0.267462
vt 0.680905 0.417462
vt 0.631521 0.613336
vt 0.631521 0.573352
vt 0.671505 0.573352
vt 0.650905 0.267462
vt 0.635905 0.417462
vt 0.620905 0.417462
vt 0.620905 0.267462
vt 0.635905 0.267462
vt 0.120016 0.621295
vt 0.156016 0.621295
vt 0.156016 0.693295
vt 0.084016 0.549295
vt 0.120016 0.549295
vt 0.156016 0.549295
vt 0.120016 0.693295
vt 0.084016 0.693295
vt 0.084016 0.621295
vt 0.012016 0.693295
vt 0.012016 0.621295
vt 0.568421 0.267492
vt 0.671505 0.613336
vt 0.012016 0.549295
s 1
f 222/220/35 218/221/35 217/222/35
f 223/223/36 219/224/36 218/225/36
f 224/226/37 220/227/37 219/221/37
f 221/228/38 217/229/38 220/230/38
f 218/231/39 219/222/39 220/232/39
f 223/233/40 222/234/40 221/235/40
f 230/236/35 226/237/35 225/238/35
f 231/239/36 227/240/36 226/236/36
f 232/240/37 228/241/37 227/237/37
f 229/242/38 225/243/38 228/244/38
f 226/245/39 227/246/39 228/244/39
f 231/239/40 230/244/40 229/246/40
f 221/231/35 222/220/35 217/222/35
f 222/247/36 223/223/36 218/225/36
f 223/220/37 224/226/37 219/221/37
f 224/248/38 221/228/38 220/230/38
f 217/235/39 218/231/39 220/232/39
f 224/232/40 223/233/40 221/235/40
f 229/242/35 230/236/35 225/238/35
f 230/244/36 231/239/36 226/236/36
f 231/236/37 232/240/37 227/237/37
f 232/236/38 229/242/38 228/244/38
f 225/243/39 226/245/39 228/244/39
f 232/249/40 231/239/40 229/246/40
o stit_BU
v 0.070000 4.069998 0.300000
v 0.070000 4.069998 0.200000
v 0.230000 4.069998 0.200000
v 0.230000 4.069998 0.300000
v 0.070000 4.229998 0.300000
v 0.070000 4.229998 0.200000
v 0.230000 4.229998 0.200000
v 0.230000 4.229998 0.300000
v -0.080000 4.773660 0.300000
v -0.080000 4.773660 0.200000
v 0.080000 4.773660 0.200000
v 0.080000 4.773660 0.300000
v -0.080000 4.933660 0.300000
v -0.080000 4.933660 0.200000
v 0.080000 4.933660 0.200000
v 0.080000 4.933660 0.300000
v -0.230000 4.069998 0.300000
v -0.230000 4.069998 0.200000
v -0.070000 4.069998 0.200000
v -0.070000 4.069998 0.300000
v -0.230000 4.229998 0.300000
v -0.230000 4.229998 0.200000
v -0.070000 4.229998 0.200000
v -0.070000 4.229998 0.300000
v -0.300000 3.999999 0.350000
v -0.300000 3.999999 0.300000
v 0.300000 3.999999 0.300000
v 0.300000 3.999999 0.350000
v -0.300000 4.999998 0.350000
v -0.300000 4.999998 0.300000
v 0.300000 4.999998 0.300000
v 0.300000 4.999998 0.350000
v -0.300000 3.999999 0.300000
v -0.300000 3.999999 -0.500000
v 0.300000 3.999999 -0.500000
v 0.300000 3.999999 0.300000
v -0.300000 4.049998 0.300000
v -0.300000 4.049998 -0.500000
v 0.300000 4.049998 -0.500000
v 0.300000 4.049998 0.300000
v 0.219291 4.121292 0.400000
v 0.219291 4.121292 0.350000
v 0.223559 4.135362 0.400000
v 0.223559 4.135362 0.350000
v 0.225000 4.149993 0.410000
v 0.225000 4.149993 0.350000
v 0.223559 4.164625 0.450000
v 0.223559 4.164625 0.350000
v 0.219291 4.178695 0.500000
v 0.219291 4.178695 0.350000
v 0.212360 4.191661 0.500000
v 0.212360 4.191661 0.350000
v 0.203033 4.203027 0.500000
v 0.203033 4.203027 0.350000
v 0.191668 4.212354 0.500000
v 0.191668 4.212354 0.350000
v 0.178701 4.219285 0.500000
v 0.178701 4.219285 0.350000
v 0.164632 4.223553 0.500000
v 0.164632 4.223553 0.350000
v 0.150000 4.224994 0.500000
v 0.150000 4.224994 0.350000
v 0.135368 4.223553 0.500000
v 0.135368 4.223553 0.350000
v 0.121299 4.219285 0.500000
v 0.121299 4.219285 0.350000
v 0.108332 4.212354 0.500000
v 0.108332 4.212354 0.350000
v 0.096967 4.203027 0.500000
v 0.096967 4.203027 0.350000
v 0.087640 4.191661 0.500000
v 0.087640 4.191661 0.350000
v 0.080709 4.178695 0.500000
v 0.080709 4.178695 0.350000
v 0.076441 4.164625 0.450000
v 0.076441 4.164625 0.350000
v 0.075000 4.149993 0.410000
v 0.075000 4.149993 0.350000
v 0.076441 4.135362 0.400000
v 0.076441 4.135362 0.350000
v 0.080709 4.121292 0.400000
v 0.080709 4.121292 0.350000
v 0.233149 4.121294 0.400000
v 0.233149 4.121294 0.350000
v 0.238271 4.135364 0.400000
v 0.238271 4.135364 0.350000
v 0.240000 4.149993 0.410000
v 0.240000 4.149993 0.350000
v 0.238271 4.164624 0.450000
v 0.238271 4.164624 0.350000
v 0.233149 4.178694 0.500000
v 0.233149 4.178694 0.350000
v 0.224832 4.193568 0.500000
v 0.224832 4.193568 0.350000
v 0.213640 4.207206 0.500000
v 0.213640 4.207206 0.350000
v 0.200001 4.218399 0.500000
v 0.200001 4.218399 0.350000
v 0.184442 4.226716 0.500000
v 0.184442 4.226716 0.350000
v 0.167558 4.231837 0.500000
v 0.167558 4.231838 0.350000
v 0.150000 4.233567 0.500000
v 0.150000 4.233567 0.350000
v 0.132442 4.231837 0.500000
v 0.132442 4.231838 0.350000
v 0.115558 4.226716 0.500000
v 0.115558 4.226716 0.350000
v 0.099999 4.218399 0.500000
v 0.099999 4.218399 0.350000
v 0.086360 4.207206 0.500000
v 0.086360 4.207206 0.350000
v 0.075168 4.193568 0.500000
v 0.075168 4.193568 0.350000
v 0.066851 4.178694 0.500000
v 0.066851 4.178694 0.350000
v 0.061729 4.164624 0.450000
v 0.061729 4.164624 0.350000
v 0.060000 4.149993 0.410000
v 0.060000 4.149993 0.350000
v 0.061729 4.135364 0.400000
v 0.061729 4.135364 0.350000
v 0.066851 4.121294 0.400000
v 0.066851 4.121294 0.350000
v 0.069291 4.821295 0.400000
v 0.069291 4.821295 0.350000
v 0.073559 4.835365 0.400000
v 0.073559 4.835365 0.350000
v 0.075000 4.849997 0.410000
v 0.075000 4.849997 0.350000
v 0.073559 4.864628 0.450000
v 0.073559 4.864628 0.350000
v 0.069291 4.878698 0.500000
v 0.069291 4.878698 0.350000
v 0.062360 4.891665 0.500000
v 0.062360 4.891665 0.350000
v 0.053033 4.903029 0.500000
v 0.053033 4.903029 0.350000
v 0.041668 4.912357 0.500000
v 0.041668 4.912357 0.350000
v 0.028701 4.919288 0.500000
v 0.028701 4.919288 0.350000
v 0.014632 4.923555 0.500000
v 0.014632 4.923555 0.350000
v 0.000000 4.924996 0.500000
v 0.000000 4.924997 0.350000
v -0.014632 4.923555 0.500000
v -0.014632 4.923555 0.350000
v -0.028701 4.919288 0.500000
v -0.028701 4.919288 0.350000
v -0.041668 4.912357 0.500000
v -0.041668 4.912357 0.350000
v -0.053033 4.903029 0.500000
v -0.053033 4.903029 0.350000
v -0.062360 4.891665 0.500000
v -0.062360 4.891665 0.350000
v -0.069291 4.878698 0.500000
v -0.069291 4.878698 0.350000
v -0.073559 4.864628 0.450000
v -0.073559 4.864628 0.350000
v -0.075000 4.849997 0.410000
v -0.075000 4.849997 0.350000
v -0.073559 4.835365 0.400000
v -0.073559 4.835365 0.350000
v -0.069291 4.821295 0.400000
v -0.069291 4.821295 0.350000
v 0.083149 4.821297 0.400000
v 0.083149 4.821297 0.350000
v 0.088271 4.835367 0.400000
v 0.088271 4.835367 0.350000
v 0.090000 4.849997 0.410000
v 0.090000 4.849997 0.350000
v 0.088271 4.864627 0.450000
v 0.088271 4.864627 0.350000
v 0.083149 4.878696 0.500000
v 0.083149 4.878696 0.350000
v 0.074832 4.893571 0.500000
v 0.074832 4.893571 0.350000
v 0.063640 4.907209 0.500000
v 0.063640 4.907209 0.350000
v 0.050001 4.918402 0.500000
v 0.050001 4.918402 0.350000
v 0.034442 4.926719 0.500000
v 0.034442 4.926719 0.350000
v 0.017558 4.931840 0.500000
v 0.017558 4.931840 0.350000
v 0.000000 4.933570 0.500000
v 0.000000 4.933570 0.350000
v -0.017558 4.931840 0.500000
v -0.017558 4.931840 0.350000
v -0.034442 4.926719 0.500000
v -0.034442 4.926719 0.350000
v -0.050001 4.918402 0.500000
v -0.050001 4.918402 0.350000
v -0.063640 4.907209 0.500000
v -0.063640 4.907209 0.350000
v -0.074832 4.893571 0.500000
v -0.074832 4.893571 0.350000
v -0.083149 4.878696 0.500000
v -0.083149 4.878696 0.350000
v -0.088271 4.864627 0.450000
v -0.088271 4.864627 0.350000
v -0.090000 4.849997 0.410000
v -0.090000 4.849997 0.350000
v -0.088271 4.835367 0.400000
v -0.088271 4.835367 0.350000
v -0.083149 4.821297 0.400000
v -0.083149 4.821297 0.350000
v -0.080709 4.121292 0.400000
v -0.080709 4.121292 0.350000
v -0.076441 4.135362 0.400000
v -0.076441 4.135362 0.350000
v -0.075000 4.149993 0.410000
v -0.075000 4.149993 0.350000
v -0.076441 4.164625 0.450000
v -0.076441 4.164625 0.350000
v -0.080709 4.178695 0.500000
v -0.080709 4.178695 0.350000
v -0.087640 4.191661 0.500000
v -0.087640 4.191661 0.350000
v -0.096967 4.203027 0.500000
v -0.096967 4.203027 0.350000
v -0.108332 4.212354 0.500000
v -0.108332 4.212354 0.350000
v -0.121299 4.219285 0.500000
v -0.121299 4.219285 0.350000
v -0.135368 4.223553 0.500000
v -0.135368 4.223553 0.350000
v -0.150000 4.224994 0.500000
v -0.150000 4.224994 0.350000
v -0.164632 4.223553 0.500000
v -0.164632 4.223553 0.350000
v -0.178701 4.219285 0.500000
v -0.178701 4.219285 0.350000
v -0.191668 4.212354 0.500000
v -0.191668 4.212354 0.350000
v -0.203033 4.203027 0.500000
v -0.203033 4.203027 0.350000
v -0.212360 4.191661 0.500000
v -0.212360 4.191661 0.350000
v -0.219291 4.178695 0.500000
v -0.219291 4.178695 0.350000
v -0.223559 4.164625 0.450000
v -0.223559 4.164625 0.350000
v -0.225000 4.149993 0.410000
v -0.225000 4.149993 0.350000
v -0.223559 4.135362 0.400000
v -0.223559 4.135362 0.350000
v -0.219291 4.121292 0.400000
v -0.219291 4.121292 0.350000
v -0.066851 4.121294 0.400000
v -0.066851 4.121294 0.350000
v -0.061729 4.135364 0.400000
v -0.061729 4.135364 0.350000
v -0.060000 4.149993 0.410000
v -0.060000 4.149993 0.350000
v -0.061729 4.164624 0.450000
v -0.061729 4.164624 0.350000
v -0.066851 4.178694 0.500000
v -0.066851 4.178694 0.350000
v -0.075168 4.193568 0.500000
v -0.075168 4.193568 0.350000
v -0.086360 4.207206 0.500000
v -0.086360 4.207206 0.350000
v -0.099999 4.218399 0.500000
v -0.099999 4.218399 0.350000
v -0.115558 4.226716 0.500000
v -0.115558 4.226716 0.350000
v -0.132442 4.231837 0.500000
v -0.132442 4.231838 0.350000
v -0.150000 4.233567 0.500000
v -0.150000 4.233567 0.350000
v -0.167558 4.231837 0.500000
v -0.167558 4.231838 0.350000
v -0.184442 4.226716 0.500000
v -0.184442 4.226716 0.350000
v -0.200001 4.218399 0.500000
v -0.200001 4.218399 0.350000
v -0.213640 4.207206 0.500000
v -0.213640 4.207206 0.350000
v -0.224832 4.193568 0.500000
v -0.224832 4.193568 0.350000
v -0.233149 4.178694 0.500000
v -0.233149 4.178694 0.350000
v -0.238271 4.164624 0.450000
v -0.238271 4.164624 0.350000
v -0.240000 4.149993 0.410000
v -0.240000 4.149993 0.350000
v -0.238271 4.135364 0.400000
v -0.238271 4.135364 0.350000
v -0.233149 4.121294 0.400000
v -0.233149 4.121294 0.350000
v 0.250000 4.474998 0.300000
v 0.250000 4.474998 -0.450000
v 0.300000 4.474998 -0.450000
v 0.300000 4.474998 0.300000
v 0.250000 4.524998 0.300000
v 0.250000 4.524998 -0.450000
v 0.300000 4.524998 -0.450000
v 0.300000 4.524998 0.300000
v 0.250000 4.474998 -0.500000
v 0.300000 4.474998 -0.500000
v 0.250000 4.524998 -0.500000
v 0.300000 4.524998 -0.500000
v -0.250000 4.474998 -0.450000
v -0.250000 4.524998 -0.450000
v -0.250000 4.474998 -0.500000
v -0.250000 4.524998 -0.500000
v -0.300000 4.474998 -0.450000
v -0.300000 4.524998 -0.450000
v -0.300000 4.474998 -0.500000
v -0.300000 4.524998 -0.500000
v -0.250000 4.474998 0.300000
v -0.250000 4.524998 0.300000
v -0.300000 4.474998 0.300000
v -0.300000 4.524998 0.300000
v 0.250000 4.049999 -0.062500
v 0.250000 4.049999 -0.112500
v 0.300000 4.049999 -0.112500
v 0.300000 4.049999 -0.062500
v 0.250000 4.474998 -0.062500
v 0.250000 4.474998 -0.112500
v 0.300000 4.474998 -0.112500
v 0.300000 4.474998 -0.062500
v -0.300000 4.049999 -0.062500
v -0.300000 4.049999 -0.112500
v -0.250000 4.049999 -0.112500
v -0.250000 4.049999 -0.062500
v -0.300000 4.474998 -0.062500
v -0.300000 4.474998 -0.112500
v -0.250000 4.474998 -0.112500
v -0.250000 4.474998 -0.062500
v -0.025000 4.049999 -0.450000
v -0.025000 4.049999 -0.500000
v 0.025000 4.049999 -0.500000
v 0.025000 4.049999 -0.450000
v -0.025000 4.474998 -0.450000
v -0.025000 4.474998 -0.500000
v 0.025000 4.474998 -0.500000
v 0.025000 4.474998 -0.450000
v 0.150000 4.074998 0.355000
v 0.164632 4.076439 0.355000
v 0.178701 4.080707 0.355000
v 0.191668 4.087638 0.355000
v 0.203033 4.096965 0.355000
v 0.212360 4.108330 0.355000
v 0.219291 4.121297 0.355000
v 0.223559 4.135366 0.355000
v 0.225000 4.149998 0.355000
v 0.223559 4.164630 0.355000
v 0.219291 4.178699 0.355000
v 0.212360 4.191666 0.355000
v 0.203033 4.203031 0.355000
v 0.191668 4.212358 0.355000
v 0.178701 4.219289 0.355000
v 0.164632 4.223557 0.355000
v 0.150000 4.224998 0.355000
v 0.135368 4.223557 0.355000
v 0.121299 4.219289 0.355000
v 0.108332 4.212358 0.355000
v 0.096967 4.203031 0.355000
v 0.087640 4.191666 0.355000
v 0.080709 4.178699 0.355000
v 0.076441 4.164630 0.355000
v 0.075000 4.149998 0.355000
v 0.076441 4.135366 0.355000
v 0.080709 4.121297 0.355000
v 0.087640 4.108330 0.355000
v 0.096967 4.096965 0.355000
v 0.108332 4.087638 0.355000
v 0.121299 4.080707 0.355000
v 0.135368 4.076439 0.355000
v 0.000000 4.774998 0.355000
v 0.014632 4.776439 0.355000
v 0.028701 4.780707 0.355000
v 0.041668 4.787638 0.355000
v 0.053033 4.796965 0.355000
v 0.062360 4.808330 0.355000
v 0.069291 4.821297 0.355000
v 0.073559 4.835366 0.355000
v 0.075000 4.849998 0.355000
v 0.073559 4.864630 0.355000
v 0.069291 4.878699 0.355000
v 0.062360 4.891666 0.355000
v 0.053033 4.903031 0.355000
v 0.041668 4.912358 0.355000
v 0.028701 4.919289 0.355000
v 0.014632 4.923557 0.355000
v 0.000000 4.924998 0.355000
v -0.014632 4.923557 0.355000
v -0.028701 4.919289 0.355000
v -0.041668 4.912358 0.355000
v -0.053033 4.903031 0.355000
v -0.062360 4.891666 0.355000
v -0.069291 4.878699 0.355000
v -0.073559 4.864630 0.355000
v -0.075000 4.849998 0.355000
v -0.073559 4.835366 0.355000
v -0.069291 4.821297 0.355000
v -0.062360 4.808330 0.355000
v -0.053033 4.796965 0.355000
v -0.041668 4.787638 0.355000
v -0.028701 4.780707 0.355000
v -0.014632 4.776439 0.355000
v -0.150000 4.074998 0.355000
v -0.135368 4.076439 0.355000
v -0.121299 4.080707 0.355000
v -0.108332 4.087638 0.355000
v -0.096967 4.096965 0.355000
v -0.087640 4.108331 0.355000
v -0.080709 4.121297 0.355000
v -0.076441 4.135366 0.355000
v -0.075000 4.149998 0.355000
v -0.076441 4.164630 0.355000
v -0.080709 4.178699 0.355000
v -0.087640 4.191666 0.355000
v -0.096967 4.203031 0.355000
v -0.108332 4.212358 0.355000
v -0.121299 4.219289 0.355000
v -0.135368 4.223557 0.355000
v -0.150000 4.224998 0.355000
v -0.164632 4.223557 0.355000
v -0.178701 4.219289 0.355000
v -0.191668 4.212358 0.355000
v -0.203033 4.203031 0.355000
v -0.212360 4.191666 0.355000
v -0.219291 4.178699 0.355000
v -0.223559 4.164630 0.355000
v -0.225000 4.149998 0.355000
v -0.223559 4.135366 0.355000
v -0.219291 4.121297 0.355000
v -0.212360 4.108330 0.355000
v -0.203033 4.096965 0.355000
v -0.191668 4.087638 0.355000
v -0.178701 4.080707 0.355000
v -0.164632 4.076439 0.355000
vn -1.0000 -0.0000 -0.0000
vn -0.0000 -0.0000 -1.0000
vn 1.0000 -0.0000 -0.0000
vn -0.0000 -0.0000 1.0000
vn -0.0000 -1.0000 -0.0000
vn -0.0000 1.0000 -0.0000
vn -0.9569 0.2903 -0.0000
vn -0.9952 0.0980 -0.0000
vn -0.9952 -0.0980 -0.0000
vn -0.9569 -0.2903 -0.0000
vn -0.8819 -0.4714 -0.0000
vn -0.7730 -0.6344 -0.0000
vn -0.6344 -0.7730 -0.0000
vn -0.4714 -0.8819 -0.0000
vn -0.2903 -0.9569 -0.0000
vn -0.0980 -0.9952 -0.0000
vn 0.0980 -0.9952 -0.0000
vn 0.2903 -0.9569 -0.0000
vn 0.4714 -0.8819 -0.0000
vn 0.6344 -0.7730 -0.0000
vn 0.7730 -0.6344 -0.0000
vn 0.8819 -0.4714 -0.0000
vn 0.9569 -0.2903 -0.0000
vn 0.9952 -0.0980 -0.0000
vn 0.9952 0.0980 -0.0000
vn 0.9569 0.2903 -0.0000
vn 0.9397 -0.3421 -0.0000
vn 0.9931 -0.1174 -0.0000
vn 0.9931 0.1174 -0.0000
vn 0.9397 0.3421 -0.0000
vn 0.8728 0.4880 -0.0000
vn 0.7730 0.6344 -0.0000
vn 0.6344 0.7730 -0.0000
vn 0.4714 0.8819 -0.0000
vn 0.2903 0.9569 -0.0000
vn 0.2902 0.9570 -0.0000
vn 0.0980 0.9952 -0.0000
vn 0.0981 0.9952 -0.0000
vn -0.0980 0.9952 -0.0000
vn -0.0981 0.9952 -0.0000
vn -0.2903 0.9569 -0.0000
vn -0.2902 0.9570 -0.0000
vn -0.4714 0.8819 -0.0000
vn -0.6344 0.7730 -0.0000
vn -0.7730 0.6344 -0.0000
vn -0.8728 0.4880 -0.0000
vn -0.9397 0.3421 -0.0000
vn -0.9931 0.1174 -0.0000
vn -0.9931 -0.1174 -0.0000
vn -0.9397 -0.3421 -0.0000
vn 0.0001 -1.0000 -0.0000
vn -0.0001 -1.0000 -0.0000
vn 0.0001 -0.9626 0.2709
vn -0.0000 -0.9391 0.3435
vn 0.0001 -0.9391 0.3435
vn -0.0000 -0.5643 0.8256
vn -0.0001 -0.9626 0.2709
vn 0.0001 -0.5643 0.8256
vn -0.2902 -0.9570 -0.0000
vn -0.0981 -0.9952 -0.0000
vn 0.0981 -0.9952 -0.0000
vn 0.2902 -0.9570 -0.0000
vn 0.0002 -1.0000 -0.0000
vn -0.0002 -1.0000 -0.0000
vn -0.0000 -0.9392 0.3435
vn -0.0001 -0.5643 0.8256
vn -0.0001 -0.9626 0.2708
vn -0.0001 -0.9391 0.3435
vt 0.311439 0.562498
vt 0.311439 0.624998
vt 0.276717 0.624998
vt 0.241995 0.499998
vt 0.241995 0.562498
vt 0.186439 0.562498
vt 0.311439 0.499998
vt 0.276717 0.562498
vt 0.241995 0.624998
vt 0.186439 0.624998
vt 0.276717 0.499998
vt 0.186439 0.499998
vt 0.347222 0.722222
vt 0.347222 1.000000
vt 0.333333 1.000000
vt 0.000000 0.777778
vt 0.000000 0.500000
vt 0.166667 0.500000
vt 0.361111 0.722222
vt 0.333333 0.500000
vt 0.333333 0.777778
vt 0.166667 0.777778
vt 0.416667 0.888889
vt 0.416667 0.722222
vt 0.430556 0.722222
vt 0.402778 0.888889
vt 0.375000 0.722222
vt 0.388889 0.722222
vt 0.388889 0.944444
vt 0.180556 0.944444
vt 0.166667 0.944444
vt 0.375000 0.944444
vt 0.388889 0.888889
vt 0.500000 0.500000
vt 0.500000 0.722222
vt 0.166667 1.000000
vt 0.000000 1.000000
vt 0.420404 0.816743
vt 0.420404 0.835558
vt 0.415097 0.835558
vt 0.425923 0.812980
vt 0.425923 0.835558
vt 0.431442 0.797929
vt 0.431442 0.835558
vt 0.436749 0.779114
vt 0.436749 0.835558
vt 0.369754 0.779114
vt 0.369754 0.835558
vt 0.374882 0.835558
vt 0.407535 0.836235
vt 0.407535 0.779792
vt 0.411822 0.779792
vt 0.379256 0.723298
vt 0.379256 0.779366
vt 0.375130 0.779792
vt 0.384026 0.722973
vt 0.384026 0.779041
vt 0.389256 0.722761
vt 0.389256 0.778829
vt 0.394745 0.722670
vt 0.394745 0.778739
vt 0.400283 0.722705
vt 0.400283 0.778773
vt 0.405656 0.722862
vt 0.405656 0.778930
vt 0.410658 0.723137
vt 0.410658 0.779206
vt 0.415097 0.723519
vt 0.415097 0.779587
vt 0.415097 0.722670
vt 0.419010 0.722670
vt 0.419010 0.779114
vt 0.423614 0.722670
vt 0.423614 0.779114
vt 0.428733 0.741485
vt 0.428733 0.779114
vt 0.434170 0.756537
vt 0.434170 0.779114
vt 0.439715 0.760300
vt 0.439715 0.779114
vt 0.445157 0.760300
vt 0.445157 0.779114
vt 0.364667 0.835558
vt 0.364667 0.816743
vt 0.359242 0.835558
vt 0.359242 0.812980
vt 0.353686 0.835558
vt 0.353686 0.797929
vt 0.348212 0.835558
vt 0.342315 0.835558
vt 0.342315 0.779114
vt 0.336774 0.835558
vt 0.336774 0.779114
vt 0.332058 0.835558
vt 0.332058 0.779114
vt 0.375130 0.779114
vt 0.369596 0.779114
vt 0.369596 0.722670
vt 0.363448 0.779114
vt 0.363448 0.722670
vt 0.356921 0.779114
vt 0.356921 0.722670
vt 0.350266 0.779114
vt 0.350266 0.722670
vt 0.343739 0.779114
vt 0.343739 0.722670
vt 0.337591 0.779114
vt 0.337591 0.722670
vt 0.332058 0.722670
vt 0.375130 0.836235
vt 0.380274 0.779792
vt 0.385884 0.779792
vt 0.385884 0.836235
vt 0.391191 0.779792
vt 0.391191 0.817421
vt 0.396710 0.779792
vt 0.396710 0.802369
vt 0.402228 0.779792
vt 0.402228 0.798606
vt 0.407535 0.798606
vt 0.456363 0.758036
vt 0.456363 0.776726
vt 0.451141 0.776752
vt 0.445157 0.757929
vt 0.450379 0.757902
vt 0.450379 0.776592
vt 0.348639 0.838016
vt 0.344030 0.835558
vt 0.344151 0.841969
vt 0.456671 0.738662
vt 0.457058 0.758036
vt 0.451848 0.757671
vt 0.457058 0.723065
vt 0.451141 0.738275
vt 0.338044 0.846569
vt 0.332495 0.847670
vt 0.332058 0.842144
vt 0.337500 0.841063
vt 0.332917 0.836576
vt 0.450693 0.742020
vt 0.445157 0.742312
vt 0.445926 0.722946
vt 0.451141 0.757604
vt 0.445496 0.757902
vt 0.344030 0.836659
vt 0.343486 0.842165
vt 0.338044 0.841084
vt 0.344030 0.847670
vt 0.338903 0.846653
vt 0.454785 0.834082
vt 0.454530 0.838823
vt 0.448997 0.835135
vt 0.450174 0.831009
vt 0.444291 0.830441
vt 0.446252 0.827097
vt 0.440594 0.824921
vt 0.443171 0.822497
vt 0.438047 0.818787
vt 0.441049 0.817386
vt 0.436749 0.812276
vt 0.439967 0.806427
vt 0.439967 0.811959
vt 0.441049 0.801001
vt 0.436749 0.805637
vt 0.443171 0.795889
vt 0.438047 0.799125
vt 0.446252 0.791289
vt 0.440594 0.792992
vt 0.450174 0.787377
vt 0.444291 0.787472
vt 0.454785 0.784304
vt 0.448997 0.782777
vt 0.406667 0.840548
vt 0.406667 0.820443
vt 0.411919 0.820443
vt 0.417709 0.823195
vt 0.422423 0.819174
vt 0.422423 0.843300
vt 0.427768 0.803090
vt 0.427768 0.843300
vt 0.433539 0.782985
vt 0.433539 0.843300
vt 0.411919 0.782985
vt 0.411919 0.843300
vt 0.417709 0.843300
vt 0.398960 0.843300
vt 0.398960 0.782985
vt 0.404910 0.782985
vt 0.393264 0.843300
vt 0.393264 0.782985
vt 0.388041 0.843300
vt 0.388041 0.782985
vt 0.383492 0.843300
vt 0.383492 0.782985
vt 0.335899 0.722670
vt 0.335899 0.782985
vt 0.332058 0.782985
vt 0.340564 0.722670
vt 0.340564 0.782985
vt 0.345874 0.722670
vt 0.345874 0.782985
vt 0.351623 0.722670
vt 0.351623 0.782985
vt 0.357592 0.722670
vt 0.357592 0.782985
vt 0.363551 0.722670
vt 0.363551 0.782985
vt 0.369271 0.722670
vt 0.369271 0.782985
vt 0.374532 0.742775
vt 0.374532 0.782985
vt 0.379132 0.758859
vt 0.379132 0.782985
vt 0.450282 0.830706
vt 0.450282 0.810601
vt 0.455040 0.810601
vt 0.444905 0.830706
vt 0.444905 0.810601
vt 0.443732 0.810601
vt 0.438222 0.810601
vt 0.438222 0.790496
vt 0.433539 0.810601
vt 0.381996 0.819174
vt 0.381996 0.843300
vt 0.377159 0.843300
vt 0.377159 0.803090
vt 0.371544 0.843300
vt 0.364800 0.843300
vt 0.364800 0.782985
vt 0.357623 0.843300
vt 0.350494 0.843300
vt 0.350494 0.782985
vt 0.343686 0.843300
vt 0.343686 0.782985
vt 0.337461 0.843300
vt 0.332058 0.843300
vt 0.427927 0.782985
vt 0.427927 0.722670
vt 0.421545 0.782985
vt 0.421545 0.722670
vt 0.414639 0.782985
vt 0.414639 0.722670
vt 0.407474 0.782985
vt 0.407474 0.722670
vt 0.400326 0.782985
vt 0.393664 0.782985
vt 0.393664 0.722670
vt 0.388163 0.782985
vt 0.388163 0.742775
vt 0.383492 0.758859
vt 0.444905 0.834727
vt 0.439498 0.834727
vt 0.439498 0.814622
vt 0.433539 0.834727
vt 0.433539 0.814622
vt 0.447760 0.790496
vt 0.447760 0.810601
vt 0.457058 0.742775
vt 0.453030 0.742775
vt 0.453030 0.722670
vt 0.452742 0.804689
vt 0.447760 0.802062
vt 0.447892 0.808913
vt 0.373300 0.722670
vt 0.378809 0.742775
vt 0.454229 0.798242
vt 0.448232 0.799419
vt 0.447760 0.793513
vt 0.453642 0.792359
vt 0.448689 0.787563
vt 0.411077 0.803957
vt 0.406868 0.803216
vt 0.407953 0.782985
vt 0.407626 0.819687
vt 0.440008 0.835904
vt 0.439421 0.841787
vt 0.433539 0.840632
vt 0.440008 0.847670
vt 0.434468 0.846583
vt 0.453030 0.781409
vt 0.452754 0.786475
vt 0.446775 0.782534
vt 0.448047 0.778125
vt 0.441690 0.777517
vt 0.443809 0.773944
vt 0.437694 0.771619
vt 0.440479 0.769029
vt 0.434942 0.765064
vt 0.438186 0.763567
vt 0.433539 0.758106
vt 0.437017 0.751857
vt 0.437017 0.757768
vt 0.438186 0.746058
vt 0.433539 0.751012
vt 0.440479 0.740596
vt 0.434942 0.744054
vt 0.443809 0.735681
vt 0.437694 0.737500
vt 0.448047 0.731501
vt 0.441690 0.731601
vt 0.453030 0.728216
vt 0.446775 0.726585
vt 0.380274 0.836235
vt 0.451141 0.758063
vt 0.445157 0.776618
vt 0.120537 0.500005
vt 0.125001 0.500005
vt 0.125001 0.569449
vt 0.049108 0.504634
vt 0.049108 0.500005
vt 0.053573 0.500005
vt 0.107144 0.500005
vt 0.111608 0.500005
vt 0.111608 0.569449
vt 0.008930 0.574079
vt 0.008930 0.578708
vt 0.004465 0.578708
vt 0.053573 0.504634
vt 0.053573 0.574079
vt 0.058037 0.504634
vt 0.058037 0.574079
vt 0.120537 0.625005
vt 0.116073 0.625005
vt 0.116073 0.620375
vt 0.111608 0.574079
vt 0.107144 0.574079
vt 0.058037 0.500005
vt 0.102680 0.500005
vt 0.102680 0.504634
vt 0.107144 0.504634
vt 0.004466 0.504634
vt 0.004466 0.500005
vt 0.116073 0.574079
vt 0.120537 0.574079
vt 0.004465 0.574079
vt 0.004465 0.620375
vt 0.000001 0.620375
vt 0.111608 0.504634
vt 0.116073 0.500005
vt 0.000001 0.504634
vt 0.116073 0.569449
vt 0.120537 0.569449
vt 0.000001 0.574079
vt 0.013394 0.574079
vt 0.013394 0.578708
vt 0.102680 0.574079
vt 0.116073 0.504634
vt 0.049998 0.624999
vt 0.049998 0.499999
vt 0.074998 0.499999
vt 0.024998 0.624999
vt 0.074998 0.624999
vt 0.099998 0.499999
vt 0.024998 0.499999
vt -0.000002 0.624999
vt 0.124998 0.514705
vt 0.124998 0.529411
vt 0.099998 0.529411
vt 0.099998 0.514705
vt 0.099998 0.624999
vt 0.333333 0.722222
vt 0.361111 1.000000
vt 0.430556 0.888889
vt 0.402778 0.722222
vt 0.180556 0.777778
vt 0.361111 0.944444
vt 0.415097 0.816743
vt 0.374882 0.779114
vt 0.411822 0.836235
vt 0.375130 0.723723
vt 0.415097 0.779114
vt 0.369754 0.816743
vt 0.348212 0.779114
vt 0.375130 0.722670
vt 0.348639 0.843549
vt 0.451419 0.722670
vt 0.338044 0.835558
vt 0.451141 0.722670
vt 0.338481 0.835558
vt 0.454273 0.779114
vt 0.411919 0.840548
vt 0.417709 0.782985
vt 0.404910 0.843300
vt 0.455040 0.834727
vt 0.443731 0.790496
vt 0.433539 0.786475
vt 0.371544 0.782985
vt 0.337461 0.782985
vt 0.433539 0.722670
vt 0.457058 0.722670
vt 0.452742 0.810601
vt 0.454229 0.786475
vt 0.411919 0.783683
vt 0.434011 0.834727
vt 0.452477 0.722670
vt 0.107144 0.569449
vt 0.049108 0.574079
vt 0.120537 0.620375
vt 0.518111 0.495161
vt 0.504389 0.478441
vt 0.544756 0.445313
vt 0.523230 0.497534
vt 0.506509 0.483812
vt 0.518111 0.445566
vt 0.534709 0.441860
vt 0.514010 0.491831
vt 0.507015 0.456663
vt 0.539637 0.497281
vt 0.523230 0.497281
vt 0.534203 0.498362
vt 0.528663 0.498362
vt 0.549362 0.492083
vt 0.544756 0.495161
vt 0.553280 0.488166
vt 0.558478 0.462034
vt 0.558478 0.478441
vt 0.556357 0.483560
vt 0.559558 0.467467
vt 0.559558 0.473007
vt 0.549362 0.448391
vt 0.556357 0.456915
vt 0.553280 0.452309
vt 0.523230 0.443193
vt 0.539637 0.443193
vt 0.528663 0.442112
vt 0.534203 0.442112
vt 0.513505 0.448391
vt 0.518111 0.445313
vt 0.509587 0.452309
vt 0.504389 0.462034
vt 0.506509 0.456915
vt 0.503308 0.473007
vt 0.503308 0.467467
vt 0.513505 0.492083
vt 0.506509 0.483560
vt 0.509587 0.488166
vt 0.544756 0.495414
vt 0.528663 0.498615
vt 0.539637 0.497534
vt 0.534203 0.498615
vt 0.553279 0.488419
vt 0.549362 0.492336
vt 0.556357 0.483812
vt 0.556357 0.457168
vt 0.559558 0.473260
vt 0.558478 0.478694
vt 0.558478 0.462286
vt 0.559558 0.467720
vt 0.544756 0.445566
vt 0.553279 0.452561
vt 0.549362 0.448644
vt 0.534203 0.442365
vt 0.539637 0.443446
vt 0.523230 0.443446
vt 0.528663 0.442365
vt 0.509587 0.452561
vt 0.513505 0.448644
vt 0.506509 0.457168
vt 0.503308 0.467720
vt 0.504389 0.462286
vt 0.504389 0.478694
vt 0.503308 0.473260
vt 0.518111 0.495414
vt 0.509587 0.488419
vt 0.513505 0.492336
vt 0.534709 0.498110
vt 0.545261 0.494909
vt 0.540143 0.497029
vt 0.553785 0.487914
vt 0.549867 0.491831
vt 0.558983 0.478188
vt 0.556863 0.483307
vt 0.560064 0.467215
vt 0.560064 0.472755
vt 0.556863 0.456663
vt 0.558983 0.461781
vt 0.545261 0.445061
vt 0.549867 0.448139
vt 0.553785 0.452056
vt 0.540143 0.442940
vt 0.523735 0.442941
vt 0.529169 0.441860
vt 0.518617 0.445061
vt 0.510093 0.452056
vt 0.514010 0.448139
vt 0.503814 0.467215
vt 0.504895 0.461781
vt 0.503814 0.472755
vt 0.507015 0.483307
vt 0.504895 0.478188
vt 0.510093 0.487913
vt 0.523735 0.497029
vt 0.518616 0.494909
vt 0.529169 0.498110
s 1
f 238/250/41 234/251/41 233/252/41
f 239/253/42 235/254/42 234/255/42
f 240/256/43 236/250/43 235/257/43
f 237/254/44 233/258/44 236/259/44
f 234/260/45 235/257/45 236/254/45
f 239/258/46 238/254/46 237/257/46
f 246/257/41 242/252/41 241/258/41
f 247/259/42 243/255/42 242/254/42
f 248/260/43 244/257/43 243/254/43
f 245/253/44 241/254/44 244/255/44
f 242/256/45 243/250/45 244/257/45
f 247/252/46 246/257/46 245/250/46
f 254/250/41 250/251/41 249/252/41
f 255/261/42 251/253/42 250/254/42
f 256/256/43 252/250/43 251/257/43
f 253/254/44 249/258/44 252/259/44
f 250/258/45 251/254/45 252/257/45
f 255/260/46 254/257/46 253/254/46
f 262/262/41 258/263/41 257/264/41
f 263/265/42 259/266/42 258/267/42
f 264/263/43 260/262/43 259/268/43
f 261/269/44 257/270/44 260/271/44
f 258/272/45 259/273/45 260/274/45
f 263/273/46 262/272/46 261/275/46
f 270/276/41 266/277/41 265/278/41
f 271/279/42 267/280/42 266/271/42
f 272/268/43 268/276/43 267/281/43
f 269/275/44 265/282/44 268/277/44
f 266/269/45 267/283/45 268/284/45
f 271/285/46 270/286/46 269/265/46
f 275/287/47 276/288/47 274/289/47
f 275/287/48 277/290/48 278/291/48
f 277/290/49 279/292/49 280/293/49
f 279/292/50 281/294/50 282/295/50
f 283/296/51 284/297/51 282/298/51
f 285/299/52 286/300/52 284/301/52
f 287/302/53 288/303/53 286/304/53
f 289/305/54 290/306/54 288/303/54
f 289/305/55 291/307/55 292/308/55
f 293/309/56 294/310/56 292/308/56
f 295/311/57 296/312/57 294/310/57
f 297/313/58 298/314/58 296/312/58
f 299/315/59 300/316/59 298/314/59
f 301/317/60 302/318/60 300/316/60
f 301/319/61 303/320/61 304/321/61
f 305/322/62 306/323/62 304/321/62
f 307/324/63 308/325/63 306/323/63
f 309/326/64 310/327/64 308/325/64
f 311/328/65 312/329/65 310/327/65
f 313/330/66 314/331/66 312/329/66
f 316/297/67 318/332/67 317/333/67
f 317/333/68 318/332/68 320/334/68
f 319/335/69 320/334/69 322/336/69
f 321/337/70 322/336/70 324/338/70
f 324/338/71 326/339/71 325/340/71
f 326/339/72 328/341/72 327/342/72
f 328/341/73 330/343/73 329/344/73
f 330/345/74 332/346/74 331/347/74
f 332/346/75 334/348/75 333/349/76
f 334/348/77 336/350/77 335/351/78
f 336/350/79 338/352/79 337/353/80
f 338/352/81 340/354/81 339/355/82
f 340/354/83 342/356/83 341/357/83
f 342/356/84 344/344/84 343/358/84
f 343/359/85 344/304/85 346/360/85
f 346/360/86 348/361/86 347/362/86
f 348/361/87 350/363/87 349/364/87
f 350/363/88 352/365/88 351/366/88
f 352/365/89 354/367/89 353/368/89
f 354/367/90 356/300/90 355/369/90
f 273/370/91 274/371/91 316/372/91
f 313/373/92 355/374/92 356/375/92
f 281/376/44 323/377/44 325/378/44
f 307/379/93 305/380/93 347/381/93
f 309/382/94 307/379/95 349/383/94
f 309/384/96 351/385/96 353/386/96
f 311/387/44 353/386/44 355/388/44
f 279/389/97 321/390/97 323/391/97
f 277/392/94 319/393/94 321/390/94
f 277/394/96 275/395/98 317/396/96
f 275/395/44 273/397/44 315/398/44
f 283/399/44 325/400/44 327/401/44
f 285/402/44 327/401/44 329/403/44
f 287/404/44 329/403/44 331/405/44
f 289/406/44 331/405/44 333/407/44
f 291/408/44 333/407/44 335/409/44
f 295/410/44 293/411/44 335/409/44
f 297/412/44 295/410/44 337/413/44
f 299/414/44 297/412/44 339/415/44
f 301/416/44 299/414/44 341/417/44
f 303/418/44 301/416/44 343/419/44
f 305/420/44 303/418/44 345/421/44
f 359/422/47 360/423/47 358/424/47
f 359/425/48 361/426/48 362/427/48
f 361/426/49 363/428/49 364/429/49
f 363/428/50 365/430/50 366/431/50
f 367/432/51 368/433/51 366/434/51
f 369/435/52 370/436/52 368/437/52
f 371/438/53 372/439/53 370/436/53
f 373/440/54 374/441/54 372/439/54
f 373/440/99 375/442/99 376/443/99
f 377/444/100 378/445/100 376/446/100
f 379/447/101 380/448/101 378/445/101
f 381/449/102 382/450/102 380/448/102
f 383/451/59 384/452/59 382/450/59
f 385/453/60 386/454/60 384/452/60
f 385/453/61 387/455/61 388/456/61
f 389/457/62 390/458/62 388/456/62
f 391/459/63 392/460/63 390/458/63
f 393/461/64 394/462/64 392/460/64
f 395/463/65 396/464/65 394/465/65
f 397/466/66 398/467/66 396/464/66
f 400/468/67 402/469/67 401/470/67
f 401/470/68 402/469/68 404/471/68
f 403/472/69 404/473/69 406/474/69
f 405/475/70 406/474/70 408/476/70
f 408/476/71 410/477/71 409/478/71
f 410/477/72 412/479/72 411/454/72
f 412/479/73 414/480/73 413/481/73
f 414/480/74 416/482/74 415/483/74
f 415/483/76 416/482/76 418/484/76
f 418/484/78 420/485/78 419/446/78
f 420/430/80 422/486/80 421/487/80
f 422/486/82 424/488/82 423/489/82
f 424/488/83 426/490/83 425/491/83
f 426/490/84 428/492/84 427/493/84
f 427/493/85 428/492/85 430/494/85
f 430/494/86 432/495/86 431/496/86
f 432/495/87 434/497/87 433/498/87
f 434/497/88 436/443/88 435/499/88
f 436/500/89 438/501/89 437/502/89
f 438/501/90 440/503/90 439/504/90
f 357/505/103 358/506/103 400/468/103
f 397/507/104 439/508/104 440/509/104
f 365/510/44 407/511/44 409/512/44
f 391/459/93 389/457/93 431/513/93
f 393/461/105 391/459/95 433/514/94
f 393/515/96 435/516/96 437/517/106
f 395/518/44 437/517/44 439/519/44
f 363/520/97 405/521/107 407/522/97
f 361/424/105 403/523/105 405/521/94
f 361/524/96 359/525/98 401/526/98
f 359/525/44 357/527/44 399/528/44
f 367/529/44 409/530/44 411/531/44
f 369/532/44 411/531/44 413/533/44
f 371/534/44 413/533/44 415/535/44
f 373/536/44 415/535/44 417/537/44
f 375/538/44 417/537/44 419/539/44
f 379/540/44 377/541/44 419/539/44
f 381/542/44 379/540/44 421/543/44
f 383/544/44 381/542/44 423/545/44
f 385/546/44 383/544/44 425/547/44
f 387/548/44 385/546/44 427/549/44
f 389/550/44 387/548/44 429/551/44
f 443/287/47 444/288/47 442/289/47
f 443/287/48 445/290/48 446/291/48
f 445/290/49 447/292/49 448/293/49
f 447/292/50 449/294/50 450/295/50
f 451/296/51 452/297/51 450/298/51
f 453/299/52 454/300/52 452/301/52
f 455/302/53 456/303/53 454/304/53
f 457/305/54 458/306/54 456/303/54
f 457/305/55 459/307/55 460/308/55
f 461/309/56 462/310/56 460/308/56
f 463/311/57 464/312/57 462/310/57
f 465/313/58 466/314/58 464/312/58
f 467/315/59 468/316/59 466/314/59
f 469/317/60 470/318/60 468/316/60
f 469/319/61 471/320/61 472/321/61
f 473/322/62 474/323/62 472/321/62
f 475/324/63 476/325/63 474/323/63
f 477/326/64 478/327/64 476/325/64
f 479/328/65 480/329/65 478/327/65
f 481/330/66 482/331/66 480/329/66
f 484/297/67 486/332/67 485/333/67
f 485/333/68 486/332/68 488/334/68
f 487/335/69 488/334/69 490/336/69
f 489/337/70 490/336/70 492/338/70
f 492/338/71 494/339/71 493/340/71
f 494/339/72 496/341/72 495/342/72
f 496/341/73 498/343/73 497/344/73
f 498/345/74 500/346/74 499/347/74
f 500/346/75 502/348/75 501/349/76
f 502/348/77 504/350/77 503/351/78
f 504/350/79 506/352/79 505/353/80
f 506/352/81 508/354/81 507/355/82
f 508/354/83 510/356/83 509/357/83
f 510/356/84 512/344/84 511/358/84
f 512/304/85 514/360/85 513/552/85
f 514/360/86 516/361/86 515/362/86
f 516/361/87 518/363/87 517/364/87
f 518/363/88 520/365/88 519/366/88
f 520/365/89 522/367/89 521/368/89
f 522/367/90 524/300/90 523/369/90
f 441/372/91 442/553/91 484/370/91
f 481/375/92 523/554/92 524/373/92
f 449/376/44 491/377/44 493/378/44
f 475/379/93 473/380/93 515/381/93
f 477/382/94 475/379/95 517/383/94
f 477/384/96 519/385/96 521/386/96
f 479/387/44 521/386/44 523/388/44
f 447/389/97 489/390/97 491/391/97
f 445/392/94 487/393/94 489/390/94
f 445/394/96 443/395/98 485/396/96
f 443/395/44 441/397/44 483/398/44
f 451/399/44 493/400/44 495/401/44
f 453/402/44 495/401/44 497/403/44
f 455/404/44 497/403/44 499/405/44
f 457/406/44 499/405/44 501/407/44
f 459/408/44 501/407/44 503/409/44
f 463/410/44 461/411/44 503/409/44
f 465/412/44 463/410/44 505/413/44
f 467/414/44 465/412/44 507/415/44
f 469/416/44 467/414/44 509/417/44
f 471/418/44 469/416/44 511/419/44
f 473/420/44 471/418/44 513/421/44
f 530/555/41 526/556/41 525/557/41
f 526/558/45 533/559/45 534/560/45
f 532/561/43 528/562/43 527/563/43
f 529/564/44 525/565/44 528/566/44
f 526/558/45 527/567/45 528/568/45
f 531/567/46 530/569/46 529/570/46
f 536/571/42 534/572/42 533/573/42
f 527/563/43 534/574/43 536/575/43
f 531/567/46 536/560/46 535/576/46
f 535/576/46 540/577/46 538/578/46
f 540/577/46 544/561/46 542/579/46
f 526/558/45 537/580/45 539/581/45
f 533/573/42 539/582/42 540/583/42
f 530/584/44 538/585/44 537/586/44
f 542/587/41 544/562/41 543/588/41
f 537/580/45 541/589/45 543/266/45
f 539/582/42 543/590/42 544/591/42
f 537/580/45 545/584/45 547/592/45
f 546/564/44 548/593/44 547/594/44
f 542/579/46 548/575/46 546/595/46
f 541/596/41 547/582/41 548/574/41
f 538/590/43 546/588/43 545/555/43
f 554/597/41 550/598/41 549/599/41
f 555/598/42 551/597/42 550/600/42
f 556/601/43 552/599/43 551/602/43
f 553/603/44 549/600/44 552/604/44
f 550/602/45 551/556/45 552/605/45
f 555/606/46 554/607/46 553/608/46
f 562/600/41 558/603/41 557/598/41
f 563/599/42 559/601/42 558/597/42
f 564/601/43 560/599/43 559/602/43
f 561/603/44 557/600/44 560/604/44
f 558/608/45 559/605/45 560/606/45
f 563/605/46 562/608/46 561/602/46
f 570/603/41 566/600/41 565/604/41
f 571/602/42 567/609/42 566/601/42
f 572/597/43 568/598/43 567/599/43
f 569/598/44 565/597/44 568/600/44
f 566/608/45 567/605/45 568/606/45
f 571/605/46 570/608/46 569/602/46
f 237/257/41 238/250/41 233/252/41
f 238/261/42 239/253/42 234/255/42
f 239/260/43 240/256/43 235/257/43
f 240/255/44 237/254/44 236/259/44
f 233/253/45 234/260/45 236/254/45
f 240/252/46 239/258/46 237/257/46
f 245/254/41 246/257/41 241/258/41
f 246/258/42 247/259/42 242/254/42
f 247/253/43 248/260/43 243/254/43
f 248/261/44 245/253/44 244/255/44
f 241/260/45 242/256/45 244/257/45
f 248/251/46 247/252/46 245/250/46
f 253/257/41 254/250/41 249/252/41
f 254/255/42 255/261/42 250/254/42
f 255/260/43 256/256/43 251/257/43
f 256/255/44 253/254/44 252/259/44
f 249/252/45 250/258/45 252/257/45
f 256/253/46 255/260/46 253/254/46
f 261/610/41 262/262/41 257/264/41
f 262/271/42 263/265/42 258/267/42
f 263/611/43 264/263/43 259/268/43
f 264/267/44 261/269/44 260/271/44
f 257/612/45 258/272/45 260/274/45
f 264/613/46 263/273/46 261/275/46
f 269/281/41 270/276/41 265/278/41
f 270/614/42 271/279/42 266/271/42
f 271/615/43 272/268/43 267/281/43
f 272/613/44 269/275/44 268/277/44
f 265/610/45 266/269/45 268/284/45
f 272/271/46 271/285/46 269/265/46
f 273/616/47 275/287/47 274/289/47
f 276/288/48 275/287/48 278/291/48
f 278/291/49 277/290/49 280/293/49
f 280/293/50 279/292/50 282/295/50
f 281/617/51 283/296/51 282/298/51
f 283/618/52 285/299/52 284/301/52
f 285/619/53 287/302/53 286/304/53
f 287/302/54 289/305/54 288/303/54
f 290/306/55 289/305/55 292/308/55
f 291/307/56 293/309/56 292/308/56
f 293/309/57 295/311/57 294/310/57
f 295/311/58 297/313/58 296/312/58
f 297/313/59 299/315/59 298/314/59
f 299/315/60 301/317/60 300/316/60
f 302/620/61 301/319/61 304/321/61
f 303/320/62 305/322/62 304/321/62
f 305/322/63 307/324/63 306/323/63
f 307/324/64 309/326/64 308/325/64
f 309/326/65 311/328/65 310/327/65
f 311/328/66 313/330/66 312/329/66
f 315/621/67 316/297/67 317/333/67
f 319/335/68 317/333/68 320/334/68
f 321/337/69 319/335/69 322/336/69
f 323/622/70 321/337/70 324/338/70
f 323/622/71 324/338/71 325/340/71
f 325/340/72 326/339/72 327/342/72
f 327/342/73 328/341/73 329/344/73
f 329/623/74 330/345/74 331/347/74
f 331/347/76 332/346/75 333/349/76
f 333/349/78 334/348/77 335/351/78
f 335/351/80 336/350/79 337/353/80
f 337/353/82 338/352/81 339/355/82
f 339/355/83 340/354/83 341/357/83
f 341/357/84 342/356/84 343/358/84
f 345/552/85 343/359/85 346/360/85
f 345/552/86 346/360/86 347/362/86
f 347/362/87 348/361/87 349/364/87
f 349/364/88 350/363/88 351/366/88
f 351/366/89 352/365/89 353/368/89
f 353/368/90 354/367/90 355/369/90
f 315/553/91 273/370/91 316/372/91
f 314/554/92 313/373/92 356/375/92
f 283/624/44 281/376/44 325/378/44
f 349/383/93 307/379/93 347/381/93
f 351/625/94 309/382/94 349/383/94
f 311/387/106 309/384/96 353/386/96
f 313/626/44 311/387/44 355/388/44
f 281/627/97 279/389/97 323/391/97
f 279/389/108 277/392/94 321/390/94
f 319/628/96 277/394/96 317/396/96
f 317/396/44 275/395/44 315/398/44
f 285/402/44 283/399/44 327/401/44
f 287/404/44 285/402/44 329/403/44
f 289/406/44 287/404/44 331/405/44
f 291/408/44 289/406/44 333/407/44
f 293/411/44 291/408/44 335/409/44
f 337/413/44 295/410/44 335/409/44
f 339/415/44 297/412/44 337/413/44
f 341/417/44 299/414/44 339/415/44
f 343/419/44 301/416/44 341/417/44
f 345/421/44 303/418/44 343/419/44
f 347/629/44 305/420/44 345/421/44
f 357/630/47 359/422/47 358/424/47
f 360/434/48 359/425/48 362/427/48
f 362/427/49 361/426/49 364/429/49
f 364/429/50 363/428/50 366/431/50
f 365/631/51 367/432/51 366/434/51
f 367/632/52 369/435/52 368/437/52
f 369/435/53 371/438/53 370/436/53
f 371/438/54 373/440/54 372/439/54
f 374/441/99 373/440/99 376/443/99
f 375/358/56 377/444/56 376/446/56
f 377/444/57 379/447/57 378/445/57
f 379/447/102 381/449/102 380/448/102
f 381/449/59 383/451/59 382/450/59
f 383/451/60 385/453/60 384/452/60
f 386/454/61 385/453/61 388/456/61
f 387/455/62 389/457/62 388/456/62
f 389/457/63 391/459/63 390/458/63
f 391/459/64 393/461/64 392/460/64
f 393/633/65 395/463/65 394/465/65
f 395/463/66 397/466/66 396/464/66
f 399/634/67 400/468/67 401/470/67
f 403/635/68 401/470/68 404/471/68
f 405/475/69 403/472/69 406/474/69
f 407/636/70 405/475/70 408/476/70
f 407/636/71 408/476/71 409/478/71
f 409/478/72 410/477/72 411/454/72
f 411/454/73 412/479/73 413/481/73
f 413/481/74 414/480/74 415/483/74
f 417/637/76 415/483/76 418/484/76
f 417/637/78 418/484/78 419/446/78
f 419/638/80 420/430/80 421/487/80
f 421/487/82 422/486/82 423/489/82
f 423/489/83 424/488/83 425/491/83
f 425/491/84 426/490/84 427/493/84
f 429/311/85 427/493/85 430/494/85
f 429/311/86 430/494/86 431/496/86
f 431/496/87 432/495/87 433/498/87
f 433/498/88 434/497/88 435/499/88
f 435/467/89 436/500/89 437/502/89
f 437/502/90 438/501/90 439/504/90
f 399/634/103 357/505/103 400/468/103
f 398/639/104 397/507/104 440/509/104
f 367/640/44 365/510/44 409/512/44
f 433/514/93 391/459/93 431/513/93
f 435/499/105 393/461/105 433/514/94
f 395/518/106 393/515/96 437/517/106
f 397/641/44 395/518/44 439/519/44
f 365/642/97 363/520/97 407/522/97
f 363/520/108 361/424/105 405/521/94
f 403/643/96 361/524/96 401/526/98
f 401/526/44 359/525/44 399/528/44
f 369/532/44 367/529/44 411/531/44
f 371/534/44 369/532/44 413/533/44
f 373/536/44 371/534/44 415/535/44
f 375/538/44 373/536/44 417/537/44
f 377/541/44 375/538/44 419/539/44
f 421/543/44 379/540/44 419/539/44
f 423/545/44 381/542/44 421/543/44
f 425/547/44 383/544/44 423/545/44
f 427/549/44 385/546/44 425/547/44
f 429/551/44 387/548/44 427/549/44
f 431/644/44 389/550/44 429/551/44
f 441/616/47 443/287/47 442/289/47
f 444/288/48 443/287/48 446/291/48
f 446/291/49 445/290/49 448/293/49
f 448/293/50 447/292/50 450/295/50
f 449/617/51 451/296/51 450/298/51
f 451/618/52 453/299/52 452/301/52
f 453/619/53 455/302/53 454/304/53
f 455/302/54 457/305/54 456/303/54
f 458/306/55 457/305/55 460/308/55
f 459/307/56 461/309/56 460/308/56
f 461/309/57 463/311/57 462/310/57
f 463/311/58 465/313/58 464/312/58
f 465/313/59 467/315/59 466/314/59
f 467/315/60 469/317/60 468/316/60
f 470/620/61 469/319/61 472/321/61
f 471/320/62 473/322/62 472/321/62
f 473/322/63 475/324/63 474/323/63
f 475/324/64 477/326/64 476/325/64
f 477/326/65 479/328/65 478/327/65
f 479/328/66 481/330/66 480/329/66
f 483/621/67 484/297/67 485/333/67
f 487/335/68 485/333/68 488/334/68
f 489/337/69 487/335/69 490/336/69
f 491/622/70 489/337/70 492/338/70
f 491/622/71 492/338/71 493/340/71
f 493/340/72 494/339/72 495/342/72
f 495/342/73 496/341/73 497/344/73
f 497/623/74 498/345/74 499/347/74
f 499/347/76 500/346/75 501/349/76
f 501/349/78 502/348/77 503/351/78
f 503/351/80 504/350/79 505/353/80
f 505/353/82 506/352/81 507/355/82
f 507/355/83 508/354/83 509/357/83
f 509/357/84 510/356/84 511/358/84
f 511/359/85 512/304/85 513/552/85
f 513/552/86 514/360/86 515/362/86
f 515/362/87 516/361/87 517/364/87
f 517/364/88 518/363/88 519/366/88
f 519/366/89 520/365/89 521/368/89
f 521/368/90 522/367/90 523/369/90
f 483/371/91 441/372/91 484/370/91
f 482/374/92 481/375/92 524/373/92
f 451/624/44 449/376/44 493/378/44
f 517/383/93 475/379/93 515/381/93
f 519/625/94 477/382/94 517/383/94
f 479/387/106 477/384/96 521/386/96
f 481/626/44 479/387/44 523/388/44
f 449/627/97 447/389/97 491/391/97
f 447/389/108 445/392/94 489/390/94
f 487/628/96 445/394/96 485/396/96
f 485/396/44 443/395/44 483/398/44
f 453/402/44 451/399/44 495/401/44
f 455/404/44 453/402/44 497/403/44
f 457/406/44 455/404/44 499/405/44
f 459/408/44 457/406/44 501/407/44
f 461/411/44 459/408/44 503/409/44
f 505/413/44 463/410/44 503/409/44
f 507/415/44 465/412/44 505/413/44
f 509/417/44 467/414/44 507/415/44
f 511/419/44 469/416/44 509/417/44
f 513/421/44 471/418/44 511/419/44
f 515/629/44 473/420/44 513/421/44
f 529/591/41 530/555/41 525/557/41
f 527/567/45 526/558/45 534/560/45
f 531/645/43 532/561/43 527/563/43
f 532/584/44 529/564/44 528/566/44
f 525/646/45 526/558/45 528/568/45
f 532/568/46 531/567/46 529/570/46
f 535/647/42 536/571/42 533/573/42
f 531/645/43 527/563/43 536/575/43
f 530/569/46 531/567/46 535/576/46
f 530/569/46 535/576/46 538/578/46
f 538/578/46 540/577/46 542/579/46
f 533/559/45 526/558/45 539/581/45
f 535/647/42 533/573/42 540/583/42
f 526/592/44 530/584/44 537/586/44
f 541/596/41 542/587/41 543/588/41
f 539/581/45 537/580/45 543/266/45
f 540/583/42 539/582/42 544/591/42
f 541/589/45 537/580/45 547/592/45
f 545/565/44 546/564/44 547/594/44
f 538/578/46 542/579/46 546/595/46
f 542/587/41 541/596/41 548/574/41
f 537/591/43 538/590/43 545/555/43
f 553/601/41 554/597/41 549/599/41
f 554/603/42 555/598/42 550/600/42
f 555/609/43 556/601/43 551/602/43
f 556/266/44 553/603/44 552/604/44
f 549/608/45 550/602/45 552/605/45
f 556/605/46 555/606/46 553/608/46
f 561/597/41 562/600/41 557/598/41
f 562/598/42 563/599/42 558/597/42
f 563/609/43 564/601/43 559/602/43
f 564/266/44 561/603/44 560/604/44
f 557/607/45 558/608/45 560/606/45
f 564/556/46 563/605/46 561/602/46
f 569/266/41 570/603/41 565/604/41
f 570/599/42 571/602/42 566/601/42
f 571/601/43 572/597/43 567/599/43
f 572/603/44 569/598/44 568/600/44
f 565/607/45 566/608/45 568/606/45
f 572/556/46 571/605/46 569/602/46
f 573/648/44 577/649/44 589/650/44
f 605/651/44 609/652/44 617/653/44
f 655/654/44 642/655/44 649/656/44
f 601/657/44 604/658/44 573/648/44
f 604/658/44 602/659/44 603/660/44
f 599/661/44 600/662/44 601/657/44
f 601/657/44 598/663/44 599/661/44
f 593/664/44 596/665/44 597/666/44
f 593/664/44 594/667/44 595/668/44
f 590/669/44 592/670/44 593/664/44
f 592/670/44 590/669/44 591/671/44
f 585/672/44 588/673/44 589/650/44
f 588/673/44 586/674/44 587/675/44
f 583/676/44 584/677/44 585/672/44
f 585/672/44 582/678/44 583/676/44
f 577/649/44 580/679/44 581/680/44
f 577/649/44 578/681/44 579/682/44
f 574/683/44 576/684/44 577/649/44
f 576/684/44 574/683/44 575/685/44
f 601/657/44 602/659/44 604/658/44
f 593/664/44 598/663/44 601/657/44
f 593/664/44 595/668/44 596/665/44
f 589/650/44 590/669/44 593/664/44
f 585/672/44 586/674/44 588/673/44
f 581/680/44 582/678/44 585/672/44
f 577/649/44 579/682/44 580/679/44
f 573/648/44 574/683/44 577/649/44
f 589/650/44 601/657/44 573/648/44
f 598/663/44 593/664/44 597/666/44
f 577/649/44 585/672/44 589/650/44
f 585/672/44 577/649/44 581/680/44
f 589/650/44 593/664/44 601/657/44
f 633/686/44 636/687/44 605/651/44
f 636/687/44 634/688/44 635/689/44
f 631/690/44 632/691/44 633/686/44
f 633/686/44 630/692/44 631/690/44
f 625/693/44 628/694/44 629/695/44
f 625/693/44 626/696/44 627/697/44
f 622/698/44 624/699/44 625/693/44
f 624/699/44 622/698/44 623/700/44
f 617/653/44 620/701/44 621/702/44
f 620/701/44 618/703/44 619/704/44
f 615/705/44 616/706/44 617/653/44
f 617/653/44 614/707/44 615/705/44
f 617/653/44 612/708/44 613/709/44
f 609/652/44 610/710/44 611/711/44
f 606/712/44 608/713/44 609/652/44
f 608/713/44 606/712/44 607/714/44
f 633/686/44 634/688/44 636/687/44
f 625/693/44 630/692/44 633/686/44
f 625/693/44 627/697/44 628/694/44
f 621/702/44 622/698/44 625/693/44
f 617/653/44 618/703/44 620/701/44
f 613/709/44 614/707/44 617/653/44
f 609/652/44 611/711/44 612/708/44
f 605/651/44 606/712/44 609/652/44
f 621/702/44 633/686/44 605/651/44
f 630/692/44 625/693/44 629/695/44
f 605/651/44 617/653/44 621/702/44
f 617/653/44 609/652/44 612/708/44
f 621/702/44 625/693/44 633/686/44
f 638/715/44 668/716/44 637/717/44
f 668/716/44 666/718/44 667/719/44
f 666/718/44 664/720/44 665/721/44
f 668/716/44 662/722/44 663/723/44
f 655/654/44 660/724/44 661/725/44
f 657/726/44 658/727/44 659/728/44
f 655/654/44 656/729/44 657/726/44
f 653/730/44 654/731/44 655/654/44
f 649/656/44 652/732/44 653/730/44
f 652/732/44 650/733/44 651/734/44
f 647/735/44 648/736/44 649/656/44
f 649/656/44 646/737/44 647/735/44
f 642/655/44 644/738/44 645/739/44
f 644/738/44 642/655/44 643/740/44
f 638/715/44 640/741/44 641/742/44
f 640/741/44 638/715/44 639/743/44
f 663/723/44 666/718/44 668/716/44
f 666/718/44 663/723/44 664/720/44
f 657/726/44 659/728/44 660/724/44
f 660/724/44 655/654/44 657/726/44
f 649/656/44 650/733/44 652/732/44
f 642/655/44 646/737/44 649/656/44
f 646/737/44 642/655/44 645/739/44
f 642/655/44 638/715/44 641/742/44
f 655/654/44 662/722/44 668/716/44
f 662/722/44 655/654/44 661/725/44
f 655/654/44 649/656/44 653/730/44
f 668/716/44 638/715/44 642/655/44
f 642/655/44 655/654/44 668/716/44
o stit_HP
v 0.150000 4.074998 0.355000
v 0.164632 4.076439 0.355000
v 0.178701 4.080708 0.355000
v 0.191668 4.087638 0.355000
v 0.203033 4.096965 0.355000
v 0.212360 4.108331 0.355000
v 0.219291 4.121297 0.355000
v 0.223559 4.135366 0.355000
v 0.225000 4.149998 0.355000
v 0.223559 4.164630 0.355000
v 0.219291 4.178699 0.355000
v 0.212360 4.191666 0.355000
v 0.203033 4.203032 0.355000
v 0.191668 4.212358 0.355000
v 0.178701 4.219289 0.355000
v 0.164632 4.223557 0.355000
v 0.150000 4.224998 0.355000
v 0.135368 4.223557 0.355000
v 0.121299 4.219289 0.355000
v 0.108332 4.212358 0.355000
v 0.096967 4.203032 0.355000
v 0.087640 4.191666 0.355000
v 0.080709 4.178699 0.355000
v 0.076441 4.164630 0.355000
v 0.075000 4.149998 0.355000
v 0.076441 4.135366 0.355000
v 0.080709 4.121297 0.355000
v 0.087640 4.108331 0.355000
v 0.096967 4.096965 0.355000
v 0.108332 4.087638 0.355000
v 0.121299 4.080708 0.355000
v 0.135368 4.076439 0.355000
v 0.150000 4.774998 0.355000
v 0.164632 4.776439 0.355000
v 0.178701 4.780707 0.355000
v 0.191668 4.787638 0.355000
v 0.203033 4.796965 0.355000
v 0.212360 4.808330 0.355000
v 0.219291 4.821297 0.355000
v 0.223559 4.835366 0.355000
v 0.225000 4.849998 0.355000
v 0.223559 4.864630 0.355000
v 0.219291 4.878699 0.355000
v 0.212360 4.891666 0.355000
v 0.203033 4.903031 0.355000
v 0.191668 4.912358 0.355000
v 0.178701 4.919289 0.355000
v 0.164632 4.923557 0.355000
v 0.150000 4.924998 0.355000
v 0.135368 4.923557 0.355000
v 0.121299 4.919289 0.355000
v 0.108332 4.912358 0.355000
v 0.096967 4.903031 0.355000
v 0.087640 4.891666 0.355000
v 0.080709 4.878699 0.355000
v 0.076441 4.864630 0.355000
v 0.075000 4.849998 0.355000
v 0.076441 4.835366 0.355000
v 0.080709 4.821297 0.355000
v 0.087640 4.808330 0.355000
v 0.096967 4.796965 0.355000
v 0.108332 4.787638 0.355000
v 0.121299 4.780707 0.355000
v 0.135368 4.776439 0.355000
v 0.000000 4.424998 0.355000
v 0.014632 4.426439 0.355000
v 0.028701 4.430707 0.355000
v 0.041668 4.437638 0.355000
v 0.053033 4.446965 0.355000
v 0.062360 4.458331 0.355000
v 0.069291 4.471297 0.355000
v 0.073559 4.485367 0.355000
v 0.075000 4.499998 0.355000
v 0.073559 4.514630 0.355000
v 0.069291 4.528699 0.355000
v 0.062360 4.541666 0.355000
v 0.053033 4.553031 0.355000
v 0.041668 4.562358 0.355000
v 0.028701 4.569289 0.355000
v 0.014632 4.573557 0.355000
v 0.000000 4.574998 0.355000
v -0.014632 4.573557 0.355000
v -0.028701 4.569289 0.355000
v -0.041668 4.562358 0.355000
v -0.053033 4.553031 0.355000
v -0.062360 4.541666 0.355000
v -0.069291 4.528699 0.355000
v -0.073559 4.514630 0.355000
v -0.075000 4.499998 0.355000
v -0.073559 4.485367 0.355000
v -0.069291 4.471297 0.355000
v -0.062360 4.458331 0.355000
v -0.053033 4.446965 0.355000
v -0.041668 4.437638 0.355000
v -0.028701 4.430707 0.355000
v -0.014632 4.426439 0.355000
v -0.150000 4.074998 0.355000
v -0.135368 4.076439 0.355000
v -0.121299 4.080708 0.355000
v -0.108332 4.087638 0.355000
v -0.096967 4.096965 0.355000
v -0.087640 4.108331 0.355000
v -0.080709 4.121297 0.355000
v -0.076441 4.135366 0.355000
v -0.075000 4.149998 0.355000
v -0.076441 4.164630 0.355000
v -0.080709 4.178699 0.355000
v -0.087640 4.191666 0.355000
v -0.096967 4.203032 0.355000
v -0.108332 4.212358 0.355000
v -0.121299 4.219289 0.355000
v -0.135368 4.223557 0.355000
v -0.150000 4.224998 0.355000
v -0.164632 4.223557 0.355000
v -0.178701 4.219289 0.355000
v -0.191668 4.212358 0.355000
v -0.203033 4.203031 0.355000
v -0.212360 4.191666 0.355000
v -0.219291 4.178699 0.355000
v -0.223559 4.164630 0.355000
v -0.225000 4.149998 0.355000
v -0.223559 4.135366 0.355000
v -0.219291 4.121297 0.355000
v -0.212360 4.108330 0.355000
v -0.203033 4.096965 0.355000
v -0.191668 4.087638 0.355000
v -0.178701 4.080707 0.355000
v -0.164632 4.076439 0.355000
v -0.225000 4.724998 0.360000
v -0.225000 4.724998 0.350000
v -0.075000 4.724998 0.350000
v -0.075000 4.724998 0.360000
v -0.225000 4.974998 0.360000
v -0.225000 4.974998 0.350000
v -0.075000 4.974998 0.350000
v -0.075000 4.974998 0.360000
v 0.219291 4.121292 0.400000
v 0.219291 4.121292 0.350000
v 0.223559 4.135362 0.400000
v 0.223559 4.135362 0.350000
v 0.225000 4.149994 0.410000
v 0.225000 4.149994 0.350000
v 0.223559 4.164625 0.450000
v 0.223559 4.164625 0.350000
v 0.219291 4.178695 0.500000
v 0.219291 4.178695 0.350000
v 0.212360 4.191661 0.500000
v 0.212360 4.191661 0.350000
v 0.203033 4.203027 0.500000
v 0.203033 4.203027 0.350000
v 0.191668 4.212354 0.500000
v 0.191668 4.212354 0.350000
v 0.178701 4.219285 0.500000
v 0.178701 4.219285 0.350000
v 0.164632 4.223553 0.500000
v 0.164632 4.223553 0.350000
v 0.150000 4.224994 0.500000
v 0.150000 4.224994 0.350000
v 0.135368 4.223553 0.500000
v 0.135368 4.223553 0.350000
v 0.121299 4.219285 0.500000
v 0.121299 4.219285 0.350000
v 0.108332 4.212354 0.500000
v 0.108332 4.212354 0.350000
v 0.096967 4.203027 0.500000
v 0.096967 4.203027 0.350000
v 0.087640 4.191661 0.500000
v 0.087640 4.191661 0.350000
v 0.080709 4.178695 0.500000
v 0.080709 4.178695 0.350000
v 0.076441 4.164625 0.450000
v 0.076441 4.164625 0.350000
v 0.075000 4.149994 0.410000
v 0.075000 4.149994 0.350000
v 0.076441 4.135362 0.400000
v 0.076441 4.135362 0.350000
v 0.080709 4.121292 0.400000
v 0.080709 4.121292 0.350000
v 0.233149 4.121294 0.400000
v 0.233149 4.121294 0.350000
v 0.238271 4.135364 0.400000
v 0.238271 4.135364 0.350000
v 0.240000 4.149994 0.410000
v 0.240000 4.149994 0.350000
v 0.238271 4.164624 0.450000
v 0.238271 4.164624 0.350000
v 0.233149 4.178694 0.500000
v 0.233149 4.178694 0.350000
v 0.224832 4.193568 0.500000
v 0.224832 4.193568 0.350000
v 0.213640 4.207206 0.500000
v 0.213640 4.207206 0.350000
v 0.200001 4.218399 0.500000
v 0.200001 4.218399 0.350000
v 0.184442 4.226716 0.500000
v 0.184442 4.226716 0.350000
v 0.167558 4.231837 0.500000
v 0.167558 4.231838 0.350000
v 0.150000 4.233567 0.500000
v 0.150000 4.233567 0.350000
v 0.132442 4.231837 0.500000
v 0.132442 4.231838 0.350000
v 0.115558 4.226716 0.500000
v 0.115558 4.226716 0.350000
v 0.099999 4.218399 0.500000
v 0.099999 4.218399 0.350000
v 0.086360 4.207206 0.500000
v 0.086360 4.207206 0.350000
v 0.075168 4.193568 0.500000
v 0.075168 4.193568 0.350000
v 0.066851 4.178694 0.500000
v 0.066851 4.178694 0.350000
v 0.061729 4.164624 0.450000
v 0.061729 4.164624 0.350000
v 0.060000 4.149994 0.410000
v 0.060000 4.149994 0.350000
v 0.061729 4.135364 0.400000
v 0.061729 4.135364 0.350000
v 0.066851 4.121294 0.400000
v 0.066851 4.121294 0.350000
v 0.219291 4.821292 0.400000
v 0.219291 4.821292 0.350000
v 0.223559 4.835362 0.400000
v 0.223559 4.835362 0.350000
v 0.225000 4.849993 0.410000
v 0.225000 4.849993 0.350000
v 0.223559 4.864625 0.450000
v 0.223559 4.864625 0.350000
v 0.219291 4.878695 0.500000
v 0.219291 4.878695 0.350000
v 0.212360 4.891661 0.500000
v 0.212360 4.891661 0.350000
v 0.203033 4.903027 0.500000
v 0.203033 4.903027 0.350000
v 0.191668 4.912354 0.500000
v 0.191668 4.912354 0.350000
v 0.178701 4.919284 0.500000
v 0.178701 4.919284 0.350000
v 0.164632 4.923553 0.500000
v 0.164632 4.923553 0.350000
v 0.150000 4.924994 0.500000
v 0.150000 4.924994 0.350000
v 0.135368 4.923553 0.500000
v 0.135368 4.923553 0.350000
v 0.121299 4.919284 0.500000
v 0.121299 4.919284 0.350000
v 0.108332 4.912354 0.500000
v 0.108332 4.912354 0.350000
v 0.096967 4.903027 0.500000
v 0.096967 4.903027 0.350000
v 0.087640 4.891661 0.500000
v 0.087640 4.891661 0.350000
v 0.080709 4.878695 0.500000
v 0.080709 4.878695 0.350000
v 0.076441 4.864625 0.450000
v 0.076441 4.864625 0.350000
v 0.075000 4.849993 0.410000
v 0.075000 4.849993 0.350000
v 0.076441 4.835361 0.400000
v 0.076441 4.835362 0.350000
v 0.080709 4.821292 0.400000
v 0.080709 4.821292 0.350000
v 0.233149 4.821293 0.400000
v 0.233149 4.821293 0.350000
v 0.238271 4.835363 0.400000
v 0.238271 4.835363 0.350000
v 0.240000 4.849993 0.410000
v 0.240000 4.849993 0.350000
v 0.238271 4.864624 0.450000
v 0.238271 4.864624 0.350000
v 0.233149 4.878694 0.500000
v 0.233149 4.878694 0.350000
v 0.224832 4.893568 0.500000
v 0.224832 4.893568 0.350000
v 0.213640 4.907206 0.500000
v 0.213640 4.907206 0.350000
v 0.200001 4.918399 0.500000
v 0.200001 4.918399 0.350000
v 0.184442 4.926716 0.500000
v 0.184442 4.926716 0.350000
v 0.167558 4.931837 0.500000
v 0.167558 4.931838 0.350000
v 0.150000 4.933567 0.500000
v 0.150000 4.933567 0.350000
v 0.132442 4.931837 0.500000
v 0.132442 4.931838 0.350000
v 0.115558 4.926716 0.500000
v 0.115558 4.926716 0.350000
v 0.099999 4.918399 0.500000
v 0.099999 4.918399 0.350000
v 0.086360 4.907206 0.500000
v 0.086360 4.907206 0.350000
v 0.075168 4.893568 0.500000
v 0.075168 4.893568 0.350000
v 0.066851 4.878694 0.500000
v 0.066851 4.878694 0.350000
v 0.061729 4.864624 0.450000
v 0.061729 4.864624 0.350000
v 0.060000 4.849993 0.410000
v 0.060000 4.849993 0.350000
v 0.061729 4.835363 0.400000
v 0.061729 4.835363 0.350000
v 0.066851 4.821293 0.400000
v 0.066851 4.821293 0.350000
v 0.069291 4.471297 0.400000
v 0.069291 4.471297 0.350000
v 0.073559 4.485366 0.400000
v 0.073559 4.485366 0.350000
v 0.075000 4.499998 0.410000
v 0.075000 4.499998 0.350000
v 0.073559 4.514630 0.450000
v 0.073559 4.514630 0.350000
v 0.069291 4.528699 0.500000
v 0.069291 4.528699 0.350000
v 0.062360 4.541666 0.500000
v 0.062360 4.541666 0.350000
v 0.053033 4.553031 0.500000
v 0.053033 4.553031 0.350000
v 0.041668 4.562358 0.500000
v 0.041668 4.562358 0.350000
v 0.028701 4.569289 0.500000
v 0.028701 4.569289 0.350000
v 0.014632 4.573557 0.500000
v 0.014632 4.573557 0.350000
v 0.000000 4.574998 0.500000
v 0.000000 4.574998 0.350000
v -0.014632 4.573557 0.500000
v -0.014632 4.573557 0.350000
v -0.028701 4.569289 0.500000
v -0.028701 4.569289 0.350000
v -0.041668 4.562358 0.500000
v -0.041668 4.562358 0.350000
v -0.053033 4.553031 0.500000
v -0.053033 4.553031 0.350000
v -0.062360 4.541666 0.500000
v -0.062360 4.541666 0.350000
v -0.069291 4.528699 0.500000
v -0.069291 4.528699 0.350000
v -0.073559 4.514630 0.450000
v -0.073559 4.514630 0.350000
v -0.075000 4.499998 0.410000
v -0.075000 4.499998 0.350000
v -0.073559 4.485366 0.400000
v -0.073559 4.485366 0.350000
v -0.069291 4.471297 0.400000
v -0.069291 4.471297 0.350000
v 0.083149 4.471298 0.400000
v 0.083149 4.471298 0.350000
v 0.088271 4.485368 0.400000
v 0.088271 4.485368 0.350000
v 0.090000 4.499998 0.410000
v 0.090000 4.499998 0.350000
v 0.088271 4.514628 0.450000
v 0.088271 4.514628 0.350000
v 0.083149 4.528698 0.500000
v 0.083149 4.528698 0.350000
v 0.074832 4.543572 0.500000
v 0.074832 4.543572 0.350000
v 0.063640 4.557211 0.500000
v 0.063640 4.557211 0.350000
v 0.050001 4.568404 0.500000
v 0.050001 4.568404 0.350000
v 0.034442 4.576720 0.500000
v 0.034442 4.576720 0.350000
v 0.017558 4.581842 0.500000
v 0.017558 4.581842 0.350000
v 0.000000 4.583571 0.500000
v 0.000000 4.583571 0.350000
v -0.017558 4.581842 0.500000
v -0.017558 4.581842 0.350000
v -0.034442 4.576720 0.500000
v -0.034442 4.576720 0.350000
v -0.050001 4.568404 0.500000
v -0.050001 4.568404 0.350000
v -0.063640 4.557211 0.500000
v -0.063640 4.557211 0.350000
v -0.074832 4.543572 0.500000
v -0.074832 4.543572 0.350000
v -0.083149 4.528698 0.500000
v -0.083149 4.528698 0.350000
v -0.088271 4.514628 0.450000
v -0.088271 4.514628 0.350000
v -0.090000 4.499998 0.410000
v -0.090000 4.499998 0.350000
v -0.088271 4.485368 0.400000
v -0.088271 4.485368 0.350000
v -0.083149 4.471298 0.400000
v -0.083149 4.471298 0.350000
v -0.080709 4.121292 0.400000
v -0.080709 4.121292 0.350000
v -0.076441 4.135362 0.400000
v -0.076441 4.135362 0.350000
v -0.075000 4.149994 0.410000
v -0.075000 4.149994 0.350000
v -0.076441 4.164625 0.450000
v -0.076441 4.164625 0.350000
v -0.080709 4.178695 0.500000
v -0.080709 4.178695 0.350000
v -0.087640 4.191661 0.500000
v -0.087640 4.191661 0.350000
v -0.096967 4.203027 0.500000
v -0.096967 4.203027 0.350000
v -0.108332 4.212354 0.500000
v -0.108332 4.212354 0.350000
v -0.121299 4.219285 0.500000
v -0.121299 4.219285 0.350000
v -0.135368 4.223553 0.500000
v -0.135368 4.223553 0.350000
v -0.150000 4.224994 0.500000
v -0.150000 4.224994 0.350000
v -0.164632 4.223553 0.500000
v -0.164632 4.223553 0.350000
v -0.178701 4.219285 0.500000
v -0.178701 4.219285 0.350000
v -0.191668 4.212354 0.500000
v -0.191668 4.212354 0.350000
v -0.203033 4.203027 0.500000
v -0.203033 4.203027 0.350000
v -0.212360 4.191661 0.500000
v -0.212360 4.191661 0.350000
v -0.219291 4.178695 0.500000
v -0.219291 4.178695 0.350000
v -0.223559 4.164625 0.450000
v -0.223559 4.164625 0.350000
v -0.225000 4.149994 0.410000
v -0.225000 4.149994 0.350000
v -0.223559 4.135362 0.400000
v -0.223559 4.135362 0.350000
v -0.219291 4.121292 0.400000
v -0.219291 4.121292 0.350000
v -0.066851 4.121294 0.400000
v -0.066851 4.121294 0.350000
v -0.061729 4.135364 0.400000
v -0.061729 4.135364 0.350000
v -0.060000 4.149994 0.410000
v -0.060000 4.149994 0.350000
v -0.061729 4.164624 0.450000
v -0.061729 4.164624 0.350000
v -0.066851 4.178694 0.500000
v -0.066851 4.178694 0.350000
v -0.075168 4.193568 0.500000
v -0.075168 4.193568 0.350000
v -0.086360 4.207206 0.500000
v -0.086360 4.207206 0.350000
v -0.099999 4.218399 0.500000
v -0.099999 4.218399 0.350000
v -0.115558 4.226716 0.500000
v -0.115558 4.226716 0.350000
v -0.132442 4.231837 0.500000
v -0.132442 4.231838 0.350000
v -0.150000 4.233567 0.500000
v -0.150000 4.233567 0.350000
v -0.167558 4.231837 0.500000
v -0.167558 4.231838 0.350000
v -0.184442 4.226716 0.500000
v -0.184442 4.226716 0.350000
v -0.200001 4.218399 0.500000
v -0.200001 4.218399 0.350000
v -0.213640 4.207206 0.500000
v -0.213640 4.207206 0.350000
v -0.224832 4.193568 0.500000
v -0.224832 4.193568 0.350000
v -0.233149 4.178694 0.500000
v -0.233149 4.178694 0.350000
v -0.238271 4.164624 0.450000
v -0.238271 4.164624 0.350000
v -0.240000 4.149994 0.410000
v -0.240000 4.149994 0.350000
v -0.238271 4.135364 0.400000
v -0.238271 4.135364 0.350000
v -0.233149 4.121294 0.400000
v -0.233149 4.121294 0.350000
v 0.070000 4.069998 0.300000
v 0.070000 4.069998 0.200000
v 0.230000 4.069998 0.200000
v 0.230000 4.069998 0.300000
v 0.070000 4.229998 0.300000
v 0.070000 4.229998 0.200000
v 0.230000 4.229998 0.200000
v 0.230000 4.229998 0.300000
v 0.070000 4.769998 0.300000
v 0.070000 4.769998 0.200000
v 0.230000 4.769998 0.200000
v 0.230000 4.769998 0.300000
v 0.070000 4.929998 0.300000
v 0.070000 4.929998 0.200000
v 0.230000 4.929998 0.200000
v 0.230000 4.929998 0.300000
v -0.080000 4.419998 0.300000
v -0.080000 4.419998 0.200000
v 0.080000 4.419998 0.200000
v 0.080000 4.419998 0.300000
v -0.080000 4.579998 0.300000
v -0.080000 4.579998 0.200000
v 0.080000 4.579998 0.200000
v 0.080000 4.579998 0.300000
v -0.230000 4.069998 0.300000
v -0.230000 4.069998 0.200000
v -0.070000 4.069998 0.200000
v -0.070000 4.069998 0.300000
v -0.230000 4.229998 0.300000
v -0.230000 4.229998 0.200000
v -0.070000 4.229998 0.200000
v -0.070000 4.229998 0.300000
v -0.300000 3.999999 0.350000
v -0.300000 3.999999 0.300000
v 0.300000 3.999999 0.300000
v 0.300000 3.999999 0.350000
v -0.300000 4.999998 0.350000
v -0.300000 4.999998 0.300000
v 0.300000 4.999998 0.300000
v 0.300000 4.999998 0.350000
v -0.300000 3.999999 0.300000
v -0.300000 3.999999 -0.500000
v 0.300000 3.999999 -0.500000
v 0.300000 3.999999 0.300000
v -0.300000 4.049998 0.300000
v -0.300000 4.049998 -0.500000
v 0.300000 4.049998 -0.500000
v 0.300000 4.049998 0.300000
v 0.250000 4.474998 0.300000
v 0.250000 4.474998 -0.450000
v 0.300000 4.474998 -0.450000
v 0.300000 4.474998 0.300000
v 0.250000 4.524998 0.300000
v 0.250000 4.524998 -0.450000
v 0.300000 4.524998 -0.450000
v 0.300000 4.524998 0.300000
v 0.250000 4.474998 -0.500000
v 0.300000 4.474998 -0.500000
v 0.250000 4.524998 -0.500000
v 0.300000 4.524998 -0.500000
v -0.250000 4.474998 -0.450000
v -0.250000 4.524998 -0.450000
v -0.250000 4.474998 -0.500000
v -0.250000 4.524998 -0.500000
v -0.300000 4.474998 -0.450000
v -0.300000 4.524998 -0.450000
v -0.300000 4.474998 -0.500000
v -0.300000 4.524998 -0.500000
v -0.250000 4.474998 0.300000
v -0.250000 4.524998 0.300000
v -0.300000 4.474998 0.300000
v -0.300000 4.524998 0.300000
v 0.250000 4.049999 -0.062500
v 0.250000 4.049999 -0.112500
v 0.300000 4.049999 -0.112500
v 0.300000 4.049999 -0.062500
v 0.250000 4.474998 -0.062500
v 0.250000 4.474998 -0.112500
v 0.300000 4.474998 -0.112500
v 0.300000 4.474998 -0.062500
v -0.300000 4.049999 -0.062500
v -0.300000 4.049999 -0.112500
v -0.250000 4.049999 -0.112500
v -0.250000 4.049999 -0.062500
v -0.300000 4.474998 -0.062500
v -0.300000 4.474998 -0.112500
v -0.250000 4.474998 -0.112500
v -0.250000 4.474998 -0.062500
v -0.025000 4.049999 -0.450000
v -0.025000 4.049999 -0.500000
v 0.025000 4.049999 -0.500000
v 0.025000 4.049999 -0.450000
v -0.025000 4.474998 -0.450000
v -0.025000 4.474998 -0.500000
v 0.025000 4.474998 -0.500000
v 0.025000 4.474998 -0.450000
v -0.128000 4.297000 0.300000
v -0.128000 4.297000 0.200000
v -0.072000 4.297000 0.200000
v -0.072000 4.297000 0.300000
v -0.128000 4.353000 0.300000
v -0.128000 4.353000 0.200000
v -0.072000 4.353000 0.200000
v -0.072000 4.353000 0.300000
v 0.072000 4.621998 0.300000
v 0.072000 4.621998 0.200000
v 0.128000 4.621998 0.200000
v 0.128000 4.621998 0.300000
v 0.072000 4.677998 0.300000
v 0.072000 4.677998 0.200000
v 0.128000 4.677998 0.200000
v 0.128000 4.677998 0.300000
v 0.151968 4.628227 0.400000
v 0.151968 4.628227 0.350000
v 0.155169 4.638777 0.400000
v 0.155169 4.638777 0.350000
v 0.156250 4.649751 0.410000
v 0.156250 4.649751 0.350000
v 0.155169 4.660726 0.450000
v 0.155169 4.660726 0.350000
v 0.151968 4.671276 0.500000
v 0.151968 4.671278 0.350000
v 0.146770 4.681003 0.500000
v 0.146770 4.681003 0.350000
v 0.139775 4.689527 0.500000
v 0.139775 4.689527 0.350000
v 0.131251 4.696522 0.500000
v 0.131251 4.696522 0.350000
v 0.121526 4.701719 0.500000
v 0.121526 4.701719 0.350000
v 0.110974 4.704921 0.500000
v 0.110974 4.704921 0.350000
v 0.100000 4.706001 0.500000
v 0.100000 4.706001 0.350000
v 0.089026 4.704921 0.500000
v 0.089026 4.704921 0.350000
v 0.078474 4.701719 0.500000
v 0.078474 4.701719 0.350000
v 0.068749 4.696522 0.500000
v 0.068749 4.696522 0.350000
v 0.060225 4.689527 0.500000
v 0.060225 4.689527 0.350000
v 0.053230 4.681003 0.500000
v 0.053230 4.681003 0.350000
v 0.048032 4.671278 0.500000
v 0.048032 4.671278 0.350000
v 0.044831 4.660726 0.450000
v 0.044831 4.660726 0.350000
v 0.043750 4.649751 0.410000
v 0.043750 4.649751 0.350000
v 0.044831 4.638777 0.400000
v 0.044831 4.638777 0.350000
v 0.048032 4.628226 0.400000
v 0.048032 4.628226 0.350000
v 0.162362 4.628227 0.400000
v 0.162362 4.628227 0.350000
v 0.166203 4.638777 0.400000
v 0.166203 4.638777 0.350000
v 0.167500 4.649751 0.410000
v 0.167500 4.649751 0.350000
v 0.166203 4.660726 0.450000
v 0.166203 4.660726 0.350000
v 0.162362 4.671276 0.500000
v 0.162362 4.671276 0.350000
v 0.156124 4.682433 0.500000
v 0.156124 4.682433 0.350000
v 0.147730 4.692662 0.500000
v 0.147730 4.692662 0.350000
v 0.137501 4.701056 0.500000
v 0.137501 4.701056 0.350000
v 0.125831 4.707294 0.500000
v 0.125831 4.707294 0.350000
v 0.113169 4.711134 0.500000
v 0.113169 4.711134 0.350000
v 0.100000 4.712431 0.500000
v 0.100000 4.712431 0.350000
v 0.086831 4.711134 0.500000
v 0.086831 4.711134 0.350000
v 0.074169 4.707294 0.500000
v 0.074169 4.707294 0.350000
v 0.062499 4.701056 0.500000
v 0.062499 4.701056 0.350000
v 0.052270 4.692662 0.500000
v 0.052270 4.692662 0.350000
v 0.043876 4.682433 0.500000
v 0.043876 4.682433 0.350000
v 0.037638 4.671276 0.500000
v 0.037638 4.671276 0.350000
v 0.033797 4.660726 0.450000
v 0.033797 4.660726 0.350000
v 0.032500 4.649751 0.410000
v 0.032500 4.649751 0.350000
v 0.033797 4.638777 0.400000
v 0.033797 4.638777 0.350000
v 0.037638 4.628227 0.400000
v 0.037638 4.628227 0.350000
v -0.048032 4.303226 0.400000
v -0.048032 4.303226 0.350000
v -0.044831 4.313776 0.400000
v -0.044831 4.313776 0.350000
v -0.043750 4.324750 0.410000
v -0.043750 4.324750 0.350000
v -0.044831 4.335725 0.450000
v -0.044831 4.335725 0.350000
v -0.048032 4.346274 0.500000
v -0.048032 4.346277 0.350000
v -0.053230 4.356002 0.500000
v -0.053230 4.356002 0.350000
v -0.060225 4.364526 0.500000
v -0.060225 4.364526 0.350000
v -0.068749 4.371521 0.500000
v -0.068749 4.371521 0.350000
v -0.078474 4.376719 0.500000
v -0.078474 4.376719 0.350000
v -0.089026 4.379920 0.500000
v -0.089026 4.379920 0.350000
v -0.100000 4.381001 0.500000
v -0.100000 4.381001 0.350000
v -0.110974 4.379920 0.500000
v -0.110974 4.379920 0.350000
v -0.121526 4.376719 0.500000
v -0.121526 4.376719 0.350000
v -0.131251 4.371521 0.500000
v -0.131251 4.371521 0.350000
v -0.139775 4.364526 0.500000
v -0.139775 4.364526 0.350000
v -0.146770 4.356002 0.500000
v -0.146770 4.356002 0.350000
v -0.151968 4.346277 0.500000
v -0.151968 4.346277 0.350000
v -0.155169 4.335725 0.450000
v -0.155169 4.335725 0.350000
v -0.156250 4.324750 0.410000
v -0.156250 4.324750 0.350000
v -0.155169 4.313776 0.400000
v -0.155169 4.313776 0.350000
v -0.151968 4.303225 0.400000
v -0.151968 4.303225 0.350000
v -0.037638 4.303226 0.400000
v -0.037638 4.303226 0.350000
v -0.033797 4.313776 0.400000
v -0.033797 4.313776 0.350000
v -0.032500 4.324750 0.410000
v -0.032500 4.324750 0.350000
v -0.033797 4.335725 0.450000
v -0.033797 4.335725 0.350000
v -0.037638 4.346274 0.500000
v -0.037638 4.346274 0.350000
v -0.043876 4.357431 0.500000
v -0.043876 4.357431 0.350000
v -0.052270 4.367661 0.500000
v -0.052270 4.367661 0.350000
v -0.062499 4.376056 0.500000
v -0.062499 4.376056 0.350000
v -0.074169 4.382293 0.500000
v -0.074169 4.382293 0.350000
v -0.086831 4.386133 0.500000
v -0.086831 4.386133 0.350000
v -0.100000 4.387430 0.500000
v -0.100000 4.387430 0.350000
v -0.113169 4.386133 0.500000
v -0.113169 4.386133 0.350000
v -0.125831 4.382293 0.500000
v -0.125831 4.382293 0.350000
v -0.137501 4.376056 0.500000
v -0.137501 4.376056 0.350000
v -0.147730 4.367661 0.500000
v -0.147730 4.367661 0.350000
v -0.156124 4.357431 0.500000
v -0.156124 4.357431 0.350000
v -0.162362 4.346274 0.500000
v -0.162362 4.346274 0.350000
v -0.166203 4.335725 0.450000
v -0.166203 4.335725 0.350000
v -0.167500 4.324750 0.410000
v -0.167500 4.324750 0.350000
v -0.166203 4.313776 0.400000
v -0.166203 4.313776 0.350000
v -0.162362 4.303226 0.400000
v -0.162362 4.303226 0.350000
v -0.100000 4.268750 0.355000
v -0.089026 4.269831 0.355000
v -0.078474 4.273032 0.355000
v -0.068749 4.278230 0.355000
v -0.060225 4.285225 0.355000
v -0.053230 4.293750 0.355000
v -0.048032 4.303474 0.355000
v -0.044831 4.314026 0.355000
v -0.043750 4.325001 0.355000
v -0.044831 4.335974 0.355000
v -0.048032 4.346526 0.355000
v -0.053230 4.356251 0.355000
v -0.060225 4.364775 0.355000
v -0.068749 4.371770 0.355000
v -0.078474 4.376968 0.355000
v -0.089026 4.380169 0.355000
v -0.100000 4.381250 0.355000
v -0.110974 4.380169 0.355000
v -0.121526 4.376968 0.355000
v -0.131251 4.371770 0.355000
v -0.139775 4.364775 0.355000
v -0.146770 4.356251 0.355000
v -0.151968 4.346526 0.355000
v -0.155169 4.335974 0.355000
v -0.156250 4.325001 0.355000
v -0.155169 4.314026 0.355000
v -0.151968 4.303473 0.355000
v -0.146770 4.293750 0.355000
v -0.139775 4.285225 0.355000
v -0.131251 4.278230 0.355000
v -0.121526 4.273032 0.355000
v -0.110974 4.269831 0.355000
v 0.100000 4.593748 0.355000
v 0.110974 4.594830 0.355000
v 0.121526 4.598030 0.355000
v 0.131251 4.603228 0.355000
v 0.139775 4.610224 0.355000
v 0.146770 4.618748 0.355000
v 0.151968 4.628472 0.355000
v 0.155169 4.639025 0.355000
v 0.156250 4.649998 0.355000
v 0.155169 4.660973 0.355000
v 0.151968 4.671524 0.355000
v 0.146770 4.681249 0.355000
v 0.139775 4.689774 0.355000
v 0.131251 4.696769 0.355000
v 0.121526 4.701966 0.355000
v 0.110974 4.705167 0.355000
v 0.100000 4.706248 0.355000
v 0.089026 4.705167 0.355000
v 0.078474 4.701966 0.355000
v 0.068749 4.696769 0.355000
v 0.060225 4.689774 0.355000
v 0.053230 4.681249 0.355000
v 0.048032 4.671524 0.355000
v 0.044831 4.660973 0.355000
v 0.043750 4.649998 0.355000
v 0.044831 4.639025 0.355000
v 0.048032 4.628472 0.355000
v 0.053230 4.618748 0.355000
v 0.060225 4.610224 0.355000
v 0.068749 4.603228 0.355000
v 0.078474 4.598030 0.355000
v 0.089026 4.594830 0.355000
vn -0.9569 0.2903 -0.0000
vn -0.9952 0.0980 -0.0000
vn -0.9952 -0.0980 -0.0000
vn -0.9569 -0.2903 -0.0000
vn -0.8819 -0.4714 -0.0000
vn -0.7730 -0.6344 -0.0000
vn -0.6344 -0.7730 -0.0000
vn -0.4714 -0.8819 -0.0000
vn -0.2903 -0.9569 -0.0000
vn -0.0980 -0.9952 -0.0000
vn 0.0980 -0.9952 -0.0000
vn 0.2903 -0.9569 -0.0000
vn 0.4714 -0.8819 -0.0000
vn 0.6344 -0.7730 -0.0000
vn 0.7730 -0.6344 -0.0000
vn 0.8819 -0.4714 -0.0000
vn 0.9569 -0.2903 -0.0000
vn 0.9952 -0.0980 -0.0000
vn 0.9952 0.0980 -0.0000
vn 0.9569 0.2903 -0.0000
vn 0.9397 -0.3421 -0.0000
vn 0.9931 -0.1174 -0.0000
vn 0.9931 0.1174 -0.0000
vn 0.9397 0.3421 -0.0000
vn 0.8728 0.4880 -0.0000
vn 0.7731 0.6343 -0.0000
vn 0.6344 0.7730 -0.0000
vn 0.4714 0.8819 -0.0000
vn 0.2902 0.9570 -0.0000
vn 0.0980 0.9952 -0.0000
vn -0.0980 0.9952 -0.0000
vn -0.2902 0.9570 -0.0000
vn -0.4714 0.8819 -0.0000
vn -0.6344 0.7730 -0.0000
vn -0.7731 0.6343 -0.0000
vn -0.8728 0.4880 -0.0000
vn -0.9397 0.3421 -0.0000
vn -0.9931 0.1174 -0.0000
vn -0.9931 -0.1174 -0.0000
vn -0.9397 -0.3421 -0.0000
vn -0.0000 -0.0000 1.0000
vn -0.0000 -0.6736 0.7391
vn -0.0000 -0.9644 0.2646
vn -0.0000 -0.9785 0.2064
vn 0.0003 -0.9785 0.2065
vn -0.0000 -0.6735 0.7391
vn -0.0000 -0.6735 0.7392
vn -0.0000 -1.0000 -0.0000
vn -0.0001 -1.0000 -0.0000
vn -0.8820 -0.4713 -0.0000
vn -0.9569 0.2904 -0.0000
vn -0.4713 -0.8820 -0.0000
vn -0.2904 -0.9569 -0.0000
vn -0.0979 -0.9952 -0.0000
vn 0.0979 -0.9952 -0.0000
vn 0.2904 -0.9569 -0.0000
vn 0.4713 -0.8820 -0.0000
vn 0.7730 0.6344 -0.0000
vn -0.7730 0.6344 -0.0000
vn -0.0000 -0.9785 0.2065
vn 0.0002 -0.9785 0.2065
vn -1.0000 -0.0000 -0.0000
vn -0.0000 -0.0000 -1.0000
vn 1.0000 -0.0000 -0.0000
vn -0.0000 1.0000 -0.0000
vn 0.2903 0.9569 -0.0000
vn 0.0981 0.9952 -0.0000
vn -0.0981 0.9952 -0.0000
vn -0.2903 0.9569 -0.0000
vn 0.0001 -1.0000 -0.0000
vn 0.0001 -0.9626 0.2709
vn -0.0000 -0.9391 0.3435
vn 0.0001 -0.9391 0.3435
vn -0.0000 -0.5643 0.8256
vn -0.0001 -0.9626 0.2709
vn -0.0000 -0.9392 0.3435
vn 0.0001 -0.5642 0.8256
vn 0.0001 -0.9626 0.2708
vn -0.0001 -0.9391 0.3435
vn 0.0001 -0.5643 0.8256
vn -0.0001 -0.5642 0.8256
vn -0.0001 -0.5643 0.8256
vt 0.471436 0.910482
vt 0.471436 0.955442
vt 0.474771 0.955442
vt 0.468041 0.901490
vt 0.468041 0.955442
vt 0.464717 0.865522
vt 0.464718 0.955442
vt 0.461594 0.820562
vt 0.461593 0.955442
vt 0.458788 0.820562
vt 0.458788 0.955442
vt 0.397790 0.820608
vt 0.397790 0.955448
vt 0.400708 0.955498
vt 0.394590 0.820575
vt 0.394590 0.955416
vt 0.391230 0.820562
vt 0.391230 0.955402
vt 0.387840 0.820567
vt 0.387840 0.955407
vt 0.384550 0.820590
vt 0.384550 0.955431
vt 0.381486 0.820632
vt 0.381486 0.955473
vt 0.378767 0.820690
vt 0.378767 0.955530
vt 0.376495 0.820761
vt 0.376495 0.955602
vt 0.440542 0.820562
vt 0.440542 0.955442
vt 0.442402 0.955442
vt 0.438163 0.820562
vt 0.438163 0.955442
vt 0.435358 0.820562
vt 0.435358 0.955442
vt 0.432234 0.865522
vt 0.432234 0.955442
vt 0.428910 0.901490
vt 0.428910 0.955442
vt 0.425516 0.910482
vt 0.425516 0.955442
vt 0.422180 0.910482
vt 0.422180 0.955442
vt 0.442402 0.820562
vt 0.445758 0.820562
vt 0.445758 0.865522
vt 0.449160 0.820562
vt 0.449160 0.874514
vt 0.452476 0.820562
vt 0.452476 0.910482
vt 0.455579 0.820562
vt 0.376495 0.955516
vt 0.372994 0.955457
vt 0.372994 0.820617
vt 0.369154 0.955419
vt 0.369154 0.820578
vt 0.365123 0.955402
vt 0.365123 0.820562
vt 0.361055 0.955408
vt 0.361055 0.820568
vt 0.357106 0.955437
vt 0.357106 0.820596
vt 0.353430 0.955486
vt 0.353430 0.820646
vt 0.350166 0.955556
vt 0.350166 0.820715
vt 0.347441 0.955642
vt 0.347441 0.820801
vt 0.400708 0.820562
vt 0.402940 0.820562
vt 0.402940 0.955442
vt 0.405794 0.820562
vt 0.405794 0.955442
vt 0.409003 0.820562
vt 0.409003 0.955442
vt 0.412106 0.820562
vt 0.412106 0.910482
vt 0.415423 0.820562
vt 0.415423 0.874514
vt 0.418825 0.820562
vt 0.418825 0.865522
vt 0.422180 0.820562
vt 0.422180 0.865522
vt 0.462037 0.956593
vt 0.458789 0.959180
vt 0.479239 0.946591
vt 0.479620 0.955715
vt 0.482810 0.955900
vt 0.482492 0.946780
vt 0.482772 0.910693
vt 0.479582 0.910508
vt 0.482810 0.865597
vt 0.487441 0.824300
vt 0.487441 0.820562
vt 0.484006 0.822805
vt 0.484446 0.826170
vt 0.480857 0.825824
vt 0.481822 0.828686
vt 0.478273 0.829504
vt 0.479669 0.831752
vt 0.476353 0.833701
vt 0.478069 0.835250
vt 0.475170 0.838256
vt 0.477083 0.839045
vt 0.474771 0.842992
vt 0.477083 0.846939
vt 0.476750 0.842992
vt 0.478069 0.850734
vt 0.475170 0.847728
vt 0.479669 0.854232
vt 0.476353 0.852283
vt 0.481822 0.857298
vt 0.478273 0.856480
vt 0.484447 0.859814
vt 0.480857 0.860159
vt 0.487440 0.861684
vt 0.484006 0.863179
vt 0.478181 0.910531
vt 0.479239 0.865504
vt 0.476231 0.865422
vt 0.478027 0.946594
vt 0.474987 0.910444
vt 0.474771 0.946506
vt 0.476046 0.955634
vt 0.458788 0.959411
vt 0.455540 0.956823
vt 0.485819 0.955347
vt 0.485819 0.910400
vt 0.482810 0.910431
vt 0.485819 0.865422
vt 0.482810 0.865453
vt 0.474771 0.910482
vt 0.400708 0.820657
vt 0.442402 0.865522
vt 0.455579 0.955442
vt 0.376495 0.820676
vt 0.400708 0.955442
vt 0.462037 0.960562
vt 0.479805 0.865422
vt 0.487441 0.865422
vt 0.479239 0.955721
vt 0.455539 0.960562
vt 0.482810 0.955378
vt 0.528362 0.497674
vt 0.509334 0.487503
vt 0.528362 0.441567
vt 0.522942 0.496848
vt 0.506264 0.483161
vt 0.517836 0.445012
vt 0.556238 0.456332
vt 0.553167 0.487503
vt 0.506516 0.482909
vt 0.534392 0.441315
vt 0.528866 0.497422
vt 0.513746 0.491159
vt 0.347222 0.722222
vt 0.347222 1.000000
vt 0.333333 1.000000
vt -0.000000 0.777778
vt -0.000000 0.500000
vt 0.166666 0.500000
vt 0.361111 0.722222
vt 0.332658 0.847688
vt 0.332658 0.999705
vt 0.231062 0.999425
vt 0.416666 0.888889
vt 0.416666 0.722222
vt 0.430555 0.722222
vt 0.402778 0.888889
vt 0.441177 0.908255
vt 0.441177 0.927069
vt 0.435870 0.927069
vt 0.446696 0.904492
vt 0.446696 0.927069
vt 0.452215 0.889440
vt 0.452215 0.927069
vt 0.457522 0.870625
vt 0.457522 0.927069
vt 0.390526 0.870625
vt 0.390526 0.927069
vt 0.395655 0.927069
vt 0.428308 0.927747
vt 0.428308 0.871303
vt 0.432595 0.871303
vt 0.400028 0.814809
vt 0.400028 0.870878
vt 0.395902 0.871303
vt 0.404798 0.814484
vt 0.404798 0.870552
vt 0.410028 0.814272
vt 0.410028 0.870341
vt 0.415518 0.814182
vt 0.415518 0.870250
vt 0.421055 0.814216
vt 0.421055 0.870284
vt 0.426428 0.814374
vt 0.426428 0.870442
vt 0.431431 0.814649
vt 0.431431 0.870717
vt 0.435870 0.815031
vt 0.435870 0.871099
vt 0.435870 0.814182
vt 0.439782 0.814182
vt 0.439782 0.870625
vt 0.444387 0.814182
vt 0.444387 0.870625
vt 0.449506 0.832996
vt 0.449506 0.870625
vt 0.454942 0.848048
vt 0.454942 0.870625
vt 0.460488 0.851811
vt 0.460488 0.870625
vt 0.465929 0.851811
vt 0.465929 0.870625
vt 0.385440 0.927069
vt 0.385440 0.908255
vt 0.380014 0.927069
vt 0.380014 0.904492
vt 0.374459 0.927069
vt 0.374459 0.889440
vt 0.368985 0.927069
vt 0.363088 0.927069
vt 0.363088 0.870625
vt 0.357546 0.927069
vt 0.357546 0.870625
vt 0.352830 0.927069
vt 0.352830 0.870625
vt 0.395902 0.870625
vt 0.390369 0.870625
vt 0.390369 0.814182
vt 0.384221 0.870625
vt 0.384221 0.814182
vt 0.377694 0.870625
vt 0.377694 0.814182
vt 0.371039 0.870625
vt 0.371039 0.814182
vt 0.364512 0.870625
vt 0.364512 0.814182
vt 0.358364 0.870625
vt 0.358364 0.814182
vt 0.352830 0.814182
vt 0.401046 0.871303
vt 0.401046 0.927747
vt 0.406657 0.871303
vt 0.406657 0.927747
vt 0.411964 0.871303
vt 0.411964 0.908932
vt 0.417482 0.871303
vt 0.417482 0.893881
vt 0.423001 0.871303
vt 0.423001 0.890118
vt 0.428308 0.890118
vt 0.477135 0.849548
vt 0.477135 0.868237
vt 0.471913 0.868264
vt 0.465929 0.849440
vt 0.471151 0.849414
vt 0.471152 0.868103
vt 0.369412 0.929528
vt 0.364802 0.927069
vt 0.364924 0.933481
vt 0.477443 0.830174
vt 0.477830 0.849548
vt 0.472621 0.849183
vt 0.477830 0.814577
vt 0.471913 0.829787
vt 0.358816 0.938081
vt 0.353267 0.939182
vt 0.352830 0.933656
vt 0.358273 0.932575
vt 0.353690 0.928087
vt 0.471465 0.833532
vt 0.465929 0.833824
vt 0.466698 0.814457
vt 0.471913 0.849116
vt 0.466269 0.849414
vt 0.364802 0.928170
vt 0.364259 0.933676
vt 0.358816 0.932595
vt 0.364802 0.939182
vt 0.359676 0.938164
vt 0.475557 0.925594
vt 0.475303 0.930335
vt 0.469769 0.926646
vt 0.470946 0.922520
vt 0.465064 0.921952
vt 0.467025 0.918608
vt 0.461367 0.916432
vt 0.463944 0.914008
vt 0.458820 0.910298
vt 0.461822 0.908897
vt 0.457522 0.903787
vt 0.460740 0.897938
vt 0.460740 0.903471
vt 0.461822 0.892512
vt 0.457522 0.897148
vt 0.463944 0.887401
vt 0.458820 0.890637
vt 0.467025 0.882801
vt 0.461367 0.884503
vt 0.470946 0.878889
vt 0.465064 0.878983
vt 0.475557 0.875815
vt 0.469769 0.874289
vt 0.431744 0.870676
vt 0.431744 0.814608
vt 0.426974 0.871001
vt 0.426974 0.814933
vt 0.421744 0.871213
vt 0.421744 0.815144
vt 0.416254 0.871303
vt 0.416254 0.815235
vt 0.410717 0.871269
vt 0.410717 0.815201
vt 0.405344 0.871111
vt 0.405344 0.815043
vt 0.400341 0.870836
vt 0.400341 0.814768
vt 0.395902 0.870454
vt 0.395902 0.814386
vt 0.395902 0.814182
vt 0.395902 0.927747
vt 0.471913 0.849574
vt 0.465929 0.868130
vt 0.427439 0.932059
vt 0.427439 0.911954
vt 0.432691 0.911954
vt 0.438481 0.914707
vt 0.443195 0.910686
vt 0.443195 0.934812
vt 0.448540 0.894602
vt 0.448540 0.934812
vt 0.454312 0.874497
vt 0.454312 0.934812
vt 0.432691 0.874497
vt 0.432691 0.934812
vt 0.438481 0.934812
vt 0.419733 0.934812
vt 0.419733 0.874497
vt 0.425683 0.874497
vt 0.414037 0.934812
vt 0.414037 0.874497
vt 0.408814 0.934812
vt 0.408814 0.874497
vt 0.404265 0.934812
vt 0.404265 0.874497
vt 0.356672 0.814182
vt 0.356672 0.874497
vt 0.352830 0.874497
vt 0.361337 0.814182
vt 0.361337 0.874497
vt 0.366646 0.814182
vt 0.366646 0.874497
vt 0.372396 0.814182
vt 0.372396 0.874497
vt 0.378365 0.814182
vt 0.378365 0.874497
vt 0.384324 0.814182
vt 0.384324 0.874497
vt 0.390044 0.814182
vt 0.390044 0.874497
vt 0.395305 0.834287
vt 0.395305 0.874497
vt 0.399904 0.850371
vt 0.399904 0.874497
vt 0.471055 0.922217
vt 0.471055 0.902112
vt 0.475813 0.902112
vt 0.465678 0.922217
vt 0.465678 0.902112
vt 0.464504 0.902112
vt 0.458995 0.902112
vt 0.458995 0.882007
vt 0.454312 0.902112
vt 0.402769 0.910686
vt 0.402769 0.934812
vt 0.397931 0.934812
vt 0.397931 0.894602
vt 0.392316 0.934812
vt 0.385572 0.934812
vt 0.385572 0.874497
vt 0.378396 0.934812
vt 0.371267 0.934812
vt 0.371267 0.874497
vt 0.364459 0.934812
vt 0.364459 0.874497
vt 0.358233 0.934812
vt 0.352830 0.934812
vt 0.448699 0.874497
vt 0.448699 0.814182
vt 0.442317 0.874497
vt 0.442317 0.814182
vt 0.435411 0.874497
vt 0.435411 0.814182
vt 0.428247 0.874497
vt 0.428247 0.814182
vt 0.421098 0.874497
vt 0.414437 0.874497
vt 0.414437 0.814182
vt 0.408936 0.874497
vt 0.408936 0.834287
vt 0.404265 0.850371
vt 0.465678 0.926238
vt 0.460270 0.926238
vt 0.460270 0.906133
vt 0.454312 0.926238
vt 0.454312 0.906133
vt 0.468533 0.882007
vt 0.468533 0.902112
vt 0.477830 0.834287
vt 0.473802 0.834287
vt 0.473802 0.814182
vt 0.473514 0.896200
vt 0.468533 0.893573
vt 0.468664 0.900425
vt 0.394072 0.814182
vt 0.399582 0.834287
vt 0.475002 0.889753
vt 0.469005 0.890930
vt 0.468533 0.885025
vt 0.474414 0.883870
vt 0.469461 0.879074
vt 0.431850 0.895468
vt 0.427640 0.894728
vt 0.428726 0.874497
vt 0.428399 0.911199
vt 0.460780 0.927415
vt 0.460193 0.933298
vt 0.454312 0.932144
vt 0.460780 0.939182
vt 0.455240 0.938094
vt 0.473802 0.872920
vt 0.473527 0.877986
vt 0.467547 0.874045
vt 0.468819 0.869636
vt 0.462462 0.869029
vt 0.464582 0.865456
vt 0.458467 0.863130
vt 0.461252 0.860540
vt 0.455715 0.856576
vt 0.458959 0.855078
vt 0.454312 0.849618
vt 0.457789 0.843368
vt 0.457789 0.849280
vt 0.458959 0.837570
vt 0.454312 0.842524
vt 0.461252 0.832108
vt 0.455715 0.835566
vt 0.464582 0.827192
vt 0.458467 0.829011
vt 0.468819 0.823012
vt 0.462462 0.823113
vt 0.473802 0.819727
vt 0.467547 0.818096
vt 0.311439 0.562498
vt 0.311439 0.624998
vt 0.276717 0.624998
vt 0.241995 0.499998
vt 0.241995 0.562498
vt 0.186439 0.562498
vt 0.311439 0.499998
vt 0.276717 0.562498
vt 0.241995 0.624998
vt 0.186439 0.624998
vt 0.276717 0.499998
vt 0.284265 0.562498
vt 0.186439 0.499998
vt 0.229917 0.499998
vt 0.229917 0.562498
vt 0.257091 0.624998
vt 0.257091 0.562498
vt 0.229917 0.624998
vt 0.257091 0.499998
vt 0.284265 0.499998
vt 0.333333 0.500000
vt 0.333333 0.777778
vt 0.166667 0.777778
vt 0.375000 0.722222
vt 0.388889 0.722222
vt 0.388889 0.944444
vt 0.180556 0.944444
vt 0.166667 0.944444
vt 0.375000 0.944444
vt 0.388889 0.888889
vt 0.500000 0.500000
vt 0.500000 0.722222
vt 0.166667 1.000000
vt 0.000000 1.000000
vt 0.120537 0.500005
vt 0.125001 0.500005
vt 0.125001 0.569449
vt 0.049108 0.504634
vt 0.049108 0.500005
vt 0.053573 0.500005
vt 0.107144 0.500005
vt 0.111608 0.500005
vt 0.111608 0.569449
vt 0.008930 0.574079
vt 0.008930 0.578708
vt 0.004465 0.578708
vt 0.053573 0.504634
vt 0.053573 0.574079
vt 0.058037 0.504634
vt 0.058037 0.574079
vt 0.120537 0.625005
vt 0.116073 0.625005
vt 0.116073 0.620375
vt 0.111608 0.574079
vt 0.107144 0.574079
vt 0.058037 0.500005
vt 0.102680 0.500005
vt 0.102680 0.504634
vt 0.107144 0.504634
vt 0.004466 0.504634
vt 0.004466 0.500005
vt 0.116073 0.574079
vt 0.120537 0.574079
vt 0.004465 0.574079
vt 0.004465 0.620375
vt 0.000001 0.620375
vt 0.111608 0.504634
vt 0.116073 0.500005
vt 0.000001 0.504634
vt 0.116073 0.569449
vt 0.120537 0.569449
vt 0.000001 0.574079
vt 0.013394 0.574079
vt 0.013394 0.578708
vt 0.102680 0.574079
vt 0.116073 0.504634
vt 0.049998 0.624999
vt 0.049998 0.499999
vt 0.074998 0.499999
vt 0.024998 0.624999
vt 0.074998 0.624999
vt 0.099998 0.499999
vt 0.024998 0.499999
vt -0.000002 0.624999
vt 0.124998 0.514705
vt 0.124998 0.529411
vt 0.099998 0.529411
vt 0.099998 0.514705
vt 0.099998 0.624999
vt 0.187500 0.500002
vt 0.229167 0.500002
vt 0.229167 0.562502
vt 0.312500 0.562502
vt 0.312500 0.597502
vt 0.270833 0.597502
vt 0.270833 0.500002
vt 0.312500 0.500002
vt 0.229167 0.597502
vt 0.187500 0.597502
vt 0.270833 0.562502
vt 0.270833 0.625002
vt 0.187500 0.562502
vt 0.229167 0.625002
vt 0.528646 0.441965
vt 0.503748 0.472303
vt 0.509914 0.451978
vt 0.506643 0.482913
vt 0.555592 0.456749
vt 0.513513 0.491283
vt 0.522942 0.496596
vt 0.517836 0.494481
vt 0.539308 0.496596
vt 0.533888 0.497674
vt 0.544413 0.494481
vt 0.552915 0.487503
vt 0.549008 0.491411
vt 0.558100 0.477803
vt 0.555986 0.482909
vt 0.555986 0.456332
vt 0.559178 0.466857
vt 0.559178 0.472383
vt 0.558100 0.461438
vt 0.544413 0.444760
vt 0.549008 0.447830
vt 0.552915 0.451737
vt 0.533888 0.441567
vt 0.539308 0.442645
vt 0.517836 0.444760
vt 0.522942 0.442645
vt 0.503071 0.472383
vt 0.509334 0.451737
vt 0.513242 0.447830
vt 0.504149 0.461438
vt 0.506264 0.456332
vt 0.503071 0.466857
vt 0.506264 0.482909
vt 0.504149 0.477803
vt 0.513242 0.491411
vt 0.544413 0.494733
vt 0.528362 0.497926
vt 0.539308 0.496848
vt 0.533888 0.497926
vt 0.552915 0.487755
vt 0.549008 0.491663
vt 0.555986 0.483161
vt 0.555985 0.456584
vt 0.559178 0.472635
vt 0.558100 0.478055
vt 0.558100 0.461689
vt 0.559178 0.467109
vt 0.544413 0.445012
vt 0.552915 0.451989
vt 0.549008 0.448082
vt 0.533888 0.441819
vt 0.539308 0.442897
vt 0.522942 0.442897
vt 0.528362 0.441819
vt 0.509334 0.451989
vt 0.513242 0.448082
vt 0.506264 0.456584
vt 0.503071 0.467109
vt 0.504149 0.461690
vt 0.504149 0.478055
vt 0.503071 0.472635
vt 0.517836 0.494733
vt 0.509334 0.487755
vt 0.513242 0.491663
vt 0.558352 0.461438
vt 0.559430 0.466857
vt 0.559430 0.472383
vt 0.549260 0.447830
vt 0.553167 0.451737
vt 0.528614 0.441567
vt 0.539560 0.442645
vt 0.544665 0.444760
vt 0.534140 0.441567
vt 0.509586 0.451737
vt 0.518089 0.444760
vt 0.523194 0.442645
vt 0.513494 0.447830
vt 0.503323 0.466857
vt 0.504401 0.461438
vt 0.506516 0.456332
vt 0.504401 0.477803
vt 0.503323 0.472383
vt 0.513494 0.491411
vt 0.509586 0.487503
vt 0.528614 0.497674
vt 0.523194 0.496596
vt 0.518089 0.494481
vt 0.534140 0.497674
vt 0.544665 0.494481
vt 0.539560 0.496596
vt 0.549260 0.491411
vt 0.558352 0.477803
vt 0.556238 0.482909
vt 0.534392 0.497422
vt 0.544917 0.494229
vt 0.539812 0.496344
vt 0.553419 0.487252
vt 0.549512 0.491159
vt 0.558604 0.477551
vt 0.556490 0.482657
vt 0.559682 0.472131
vt 0.556490 0.456080
vt 0.558604 0.461185
vt 0.544917 0.444508
vt 0.549512 0.447578
vt 0.553419 0.451485
vt 0.539812 0.442393
vt 0.518341 0.444508
vt 0.528866 0.441315
vt 0.523446 0.442393
vt 0.509838 0.451485
vt 0.513746 0.447578
vt 0.504653 0.461186
vt 0.506768 0.456080
vt 0.503575 0.472131
vt 0.503575 0.466605
vt 0.506768 0.482657
vt 0.504653 0.477551
vt 0.509838 0.487251
vt 0.523446 0.496344
vt 0.518341 0.494229
vt 0.559682 0.466605
vt 0.333333 0.722222
vt 0.361111 1.000000
vt 0.231062 0.847408
vt 0.430555 0.888889
vt 0.402777 0.722222
vt 0.435870 0.908255
vt 0.395655 0.870625
vt 0.432595 0.927747
vt 0.395902 0.815235
vt 0.435870 0.870625
vt 0.390526 0.908255
vt 0.368985 0.870625
vt 0.369412 0.935060
vt 0.472192 0.814182
vt 0.358816 0.927069
vt 0.471913 0.814182
vt 0.359253 0.927069
vt 0.475045 0.870625
vt 0.435870 0.870250
vt 0.432691 0.932059
vt 0.438481 0.874497
vt 0.425683 0.934812
vt 0.475813 0.926238
vt 0.464504 0.882007
vt 0.454312 0.877986
vt 0.392316 0.874497
vt 0.358233 0.874497
vt 0.454312 0.814182
vt 0.477830 0.814182
vt 0.473514 0.902112
vt 0.475002 0.877986
vt 0.432691 0.875194
vt 0.454784 0.926238
vt 0.473249 0.814182
vt 0.284265 0.624998
vt 0.180556 0.777778
vt 0.361111 0.944444
vt 0.107144 0.569449
vt 0.049108 0.574079
vt 0.120537 0.620375
vt 0.528646 0.497200
vt 0.523310 0.496139
vt 0.518284 0.494057
vt 0.544448 0.494057
vt 0.534086 0.497200
vt 0.539422 0.496139
vt 0.552818 0.487188
vt 0.548971 0.491035
vt 0.557922 0.477639
vt 0.555840 0.482665
vt 0.557922 0.461527
vt 0.558984 0.466863
vt 0.558984 0.472303
vt 0.555840 0.456501
vt 0.552818 0.451978
vt 0.539422 0.443026
vt 0.544448 0.445108
vt 0.534086 0.441965
vt 0.513761 0.448131
vt 0.518284 0.445108
vt 0.523310 0.443026
vt 0.503748 0.466863
vt 0.504810 0.461527
vt 0.506891 0.456501
vt 0.506891 0.482665
vt 0.504810 0.477639
vt 0.513761 0.491035
vt 0.509914 0.487188
vt 0.548723 0.448379
vt 0.552570 0.452226
vt 0.533838 0.442213
vt 0.539174 0.443275
vt 0.544200 0.445356
vt 0.528398 0.442213
vt 0.518036 0.445356
vt 0.523062 0.443275
vt 0.506643 0.456749
vt 0.509666 0.452226
vt 0.513513 0.448379
vt 0.504561 0.461775
vt 0.503500 0.472551
vt 0.503500 0.467111
vt 0.504561 0.477887
vt 0.509666 0.487436
vt 0.533838 0.497449
vt 0.523062 0.496387
vt 0.518036 0.494305
vt 0.528398 0.497449
vt 0.548723 0.491283
vt 0.544200 0.494305
vt 0.539174 0.496387
vt 0.552570 0.487436
vt 0.557674 0.477887
vt 0.555592 0.482913
vt 0.557674 0.461775
vt 0.558735 0.467111
vt 0.558735 0.472551
s 1
f 1339/744/109 1340/745/109 1338/746/109
f 1339/744/110 1341/747/110 1342/748/110
f 1341/747/111 1343/749/111 1344/750/111
f 1343/749/112 1345/751/112 1346/752/112
f 1347/753/113 1348/754/113 1346/752/113
f 1349/755/114 1350/756/114 1348/757/114
f 1351/758/115 1352/759/115 1350/756/115
f 1353/760/116 1354/761/116 1352/759/116
f 1355/762/117 1356/763/117 1354/761/117
f 1357/764/118 1358/765/118 1356/763/118
f 1359/766/119 1360/767/119 1358/765/119
f 1361/768/120 1362/769/120 1360/767/120
f 1363/770/121 1364/771/121 1362/769/121
f 1365/772/122 1366/773/122 1364/774/122
f 1367/775/123 1368/776/123 1366/773/123
f 1369/777/124 1370/778/124 1368/776/124
f 1371/779/125 1372/780/125 1370/778/125
f 1373/781/126 1374/782/126 1372/780/126
f 1375/783/127 1376/784/127 1374/782/127
f 1377/785/128 1378/786/128 1376/784/128
f 1380/787/129 1382/788/129 1381/789/129
f 1381/789/130 1382/788/130 1384/790/130
f 1383/791/131 1384/790/131 1386/792/131
f 1385/793/132 1386/792/132 1388/794/132
f 1388/794/133 1390/753/133 1389/754/133
f 1390/795/134 1392/796/134 1391/797/134
f 1392/796/135 1394/798/135 1393/799/135
f 1394/798/136 1396/800/136 1395/801/136
f 1396/800/137 1398/802/137 1397/803/137
f 1398/802/138 1400/804/138 1399/805/138
f 1400/804/139 1402/806/139 1401/807/139
f 1402/806/140 1404/808/140 1403/809/140
f 1404/808/141 1406/810/141 1405/811/141
f 1406/812/142 1408/813/142 1407/814/142
f 1408/813/143 1410/815/143 1409/816/143
f 1410/815/144 1412/817/144 1411/818/144
f 1412/817/145 1414/819/145 1413/820/145
f 1414/819/146 1416/821/146 1415/822/146
f 1416/821/147 1418/823/147 1417/824/147
f 1418/823/148 1420/825/148 1419/826/148
f 1339/827/149 1337/754/149 1379/828/149
f 1341/829/150 1339/830/150 1381/831/150
f 1341/829/151 1383/832/151 1385/833/151
f 1343/834/152 1385/833/152 1387/835/152
f 1345/836/149 1387/837/149 1389/838/149
f 1347/839/149 1389/838/149 1391/840/149
f 1349/841/149 1391/840/149 1393/842/149
f 1351/843/149 1393/842/149 1395/844/149
f 1353/845/149 1395/844/149 1397/846/149
f 1355/847/149 1397/846/149 1399/848/149
f 1359/849/149 1357/850/149 1399/848/149
f 1361/851/149 1359/849/149 1401/852/149
f 1363/853/149 1361/851/149 1403/854/149
f 1365/855/149 1363/853/149 1405/856/149
f 1367/857/149 1365/855/149 1407/858/149
f 1369/859/149 1367/857/149 1409/860/149
f 1371/861/152 1369/862/153 1411/863/153
f 1373/864/151 1371/861/151 1413/865/151
f 1373/864/154 1415/866/150 1417/867/155
f 1375/868/149 1417/754/149 1419/869/149
f 1337/870/156 1338/871/156 1380/872/156
f 1377/873/157 1419/874/157 1420/872/157
f 1337/875/109 1339/744/109 1338/746/109
f 1340/745/110 1339/744/110 1342/748/110
f 1342/748/111 1341/747/111 1344/750/111
f 1344/750/112 1343/749/112 1346/752/112
f 1345/751/158 1347/753/158 1346/752/158
f 1347/876/114 1349/755/114 1348/757/114
f 1349/755/115 1351/758/115 1350/756/115
f 1351/758/116 1353/760/116 1352/759/116
f 1353/760/117 1355/762/117 1354/761/117
f 1355/762/118 1357/764/118 1356/763/118
f 1357/764/119 1359/766/119 1358/765/119
f 1359/766/120 1361/768/120 1360/767/120
f 1361/768/121 1363/770/121 1362/769/121
f 1363/787/122 1365/772/122 1364/774/122
f 1365/772/123 1367/775/123 1366/773/123
f 1367/775/124 1369/777/124 1368/776/124
f 1369/777/125 1371/779/125 1370/778/125
f 1371/779/126 1373/781/126 1372/780/126
f 1373/781/127 1375/783/127 1374/782/127
f 1375/783/128 1377/785/128 1376/784/128
f 1379/877/129 1380/787/129 1381/789/129
f 1383/791/130 1381/789/130 1384/790/130
f 1385/793/131 1383/791/131 1386/792/131
f 1387/878/132 1385/793/132 1388/794/132
f 1387/878/133 1388/794/133 1389/754/133
f 1389/879/134 1390/795/134 1391/797/134
f 1391/797/135 1392/796/135 1393/799/135
f 1393/799/136 1394/798/136 1395/801/136
f 1395/801/137 1396/800/137 1397/803/137
f 1397/803/138 1398/802/138 1399/805/138
f 1399/805/139 1400/804/139 1401/807/139
f 1401/807/140 1402/806/140 1403/809/140
f 1403/809/141 1404/808/141 1405/811/141
f 1405/880/142 1406/812/142 1407/814/142
f 1407/814/143 1408/813/143 1409/816/143
f 1409/816/144 1410/815/144 1411/818/144
f 1411/818/145 1412/817/145 1413/820/145
f 1413/820/146 1414/819/146 1415/822/146
f 1415/822/147 1416/821/147 1417/824/147
f 1417/824/148 1418/823/148 1419/826/148
f 1381/881/149 1339/827/149 1379/828/149
f 1383/832/154 1341/829/150 1381/831/150
f 1343/834/151 1341/829/151 1385/833/151
f 1345/882/152 1343/834/152 1387/835/152
f 1347/839/149 1345/836/149 1389/838/149
f 1349/841/149 1347/839/149 1391/840/149
f 1351/843/149 1349/841/149 1393/842/149
f 1353/845/149 1351/843/149 1395/844/149
f 1355/847/149 1353/845/149 1397/846/149
f 1357/850/149 1355/847/149 1399/848/149
f 1401/852/149 1359/849/149 1399/848/149
f 1403/854/149 1361/851/149 1401/852/149
f 1405/856/149 1363/853/149 1403/854/149
f 1407/858/149 1365/855/149 1405/856/149
f 1409/860/149 1367/857/149 1407/858/149
f 1411/883/149 1369/859/149 1409/860/149
f 1413/865/152 1371/861/152 1411/863/153
f 1415/866/151 1373/864/151 1413/865/151
f 1375/884/155 1373/864/154 1417/867/155
f 1377/885/149 1375/868/149 1419/869/149
f 1379/886/156 1337/870/156 1380/872/156
f 1378/871/157 1377/873/157 1420/872/157
f 1255/744/159 1256/745/159 1254/746/159
f 1255/744/110 1257/747/110 1258/748/110
f 1257/747/111 1259/749/111 1260/750/111
f 1259/749/112 1261/751/112 1262/752/112
f 1263/753/113 1264/754/113 1262/752/113
f 1265/755/114 1266/756/114 1264/757/114
f 1267/758/115 1268/759/115 1266/756/115
f 1269/760/160 1270/761/160 1268/759/160
f 1271/762/161 1272/763/161 1270/761/161
f 1273/764/162 1274/765/162 1272/763/162
f 1275/766/163 1276/767/163 1274/765/163
f 1277/768/164 1278/769/164 1276/767/164
f 1279/770/165 1280/771/165 1278/769/165
f 1281/772/122 1282/773/122 1280/774/122
f 1283/775/123 1284/776/123 1282/773/123
f 1285/777/124 1286/778/124 1284/776/124
f 1287/779/125 1288/780/125 1286/778/125
f 1289/781/126 1290/782/126 1288/780/126
f 1291/783/127 1292/784/127 1290/782/127
f 1293/785/128 1294/786/128 1292/784/128
f 1296/787/129 1298/788/129 1297/789/129
f 1297/789/130 1298/788/130 1300/790/130
f 1299/791/131 1300/790/131 1302/792/131
f 1301/793/132 1302/792/132 1304/794/132
f 1304/794/133 1306/753/133 1305/754/133
f 1306/795/166 1308/796/166 1307/797/166
f 1308/796/135 1310/798/135 1309/799/135
f 1310/798/136 1312/800/136 1311/801/136
f 1312/800/137 1314/802/137 1313/803/137
f 1314/802/138 1316/804/138 1315/805/138
f 1316/804/139 1318/806/139 1317/807/139
f 1318/806/140 1320/808/140 1319/809/140
f 1320/808/141 1322/810/141 1321/811/141
f 1322/812/142 1324/813/142 1323/814/142
f 1324/813/167 1326/815/167 1325/816/167
f 1326/815/144 1328/817/144 1327/818/144
f 1328/817/145 1330/819/145 1329/820/145
f 1330/819/146 1332/821/146 1331/822/146
f 1332/821/147 1334/823/147 1333/824/147
f 1334/823/148 1336/825/148 1335/826/148
f 1255/827/149 1253/754/149 1295/828/149
f 1257/829/155 1255/830/155 1297/831/155
f 1257/829/151 1299/832/151 1301/833/151
f 1259/834/168 1301/833/168 1303/835/152
f 1261/836/149 1303/837/149 1305/838/149
f 1263/839/149 1305/838/149 1307/840/149
f 1265/841/149 1307/840/149 1309/842/149
f 1267/843/149 1309/842/149 1311/844/149
f 1269/845/149 1311/844/149 1313/846/149
f 1271/847/149 1313/846/149 1315/848/149
f 1275/849/149 1273/850/149 1315/848/149
f 1277/851/149 1275/849/149 1317/852/149
f 1279/853/149 1277/851/149 1319/854/149
f 1281/855/149 1279/853/149 1321/856/149
f 1283/857/149 1281/855/149 1323/858/149
f 1285/859/149 1283/857/149 1325/860/149
f 1287/861/168 1285/862/169 1327/863/169
f 1289/864/151 1287/861/151 1329/865/151
f 1289/864/155 1331/866/155 1333/867/155
f 1291/868/149 1333/754/149 1335/869/149
f 1253/870/156 1254/871/156 1296/872/156
f 1293/873/157 1335/874/157 1336/872/157
f 1253/875/159 1255/744/159 1254/746/159
f 1256/745/110 1255/744/110 1258/748/110
f 1258/748/111 1257/747/111 1260/750/111
f 1260/750/112 1259/749/112 1262/752/112
f 1261/751/158 1263/753/158 1262/752/158
f 1263/876/114 1265/755/114 1264/757/114
f 1265/755/115 1267/758/115 1266/756/115
f 1267/758/160 1269/760/160 1268/759/160
f 1269/760/161 1271/762/161 1270/761/161
f 1271/762/162 1273/764/162 1272/763/162
f 1273/764/163 1275/766/163 1274/765/163
f 1275/766/164 1277/768/164 1276/767/164
f 1277/768/165 1279/770/165 1278/769/165
f 1279/787/122 1281/772/122 1280/774/122
f 1281/772/123 1283/775/123 1282/773/123
f 1283/775/124 1285/777/124 1284/776/124
f 1285/777/125 1287/779/125 1286/778/125
f 1287/779/126 1289/781/126 1288/780/126
f 1289/781/127 1291/783/127 1290/782/127
f 1291/783/128 1293/785/128 1292/784/128
f 1295/877/129 1296/787/129 1297/789/129
f 1299/791/130 1297/789/130 1300/790/130
f 1301/793/131 1299/791/131 1302/792/131
f 1303/878/132 1301/793/132 1304/794/132
f 1303/878/133 1304/794/133 1305/754/133
f 1305/879/166 1306/795/166 1307/797/166
f 1307/797/135 1308/796/135 1309/799/135
f 1309/799/136 1310/798/136 1311/801/136
f 1311/801/137 1312/800/137 1313/803/137
f 1313/803/138 1314/802/138 1315/805/138
f 1315/805/139 1316/804/139 1317/807/139
f 1317/807/140 1318/806/140 1319/809/140
f 1319/809/141 1320/808/141 1321/811/141
f 1321/880/142 1322/812/142 1323/814/142
f 1323/814/167 1324/813/167 1325/816/167
f 1325/816/144 1326/815/144 1327/818/144
f 1327/818/145 1328/817/145 1329/820/145
f 1329/820/146 1330/819/146 1331/822/146
f 1331/822/147 1332/821/147 1333/824/147
f 1333/824/148 1334/823/148 1335/826/148
f 1297/881/149 1255/827/149 1295/828/149
f 1299/832/155 1257/829/155 1297/831/155
f 1259/834/151 1257/829/151 1301/833/151
f 1261/882/152 1259/834/168 1303/835/152
f 1263/839/149 1261/836/149 1305/838/149
f 1265/841/149 1263/839/149 1307/840/149
f 1267/843/149 1265/841/149 1309/842/149
f 1269/845/149 1267/843/149 1311/844/149
f 1271/847/149 1269/845/149 1313/846/149
f 1273/850/149 1271/847/149 1315/848/149
f 1317/852/149 1275/849/149 1315/848/149
f 1319/854/149 1277/851/149 1317/852/149
f 1321/856/149 1279/853/149 1319/854/149
f 1323/858/149 1281/855/149 1321/856/149
f 1325/860/149 1283/857/149 1323/858/149
f 1327/883/149 1285/859/149 1325/860/149
f 1329/865/168 1287/861/168 1327/863/169
f 1331/866/151 1289/864/151 1329/865/151
f 1291/884/155 1289/864/155 1333/867/155
f 1293/885/149 1291/868/149 1335/869/149
f 1295/886/156 1253/870/156 1296/872/156
f 1294/871/157 1293/873/157 1336/872/157
f 699/887/149 671/888/149 682/889/149
f 701/890/149 705/891/149 713/892/149
f 762/893/149 736/894/149 746/895/149
f 783/896/149 767/897/149 770/898/149
f 802/899/170 798/900/170 797/901/170
f 803/902/171 799/903/171 798/904/171
f 804/900/172 800/899/172 799/905/172
f 801/906/149 797/907/149 800/908/149
f 798/909/156 799/910/156 800/911/156
f 803/910/173 802/909/173 801/912/173
f 807/913/109 808/914/109 806/915/109
f 807/913/110 809/916/110 810/917/110
f 809/916/111 811/918/111 812/919/111
f 811/918/112 813/920/112 814/921/112
f 815/922/113 816/923/113 814/924/113
f 817/925/114 818/926/114 816/927/114
f 819/928/115 820/929/115 818/930/115
f 821/931/116 822/932/116 820/929/116
f 821/931/117 823/933/117 824/934/117
f 825/935/118 826/936/118 824/934/118
f 827/937/119 828/938/119 826/936/119
f 829/939/120 830/940/120 828/938/120
f 831/941/121 832/942/121 830/940/121
f 833/943/122 834/944/122 832/942/122
f 833/945/123 835/946/123 836/947/123
f 837/948/124 838/949/124 836/947/124
f 839/950/125 840/951/125 838/949/125
f 841/952/126 842/953/126 840/951/126
f 843/954/127 844/955/127 842/953/127
f 845/956/128 846/957/128 844/955/128
f 848/923/129 850/958/129 849/959/129
f 849/959/130 850/958/130 852/960/130
f 851/961/131 852/960/131 854/962/131
f 853/963/132 854/962/132 856/964/132
f 856/964/133 858/965/133 857/966/133
f 858/965/166 860/967/166 859/968/166
f 860/967/135 862/969/135 861/970/135
f 862/971/136 864/972/136 863/973/136
f 864/972/174 866/974/174 865/975/137
f 866/974/138 868/976/138 867/977/175
f 868/976/139 870/978/139 869/979/176
f 870/978/177 872/980/177 871/981/140
f 872/980/141 874/982/141 873/983/141
f 874/982/142 876/970/142 875/984/142
f 876/930/167 878/985/167 877/986/167
f 878/985/144 880/987/144 879/988/144
f 880/987/145 882/989/145 881/990/145
f 882/989/146 884/991/146 883/992/146
f 884/991/147 886/993/147 885/994/147
f 886/993/148 888/926/148 887/995/148
f 805/996/178 806/997/178 848/998/178
f 845/999/157 887/1000/157 888/1001/157
f 813/1002/149 855/1003/149 857/1004/149
f 839/1005/179 837/1006/179 879/1007/179
f 841/1008/180 839/1005/181 881/1009/180
f 841/1010/182 883/1011/182 885/1012/182
f 843/1013/149 885/1012/149 887/1014/149
f 811/1015/183 853/1016/183 855/1017/183
f 809/1018/184 851/1019/184 853/1016/180
f 809/1020/182 807/1021/185 849/1022/182
f 807/1021/149 805/1023/149 847/1024/149
f 815/1025/149 857/1026/149 859/1027/149
f 817/1028/149 859/1027/149 861/1029/149
f 819/1030/149 861/1029/149 863/1031/149
f 821/1032/149 863/1031/149 865/1033/149
f 823/1034/149 865/1033/149 867/1035/149
f 827/1036/149 825/1037/149 867/1035/149
f 829/1038/149 827/1036/149 869/1039/149
f 831/1040/149 829/1038/149 871/1041/149
f 833/1042/149 831/1040/149 873/1043/149
f 835/1044/149 833/1042/149 875/1045/149
f 837/1046/149 835/1044/149 877/1047/149
f 891/913/109 892/914/109 890/915/109
f 891/913/110 893/916/110 894/917/110
f 893/916/111 895/918/111 896/919/111
f 895/918/112 897/920/112 898/921/112
f 899/922/113 900/923/113 898/924/113
f 901/925/114 902/926/114 900/927/114
f 903/1048/115 904/1049/115 902/945/115
f 905/1050/160 906/1051/160 904/1049/160
f 905/1050/161 907/1052/161 908/1053/161
f 909/1054/118 910/1055/118 908/1053/118
f 911/1056/119 912/1057/119 910/1055/119
f 913/1058/164 914/1059/164 912/1057/164
f 915/1060/165 916/1061/165 914/1059/165
f 917/1062/122 918/1063/122 916/1061/122
f 917/945/123 919/946/123 920/947/123
f 919/946/124 921/948/124 922/949/124
f 923/950/125 924/951/125 922/949/125
f 925/952/126 926/953/126 924/951/126
f 927/954/127 928/955/127 926/953/127
f 927/954/128 929/956/128 930/957/128
f 932/923/129 934/958/129 933/959/129
f 933/959/130 934/958/130 936/960/130
f 935/961/131 936/960/131 938/962/131
f 937/963/132 938/962/132 940/964/132
f 940/964/133 942/965/133 941/966/133
f 942/965/166 944/967/166 943/968/166
f 944/967/135 946/969/135 945/970/135
f 946/984/136 948/983/136 947/982/136
f 948/983/174 950/981/174 949/980/174
f 950/981/138 952/979/138 951/978/138
f 952/979/139 954/977/139 953/976/139
f 954/977/177 956/975/177 955/974/177
f 956/975/141 958/973/141 957/972/141
f 958/973/142 960/1064/142 959/971/142
f 959/1065/167 960/930/167 962/985/167
f 962/985/144 964/987/144 963/988/144
f 964/987/145 966/989/145 965/990/145
f 966/989/146 968/991/146 967/992/146
f 968/991/147 970/993/147 969/994/147
f 970/993/148 972/926/148 971/995/148
f 889/998/178 890/1066/178 932/996/178
f 929/1001/157 971/1067/157 972/999/157
f 897/1002/149 939/1003/149 941/1004/149
f 923/1005/179 921/1006/179 963/1007/179
f 925/1008/184 923/1005/181 965/1009/180
f 925/1010/182 967/1011/182 969/1012/182
f 927/1013/149 969/1012/149 971/1014/149
f 895/1015/183 937/1016/183 939/1017/183
f 893/1018/180 935/1019/180 937/1016/180
f 893/1020/182 891/1021/182 933/1022/182
f 891/1021/149 889/1023/149 931/1024/149
f 899/1025/149 941/1026/149 943/1027/149
f 901/1028/149 943/1027/149 945/1029/149
f 903/1030/149 945/1029/149 947/1031/149
f 905/1032/149 947/1031/149 949/1033/149
f 907/1034/149 949/1033/149 951/1035/149
f 911/1036/149 909/1037/149 951/1035/149
f 913/1038/149 911/1036/149 953/1039/149
f 915/1040/149 913/1038/149 955/1041/149
f 917/1042/149 915/1040/149 957/1043/149
f 919/1044/149 917/1042/149 959/1045/149
f 921/1046/149 919/1044/149 961/1047/149
f 975/1068/109 976/1069/109 974/1070/109
f 975/1071/110 977/1072/110 978/1073/110
f 977/1072/111 979/1074/111 980/1075/111
f 979/1074/112 981/1076/112 982/1077/112
f 983/1078/113 984/1079/113 982/1080/113
f 985/1081/114 986/1082/114 984/1083/114
f 987/1084/115 988/1085/115 986/1082/115
f 989/1086/116 990/1087/116 988/1085/116
f 989/1086/117 991/1088/117 992/1089/117
f 993/1090/118 994/1091/118 992/1092/118
f 995/1093/119 996/1094/119 994/1091/119
f 997/1095/120 998/1096/120 996/1094/120
f 999/1097/121 1000/1098/121 998/1096/121
f 1001/1099/122 1002/1100/122 1000/1098/122
f 1001/1099/123 1003/1101/123 1004/1102/123
f 1005/1103/124 1006/1104/124 1004/1102/124
f 1007/1105/125 1008/1106/125 1006/1104/125
f 1009/1107/126 1010/1108/126 1008/1106/126
f 1011/1109/127 1012/1110/127 1010/1111/127
f 1013/1112/128 1014/1113/128 1012/1110/128
f 1016/1114/129 1018/1115/129 1017/1116/129
f 1017/1116/130 1018/1115/130 1020/1117/130
f 1019/1118/131 1020/1119/131 1022/1120/131
f 1021/1121/132 1022/1120/132 1024/1122/132
f 1024/1122/133 1026/1123/133 1025/1124/133
f 1026/1123/166 1028/1125/166 1027/1100/166
f 1028/1125/135 1030/1126/135 1029/1127/135
f 1030/1126/136 1032/1128/136 1031/1129/136
f 1031/1129/174 1032/1128/174 1034/1130/174
f 1034/1130/138 1036/1131/138 1035/1092/138
f 1036/1076/139 1038/1132/139 1037/1133/139
f 1038/1132/177 1040/1134/177 1039/1135/177
f 1040/1134/141 1042/1136/141 1041/1137/141
f 1042/1136/142 1044/1138/142 1043/1139/142
f 1043/1139/167 1044/1138/167 1046/1140/167
f 1046/1140/144 1048/1141/144 1047/1142/144
f 1048/1141/145 1050/1143/145 1049/1144/145
f 1050/1143/146 1052/1089/146 1051/1145/146
f 1052/1146/147 1054/1147/147 1053/1148/147
f 1054/1147/148 1056/1149/148 1055/1150/148
f 973/1151/178 974/1152/178 1016/1114/178
f 1013/1153/157 1055/1154/157 1056/1155/157
f 981/1156/149 1023/1157/149 1025/1158/149
f 1007/1105/179 1005/1103/186 1047/1159/186
f 1009/1107/184 1007/1105/181 1049/1160/181
f 1009/1161/182 1051/1162/182 1053/1163/182
f 1011/1164/149 1053/1163/149 1055/1165/149
f 979/1166/183 1021/1167/183 1023/1168/183
f 977/1070/184 1019/1169/184 1021/1167/187
f 977/1170/182 975/1171/188 1017/1172/182
f 975/1171/149 973/1173/149 1015/1174/149
f 983/1175/149 1025/1176/149 1027/1177/149
f 985/1178/149 1027/1177/149 1029/1179/149
f 987/1180/149 1029/1179/149 1031/1181/149
f 989/1182/149 1031/1181/149 1033/1183/149
f 991/1184/149 1033/1183/149 1035/1185/149
f 995/1186/149 993/1187/149 1035/1185/149
f 997/1188/149 995/1186/149 1037/1189/149
f 999/1190/149 997/1188/149 1039/1191/149
f 1001/1192/149 999/1190/149 1041/1193/149
f 1003/1194/149 1001/1192/149 1043/1195/149
f 1005/1196/149 1003/1194/149 1045/1197/149
f 1059/913/109 1060/914/109 1058/915/109
f 1059/913/110 1061/916/110 1062/917/110
f 1061/916/111 1063/918/111 1064/919/111
f 1063/918/112 1065/920/112 1066/921/112
f 1067/922/113 1068/923/113 1066/924/113
f 1069/925/114 1070/926/114 1068/927/114
f 1071/928/115 1072/929/115 1070/930/115
f 1073/931/116 1074/932/116 1072/929/116
f 1073/931/117 1075/933/117 1076/934/117
f 1077/935/118 1078/936/118 1076/934/118
f 1079/937/119 1080/938/119 1078/936/119
f 1081/939/120 1082/940/120 1080/938/120
f 1083/941/121 1084/942/121 1082/940/121
f 1085/943/122 1086/944/122 1084/942/122
f 1085/945/123 1087/946/123 1088/947/123
f 1089/948/124 1090/949/124 1088/947/124
f 1091/950/125 1092/951/125 1090/949/125
f 1093/952/126 1094/953/126 1092/951/126
f 1095/954/127 1096/955/127 1094/953/127
f 1097/956/128 1098/957/128 1096/955/128
f 1100/923/129 1102/958/129 1101/959/129
f 1101/959/130 1102/958/130 1104/960/130
f 1103/961/131 1104/960/131 1106/962/131
f 1105/963/132 1106/962/132 1108/964/132
f 1108/964/133 1110/965/133 1109/966/133
f 1110/965/166 1112/967/166 1111/968/166
f 1112/967/135 1114/969/135 1113/970/135
f 1114/971/136 1116/972/136 1115/973/136
f 1116/972/174 1118/974/174 1117/975/137
f 1118/974/138 1120/976/138 1119/977/175
f 1120/976/139 1122/978/139 1121/979/176
f 1122/978/177 1124/980/177 1123/981/140
f 1124/980/141 1126/982/141 1125/983/141
f 1126/982/142 1128/970/142 1127/984/142
f 1128/930/167 1130/985/167 1129/986/167
f 1130/985/144 1132/987/144 1131/988/144
f 1132/987/145 1134/989/145 1133/990/145
f 1134/989/146 1136/991/146 1135/992/146
f 1136/991/147 1138/993/147 1137/994/147
f 1138/993/148 1140/926/148 1139/995/148
f 1057/998/178 1058/1066/178 1100/996/178
f 1097/1001/157 1139/1067/157 1140/999/157
f 1065/1002/149 1107/1003/149 1109/1004/149
f 1091/1005/179 1089/1006/179 1131/1007/179
f 1093/1008/180 1091/1005/181 1133/1009/180
f 1093/1010/182 1135/1011/182 1137/1012/182
f 1095/1013/149 1137/1012/149 1139/1014/149
f 1063/1015/183 1105/1016/183 1107/1017/183
f 1061/1018/180 1103/1019/184 1105/1016/180
f 1061/1020/182 1059/1021/185 1101/1022/182
f 1059/1021/149 1057/1023/149 1099/1024/149
f 1067/1025/149 1109/1026/149 1111/1027/149
f 1069/1028/149 1111/1027/149 1113/1029/149
f 1071/1030/149 1113/1029/149 1115/1031/149
f 1073/1032/149 1115/1031/149 1117/1033/149
f 1075/1034/149 1117/1033/149 1119/1035/149
f 1079/1036/149 1077/1037/149 1119/1035/149
f 1081/1038/149 1079/1036/149 1121/1039/149
f 1083/1040/149 1081/1038/149 1123/1041/149
f 1085/1042/149 1083/1040/149 1125/1043/149
f 1087/1044/149 1085/1042/149 1127/1045/149
f 1089/1046/149 1087/1044/149 1129/1047/149
f 1146/1198/170 1142/1199/170 1141/1200/170
f 1147/1201/171 1143/1202/171 1142/1203/171
f 1148/1204/172 1144/1198/172 1143/1205/172
f 1145/1202/149 1141/1206/149 1144/1207/149
f 1142/1208/156 1143/1205/156 1144/1202/156
f 1147/1206/173 1146/1202/173 1145/1205/173
f 1154/1204/170 1150/1198/170 1149/1209/170
f 1155/1210/171 1151/1211/171 1150/1212/171
f 1156/1213/172 1152/1214/172 1151/1209/172
f 1153/1212/149 1149/1215/149 1152/1207/149
f 1150/1216/156 1151/1214/156 1152/1212/156
f 1155/1214/173 1154/1216/173 1153/1217/173
f 1162/1205/170 1158/1200/170 1157/1206/170
f 1163/1207/171 1159/1203/171 1158/1202/171
f 1164/1208/172 1160/1205/172 1159/1202/172
f 1161/1201/149 1157/1202/149 1160/1203/149
f 1158/1204/156 1159/1198/156 1160/1205/156
f 1163/1200/173 1162/1205/173 1161/1198/173
f 1170/1198/170 1166/1199/170 1165/1200/170
f 1171/1210/171 1167/1201/171 1166/1202/171
f 1172/1204/172 1168/1198/172 1167/1205/172
f 1169/1202/149 1165/1206/149 1168/1207/149
f 1166/1206/156 1167/1202/156 1168/1205/156
f 1171/1208/173 1170/1205/173 1169/1202/173
f 1178/899/170 1174/900/170 1173/901/170
f 1179/902/171 1175/903/171 1174/904/171
f 1180/900/172 1176/899/172 1175/905/172
f 1177/1218/149 1173/1219/149 1176/1220/149
f 1174/909/156 1175/910/156 1176/911/156
f 1179/910/173 1178/909/173 1177/912/173
f 1186/1221/170 1182/1222/170 1181/1223/170
f 1187/1224/171 1183/1225/171 1182/1220/171
f 1188/905/172 1184/1221/172 1183/1226/172
f 1185/912/149 1181/1227/149 1184/1222/149
f 1182/1218/156 1183/1228/156 1184/1229/156
f 1187/1230/173 1186/1231/173 1185/902/173
f 1194/1232/170 1190/1233/170 1189/1234/170
f 1190/1235/156 1197/1236/156 1198/1237/156
f 1196/1238/172 1192/1239/172 1191/1240/172
f 1193/1241/149 1189/1242/149 1192/1243/149
f 1190/1235/156 1191/1244/156 1192/1245/156
f 1195/1244/173 1194/1246/173 1193/1247/173
f 1200/1248/171 1198/1249/171 1197/1250/171
f 1191/1240/172 1198/1251/172 1200/1252/172
f 1195/1244/173 1200/1237/173 1199/1253/173
f 1199/1253/173 1204/1254/173 1202/1255/173
f 1204/1254/173 1208/1238/173 1206/1256/173
f 1190/1235/156 1201/1257/156 1203/1258/156
f 1197/1250/171 1203/1259/171 1204/1260/171
f 1194/1261/149 1202/1262/149 1201/1263/149
f 1206/1264/170 1208/1239/170 1207/1265/170
f 1201/1257/156 1205/1266/156 1207/903/156
f 1203/1259/171 1207/1267/171 1208/1268/171
f 1201/1257/156 1209/1261/156 1211/1269/156
f 1210/1241/149 1212/1270/149 1211/1271/149
f 1206/1256/173 1212/1252/173 1210/1272/173
f 1205/1273/170 1211/1259/170 1212/1251/170
f 1202/1267/172 1210/1265/172 1209/1232/172
f 1218/1274/170 1214/1275/170 1213/1276/170
f 1219/1275/171 1215/1274/171 1214/1277/171
f 1220/1278/172 1216/1276/172 1215/1279/172
f 1217/1280/149 1213/1277/149 1216/1281/149
f 1214/1279/156 1215/1233/156 1216/1282/156
f 1219/1283/173 1218/1284/173 1217/1285/173
f 1226/1277/170 1222/1280/170 1221/1275/170
f 1227/1276/171 1223/1278/171 1222/1274/171
f 1228/1278/172 1224/1276/172 1223/1279/172
f 1225/1280/149 1221/1277/149 1224/1281/149
f 1222/1285/156 1223/1282/156 1224/1283/156
f 1227/1282/173 1226/1285/173 1225/1279/173
f 1234/1280/170 1230/1277/170 1229/1281/170
f 1235/1279/171 1231/1286/171 1230/1278/171
f 1236/1274/172 1232/1275/172 1231/1276/172
f 1233/1275/149 1229/1274/149 1232/1277/149
f 1230/1285/156 1231/1282/156 1232/1283/156
f 1235/1282/173 1234/1285/173 1233/1279/173
f 1242/1287/170 1238/1288/170 1237/1289/170
f 1243/1290/171 1239/1291/171 1238/1292/171
f 1244/1293/172 1240/1294/172 1239/1290/172
f 1241/1289/149 1237/1295/149 1240/1296/149
f 1238/1289/156 1239/1297/156 1240/1298/156
f 1243/1297/173 1242/1289/173 1241/1288/173
f 1250/1288/170 1246/1293/170 1245/1297/170
f 1251/1292/171 1247/1297/171 1246/1290/171
f 1252/1289/172 1248/1299/172 1247/1287/172
f 1249/1299/149 1245/1289/149 1248/1295/149
f 1246/1293/156 1247/1294/156 1248/1290/156
f 1251/1298/173 1250/1300/173 1249/1289/173
f 1434/1301/149 1426/1302/149 1430/1303/149
f 1470/1304/149 1454/1305/149 1468/1306/149
f 699/887/149 700/1307/149 669/1308/149
f 697/1309/149 698/1310/149 699/887/149
f 699/887/149 696/1311/149 697/1309/149
f 696/1311/149 694/1312/149 695/1313/149
f 696/1311/149 692/1314/149 693/1315/149
f 688/1316/149 690/1317/149 691/1318/149
f 690/1317/149 688/1316/149 689/1319/149
f 685/1320/149 686/1321/149 687/1322/149
f 683/1323/149 684/1324/149 685/1320/149
f 688/1316/149 682/889/149 683/1323/149
f 682/889/149 680/1325/149 681/1326/149
f 674/1327/149 678/1328/149 679/1329/149
f 674/1327/149 676/1330/149 677/1331/149
f 676/1330/149 674/1327/149 675/1332/149
f 671/888/149 672/1333/149 673/1334/149
f 669/1308/149 670/1335/149 671/888/149
f 671/888/149 699/887/149 669/1308/149
f 693/1315/149 694/1312/149 696/1311/149
f 696/1311/149 688/1316/149 692/1314/149
f 691/1318/149 692/1314/149 688/1316/149
f 687/1322/149 683/1323/149 685/1320/149
f 682/889/149 679/1329/149 680/1325/149
f 678/1328/149 674/1327/149 677/1331/149
f 674/1327/149 671/888/149 673/1334/149
f 688/1316/149 696/1311/149 699/887/149
f 699/887/149 682/889/149 688/1316/149
f 671/888/149 679/1329/149 682/889/149
f 679/1329/149 671/888/149 674/1327/149
f 683/1323/149 687/1322/149 688/1316/149
f 729/1336/149 732/1337/149 701/890/149
f 732/1337/149 730/1338/149 731/1339/149
f 727/1340/149 728/1341/149 729/1336/149
f 729/1336/149 726/1342/149 727/1340/149
f 721/1343/149 724/1344/149 725/1345/149
f 721/1343/149 722/1346/149 723/1347/149
f 718/1348/149 720/1349/149 721/1343/149
f 720/1349/149 718/1348/149 719/1350/149
f 713/892/149 716/1351/149 717/1352/149
f 716/1351/149 714/1353/149 715/1354/149
f 711/1355/149 712/1356/149 713/892/149
f 713/892/149 710/1357/149 711/1355/149
f 713/892/149 708/1358/149 709/1359/149
f 705/891/149 706/1360/149 707/1361/149
f 702/1362/149 704/1363/149 705/891/149
f 704/1363/149 702/1362/149 703/1364/149
f 729/1336/149 730/1338/149 732/1337/149
f 721/1343/149 726/1342/149 729/1336/149
f 721/1343/149 723/1347/149 724/1344/149
f 717/1352/149 718/1348/149 721/1343/149
f 713/892/149 714/1353/149 716/1351/149
f 709/1359/149 710/1357/149 713/892/149
f 705/891/149 707/1361/149 708/1358/149
f 701/890/149 702/1362/149 705/891/149
f 717/1352/149 729/1336/149 701/890/149
f 726/1342/149 721/1343/149 725/1345/149
f 701/890/149 713/892/149 717/1352/149
f 713/892/149 705/891/149 708/1358/149
f 717/1352/149 721/1343/149 729/1336/149
f 763/1365/149 764/1366/149 733/1367/149
f 736/894/149 762/893/149 763/1365/149
f 762/893/149 760/1368/149 761/1369/149
f 756/1370/149 758/1371/149 759/1372/149
f 758/1371/149 756/1370/149 757/1373/149
f 752/1374/149 754/1375/149 755/1376/149
f 754/1375/149 752/1374/149 753/1377/149
f 749/1378/149 750/1379/149 751/1380/149
f 747/1381/149 748/1382/149 749/1378/149
f 752/1374/149 746/895/149 747/1381/149
f 746/895/149 744/1383/149 745/1384/149
f 741/1385/149 742/1386/149 743/1387/149
f 743/1387/149 740/1388/149 741/1385/149
f 736/894/149 738/1389/149 739/1390/149
f 738/1389/149 736/894/149 737/1391/149
f 733/1367/149 734/1392/149 735/1393/149
f 735/1393/149 763/1365/149 733/1367/149
f 762/893/149 759/1372/149 760/1368/149
f 759/1372/149 755/1376/149 756/1370/149
f 755/1376/149 759/1372/149 752/1374/149
f 751/1380/149 747/1381/149 749/1378/149
f 746/895/149 743/1387/149 744/1383/149
f 743/1387/149 739/1390/149 740/1388/149
f 739/1390/149 746/895/149 736/894/149
f 752/1374/149 759/1372/149 762/893/149
f 762/893/149 746/895/149 752/1374/149
f 739/1390/149 743/1387/149 746/895/149
f 763/1365/149 735/1393/149 736/894/149
f 747/1381/149 751/1380/149 752/1374/149
f 766/1394/149 796/1395/149 765/1396/149
f 796/1395/149 794/1397/149 795/1398/149
f 794/1397/149 792/1399/149 793/1400/149
f 796/1395/149 767/897/149 791/1401/149
f 783/896/149 788/1402/149 789/1403/149
f 785/1404/149 786/1405/149 787/1406/149
f 783/896/149 784/1407/149 785/1404/149
f 780/1408/149 782/1409/149 783/896/149
f 782/1409/149 780/1408/149 781/1410/149
f 780/1408/149 778/1411/149 779/1412/149
f 778/1411/149 776/1413/149 777/1414/149
f 780/1408/149 774/1415/149 775/1416/149
f 770/898/149 772/1417/149 773/1418/149
f 772/1417/149 770/898/149 771/1419/149
f 767/897/149 768/1420/149 769/1421/149
f 796/1395/149 766/1394/149 767/897/149
f 791/1401/149 794/1397/149 796/1395/149
f 794/1397/149 791/1401/149 792/1399/149
f 785/1404/149 787/1406/149 788/1402/149
f 788/1402/149 783/896/149 785/1404/149
f 775/1416/149 778/1411/149 780/1408/149
f 778/1411/149 775/1416/149 776/1413/149
f 774/1415/149 770/898/149 773/1418/149
f 770/898/149 767/897/149 769/1421/149
f 767/897/149 790/1422/149 791/1401/149
f 790/1422/149 783/896/149 789/1403/149
f 783/896/149 774/1415/149 780/1408/149
f 774/1415/149 783/896/149 770/898/149
f 767/897/149 783/896/149 790/1422/149
f 801/1423/170 802/899/170 797/901/170
f 802/1220/171 803/902/171 798/904/171
f 803/1424/172 804/900/172 799/905/172
f 804/1425/149 801/906/149 800/908/149
f 797/1426/156 798/909/156 800/911/156
f 804/1427/173 803/910/173 801/912/173
f 805/1428/109 807/913/109 806/915/109
f 808/914/110 807/913/110 810/917/110
f 810/917/111 809/916/111 812/919/111
f 812/919/112 811/918/112 814/921/112
f 813/1429/113 815/922/113 814/924/113
f 815/1430/114 817/925/114 816/927/114
f 817/1431/115 819/928/115 818/930/115
f 819/928/116 821/931/116 820/929/116
f 822/932/117 821/931/117 824/934/117
f 823/933/118 825/935/118 824/934/118
f 825/935/119 827/937/119 826/936/119
f 827/937/120 829/939/120 828/938/120
f 829/939/121 831/941/121 830/940/121
f 831/941/122 833/943/122 832/942/122
f 834/1432/123 833/945/123 836/947/123
f 835/946/124 837/948/124 836/947/124
f 837/948/125 839/950/125 838/949/125
f 839/950/126 841/952/126 840/951/126
f 841/952/127 843/954/127 842/953/127
f 843/954/128 845/956/128 844/955/128
f 847/1433/129 848/923/129 849/959/129
f 851/961/130 849/959/130 852/960/130
f 853/963/131 851/961/131 854/962/131
f 855/1434/132 853/963/132 856/964/132
f 855/1434/133 856/964/133 857/966/133
f 857/966/166 858/965/166 859/968/166
f 859/968/135 860/967/135 861/970/135
f 861/1064/136 862/971/136 863/973/136
f 863/973/137 864/972/174 865/975/137
f 865/975/175 866/974/138 867/977/175
f 867/977/176 868/976/139 869/979/176
f 869/979/140 870/978/177 871/981/140
f 871/981/141 872/980/141 873/983/141
f 873/983/142 874/982/142 875/984/142
f 875/1065/167 876/930/167 877/986/167
f 877/986/144 878/985/144 879/988/144
f 879/988/145 880/987/145 881/990/145
f 881/990/146 882/989/146 883/992/146
f 883/992/147 884/991/147 885/994/147
f 885/994/148 886/993/148 887/995/148
f 847/1066/178 805/996/178 848/998/178
f 846/1067/157 845/999/157 888/1001/157
f 815/1435/149 813/1002/149 857/1004/149
f 881/1009/179 839/1005/179 879/1007/179
f 883/1436/184 841/1008/180 881/1009/180
f 843/1013/189 841/1010/182 885/1012/182
f 845/1437/149 843/1013/149 887/1014/149
f 813/1438/183 811/1015/183 855/1017/183
f 811/1015/187 809/1018/184 853/1016/180
f 851/1439/182 809/1020/182 849/1022/182
f 849/1022/149 807/1021/149 847/1024/149
f 817/1028/149 815/1025/149 859/1027/149
f 819/1030/149 817/1028/149 861/1029/149
f 821/1032/149 819/1030/149 863/1031/149
f 823/1034/149 821/1032/149 865/1033/149
f 825/1037/149 823/1034/149 867/1035/149
f 869/1039/149 827/1036/149 867/1035/149
f 871/1041/149 829/1038/149 869/1039/149
f 873/1043/149 831/1040/149 871/1041/149
f 875/1045/149 833/1042/149 873/1043/149
f 877/1047/149 835/1044/149 875/1045/149
f 879/1440/149 837/1046/149 877/1047/149
f 889/1428/109 891/913/109 890/915/109
f 892/914/110 891/913/110 894/917/110
f 894/917/111 893/916/111 896/919/111
f 896/919/112 895/918/112 898/921/112
f 897/1429/113 899/922/113 898/924/113
f 899/1430/114 901/925/114 900/927/114
f 901/1441/115 903/1048/115 902/945/115
f 903/1048/160 905/1050/160 904/1049/160
f 906/1051/161 905/1050/161 908/1053/161
f 907/1052/118 909/1054/118 908/1053/118
f 909/1054/119 911/1056/119 910/1055/119
f 911/1056/164 913/1058/164 912/1057/164
f 913/1058/165 915/1060/165 914/1059/165
f 915/1060/122 917/1062/122 916/1061/122
f 918/1432/123 917/945/123 920/947/123
f 920/947/124 919/946/124 922/949/124
f 921/948/125 923/950/125 922/949/125
f 923/950/126 925/952/126 924/951/126
f 925/952/127 927/954/127 926/953/127
f 928/955/128 927/954/128 930/957/128
f 931/1433/129 932/923/129 933/959/129
f 935/961/130 933/959/130 936/960/130
f 937/963/131 935/961/131 938/962/131
f 939/1434/132 937/963/132 940/964/132
f 939/1434/133 940/964/133 941/966/133
f 941/966/166 942/965/166 943/968/166
f 943/968/135 944/967/135 945/970/135
f 945/970/136 946/984/136 947/982/136
f 947/982/174 948/983/174 949/980/174
f 949/980/175 950/981/138 951/978/138
f 951/978/176 952/979/139 953/976/139
f 953/976/177 954/977/177 955/974/177
f 955/974/141 956/975/141 957/972/141
f 957/972/142 958/973/142 959/971/142
f 961/986/167 959/1065/167 962/985/167
f 961/986/144 962/985/144 963/988/144
f 963/988/145 964/987/145 965/990/145
f 965/990/146 966/989/146 967/992/146
f 967/992/147 968/991/147 969/994/147
f 969/994/148 970/993/148 971/995/148
f 931/997/178 889/998/178 932/996/178
f 930/1000/157 929/1001/157 972/999/157
f 899/1435/149 897/1002/149 941/1004/149
f 965/1009/179 923/1005/179 963/1007/179
f 967/1436/184 925/1008/184 965/1009/180
f 927/1013/189 925/1010/182 969/1012/182
f 929/1437/149 927/1013/149 971/1014/149
f 897/1438/183 895/1015/183 939/1017/183
f 895/1015/187 893/1018/180 937/1016/180
f 935/1439/182 893/1020/182 933/1022/182
f 933/1022/149 891/1021/149 931/1024/149
f 901/1028/149 899/1025/149 943/1027/149
f 903/1030/149 901/1028/149 945/1029/149
f 905/1032/149 903/1030/149 947/1031/149
f 907/1034/149 905/1032/149 949/1033/149
f 909/1037/149 907/1034/149 951/1035/149
f 953/1039/149 911/1036/149 951/1035/149
f 955/1041/149 913/1038/149 953/1039/149
f 957/1043/149 915/1040/149 955/1041/149
f 959/1045/149 917/1042/149 957/1043/149
f 961/1047/149 919/1044/149 959/1045/149
f 963/1440/149 921/1046/149 961/1047/149
f 973/1442/109 975/1068/109 974/1070/109
f 976/1080/110 975/1071/110 978/1073/110
f 978/1073/111 977/1072/111 980/1075/111
f 980/1075/112 979/1074/112 982/1077/112
f 981/1443/113 983/1078/113 982/1080/113
f 983/1444/114 985/1081/114 984/1083/114
f 985/1081/115 987/1084/115 986/1082/115
f 987/1084/116 989/1086/116 988/1085/116
f 990/1087/117 989/1086/117 992/1089/117
f 991/984/118 993/1090/118 992/1092/118
f 993/1090/119 995/1093/119 994/1091/119
f 995/1093/120 997/1095/120 996/1094/120
f 997/1095/121 999/1097/121 998/1096/121
f 999/1097/122 1001/1099/122 1000/1098/122
f 1002/1100/123 1001/1099/123 1004/1102/123
f 1003/1101/124 1005/1103/124 1004/1102/124
f 1005/1103/125 1007/1105/125 1006/1104/125
f 1007/1105/126 1009/1107/126 1008/1106/126
f 1009/1445/127 1011/1109/127 1010/1111/127
f 1011/1109/128 1013/1112/128 1012/1110/128
f 1015/1446/129 1016/1114/129 1017/1116/129
f 1019/1447/130 1017/1116/130 1020/1117/130
f 1021/1121/131 1019/1118/131 1022/1120/131
f 1023/1448/132 1021/1121/132 1024/1122/132
f 1023/1448/133 1024/1122/133 1025/1124/133
f 1025/1124/166 1026/1123/166 1027/1100/166
f 1027/1100/135 1028/1125/135 1029/1127/135
f 1029/1127/136 1030/1126/136 1031/1129/136
f 1033/1449/174 1031/1129/174 1034/1130/174
f 1033/1449/138 1034/1130/138 1035/1092/138
f 1035/1450/139 1036/1076/139 1037/1133/139
f 1037/1133/177 1038/1132/177 1039/1135/177
f 1039/1135/141 1040/1134/141 1041/1137/141
f 1041/1137/142 1042/1136/142 1043/1139/142
f 1045/937/167 1043/1139/167 1046/1140/167
f 1045/937/144 1046/1140/144 1047/1142/144
f 1047/1142/145 1048/1141/145 1049/1144/145
f 1049/1144/146 1050/1143/146 1051/1145/146
f 1051/1113/147 1052/1146/147 1053/1148/147
f 1053/1148/148 1054/1147/148 1055/1150/148
f 1015/1446/178 973/1151/178 1016/1114/178
f 1014/1451/157 1013/1153/157 1056/1155/157
f 983/1452/149 981/1156/149 1025/1158/149
f 1049/1160/179 1007/1105/179 1047/1159/186
f 1051/1145/184 1009/1107/184 1049/1160/181
f 1011/1164/190 1009/1161/182 1053/1163/182
f 1013/1453/149 1011/1164/149 1055/1165/149
f 981/1454/183 979/1166/183 1023/1168/183
f 979/1166/187 977/1070/184 1021/1167/187
f 1019/1455/182 977/1170/182 1017/1172/182
f 1017/1172/149 975/1171/149 1015/1174/149
f 985/1178/149 983/1175/149 1027/1177/149
f 987/1180/149 985/1178/149 1029/1179/149
f 989/1182/149 987/1180/149 1031/1181/149
f 991/1184/149 989/1182/149 1033/1183/149
f 993/1187/149 991/1184/149 1035/1185/149
f 1037/1189/149 995/1186/149 1035/1185/149
f 1039/1191/149 997/1188/149 1037/1189/149
f 1041/1193/149 999/1190/149 1039/1191/149
f 1043/1195/149 1001/1192/149 1041/1193/149
f 1045/1197/149 1003/1194/149 1043/1195/149
f 1047/1456/149 1005/1196/149 1045/1197/149
f 1057/1428/109 1059/913/109 1058/915/109
f 1060/914/110 1059/913/110 1062/917/110
f 1062/917/111 1061/916/111 1064/919/111
f 1064/919/112 1063/918/112 1066/921/112
f 1065/1429/113 1067/922/113 1066/924/113
f 1067/1430/114 1069/925/114 1068/927/114
f 1069/1431/115 1071/928/115 1070/930/115
f 1071/928/116 1073/931/116 1072/929/116
f 1074/932/117 1073/931/117 1076/934/117
f 1075/933/118 1077/935/118 1076/934/118
f 1077/935/119 1079/937/119 1078/936/119
f 1079/937/120 1081/939/120 1080/938/120
f 1081/939/121 1083/941/121 1082/940/121
f 1083/941/122 1085/943/122 1084/942/122
f 1086/1432/123 1085/945/123 1088/947/123
f 1087/946/124 1089/948/124 1088/947/124
f 1089/948/125 1091/950/125 1090/949/125
f 1091/950/126 1093/952/126 1092/951/126
f 1093/952/127 1095/954/127 1094/953/127
f 1095/954/128 1097/956/128 1096/955/128
f 1099/1433/129 1100/923/129 1101/959/129
f 1103/961/130 1101/959/130 1104/960/130
f 1105/963/131 1103/961/131 1106/962/131
f 1107/1434/132 1105/963/132 1108/964/132
f 1107/1434/133 1108/964/133 1109/966/133
f 1109/966/166 1110/965/166 1111/968/166
f 1111/968/135 1112/967/135 1113/970/135
f 1113/1064/136 1114/971/136 1115/973/136
f 1115/973/137 1116/972/174 1117/975/137
f 1117/975/175 1118/974/138 1119/977/175
f 1119/977/176 1120/976/139 1121/979/176
f 1121/979/140 1122/978/177 1123/981/140
f 1123/981/141 1124/980/141 1125/983/141
f 1125/983/142 1126/982/142 1127/984/142
f 1127/1065/167 1128/930/167 1129/986/167
f 1129/986/144 1130/985/144 1131/988/144
f 1131/988/145 1132/987/145 1133/990/145
f 1133/990/146 1134/989/146 1135/992/146
f 1135/992/147 1136/991/147 1137/994/147
f 1137/994/148 1138/993/148 1139/995/148
f 1099/997/178 1057/998/178 1100/996/178
f 1098/1000/157 1097/1001/157 1140/999/157
f 1067/1435/149 1065/1002/149 1109/1004/149
f 1133/1009/179 1091/1005/179 1131/1007/179
f 1135/1436/184 1093/1008/180 1133/1009/180
f 1095/1013/189 1093/1010/182 1137/1012/182
f 1097/1437/149 1095/1013/149 1139/1014/149
f 1065/1438/183 1063/1015/183 1107/1017/183
f 1063/1015/187 1061/1018/180 1105/1016/180
f 1103/1439/182 1061/1020/182 1101/1022/182
f 1101/1022/149 1059/1021/149 1099/1024/149
f 1069/1028/149 1067/1025/149 1111/1027/149
f 1071/1030/149 1069/1028/149 1113/1029/149
f 1073/1032/149 1071/1030/149 1115/1031/149
f 1075/1034/149 1073/1032/149 1117/1033/149
f 1077/1037/149 1075/1034/149 1119/1035/149
f 1121/1039/149 1079/1036/149 1119/1035/149
f 1123/1041/149 1081/1038/149 1121/1039/149
f 1125/1043/149 1083/1040/149 1123/1041/149
f 1127/1045/149 1085/1042/149 1125/1043/149
f 1129/1047/149 1087/1044/149 1127/1045/149
f 1131/1440/149 1089/1046/149 1129/1047/149
f 1145/1205/170 1146/1198/170 1141/1200/170
f 1146/1210/171 1147/1201/171 1142/1203/171
f 1147/1208/172 1148/1204/172 1143/1205/172
f 1148/1203/149 1145/1202/149 1144/1207/149
f 1141/1201/156 1142/1208/156 1144/1202/156
f 1148/1200/173 1147/1206/173 1145/1205/173
f 1153/1217/170 1154/1204/170 1149/1209/170
f 1154/1203/171 1155/1210/171 1150/1212/171
f 1155/1457/172 1156/1213/172 1151/1209/172
f 1156/1203/149 1153/1212/149 1152/1207/149
f 1149/1211/156 1150/1216/156 1152/1212/156
f 1156/1209/173 1155/1214/173 1153/1217/173
f 1161/1202/170 1162/1205/170 1157/1206/170
f 1162/1206/171 1163/1207/171 1158/1202/171
f 1163/1201/172 1164/1208/172 1159/1202/172
f 1164/1210/149 1161/1201/149 1160/1203/149
f 1157/1208/156 1158/1204/156 1160/1205/156
f 1164/1199/173 1163/1200/173 1161/1198/173
f 1169/1205/170 1170/1198/170 1165/1200/170
f 1170/1203/171 1171/1210/171 1166/1202/171
f 1171/1208/172 1172/1204/172 1167/1205/172
f 1172/1203/149 1169/1202/149 1168/1207/149
f 1165/1200/156 1166/1206/156 1168/1205/156
f 1172/1201/173 1171/1208/173 1169/1202/173
f 1177/1423/170 1178/899/170 1173/901/170
f 1178/1220/171 1179/902/171 1174/904/171
f 1179/1424/172 1180/900/172 1175/905/172
f 1180/904/149 1177/1218/149 1176/1220/149
f 1173/1426/156 1174/909/156 1176/911/156
f 1180/1427/173 1179/910/173 1177/912/173
f 1185/1226/170 1186/1221/170 1181/1223/170
f 1186/1458/171 1187/1224/171 1182/1220/171
f 1187/1459/172 1188/905/172 1183/1226/172
f 1188/1427/149 1185/912/149 1184/1222/149
f 1181/1423/156 1182/1218/156 1184/1229/156
f 1188/1220/173 1187/1230/173 1185/902/173
f 1193/1268/170 1194/1232/170 1189/1234/170
f 1191/1244/156 1190/1235/156 1198/1237/156
f 1195/1460/172 1196/1238/172 1191/1240/172
f 1196/1261/149 1193/1241/149 1192/1243/149
f 1189/1461/156 1190/1235/156 1192/1245/156
f 1196/1245/173 1195/1244/173 1193/1247/173
f 1199/1462/171 1200/1248/171 1197/1250/171
f 1195/1460/172 1191/1240/172 1200/1252/172
f 1194/1246/173 1195/1244/173 1199/1253/173
f 1194/1246/173 1199/1253/173 1202/1255/173
f 1202/1255/173 1204/1254/173 1206/1256/173
f 1197/1236/156 1190/1235/156 1203/1258/156
f 1199/1462/171 1197/1250/171 1204/1260/171
f 1190/1269/149 1194/1261/149 1201/1263/149
f 1205/1273/170 1206/1264/170 1207/1265/170
f 1203/1258/156 1201/1257/156 1207/903/156
f 1204/1260/171 1203/1259/171 1208/1268/171
f 1205/1266/156 1201/1257/156 1211/1269/156
f 1209/1242/149 1210/1241/149 1211/1271/149
f 1202/1255/173 1206/1256/173 1210/1272/173
f 1206/1264/170 1205/1273/170 1212/1251/170
f 1201/1268/172 1202/1267/172 1209/1232/172
f 1217/1278/170 1218/1274/170 1213/1276/170
f 1218/1280/171 1219/1275/171 1214/1277/171
f 1219/1286/172 1220/1278/172 1215/1279/172
f 1220/903/149 1217/1280/149 1216/1281/149
f 1213/1285/156 1214/1279/156 1216/1282/156
f 1220/1282/173 1219/1283/173 1217/1285/173
f 1225/1274/170 1226/1277/170 1221/1275/170
f 1226/1275/171 1227/1276/171 1222/1274/171
f 1227/1286/172 1228/1278/172 1223/1279/172
f 1228/903/149 1225/1280/149 1224/1281/149
f 1221/1284/156 1222/1285/156 1224/1283/156
f 1228/1233/173 1227/1282/173 1225/1279/173
f 1233/903/170 1234/1280/170 1229/1281/170
f 1234/1276/171 1235/1279/171 1230/1278/171
f 1235/1278/172 1236/1274/172 1231/1276/172
f 1236/1280/149 1233/1275/149 1232/1277/149
f 1229/1284/156 1230/1285/156 1232/1283/156
f 1236/1233/173 1235/1282/173 1233/1279/173
f 1241/1299/170 1242/1287/170 1237/1289/170
f 1242/1297/171 1243/1290/171 1238/1292/171
f 1243/1297/172 1244/1293/172 1239/1290/172
f 1244/1299/149 1241/1289/149 1240/1296/149
f 1237/1300/156 1238/1289/156 1240/1298/156
f 1244/1293/173 1243/1297/173 1241/1288/173
f 1249/1289/170 1250/1288/170 1245/1297/170
f 1250/1291/171 1251/1292/171 1246/1290/171
f 1251/1288/172 1252/1289/172 1247/1287/172
f 1252/1296/149 1249/1299/149 1248/1295/149
f 1245/1297/156 1246/1293/156 1248/1290/156
f 1252/1297/173 1251/1298/173 1249/1289/173
f 1451/1463/149 1452/1464/149 1421/1465/149
f 1448/1466/149 1450/1467/149 1451/1463/149
f 1450/1467/149 1448/1466/149 1449/1468/149
f 1448/1466/149 1446/1469/149 1447/1470/149
f 1448/1466/149 1444/1471/149 1445/1472/149
f 1441/1473/149 1442/1474/149 1443/1475/149
f 1444/1471/149 1440/1476/149 1441/1473/149
f 1440/1476/149 1438/1350/149 1439/1477/149
f 1438/1350/149 1436/1478/149 1437/1479/149
f 1436/1478/149 1434/1301/149 1435/1480/149
f 1431/1481/149 1432/1482/149 1433/1483/149
f 1433/1483/149 1430/1303/149 1431/1481/149
f 1427/1484/149 1428/1485/149 1429/1486/149
f 1429/1486/149 1426/1302/149 1427/1484/149
f 1426/1302/149 1424/1487/149 1425/1488/149
f 1421/1465/149 1422/1489/149 1423/1490/149
f 1423/1490/149 1451/1463/149 1421/1465/149
f 1445/1472/149 1446/1469/149 1448/1466/149
f 1441/1473/149 1443/1475/149 1444/1471/149
f 1434/1301/149 1438/1350/149 1440/1476/149
f 1438/1350/149 1434/1301/149 1436/1478/149
f 1434/1301/149 1430/1303/149 1433/1483/149
f 1430/1303/149 1426/1302/149 1429/1486/149
f 1426/1302/149 1423/1490/149 1424/1487/149
f 1423/1490/149 1448/1466/149 1451/1463/149
f 1448/1466/149 1440/1476/149 1444/1471/149
f 1440/1476/149 1448/1466/149 1434/1301/149
f 1434/1301/149 1448/1466/149 1426/1302/149
f 1423/1490/149 1426/1302/149 1448/1466/149
f 1454/1305/149 1484/1491/149 1453/1492/149
f 1481/1493/149 1482/1494/149 1483/1495/149
f 1484/1491/149 1480/1496/149 1481/1493/149
f 1480/1496/149 1478/1497/149 1479/1498/149
f 1475/1499/149 1476/1500/149 1477/1501/149
f 1477/1501/149 1474/1502/149 1475/1499/149
f 1474/1502/149 1472/1503/149 1473/1504/149
f 1474/1502/149 1470/1304/149 1471/1505/149
f 1470/1304/149 1468/1306/149 1469/1506/149
f 1464/1507/149 1466/1508/149 1467/1509/149
f 1466/1508/149 1464/1507/149 1465/1510/149
f 1461/1511/149 1462/1512/149 1463/1513/149
f 1464/1507/149 1460/1514/149 1461/1511/149
f 1460/1514/149 1458/1515/149 1459/1516/149
f 1455/1517/149 1456/1518/149 1457/1519/149
f 1457/1519/149 1454/1305/149 1455/1517/149
f 1481/1493/149 1483/1495/149 1484/1491/149
f 1474/1502/149 1478/1497/149 1480/1496/149
f 1478/1497/149 1474/1502/149 1477/1501/149
f 1474/1502/149 1471/1505/149 1472/1503/149
f 1461/1511/149 1463/1513/149 1464/1507/149
f 1467/1509/149 1468/1306/149 1464/1507/149
f 1464/1507/149 1458/1515/149 1460/1514/149
f 1458/1515/149 1464/1507/149 1454/1305/149
f 1470/1304/149 1480/1496/149 1484/1491/149
f 1480/1496/149 1470/1304/149 1474/1502/149
f 1468/1306/149 1454/1305/149 1464/1507/149
f 1458/1515/149 1454/1305/149 1457/1519/149
f 1454/1305/149 1470/1304/149 1484/1491/149
o stit_VR
v 0.070000 4.769998 0.300000
v 0.070000 4.769998 0.200000
v 0.230000 4.769998 0.200000
v 0.230000 4.769998 0.300000
v 0.070000 4.929998 0.300000
v 0.070000 4.929998 0.200000
v 0.230000 4.929998 0.200000
v 0.230000 4.929998 0.300000
v -0.230000 4.769998 0.300000
v -0.230000 4.769998 0.200000
v -0.070000 4.769998 0.200000
v -0.070000 4.769998 0.300000
v -0.230000 4.929998 0.300000
v -0.230000 4.929998 0.200000
v -0.070000 4.929998 0.200000
v -0.070000 4.929998 0.300000
v -0.300000 3.999999 0.350000
v -0.300000 3.999999 0.300000
v 0.300000 3.999999 0.300000
v 0.300000 3.999999 0.350000
v -0.300000 4.999998 0.350000
v -0.300000 4.999998 0.300000
v 0.300000 4.999998 0.300000
v 0.300000 4.999998 0.350000
v -0.300000 3.999999 0.300000
v -0.300000 3.999999 -0.500000
v 0.300000 3.999999 -0.500000
v 0.300000 3.999999 0.300000
v -0.300000 4.049998 0.300000
v -0.300000 4.049998 -0.500000
v 0.300000 4.049998 -0.500000
v 0.300000 4.049998 0.300000
v 0.219291 4.821292 0.400000
v 0.219291 4.821292 0.350000
v 0.223559 4.835362 0.400000
v 0.223559 4.835362 0.350000
v 0.225000 4.849993 0.410000
v 0.225000 4.849993 0.350000
v 0.223559 4.864625 0.450000
v 0.223559 4.864625 0.350000
v 0.219291 4.878695 0.500000
v 0.219291 4.878695 0.350000
v 0.212360 4.891661 0.500000
v 0.212360 4.891661 0.350000
v 0.203033 4.903027 0.500000
v 0.203033 4.903027 0.350000
v 0.191668 4.912354 0.500000
v 0.191668 4.912354 0.350000
v 0.178701 4.919284 0.500000
v 0.178701 4.919284 0.350000
v 0.164632 4.923553 0.500000
v 0.164632 4.923553 0.350000
v 0.150000 4.924994 0.500000
v 0.150000 4.924994 0.350000
v 0.135368 4.923553 0.500000
v 0.135368 4.923553 0.350000
v 0.121299 4.919284 0.500000
v 0.121299 4.919284 0.350000
v 0.108332 4.912354 0.500000
v 0.108332 4.912354 0.350000
v 0.096967 4.903027 0.500000
v 0.096967 4.903027 0.350000
v 0.087640 4.891661 0.500000
v 0.087640 4.891661 0.350000
v 0.080709 4.878695 0.500000
v 0.080709 4.878695 0.350000
v 0.076441 4.864625 0.450000
v 0.076441 4.864625 0.350000
v 0.075000 4.849993 0.410000
v 0.075000 4.849993 0.350000
v 0.076441 4.835362 0.400000
v 0.076441 4.835362 0.350000
v 0.080709 4.821292 0.400000
v 0.080709 4.821292 0.350000
v 0.233149 4.821293 0.400000
v 0.233149 4.821293 0.350000
v 0.238271 4.835364 0.400000
v 0.238271 4.835364 0.350000
v 0.240000 4.849993 0.410000
v 0.240000 4.849993 0.350000
v 0.238271 4.864624 0.450000
v 0.238271 4.864624 0.350000
v 0.233149 4.878694 0.500000
v 0.233149 4.878694 0.350000
v 0.224832 4.893569 0.500000
v 0.224832 4.893569 0.350000
v 0.213640 4.907206 0.500000
v 0.213640 4.907206 0.350000
v 0.200001 4.918399 0.500000
v 0.200001 4.918399 0.350000
v 0.184442 4.926716 0.500000
v 0.184442 4.926716 0.350000
v 0.167558 4.931838 0.500000
v 0.167558 4.931838 0.350000
v 0.150000 4.933567 0.500000
v 0.150000 4.933567 0.350000
v 0.132442 4.931838 0.500000
v 0.132442 4.931838 0.350000
v 0.115558 4.926716 0.500000
v 0.115558 4.926716 0.350000
v 0.099999 4.918399 0.500000
v 0.099999 4.918399 0.350000
v 0.086360 4.907206 0.500000
v 0.086360 4.907206 0.350000
v 0.075168 4.893568 0.500000
v 0.075168 4.893568 0.350000
v 0.066851 4.878694 0.500000
v 0.066851 4.878694 0.350000
v 0.061729 4.864624 0.450000
v 0.061729 4.864624 0.350000
v 0.060000 4.849993 0.410000
v 0.060000 4.849993 0.350000
v 0.061729 4.835364 0.400000
v 0.061729 4.835364 0.350000
v 0.066851 4.821293 0.400000
v 0.066851 4.821293 0.350000
v -0.080709 4.821292 0.400000
v -0.080709 4.821292 0.350000
v -0.076441 4.835362 0.400000
v -0.076441 4.835362 0.350000
v -0.075000 4.849993 0.410000
v -0.075000 4.849993 0.350000
v -0.076441 4.864625 0.450000
v -0.076441 4.864625 0.350000
v -0.080709 4.878695 0.500000
v -0.080709 4.878695 0.350000
v -0.087640 4.891661 0.500000
v -0.087640 4.891661 0.350000
v -0.096967 4.903027 0.500000
v -0.096967 4.903027 0.350000
v -0.108332 4.912354 0.500000
v -0.108332 4.912354 0.350000
v -0.121299 4.919284 0.500000
v -0.121299 4.919284 0.350000
v -0.135368 4.923553 0.500000
v -0.135368 4.923553 0.350000
v -0.150000 4.924994 0.500000
v -0.150000 4.924994 0.350000
v -0.164632 4.923553 0.500000
v -0.164632 4.923553 0.350000
v -0.178701 4.919284 0.500000
v -0.178701 4.919284 0.350000
v -0.191668 4.912354 0.500000
v -0.191668 4.912354 0.350000
v -0.203033 4.903027 0.500000
v -0.203033 4.903027 0.350000
v -0.212360 4.891661 0.500000
v -0.212360 4.891661 0.350000
v -0.219291 4.878695 0.500000
v -0.219291 4.878695 0.350000
v -0.223559 4.864625 0.450000
v -0.223559 4.864625 0.350000
v -0.225000 4.849993 0.410000
v -0.225000 4.849993 0.350000
v -0.223559 4.835362 0.400000
v -0.223559 4.835362 0.350000
v -0.219291 4.821292 0.400000
v -0.219291 4.821292 0.350000
v -0.066851 4.821293 0.400000
v -0.066851 4.821293 0.350000
v -0.061729 4.835364 0.400000
v -0.061729 4.835364 0.350000
v -0.060000 4.849993 0.410000
v -0.060000 4.849993 0.350000
v -0.061729 4.864624 0.450000
v -0.061729 4.864624 0.350000
v -0.066851 4.878694 0.500000
v -0.066851 4.878694 0.350000
v -0.075168 4.893569 0.500000
v -0.075168 4.893569 0.350000
v -0.086360 4.907206 0.500000
v -0.086360 4.907206 0.350000
v -0.099999 4.918399 0.500000
v -0.099999 4.918399 0.350000
v -0.115558 4.926716 0.500000
v -0.115558 4.926716 0.350000
v -0.132442 4.931838 0.500000
v -0.132442 4.931838 0.350000
v -0.150000 4.933567 0.500000
v -0.150000 4.933567 0.350000
v -0.167558 4.931838 0.500000
v -0.167558 4.931838 0.350000
v -0.184442 4.926716 0.500000
v -0.184442 4.926716 0.350000
v -0.200001 4.918399 0.500000
v -0.200001 4.918399 0.350000
v -0.213640 4.907206 0.500000
v -0.213640 4.907206 0.350000
v -0.224832 4.893568 0.500000
v -0.224832 4.893568 0.350000
v -0.233149 4.878694 0.500000
v -0.233149 4.878694 0.350000
v -0.238271 4.864624 0.450000
v -0.238271 4.864624 0.350000
v -0.240000 4.849993 0.410000
v -0.240000 4.849993 0.350000
v -0.238271 4.835364 0.400000
v -0.238271 4.835364 0.350000
v -0.233149 4.821293 0.400000
v -0.233149 4.821293 0.350000
v 0.250000 4.474998 0.300000
v 0.250000 4.474998 -0.450000
v 0.300000 4.474998 -0.450000
v 0.300000 4.474998 0.300000
v 0.250000 4.524998 0.300000
v 0.250000 4.524998 -0.450000
v 0.300000 4.524998 -0.450000
v 0.300000 4.524998 0.300000
v 0.250000 4.474998 -0.500000
v 0.300000 4.474998 -0.500000
v 0.250000 4.524998 -0.500000
v 0.300000 4.524998 -0.500000
v -0.250000 4.474998 -0.450000
v -0.250000 4.524998 -0.450000
v -0.250000 4.474998 -0.500000
v -0.250000 4.524998 -0.500000
v -0.300000 4.474998 -0.450000
v -0.300000 4.524998 -0.450000
v -0.300000 4.474998 -0.500000
v -0.300000 4.524998 -0.500000
v -0.250000 4.474998 0.300000
v -0.250000 4.524998 0.300000
v -0.300000 4.474998 0.300000
v -0.300000 4.524998 0.300000
v 0.250000 4.049999 -0.062500
v 0.250000 4.049999 -0.112500
v 0.300000 4.049999 -0.112500
v 0.300000 4.049999 -0.062500
v 0.250000 4.474998 -0.062500
v 0.250000 4.474998 -0.112500
v 0.300000 4.474998 -0.112500
v 0.300000 4.474998 -0.062500
v -0.300000 4.049999 -0.062500
v -0.300000 4.049999 -0.112500
v -0.250000 4.049999 -0.112500
v -0.250000 4.049999 -0.062500
v -0.300000 4.474998 -0.062500
v -0.300000 4.474998 -0.112500
v -0.250000 4.474998 -0.112500
v -0.250000 4.474998 -0.062500
v -0.025000 4.049999 -0.450000
v -0.025000 4.049999 -0.500000
v 0.025000 4.049999 -0.500000
v 0.025000 4.049999 -0.450000
v -0.025000 4.474998 -0.450000
v -0.025000 4.474998 -0.500000
v 0.025000 4.474998 -0.500000
v 0.025000 4.474998 -0.450000
v 0.150000 4.774998 0.355000
v 0.164632 4.776439 0.355000
v 0.178701 4.780707 0.355000
v 0.191668 4.787638 0.355000
v 0.203033 4.796965 0.355000
v 0.212360 4.808330 0.355000
v 0.219291 4.821297 0.355000
v 0.223559 4.835366 0.355000
v 0.225000 4.849998 0.355000
v 0.223559 4.864630 0.355000
v 0.219291 4.878699 0.355000
v 0.212360 4.891666 0.355000
v 0.203033 4.903031 0.355000
v 0.191668 4.912358 0.355000
v 0.178701 4.919289 0.355000
v 0.164632 4.923557 0.355000
v 0.150000 4.924998 0.355000
v 0.135368 4.923557 0.355000
v 0.121299 4.919289 0.355000
v 0.108332 4.912358 0.355000
v 0.096967 4.903031 0.355000
v 0.087640 4.891666 0.355000
v 0.080709 4.878699 0.355000
v 0.076441 4.864630 0.355000
v 0.075000 4.849998 0.355000
v 0.076441 4.835366 0.355000
v 0.080709 4.821297 0.355000
v 0.087640 4.808330 0.355000
v 0.096967 4.796965 0.355000
v 0.108332 4.787638 0.355000
v 0.121299 4.780707 0.355000
v 0.135368 4.776439 0.355000
v -0.150000 4.774998 0.355000
v -0.135368 4.776439 0.355000
v -0.121299 4.780707 0.355000
v -0.108332 4.787638 0.355000
v -0.096967 4.796965 0.355000
v -0.087640 4.808330 0.355000
v -0.080709 4.821297 0.355000
v -0.076441 4.835366 0.355000
v -0.075000 4.849998 0.355000
v -0.076441 4.864630 0.355000
v -0.080709 4.878699 0.355000
v -0.087640 4.891665 0.355000
v -0.096967 4.903031 0.355000
v -0.108332 4.912358 0.355000
v -0.121299 4.919289 0.355000
v -0.135368 4.923556 0.355000
v -0.150000 4.924998 0.355000
v -0.164632 4.923556 0.355000
v -0.178701 4.919289 0.355000
v -0.191668 4.912358 0.355000
v -0.203033 4.903030 0.355000
v -0.212360 4.891665 0.355000
v -0.219291 4.878699 0.355000
v -0.223559 4.864630 0.355000
v -0.225000 4.849998 0.355000
v -0.223559 4.835366 0.355000
v -0.219291 4.821297 0.355000
v -0.212360 4.808330 0.355000
v -0.203033 4.796965 0.355000
v -0.191668 4.787638 0.355000
v -0.178701 4.780706 0.355000
v -0.164632 4.776439 0.355000
vn -0.0000 -0.0000 1.0000
vn -1.0000 -0.0000 -0.0000
vn -0.0000 -0.0000 -1.0000
vn 1.0000 -0.0000 -0.0000
vn -0.0000 -1.0000 -0.0000
vn -0.0000 1.0000 -0.0000
vn -0.9569 0.2903 -0.0000
vn -0.9952 0.0980 -0.0000
vn -0.9952 -0.0980 -0.0000
vn -0.9569 -0.2903 -0.0000
vn -0.8819 -0.4714 -0.0000
vn -0.7730 -0.6344 -0.0000
vn -0.6344 -0.7730 -0.0000
vn -0.4713 -0.8820 -0.0000
vn -0.2904 -0.9569 -0.0000
vn -0.0980 -0.9952 -0.0000
vn 0.0980 -0.9952 -0.0000
vn 0.2904 -0.9569 -0.0000
vn 0.4713 -0.8820 -0.0000
vn 0.6344 -0.7730 -0.0000
vn 0.7730 -0.6344 -0.0000
vn 0.8819 -0.4714 -0.0000
vn 0.9569 -0.2903 -0.0000
vn 0.9952 -0.0980 -0.0000
vn 0.9952 0.0980 -0.0000
vn 0.9569 0.2903 -0.0000
vn 0.9397 -0.3421 -0.0000
vn 0.9931 -0.1174 -0.0000
vn 0.9931 0.1174 -0.0000
vn 0.9397 0.3421 -0.0000
vn 0.8728 0.4880 -0.0000
vn 0.7730 0.6344 -0.0000
vn 0.6344 0.7730 -0.0000
vn 0.4714 0.8819 -0.0000
vn 0.2903 0.9569 -0.0000
vn 0.0980 0.9952 -0.0000
vn -0.0980 0.9952 -0.0000
vn -0.2903 0.9569 -0.0000
vn -0.4714 0.8819 -0.0000
vn -0.6344 0.7730 -0.0000
vn -0.7730 0.6344 -0.0000
vn -0.8728 0.4880 -0.0000
vn -0.9397 0.3421 -0.0000
vn -0.9931 0.1174 -0.0000
vn -0.9931 -0.1174 -0.0000
vn -0.9397 -0.3421 -0.0000
vn 0.0001 -1.0000 -0.0000
vn -0.0001 -1.0000 -0.0000
vn 0.0001 -0.9626 0.2709
vn -0.0000 -0.9392 0.3435
vn 0.0001 -0.9391 0.3435
vn -0.0000 -0.9391 0.3435
vn -0.0000 -0.5643 0.8256
vn -0.0001 -0.9626 0.2709
vn 0.0001 -0.5643 0.8256
vn -0.0001 -0.5643 0.8256
vn -0.0001 -0.9391 0.3435
vt 0.528224 0.496546
vt 0.507301 0.482566
vt 0.538588 0.444442
vt 0.551950 0.486439
vt 0.528701 0.496069
vt 0.523569 0.495048
vt 0.518258 0.493523
vt 0.523092 0.495525
vt 0.538588 0.495525
vt 0.533456 0.496546
vt 0.547773 0.490616
vt 0.543422 0.493523
vt 0.554380 0.482566
vt 0.551473 0.486916
vt 0.554380 0.457402
vt 0.557403 0.472600
vt 0.556382 0.477732
vt 0.556382 0.462236
vt 0.557403 0.467368
vt 0.543422 0.446444
vt 0.551473 0.453051
vt 0.547773 0.449351
vt 0.518258 0.446444
vt 0.533456 0.443421
vt 0.523092 0.444442
vt 0.528224 0.443421
vt 0.510208 0.453051
vt 0.513908 0.449351
vt 0.507301 0.457402
vt 0.504278 0.467368
vt 0.505298 0.462236
vt 0.505298 0.477732
vt 0.504278 0.472600
vt 0.510208 0.486916
vt 0.513908 0.490616
vt 0.543899 0.493046
vt 0.539065 0.495048
vt 0.548250 0.490139
vt 0.556859 0.477254
vt 0.554857 0.482089
vt 0.543900 0.445967
vt 0.557880 0.466890
vt 0.557880 0.472123
vt 0.554857 0.456924
vt 0.556859 0.461758
vt 0.548250 0.448874
vt 0.551950 0.452574
vt 0.533934 0.442944
vt 0.539065 0.443965
vt 0.528701 0.442944
vt 0.518735 0.445967
vt 0.523570 0.443965
vt 0.507778 0.456924
vt 0.510685 0.452574
vt 0.514385 0.448874
vt 0.505776 0.461758
vt 0.504755 0.472123
vt 0.504755 0.466890
vt 0.507778 0.482089
vt 0.505776 0.477254
vt 0.514385 0.490139
vt 0.510685 0.486439
vt 0.518735 0.493046
vt 0.533934 0.496069
vt 0.311439 0.562498
vt 0.311439 0.624998
vt 0.276717 0.624998
vt 0.241995 0.499998
vt 0.241995 0.562498
vt 0.186439 0.562498
vt 0.311439 0.499998
vt 0.276717 0.562498
vt 0.241995 0.624998
vt 0.186439 0.624998
vt 0.276717 0.499998
vt 0.186439 0.499998
vt 0.347222 0.722222
vt 0.347222 1.000000
vt 0.333333 1.000000
vt 0.000000 0.777778
vt 0.000000 0.500000
vt 0.166667 0.500000
vt 0.361111 0.722222
vt 0.333333 0.500000
vt 0.333333 0.777778
vt 0.166667 0.777778
vt 0.416667 0.888889
vt 0.416667 0.722222
vt 0.430556 0.722222
vt 0.402778 0.888889
vt 0.375000 0.722222
vt 0.388889 0.722222
vt 0.388889 0.944444
vt 0.180556 0.944444
vt 0.166667 0.944444
vt 0.375000 0.944444
vt 0.388889 0.888889
vt 0.500000 0.500000
vt 0.500000 0.722222
vt 0.166667 1.000000
vt 0.000000 1.000000
vt 0.420404 0.816743
vt 0.420404 0.835558
vt 0.415097 0.835558
vt 0.425923 0.812980
vt 0.425923 0.835558
vt 0.431442 0.797929
vt 0.431442 0.835558
vt 0.436749 0.779114
vt 0.436749 0.835558
vt 0.369754 0.779114
vt 0.369754 0.835558
vt 0.374882 0.835558
vt 0.407535 0.836235
vt 0.407535 0.779792
vt 0.411822 0.779792
vt 0.379256 0.723298
vt 0.379256 0.779366
vt 0.375130 0.779792
vt 0.384026 0.722973
vt 0.384026 0.779041
vt 0.389256 0.722761
vt 0.389256 0.778829
vt 0.394745 0.722670
vt 0.394745 0.778739
vt 0.400283 0.722705
vt 0.400283 0.778773
vt 0.405656 0.722862
vt 0.405656 0.778930
vt 0.410658 0.723137
vt 0.410658 0.779206
vt 0.415097 0.723519
vt 0.415097 0.779587
vt 0.415097 0.722670
vt 0.419010 0.722670
vt 0.419010 0.779114
vt 0.423614 0.722670
vt 0.423614 0.779114
vt 0.428733 0.741485
vt 0.428733 0.779114
vt 0.434170 0.756537
vt 0.434170 0.779114
vt 0.439715 0.760300
vt 0.439715 0.779114
vt 0.445157 0.760300
vt 0.445157 0.779114
vt 0.364667 0.835558
vt 0.364667 0.816743
vt 0.359242 0.835558
vt 0.359242 0.812980
vt 0.353686 0.835558
vt 0.353686 0.797929
vt 0.348212 0.835558
vt 0.342315 0.835558
vt 0.342315 0.779114
vt 0.336774 0.835558
vt 0.336774 0.779114
vt 0.332058 0.835558
vt 0.332058 0.779114
vt 0.375130 0.779114
vt 0.369596 0.779114
vt 0.369596 0.722670
vt 0.363448 0.779114
vt 0.363448 0.722670
vt 0.356921 0.779114
vt 0.356921 0.722670
vt 0.350266 0.779114
vt 0.350266 0.722670
vt 0.343739 0.779114
vt 0.343739 0.722670
vt 0.337591 0.779114
vt 0.337591 0.722670
vt 0.332058 0.722670
vt 0.380274 0.779792
vt 0.380274 0.836235
vt 0.385884 0.779792
vt 0.385884 0.836235
vt 0.391191 0.779792
vt 0.391191 0.817421
vt 0.396710 0.779792
vt 0.396710 0.802369
vt 0.402228 0.779792
vt 0.402228 0.798606
vt 0.407535 0.798606
vt 0.456363 0.758036
vt 0.456363 0.776726
vt 0.451141 0.776752
vt 0.445157 0.757929
vt 0.450379 0.757902
vt 0.450379 0.776592
vt 0.348639 0.838016
vt 0.344030 0.835558
vt 0.344151 0.841969
vt 0.456671 0.738662
vt 0.457058 0.758036
vt 0.451848 0.757671
vt 0.457058 0.723065
vt 0.451141 0.738275
vt 0.338044 0.846569
vt 0.332495 0.847670
vt 0.332058 0.842144
vt 0.337500 0.841063
vt 0.332917 0.836576
vt 0.450693 0.742020
vt 0.445157 0.742312
vt 0.445926 0.722946
vt 0.451141 0.757604
vt 0.445496 0.757902
vt 0.344030 0.836659
vt 0.343486 0.842165
vt 0.338044 0.841084
vt 0.344030 0.847670
vt 0.338903 0.846653
vt 0.454785 0.834082
vt 0.454530 0.838823
vt 0.448997 0.835135
vt 0.450174 0.831009
vt 0.444291 0.830441
vt 0.446252 0.827097
vt 0.440594 0.824921
vt 0.443171 0.822497
vt 0.438047 0.818787
vt 0.441049 0.817386
vt 0.436749 0.812276
vt 0.439967 0.806427
vt 0.439967 0.811959
vt 0.441049 0.801001
vt 0.436749 0.805637
vt 0.443171 0.795889
vt 0.438047 0.799125
vt 0.446252 0.791289
vt 0.440594 0.792992
vt 0.450174 0.787377
vt 0.444291 0.787472
vt 0.454785 0.784304
vt 0.448997 0.782777
vt 0.375130 0.836235
vt 0.451141 0.758063
vt 0.445157 0.776618
vt 0.123905 0.504496
vt 0.128370 0.504496
vt 0.128370 0.573941
vt 0.052477 0.509126
vt 0.052477 0.504496
vt 0.056941 0.504496
vt 0.110513 0.504496
vt 0.114977 0.504496
vt 0.114977 0.573941
vt 0.012298 0.578570
vt 0.012298 0.583200
vt 0.007834 0.583200
vt 0.056941 0.509126
vt 0.056941 0.578570
vt 0.061405 0.509126
vt 0.061405 0.578570
vt 0.123905 0.629496
vt 0.119441 0.629496
vt 0.119441 0.624866
vt 0.114977 0.578570
vt 0.110513 0.578570
vt 0.061405 0.504496
vt 0.106048 0.504496
vt 0.106048 0.509126
vt 0.110513 0.509126
vt 0.007834 0.509126
vt 0.007834 0.504496
vt 0.119441 0.578570
vt 0.123905 0.578570
vt 0.007834 0.578570
vt 0.007834 0.624866
vt 0.003370 0.624866
vt 0.114977 0.509126
vt 0.119441 0.504496
vt 0.003370 0.509126
vt 0.003370 0.504496
vt 0.119441 0.573941
vt 0.123905 0.573941
vt 0.003370 0.578570
vt 0.016763 0.578570
vt 0.016763 0.583200
vt 0.106048 0.578570
vt 0.119441 0.509126
vt 0.049998 0.624999
vt 0.049998 0.499999
vt 0.074998 0.499999
vt 0.024998 0.624999
vt 0.074998 0.624999
vt 0.099998 0.499999
vt 0.024998 0.499999
vt -0.000002 0.624999
vt 0.124998 0.499999
vt 0.124998 0.514705
vt 0.124998 0.529411
vt 0.099998 0.529411
vt 0.099998 0.514705
vt 0.099998 0.624999
vt 0.333333 0.722222
vt 0.361111 1.000000
vt 0.430556 0.888889
vt 0.402778 0.722222
vt 0.180556 0.777778
vt 0.361111 0.944444
vt 0.415097 0.816743
vt 0.374882 0.779114
vt 0.411822 0.836235
vt 0.375130 0.723723
vt 0.415097 0.779114
vt 0.369754 0.816743
vt 0.348212 0.779114
vt 0.375130 0.722670
vt 0.348639 0.843549
vt 0.451419 0.722670
vt 0.338044 0.835558
vt 0.451141 0.722670
vt 0.338481 0.835558
vt 0.454273 0.779114
vt 0.110513 0.573941
vt 0.052477 0.578570
vt 0.123905 0.624866
s 1
f 1764/1520/191 1737/1521/191 1749/1522/191
f 1794/1523/191 1767/1524/191 1768/1525/191
f 1734/1526/191 1764/1520/191 1733/1527/191
f 1764/1520/191 1762/1528/191 1763/1529/191
f 1762/1528/191 1760/1530/191 1761/1531/191
f 1764/1520/191 1758/1532/191 1759/1533/191
f 1753/1534/191 1756/1535/191 1757/1536/191
f 1753/1534/191 1754/1537/191 1755/1538/191
f 1750/1539/191 1752/1540/191 1753/1534/191
f 1752/1540/191 1750/1539/191 1751/1541/191
f 1745/1542/191 1748/1543/191 1749/1522/191
f 1748/1543/191 1746/1544/191 1747/1545/191
f 1743/1546/191 1744/1547/191 1745/1542/191
f 1745/1542/191 1742/1548/191 1743/1546/191
f 1745/1542/191 1740/1549/191 1741/1550/191
f 1737/1521/191 1738/1551/191 1739/1552/191
f 1734/1526/191 1736/1553/191 1737/1521/191
f 1736/1553/191 1734/1526/191 1735/1554/191
f 1759/1533/191 1762/1528/191 1764/1520/191
f 1762/1528/191 1759/1533/191 1760/1530/191
f 1753/1534/191 1755/1538/191 1756/1535/191
f 1749/1522/191 1750/1539/191 1753/1534/191
f 1745/1542/191 1746/1544/191 1748/1543/191
f 1741/1550/191 1742/1548/191 1745/1542/191
f 1737/1521/191 1739/1552/191 1740/1549/191
f 1764/1520/191 1734/1526/191 1737/1521/191
f 1749/1522/191 1758/1532/191 1764/1520/191
f 1758/1532/191 1753/1534/191 1757/1536/191
f 1737/1521/191 1745/1542/191 1749/1522/191
f 1745/1542/191 1737/1521/191 1740/1549/191
f 1749/1522/191 1753/1534/191 1758/1532/191
f 1794/1523/191 1796/1555/191 1765/1556/191
f 1796/1555/191 1794/1523/191 1795/1557/191
f 1794/1523/191 1792/1558/191 1793/1559/191
f 1785/1560/191 1790/1561/191 1791/1562/191
f 1785/1560/191 1788/1563/191 1789/1564/191
f 1788/1563/191 1786/1565/191 1787/1566/191
f 1783/1567/191 1784/1568/191 1785/1560/191
f 1785/1560/191 1782/1569/191 1783/1567/191
f 1782/1569/191 1780/1570/191 1781/1571/191
f 1777/1572/191 1778/1573/191 1779/1574/191
f 1779/1574/191 1776/1575/191 1777/1572/191
f 1776/1575/191 1774/1576/191 1775/1577/191
f 1776/1575/191 1772/1578/191 1773/1579/191
f 1768/1525/191 1770/1580/191 1771/1581/191
f 1770/1580/191 1768/1525/191 1769/1582/191
f 1765/1556/191 1766/1583/191 1767/1524/191
f 1767/1524/191 1794/1523/191 1765/1556/191
f 1794/1523/191 1791/1562/191 1792/1558/191
f 1785/1560/191 1786/1565/191 1788/1563/191
f 1794/1523/191 1782/1569/191 1785/1560/191
f 1776/1575/191 1779/1574/191 1780/1570/191
f 1773/1579/191 1774/1576/191 1776/1575/191
f 1780/1570/191 1771/1581/191 1772/1578/191
f 1771/1581/191 1780/1570/191 1768/1525/191
f 1785/1560/191 1791/1562/191 1794/1523/191
f 1790/1561/191 1785/1560/191 1789/1564/191
f 1772/1578/191 1776/1575/191 1780/1570/191
f 1780/1570/191 1794/1523/191 1768/1525/191
f 1780/1570/191 1782/1569/191 1794/1523/191
f 1490/1584/192 1486/1585/192 1485/1586/192
f 1491/1587/193 1487/1588/193 1486/1589/193
f 1492/1590/194 1488/1584/194 1487/1591/194
f 1489/1588/191 1485/1592/191 1488/1593/191
f 1486/1594/195 1487/1591/195 1488/1588/195
f 1491/1592/196 1490/1588/196 1489/1591/196
f 1498/1584/192 1494/1585/192 1493/1586/192
f 1499/1595/193 1495/1587/193 1494/1588/193
f 1500/1590/194 1496/1584/194 1495/1591/194
f 1497/1588/191 1493/1592/191 1496/1593/191
f 1494/1592/195 1495/1588/195 1496/1591/195
f 1499/1594/196 1498/1591/196 1497/1588/196
f 1506/1596/192 1502/1597/192 1501/1598/192
f 1507/1599/193 1503/1600/193 1502/1601/193
f 1508/1597/194 1504/1596/194 1503/1602/194
f 1505/1603/191 1501/1604/191 1504/1605/191
f 1502/1606/195 1503/1607/195 1504/1608/195
f 1507/1607/196 1506/1606/196 1505/1609/196
f 1514/1610/192 1510/1611/192 1509/1612/192
f 1515/1613/193 1511/1614/193 1510/1605/193
f 1516/1602/194 1512/1610/194 1511/1615/194
f 1513/1609/191 1509/1616/191 1512/1611/191
f 1510/1603/195 1511/1617/195 1512/1618/195
f 1515/1619/196 1514/1620/196 1513/1599/196
f 1519/1621/197 1520/1622/197 1518/1623/197
f 1519/1621/198 1521/1624/198 1522/1625/198
f 1521/1624/199 1523/1626/199 1524/1627/199
f 1523/1626/200 1525/1628/200 1526/1629/200
f 1527/1630/201 1528/1631/201 1526/1632/201
f 1529/1633/202 1530/1634/202 1528/1635/202
f 1531/1636/203 1532/1637/203 1530/1638/203
f 1533/1639/204 1534/1640/204 1532/1637/204
f 1533/1639/205 1535/1641/205 1536/1642/205
f 1537/1643/206 1538/1644/206 1536/1642/206
f 1539/1645/207 1540/1646/207 1538/1644/207
f 1541/1647/208 1542/1648/208 1540/1646/208
f 1543/1649/209 1544/1650/209 1542/1648/209
f 1545/1651/210 1546/1652/210 1544/1650/210
f 1545/1653/211 1547/1654/211 1548/1655/211
f 1549/1656/212 1550/1657/212 1548/1655/212
f 1551/1658/213 1552/1659/213 1550/1657/213
f 1553/1660/214 1554/1661/214 1552/1659/214
f 1555/1662/215 1556/1663/215 1554/1661/215
f 1557/1664/216 1558/1665/216 1556/1663/216
f 1560/1631/217 1562/1666/217 1561/1667/217
f 1561/1667/218 1562/1666/218 1564/1668/218
f 1563/1669/219 1564/1668/219 1566/1670/219
f 1565/1671/220 1566/1670/220 1568/1672/220
f 1568/1672/221 1570/1673/221 1569/1674/221
f 1570/1673/222 1572/1675/222 1571/1676/222
f 1572/1675/223 1574/1677/223 1573/1678/223
f 1574/1679/224 1576/1680/224 1575/1681/224
f 1576/1680/225 1578/1682/225 1577/1683/225
f 1578/1682/226 1580/1684/226 1579/1685/226
f 1580/1684/227 1582/1686/227 1581/1687/227
f 1582/1686/228 1584/1688/228 1583/1689/228
f 1584/1688/229 1586/1690/229 1585/1691/229
f 1586/1690/230 1588/1678/230 1587/1692/230
f 1588/1638/231 1590/1693/231 1589/1694/231
f 1590/1693/232 1592/1695/232 1591/1696/232
f 1592/1695/233 1594/1697/233 1593/1698/233
f 1594/1697/234 1596/1699/234 1595/1700/234
f 1596/1699/235 1598/1701/235 1597/1702/235
f 1598/1701/236 1600/1634/236 1599/1703/236
f 1517/1704/237 1518/1705/237 1560/1706/237
f 1557/1707/238 1599/1708/238 1600/1709/238
f 1525/1710/191 1567/1711/191 1569/1712/191
f 1551/1713/239 1549/1714/239 1591/1715/239
f 1553/1716/240 1551/1713/241 1593/1717/242
f 1553/1718/243 1595/1719/243 1597/1720/243
f 1555/1721/191 1597/1720/191 1599/1722/191
f 1523/1723/244 1565/1724/244 1567/1725/244
f 1521/1726/242 1563/1727/242 1565/1724/242
f 1521/1728/243 1519/1729/245 1561/1730/243
f 1519/1729/191 1517/1731/191 1559/1732/191
f 1527/1733/191 1569/1734/191 1571/1735/191
f 1529/1736/191 1571/1735/191 1573/1737/191
f 1531/1738/191 1573/1737/191 1575/1739/191
f 1533/1740/191 1575/1739/191 1577/1741/191
f 1535/1742/191 1577/1741/191 1579/1743/191
f 1539/1744/191 1537/1745/191 1579/1743/191
f 1541/1746/191 1539/1744/191 1581/1747/191
f 1543/1748/191 1541/1746/191 1583/1749/191
f 1545/1750/191 1543/1748/191 1585/1751/191
f 1547/1752/191 1545/1750/191 1587/1753/191
f 1549/1754/191 1547/1752/191 1589/1755/191
f 1603/1621/197 1604/1622/197 1602/1623/197
f 1603/1621/198 1605/1624/198 1606/1625/198
f 1605/1624/199 1607/1626/199 1608/1627/199
f 1607/1626/200 1609/1628/200 1610/1629/200
f 1611/1630/201 1612/1631/201 1610/1632/201
f 1613/1633/202 1614/1634/202 1612/1635/202
f 1615/1636/203 1616/1637/203 1614/1638/203
f 1617/1639/204 1618/1640/204 1616/1637/204
f 1617/1639/205 1619/1641/205 1620/1642/205
f 1621/1643/206 1622/1644/206 1620/1642/206
f 1623/1645/207 1624/1646/207 1622/1644/207
f 1625/1647/208 1626/1648/208 1624/1646/208
f 1627/1649/209 1628/1650/209 1626/1648/209
f 1629/1651/210 1630/1652/210 1628/1650/210
f 1629/1653/211 1631/1654/211 1632/1655/211
f 1633/1656/212 1634/1657/212 1632/1655/212
f 1635/1658/213 1636/1659/213 1634/1657/213
f 1637/1660/214 1638/1661/214 1636/1659/214
f 1639/1662/215 1640/1663/215 1638/1661/215
f 1641/1664/216 1642/1665/216 1640/1663/216
f 1644/1631/217 1646/1666/217 1645/1667/217
f 1645/1667/218 1646/1666/218 1648/1668/218
f 1647/1669/219 1648/1668/219 1650/1670/219
f 1649/1671/220 1650/1670/220 1652/1672/220
f 1652/1672/221 1654/1673/221 1653/1674/221
f 1654/1673/222 1656/1675/222 1655/1676/222
f 1656/1675/223 1658/1677/223 1657/1678/223
f 1658/1679/224 1660/1680/224 1659/1681/224
f 1660/1680/225 1662/1682/225 1661/1683/225
f 1662/1682/226 1664/1684/226 1663/1685/226
f 1664/1684/227 1666/1686/227 1665/1687/227
f 1666/1686/228 1668/1688/228 1667/1689/228
f 1668/1688/229 1670/1690/229 1669/1691/229
f 1670/1690/230 1672/1678/230 1671/1692/230
f 1671/1756/231 1672/1638/231 1674/1693/231
f 1674/1693/232 1676/1695/232 1675/1696/232
f 1676/1695/233 1678/1697/233 1677/1698/233
f 1678/1697/234 1680/1699/234 1679/1700/234
f 1680/1699/235 1682/1701/235 1681/1702/235
f 1682/1701/236 1684/1634/236 1683/1703/236
f 1601/1706/237 1602/1757/237 1644/1704/237
f 1641/1709/238 1683/1758/238 1684/1707/238
f 1609/1710/191 1651/1711/191 1653/1712/191
f 1635/1713/239 1633/1714/239 1675/1715/239
f 1637/1716/242 1635/1713/241 1677/1717/242
f 1637/1718/243 1679/1719/243 1681/1720/243
f 1639/1721/191 1681/1720/191 1683/1722/191
f 1607/1723/244 1649/1724/244 1651/1725/244
f 1605/1726/240 1647/1727/240 1649/1724/242
f 1605/1728/243 1603/1729/245 1645/1730/243
f 1603/1729/191 1601/1731/191 1643/1732/191
f 1611/1733/191 1653/1734/191 1655/1735/191
f 1613/1736/191 1655/1735/191 1657/1737/191
f 1615/1738/191 1657/1737/191 1659/1739/191
f 1617/1740/191 1659/1739/191 1661/1741/191
f 1619/1742/191 1661/1741/191 1663/1743/191
f 1623/1744/191 1621/1745/191 1663/1743/191
f 1625/1746/191 1623/1744/191 1665/1747/191
f 1627/1748/191 1625/1746/191 1667/1749/191
f 1629/1750/191 1627/1748/191 1669/1751/191
f 1631/1752/191 1629/1750/191 1671/1753/191
f 1633/1754/191 1631/1752/191 1673/1755/191
f 1690/1759/192 1686/1760/192 1685/1761/192
f 1686/1762/195 1693/1763/195 1694/1764/195
f 1692/1765/194 1688/1766/194 1687/1767/194
f 1689/1768/191 1685/1769/191 1688/1770/191
f 1686/1762/195 1687/1771/195 1688/1772/195
f 1691/1771/196 1690/1773/196 1689/1774/196
f 1696/1775/193 1694/1776/193 1693/1777/193
f 1687/1767/194 1694/1778/194 1696/1779/194
f 1691/1771/196 1696/1764/196 1695/1780/196
f 1695/1780/196 1700/1781/196 1698/1782/196
f 1700/1781/196 1704/1765/196 1702/1783/196
f 1686/1762/195 1697/1784/195 1699/1785/195
f 1693/1777/193 1699/1786/193 1700/1787/193
f 1690/1788/191 1698/1789/191 1697/1790/191
f 1702/1791/192 1704/1766/192 1703/1792/192
f 1697/1784/195 1701/1793/195 1703/1794/195
f 1699/1786/193 1703/1795/193 1704/1796/193
f 1697/1784/195 1705/1788/195 1707/1797/195
f 1706/1768/191 1708/1798/191 1707/1799/191
f 1702/1783/196 1708/1779/196 1706/1800/196
f 1701/1801/192 1707/1786/192 1708/1778/192
f 1698/1795/194 1706/1792/194 1705/1759/194
f 1714/1802/192 1710/1803/192 1709/1804/192
f 1715/1803/193 1711/1802/193 1710/1805/193
f 1716/1806/194 1712/1804/194 1711/1807/194
f 1713/1808/191 1709/1805/191 1712/1809/191
f 1710/1807/195 1711/1810/195 1712/1811/195
f 1715/1812/196 1714/1813/196 1713/1814/196
f 1722/1805/192 1718/1808/192 1717/1803/192
f 1723/1804/193 1719/1806/193 1718/1802/193
f 1724/1806/194 1720/1804/194 1719/1807/194
f 1721/1808/191 1717/1805/191 1720/1809/191
f 1718/1814/195 1719/1811/195 1720/1812/195
f 1723/1811/196 1722/1814/196 1721/1807/196
f 1730/1808/192 1726/1805/192 1725/1809/192
f 1731/1807/193 1727/1815/193 1726/1806/193
f 1732/1802/194 1728/1803/194 1727/1804/194
f 1729/1803/191 1725/1802/191 1728/1805/191
f 1726/1814/195 1727/1811/195 1728/1812/195
f 1731/1811/196 1730/1814/196 1729/1807/196
f 1489/1591/192 1490/1584/192 1485/1586/192
f 1490/1595/193 1491/1587/193 1486/1589/193
f 1491/1594/194 1492/1590/194 1487/1591/194
f 1492/1589/191 1489/1588/191 1488/1593/191
f 1485/1587/195 1486/1594/195 1488/1588/195
f 1492/1586/196 1491/1592/196 1489/1591/196
f 1497/1591/192 1498/1584/192 1493/1586/192
f 1498/1589/193 1499/1595/193 1494/1588/193
f 1499/1594/194 1500/1590/194 1495/1591/194
f 1500/1589/191 1497/1588/191 1496/1593/191
f 1493/1586/195 1494/1592/195 1496/1591/195
f 1500/1587/196 1499/1594/196 1497/1588/196
f 1505/1816/192 1506/1596/192 1501/1598/192
f 1506/1605/193 1507/1599/193 1502/1601/193
f 1507/1817/194 1508/1597/194 1503/1602/194
f 1508/1601/191 1505/1603/191 1504/1605/191
f 1501/1818/195 1502/1606/195 1504/1608/195
f 1508/1819/196 1507/1607/196 1505/1609/196
f 1513/1615/192 1514/1610/192 1509/1612/192
f 1514/1820/193 1515/1613/193 1510/1605/193
f 1515/1821/194 1516/1602/194 1511/1615/194
f 1516/1819/191 1513/1609/191 1512/1611/191
f 1509/1816/195 1510/1603/195 1512/1618/195
f 1516/1605/196 1515/1619/196 1513/1599/196
f 1517/1822/197 1519/1621/197 1518/1623/197
f 1520/1622/198 1519/1621/198 1522/1625/198
f 1522/1625/199 1521/1624/199 1524/1627/199
f 1524/1627/200 1523/1626/200 1526/1629/200
f 1525/1823/201 1527/1630/201 1526/1632/201
f 1527/1824/202 1529/1633/202 1528/1635/202
f 1529/1825/203 1531/1636/203 1530/1638/203
f 1531/1636/204 1533/1639/204 1532/1637/204
f 1534/1640/205 1533/1639/205 1536/1642/205
f 1535/1641/206 1537/1643/206 1536/1642/206
f 1537/1643/207 1539/1645/207 1538/1644/207
f 1539/1645/208 1541/1647/208 1540/1646/208
f 1541/1647/209 1543/1649/209 1542/1648/209
f 1543/1649/210 1545/1651/210 1544/1650/210
f 1546/1826/211 1545/1653/211 1548/1655/211
f 1547/1654/212 1549/1656/212 1548/1655/212
f 1549/1656/213 1551/1658/213 1550/1657/213
f 1551/1658/214 1553/1660/214 1552/1659/214
f 1553/1660/215 1555/1662/215 1554/1661/215
f 1555/1662/216 1557/1664/216 1556/1663/216
f 1559/1827/217 1560/1631/217 1561/1667/217
f 1563/1669/218 1561/1667/218 1564/1668/218
f 1565/1671/219 1563/1669/219 1566/1670/219
f 1567/1828/220 1565/1671/220 1568/1672/220
f 1567/1828/221 1568/1672/221 1569/1674/221
f 1569/1674/222 1570/1673/222 1571/1676/222
f 1571/1676/223 1572/1675/223 1573/1678/223
f 1573/1829/224 1574/1679/224 1575/1681/224
f 1575/1681/225 1576/1680/225 1577/1683/225
f 1577/1683/226 1578/1682/226 1579/1685/226
f 1579/1685/227 1580/1684/227 1581/1687/227
f 1581/1687/228 1582/1686/228 1583/1689/228
f 1583/1689/229 1584/1688/229 1585/1691/229
f 1585/1691/230 1586/1690/230 1587/1692/230
f 1587/1756/231 1588/1638/231 1589/1694/231
f 1589/1694/232 1590/1693/232 1591/1696/232
f 1591/1696/233 1592/1695/233 1593/1698/233
f 1593/1698/234 1594/1697/234 1595/1700/234
f 1595/1700/235 1596/1699/235 1597/1702/235
f 1597/1702/236 1598/1701/236 1599/1703/236
f 1559/1757/237 1517/1704/237 1560/1706/237
f 1558/1758/238 1557/1707/238 1600/1709/238
f 1527/1830/191 1525/1710/191 1569/1712/191
f 1593/1717/239 1551/1713/239 1591/1715/239
f 1595/1831/240 1553/1716/240 1593/1717/242
f 1555/1721/246 1553/1718/243 1597/1720/243
f 1557/1832/191 1555/1721/191 1599/1722/191
f 1525/1833/244 1523/1723/244 1567/1725/244
f 1523/1723/247 1521/1726/242 1565/1724/242
f 1563/1834/243 1521/1728/243 1561/1730/243
f 1561/1730/191 1519/1729/191 1559/1732/191
f 1529/1736/191 1527/1733/191 1571/1735/191
f 1531/1738/191 1529/1736/191 1573/1737/191
f 1533/1740/191 1531/1738/191 1575/1739/191
f 1535/1742/191 1533/1740/191 1577/1741/191
f 1537/1745/191 1535/1742/191 1579/1743/191
f 1581/1747/191 1539/1744/191 1579/1743/191
f 1583/1749/191 1541/1746/191 1581/1747/191
f 1585/1751/191 1543/1748/191 1583/1749/191
f 1587/1753/191 1545/1750/191 1585/1751/191
f 1589/1755/191 1547/1752/191 1587/1753/191
f 1591/1835/191 1549/1754/191 1589/1755/191
f 1601/1822/197 1603/1621/197 1602/1623/197
f 1604/1622/198 1603/1621/198 1606/1625/198
f 1606/1625/199 1605/1624/199 1608/1627/199
f 1608/1627/200 1607/1626/200 1610/1629/200
f 1609/1823/201 1611/1630/201 1610/1632/201
f 1611/1824/202 1613/1633/202 1612/1635/202
f 1613/1825/203 1615/1636/203 1614/1638/203
f 1615/1636/204 1617/1639/204 1616/1637/204
f 1618/1640/205 1617/1639/205 1620/1642/205
f 1619/1641/206 1621/1643/206 1620/1642/206
f 1621/1643/207 1623/1645/207 1622/1644/207
f 1623/1645/208 1625/1647/208 1624/1646/208
f 1625/1647/209 1627/1649/209 1626/1648/209
f 1627/1649/210 1629/1651/210 1628/1650/210
f 1630/1826/211 1629/1653/211 1632/1655/211
f 1631/1654/212 1633/1656/212 1632/1655/212
f 1633/1656/213 1635/1658/213 1634/1657/213
f 1635/1658/214 1637/1660/214 1636/1659/214
f 1637/1660/215 1639/1662/215 1638/1661/215
f 1639/1662/216 1641/1664/216 1640/1663/216
f 1643/1827/217 1644/1631/217 1645/1667/217
f 1647/1669/218 1645/1667/218 1648/1668/218
f 1649/1671/219 1647/1669/219 1650/1670/219
f 1651/1828/220 1649/1671/220 1652/1672/220
f 1651/1828/221 1652/1672/221 1653/1674/221
f 1653/1674/222 1654/1673/222 1655/1676/222
f 1655/1676/223 1656/1675/223 1657/1678/223
f 1657/1829/224 1658/1679/224 1659/1681/224
f 1659/1681/225 1660/1680/225 1661/1683/225
f 1661/1683/226 1662/1682/226 1663/1685/226
f 1663/1685/227 1664/1684/227 1665/1687/227
f 1665/1687/228 1666/1686/228 1667/1689/228
f 1667/1689/229 1668/1688/229 1669/1691/229
f 1669/1691/230 1670/1690/230 1671/1692/230
f 1673/1694/231 1671/1756/231 1674/1693/231
f 1673/1694/232 1674/1693/232 1675/1696/232
f 1675/1696/233 1676/1695/233 1677/1698/233
f 1677/1698/234 1678/1697/234 1679/1700/234
f 1679/1700/235 1680/1699/235 1681/1702/235
f 1681/1702/236 1682/1701/236 1683/1703/236
f 1643/1705/237 1601/1706/237 1644/1704/237
f 1642/1708/238 1641/1709/238 1684/1707/238
f 1611/1830/191 1609/1710/191 1653/1712/191
f 1677/1717/239 1635/1713/239 1675/1715/239
f 1679/1831/242 1637/1716/242 1677/1717/242
f 1639/1721/246 1637/1718/243 1681/1720/243
f 1641/1832/191 1639/1721/191 1683/1722/191
f 1609/1833/244 1607/1723/244 1651/1725/244
f 1607/1723/247 1605/1726/240 1649/1724/242
f 1647/1834/243 1605/1728/243 1645/1730/243
f 1645/1730/191 1603/1729/191 1643/1732/191
f 1613/1736/191 1611/1733/191 1655/1735/191
f 1615/1738/191 1613/1736/191 1657/1737/191
f 1617/1740/191 1615/1738/191 1659/1739/191
f 1619/1742/191 1617/1740/191 1661/1741/191
f 1621/1745/191 1619/1742/191 1663/1743/191
f 1665/1747/191 1623/1744/191 1663/1743/191
f 1667/1749/191 1625/1746/191 1665/1747/191
f 1669/1751/191 1627/1748/191 1667/1749/191
f 1671/1753/191 1629/1750/191 1669/1751/191
f 1673/1755/191 1631/1752/191 1671/1753/191
f 1675/1835/191 1633/1754/191 1673/1755/191
f 1689/1796/192 1690/1759/192 1685/1761/192
f 1687/1771/195 1686/1762/195 1694/1764/195
f 1691/1836/194 1692/1765/194 1687/1767/194
f 1692/1788/191 1689/1768/191 1688/1770/191
f 1685/1837/195 1686/1762/195 1688/1772/195
f 1692/1772/196 1691/1771/196 1689/1774/196
f 1695/1838/193 1696/1775/193 1693/1777/193
f 1691/1836/194 1687/1767/194 1696/1779/194
f 1690/1773/196 1691/1771/196 1695/1780/196
f 1690/1773/196 1695/1780/196 1698/1782/196
f 1698/1782/196 1700/1781/196 1702/1783/196
f 1693/1763/195 1686/1762/195 1699/1785/195
f 1695/1838/193 1693/1777/193 1700/1787/193
f 1686/1797/191 1690/1788/191 1697/1790/191
f 1701/1801/192 1702/1791/192 1703/1792/192
f 1699/1785/195 1697/1784/195 1703/1794/195
f 1700/1787/193 1699/1786/193 1704/1796/193
f 1701/1793/195 1697/1784/195 1707/1797/195
f 1705/1769/191 1706/1768/191 1707/1799/191
f 1698/1782/196 1702/1783/196 1706/1800/196
f 1702/1791/192 1701/1801/192 1708/1778/192
f 1697/1796/194 1698/1795/194 1705/1759/194
f 1713/1806/192 1714/1802/192 1709/1804/192
f 1714/1808/193 1715/1803/193 1710/1805/193
f 1715/1815/194 1716/1806/194 1711/1807/194
f 1716/1600/191 1713/1808/191 1712/1809/191
f 1709/1814/195 1710/1807/195 1712/1811/195
f 1716/1811/196 1715/1812/196 1713/1814/196
f 1721/1802/192 1722/1805/192 1717/1803/192
f 1722/1803/193 1723/1804/193 1718/1802/193
f 1723/1815/194 1724/1806/194 1719/1807/194
f 1724/1600/191 1721/1808/191 1720/1809/191
f 1717/1813/195 1718/1814/195 1720/1812/195
f 1724/1810/196 1723/1811/196 1721/1807/196
f 1729/1600/192 1730/1808/192 1725/1809/192
f 1730/1804/193 1731/1807/193 1726/1806/193
f 1731/1806/194 1732/1802/194 1727/1804/194
f 1732/1808/191 1729/1803/191 1728/1805/191
f 1725/1813/195 1726/1814/195 1728/1812/195
f 1732/1810/196 1731/1811/196 1729/1807/196
o stozar_1
v -0.062500 0.000000 0.125000
v -0.062500 -0.000000 -0.125000
v 0.062500 -0.000000 -0.125000
v 0.062500 0.000000 0.125000
v -0.062500 1.000000 0.125000
v -0.062500 1.000000 -0.125000
v 0.062500 1.000000 -0.125000
v 0.062500 1.000000 0.125000
vn -1.0000 -0.0000 -0.0000
vn -0.0000 -0.0000 -1.0000
vn 1.0000 -0.0000 -0.0000
vn -0.0000 -0.0000 1.0000
vn -0.0000 -1.0000 -0.0000
vn -0.0000 1.0000 -0.0000
vt 0.077604 0.000000
vt 0.077604 0.250000
vt 0.006176 0.250000
vt 0.250045 0.000000
vt 0.250045 0.250000
vt 0.214331 0.250000
vt 0.149033 0.000000
vt 0.184747 0.000000
vt 0.184747 0.250000
vt 0.149033 0.250000
vt 0.214286 0.062500
vt 0.250000 0.062500
vt 0.250000 0.125000
vt 0.214286 0.000000
vt 0.006176 0.000000
vt 0.214286 0.125000
s 1
f 1802/1839/248 1798/1840/248 1797/1841/248
f 1803/1842/249 1799/1843/249 1798/1844/249
f 1804/1840/250 1800/1839/250 1799/1845/250
f 1801/1846/251 1797/1847/251 1800/1848/251
f 1798/1849/252 1799/1850/252 1800/1851/252
f 1803/1850/253 1802/1849/253 1801/1852/253
f 1801/1853/248 1802/1839/248 1797/1841/248
f 1802/1852/249 1803/1842/249 1798/1844/249
f 1803/1848/250 1804/1840/250 1799/1845/250
f 1804/1845/251 1801/1846/251 1800/1848/251
f 1797/1854/252 1798/1849/252 1800/1851/252
f 1804/1842/253 1803/1850/253 1801/1852/253
o stozar_2
v -0.062500 1.000000 0.125000
v -0.062500 1.000000 -0.125000
v 0.062500 1.000000 -0.125000
v 0.062500 1.000000 0.125000
v -0.062500 2.000000 0.125000
v -0.062500 2.000000 -0.125000
v 0.062500 2.000000 -0.125000
v 0.062500 2.000000 0.125000
vn -1.0000 -0.0000 -0.0000
vn -0.0000 -0.0000 -1.0000
vn 1.0000 -0.0000 -0.0000
vn -0.0000 -0.0000 1.0000
vn -0.0000 -1.0000 -0.0000
vn -0.0000 1.0000 -0.0000
vt 0.077604 0.000000
vt 0.077604 0.250000
vt 0.006176 0.250000
vt 0.250045 0.000000
vt 0.250045 0.250000
vt 0.214331 0.250000
vt 0.149033 0.000000
vt 0.184747 0.000000
vt 0.184747 0.250000
vt 0.149033 0.250000
vt 0.214286 0.062500
vt 0.250000 0.062500
vt 0.250000 0.125000
vt 0.214286 0.000000
vt 0.006176 0.000000
vt 0.214286 0.125000
s 1
f 1810/1855/254 1806/1856/254 1805/1857/254
f 1811/1858/255 1807/1859/255 1806/1860/255
f 1812/1856/256 1808/1855/256 1807/1861/256
f 1809/1862/257 1805/1863/257 1808/1864/257
f 1806/1865/258 1807/1866/258 1808/1867/258
f 1811/1866/259 1810/1865/259 1809/1868/259
f 1809/1869/254 1810/1855/254 1805/1857/254
f 1810/1868/255 1811/1858/255 1806/1860/255
f 1811/1864/256 1812/1856/256 1807/1861/256
f 1812/1861/257 1809/1862/257 1808/1864/257
f 1805/1870/258 1806/1865/258 1808/1867/258
f 1812/1858/259 1811/1866/259 1809/1868/259
o stozar_3
v -0.062500 2.000000 0.125000
v -0.062500 2.000000 -0.125000
v 0.062500 2.000000 -0.125000
v 0.062500 2.000000 0.125000
v -0.062500 3.000000 0.125000
v -0.062500 3.000000 -0.125000
v 0.062500 3.000000 -0.125000
v 0.062500 3.000000 0.125000
vn -1.0000 -0.0000 -0.0000
vn -0.0000 -0.0000 -1.0000
vn 1.0000 -0.0000 -0.0000
vn -0.0000 -0.0000 1.0000
vn -0.0000 -1.0000 -0.0000
vn -0.0000 1.0000 -0.0000
vt 0.077604 0.000000
vt 0.077604 0.250000
vt 0.006176 0.250000
vt 0.250045 0.000000
vt 0.250045 0.250000
vt 0.214331 0.250000
vt 0.149033 0.000000
vt 0.184747 0.000000
vt 0.184747 0.250000
vt 0.149033 0.250000
vt 0.214286 0.062500
vt 0.250000 0.062500
vt 0.250000 0.125000
vt 0.214286 0.000000
vt 0.006176 0.000000
vt 0.214286 0.125000
s 1
f 1818/1871/260 1814/1872/260 1813/1873/260
f 1819/1874/261 1815/1875/261 1814/1876/261
f 1820/1872/262 1816/1871/262 1815/1877/262
f 1817/1878/263 1813/1879/263 1816/1880/263
f 1814/1881/264 1815/1882/264 1816/1883/264
f 1819/1882/265 1818/1881/265 1817/1884/265
f 1817/1885/260 1818/1871/260 1813/1873/260
f 1818/1884/261 1819/1874/261 1814/1876/261
f 1819/1880/262 1820/1872/262 1815/1877/262
f 1820/1877/263 1817/1878/263 1816/1880/263
f 1813/1886/264 1814/1881/264 1816/1883/264
f 1820/1874/265 1819/1882/265 1817/1884/265
o stozar_4
v -0.062500 3.000000 0.125000
v -0.062500 3.000000 -0.125000
v 0.062500 3.000000 -0.125000
v 0.062500 3.000000 0.125000
v -0.062500 4.000000 0.125000
v -0.062500 4.000000 -0.125000
v 0.062500 4.000000 -0.125000
v 0.062500 4.000000 0.125000
vn -1.0000 -0.0000 -0.0000
vn -0.0000 -0.0000 -1.0000
vn 1.0000 -0.0000 -0.0000
vn -0.0000 -0.0000 1.0000
vn -0.0000 -1.0000 -0.0000
vn -0.0000 1.0000 -0.0000
vt 0.077604 0.000000
vt 0.077604 0.250000
vt 0.006176 0.250000
vt 0.250045 0.000000
vt 0.250045 0.250000
vt 0.214331 0.250000
vt 0.149033 0.000000
vt 0.184747 0.000000
vt 0.184747 0.250000
vt 0.149033 0.250000
vt 0.214286 0.062500
vt 0.250000 0.062500
vt 0.250000 0.125000
vt 0.214286 0.000000
vt 0.006176 0.000000
vt 0.214286 0.125000
s 1
f 1826/1887/266 1822/1888/266 1821/1889/266
f 1827/1890/267 1823/1891/267 1822/1892/267
f 1828/1888/268 1824/1887/268 1823/1893/268
f 1825/1894/269 1821/1895/269 1824/1896/269
f 1822/1897/270 1823/1898/270 1824/1899/270
f 1827/1898/271 1826/1897/271 1825/1900/271
f 1825/1901/266 1826/1887/266 1821/1889/266
f 1826/1900/267 1827/1890/267 1822/1892/267
f 1827/1896/268 1828/1888/268 1823/1893/268
f 1828/1893/269 1825/1894/269 1824/1896/269
f 1821/1902/270 1822/1897/270 1824/1899/270
f 1828/1890/271 1827/1898/271 1825/1900/271
o stozar_uchyty_1
v -0.020000 0.730005 -0.125000
v -0.020000 0.730005 -0.320000
v 0.020000 0.730005 -0.320000
v 0.020000 0.730005 -0.125000
v -0.020000 0.770005 -0.125000
v -0.020000 0.770005 -0.300000
v 0.020000 0.770005 -0.300000
v 0.020000 0.770005 -0.125000
v -0.020000 0.771931 -0.403853
v 0.020000 0.771931 -0.403853
v -0.020000 0.811931 -0.383853
v 0.020000 0.811931 -0.383853
v -0.020000 0.202045 -0.125000
v -0.020000 0.202045 -0.320000
v 0.020000 0.202045 -0.320000
v 0.020000 0.202045 -0.125000
v -0.020000 0.242045 -0.125000
v -0.020000 0.242045 -0.300000
v 0.020000 0.242045 -0.300000
v 0.020000 0.242045 -0.125000
v -0.020000 0.243971 -0.403853
v 0.020000 0.243971 -0.403853
v -0.020000 0.283971 -0.383853
v 0.020000 0.283971 -0.383853
vn -1.0000 -0.0000 -0.0000
vn -0.0000 -0.8944 -0.4472
vn 1.0000 -0.0000 -0.0000
vn -0.0000 -0.0000 1.0000
vn -0.0000 -1.0000 -0.0000
vn -0.0000 1.0000 -0.0000
vn -0.0000 0.4472 -0.8944
vn -0.0000 0.8944 0.4472
vt 0.360578 0.910216
vt 0.334445 0.917790
vt 0.353534 0.808563
vt 0.420974 0.860337
vt 0.420974 0.808563
vt 0.445464 0.808563
vt 0.403842 0.866909
vt 0.420974 0.964934
vt 0.396798 0.968563
vt 0.494445 0.833939
vt 0.494445 0.856637
vt 0.469954 0.856637
vt 0.445464 0.860337
vt 0.445464 0.968027
vt 0.469954 0.860337
vt 0.469954 0.956982
vt 0.494445 0.808563
vt 0.469954 0.833939
vt 0.377709 0.859335
vt 0.394840 0.808563
vt 0.469954 0.808563
vt 0.377709 0.960989
vt 0.351576 0.968563
vt 0.377709 0.812192
vt 0.420974 0.968027
vt 0.445464 0.956982
vt 0.420974 0.816136
s 1
f 1846/1903/272 1842/1904/272 1841/1905/272
f 1842/1906/273 1849/1907/273 1850/1908/273
f 1847/1909/274 1848/1910/274 1844/1911/274
f 1845/1912/275 1841/1913/275 1844/1914/275
f 1842/1906/276 1843/1915/276 1844/1916/276
f 1847/1915/277 1846/1917/277 1845/1918/277
f 1852/1919/278 1850/1912/278 1849/1920/278
f 1847/1909/274 1843/1921/274 1850/1922/274
f 1847/1915/279 1852/1908/279 1851/1923/279
f 1846/1903/272 1851/1924/272 1849/1925/272
f 1845/1926/272 1846/1903/272 1841/1905/272
f 1843/1915/273 1842/1906/273 1850/1908/273
f 1843/1921/274 1847/1909/274 1844/1911/274
f 1848/1920/275 1845/1912/275 1844/1914/275
f 1841/1927/276 1842/1906/276 1844/1916/276
f 1848/1928/277 1847/1915/277 1845/1918/277
f 1851/1923/278 1852/1919/278 1849/1920/278
f 1852/1929/274 1847/1909/274 1850/1922/274
f 1846/1917/279 1847/1915/279 1851/1923/279
f 1842/1904/272 1846/1903/272 1849/1925/272
f 1834/1903/272 1830/1904/272 1829/1905/272
f 1830/1906/273 1837/1907/273 1838/1908/273
f 1835/1909/274 1836/1910/274 1832/1911/274
f 1833/1912/275 1829/1913/275 1832/1914/275
f 1830/1906/276 1831/1915/276 1832/1916/276
f 1835/1915/277 1834/1917/277 1833/1918/277
f 1840/1919/278 1838/1912/278 1837/1920/278
f 1835/1909/274 1831/1921/274 1838/1922/274
f 1835/1915/279 1840/1908/279 1839/1923/279
f 1834/1903/272 1839/1924/272 1837/1925/272
f 1833/1926/272 1834/1903/272 1829/1905/272
f 1831/1915/273 1830/1906/273 1838/1908/273
f 1831/1921/274 1835/1909/274 1832/1911/274
f 1836/1920/275 1833/1912/275 1832/1914/275
f 1829/1927/276 1830/1906/276 1832/1916/276
f 1836/1928/277 1835/1915/277 1833/1918/277
f 1839/1923/278 1840/1919/278 1837/1920/278
f 1840/1929/274 1835/1909/274 1838/1922/274
f 1834/1917/279 1835/1915/279 1839/1923/279
f 1830/1904/272 1834/1903/272 1837/1925/272
o stozar_uchyty_2
v -0.020000 1.230005 -0.125000
v -0.020000 1.230005 -0.320000
v 0.020000 1.230005 -0.320000
v 0.020000 1.230005 -0.125000
v -0.020000 1.270005 -0.125000
v -0.020000 1.270005 -0.300000
v 0.020000 1.270005 -0.300000
v 0.020000 1.270005 -0.125000
v -0.020000 1.271931 -0.403853
v 0.020000 1.271931 -0.403853
v -0.020000 1.311931 -0.383853
v 0.020000 1.311931 -0.383853
v -0.020000 1.730005 -0.125000
v -0.020000 1.730005 -0.320000
v 0.020000 1.730005 -0.320000
v 0.020000 1.730005 -0.125000
v -0.020000 1.770005 -0.125000
v -0.020000 1.770005 -0.300000
v 0.020000 1.770005 -0.300000
v 0.020000 1.770005 -0.125000
v -0.020000 1.771931 -0.403853
v 0.020000 1.771931 -0.403853
v -0.020000 1.811931 -0.383853
v 0.020000 1.811931 -0.383853
vn -1.0000 -0.0000 -0.0000
vn -0.0000 -0.8944 -0.4472
vn 1.0000 -0.0000 -0.0000
vn -0.0000 -0.0000 1.0000
vn -0.0000 -1.0000 -0.0000
vn -0.0000 1.0000 -0.0000
vn -0.0000 0.4472 -0.8944
vn -0.0000 0.8944 0.4472
vt 0.360578 0.910216
vt 0.334445 0.917790
vt 0.353534 0.808563
vt 0.420974 0.860337
vt 0.420974 0.808563
vt 0.445464 0.808563
vt 0.403842 0.866909
vt 0.420974 0.964934
vt 0.396798 0.968563
vt 0.494445 0.833939
vt 0.494445 0.856637
vt 0.469954 0.856637
vt 0.445464 0.860337
vt 0.445464 0.968027
vt 0.469954 0.860337
vt 0.469954 0.956982
vt 0.494445 0.808563
vt 0.469954 0.833939
vt 0.377709 0.859335
vt 0.394840 0.808563
vt 0.420974 0.816136
vt 0.469954 0.808563
vt 0.377709 0.960989
vt 0.377709 0.812192
vt 0.420974 0.968027
vt 0.445464 0.956982
vt 0.351576 0.968563
s 1
f 1858/1930/280 1854/1931/280 1853/1932/280
f 1854/1933/281 1861/1934/281 1862/1935/281
f 1859/1936/282 1860/1937/282 1856/1938/282
f 1857/1939/283 1853/1940/283 1856/1941/283
f 1854/1933/284 1855/1942/284 1856/1943/284
f 1859/1942/285 1858/1944/285 1857/1945/285
f 1864/1946/286 1862/1939/286 1861/1947/286
f 1855/1948/282 1862/1949/282 1864/1950/282
f 1859/1942/287 1864/1935/287 1863/1951/287
f 1854/1931/280 1858/1930/280 1863/1952/280
f 1857/1953/280 1858/1930/280 1853/1932/280
f 1855/1942/281 1854/1933/281 1862/1935/281
f 1855/1948/282 1859/1936/282 1856/1938/282
f 1860/1947/283 1857/1939/283 1856/1941/283
f 1853/1954/284 1854/1933/284 1856/1943/284
f 1860/1955/285 1859/1942/285 1857/1945/285
f 1863/1951/286 1864/1946/286 1861/1947/286
f 1859/1936/282 1855/1948/282 1864/1950/282
f 1858/1944/287 1859/1942/287 1863/1951/287
f 1861/1956/280 1854/1931/280 1863/1952/280
f 1870/1930/280 1866/1931/280 1865/1932/280
f 1866/1933/281 1873/1934/281 1874/1935/281
f 1871/1936/282 1872/1937/282 1868/1938/282
f 1869/1939/283 1865/1940/283 1868/1941/283
f 1866/1933/284 1867/1942/284 1868/1943/284
f 1871/1942/285 1870/1944/285 1869/1945/285
f 1876/1946/286 1874/1939/286 1873/1947/286
f 1867/1948/282 1874/1949/282 1876/1950/282
f 1871/1942/287 1876/1935/287 1875/1951/287
f 1866/1931/280 1870/1930/280 1875/1952/280
f 1869/1953/280 1870/1930/280 1865/1932/280
f 1867/1942/281 1866/1933/281 1874/1935/281
f 1867/1948/282 1871/1936/282 1868/1938/282
f 1872/1947/283 1869/1939/283 1868/1941/283
f 1865/1954/284 1866/1933/284 1868/1943/284
f 1872/1955/285 1871/1942/285 1869/1945/285
f 1875/1951/286 1876/1946/286 1873/1947/286
f 1871/1936/282 1867/1948/282 1876/1950/282
f 1870/1944/287 1871/1942/287 1875/1951/287
f 1873/1956/280 1866/1931/280 1875/1952/280
o stozar_uchyty_3
v -0.020000 2.230005 -0.125000
v -0.020000 2.230005 -0.320000
v 0.020000 2.230005 -0.320000
v 0.020000 2.230005 -0.125000
v -0.020000 2.270005 -0.125000
v -0.020000 2.270005 -0.300000
v 0.020000 2.270005 -0.300000
v 0.020000 2.270005 -0.125000
v -0.020000 2.271931 -0.403853
v 0.020000 2.271931 -0.403853
v -0.020000 2.311931 -0.383853
v 0.020000 2.311931 -0.383853
v -0.020000 2.730004 -0.125000
v -0.020000 2.730004 -0.320000
v 0.020000 2.730004 -0.320000
v 0.020000 2.730004 -0.125000
v -0.020000 2.770004 -0.125000
v -0.020000 2.770004 -0.300000
v 0.020000 2.770004 -0.300000
v 0.020000 2.770004 -0.125000
v -0.020000 2.771931 -0.403853
v 0.020000 2.771931 -0.403853
v -0.020000 2.811931 -0.383853
v 0.020000 2.811931 -0.383853
vn -1.0000 -0.0000 -0.0000
vn -0.0000 -0.8944 -0.4472
vn 1.0000 -0.0000 -0.0000
vn -0.0000 -0.0000 1.0000
vn -0.0000 -1.0000 -0.0000
vn -0.0000 1.0000 -0.0000
vn -0.0000 0.4472 -0.8944
vn -0.0000 0.8944 0.4472
vt 0.360578 0.910216
vt 0.334445 0.917790
vt 0.353534 0.808563
vt 0.420974 0.860337
vt 0.420974 0.808563
vt 0.445464 0.808563
vt 0.403842 0.866909
vt 0.420974 0.964934
vt 0.396798 0.968563
vt 0.494445 0.833939
vt 0.494445 0.856637
vt 0.469954 0.856637
vt 0.445464 0.860337
vt 0.445464 0.968027
vt 0.469954 0.860337
vt 0.469954 0.956982
vt 0.494445 0.808563
vt 0.469954 0.833939
vt 0.377709 0.859335
vt 0.394840 0.808563
vt 0.469954 0.808563
vt 0.377709 0.960989
vt 0.351576 0.968563
vt 0.377709 0.812192
vt 0.420974 0.968027
vt 0.445464 0.956982
vt 0.420974 0.816136
s 1
f 1894/1957/288 1890/1958/288 1889/1959/288
f 1890/1960/289 1897/1961/289 1898/1962/289
f 1895/1963/290 1896/1964/290 1892/1965/290
f 1893/1966/291 1889/1967/291 1892/1968/291
f 1890/1960/292 1891/1969/292 1892/1970/292
f 1895/1969/293 1894/1971/293 1893/1972/293
f 1900/1973/294 1898/1966/294 1897/1974/294
f 1895/1963/290 1891/1975/290 1898/1976/290
f 1895/1969/295 1900/1962/295 1899/1977/295
f 1894/1957/288 1899/1978/288 1897/1979/288
f 1893/1980/288 1894/1957/288 1889/1959/288
f 1891/1969/289 1890/1960/289 1898/1962/289
f 1891/1975/290 1895/1963/290 1892/1965/290
f 1896/1974/291 1893/1966/291 1892/1968/291
f 1889/1981/292 1890/1960/292 1892/1970/292
f 1896/1982/293 1895/1969/293 1893/1972/293
f 1899/1977/294 1900/1973/294 1897/1974/294
f 1900/1983/290 1895/1963/290 1898/1976/290
f 1894/1971/295 1895/1969/295 1899/1977/295
f 1890/1958/288 1894/1957/288 1897/1979/288
f 1882/1957/288 1878/1958/288 1877/1959/288
f 1878/1960/289 1885/1961/289 1886/1962/289
f 1883/1963/290 1884/1964/290 1880/1965/290
f 1881/1966/291 1877/1967/291 1880/1968/291
f 1878/1960/292 1879/1969/292 1880/1970/292
f 1883/1969/293 1882/1971/293 1881/1972/293
f 1888/1973/294 1886/1966/294 1885/1974/294
f 1879/1975/290 1886/1976/290 1888/1983/290
f 1883/1969/295 1888/1962/295 1887/1977/295
f 1878/1958/288 1882/1957/288 1887/1978/288
f 1881/1980/288 1882/1957/288 1877/1959/288
f 1879/1969/289 1878/1960/289 1886/1962/289
f 1879/1975/290 1883/1963/290 1880/1965/290
f 1884/1974/291 1881/1966/291 1880/1968/291
f 1877/1981/292 1878/1960/292 1880/1970/292
f 1884/1982/293 1883/1969/293 1881/1972/293
f 1887/1977/294 1888/1973/294 1885/1974/294
f 1883/1963/290 1879/1975/290 1888/1983/290
f 1882/1971/295 1883/1969/295 1887/1977/295
f 1885/1979/288 1878/1958/288 1887/1978/288
o stozar_uchyty_4
v -0.020000 3.230004 -0.125000
v -0.020000 3.230004 -0.320000
v 0.020000 3.230004 -0.320000
v 0.020000 3.230004 -0.125000
v -0.020000 3.270004 -0.125000
v -0.020000 3.270004 -0.300000
v 0.020000 3.270004 -0.300000
v 0.020000 3.270004 -0.125000
v -0.020000 3.271931 -0.403853
v 0.020000 3.271931 -0.403853
v -0.020000 3.311931 -0.383853
v 0.020000 3.311931 -0.383853
v -0.020000 3.730004 -0.125000
v -0.020000 3.730004 -0.320000
v 0.020000 3.730004 -0.320000
v 0.020000 3.730004 -0.125000
v -0.020000 3.770004 -0.125000
v -0.020000 3.770004 -0.300000
v 0.020000 3.770004 -0.300000
v 0.020000 3.770004 -0.125000
v -0.020000 3.771931 -0.403853
v 0.020000 3.771931 -0.403853
v -0.020000 3.811931 -0.383853
v 0.020000 3.811931 -0.383853
vn -1.0000 -0.0000 -0.0000
vn -0.0000 -0.8944 -0.4472
vn 1.0000 -0.0000 -0.0000
vn -0.0000 -0.0000 1.0000
vn -0.0000 -1.0000 -0.0000
vn -0.0000 1.0000 -0.0000
vn -0.0000 0.4472 -0.8944
vn -0.0000 0.8944 0.4472
vt 0.360578 0.910216
vt 0.334445 0.917790
vt 0.353534 0.808563
vt 0.420974 0.860337
vt 0.420974 0.808563
vt 0.445464 0.808563
vt 0.403842 0.866909
vt 0.420974 0.964934
vt 0.396798 0.968563
vt 0.494445 0.833939
vt 0.494445 0.856637
vt 0.469954 0.856637
vt 0.445464 0.860337
vt 0.445464 0.968027
vt 0.469954 0.860337
vt 0.469954 0.956982
vt 0.494445 0.808563
vt 0.469954 0.833939
vt 0.377709 0.859335
vt 0.394840 0.808563
vt 0.469954 0.808563
vt 0.377709 0.960989
vt 0.351576 0.968563
vt 0.377709 0.812192
vt 0.420974 0.968027
vt 0.445464 0.956982
vt 0.420974 0.816136
s 1
f 1906/1984/296 1902/1985/296 1901/1986/296
f 1902/1987/297 1909/1988/297 1910/1989/297
f 1907/1990/298 1908/1991/298 1904/1992/298
f 1905/1993/299 1901/1994/299 1904/1995/299
f 1902/1987/300 1903/1996/300 1904/1997/300
f 1907/1996/301 1906/1998/301 1905/1999/301
f 1912/2000/302 1910/1993/302 1909/2001/302
f 1907/1990/298 1903/2002/298 1910/2003/298
f 1907/1996/303 1912/1989/303 1911/2004/303
f 1906/1984/296 1911/2005/296 1909/2006/296
f 1905/2007/296 1906/1984/296 1901/1986/296
f 1903/1996/297 1902/1987/297 1910/1989/297
f 1903/2002/298 1907/1990/298 1904/1992/298
f 1908/2001/299 1905/1993/299 1904/1995/299
f 1901/2008/300 1902/1987/300 1904/1997/300
f 1908/2009/301 1907/1996/301 1905/1999/301
f 1911/2004/302 1912/2000/302 1909/2001/302
f 1912/2010/298 1907/1990/298 1910/2003/298
f 1906/1998/303 1907/1996/303 1911/2004/303
f 1902/1985/296 1906/1984/296 1909/2006/296
f 1918/1984/296 1914/1985/296 1913/1986/296
f 1914/1987/297 1921/1988/297 1922/1989/297
f 1919/1990/298 1920/1991/298 1916/1992/298
f 1917/1993/299 1913/1994/299 1916/1995/299
f 1914/1987/300 1915/1996/300 1916/1997/300
f 1919/1996/301 1918/1998/301 1917/1999/301
f 1924/2000/302 1922/1993/302 1921/2001/302
f 1919/1990/298 1915/2002/298 1922/2003/298
f 1919/1996/303 1924/1989/303 1923/2004/303
f 1918/1984/296 1923/2005/296 1921/2006/296
f 1917/2007/296 1918/1984/296 1913/1986/296
f 1915/1996/297 1914/1987/297 1922/1989/297
f 1915/2002/298 1919/1990/298 1916/1992/298
f 1920/2001/299 1917/1993/299 1916/1995/299
f 1913/2008/300 1914/1987/300 1916/1997/300
f 1920/2009/301 1919/1996/301 1917/1999/301
f 1923/2004/302 1924/2000/302 1921/2001/302
f 1924/2010/298 1919/1990/298 1922/2003/298
f 1918/1998/303 1919/1996/303 1923/2004/303
f 1914/1985/296 1918/1984/296 1921/2006/296
o zavazi
v 0.187500 0.218750 -0.375000
v 0.187500 0.781250 -0.375000
v 0.187500 0.781250 -0.125000
v 0.187500 0.218750 -0.125000
v -0.187500 0.218750 -0.375000
v -0.187500 0.781250 -0.375000
v -0.187500 0.781250 -0.125000
v -0.187500 0.218750 -0.125000
vn -0.0000 -0.0000 -1.0000
vn -0.0000 1.0000 -0.0000
vn -0.0000 -0.0000 1.0000
vn -0.0000 -1.0000 -0.0000
vn 1.0000 -0.0000 -0.0000
vn -1.0000 -0.0000 -0.0000
vt 0.500012 0.875001
vt 0.500012 0.781251
vt 0.625012 0.781251
vt 0.687511 0.781252
vt 0.687511 0.875001
vt 0.625011 0.875001
vt 0.812512 0.781251
vt 0.875013 0.781251
vt 0.875013 0.875002
vt 0.750011 1.000002
vt 0.687512 1.000002
vt 0.812512 0.875001
vt 0.750012 0.875002
vt 0.625012 1.000002
s 1
f 1930/2011/304 1926/2012/304 1925/2013/304
f 1931/2014/305 1927/2015/305 1926/2016/305
f 1932/2015/306 1928/2014/306 1927/2017/306
f 1932/2017/307 1929/2018/307 1925/2019/307
f 1926/2020/308 1927/2021/308 1928/2015/308
f 1931/2016/309 1930/2015/309 1929/2021/309
f 1929/2016/304 1930/2011/304 1925/2013/304
f 1930/2013/305 1931/2014/305 1926/2016/305
f 1931/2022/306 1932/2015/306 1927/2017/306
f 1928/2022/307 1932/2017/307 1925/2019/307
f 1925/2023/308 1926/2020/308 1928/2015/308
f 1932/2024/309 1931/2016/309 1929/2021/309
o zelena_HP
v 0.150000 4.774998 0.360000
v 0.164632 4.776440 0.360000
v 0.178701 4.780707 0.360000
v 0.191668 4.787638 0.360000
v 0.203033 4.796966 0.360000
v 0.212360 4.808330 0.360000
v 0.219291 4.821297 0.360000
v 0.223559 4.835367 0.360000
v 0.225000 4.849998 0.360000
v 0.223559 4.864630 0.360000
v 0.219291 4.878700 0.360000
v 0.212360 4.891666 0.360000
v 0.203033 4.903031 0.360000
v 0.191668 4.912359 0.360000
v 0.178701 4.919289 0.360000
v 0.164632 4.923557 0.360000
v 0.150000 4.924998 0.360000
v 0.135368 4.923557 0.360000
v 0.121299 4.919289 0.360000
v 0.108332 4.912359 0.360000
v 0.096967 4.903031 0.360000
v 0.087640 4.891666 0.360000
v 0.080709 4.878700 0.360000
v 0.076441 4.864630 0.360000
v 0.075000 4.849998 0.360000
v 0.076441 4.835367 0.360000
v 0.080709 4.821297 0.360000
v 0.087640 4.808330 0.360000
v 0.096967 4.796965 0.360000
v 0.108332 4.787638 0.360000
v 0.121299 4.780707 0.360000
v 0.135368 4.776440 0.360000
vn -0.0000 -0.0000 1.0000
vt 0.670189 0.298683
vt 0.685734 0.374451
vt 0.581800 0.652236
vt 0.678894 0.333504
vt 0.636503 0.242870
vt 0.648578 0.252478
vt 0.659952 0.271323
vt 0.612117 0.252478
vt 0.624191 0.242870
vt 0.567847 0.468248
vt 0.600742 0.271323
vt 0.581800 0.333505
vt 0.590506 0.298683
vt 0.570249 0.419948
vt 0.574960 0.374451
vt 0.570249 0.565793
vt 0.567847 0.517493
vt 0.574960 0.611290
vt 0.624192 0.742870
vt 0.590506 0.687058
vt 0.612117 0.733263
vt 0.600742 0.714418
vt 0.659952 0.714417
vt 0.636503 0.742870
vt 0.648578 0.733263
vt 0.678894 0.652236
vt 0.670189 0.687058
vt 0.692847 0.517493
vt 0.690445 0.565792
vt 0.685734 0.611289
vt 0.690445 0.419948
vt 0.692847 0.468247
s 1
f 1964/2025/310 1934/2026/310 1949/2027/310
f 1934/2026/310 1964/2025/310 1933/2028/310
f 1961/2029/310 1962/2030/310 1963/2031/310
f 1959/2032/310 1960/2033/310 1961/2029/310
f 1953/2034/310 1958/2035/310 1959/2032/310
f 1953/2034/310 1956/2036/310 1957/2037/310
f 1956/2036/310 1954/2038/310 1955/2039/310
f 1951/2040/310 1952/2041/310 1953/2034/310
f 1953/2034/310 1950/2042/310 1951/2040/310
f 1945/2043/310 1948/2044/310 1949/2027/310
f 1945/2043/310 1946/2045/310 1947/2046/310
f 1942/2047/310 1944/2048/310 1945/2043/310
f 1944/2048/310 1942/2047/310 1943/2049/310
f 1945/2043/310 1940/2050/310 1941/2051/310
f 1937/2052/310 1938/2053/310 1939/2054/310
f 1935/2055/310 1936/2056/310 1937/2052/310
f 1937/2052/310 1934/2026/310 1935/2055/310
f 1961/2029/310 1963/2031/310 1964/2025/310
f 1964/2025/310 1959/2032/310 1961/2029/310
f 1953/2034/310 1954/2038/310 1956/2036/310
f 1949/2027/310 1950/2042/310 1953/2034/310
f 1945/2043/310 1947/2046/310 1948/2044/310
f 1941/2051/310 1942/2047/310 1945/2043/310
f 1937/2052/310 1939/2054/310 1940/2050/310
f 1949/2027/310 1934/2026/310 1937/2052/310
f 1953/2034/310 1959/2032/310 1964/2025/310
f 1958/2035/310 1953/2034/310 1957/2037/310
f 1937/2052/310 1945/2043/310 1949/2027/310
f 1945/2043/310 1937/2052/310 1940/2050/310
f 1949/2027/310 1953/2034/310 1964/2025/310
o zluta_BU
v -0.150000 4.074998 0.360000
v -0.135368 4.076440 0.360000
v -0.121299 4.080708 0.360000
v -0.108332 4.087638 0.360000
v -0.096967 4.096966 0.360000
v -0.087640 4.108331 0.360000
v -0.080709 4.121297 0.360000
v -0.076441 4.135367 0.360000
v -0.075000 4.149999 0.360000
v -0.076441 4.164630 0.360000
v -0.080709 4.178700 0.360000
v -0.087640 4.191666 0.360000
v -0.096967 4.203032 0.360000
v -0.108332 4.212358 0.360000
v -0.121299 4.219290 0.360000
v -0.135368 4.223557 0.360000
v -0.150000 4.224998 0.360000
v -0.164632 4.223557 0.360000
v -0.178701 4.219289 0.360000
v -0.191668 4.212358 0.360000
v -0.203033 4.203032 0.360000
v -0.212360 4.191666 0.360000
v -0.219291 4.178700 0.360000
v -0.223559 4.164630 0.360000
v -0.225000 4.149999 0.360000
v -0.223559 4.135367 0.360000
v -0.219291 4.121297 0.360000
v -0.212360 4.108331 0.360000
v -0.203033 4.096965 0.360000
v -0.191668 4.087638 0.360000
v -0.178701 4.080708 0.360000
v -0.164632 4.076440 0.360000
v 0.150000 4.074998 0.360000
v 0.164632 4.076440 0.360000
v 0.178701 4.080708 0.360000
v 0.191668 4.087638 0.360000
v 0.203033 4.096966 0.360000
v 0.212360 4.108331 0.360000
v 0.219291 4.121297 0.360000
v 0.223559 4.135367 0.360000
v 0.225000 4.149999 0.360000
v 0.223559 4.164630 0.360000
v 0.219291 4.178700 0.360000
v 0.212360 4.191666 0.360000
v 0.203033 4.203032 0.360000
v 0.191668 4.212358 0.360000
v 0.178701 4.219290 0.360000
v 0.164632 4.223557 0.360000
v 0.150000 4.224998 0.360000
v 0.135368 4.223557 0.360000
v 0.121299 4.219289 0.360000
v 0.108332 4.212358 0.360000
v 0.096967 4.203032 0.360000
v 0.087640 4.191666 0.360000
v 0.080709 4.178700 0.360000
v 0.076441 4.164630 0.360000
v 0.075000 4.149999 0.360000
v 0.076441 4.135367 0.360000
v 0.080709 4.121297 0.360000
v 0.087640 4.108331 0.360000
v 0.096967 4.096965 0.360000
v 0.108332 4.087638 0.360000
v 0.121299 4.080708 0.360000
v 0.135368 4.076440 0.360000
vn -0.0000 -0.0000 1.0000
vt 0.404605 0.721547
vt 0.381156 0.750000
vt 0.326453 0.340634
vt 0.393231 0.740393
vt 0.430387 0.618420
vt 0.423547 0.659366
vt 0.414841 0.694188
vt 0.435098 0.572923
vt 0.437500 0.475377
vt 0.437500 0.524623
vt 0.414841 0.305812
vt 0.430387 0.381581
vt 0.435098 0.427078
vt 0.423547 0.340634
vt 0.393231 0.259607
vt 0.404605 0.278453
vt 0.356769 0.259607
vt 0.368844 0.250000
vt 0.381156 0.250000
vt 0.345395 0.278453
vt 0.335159 0.305812
vt 0.314902 0.427078
vt 0.319613 0.381580
vt 0.312500 0.524623
vt 0.312500 0.475377
vt 0.319613 0.618419
vt 0.314902 0.572922
vt 0.345395 0.721547
vt 0.335159 0.694188
vt 0.326453 0.659366
vt 0.368844 0.750000
vt 0.356769 0.740393
s 1
f 1996/2057/311 1966/2058/311 1978/2059/311
f 2028/2057/311 1998/2058/311 2010/2059/311
f 1966/2058/311 1996/2057/311 1965/2060/311
f 1993/2061/311 1994/2062/311 1995/2063/311
f 1995/2063/311 1992/2064/311 1993/2061/311
f 1996/2057/311 1990/2065/311 1991/2066/311
f 1986/2067/311 1988/2068/311 1989/2069/311
f 1988/2068/311 1986/2067/311 1987/2070/311
f 1986/2067/311 1984/2071/311 1985/2072/311
f 1981/2073/311 1982/2074/311 1983/2075/311
f 1978/2059/311 1980/2076/311 1981/2073/311
f 1980/2076/311 1978/2059/311 1979/2077/311
f 1978/2059/311 1976/2078/311 1977/2079/311
f 1976/2078/311 1974/2080/311 1975/2081/311
f 1976/2078/311 1972/2082/311 1973/2083/311
f 1969/2084/311 1970/2085/311 1971/2086/311
f 1967/2087/311 1968/2088/311 1969/2084/311
f 1969/2084/311 1966/2058/311 1967/2087/311
f 1992/2064/311 1995/2063/311 1996/2057/311
f 1996/2057/311 1991/2066/311 1992/2064/311
f 1990/2065/311 1986/2067/311 1989/2069/311
f 1986/2067/311 1990/2065/311 1984/2071/311
f 1983/2075/311 1978/2059/311 1981/2073/311
f 1973/2083/311 1974/2080/311 1976/2078/311
f 1969/2084/311 1971/2086/311 1972/2082/311
f 1978/2059/311 1966/2058/311 1969/2084/311
f 1984/2071/311 1990/2065/311 1996/2057/311
f 1996/2057/311 1978/2059/311 1984/2071/311
f 1972/2082/311 1976/2078/311 1978/2059/311
f 1978/2059/311 1969/2084/311 1972/2082/311
f 1978/2059/311 1983/2075/311 1984/2071/311
f 1998/2058/311 2028/2057/311 1997/2060/311
f 2025/2061/311 2026/2062/311 2027/2063/311
f 2027/2063/311 2024/2064/311 2025/2061/311
f 2028/2057/311 2022/2065/311 2023/2066/311
f 2018/2067/311 2020/2068/311 2021/2069/311
f 2020/2068/311 2018/2067/311 2019/2070/311
f 2018/2067/311 2016/2071/311 2017/2072/311
f 2013/2073/311 2014/2074/311 2015/2075/311
f 2010/2059/311 2012/2076/311 2013/2073/311
f 2012/2076/311 2010/2059/311 2011/2077/311
f 2010/2059/311 2008/2078/311 2009/2079/311
f 2008/2078/311 2006/2080/311 2007/2081/311
f 2010/2059/311 2004/2082/311 2005/2083/311
f 2001/2084/311 2002/2085/311 2003/2086/311
f 1999/2087/311 2000/2088/311 2001/2084/311
f 2001/2084/311 1998/2058/311 1999/2087/311
f 2024/2064/311 2027/2063/311 2028/2057/311
f 2028/2057/311 2023/2066/311 2024/2064/311
f 2022/2065/311 2018/2067/311 2021/2069/311
f 2018/2067/311 2022/2065/311 2016/2071/311
f 2015/2075/311 2010/2059/311 2013/2073/311
f 2005/2083/311 2006/2080/311 2008/2078/311
f 2001/2084/311 2003/2086/311 2004/2082/311
f 2010/2059/311 1998/2058/311 2001/2084/311
f 2016/2071/311 2022/2065/311 2028/2057/311
f 2028/2057/311 2010/2059/311 2016/2071/311
f 2005/2083/311 2008/2078/311 2010/2059/311
f 2010/2059/311 2001/2084/311 2004/2082/311
f 2010/2059/311 2015/2075/311 2016/2071/311
o zluta_VR
v -0.150000 4.774998 0.360000
v -0.135368 4.776439 0.360000
v -0.121299 4.780707 0.360000
v -0.108332 4.787638 0.360000
v -0.096967 4.796965 0.360000
v -0.087640 4.808330 0.360000
v -0.080709 4.821297 0.360000
v -0.076441 4.835367 0.360000
v -0.075000 4.849998 0.360000
v -0.076441 4.864630 0.360000
v -0.080709 4.878700 0.360000
v -0.087640 4.891666 0.360000
v -0.096967 4.903031 0.360000
v -0.108332 4.912359 0.360000
v -0.121299 4.919289 0.360000
v -0.135368 4.923557 0.360000
v -0.150000 4.924998 0.360000
v -0.164632 4.923557 0.360000
v -0.178701 4.919289 0.360000
v -0.191668 4.912359 0.360000
v -0.203033 4.903031 0.360000
v -0.212360 4.891666 0.360000
v -0.219291 4.878700 0.360000
v -0.223559 4.864630 0.360000
v -0.225000 4.849998 0.360000
v -0.223559 4.835367 0.360000
v -0.219291 4.821297 0.360000
v -0.212360 4.808330 0.360000
v -0.203033 4.796965 0.360000
v -0.191668 4.787638 0.360000
v -0.178701 4.780707 0.360000
v -0.164632 4.776439 0.360000
vn -0.0000 -0.0000 1.0000
vt 0.404605 0.278453
vt 0.437500 0.524623
vt 0.356769 0.259607
vt 0.381156 0.750000
vt 0.404605 0.721547
vt 0.393231 0.740393
vt 0.423547 0.659366
vt 0.414841 0.694188
vt 0.435098 0.572923
vt 0.430387 0.618420
vt 0.437500 0.475377
vt 0.430387 0.381581
vt 0.435098 0.427078
vt 0.414841 0.305812
vt 0.423547 0.340634
vt 0.381156 0.250000
vt 0.393231 0.259607
vt 0.368844 0.250000
vt 0.319613 0.381580
vt 0.345395 0.278453
vt 0.326453 0.340634
vt 0.335159 0.305812
vt 0.312500 0.524623
vt 0.314902 0.427078
vt 0.312500 0.475377
vt 0.319613 0.618419
vt 0.314902 0.572922
vt 0.345395 0.721547
vt 0.335159 0.694188
vt 0.326453 0.659366
vt 0.368844 0.750000
vt 0.356769 0.740393
s 1
f 2049/2089/312 2055/2090/312 2045/2091/312
f 2030/2092/312 2060/2093/312 2029/2094/312
f 2060/2093/312 2058/2095/312 2059/2096/312
f 2058/2095/312 2056/2097/312 2057/2098/312
f 2049/2089/312 2054/2099/312 2055/2090/312
f 2049/2089/312 2052/2100/312 2053/2101/312
f 2052/2100/312 2050/2102/312 2051/2103/312
f 2047/2104/312 2048/2105/312 2049/2089/312
f 2049/2089/312 2046/2106/312 2047/2104/312
f 2041/2107/312 2044/2108/312 2045/2091/312
f 2041/2107/312 2042/2109/312 2043/2110/312
f 2038/2111/312 2040/2112/312 2041/2107/312
f 2040/2112/312 2038/2111/312 2039/2113/312
f 2041/2107/312 2036/2114/312 2037/2115/312
f 2033/2116/312 2034/2117/312 2035/2118/312
f 2031/2119/312 2032/2120/312 2033/2116/312
f 2060/2093/312 2030/2092/312 2031/2119/312
f 2055/2090/312 2058/2095/312 2060/2093/312
f 2058/2095/312 2055/2090/312 2056/2097/312
f 2049/2089/312 2050/2102/312 2052/2100/312
f 2045/2091/312 2046/2106/312 2049/2089/312
f 2041/2107/312 2043/2110/312 2044/2108/312
f 2037/2115/312 2038/2111/312 2041/2107/312
f 2041/2107/312 2035/2118/312 2036/2114/312
f 2035/2118/312 2031/2119/312 2033/2116/312
f 2031/2119/312 2055/2090/312 2060/2093/312
f 2054/2099/312 2049/2089/312 2053/2101/312
f 2035/2118/312 2041/2107/312 2045/2091/312
f 2045/2091/312 2031/2119/312 2035/2118/312
f 2031/2119/312 2045/2091/312 2055/2090/312
o zelena_VR
v 0.150000 4.774998 0.360000
v 0.164632 4.776440 0.360000
v 0.178701 4.780707 0.360000
v 0.191668 4.787638 0.360000
v 0.203033 4.796966 0.360000
v 0.212360 4.808330 0.360000
v 0.219291 4.821297 0.360000
v 0.223559 4.835367 0.360000
v 0.225000 4.849998 0.360000
v 0.223559 4.864630 0.360000
v 0.219291 4.878700 0.360000
v 0.212360 4.891666 0.360000
v 0.203033 4.903031 0.360000
v 0.191668 4.912359 0.360000
v 0.178701 4.919289 0.360000
v 0.164632 4.923557 0.360000
v 0.150000 4.924998 0.360000
v 0.135368 4.923557 0.360000
v 0.121299 4.919289 0.360000
v 0.108332 4.912359 0.360000
v 0.096967 4.903031 0.360000
v 0.087640 4.891666 0.360000
v 0.080709 4.878700 0.360000
v 0.076441 4.864630 0.360000
v 0.075000 4.849998 0.360000
v 0.076441 4.835367 0.360000
v 0.080709 4.821297 0.360000
v 0.087640 4.808330 0.360000
v 0.096967 4.796965 0.360000
v 0.108332 4.787638 0.360000
v 0.121299 4.780707 0.360000
v 0.135368 4.776440 0.360000
vn -0.0000 -0.0000 1.0000
vt 0.670189 0.298683
vt 0.685734 0.374451
vt 0.581800 0.652236
vt 0.678894 0.333504
vt 0.636503 0.242870
vt 0.648578 0.252478
vt 0.659952 0.271323
vt 0.612117 0.252478
vt 0.624191 0.242870
vt 0.567847 0.468248
vt 0.600742 0.271323
vt 0.581800 0.333505
vt 0.590506 0.298683
vt 0.570249 0.419948
vt 0.574960 0.374451
vt 0.570249 0.565793
vt 0.567847 0.517493
vt 0.574960 0.611290
vt 0.624192 0.742870
vt 0.590506 0.687058
vt 0.612117 0.733263
vt 0.600742 0.714418
vt 0.659952 0.714417
vt 0.636503 0.742870
vt 0.648578 0.733263
vt 0.678894 0.652236
vt 0.670189 0.687058
vt 0.692847 0.517493
vt 0.690445 0.565792
vt 0.685734 0.611289
vt 0.690445 0.419948
vt 0.692847 0.468247
s 1
f 2092/2121/313 2062/2122/313 2077/2123/313
f 2062/2122/313 2092/2121/313 2061/2124/313
f 2089/2125/313 2090/2126/313 2091/2127/313
f 2087/2128/313 2088/2129/313 2089/2125/313
f 2081/2130/313 2086/2131/313 2087/2128/313
f 2081/2130/313 2084/2132/313 2085/2133/313
f 2084/2132/313 2082/2134/313 2083/2135/313
f 2079/2136/313 2080/2137/313 2081/2130/313
f 2081/2130/313 2078/2138/313 2079/2136/313
f 2073/2139/313 2076/2140/313 2077/2123/313
f 2073/2139/313 2074/2141/313 2075/2142/313
f 2070/2143/313 2072/2144/313 2073/2139/313
f 2072/2144/313 2070/2143/313 2071/2145/313
f 2073/2139/313 2068/2146/313 2069/2147/313
f 2065/2148/313 2066/2149/313 2067/2150/313
f 2063/2151/313 2064/2152/313 2065/2148/313
f 2065/2148/313 2062/2122/313 2063/2151/313
f 2089/2125/313 2091/2127/313 2092/2121/313
f 2092/2121/313 2087/2128/313 2089/2125/313
f 2081/2130/313 2082/2134/313 2084/2132/313
f 2077/2123/313 2078/2138/313 2081/2130/313
f 2073/2139/313 2075/2142/313 2076/2140/313
f 2069/2147/313 2070/2143/313 2073/2139/313
f 2065/2148/313 2067/2150/313 2068/2146/313
f 2077/2123/313 2062/2122/313 2065/2148/313
f 2081/2130/313 2087/2128/313 2092/2121/313
f 2086/2131/313 2081/2130/313 2085/2133/313
f 2065/2148/313 2073/2139/313 2077/2123/313
f 2073/2139/313 2065/2148/313 2068/2146/313
f 2077/2123/313 2081/2130/313 2092/2121/313
