# Blender 4.0.2
# www.blender.org
mtllib vloz.mtl
o stozar_vloz_S
v -0.011557 2.545542 -0.128544
v -0.011557 2.545542 0.128544
v 0.000000 2.499192 0.000000
v 0.011557 2.545542 -0.128544
v 0.000000 2.499192 0.000000
v 0.011557 2.545542 0.128544
v 0.011557 2.562228 -0.128544
v -0.011557 2.562228 -0.128544
v -0.011557 2.562228 0.128544
v 0.011557 2.562228 0.128544
v -0.011557 0.914207 -0.128544
v -0.011557 0.914207 0.128544
v 0.000000 0.867857 0.000000
v 0.011557 0.914207 -0.128544
v 0.000000 0.867857 0.000000
v 0.011557 0.914207 0.128544
v 0.011557 0.930832 -0.128544
v -0.011557 0.930832 -0.128544
v -0.011557 0.930832 0.128544
v 0.011557 0.930832 0.128544
v -0.011557 0.710267 -0.128544
v -0.011557 0.710267 0.128544
v 0.000000 0.663917 0.000000
v 0.011557 0.710267 -0.128544
v 0.000000 0.663917 0.000000
v 0.011557 0.710267 0.128544
v 0.011557 0.726892 -0.128544
v -0.011557 0.726892 -0.128544
v -0.011557 0.726892 0.128544
v 0.011557 0.726892 0.128544
v -0.011557 2.341726 -0.128544
v -0.011557 2.341726 0.128544
v 0.000000 2.295376 0.000000
v 0.011557 2.341726 -0.128544
v 0.000000 2.295376 0.000000
v 0.011557 2.341726 0.128544
v 0.011557 2.358350 -0.128544
v -0.011557 2.358350 -0.128544
v -0.011557 2.358350 0.128544
v 0.011557 2.358350 0.128544
v -0.036895 2.366940 0.137876
v -0.036895 1.116108 0.128544
v -0.036895 2.366940 0.128544
v -0.036895 1.116108 0.137876
v -0.036895 2.366940 0.128544
v 0.036895 1.116108 0.128544
v 0.036895 2.366940 0.128544
v -0.036895 1.116108 0.128544
v 0.036895 2.366940 0.128544
v 0.036895 1.116108 0.137876
v 0.036895 2.366940 0.137876
v 0.036895 1.116108 0.128544
v -0.021939 2.156758 0.054693
v -0.055991 2.144398 0.000000
v -0.055991 2.156758 0.000000
v -0.021939 2.144398 0.054693
v -0.021939 2.144398 -0.054693
v -0.021939 2.156758 -0.054693
v -0.084851 2.150578 -0.070081
v 0.084851 2.150578 -0.070081
v 0.021939 2.144398 -0.054693
v 0.021939 2.156758 -0.054693
v 0.055991 2.144398 0.000000
v 0.055991 2.156758 0.000000
v 0.021939 2.144398 0.054693
v 0.021939 2.156758 0.054693
v 0.058895 2.172764 -0.234654
v -0.084851 2.161949 -0.213333
v -0.058895 2.172764 -0.234654
v 0.084851 2.161949 -0.213333
v -0.011557 2.137662 -0.128544
v -0.011557 2.137662 0.128544
v 0.000000 2.091312 0.000000
v 0.011557 2.137662 -0.128544
v 0.000000 2.091312 0.000000
v 0.011557 2.137662 0.128544
v 0.011557 2.154348 -0.128544
v -0.011557 2.154348 -0.128544
v -0.011557 2.154348 0.128544
v 0.011557 2.154348 0.128544
v -0.011557 1.933722 -0.128544
v -0.011557 1.933722 0.128544
v 0.000000 1.887372 0.000000
v 0.011557 1.933722 -0.128544
v 0.000000 1.887372 0.000000
v 0.011557 1.933722 0.128544
v 0.011557 1.950408 -0.128544
v -0.011557 1.950408 -0.128544
v -0.011557 1.950408 0.128544
v 0.011557 1.950408 0.128544
v -0.011557 1.729782 -0.128544
v -0.011557 1.729782 0.128544
v 0.000000 1.683432 0.000000
v 0.011557 1.729782 -0.128544
v 0.000000 1.683432 0.000000
v 0.011557 1.729782 0.128544
v 0.011557 1.746468 -0.128544
v -0.011557 1.746468 -0.128544
v -0.011557 1.746468 0.128544
v 0.011557 1.746468 0.128544
v -0.011557 1.525842 -0.128544
v -0.011557 1.525842 0.128544
v 0.000000 1.479492 0.000000
v 0.011557 1.525842 -0.128544
v 0.000000 1.479492 0.000000
v 0.011557 1.525842 0.128544
v 0.011557 1.542528 -0.128544
v -0.011557 1.542528 -0.128544
v -0.011557 1.542528 0.128544
v 0.011557 1.542528 0.128544
v -0.011557 0.506142 -0.128544
v -0.011557 0.506142 0.128544
v 0.000000 0.459792 0.000000
v 0.011557 0.506142 -0.128544
v 0.000000 0.459792 0.000000
v 0.011557 0.506142 0.128544
v 0.011557 0.522828 -0.128544
v -0.011557 0.522828 -0.128544
v -0.011557 0.522828 0.128544
v 0.011557 0.522828 0.128544
v -0.011557 1.321902 -0.128544
v -0.011557 1.321902 0.128544
v 0.000000 1.275552 0.000000
v 0.011557 1.321902 -0.128544
v 0.000000 1.275552 0.000000
v 0.011557 1.321902 0.128544
v 0.011557 1.338588 -0.128544
v -0.011557 1.338588 -0.128544
v -0.011557 1.338588 0.128544
v 0.011557 1.338588 0.128544
v -0.011557 1.117962 -0.128544
v -0.011557 1.117962 0.128544
v 0.000000 1.071612 0.000000
v 0.011557 1.117962 -0.128544
v 0.000000 1.071612 0.000000
v 0.011557 1.117962 0.128544
v 0.011557 1.134648 -0.128544
v -0.011557 1.134648 -0.128544
v -0.011557 1.134648 0.128544
v 0.011557 1.134648 0.128544
v -0.011557 2.953422 -0.128544
v -0.011557 2.953422 0.128544
v 0.000000 2.907072 0.000000
v 0.011557 2.953422 -0.128544
v 0.000000 2.907072 0.000000
v 0.011557 2.953422 0.128544
v 0.011557 2.970108 -0.128544
v -0.011557 2.970108 -0.128544
v -0.011557 2.970108 0.128544
v 0.011557 2.970108 0.128544
v -0.011557 2.749482 -0.128544
v -0.011557 2.749482 0.128544
v 0.000000 2.703132 0.000000
v 0.011557 2.749482 -0.128544
v 0.000000 2.703132 0.000000
v 0.011557 2.749482 0.128544
v 0.011557 2.766168 -0.128544
v -0.011557 2.766168 -0.128544
v -0.011557 2.766168 0.128544
v 0.011557 2.766168 0.128544
v 0.077435 0.251032 0.000000
v 0.077435 0.251032 0.106049
v -0.077435 0.251032 0.106049
v -0.077435 0.251032 0.000000
v -0.077435 0.251032 -0.106049
v 0.077435 0.251032 -0.106049
v -0.077435 0.251032 -0.106049
v -0.077435 0.251032 0.106049
v -0.077435 0.063592 0.106049
v -0.077435 0.063592 -0.106049
v 0.077435 0.063592 -0.106049
v 0.077435 0.063592 0.106049
v 0.077435 0.251032 0.106049
v 0.077435 0.251032 -0.106049
v -0.053395 0.288050 0.025709
v -0.077435 0.270869 -0.025709
v -0.053395 0.288050 -0.025709
v -0.077435 0.270869 0.025709
v -0.053395 0.288050 -0.025709
v 0.077435 0.270869 -0.025709
v 0.053395 0.288050 -0.025709
v -0.077435 0.270869 -0.025709
v 0.053395 0.288050 -0.025709
v 0.077435 0.270869 0.025709
v 0.053395 0.288050 0.025709
v 0.077435 0.270869 -0.025709
v 0.053395 0.288050 0.025709
v -0.077435 0.270869 0.025709
v -0.053395 0.288050 0.025709
v 0.077435 0.270869 0.025709
v -0.052654 0.071317 0.093689
v -0.052654 0.024535 -0.076138
v -0.052654 0.071317 -0.093689
v -0.052654 0.024535 0.076138
v 0.052654 0.024535 -0.076138
v 0.052654 0.071317 -0.093689
v 0.052654 0.024535 0.076138
v 0.052654 0.071317 0.093689
v -0.077435 0.023360 -0.025709
v -0.077435 0.023360 0.025709
v 0.077435 0.023360 -0.025709
v -0.077435 0.023360 -0.025709
v 0.077435 0.023360 0.025709
v 0.077435 0.023360 -0.025709
v -0.077435 0.023360 0.025709
v 0.077435 0.023360 0.025709
v -0.077435 0.251032 -0.106049
v 0.077435 0.063592 -0.106049
v 0.077435 0.251032 -0.106049
v -0.077435 0.063592 -0.106049
v 0.077435 0.251032 0.106049
v -0.077435 0.063592 0.106049
v -0.077435 0.251032 0.106049
v 0.077435 0.063592 0.106049
v 0.077435 0.063592 -0.106049
v -0.077435 0.063592 0.106049
v 0.077435 0.063592 0.106049
v -0.077435 0.063592 -0.106049
v -0.088250 0.024720 0.076756
v -0.088250 0.012360 -0.076756
v -0.088250 0.024720 -0.076756
v -0.088250 0.012360 0.076756
v 0.088250 0.012360 -0.076756
v 0.088250 0.024720 -0.076756
v 0.088250 0.012360 0.076756
v 0.088250 0.024720 0.076756
v -0.109571 0.012360 0.134291
v -0.109571 0.000000 -0.134291
v -0.109571 0.012360 -0.134291
v -0.109571 -0.000000 0.134291
v 0.109571 0.000000 -0.134291
v 0.109571 0.012360 -0.134291
v 0.109571 -0.000000 0.134291
v 0.109571 0.012360 0.134291
v 0.000000 3.382376 0.271859
v 0.000000 3.348942 0.233543
v 0.000000 3.382376 0.233543
v 0.000000 3.348942 0.271859
v 0.021568 2.697014 -0.055681
v 0.048637 2.577987 -0.039057
v 0.048637 2.697014 -0.039057
v 0.021568 2.577987 -0.055681
v 0.062233 2.577987 -0.019776
v 0.062233 2.697014 -0.019776
v 0.062233 2.697014 -0.019776
v 0.055558 2.577987 0.047772
v 0.055558 2.697014 0.047772
v 0.062233 2.577987 -0.019776
v 0.055558 2.697014 0.047772
v -0.055620 2.577987 0.047772
v -0.055620 2.697014 0.047772
v 0.055558 2.577987 0.047772
v -0.055620 2.697014 0.047772
v -0.062294 2.577987 -0.019776
v -0.062294 2.697014 -0.019776
v -0.055620 2.577987 0.047772
v -0.062294 2.697014 -0.019776
v -0.048698 2.577987 -0.039057
v -0.048698 2.697014 -0.039057
v -0.062294 2.577987 -0.019776
v -0.021630 2.577987 -0.055681
v -0.021630 2.697014 -0.055681
v 0.048637 2.697014 -0.039057
v -0.048698 2.697014 -0.039057
v 0.021568 2.697014 -0.055681
v -0.021630 2.697014 -0.055681
v 0.048637 2.577987 -0.039057
v -0.048698 2.577987 -0.039057
v 0.021568 2.577987 -0.055681
v -0.021630 2.577987 -0.055681
v 0.024473 2.694295 0.026513
v 0.006736 2.713823 0.264504
v 0.024473 2.783163 0.264504
v 0.006736 2.577802 0.026513
v 0.039799 2.713823 0.264504
v 0.039799 2.783163 0.264504
v 0.039799 2.713823 0.330198
v 0.039799 2.783163 0.330198
v -0.039861 2.783163 0.330198
v -0.039861 2.713823 0.264504
v -0.039861 2.783163 0.264504
v -0.039861 2.713823 0.330198
v -0.006798 2.713823 0.264504
v -0.024596 2.783163 0.264504
v -0.006798 2.577802 0.026513
v -0.024596 2.694295 0.026513
v -0.024596 2.783163 0.264504
v 0.024473 2.694295 0.026513
v 0.024473 2.783163 0.264504
v -0.024596 2.694295 0.026513
v -0.006798 2.713823 0.264504
v 0.006736 2.577802 0.026513
v -0.006798 2.577802 0.026513
v 0.006736 2.713823 0.264504
v 0.000000 3.440715 0.295096
v -0.027192 3.440715 0.295096
v -0.013596 3.440715 0.271550
v 0.013534 3.440715 0.271550
v 0.027130 3.440715 0.295096
v 0.013534 3.440715 0.318641
v -0.013596 3.440715 0.318641
v -0.013596 3.333121 0.271550
v -0.027192 3.333121 0.295096
v 0.013534 3.333121 0.271550
v 0.027130 3.333121 0.295096
v 0.013534 3.333121 0.318641
v -0.013596 3.333121 0.318641
v 0.000000 3.424832 0.289348
v 0.015326 3.418281 0.223778
v 0.015326 3.418529 0.289348
v 0.000000 3.424585 0.223099
v 0.021630 3.403079 0.225447
v 0.021630 3.403326 0.289348
v 0.015265 3.387876 0.227116
v 0.015265 3.388123 0.289348
v 0.000000 3.381572 0.227795
v 0.000000 3.381819 0.289348
v -0.015265 3.387876 0.227116
v -0.015265 3.388123 0.289348
v -0.021568 3.403079 0.225447
v -0.021568 3.403326 0.289348
v -0.015203 3.418281 0.223778
v -0.015203 3.418529 0.289348
v 0.015326 3.385651 0.106111
v 0.000000 3.424585 0.223099
v 0.000000 3.391769 0.104381
v 0.015326 3.418281 0.223778
v 0.021630 3.370943 0.110314
v 0.021630 3.403079 0.225447
v 0.015265 3.356235 0.114454
v 0.015265 3.387876 0.227116
v 0.000000 3.350178 0.116185
v 0.000000 3.381572 0.227795
v -0.015265 3.356235 0.114454
v -0.015265 3.387876 0.227116
v -0.021568 3.371005 0.110314
v -0.021568 3.403079 0.225447
v -0.015203 3.385713 0.106111
v -0.015203 3.418281 0.223778
v 0.015265 3.358707 0.051789
v 0.000000 3.363774 0.048019
v 0.021630 3.346532 0.061059
v 0.015265 3.334296 0.070267
v 0.000000 3.329289 0.074037
v -0.015265 3.334296 0.070267
v -0.021568 3.346532 0.061059
v -0.015265 3.358707 0.051789
v 0.015265 3.304199 0.002102
v 0.000000 3.307536 -0.003213
v 0.021568 3.296165 0.015142
v 0.015265 3.288131 0.028120
v 0.000000 3.284794 0.033496
v -0.015265 3.288131 0.028120
v -0.021630 3.296165 0.015142
v -0.015265 3.304260 0.002102
v 0.015265 3.244562 -0.011989
v 0.000000 3.245736 -0.018169
v 0.021568 3.241719 0.003029
v 0.015265 3.238938 0.018046
v 0.000000 3.237764 0.024288
v -0.015265 3.238938 0.018046
v -0.021630 3.241781 0.003029
v -0.015265 3.244562 -0.011989
v 0.015203 3.090741 -0.011989
v 0.000000 3.090741 -0.018169
v 0.021568 3.090741 0.003029
v 0.015203 3.090741 0.018046
v 0.000000 3.090741 0.024288
v -0.015326 3.090741 0.018046
v -0.021630 3.090741 0.003029
v -0.015326 3.090741 -0.011989
v 0.000000 3.096860 0.000000
v -0.051047 3.096860 0.000000
v -0.036091 3.096860 -0.036153
v 0.000000 3.096860 -0.051108
v 0.036029 3.096860 -0.036153
v 0.050985 3.096860 0.000000
v 0.036029 3.096860 0.035968
v 0.000000 3.096860 0.050924
v -0.036091 3.096860 0.035968
v -0.030591 3.007435 -0.030652
v -0.051047 3.096860 0.000000
v -0.043260 3.007435 0.000000
v -0.036091 3.096860 -0.036153
v 0.000000 3.007435 -0.043321
v 0.000000 3.096860 -0.051108
v 0.030529 3.007435 -0.030652
v 0.036029 3.096860 -0.036153
v 0.043198 3.007435 0.000000
v 0.050985 3.096860 0.000000
v 0.030529 3.007435 0.030468
v 0.036029 3.096860 0.035968
v 0.000000 3.007435 0.043137
v 0.000000 3.096860 0.050924
v -0.030591 3.007435 0.030468
v -0.036091 3.096860 0.035968
v -0.030591 0.247200 -0.030653
v -0.043260 3.007435 0.000000
v -0.043260 0.247200 0.000000
v -0.030591 3.007435 -0.030652
v 0.000000 0.247200 -0.043322
v 0.000000 3.007435 -0.043321
v 0.030529 0.247200 -0.030653
v 0.030529 3.007435 -0.030652
v 0.043198 0.247200 0.000000
v 0.043198 3.007435 0.000000
v 0.030529 0.247200 0.030467
v 0.030529 3.007435 0.030468
v 0.000000 0.247200 0.043136
v 0.000000 3.007435 0.043137
v -0.030591 0.247200 0.030467
v -0.030591 3.007435 0.030468
vn -0.9703 -0.2419 -0.0000
vn 0.9703 -0.2419 -0.0000
vn -0.0000 1.0000 -0.0000
vn -0.0000 -0.0000 -1.0000
vn -0.0000 -0.9407 -0.3392
vn -0.0000 -0.9407 0.3392
vn -0.0000 -0.0000 1.0000
vn -1.0000 -0.0000 -0.0000
vn 1.0000 -0.0000 -0.0000
vn -0.0000 -1.0000 -0.0000
vn -0.8489 -0.0000 0.5285
vn -0.8489 -0.0000 -0.5285
vn -0.2376 -0.0000 0.9714
vn 0.2376 -0.0000 0.9714
vn 0.8489 -0.0000 -0.5285
vn 0.8489 -0.0000 0.5285
vn -0.0000 0.8918 0.4524
vn -0.0000 0.9969 0.0791
vn -0.0000 0.9280 -0.3727
vn -0.0000 -0.8918 -0.4524
vn -0.0000 -0.9280 -0.3727
vn -0.5814 0.8136 -0.0000
vn 0.5814 0.8136 -0.0000
vn -0.0000 -0.3513 -0.9363
vn -0.0000 -0.3513 0.9363
vn 0.5233 -0.0000 -0.8521
vn 0.8173 -0.0000 -0.5763
vn 0.9952 -0.0000 0.0983
vn -0.9952 -0.0000 0.0983
vn -0.8173 -0.0000 -0.5763
vn -0.5233 -0.0000 -0.8521
vn 0.9647 -0.2468 0.0921
vn 0.9850 -0.1500 0.0857
vn -0.9870 -0.1508 0.0563
vn -0.9590 -0.2462 0.1407
vn -0.0000 0.9368 -0.3498
vn -0.0000 -0.8682 0.4962
vn -0.8660 -0.0000 -0.5001
vn 0.8660 -0.0000 -0.5001
vn 0.8660 -0.0000 0.5000
vn -0.8660 -0.0000 0.5000
vn 0.3804 0.9248 -0.0035
vn 0.3805 0.9248 -0.0035
vn 0.9237 0.3830 -0.0015
vn 0.9238 0.3829 -0.0014
vn 0.9224 -0.3862 0.0015
vn 0.9225 -0.3861 0.0015
vn 0.3817 -0.9243 0.0037
vn 0.3818 -0.9242 0.0037
vn -0.3817 -0.9243 0.0037
vn -0.3818 -0.9242 0.0037
vn -0.9237 -0.3830 0.0015
vn -0.9238 -0.3829 0.0015
vn -0.9224 0.3862 -0.0015
vn -0.9225 0.3861 -0.0015
vn -0.3830 0.9237 -0.0034
vn -0.3832 0.9237 -0.0035
vn 0.3831 0.8903 -0.2461
vn 0.3779 0.8922 -0.2474
vn 0.9246 0.3672 -0.1018
vn 0.9227 0.3712 -0.1036
vn 0.9231 -0.3704 0.1034
vn 0.9214 -0.3742 0.1051
vn 0.3814 -0.8900 0.2499
vn 0.3790 -0.8908 0.2506
vn -0.3815 -0.8898 0.2503
vn -0.3790 -0.8909 0.2502
vn -0.9250 -0.3659 0.1028
vn -0.9227 -0.3713 0.1034
vn -0.9232 0.3701 -0.1031
vn -0.9214 0.3744 -0.1036
vn -0.3827 0.8904 -0.2464
vn -0.3805 0.8913 -0.2464
vn 0.3771 0.8295 -0.4120
vn 0.3776 0.8294 -0.4118
vn 0.9208 0.3489 -0.1741
vn 0.9223 0.3462 -0.1716
vn 0.9210 -0.3490 0.1730
vn 0.9207 -0.3496 0.1736
vn 0.3743 -0.8306 0.4124
vn 0.3761 -0.8302 0.4115
vn -0.3742 -0.8309 0.4118
vn -0.3760 -0.8299 0.4121
vn -0.9224 -0.3459 0.1718
vn -0.9225 -0.3456 0.1717
vn -0.9222 0.3464 -0.1721
vn -0.9210 0.3493 -0.1726
vn -0.3771 0.8295 -0.4120
vn -0.3773 0.8294 -0.4120
vn 0.3751 0.6243 -0.6853
vn 0.3763 0.6242 -0.6847
vn 0.9224 0.2603 -0.2855
vn 0.9210 0.2619 -0.2885
vn 0.9219 -0.2617 0.2858
vn 0.9210 -0.2626 0.2877
vn 0.3774 -0.6244 0.6839
vn 0.3741 -0.6246 0.6855
vn -0.3775 -0.6237 0.6845
vn -0.3742 -0.6253 0.6849
vn -0.9206 -0.2634 0.2885
vn -0.9223 -0.2598 0.2862
vn -0.9213 0.2625 -0.2867
vn -0.9224 0.2604 -0.2853
vn -0.3728 0.6255 -0.6854
vn -0.3763 0.6240 -0.6849
vn 0.3806 0.2175 -0.8988
vn 0.3626 0.2143 -0.9070
vn 0.9243 0.0877 -0.3714
vn 0.9168 0.0867 -0.3898
vn 0.9243 -0.0829 0.3726
vn 0.9153 -0.0808 0.3946
vn 0.3841 -0.1852 0.9045
vn 0.3615 -0.1792 0.9150
vn -0.3841 -0.1774 0.9061
vn -0.3625 -0.1870 0.9130
vn -0.9231 -0.0771 0.3767
vn -0.9148 -0.0878 0.3943
vn -0.9229 0.0837 -0.3757
vn -0.9162 0.0921 -0.3901
vn -0.3807 0.2124 -0.9000
vn -0.3624 0.2192 -0.9059
vn 0.3766 -0.0000 -0.9264
vn 0.3753 -0.0002 -0.9269
vn 0.9207 -0.0004 -0.3903
vn 0.9221 -0.0000 -0.3870
vn 0.9207 -0.0000 0.3903
vn 0.9221 -0.0004 0.3870
vn 0.3798 -0.0002 0.9251
vn 0.3785 -0.0000 0.9256
vn -0.3772 -0.0000 0.9261
vn -0.3785 0.0002 0.9256
vn -0.9221 0.0004 0.3870
vn -0.9207 -0.0000 0.3903
vn -0.9221 -0.0000 -0.3870
vn -0.9207 0.0004 -0.3902
vn -0.3740 0.0002 -0.9274
vn -0.3753 -0.0000 -0.9269
vn -0.9212 -0.0802 -0.3807
vn -0.9211 -0.0801 -0.3810
vn -0.3814 -0.0801 -0.9209
vn -0.3816 -0.0802 -0.9208
vn 0.3821 -0.0802 -0.9207
vn 0.3821 -0.0801 -0.9206
vn 0.9212 -0.0801 -0.3807
vn 0.9211 -0.0802 -0.3810
vn 0.9204 -0.0801 0.3827
vn 0.3821 -0.0801 0.9207
vn 0.3821 -0.0802 0.9206
vn -0.3814 -0.0802 0.9209
vn -0.3816 -0.0801 0.9209
vn -0.9204 -0.0801 0.3827
vn -0.9242 -0.0000 -0.3820
vn -0.3826 -0.0000 -0.9239
vn 0.3833 -0.0000 -0.9236
vn 0.9242 -0.0000 -0.3820
vn 0.9234 -0.0000 0.3840
vn 0.3833 -0.0000 0.9236
vn -0.3826 -0.0000 0.9239
vn -0.9234 -0.0000 0.3840
vt 0.820000 0.786000
vt 0.820000 0.583000
vt 0.843000 0.681000
vt 0.816000 0.782000
vt 0.839000 0.676000
vt 0.816000 0.579000
vt 0.805000 0.583000
vt 0.801000 0.579000
vt 0.801000 0.782000
vt 0.805000 0.786000
vt 0.686000 0.771000
vt 0.686000 0.218000
vt 0.946000 0.782000
vt 0.986000 0.276000
vt 0.986000 0.782000
vt 0.946000 0.276000
vt 0.725000 0.771000
vt 0.725000 0.218000
vt 0.507000 0.340000
vt 0.489000 0.330000
vt 0.491000 0.324000
vt 0.505000 0.346000
vt 0.472000 0.346000
vt 0.474000 0.340000
vt 0.469000 0.311000
vt 0.469000 0.390000
vt 0.472000 0.366000
vt 0.474000 0.360000
vt 0.489000 0.382000
vt 0.491000 0.376000
vt 0.505000 0.366000
vt 0.507000 0.360000
vt 0.418000 0.378000
vt 0.425000 0.311000
vt 0.418000 0.323000
vt 0.425000 0.390000
vt 0.822000 0.207000
vt 0.822000 0.012000
vt 0.640000 0.012000
vt 0.640000 0.207000
vt 0.011000 0.236000
vt 0.205000 0.232000
vt 0.203000 0.123000
vt 0.011000 0.125000
vt 0.134000 0.259000
vt 0.086000 0.249000
vt 0.086000 0.259000
vt 0.134000 0.249000
vt 0.810000 0.991000
vt 0.912000 0.979000
vt 0.904000 0.991000
vt 0.801000 0.979000
vt 0.086000 0.256000
vt 0.134000 0.257000
vt 0.644000 0.092000
vt 0.635000 0.057000
vt 0.635000 0.092000
vt 0.644000 0.057000
vt 0.823000 0.057000
vt 0.823000 0.092000
vt 0.814000 0.057000
vt 0.814000 0.092000
vt 0.082000 0.088000
vt 0.130000 0.088000
vt 0.912000 0.852000
vt 0.801000 0.852000
vt 0.927000 0.960000
vt 0.801000 0.791000
vt 0.801000 0.960000
vt 0.927000 0.791000
vt 0.507000 0.305000
vt 0.417000 0.210000
vt 0.507000 0.210000
vt 0.417000 0.305000
vt 0.592000 0.043000
vt 0.443000 0.043000
vt 0.443000 0.162000
vt 0.592000 0.162000
vt 0.621000 0.003000
vt 0.420000 0.003000
vt 0.420000 0.205000
vt 0.621000 0.205000
vt 0.201000 0.029000
vt 0.231000 0.007000
vt 0.231000 0.029000
vt 0.201000 0.007000
vt 0.035000 0.064000
vt 0.022000 0.016000
vt 0.022000 0.061000
vt 0.035000 0.019000
vt 0.008000 0.012000
vt 0.008000 0.057000
vt 0.917000 0.457000
vt 0.849000 0.475000
vt 0.908000 0.492000
vt 0.857000 0.442000
vt 0.911000 0.473000
vt 0.836000 0.473000
vt 0.902000 0.496000
vt 0.845000 0.449000
vt 0.075000 0.057000
vt 0.062000 0.016000
vt 0.062000 0.061000
vt 0.075000 0.012000
vt 0.048000 0.019000
vt 0.048000 0.064000
vt 0.918000 0.452000
vt 0.920000 0.447000
vt 0.859000 0.436000
vt 0.860000 0.431000
vt 0.907000 0.487000
vt 0.864000 0.670000
vt 0.908000 0.680000
vt 0.842000 0.468000
vt 0.858000 0.698000
vt 0.903000 0.708000
vt 0.908000 0.669000
vt 0.890000 0.516000
vt 0.892000 0.669000
vt 0.906000 0.516000
vt 0.860000 0.663000
vt 0.844000 0.499000
vt 0.838000 0.499000
vt 0.867000 0.662000
vt 0.188000 0.050000
vt 0.197000 0.050000
vt 0.179000 0.050000
vt 0.197000 0.008000
vt 0.188000 0.008000
vt 0.179000 0.008000
vt 0.190000 0.043000
vt 0.233000 0.040000
vt 0.190000 0.040000
vt 0.234000 0.042000
vt 0.233000 0.036000
vt 0.190000 0.036000
vt 0.233000 0.032000
vt 0.190000 0.032000
vt 0.233000 0.029000
vt 0.190000 0.029000
vt 0.888000 0.270000
vt 0.875000 0.428000
vt 0.875000 0.270000
vt 0.888000 0.428000
vt 0.901000 0.270000
vt 0.901000 0.428000
vt 0.915000 0.270000
vt 0.915000 0.428000
vt 0.928000 0.270000
vt 0.928000 0.428000
vt 0.888000 0.218000
vt 0.875000 0.218000
vt 0.901000 0.218000
vt 0.915000 0.218000
vt 0.928000 0.218000
vt 0.888000 0.165000
vt 0.875000 0.165000
vt 0.901000 0.165000
vt 0.915000 0.165000
vt 0.928000 0.165000
vt 0.888000 0.112000
vt 0.875000 0.112000
vt 0.901000 0.112000
vt 0.915000 0.112000
vt 0.928000 0.112000
vt 0.888000 0.007000
vt 0.875000 0.007000
vt 0.901000 0.007000
vt 0.915000 0.007000
vt 0.928000 0.007000
vt 0.103000 0.044000
vt 0.102000 0.055000
vt 0.093000 0.052000
vt 0.091000 0.043000
vt 0.095000 0.036000
vt 0.102000 0.033000
vt 0.110000 0.037000
vt 0.112000 0.044000
vt 0.109000 0.052000
vt 0.103000 0.009000
vt 0.126000 0.060000
vt 0.126000 0.010000
vt 0.099000 0.059000
vt 0.094000 0.007000
vt 0.088000 0.057000
vt 0.149000 0.009000
vt 0.154000 0.059000
vt 0.159000 0.007000
vt 0.165000 0.057000
vt 0.946000 0.006000
vt 0.965000 0.996000
vt 0.965000 0.006000
vt 0.946000 0.996000
vt 0.938000 0.006000
vt 0.938000 0.996000
vt 0.985000 0.006000
vt 0.985000 0.996000
vt 0.993000 0.006000
vt 0.993000 0.996000
s 0
usemtl AZD_Nav
f 1/1/1 3/3/1 2/2/1
f 4/4/2 6/6/2 5/5/2
f 1/1/3 2/2/3 4/4/3
f 2/2/3 6/6/3 4/4/3
f 9/7/4 10/8/4 6/6/4
f 7/9/4 4/4/4 1/1/4
f 1/1/4 8/10/4 7/9/4
f 1/1/5 4/4/5 3/3/5
f 5/5/6 6/6/6 2/2/6
f 9/7/7 2/2/7 6/6/7
f 11/1/1 13/3/1 12/2/1
f 14/4/2 16/6/2 15/5/2
f 17/9/7 18/10/7 11/1/7
f 11/1/7 14/4/7 17/9/7
f 14/4/3 11/1/3 12/2/3
f 12/2/3 16/6/3 14/4/3
f 16/6/4 12/2/4 19/7/4
f 13/3/5 11/1/5 14/4/5
f 15/5/6 16/6/6 12/2/6
f 16/6/7 20/8/7 19/7/7
f 21/1/1 23/3/1 22/2/1
f 24/4/2 26/6/2 25/5/2
f 21/1/7 24/4/7 27/9/7
f 24/4/3 21/1/3 22/2/3
f 22/2/3 26/6/3 24/4/3
f 26/6/4 22/2/4 29/7/4
f 29/7/4 30/8/4 26/6/4
f 21/1/4 28/10/4 27/9/4
f 23/3/5 21/1/5 24/4/5
f 25/5/6 26/6/6 22/2/6
f 31/1/1 33/3/1 32/2/1
f 34/4/2 36/6/2 35/5/2
f 31/1/7 34/4/7 37/9/7
f 34/4/3 31/1/3 32/2/3
f 32/2/3 36/6/3 34/4/3
f 36/6/4 32/2/4 39/7/4
f 39/7/4 40/8/4 36/6/4
f 31/1/4 38/10/4 37/9/4
f 33/3/5 31/1/5 34/4/5
f 35/5/6 36/6/6 32/2/6
f 41/11/8 43/11/8 42/12/8
f 42/12/8 44/12/8 41/11/8
f 45/13/4 47/15/4 46/14/4
f 46/14/4 48/16/4 45/13/4
f 49/17/9 51/17/9 50/18/9
f 50/18/9 52/18/9 49/17/9
f 51/17/7 41/11/7 44/12/7
f 44/12/7 50/18/7 51/17/7
f 49/17/3 43/11/3 41/11/3
f 41/11/3 51/17/3 49/17/3
f 52/18/10 50/18/10 44/12/10
f 44/12/10 42/12/10 52/18/10
f 53/19/11 55/21/11 54/20/11
f 54/20/11 56/22/11 53/19/11
f 55/21/12 58/24/12 57/23/12
f 57/23/12 54/20/12 55/21/12
f 59/25/13 57/23/13 58/24/13
f 60/26/14 62/28/14 61/27/14
f 62/28/15 64/30/15 63/29/15
f 63/29/15 61/27/15 62/28/15
f 64/30/16 66/32/16 65/31/16
f 65/31/16 63/29/16 64/30/16
f 66/32/7 53/19/7 56/22/7
f 56/22/7 65/31/7 66/32/7
f 67/33/17 69/35/17 68/34/17
f 70/36/18 68/34/18 59/25/18
f 59/25/18 60/26/18 70/36/18
f 60/26/19 59/25/19 58/24/19
f 58/24/19 62/28/19 60/26/19
f 62/28/3 58/24/3 55/21/3
f 55/21/3 64/30/3 62/28/3
f 64/30/3 55/21/3 53/19/3
f 53/19/3 66/32/3 64/30/3
f 67/33/20 70/36/20 68/34/20
f 60/26/21 61/27/21 57/23/21
f 57/23/21 59/25/21 60/26/21
f 61/27/10 63/29/10 54/20/10
f 54/20/10 57/23/10 61/27/10
f 63/29/10 65/31/10 56/22/10
f 56/22/10 54/20/10 63/29/10
f 71/1/1 73/3/1 72/2/1
f 74/4/2 76/6/2 75/5/2
f 74/4/3 71/1/3 72/2/3
f 72/2/3 76/6/3 74/4/3
f 76/6/4 72/2/4 79/7/4
f 79/7/4 80/8/4 76/6/4
f 77/9/4 74/4/4 71/1/4
f 71/1/4 78/10/4 77/9/4
f 73/3/5 71/1/5 74/4/5
f 75/5/6 76/6/6 72/2/6
f 81/1/1 83/3/1 82/2/1
f 84/4/2 86/6/2 85/5/2
f 81/1/7 84/4/7 87/9/7
f 84/4/3 81/1/3 82/2/3
f 82/2/3 86/6/3 84/4/3
f 86/6/4 82/2/4 89/7/4
f 89/7/4 90/8/4 86/6/4
f 81/1/4 88/10/4 87/9/4
f 83/3/5 81/1/5 84/4/5
f 85/5/6 86/6/6 82/2/6
f 91/1/1 93/3/1 92/2/1
f 94/4/2 96/6/2 95/5/2
f 91/1/7 94/4/7 97/9/7
f 94/4/3 91/1/3 92/2/3
f 92/2/3 96/6/3 94/4/3
f 96/6/4 92/2/4 99/7/4
f 99/7/4 100/8/4 96/6/4
f 91/1/4 98/10/4 97/9/4
f 93/3/5 91/1/5 94/4/5
f 95/5/6 96/6/6 92/2/6
f 101/1/1 103/3/1 102/2/1
f 104/4/2 106/6/2 105/5/2
f 107/9/7 108/10/7 101/1/7
f 101/1/7 104/4/7 107/9/7
f 104/4/3 101/1/3 102/2/3
f 102/2/3 106/6/3 104/4/3
f 106/6/4 102/2/4 109/7/4
f 109/7/4 110/8/4 106/6/4
f 103/3/5 101/1/5 104/4/5
f 105/5/6 106/6/6 102/2/6
f 111/1/1 113/3/1 112/2/1
f 114/4/2 116/6/2 115/5/2
f 114/4/3 111/1/3 112/2/3
f 112/2/3 116/6/3 114/4/3
f 116/6/4 112/2/4 119/7/4
f 117/9/4 114/4/4 111/1/4
f 111/1/4 118/10/4 117/9/4
f 113/3/5 111/1/5 114/4/5
f 115/5/6 116/6/6 112/2/6
f 116/6/7 120/8/7 119/7/7
f 121/1/1 123/3/1 122/2/1
f 124/4/2 126/6/2 125/5/2
f 121/1/7 124/4/7 127/9/7
f 124/4/3 121/1/3 122/2/3
f 122/2/3 126/6/3 124/4/3
f 126/6/4 122/2/4 129/7/4
f 129/7/4 130/8/4 126/6/4
f 121/1/4 128/10/4 127/9/4
f 123/3/5 121/1/5 124/4/5
f 125/5/6 126/6/6 122/2/6
f 131/1/1 133/3/1 132/2/1
f 134/4/2 136/6/2 135/5/2
f 131/1/7 134/4/7 137/9/7
f 134/4/3 131/1/3 132/2/3
f 132/2/3 136/6/3 134/4/3
f 136/6/4 132/2/4 139/7/4
f 139/7/4 140/8/4 136/6/4
f 131/1/4 138/10/4 137/9/4
f 133/3/5 131/1/5 134/4/5
f 135/5/6 136/6/6 132/2/6
f 141/1/1 143/3/1 142/2/1
f 144/4/2 146/6/2 145/5/2
f 147/9/7 148/10/7 141/1/7
f 141/1/7 144/4/7 147/9/7
f 144/4/3 141/1/3 142/2/3
f 142/2/3 146/6/3 144/4/3
f 146/6/4 142/2/4 149/7/4
f 143/3/5 141/1/5 144/4/5
f 145/5/6 146/6/6 142/2/6
f 146/6/7 150/8/7 149/7/7
f 151/1/1 153/3/1 152/2/1
f 154/4/2 156/6/2 155/5/2
f 151/1/7 154/4/7 157/9/7
f 154/4/3 151/1/3 152/2/3
f 152/2/3 156/6/3 154/4/3
f 156/6/4 152/2/4 159/7/4
f 151/1/4 158/10/4 157/9/4
f 153/3/5 151/1/5 154/4/5
f 155/5/6 156/6/6 152/2/6
f 156/6/7 160/8/7 159/7/7
f 161/37/3 163/39/3 162/38/3
f 161/37/3 164/40/3 163/39/3
f 165/39/3 161/37/3 166/38/3
f 165/39/3 164/40/3 161/37/3
f 167/41/8 169/43/8 168/42/8
f 167/41/8 170/44/8 169/43/8
f 171/44/9 173/42/9 172/43/9
f 171/44/9 174/41/9 173/42/9
f 175/45/22 177/47/22 176/46/22
f 176/46/22 178/48/22 175/45/22
f 179/49/4 181/51/4 180/50/4
f 180/50/4 182/52/4 179/49/4
f 183/53/23 185/54/23 184/48/23
f 184/48/23 186/46/23 183/53/23
f 187/51/7 189/49/7 188/52/7
f 188/52/7 190/50/7 187/51/7
f 191/55/8 193/57/8 192/56/8
f 192/56/8 194/58/8 191/55/8
f 193/57/24 196/60/24 195/59/24
f 195/59/24 192/56/24 193/57/24
f 196/60/9 198/62/9 197/61/9
f 197/61/9 195/59/9 196/60/9
f 198/62/25 191/55/25 194/58/25
f 194/58/25 197/61/25 198/62/25
f 178/48/8 176/46/8 199/63/8
f 199/63/8 200/64/8 178/48/8
f 182/52/4 180/50/4 201/65/4
f 201/65/4 202/66/4 182/52/4
f 186/46/9 184/48/9 203/64/9
f 203/64/9 204/63/9 186/46/9
f 190/50/7 188/52/7 205/66/7
f 205/66/7 206/65/7 190/50/7
f 183/53/3 177/47/3 175/45/3
f 175/45/3 185/54/3 183/53/3
f 207/67/4 209/69/4 208/68/4
f 208/68/4 210/70/4 207/67/4
f 211/67/7 213/69/7 212/68/7
f 212/68/7 214/70/7 211/67/7
f 215/71/10 217/73/10 216/72/10
f 216/72/10 218/74/10 215/71/10
f 219/75/8 221/76/8 220/76/8
f 220/76/8 222/75/8 219/75/8
f 221/76/4 224/77/4 223/77/4
f 223/77/4 220/76/4 221/76/4
f 224/77/9 226/78/9 225/78/9
f 225/78/9 223/77/9 224/77/9
f 226/78/7 219/75/7 222/75/7
f 222/75/7 225/78/7 226/78/7
f 224/77/3 221/76/3 219/75/3
f 219/75/3 226/78/3 224/77/3
f 227/79/8 229/80/8 228/80/8
f 228/80/8 230/79/8 227/79/8
f 229/80/4 232/81/4 231/81/4
f 231/81/4 228/80/4 229/80/4
f 232/81/9 234/82/9 233/82/9
f 233/82/9 231/81/9 232/81/9
f 234/82/7 227/79/7 230/79/7
f 230/79/7 233/82/7 234/82/7
f 232/81/3 229/80/3 227/79/3
f 227/79/3 234/82/3 232/81/3
f 235/83/8 237/85/8 236/84/8
f 236/84/8 238/86/8 235/83/8
f 237/85/9 235/83/9 238/86/9
f 238/86/9 236/84/9 237/85/9
f 239/87/26 241/89/26 240/88/26
f 240/88/26 242/90/26 239/87/26
f 241/89/27 244/92/27 243/91/27
f 243/91/27 240/88/27 241/89/27
f 245/93/28 247/95/28 246/94/28
f 246/94/28 248/96/28 245/93/28
f 249/97/7 251/99/7 250/98/7
f 250/98/7 252/100/7 249/97/7
f 253/95/29 255/93/29 254/96/29
f 254/96/29 256/94/29 253/95/29
f 257/101/30 259/103/30 258/102/30
f 258/102/30 260/104/30 257/101/30
f 259/103/31 262/106/31 261/105/31
f 261/105/31 258/102/31 259/103/31
f 262/106/4 239/87/4 242/90/4
f 242/90/4 261/105/4 262/106/4
f 253/95/3 247/95/3 245/93/3
f 245/93/3 255/93/3 253/95/3
f 255/93/3 245/93/3 263/107/3
f 263/107/3 264/107/3 255/93/3
f 264/107/3 263/107/3 265/108/3
f 265/108/3 266/108/3 264/107/3
f 256/94/10 254/96/10 248/96/10
f 248/96/10 246/94/10 256/94/10
f 254/96/10 268/109/10 267/109/10
f 267/109/10 248/96/10 254/96/10
f 268/109/10 270/110/10 269/110/10
f 269/110/10 267/109/10 268/109/10
f 271/111/32 273/113/32 272/112/32
f 272/112/33 274/114/33 271/111/33
f 273/113/4 276/113/4 275/112/4
f 275/112/4 272/112/4 273/113/4
f 276/113/9 278/116/9 277/115/9
f 277/115/9 275/112/9 276/113/9
f 279/116/8 281/113/8 280/112/8
f 280/112/8 282/115/8 279/116/8
f 281/113/4 284/113/4 283/112/4
f 283/112/4 280/112/4 281/113/4
f 284/113/34 286/111/34 285/114/34
f 285/114/35 283/112/35 284/113/35
f 287/117/36 289/119/36 288/118/36
f 288/118/36 290/120/36 287/117/36
f 282/115/10 280/112/10 275/112/10
f 275/112/10 277/115/10 282/115/10
f 291/121/37 293/123/37 292/122/37
f 292/122/37 294/124/37 291/121/37
f 295/125/3 297/126/3 296/125/3
f 295/125/3 298/126/3 297/126/3
f 295/125/3 299/125/3 298/126/3
f 295/125/3 300/127/3 299/125/3
f 295/125/3 301/127/3 300/127/3
f 295/125/3 296/125/3 301/127/3
f 302/128/38 303/129/38 296/125/38
f 302/128/38 296/125/38 297/126/38
f 304/128/4 302/128/4 297/126/4
f 304/128/4 297/126/4 298/126/4
f 305/129/39 304/128/39 298/126/39
f 305/129/39 298/126/39 299/125/39
f 306/130/40 305/129/40 299/125/40
f 306/130/40 299/125/40 300/127/40
f 303/129/41 307/130/41 301/127/41
f 303/129/41 301/127/41 296/125/41
f 308/131/42 310/133/42 309/132/42
f 309/132/43 311/134/43 308/131/43
f 310/133/44 313/136/44 312/135/44
f 312/135/45 309/132/45 310/133/45
f 313/136/46 315/138/46 314/137/46
f 314/137/47 312/135/47 313/136/47
f 315/138/48 317/140/48 316/139/48
f 316/139/49 314/137/49 315/138/49
f 317/140/50 319/138/50 318/137/50
f 318/137/51 316/139/51 317/140/51
f 319/138/52 321/136/52 320/135/52
f 320/135/53 318/137/53 319/138/53
f 321/136/54 323/133/54 322/132/54
f 322/132/55 320/135/55 321/136/55
f 323/133/56 308/131/56 311/134/56
f 311/134/57 322/132/57 323/133/57
f 324/141/58 326/143/58 325/142/58
f 324/141/59 325/142/59 327/144/59
f 328/145/60 324/141/60 327/144/60
f 328/145/61 327/144/61 329/146/61
f 330/147/62 328/145/62 329/146/62
f 330/147/63 329/146/63 331/148/63
f 332/149/64 330/147/64 331/148/64
f 332/149/65 331/148/65 333/150/65
f 334/147/66 332/149/66 333/150/66
f 334/147/67 333/150/67 335/148/67
f 336/145/68 334/147/68 335/148/68
f 336/145/69 335/148/69 337/146/69
f 338/141/70 336/145/70 337/146/70
f 338/141/71 337/146/71 339/144/71
f 326/143/72 338/141/72 339/144/72
f 326/143/73 339/144/73 325/142/73
f 340/151/74 341/152/74 326/143/74
f 340/151/75 326/143/75 324/141/75
f 342/153/76 340/151/76 324/141/76
f 342/153/77 324/141/77 328/145/77
f 343/154/78 342/153/78 328/145/78
f 343/154/79 328/145/79 330/147/79
f 344/155/80 343/154/80 330/147/80
f 344/155/81 330/147/81 332/149/81
f 345/154/82 344/155/82 332/149/82
f 345/154/83 332/149/83 334/147/83
f 346/153/84 345/154/84 334/147/84
f 346/153/85 334/147/85 336/145/85
f 347/151/86 346/153/86 336/145/86
f 347/151/87 336/145/87 338/141/87
f 341/152/88 347/151/88 338/141/88
f 341/152/89 338/141/89 326/143/89
f 348/156/90 349/157/90 341/152/90
f 348/156/91 341/152/91 340/151/91
f 350/158/92 348/156/92 340/151/92
f 350/158/93 340/151/93 342/153/93
f 351/159/94 350/158/94 342/153/94
f 351/159/95 342/153/95 343/154/95
f 352/160/96 351/159/96 343/154/96
f 352/160/97 343/154/97 344/155/97
f 353/159/98 352/160/98 344/155/98
f 353/159/99 344/155/99 345/154/99
f 354/158/100 353/159/100 345/154/100
f 354/158/101 345/154/101 346/153/101
f 355/156/102 354/158/102 346/153/102
f 355/156/103 346/153/103 347/151/103
f 349/157/104 355/156/104 347/151/104
f 349/157/105 347/151/105 341/152/105
f 356/161/106 357/162/106 349/157/106
f 356/161/107 349/157/107 348/156/107
f 358/163/108 356/161/108 348/156/108
f 358/163/109 348/156/109 350/158/109
f 359/164/110 358/163/110 350/158/110
f 359/164/111 350/158/111 351/159/111
f 360/165/112 359/164/112 351/159/112
f 360/165/113 351/159/113 352/160/113
f 361/164/114 360/165/114 352/160/114
f 361/164/115 352/160/115 353/159/115
f 362/163/116 361/164/116 353/159/116
f 362/163/117 353/159/117 354/158/117
f 363/161/118 362/163/118 354/158/118
f 363/161/119 354/158/119 355/156/119
f 357/162/120 363/161/120 355/156/120
f 357/162/121 355/156/121 349/157/121
f 364/166/122 365/167/122 357/162/122
f 364/166/123 357/162/123 356/161/123
f 366/168/124 364/166/124 356/161/124
f 366/168/125 356/161/125 358/163/125
f 367/169/126 366/168/126 358/163/126
f 367/169/127 358/163/127 359/164/127
f 368/170/128 367/169/128 359/164/128
f 368/170/129 359/164/129 360/165/129
f 369/169/130 368/170/130 360/165/130
f 369/169/131 360/165/131 361/164/131
f 370/168/132 369/169/132 361/164/132
f 370/168/133 361/164/133 362/163/133
f 371/166/134 370/168/134 362/163/134
f 371/166/135 362/163/135 363/161/135
f 365/167/136 371/166/136 363/161/136
f 365/167/137 363/161/137 357/162/137
f 372/171/3 374/173/3 373/172/3
f 372/171/3 375/174/3 374/173/3
f 372/171/3 376/175/3 375/174/3
f 372/171/3 377/176/3 376/175/3
f 372/171/3 378/177/3 377/176/3
f 372/171/3 379/178/3 378/177/3
f 372/171/3 380/179/3 379/178/3
f 372/171/3 373/172/3 380/179/3
f 381/180/138 383/182/138 382/181/138
f 381/180/139 382/181/139 384/183/139
f 385/184/140 381/180/140 384/183/140
f 385/184/141 384/183/141 386/185/141
f 387/180/142 385/184/142 386/185/142
f 387/180/143 386/185/143 388/183/143
f 389/182/144 387/180/144 388/183/144
f 389/182/145 388/183/145 390/181/145
f 391/186/146 389/182/146 390/181/146
f 391/186/146 390/181/146 392/187/146
f 393/188/147 391/186/147 392/187/147
f 393/188/148 392/187/148 394/189/148
f 395/186/149 393/188/149 394/189/149
f 395/186/150 394/189/150 396/187/150
f 383/182/151 395/186/151 396/187/151
f 383/182/151 396/187/151 382/181/151
f 397/190/152 399/192/152 398/191/152
f 397/190/152 398/191/152 400/193/152
f 401/194/153 397/190/153 400/193/153
f 401/194/153 400/193/153 402/195/153
f 403/190/154 401/194/154 402/195/154
f 403/190/154 402/195/154 404/193/154
f 405/192/155 403/190/155 404/193/155
f 405/192/155 404/193/155 406/191/155
f 407/196/156 405/192/156 406/191/156
f 407/196/156 406/191/156 408/197/156
f 409/198/157 407/196/157 408/197/157
f 409/198/157 408/197/157 410/199/157
f 411/196/158 409/198/158 410/199/158
f 411/196/158 410/199/158 412/197/158
f 399/192/159 411/196/159 412/197/159
f 399/192/159 412/197/159 398/191/159
o stit_vloz_S
v 0.184288 2.781247 0.329456
v -0.184288 2.672170 0.329456
v -0.184288 2.781247 0.329394
v 0.184288 2.672170 0.329394
v -0.095110 2.629776 0.329456
v 0.095110 2.629776 0.329394
v -0.184288 2.781247 0.329394
v 0.184288 2.672170 0.329394
v 0.184288 2.781247 0.329456
v -0.184288 2.672170 0.329456
v 0.095110 2.629776 0.329394
v -0.095110 2.629776 0.329456
v -0.092700 2.781680 0.329456
v 0.092700 2.781680 0.209070
v -0.092700 2.781680 0.209070
v 0.092700 2.781680 0.329394
v 0.034979 2.958304 0.329456
v -0.000000 2.965288 0.642041
v 0.034979 2.958304 0.642041
v -0.000000 2.965288 0.329394
v 0.064705 2.938467 0.329456
v 0.064705 2.938467 0.642041
v 0.084542 2.908803 0.329456
v 0.084542 2.908803 0.642041
v 0.091464 2.873762 0.329394
v 0.091464 2.873762 0.642041
v 0.084542 2.838474 0.329456
v 0.084542 2.838474 0.392369
v 0.064705 2.809057 0.329456
v 0.064705 2.808934 0.377784
v 0.034979 2.789220 0.329456
v 0.034979 2.789034 0.368019
v -0.000000 2.782236 0.329456
v -0.000000 2.782236 0.364559
v -0.034979 2.789220 0.329456
v -0.034979 2.789034 0.368019
v -0.064705 2.809057 0.329456
v -0.064705 2.808934 0.377784
v -0.084542 2.838474 0.329456
v -0.084542 2.838474 0.392369
v -0.091464 2.873762 0.329394
v -0.091464 2.873762 0.642041
v -0.084542 2.908803 0.329456
v -0.084542 2.908803 0.642041
v -0.064705 2.938467 0.329456
v -0.064705 2.938467 0.642041
v -0.034979 2.958304 0.329456
v -0.034979 2.958304 0.642041
v 0.034979 3.143704 0.329456
v -0.000000 3.150688 0.642041
v 0.034979 3.143704 0.642041
v -0.000000 3.150688 0.329394
v 0.064705 3.123867 0.329456
v 0.064705 3.123867 0.642041
v 0.084542 3.094203 0.329456
v 0.084542 3.094203 0.642041
v 0.091464 3.059162 0.329394
v 0.091464 3.059162 0.642041
v 0.084542 3.023874 0.329456
v 0.084542 3.023874 0.392369
v 0.064705 2.994457 0.329456
v 0.064705 2.994334 0.377784
v 0.034979 2.974620 0.329456
v 0.034979 2.974434 0.368019
v -0.000000 2.967636 0.329456
v -0.000000 2.967636 0.364559
v -0.034979 2.974620 0.329456
v -0.034979 2.974434 0.368019
v -0.064705 2.994457 0.329456
v -0.064705 2.994334 0.377784
v -0.084542 3.023874 0.329456
v -0.084542 3.023874 0.392369
v -0.091464 3.059162 0.329394
v -0.091464 3.059162 0.642041
v -0.084542 3.094203 0.329456
v -0.084542 3.094203 0.642041
v -0.064705 3.123867 0.329456
v -0.064705 3.123867 0.642041
v -0.034979 3.143704 0.329456
v -0.034979 3.143704 0.642041
v 0.034979 3.329042 0.329456
v -0.000000 3.336026 0.642041
v 0.034979 3.329042 0.642041
v -0.000000 3.336026 0.329395
v 0.064705 3.309205 0.329456
v 0.064705 3.309205 0.642041
v 0.084542 3.279541 0.329456
v 0.084542 3.279541 0.642041
v 0.091464 3.244500 0.329394
v 0.091464 3.244500 0.642041
v 0.084542 3.209274 0.329456
v 0.084542 3.209274 0.392369
v 0.064705 3.179857 0.329456
v 0.064705 3.179734 0.377784
v 0.034979 3.160019 0.329456
v 0.034979 3.159834 0.368019
v -0.000000 3.153036 0.329456
v -0.000000 3.153036 0.364559
v -0.034979 3.160019 0.329456
v -0.034979 3.159834 0.368019
v -0.064705 3.179857 0.329456
v -0.064705 3.179734 0.377784
v -0.084542 3.209274 0.329456
v -0.084542 3.209274 0.392369
v -0.091464 3.244500 0.329394
v -0.091464 3.244500 0.642041
v -0.084542 3.279541 0.329456
v -0.084542 3.279541 0.642041
v -0.064705 3.309205 0.329456
v -0.064705 3.309205 0.642041
v -0.034979 3.329042 0.329456
v -0.034979 3.329042 0.642041
v 0.095110 3.489475 0.329271
v -0.184288 3.446648 0.329394
v -0.095110 3.489475 0.329580
v 0.184288 3.446648 0.329456
v -0.184288 2.781247 0.329394
v 0.184288 2.781247 0.329456
v -0.095110 3.489475 0.329580
v 0.184288 3.446648 0.329456
v 0.095110 3.489475 0.329271
v -0.184288 3.446648 0.329394
v 0.184288 2.781247 0.329456
v -0.184288 2.781247 0.329394
v 0.092700 3.337138 0.209070
v 0.092700 2.781680 0.329394
v 0.092700 3.337138 0.329395
v 0.092700 2.781680 0.209070
v -0.092700 3.337138 0.329456
v -0.092700 2.781680 0.209070
v -0.092700 3.337138 0.209070
v -0.092700 2.781680 0.329456
v -0.092700 3.337138 0.329456
v 0.092700 3.337138 0.329395
vn -0.0002 0.0006 1.0000
vn 0.0002 -0.0006 1.0000
vn 0.0002 0.0004 1.0000
vn 0.0003 -0.0007 1.0000
vn 0.0002 0.0006 -1.0000
vn -0.0002 -0.0006 -1.0000
vn -0.0002 0.0004 -1.0000
vn -0.0003 -0.0007 -1.0000
vn -0.0000 -1.0000 -0.0000
vn -0.1958 -0.9806 -0.0000
vn 0.1958 0.9806 -0.0000
vn -0.5551 -0.8318 -0.0000
vn 0.5551 0.8318 -0.0000
vn -0.8313 -0.5559 -0.0000
vn -0.8312 -0.5559 -0.0000
vn 0.8313 0.5559 -0.0000
vn 0.8312 0.5559 -0.0000
vn -0.9810 -0.1938 -0.0000
vn 0.9810 0.1938 -0.0000
vn -0.9813 0.1925 -0.0000
vn 0.9813 -0.1925 -0.0000
vn -0.8305 0.5570 0.0014
vn -0.8291 0.5591 -0.0000
vn 0.8291 -0.5591 -0.0014
vn 0.8302 -0.5575 -0.0000
vn -0.5572 0.8304 0.0040
vn -0.5551 0.8318 0.0021
vn 0.5551 -0.8318 -0.0040
vn 0.5568 -0.8307 -0.0021
vn -0.1908 0.9816 -0.0000
vn -0.1958 0.9806 0.0047
vn 0.1958 -0.9806 -0.0000
vn 0.1912 -0.9815 -0.0047
vn 0.1912 0.9815 0.0047
vn -0.1958 -0.9806 -0.0047
vn -0.1908 -0.9816 -0.0000
vn 0.5568 0.8307 0.0021
vn 0.5551 0.8318 0.0040
vn -0.5551 -0.8318 -0.0021
vn -0.5572 -0.8304 -0.0040
vn 0.8302 0.5575 -0.0000
vn 0.8291 0.5591 0.0014
vn -0.8291 -0.5591 -0.0000
vn -0.8305 -0.5570 -0.0014
vn 0.9813 0.1925 -0.0000
vn -0.9813 -0.1925 -0.0000
vn 0.9810 -0.1938 -0.0000
vn -0.9810 0.1938 -0.0000
vn 0.8312 -0.5559 -0.0000
vn 0.8313 -0.5559 -0.0000
vn -0.8312 0.5559 -0.0000
vn -0.8313 0.5559 -0.0000
vn 0.5551 -0.8318 -0.0000
vn -0.5551 0.8318 -0.0000
vn -0.1958 0.9806 -0.0000
vn -0.1958 -0.9807 -0.0000
vn -0.1958 0.9807 -0.0000
vn -0.9812 0.1928 -0.0000
vn 0.9812 -0.1928 -0.0000
vn 0.9812 0.1928 -0.0000
vn -0.9812 -0.1928 -0.0000
vn 0.0016 -0.0077 1.0000
vn -0.0002 0.0040 1.0000
vn -0.0002 -0.0000 1.0000
vn -0.0016 -0.0077 -1.0000
vn 0.0002 0.0040 -1.0000
vn 0.0002 -0.0000 -1.0000
vn 1.0000 -0.0000 -0.0000
vn -1.0000 -0.0000 -0.0000
vn -0.0000 -0.0000 -1.0000
vn -0.0000 1.0000 -0.0000
vt 0.412000 0.337000
vt 0.220000 0.279000
vt 0.220000 0.337000
vt 0.412000 0.279000
vt 0.263000 0.267000
vt 0.367000 0.267000
vt 0.212000 0.334000
vt 0.003000 0.279000
vt 0.003000 0.334000
vt 0.212000 0.279000
vt 0.052000 0.267000
vt 0.166000 0.267000
vt 0.533000 0.393000
vt 0.471000 0.440000
vt 0.533000 0.440000
vt 0.471000 0.393000
vt 0.411000 0.078000
vt 0.247000 0.081000
vt 0.247000 0.078000
vt 0.411000 0.081000
vt 0.411000 0.070000
vt 0.247000 0.070000
vt 0.411000 0.058000
vt 0.247000 0.058000
vt 0.411000 0.044000
vt 0.247000 0.044000
vt 0.411000 0.030000
vt 0.372000 0.030000
vt 0.411000 0.018000
vt 0.381000 0.018000
vt 0.411000 0.010000
vt 0.387000 0.010000
vt 0.411000 0.007000
vt 0.391000 0.007000
vt 0.367000 0.996000
vt 0.220000 0.984000
vt 0.263000 0.996000
vt 0.412000 0.984000
vt 0.220000 0.636000
vt 0.412000 0.636000
vt 0.166000 0.996000
vt 0.003000 0.984000
vt 0.052000 0.996000
vt 0.212000 0.984000
vt 0.003000 0.630000
vt 0.212000 0.630000
vt 0.471000 0.950000
vt 0.418000 0.695000
vt 0.418000 0.950000
vt 0.470000 0.695000
vt 0.590000 0.950000
vt 0.532000 0.695000
vt 0.533000 0.950000
vt 0.590000 0.695000
vt 0.533000 0.995000
vt 0.471000 0.995000
s 0
usemtl AZD_Nav_Stit
f 413/200/160 415/202/160 414/201/160
f 414/201/161 416/203/161 413/200/161
f 416/203/162 414/201/162 417/204/162
f 417/204/163 418/205/163 416/203/163
f 419/206/164 421/208/164 420/207/164
f 420/207/165 422/209/165 419/206/165
f 422/209/166 420/207/166 423/210/166
f 423/210/167 424/211/167 422/209/167
f 425/212/168 427/214/168 426/213/168
f 426/213/168 428/215/168 425/212/168
f 429/216/169 431/218/169 430/217/169
f 429/216/169 430/217/169 432/219/169
f 431/218/170 429/216/170 432/219/170
f 431/218/170 432/219/170 430/217/170
f 433/220/171 434/221/171 431/218/171
f 433/220/171 431/218/171 429/216/171
f 434/221/172 433/220/172 429/216/172
f 434/221/172 429/216/172 431/218/172
f 435/222/173 436/223/173 434/221/173
f 435/222/174 434/221/174 433/220/174
f 436/223/175 435/222/175 433/220/175
f 436/223/176 433/220/176 434/221/176
f 437/224/177 438/225/177 436/223/177
f 437/224/177 436/223/177 435/222/177
f 438/225/178 437/224/178 435/222/178
f 438/225/178 435/222/178 436/223/178
f 439/226/179 440/227/179 438/225/179
f 439/226/179 438/225/179 437/224/179
f 440/227/180 439/226/180 437/224/180
f 440/227/180 437/224/180 438/225/180
f 441/228/181 442/229/181 440/227/181
f 441/228/182 440/227/182 439/226/182
f 442/229/183 441/228/183 439/226/183
f 442/229/184 439/226/184 440/227/184
f 443/230/185 444/231/185 442/229/185
f 443/230/186 442/229/186 441/228/186
f 444/231/187 443/230/187 441/228/187
f 444/231/188 441/228/188 442/229/188
f 445/232/189 446/233/189 444/231/189
f 445/232/190 444/231/190 443/230/190
f 446/233/191 445/232/191 443/230/191
f 446/233/192 443/230/192 444/231/192
f 447/230/193 448/231/193 446/233/193
f 447/230/170 446/233/170 445/232/170
f 448/231/194 447/230/194 445/232/194
f 448/231/195 445/232/195 446/233/195
f 449/228/196 450/229/196 448/231/196
f 449/228/197 448/231/197 447/230/197
f 450/229/198 449/228/198 447/230/198
f 450/229/199 447/230/199 448/231/199
f 451/226/200 452/227/200 450/229/200
f 451/226/201 450/229/201 449/228/201
f 452/227/202 451/226/202 449/228/202
f 452/227/203 449/228/203 450/229/203
f 453/224/204 454/225/204 452/227/204
f 453/224/204 452/227/204 451/226/204
f 454/225/205 453/224/205 451/226/205
f 454/225/205 451/226/205 452/227/205
f 455/222/206 456/223/206 454/225/206
f 455/222/206 454/225/206 453/224/206
f 456/223/207 455/222/207 453/224/207
f 456/223/207 453/224/207 454/225/207
f 457/220/208 458/221/208 456/223/208
f 457/220/209 456/223/209 455/222/209
f 458/221/210 457/220/210 455/222/210
f 458/221/211 455/222/211 456/223/211
f 459/216/212 460/218/212 458/221/212
f 459/216/212 458/221/212 457/220/212
f 460/218/213 459/216/213 457/220/213
f 460/218/213 457/220/213 458/221/213
f 432/219/191 430/217/191 460/218/191
f 432/219/191 460/218/191 459/216/191
f 430/217/214 432/219/214 459/216/214
f 430/217/214 459/216/214 460/218/214
f 461/216/215 463/218/215 462/217/215
f 461/216/169 462/217/169 464/219/169
f 463/218/170 461/216/170 464/219/170
f 463/218/170 464/219/170 462/217/170
f 465/220/171 466/221/171 463/218/171
f 465/220/171 463/218/171 461/216/171
f 466/221/172 465/220/172 461/216/172
f 466/221/172 461/216/172 463/218/172
f 467/222/173 468/223/173 466/221/173
f 467/222/174 466/221/174 465/220/174
f 468/223/175 467/222/175 465/220/175
f 468/223/176 465/220/176 466/221/176
f 469/224/177 470/225/177 468/223/177
f 469/224/177 468/223/177 467/222/177
f 470/225/178 469/224/178 467/222/178
f 470/225/178 467/222/178 468/223/178
f 471/226/179 472/227/179 470/225/179
f 471/226/179 470/225/179 469/224/179
f 472/227/180 471/226/180 469/224/180
f 472/227/180 469/224/180 470/225/180
f 473/228/181 474/229/181 472/227/181
f 473/228/182 472/227/182 471/226/182
f 474/229/183 473/228/183 471/226/183
f 474/229/184 471/226/184 472/227/184
f 475/230/185 476/231/185 474/229/185
f 475/230/186 474/229/186 473/228/186
f 476/231/187 475/230/187 473/228/187
f 476/231/188 473/228/188 474/229/188
f 477/232/189 478/233/189 476/231/189
f 477/232/190 476/231/190 475/230/190
f 478/233/191 477/232/191 475/230/191
f 478/233/192 475/230/192 476/231/192
f 479/230/193 480/231/193 478/233/193
f 479/230/170 478/233/170 477/232/170
f 480/231/194 479/230/194 477/232/194
f 480/231/195 477/232/195 478/233/195
f 481/228/196 482/229/196 480/231/196
f 481/228/197 480/231/197 479/230/197
f 482/229/198 481/228/198 479/230/198
f 482/229/199 479/230/199 480/231/199
f 483/226/200 484/227/200 482/229/200
f 483/226/201 482/229/201 481/228/201
f 484/227/202 483/226/202 481/228/202
f 484/227/203 481/228/203 482/229/203
f 485/224/204 486/225/204 484/227/204
f 485/224/204 484/227/204 483/226/204
f 486/225/205 485/224/205 483/226/205
f 486/225/205 483/226/205 484/227/205
f 487/222/206 488/223/206 486/225/206
f 487/222/206 486/225/206 485/224/206
f 488/223/207 487/222/207 485/224/207
f 488/223/207 485/224/207 486/225/207
f 489/220/208 490/221/208 488/223/208
f 489/220/209 488/223/209 487/222/209
f 490/221/210 489/220/210 487/222/210
f 490/221/211 487/222/211 488/223/211
f 491/216/212 492/218/212 490/221/212
f 491/216/212 490/221/212 489/220/212
f 492/218/213 491/216/213 489/220/213
f 492/218/213 489/220/213 490/221/213
f 464/219/191 462/217/191 492/218/191
f 464/219/191 492/218/191 491/216/191
f 462/217/214 464/219/214 491/216/214
f 462/217/216 491/216/216 492/218/216
f 493/216/169 495/218/169 494/217/169
f 493/216/169 494/217/169 496/219/169
f 495/218/170 493/216/170 496/219/170
f 495/218/170 496/219/170 494/217/170
f 497/220/171 498/221/171 495/218/171
f 497/220/171 495/218/171 493/216/171
f 498/221/172 497/220/172 493/216/172
f 498/221/172 493/216/172 495/218/172
f 499/222/173 500/223/173 498/221/173
f 499/222/174 498/221/174 497/220/174
f 500/223/175 499/222/175 497/220/175
f 500/223/176 497/220/176 498/221/176
f 501/224/177 502/225/177 500/223/177
f 501/224/177 500/223/177 499/222/177
f 502/225/178 501/224/178 499/222/178
f 502/225/178 499/222/178 500/223/178
f 503/226/217 504/227/217 502/225/217
f 503/226/217 502/225/217 501/224/217
f 504/227/218 503/226/218 501/224/218
f 504/227/218 501/224/218 502/225/218
f 505/228/181 506/229/181 504/227/181
f 505/228/182 504/227/182 503/226/182
f 506/229/183 505/228/183 503/226/183
f 506/229/184 503/226/184 504/227/184
f 507/230/185 508/231/185 506/229/185
f 507/230/186 506/229/186 505/228/186
f 508/231/187 507/230/187 505/228/187
f 508/231/188 505/228/188 506/229/188
f 509/232/189 510/233/189 508/231/189
f 509/232/190 508/231/190 507/230/190
f 510/233/191 509/232/191 507/230/191
f 510/233/192 507/230/192 508/231/192
f 511/230/193 512/231/193 510/233/193
f 511/230/170 510/233/170 509/232/170
f 512/231/194 511/230/194 509/232/194
f 512/231/195 509/232/195 510/233/195
f 513/228/196 514/229/196 512/231/196
f 513/228/197 512/231/197 511/230/197
f 514/229/198 513/228/198 511/230/198
f 514/229/199 511/230/199 512/231/199
f 515/226/200 516/227/200 514/229/200
f 515/226/201 514/229/201 513/228/201
f 516/227/202 515/226/202 513/228/202
f 516/227/203 513/228/203 514/229/203
f 517/224/219 518/225/219 516/227/219
f 517/224/219 516/227/219 515/226/219
f 518/225/220 517/224/220 515/226/220
f 518/225/220 515/226/220 516/227/220
f 519/222/206 520/223/206 518/225/206
f 519/222/206 518/225/206 517/224/206
f 520/223/207 519/222/207 517/224/207
f 520/223/207 517/224/207 518/225/207
f 521/220/208 522/221/208 520/223/208
f 521/220/209 520/223/209 519/222/209
f 522/221/210 521/220/210 519/222/210
f 522/221/211 519/222/211 520/223/211
f 523/216/212 524/218/212 522/221/212
f 523/216/212 522/221/212 521/220/212
f 524/218/213 523/216/213 521/220/213
f 524/218/213 521/220/213 522/221/213
f 496/219/191 494/217/191 524/218/191
f 496/219/191 524/218/191 523/216/191
f 494/217/214 496/219/214 523/216/214
f 494/217/214 523/216/214 524/218/214
f 525/234/221 527/236/221 526/235/221
f 526/235/222 528/237/222 525/234/222
f 528/237/223 526/235/223 529/238/223
f 529/238/223 530/239/223 528/237/223
f 531/240/224 533/242/224 532/241/224
f 532/241/225 534/243/225 531/240/225
f 534/243/226 532/241/226 535/244/226
f 535/244/226 536/245/226 534/243/226
f 537/246/227 539/248/227 538/247/227
f 538/247/227 540/249/227 537/246/227
f 541/250/228 543/252/228 542/251/228
f 542/251/228 544/253/228 541/250/228
f 543/252/229 537/246/229 540/249/229
f 540/249/229 542/251/229 543/252/229
f 545/254/230 546/255/230 537/246/230
f 537/246/230 543/252/230 545/254/230
o modra_vloz_S
v 0.073281 2.841104 0.336243
v 0.078463 2.857053 0.336243
v 0.080216 2.873731 0.336243
v 0.053675 2.814119 0.336243
v 0.064896 2.826581 0.336243
v 0.078463 2.890409 0.336243
v 0.024788 2.797441 0.336243
v 0.040108 2.804262 0.336243
v 0.064896 2.920881 0.336243
v 0.073281 2.906358 0.336243
v 0.040108 2.943201 0.336243
v 0.053675 2.933343 0.336243
v -0.008385 2.793954 0.336243
v 0.008385 2.793954 0.336243
v 0.008385 2.953508 0.336243
v -0.040108 2.804262 0.336243
v -0.024788 2.797441 0.336243
v 0.024788 2.950022 0.336243
v -0.024788 2.950022 0.336243
v -0.008385 2.953508 0.336243
v -0.053675 2.933343 0.336243
v -0.040108 2.943201 0.336243
v -0.073281 2.906358 0.336243
v -0.064896 2.920881 0.336243
v -0.064896 2.826581 0.336243
v -0.053675 2.814119 0.336243
v -0.080216 2.873731 0.336243
v -0.078463 2.857053 0.336243
v -0.073281 2.841104 0.336243
v -0.078463 2.890409 0.336243
vn -0.0000 -0.0000 1.0000
vt 0.261343 0.323378
vt 0.253417 0.347905
vt 0.250736 0.373553
vt 0.291329 0.281879
vt 0.274167 0.301044
vt 0.335509 0.256231
vt 0.312079 0.266720
vt 0.386245 0.250869
vt 0.360597 0.250869
vt 0.434763 0.266720
vt 0.411332 0.256231
vt 0.472674 0.301044
vt 0.455513 0.281879
vt 0.493424 0.347905
vt 0.485498 0.323378
vt 0.493424 0.399201
vt 0.496105 0.373553
vt 0.472674 0.446062
vt 0.485498 0.423728
vt 0.434763 0.480386
vt 0.455513 0.465227
vt 0.386245 0.496237
vt 0.411332 0.490875
vt 0.335509 0.490875
vt 0.360597 0.496237
vt 0.291329 0.465227
vt 0.312079 0.480386
vt 0.261343 0.423728
vt 0.274167 0.446062
vt 0.253417 0.399201
s 0
usemtl cocky.034
f 547/256/231 548/257/231 549/258/231
f 550/259/231 551/260/231 547/256/231
f 553/261/231 554/262/231 550/259/231
f 553/261/231 550/259/231 547/256/231
f 559/263/231 560/264/231 553/261/231
f 562/265/231 563/266/231 559/263/231
f 562/265/231 559/263/231 553/261/231
f 562/265/231 553/261/231 547/256/231
f 571/267/231 572/268/231 562/265/231
f 574/269/231 575/270/231 571/267/231
f 574/269/231 571/267/231 562/265/231
f 576/271/231 573/272/231 574/269/231
f 570/273/231 569/274/231 576/271/231
f 570/273/231 576/271/231 574/269/231
f 570/273/231 574/269/231 562/265/231
f 568/275/231 567/276/231 570/273/231
f 566/277/231 565/278/231 568/275/231
f 566/277/231 568/275/231 570/273/231
f 564/279/231 561/280/231 566/277/231
f 558/281/231 557/282/231 564/279/231
f 558/281/231 564/279/231 566/277/231
f 558/281/231 566/277/231 570/273/231
f 558/281/231 570/273/231 562/265/231
f 558/281/231 562/265/231 547/256/231
f 556/283/231 555/284/231 558/281/231
f 556/283/231 558/281/231 547/256/231
f 556/283/231 547/256/231 549/258/231
f 556/283/231 549/258/231 552/285/231
o cervena_vloz_S
v 0.073281 3.211869 0.336243
v 0.078463 3.227818 0.336243
v 0.080216 3.244496 0.336243
v 0.053675 3.184884 0.336243
v 0.064896 3.197346 0.336243
v 0.078463 3.261174 0.336243
v 0.024788 3.168205 0.336243
v 0.040108 3.175027 0.336243
v 0.064896 3.291646 0.336243
v 0.073281 3.277123 0.336243
v 0.040108 3.313966 0.336243
v 0.053675 3.304108 0.336243
v -0.008385 3.164719 0.336243
v 0.008385 3.164719 0.336243
v 0.008385 3.324273 0.336243
v -0.040108 3.175027 0.336243
v -0.024788 3.168205 0.336243
v 0.024788 3.320787 0.336243
v -0.024788 3.320787 0.336243
v -0.008385 3.324273 0.336243
v -0.053675 3.304108 0.336243
v -0.040108 3.313966 0.336243
v -0.073281 3.277123 0.336243
v -0.064896 3.291646 0.336243
v -0.064896 3.197346 0.336243
v -0.053675 3.184884 0.336243
v -0.080216 3.244496 0.336243
v -0.078463 3.227818 0.336243
v -0.073281 3.211869 0.336243
v -0.078463 3.261174 0.336243
vn -0.0000 -0.0000 1.0000
vt 0.511910 0.824246
vt 0.503984 0.848772
vt 0.501303 0.874420
vt 0.541896 0.782746
vt 0.524734 0.801911
vt 0.586076 0.757098
vt 0.562645 0.767588
vt 0.636811 0.751736
vt 0.611163 0.751736
vt 0.685330 0.767588
vt 0.661899 0.757098
vt 0.723241 0.801911
vt 0.706079 0.782746
vt 0.743991 0.848772
vt 0.736065 0.824245
vt 0.743991 0.900068
vt 0.746672 0.874420
vt 0.723241 0.946930
vt 0.736065 0.924596
vt 0.685330 0.981253
vt 0.706079 0.966095
vt 0.636812 0.997105
vt 0.661899 0.991743
vt 0.586076 0.991743
vt 0.611164 0.997105
vt 0.541896 0.966095
vt 0.562645 0.981253
vt 0.511910 0.924596
vt 0.524734 0.946930
vt 0.503984 0.900068
s 0
usemtl cocky.034
f 577/286/232 578/287/232 579/288/232
f 580/289/232 581/290/232 577/286/232
f 583/291/232 584/292/232 580/289/232
f 583/291/232 580/289/232 577/286/232
f 589/293/232 590/294/232 583/291/232
f 592/295/232 593/296/232 589/293/232
f 592/295/232 589/293/232 583/291/232
f 592/295/232 583/291/232 577/286/232
f 601/297/232 602/298/232 592/295/232
f 604/299/232 605/300/232 601/297/232
f 604/299/232 601/297/232 592/295/232
f 606/301/232 603/302/232 604/299/232
f 600/303/232 599/304/232 606/301/232
f 600/303/232 606/301/232 604/299/232
f 600/303/232 604/299/232 592/295/232
f 598/305/232 597/306/232 600/303/232
f 596/307/232 595/308/232 598/305/232
f 596/307/232 598/305/232 600/303/232
f 594/309/232 591/310/232 596/307/232
f 588/311/232 587/312/232 594/309/232
f 588/311/232 594/309/232 596/307/232
f 588/311/232 596/307/232 600/303/232
f 588/311/232 600/303/232 592/295/232
f 588/311/232 592/295/232 577/286/232
f 586/313/232 585/314/232 588/311/232
f 586/313/232 588/311/232 577/286/232
f 586/313/232 577/286/232 579/288/232
f 586/313/232 579/288/232 582/315/232
o bila_vloz_S
v 0.073281 3.026504 0.336243
v 0.078463 3.042453 0.336243
v 0.080216 3.059131 0.336243
v 0.053675 2.999519 0.336243
v 0.064896 3.011981 0.336243
v 0.078463 3.075810 0.336243
v 0.024788 2.982841 0.336243
v 0.040108 2.989662 0.336243
v 0.064896 3.106281 0.336243
v 0.073281 3.091758 0.336243
v 0.040108 3.128601 0.336243
v 0.053675 3.118743 0.336243
v -0.008385 2.979354 0.336243
v 0.008385 2.979354 0.336243
v 0.008385 3.138908 0.336243
v -0.040108 2.989662 0.336243
v -0.024788 2.982841 0.336243
v 0.024788 3.135422 0.336243
v -0.024788 3.135422 0.336243
v -0.008385 3.138908 0.336243
v -0.053675 3.118743 0.336243
v -0.040108 3.128601 0.336243
v -0.073281 3.091758 0.336243
v -0.064896 3.106281 0.336243
v -0.064896 3.011981 0.336243
v -0.053675 2.999519 0.336243
v -0.080216 3.059131 0.336243
v -0.078463 3.042453 0.336243
v -0.073281 3.026504 0.336243
v -0.078463 3.075810 0.336243
vn -0.0000 -0.0000 1.0000
vt 0.761781 0.824246
vt 0.753855 0.848772
vt 0.751174 0.874420
vt 0.791767 0.782746
vt 0.774605 0.801911
vt 0.835947 0.757098
vt 0.812517 0.767588
vt 0.886683 0.751736
vt 0.861035 0.751736
vt 0.935201 0.767588
vt 0.911770 0.757098
vt 0.973112 0.801911
vt 0.955950 0.782746
vt 0.993862 0.848772
vt 0.985936 0.824245
vt 0.993862 0.900068
vt 0.996543 0.874420
vt 0.973112 0.946930
vt 0.985936 0.924596
vt 0.935201 0.981253
vt 0.955950 0.966095
vt 0.886683 0.997105
vt 0.911770 0.991743
vt 0.835947 0.991743
vt 0.861035 0.997105
vt 0.791767 0.966095
vt 0.812517 0.981253
vt 0.761781 0.924596
vt 0.774605 0.946930
vt 0.753855 0.900068
s 0
usemtl cocky.034
f 607/316/233 608/317/233 609/318/233
f 610/319/233 611/320/233 607/316/233
f 613/321/233 614/322/233 610/319/233
f 613/321/233 610/319/233 607/316/233
f 619/323/233 620/324/233 613/321/233
f 622/325/233 623/326/233 619/323/233
f 622/325/233 619/323/233 613/321/233
f 622/325/233 613/321/233 607/316/233
f 631/327/233 632/328/233 622/325/233
f 634/329/233 635/330/233 631/327/233
f 634/329/233 631/327/233 622/325/233
f 636/331/233 633/332/233 634/329/233
f 630/333/233 629/334/233 636/331/233
f 630/333/233 636/331/233 634/329/233
f 630/333/233 634/329/233 622/325/233
f 628/335/233 627/336/233 630/333/233
f 626/337/233 625/338/233 628/335/233
f 626/337/233 628/335/233 630/333/233
f 624/339/233 621/340/233 626/337/233
f 618/341/233 617/342/233 624/339/233
f 618/341/233 624/339/233 626/337/233
f 618/341/233 626/337/233 630/333/233
f 618/341/233 630/333/233 622/325/233
f 618/341/233 622/325/233 607/316/233
f 616/343/233 615/344/233 618/341/233
f 616/343/233 618/341/233 607/316/233
f 616/343/233 607/316/233 609/318/233
f 616/343/233 609/318/233 612/345/233
o stitek_vloz_S
v -0.027254 2.708014 0.327540
v 0.027254 2.539980 0.327540
v 0.027254 2.708014 0.327540
v -0.027254 2.539980 0.327540
v -0.123600 2.634225 0.330012
v 0.123600 2.521440 0.330012
v 0.123600 2.634225 0.330012
v -0.123600 2.521440 0.330012
v 0.123600 2.634225 0.330012
v -0.123600 2.521440 0.330012
v -0.123600 2.634225 0.330012
v 0.123600 2.521440 0.330012
vn -0.0000 -0.0000 -1.0000
vn -0.0000 -0.0000 1.0000
vt 0.926000 0.426000
vt 0.873000 0.373000
vt 0.873000 0.426000
vt 0.926000 0.373000
vt 0.946000 0.550000
vt 0.986000 0.507000
vt 0.986000 0.550000
vt 0.946000 0.507000
vt 0.792000 0.997000
vt 0.685000 0.944000
vt 0.685000 0.997000
vt 0.792000 0.944000
s 0
usemtl AZD_Nav_Stit
f 637/346/234 639/348/234 638/347/234
f 638/347/234 640/349/234 637/346/234
f 641/350/234 643/352/234 642/351/234
f 642/351/234 644/353/234 641/350/234
f 645/354/235 647/356/235 646/355/235
f 646/355/235 648/357/235 645/354/235
o stozar_vloz_L
v -0.011557 2.545542 -0.128544
v -0.011557 2.545542 0.128544
v 0.000000 2.499192 0.000000
v 0.011557 2.545542 -0.128544
v 0.000000 2.499192 0.000000
v 0.011557 2.545542 0.128544
v 0.011557 2.562228 -0.128544
v -0.011557 2.562228 -0.128544
v -0.011557 2.562228 0.128544
v 0.011557 2.562228 0.128544
v -0.011557 0.914207 -0.128544
v -0.011557 0.914207 0.128544
v 0.000000 0.867857 0.000000
v 0.011557 0.914207 -0.128544
v 0.000000 0.867857 0.000000
v 0.011557 0.914207 0.128544
v 0.011557 0.930832 -0.128544
v -0.011557 0.930832 -0.128544
v -0.011557 0.930832 0.128544
v 0.011557 0.930832 0.128544
v -0.011557 0.710267 -0.128544
v -0.011557 0.710267 0.128544
v 0.000000 0.663917 0.000000
v 0.011557 0.710267 -0.128544
v 0.000000 0.663917 0.000000
v 0.011557 0.710267 0.128544
v 0.011557 0.726892 -0.128544
v -0.011557 0.726892 -0.128544
v -0.011557 0.726892 0.128544
v 0.011557 0.726892 0.128544
v -0.011557 2.341726 -0.128544
v -0.011557 2.341726 0.128544
v 0.000000 2.295376 0.000000
v 0.011557 2.341726 -0.128544
v 0.000000 2.295376 0.000000
v 0.011557 2.341726 0.128544
v 0.011557 2.358350 -0.128544
v -0.011557 2.358350 -0.128544
v -0.011557 2.358350 0.128544
v 0.011557 2.358350 0.128544
v -0.036895 2.366940 0.137876
v -0.036895 1.116108 0.128544
v -0.036895 2.366940 0.128544
v -0.036895 1.116108 0.137876
v -0.036895 2.366940 0.128544
v 0.036895 1.116108 0.128544
v 0.036895 2.366940 0.128544
v -0.036895 1.116108 0.128544
v 0.036895 2.366940 0.128544
v 0.036895 1.116108 0.137876
v 0.036895 2.366940 0.137876
v 0.036895 1.116108 0.128544
v -0.021939 2.156758 0.054693
v -0.055991 2.144398 0.000000
v -0.055991 2.156758 0.000000
v -0.021939 2.144398 0.054693
v -0.021939 2.144398 -0.054693
v -0.021939 2.156758 -0.054693
v -0.084851 2.150578 -0.070081
v 0.084851 2.150578 -0.070081
v 0.021939 2.144398 -0.054693
v 0.021939 2.156758 -0.054693
v 0.055991 2.144398 0.000000
v 0.055991 2.156758 0.000000
v 0.021939 2.144398 0.054693
v 0.021939 2.156758 0.054693
v 0.058895 2.172764 -0.234654
v -0.084851 2.161949 -0.213333
v -0.058895 2.172764 -0.234654
v 0.084851 2.161949 -0.213333
v -0.011557 2.137662 -0.128544
v -0.011557 2.137662 0.128544
v 0.000000 2.091312 0.000000
v 0.011557 2.137662 -0.128544
v 0.000000 2.091312 0.000000
v 0.011557 2.137662 0.128544
v 0.011557 2.154348 -0.128544
v -0.011557 2.154348 -0.128544
v -0.011557 2.154348 0.128544
v 0.011557 2.154348 0.128544
v -0.011557 1.933722 -0.128544
v -0.011557 1.933722 0.128544
v 0.000000 1.887372 0.000000
v 0.011557 1.933722 -0.128544
v 0.000000 1.887372 0.000000
v 0.011557 1.933722 0.128544
v 0.011557 1.950408 -0.128544
v -0.011557 1.950408 -0.128544
v -0.011557 1.950408 0.128544
v 0.011557 1.950408 0.128544
v -0.011557 1.729782 -0.128544
v -0.011557 1.729782 0.128544
v 0.000000 1.683432 0.000000
v 0.011557 1.729782 -0.128544
v 0.000000 1.683432 0.000000
v 0.011557 1.729782 0.128544
v 0.011557 1.746468 -0.128544
v -0.011557 1.746468 -0.128544
v -0.011557 1.746468 0.128544
v 0.011557 1.746468 0.128544
v -0.011557 1.525842 -0.128544
v -0.011557 1.525842 0.128544
v 0.000000 1.479492 0.000000
v 0.011557 1.525842 -0.128544
v 0.000000 1.479492 0.000000
v 0.011557 1.525842 0.128544
v 0.011557 1.542528 -0.128544
v -0.011557 1.542528 -0.128544
v -0.011557 1.542528 0.128544
v 0.011557 1.542528 0.128544
v -0.011557 0.506142 -0.128544
v -0.011557 0.506142 0.128544
v 0.000000 0.459792 0.000000
v 0.011557 0.506142 -0.128544
v 0.000000 0.459792 0.000000
v 0.011557 0.506142 0.128544
v 0.011557 0.522828 -0.128544
v -0.011557 0.522828 -0.128544
v -0.011557 0.522828 0.128544
v 0.011557 0.522828 0.128544
v -0.011557 1.321902 -0.128544
v -0.011557 1.321902 0.128544
v 0.000000 1.275552 0.000000
v 0.011557 1.321902 -0.128544
v 0.000000 1.275552 0.000000
v 0.011557 1.321902 0.128544
v 0.011557 1.338588 -0.128544
v -0.011557 1.338588 -0.128544
v -0.011557 1.338588 0.128544
v 0.011557 1.338588 0.128544
v -0.011557 1.117962 -0.128544
v -0.011557 1.117962 0.128544
v 0.000000 1.071612 0.000000
v 0.011557 1.117962 -0.128544
v 0.000000 1.071612 0.000000
v 0.011557 1.117962 0.128544
v 0.011557 1.134648 -0.128544
v -0.011557 1.134648 -0.128544
v -0.011557 1.134648 0.128544
v 0.011557 1.134648 0.128544
v -0.011557 2.953422 -0.128544
v -0.011557 2.953422 0.128544
v 0.000000 2.907072 0.000000
v 0.011557 2.953422 -0.128544
v 0.000000 2.907072 0.000000
v 0.011557 2.953422 0.128544
v 0.011557 2.970108 -0.128544
v -0.011557 2.970108 -0.128544
v -0.011557 2.970108 0.128544
v 0.011557 2.970108 0.128544
v -0.011557 2.749482 -0.128544
v -0.011557 2.749482 0.128544
v 0.000000 2.703132 0.000000
v 0.011557 2.749482 -0.128544
v 0.000000 2.703132 0.000000
v 0.011557 2.749482 0.128544
v 0.011557 2.766168 -0.128544
v -0.011557 2.766168 -0.128544
v -0.011557 2.766168 0.128544
v 0.011557 2.766168 0.128544
v 0.077435 0.251032 0.000000
v 0.077435 0.251032 0.106049
v -0.077435 0.251032 0.106049
v -0.077435 0.251032 0.000000
v -0.077435 0.251032 -0.106049
v 0.077435 0.251032 -0.106049
v -0.077435 0.251032 -0.106049
v -0.077435 0.251032 0.106049
v -0.077435 0.063592 0.106049
v -0.077435 0.063592 -0.106049
v 0.077435 0.063592 -0.106049
v 0.077435 0.063592 0.106049
v 0.077435 0.251032 0.106049
v 0.077435 0.251032 -0.106049
v -0.053395 0.288050 0.025709
v -0.077435 0.270869 -0.025709
v -0.053395 0.288050 -0.025709
v -0.077435 0.270869 0.025709
v -0.053395 0.288050 -0.025709
v 0.077435 0.270869 -0.025709
v 0.053395 0.288050 -0.025709
v -0.077435 0.270869 -0.025709
v 0.053395 0.288050 -0.025709
v 0.077435 0.270869 0.025709
v 0.053395 0.288050 0.025709
v 0.077435 0.270869 -0.025709
v 0.053395 0.288050 0.025709
v -0.077435 0.270869 0.025709
v -0.053395 0.288050 0.025709
v 0.077435 0.270869 0.025709
v -0.052654 0.071317 0.093689
v -0.052654 0.024535 -0.076138
v -0.052654 0.071317 -0.093689
v -0.052654 0.024535 0.076138
v 0.052654 0.024535 -0.076138
v 0.052654 0.071317 -0.093689
v 0.052654 0.024535 0.076138
v 0.052654 0.071317 0.093689
v -0.077435 0.023360 -0.025709
v -0.077435 0.023360 0.025709
v 0.077435 0.023360 -0.025709
v -0.077435 0.023360 -0.025709
v 0.077435 0.023360 0.025709
v 0.077435 0.023360 -0.025709
v -0.077435 0.023360 0.025709
v 0.077435 0.023360 0.025709
v -0.077435 0.251032 -0.106049
v 0.077435 0.063592 -0.106049
v 0.077435 0.251032 -0.106049
v -0.077435 0.063592 -0.106049
v 0.077435 0.251032 0.106049
v -0.077435 0.063592 0.106049
v -0.077435 0.251032 0.106049
v 0.077435 0.063592 0.106049
v 0.077435 0.063592 -0.106049
v -0.077435 0.063592 0.106049
v 0.077435 0.063592 0.106049
v -0.077435 0.063592 -0.106049
v -0.088250 0.024720 0.076756
v -0.088250 0.012360 -0.076756
v -0.088250 0.024720 -0.076756
v -0.088250 0.012360 0.076756
v 0.088250 0.012360 -0.076756
v 0.088250 0.024720 -0.076756
v 0.088250 0.012360 0.076756
v 0.088250 0.024720 0.076756
v -0.109571 0.012360 0.134291
v -0.109571 0.000000 -0.134291
v -0.109571 0.012360 -0.134291
v -0.109571 -0.000000 0.134291
v 0.109571 0.000000 -0.134291
v 0.109571 0.012360 -0.134291
v 0.109571 -0.000000 0.134291
v 0.109571 0.012360 0.134291
v 0.000000 3.096860 0.000000
v -0.051047 3.096860 0.000000
v -0.036091 3.096860 -0.036153
v 0.000000 3.096860 -0.051108
v 0.036029 3.096860 -0.036153
v 0.050985 3.096860 0.000000
v 0.036029 3.096860 0.035968
v 0.000000 3.096860 0.050924
v -0.036091 3.096860 0.035968
v -0.030591 3.007435 -0.030652
v -0.051047 3.096860 0.000000
v -0.043260 3.007435 0.000000
v -0.036091 3.096860 -0.036153
v 0.000000 3.007435 -0.043321
v 0.000000 3.096860 -0.051108
v 0.030529 3.007435 -0.030652
v 0.036029 3.096860 -0.036153
v 0.043198 3.007435 0.000000
v 0.050985 3.096860 0.000000
v 0.030529 3.007435 0.030468
v 0.036029 3.096860 0.035968
v 0.000000 3.007435 0.043137
v 0.000000 3.096860 0.050924
v -0.030591 3.007435 0.030468
v -0.036091 3.096860 0.035968
v -0.030591 0.247200 -0.030653
v -0.043260 3.007435 0.000000
v -0.043260 0.247200 0.000000
v -0.030591 3.007435 -0.030652
v 0.000000 0.247200 -0.043322
v 0.000000 3.007435 -0.043321
v 0.030529 0.247200 -0.030653
v 0.030529 3.007435 -0.030652
v 0.043198 0.247200 0.000000
v 0.043198 3.007435 0.000000
v 0.030529 0.247200 0.030467
v 0.030529 3.007435 0.030468
v 0.000000 0.247200 0.043136
v 0.000000 3.007435 0.043137
v -0.030591 0.247200 0.030467
v -0.030591 3.007435 0.030468
v -0.268861 3.382376 0.003075
v -0.230545 3.348942 0.003075
v -0.230545 3.382376 0.003075
v -0.268861 3.348942 0.003075
v -0.292069 3.440715 0.003046
v -0.319261 3.440715 0.003046
v -0.305665 3.440715 -0.020499
v -0.278535 3.440715 -0.020499
v -0.264939 3.440715 0.003046
v -0.278535 3.440715 0.026592
v -0.305665 3.440715 0.026592
v -0.305665 3.333121 -0.020499
v -0.319261 3.333121 0.003046
v -0.278535 3.333121 -0.020499
v -0.264939 3.333121 0.003046
v -0.278535 3.333121 0.026592
v -0.305665 3.333121 0.026592
v -0.286350 3.424832 0.003075
v -0.220781 3.418281 0.018401
v -0.286350 3.418529 0.018401
v -0.220101 3.424585 0.003075
v -0.222449 3.403079 0.024705
v -0.286350 3.403326 0.024705
v -0.224118 3.387876 0.018340
v -0.286350 3.388123 0.018340
v -0.224798 3.381572 0.003075
v -0.286350 3.381819 0.003075
v -0.224118 3.387876 -0.012190
v -0.286350 3.388123 -0.012190
v -0.222449 3.403079 -0.018493
v -0.286350 3.403326 -0.018493
v -0.220781 3.418281 -0.012128
v -0.286350 3.418529 -0.012128
v -0.103113 3.385651 0.018401
v -0.220101 3.424585 0.003075
v -0.101383 3.391769 0.003075
v -0.220781 3.418281 0.018401
v -0.107316 3.370943 0.024705
v -0.222449 3.403079 0.024705
v -0.111456 3.356235 0.018340
v -0.224118 3.387876 0.018340
v -0.113187 3.350178 0.003075
v -0.224798 3.381572 0.003075
v -0.111456 3.356235 -0.012190
v -0.224118 3.387876 -0.012190
v -0.107316 3.371005 -0.018493
v -0.222449 3.403079 -0.018493
v -0.103113 3.385713 -0.012128
v -0.220781 3.418281 -0.012128
v -0.048791 3.358707 0.018340
v -0.045021 3.363774 0.003075
v -0.058061 3.346532 0.024705
v -0.067269 3.334296 0.018340
v -0.071039 3.329289 0.003075
v -0.067269 3.334296 -0.012190
v -0.058061 3.346532 -0.018493
v -0.048791 3.358707 -0.012190
v 0.000896 3.304199 0.018340
v 0.006211 3.307536 0.003075
v -0.012144 3.296165 0.024643
v -0.025122 3.288131 0.018340
v -0.030498 3.284794 0.003075
v -0.025122 3.288131 -0.012190
v -0.012144 3.296165 -0.018555
v 0.000896 3.304260 -0.012190
v 0.014986 3.244562 0.018340
v 0.021166 3.245736 0.003075
v -0.000031 3.241719 0.024643
v -0.015048 3.238938 0.018340
v -0.021290 3.237764 0.003075
v -0.015048 3.238938 -0.012190
v -0.000031 3.241781 -0.018555
v 0.014986 3.244562 -0.012190
v 0.014986 3.090741 0.018278
v 0.021166 3.090741 0.003075
v -0.000031 3.090741 0.024643
v -0.015048 3.090741 0.018278
v -0.021290 3.090741 0.003075
v -0.015048 3.090741 -0.012251
v -0.000031 3.090741 -0.018555
v 0.014987 3.090741 -0.012251
v 0.055589 2.697014 0.021522
v 0.038965 2.577987 0.048591
v 0.038965 2.697014 0.048591
v 0.055589 2.577987 0.021522
v 0.019683 2.577987 0.062187
v 0.019683 2.697014 0.062187
v 0.019683 2.697014 0.062187
v -0.047864 2.577987 0.055512
v -0.047864 2.697014 0.055512
v 0.019683 2.577987 0.062187
v -0.047864 2.697014 0.055512
v -0.047864 2.577987 -0.055666
v -0.047864 2.697014 -0.055666
v -0.047864 2.577987 0.055512
v -0.047864 2.697014 -0.055666
v 0.019683 2.577987 -0.062340
v 0.019683 2.697014 -0.062340
v -0.047864 2.577987 -0.055666
v 0.019683 2.697014 -0.062340
v 0.038965 2.577987 -0.048744
v 0.038965 2.697014 -0.048744
v 0.019683 2.577987 -0.062340
v 0.055589 2.577987 -0.021676
v 0.055589 2.697014 -0.021676
v 0.038965 2.697014 0.048591
v 0.038965 2.697014 -0.048744
v 0.055589 2.697014 0.021522
v 0.055589 2.697014 -0.021676
v 0.038965 2.577987 0.048591
v 0.038965 2.577987 -0.048744
v 0.055589 2.577987 0.021522
v 0.055589 2.577987 -0.021676
v -0.026605 2.694295 0.024427
v -0.264597 2.713823 0.006690
v -0.264597 2.783163 0.024427
v -0.026605 2.577802 0.006690
v -0.264597 2.713823 0.039753
v -0.264597 2.783163 0.039753
v -0.330290 2.713823 0.039753
v -0.330290 2.783163 0.039753
v -0.330290 2.783163 -0.039907
v -0.264597 2.713823 -0.039907
v -0.264597 2.783163 -0.039907
v -0.330290 2.713823 -0.039907
v -0.264597 2.713823 -0.006844
v -0.264597 2.783163 -0.024642
v -0.026605 2.577802 -0.006844
v -0.026605 2.694295 -0.024642
v -0.264597 2.783163 -0.024642
v -0.026605 2.694295 0.024427
v -0.264597 2.783163 0.024427
v -0.026605 2.694295 -0.024642
v -0.264597 2.713823 -0.006844
v -0.026605 2.577802 0.006690
v -0.026605 2.577802 -0.006844
v -0.264597 2.713823 0.006690
vn -0.9703 -0.2419 -0.0000
vn 0.9703 -0.2419 -0.0000
vn -0.0000 1.0000 -0.0000
vn -0.0000 -0.0000 -1.0000
vn -0.0000 -0.9407 -0.3392
vn -0.0000 -0.9407 0.3392
vn -0.0000 -0.0000 1.0000
vn -1.0000 -0.0000 -0.0000
vn 1.0000 -0.0000 -0.0000
vn -0.0000 -1.0000 -0.0000
vn -0.8489 -0.0000 0.5285
vn -0.8489 -0.0000 -0.5285
vn -0.2376 -0.0000 0.9714
vn 0.2376 -0.0000 0.9714
vn 0.8489 -0.0000 -0.5285
vn 0.8489 -0.0000 0.5285
vn -0.0000 0.8918 0.4524
vn -0.0000 0.9969 0.0791
vn -0.0000 0.9280 -0.3727
vn -0.0000 -0.8918 -0.4524
vn -0.0000 -0.9280 -0.3727
vn -0.5814 0.8136 -0.0000
vn 0.5814 0.8136 -0.0000
vn -0.0000 -0.3513 -0.9363
vn -0.0000 -0.3513 0.9363
vn -0.9212 -0.0802 -0.3807
vn -0.9211 -0.0801 -0.3810
vn -0.3814 -0.0801 -0.9209
vn -0.3816 -0.0802 -0.9208
vn 0.3821 -0.0802 -0.9207
vn 0.3821 -0.0801 -0.9206
vn 0.9212 -0.0801 -0.3807
vn 0.9211 -0.0802 -0.3810
vn 0.9204 -0.0801 0.3827
vn 0.3821 -0.0801 0.9207
vn 0.3821 -0.0802 0.9206
vn -0.3814 -0.0802 0.9209
vn -0.3816 -0.0801 0.9209
vn -0.9204 -0.0801 0.3827
vn -0.9242 -0.0000 -0.3820
vn -0.3826 -0.0000 -0.9239
vn 0.3833 -0.0000 -0.9236
vn 0.9242 -0.0000 -0.3820
vn 0.9234 -0.0000 0.3840
vn 0.3833 -0.0000 0.9236
vn -0.3826 -0.0000 0.9239
vn -0.9234 -0.0000 0.3840
vn -0.8660 -0.0000 -0.5000
vn -0.8660 -0.0000 -0.5001
vn 0.8660 -0.0000 -0.5001
vn 0.8660 -0.0000 0.5001
vn -0.8660 -0.0000 0.5001
vn 0.0035 0.9248 0.3804
vn 0.0035 0.9248 0.3805
vn 0.0015 0.3830 0.9237
vn 0.0014 0.3829 0.9238
vn -0.0015 -0.3862 0.9224
vn -0.0015 -0.3861 0.9225
vn -0.0037 -0.9243 0.3817
vn -0.0037 -0.9242 0.3818
vn -0.0037 -0.9243 -0.3817
vn -0.0037 -0.9242 -0.3818
vn -0.0015 -0.3830 -0.9237
vn -0.0015 -0.3829 -0.9238
vn 0.0015 0.3862 -0.9224
vn 0.0015 0.3861 -0.9225
vn 0.0035 0.9237 -0.3830
vn 0.0035 0.9237 -0.3831
vn 0.2461 0.8903 0.3832
vn 0.2474 0.8922 0.3779
vn 0.1018 0.3672 0.9246
vn 0.1036 0.3712 0.9227
vn -0.1034 -0.3704 0.9231
vn -0.1051 -0.3742 0.9214
vn -0.2499 -0.8900 0.3815
vn -0.2506 -0.8908 0.3790
vn -0.2503 -0.8899 -0.3815
vn -0.2502 -0.8909 -0.3790
vn -0.1028 -0.3659 -0.9249
vn -0.1034 -0.3713 -0.9228
vn 0.1031 0.3701 -0.9233
vn 0.1036 0.3744 -0.9214
vn 0.2464 0.8904 -0.3827
vn 0.2464 0.8913 -0.3806
vn 0.4120 0.8295 0.3771
vn 0.4118 0.8294 0.3776
vn 0.1741 0.3489 0.9208
vn 0.1716 0.3462 0.9223
vn -0.1730 -0.3490 0.9210
vn -0.1736 -0.3496 0.9207
vn -0.4124 -0.8306 0.3742
vn -0.4115 -0.8302 0.3761
vn -0.4118 -0.8309 -0.3742
vn -0.4121 -0.8299 -0.3760
vn -0.1718 -0.3459 -0.9224
vn -0.1717 -0.3456 -0.9225
vn 0.1721 0.3464 -0.9222
vn 0.1726 0.3493 -0.9210
vn 0.4120 0.8295 -0.3771
vn 0.4120 0.8294 -0.3773
vn 0.6853 0.6243 0.3751
vn 0.6847 0.6242 0.3763
vn 0.2855 0.2603 0.9224
vn 0.2885 0.2619 0.9210
vn -0.2858 -0.2617 0.9219
vn -0.2877 -0.2626 0.9210
vn -0.6839 -0.6244 0.3774
vn -0.6855 -0.6246 0.3741
vn -0.6845 -0.6237 -0.3774
vn -0.6849 -0.6253 -0.3742
vn -0.2885 -0.2634 -0.9206
vn -0.2862 -0.2598 -0.9223
vn 0.2867 0.2625 -0.9213
vn 0.2853 0.2604 -0.9224
vn 0.6854 0.6255 -0.3729
vn 0.6849 0.6240 -0.3763
vn 0.8988 0.2175 0.3806
vn 0.9070 0.2143 0.3626
vn 0.3714 0.0877 0.9243
vn 0.3898 0.0867 0.9168
vn -0.3726 -0.0829 0.9243
vn -0.3946 -0.0808 0.9153
vn -0.9045 -0.1852 0.3841
vn -0.9150 -0.1792 0.3615
vn -0.9061 -0.1774 -0.3841
vn -0.9130 -0.1870 -0.3625
vn -0.3767 -0.0771 -0.9231
vn -0.3943 -0.0878 -0.9148
vn 0.3757 0.0837 -0.9230
vn 0.3901 0.0921 -0.9162
vn 0.9000 0.2124 -0.3807
vn 0.9059 0.2192 -0.3624
vn 0.9264 -0.0000 0.3766
vn 0.9269 -0.0002 0.3753
vn 0.3903 -0.0004 0.9207
vn 0.3870 -0.0000 0.9221
vn -0.3903 -0.0000 0.9207
vn -0.3870 -0.0004 0.9221
vn -0.9251 -0.0002 0.3798
vn -0.9256 -0.0000 0.3785
vn -0.9261 -0.0000 -0.3772
vn -0.9256 0.0002 -0.3785
vn -0.3870 0.0004 -0.9221
vn -0.3903 -0.0000 -0.9207
vn 0.3870 -0.0000 -0.9221
vn 0.3902 0.0004 -0.9207
vn 0.9274 0.0002 -0.3740
vn 0.9269 -0.0000 -0.3753
vn 0.8521 -0.0000 0.5233
vn 0.5763 -0.0000 0.8173
vn -0.0983 -0.0000 0.9952
vn -0.0983 -0.0000 -0.9952
vn 0.5763 -0.0000 -0.8173
vn 0.8521 -0.0000 -0.5233
vn -0.0921 -0.2468 0.9647
vn -0.0857 -0.1500 0.9850
vn -0.0563 -0.1508 -0.9870
vn -0.1407 -0.2462 -0.9590
vn 0.3498 0.9368 -0.0000
vn -0.4962 -0.8682 -0.0000
vt 0.820000 0.786000
vt 0.820000 0.583000
vt 0.843000 0.681000
vt 0.816000 0.782000
vt 0.839000 0.676000
vt 0.816000 0.579000
vt 0.805000 0.583000
vt 0.801000 0.579000
vt 0.801000 0.782000
vt 0.805000 0.786000
vt 0.686000 0.771000
vt 0.686000 0.218000
vt 0.946000 0.782000
vt 0.986000 0.276000
vt 0.986000 0.782000
vt 0.946000 0.276000
vt 0.725000 0.771000
vt 0.725000 0.218000
vt 0.507000 0.340000
vt 0.489000 0.330000
vt 0.491000 0.324000
vt 0.505000 0.346000
vt 0.472000 0.346000
vt 0.474000 0.340000
vt 0.469000 0.311000
vt 0.469000 0.390000
vt 0.472000 0.366000
vt 0.474000 0.360000
vt 0.489000 0.382000
vt 0.491000 0.376000
vt 0.505000 0.366000
vt 0.507000 0.360000
vt 0.418000 0.378000
vt 0.425000 0.311000
vt 0.418000 0.323000
vt 0.425000 0.390000
vt 0.822000 0.207000
vt 0.822000 0.012000
vt 0.640000 0.012000
vt 0.640000 0.207000
vt 0.011000 0.236000
vt 0.205000 0.232000
vt 0.203000 0.123000
vt 0.011000 0.125000
vt 0.134000 0.259000
vt 0.086000 0.249000
vt 0.086000 0.259000
vt 0.134000 0.249000
vt 0.810000 0.991000
vt 0.912000 0.979000
vt 0.904000 0.991000
vt 0.801000 0.979000
vt 0.086000 0.256000
vt 0.134000 0.257000
vt 0.644000 0.092000
vt 0.635000 0.057000
vt 0.635000 0.092000
vt 0.644000 0.057000
vt 0.823000 0.057000
vt 0.823000 0.092000
vt 0.814000 0.057000
vt 0.814000 0.092000
vt 0.082000 0.088000
vt 0.130000 0.088000
vt 0.912000 0.852000
vt 0.801000 0.852000
vt 0.927000 0.960000
vt 0.801000 0.791000
vt 0.801000 0.960000
vt 0.927000 0.791000
vt 0.507000 0.305000
vt 0.417000 0.210000
vt 0.507000 0.210000
vt 0.417000 0.305000
vt 0.592000 0.043000
vt 0.443000 0.043000
vt 0.443000 0.162000
vt 0.592000 0.162000
vt 0.621000 0.003000
vt 0.420000 0.003000
vt 0.420000 0.205000
vt 0.621000 0.205000
vt 0.103000 0.044000
vt 0.102000 0.055000
vt 0.093000 0.052000
vt 0.091000 0.043000
vt 0.095000 0.036000
vt 0.102000 0.033000
vt 0.110000 0.037000
vt 0.112000 0.044000
vt 0.109000 0.052000
vt 0.103000 0.009000
vt 0.126000 0.060000
vt 0.126000 0.010000
vt 0.099000 0.059000
vt 0.094000 0.007000
vt 0.088000 0.057000
vt 0.149000 0.009000
vt 0.154000 0.059000
vt 0.159000 0.007000
vt 0.165000 0.057000
vt 0.946000 0.006000
vt 0.965000 0.996000
vt 0.965000 0.006000
vt 0.946000 0.996000
vt 0.938000 0.006000
vt 0.938000 0.996000
vt 0.985000 0.006000
vt 0.985000 0.996000
vt 0.993000 0.006000
vt 0.993000 0.996000
vt 0.201000 0.029000
vt 0.231000 0.007000
vt 0.231000 0.029000
vt 0.201000 0.007000
vt 0.188000 0.050000
vt 0.197000 0.050000
vt 0.179000 0.050000
vt 0.197000 0.008000
vt 0.188000 0.008000
vt 0.179000 0.008000
vt 0.190000 0.043000
vt 0.233000 0.040000
vt 0.190000 0.040000
vt 0.234000 0.042000
vt 0.233000 0.036000
vt 0.190000 0.036000
vt 0.233000 0.032000
vt 0.190000 0.032000
vt 0.233000 0.029000
vt 0.190000 0.029000
vt 0.888000 0.270000
vt 0.875000 0.428000
vt 0.875000 0.270000
vt 0.888000 0.428000
vt 0.901000 0.270000
vt 0.901000 0.428000
vt 0.915000 0.270000
vt 0.915000 0.428000
vt 0.928000 0.270000
vt 0.928000 0.428000
vt 0.888000 0.218000
vt 0.875000 0.218000
vt 0.901000 0.218000
vt 0.915000 0.218000
vt 0.928000 0.218000
vt 0.888000 0.165000
vt 0.875000 0.165000
vt 0.901000 0.165000
vt 0.915000 0.165000
vt 0.928000 0.165000
vt 0.888000 0.112000
vt 0.875000 0.112000
vt 0.901000 0.112000
vt 0.915000 0.112000
vt 0.928000 0.112000
vt 0.888000 0.007000
vt 0.875000 0.007000
vt 0.901000 0.007000
vt 0.915000 0.007000
vt 0.928000 0.007000
vt 0.035000 0.064000
vt 0.022000 0.016000
vt 0.022000 0.061000
vt 0.035000 0.019000
vt 0.008000 0.012000
vt 0.008000 0.057000
vt 0.917000 0.457000
vt 0.849000 0.475000
vt 0.908000 0.492000
vt 0.857000 0.442000
vt 0.911000 0.473000
vt 0.836000 0.473000
vt 0.902000 0.496000
vt 0.845000 0.449000
vt 0.075000 0.057000
vt 0.062000 0.016000
vt 0.062000 0.061000
vt 0.075000 0.012000
vt 0.048000 0.019000
vt 0.048000 0.064000
vt 0.918000 0.452000
vt 0.920000 0.447000
vt 0.859000 0.436000
vt 0.860000 0.431000
vt 0.907000 0.487000
vt 0.864000 0.670000
vt 0.908000 0.680000
vt 0.842000 0.468000
vt 0.858000 0.698000
vt 0.903000 0.708000
vt 0.908000 0.669000
vt 0.890000 0.516000
vt 0.892000 0.669000
vt 0.906000 0.516000
vt 0.860000 0.663000
vt 0.844000 0.499000
vt 0.838000 0.499000
vt 0.867000 0.662000
vt 0.864049 0.699790
vt 0.916084 0.680093
vt 0.904625 0.711495
vt 0.875508 0.668388
s 0
usemtl AZD_Nav
f 649/358/236 651/360/236 650/359/236
f 652/361/237 654/363/237 653/362/237
f 649/358/238 650/359/238 652/361/238
f 650/359/238 654/363/238 652/361/238
f 657/364/239 658/365/239 654/363/239
f 655/366/239 652/361/239 649/358/239
f 649/358/239 656/367/239 655/366/239
f 649/358/240 652/361/240 651/360/240
f 653/362/241 654/363/241 650/359/241
f 657/364/242 650/359/242 654/363/242
f 659/358/236 661/360/236 660/359/236
f 662/361/237 664/363/237 663/362/237
f 665/366/242 666/367/242 659/358/242
f 659/358/242 662/361/242 665/366/242
f 662/361/238 659/358/238 660/359/238
f 660/359/238 664/363/238 662/361/238
f 664/363/239 660/359/239 667/364/239
f 661/360/240 659/358/240 662/361/240
f 663/362/241 664/363/241 660/359/241
f 664/363/242 668/365/242 667/364/242
f 669/358/236 671/360/236 670/359/236
f 672/361/237 674/363/237 673/362/237
f 669/358/242 672/361/242 675/366/242
f 672/361/238 669/358/238 670/359/238
f 670/359/238 674/363/238 672/361/238
f 674/363/239 670/359/239 677/364/239
f 677/364/239 678/365/239 674/363/239
f 669/358/239 676/367/239 675/366/239
f 671/360/240 669/358/240 672/361/240
f 673/362/241 674/363/241 670/359/241
f 679/358/236 681/360/236 680/359/236
f 682/361/237 684/363/237 683/362/237
f 679/358/242 682/361/242 685/366/242
f 682/361/238 679/358/238 680/359/238
f 680/359/238 684/363/238 682/361/238
f 684/363/239 680/359/239 687/364/239
f 687/364/239 688/365/239 684/363/239
f 679/358/239 686/367/239 685/366/239
f 681/360/240 679/358/240 682/361/240
f 683/362/241 684/363/241 680/359/241
f 689/368/243 691/368/243 690/369/243
f 690/369/243 692/369/243 689/368/243
f 693/370/239 695/372/239 694/371/239
f 694/371/239 696/373/239 693/370/239
f 697/374/244 699/374/244 698/375/244
f 698/375/244 700/375/244 697/374/244
f 699/374/242 689/368/242 692/369/242
f 692/369/242 698/375/242 699/374/242
f 697/374/238 691/368/238 689/368/238
f 689/368/238 699/374/238 697/374/238
f 700/375/245 698/375/245 692/369/245
f 692/369/245 690/369/245 700/375/245
f 701/376/246 703/378/246 702/377/246
f 702/377/246 704/379/246 701/376/246
f 703/378/247 706/381/247 705/380/247
f 705/380/247 702/377/247 703/378/247
f 707/382/248 705/380/248 706/381/248
f 708/383/249 710/385/249 709/384/249
f 710/385/250 712/387/250 711/386/250
f 711/386/250 709/384/250 710/385/250
f 712/387/251 714/389/251 713/388/251
f 713/388/251 711/386/251 712/387/251
f 714/389/242 701/376/242 704/379/242
f 704/379/242 713/388/242 714/389/242
f 715/390/252 717/392/252 716/391/252
f 718/393/253 716/391/253 707/382/253
f 707/382/253 708/383/253 718/393/253
f 708/383/254 707/382/254 706/381/254
f 706/381/254 710/385/254 708/383/254
f 710/385/238 706/381/238 703/378/238
f 703/378/238 712/387/238 710/385/238
f 712/387/238 703/378/238 701/376/238
f 701/376/238 714/389/238 712/387/238
f 715/390/255 718/393/255 716/391/255
f 708/383/256 709/384/256 705/380/256
f 705/380/256 707/382/256 708/383/256
f 709/384/245 711/386/245 702/377/245
f 702/377/245 705/380/245 709/384/245
f 711/386/245 713/388/245 704/379/245
f 704/379/245 702/377/245 711/386/245
f 719/358/236 721/360/236 720/359/236
f 722/361/237 724/363/237 723/362/237
f 722/361/238 719/358/238 720/359/238
f 720/359/238 724/363/238 722/361/238
f 724/363/239 720/359/239 727/364/239
f 727/364/239 728/365/239 724/363/239
f 725/366/239 722/361/239 719/358/239
f 719/358/239 726/367/239 725/366/239
f 721/360/240 719/358/240 722/361/240
f 723/362/241 724/363/241 720/359/241
f 729/358/236 731/360/236 730/359/236
f 732/361/237 734/363/237 733/362/237
f 729/358/242 732/361/242 735/366/242
f 732/361/238 729/358/238 730/359/238
f 730/359/238 734/363/238 732/361/238
f 734/363/239 730/359/239 737/364/239
f 737/364/239 738/365/239 734/363/239
f 729/358/239 736/367/239 735/366/239
f 731/360/240 729/358/240 732/361/240
f 733/362/241 734/363/241 730/359/241
f 739/358/236 741/360/236 740/359/236
f 742/361/237 744/363/237 743/362/237
f 739/358/242 742/361/242 745/366/242
f 742/361/238 739/358/238 740/359/238
f 740/359/238 744/363/238 742/361/238
f 744/363/239 740/359/239 747/364/239
f 747/364/239 748/365/239 744/363/239
f 739/358/239 746/367/239 745/366/239
f 741/360/240 739/358/240 742/361/240
f 743/362/241 744/363/241 740/359/241
f 749/358/236 751/360/236 750/359/236
f 752/361/237 754/363/237 753/362/237
f 755/366/242 756/367/242 749/358/242
f 749/358/242 752/361/242 755/366/242
f 752/361/238 749/358/238 750/359/238
f 750/359/238 754/363/238 752/361/238
f 754/363/239 750/359/239 757/364/239
f 757/364/239 758/365/239 754/363/239
f 751/360/240 749/358/240 752/361/240
f 753/362/241 754/363/241 750/359/241
f 759/358/236 761/360/236 760/359/236
f 762/361/237 764/363/237 763/362/237
f 762/361/238 759/358/238 760/359/238
f 760/359/238 764/363/238 762/361/238
f 764/363/239 760/359/239 767/364/239
f 765/366/239 762/361/239 759/358/239
f 759/358/239 766/367/239 765/366/239
f 761/360/240 759/358/240 762/361/240
f 763/362/241 764/363/241 760/359/241
f 764/363/242 768/365/242 767/364/242
f 769/358/236 771/360/236 770/359/236
f 772/361/237 774/363/237 773/362/237
f 769/358/242 772/361/242 775/366/242
f 772/361/238 769/358/238 770/359/238
f 770/359/238 774/363/238 772/361/238
f 774/363/239 770/359/239 777/364/239
f 777/364/239 778/365/239 774/363/239
f 769/358/239 776/367/239 775/366/239
f 771/360/240 769/358/240 772/361/240
f 773/362/241 774/363/241 770/359/241
f 779/358/236 781/360/236 780/359/236
f 782/361/237 784/363/237 783/362/237
f 779/358/242 782/361/242 785/366/242
f 782/361/238 779/358/238 780/359/238
f 780/359/238 784/363/238 782/361/238
f 784/363/239 780/359/239 787/364/239
f 787/364/239 788/365/239 784/363/239
f 779/358/239 786/367/239 785/366/239
f 781/360/240 779/358/240 782/361/240
f 783/362/241 784/363/241 780/359/241
f 789/358/236 791/360/236 790/359/236
f 792/361/237 794/363/237 793/362/237
f 795/366/242 796/367/242 789/358/242
f 789/358/242 792/361/242 795/366/242
f 792/361/238 789/358/238 790/359/238
f 790/359/238 794/363/238 792/361/238
f 794/363/239 790/359/239 797/364/239
f 791/360/240 789/358/240 792/361/240
f 793/362/241 794/363/241 790/359/241
f 794/363/242 798/365/242 797/364/242
f 799/358/236 801/360/236 800/359/236
f 802/361/237 804/363/237 803/362/237
f 799/358/242 802/361/242 805/366/242
f 802/361/238 799/358/238 800/359/238
f 800/359/238 804/363/238 802/361/238
f 804/363/239 800/359/239 807/364/239
f 799/358/239 806/367/239 805/366/239
f 801/360/240 799/358/240 802/361/240
f 803/362/241 804/363/241 800/359/241
f 804/363/242 808/365/242 807/364/242
f 809/394/238 811/396/238 810/395/238
f 809/394/238 812/397/238 811/396/238
f 813/396/238 809/394/238 814/395/238
f 813/396/238 812/397/238 809/394/238
f 815/398/243 817/400/243 816/399/243
f 815/398/243 818/401/243 817/400/243
f 819/401/244 821/399/244 820/400/244
f 819/401/244 822/398/244 821/399/244
f 823/402/257 825/404/257 824/403/257
f 824/403/257 826/405/257 823/402/257
f 827/406/239 829/408/239 828/407/239
f 828/407/239 830/409/239 827/406/239
f 831/410/258 833/411/258 832/405/258
f 832/405/258 834/403/258 831/410/258
f 835/408/242 837/406/242 836/409/242
f 836/409/242 838/407/242 835/408/242
f 839/412/243 841/414/243 840/413/243
f 840/413/243 842/415/243 839/412/243
f 841/414/259 844/417/259 843/416/259
f 843/416/259 840/413/259 841/414/259
f 844/417/244 846/419/244 845/418/244
f 845/418/244 843/416/244 844/417/244
f 846/419/260 839/412/260 842/415/260
f 842/415/260 845/418/260 846/419/260
f 826/405/243 824/403/243 847/420/243
f 847/420/243 848/421/243 826/405/243
f 830/409/239 828/407/239 849/422/239
f 849/422/239 850/423/239 830/409/239
f 834/403/244 832/405/244 851/421/244
f 851/421/244 852/420/244 834/403/244
f 838/407/242 836/409/242 853/423/242
f 853/423/242 854/422/242 838/407/242
f 831/410/238 825/404/238 823/402/238
f 823/402/238 833/411/238 831/410/238
f 855/424/239 857/426/239 856/425/239
f 856/425/239 858/427/239 855/424/239
f 859/424/242 861/426/242 860/425/242
f 860/425/242 862/427/242 859/424/242
f 863/428/245 865/430/245 864/429/245
f 864/429/245 866/431/245 863/428/245
f 867/432/243 869/433/243 868/433/243
f 868/433/243 870/432/243 867/432/243
f 869/433/239 872/434/239 871/434/239
f 871/434/239 868/433/239 869/433/239
f 872/434/244 874/435/244 873/435/244
f 873/435/244 871/434/244 872/434/244
f 874/435/242 867/432/242 870/432/242
f 870/432/242 873/435/242 874/435/242
f 872/434/238 869/433/238 867/432/238
f 867/432/238 874/435/238 872/434/238
f 875/436/243 877/437/243 876/437/243
f 876/437/243 878/436/243 875/436/243
f 877/437/239 880/438/239 879/438/239
f 879/438/239 876/437/239 877/437/239
f 880/438/244 882/439/244 881/439/244
f 881/439/244 879/438/244 880/438/244
f 882/439/242 875/436/242 878/436/242
f 878/436/242 881/439/242 882/439/242
f 880/438/238 877/437/238 875/436/238
f 875/436/238 882/439/238 880/438/238
f 883/440/238 885/442/238 884/441/238
f 883/440/238 886/443/238 885/442/238
f 883/440/238 887/444/238 886/443/238
f 883/440/238 888/445/238 887/444/238
f 883/440/238 889/446/238 888/445/238
f 883/440/238 890/447/238 889/446/238
f 883/440/238 891/448/238 890/447/238
f 883/440/238 884/441/238 891/448/238
f 892/449/261 894/451/261 893/450/261
f 892/449/262 893/450/262 895/452/262
f 896/453/263 892/449/263 895/452/263
f 896/453/264 895/452/264 897/454/264
f 898/449/265 896/453/265 897/454/265
f 898/449/266 897/454/266 899/452/266
f 900/451/267 898/449/267 899/452/267
f 900/451/268 899/452/268 901/450/268
f 902/455/269 900/451/269 901/450/269
f 902/455/269 901/450/269 903/456/269
f 904/457/270 902/455/270 903/456/270
f 904/457/271 903/456/271 905/458/271
f 906/455/272 904/457/272 905/458/272
f 906/455/273 905/458/273 907/456/273
f 894/451/274 906/455/274 907/456/274
f 894/451/274 907/456/274 893/450/274
f 908/459/275 910/461/275 909/460/275
f 908/459/275 909/460/275 911/462/275
f 912/463/276 908/459/276 911/462/276
f 912/463/276 911/462/276 913/464/276
f 914/459/277 912/463/277 913/464/277
f 914/459/277 913/464/277 915/462/277
f 916/461/278 914/459/278 915/462/278
f 916/461/278 915/462/278 917/460/278
f 918/465/279 916/461/279 917/460/279
f 918/465/279 917/460/279 919/466/279
f 920/467/280 918/465/280 919/466/280
f 920/467/280 919/466/280 921/468/280
f 922/465/281 920/467/281 921/468/281
f 922/465/281 921/468/281 923/466/281
f 910/461/282 922/465/282 923/466/282
f 910/461/282 923/466/282 909/460/282
f 924/469/239 926/471/239 925/470/239
f 925/470/239 927/472/239 924/469/239
f 926/471/242 924/469/242 927/472/242
f 927/472/242 925/470/242 926/471/242
f 928/473/238 930/474/238 929/473/238
f 928/473/238 931/474/238 930/474/238
f 928/473/238 932/473/238 931/474/238
f 928/473/238 933/475/238 932/473/238
f 928/473/238 934/475/238 933/475/238
f 928/473/238 929/473/238 934/475/238
f 935/476/283 936/477/283 929/473/283
f 935/476/284 929/473/284 930/474/284
f 937/476/239 935/476/239 930/474/239
f 937/476/239 930/474/239 931/474/239
f 938/477/285 937/476/285 931/474/285
f 938/477/285 931/474/285 932/473/285
f 939/478/286 938/477/286 932/473/286
f 939/478/286 932/473/286 933/475/286
f 936/477/287 940/478/287 934/475/287
f 936/477/287 934/475/287 929/473/287
f 941/479/288 943/481/288 942/480/288
f 942/480/289 944/482/289 941/479/289
f 943/481/290 946/484/290 945/483/290
f 945/483/291 942/480/291 943/481/291
f 946/484/292 948/486/292 947/485/292
f 947/485/293 945/483/293 946/484/293
f 948/486/294 950/488/294 949/487/294
f 949/487/295 947/485/295 948/486/295
f 950/488/296 952/486/296 951/485/296
f 951/485/297 949/487/297 950/488/297
f 952/486/298 954/484/298 953/483/298
f 953/483/299 951/485/299 952/486/299
f 954/484/300 956/481/300 955/480/300
f 955/480/301 953/483/301 954/484/301
f 956/481/302 941/479/302 944/482/302
f 944/482/303 955/480/303 956/481/303
f 957/489/304 959/491/304 958/490/304
f 957/489/305 958/490/305 960/492/305
f 961/493/306 957/489/306 960/492/306
f 961/493/307 960/492/307 962/494/307
f 963/495/308 961/493/308 962/494/308
f 963/495/309 962/494/309 964/496/309
f 965/497/310 963/495/310 964/496/310
f 965/497/311 964/496/311 966/498/311
f 967/495/312 965/497/312 966/498/312
f 967/495/313 966/498/313 968/496/313
f 969/493/314 967/495/314 968/496/314
f 969/493/315 968/496/315 970/494/315
f 971/489/316 969/493/316 970/494/316
f 971/489/317 970/494/317 972/492/317
f 959/491/318 971/489/318 972/492/318
f 959/491/319 972/492/319 958/490/319
f 973/499/320 974/500/320 959/491/320
f 973/499/321 959/491/321 957/489/321
f 975/501/322 973/499/322 957/489/322
f 975/501/323 957/489/323 961/493/323
f 976/502/324 975/501/324 961/493/324
f 976/502/325 961/493/325 963/495/325
f 977/503/326 976/502/326 963/495/326
f 977/503/327 963/495/327 965/497/327
f 978/502/328 977/503/328 965/497/328
f 978/502/329 965/497/329 967/495/329
f 979/501/330 978/502/330 967/495/330
f 979/501/331 967/495/331 969/493/331
f 980/499/332 979/501/332 969/493/332
f 980/499/333 969/493/333 971/489/333
f 974/500/334 980/499/334 971/489/334
f 974/500/335 971/489/335 959/491/335
f 981/504/336 982/505/336 974/500/336
f 981/504/337 974/500/337 973/499/337
f 983/506/338 981/504/338 973/499/338
f 983/506/339 973/499/339 975/501/339
f 984/507/340 983/506/340 975/501/340
f 984/507/341 975/501/341 976/502/341
f 985/508/342 984/507/342 976/502/342
f 985/508/343 976/502/343 977/503/343
f 986/507/344 985/508/344 977/503/344
f 986/507/345 977/503/345 978/502/345
f 987/506/346 986/507/346 978/502/346
f 987/506/347 978/502/347 979/501/347
f 988/504/348 987/506/348 979/501/348
f 988/504/349 979/501/349 980/499/349
f 982/505/350 988/504/350 980/499/350
f 982/505/351 980/499/351 974/500/351
f 989/509/352 990/510/352 982/505/352
f 989/509/353 982/505/353 981/504/353
f 991/511/354 989/509/354 981/504/354
f 991/511/355 981/504/355 983/506/355
f 992/512/356 991/511/356 983/506/356
f 992/512/357 983/506/357 984/507/357
f 993/513/358 992/512/358 984/507/358
f 993/513/359 984/507/359 985/508/359
f 994/512/360 993/513/360 985/508/360
f 994/512/361 985/508/361 986/507/361
f 995/511/362 994/512/362 986/507/362
f 995/511/363 986/507/363 987/506/363
f 996/509/364 995/511/364 987/506/364
f 996/509/365 987/506/365 988/504/365
f 990/510/366 996/509/366 988/504/366
f 990/510/367 988/504/367 982/505/367
f 997/514/368 998/515/368 990/510/368
f 997/514/369 990/510/369 989/509/369
f 999/516/370 997/514/370 989/509/370
f 999/516/371 989/509/371 991/511/371
f 1000/517/372 999/516/372 991/511/372
f 1000/517/373 991/511/373 992/512/373
f 1001/518/374 1000/517/374 992/512/374
f 1001/518/375 992/512/375 993/513/375
f 1002/517/376 1001/518/376 993/513/376
f 1002/517/377 993/513/377 994/512/377
f 1003/516/378 1002/517/378 994/512/378
f 1003/516/379 994/512/379 995/511/379
f 1004/514/380 1003/516/380 995/511/380
f 1004/514/381 995/511/381 996/509/381
f 998/515/382 1004/514/382 996/509/382
f 998/515/383 996/509/383 990/510/383
f 1005/519/384 1007/521/384 1006/520/384
f 1006/520/384 1008/522/384 1005/519/384
f 1007/521/385 1010/524/385 1009/523/385
f 1009/523/385 1006/520/385 1007/521/385
f 1011/525/386 1013/527/386 1012/526/386
f 1012/526/386 1014/528/386 1011/525/386
f 1015/529/243 1017/531/243 1016/530/243
f 1016/530/243 1018/532/243 1015/529/243
f 1019/527/387 1021/525/387 1020/528/387
f 1020/528/387 1022/526/387 1019/527/387
f 1023/533/388 1025/535/388 1024/534/388
f 1024/534/388 1026/536/388 1023/533/388
f 1025/535/389 1028/538/389 1027/537/389
f 1027/537/389 1024/534/389 1025/535/389
f 1028/538/244 1005/519/244 1008/522/244
f 1008/522/244 1027/537/244 1028/538/244
f 1019/527/238 1013/527/238 1011/525/238
f 1011/525/238 1021/525/238 1019/527/238
f 1021/525/238 1011/525/238 1029/539/238
f 1029/539/238 1030/539/238 1021/525/238
f 1030/539/238 1029/539/238 1031/540/238
f 1031/540/238 1032/540/238 1030/539/238
f 1022/526/245 1020/528/245 1014/528/245
f 1014/528/245 1012/526/245 1022/526/245
f 1020/528/245 1034/541/245 1033/541/245
f 1033/541/245 1014/528/245 1020/528/245
f 1034/541/245 1036/542/245 1035/542/245
f 1035/542/245 1033/541/245 1034/541/245
f 1037/543/390 1039/545/390 1038/544/390
f 1038/544/391 1040/546/391 1037/543/391
f 1039/545/244 1042/545/244 1041/544/244
f 1041/544/244 1038/544/244 1039/545/244
f 1042/545/242 1044/548/242 1043/547/242
f 1043/547/242 1041/544/242 1042/545/242
f 1045/548/239 1047/545/239 1046/544/239
f 1046/544/239 1048/547/239 1045/548/239
f 1047/545/244 1050/545/244 1049/544/244
f 1049/544/244 1046/544/244 1047/545/244
f 1050/545/392 1052/543/392 1051/546/392
f 1051/546/393 1049/544/393 1050/545/393
f 1053/549/394 1055/551/394 1054/550/394
f 1054/550/394 1056/552/394 1053/549/394
f 1048/547/245 1046/544/245 1041/544/245
f 1041/544/245 1043/547/245 1048/547/245
f 1057/553/395 1059/555/395 1058/554/395
f 1058/554/395 1060/556/395 1057/553/395
f 1044/557/243 1045/559/243 1048/558/243
f 1044/557/243 1048/558/243 1043/560/243
o stit_vloz_L
v -0.108026 2.781247 0.043322
v -0.476602 2.672170 0.043322
v -0.476602 2.781247 0.043260
v -0.108026 2.672170 0.043260
v -0.387424 2.629775 0.043322
v -0.197204 2.629775 0.043260
v -0.476602 2.781247 0.043260
v -0.108026 2.672170 0.043260
v -0.108026 2.781247 0.043322
v -0.476602 2.672170 0.043322
v -0.197204 2.629775 0.043260
v -0.387424 2.629775 0.043322
v -0.385014 2.781680 0.043322
v -0.199614 2.781680 -0.077064
v -0.385014 2.781680 -0.077064
v -0.199614 2.781680 0.043260
v -0.257335 2.958304 0.043322
v -0.292314 2.965287 0.355907
v -0.257335 2.958304 0.355907
v -0.292314 2.965287 0.043260
v -0.227609 2.938466 0.043322
v -0.227609 2.938466 0.355907
v -0.207772 2.908802 0.043322
v -0.207772 2.908802 0.355907
v -0.200850 2.873762 0.043260
v -0.200850 2.873762 0.355907
v -0.207772 2.838474 0.043322
v -0.207772 2.838474 0.106235
v -0.227609 2.809057 0.043322
v -0.227609 2.808933 0.091650
v -0.257335 2.789219 0.043322
v -0.257335 2.789034 0.081885
v -0.292314 2.782236 0.043322
v -0.292314 2.782236 0.078425
v -0.327293 2.789219 0.043322
v -0.327293 2.789034 0.081885
v -0.357019 2.809057 0.043322
v -0.357019 2.808933 0.091650
v -0.376856 2.838474 0.043322
v -0.376856 2.838474 0.106235
v -0.383778 2.873762 0.043260
v -0.383778 2.873762 0.355907
v -0.376856 2.908802 0.043322
v -0.376856 2.908802 0.355907
v -0.357019 2.938466 0.043322
v -0.357019 2.938466 0.355907
v -0.327293 2.958304 0.043322
v -0.327293 2.958304 0.355907
v -0.257335 3.143704 0.043322
v -0.292314 3.150687 0.355907
v -0.257335 3.143704 0.355907
v -0.292314 3.150687 0.043260
v -0.227609 3.123866 0.043322
v -0.227609 3.123866 0.355907
v -0.207772 3.094202 0.043322
v -0.207772 3.094202 0.355907
v -0.200850 3.059162 0.043260
v -0.200850 3.059162 0.355907
v -0.207772 3.023874 0.043322
v -0.207772 3.023874 0.106235
v -0.227609 2.994457 0.043322
v -0.227609 2.994334 0.091650
v -0.257335 2.974619 0.043322
v -0.257335 2.974434 0.081885
v -0.292314 2.967636 0.043322
v -0.292314 2.967636 0.078425
v -0.327293 2.974619 0.043322
v -0.327293 2.974434 0.081885
v -0.357019 2.994457 0.043322
v -0.357019 2.994334 0.091650
v -0.376856 3.023874 0.043322
v -0.376856 3.023874 0.106235
v -0.383778 3.059162 0.043260
v -0.383778 3.059162 0.355907
v -0.376856 3.094202 0.043322
v -0.376856 3.094202 0.355907
v -0.357019 3.123866 0.043322
v -0.357019 3.123866 0.355907
v -0.327293 3.143704 0.043322
v -0.327293 3.143704 0.355907
v -0.257335 3.329042 0.043322
v -0.292314 3.336025 0.355907
v -0.257335 3.329042 0.355907
v -0.292314 3.336025 0.043261
v -0.227609 3.309205 0.043322
v -0.227609 3.309205 0.355907
v -0.207772 3.279541 0.043322
v -0.207772 3.279541 0.355907
v -0.200850 3.244500 0.043261
v -0.200850 3.244500 0.355907
v -0.207772 3.209274 0.043322
v -0.207772 3.209274 0.106235
v -0.227609 3.179857 0.043322
v -0.227609 3.179733 0.091650
v -0.257335 3.160019 0.043322
v -0.257335 3.159834 0.081885
v -0.292314 3.153036 0.043322
v -0.292314 3.153036 0.078425
v -0.327293 3.160019 0.043322
v -0.327293 3.159834 0.081885
v -0.357019 3.179857 0.043322
v -0.357019 3.179733 0.091650
v -0.376856 3.209274 0.043322
v -0.376856 3.209274 0.106235
v -0.383778 3.244500 0.043260
v -0.383778 3.244500 0.355907
v -0.376856 3.279541 0.043322
v -0.376856 3.279541 0.355907
v -0.357019 3.309205 0.043322
v -0.357019 3.309205 0.355907
v -0.327293 3.329042 0.043322
v -0.327293 3.329042 0.355907
v -0.197204 3.489475 0.043137
v -0.476602 3.446647 0.043261
v -0.387424 3.489475 0.043446
v -0.108026 3.446647 0.043322
v -0.476602 2.781247 0.043260
v -0.108026 2.781247 0.043322
v -0.387424 3.489475 0.043446
v -0.108026 3.446647 0.043322
v -0.197204 3.489475 0.043137
v -0.476602 3.446647 0.043261
v -0.108026 2.781247 0.043322
v -0.476602 2.781247 0.043260
v -0.199614 3.337138 -0.077064
v -0.199614 2.781680 0.043260
v -0.199614 3.337138 0.043261
v -0.199614 2.781680 -0.077064
v -0.385014 3.337138 0.043322
v -0.385014 2.781680 -0.077064
v -0.385014 3.337138 -0.077064
v -0.385014 2.781680 0.043322
v -0.385014 3.337138 0.043322
v -0.199614 3.337138 0.043261
vn -0.0002 0.0006 1.0000
vn 0.0002 -0.0006 1.0000
vn 0.0002 0.0004 1.0000
vn 0.0003 -0.0007 1.0000
vn 0.0002 0.0006 -1.0000
vn -0.0002 -0.0006 -1.0000
vn -0.0002 0.0004 -1.0000
vn -0.0003 -0.0007 -1.0000
vn -0.0000 -1.0000 -0.0000
vn -0.1958 -0.9806 -0.0000
vn 0.1958 0.9806 -0.0000
vn -0.5551 -0.8318 -0.0000
vn 0.5551 0.8318 -0.0000
vn -0.8312 -0.5559 -0.0000
vn -0.8313 -0.5559 -0.0000
vn 0.8312 0.5559 -0.0000
vn 0.8313 0.5559 -0.0000
vn -0.9810 -0.1938 -0.0000
vn 0.9810 0.1938 -0.0000
vn -0.9813 0.1925 -0.0000
vn 0.9813 -0.1925 -0.0000
vn -0.8305 0.5570 0.0014
vn -0.8291 0.5591 -0.0000
vn 0.8291 -0.5591 -0.0014
vn 0.8302 -0.5575 -0.0000
vn -0.5572 0.8304 0.0040
vn -0.5551 0.8318 0.0021
vn 0.5551 -0.8318 -0.0040
vn 0.5568 -0.8307 -0.0021
vn -0.1908 0.9816 -0.0000
vn -0.1958 0.9806 0.0047
vn 0.1958 -0.9806 -0.0000
vn 0.1912 -0.9815 -0.0047
vn 0.1912 0.9815 0.0047
vn -0.1958 -0.9806 -0.0047
vn -0.1908 -0.9816 -0.0000
vn 0.5568 0.8307 0.0021
vn 0.5551 0.8318 0.0040
vn -0.5551 -0.8318 -0.0021
vn -0.5572 -0.8304 -0.0040
vn 0.8302 0.5575 -0.0000
vn 0.8291 0.5591 0.0014
vn -0.8291 -0.5591 -0.0000
vn -0.8305 -0.5570 -0.0014
vn 0.9813 0.1925 -0.0000
vn -0.9813 -0.1925 -0.0000
vn 0.9810 -0.1938 -0.0000
vn -0.9810 0.1938 -0.0000
vn 0.8313 -0.5559 -0.0000
vn 0.8312 -0.5559 -0.0000
vn -0.8313 0.5559 -0.0000
vn -0.8312 0.5559 -0.0000
vn 0.5551 -0.8318 -0.0000
vn -0.5551 0.8318 -0.0000
vn -0.1958 0.9806 -0.0000
vn -0.9812 0.1928 -0.0000
vn 0.9812 -0.1928 -0.0000
vn 0.9812 0.1928 -0.0000
vn -0.9812 -0.1928 -0.0000
vn 0.0016 -0.0077 1.0000
vn -0.0002 0.0040 1.0000
vn -0.0002 -0.0000 1.0000
vn -0.0016 -0.0077 -1.0000
vn 0.0002 0.0040 -1.0000
vn 0.0002 -0.0000 -1.0000
vn 1.0000 -0.0000 -0.0000
vn -1.0000 -0.0000 -0.0000
vn -0.0000 -0.0000 -1.0000
vn -0.0000 1.0000 -0.0000
vt 0.412000 0.337000
vt 0.220000 0.279000
vt 0.220000 0.337000
vt 0.412000 0.279000
vt 0.263000 0.267000
vt 0.367000 0.267000
vt 0.212000 0.334000
vt 0.003000 0.279000
vt 0.003000 0.334000
vt 0.212000 0.279000
vt 0.052000 0.267000
vt 0.166000 0.267000
vt 0.533000 0.393000
vt 0.471000 0.440000
vt 0.533000 0.440000
vt 0.471000 0.393000
vt 0.411000 0.078000
vt 0.247000 0.081000
vt 0.247000 0.078000
vt 0.411000 0.081000
vt 0.411000 0.070000
vt 0.247000 0.070000
vt 0.411000 0.058000
vt 0.247000 0.058000
vt 0.411000 0.044000
vt 0.247000 0.044000
vt 0.411000 0.030000
vt 0.372000 0.030000
vt 0.411000 0.018000
vt 0.381000 0.018000
vt 0.411000 0.010000
vt 0.387000 0.010000
vt 0.411000 0.007000
vt 0.391000 0.007000
vt 0.367000 0.996000
vt 0.220000 0.984000
vt 0.263000 0.996000
vt 0.412000 0.984000
vt 0.220000 0.636000
vt 0.412000 0.636000
vt 0.166000 0.996000
vt 0.003000 0.984000
vt 0.052000 0.996000
vt 0.212000 0.984000
vt 0.003000 0.630000
vt 0.212000 0.630000
vt 0.471000 0.950000
vt 0.418000 0.695000
vt 0.418000 0.950000
vt 0.470000 0.695000
vt 0.590000 0.950000
vt 0.532000 0.695000
vt 0.533000 0.950000
vt 0.590000 0.695000
vt 0.533000 0.995000
vt 0.471000 0.995000
s 0
usemtl AZD_Nav_Stit
f 1061/561/396 1063/563/396 1062/562/396
f 1062/562/397 1064/564/397 1061/561/397
f 1064/564/398 1062/562/398 1065/565/398
f 1065/565/399 1066/566/399 1064/564/399
f 1067/567/400 1069/569/400 1068/568/400
f 1068/568/401 1070/570/401 1067/567/401
f 1070/570/402 1068/568/402 1071/571/402
f 1071/571/403 1072/572/403 1070/570/403
f 1073/573/404 1075/575/404 1074/574/404
f 1074/574/404 1076/576/404 1073/573/404
f 1077/577/405 1079/579/405 1078/578/405
f 1077/577/405 1078/578/405 1080/580/405
f 1079/579/406 1077/577/406 1080/580/406
f 1079/579/406 1080/580/406 1078/578/406
f 1081/581/407 1082/582/407 1079/579/407
f 1081/581/407 1079/579/407 1077/577/407
f 1082/582/408 1081/581/408 1077/577/408
f 1082/582/408 1077/577/408 1079/579/408
f 1083/583/409 1084/584/409 1082/582/409
f 1083/583/410 1082/582/410 1081/581/410
f 1084/584/411 1083/583/411 1081/581/411
f 1084/584/412 1081/581/412 1082/582/412
f 1085/585/413 1086/586/413 1084/584/413
f 1085/585/413 1084/584/413 1083/583/413
f 1086/586/414 1085/585/414 1083/583/414
f 1086/586/414 1083/583/414 1084/584/414
f 1087/587/415 1088/588/415 1086/586/415
f 1087/587/415 1086/586/415 1085/585/415
f 1088/588/416 1087/587/416 1085/585/416
f 1088/588/416 1085/585/416 1086/586/416
f 1089/589/417 1090/590/417 1088/588/417
f 1089/589/418 1088/588/418 1087/587/418
f 1090/590/419 1089/589/419 1087/587/419
f 1090/590/420 1087/587/420 1088/588/420
f 1091/591/421 1092/592/421 1090/590/421
f 1091/591/422 1090/590/422 1089/589/422
f 1092/592/423 1091/591/423 1089/589/423
f 1092/592/424 1089/589/424 1090/590/424
f 1093/593/425 1094/594/425 1092/592/425
f 1093/593/426 1092/592/426 1091/591/426
f 1094/594/427 1093/593/427 1091/591/427
f 1094/594/428 1091/591/428 1092/592/428
f 1095/591/429 1096/592/429 1094/594/429
f 1095/591/406 1094/594/406 1093/593/406
f 1096/592/430 1095/591/430 1093/593/430
f 1096/592/431 1093/593/431 1094/594/431
f 1097/589/432 1098/590/432 1096/592/432
f 1097/589/433 1096/592/433 1095/591/433
f 1098/590/434 1097/589/434 1095/591/434
f 1098/590/435 1095/591/435 1096/592/435
f 1099/587/436 1100/588/436 1098/590/436
f 1099/587/437 1098/590/437 1097/589/437
f 1100/588/438 1099/587/438 1097/589/438
f 1100/588/439 1097/589/439 1098/590/439
f 1101/585/440 1102/586/440 1100/588/440
f 1101/585/440 1100/588/440 1099/587/440
f 1102/586/441 1101/585/441 1099/587/441
f 1102/586/441 1099/587/441 1100/588/441
f 1103/583/442 1104/584/442 1102/586/442
f 1103/583/442 1102/586/442 1101/585/442
f 1104/584/443 1103/583/443 1101/585/443
f 1104/584/443 1101/585/443 1102/586/443
f 1105/581/444 1106/582/444 1104/584/444
f 1105/581/445 1104/584/445 1103/583/445
f 1106/582/446 1105/581/446 1103/583/446
f 1106/582/447 1103/583/447 1104/584/447
f 1107/577/448 1108/579/448 1106/582/448
f 1107/577/448 1106/582/448 1105/581/448
f 1108/579/449 1107/577/449 1105/581/449
f 1108/579/449 1105/581/449 1106/582/449
f 1080/580/427 1078/578/427 1108/579/427
f 1080/580/427 1108/579/427 1107/577/427
f 1078/578/450 1080/580/450 1107/577/450
f 1078/578/450 1107/577/450 1108/579/450
f 1109/577/405 1111/579/405 1110/578/405
f 1109/577/405 1110/578/405 1112/580/405
f 1111/579/406 1109/577/406 1112/580/406
f 1111/579/406 1112/580/406 1110/578/406
f 1113/581/407 1114/582/407 1111/579/407
f 1113/581/407 1111/579/407 1109/577/407
f 1114/582/408 1113/581/408 1109/577/408
f 1114/582/408 1109/577/408 1111/579/408
f 1115/583/409 1116/584/409 1114/582/409
f 1115/583/410 1114/582/410 1113/581/410
f 1116/584/411 1115/583/411 1113/581/411
f 1116/584/412 1113/581/412 1114/582/412
f 1117/585/413 1118/586/413 1116/584/413
f 1117/585/413 1116/584/413 1115/583/413
f 1118/586/414 1117/585/414 1115/583/414
f 1118/586/414 1115/583/414 1116/584/414
f 1119/587/415 1120/588/415 1118/586/415
f 1119/587/415 1118/586/415 1117/585/415
f 1120/588/416 1119/587/416 1117/585/416
f 1120/588/416 1117/585/416 1118/586/416
f 1121/589/417 1122/590/417 1120/588/417
f 1121/589/418 1120/588/418 1119/587/418
f 1122/590/419 1121/589/419 1119/587/419
f 1122/590/420 1119/587/420 1120/588/420
f 1123/591/421 1124/592/421 1122/590/421
f 1123/591/422 1122/590/422 1121/589/422
f 1124/592/423 1123/591/423 1121/589/423
f 1124/592/424 1121/589/424 1122/590/424
f 1125/593/425 1126/594/425 1124/592/425
f 1125/593/426 1124/592/426 1123/591/426
f 1126/594/427 1125/593/427 1123/591/427
f 1126/594/428 1123/591/428 1124/592/428
f 1127/591/429 1128/592/429 1126/594/429
f 1127/591/406 1126/594/406 1125/593/406
f 1128/592/430 1127/591/430 1125/593/430
f 1128/592/431 1125/593/431 1126/594/431
f 1129/589/432 1130/590/432 1128/592/432
f 1129/589/433 1128/592/433 1127/591/433
f 1130/590/434 1129/589/434 1127/591/434
f 1130/590/435 1127/591/435 1128/592/435
f 1131/587/436 1132/588/436 1130/590/436
f 1131/587/437 1130/590/437 1129/589/437
f 1132/588/438 1131/587/438 1129/589/438
f 1132/588/439 1129/589/439 1130/590/439
f 1133/585/440 1134/586/440 1132/588/440
f 1133/585/440 1132/588/440 1131/587/440
f 1134/586/441 1133/585/441 1131/587/441
f 1134/586/441 1131/587/441 1132/588/441
f 1135/583/442 1136/584/442 1134/586/442
f 1135/583/442 1134/586/442 1133/585/442
f 1136/584/443 1135/583/443 1133/585/443
f 1136/584/443 1133/585/443 1134/586/443
f 1137/581/444 1138/582/444 1136/584/444
f 1137/581/445 1136/584/445 1135/583/445
f 1138/582/446 1137/581/446 1135/583/446
f 1138/582/447 1135/583/447 1136/584/447
f 1139/577/448 1140/579/448 1138/582/448
f 1139/577/448 1138/582/448 1137/581/448
f 1140/579/449 1139/577/449 1137/581/449
f 1140/579/449 1137/581/449 1138/582/449
f 1112/580/427 1110/578/427 1140/579/427
f 1112/580/427 1140/579/427 1139/577/427
f 1110/578/450 1112/580/450 1139/577/450
f 1110/578/450 1139/577/450 1140/579/450
f 1141/577/405 1143/579/405 1142/578/405
f 1141/577/405 1142/578/405 1144/580/405
f 1143/579/406 1141/577/406 1144/580/406
f 1143/579/406 1144/580/406 1142/578/406
f 1145/581/407 1146/582/407 1143/579/407
f 1145/581/407 1143/579/407 1141/577/407
f 1146/582/408 1145/581/408 1141/577/408
f 1146/582/408 1141/577/408 1143/579/408
f 1147/583/409 1148/584/409 1146/582/409
f 1147/583/410 1146/582/410 1145/581/410
f 1148/584/411 1147/583/411 1145/581/411
f 1148/584/412 1145/581/412 1146/582/412
f 1149/585/413 1150/586/413 1148/584/413
f 1149/585/413 1148/584/413 1147/583/413
f 1150/586/414 1149/585/414 1147/583/414
f 1150/586/414 1147/583/414 1148/584/414
f 1151/587/451 1152/588/451 1150/586/451
f 1151/587/451 1150/586/451 1149/585/451
f 1152/588/452 1151/587/452 1149/585/452
f 1152/588/452 1149/585/452 1150/586/452
f 1153/589/417 1154/590/417 1152/588/417
f 1153/589/418 1152/588/418 1151/587/418
f 1154/590/419 1153/589/419 1151/587/419
f 1154/590/420 1151/587/420 1152/588/420
f 1155/591/421 1156/592/421 1154/590/421
f 1155/591/422 1154/590/422 1153/589/422
f 1156/592/423 1155/591/423 1153/589/423
f 1156/592/424 1153/589/424 1154/590/424
f 1157/593/425 1158/594/425 1156/592/425
f 1157/593/426 1156/592/426 1155/591/426
f 1158/594/427 1157/593/427 1155/591/427
f 1158/594/428 1155/591/428 1156/592/428
f 1159/591/429 1160/592/429 1158/594/429
f 1159/591/406 1158/594/406 1157/593/406
f 1160/592/430 1159/591/430 1157/593/430
f 1160/592/431 1157/593/431 1158/594/431
f 1161/589/432 1162/590/432 1160/592/432
f 1161/589/433 1160/592/433 1159/591/433
f 1162/590/434 1161/589/434 1159/591/434
f 1162/590/435 1159/591/435 1160/592/435
f 1163/587/436 1164/588/436 1162/590/436
f 1163/587/437 1162/590/437 1161/589/437
f 1164/588/438 1163/587/438 1161/589/438
f 1164/588/439 1161/589/439 1162/590/439
f 1165/585/453 1166/586/453 1164/588/453
f 1165/585/453 1164/588/453 1163/587/453
f 1166/586/454 1165/585/454 1163/587/454
f 1166/586/454 1163/587/454 1164/588/454
f 1167/583/442 1168/584/442 1166/586/442
f 1167/583/442 1166/586/442 1165/585/442
f 1168/584/443 1167/583/443 1165/585/443
f 1168/584/443 1165/585/443 1166/586/443
f 1169/581/444 1170/582/444 1168/584/444
f 1169/581/445 1168/584/445 1167/583/445
f 1170/582/446 1169/581/446 1167/583/446
f 1170/582/447 1167/583/447 1168/584/447
f 1171/577/448 1172/579/448 1170/582/448
f 1171/577/448 1170/582/448 1169/581/448
f 1172/579/449 1171/577/449 1169/581/449
f 1172/579/449 1169/581/449 1170/582/449
f 1144/580/427 1142/578/427 1172/579/427
f 1144/580/427 1172/579/427 1171/577/427
f 1142/578/450 1144/580/450 1171/577/450
f 1142/578/450 1171/577/450 1172/579/450
f 1173/595/455 1175/597/455 1174/596/455
f 1174/596/456 1176/598/456 1173/595/456
f 1176/598/457 1174/596/457 1177/599/457
f 1177/599/457 1178/600/457 1176/598/457
f 1179/601/458 1181/603/458 1180/602/458
f 1180/602/459 1182/604/459 1179/601/459
f 1182/604/460 1180/602/460 1183/605/460
f 1183/605/460 1184/606/460 1182/604/460
f 1185/607/461 1187/609/461 1186/608/461
f 1186/608/461 1188/610/461 1185/607/461
f 1189/611/462 1191/613/462 1190/612/462
f 1190/612/462 1192/614/462 1189/611/462
f 1191/613/463 1185/607/463 1188/610/463
f 1188/610/463 1190/612/463 1191/613/463
f 1193/615/464 1194/616/464 1185/607/464
f 1185/607/464 1191/613/464 1193/615/464
o modra_vloz_L
v -0.219033 2.841104 0.050109
v -0.213851 2.857053 0.050109
v -0.212098 2.873731 0.050109
v -0.238639 2.814119 0.050109
v -0.227418 2.826581 0.050109
v -0.213851 2.890409 0.050109
v -0.267526 2.797441 0.050109
v -0.252206 2.804262 0.050109
v -0.227418 2.920881 0.050109
v -0.219033 2.906358 0.050109
v -0.252206 2.943201 0.050109
v -0.238639 2.933343 0.050109
v -0.300699 2.793954 0.050109
v -0.283929 2.793954 0.050109
v -0.283929 2.953508 0.050109
v -0.332422 2.804262 0.050109
v -0.317102 2.797441 0.050109
v -0.267526 2.950022 0.050109
v -0.317102 2.950022 0.050109
v -0.300699 2.953508 0.050109
v -0.345989 2.933343 0.050109
v -0.332422 2.943201 0.050109
v -0.365595 2.906358 0.050109
v -0.357210 2.920881 0.050109
v -0.357210 2.826581 0.050109
v -0.345989 2.814119 0.050109
v -0.372530 2.873731 0.050109
v -0.370777 2.857053 0.050109
v -0.365595 2.841104 0.050109
v -0.370777 2.890409 0.050109
vn -0.0000 -0.0000 1.0000
vt 0.261343 0.323378
vt 0.253417 0.347905
vt 0.250736 0.373553
vt 0.291329 0.281879
vt 0.274167 0.301044
vt 0.335509 0.256231
vt 0.312079 0.266720
vt 0.386245 0.250869
vt 0.360597 0.250869
vt 0.434763 0.266720
vt 0.411332 0.256231
vt 0.472674 0.301044
vt 0.455513 0.281879
vt 0.493424 0.347905
vt 0.485498 0.323378
vt 0.493424 0.399201
vt 0.496105 0.373553
vt 0.472674 0.446062
vt 0.485498 0.423728
vt 0.434763 0.480386
vt 0.455513 0.465227
vt 0.386245 0.496237
vt 0.411332 0.490875
vt 0.335509 0.490875
vt 0.360597 0.496237
vt 0.291329 0.465227
vt 0.312079 0.480386
vt 0.261343 0.423728
vt 0.274167 0.446062
vt 0.253417 0.399201
s 0
usemtl cocky.035
f 1195/617/465 1196/618/465 1197/619/465
f 1198/620/465 1199/621/465 1195/617/465
f 1201/622/465 1202/623/465 1198/620/465
f 1201/622/465 1198/620/465 1195/617/465
f 1207/624/465 1208/625/465 1201/622/465
f 1210/626/465 1211/627/465 1207/624/465
f 1210/626/465 1207/624/465 1201/622/465
f 1210/626/465 1201/622/465 1195/617/465
f 1219/628/465 1220/629/465 1210/626/465
f 1222/630/465 1223/631/465 1219/628/465
f 1222/630/465 1219/628/465 1210/626/465
f 1224/632/465 1221/633/465 1222/630/465
f 1218/634/465 1217/635/465 1224/632/465
f 1218/634/465 1224/632/465 1222/630/465
f 1218/634/465 1222/630/465 1210/626/465
f 1216/636/465 1215/637/465 1218/634/465
f 1214/638/465 1213/639/465 1216/636/465
f 1214/638/465 1216/636/465 1218/634/465
f 1212/640/465 1209/641/465 1214/638/465
f 1206/642/465 1205/643/465 1212/640/465
f 1206/642/465 1212/640/465 1214/638/465
f 1206/642/465 1214/638/465 1218/634/465
f 1206/642/465 1218/634/465 1210/626/465
f 1206/642/465 1210/626/465 1195/617/465
f 1204/644/465 1203/645/465 1206/642/465
f 1204/644/465 1206/642/465 1195/617/465
f 1204/644/465 1195/617/465 1197/619/465
f 1204/644/465 1197/619/465 1200/646/465
o cervena_vloz_L
v -0.219033 3.211869 0.050109
v -0.213851 3.227818 0.050109
v -0.212098 3.244496 0.050109
v -0.238639 3.184884 0.050109
v -0.227418 3.197346 0.050109
v -0.213851 3.261174 0.050109
v -0.267526 3.168205 0.050109
v -0.252206 3.175027 0.050109
v -0.227418 3.291646 0.050109
v -0.219033 3.277123 0.050109
v -0.252206 3.313966 0.050109
v -0.238639 3.304108 0.050109
v -0.300699 3.164719 0.050109
v -0.283929 3.164719 0.050109
v -0.283929 3.324273 0.050109
v -0.332422 3.175027 0.050109
v -0.317102 3.168205 0.050109
v -0.267526 3.320787 0.050109
v -0.317102 3.320787 0.050109
v -0.300699 3.324273 0.050109
v -0.345989 3.304108 0.050109
v -0.332422 3.313966 0.050109
v -0.365595 3.277123 0.050109
v -0.357210 3.291646 0.050109
v -0.357210 3.197346 0.050109
v -0.345989 3.184884 0.050109
v -0.372530 3.244496 0.050109
v -0.370777 3.227818 0.050109
v -0.365595 3.211869 0.050109
v -0.370777 3.261174 0.050109
vn -0.0000 -0.0000 1.0000
vt 0.511910 0.824246
vt 0.503984 0.848772
vt 0.501303 0.874420
vt 0.541896 0.782746
vt 0.524734 0.801911
vt 0.586076 0.757098
vt 0.562645 0.767588
vt 0.636811 0.751736
vt 0.611163 0.751736
vt 0.685330 0.767588
vt 0.661899 0.757098
vt 0.723241 0.801911
vt 0.706079 0.782746
vt 0.743991 0.848772
vt 0.736065 0.824245
vt 0.743991 0.900068
vt 0.746672 0.874420
vt 0.723241 0.946930
vt 0.736065 0.924596
vt 0.685330 0.981253
vt 0.706079 0.966095
vt 0.636812 0.997105
vt 0.661899 0.991743
vt 0.586076 0.991743
vt 0.611164 0.997105
vt 0.541896 0.966095
vt 0.562645 0.981253
vt 0.511910 0.924596
vt 0.524734 0.946930
vt 0.503984 0.900068
s 0
usemtl cocky.035
f 1225/647/466 1226/648/466 1227/649/466
f 1228/650/466 1229/651/466 1225/647/466
f 1231/652/466 1232/653/466 1228/650/466
f 1231/652/466 1228/650/466 1225/647/466
f 1237/654/466 1238/655/466 1231/652/466
f 1240/656/466 1241/657/466 1237/654/466
f 1240/656/466 1237/654/466 1231/652/466
f 1240/656/466 1231/652/466 1225/647/466
f 1249/658/466 1250/659/466 1240/656/466
f 1252/660/466 1253/661/466 1249/658/466
f 1252/660/466 1249/658/466 1240/656/466
f 1254/662/466 1251/663/466 1252/660/466
f 1248/664/466 1247/665/466 1254/662/466
f 1248/664/466 1254/662/466 1252/660/466
f 1248/664/466 1252/660/466 1240/656/466
f 1246/666/466 1245/667/466 1248/664/466
f 1244/668/466 1243/669/466 1246/666/466
f 1244/668/466 1246/666/466 1248/664/466
f 1242/670/466 1239/671/466 1244/668/466
f 1236/672/466 1235/673/466 1242/670/466
f 1236/672/466 1242/670/466 1244/668/466
f 1236/672/466 1244/668/466 1248/664/466
f 1236/672/466 1248/664/466 1240/656/466
f 1236/672/466 1240/656/466 1225/647/466
f 1234/674/466 1233/675/466 1236/672/466
f 1234/674/466 1236/672/466 1225/647/466
f 1234/674/466 1225/647/466 1227/649/466
f 1234/674/466 1227/649/466 1230/676/466
o bila_vloz_L
v -0.219033 3.026504 0.050109
v -0.213851 3.042453 0.050109
v -0.212098 3.059131 0.050109
v -0.238639 2.999519 0.050109
v -0.227418 3.011981 0.050109
v -0.213851 3.075810 0.050109
v -0.267526 2.982841 0.050109
v -0.252206 2.989662 0.050109
v -0.227418 3.106281 0.050109
v -0.219033 3.091758 0.050109
v -0.252206 3.128601 0.050109
v -0.238639 3.118743 0.050109
v -0.300699 2.979354 0.050109
v -0.283929 2.979354 0.050109
v -0.283929 3.138908 0.050109
v -0.332422 2.989662 0.050109
v -0.317102 2.982841 0.050109
v -0.267526 3.135422 0.050109
v -0.317102 3.135422 0.050109
v -0.300699 3.138908 0.050109
v -0.345989 3.118743 0.050109
v -0.332422 3.128601 0.050109
v -0.365595 3.091758 0.050109
v -0.357210 3.106281 0.050109
v -0.357210 3.011981 0.050109
v -0.345989 2.999519 0.050109
v -0.372530 3.059131 0.050109
v -0.370777 3.042453 0.050109
v -0.365595 3.026504 0.050109
v -0.370777 3.075810 0.050109
vn -0.0000 -0.0000 1.0000
vt 0.761781 0.824246
vt 0.753855 0.848772
vt 0.751174 0.874420
vt 0.791767 0.782746
vt 0.774605 0.801911
vt 0.835947 0.757098
vt 0.812517 0.767588
vt 0.886683 0.751736
vt 0.861035 0.751736
vt 0.935201 0.767588
vt 0.911770 0.757098
vt 0.973112 0.801911
vt 0.955950 0.782746
vt 0.993862 0.848772
vt 0.985936 0.824245
vt 0.993862 0.900068
vt 0.996543 0.874420
vt 0.973112 0.946930
vt 0.985936 0.924596
vt 0.935201 0.981253
vt 0.955950 0.966095
vt 0.886683 0.997105
vt 0.911770 0.991743
vt 0.835947 0.991743
vt 0.861035 0.997105
vt 0.791767 0.966095
vt 0.812517 0.981253
vt 0.761781 0.924596
vt 0.774605 0.946930
vt 0.753855 0.900068
s 0
usemtl cocky.035
f 1255/677/467 1256/678/467 1257/679/467
f 1258/680/467 1259/681/467 1255/677/467
f 1261/682/467 1262/683/467 1258/680/467
f 1261/682/467 1258/680/467 1255/677/467
f 1267/684/467 1268/685/467 1261/682/467
f 1270/686/467 1271/687/467 1267/684/467
f 1270/686/467 1267/684/467 1261/682/467
f 1270/686/467 1261/682/467 1255/677/467
f 1279/688/467 1280/689/467 1270/686/467
f 1282/690/467 1283/691/467 1279/688/467
f 1282/690/467 1279/688/467 1270/686/467
f 1284/692/467 1281/693/467 1282/690/467
f 1278/694/467 1277/695/467 1284/692/467
f 1278/694/467 1284/692/467 1282/690/467
f 1278/694/467 1282/690/467 1270/686/467
f 1276/696/467 1275/697/467 1278/694/467
f 1274/698/467 1273/699/467 1276/696/467
f 1274/698/467 1276/696/467 1278/694/467
f 1272/700/467 1269/701/467 1274/698/467
f 1266/702/467 1265/703/467 1272/700/467
f 1266/702/467 1272/700/467 1274/698/467
f 1266/702/467 1274/698/467 1278/694/467
f 1266/702/467 1278/694/467 1270/686/467
f 1266/702/467 1270/686/467 1255/677/467
f 1264/704/467 1263/705/467 1266/702/467
f 1264/704/467 1266/702/467 1255/677/467
f 1264/704/467 1255/677/467 1257/679/467
f 1264/704/467 1257/679/467 1260/706/467
o stitek_vloz_L
v -0.319568 2.708014 0.041406
v -0.265060 2.539980 0.041406
v -0.265060 2.708014 0.041406
v -0.319568 2.539980 0.041406
v -0.415914 2.634225 0.043878
v -0.168714 2.521440 0.043878
v -0.168714 2.634225 0.043878
v -0.415914 2.521440 0.043878
v -0.168714 2.634225 0.043878
v -0.415914 2.521440 0.043878
v -0.415914 2.634225 0.043878
v -0.168714 2.521440 0.043878
vn -0.0000 -0.0000 -1.0000
vn -0.0000 -0.0000 1.0000
vt 0.926000 0.426000
vt 0.873000 0.373000
vt 0.873000 0.426000
vt 0.926000 0.373000
vt 0.946000 0.550000
vt 0.986000 0.507000
vt 0.986000 0.550000
vt 0.946000 0.507000
vt 0.792000 0.997000
vt 0.685000 0.944000
vt 0.685000 0.997000
vt 0.792000 0.944000
s 0
usemtl AZD_Nav_Stit
f 1285/707/468 1287/709/468 1286/708/468
f 1286/708/468 1288/710/468 1285/707/468
f 1289/711/468 1291/713/468 1290/712/468
f 1290/712/468 1292/714/468 1289/711/468
f 1293/715/469 1295/717/469 1294/716/469
f 1294/716/469 1296/718/469 1293/715/469
o stozar_vloz_R
v -0.011557 2.545542 -0.128544
v -0.011557 2.545542 0.128544
v 0.000000 2.499192 0.000000
v 0.011557 2.545542 -0.128544
v 0.000000 2.499192 0.000000
v 0.011557 2.545542 0.128544
v 0.011557 2.562228 -0.128544
v -0.011557 2.562228 -0.128544
v -0.011557 2.562228 0.128544
v 0.011557 2.562228 0.128544
v -0.011557 0.914207 -0.128544
v -0.011557 0.914207 0.128544
v 0.000000 0.867857 0.000000
v 0.011557 0.914207 -0.128544
v 0.000000 0.867857 0.000000
v 0.011557 0.914207 0.128544
v 0.011557 0.930832 -0.128544
v -0.011557 0.930832 -0.128544
v -0.011557 0.930832 0.128544
v 0.011557 0.930832 0.128544
v -0.011557 0.710267 -0.128544
v -0.011557 0.710267 0.128544
v 0.000000 0.663917 0.000000
v 0.011557 0.710267 -0.128544
v 0.000000 0.663917 0.000000
v 0.011557 0.710267 0.128544
v 0.011557 0.726892 -0.128544
v -0.011557 0.726892 -0.128544
v -0.011557 0.726892 0.128544
v 0.011557 0.726892 0.128544
v -0.011557 2.341726 -0.128544
v -0.011557 2.341726 0.128544
v 0.000000 2.295376 0.000000
v 0.011557 2.341726 -0.128544
v 0.000000 2.295376 0.000000
v 0.011557 2.341726 0.128544
v 0.011557 2.358350 -0.128544
v -0.011557 2.358350 -0.128544
v -0.011557 2.358350 0.128544
v 0.011557 2.358350 0.128544
v -0.036895 2.366940 0.137876
v -0.036895 1.116108 0.128544
v -0.036895 2.366940 0.128544
v -0.036895 1.116108 0.137876
v -0.036895 2.366940 0.128544
v 0.036895 1.116108 0.128544
v 0.036895 2.366940 0.128544
v -0.036895 1.116108 0.128544
v 0.036895 2.366940 0.128544
v 0.036895 1.116108 0.137876
v 0.036895 2.366940 0.137876
v 0.036895 1.116108 0.128544
v -0.021939 2.156758 0.054693
v -0.055991 2.144398 0.000000
v -0.055991 2.156758 0.000000
v -0.021939 2.144398 0.054693
v -0.021939 2.144398 -0.054693
v -0.021939 2.156758 -0.054693
v -0.084851 2.150578 -0.070081
v 0.084851 2.150578 -0.070081
v 0.021939 2.144398 -0.054693
v 0.021939 2.156758 -0.054693
v 0.055991 2.144398 0.000000
v 0.055991 2.156758 0.000000
v 0.021939 2.144398 0.054693
v 0.021939 2.156758 0.054693
v 0.058895 2.172764 -0.234654
v -0.084851 2.161949 -0.213333
v -0.058895 2.172764 -0.234654
v 0.084851 2.161949 -0.213333
v -0.011557 2.137662 -0.128544
v -0.011557 2.137662 0.128544
v 0.000000 2.091312 0.000000
v 0.011557 2.137662 -0.128544
v 0.000000 2.091312 0.000000
v 0.011557 2.137662 0.128544
v 0.011557 2.154348 -0.128544
v -0.011557 2.154348 -0.128544
v -0.011557 2.154348 0.128544
v 0.011557 2.154348 0.128544
v -0.011557 1.933722 -0.128544
v -0.011557 1.933722 0.128544
v 0.000000 1.887372 0.000000
v 0.011557 1.933722 -0.128544
v 0.000000 1.887372 0.000000
v 0.011557 1.933722 0.128544
v 0.011557 1.950408 -0.128544
v -0.011557 1.950408 -0.128544
v -0.011557 1.950408 0.128544
v 0.011557 1.950408 0.128544
v -0.011557 1.729782 -0.128544
v -0.011557 1.729782 0.128544
v 0.000000 1.683432 0.000000
v 0.011557 1.729782 -0.128544
v 0.000000 1.683432 0.000000
v 0.011557 1.729782 0.128544
v 0.011557 1.746468 -0.128544
v -0.011557 1.746468 -0.128544
v -0.011557 1.746468 0.128544
v 0.011557 1.746468 0.128544
v -0.011557 1.525842 -0.128544
v -0.011557 1.525842 0.128544
v 0.000000 1.479492 0.000000
v 0.011557 1.525842 -0.128544
v 0.000000 1.479492 0.000000
v 0.011557 1.525842 0.128544
v 0.011557 1.542528 -0.128544
v -0.011557 1.542528 -0.128544
v -0.011557 1.542528 0.128544
v 0.011557 1.542528 0.128544
v -0.011557 0.506142 -0.128544
v -0.011557 0.506142 0.128544
v 0.000000 0.459792 0.000000
v 0.011557 0.506142 -0.128544
v 0.000000 0.459792 0.000000
v 0.011557 0.506142 0.128544
v 0.011557 0.522828 -0.128544
v -0.011557 0.522828 -0.128544
v -0.011557 0.522828 0.128544
v 0.011557 0.522828 0.128544
v -0.011557 1.321902 -0.128544
v -0.011557 1.321902 0.128544
v 0.000000 1.275552 0.000000
v 0.011557 1.321902 -0.128544
v 0.000000 1.275552 0.000000
v 0.011557 1.321902 0.128544
v 0.011557 1.338588 -0.128544
v -0.011557 1.338588 -0.128544
v -0.011557 1.338588 0.128544
v 0.011557 1.338588 0.128544
v -0.011557 1.117962 -0.128544
v -0.011557 1.117962 0.128544
v 0.000000 1.071612 0.000000
v 0.011557 1.117962 -0.128544
v 0.000000 1.071612 0.000000
v 0.011557 1.117962 0.128544
v 0.011557 1.134648 -0.128544
v -0.011557 1.134648 -0.128544
v -0.011557 1.134648 0.128544
v 0.011557 1.134648 0.128544
v -0.011557 2.953422 -0.128544
v -0.011557 2.953422 0.128544
v 0.000000 2.907072 0.000000
v 0.011557 2.953422 -0.128544
v 0.000000 2.907072 0.000000
v 0.011557 2.953422 0.128544
v 0.011557 2.970108 -0.128544
v -0.011557 2.970108 -0.128544
v -0.011557 2.970108 0.128544
v 0.011557 2.970108 0.128544
v -0.011557 2.749482 -0.128544
v -0.011557 2.749482 0.128544
v 0.000000 2.703132 0.000000
v 0.011557 2.749482 -0.128544
v 0.000000 2.703132 0.000000
v 0.011557 2.749482 0.128544
v 0.011557 2.766168 -0.128544
v -0.011557 2.766168 -0.128544
v -0.011557 2.766168 0.128544
v 0.011557 2.766168 0.128544
v 0.077435 0.251032 0.000000
v 0.077435 0.251032 0.106049
v -0.077435 0.251032 0.106049
v -0.077435 0.251032 0.000000
v -0.077435 0.251032 -0.106049
v 0.077435 0.251032 -0.106049
v -0.077435 0.251032 -0.106049
v -0.077435 0.251032 0.106049
v -0.077435 0.063592 0.106049
v -0.077435 0.063592 -0.106049
v 0.077435 0.063592 -0.106049
v 0.077435 0.063592 0.106049
v 0.077435 0.251032 0.106049
v 0.077435 0.251032 -0.106049
v -0.053395 0.288050 0.025709
v -0.077435 0.270869 -0.025709
v -0.053395 0.288050 -0.025709
v -0.077435 0.270869 0.025709
v -0.053395 0.288050 -0.025709
v 0.077435 0.270869 -0.025709
v 0.053395 0.288050 -0.025709
v -0.077435 0.270869 -0.025709
v 0.053395 0.288050 -0.025709
v 0.077435 0.270869 0.025709
v 0.053395 0.288050 0.025709
v 0.077435 0.270869 -0.025709
v 0.053395 0.288050 0.025709
v -0.077435 0.270869 0.025709
v -0.053395 0.288050 0.025709
v 0.077435 0.270869 0.025709
v -0.052654 0.071317 0.093689
v -0.052654 0.024535 -0.076138
v -0.052654 0.071317 -0.093689
v -0.052654 0.024535 0.076138
v 0.052654 0.024535 -0.076138
v 0.052654 0.071317 -0.093689
v 0.052654 0.024535 0.076138
v 0.052654 0.071317 0.093689
v -0.077435 0.023360 -0.025709
v -0.077435 0.023360 0.025709
v 0.077435 0.023360 -0.025709
v -0.077435 0.023360 -0.025709
v 0.077435 0.023360 0.025709
v 0.077435 0.023360 -0.025709
v -0.077435 0.023360 0.025709
v 0.077435 0.023360 0.025709
v -0.077435 0.251032 -0.106049
v 0.077435 0.063592 -0.106049
v 0.077435 0.251032 -0.106049
v -0.077435 0.063592 -0.106049
v 0.077435 0.251032 0.106049
v -0.077435 0.063592 0.106049
v -0.077435 0.251032 0.106049
v 0.077435 0.063592 0.106049
v 0.077435 0.063592 -0.106049
v -0.077435 0.063592 0.106049
v 0.077435 0.063592 0.106049
v -0.077435 0.063592 -0.106049
v -0.088250 0.024720 0.076756
v -0.088250 0.012360 -0.076756
v -0.088250 0.024720 -0.076756
v -0.088250 0.012360 0.076756
v 0.088250 0.012360 -0.076756
v 0.088250 0.024720 -0.076756
v 0.088250 0.012360 0.076756
v 0.088250 0.024720 0.076756
v -0.109571 0.012360 0.134291
v -0.109571 0.000000 -0.134291
v -0.109571 0.012360 -0.134291
v -0.109571 -0.000000 0.134291
v 0.109571 0.000000 -0.134291
v 0.109571 0.012360 -0.134291
v 0.109571 -0.000000 0.134291
v 0.109571 0.012360 0.134291
v 0.000000 3.096860 0.000000
v -0.051047 3.096860 0.000000
v -0.036091 3.096860 -0.036153
v 0.000000 3.096860 -0.051108
v 0.036029 3.096860 -0.036153
v 0.050985 3.096860 0.000000
v 0.036029 3.096860 0.035968
v 0.000000 3.096860 0.050924
v -0.036091 3.096860 0.035968
v -0.030591 3.007435 -0.030652
v -0.051047 3.096860 0.000000
v -0.043260 3.007435 0.000000
v -0.036091 3.096860 -0.036153
v 0.000000 3.007435 -0.043321
v 0.000000 3.096860 -0.051108
v 0.030529 3.007435 -0.030652
v 0.036029 3.096860 -0.036153
v 0.043198 3.007435 0.000000
v 0.050985 3.096860 0.000000
v 0.030529 3.007435 0.030468
v 0.036029 3.096860 0.035968
v 0.000000 3.007435 0.043137
v 0.000000 3.096860 0.050924
v -0.030591 3.007435 0.030468
v -0.036091 3.096860 0.035968
v -0.030591 0.247200 -0.030653
v -0.043260 3.007435 0.000000
v -0.043260 0.247200 0.000000
v -0.030591 3.007435 -0.030652
v 0.000000 0.247200 -0.043322
v 0.000000 3.007435 -0.043321
v 0.030529 0.247200 -0.030653
v 0.030529 3.007435 -0.030652
v 0.043198 0.247200 0.000000
v 0.043198 3.007435 0.000000
v 0.030529 0.247200 0.030467
v 0.030529 3.007435 0.030468
v 0.000000 0.247200 0.043136
v 0.000000 3.007435 0.043137
v -0.030591 0.247200 0.030467
v -0.030591 3.007435 0.030468
v 0.268784 3.382376 0.002998
v 0.230468 3.348942 0.002998
v 0.230468 3.382376 0.002998
v 0.268784 3.348942 0.002998
v 0.292049 3.440715 0.003026
v 0.264857 3.440715 0.003026
v 0.278453 3.440715 -0.020519
v 0.305583 3.440715 -0.020519
v 0.319179 3.440715 0.003026
v 0.305583 3.440715 0.026572
v 0.278453 3.440715 0.026572
v 0.278453 3.333121 -0.020519
v 0.264857 3.333121 0.003026
v 0.305583 3.333121 -0.020519
v 0.319179 3.333121 0.003026
v 0.305583 3.333121 0.026572
v 0.278453 3.333121 0.026572
v 0.286273 3.424832 0.002998
v 0.220703 3.418281 -0.012329
v 0.286273 3.418529 -0.012329
v 0.220023 3.424585 0.002998
v 0.222372 3.403079 -0.018632
v 0.286273 3.403326 -0.018632
v 0.224040 3.387876 -0.012267
v 0.286273 3.388123 -0.012267
v 0.224720 3.381572 0.002998
v 0.286273 3.381819 0.002998
v 0.224040 3.387876 0.018262
v 0.286273 3.388123 0.018262
v 0.222372 3.403079 0.024566
v 0.286273 3.403326 0.024566
v 0.220703 3.418281 0.018201
v 0.286273 3.418529 0.018201
v 0.103036 3.385651 -0.012329
v 0.220023 3.424585 0.002998
v 0.101306 3.391769 0.002998
v 0.220703 3.418281 -0.012329
v 0.107238 3.370943 -0.018632
v 0.222372 3.403079 -0.018632
v 0.111379 3.356235 -0.012267
v 0.224040 3.387876 -0.012267
v 0.113109 3.350178 0.002998
v 0.224720 3.381572 0.002998
v 0.111379 3.356235 0.018262
v 0.224040 3.387876 0.018262
v 0.107238 3.371005 0.024566
v 0.222372 3.403079 0.024566
v 0.103036 3.385713 0.018201
v 0.220703 3.418281 0.018201
v 0.048714 3.358707 -0.012267
v 0.044944 3.363774 0.002998
v 0.057984 3.346532 -0.018632
v 0.067192 3.334296 -0.012267
v 0.070962 3.329289 0.002998
v 0.067192 3.334296 0.018262
v 0.057984 3.346532 0.024566
v 0.048714 3.358707 0.018262
v -0.000973 3.304199 -0.012267
v -0.006288 3.307536 0.002998
v 0.012066 3.296165 -0.018570
v 0.025044 3.288131 -0.012267
v 0.030421 3.284794 0.002998
v 0.025044 3.288131 0.018262
v 0.012066 3.296165 0.024628
v -0.000973 3.304260 0.018262
v -0.015064 3.244562 -0.012267
v -0.021244 3.245736 0.002998
v -0.000046 3.241719 -0.018570
v 0.014971 3.238938 -0.012267
v 0.021213 3.237764 0.002998
v 0.014971 3.238938 0.018262
v -0.000046 3.241781 0.024628
v -0.015064 3.244562 0.018262
v -0.015064 3.090741 -0.012205
v -0.021244 3.090741 0.002998
v -0.000046 3.090741 -0.018570
v 0.014971 3.090741 -0.012205
v 0.021213 3.090741 0.002998
v 0.014971 3.090741 0.018324
v -0.000046 3.090741 0.024628
v -0.015064 3.090741 0.018324
v -0.055635 2.697014 -0.021661
v -0.039011 2.577987 -0.048729
v -0.039011 2.697014 -0.048729
v -0.055635 2.577987 -0.021661
v -0.019730 2.577987 -0.062325
v -0.019729 2.697014 -0.062325
v -0.019729 2.697014 -0.062325
v 0.047818 2.577987 -0.055651
v 0.047818 2.697014 -0.055651
v -0.019730 2.577987 -0.062325
v 0.047818 2.697014 -0.055651
v 0.047818 2.577987 0.055528
v 0.047818 2.697014 0.055528
v 0.047818 2.577987 -0.055651
v 0.047818 2.697014 0.055528
v -0.019730 2.577987 0.062202
v -0.019729 2.697014 0.062202
v 0.047818 2.577987 0.055528
v -0.019729 2.697014 0.062202
v -0.039011 2.577987 0.048606
v -0.039011 2.697014 0.048606
v -0.019730 2.577987 0.062202
v -0.055635 2.577987 0.021538
v -0.055635 2.697014 0.021538
v -0.039011 2.697014 -0.048729
v -0.039011 2.697014 0.048606
v -0.055635 2.697014 -0.021661
v -0.055635 2.697014 0.021538
v -0.039011 2.577987 -0.048729
v -0.039011 2.577987 0.048606
v -0.055635 2.577987 -0.021661
v -0.055635 2.577987 0.021538
v 0.026559 2.694295 -0.024565
v 0.264551 2.713823 -0.006829
v 0.264551 2.783163 -0.024565
v 0.026559 2.577802 -0.006829
v 0.264551 2.713823 -0.039892
v 0.264551 2.783163 -0.039892
v 0.330244 2.713823 -0.039892
v 0.330244 2.783163 -0.039892
v 0.330244 2.783163 0.039769
v 0.264551 2.713823 0.039769
v 0.264551 2.783163 0.039769
v 0.330244 2.713823 0.039769
v 0.264551 2.713823 0.006706
v 0.264551 2.783163 0.024504
v 0.026559 2.577802 0.006706
v 0.026559 2.694295 0.024504
v 0.264551 2.783163 0.024504
v 0.026559 2.694295 -0.024565
v 0.264551 2.783163 -0.024565
v 0.026559 2.694295 0.024504
v 0.264551 2.713823 0.006706
v 0.026559 2.577802 -0.006829
v 0.026559 2.577802 0.006706
v 0.264551 2.713823 -0.006829
vn -0.9703 -0.2419 -0.0000
vn 0.9703 -0.2419 -0.0000
vn -0.0000 1.0000 -0.0000
vn -0.0000 -0.0000 -1.0000
vn -0.0000 -0.9407 -0.3392
vn -0.0000 -0.9407 0.3392
vn -0.0000 -0.0000 1.0000
vn -1.0000 -0.0000 -0.0000
vn 1.0000 -0.0000 -0.0000
vn -0.0000 -1.0000 -0.0000
vn -0.8489 -0.0000 0.5285
vn -0.8489 -0.0000 -0.5285
vn -0.2376 -0.0000 0.9714
vn 0.2376 -0.0000 0.9714
vn 0.8489 -0.0000 -0.5285
vn 0.8489 -0.0000 0.5285
vn -0.0000 0.8918 0.4524
vn -0.0000 0.9969 0.0791
vn -0.0000 0.9280 -0.3727
vn -0.0000 -0.8918 -0.4524
vn -0.0000 -0.9280 -0.3727
vn -0.5814 0.8136 -0.0000
vn 0.5814 0.8136 -0.0000
vn -0.0000 -0.3513 -0.9363
vn -0.0000 -0.3513 0.9363
vn -0.9212 -0.0802 -0.3807
vn -0.9211 -0.0801 -0.3810
vn -0.3814 -0.0801 -0.9209
vn -0.3816 -0.0802 -0.9208
vn 0.3821 -0.0802 -0.9207
vn 0.3821 -0.0801 -0.9206
vn 0.9212 -0.0801 -0.3807
vn 0.9211 -0.0802 -0.3810
vn 0.9204 -0.0801 0.3827
vn 0.3821 -0.0801 0.9207
vn 0.3821 -0.0802 0.9206
vn -0.3814 -0.0802 0.9209
vn -0.3816 -0.0801 0.9209
vn -0.9204 -0.0801 0.3827
vn -0.9242 -0.0000 -0.3820
vn -0.3826 -0.0000 -0.9239
vn 0.3833 -0.0000 -0.9236
vn 0.9242 -0.0000 -0.3820
vn 0.9234 -0.0000 0.3840
vn 0.3833 -0.0000 0.9236
vn -0.3826 -0.0000 0.9239
vn -0.9234 -0.0000 0.3840
vn -0.8660 -0.0000 -0.5001
vn 0.8660 -0.0000 -0.5000
vn 0.8660 -0.0000 -0.5001
vn 0.8660 -0.0000 0.5001
vn 0.8660 -0.0000 0.5000
vn -0.8660 -0.0000 0.5001
vn -0.0035 0.9248 -0.3804
vn -0.0035 0.9248 -0.3805
vn -0.0015 0.3830 -0.9237
vn -0.0014 0.3829 -0.9238
vn 0.0015 -0.3862 -0.9224
vn 0.0015 -0.3861 -0.9225
vn 0.0037 -0.9243 -0.3817
vn 0.0037 -0.9242 -0.3818
vn 0.0037 -0.9243 0.3817
vn 0.0037 -0.9242 0.3818
vn 0.0015 -0.3830 0.9237
vn 0.0015 -0.3829 0.9238
vn -0.0015 0.3862 0.9224
vn -0.0015 0.3861 0.9225
vn -0.0034 0.9237 0.3830
vn -0.0035 0.9237 0.3831
vn -0.2461 0.8903 -0.3832
vn -0.2474 0.8922 -0.3779
vn -0.1018 0.3672 -0.9246
vn -0.1036 0.3712 -0.9227
vn 0.1034 -0.3704 -0.9231
vn 0.1051 -0.3742 -0.9214
vn 0.2499 -0.8900 -0.3815
vn 0.2506 -0.8908 -0.3790
vn 0.2503 -0.8899 0.3814
vn 0.2502 -0.8909 0.3790
vn 0.1028 -0.3659 0.9249
vn 0.1034 -0.3713 0.9228
vn -0.1031 0.3701 0.9233
vn -0.1036 0.3744 0.9214
vn -0.2464 0.8904 0.3827
vn -0.2464 0.8913 0.3806
vn -0.4120 0.8295 -0.3771
vn -0.4118 0.8294 -0.3776
vn -0.1741 0.3489 -0.9208
vn -0.1716 0.3462 -0.9223
vn 0.1730 -0.3490 -0.9210
vn 0.1736 -0.3496 -0.9207
vn 0.4124 -0.8306 -0.3742
vn 0.4115 -0.8302 -0.3761
vn 0.4118 -0.8309 0.3742
vn 0.4121 -0.8299 0.3760
vn 0.1718 -0.3459 0.9224
vn 0.1717 -0.3456 0.9225
vn -0.1721 0.3464 0.9222
vn -0.1726 0.3493 0.9210
vn -0.4120 0.8295 0.3771
vn -0.4120 0.8294 0.3773
vn -0.6853 0.6243 -0.3751
vn -0.6847 0.6242 -0.3763
vn -0.2855 0.2603 -0.9224
vn -0.2885 0.2619 -0.9210
vn 0.2858 -0.2617 -0.9219
vn 0.2877 -0.2626 -0.9210
vn 0.6839 -0.6244 -0.3774
vn 0.6855 -0.6246 -0.3741
vn 0.6845 -0.6237 0.3774
vn 0.6849 -0.6253 0.3742
vn 0.2885 -0.2634 0.9206
vn 0.2862 -0.2598 0.9223
vn -0.2867 0.2625 0.9213
vn -0.2853 0.2604 0.9224
vn -0.6854 0.6255 0.3729
vn -0.6849 0.6240 0.3763
vn -0.8988 0.2175 -0.3806
vn -0.9070 0.2143 -0.3626
vn -0.3714 0.0877 -0.9243
vn -0.3898 0.0867 -0.9168
vn 0.3726 -0.0829 -0.9243
vn 0.3946 -0.0808 -0.9153
vn 0.9045 -0.1852 -0.3841
vn 0.9150 -0.1792 -0.3615
vn 0.9061 -0.1774 0.3841
vn 0.9131 -0.1870 0.3625
vn 0.3767 -0.0771 0.9231
vn 0.3943 -0.0878 0.9148
vn -0.3757 0.0837 0.9230
vn -0.3901 0.0921 0.9162
vn -0.9000 0.2124 0.3807
vn -0.9059 0.2192 0.3624
vn -0.9264 -0.0000 -0.3766
vn -0.9269 -0.0002 -0.3753
vn -0.3903 -0.0004 -0.9207
vn -0.3870 -0.0000 -0.9221
vn 0.3903 -0.0000 -0.9207
vn 0.3870 -0.0004 -0.9221
vn 0.9251 -0.0002 -0.3798
vn 0.9256 -0.0000 -0.3785
vn 0.9261 -0.0000 0.3772
vn 0.9256 0.0002 0.3785
vn 0.3870 0.0004 0.9221
vn 0.3903 -0.0000 0.9207
vn -0.3870 -0.0000 0.9221
vn -0.3902 0.0004 0.9207
vn -0.9274 0.0002 0.3740
vn -0.9269 -0.0000 0.3753
vn -0.8521 -0.0000 -0.5233
vn -0.5763 -0.0000 -0.8173
vn 0.0983 -0.0000 -0.9952
vn 0.0983 -0.0000 0.9952
vn -0.5763 -0.0000 0.8173
vn -0.8521 -0.0000 0.5233
vn 0.0921 -0.2468 -0.9647
vn 0.0857 -0.1500 -0.9850
vn 0.0563 -0.1508 0.9870
vn 0.1407 -0.2462 0.9590
vn -0.3498 0.9368 -0.0000
vn 0.4962 -0.8682 -0.0000
vt 0.820000 0.786000
vt 0.820000 0.583000
vt 0.843000 0.681000
vt 0.816000 0.782000
vt 0.839000 0.676000
vt 0.816000 0.579000
vt 0.805000 0.583000
vt 0.801000 0.579000
vt 0.801000 0.782000
vt 0.805000 0.786000
vt 0.686000 0.771000
vt 0.686000 0.218000
vt 0.946000 0.782000
vt 0.986000 0.276000
vt 0.986000 0.782000
vt 0.946000 0.276000
vt 0.725000 0.771000
vt 0.725000 0.218000
vt 0.507000 0.340000
vt 0.489000 0.330000
vt 0.491000 0.324000
vt 0.505000 0.346000
vt 0.472000 0.346000
vt 0.474000 0.340000
vt 0.469000 0.311000
vt 0.469000 0.390000
vt 0.472000 0.366000
vt 0.474000 0.360000
vt 0.489000 0.382000
vt 0.491000 0.376000
vt 0.505000 0.366000
vt 0.507000 0.360000
vt 0.418000 0.378000
vt 0.425000 0.311000
vt 0.418000 0.323000
vt 0.425000 0.390000
vt 0.822000 0.207000
vt 0.822000 0.012000
vt 0.640000 0.012000
vt 0.640000 0.207000
vt 0.011000 0.236000
vt 0.205000 0.232000
vt 0.203000 0.123000
vt 0.011000 0.125000
vt 0.134000 0.259000
vt 0.086000 0.249000
vt 0.086000 0.259000
vt 0.134000 0.249000
vt 0.810000 0.991000
vt 0.912000 0.979000
vt 0.904000 0.991000
vt 0.801000 0.979000
vt 0.086000 0.256000
vt 0.134000 0.257000
vt 0.644000 0.092000
vt 0.635000 0.057000
vt 0.635000 0.092000
vt 0.644000 0.057000
vt 0.823000 0.057000
vt 0.823000 0.092000
vt 0.814000 0.057000
vt 0.814000 0.092000
vt 0.082000 0.088000
vt 0.130000 0.088000
vt 0.912000 0.852000
vt 0.801000 0.852000
vt 0.927000 0.960000
vt 0.801000 0.791000
vt 0.801000 0.960000
vt 0.927000 0.791000
vt 0.507000 0.305000
vt 0.417000 0.210000
vt 0.507000 0.210000
vt 0.417000 0.305000
vt 0.592000 0.043000
vt 0.443000 0.043000
vt 0.443000 0.162000
vt 0.592000 0.162000
vt 0.621000 0.003000
vt 0.420000 0.003000
vt 0.420000 0.205000
vt 0.621000 0.205000
vt 0.103000 0.044000
vt 0.102000 0.055000
vt 0.093000 0.052000
vt 0.091000 0.043000
vt 0.095000 0.036000
vt 0.102000 0.033000
vt 0.110000 0.037000
vt 0.112000 0.044000
vt 0.109000 0.052000
vt 0.103000 0.009000
vt 0.126000 0.060000
vt 0.126000 0.010000
vt 0.099000 0.059000
vt 0.094000 0.007000
vt 0.088000 0.057000
vt 0.149000 0.009000
vt 0.154000 0.059000
vt 0.159000 0.007000
vt 0.165000 0.057000
vt 0.946000 0.006000
vt 0.965000 0.996000
vt 0.965000 0.006000
vt 0.946000 0.996000
vt 0.938000 0.006000
vt 0.938000 0.996000
vt 0.985000 0.006000
vt 0.985000 0.996000
vt 0.993000 0.006000
vt 0.993000 0.996000
vt 0.201000 0.029000
vt 0.231000 0.007000
vt 0.231000 0.029000
vt 0.201000 0.007000
vt 0.188000 0.050000
vt 0.197000 0.050000
vt 0.179000 0.050000
vt 0.197000 0.008000
vt 0.188000 0.008000
vt 0.179000 0.008000
vt 0.190000 0.043000
vt 0.233000 0.040000
vt 0.190000 0.040000
vt 0.234000 0.042000
vt 0.233000 0.036000
vt 0.190000 0.036000
vt 0.233000 0.032000
vt 0.190000 0.032000
vt 0.233000 0.029000
vt 0.190000 0.029000
vt 0.888000 0.270000
vt 0.875000 0.428000
vt 0.875000 0.270000
vt 0.888000 0.428000
vt 0.901000 0.270000
vt 0.901000 0.428000
vt 0.915000 0.270000
vt 0.915000 0.428000
vt 0.928000 0.270000
vt 0.928000 0.428000
vt 0.888000 0.218000
vt 0.875000 0.218000
vt 0.901000 0.218000
vt 0.915000 0.218000
vt 0.928000 0.218000
vt 0.888000 0.165000
vt 0.875000 0.165000
vt 0.901000 0.165000
vt 0.915000 0.165000
vt 0.928000 0.165000
vt 0.888000 0.112000
vt 0.875000 0.112000
vt 0.901000 0.112000
vt 0.915000 0.112000
vt 0.928000 0.112000
vt 0.888000 0.007000
vt 0.875000 0.007000
vt 0.901000 0.007000
vt 0.915000 0.007000
vt 0.928000 0.007000
vt 0.035000 0.064000
vt 0.022000 0.016000
vt 0.022000 0.061000
vt 0.035000 0.019000
vt 0.008000 0.012000
vt 0.008000 0.057000
vt 0.917000 0.457000
vt 0.849000 0.475000
vt 0.908000 0.492000
vt 0.857000 0.442000
vt 0.911000 0.473000
vt 0.836000 0.473000
vt 0.902000 0.496000
vt 0.845000 0.449000
vt 0.075000 0.057000
vt 0.062000 0.016000
vt 0.062000 0.061000
vt 0.075000 0.012000
vt 0.048000 0.019000
vt 0.048000 0.064000
vt 0.918000 0.452000
vt 0.920000 0.447000
vt 0.859000 0.436000
vt 0.860000 0.431000
vt 0.907000 0.487000
vt 0.864000 0.670000
vt 0.908000 0.680000
vt 0.842000 0.468000
vt 0.858000 0.698000
vt 0.903000 0.708000
vt 0.908000 0.669000
vt 0.890000 0.516000
vt 0.892000 0.669000
vt 0.906000 0.516000
vt 0.860000 0.663000
vt 0.844000 0.499000
vt 0.838000 0.499000
vt 0.867000 0.662000
vt 0.912877 0.681157
vt 0.867775 0.699792
vt 0.877989 0.669423
vt 0.902663 0.711526
s 0
usemtl AZD_Nav
f 1297/719/470 1299/721/470 1298/720/470
f 1300/722/471 1302/724/471 1301/723/471
f 1297/719/472 1298/720/472 1300/722/472
f 1298/720/472 1302/724/472 1300/722/472
f 1305/725/473 1306/726/473 1302/724/473
f 1303/727/473 1300/722/473 1297/719/473
f 1297/719/473 1304/728/473 1303/727/473
f 1297/719/474 1300/722/474 1299/721/474
f 1301/723/475 1302/724/475 1298/720/475
f 1305/725/476 1298/720/476 1302/724/476
f 1307/719/470 1309/721/470 1308/720/470
f 1310/722/471 1312/724/471 1311/723/471
f 1313/727/476 1314/728/476 1307/719/476
f 1307/719/476 1310/722/476 1313/727/476
f 1310/722/472 1307/719/472 1308/720/472
f 1308/720/472 1312/724/472 1310/722/472
f 1312/724/473 1308/720/473 1315/725/473
f 1309/721/474 1307/719/474 1310/722/474
f 1311/723/475 1312/724/475 1308/720/475
f 1312/724/476 1316/726/476 1315/725/476
f 1317/719/470 1319/721/470 1318/720/470
f 1320/722/471 1322/724/471 1321/723/471
f 1317/719/476 1320/722/476 1323/727/476
f 1320/722/472 1317/719/472 1318/720/472
f 1318/720/472 1322/724/472 1320/722/472
f 1322/724/473 1318/720/473 1325/725/473
f 1325/725/473 1326/726/473 1322/724/473
f 1317/719/473 1324/728/473 1323/727/473
f 1319/721/474 1317/719/474 1320/722/474
f 1321/723/475 1322/724/475 1318/720/475
f 1327/719/470 1329/721/470 1328/720/470
f 1330/722/471 1332/724/471 1331/723/471
f 1327/719/476 1330/722/476 1333/727/476
f 1330/722/472 1327/719/472 1328/720/472
f 1328/720/472 1332/724/472 1330/722/472
f 1332/724/473 1328/720/473 1335/725/473
f 1335/725/473 1336/726/473 1332/724/473
f 1327/719/473 1334/728/473 1333/727/473
f 1329/721/474 1327/719/474 1330/722/474
f 1331/723/475 1332/724/475 1328/720/475
f 1337/729/477 1339/729/477 1338/730/477
f 1338/730/477 1340/730/477 1337/729/477
f 1341/731/473 1343/733/473 1342/732/473
f 1342/732/473 1344/734/473 1341/731/473
f 1345/735/478 1347/735/478 1346/736/478
f 1346/736/478 1348/736/478 1345/735/478
f 1347/735/476 1337/729/476 1340/730/476
f 1340/730/476 1346/736/476 1347/735/476
f 1345/735/472 1339/729/472 1337/729/472
f 1337/729/472 1347/735/472 1345/735/472
f 1348/736/479 1346/736/479 1340/730/479
f 1340/730/479 1338/730/479 1348/736/479
f 1349/737/480 1351/739/480 1350/738/480
f 1350/738/480 1352/740/480 1349/737/480
f 1351/739/481 1354/742/481 1353/741/481
f 1353/741/481 1350/738/481 1351/739/481
f 1355/743/482 1353/741/482 1354/742/482
f 1356/744/483 1358/746/483 1357/745/483
f 1358/746/484 1360/748/484 1359/747/484
f 1359/747/484 1357/745/484 1358/746/484
f 1360/748/485 1362/750/485 1361/749/485
f 1361/749/485 1359/747/485 1360/748/485
f 1362/750/476 1349/737/476 1352/740/476
f 1352/740/476 1361/749/476 1362/750/476
f 1363/751/486 1365/753/486 1364/752/486
f 1366/754/487 1364/752/487 1355/743/487
f 1355/743/487 1356/744/487 1366/754/487
f 1356/744/488 1355/743/488 1354/742/488
f 1354/742/488 1358/746/488 1356/744/488
f 1358/746/472 1354/742/472 1351/739/472
f 1351/739/472 1360/748/472 1358/746/472
f 1360/748/472 1351/739/472 1349/737/472
f 1349/737/472 1362/750/472 1360/748/472
f 1363/751/489 1366/754/489 1364/752/489
f 1356/744/490 1357/745/490 1353/741/490
f 1353/741/490 1355/743/490 1356/744/490
f 1357/745/479 1359/747/479 1350/738/479
f 1350/738/479 1353/741/479 1357/745/479
f 1359/747/479 1361/749/479 1352/740/479
f 1352/740/479 1350/738/479 1359/747/479
f 1367/719/470 1369/721/470 1368/720/470
f 1370/722/471 1372/724/471 1371/723/471
f 1370/722/472 1367/719/472 1368/720/472
f 1368/720/472 1372/724/472 1370/722/472
f 1372/724/473 1368/720/473 1375/725/473
f 1375/725/473 1376/726/473 1372/724/473
f 1373/727/473 1370/722/473 1367/719/473
f 1367/719/473 1374/728/473 1373/727/473
f 1369/721/474 1367/719/474 1370/722/474
f 1371/723/475 1372/724/475 1368/720/475
f 1377/719/470 1379/721/470 1378/720/470
f 1380/722/471 1382/724/471 1381/723/471
f 1377/719/476 1380/722/476 1383/727/476
f 1380/722/472 1377/719/472 1378/720/472
f 1378/720/472 1382/724/472 1380/722/472
f 1382/724/473 1378/720/473 1385/725/473
f 1385/725/473 1386/726/473 1382/724/473
f 1377/719/473 1384/728/473 1383/727/473
f 1379/721/474 1377/719/474 1380/722/474
f 1381/723/475 1382/724/475 1378/720/475
f 1387/719/470 1389/721/470 1388/720/470
f 1390/722/471 1392/724/471 1391/723/471
f 1387/719/476 1390/722/476 1393/727/476
f 1390/722/472 1387/719/472 1388/720/472
f 1388/720/472 1392/724/472 1390/722/472
f 1392/724/473 1388/720/473 1395/725/473
f 1395/725/473 1396/726/473 1392/724/473
f 1387/719/473 1394/728/473 1393/727/473
f 1389/721/474 1387/719/474 1390/722/474
f 1391/723/475 1392/724/475 1388/720/475
f 1397/719/470 1399/721/470 1398/720/470
f 1400/722/471 1402/724/471 1401/723/471
f 1403/727/476 1404/728/476 1397/719/476
f 1397/719/476 1400/722/476 1403/727/476
f 1400/722/472 1397/719/472 1398/720/472
f 1398/720/472 1402/724/472 1400/722/472
f 1402/724/473 1398/720/473 1405/725/473
f 1405/725/473 1406/726/473 1402/724/473
f 1399/721/474 1397/719/474 1400/722/474
f 1401/723/475 1402/724/475 1398/720/475
f 1407/719/470 1409/721/470 1408/720/470
f 1410/722/471 1412/724/471 1411/723/471
f 1410/722/472 1407/719/472 1408/720/472
f 1408/720/472 1412/724/472 1410/722/472
f 1412/724/473 1408/720/473 1415/725/473
f 1413/727/473 1410/722/473 1407/719/473
f 1407/719/473 1414/728/473 1413/727/473
f 1409/721/474 1407/719/474 1410/722/474
f 1411/723/475 1412/724/475 1408/720/475
f 1412/724/476 1416/726/476 1415/725/476
f 1417/719/470 1419/721/470 1418/720/470
f 1420/722/471 1422/724/471 1421/723/471
f 1417/719/476 1420/722/476 1423/727/476
f 1420/722/472 1417/719/472 1418/720/472
f 1418/720/472 1422/724/472 1420/722/472
f 1422/724/473 1418/720/473 1425/725/473
f 1425/725/473 1426/726/473 1422/724/473
f 1417/719/473 1424/728/473 1423/727/473
f 1419/721/474 1417/719/474 1420/722/474
f 1421/723/475 1422/724/475 1418/720/475
f 1427/719/470 1429/721/470 1428/720/470
f 1430/722/471 1432/724/471 1431/723/471
f 1427/719/476 1430/722/476 1433/727/476
f 1430/722/472 1427/719/472 1428/720/472
f 1428/720/472 1432/724/472 1430/722/472
f 1432/724/473 1428/720/473 1435/725/473
f 1435/725/473 1436/726/473 1432/724/473
f 1427/719/473 1434/728/473 1433/727/473
f 1429/721/474 1427/719/474 1430/722/474
f 1431/723/475 1432/724/475 1428/720/475
f 1437/719/470 1439/721/470 1438/720/470
f 1440/722/471 1442/724/471 1441/723/471
f 1443/727/476 1444/728/476 1437/719/476
f 1437/719/476 1440/722/476 1443/727/476
f 1440/722/472 1437/719/472 1438/720/472
f 1438/720/472 1442/724/472 1440/722/472
f 1442/724/473 1438/720/473 1445/725/473
f 1439/721/474 1437/719/474 1440/722/474
f 1441/723/475 1442/724/475 1438/720/475
f 1442/724/476 1446/726/476 1445/725/476
f 1447/719/470 1449/721/470 1448/720/470
f 1450/722/471 1452/724/471 1451/723/471
f 1447/719/476 1450/722/476 1453/727/476
f 1450/722/472 1447/719/472 1448/720/472
f 1448/720/472 1452/724/472 1450/722/472
f 1452/724/473 1448/720/473 1455/725/473
f 1447/719/473 1454/728/473 1453/727/473
f 1449/721/474 1447/719/474 1450/722/474
f 1451/723/475 1452/724/475 1448/720/475
f 1452/724/476 1456/726/476 1455/725/476
f 1457/755/472 1459/757/472 1458/756/472
f 1457/755/472 1460/758/472 1459/757/472
f 1461/757/472 1457/755/472 1462/756/472
f 1461/757/472 1460/758/472 1457/755/472
f 1463/759/477 1465/761/477 1464/760/477
f 1463/759/477 1466/762/477 1465/761/477
f 1467/762/478 1469/760/478 1468/761/478
f 1467/762/478 1470/759/478 1469/760/478
f 1471/763/491 1473/765/491 1472/764/491
f 1472/764/491 1474/766/491 1471/763/491
f 1475/767/473 1477/769/473 1476/768/473
f 1476/768/473 1478/770/473 1475/767/473
f 1479/771/492 1481/772/492 1480/766/492
f 1480/766/492 1482/764/492 1479/771/492
f 1483/769/476 1485/767/476 1484/770/476
f 1484/770/476 1486/768/476 1483/769/476
f 1487/773/477 1489/775/477 1488/774/477
f 1488/774/477 1490/776/477 1487/773/477
f 1489/775/493 1492/778/493 1491/777/493
f 1491/777/493 1488/774/493 1489/775/493
f 1492/778/478 1494/780/478 1493/779/478
f 1493/779/478 1491/777/478 1492/778/478
f 1494/780/494 1487/773/494 1490/776/494
f 1490/776/494 1493/779/494 1494/780/494
f 1474/766/477 1472/764/477 1495/781/477
f 1495/781/477 1496/782/477 1474/766/477
f 1478/770/473 1476/768/473 1497/783/473
f 1497/783/473 1498/784/473 1478/770/473
f 1482/764/478 1480/766/478 1499/782/478
f 1499/782/478 1500/781/478 1482/764/478
f 1486/768/476 1484/770/476 1501/784/476
f 1501/784/476 1502/783/476 1486/768/476
f 1479/771/472 1473/765/472 1471/763/472
f 1471/763/472 1481/772/472 1479/771/472
f 1503/785/473 1505/787/473 1504/786/473
f 1504/786/473 1506/788/473 1503/785/473
f 1507/785/476 1509/787/476 1508/786/476
f 1508/786/476 1510/788/476 1507/785/476
f 1511/789/479 1513/791/479 1512/790/479
f 1512/790/479 1514/792/479 1511/789/479
f 1515/793/477 1517/794/477 1516/794/477
f 1516/794/477 1518/793/477 1515/793/477
f 1517/794/473 1520/795/473 1519/795/473
f 1519/795/473 1516/794/473 1517/794/473
f 1520/795/478 1522/796/478 1521/796/478
f 1521/796/478 1519/795/478 1520/795/478
f 1522/796/476 1515/793/476 1518/793/476
f 1518/793/476 1521/796/476 1522/796/476
f 1520/795/472 1517/794/472 1515/793/472
f 1515/793/472 1522/796/472 1520/795/472
f 1523/797/477 1525/798/477 1524/798/477
f 1524/798/477 1526/797/477 1523/797/477
f 1525/798/473 1528/799/473 1527/799/473
f 1527/799/473 1524/798/473 1525/798/473
f 1528/799/478 1530/800/478 1529/800/478
f 1529/800/478 1527/799/478 1528/799/478
f 1530/800/476 1523/797/476 1526/797/476
f 1526/797/476 1529/800/476 1530/800/476
f 1528/799/472 1525/798/472 1523/797/472
f 1523/797/472 1530/800/472 1528/799/472
f 1531/801/472 1533/803/472 1532/802/472
f 1531/801/472 1534/804/472 1533/803/472
f 1531/801/472 1535/805/472 1534/804/472
f 1531/801/472 1536/806/472 1535/805/472
f 1531/801/472 1537/807/472 1536/806/472
f 1531/801/472 1538/808/472 1537/807/472
f 1531/801/472 1539/809/472 1538/808/472
f 1531/801/472 1532/802/472 1539/809/472
f 1540/810/495 1542/812/495 1541/811/495
f 1540/810/496 1541/811/496 1543/813/496
f 1544/814/497 1540/810/497 1543/813/497
f 1544/814/498 1543/813/498 1545/815/498
f 1546/810/499 1544/814/499 1545/815/499
f 1546/810/500 1545/815/500 1547/813/500
f 1548/812/501 1546/810/501 1547/813/501
f 1548/812/502 1547/813/502 1549/811/502
f 1550/816/503 1548/812/503 1549/811/503
f 1550/816/503 1549/811/503 1551/817/503
f 1552/818/504 1550/816/504 1551/817/504
f 1552/818/505 1551/817/505 1553/819/505
f 1554/816/506 1552/818/506 1553/819/506
f 1554/816/507 1553/819/507 1555/817/507
f 1542/812/508 1554/816/508 1555/817/508
f 1542/812/508 1555/817/508 1541/811/508
f 1556/820/509 1558/822/509 1557/821/509
f 1556/820/509 1557/821/509 1559/823/509
f 1560/824/510 1556/820/510 1559/823/510
f 1560/824/510 1559/823/510 1561/825/510
f 1562/820/511 1560/824/511 1561/825/511
f 1562/820/511 1561/825/511 1563/823/511
f 1564/822/512 1562/820/512 1563/823/512
f 1564/822/512 1563/823/512 1565/821/512
f 1566/826/513 1564/822/513 1565/821/513
f 1566/826/513 1565/821/513 1567/827/513
f 1568/828/514 1566/826/514 1567/827/514
f 1568/828/514 1567/827/514 1569/829/514
f 1570/826/515 1568/828/515 1569/829/515
f 1570/826/515 1569/829/515 1571/827/515
f 1558/822/516 1570/826/516 1571/827/516
f 1558/822/516 1571/827/516 1557/821/516
f 1572/830/476 1574/832/476 1573/831/476
f 1573/831/476 1575/833/476 1572/830/476
f 1574/832/473 1572/830/473 1575/833/473
f 1575/833/473 1573/831/473 1574/832/473
f 1576/834/472 1578/835/472 1577/834/472
f 1576/834/472 1579/835/472 1578/835/472
f 1576/834/472 1580/834/472 1579/835/472
f 1576/834/472 1581/836/472 1580/834/472
f 1576/834/472 1582/836/472 1581/836/472
f 1576/834/472 1577/834/472 1582/836/472
f 1583/837/517 1584/838/517 1577/834/517
f 1583/837/517 1577/834/517 1578/835/517
f 1585/837/473 1583/837/473 1578/835/473
f 1585/837/473 1578/835/473 1579/835/473
f 1586/838/518 1585/837/518 1579/835/518
f 1586/838/519 1579/835/519 1580/834/519
f 1587/839/520 1586/838/520 1580/834/520
f 1587/839/521 1580/834/521 1581/836/521
f 1584/838/522 1588/839/522 1582/836/522
f 1584/838/522 1582/836/522 1577/834/522
f 1589/840/523 1591/842/523 1590/841/523
f 1590/841/524 1592/843/524 1589/840/524
f 1591/842/525 1594/845/525 1593/844/525
f 1593/844/526 1590/841/526 1591/842/526
f 1594/845/527 1596/847/527 1595/846/527
f 1595/846/528 1593/844/528 1594/845/528
f 1596/847/529 1598/849/529 1597/848/529
f 1597/848/530 1595/846/530 1596/847/530
f 1598/849/531 1600/847/531 1599/846/531
f 1599/846/532 1597/848/532 1598/849/532
f 1600/847/533 1602/845/533 1601/844/533
f 1601/844/534 1599/846/534 1600/847/534
f 1602/845/535 1604/842/535 1603/841/535
f 1603/841/536 1601/844/536 1602/845/536
f 1604/842/537 1589/840/537 1592/843/537
f 1592/843/538 1603/841/538 1604/842/538
f 1605/850/539 1607/852/539 1606/851/539
f 1605/850/540 1606/851/540 1608/853/540
f 1609/854/541 1605/850/541 1608/853/541
f 1609/854/542 1608/853/542 1610/855/542
f 1611/856/543 1609/854/543 1610/855/543
f 1611/856/544 1610/855/544 1612/857/544
f 1613/858/545 1611/856/545 1612/857/545
f 1613/858/546 1612/857/546 1614/859/546
f 1615/856/547 1613/858/547 1614/859/547
f 1615/856/548 1614/859/548 1616/857/548
f 1617/854/549 1615/856/549 1616/857/549
f 1617/854/550 1616/857/550 1618/855/550
f 1619/850/551 1617/854/551 1618/855/551
f 1619/850/552 1618/855/552 1620/853/552
f 1607/852/553 1619/850/553 1620/853/553
f 1607/852/554 1620/853/554 1606/851/554
f 1621/860/555 1622/861/555 1607/852/555
f 1621/860/556 1607/852/556 1605/850/556
f 1623/862/557 1621/860/557 1605/850/557
f 1623/862/558 1605/850/558 1609/854/558
f 1624/863/559 1623/862/559 1609/854/559
f 1624/863/560 1609/854/560 1611/856/560
f 1625/864/561 1624/863/561 1611/856/561
f 1625/864/562 1611/856/562 1613/858/562
f 1626/863/563 1625/864/563 1613/858/563
f 1626/863/564 1613/858/564 1615/856/564
f 1627/862/565 1626/863/565 1615/856/565
f 1627/862/566 1615/856/566 1617/854/566
f 1628/860/567 1627/862/567 1617/854/567
f 1628/860/568 1617/854/568 1619/850/568
f 1622/861/569 1628/860/569 1619/850/569
f 1622/861/570 1619/850/570 1607/852/570
f 1629/865/571 1630/866/571 1622/861/571
f 1629/865/572 1622/861/572 1621/860/572
f 1631/867/573 1629/865/573 1621/860/573
f 1631/867/574 1621/860/574 1623/862/574
f 1632/868/575 1631/867/575 1623/862/575
f 1632/868/576 1623/862/576 1624/863/576
f 1633/869/577 1632/868/577 1624/863/577
f 1633/869/578 1624/863/578 1625/864/578
f 1634/868/579 1633/869/579 1625/864/579
f 1634/868/580 1625/864/580 1626/863/580
f 1635/867/581 1634/868/581 1626/863/581
f 1635/867/582 1626/863/582 1627/862/582
f 1636/865/583 1635/867/583 1627/862/583
f 1636/865/584 1627/862/584 1628/860/584
f 1630/866/585 1636/865/585 1628/860/585
f 1630/866/586 1628/860/586 1622/861/586
f 1637/870/587 1638/871/587 1630/866/587
f 1637/870/588 1630/866/588 1629/865/588
f 1639/872/589 1637/870/589 1629/865/589
f 1639/872/590 1629/865/590 1631/867/590
f 1640/873/591 1639/872/591 1631/867/591
f 1640/873/592 1631/867/592 1632/868/592
f 1641/874/593 1640/873/593 1632/868/593
f 1641/874/594 1632/868/594 1633/869/594
f 1642/873/595 1641/874/595 1633/869/595
f 1642/873/596 1633/869/596 1634/868/596
f 1643/872/597 1642/873/597 1634/868/597
f 1643/872/598 1634/868/598 1635/867/598
f 1644/870/599 1643/872/599 1635/867/599
f 1644/870/600 1635/867/600 1636/865/600
f 1638/871/601 1644/870/601 1636/865/601
f 1638/871/602 1636/865/602 1630/866/602
f 1645/875/603 1646/876/603 1638/871/603
f 1645/875/604 1638/871/604 1637/870/604
f 1647/877/605 1645/875/605 1637/870/605
f 1647/877/606 1637/870/606 1639/872/606
f 1648/878/607 1647/877/607 1639/872/607
f 1648/878/608 1639/872/608 1640/873/608
f 1649/879/609 1648/878/609 1640/873/609
f 1649/879/610 1640/873/610 1641/874/610
f 1650/878/611 1649/879/611 1641/874/611
f 1650/878/612 1641/874/612 1642/873/612
f 1651/877/613 1650/878/613 1642/873/613
f 1651/877/614 1642/873/614 1643/872/614
f 1652/875/615 1651/877/615 1643/872/615
f 1652/875/616 1643/872/616 1644/870/616
f 1646/876/617 1652/875/617 1644/870/617
f 1646/876/618 1644/870/618 1638/871/618
f 1653/880/619 1655/882/619 1654/881/619
f 1654/881/619 1656/883/619 1653/880/619
f 1655/882/620 1658/885/620 1657/884/620
f 1657/884/620 1654/881/620 1655/882/620
f 1659/886/621 1661/888/621 1660/887/621
f 1660/887/621 1662/889/621 1659/886/621
f 1663/890/478 1665/892/478 1664/891/478
f 1664/891/478 1666/893/478 1663/890/478
f 1667/888/622 1669/886/622 1668/889/622
f 1668/889/622 1670/887/622 1667/888/622
f 1671/894/623 1673/896/623 1672/895/623
f 1672/895/623 1674/897/623 1671/894/623
f 1673/896/624 1676/899/624 1675/898/624
f 1675/898/624 1672/895/624 1673/896/624
f 1676/899/477 1653/880/477 1656/883/477
f 1656/883/477 1675/898/477 1676/899/477
f 1667/888/472 1661/888/472 1659/886/472
f 1659/886/472 1669/886/472 1667/888/472
f 1669/886/472 1659/886/472 1677/900/472
f 1677/900/472 1678/900/472 1669/886/472
f 1678/900/472 1677/900/472 1679/901/472
f 1679/901/472 1680/901/472 1678/900/472
f 1670/887/479 1668/889/479 1662/889/479
f 1662/889/479 1660/887/479 1670/887/479
f 1668/889/479 1682/902/479 1681/902/479
f 1681/902/479 1662/889/479 1668/889/479
f 1682/902/479 1684/903/479 1683/903/479
f 1683/903/479 1681/902/479 1682/902/479
f 1685/904/625 1687/906/625 1686/905/625
f 1686/905/626 1688/907/626 1685/904/626
f 1687/906/477 1690/906/477 1689/905/477
f 1689/905/477 1686/905/477 1687/906/477
f 1690/906/473 1692/909/473 1691/908/473
f 1691/908/473 1689/905/473 1690/906/473
f 1693/909/476 1695/906/476 1694/905/476
f 1694/905/476 1696/908/476 1693/909/476
f 1695/906/477 1698/906/477 1697/905/477
f 1697/905/477 1694/905/477 1695/906/477
f 1698/906/627 1700/904/627 1699/907/627
f 1699/907/628 1697/905/628 1698/906/628
f 1701/910/629 1703/912/629 1702/911/629
f 1702/911/629 1704/913/629 1701/910/629
f 1696/908/479 1694/905/479 1689/905/479
f 1689/905/479 1691/908/479 1696/908/479
f 1705/914/630 1707/916/630 1706/915/630
f 1706/915/630 1708/917/630 1705/914/630
f 1692/918/478 1693/920/478 1696/919/478
f 1692/918/478 1696/919/478 1691/921/478
o stit_vloz_R
v 0.470422 2.781247 0.043322
v 0.101846 2.672170 0.043322
v 0.101846 2.781247 0.043260
v 0.470422 2.672170 0.043260
v 0.191024 2.629775 0.043322
v 0.381244 2.629775 0.043260
v 0.101846 2.781247 0.043260
v 0.470422 2.672170 0.043260
v 0.470422 2.781247 0.043322
v 0.101846 2.672170 0.043322
v 0.381244 2.629775 0.043260
v 0.191024 2.629775 0.043322
v 0.193434 2.781680 0.043322
v 0.378834 2.781680 -0.077064
v 0.193434 2.781680 -0.077064
v 0.378834 2.781680 0.043260
v 0.321113 2.958304 0.043322
v 0.286134 2.965287 0.355907
v 0.321113 2.958304 0.355907
v 0.286134 2.965287 0.043260
v 0.350839 2.938466 0.043322
v 0.350839 2.938466 0.355907
v 0.370676 2.908802 0.043322
v 0.370676 2.908802 0.355907
v 0.377598 2.873762 0.043260
v 0.377598 2.873762 0.355907
v 0.370676 2.838474 0.043322
v 0.370676 2.838474 0.106235
v 0.350839 2.809057 0.043322
v 0.350839 2.808933 0.091650
v 0.321113 2.789219 0.043322
v 0.321113 2.789034 0.081885
v 0.286134 2.782236 0.043322
v 0.286134 2.782236 0.078425
v 0.251155 2.789219 0.043322
v 0.251155 2.789034 0.081885
v 0.221429 2.809057 0.043322
v 0.221429 2.808933 0.091650
v 0.201592 2.838474 0.043322
v 0.201592 2.838474 0.106235
v 0.194670 2.873762 0.043260
v 0.194670 2.873762 0.355907
v 0.201592 2.908802 0.043322
v 0.201592 2.908802 0.355907
v 0.221429 2.938466 0.043322
v 0.221429 2.938466 0.355907
v 0.251155 2.958304 0.043322
v 0.251155 2.958304 0.355907
v 0.321113 3.143704 0.043322
v 0.286134 3.150687 0.355907
v 0.321113 3.143704 0.355907
v 0.286134 3.150687 0.043260
v 0.350839 3.123866 0.043322
v 0.350839 3.123866 0.355907
v 0.370676 3.094202 0.043322
v 0.370676 3.094202 0.355907
v 0.377598 3.059162 0.043260
v 0.377598 3.059162 0.355907
v 0.370676 3.023874 0.043322
v 0.370676 3.023874 0.106235
v 0.350839 2.994457 0.043322
v 0.350839 2.994334 0.091650
v 0.321113 2.974619 0.043322
v 0.321113 2.974434 0.081885
v 0.286134 2.967636 0.043322
v 0.286134 2.967636 0.078425
v 0.251155 2.974619 0.043322
v 0.251155 2.974434 0.081885
v 0.221429 2.994457 0.043322
v 0.221429 2.994334 0.091650
v 0.201592 3.023874 0.043322
v 0.201592 3.023874 0.106235
v 0.194670 3.059162 0.043260
v 0.194670 3.059162 0.355907
v 0.201592 3.094202 0.043322
v 0.201592 3.094202 0.355907
v 0.221429 3.123866 0.043322
v 0.221429 3.123866 0.355907
v 0.251155 3.143704 0.043322
v 0.251155 3.143704 0.355907
v 0.321113 3.329042 0.043322
v 0.286134 3.336025 0.355907
v 0.321113 3.329042 0.355907
v 0.286134 3.336025 0.043261
v 0.350839 3.309205 0.043322
v 0.350839 3.309205 0.355907
v 0.370676 3.279541 0.043322
v 0.370676 3.279541 0.355907
v 0.377598 3.244500 0.043261
v 0.377598 3.244500 0.355907
v 0.370676 3.209274 0.043322
v 0.370676 3.209274 0.106235
v 0.350839 3.179857 0.043322
v 0.350839 3.179733 0.091650
v 0.321113 3.160019 0.043322
v 0.321113 3.159834 0.081886
v 0.286134 3.153036 0.043322
v 0.286134 3.153036 0.078425
v 0.251155 3.160019 0.043322
v 0.251155 3.159834 0.081885
v 0.221429 3.179857 0.043322
v 0.221429 3.179733 0.091650
v 0.201592 3.209274 0.043322
v 0.201592 3.209274 0.106235
v 0.194670 3.244500 0.043261
v 0.194670 3.244500 0.355907
v 0.201592 3.279541 0.043322
v 0.201592 3.279541 0.355907
v 0.221429 3.309205 0.043322
v 0.221429 3.309205 0.355907
v 0.251155 3.329042 0.043322
v 0.251155 3.329042 0.355907
v 0.381244 3.489475 0.043137
v 0.101846 3.446647 0.043261
v 0.191024 3.489475 0.043446
v 0.470422 3.446647 0.043322
v 0.101846 2.781247 0.043260
v 0.470422 2.781247 0.043322
v 0.191024 3.489475 0.043446
v 0.470422 3.446647 0.043322
v 0.381244 3.489475 0.043137
v 0.101846 3.446647 0.043261
v 0.470422 2.781247 0.043322
v 0.101846 2.781247 0.043260
v 0.378834 3.337138 -0.077064
v 0.378834 2.781680 0.043260
v 0.378834 3.337138 0.043261
v 0.378834 2.781680 -0.077064
v 0.193434 3.337138 0.043322
v 0.193434 2.781680 -0.077064
v 0.193434 3.337138 -0.077064
v 0.193434 2.781680 0.043322
v 0.193434 3.337138 0.043322
v 0.378834 3.337138 0.043261
vn -0.0002 0.0006 1.0000
vn 0.0002 -0.0006 1.0000
vn 0.0002 0.0004 1.0000
vn 0.0003 -0.0007 1.0000
vn 0.0002 0.0006 -1.0000
vn -0.0002 -0.0006 -1.0000
vn -0.0002 0.0004 -1.0000
vn -0.0003 -0.0007 -1.0000
vn -0.0000 -1.0000 -0.0000
vn -0.1958 -0.9806 -0.0000
vn 0.1958 0.9806 -0.0000
vn -0.5551 -0.8318 -0.0000
vn 0.5551 0.8318 -0.0000
vn -0.8312 -0.5559 -0.0000
vn -0.8313 -0.5559 -0.0000
vn 0.8312 0.5559 -0.0000
vn 0.8313 0.5559 -0.0000
vn -0.9810 -0.1938 -0.0000
vn 0.9810 0.1938 -0.0000
vn -0.9813 0.1925 -0.0000
vn 0.9813 -0.1925 -0.0000
vn -0.8305 0.5570 0.0014
vn -0.8291 0.5591 -0.0000
vn 0.8291 -0.5591 -0.0014
vn 0.8302 -0.5575 -0.0000
vn -0.5572 0.8304 0.0040
vn -0.5551 0.8318 0.0021
vn 0.5551 -0.8318 -0.0040
vn 0.5568 -0.8307 -0.0021
vn -0.1908 0.9816 -0.0000
vn -0.1958 0.9806 0.0047
vn 0.1958 -0.9806 -0.0000
vn 0.1912 -0.9815 -0.0047
vn 0.1912 0.9815 0.0047
vn -0.1958 -0.9806 -0.0047
vn -0.1908 -0.9816 -0.0000
vn 0.5568 0.8307 0.0021
vn 0.5551 0.8318 0.0040
vn -0.5551 -0.8318 -0.0021
vn -0.5572 -0.8304 -0.0040
vn 0.8302 0.5575 -0.0000
vn 0.8291 0.5591 0.0014
vn -0.8291 -0.5591 -0.0000
vn -0.8305 -0.5570 -0.0014
vn 0.9813 0.1925 -0.0000
vn -0.9813 -0.1925 -0.0000
vn 0.9810 -0.1938 -0.0000
vn -0.9810 0.1938 -0.0000
vn 0.8313 -0.5559 -0.0000
vn 0.8312 -0.5559 -0.0000
vn -0.8313 0.5559 -0.0000
vn -0.8312 0.5559 -0.0000
vn 0.5551 -0.8318 -0.0000
vn -0.5551 0.8318 -0.0000
vn -0.1958 0.9806 -0.0000
vn -0.9812 0.1928 -0.0000
vn 0.9812 -0.1928 -0.0000
vn 0.9812 0.1928 -0.0000
vn -0.9812 -0.1928 -0.0000
vn 0.0016 -0.0077 1.0000
vn -0.0002 0.0040 1.0000
vn -0.0002 -0.0000 1.0000
vn -0.0016 -0.0077 -1.0000
vn 0.0002 0.0040 -1.0000
vn 0.0002 -0.0000 -1.0000
vn 1.0000 -0.0000 -0.0000
vn -1.0000 -0.0000 -0.0000
vn -0.0000 -0.0000 -1.0000
vn -0.0000 1.0000 -0.0000
vt 0.412000 0.337000
vt 0.220000 0.279000
vt 0.220000 0.337000
vt 0.412000 0.279000
vt 0.263000 0.267000
vt 0.367000 0.267000
vt 0.212000 0.334000
vt 0.003000 0.279000
vt 0.003000 0.334000
vt 0.212000 0.279000
vt 0.052000 0.267000
vt 0.166000 0.267000
vt 0.533000 0.393000
vt 0.471000 0.440000
vt 0.533000 0.440000
vt 0.471000 0.393000
vt 0.411000 0.078000
vt 0.247000 0.081000
vt 0.247000 0.078000
vt 0.411000 0.081000
vt 0.411000 0.070000
vt 0.247000 0.070000
vt 0.411000 0.058000
vt 0.247000 0.058000
vt 0.411000 0.044000
vt 0.247000 0.044000
vt 0.411000 0.030000
vt 0.372000 0.030000
vt 0.411000 0.018000
vt 0.381000 0.018000
vt 0.411000 0.010000
vt 0.387000 0.010000
vt 0.411000 0.007000
vt 0.391000 0.007000
vt 0.367000 0.996000
vt 0.220000 0.984000
vt 0.263000 0.996000
vt 0.412000 0.984000
vt 0.220000 0.636000
vt 0.412000 0.636000
vt 0.166000 0.996000
vt 0.003000 0.984000
vt 0.052000 0.996000
vt 0.212000 0.984000
vt 0.003000 0.630000
vt 0.212000 0.630000
vt 0.471000 0.950000
vt 0.418000 0.695000
vt 0.418000 0.950000
vt 0.470000 0.695000
vt 0.590000 0.950000
vt 0.532000 0.695000
vt 0.533000 0.950000
vt 0.590000 0.695000
vt 0.533000 0.995000
vt 0.471000 0.995000
s 0
usemtl AZD_Nav_Stit
f 1709/922/631 1711/924/631 1710/923/631
f 1710/923/632 1712/925/632 1709/922/632
f 1712/925/633 1710/923/633 1713/926/633
f 1713/926/634 1714/927/634 1712/925/634
f 1715/928/635 1717/930/635 1716/929/635
f 1716/929/636 1718/931/636 1715/928/636
f 1718/931/637 1716/929/637 1719/932/637
f 1719/932/638 1720/933/638 1718/931/638
f 1721/934/639 1723/936/639 1722/935/639
f 1722/935/639 1724/937/639 1721/934/639
f 1725/938/640 1727/940/640 1726/939/640
f 1725/938/640 1726/939/640 1728/941/640
f 1727/940/641 1725/938/641 1728/941/641
f 1727/940/641 1728/941/641 1726/939/641
f 1729/942/642 1730/943/642 1727/940/642
f 1729/942/642 1727/940/642 1725/938/642
f 1730/943/643 1729/942/643 1725/938/643
f 1730/943/643 1725/938/643 1727/940/643
f 1731/944/644 1732/945/644 1730/943/644
f 1731/944/645 1730/943/645 1729/942/645
f 1732/945/646 1731/944/646 1729/942/646
f 1732/945/647 1729/942/647 1730/943/647
f 1733/946/648 1734/947/648 1732/945/648
f 1733/946/648 1732/945/648 1731/944/648
f 1734/947/649 1733/946/649 1731/944/649
f 1734/947/649 1731/944/649 1732/945/649
f 1735/948/650 1736/949/650 1734/947/650
f 1735/948/650 1734/947/650 1733/946/650
f 1736/949/651 1735/948/651 1733/946/651
f 1736/949/651 1733/946/651 1734/947/651
f 1737/950/652 1738/951/652 1736/949/652
f 1737/950/653 1736/949/653 1735/948/653
f 1738/951/654 1737/950/654 1735/948/654
f 1738/951/655 1735/948/655 1736/949/655
f 1739/952/656 1740/953/656 1738/951/656
f 1739/952/657 1738/951/657 1737/950/657
f 1740/953/658 1739/952/658 1737/950/658
f 1740/953/659 1737/950/659 1738/951/659
f 1741/954/660 1742/955/660 1740/953/660
f 1741/954/661 1740/953/661 1739/952/661
f 1742/955/662 1741/954/662 1739/952/662
f 1742/955/663 1739/952/663 1740/953/663
f 1743/952/664 1744/953/664 1742/955/664
f 1743/952/641 1742/955/641 1741/954/641
f 1744/953/665 1743/952/665 1741/954/665
f 1744/953/666 1741/954/666 1742/955/666
f 1745/950/667 1746/951/667 1744/953/667
f 1745/950/668 1744/953/668 1743/952/668
f 1746/951/669 1745/950/669 1743/952/669
f 1746/951/670 1743/952/670 1744/953/670
f 1747/948/671 1748/949/671 1746/951/671
f 1747/948/672 1746/951/672 1745/950/672
f 1748/949/673 1747/948/673 1745/950/673
f 1748/949/674 1745/950/674 1746/951/674
f 1749/946/675 1750/947/675 1748/949/675
f 1749/946/675 1748/949/675 1747/948/675
f 1750/947/676 1749/946/676 1747/948/676
f 1750/947/676 1747/948/676 1748/949/676
f 1751/944/677 1752/945/677 1750/947/677
f 1751/944/677 1750/947/677 1749/946/677
f 1752/945/678 1751/944/678 1749/946/678
f 1752/945/678 1749/946/678 1750/947/678
f 1753/942/679 1754/943/679 1752/945/679
f 1753/942/680 1752/945/680 1751/944/680
f 1754/943/681 1753/942/681 1751/944/681
f 1754/943/682 1751/944/682 1752/945/682
f 1755/938/683 1756/940/683 1754/943/683
f 1755/938/683 1754/943/683 1753/942/683
f 1756/940/684 1755/938/684 1753/942/684
f 1756/940/684 1753/942/684 1754/943/684
f 1728/941/662 1726/939/662 1756/940/662
f 1728/941/662 1756/940/662 1755/938/662
f 1726/939/685 1728/941/685 1755/938/685
f 1726/939/685 1755/938/685 1756/940/685
f 1757/938/640 1759/940/640 1758/939/640
f 1757/938/640 1758/939/640 1760/941/640
f 1759/940/641 1757/938/641 1760/941/641
f 1759/940/641 1760/941/641 1758/939/641
f 1761/942/642 1762/943/642 1759/940/642
f 1761/942/642 1759/940/642 1757/938/642
f 1762/943/643 1761/942/643 1757/938/643
f 1762/943/643 1757/938/643 1759/940/643
f 1763/944/644 1764/945/644 1762/943/644
f 1763/944/645 1762/943/645 1761/942/645
f 1764/945/646 1763/944/646 1761/942/646
f 1764/945/647 1761/942/647 1762/943/647
f 1765/946/648 1766/947/648 1764/945/648
f 1765/946/648 1764/945/648 1763/944/648
f 1766/947/649 1765/946/649 1763/944/649
f 1766/947/649 1763/944/649 1764/945/649
f 1767/948/650 1768/949/650 1766/947/650
f 1767/948/650 1766/947/650 1765/946/650
f 1768/949/651 1767/948/651 1765/946/651
f 1768/949/651 1765/946/651 1766/947/651
f 1769/950/652 1770/951/652 1768/949/652
f 1769/950/653 1768/949/653 1767/948/653
f 1770/951/654 1769/950/654 1767/948/654
f 1770/951/655 1767/948/655 1768/949/655
f 1771/952/656 1772/953/656 1770/951/656
f 1771/952/657 1770/951/657 1769/950/657
f 1772/953/658 1771/952/658 1769/950/658
f 1772/953/659 1769/950/659 1770/951/659
f 1773/954/660 1774/955/660 1772/953/660
f 1773/954/661 1772/953/661 1771/952/661
f 1774/955/662 1773/954/662 1771/952/662
f 1774/955/663 1771/952/663 1772/953/663
f 1775/952/664 1776/953/664 1774/955/664
f 1775/952/641 1774/955/641 1773/954/641
f 1776/953/665 1775/952/665 1773/954/665
f 1776/953/666 1773/954/666 1774/955/666
f 1777/950/667 1778/951/667 1776/953/667
f 1777/950/668 1776/953/668 1775/952/668
f 1778/951/669 1777/950/669 1775/952/669
f 1778/951/670 1775/952/670 1776/953/670
f 1779/948/671 1780/949/671 1778/951/671
f 1779/948/672 1778/951/672 1777/950/672
f 1780/949/673 1779/948/673 1777/950/673
f 1780/949/674 1777/950/674 1778/951/674
f 1781/946/675 1782/947/675 1780/949/675
f 1781/946/675 1780/949/675 1779/948/675
f 1782/947/676 1781/946/676 1779/948/676
f 1782/947/676 1779/948/676 1780/949/676
f 1783/944/677 1784/945/677 1782/947/677
f 1783/944/677 1782/947/677 1781/946/677
f 1784/945/678 1783/944/678 1781/946/678
f 1784/945/678 1781/946/678 1782/947/678
f 1785/942/679 1786/943/679 1784/945/679
f 1785/942/680 1784/945/680 1783/944/680
f 1786/943/681 1785/942/681 1783/944/681
f 1786/943/682 1783/944/682 1784/945/682
f 1787/938/683 1788/940/683 1786/943/683
f 1787/938/683 1786/943/683 1785/942/683
f 1788/940/684 1787/938/684 1785/942/684
f 1788/940/684 1785/942/684 1786/943/684
f 1760/941/662 1758/939/662 1788/940/662
f 1760/941/662 1788/940/662 1787/938/662
f 1758/939/685 1760/941/685 1787/938/685
f 1758/939/685 1787/938/685 1788/940/685
f 1789/938/640 1791/940/640 1790/939/640
f 1789/938/640 1790/939/640 1792/941/640
f 1791/940/641 1789/938/641 1792/941/641
f 1791/940/641 1792/941/641 1790/939/641
f 1793/942/642 1794/943/642 1791/940/642
f 1793/942/642 1791/940/642 1789/938/642
f 1794/943/643 1793/942/643 1789/938/643
f 1794/943/643 1789/938/643 1791/940/643
f 1795/944/644 1796/945/644 1794/943/644
f 1795/944/645 1794/943/645 1793/942/645
f 1796/945/646 1795/944/646 1793/942/646
f 1796/945/647 1793/942/647 1794/943/647
f 1797/946/648 1798/947/648 1796/945/648
f 1797/946/648 1796/945/648 1795/944/648
f 1798/947/649 1797/946/649 1795/944/649
f 1798/947/649 1795/944/649 1796/945/649
f 1799/948/686 1800/949/686 1798/947/686
f 1799/948/686 1798/947/686 1797/946/686
f 1800/949/687 1799/948/687 1797/946/687
f 1800/949/687 1797/946/687 1798/947/687
f 1801/950/652 1802/951/652 1800/949/652
f 1801/950/653 1800/949/653 1799/948/653
f 1802/951/654 1801/950/654 1799/948/654
f 1802/951/655 1799/948/655 1800/949/655
f 1803/952/656 1804/953/656 1802/951/656
f 1803/952/657 1802/951/657 1801/950/657
f 1804/953/658 1803/952/658 1801/950/658
f 1804/953/659 1801/950/659 1802/951/659
f 1805/954/660 1806/955/660 1804/953/660
f 1805/954/661 1804/953/661 1803/952/661
f 1806/955/662 1805/954/662 1803/952/662
f 1806/955/663 1803/952/663 1804/953/663
f 1807/952/664 1808/953/664 1806/955/664
f 1807/952/641 1806/955/641 1805/954/641
f 1808/953/665 1807/952/665 1805/954/665
f 1808/953/666 1805/954/666 1806/955/666
f 1809/950/667 1810/951/667 1808/953/667
f 1809/950/668 1808/953/668 1807/952/668
f 1810/951/669 1809/950/669 1807/952/669
f 1810/951/670 1807/952/670 1808/953/670
f 1811/948/671 1812/949/671 1810/951/671
f 1811/948/672 1810/951/672 1809/950/672
f 1812/949/673 1811/948/673 1809/950/673
f 1812/949/674 1809/950/674 1810/951/674
f 1813/946/688 1814/947/688 1812/949/688
f 1813/946/688 1812/949/688 1811/948/688
f 1814/947/689 1813/946/689 1811/948/689
f 1814/947/689 1811/948/689 1812/949/689
f 1815/944/677 1816/945/677 1814/947/677
f 1815/944/677 1814/947/677 1813/946/677
f 1816/945/678 1815/944/678 1813/946/678
f 1816/945/678 1813/946/678 1814/947/678
f 1817/942/679 1818/943/679 1816/945/679
f 1817/942/680 1816/945/680 1815/944/680
f 1818/943/681 1817/942/681 1815/944/681
f 1818/943/682 1815/944/682 1816/945/682
f 1819/938/683 1820/940/683 1818/943/683
f 1819/938/683 1818/943/683 1817/942/683
f 1820/940/684 1819/938/684 1817/942/684
f 1820/940/684 1817/942/684 1818/943/684
f 1792/941/662 1790/939/662 1820/940/662
f 1792/941/662 1820/940/662 1819/938/662
f 1790/939/685 1792/941/685 1819/938/685
f 1790/939/685 1819/938/685 1820/940/685
f 1821/956/690 1823/958/690 1822/957/690
f 1822/957/691 1824/959/691 1821/956/691
f 1824/959/692 1822/957/692 1825/960/692
f 1825/960/692 1826/961/692 1824/959/692
f 1827/962/693 1829/964/693 1828/963/693
f 1828/963/694 1830/965/694 1827/962/694
f 1830/965/695 1828/963/695 1831/966/695
f 1831/966/695 1832/967/695 1830/965/695
f 1833/968/696 1835/970/696 1834/969/696
f 1834/969/696 1836/971/696 1833/968/696
f 1837/972/697 1839/974/697 1838/973/697
f 1838/973/697 1840/975/697 1837/972/697
f 1839/974/698 1833/968/698 1836/971/698
f 1836/971/698 1838/973/698 1839/974/698
f 1841/976/699 1842/977/699 1833/968/699
f 1833/968/699 1839/974/699 1841/976/699
o modra_vloz_R
v 0.359415 2.841104 0.050109
v 0.364597 2.857053 0.050109
v 0.366350 2.873731 0.050109
v 0.339809 2.814119 0.050109
v 0.351030 2.826581 0.050109
v 0.364597 2.890409 0.050109
v 0.310922 2.797441 0.050109
v 0.326242 2.804262 0.050109
v 0.351030 2.920881 0.050109
v 0.359415 2.906358 0.050109
v 0.326242 2.943201 0.050109
v 0.339809 2.933343 0.050109
v 0.277749 2.793954 0.050109
v 0.294519 2.793954 0.050109
v 0.294519 2.953508 0.050109
v 0.246026 2.804262 0.050109
v 0.261346 2.797441 0.050109
v 0.310922 2.950022 0.050109
v 0.261346 2.950022 0.050109
v 0.277749 2.953508 0.050109
v 0.232459 2.933343 0.050109
v 0.246026 2.943201 0.050109
v 0.212853 2.906358 0.050109
v 0.221238 2.920881 0.050109
v 0.221238 2.826581 0.050109
v 0.232459 2.814119 0.050109
v 0.205918 2.873731 0.050109
v 0.207671 2.857053 0.050109
v 0.212853 2.841104 0.050109
v 0.207671 2.890409 0.050109
vn -0.0000 -0.0000 1.0000
vt 0.261343 0.323378
vt 0.253417 0.347905
vt 0.250736 0.373553
vt 0.291329 0.281879
vt 0.274167 0.301044
vt 0.335509 0.256231
vt 0.312079 0.266720
vt 0.386245 0.250869
vt 0.360597 0.250869
vt 0.434763 0.266720
vt 0.411332 0.256231
vt 0.472674 0.301044
vt 0.455513 0.281879
vt 0.493424 0.347905
vt 0.485498 0.323378
vt 0.493424 0.399201
vt 0.496105 0.373553
vt 0.472674 0.446062
vt 0.485498 0.423728
vt 0.434763 0.480386
vt 0.455513 0.465227
vt 0.386245 0.496237
vt 0.411332 0.490875
vt 0.335509 0.490875
vt 0.360597 0.496237
vt 0.291329 0.465227
vt 0.312079 0.480386
vt 0.261343 0.423728
vt 0.274167 0.446062
vt 0.253417 0.399201
s 0
usemtl cocky.034
f 1843/978/700 1844/979/700 1845/980/700
f 1846/981/700 1847/982/700 1843/978/700
f 1849/983/700 1850/984/700 1846/981/700
f 1849/983/700 1846/981/700 1843/978/700
f 1855/985/700 1856/986/700 1849/983/700
f 1858/987/700 1859/988/700 1855/985/700
f 1858/987/700 1855/985/700 1849/983/700
f 1858/987/700 1849/983/700 1843/978/700
f 1867/989/700 1868/990/700 1858/987/700
f 1870/991/700 1871/992/700 1867/989/700
f 1870/991/700 1867/989/700 1858/987/700
f 1872/993/700 1869/994/700 1870/991/700
f 1866/995/700 1865/996/700 1872/993/700
f 1866/995/700 1872/993/700 1870/991/700
f 1866/995/700 1870/991/700 1858/987/700
f 1864/997/700 1863/998/700 1866/995/700
f 1862/999/700 1861/1000/700 1864/997/700
f 1862/999/700 1864/997/700 1866/995/700
f 1860/1001/700 1857/1002/700 1862/999/700
f 1854/1003/700 1853/1004/700 1860/1001/700
f 1854/1003/700 1860/1001/700 1862/999/700
f 1854/1003/700 1862/999/700 1866/995/700
f 1854/1003/700 1866/995/700 1858/987/700
f 1854/1003/700 1858/987/700 1843/978/700
f 1852/1005/700 1851/1006/700 1854/1003/700
f 1852/1005/700 1854/1003/700 1843/978/700
f 1852/1005/700 1843/978/700 1845/980/700
f 1852/1005/700 1845/980/700 1848/1007/700
o cervena_vloz_R
v 0.359415 3.211869 0.050109
v 0.364597 3.227818 0.050109
v 0.366350 3.244496 0.050109
v 0.339809 3.184884 0.050109
v 0.351030 3.197346 0.050109
v 0.364597 3.261174 0.050109
v 0.310922 3.168205 0.050109
v 0.326242 3.175027 0.050109
v 0.351030 3.291646 0.050109
v 0.359415 3.277123 0.050109
v 0.326242 3.313966 0.050109
v 0.339809 3.304108 0.050109
v 0.277749 3.164719 0.050109
v 0.294519 3.164719 0.050109
v 0.294519 3.324273 0.050109
v 0.246026 3.175027 0.050109
v 0.261346 3.168205 0.050109
v 0.310922 3.320787 0.050109
v 0.261346 3.320787 0.050109
v 0.277749 3.324273 0.050109
v 0.232459 3.304108 0.050109
v 0.246026 3.313966 0.050109
v 0.212853 3.277123 0.050109
v 0.221238 3.291646 0.050109
v 0.221238 3.197346 0.050109
v 0.232459 3.184884 0.050109
v 0.205918 3.244496 0.050109
v 0.207671 3.227818 0.050109
v 0.212853 3.211869 0.050109
v 0.207671 3.261174 0.050109
vn -0.0000 -0.0000 1.0000
vt 0.511910 0.824246
vt 0.503984 0.848772
vt 0.501303 0.874420
vt 0.541896 0.782746
vt 0.524734 0.801911
vt 0.586076 0.757098
vt 0.562645 0.767588
vt 0.636811 0.751736
vt 0.611163 0.751736
vt 0.685330 0.767588
vt 0.661899 0.757098
vt 0.723241 0.801911
vt 0.706079 0.782746
vt 0.743991 0.848772
vt 0.736065 0.824245
vt 0.743991 0.900068
vt 0.746672 0.874420
vt 0.723241 0.946930
vt 0.736065 0.924596
vt 0.685330 0.981253
vt 0.706079 0.966095
vt 0.636812 0.997105
vt 0.661899 0.991743
vt 0.586076 0.991743
vt 0.611164 0.997105
vt 0.541896 0.966095
vt 0.562645 0.981253
vt 0.511910 0.924596
vt 0.524734 0.946930
vt 0.503984 0.900068
s 0
usemtl cocky.034
f 1873/1008/701 1874/1009/701 1875/1010/701
f 1876/1011/701 1877/1012/701 1873/1008/701
f 1879/1013/701 1880/1014/701 1876/1011/701
f 1879/1013/701 1876/1011/701 1873/1008/701
f 1885/1015/701 1886/1016/701 1879/1013/701
f 1888/1017/701 1889/1018/701 1885/1015/701
f 1888/1017/701 1885/1015/701 1879/1013/701
f 1888/1017/701 1879/1013/701 1873/1008/701
f 1897/1019/701 1898/1020/701 1888/1017/701
f 1900/1021/701 1901/1022/701 1897/1019/701
f 1900/1021/701 1897/1019/701 1888/1017/701
f 1902/1023/701 1899/1024/701 1900/1021/701
f 1896/1025/701 1895/1026/701 1902/1023/701
f 1896/1025/701 1902/1023/701 1900/1021/701
f 1896/1025/701 1900/1021/701 1888/1017/701
f 1894/1027/701 1893/1028/701 1896/1025/701
f 1892/1029/701 1891/1030/701 1894/1027/701
f 1892/1029/701 1894/1027/701 1896/1025/701
f 1890/1031/701 1887/1032/701 1892/1029/701
f 1884/1033/701 1883/1034/701 1890/1031/701
f 1884/1033/701 1890/1031/701 1892/1029/701
f 1884/1033/701 1892/1029/701 1896/1025/701
f 1884/1033/701 1896/1025/701 1888/1017/701
f 1884/1033/701 1888/1017/701 1873/1008/701
f 1882/1035/701 1881/1036/701 1884/1033/701
f 1882/1035/701 1884/1033/701 1873/1008/701
f 1882/1035/701 1873/1008/701 1875/1010/701
f 1882/1035/701 1875/1010/701 1878/1037/701
o bila_vloz_R
v 0.359415 3.026504 0.050109
v 0.364597 3.042453 0.050109
v 0.366350 3.059131 0.050109
v 0.339809 2.999519 0.050109
v 0.351030 3.011981 0.050109
v 0.364597 3.075810 0.050109
v 0.310922 2.982841 0.050109
v 0.326242 2.989662 0.050109
v 0.351030 3.106281 0.050109
v 0.359415 3.091758 0.050109
v 0.326242 3.128601 0.050109
v 0.339809 3.118743 0.050109
v 0.277749 2.979354 0.050109
v 0.294519 2.979354 0.050109
v 0.294519 3.138908 0.050109
v 0.246026 2.989662 0.050109
v 0.261346 2.982841 0.050109
v 0.310922 3.135422 0.050109
v 0.261346 3.135422 0.050109
v 0.277749 3.138908 0.050109
v 0.232459 3.118743 0.050109
v 0.246026 3.128601 0.050109
v 0.212853 3.091758 0.050109
v 0.221238 3.106281 0.050109
v 0.221238 3.011981 0.050109
v 0.232459 2.999519 0.050109
v 0.205918 3.059131 0.050109
v 0.207671 3.042453 0.050109
v 0.212853 3.026504 0.050109
v 0.207671 3.075810 0.050109
vn -0.0000 -0.0000 1.0000
vt 0.761781 0.824246
vt 0.753855 0.848772
vt 0.751174 0.874420
vt 0.791767 0.782746
vt 0.774605 0.801911
vt 0.835947 0.757098
vt 0.812517 0.767588
vt 0.886683 0.751736
vt 0.861035 0.751736
vt 0.935201 0.767588
vt 0.911770 0.757098
vt 0.973112 0.801911
vt 0.955950 0.782746
vt 0.993862 0.848772
vt 0.985936 0.824245
vt 0.993862 0.900068
vt 0.996543 0.874420
vt 0.973112 0.946930
vt 0.985936 0.924596
vt 0.935201 0.981253
vt 0.955950 0.966095
vt 0.886683 0.997105
vt 0.911770 0.991743
vt 0.835947 0.991743
vt 0.861035 0.997105
vt 0.791767 0.966095
vt 0.812517 0.981253
vt 0.761781 0.924596
vt 0.774605 0.946930
vt 0.753855 0.900068
s 0
usemtl cocky.034
f 1903/1038/702 1904/1039/702 1905/1040/702
f 1906/1041/702 1907/1042/702 1903/1038/702
f 1909/1043/702 1910/1044/702 1906/1041/702
f 1909/1043/702 1906/1041/702 1903/1038/702
f 1915/1045/702 1916/1046/702 1909/1043/702
f 1918/1047/702 1919/1048/702 1915/1045/702
f 1918/1047/702 1915/1045/702 1909/1043/702
f 1918/1047/702 1909/1043/702 1903/1038/702
f 1927/1049/702 1928/1050/702 1918/1047/702
f 1930/1051/702 1931/1052/702 1927/1049/702
f 1930/1051/702 1927/1049/702 1918/1047/702
f 1932/1053/702 1929/1054/702 1930/1051/702
f 1926/1055/702 1925/1056/702 1932/1053/702
f 1926/1055/702 1932/1053/702 1930/1051/702
f 1926/1055/702 1930/1051/702 1918/1047/702
f 1924/1057/702 1923/1058/702 1926/1055/702
f 1922/1059/702 1921/1060/702 1924/1057/702
f 1922/1059/702 1924/1057/702 1926/1055/702
f 1920/1061/702 1917/1062/702 1922/1059/702
f 1914/1063/702 1913/1064/702 1920/1061/702
f 1914/1063/702 1920/1061/702 1922/1059/702
f 1914/1063/702 1922/1059/702 1926/1055/702
f 1914/1063/702 1926/1055/702 1918/1047/702
f 1914/1063/702 1918/1047/702 1903/1038/702
f 1912/1065/702 1911/1066/702 1914/1063/702
f 1912/1065/702 1914/1063/702 1903/1038/702
f 1912/1065/702 1903/1038/702 1905/1040/702
f 1912/1065/702 1905/1040/702 1908/1067/702
o stitek_vloz_R
v 0.258880 2.708014 0.041406
v 0.313388 2.539980 0.041406
v 0.313388 2.708014 0.041406
v 0.258880 2.539980 0.041406
v 0.162534 2.634225 0.043878
v 0.409734 2.521440 0.043878
v 0.409734 2.634225 0.043878
v 0.162534 2.521440 0.043878
v 0.409734 2.634225 0.043878
v 0.162534 2.521440 0.043878
v 0.162534 2.634225 0.043878
v 0.409734 2.521440 0.043878
vn -0.0000 -0.0000 -1.0000
vn -0.0000 -0.0000 1.0000
vt 0.926000 0.426000
vt 0.873000 0.373000
vt 0.873000 0.426000
vt 0.926000 0.373000
vt 0.946000 0.550000
vt 0.986000 0.507000
vt 0.986000 0.550000
vt 0.946000 0.507000
vt 0.792000 0.997000
vt 0.685000 0.944000
vt 0.685000 0.997000
vt 0.792000 0.944000
s 0
usemtl AZD_Nav_Stit
f 1933/1068/703 1935/1070/703 1934/1069/703
f 1934/1069/703 1936/1071/703 1933/1068/703
f 1937/1072/703 1939/1074/703 1938/1073/703
f 1938/1073/703 1940/1075/703 1937/1072/703
f 1941/1076/704 1943/1078/704 1942/1077/704
f 1942/1077/704 1944/1079/704 1941/1076/704
