# Blender 4.0.2
# www.blender.org
mtllib se2.mtl
o stit_se2_S
v 0.184288 3.189127 0.331310
v -0.184288 3.080050 0.331310
v -0.184288 3.189127 0.331248
v 0.184288 3.080050 0.331249
v -0.095110 3.037656 0.331310
v 0.095110 3.037656 0.331248
v -0.184288 3.189127 0.331248
v 0.184288 3.080050 0.331249
v 0.184288 3.189127 0.331310
v -0.184288 3.080050 0.331310
v 0.095110 3.037656 0.331248
v -0.095110 3.037656 0.331310
v -0.092700 3.189560 0.331310
v 0.092700 3.189498 0.210924
v -0.092700 3.189560 0.210924
v 0.092700 3.189560 0.331248
v 0.034979 3.366184 0.331310
v -0.000000 3.373168 0.643895
v 0.034979 3.366184 0.643895
v -0.000000 3.373168 0.331249
v 0.064705 3.346347 0.331310
v 0.064705 3.346347 0.643895
v 0.084542 3.316683 0.331310
v 0.084542 3.316683 0.643895
v 0.091464 3.281642 0.331249
v 0.091464 3.281642 0.643895
v 0.084542 3.246354 0.331310
v 0.084542 3.246354 0.394223
v 0.064705 3.216937 0.331310
v 0.064705 3.216814 0.379638
v 0.034979 3.197100 0.331310
v 0.034979 3.196914 0.369873
v -0.000000 3.190116 0.331310
v -0.000000 3.190116 0.366413
v -0.034979 3.197100 0.331310
v -0.034979 3.196914 0.369873
v -0.064705 3.216937 0.331310
v -0.064705 3.216814 0.379638
v -0.084542 3.246354 0.331310
v -0.084542 3.246354 0.394223
v -0.091464 3.281642 0.331249
v -0.091464 3.281642 0.643895
v -0.084542 3.316683 0.331310
v -0.084542 3.316683 0.643895
v -0.064705 3.346347 0.331310
v -0.064705 3.346347 0.643895
v -0.034979 3.366184 0.331310
v -0.034979 3.366184 0.643895
v 0.034979 3.551522 0.331310
v -0.000000 3.558506 0.643895
v 0.034979 3.551522 0.643895
v -0.000000 3.558506 0.331249
v 0.064705 3.531685 0.331310
v 0.064705 3.531685 0.643895
v 0.084542 3.502021 0.331310
v 0.084542 3.502021 0.643895
v 0.091464 3.466980 0.331249
v 0.091464 3.466980 0.643895
v 0.084542 3.431754 0.331310
v 0.084542 3.431754 0.394223
v 0.064705 3.402338 0.331310
v 0.064705 3.402214 0.379638
v 0.034979 3.382499 0.331310
v 0.034979 3.382314 0.369874
v -0.000000 3.375516 0.331310
v -0.000000 3.375516 0.366413
v -0.034979 3.382499 0.331310
v -0.034979 3.382314 0.369874
v -0.064705 3.402338 0.331310
v -0.064705 3.402214 0.379638
v -0.084542 3.431754 0.331310
v -0.084542 3.431754 0.394223
v -0.091464 3.466980 0.331249
v -0.091464 3.466980 0.643895
v -0.084542 3.502021 0.331310
v -0.084542 3.502021 0.643895
v -0.064705 3.531685 0.331310
v -0.064705 3.531685 0.643895
v -0.034979 3.551522 0.331310
v -0.034979 3.551522 0.643895
v 0.095110 3.711955 0.331125
v -0.184288 3.669128 0.331249
v -0.095110 3.711955 0.331434
v 0.184288 3.669128 0.331310
v -0.184288 3.189127 0.331248
v 0.184288 3.189127 0.331310
v -0.095110 3.711955 0.331434
v 0.184288 3.669128 0.331310
v 0.095110 3.711955 0.331125
v -0.184288 3.669128 0.331249
v 0.184288 3.189127 0.331310
v -0.184288 3.189127 0.331248
v 0.092700 3.559618 0.210924
v 0.092700 3.189560 0.331248
v 0.092700 3.559618 0.331249
v 0.092700 3.189498 0.210924
v -0.092700 3.559618 0.331310
v -0.092700 3.189560 0.210924
v -0.092700 3.559618 0.210924
v -0.092700 3.189560 0.331310
v -0.092700 3.559618 0.331310
v 0.092700 3.559618 0.331249
v -0.027254 3.115647 0.325068
v 0.027254 2.957871 0.325068
v 0.027254 3.115647 0.325068
v -0.027254 2.957871 0.325068
v -0.086582 3.041919 0.330012
v 0.086582 2.933708 0.330012
v 0.086582 3.041919 0.330012
v -0.086582 2.933708 0.330012
v 0.086582 3.041919 0.330012
v -0.086582 2.933708 0.330012
v -0.086582 3.041919 0.330012
v 0.086582 2.933708 0.330012
vn -0.0002 0.0006 1.0000
vn 0.0002 -0.0006 1.0000
vn 0.0002 0.0004 1.0000
vn 0.0003 -0.0007 1.0000
vn 0.0002 0.0006 -1.0000
vn -0.0002 -0.0006 -1.0000
vn -0.0002 0.0004 -1.0000
vn -0.0003 -0.0007 -1.0000
vn -0.0003 -1.0000 -0.0000
vn -0.0000 -1.0000 0.0005
vn -0.1958 -0.9806 -0.0000
vn 0.1958 0.9806 -0.0000
vn -0.5551 -0.8318 -0.0000
vn 0.5551 0.8318 -0.0000
vn -0.8312 -0.5559 -0.0000
vn -0.8313 -0.5559 -0.0000
vn 0.8312 0.5559 -0.0000
vn 0.8313 0.5559 -0.0000
vn -0.9810 -0.1938 -0.0000
vn 0.9810 0.1938 -0.0000
vn -0.9813 0.1925 -0.0000
vn 0.9813 -0.1925 -0.0000
vn -0.8305 0.5570 0.0014
vn -0.8291 0.5591 -0.0000
vn 0.8291 -0.5591 -0.0014
vn 0.8302 -0.5575 -0.0000
vn -0.5572 0.8304 0.0040
vn -0.5551 0.8318 0.0021
vn 0.5551 -0.8318 -0.0040
vn 0.5568 -0.8307 -0.0021
vn -0.1908 0.9816 -0.0000
vn -0.1958 0.9806 0.0047
vn 0.1958 -0.9806 -0.0000
vn 0.1912 -0.9815 -0.0047
vn 0.1912 0.9815 0.0047
vn -0.1958 -0.9806 -0.0047
vn -0.1908 -0.9816 -0.0000
vn 0.5568 0.8307 0.0021
vn 0.5551 0.8318 0.0040
vn -0.5551 -0.8318 -0.0021
vn -0.5572 -0.8304 -0.0040
vn 0.8302 0.5575 -0.0000
vn 0.8291 0.5591 0.0014
vn -0.8291 -0.5591 -0.0000
vn -0.8305 -0.5570 -0.0014
vn 0.9813 0.1925 -0.0000
vn -0.9813 -0.1925 -0.0000
vn 0.9810 -0.1938 -0.0000
vn -0.9810 0.1938 -0.0000
vn 0.8313 -0.5559 -0.0000
vn 0.8312 -0.5559 -0.0000
vn -0.8313 0.5559 -0.0000
vn -0.8312 0.5559 -0.0000
vn 0.5551 -0.8318 -0.0000
vn -0.5551 0.8318 -0.0000
vn -0.1958 0.9806 -0.0000
vn -0.9812 0.1928 -0.0000
vn 0.9812 -0.1928 -0.0000
vn 0.1958 -0.9807 -0.0000
vn 0.1958 0.9807 -0.0000
vn 0.9812 0.1928 -0.0000
vn -0.9812 -0.1928 -0.0000
vn 0.0016 -0.0077 1.0000
vn -0.0002 0.0040 1.0000
vn -0.0002 -0.0000 1.0000
vn -0.0016 -0.0077 -1.0000
vn 0.0002 0.0040 -1.0000
vn 0.0002 -0.0000 -1.0000
vn 1.0000 -0.0000 -0.0000
vn -1.0000 -0.0000 -0.0000
vn -0.0000 -0.0000 -1.0000
vn -0.0000 1.0000 -0.0000
vn -0.0000 -0.0000 1.0000
vt 0.412000 0.336000
vt 0.220000 0.279000
vt 0.220000 0.336000
vt 0.412000 0.279000
vt 0.263000 0.267000
vt 0.367000 0.267000
vt 0.212000 0.333000
vt 0.003000 0.279000
vt 0.003000 0.333000
vt 0.212000 0.279000
vt 0.052000 0.267000
vt 0.166000 0.267000
vt 0.533000 0.393000
vt 0.471000 0.440000
vt 0.533000 0.440000
vt 0.471000 0.393000
vt 0.411000 0.078000
vt 0.247000 0.081000
vt 0.247000 0.078000
vt 0.411000 0.081000
vt 0.411000 0.070000
vt 0.247000 0.070000
vt 0.411000 0.058000
vt 0.247000 0.058000
vt 0.411000 0.044000
vt 0.247000 0.044000
vt 0.411000 0.030000
vt 0.372000 0.030000
vt 0.411000 0.018000
vt 0.381000 0.018000
vt 0.411000 0.010000
vt 0.387000 0.010000
vt 0.411000 0.007000
vt 0.391000 0.007000
vt 0.367000 0.996000
vt 0.220000 0.984000
vt 0.263000 0.996000
vt 0.412000 0.984000
vt 0.220000 0.734000
vt 0.412000 0.734000
vt 0.166000 0.996000
vt 0.003000 0.984000
vt 0.052000 0.996000
vt 0.212000 0.984000
vt 0.003000 0.727000
vt 0.212000 0.727000
vt 0.471000 0.950000
vt 0.418000 0.780000
vt 0.418000 0.950000
vt 0.470000 0.780000
vt 0.590000 0.950000
vt 0.532000 0.780000
vt 0.533000 0.950000
vt 0.590000 0.780000
vt 0.533000 0.995000
vt 0.471000 0.995000
vt 0.926000 0.426000
vt 0.873000 0.373000
vt 0.873000 0.426000
vt 0.926000 0.373000
vt 0.946000 0.550000
vt 0.986000 0.507000
vt 0.986000 0.550000
vt 0.946000 0.507000
vt 0.792000 0.940000
vt 0.685000 0.888000
vt 0.685000 0.940000
vt 0.792000 0.888000
s 0
usemtl AZD_Nav_Stit
f 1/1/1 3/3/1 2/2/1
f 2/2/2 4/4/2 1/1/2
f 4/4/3 2/2/3 5/5/3
f 5/5/4 6/6/4 4/4/4
f 7/7/5 9/9/5 8/8/5
f 8/8/6 10/10/6 7/7/6
f 10/10/7 8/8/7 11/11/7
f 11/11/8 12/12/8 10/10/8
f 13/13/9 15/15/9 14/14/9
f 14/14/10 16/16/10 13/13/10
f 17/17/11 19/19/11 18/18/11
f 17/17/11 18/18/11 20/20/11
f 19/19/12 17/17/12 20/20/12
f 19/19/12 20/20/12 18/18/12
f 21/21/13 22/22/13 19/19/13
f 21/21/13 19/19/13 17/17/13
f 22/22/14 21/21/14 17/17/14
f 22/22/14 17/17/14 19/19/14
f 23/23/15 24/24/15 22/22/15
f 23/23/16 22/22/16 21/21/16
f 24/24/17 23/23/17 21/21/17
f 24/24/18 21/21/18 22/22/18
f 25/25/19 26/26/19 24/24/19
f 25/25/19 24/24/19 23/23/19
f 26/26/20 25/25/20 23/23/20
f 26/26/20 23/23/20 24/24/20
f 27/27/21 28/28/21 26/26/21
f 27/27/21 26/26/21 25/25/21
f 28/28/22 27/27/22 25/25/22
f 28/28/22 25/25/22 26/26/22
f 29/29/23 30/30/23 28/28/23
f 29/29/24 28/28/24 27/27/24
f 30/30/25 29/29/25 27/27/25
f 30/30/26 27/27/26 28/28/26
f 31/31/27 32/32/27 30/30/27
f 31/31/28 30/30/28 29/29/28
f 32/32/29 31/31/29 29/29/29
f 32/32/30 29/29/30 30/30/30
f 33/33/31 34/34/31 32/32/31
f 33/33/32 32/32/32 31/31/32
f 34/34/33 33/33/33 31/31/33
f 34/34/34 31/31/34 32/32/34
f 35/31/35 36/32/35 34/34/35
f 35/31/12 34/34/12 33/33/12
f 36/32/36 35/31/36 33/33/36
f 36/32/37 33/33/37 34/34/37
f 37/29/38 38/30/38 36/32/38
f 37/29/39 36/32/39 35/31/39
f 38/30/40 37/29/40 35/31/40
f 38/30/41 35/31/41 36/32/41
f 39/27/42 40/28/42 38/30/42
f 39/27/43 38/30/43 37/29/43
f 40/28/44 39/27/44 37/29/44
f 40/28/45 37/29/45 38/30/45
f 41/25/46 42/26/46 40/28/46
f 41/25/46 40/28/46 39/27/46
f 42/26/47 41/25/47 39/27/47
f 42/26/47 39/27/47 40/28/47
f 43/23/48 44/24/48 42/26/48
f 43/23/48 42/26/48 41/25/48
f 44/24/49 43/23/49 41/25/49
f 44/24/49 41/25/49 42/26/49
f 45/21/50 46/22/50 44/24/50
f 45/21/51 44/24/51 43/23/51
f 46/22/52 45/21/52 43/23/52
f 46/22/53 43/23/53 44/24/53
f 47/17/54 48/19/54 46/22/54
f 47/17/54 46/22/54 45/21/54
f 48/19/55 47/17/55 45/21/55
f 48/19/55 45/21/55 46/22/55
f 20/20/33 18/18/33 48/19/33
f 20/20/33 48/19/33 47/17/33
f 18/18/56 20/20/56 47/17/56
f 18/18/56 47/17/56 48/19/56
f 49/17/11 51/19/11 50/18/11
f 49/17/11 50/18/11 52/20/11
f 51/19/12 49/17/12 52/20/12
f 51/19/12 52/20/12 50/18/12
f 53/21/13 54/22/13 51/19/13
f 53/21/13 51/19/13 49/17/13
f 54/22/14 53/21/14 49/17/14
f 54/22/14 49/17/14 51/19/14
f 55/23/15 56/24/15 54/22/15
f 55/23/16 54/22/16 53/21/16
f 56/24/17 55/23/17 53/21/17
f 56/24/18 53/21/18 54/22/18
f 57/25/19 58/26/19 56/24/19
f 57/25/19 56/24/19 55/23/19
f 58/26/20 57/25/20 55/23/20
f 58/26/20 55/23/20 56/24/20
f 59/27/57 60/28/57 58/26/57
f 59/27/57 58/26/57 57/25/57
f 60/28/58 59/27/58 57/25/58
f 60/28/58 57/25/58 58/26/58
f 61/29/23 62/30/23 60/28/23
f 61/29/24 60/28/24 59/27/24
f 62/30/25 61/29/25 59/27/25
f 62/30/26 59/27/26 60/28/26
f 63/31/27 64/32/27 62/30/27
f 63/31/28 62/30/28 61/29/28
f 64/32/29 63/31/29 61/29/29
f 64/32/30 61/29/30 62/30/30
f 65/33/31 66/34/31 64/32/31
f 65/33/32 64/32/32 63/31/32
f 66/34/59 65/33/59 63/31/59
f 66/34/34 63/31/34 64/32/34
f 67/31/35 68/32/35 66/34/35
f 67/31/60 66/34/60 65/33/60
f 68/32/36 67/31/36 65/33/36
f 68/32/37 65/33/37 66/34/37
f 69/29/38 70/30/38 68/32/38
f 69/29/39 68/32/39 67/31/39
f 70/30/40 69/29/40 67/31/40
f 70/30/41 67/31/41 68/32/41
f 71/27/42 72/28/42 70/30/42
f 71/27/43 70/30/43 69/29/43
f 72/28/44 71/27/44 69/29/44
f 72/28/45 69/29/45 70/30/45
f 73/25/61 74/26/61 72/28/61
f 73/25/61 72/28/61 71/27/61
f 74/26/62 73/25/62 71/27/62
f 74/26/62 71/27/62 72/28/62
f 75/23/48 76/24/48 74/26/48
f 75/23/48 74/26/48 73/25/48
f 76/24/49 75/23/49 73/25/49
f 76/24/49 73/25/49 74/26/49
f 77/21/50 78/22/50 76/24/50
f 77/21/51 76/24/51 75/23/51
f 78/22/52 77/21/52 75/23/52
f 78/22/53 75/23/53 76/24/53
f 79/17/54 80/19/54 78/22/54
f 79/17/54 78/22/54 77/21/54
f 80/19/55 79/17/55 77/21/55
f 80/19/55 77/21/55 78/22/55
f 52/20/33 50/18/33 80/19/33
f 52/20/33 80/19/33 79/17/33
f 50/18/56 52/20/56 79/17/56
f 50/18/56 79/17/56 80/19/56
f 81/35/63 83/37/63 82/36/63
f 82/36/64 84/38/64 81/35/64
f 84/38/65 82/36/65 85/39/65
f 85/39/65 86/40/65 84/38/65
f 87/41/66 89/43/66 88/42/66
f 88/42/67 90/44/67 87/41/67
f 90/44/68 88/42/68 91/45/68
f 91/45/68 92/46/68 90/44/68
f 93/47/69 95/49/69 94/48/69
f 94/48/69 96/50/69 93/47/69
f 97/51/70 99/53/70 98/52/70
f 98/52/70 100/54/70 97/51/70
f 99/53/71 93/47/71 96/50/71
f 96/50/71 98/52/71 99/53/71
f 101/55/72 102/56/72 93/47/72
f 93/47/72 99/53/72 101/55/72
f 103/57/71 105/59/71 104/58/71
f 104/58/71 106/60/71 103/57/71
f 107/61/71 109/63/71 108/62/71
f 108/62/71 110/64/71 107/61/71
f 111/65/73 113/67/73 112/66/73
f 112/66/73 114/68/73 111/65/73
o stozar_se2_S
v -0.000000 3.604856 0.271859
v -0.000000 3.571422 0.233543
v -0.000000 3.604856 0.233543
v -0.000000 3.571422 0.271859
v -0.000000 3.663195 0.295096
v -0.027192 3.663195 0.295096
v -0.013596 3.663195 0.271550
v 0.013534 3.663195 0.271550
v 0.027130 3.663195 0.295096
v 0.013534 3.663195 0.318641
v -0.013596 3.663195 0.318641
v -0.013596 3.555601 0.271550
v -0.027192 3.555601 0.295096
v 0.013534 3.555601 0.271550
v 0.027130 3.555601 0.295096
v 0.013534 3.555601 0.318641
v -0.013596 3.555601 0.318641
v -0.000000 3.647312 0.289348
v 0.015326 3.640761 0.223778
v 0.015326 3.641009 0.289348
v -0.000000 3.647065 0.223099
v 0.021630 3.625559 0.225447
v 0.021630 3.625806 0.289348
v 0.015265 3.610356 0.227116
v 0.015265 3.610603 0.289348
v -0.000000 3.604053 0.227795
v -0.000000 3.604300 0.289348
v -0.015265 3.610356 0.227116
v -0.015265 3.610603 0.289348
v -0.021568 3.625559 0.225447
v -0.021568 3.625806 0.289348
v -0.015203 3.640761 0.223778
v -0.015203 3.641009 0.289348
v 0.015326 3.608131 0.106111
v -0.000000 3.647065 0.223099
v -0.000000 3.614249 0.104381
v 0.015326 3.640761 0.223778
v 0.021630 3.593423 0.110314
v 0.021630 3.625559 0.225447
v 0.015265 3.578715 0.114454
v 0.015265 3.610356 0.227116
v -0.000000 3.572658 0.116185
v -0.000000 3.604053 0.227795
v -0.015265 3.578715 0.114454
v -0.015265 3.610356 0.227116
v -0.021568 3.593485 0.110314
v -0.021568 3.625559 0.225447
v -0.015203 3.608193 0.106111
v -0.015203 3.640761 0.223778
v 0.015265 3.581187 0.051789
v -0.000000 3.586254 0.048019
v 0.021630 3.569012 0.061059
v 0.015265 3.556776 0.070267
v -0.000000 3.551769 0.074037
v -0.015265 3.556776 0.070267
v -0.021568 3.569012 0.061059
v -0.015265 3.581187 0.051789
v 0.015265 3.526679 0.002102
v -0.000000 3.530016 -0.003213
v 0.021568 3.518645 0.015142
v 0.015265 3.510611 0.028120
v -0.000000 3.507274 0.033496
v -0.015265 3.510611 0.028120
v -0.021630 3.518645 0.015142
v -0.015265 3.526741 0.002102
v 0.015265 3.467042 -0.011989
v -0.000000 3.468216 -0.018169
v 0.021568 3.464199 0.003029
v 0.015265 3.461418 0.018046
v -0.000000 3.460244 0.024288
v -0.015265 3.461418 0.018046
v -0.021630 3.464261 0.003029
v -0.015265 3.467042 -0.011989
v 0.015203 3.294682 -0.011989
v -0.000000 3.294682 -0.018169
v 0.021568 3.294682 0.003029
v 0.015203 3.294682 0.018046
v -0.000000 3.294682 0.024288
v -0.015326 3.294682 0.018046
v -0.021630 3.294682 0.003029
v -0.015326 3.294682 -0.011989
v -0.036895 2.570880 0.137876
v -0.036895 1.116046 0.128544
v -0.036895 2.570880 0.128544
v -0.036895 1.116046 0.137876
v -0.036895 2.570880 0.128544
v 0.036895 1.116046 0.128544
v 0.036895 2.570880 0.128544
v -0.036895 1.116046 0.128544
v 0.036895 2.570880 0.128544
v 0.036895 1.116046 0.137876
v 0.036895 2.570880 0.137876
v 0.036895 1.116046 0.128544
v -0.011557 1.118147 -0.128544
v -0.011557 1.118147 0.128544
v -0.000000 1.071797 0.000000
v 0.011557 1.118147 -0.128544
v -0.000000 1.071797 0.000000
v 0.011557 1.118147 0.128544
v 0.011557 1.134772 -0.128544
v -0.011557 1.134772 -0.128544
v -0.011557 1.134772 0.128544
v 0.011557 1.134772 0.128544
v -0.011557 1.322087 -0.128544
v -0.011557 1.322087 0.128544
v -0.000000 1.275737 0.000000
v 0.011557 1.322087 -0.128544
v -0.000000 1.275737 0.000000
v 0.011557 1.322087 0.128544
v 0.011557 1.338712 -0.128544
v -0.011557 1.338712 -0.128544
v -0.011557 1.338712 0.128544
v 0.011557 1.338712 0.128544
v -0.011557 1.526027 -0.128544
v -0.011557 1.526027 0.128544
v -0.000000 1.479677 0.000000
v 0.011557 1.526027 -0.128544
v -0.000000 1.479677 0.000000
v 0.011557 1.526027 0.128544
v 0.011557 1.542651 -0.128544
v -0.011557 1.542651 -0.128544
v -0.011557 1.542651 0.128544
v 0.011557 1.542651 0.128544
v -0.011557 1.729967 -0.128544
v -0.011557 1.729967 0.128544
v -0.000000 1.683617 0.000000
v 0.011557 1.729967 -0.128544
v -0.000000 1.683617 0.000000
v 0.011557 1.729967 0.128544
v 0.011557 1.746592 -0.128544
v -0.011557 1.746592 -0.128544
v -0.011557 1.746592 0.128544
v 0.011557 1.746592 0.128544
v -0.011557 1.933907 -0.128544
v -0.011557 1.933907 0.128544
v -0.000000 1.887557 0.000000
v 0.011557 1.933907 -0.128544
v -0.000000 1.887557 0.000000
v 0.011557 1.933907 0.128544
v 0.011557 1.950531 -0.128544
v -0.011557 1.950531 -0.128544
v -0.011557 1.950531 0.128544
v 0.011557 1.950531 0.128544
v -0.011557 2.137847 -0.128544
v -0.011557 2.137847 0.128544
v -0.000000 2.091497 0.000000
v 0.011557 2.137847 -0.128544
v -0.000000 2.091497 0.000000
v 0.011557 2.137847 0.128544
v 0.011557 2.154471 -0.128544
v -0.011557 2.154471 -0.128544
v -0.011557 2.154471 0.128544
v 0.011557 2.154471 0.128544
v -0.011557 2.341787 -0.128544
v -0.011557 2.341787 0.128544
v -0.000000 2.295437 0.000000
v 0.011557 2.341787 -0.128544
v -0.000000 2.295437 0.000000
v 0.011557 2.341787 0.128544
v 0.011557 2.358412 -0.128544
v -0.011557 2.358412 -0.128544
v -0.011557 2.358412 0.128544
v 0.011557 2.358412 0.128544
v -0.011557 2.545727 -0.128544
v -0.011557 2.545727 0.128544
v -0.000000 2.499377 0.000000
v 0.011557 2.545727 -0.128544
v -0.000000 2.499377 0.000000
v 0.011557 2.545727 0.128544
v 0.011557 2.562352 -0.128544
v -0.011557 2.562352 -0.128544
v -0.011557 2.562352 0.128544
v 0.011557 2.562352 0.128544
v -0.011557 0.914207 -0.128544
v -0.011557 0.914207 0.128544
v -0.000000 0.867857 0.000000
v 0.011557 0.914207 -0.128544
v -0.000000 0.867857 0.000000
v 0.011557 0.914207 0.128544
v 0.011557 0.930832 -0.128544
v -0.011557 0.930832 -0.128544
v -0.011557 0.930832 0.128544
v 0.011557 0.930832 0.128544
v -0.011557 0.710267 -0.128544
v -0.011557 0.710267 0.128544
v -0.000000 0.663917 0.000000
v 0.011557 0.710267 -0.128544
v -0.000000 0.663917 0.000000
v 0.011557 0.710267 0.128544
v 0.011557 0.726892 -0.128544
v -0.011557 0.726892 -0.128544
v -0.011557 0.726892 0.128544
v 0.011557 0.726892 0.128544
v -0.021939 2.564329 0.054693
v -0.055991 2.551969 0.000000
v -0.055991 2.564329 0.000000
v -0.021939 2.551969 0.054693
v -0.021939 2.551969 -0.054693
v -0.021939 2.564329 -0.054693
v -0.084851 2.558149 -0.070081
v 0.084851 2.558149 -0.070081
v 0.021939 2.551969 -0.054693
v 0.021939 2.564329 -0.054693
v 0.055991 2.551969 0.000000
v 0.055991 2.564329 0.000000
v 0.021939 2.551969 0.054693
v 0.021939 2.564329 0.054693
v 0.058895 2.580336 -0.234654
v -0.084851 2.569521 -0.213333
v -0.058895 2.580336 -0.234654
v 0.084851 2.569521 -0.213333
v -0.011557 0.506142 -0.128544
v -0.011557 0.506142 0.128544
v -0.000000 0.459792 0.000000
v 0.011557 0.506142 -0.128544
v -0.000000 0.459792 0.000000
v 0.011557 0.506142 0.128544
v 0.011557 0.522828 -0.128544
v -0.011557 0.522828 -0.128544
v -0.011557 0.522828 0.128544
v 0.011557 0.522828 0.128544
v -0.011557 2.953422 -0.128544
v -0.011557 2.953422 0.128544
v -0.000000 2.907072 0.000000
v 0.011557 2.953422 -0.128544
v -0.000000 2.907072 0.000000
v 0.011557 2.953422 0.128544
v 0.011557 2.970108 -0.128544
v -0.011557 2.970108 -0.128544
v -0.011557 2.970108 0.128544
v 0.011557 2.970108 0.128544
v -0.011557 2.749482 -0.128544
v -0.011557 2.749482 0.128544
v -0.000000 2.703132 0.000000
v 0.011557 2.749482 -0.128544
v -0.000000 2.703132 0.000000
v 0.011557 2.749482 0.128544
v 0.011557 2.766168 -0.128544
v -0.011557 2.766168 -0.128544
v -0.011557 2.766168 0.128544
v 0.011557 2.766168 0.128544
v 0.077435 0.251032 0.000000
v 0.077435 0.251032 0.106049
v -0.077435 0.251032 0.106049
v -0.077435 0.251032 0.000000
v -0.077435 0.251032 -0.106049
v 0.077435 0.251032 -0.106049
v -0.077435 0.251032 -0.106049
v -0.077435 0.251032 0.106049
v -0.077435 0.063592 0.106049
v -0.077435 0.063592 -0.106049
v 0.077435 0.063592 -0.106049
v 0.077435 0.063592 0.106049
v 0.077435 0.251032 0.106049
v 0.077435 0.251032 -0.106049
v -0.053395 0.288050 0.025709
v -0.077435 0.270869 -0.025709
v -0.053395 0.288050 -0.025709
v -0.077435 0.270869 0.025709
v -0.053395 0.288050 -0.025709
v 0.077435 0.270869 -0.025709
v 0.053395 0.288050 -0.025709
v -0.077435 0.270869 -0.025709
v 0.053395 0.288050 -0.025709
v 0.077435 0.270869 0.025709
v 0.053395 0.288050 0.025709
v 0.077435 0.270869 -0.025709
v 0.053395 0.288050 0.025709
v -0.077435 0.270869 0.025709
v -0.053395 0.288050 0.025709
v 0.077435 0.270869 0.025709
v -0.052654 0.071317 0.093689
v -0.052654 0.024535 -0.076138
v -0.052654 0.071317 -0.093689
v -0.052654 0.024535 0.076138
v 0.052654 0.024535 -0.076138
v 0.052654 0.071317 -0.093689
v 0.052654 0.024535 0.076138
v 0.052654 0.071317 0.093689
v -0.077435 0.023360 -0.025709
v -0.077435 0.023360 0.025709
v 0.077435 0.023360 -0.025709
v -0.077435 0.023360 -0.025709
v 0.077435 0.023360 0.025709
v 0.077435 0.023360 -0.025709
v -0.077435 0.023360 0.025709
v 0.077435 0.023360 0.025709
v -0.077435 0.251032 -0.106049
v 0.077435 0.063592 -0.106049
v 0.077435 0.251032 -0.106049
v -0.077435 0.063592 -0.106049
v 0.077435 0.251032 0.106049
v -0.077435 0.063592 0.106049
v -0.077435 0.251032 0.106049
v 0.077435 0.063592 0.106049
v 0.077435 0.063592 -0.106049
v -0.077435 0.063592 0.106049
v 0.077435 0.063592 0.106049
v -0.077435 0.063592 -0.106049
v -0.088250 0.024720 0.076756
v -0.088250 0.012360 -0.076756
v -0.088250 0.024720 -0.076756
v -0.088250 0.012360 0.076756
v 0.088250 0.012360 -0.076756
v 0.088250 0.024720 -0.076756
v 0.088250 0.012360 0.076756
v 0.088250 0.024720 0.076756
v -0.109571 0.012360 0.134291
v -0.109571 0.000000 -0.134291
v -0.109571 0.012360 -0.134291
v -0.109571 0.000000 0.134291
v 0.109571 0.000000 -0.134291
v 0.109571 0.012360 -0.134291
v 0.109571 0.000000 0.134291
v 0.109571 0.012360 0.134291
v 0.021568 3.104894 -0.055681
v 0.048637 2.985867 -0.039057
v 0.048637 3.104894 -0.039057
v 0.021568 2.985867 -0.055681
v 0.062233 2.985867 -0.019776
v 0.062233 3.104894 -0.019776
v 0.062233 3.104894 -0.019776
v 0.055558 2.985867 0.047772
v 0.055558 3.104894 0.047772
v 0.062233 2.985867 -0.019776
v 0.055558 3.104894 0.047772
v -0.055620 2.985867 0.047772
v -0.055620 3.104894 0.047772
v 0.055558 2.985867 0.047772
v -0.055620 3.104894 0.047772
v -0.062294 2.985867 -0.019776
v -0.062294 3.104894 -0.019776
v -0.055620 2.985867 0.047772
v -0.062294 3.104894 -0.019776
v -0.048698 2.985867 -0.039057
v -0.048698 3.104894 -0.039057
v -0.062294 2.985867 -0.019776
v -0.021630 2.985867 -0.055681
v -0.021630 3.104894 -0.055681
v 0.048637 3.104894 -0.039057
v -0.048698 3.104894 -0.039057
v 0.021568 3.104894 -0.055681
v -0.021630 3.104894 -0.055681
v 0.048637 2.985867 -0.039057
v -0.048698 2.985867 -0.039057
v 0.021568 2.985867 -0.055681
v -0.021630 2.985867 -0.055681
v 0.024473 3.102175 0.026513
v 0.006736 3.121703 0.264504
v 0.024473 3.191043 0.264504
v 0.006736 2.985682 0.026513
v 0.039799 3.121703 0.264504
v 0.039799 3.191043 0.264504
v 0.039799 3.121703 0.330198
v 0.039799 3.191043 0.330198
v -0.039861 3.191043 0.330198
v -0.039861 3.121703 0.264504
v -0.039861 3.191043 0.264504
v -0.039861 3.121703 0.330198
v -0.006798 3.121703 0.264504
v -0.024596 3.191043 0.264504
v -0.006798 2.985682 0.026513
v -0.024596 3.102175 0.026513
v -0.024596 3.191043 0.264504
v 0.024473 3.102175 0.026513
v 0.024473 3.191043 0.264504
v -0.024596 3.102175 0.026513
v -0.006798 3.121703 0.264504
v 0.006736 2.985682 0.026513
v -0.006798 2.985682 0.026513
v 0.006736 3.121703 0.264504
v -0.000000 3.300738 0.000001
v -0.051047 3.300738 0.000001
v -0.036091 3.300738 -0.036152
v -0.000000 3.300738 -0.051108
v 0.036029 3.300738 -0.036152
v 0.050985 3.300738 0.000001
v 0.036029 3.300738 0.035968
v -0.000000 3.300738 0.050924
v -0.036091 3.300738 0.035968
v -0.030591 3.213600 -0.030652
v -0.051047 3.300738 0.000001
v -0.043260 3.213600 0.000001
v -0.036091 3.300738 -0.036152
v -0.000000 3.213600 -0.043321
v -0.000000 3.300738 -0.051108
v 0.030529 3.213600 -0.030652
v 0.036029 3.300738 -0.036152
v 0.043198 3.213600 0.000001
v 0.050985 3.300738 0.000001
v 0.030529 3.213600 0.030468
v 0.036029 3.300738 0.035968
v -0.000000 3.213600 0.043137
v -0.000000 3.300738 0.050924
v -0.030591 3.213600 0.030468
v -0.036091 3.300738 0.035968
v -0.030591 0.247200 -0.030653
v -0.043260 3.213600 0.000001
v -0.043260 0.247200 0.000000
v -0.030591 3.213600 -0.030652
v -0.000000 0.247200 -0.043322
v -0.000000 3.213600 -0.043321
v 0.030529 0.247200 -0.030653
v 0.030529 3.213600 -0.030652
v 0.043198 0.247200 0.000000
v 0.043198 3.213600 0.000001
v 0.030529 0.247200 0.030467
v 0.030529 3.213600 0.030468
v -0.000000 0.247200 0.043136
v -0.000000 3.213600 0.043137
v -0.030591 0.247200 0.030467
v -0.030591 3.213600 0.030468
vn -1.0000 -0.0000 -0.0000
vn 1.0000 -0.0000 -0.0000
vn -0.0000 1.0000 -0.0000
vn -0.8660 -0.0000 -0.5001
vn -0.0000 -0.0000 -1.0000
vn 0.8660 -0.0000 -0.5001
vn 0.8660 -0.0000 0.5000
vn 0.8660 -0.0000 0.5001
vn -0.8660 -0.0000 0.5000
vn -0.8660 -0.0000 0.5001
vn 0.3804 0.9248 -0.0035
vn 0.3805 0.9248 -0.0035
vn 0.9237 0.3830 -0.0015
vn 0.9238 0.3829 -0.0014
vn 0.9224 -0.3862 0.0015
vn 0.9225 -0.3861 0.0015
vn 0.3816 -0.9243 0.0037
vn 0.3819 -0.9242 0.0037
vn -0.3817 -0.9243 0.0037
vn -0.3818 -0.9242 0.0037
vn -0.9237 -0.3830 0.0015
vn -0.9238 -0.3829 0.0015
vn -0.9224 0.3862 -0.0015
vn -0.9225 0.3861 -0.0015
vn -0.3830 0.9237 -0.0034
vn -0.3831 0.9237 -0.0035
vn 0.3832 0.8903 -0.2461
vn 0.3779 0.8922 -0.2474
vn 0.9246 0.3671 -0.1018
vn 0.9227 0.3712 -0.1036
vn 0.9231 -0.3704 0.1034
vn 0.9214 -0.3742 0.1051
vn 0.3815 -0.8900 0.2499
vn 0.3790 -0.8908 0.2506
vn -0.3814 -0.8899 0.2503
vn -0.3791 -0.8909 0.2502
vn -0.9249 -0.3659 0.1028
vn -0.9228 -0.3712 0.1034
vn -0.9232 0.3701 -0.1031
vn -0.9214 0.3744 -0.1036
vn -0.3827 0.8904 -0.2464
vn -0.3806 0.8913 -0.2464
vn 0.3771 0.8295 -0.4120
vn 0.3776 0.8294 -0.4118
vn 0.9208 0.3489 -0.1741
vn 0.9223 0.3462 -0.1716
vn 0.9210 -0.3490 0.1730
vn 0.9207 -0.3496 0.1736
vn 0.3742 -0.8306 0.4124
vn 0.3760 -0.8302 0.4115
vn -0.3742 -0.8309 0.4118
vn -0.3760 -0.8299 0.4121
vn -0.9224 -0.3459 0.1718
vn -0.9225 -0.3456 0.1717
vn -0.9222 0.3464 -0.1721
vn -0.9210 0.3493 -0.1726
vn -0.3771 0.8295 -0.4120
vn -0.3773 0.8294 -0.4120
vn 0.3751 0.6243 -0.6853
vn 0.3763 0.6242 -0.6847
vn 0.9224 0.2603 -0.2855
vn 0.9210 0.2619 -0.2885
vn 0.9219 -0.2617 0.2858
vn 0.9210 -0.2626 0.2877
vn 0.3774 -0.6244 0.6839
vn 0.3741 -0.6246 0.6855
vn -0.3774 -0.6237 0.6845
vn -0.3742 -0.6253 0.6849
vn -0.9206 -0.2634 0.2885
vn -0.9223 -0.2598 0.2862
vn -0.9213 0.2625 -0.2867
vn -0.9224 0.2604 -0.2853
vn -0.3729 0.6255 -0.6854
vn -0.3763 0.6240 -0.6849
vn 0.3806 0.2175 -0.8988
vn 0.3626 0.2143 -0.9070
vn 0.9243 0.0877 -0.3714
vn 0.9168 0.0867 -0.3898
vn 0.9243 -0.0829 0.3726
vn 0.9153 -0.0808 0.3946
vn 0.3841 -0.1852 0.9045
vn 0.3615 -0.1792 0.9150
vn -0.3842 -0.1774 0.9061
vn -0.3625 -0.1870 0.9130
vn -0.9231 -0.0771 0.3767
vn -0.9148 -0.0878 0.3943
vn -0.9230 0.0837 -0.3757
vn -0.9162 0.0921 -0.3901
vn -0.3807 0.2124 -0.9000
vn -0.3624 0.2192 -0.9059
vn 0.3766 -0.0000 -0.9264
vn 0.3753 -0.0001 -0.9269
vn 0.9207 -0.0003 -0.3903
vn 0.9221 -0.0000 -0.3870
vn 0.9207 -0.0000 0.3903
vn 0.9221 -0.0003 0.3870
vn 0.3798 -0.0001 0.9251
vn 0.3785 -0.0000 0.9256
vn -0.3772 -0.0000 0.9261
vn -0.3785 0.0001 0.9256
vn -0.9221 0.0003 0.3870
vn -0.9207 -0.0000 0.3903
vn -0.9221 -0.0000 -0.3870
vn -0.9207 0.0003 -0.3902
vn -0.3740 0.0001 -0.9274
vn -0.3753 -0.0000 -0.9269
vn -0.0000 -0.0000 1.0000
vn -0.0000 -1.0000 -0.0000
vn -0.9703 -0.2419 -0.0000
vn 0.9703 -0.2419 -0.0000
vn -0.0000 -0.9407 -0.3392
vn -0.0000 -0.9407 0.3392
vn -0.8489 -0.0000 0.5285
vn -0.8489 -0.0000 -0.5285
vn -0.2376 -0.0000 0.9714
vn 0.2376 -0.0000 0.9714
vn 0.8489 -0.0000 -0.5285
vn 0.8489 -0.0000 0.5285
vn -0.0000 0.8918 0.4524
vn -0.0000 0.9969 0.0791
vn -0.0000 0.9280 -0.3727
vn -0.0000 -0.8918 -0.4524
vn -0.0000 -0.9969 -0.0791
vn -0.0000 -0.9280 -0.3727
vn -0.5814 0.8136 -0.0000
vn 0.5814 0.8136 -0.0000
vn -0.0000 -0.3513 -0.9363
vn -0.0000 -0.3513 0.9363
vn 0.5233 -0.0000 -0.8521
vn 0.8173 -0.0000 -0.5763
vn 0.9952 -0.0000 0.0983
vn -0.9952 -0.0000 0.0983
vn -0.8173 -0.0000 -0.5763
vn -0.5233 -0.0000 -0.8521
vn 0.9647 -0.2468 0.0921
vn 0.9850 -0.1500 0.0857
vn -0.9870 -0.1508 0.0563
vn -0.9590 -0.2461 0.1407
vn -0.0000 0.9368 -0.3498
vn -0.0000 -0.8682 0.4962
vn -0.9210 -0.0823 -0.3807
vn -0.9209 -0.0822 -0.3810
vn -0.3813 -0.0822 -0.9208
vn -0.3815 -0.0823 -0.9207
vn 0.3820 -0.0823 -0.9205
vn 0.3821 -0.0822 -0.9205
vn 0.9211 -0.0822 -0.3807
vn 0.9209 -0.0823 -0.3810
vn 0.9202 -0.0822 0.3827
vn 0.9202 -0.0822 0.3826
vn 0.3820 -0.0822 0.9205
vn 0.3821 -0.0823 0.9205
vn -0.3813 -0.0823 0.9208
vn -0.3815 -0.0822 0.9207
vn -0.9202 -0.0822 0.3827
vn -0.9202 -0.0822 0.3826
vn -0.9242 -0.0000 -0.3820
vn -0.3826 -0.0000 -0.9239
vn 0.3833 -0.0000 -0.9236
vn 0.9242 -0.0000 -0.3820
vn 0.9234 -0.0000 0.3840
vn 0.3833 -0.0000 0.9236
vn -0.3826 -0.0000 0.9239
vn -0.9234 -0.0000 0.3840
vt 0.201000 0.029000
vt 0.231000 0.007000
vt 0.231000 0.029000
vt 0.201000 0.007000
vt 0.188000 0.050000
vt 0.197000 0.050000
vt 0.179000 0.050000
vt 0.197000 0.008000
vt 0.188000 0.008000
vt 0.179000 0.008000
vt 0.190000 0.043000
vt 0.233000 0.040000
vt 0.190000 0.040000
vt 0.234000 0.042000
vt 0.233000 0.036000
vt 0.190000 0.036000
vt 0.233000 0.032000
vt 0.190000 0.032000
vt 0.233000 0.029000
vt 0.190000 0.029000
vt 0.888000 0.270000
vt 0.875000 0.428000
vt 0.875000 0.270000
vt 0.888000 0.428000
vt 0.901000 0.270000
vt 0.901000 0.428000
vt 0.915000 0.270000
vt 0.915000 0.428000
vt 0.928000 0.270000
vt 0.928000 0.428000
vt 0.888000 0.218000
vt 0.875000 0.218000
vt 0.901000 0.218000
vt 0.915000 0.218000
vt 0.928000 0.218000
vt 0.888000 0.165000
vt 0.875000 0.165000
vt 0.901000 0.165000
vt 0.915000 0.165000
vt 0.928000 0.165000
vt 0.888000 0.112000
vt 0.875000 0.112000
vt 0.901000 0.112000
vt 0.915000 0.112000
vt 0.928000 0.112000
vt 0.888000 0.007000
vt 0.875000 0.007000
vt 0.901000 0.007000
vt 0.915000 0.007000
vt 0.928000 0.007000
vt 0.731000 0.771000
vt 0.731000 0.218000
vt 0.946000 0.782000
vt 0.986000 0.276000
vt 0.986000 0.782000
vt 0.946000 0.276000
vt 0.770000 0.771000
vt 0.770000 0.218000
vt 0.820000 0.786000
vt 0.820000 0.583000
vt 0.843000 0.681000
vt 0.816000 0.782000
vt 0.839000 0.676000
vt 0.816000 0.579000
vt 0.801000 0.782000
vt 0.805000 0.583000
vt 0.801000 0.579000
vt 0.805000 0.786000
vt 0.507000 0.340000
vt 0.489000 0.330000
vt 0.491000 0.324000
vt 0.505000 0.346000
vt 0.472000 0.346000
vt 0.474000 0.340000
vt 0.469000 0.311000
vt 0.469000 0.390000
vt 0.472000 0.366000
vt 0.474000 0.360000
vt 0.489000 0.382000
vt 0.491000 0.376000
vt 0.505000 0.366000
vt 0.507000 0.360000
vt 0.418000 0.378000
vt 0.425000 0.311000
vt 0.418000 0.323000
vt 0.425000 0.390000
vt 0.822000 0.207000
vt 0.822000 0.012000
vt 0.640000 0.012000
vt 0.640000 0.207000
vt 0.011000 0.236000
vt 0.205000 0.232000
vt 0.203000 0.123000
vt 0.011000 0.125000
vt 0.134000 0.259000
vt 0.086000 0.249000
vt 0.086000 0.259000
vt 0.134000 0.249000
vt 0.810000 0.991000
vt 0.912000 0.979000
vt 0.904000 0.991000
vt 0.801000 0.979000
vt 0.086000 0.256000
vt 0.134000 0.257000
vt 0.644000 0.092000
vt 0.635000 0.057000
vt 0.635000 0.092000
vt 0.644000 0.057000
vt 0.823000 0.057000
vt 0.823000 0.092000
vt 0.814000 0.057000
vt 0.814000 0.092000
vt 0.082000 0.088000
vt 0.130000 0.088000
vt 0.912000 0.852000
vt 0.801000 0.852000
vt 0.927000 0.960000
vt 0.801000 0.791000
vt 0.801000 0.960000
vt 0.927000 0.791000
vt 0.507000 0.305000
vt 0.417000 0.210000
vt 0.507000 0.210000
vt 0.417000 0.305000
vt 0.592000 0.043000
vt 0.443000 0.043000
vt 0.443000 0.162000
vt 0.592000 0.162000
vt 0.621000 0.003000
vt 0.420000 0.003000
vt 0.420000 0.205000
vt 0.621000 0.205000
vt 0.035000 0.064000
vt 0.022000 0.016000
vt 0.022000 0.061000
vt 0.035000 0.019000
vt 0.008000 0.012000
vt 0.008000 0.057000
vt 0.917000 0.457000
vt 0.849000 0.475000
vt 0.908000 0.492000
vt 0.857000 0.442000
vt 0.911000 0.473000
vt 0.836000 0.473000
vt 0.902000 0.496000
vt 0.845000 0.449000
vt 0.075000 0.057000
vt 0.062000 0.016000
vt 0.062000 0.061000
vt 0.075000 0.012000
vt 0.048000 0.019000
vt 0.048000 0.064000
vt 0.918000 0.452000
vt 0.920000 0.447000
vt 0.859000 0.436000
vt 0.860000 0.431000
vt 0.907000 0.487000
vt 0.864000 0.670000
vt 0.908000 0.680000
vt 0.842000 0.468000
vt 0.858000 0.698000
vt 0.903000 0.708000
vt 0.908000 0.669000
vt 0.890000 0.516000
vt 0.892000 0.669000
vt 0.906000 0.516000
vt 0.860000 0.663000
vt 0.844000 0.499000
vt 0.838000 0.499000
vt 0.867000 0.662000
vt 0.103000 0.044000
vt 0.102000 0.055000
vt 0.093000 0.052000
vt 0.091000 0.043000
vt 0.095000 0.036000
vt 0.102000 0.033000
vt 0.110000 0.037000
vt 0.112000 0.044000
vt 0.109000 0.052000
vt 0.103000 0.009000
vt 0.126000 0.060000
vt 0.126000 0.010000
vt 0.099000 0.059000
vt 0.094000 0.007000
vt 0.088000 0.057000
vt 0.149000 0.009000
vt 0.154000 0.059000
vt 0.159000 0.007000
vt 0.165000 0.057000
vt 0.946000 0.006000
vt 0.965000 0.996000
vt 0.965000 0.006000
vt 0.946000 0.996000
vt 0.938000 0.006000
vt 0.938000 0.996000
vt 0.985000 0.006000
vt 0.985000 0.996000
vt 0.993000 0.006000
vt 0.993000 0.996000
s 0
usemtl AZD_Nav
f 115/69/74 117/71/74 116/70/74
f 116/70/74 118/72/74 115/69/74
f 115/69/75 118/72/75 117/71/75
f 118/72/75 116/70/75 117/71/75
f 119/73/76 121/74/76 120/73/76
f 119/73/76 122/74/76 121/74/76
f 119/73/76 123/73/76 122/74/76
f 119/73/76 124/75/76 123/73/76
f 119/73/76 125/75/76 124/75/76
f 119/73/76 120/73/76 125/75/76
f 126/76/77 127/77/77 120/73/77
f 126/76/77 120/73/77 121/74/77
f 128/76/78 126/76/78 121/74/78
f 128/76/78 121/74/78 122/74/78
f 129/77/79 128/76/79 122/74/79
f 129/77/79 122/74/79 123/73/79
f 130/78/80 129/77/80 123/73/80
f 130/78/81 123/73/81 124/75/81
f 127/77/82 131/78/82 125/75/82
f 127/77/83 125/75/83 120/73/83
f 132/79/84 134/81/84 133/80/84
f 133/80/85 135/82/85 132/79/85
f 134/81/86 137/84/86 136/83/86
f 136/83/87 133/80/87 134/81/87
f 137/84/88 139/86/88 138/85/88
f 138/85/89 136/83/89 137/84/89
f 139/86/90 141/88/90 140/87/90
f 140/87/91 138/85/91 139/86/91
f 141/88/92 143/86/92 142/85/92
f 142/85/93 140/87/93 141/88/93
f 143/86/94 145/84/94 144/83/94
f 144/83/95 142/85/95 143/86/95
f 145/84/96 147/81/96 146/80/96
f 146/80/97 144/83/97 145/84/97
f 147/81/98 132/79/98 135/82/98
f 135/82/99 146/80/99 147/81/99
f 148/89/100 150/91/100 149/90/100
f 148/89/101 149/90/101 151/92/101
f 152/93/102 148/89/102 151/92/102
f 152/93/103 151/92/103 153/94/103
f 154/95/104 152/93/104 153/94/104
f 154/95/105 153/94/105 155/96/105
f 156/97/106 154/95/106 155/96/106
f 156/97/107 155/96/107 157/98/107
f 158/95/108 156/97/108 157/98/108
f 158/95/109 157/98/109 159/96/109
f 160/93/110 158/95/110 159/96/110
f 160/93/111 159/96/111 161/94/111
f 162/89/112 160/93/112 161/94/112
f 162/89/113 161/94/113 163/92/113
f 150/91/114 162/89/114 163/92/114
f 150/91/115 163/92/115 149/90/115
f 164/99/116 165/100/116 150/91/116
f 164/99/117 150/91/117 148/89/117
f 166/101/118 164/99/118 148/89/118
f 166/101/119 148/89/119 152/93/119
f 167/102/120 166/101/120 152/93/120
f 167/102/121 152/93/121 154/95/121
f 168/103/122 167/102/122 154/95/122
f 168/103/123 154/95/123 156/97/123
f 169/102/124 168/103/124 156/97/124
f 169/102/125 156/97/125 158/95/125
f 170/101/126 169/102/126 158/95/126
f 170/101/127 158/95/127 160/93/127
f 171/99/128 170/101/128 160/93/128
f 171/99/129 160/93/129 162/89/129
f 165/100/130 171/99/130 162/89/130
f 165/100/131 162/89/131 150/91/131
f 172/104/132 173/105/132 165/100/132
f 172/104/133 165/100/133 164/99/133
f 174/106/134 172/104/134 164/99/134
f 174/106/135 164/99/135 166/101/135
f 175/107/136 174/106/136 166/101/136
f 175/107/137 166/101/137 167/102/137
f 176/108/138 175/107/138 167/102/138
f 176/108/139 167/102/139 168/103/139
f 177/107/140 176/108/140 168/103/140
f 177/107/141 168/103/141 169/102/141
f 178/106/142 177/107/142 169/102/142
f 178/106/143 169/102/143 170/101/143
f 179/104/144 178/106/144 170/101/144
f 179/104/145 170/101/145 171/99/145
f 173/105/146 179/104/146 171/99/146
f 173/105/147 171/99/147 165/100/147
f 180/109/148 181/110/148 173/105/148
f 180/109/149 173/105/149 172/104/149
f 182/111/150 180/109/150 172/104/150
f 182/111/151 172/104/151 174/106/151
f 183/112/152 182/111/152 174/106/152
f 183/112/153 174/106/153 175/107/153
f 184/113/154 183/112/154 175/107/154
f 184/113/155 175/107/155 176/108/155
f 185/112/156 184/113/156 176/108/156
f 185/112/157 176/108/157 177/107/157
f 186/111/158 185/112/158 177/107/158
f 186/111/159 177/107/159 178/106/159
f 187/109/160 186/111/160 178/106/160
f 187/109/161 178/106/161 179/104/161
f 181/110/162 187/109/162 179/104/162
f 181/110/163 179/104/163 173/105/163
f 188/114/164 189/115/164 181/110/164
f 188/114/165 181/110/165 180/109/165
f 190/116/166 188/114/166 180/109/166
f 190/116/167 180/109/167 182/111/167
f 191/117/168 190/116/168 182/111/168
f 191/117/169 182/111/169 183/112/169
f 192/118/170 191/117/170 183/112/170
f 192/118/171 183/112/171 184/113/171
f 193/117/172 192/118/172 184/113/172
f 193/117/173 184/113/173 185/112/173
f 194/116/174 193/117/174 185/112/174
f 194/116/175 185/112/175 186/111/175
f 195/114/176 194/116/176 186/111/176
f 195/114/177 186/111/177 187/109/177
f 189/115/178 195/114/178 187/109/178
f 189/115/179 187/109/179 181/110/179
f 196/119/74 198/119/74 197/120/74
f 197/120/74 199/120/74 196/119/74
f 200/121/78 202/123/78 201/122/78
f 201/122/78 203/124/78 200/121/78
f 204/125/75 206/125/75 205/126/75
f 205/126/75 207/126/75 204/125/75
f 206/125/180 196/119/180 199/120/180
f 199/120/180 205/126/180 206/125/180
f 204/125/76 198/119/76 196/119/76
f 196/119/76 206/125/76 204/125/76
f 207/126/181 205/126/181 199/120/181
f 199/120/181 197/120/181 207/126/181
f 208/127/182 210/129/182 209/128/182
f 211/130/183 213/132/183 212/131/183
f 208/127/180 211/130/180 214/133/180
f 211/130/76 208/127/76 209/128/76
f 209/128/76 213/132/76 211/130/76
f 213/132/78 209/128/78 216/134/78
f 216/134/78 217/135/78 213/132/78
f 208/127/78 215/136/78 214/133/78
f 210/129/184 208/127/184 211/130/184
f 212/131/185 213/132/185 209/128/185
f 218/127/182 220/129/182 219/128/182
f 221/130/183 223/132/183 222/131/183
f 218/127/180 221/130/180 224/133/180
f 221/130/76 218/127/76 219/128/76
f 219/128/76 223/132/76 221/130/76
f 223/132/78 219/128/78 226/134/78
f 226/134/78 227/135/78 223/132/78
f 218/127/78 225/136/78 224/133/78
f 220/129/184 218/127/184 221/130/184
f 222/131/185 223/132/185 219/128/185
f 228/127/182 230/129/182 229/128/182
f 231/130/183 233/132/183 232/131/183
f 231/130/76 228/127/76 229/128/76
f 229/128/76 233/132/76 231/130/76
f 233/132/78 229/128/78 236/134/78
f 236/134/78 237/135/78 233/132/78
f 234/133/78 231/130/78 228/127/78
f 228/127/78 235/136/78 234/133/78
f 230/129/184 228/127/184 231/130/184
f 232/131/185 233/132/185 229/128/185
f 238/127/182 240/129/182 239/128/182
f 241/130/183 243/132/183 242/131/183
f 238/127/180 241/130/180 244/133/180
f 241/130/76 238/127/76 239/128/76
f 239/128/76 243/132/76 241/130/76
f 243/132/78 239/128/78 246/134/78
f 246/134/78 247/135/78 243/132/78
f 238/127/78 245/136/78 244/133/78
f 240/129/184 238/127/184 241/130/184
f 242/131/185 243/132/185 239/128/185
f 248/127/182 250/129/182 249/128/182
f 251/130/183 253/132/183 252/131/183
f 248/127/180 251/130/180 254/133/180
f 251/130/76 248/127/76 249/128/76
f 249/128/76 253/132/76 251/130/76
f 253/132/78 249/128/78 256/134/78
f 256/134/78 257/135/78 253/132/78
f 248/127/78 255/136/78 254/133/78
f 250/129/184 248/127/184 251/130/184
f 252/131/185 253/132/185 249/128/185
f 258/127/182 260/129/182 259/128/182
f 261/130/183 263/132/183 262/131/183
f 258/127/180 261/130/180 264/133/180
f 261/130/76 258/127/76 259/128/76
f 259/128/76 263/132/76 261/130/76
f 263/132/78 259/128/78 266/134/78
f 266/134/78 267/135/78 263/132/78
f 258/127/78 265/136/78 264/133/78
f 260/129/184 258/127/184 261/130/184
f 262/131/185 263/132/185 259/128/185
f 268/127/182 270/129/182 269/128/182
f 271/130/183 273/132/183 272/131/183
f 271/130/76 268/127/76 269/128/76
f 269/128/76 273/132/76 271/130/76
f 273/132/78 269/128/78 276/134/78
f 276/134/78 277/135/78 273/132/78
f 274/133/78 271/130/78 268/127/78
f 268/127/78 275/136/78 274/133/78
f 270/129/184 268/127/184 271/130/184
f 272/131/185 273/132/185 269/128/185
f 278/127/182 280/129/182 279/128/182
f 281/130/183 283/132/183 282/131/183
f 278/127/180 281/130/180 284/133/180
f 281/130/76 278/127/76 279/128/76
f 279/128/76 283/132/76 281/130/76
f 283/132/78 279/128/78 286/134/78
f 286/134/78 287/135/78 283/132/78
f 278/127/78 285/136/78 284/133/78
f 280/129/184 278/127/184 281/130/184
f 282/131/185 283/132/185 279/128/185
f 288/127/182 290/129/182 289/128/182
f 291/130/183 293/132/183 292/131/183
f 294/133/180 295/136/180 288/127/180
f 288/127/180 291/130/180 294/133/180
f 291/130/76 288/127/76 289/128/76
f 289/128/76 293/132/76 291/130/76
f 293/132/78 289/128/78 296/134/78
f 290/129/184 288/127/184 291/130/184
f 292/131/185 293/132/185 289/128/185
f 293/132/180 297/135/180 296/134/180
f 298/127/182 300/129/182 299/128/182
f 301/130/183 303/132/183 302/131/183
f 301/130/76 298/127/76 299/128/76
f 299/128/76 303/132/76 301/130/76
f 303/132/78 299/128/78 306/134/78
f 304/133/78 301/130/78 298/127/78
f 298/127/78 305/136/78 304/133/78
f 300/129/184 298/127/184 301/130/184
f 302/131/185 303/132/185 299/128/185
f 303/132/180 307/135/180 306/134/180
f 308/137/186 310/139/186 309/138/186
f 309/138/186 311/140/186 308/137/186
f 310/139/187 313/142/187 312/141/187
f 312/141/187 309/138/187 310/139/187
f 314/143/188 312/141/188 313/142/188
f 315/144/189 317/146/189 316/145/189
f 317/146/190 319/148/190 318/147/190
f 318/147/190 316/145/190 317/146/190
f 319/148/191 321/150/191 320/149/191
f 320/149/191 318/147/191 319/148/191
f 321/150/180 308/137/180 311/140/180
f 311/140/180 320/149/180 321/150/180
f 322/151/192 324/153/192 323/152/192
f 325/154/193 323/152/193 314/143/193
f 315/144/194 314/143/194 313/142/194
f 313/142/194 317/146/194 315/144/194
f 317/146/76 313/142/76 310/139/76
f 310/139/76 319/148/76 317/146/76
f 319/148/76 310/139/76 308/137/76
f 308/137/76 321/150/76 319/148/76
f 322/151/195 325/154/195 323/152/195
f 325/154/196 315/144/196 314/143/196
f 315/144/197 316/145/197 312/141/197
f 312/141/197 314/143/197 315/144/197
f 316/145/181 318/147/181 309/138/181
f 309/138/181 312/141/181 316/145/181
f 318/147/181 320/149/181 311/140/181
f 311/140/181 309/138/181 318/147/181
f 326/127/182 328/129/182 327/128/182
f 329/130/183 331/132/183 330/131/183
f 332/133/180 333/136/180 326/127/180
f 326/127/180 329/130/180 332/133/180
f 329/130/76 326/127/76 327/128/76
f 327/128/76 331/132/76 329/130/76
f 334/134/78 335/135/78 331/132/78
f 328/129/184 326/127/184 329/130/184
f 330/131/185 331/132/185 327/128/185
f 334/134/180 327/128/180 331/132/180
f 336/127/182 338/129/182 337/128/182
f 339/130/183 341/132/183 340/131/183
f 336/127/180 339/130/180 342/133/180
f 339/130/76 336/127/76 337/128/76
f 337/128/76 341/132/76 339/130/76
f 341/132/78 337/128/78 344/134/78
f 336/127/78 343/136/78 342/133/78
f 338/129/184 336/127/184 339/130/184
f 340/131/185 341/132/185 337/128/185
f 341/132/180 345/135/180 344/134/180
f 346/127/182 348/129/182 347/128/182
f 349/130/183 351/132/183 350/131/183
f 346/127/180 349/130/180 352/133/180
f 349/130/76 346/127/76 347/128/76
f 347/128/76 351/132/76 349/130/76
f 351/132/78 347/128/78 354/134/78
f 346/127/78 353/136/78 352/133/78
f 348/129/184 346/127/184 349/130/184
f 350/131/185 351/132/185 347/128/185
f 351/132/180 355/135/180 354/134/180
f 356/155/76 358/157/76 357/156/76
f 356/155/76 359/158/76 358/157/76
f 360/157/76 356/155/76 361/156/76
f 360/157/76 359/158/76 356/155/76
f 362/159/74 364/161/74 363/160/74
f 362/159/74 365/162/74 364/161/74
f 366/162/75 368/160/75 367/161/75
f 366/162/75 369/159/75 368/160/75
f 370/163/198 372/165/198 371/164/198
f 371/164/198 373/166/198 370/163/198
f 374/167/78 376/169/78 375/168/78
f 375/168/78 377/170/78 374/167/78
f 378/171/199 380/172/199 379/166/199
f 379/166/199 381/164/199 378/171/199
f 382/169/180 384/167/180 383/170/180
f 383/170/180 385/168/180 382/169/180
f 386/173/74 388/175/74 387/174/74
f 387/174/74 389/176/74 386/173/74
f 388/175/200 391/178/200 390/177/200
f 390/177/200 387/174/200 388/175/200
f 391/178/75 393/180/75 392/179/75
f 392/179/75 390/177/75 391/178/75
f 393/180/201 386/173/201 389/176/201
f 389/176/201 392/179/201 393/180/201
f 373/166/74 371/164/74 394/181/74
f 394/181/74 395/182/74 373/166/74
f 377/170/78 375/168/78 396/183/78
f 396/183/78 397/184/78 377/170/78
f 381/164/75 379/166/75 398/182/75
f 398/182/75 399/181/75 381/164/75
f 385/168/180 383/170/180 400/184/180
f 400/184/180 401/183/180 385/168/180
f 378/171/76 372/165/76 370/163/76
f 370/163/76 380/172/76 378/171/76
f 402/185/78 404/187/78 403/186/78
f 403/186/78 405/188/78 402/185/78
f 406/185/180 408/187/180 407/186/180
f 407/186/180 409/188/180 406/185/180
f 410/189/181 412/191/181 411/190/181
f 411/190/181 413/192/181 410/189/181
f 414/193/74 416/194/74 415/194/74
f 415/194/74 417/193/74 414/193/74
f 416/194/78 419/195/78 418/195/78
f 418/195/78 415/194/78 416/194/78
f 419/195/75 421/196/75 420/196/75
f 420/196/75 418/195/75 419/195/75
f 421/196/180 414/193/180 417/193/180
f 417/193/180 420/196/180 421/196/180
f 419/195/76 416/194/76 414/193/76
f 414/193/76 421/196/76 419/195/76
f 422/197/74 424/198/74 423/198/74
f 423/198/74 425/197/74 422/197/74
f 424/198/78 427/199/78 426/199/78
f 426/199/78 423/198/78 424/198/78
f 427/199/75 429/200/75 428/200/75
f 428/200/75 426/199/75 427/199/75
f 429/200/180 422/197/180 425/197/180
f 425/197/180 428/200/180 429/200/180
f 427/199/76 424/198/76 422/197/76
f 422/197/76 429/200/76 427/199/76
f 430/201/202 432/203/202 431/202/202
f 431/202/202 433/204/202 430/201/202
f 432/203/203 435/206/203 434/205/203
f 434/205/203 431/202/203 432/203/203
f 436/207/204 438/209/204 437/208/204
f 437/208/204 439/210/204 436/207/204
f 440/211/180 442/213/180 441/212/180
f 441/212/180 443/214/180 440/211/180
f 444/209/205 446/207/205 445/210/205
f 445/210/205 447/208/205 444/209/205
f 448/215/206 450/217/206 449/216/206
f 449/216/206 451/218/206 448/215/206
f 450/217/207 453/220/207 452/219/207
f 452/219/207 449/216/207 450/217/207
f 453/220/78 430/201/78 433/204/78
f 433/204/78 452/219/78 453/220/78
f 444/209/76 438/209/76 436/207/76
f 436/207/76 446/207/76 444/209/76
f 446/207/76 436/207/76 454/221/76
f 454/221/76 455/221/76 446/207/76
f 455/221/76 454/221/76 456/222/76
f 456/222/76 457/222/76 455/221/76
f 447/208/181 445/210/181 439/210/181
f 439/210/181 437/208/181 447/208/181
f 445/210/181 459/223/181 458/223/181
f 458/223/181 439/210/181 445/210/181
f 459/223/181 461/224/181 460/224/181
f 460/224/181 458/223/181 459/223/181
f 462/225/208 464/227/208 463/226/208
f 463/226/209 465/228/209 462/225/209
f 464/227/78 467/227/78 466/226/78
f 466/226/78 463/226/78 464/227/78
f 467/227/75 469/230/75 468/229/75
f 468/229/75 466/226/75 467/227/75
f 470/230/74 472/227/74 471/226/74
f 471/226/74 473/229/74 470/230/74
f 472/227/78 475/227/78 474/226/78
f 474/226/78 471/226/78 472/227/78
f 475/227/210 477/225/210 476/228/210
f 476/228/211 474/226/211 475/227/211
f 478/231/212 480/233/212 479/232/212
f 479/232/212 481/234/212 478/231/212
f 473/229/181 471/226/181 466/226/181
f 466/226/181 468/229/181 473/229/181
f 482/235/213 484/237/213 483/236/213
f 483/236/213 485/238/213 482/235/213
f 486/239/76 488/241/76 487/240/76
f 486/239/76 489/242/76 488/241/76
f 486/239/76 490/243/76 489/242/76
f 486/239/76 491/244/76 490/243/76
f 486/239/76 492/245/76 491/244/76
f 486/239/76 493/246/76 492/245/76
f 486/239/76 494/247/76 493/246/76
f 486/239/76 487/240/76 494/247/76
f 495/248/214 497/250/214 496/249/214
f 495/248/215 496/249/215 498/251/215
f 499/252/216 495/248/216 498/251/216
f 499/252/217 498/251/217 500/253/217
f 501/248/218 499/252/218 500/253/218
f 501/248/219 500/253/219 502/251/219
f 503/250/220 501/248/220 502/251/220
f 503/250/221 502/251/221 504/249/221
f 505/254/222 503/250/222 504/249/222
f 505/254/223 504/249/223 506/255/223
f 507/256/224 505/254/224 506/255/224
f 507/256/225 506/255/225 508/257/225
f 509/254/226 507/256/226 508/257/226
f 509/254/227 508/257/227 510/255/227
f 497/250/228 509/254/228 510/255/228
f 497/250/229 510/255/229 496/249/229
f 511/258/230 513/260/230 512/259/230
f 511/258/230 512/259/230 514/261/230
f 515/262/231 511/258/231 514/261/231
f 515/262/231 514/261/231 516/263/231
f 517/258/232 515/262/232 516/263/232
f 517/258/232 516/263/232 518/261/232
f 519/260/233 517/258/233 518/261/233
f 519/260/233 518/261/233 520/259/233
f 521/264/234 519/260/234 520/259/234
f 521/264/234 520/259/234 522/265/234
f 523/266/235 521/264/235 522/265/235
f 523/266/235 522/265/235 524/267/235
f 525/264/236 523/266/236 524/267/236
f 525/264/236 524/267/236 526/265/236
f 513/260/237 525/264/237 526/265/237
f 513/260/237 526/265/237 512/259/237
o skupinove_se2_S
v -0.027192 3.005952 0.325068
v 0.027192 2.785326 0.325068
v 0.027192 3.005952 0.325068
v -0.027192 2.785326 0.325068
v -0.092700 2.932410 0.330012
v 0.092700 2.747010 0.330012
v 0.092700 2.932410 0.330012
v -0.092700 2.747010 0.330012
v 0.092700 2.932410 0.330012
v -0.092700 2.747010 0.330012
v -0.092700 2.932410 0.330012
v 0.092700 2.747010 0.330012
vn -0.0000 -0.0000 -1.0000
vn -0.0000 -0.0000 1.0000
vt 0.926000 0.426000
vt 0.873000 0.373000
vt 0.873000 0.426000
vt 0.926000 0.373000
vt 0.946000 0.550000
vt 0.986000 0.507000
vt 0.986000 0.550000
vt 0.946000 0.507000
vt 0.593000 0.289000
vt 0.510000 0.208000
vt 0.510000 0.289000
vt 0.593000 0.208000
s 0
usemtl AZD_Nav_Stit
f 527/268/238 529/270/238 528/269/238
f 528/269/238 530/271/238 527/268/238
f 531/272/238 533/274/238 532/273/238
f 532/273/238 534/275/238 531/272/238
f 535/276/239 537/278/239 536/277/239
f 536/277/239 538/279/239 535/276/239
o modra_se2_S
v 0.073281 3.248984 0.338097
v 0.078463 3.264932 0.338097
v 0.080216 3.281611 0.338097
v 0.053675 3.221998 0.338097
v 0.064896 3.234461 0.338097
v 0.078463 3.298289 0.338097
v 0.024788 3.205320 0.338097
v 0.040108 3.212141 0.338097
v 0.064896 3.328761 0.338097
v 0.073281 3.314238 0.338097
v 0.040108 3.351080 0.338097
v 0.053675 3.341223 0.338097
v -0.008385 3.201833 0.338097
v 0.008385 3.201833 0.338097
v 0.008385 3.361388 0.338097
v -0.040108 3.212141 0.338097
v -0.024788 3.205320 0.338097
v 0.024788 3.357901 0.338097
v -0.024788 3.357901 0.338097
v -0.008385 3.361388 0.338097
v -0.053675 3.341223 0.338097
v -0.040108 3.351080 0.338097
v -0.073281 3.314238 0.338097
v -0.064896 3.328761 0.338097
v -0.064896 3.234461 0.338097
v -0.053675 3.221998 0.338097
v -0.080216 3.281611 0.338097
v -0.078463 3.264932 0.338097
v -0.073281 3.248984 0.338097
v -0.078463 3.298289 0.338097
vn -0.0000 -0.0000 1.0000
vt 0.261343 0.323378
vt 0.253417 0.347905
vt 0.250736 0.373553
vt 0.291329 0.281879
vt 0.274167 0.301044
vt 0.335509 0.256231
vt 0.312079 0.266720
vt 0.386245 0.250869
vt 0.360597 0.250869
vt 0.434763 0.266720
vt 0.411332 0.256231
vt 0.472674 0.301044
vt 0.455513 0.281879
vt 0.493424 0.347905
vt 0.485498 0.323378
vt 0.493424 0.399201
vt 0.496105 0.373553
vt 0.472674 0.446062
vt 0.485498 0.423728
vt 0.434763 0.480386
vt 0.455513 0.465227
vt 0.386245 0.496237
vt 0.411332 0.490875
vt 0.335509 0.490875
vt 0.360597 0.496237
vt 0.291329 0.465227
vt 0.312079 0.480386
vt 0.261343 0.423728
vt 0.274167 0.446062
vt 0.253417 0.399201
s 0
usemtl cocky.001
f 539/280/240 540/281/240 541/282/240
f 542/283/240 543/284/240 539/280/240
f 545/285/240 546/286/240 542/283/240
f 545/285/240 542/283/240 539/280/240
f 551/287/240 552/288/240 545/285/240
f 554/289/240 555/290/240 551/287/240
f 554/289/240 551/287/240 545/285/240
f 554/289/240 545/285/240 539/280/240
f 563/291/240 564/292/240 554/289/240
f 566/293/240 567/294/240 563/291/240
f 566/293/240 563/291/240 554/289/240
f 568/295/240 565/296/240 566/293/240
f 562/297/240 561/298/240 568/295/240
f 562/297/240 568/295/240 566/293/240
f 562/297/240 566/293/240 554/289/240
f 560/299/240 559/300/240 562/297/240
f 558/301/240 557/302/240 560/299/240
f 558/301/240 560/299/240 562/297/240
f 556/303/240 553/304/240 558/301/240
f 550/305/240 549/306/240 556/303/240
f 550/305/240 556/303/240 558/301/240
f 550/305/240 558/301/240 562/297/240
f 550/305/240 562/297/240 554/289/240
f 550/305/240 554/289/240 539/280/240
f 548/307/240 547/308/240 550/305/240
f 548/307/240 550/305/240 539/280/240
f 548/307/240 539/280/240 541/282/240
f 548/307/240 541/282/240 544/309/240
o bila_se2_S
v 0.073281 3.434349 0.338097
v 0.078463 3.450298 0.338097
v 0.080216 3.466976 0.338097
v 0.053675 3.407364 0.338097
v 0.064896 3.419826 0.338097
v 0.078463 3.483654 0.338097
v 0.024788 3.390686 0.338097
v 0.040108 3.397507 0.338097
v 0.064896 3.514126 0.338097
v 0.073281 3.499603 0.338097
v 0.040108 3.536446 0.338097
v 0.053675 3.526588 0.338097
v -0.008385 3.387199 0.338097
v 0.008385 3.387199 0.338097
v 0.008385 3.546753 0.338097
v -0.040108 3.397507 0.338097
v -0.024788 3.390686 0.338097
v 0.024788 3.543267 0.338097
v -0.024788 3.543267 0.338097
v -0.008385 3.546753 0.338097
v -0.053675 3.526588 0.338097
v -0.040108 3.536446 0.338097
v -0.073281 3.499603 0.338097
v -0.064896 3.514126 0.338097
v -0.064896 3.419826 0.338097
v -0.053675 3.407364 0.338097
v -0.080216 3.466976 0.338097
v -0.078463 3.450298 0.338097
v -0.073281 3.434349 0.338097
v -0.078463 3.483654 0.338097
vn -0.0000 -0.0000 1.0000
vt 0.761781 0.824246
vt 0.753855 0.848772
vt 0.751174 0.874420
vt 0.791767 0.782746
vt 0.774605 0.801911
vt 0.835947 0.757098
vt 0.812517 0.767588
vt 0.886683 0.751736
vt 0.861035 0.751736
vt 0.935201 0.767588
vt 0.911770 0.757098
vt 0.973112 0.801911
vt 0.955950 0.782746
vt 0.993862 0.848772
vt 0.985936 0.824245
vt 0.993862 0.900068
vt 0.996543 0.874420
vt 0.973112 0.946930
vt 0.985936 0.924596
vt 0.935201 0.981253
vt 0.955950 0.966095
vt 0.886683 0.997105
vt 0.911770 0.991743
vt 0.835947 0.991743
vt 0.861035 0.997105
vt 0.791767 0.966095
vt 0.812517 0.981253
vt 0.761781 0.924596
vt 0.774605 0.946930
vt 0.753855 0.900068
s 0
usemtl cocky.001
f 569/310/241 570/311/241 571/312/241
f 572/313/241 573/314/241 569/310/241
f 575/315/241 576/316/241 572/313/241
f 575/315/241 572/313/241 569/310/241
f 581/317/241 582/318/241 575/315/241
f 584/319/241 585/320/241 581/317/241
f 584/319/241 581/317/241 575/315/241
f 584/319/241 575/315/241 569/310/241
f 593/321/241 594/322/241 584/319/241
f 596/323/241 597/324/241 593/321/241
f 596/323/241 593/321/241 584/319/241
f 598/325/241 595/326/241 596/323/241
f 592/327/241 591/328/241 598/325/241
f 592/327/241 598/325/241 596/323/241
f 592/327/241 596/323/241 584/319/241
f 590/329/241 589/330/241 592/327/241
f 588/331/241 587/332/241 590/329/241
f 588/331/241 590/329/241 592/327/241
f 586/333/241 583/334/241 588/331/241
f 580/335/241 579/336/241 586/333/241
f 580/335/241 586/333/241 588/331/241
f 580/335/241 588/331/241 592/327/241
f 580/335/241 592/327/241 584/319/241
f 580/335/241 584/319/241 569/310/241
f 578/337/241 577/338/241 580/335/241
f 578/337/241 580/335/241 569/310/241
f 578/337/241 569/310/241 571/312/241
f 578/337/241 571/312/241 574/339/241
o stozar_se2_L
v -0.330197 3.191043 -0.039860
v -0.330197 3.191043 0.039800
v -0.330197 3.121703 0.039800
v -0.330197 3.121703 -0.039861
v -0.271858 3.604856 0.000001
v -0.233542 3.571422 0.000001
v -0.233542 3.604856 0.000001
v -0.271858 3.571422 0.000001
v 0.055682 3.104894 0.021569
v 0.039058 2.985867 0.048637
v 0.039058 3.104894 0.048637
v 0.055682 2.985867 0.021569
v 0.019776 2.985867 0.062233
v 0.019776 3.104894 0.062233
v 0.019776 3.104894 0.062233
v -0.047771 2.985867 0.055559
v -0.047771 3.104894 0.055559
v 0.019776 2.985867 0.062233
v -0.047771 3.104894 0.055559
v -0.047771 2.985867 -0.055620
v -0.047771 3.104894 -0.055620
v -0.047771 2.985867 0.055559
v -0.047771 3.104894 -0.055620
v 0.019776 2.985867 -0.062294
v 0.019776 3.104894 -0.062294
v -0.047771 2.985867 -0.055620
v 0.019776 3.104894 -0.062294
v 0.039058 2.985867 -0.048698
v 0.039058 3.104894 -0.048698
v 0.019776 2.985867 -0.062294
v 0.055682 2.985867 -0.021630
v 0.055682 3.104894 -0.021630
v 0.039058 3.104894 0.048637
v 0.039058 3.104894 -0.048698
v 0.055682 3.104894 0.021569
v 0.055682 3.104894 -0.021630
v 0.039058 2.985867 0.048637
v 0.039058 2.985867 -0.048698
v 0.055682 2.985867 0.021569
v 0.055682 2.985867 -0.021630
v -0.026512 3.102175 0.024473
v -0.264504 3.121703 0.006737
v -0.264504 3.191043 0.024473
v -0.026512 2.985682 0.006737
v -0.264504 3.121703 0.039800
v -0.264504 3.191043 0.039800
v -0.330197 3.191043 -0.039860
v -0.264504 3.121703 -0.039861
v -0.264504 3.191043 -0.039860
v -0.330197 3.121703 -0.039861
v -0.264504 3.121703 -0.006798
v -0.264504 3.191043 -0.024596
v -0.026512 2.985682 -0.006798
v -0.026512 3.102175 -0.024596
v -0.264504 3.191043 -0.024596
v -0.026512 3.102175 0.024473
v -0.264504 3.191043 0.024473
v -0.026512 3.102175 -0.024596
v -0.330197 3.121703 0.039800
v -0.264504 3.121703 -0.006798
v -0.026512 2.985682 0.006737
v -0.026512 2.985682 -0.006798
v -0.264504 3.121703 0.006737
v -0.292190 3.663195 0.002905
v -0.319382 3.663195 0.002905
v -0.305786 3.663195 -0.020579
v -0.278594 3.663195 -0.020579
v -0.264998 3.663195 0.002905
v -0.278594 3.663195 0.026451
v -0.305786 3.663195 0.026451
v -0.305848 3.555601 -0.020579
v -0.319444 3.555601 0.002905
v -0.278718 3.555601 -0.020579
v -0.265122 3.555601 0.002905
v -0.278718 3.555601 0.026451
v -0.305848 3.555601 0.026451
v -0.289348 3.647312 0.000001
v -0.223778 3.640761 0.015327
v -0.289348 3.641009 0.015327
v -0.223098 3.647065 0.000001
v -0.225446 3.625559 0.021631
v -0.289348 3.625806 0.021631
v -0.227115 3.610356 0.015265
v -0.289348 3.610603 0.015265
v -0.227795 3.604053 0.000001
v -0.289348 3.604300 0.000001
v -0.227115 3.610356 -0.015264
v -0.289348 3.610603 -0.015264
v -0.225446 3.625559 -0.021568
v -0.289348 3.625806 -0.021568
v -0.223778 3.640761 -0.015202
v -0.289348 3.641009 -0.015202
v -0.106111 3.608131 0.015327
v -0.223098 3.647065 0.000001
v -0.104380 3.614249 0.000001
v -0.223778 3.640761 0.015327
v -0.110313 3.593423 0.021631
v -0.225446 3.625559 0.021631
v -0.114454 3.578715 0.015265
v -0.227115 3.610356 0.015265
v -0.116184 3.572658 0.000001
v -0.227795 3.604053 0.000001
v -0.114454 3.578715 -0.015264
v -0.227115 3.610356 -0.015264
v -0.110313 3.593485 -0.021568
v -0.225446 3.625559 -0.021568
v -0.106111 3.608193 -0.015202
v -0.223778 3.640761 -0.015202
v -0.051788 3.581187 0.015265
v -0.048019 3.586254 0.000001
v -0.061058 3.569012 0.021631
v -0.070267 3.556776 0.015265
v -0.074036 3.551769 0.000001
v -0.070267 3.556776 -0.015264
v -0.061058 3.569012 -0.021568
v -0.051788 3.581187 -0.015264
v -0.002101 3.526679 0.015265
v 0.003214 3.530016 0.000001
v -0.015141 3.518645 0.021569
v -0.028119 3.510611 0.015265
v -0.033496 3.507274 0.000001
v -0.028119 3.510611 -0.015264
v -0.015141 3.518645 -0.021629
v -0.002101 3.526741 -0.015264
v 0.011989 3.467042 0.015265
v 0.018169 3.468216 0.000001
v -0.003028 3.464199 0.021569
v -0.018046 3.461418 0.015265
v -0.024287 3.460244 0.000001
v -0.018046 3.461418 -0.015264
v -0.003028 3.464261 -0.021629
v 0.011989 3.467042 -0.015264
v 0.011989 3.294682 0.015203
v 0.018169 3.294682 0.000001
v -0.003028 3.294682 0.021569
v -0.018046 3.294682 0.015203
v -0.024287 3.294682 0.000001
v -0.018046 3.294682 -0.015326
v -0.003028 3.294682 -0.021629
v 0.011989 3.294682 -0.015326
v -0.036895 2.570880 0.137876
v -0.036895 1.116046 0.128544
v -0.036895 2.570880 0.128544
v -0.036895 1.116046 0.137876
v -0.036895 2.570880 0.128544
v 0.036895 1.116046 0.128544
v 0.036895 2.570880 0.128544
v -0.036895 1.116046 0.128544
v 0.036895 2.570880 0.128544
v 0.036895 1.116046 0.137876
v 0.036895 2.570880 0.137876
v 0.036895 1.116046 0.128544
v -0.011557 1.118147 -0.128544
v -0.011557 1.118147 0.128544
v -0.000000 1.071797 0.000000
v 0.011557 1.118147 -0.128544
v -0.000000 1.071797 0.000000
v 0.011557 1.118147 0.128544
v 0.011557 1.134772 -0.128544
v -0.011557 1.134772 -0.128544
v -0.011557 1.134772 0.128544
v 0.011557 1.134772 0.128544
v -0.011557 1.322087 -0.128544
v -0.011557 1.322087 0.128544
v -0.000000 1.275737 0.000000
v 0.011557 1.322087 -0.128544
v -0.000000 1.275737 0.000000
v 0.011557 1.322087 0.128544
v 0.011557 1.338712 -0.128544
v -0.011557 1.338712 -0.128544
v -0.011557 1.338712 0.128544
v 0.011557 1.338712 0.128544
v -0.011557 1.526027 -0.128544
v -0.011557 1.526027 0.128544
v -0.000000 1.479677 0.000000
v 0.011557 1.526027 -0.128544
v -0.000000 1.479677 0.000000
v 0.011557 1.526027 0.128544
v 0.011557 1.542651 -0.128544
v -0.011557 1.542651 -0.128544
v -0.011557 1.542651 0.128544
v 0.011557 1.542651 0.128544
v -0.011557 1.729967 -0.128544
v -0.011557 1.729967 0.128544
v -0.000000 1.683617 0.000000
v 0.011557 1.729967 -0.128544
v -0.000000 1.683617 0.000000
v 0.011557 1.729967 0.128544
v 0.011557 1.746592 -0.128544
v -0.011557 1.746592 -0.128544
v -0.011557 1.746592 0.128544
v 0.011557 1.746592 0.128544
v -0.011557 1.933907 -0.128544
v -0.011557 1.933907 0.128544
v -0.000000 1.887557 0.000000
v 0.011557 1.933907 -0.128544
v -0.000000 1.887557 0.000000
v 0.011557 1.933907 0.128544
v 0.011557 1.950531 -0.128544
v -0.011557 1.950531 -0.128544
v -0.011557 1.950531 0.128544
v 0.011557 1.950531 0.128544
v -0.011557 2.137847 -0.128544
v -0.011557 2.137847 0.128544
v -0.000000 2.091497 0.000000
v 0.011557 2.137847 -0.128544
v -0.000000 2.091497 0.000000
v 0.011557 2.137847 0.128544
v 0.011557 2.154471 -0.128544
v -0.011557 2.154471 -0.128544
v -0.011557 2.154471 0.128544
v 0.011557 2.154471 0.128544
v -0.011557 2.341787 -0.128544
v -0.011557 2.341787 0.128544
v -0.000000 2.295437 0.000000
v 0.011557 2.341787 -0.128544
v -0.000000 2.295437 0.000000
v 0.011557 2.341787 0.128544
v 0.011557 2.358412 -0.128544
v -0.011557 2.358412 -0.128544
v -0.011557 2.358412 0.128544
v 0.011557 2.358412 0.128544
v -0.011557 2.545727 -0.128544
v -0.011557 2.545727 0.128544
v -0.000000 2.499377 0.000000
v 0.011557 2.545727 -0.128544
v -0.000000 2.499377 0.000000
v 0.011557 2.545727 0.128544
v 0.011557 2.562352 -0.128544
v -0.011557 2.562352 -0.128544
v -0.011557 2.562352 0.128544
v 0.011557 2.562352 0.128544
v -0.011557 0.914207 -0.128544
v -0.011557 0.914207 0.128544
v -0.000000 0.867857 0.000000
v 0.011557 0.914207 -0.128544
v -0.000000 0.867857 0.000000
v 0.011557 0.914207 0.128544
v 0.011557 0.930832 -0.128544
v -0.011557 0.930832 -0.128544
v -0.011557 0.930832 0.128544
v 0.011557 0.930832 0.128544
v -0.011557 0.710267 -0.128544
v -0.011557 0.710267 0.128544
v -0.000000 0.663917 0.000000
v 0.011557 0.710267 -0.128544
v -0.000000 0.663917 0.000000
v 0.011557 0.710267 0.128544
v 0.011557 0.726892 -0.128544
v -0.011557 0.726892 -0.128544
v -0.011557 0.726892 0.128544
v 0.011557 0.726892 0.128544
v -0.021939 2.564329 0.054693
v -0.055991 2.551969 0.000000
v -0.055991 2.564329 0.000000
v -0.021939 2.551969 0.054693
v -0.021939 2.551969 -0.054693
v -0.021939 2.564329 -0.054693
v -0.084851 2.558149 -0.070081
v 0.084851 2.558149 -0.070081
v 0.021939 2.551969 -0.054693
v 0.021939 2.564329 -0.054693
v 0.055991 2.551969 0.000000
v 0.055991 2.564329 0.000000
v 0.021939 2.551969 0.054693
v 0.021939 2.564329 0.054693
v 0.058895 2.580336 -0.234654
v -0.084851 2.569521 -0.213333
v -0.058895 2.580336 -0.234654
v 0.084851 2.569521 -0.213333
v -0.011557 0.506142 -0.128544
v -0.011557 0.506142 0.128544
v -0.000000 0.459792 0.000000
v 0.011557 0.506142 -0.128544
v -0.000000 0.459792 0.000000
v 0.011557 0.506142 0.128544
v 0.011557 0.522828 -0.128544
v -0.011557 0.522828 -0.128544
v -0.011557 0.522828 0.128544
v 0.011557 0.522828 0.128544
v -0.011557 2.953422 -0.128544
v -0.011557 2.953422 0.128544
v -0.000000 2.907072 0.000000
v 0.011557 2.953422 -0.128544
v -0.000000 2.907072 0.000000
v 0.011557 2.953422 0.128544
v 0.011557 2.970108 -0.128544
v -0.011557 2.970108 -0.128544
v -0.011557 2.970108 0.128544
v 0.011557 2.970108 0.128544
v -0.011557 2.749482 -0.128544
v -0.011557 2.749482 0.128544
v -0.000000 2.703132 0.000000
v 0.011557 2.749482 -0.128544
v -0.000000 2.703132 0.000000
v 0.011557 2.749482 0.128544
v 0.011557 2.766168 -0.128544
v -0.011557 2.766168 -0.128544
v -0.011557 2.766168 0.128544
v 0.011557 2.766168 0.128544
v 0.077435 0.251032 0.000000
v 0.077435 0.251032 0.106049
v -0.077435 0.251032 0.106049
v -0.077435 0.251032 0.000000
v -0.077435 0.251032 -0.106049
v 0.077435 0.251032 -0.106049
v -0.077435 0.251032 -0.106049
v -0.077435 0.251032 0.106049
v -0.077435 0.063592 0.106049
v -0.077435 0.063592 -0.106049
v 0.077435 0.063592 -0.106049
v 0.077435 0.063592 0.106049
v 0.077435 0.251032 0.106049
v 0.077435 0.251032 -0.106049
v -0.053395 0.288050 0.025709
v -0.077435 0.270869 -0.025709
v -0.053395 0.288050 -0.025709
v -0.077435 0.270869 0.025709
v -0.053395 0.288050 -0.025709
v 0.077435 0.270869 -0.025709
v 0.053395 0.288050 -0.025709
v -0.077435 0.270869 -0.025709
v 0.053395 0.288050 -0.025709
v 0.077435 0.270869 0.025709
v 0.053395 0.288050 0.025709
v 0.077435 0.270869 -0.025709
v 0.053395 0.288050 0.025709
v -0.077435 0.270869 0.025709
v -0.053395 0.288050 0.025709
v 0.077435 0.270869 0.025709
v -0.052654 0.071317 0.093689
v -0.052654 0.024535 -0.076138
v -0.052654 0.071317 -0.093689
v -0.052654 0.024535 0.076138
v 0.052654 0.024535 -0.076138
v 0.052654 0.071317 -0.093689
v 0.052654 0.024535 0.076138
v 0.052654 0.071317 0.093689
v -0.077435 0.023360 -0.025709
v -0.077435 0.023360 0.025709
v 0.077435 0.023360 -0.025709
v -0.077435 0.023360 -0.025709
v 0.077435 0.023360 0.025709
v 0.077435 0.023360 -0.025709
v -0.077435 0.023360 0.025709
v 0.077435 0.023360 0.025709
v -0.077435 0.251032 -0.106049
v 0.077435 0.063592 -0.106049
v 0.077435 0.251032 -0.106049
v -0.077435 0.063592 -0.106049
v 0.077435 0.251032 0.106049
v -0.077435 0.063592 0.106049
v -0.077435 0.251032 0.106049
v 0.077435 0.063592 0.106049
v 0.077435 0.063592 -0.106049
v -0.077435 0.063592 0.106049
v 0.077435 0.063592 0.106049
v -0.077435 0.063592 -0.106049
v -0.088250 0.024720 0.076756
v -0.088250 0.012360 -0.076756
v -0.088250 0.024720 -0.076756
v -0.088250 0.012360 0.076756
v 0.088250 0.012360 -0.076756
v 0.088250 0.024720 -0.076756
v 0.088250 0.012360 0.076756
v 0.088250 0.024720 0.076756
v -0.109571 0.012360 0.134291
v -0.109571 0.000000 -0.134291
v -0.109571 0.012360 -0.134291
v -0.109571 0.000000 0.134291
v 0.109571 0.000000 -0.134291
v 0.109571 0.012360 -0.134291
v 0.109571 0.000000 0.134291
v 0.109571 0.012360 0.134291
v -0.000000 3.300738 0.000001
v -0.051047 3.300738 0.000001
v -0.036091 3.300738 -0.036152
v -0.000000 3.300738 -0.051108
v 0.036029 3.300738 -0.036152
v 0.050985 3.300738 0.000001
v 0.036029 3.300738 0.035968
v -0.000000 3.300738 0.050924
v -0.036091 3.300738 0.035968
v -0.030591 3.213600 -0.030652
v -0.051047 3.300738 0.000001
v -0.043260 3.213600 0.000001
v -0.036091 3.300738 -0.036152
v -0.000000 3.213600 -0.043321
v -0.000000 3.300738 -0.051108
v 0.030529 3.213600 -0.030652
v 0.036029 3.300738 -0.036152
v 0.043198 3.213600 0.000001
v 0.050985 3.300738 0.000001
v 0.030529 3.213600 0.030468
v 0.036029 3.300738 0.035968
v -0.000000 3.213600 0.043137
v -0.000000 3.300738 0.050924
v -0.030591 3.213600 0.030468
v -0.036091 3.300738 0.035968
v -0.030591 0.247200 -0.030653
v -0.043260 3.213600 0.000001
v -0.043260 0.247200 0.000000
v -0.030591 3.213600 -0.030652
v -0.000000 0.247200 -0.043322
v -0.000000 3.213600 -0.043321
v 0.030529 0.247200 -0.030653
v 0.030529 3.213600 -0.030652
v 0.043198 0.247200 0.000000
v 0.043198 3.213600 0.000001
v 0.030529 0.247200 0.030467
v 0.030529 3.213600 0.030468
v -0.000000 0.247200 0.043136
v -0.000000 3.213600 0.043137
v -0.030591 0.247200 0.030467
v -0.030591 3.213600 0.030468
vn -1.0000 -0.0000 -0.0000
vn -0.0000 -0.0000 -1.0000
vn -0.0000 -0.0000 1.0000
vn 0.8521 -0.0000 0.5233
vn 0.5763 -0.0000 0.8173
vn -0.0983 -0.0000 0.9952
vn -0.0983 -0.0000 -0.9952
vn 0.5763 -0.0000 -0.8173
vn 0.8521 -0.0000 -0.5233
vn 1.0000 -0.0000 -0.0000
vn -0.0000 1.0000 -0.0000
vn -0.0000 -1.0000 -0.0000
vn -0.0921 -0.2468 0.9647
vn -0.0857 -0.1500 0.9850
vn -0.0563 -0.1508 -0.9870
vn -0.1407 -0.2462 -0.9590
vn 0.3498 0.9368 -0.0000
vn -0.4962 -0.8682 -0.0000
vn -0.8654 0.0005 -0.5010
vn 0.8654 -0.0010 -0.5010
vn 0.8660 -0.0010 0.5001
vn -0.8660 0.0005 0.5000
vn -0.8660 0.0005 0.5001
vn 0.0035 0.9248 0.3804
vn 0.0034 0.9248 0.3805
vn 0.0015 0.3830 0.9237
vn 0.0014 0.3829 0.9238
vn -0.0015 -0.3862 0.9224
vn -0.0015 -0.3861 0.9225
vn -0.0037 -0.9243 0.3817
vn -0.0037 -0.9242 0.3818
vn -0.0037 -0.9243 -0.3817
vn -0.0037 -0.9242 -0.3818
vn -0.0015 -0.3830 -0.9237
vn -0.0015 -0.3829 -0.9238
vn 0.0015 0.3862 -0.9224
vn 0.0015 0.3861 -0.9225
vn 0.0034 0.9237 -0.3830
vn 0.0035 0.9237 -0.3831
vn 0.2461 0.8903 0.3832
vn 0.2474 0.8922 0.3779
vn 0.1018 0.3672 0.9246
vn 0.1036 0.3712 0.9227
vn -0.1034 -0.3704 0.9231
vn -0.1051 -0.3742 0.9214
vn -0.2500 -0.8900 0.3814
vn -0.2506 -0.8908 0.3790
vn -0.2503 -0.8899 -0.3815
vn -0.2502 -0.8909 -0.3790
vn -0.1028 -0.3659 -0.9249
vn -0.1034 -0.3713 -0.9228
vn 0.1031 0.3701 -0.9233
vn 0.1036 0.3744 -0.9214
vn 0.2464 0.8904 -0.3827
vn 0.2464 0.8913 -0.3806
vn 0.4120 0.8295 0.3771
vn 0.4118 0.8294 0.3776
vn 0.1741 0.3489 0.9208
vn 0.1716 0.3462 0.9223
vn -0.1729 -0.3490 0.9210
vn -0.1736 -0.3496 0.9207
vn -0.4124 -0.8306 0.3742
vn -0.4115 -0.8302 0.3761
vn -0.4118 -0.8309 -0.3742
vn -0.4121 -0.8300 -0.3760
vn -0.1717 -0.3459 -0.9224
vn -0.1717 -0.3456 -0.9225
vn 0.1721 0.3464 -0.9222
vn 0.1726 0.3493 -0.9210
vn 0.4120 0.8295 -0.3771
vn 0.4120 0.8294 -0.3773
vn 0.6853 0.6243 0.3751
vn 0.6847 0.6242 0.3763
vn 0.2855 0.2603 0.9224
vn 0.2885 0.2619 0.9210
vn -0.2858 -0.2617 0.9219
vn -0.2877 -0.2626 0.9210
vn -0.6839 -0.6244 0.3774
vn -0.6855 -0.6246 0.3741
vn -0.6845 -0.6237 -0.3774
vn -0.6849 -0.6253 -0.3742
vn -0.2885 -0.2634 -0.9206
vn -0.2862 -0.2598 -0.9223
vn 0.2867 0.2625 -0.9213
vn 0.2853 0.2604 -0.9224
vn 0.6854 0.6255 -0.3729
vn 0.6849 0.6240 -0.3763
vn 0.8988 0.2175 0.3806
vn 0.9070 0.2143 0.3626
vn 0.3714 0.0877 0.9243
vn 0.3898 0.0867 0.9168
vn -0.3726 -0.0829 0.9243
vn -0.3946 -0.0808 0.9153
vn -0.9045 -0.1852 0.3841
vn -0.9150 -0.1792 0.3615
vn -0.9061 -0.1774 -0.3841
vn -0.9130 -0.1870 -0.3625
vn -0.3767 -0.0771 -0.9231
vn -0.3943 -0.0878 -0.9148
vn 0.3757 0.0837 -0.9230
vn 0.3901 0.0921 -0.9162
vn 0.9000 0.2124 -0.3807
vn 0.9059 0.2192 -0.3624
vn 0.9264 -0.0000 0.3766
vn 0.9269 -0.0001 0.3753
vn 0.3903 -0.0003 0.9207
vn 0.3870 -0.0000 0.9221
vn -0.3903 -0.0000 0.9207
vn -0.3870 -0.0003 0.9221
vn -0.9251 -0.0001 0.3798
vn -0.9256 -0.0000 0.3785
vn -0.9261 -0.0000 -0.3772
vn -0.9256 0.0001 -0.3785
vn -0.3870 0.0003 -0.9221
vn -0.3903 -0.0000 -0.9207
vn 0.3870 -0.0000 -0.9221
vn 0.3902 0.0003 -0.9207
vn 0.9274 0.0001 -0.3740
vn 0.9269 -0.0000 -0.3753
vn -0.9703 -0.2419 -0.0000
vn 0.9703 -0.2419 -0.0000
vn -0.0000 -0.9407 -0.3392
vn -0.0000 -0.9407 0.3392
vn -0.8489 -0.0000 0.5285
vn -0.8489 -0.0000 -0.5285
vn -0.2376 -0.0000 0.9714
vn 0.2376 -0.0000 0.9714
vn 0.8489 -0.0000 -0.5285
vn 0.8489 -0.0000 0.5285
vn -0.0000 0.8918 0.4524
vn -0.0000 0.9280 -0.3727
vn -0.0000 -0.8918 -0.4524
vn -0.0000 -0.9969 -0.0791
vn -0.0000 -0.9280 -0.3727
vn -0.5814 0.8136 -0.0000
vn 0.5814 0.8136 -0.0000
vn -0.0000 -0.3513 -0.9363
vn -0.0000 -0.3513 0.9363
vn -0.9210 -0.0823 -0.3807
vn -0.9209 -0.0822 -0.3810
vn -0.3813 -0.0822 -0.9208
vn -0.3815 -0.0823 -0.9207
vn 0.3820 -0.0823 -0.9205
vn 0.3821 -0.0822 -0.9205
vn 0.9211 -0.0822 -0.3807
vn 0.9209 -0.0823 -0.3810
vn 0.9202 -0.0822 0.3827
vn 0.9202 -0.0822 0.3826
vn 0.3820 -0.0822 0.9205
vn 0.3821 -0.0823 0.9205
vn -0.3813 -0.0823 0.9208
vn -0.3815 -0.0822 0.9207
vn -0.9202 -0.0822 0.3827
vn -0.9202 -0.0822 0.3826
vn -0.9242 -0.0000 -0.3820
vn -0.3826 -0.0000 -0.9239
vn 0.3833 -0.0000 -0.9236
vn 0.9242 -0.0000 -0.3820
vn 0.9234 -0.0000 0.3840
vn 0.3833 -0.0000 0.9236
vn -0.3826 -0.0000 0.9239
vn -0.9234 -0.0000 0.3840
vt 0.866000 0.700000
vt 0.903000 0.708000
vt 0.904000 0.702000
vt 0.867000 0.694000
vt 0.201000 0.029000
vt 0.231000 0.007000
vt 0.231000 0.029000
vt 0.201000 0.007000
vt 0.035000 0.064000
vt 0.022000 0.016000
vt 0.022000 0.061000
vt 0.035000 0.019000
vt 0.008000 0.012000
vt 0.008000 0.057000
vt 0.917000 0.457000
vt 0.849000 0.475000
vt 0.908000 0.492000
vt 0.857000 0.442000
vt 0.911000 0.473000
vt 0.836000 0.473000
vt 0.902000 0.496000
vt 0.845000 0.449000
vt 0.075000 0.057000
vt 0.062000 0.016000
vt 0.062000 0.061000
vt 0.075000 0.012000
vt 0.048000 0.019000
vt 0.048000 0.064000
vt 0.918000 0.452000
vt 0.920000 0.447000
vt 0.859000 0.436000
vt 0.860000 0.431000
vt 0.907000 0.487000
vt 0.864000 0.670000
vt 0.908000 0.680000
vt 0.842000 0.468000
vt 0.858000 0.698000
vt 0.908000 0.669000
vt 0.890000 0.516000
vt 0.892000 0.669000
vt 0.906000 0.516000
vt 0.860000 0.663000
vt 0.844000 0.499000
vt 0.838000 0.499000
vt 0.867000 0.662000
vt 0.188000 0.050000
vt 0.197000 0.050000
vt 0.179000 0.050000
vt 0.197000 0.008000
vt 0.188000 0.008000
vt 0.179000 0.008000
vt 0.190000 0.043000
vt 0.233000 0.040000
vt 0.190000 0.040000
vt 0.234000 0.042000
vt 0.233000 0.036000
vt 0.190000 0.036000
vt 0.233000 0.032000
vt 0.190000 0.032000
vt 0.233000 0.029000
vt 0.190000 0.029000
vt 0.888000 0.270000
vt 0.875000 0.428000
vt 0.875000 0.270000
vt 0.888000 0.428000
vt 0.901000 0.270000
vt 0.901000 0.428000
vt 0.915000 0.270000
vt 0.915000 0.428000
vt 0.928000 0.270000
vt 0.928000 0.428000
vt 0.888000 0.218000
vt 0.875000 0.218000
vt 0.901000 0.218000
vt 0.915000 0.218000
vt 0.928000 0.218000
vt 0.888000 0.165000
vt 0.875000 0.165000
vt 0.901000 0.165000
vt 0.915000 0.165000
vt 0.928000 0.165000
vt 0.888000 0.112000
vt 0.875000 0.112000
vt 0.901000 0.112000
vt 0.915000 0.112000
vt 0.928000 0.112000
vt 0.888000 0.007000
vt 0.875000 0.007000
vt 0.901000 0.007000
vt 0.915000 0.007000
vt 0.928000 0.007000
vt 0.731000 0.771000
vt 0.731000 0.218000
vt 0.946000 0.782000
vt 0.986000 0.276000
vt 0.986000 0.782000
vt 0.946000 0.276000
vt 0.770000 0.771000
vt 0.770000 0.218000
vt 0.820000 0.786000
vt 0.820000 0.583000
vt 0.843000 0.681000
vt 0.816000 0.782000
vt 0.839000 0.676000
vt 0.816000 0.579000
vt 0.801000 0.782000
vt 0.805000 0.786000
vt 0.805000 0.583000
vt 0.801000 0.579000
vt 0.507000 0.340000
vt 0.489000 0.330000
vt 0.491000 0.324000
vt 0.505000 0.346000
vt 0.472000 0.346000
vt 0.474000 0.340000
vt 0.469000 0.311000
vt 0.469000 0.390000
vt 0.472000 0.366000
vt 0.474000 0.360000
vt 0.489000 0.382000
vt 0.491000 0.376000
vt 0.505000 0.366000
vt 0.507000 0.360000
vt 0.425000 0.311000
vt 0.418000 0.378000
vt 0.425000 0.390000
vt 0.418000 0.323000
vt 0.822000 0.207000
vt 0.822000 0.012000
vt 0.640000 0.012000
vt 0.640000 0.207000
vt 0.011000 0.236000
vt 0.205000 0.232000
vt 0.203000 0.123000
vt 0.011000 0.125000
vt 0.134000 0.259000
vt 0.086000 0.249000
vt 0.086000 0.259000
vt 0.134000 0.249000
vt 0.810000 0.991000
vt 0.912000 0.979000
vt 0.904000 0.991000
vt 0.801000 0.979000
vt 0.086000 0.256000
vt 0.134000 0.257000
vt 0.644000 0.092000
vt 0.635000 0.057000
vt 0.635000 0.092000
vt 0.644000 0.057000
vt 0.823000 0.057000
vt 0.823000 0.092000
vt 0.814000 0.057000
vt 0.814000 0.092000
vt 0.082000 0.088000
vt 0.130000 0.088000
vt 0.912000 0.852000
vt 0.801000 0.852000
vt 0.927000 0.960000
vt 0.801000 0.791000
vt 0.801000 0.960000
vt 0.927000 0.791000
vt 0.507000 0.305000
vt 0.417000 0.210000
vt 0.507000 0.210000
vt 0.417000 0.305000
vt 0.592000 0.043000
vt 0.443000 0.043000
vt 0.443000 0.162000
vt 0.592000 0.162000
vt 0.621000 0.003000
vt 0.420000 0.003000
vt 0.420000 0.205000
vt 0.621000 0.205000
vt 0.103000 0.044000
vt 0.102000 0.055000
vt 0.093000 0.052000
vt 0.091000 0.043000
vt 0.095000 0.036000
vt 0.102000 0.033000
vt 0.110000 0.037000
vt 0.112000 0.044000
vt 0.109000 0.052000
vt 0.103000 0.009000
vt 0.126000 0.060000
vt 0.126000 0.010000
vt 0.099000 0.059000
vt 0.094000 0.007000
vt 0.088000 0.057000
vt 0.149000 0.009000
vt 0.154000 0.059000
vt 0.159000 0.007000
vt 0.165000 0.057000
vt 0.946000 0.006000
vt 0.965000 0.996000
vt 0.965000 0.006000
vt 0.946000 0.996000
vt 0.938000 0.006000
vt 0.938000 0.996000
vt 0.985000 0.006000
vt 0.985000 0.996000
vt 0.993000 0.006000
vt 0.993000 0.996000
s 0
usemtl AZD_Nav
f 599/340/242 601/342/242 600/341/242
f 599/340/242 602/343/242 601/342/242
f 603/344/243 605/346/243 604/345/243
f 604/345/243 606/347/243 603/344/243
f 605/346/244 603/344/244 606/347/244
f 606/347/244 604/345/244 605/346/244
f 607/348/245 609/350/245 608/349/245
f 608/349/245 610/351/245 607/348/245
f 609/350/246 612/353/246 611/352/246
f 611/352/246 608/349/246 609/350/246
f 613/354/247 615/356/247 614/355/247
f 614/355/247 616/357/247 613/354/247
f 617/358/242 619/360/242 618/359/242
f 618/359/242 620/361/242 617/358/242
f 621/356/248 623/354/248 622/357/248
f 622/357/248 624/355/248 621/356/248
f 625/362/249 627/364/249 626/363/249
f 626/363/249 628/365/249 625/362/249
f 627/364/250 630/367/250 629/366/250
f 629/366/250 626/363/250 627/364/250
f 630/367/251 607/348/251 610/351/251
f 610/351/251 629/366/251 630/367/251
f 621/356/252 615/356/252 613/354/252
f 613/354/252 623/354/252 621/356/252
f 623/354/252 613/354/252 631/368/252
f 631/368/252 632/368/252 623/354/252
f 632/368/252 631/368/252 633/369/252
f 633/369/252 634/369/252 632/368/252
f 624/355/253 622/357/253 616/357/253
f 616/357/253 614/355/253 624/355/253
f 622/357/253 636/370/253 635/370/253
f 635/370/253 616/357/253 622/357/253
f 636/370/253 638/371/253 637/371/253
f 637/371/253 635/370/253 636/370/253
f 639/372/254 641/374/254 640/373/254
f 640/373/255 642/375/255 639/372/255
f 641/374/251 644/374/251 643/373/251
f 643/373/251 640/373/251 641/374/251
f 645/341/243 647/374/243 646/373/243
f 646/373/243 648/376/243 645/341/243
f 647/374/251 650/374/251 649/373/251
f 649/373/251 646/373/251 647/374/251
f 650/374/256 652/372/256 651/375/256
f 651/375/257 649/373/257 650/374/257
f 653/377/258 655/379/258 654/378/258
f 654/378/258 656/380/258 653/377/258
f 648/376/253 646/373/253 643/373/253
f 643/373/253 657/376/253 648/376/253
f 658/381/259 660/383/259 659/382/259
f 659/382/259 661/384/259 658/381/259
f 662/385/252 664/386/252 663/385/252
f 662/385/252 665/386/252 664/386/252
f 662/385/252 666/385/252 665/386/252
f 662/385/252 667/387/252 666/385/252
f 662/385/252 668/387/252 667/387/252
f 662/385/252 663/385/252 668/387/252
f 669/388/260 670/389/260 663/385/260
f 669/388/260 663/385/260 664/386/260
f 671/388/243 669/388/243 664/386/243
f 671/388/243 664/386/243 665/386/243
f 672/389/261 671/388/261 665/386/261
f 672/389/261 665/386/261 666/385/261
f 673/390/262 672/389/262 666/385/262
f 673/390/262 666/385/262 667/387/262
f 670/389/263 674/390/263 668/387/263
f 670/389/264 668/387/264 663/385/264
f 675/391/265 677/393/265 676/392/265
f 676/392/266 678/394/266 675/391/266
f 677/393/267 680/396/267 679/395/267
f 679/395/268 676/392/268 677/393/268
f 680/396/269 682/398/269 681/397/269
f 681/397/270 679/395/270 680/396/270
f 682/398/271 684/400/271 683/399/271
f 683/399/272 681/397/272 682/398/272
f 684/400/273 686/398/273 685/397/273
f 685/397/274 683/399/274 684/400/274
f 686/398/275 688/396/275 687/395/275
f 687/395/276 685/397/276 686/398/276
f 688/396/277 690/393/277 689/392/277
f 689/392/278 687/395/278 688/396/278
f 690/393/279 675/391/279 678/394/279
f 678/394/280 689/392/280 690/393/280
f 691/401/281 693/403/281 692/402/281
f 691/401/282 692/402/282 694/404/282
f 695/405/283 691/401/283 694/404/283
f 695/405/284 694/404/284 696/406/284
f 697/407/285 695/405/285 696/406/285
f 697/407/286 696/406/286 698/408/286
f 699/409/287 697/407/287 698/408/287
f 699/409/288 698/408/288 700/410/288
f 701/407/289 699/409/289 700/410/289
f 701/407/290 700/410/290 702/408/290
f 703/405/291 701/407/291 702/408/291
f 703/405/292 702/408/292 704/406/292
f 705/401/293 703/405/293 704/406/293
f 705/401/294 704/406/294 706/404/294
f 693/403/295 705/401/295 706/404/295
f 693/403/296 706/404/296 692/402/296
f 707/411/297 708/412/297 693/403/297
f 707/411/298 693/403/298 691/401/298
f 709/413/299 707/411/299 691/401/299
f 709/413/300 691/401/300 695/405/300
f 710/414/301 709/413/301 695/405/301
f 710/414/302 695/405/302 697/407/302
f 711/415/303 710/414/303 697/407/303
f 711/415/304 697/407/304 699/409/304
f 712/414/305 711/415/305 699/409/305
f 712/414/306 699/409/306 701/407/306
f 713/413/307 712/414/307 701/407/307
f 713/413/308 701/407/308 703/405/308
f 714/411/309 713/413/309 703/405/309
f 714/411/310 703/405/310 705/401/310
f 708/412/311 714/411/311 705/401/311
f 708/412/312 705/401/312 693/403/312
f 715/416/313 716/417/313 708/412/313
f 715/416/314 708/412/314 707/411/314
f 717/418/315 715/416/315 707/411/315
f 717/418/316 707/411/316 709/413/316
f 718/419/317 717/418/317 709/413/317
f 718/419/318 709/413/318 710/414/318
f 719/420/319 718/419/319 710/414/319
f 719/420/320 710/414/320 711/415/320
f 720/419/321 719/420/321 711/415/321
f 720/419/322 711/415/322 712/414/322
f 721/418/323 720/419/323 712/414/323
f 721/418/324 712/414/324 713/413/324
f 722/416/325 721/418/325 713/413/325
f 722/416/326 713/413/326 714/411/326
f 716/417/327 722/416/327 714/411/327
f 716/417/328 714/411/328 708/412/328
f 723/421/329 724/422/329 716/417/329
f 723/421/330 716/417/330 715/416/330
f 725/423/331 723/421/331 715/416/331
f 725/423/332 715/416/332 717/418/332
f 726/424/333 725/423/333 717/418/333
f 726/424/334 717/418/334 718/419/334
f 727/425/335 726/424/335 718/419/335
f 727/425/336 718/419/336 719/420/336
f 728/424/337 727/425/337 719/420/337
f 728/424/338 719/420/338 720/419/338
f 729/423/339 728/424/339 720/419/339
f 729/423/340 720/419/340 721/418/340
f 730/421/341 729/423/341 721/418/341
f 730/421/342 721/418/342 722/416/342
f 724/422/343 730/421/343 722/416/343
f 724/422/344 722/416/344 716/417/344
f 731/426/345 732/427/345 724/422/345
f 731/426/346 724/422/346 723/421/346
f 733/428/347 731/426/347 723/421/347
f 733/428/348 723/421/348 725/423/348
f 734/429/349 733/428/349 725/423/349
f 734/429/350 725/423/350 726/424/350
f 735/430/351 734/429/351 726/424/351
f 735/430/352 726/424/352 727/425/352
f 736/429/353 735/430/353 727/425/353
f 736/429/354 727/425/354 728/424/354
f 737/428/355 736/429/355 728/424/355
f 737/428/356 728/424/356 729/423/356
f 738/426/357 737/428/357 729/423/357
f 738/426/358 729/423/358 730/421/358
f 732/427/359 738/426/359 730/421/359
f 732/427/360 730/421/360 724/422/360
f 739/431/242 741/431/242 740/432/242
f 740/432/242 742/432/242 739/431/242
f 743/433/243 745/435/243 744/434/243
f 744/434/243 746/436/243 743/433/243
f 747/437/251 749/437/251 748/438/251
f 748/438/251 750/438/251 747/437/251
f 749/437/244 739/431/244 742/432/244
f 742/432/244 748/438/244 749/437/244
f 747/437/252 741/431/252 739/431/252
f 739/431/252 749/437/252 747/437/252
f 750/438/253 748/438/253 742/432/253
f 742/432/253 740/432/253 750/438/253
f 751/439/361 753/441/361 752/440/361
f 754/442/362 756/444/362 755/443/362
f 757/445/244 758/446/244 751/439/244
f 751/439/244 754/442/244 757/445/244
f 754/442/252 751/439/252 752/440/252
f 752/440/252 756/444/252 754/442/252
f 756/444/243 752/440/243 759/447/243
f 759/447/243 760/448/243 756/444/243
f 753/441/363 751/439/363 754/442/363
f 755/443/364 756/444/364 752/440/364
f 761/439/361 763/441/361 762/440/361
f 764/442/362 766/444/362 765/443/362
f 761/439/244 764/442/244 767/445/244
f 764/442/252 761/439/252 762/440/252
f 762/440/252 766/444/252 764/442/252
f 766/444/243 762/440/243 769/447/243
f 769/447/243 770/448/243 766/444/243
f 761/439/243 768/446/243 767/445/243
f 763/441/363 761/439/363 764/442/363
f 765/443/364 766/444/364 762/440/364
f 771/439/361 773/441/361 772/440/361
f 774/442/362 776/444/362 775/443/362
f 771/439/244 774/442/244 777/445/244
f 774/442/252 771/439/252 772/440/252
f 772/440/252 776/444/252 774/442/252
f 776/444/243 772/440/243 779/447/243
f 779/447/243 780/448/243 776/444/243
f 771/439/243 778/446/243 777/445/243
f 773/441/363 771/439/363 774/442/363
f 775/443/364 776/444/364 772/440/364
f 781/439/361 783/441/361 782/440/361
f 784/442/362 786/444/362 785/443/362
f 787/445/244 788/446/244 781/439/244
f 781/439/244 784/442/244 787/445/244
f 784/442/252 781/439/252 782/440/252
f 782/440/252 786/444/252 784/442/252
f 786/444/243 782/440/243 789/447/243
f 789/447/243 790/448/243 786/444/243
f 783/441/363 781/439/363 784/442/363
f 785/443/364 786/444/364 782/440/364
f 791/439/361 793/441/361 792/440/361
f 794/442/362 796/444/362 795/443/362
f 794/442/252 791/439/252 792/440/252
f 792/440/252 796/444/252 794/442/252
f 796/444/243 792/440/243 799/447/243
f 799/447/243 800/448/243 796/444/243
f 797/445/243 794/442/243 791/439/243
f 791/439/243 798/446/243 797/445/243
f 793/441/363 791/439/363 794/442/363
f 795/443/364 796/444/364 792/440/364
f 801/439/361 803/441/361 802/440/361
f 804/442/362 806/444/362 805/443/362
f 801/439/244 804/442/244 807/445/244
f 804/442/252 801/439/252 802/440/252
f 802/440/252 806/444/252 804/442/252
f 806/444/243 802/440/243 809/447/243
f 809/447/243 810/448/243 806/444/243
f 801/439/243 808/446/243 807/445/243
f 803/441/363 801/439/363 804/442/363
f 805/443/364 806/444/364 802/440/364
f 811/439/361 813/441/361 812/440/361
f 814/442/362 816/444/362 815/443/362
f 817/445/244 818/446/244 811/439/244
f 811/439/244 814/442/244 817/445/244
f 814/442/252 811/439/252 812/440/252
f 812/440/252 816/444/252 814/442/252
f 816/444/243 812/440/243 819/447/243
f 819/447/243 820/448/243 816/444/243
f 813/441/363 811/439/363 814/442/363
f 815/443/364 816/444/364 812/440/364
f 821/439/361 823/441/361 822/440/361
f 824/442/362 826/444/362 825/443/362
f 821/439/244 824/442/244 827/445/244
f 824/442/252 821/439/252 822/440/252
f 822/440/252 826/444/252 824/442/252
f 826/444/243 822/440/243 829/447/243
f 829/447/243 830/448/243 826/444/243
f 821/439/243 828/446/243 827/445/243
f 823/441/363 821/439/363 824/442/363
f 825/443/364 826/444/364 822/440/364
f 831/439/361 833/441/361 832/440/361
f 834/442/362 836/444/362 835/443/362
f 834/442/252 831/439/252 832/440/252
f 832/440/252 836/444/252 834/442/252
f 836/444/243 832/440/243 839/447/243
f 837/445/243 834/442/243 831/439/243
f 831/439/243 838/446/243 837/445/243
f 833/441/363 831/439/363 834/442/363
f 835/443/364 836/444/364 832/440/364
f 836/444/244 840/448/244 839/447/244
f 841/439/361 843/441/361 842/440/361
f 844/442/362 846/444/362 845/443/362
f 841/439/244 844/442/244 847/445/244
f 844/442/252 841/439/252 842/440/252
f 842/440/252 846/444/252 844/442/252
f 846/444/243 842/440/243 849/447/243
f 841/439/243 848/446/243 847/445/243
f 843/441/363 841/439/363 844/442/363
f 845/443/364 846/444/364 842/440/364
f 846/444/244 850/448/244 849/447/244
f 851/449/365 853/451/365 852/450/365
f 852/450/365 854/452/365 851/449/365
f 853/451/366 856/454/366 855/453/366
f 855/453/366 852/450/366 853/451/366
f 857/455/367 855/453/367 856/454/367
f 858/456/368 860/458/368 859/457/368
f 860/458/369 862/460/369 861/459/369
f 861/459/369 859/457/369 860/458/369
f 862/460/370 864/462/370 863/461/370
f 863/461/370 861/459/370 862/460/370
f 864/462/244 851/449/244 854/452/244
f 854/452/244 863/461/244 864/462/244
f 866/463/371 868/465/371 865/464/371
f 858/456/372 857/455/372 856/454/372
f 856/454/372 860/458/372 858/456/372
f 860/458/252 856/454/252 853/451/252
f 853/451/252 862/460/252 860/458/252
f 862/460/252 853/451/252 851/449/252
f 851/449/252 864/462/252 862/460/252
f 866/463/373 867/466/373 865/464/373
f 868/465/374 858/456/374 857/455/374
f 857/455/374 866/463/374 868/465/374
f 858/456/375 859/457/375 855/453/375
f 855/453/375 857/455/375 858/456/375
f 859/457/253 861/459/253 852/450/253
f 852/450/253 855/453/253 859/457/253
f 861/459/253 863/461/253 854/452/253
f 854/452/253 852/450/253 861/459/253
f 869/439/361 871/441/361 870/440/361
f 872/442/362 874/444/362 873/443/362
f 875/445/244 876/446/244 869/439/244
f 869/439/244 872/442/244 875/445/244
f 872/442/252 869/439/252 870/440/252
f 870/440/252 874/444/252 872/442/252
f 874/444/243 870/440/243 877/447/243
f 871/441/363 869/439/363 872/442/363
f 873/443/364 874/444/364 870/440/364
f 874/444/244 878/448/244 877/447/244
f 879/439/361 881/441/361 880/440/361
f 882/442/362 884/444/362 883/443/362
f 882/442/252 879/439/252 880/440/252
f 880/440/252 884/444/252 882/442/252
f 884/444/243 880/440/243 887/447/243
f 885/445/243 882/442/243 879/439/243
f 879/439/243 886/446/243 885/445/243
f 881/441/363 879/439/363 882/442/363
f 883/443/364 884/444/364 880/440/364
f 884/444/244 888/448/244 887/447/244
f 889/439/361 891/441/361 890/440/361
f 892/442/362 894/444/362 893/443/362
f 892/442/252 889/439/252 890/440/252
f 890/440/252 894/444/252 892/442/252
f 894/444/243 890/440/243 897/447/243
f 895/445/243 892/442/243 889/439/243
f 889/439/243 896/446/243 895/445/243
f 891/441/363 889/439/363 892/442/363
f 893/443/364 894/444/364 890/440/364
f 894/444/244 898/448/244 897/447/244
f 899/467/252 901/469/252 900/468/252
f 899/467/252 902/470/252 901/469/252
f 903/469/252 899/467/252 904/468/252
f 903/469/252 902/470/252 899/467/252
f 905/471/242 907/473/242 906/472/242
f 905/471/242 908/474/242 907/473/242
f 909/474/251 911/472/251 910/473/251
f 909/474/251 912/471/251 911/472/251
f 913/475/376 915/477/376 914/476/376
f 914/476/376 916/478/376 913/475/376
f 917/479/243 919/481/243 918/480/243
f 918/480/243 920/482/243 917/479/243
f 921/483/377 923/484/377 922/478/377
f 922/478/377 924/476/377 921/483/377
f 925/481/244 927/479/244 926/482/244
f 926/482/244 928/480/244 925/481/244
f 929/485/242 931/487/242 930/486/242
f 930/486/242 932/488/242 929/485/242
f 931/487/378 934/490/378 933/489/378
f 933/489/378 930/486/378 931/487/378
f 934/490/251 936/492/251 935/491/251
f 935/491/251 933/489/251 934/490/251
f 936/492/379 929/485/379 932/488/379
f 932/488/379 935/491/379 936/492/379
f 916/478/242 914/476/242 937/493/242
f 937/493/242 938/494/242 916/478/242
f 920/482/243 918/480/243 939/495/243
f 939/495/243 940/496/243 920/482/243
f 924/476/251 922/478/251 941/494/251
f 941/494/251 942/493/251 924/476/251
f 928/480/244 926/482/244 943/496/244
f 943/496/244 944/495/244 928/480/244
f 921/483/252 915/477/252 913/475/252
f 913/475/252 923/484/252 921/483/252
f 945/497/243 947/499/243 946/498/243
f 946/498/243 948/500/243 945/497/243
f 949/497/244 951/499/244 950/498/244
f 950/498/244 952/500/244 949/497/244
f 953/501/253 955/503/253 954/502/253
f 954/502/253 956/504/253 953/501/253
f 957/505/242 959/506/242 958/506/242
f 958/506/242 960/505/242 957/505/242
f 959/506/243 962/507/243 961/507/243
f 961/507/243 958/506/243 959/506/243
f 962/507/251 964/508/251 963/508/251
f 963/508/251 961/507/251 962/507/251
f 964/508/244 957/505/244 960/505/244
f 960/505/244 963/508/244 964/508/244
f 962/507/252 959/506/252 957/505/252
f 957/505/252 964/508/252 962/507/252
f 965/509/242 967/510/242 966/510/242
f 966/510/242 968/509/242 965/509/242
f 967/510/243 970/511/243 969/511/243
f 969/511/243 966/510/243 967/510/243
f 970/511/251 972/512/251 971/512/251
f 971/512/251 969/511/251 970/511/251
f 972/512/244 965/509/244 968/509/244
f 968/509/244 971/512/244 972/512/244
f 970/511/252 967/510/252 965/509/252
f 965/509/252 972/512/252 970/511/252
f 973/513/252 975/515/252 974/514/252
f 973/513/252 976/516/252 975/515/252
f 973/513/252 977/517/252 976/516/252
f 973/513/252 978/518/252 977/517/252
f 973/513/252 979/519/252 978/518/252
f 973/513/252 980/520/252 979/519/252
f 973/513/252 981/521/252 980/520/252
f 973/513/252 974/514/252 981/521/252
f 982/522/380 984/524/380 983/523/380
f 982/522/381 983/523/381 985/525/381
f 986/526/382 982/522/382 985/525/382
f 986/526/383 985/525/383 987/527/383
f 988/522/384 986/526/384 987/527/384
f 988/522/385 987/527/385 989/525/385
f 990/524/386 988/522/386 989/525/386
f 990/524/387 989/525/387 991/523/387
f 992/528/388 990/524/388 991/523/388
f 992/528/389 991/523/389 993/529/389
f 994/530/390 992/528/390 993/529/390
f 994/530/391 993/529/391 995/531/391
f 996/528/392 994/530/392 995/531/392
f 996/528/393 995/531/393 997/529/393
f 984/524/394 996/528/394 997/529/394
f 984/524/395 997/529/395 983/523/395
f 998/532/396 1000/534/396 999/533/396
f 998/532/396 999/533/396 1001/535/396
f 1002/536/397 998/532/397 1001/535/397
f 1002/536/397 1001/535/397 1003/537/397
f 1004/532/398 1002/536/398 1003/537/398
f 1004/532/398 1003/537/398 1005/535/398
f 1006/534/399 1004/532/399 1005/535/399
f 1006/534/399 1005/535/399 1007/533/399
f 1008/538/400 1006/534/400 1007/533/400
f 1008/538/400 1007/533/400 1009/539/400
f 1010/540/401 1008/538/401 1009/539/401
f 1010/540/401 1009/539/401 1011/541/401
f 1012/538/402 1010/540/402 1011/541/402
f 1012/538/402 1011/541/402 1013/539/402
f 1000/534/403 1012/538/403 1013/539/403
f 1000/534/403 1013/539/403 999/533/403
o skupinove_se2_L
v -0.319506 3.005952 0.037698
v -0.265122 2.785326 0.037698
v -0.265122 3.005952 0.037698
v -0.319506 2.785326 0.037698
v -0.385014 2.932410 0.042642
v -0.199614 2.747010 0.042642
v -0.199614 2.932410 0.042642
v -0.385014 2.747010 0.042642
v -0.199614 2.932410 0.042642
v -0.385014 2.747010 0.042642
v -0.385014 2.932410 0.042642
v -0.199614 2.747010 0.042642
vn -0.0000 -0.0000 -1.0000
vn -0.0000 -0.0000 1.0000
vt 0.926000 0.426000
vt 0.873000 0.373000
vt 0.873000 0.426000
vt 0.926000 0.373000
vt 0.946000 0.550000
vt 0.986000 0.507000
vt 0.986000 0.550000
vt 0.946000 0.507000
vt 0.593000 0.289000
vt 0.510000 0.208000
vt 0.510000 0.289000
vt 0.593000 0.208000
s 0
usemtl AZD_Nav_Stit
f 1014/542/404 1016/544/404 1015/543/404
f 1015/543/404 1017/545/404 1014/542/404
f 1018/546/404 1020/548/404 1019/547/404
f 1019/547/404 1021/549/404 1018/546/404
f 1022/550/405 1024/552/405 1023/551/405
f 1023/551/405 1025/553/405 1022/550/405
o stit_se2_L
v -0.108644 3.191599 0.043322
v -0.477220 3.082522 0.043322
v -0.477220 3.191599 0.043260
v -0.108644 3.082522 0.043260
v -0.388042 3.040128 0.043322
v -0.197822 3.040128 0.043260
v -0.477220 3.191599 0.043260
v -0.108644 3.082522 0.043260
v -0.108644 3.191599 0.043322
v -0.477220 3.082522 0.043322
v -0.197822 3.040128 0.043260
v -0.388042 3.040128 0.043322
v -0.385632 3.192032 0.043322
v -0.200232 3.191970 -0.077064
v -0.385632 3.192032 -0.077064
v -0.200232 3.192032 0.043260
v -0.257953 3.368657 0.043322
v -0.292932 3.375640 0.355907
v -0.257953 3.368657 0.355907
v -0.292932 3.375640 0.043260
v -0.228227 3.348819 0.043322
v -0.228227 3.348819 0.355907
v -0.208390 3.319155 0.043322
v -0.208390 3.319155 0.355907
v -0.201468 3.284114 0.043260
v -0.201468 3.284114 0.355907
v -0.208390 3.248827 0.043322
v -0.208390 3.248827 0.106235
v -0.228227 3.219409 0.043322
v -0.228227 3.219286 0.091650
v -0.257953 3.199572 0.043322
v -0.257953 3.199386 0.081885
v -0.292932 3.192588 0.043322
v -0.292932 3.192588 0.078425
v -0.327911 3.199572 0.043322
v -0.327911 3.199386 0.081885
v -0.357637 3.219409 0.043322
v -0.357637 3.219286 0.091650
v -0.377474 3.248827 0.043322
v -0.377474 3.248827 0.106235
v -0.384396 3.284114 0.043260
v -0.384396 3.284114 0.355907
v -0.377474 3.319155 0.043322
v -0.377474 3.319155 0.355907
v -0.357637 3.348819 0.043322
v -0.357637 3.348819 0.355907
v -0.327911 3.368657 0.043322
v -0.327911 3.368657 0.355907
v -0.257953 3.553995 0.043322
v -0.292932 3.560978 0.355907
v -0.257953 3.553995 0.355907
v -0.292932 3.560978 0.043261
v -0.228227 3.534157 0.043322
v -0.228227 3.534157 0.355907
v -0.208390 3.504493 0.043322
v -0.208390 3.504493 0.355907
v -0.201468 3.469452 0.043261
v -0.201468 3.469452 0.355907
v -0.208390 3.434226 0.043322
v -0.208390 3.434226 0.106235
v -0.228227 3.404809 0.043322
v -0.228227 3.404686 0.091650
v -0.257953 3.384972 0.043322
v -0.257953 3.384786 0.081886
v -0.292932 3.377988 0.043322
v -0.292932 3.377988 0.078425
v -0.327911 3.384972 0.043322
v -0.327911 3.384786 0.081885
v -0.357637 3.404809 0.043322
v -0.357637 3.404686 0.091650
v -0.377474 3.434226 0.043322
v -0.377474 3.434226 0.106235
v -0.384396 3.469452 0.043261
v -0.384396 3.469452 0.355907
v -0.377474 3.504493 0.043322
v -0.377474 3.504493 0.355907
v -0.357637 3.534157 0.043322
v -0.357637 3.534157 0.355907
v -0.327911 3.553995 0.043322
v -0.327911 3.553995 0.355907
v -0.197822 3.714427 0.043137
v -0.477220 3.671600 0.043261
v -0.388042 3.714427 0.043446
v -0.108644 3.671600 0.043322
v -0.477220 3.191599 0.043260
v -0.108644 3.191599 0.043322
v -0.388042 3.714427 0.043446
v -0.108644 3.671600 0.043322
v -0.197822 3.714427 0.043137
v -0.477220 3.671600 0.043261
v -0.108644 3.191599 0.043322
v -0.477220 3.191599 0.043260
v -0.200232 3.562090 -0.077064
v -0.200232 3.192032 0.043260
v -0.200232 3.562090 0.043261
v -0.200232 3.191970 -0.077064
v -0.385632 3.562090 0.043322
v -0.385632 3.192032 -0.077064
v -0.385632 3.562090 -0.077064
v -0.385632 3.192032 0.043322
v -0.385632 3.562090 0.043322
v -0.200232 3.562090 0.043261
v -0.319568 3.115647 0.037698
v -0.264998 2.957871 0.037698
v -0.264998 3.115647 0.037698
v -0.319568 2.957871 0.037698
v -0.378896 3.041919 0.042642
v -0.205670 2.933708 0.042642
v -0.205670 3.041919 0.042642
v -0.378896 2.933708 0.042642
v -0.205670 3.041919 0.042642
v -0.378896 2.933708 0.042642
v -0.378896 3.041919 0.042642
v -0.205670 2.933708 0.042642
vn -0.0002 0.0006 1.0000
vn 0.0002 -0.0006 1.0000
vn 0.0002 0.0004 1.0000
vn 0.0003 -0.0007 1.0000
vn 0.0002 0.0006 -1.0000
vn -0.0002 -0.0006 -1.0000
vn -0.0002 0.0004 -1.0000
vn -0.0003 -0.0007 -1.0000
vn -0.0003 -1.0000 -0.0000
vn -0.0000 -1.0000 0.0005
vn -0.1958 -0.9806 -0.0000
vn -0.1958 -0.9807 -0.0000
vn 0.1958 0.9807 -0.0000
vn 0.1958 0.9806 -0.0000
vn -0.5551 -0.8318 -0.0000
vn 0.5551 0.8318 -0.0000
vn -0.8313 -0.5559 -0.0000
vn -0.8312 -0.5559 -0.0000
vn 0.8313 0.5559 -0.0000
vn 0.8312 0.5559 -0.0000
vn -0.9810 -0.1938 -0.0000
vn 0.9810 0.1938 -0.0000
vn -0.9813 0.1925 -0.0000
vn 0.9813 -0.1925 -0.0000
vn -0.8305 0.5570 0.0014
vn -0.8291 0.5591 -0.0000
vn 0.8291 -0.5591 -0.0014
vn 0.8302 -0.5575 -0.0000
vn -0.5572 0.8304 0.0040
vn -0.5551 0.8318 0.0021
vn 0.5551 -0.8318 -0.0040
vn 0.5568 -0.8307 -0.0021
vn -0.1908 0.9816 -0.0000
vn -0.1958 0.9806 0.0047
vn 0.1958 -0.9806 -0.0000
vn 0.1912 -0.9815 -0.0047
vn 0.1912 0.9815 0.0047
vn -0.1958 -0.9806 -0.0047
vn -0.1908 -0.9816 -0.0000
vn 0.5568 0.8307 0.0021
vn 0.5551 0.8318 0.0040
vn -0.5551 -0.8318 -0.0021
vn -0.5572 -0.8304 -0.0040
vn 0.8302 0.5575 -0.0000
vn 0.8291 0.5591 0.0014
vn -0.8291 -0.5591 -0.0000
vn -0.8305 -0.5570 -0.0014
vn 0.9813 0.1925 -0.0000
vn -0.9813 -0.1925 -0.0000
vn 0.9810 -0.1938 -0.0000
vn -0.9810 0.1938 -0.0000
vn 0.8312 -0.5559 -0.0000
vn 0.8313 -0.5559 -0.0000
vn -0.8312 0.5559 -0.0000
vn -0.8313 0.5559 -0.0000
vn 0.5551 -0.8318 -0.0000
vn -0.5551 0.8318 -0.0000
vn 0.1958 -0.9807 -0.0000
vn -0.1958 0.9807 -0.0000
vn -0.1958 0.9806 -0.0000
vn -0.9812 0.1928 -0.0000
vn 0.9812 -0.1928 -0.0000
vn 0.9812 0.1928 -0.0000
vn -0.9812 -0.1928 -0.0000
vn 0.0016 -0.0077 1.0000
vn -0.0002 0.0040 1.0000
vn -0.0002 -0.0000 1.0000
vn -0.0016 -0.0077 -1.0000
vn 0.0002 0.0040 -1.0000
vn 0.0002 -0.0000 -1.0000
vn 1.0000 -0.0000 -0.0000
vn -1.0000 -0.0000 -0.0000
vn -0.0000 -0.0000 -1.0000
vn -0.0000 1.0000 -0.0000
vn -0.0000 -0.0000 1.0000
vt 0.412000 0.336000
vt 0.220000 0.279000
vt 0.220000 0.336000
vt 0.412000 0.279000
vt 0.263000 0.267000
vt 0.367000 0.267000
vt 0.212000 0.333000
vt 0.003000 0.279000
vt 0.003000 0.333000
vt 0.212000 0.279000
vt 0.052000 0.267000
vt 0.166000 0.267000
vt 0.533000 0.393000
vt 0.471000 0.440000
vt 0.533000 0.440000
vt 0.471000 0.393000
vt 0.411000 0.078000
vt 0.247000 0.081000
vt 0.247000 0.078000
vt 0.411000 0.081000
vt 0.411000 0.070000
vt 0.247000 0.070000
vt 0.411000 0.058000
vt 0.247000 0.058000
vt 0.411000 0.044000
vt 0.247000 0.044000
vt 0.411000 0.030000
vt 0.372000 0.030000
vt 0.411000 0.018000
vt 0.381000 0.018000
vt 0.411000 0.010000
vt 0.387000 0.010000
vt 0.411000 0.007000
vt 0.391000 0.007000
vt 0.367000 0.996000
vt 0.220000 0.984000
vt 0.263000 0.996000
vt 0.412000 0.984000
vt 0.220000 0.734000
vt 0.412000 0.734000
vt 0.166000 0.996000
vt 0.003000 0.984000
vt 0.052000 0.996000
vt 0.212000 0.984000
vt 0.003000 0.727000
vt 0.212000 0.727000
vt 0.471000 0.950000
vt 0.418000 0.780000
vt 0.418000 0.950000
vt 0.470000 0.780000
vt 0.590000 0.950000
vt 0.532000 0.780000
vt 0.533000 0.950000
vt 0.590000 0.780000
vt 0.533000 0.995000
vt 0.471000 0.995000
vt 0.926000 0.426000
vt 0.873000 0.373000
vt 0.873000 0.426000
vt 0.926000 0.373000
vt 0.946000 0.550000
vt 0.986000 0.507000
vt 0.986000 0.550000
vt 0.946000 0.507000
vt 0.792000 0.940000
vt 0.685000 0.888000
vt 0.685000 0.940000
vt 0.792000 0.888000
s 0
usemtl AZD_Nav_Stit
f 1026/554/406 1028/556/406 1027/555/406
f 1027/555/407 1029/557/407 1026/554/407
f 1029/557/408 1027/555/408 1030/558/408
f 1030/558/409 1031/559/409 1029/557/409
f 1032/560/410 1034/562/410 1033/561/410
f 1033/561/411 1035/563/411 1032/560/411
f 1035/563/412 1033/561/412 1036/564/412
f 1036/564/413 1037/565/413 1035/563/413
f 1038/566/414 1040/568/414 1039/567/414
f 1039/567/415 1041/569/415 1038/566/415
f 1042/570/416 1044/572/416 1043/571/416
f 1042/570/417 1043/571/417 1045/573/417
f 1044/572/418 1042/570/418 1045/573/418
f 1044/572/419 1045/573/419 1043/571/419
f 1046/574/420 1047/575/420 1044/572/420
f 1046/574/420 1044/572/420 1042/570/420
f 1047/575/421 1046/574/421 1042/570/421
f 1047/575/421 1042/570/421 1044/572/421
f 1048/576/422 1049/577/422 1047/575/422
f 1048/576/423 1047/575/423 1046/574/423
f 1049/577/424 1048/576/424 1046/574/424
f 1049/577/425 1046/574/425 1047/575/425
f 1050/578/426 1051/579/426 1049/577/426
f 1050/578/426 1049/577/426 1048/576/426
f 1051/579/427 1050/578/427 1048/576/427
f 1051/579/427 1048/576/427 1049/577/427
f 1052/580/428 1053/581/428 1051/579/428
f 1052/580/428 1051/579/428 1050/578/428
f 1053/581/429 1052/580/429 1050/578/429
f 1053/581/429 1050/578/429 1051/579/429
f 1054/582/430 1055/583/430 1053/581/430
f 1054/582/431 1053/581/431 1052/580/431
f 1055/583/432 1054/582/432 1052/580/432
f 1055/583/433 1052/580/433 1053/581/433
f 1056/584/434 1057/585/434 1055/583/434
f 1056/584/435 1055/583/435 1054/582/435
f 1057/585/436 1056/584/436 1054/582/436
f 1057/585/437 1054/582/437 1055/583/437
f 1058/586/438 1059/587/438 1057/585/438
f 1058/586/439 1057/585/439 1056/584/439
f 1059/587/440 1058/586/440 1056/584/440
f 1059/587/441 1056/584/441 1057/585/441
f 1060/584/442 1061/585/442 1059/587/442
f 1060/584/419 1059/587/419 1058/586/419
f 1061/585/443 1060/584/443 1058/586/443
f 1061/585/444 1058/586/444 1059/587/444
f 1062/582/445 1063/583/445 1061/585/445
f 1062/582/446 1061/585/446 1060/584/446
f 1063/583/447 1062/582/447 1060/584/447
f 1063/583/448 1060/584/448 1061/585/448
f 1064/580/449 1065/581/449 1063/583/449
f 1064/580/450 1063/583/450 1062/582/450
f 1065/581/451 1064/580/451 1062/582/451
f 1065/581/452 1062/582/452 1063/583/452
f 1066/578/453 1067/579/453 1065/581/453
f 1066/578/453 1065/581/453 1064/580/453
f 1067/579/454 1066/578/454 1064/580/454
f 1067/579/454 1064/580/454 1065/581/454
f 1068/576/455 1069/577/455 1067/579/455
f 1068/576/455 1067/579/455 1066/578/455
f 1069/577/456 1068/576/456 1066/578/456
f 1069/577/456 1066/578/456 1067/579/456
f 1070/574/457 1071/575/457 1069/577/457
f 1070/574/458 1069/577/458 1068/576/458
f 1071/575/459 1070/574/459 1068/576/459
f 1071/575/460 1068/576/460 1069/577/460
f 1072/570/461 1073/572/461 1071/575/461
f 1072/570/461 1071/575/461 1070/574/461
f 1073/572/462 1072/570/462 1070/574/462
f 1073/572/462 1070/574/462 1071/575/462
f 1045/573/440 1043/571/440 1073/572/440
f 1045/573/463 1073/572/463 1072/570/463
f 1043/571/464 1045/573/464 1072/570/464
f 1043/571/465 1072/570/465 1073/572/465
f 1074/570/416 1076/572/416 1075/571/416
f 1074/570/416 1075/571/416 1077/573/416
f 1076/572/419 1074/570/419 1077/573/419
f 1076/572/419 1077/573/419 1075/571/419
f 1078/574/420 1079/575/420 1076/572/420
f 1078/574/420 1076/572/420 1074/570/420
f 1079/575/421 1078/574/421 1074/570/421
f 1079/575/421 1074/570/421 1076/572/421
f 1080/576/423 1081/577/423 1079/575/423
f 1080/576/423 1079/575/423 1078/574/423
f 1081/577/425 1080/576/425 1078/574/425
f 1081/577/425 1078/574/425 1079/575/425
f 1082/578/426 1083/579/426 1081/577/426
f 1082/578/426 1081/577/426 1080/576/426
f 1083/579/427 1082/578/427 1080/576/427
f 1083/579/427 1080/576/427 1081/577/427
f 1084/580/466 1085/581/466 1083/579/466
f 1084/580/466 1083/579/466 1082/578/466
f 1085/581/467 1084/580/467 1082/578/467
f 1085/581/467 1082/578/467 1083/579/467
f 1086/582/430 1087/583/430 1085/581/430
f 1086/582/431 1085/581/431 1084/580/431
f 1087/583/432 1086/582/432 1084/580/432
f 1087/583/433 1084/580/433 1085/581/433
f 1088/584/434 1089/585/434 1087/583/434
f 1088/584/435 1087/583/435 1086/582/435
f 1089/585/436 1088/584/436 1086/582/436
f 1089/585/437 1086/582/437 1087/583/437
f 1090/586/438 1091/587/438 1089/585/438
f 1090/586/439 1089/585/439 1088/584/439
f 1091/587/440 1090/586/440 1088/584/440
f 1091/587/441 1088/584/441 1089/585/441
f 1092/584/442 1093/585/442 1091/587/442
f 1092/584/419 1091/587/419 1090/586/419
f 1093/585/443 1092/584/443 1090/586/443
f 1093/585/444 1090/586/444 1091/587/444
f 1094/582/445 1095/583/445 1093/585/445
f 1094/582/446 1093/585/446 1092/584/446
f 1095/583/447 1094/582/447 1092/584/447
f 1095/583/448 1092/584/448 1093/585/448
f 1096/580/449 1097/581/449 1095/583/449
f 1096/580/450 1095/583/450 1094/582/450
f 1097/581/451 1096/580/451 1094/582/451
f 1097/581/452 1094/582/452 1095/583/452
f 1098/578/468 1099/579/468 1097/581/468
f 1098/578/468 1097/581/468 1096/580/468
f 1099/579/469 1098/578/469 1096/580/469
f 1099/579/469 1096/580/469 1097/581/469
f 1100/576/455 1101/577/455 1099/579/455
f 1100/576/455 1099/579/455 1098/578/455
f 1101/577/456 1100/576/456 1098/578/456
f 1101/577/456 1098/578/456 1099/579/456
f 1102/574/457 1103/575/457 1101/577/457
f 1102/574/457 1101/577/457 1100/576/457
f 1103/575/459 1102/574/459 1100/576/459
f 1103/575/459 1100/576/459 1101/577/459
f 1104/570/461 1105/572/461 1103/575/461
f 1104/570/461 1103/575/461 1102/574/461
f 1105/572/462 1104/570/462 1102/574/462
f 1105/572/462 1102/574/462 1103/575/462
f 1077/573/440 1075/571/440 1105/572/440
f 1077/573/440 1105/572/440 1104/570/440
f 1075/571/464 1077/573/464 1104/570/464
f 1075/571/465 1104/570/465 1105/572/465
f 1106/588/470 1108/590/470 1107/589/470
f 1107/589/471 1109/591/471 1106/588/471
f 1109/591/472 1107/589/472 1110/592/472
f 1110/592/472 1111/593/472 1109/591/472
f 1112/594/473 1114/596/473 1113/595/473
f 1113/595/474 1115/597/474 1112/594/474
f 1115/597/475 1113/595/475 1116/598/475
f 1116/598/475 1117/599/475 1115/597/475
f 1118/600/476 1120/602/476 1119/601/476
f 1119/601/476 1121/603/476 1118/600/476
f 1122/604/477 1124/606/477 1123/605/477
f 1123/605/477 1125/607/477 1122/604/477
f 1124/606/478 1118/600/478 1121/603/478
f 1121/603/478 1123/605/478 1124/606/478
f 1126/608/479 1127/609/479 1118/600/479
f 1118/600/479 1124/606/479 1126/608/479
f 1128/610/478 1130/612/478 1129/611/478
f 1129/611/478 1131/613/478 1128/610/478
f 1132/614/478 1134/616/478 1133/615/478
f 1133/615/478 1135/617/478 1132/614/478
f 1136/618/480 1138/620/480 1137/619/480
f 1137/619/480 1139/621/480 1136/618/480
o bila_se2_L
v -0.219651 3.434349 0.051963
v -0.214469 3.450298 0.051963
v -0.212716 3.466976 0.051963
v -0.239257 3.407364 0.051963
v -0.228036 3.419826 0.051963
v -0.214469 3.483654 0.051963
v -0.268144 3.390686 0.051963
v -0.252824 3.397507 0.051963
v -0.228036 3.514126 0.051963
v -0.219651 3.499603 0.051963
v -0.252824 3.536446 0.051963
v -0.239257 3.526588 0.051963
v -0.301317 3.387199 0.051963
v -0.284547 3.387199 0.051963
v -0.284547 3.546753 0.051963
v -0.333040 3.397507 0.051963
v -0.317720 3.390686 0.051963
v -0.268144 3.543267 0.051963
v -0.317720 3.543267 0.051963
v -0.301317 3.546753 0.051963
v -0.346607 3.526588 0.051963
v -0.333040 3.536446 0.051963
v -0.366213 3.499603 0.051963
v -0.357828 3.514126 0.051963
v -0.357828 3.419826 0.051963
v -0.346607 3.407364 0.051963
v -0.373148 3.466976 0.051963
v -0.371395 3.450298 0.051963
v -0.366213 3.434349 0.051963
v -0.371395 3.483654 0.051963
vn -0.0000 -0.0000 1.0000
vt 0.761781 0.824246
vt 0.753855 0.848772
vt 0.751174 0.874420
vt 0.791767 0.782746
vt 0.774605 0.801911
vt 0.835947 0.757098
vt 0.812517 0.767588
vt 0.886683 0.751736
vt 0.861035 0.751736
vt 0.935201 0.767588
vt 0.911770 0.757098
vt 0.973112 0.801911
vt 0.955950 0.782746
vt 0.993862 0.848772
vt 0.985936 0.824245
vt 0.993862 0.900068
vt 0.996543 0.874420
vt 0.973112 0.946930
vt 0.985936 0.924596
vt 0.935201 0.981253
vt 0.955950 0.966095
vt 0.886683 0.997105
vt 0.911770 0.991743
vt 0.835947 0.991743
vt 0.861035 0.997105
vt 0.791767 0.966095
vt 0.812517 0.981253
vt 0.761781 0.924596
vt 0.774605 0.946930
vt 0.753855 0.900068
s 0
usemtl cocky.001
f 1140/622/481 1141/623/481 1142/624/481
f 1143/625/481 1144/626/481 1140/622/481
f 1146/627/481 1147/628/481 1143/625/481
f 1146/627/481 1143/625/481 1140/622/481
f 1152/629/481 1153/630/481 1146/627/481
f 1155/631/481 1156/632/481 1152/629/481
f 1155/631/481 1152/629/481 1146/627/481
f 1155/631/481 1146/627/481 1140/622/481
f 1164/633/481 1165/634/481 1155/631/481
f 1167/635/481 1168/636/481 1164/633/481
f 1167/635/481 1164/633/481 1155/631/481
f 1169/637/481 1166/638/481 1167/635/481
f 1163/639/481 1162/640/481 1169/637/481
f 1163/639/481 1169/637/481 1167/635/481
f 1163/639/481 1167/635/481 1155/631/481
f 1161/641/481 1160/642/481 1163/639/481
f 1159/643/481 1158/644/481 1161/641/481
f 1159/643/481 1161/641/481 1163/639/481
f 1157/645/481 1154/646/481 1159/643/481
f 1151/647/481 1150/648/481 1157/645/481
f 1151/647/481 1157/645/481 1159/643/481
f 1151/647/481 1159/643/481 1163/639/481
f 1151/647/481 1163/639/481 1155/631/481
f 1151/647/481 1155/631/481 1140/622/481
f 1149/649/481 1148/650/481 1151/647/481
f 1149/649/481 1151/647/481 1140/622/481
f 1149/649/481 1140/622/481 1142/624/481
f 1149/649/481 1142/624/481 1145/651/481
o modra_se2_L
v -0.219651 3.248984 0.051963
v -0.214469 3.264932 0.051963
v -0.212716 3.281611 0.051963
v -0.239257 3.221998 0.051963
v -0.228036 3.234461 0.051963
v -0.214469 3.298289 0.051963
v -0.268144 3.205320 0.051963
v -0.252824 3.212141 0.051963
v -0.228036 3.328761 0.051963
v -0.219651 3.314238 0.051963
v -0.252824 3.351080 0.051963
v -0.239257 3.341223 0.051963
v -0.301317 3.201833 0.051963
v -0.284547 3.201833 0.051963
v -0.284547 3.361388 0.051963
v -0.333040 3.212141 0.051963
v -0.317720 3.205320 0.051963
v -0.268144 3.357901 0.051963
v -0.317720 3.357901 0.051963
v -0.301317 3.361388 0.051963
v -0.346607 3.341223 0.051963
v -0.333040 3.351080 0.051963
v -0.366213 3.314238 0.051963
v -0.357828 3.328761 0.051963
v -0.357828 3.234461 0.051963
v -0.346607 3.221998 0.051963
v -0.373148 3.281611 0.051963
v -0.371395 3.264932 0.051963
v -0.366213 3.248984 0.051963
v -0.371395 3.298289 0.051963
vn -0.0000 -0.0000 1.0000
vt 0.261343 0.323378
vt 0.253417 0.347905
vt 0.250736 0.373553
vt 0.291329 0.281879
vt 0.274167 0.301044
vt 0.335509 0.256231
vt 0.312079 0.266720
vt 0.386245 0.250869
vt 0.360597 0.250869
vt 0.434763 0.266720
vt 0.411332 0.256231
vt 0.472674 0.301044
vt 0.455513 0.281879
vt 0.493424 0.347905
vt 0.485498 0.323378
vt 0.493424 0.399201
vt 0.496105 0.373553
vt 0.472674 0.446062
vt 0.485498 0.423728
vt 0.434763 0.480386
vt 0.455513 0.465227
vt 0.386245 0.496237
vt 0.411332 0.490875
vt 0.335509 0.490875
vt 0.360597 0.496237
vt 0.291329 0.465227
vt 0.312079 0.480386
vt 0.261343 0.423728
vt 0.274167 0.446062
vt 0.253417 0.399201
s 0
usemtl cocky.001
f 1170/652/482 1171/653/482 1172/654/482
f 1173/655/482 1174/656/482 1170/652/482
f 1176/657/482 1177/658/482 1173/655/482
f 1176/657/482 1173/655/482 1170/652/482
f 1182/659/482 1183/660/482 1176/657/482
f 1185/661/482 1186/662/482 1182/659/482
f 1185/661/482 1182/659/482 1176/657/482
f 1185/661/482 1176/657/482 1170/652/482
f 1194/663/482 1195/664/482 1185/661/482
f 1197/665/482 1198/666/482 1194/663/482
f 1197/665/482 1194/663/482 1185/661/482
f 1199/667/482 1196/668/482 1197/665/482
f 1193/669/482 1192/670/482 1199/667/482
f 1193/669/482 1199/667/482 1197/665/482
f 1193/669/482 1197/665/482 1185/661/482
f 1191/671/482 1190/672/482 1193/669/482
f 1189/673/482 1188/674/482 1191/671/482
f 1189/673/482 1191/671/482 1193/669/482
f 1187/675/482 1184/676/482 1189/673/482
f 1181/677/482 1180/678/482 1187/675/482
f 1181/677/482 1187/675/482 1189/673/482
f 1181/677/482 1189/673/482 1193/669/482
f 1181/677/482 1193/669/482 1185/661/482
f 1181/677/482 1185/661/482 1170/652/482
f 1179/679/482 1178/680/482 1181/677/482
f 1179/679/482 1181/677/482 1170/652/482
f 1179/679/482 1170/652/482 1172/654/482
f 1179/679/482 1172/654/482 1175/681/482
o stozar_se2_R
v 0.330197 3.121703 0.039800
v 0.330197 3.191043 0.039800
v 0.330197 3.191043 -0.039860
v 0.330197 3.121703 -0.039861
v 0.233542 3.604856 0.000001
v 0.233542 3.571422 0.000001
v 0.271858 3.604856 0.000001
v 0.271858 3.571422 0.000001
v -0.039058 3.104894 0.048637
v -0.039058 2.985867 0.048637
v -0.055682 3.104894 0.021569
v -0.055682 2.985867 0.021569
v -0.019776 3.104894 0.062233
v -0.019776 2.985867 0.062233
v 0.047771 3.104894 0.055559
v 0.047771 2.985867 0.055559
v -0.019776 3.104894 0.062233
v -0.019776 2.985867 0.062233
v 0.047771 3.104894 -0.055620
v 0.047771 2.985867 -0.055620
v 0.047771 3.104894 0.055559
v 0.047771 2.985867 0.055559
v -0.019776 3.104894 -0.062294
v -0.019776 2.985867 -0.062294
v 0.047771 3.104894 -0.055620
v 0.047771 2.985867 -0.055620
v -0.039058 3.104894 -0.048698
v -0.039058 2.985867 -0.048698
v -0.019776 3.104894 -0.062294
v -0.019776 2.985867 -0.062294
v -0.055682 3.104894 -0.021630
v -0.055682 2.985867 -0.021630
v -0.039058 3.104894 0.048637
v -0.039058 3.104894 -0.048698
v -0.055682 3.104894 0.021569
v -0.055682 3.104894 -0.021630
v -0.039058 2.985867 -0.048698
v -0.039058 2.985867 0.048637
v -0.055682 2.985867 -0.021630
v -0.055682 2.985867 0.021569
v 0.264504 3.191043 0.024473
v 0.264504 3.121703 0.006737
v 0.026512 3.102175 0.024473
v 0.026512 2.985682 0.006737
v 0.264504 3.191043 0.039800
v 0.264504 3.121703 0.039800
v 0.264504 3.191043 -0.039860
v 0.264504 3.121703 -0.039861
v 0.330197 3.191043 -0.039860
v 0.330197 3.121703 -0.039861
v 0.264504 3.191043 -0.024596
v 0.264504 3.121703 -0.006798
v 0.026512 3.102175 -0.024596
v 0.026512 2.985682 -0.006798
v 0.264504 3.191043 0.024473
v 0.026512 3.102175 0.024473
v 0.264504 3.191043 -0.024596
v 0.026512 3.102175 -0.024596
v 0.330197 3.121703 0.039800
v 0.026512 2.985682 -0.006798
v 0.026512 2.985682 0.006737
v 0.264504 3.121703 -0.006798
v 0.264504 3.121703 0.006737
v 0.305786 3.663195 -0.020579
v 0.319382 3.663195 0.002905
v 0.292190 3.663195 0.002905
v 0.278594 3.663195 -0.020579
v 0.264998 3.663195 0.002905
v 0.278594 3.663195 0.026451
v 0.305786 3.663195 0.026451
v 0.319444 3.555601 0.002905
v 0.305848 3.555601 -0.020579
v 0.278718 3.555601 -0.020579
v 0.265122 3.555601 0.002905
v 0.278718 3.555601 0.026451
v 0.305848 3.555601 0.026451
v 0.289348 3.641009 0.015327
v 0.223778 3.640761 0.015327
v 0.289348 3.647312 0.000001
v 0.223098 3.647065 0.000001
v 0.289348 3.625806 0.021631
v 0.225446 3.625559 0.021631
v 0.289348 3.610603 0.015265
v 0.227115 3.610356 0.015265
v 0.289348 3.604300 0.000001
v 0.227795 3.604053 0.000001
v 0.289348 3.610603 -0.015264
v 0.227115 3.610356 -0.015264
v 0.289348 3.625806 -0.021568
v 0.225446 3.625559 -0.021568
v 0.289348 3.641009 -0.015202
v 0.223778 3.640761 -0.015202
v 0.104380 3.614249 0.000001
v 0.223098 3.647065 0.000001
v 0.106111 3.608131 0.015327
v 0.223778 3.640761 0.015327
v 0.110313 3.593423 0.021631
v 0.225446 3.625559 0.021631
v 0.114454 3.578715 0.015265
v 0.227115 3.610356 0.015265
v 0.116184 3.572658 0.000001
v 0.227795 3.604053 0.000001
v 0.114454 3.578715 -0.015264
v 0.227115 3.610356 -0.015264
v 0.110313 3.593485 -0.021568
v 0.225446 3.625559 -0.021568
v 0.106111 3.608193 -0.015202
v 0.223778 3.640761 -0.015202
v 0.048019 3.586254 0.000001
v 0.051788 3.581187 0.015265
v 0.061058 3.569012 0.021631
v 0.070267 3.556776 0.015265
v 0.074036 3.551769 0.000001
v 0.070267 3.556776 -0.015264
v 0.061058 3.569012 -0.021568
v 0.051788 3.581187 -0.015264
v -0.003214 3.530016 0.000001
v 0.002101 3.526679 0.015265
v 0.015141 3.518645 0.021569
v 0.028119 3.510611 0.015265
v 0.033496 3.507274 0.000001
v 0.028119 3.510611 -0.015264
v 0.015141 3.518645 -0.021629
v 0.002101 3.526741 -0.015264
v -0.018169 3.468216 0.000001
v -0.011989 3.467042 0.015265
v 0.003028 3.464199 0.021569
v 0.018046 3.461418 0.015265
v 0.024287 3.460244 0.000001
v 0.018046 3.461418 -0.015264
v 0.003028 3.464261 -0.021629
v -0.011989 3.467042 -0.015264
v -0.018169 3.294682 0.000001
v -0.011989 3.294682 0.015203
v 0.003028 3.294682 0.021569
v 0.018046 3.294682 0.015203
v 0.024287 3.294682 0.000001
v 0.018046 3.294682 -0.015326
v 0.003028 3.294682 -0.021629
v -0.011989 3.294682 -0.015326
v -0.036895 2.570880 0.137876
v -0.036895 1.116046 0.128544
v -0.036895 2.570880 0.128544
v -0.036895 1.116046 0.137876
v -0.036895 2.570880 0.128544
v 0.036895 1.116046 0.128544
v 0.036895 2.570880 0.128544
v -0.036895 1.116046 0.128544
v 0.036895 2.570880 0.128544
v 0.036895 1.116046 0.137876
v 0.036895 2.570880 0.137876
v 0.036895 1.116046 0.128544
v -0.011557 1.118147 -0.128544
v -0.011557 1.118147 0.128544
v -0.000000 1.071797 0.000000
v 0.011557 1.118147 -0.128544
v -0.000000 1.071797 0.000000
v 0.011557 1.118147 0.128544
v 0.011557 1.134772 -0.128544
v -0.011557 1.134772 -0.128544
v -0.011557 1.134772 0.128544
v 0.011557 1.134772 0.128544
v -0.011557 1.322087 -0.128544
v -0.011557 1.322087 0.128544
v -0.000000 1.275737 0.000000
v 0.011557 1.322087 -0.128544
v -0.000000 1.275737 0.000000
v 0.011557 1.322087 0.128544
v 0.011557 1.338712 -0.128544
v -0.011557 1.338712 -0.128544
v -0.011557 1.338712 0.128544
v 0.011557 1.338712 0.128544
v -0.011557 1.526027 -0.128544
v -0.011557 1.526027 0.128544
v -0.000000 1.479677 0.000000
v 0.011557 1.526027 -0.128544
v -0.000000 1.479677 0.000000
v 0.011557 1.526027 0.128544
v 0.011557 1.542651 -0.128544
v -0.011557 1.542651 -0.128544
v -0.011557 1.542651 0.128544
v 0.011557 1.542651 0.128544
v -0.011557 1.729967 -0.128544
v -0.011557 1.729967 0.128544
v -0.000000 1.683617 0.000000
v 0.011557 1.729967 -0.128544
v -0.000000 1.683617 0.000000
v 0.011557 1.729967 0.128544
v 0.011557 1.746592 -0.128544
v -0.011557 1.746592 -0.128544
v -0.011557 1.746592 0.128544
v 0.011557 1.746592 0.128544
v -0.011557 1.933907 -0.128544
v -0.011557 1.933907 0.128544
v -0.000000 1.887557 0.000000
v 0.011557 1.933907 -0.128544
v -0.000000 1.887557 0.000000
v 0.011557 1.933907 0.128544
v 0.011557 1.950531 -0.128544
v -0.011557 1.950531 -0.128544
v -0.011557 1.950531 0.128544
v 0.011557 1.950531 0.128544
v -0.011557 2.137847 -0.128544
v -0.011557 2.137847 0.128544
v -0.000000 2.091497 0.000000
v 0.011557 2.137847 -0.128544
v -0.000000 2.091497 0.000000
v 0.011557 2.137847 0.128544
v 0.011557 2.154471 -0.128544
v -0.011557 2.154471 -0.128544
v -0.011557 2.154471 0.128544
v 0.011557 2.154471 0.128544
v -0.011557 2.341787 -0.128544
v -0.011557 2.341787 0.128544
v -0.000000 2.295437 0.000000
v 0.011557 2.341787 -0.128544
v -0.000000 2.295437 0.000000
v 0.011557 2.341787 0.128544
v 0.011557 2.358412 -0.128544
v -0.011557 2.358412 -0.128544
v -0.011557 2.358412 0.128544
v 0.011557 2.358412 0.128544
v -0.011557 2.545727 -0.128544
v -0.011557 2.545727 0.128544
v -0.000000 2.499377 0.000000
v 0.011557 2.545727 -0.128544
v -0.000000 2.499377 0.000000
v 0.011557 2.545727 0.128544
v 0.011557 2.562352 -0.128544
v -0.011557 2.562352 -0.128544
v -0.011557 2.562352 0.128544
v 0.011557 2.562352 0.128544
v -0.011557 0.914207 -0.128544
v -0.011557 0.914207 0.128544
v -0.000000 0.867857 0.000000
v 0.011557 0.914207 -0.128544
v -0.000000 0.867857 0.000000
v 0.011557 0.914207 0.128544
v 0.011557 0.930832 -0.128544
v -0.011557 0.930832 -0.128544
v -0.011557 0.930832 0.128544
v 0.011557 0.930832 0.128544
v -0.011557 0.710267 -0.128544
v -0.011557 0.710267 0.128544
v -0.000000 0.663917 0.000000
v 0.011557 0.710267 -0.128544
v -0.000000 0.663917 0.000000
v 0.011557 0.710267 0.128544
v 0.011557 0.726892 -0.128544
v -0.011557 0.726892 -0.128544
v -0.011557 0.726892 0.128544
v 0.011557 0.726892 0.128544
v -0.021939 2.564329 0.054693
v -0.055991 2.551969 0.000000
v -0.055991 2.564329 0.000000
v -0.021939 2.551969 0.054693
v -0.021939 2.551969 -0.054693
v -0.021939 2.564329 -0.054693
v -0.084851 2.558149 -0.070081
v 0.084851 2.558149 -0.070081
v 0.021939 2.551969 -0.054693
v 0.021939 2.564329 -0.054693
v 0.055991 2.551969 0.000000
v 0.055991 2.564329 0.000000
v 0.021939 2.551969 0.054693
v 0.021939 2.564329 0.054693
v 0.058895 2.580336 -0.234654
v -0.084851 2.569521 -0.213333
v -0.058895 2.580336 -0.234654
v 0.084851 2.569521 -0.213333
v -0.011557 0.506142 -0.128544
v -0.011557 0.506142 0.128544
v -0.000000 0.459792 0.000000
v 0.011557 0.506142 -0.128544
v -0.000000 0.459792 0.000000
v 0.011557 0.506142 0.128544
v 0.011557 0.522828 -0.128544
v -0.011557 0.522828 -0.128544
v -0.011557 0.522828 0.128544
v 0.011557 0.522828 0.128544
v -0.011557 2.953422 -0.128544
v -0.011557 2.953422 0.128544
v -0.000000 2.907072 0.000000
v 0.011557 2.953422 -0.128544
v -0.000000 2.907072 0.000000
v 0.011557 2.953422 0.128544
v 0.011557 2.970108 -0.128544
v -0.011557 2.970108 -0.128544
v -0.011557 2.970108 0.128544
v 0.011557 2.970108 0.128544
v -0.011557 2.749482 -0.128544
v -0.011557 2.749482 0.128544
v -0.000000 2.703132 0.000000
v 0.011557 2.749482 -0.128544
v -0.000000 2.703132 0.000000
v 0.011557 2.749482 0.128544
v 0.011557 2.766168 -0.128544
v -0.011557 2.766168 -0.128544
v -0.011557 2.766168 0.128544
v 0.011557 2.766168 0.128544
v 0.077435 0.251032 0.000000
v 0.077435 0.251032 0.106049
v -0.077435 0.251032 0.106049
v -0.077435 0.251032 0.000000
v -0.077435 0.251032 -0.106049
v 0.077435 0.251032 -0.106049
v -0.077435 0.251032 -0.106049
v -0.077435 0.251032 0.106049
v -0.077435 0.063592 0.106049
v -0.077435 0.063592 -0.106049
v 0.077435 0.063592 -0.106049
v 0.077435 0.063592 0.106049
v 0.077435 0.251032 0.106049
v 0.077435 0.251032 -0.106049
v -0.053395 0.288050 0.025709
v -0.077435 0.270869 -0.025709
v -0.053395 0.288050 -0.025709
v -0.077435 0.270869 0.025709
v -0.053395 0.288050 -0.025709
v 0.077435 0.270869 -0.025709
v 0.053395 0.288050 -0.025709
v -0.077435 0.270869 -0.025709
v 0.053395 0.288050 -0.025709
v 0.077435 0.270869 0.025709
v 0.053395 0.288050 0.025709
v 0.077435 0.270869 -0.025709
v 0.053395 0.288050 0.025709
v -0.077435 0.270869 0.025709
v -0.053395 0.288050 0.025709
v 0.077435 0.270869 0.025709
v -0.052654 0.071317 0.093689
v -0.052654 0.024535 -0.076138
v -0.052654 0.071317 -0.093689
v -0.052654 0.024535 0.076138
v 0.052654 0.024535 -0.076138
v 0.052654 0.071317 -0.093689
v 0.052654 0.024535 0.076138
v 0.052654 0.071317 0.093689
v -0.077435 0.023360 -0.025709
v -0.077435 0.023360 0.025709
v 0.077435 0.023360 -0.025709
v -0.077435 0.023360 -0.025709
v 0.077435 0.023360 0.025709
v 0.077435 0.023360 -0.025709
v -0.077435 0.023360 0.025709
v 0.077435 0.023360 0.025709
v -0.077435 0.251032 -0.106049
v 0.077435 0.063592 -0.106049
v 0.077435 0.251032 -0.106049
v -0.077435 0.063592 -0.106049
v 0.077435 0.251032 0.106049
v -0.077435 0.063592 0.106049
v -0.077435 0.251032 0.106049
v 0.077435 0.063592 0.106049
v 0.077435 0.063592 -0.106049
v -0.077435 0.063592 0.106049
v 0.077435 0.063592 0.106049
v -0.077435 0.063592 -0.106049
v -0.088250 0.024720 0.076756
v -0.088250 0.012360 -0.076756
v -0.088250 0.024720 -0.076756
v -0.088250 0.012360 0.076756
v 0.088250 0.012360 -0.076756
v 0.088250 0.024720 -0.076756
v 0.088250 0.012360 0.076756
v 0.088250 0.024720 0.076756
v -0.109571 0.012360 0.134291
v -0.109571 0.000000 -0.134291
v -0.109571 0.012360 -0.134291
v -0.109571 0.000000 0.134291
v 0.109571 0.000000 -0.134291
v 0.109571 0.012360 -0.134291
v 0.109571 0.000000 0.134291
v 0.109571 0.012360 0.134291
v -0.000000 3.300738 0.000001
v -0.051047 3.300738 0.000001
v -0.036091 3.300738 -0.036152
v -0.000000 3.300738 -0.051108
v 0.036029 3.300738 -0.036152
v 0.050985 3.300738 0.000001
v 0.036029 3.300738 0.035968
v -0.000000 3.300738 0.050924
v -0.036091 3.300738 0.035968
v -0.030591 3.213600 -0.030652
v -0.051047 3.300738 0.000001
v -0.043260 3.213600 0.000001
v -0.036091 3.300738 -0.036152
v -0.000000 3.213600 -0.043321
v -0.000000 3.300738 -0.051108
v 0.030529 3.213600 -0.030652
v 0.036029 3.300738 -0.036152
v 0.043198 3.213600 0.000001
v 0.050985 3.300738 0.000001
v 0.030529 3.213600 0.030468
v 0.036029 3.300738 0.035968
v -0.000000 3.213600 0.043137
v -0.000000 3.300738 0.050924
v -0.030591 3.213600 0.030468
v -0.036091 3.300738 0.035968
v -0.030591 0.247200 -0.030653
v -0.043260 3.213600 0.000001
v -0.043260 0.247200 0.000000
v -0.030591 3.213600 -0.030652
v -0.000000 0.247200 -0.043322
v -0.000000 3.213600 -0.043321
v 0.030529 0.247200 -0.030653
v 0.030529 3.213600 -0.030652
v 0.043198 0.247200 0.000000
v 0.043198 3.213600 0.000001
v 0.030529 0.247200 0.030467
v 0.030529 3.213600 0.030468
v -0.000000 0.247200 0.043136
v -0.000000 3.213600 0.043137
v -0.030591 0.247200 0.030467
v -0.030591 3.213600 0.030468
vn 1.0000 -0.0000 -0.0000
vn -0.0000 -0.0000 -1.0000
vn -0.0000 -0.0000 1.0000
vn -0.8521 -0.0000 0.5233
vn -0.5763 -0.0000 0.8173
vn 0.0983 -0.0000 0.9952
vn 0.0983 -0.0000 -0.9952
vn -0.5763 -0.0000 -0.8173
vn -0.8521 -0.0000 -0.5233
vn -1.0000 -0.0000 -0.0000
vn -0.0000 1.0000 -0.0000
vn -0.0001 1.0000 -0.0000
vn -0.0000 -1.0000 -0.0000
vn 0.0921 -0.2468 0.9647
vn 0.0857 -0.1500 0.9850
vn 0.0563 -0.1508 -0.9870
vn 0.1407 -0.2462 -0.9590
vn -0.3498 0.9368 -0.0000
vn 0.4962 -0.8682 -0.0000
vn 0.8654 0.0005 -0.5010
vn -0.8654 -0.0010 -0.5010
vn -0.8660 -0.0010 0.5001
vn 0.8660 0.0005 0.5000
vn 0.8660 0.0005 0.5001
vn -0.0035 0.9248 0.3804
vn -0.0034 0.9248 0.3805
vn -0.0015 0.3830 0.9237
vn -0.0014 0.3829 0.9238
vn 0.0015 -0.3862 0.9224
vn 0.0015 -0.3861 0.9225
vn 0.0037 -0.9243 0.3817
vn 0.0037 -0.9242 0.3818
vn 0.0037 -0.9243 -0.3817
vn 0.0037 -0.9242 -0.3818
vn 0.0015 -0.3830 -0.9237
vn 0.0015 -0.3829 -0.9238
vn -0.0015 0.3862 -0.9224
vn -0.0015 0.3861 -0.9225
vn -0.0034 0.9237 -0.3830
vn -0.0035 0.9237 -0.3831
vn -0.2461 0.8903 0.3832
vn -0.2474 0.8922 0.3779
vn -0.1018 0.3672 0.9246
vn -0.1036 0.3712 0.9227
vn 0.1034 -0.3704 0.9231
vn 0.1051 -0.3742 0.9214
vn 0.2500 -0.8900 0.3814
vn 0.2506 -0.8908 0.3790
vn 0.2503 -0.8899 -0.3815
vn 0.2502 -0.8909 -0.3790
vn 0.1028 -0.3659 -0.9249
vn 0.1034 -0.3713 -0.9228
vn -0.1031 0.3701 -0.9233
vn -0.1036 0.3744 -0.9214
vn -0.2464 0.8904 -0.3827
vn -0.2464 0.8913 -0.3806
vn -0.4120 0.8295 0.3771
vn -0.4118 0.8294 0.3776
vn -0.1741 0.3489 0.9208
vn -0.1716 0.3462 0.9223
vn 0.1729 -0.3490 0.9210
vn 0.1736 -0.3496 0.9207
vn 0.4124 -0.8306 0.3742
vn 0.4115 -0.8302 0.3761
vn 0.4118 -0.8309 -0.3742
vn 0.4121 -0.8300 -0.3760
vn 0.1717 -0.3459 -0.9224
vn 0.1717 -0.3456 -0.9225
vn -0.1721 0.3464 -0.9222
vn -0.1726 0.3493 -0.9210
vn -0.4120 0.8295 -0.3771
vn -0.4120 0.8294 -0.3773
vn -0.6853 0.6243 0.3751
vn -0.6847 0.6242 0.3763
vn -0.2855 0.2603 0.9224
vn -0.2885 0.2619 0.9210
vn 0.2858 -0.2617 0.9219
vn 0.2877 -0.2626 0.9210
vn 0.6839 -0.6244 0.3774
vn 0.6855 -0.6246 0.3741
vn 0.6845 -0.6237 -0.3774
vn 0.6849 -0.6253 -0.3742
vn 0.2885 -0.2634 -0.9206
vn 0.2862 -0.2598 -0.9223
vn -0.2867 0.2625 -0.9213
vn -0.2853 0.2604 -0.9224
vn -0.6854 0.6255 -0.3729
vn -0.6849 0.6240 -0.3763
vn -0.8988 0.2175 0.3806
vn -0.9070 0.2143 0.3626
vn -0.3714 0.0877 0.9243
vn -0.3898 0.0867 0.9168
vn 0.3726 -0.0829 0.9243
vn 0.3946 -0.0808 0.9153
vn 0.9045 -0.1852 0.3841
vn 0.9150 -0.1792 0.3615
vn 0.9061 -0.1774 -0.3841
vn 0.9130 -0.1870 -0.3625
vn 0.3767 -0.0771 -0.9231
vn 0.3943 -0.0878 -0.9148
vn -0.3757 0.0837 -0.9230
vn -0.3901 0.0921 -0.9162
vn -0.9000 0.2124 -0.3807
vn -0.9059 0.2192 -0.3624
vn -0.9264 -0.0000 0.3766
vn -0.9269 -0.0001 0.3753
vn -0.3903 -0.0003 0.9207
vn -0.3870 -0.0000 0.9221
vn 0.3903 -0.0000 0.9207
vn 0.3870 -0.0003 0.9221
vn 0.9251 -0.0001 0.3798
vn 0.9256 -0.0000 0.3785
vn 0.9261 -0.0000 -0.3772
vn 0.9256 0.0001 -0.3785
vn 0.3870 0.0003 -0.9221
vn 0.3903 -0.0000 -0.9207
vn -0.3870 -0.0000 -0.9221
vn -0.3902 0.0003 -0.9207
vn -0.9274 0.0001 -0.3740
vn -0.9269 -0.0000 -0.3753
vn -0.9703 -0.2419 -0.0000
vn 0.9703 -0.2419 -0.0000
vn -0.0000 -0.9407 -0.3392
vn -0.0000 -0.9407 0.3392
vn -0.8489 -0.0000 0.5285
vn -0.8489 -0.0000 -0.5285
vn -0.2376 -0.0000 0.9714
vn 0.2376 -0.0000 0.9714
vn 0.8489 -0.0000 -0.5285
vn 0.8489 -0.0000 0.5285
vn -0.0000 0.8918 0.4524
vn -0.0000 0.9280 -0.3727
vn -0.0000 -0.8918 -0.4524
vn -0.0000 -0.9969 -0.0791
vn -0.0000 -0.9280 -0.3727
vn -0.5814 0.8136 -0.0000
vn 0.5814 0.8136 -0.0000
vn -0.0000 -0.3513 -0.9363
vn -0.0000 -0.3513 0.9363
vn -0.9210 -0.0823 -0.3807
vn -0.9209 -0.0822 -0.3810
vn -0.3813 -0.0822 -0.9208
vn -0.3815 -0.0823 -0.9207
vn 0.3820 -0.0823 -0.9205
vn 0.3821 -0.0822 -0.9205
vn 0.9211 -0.0822 -0.3807
vn 0.9209 -0.0823 -0.3810
vn 0.9202 -0.0822 0.3827
vn 0.9202 -0.0822 0.3826
vn 0.3820 -0.0822 0.9205
vn 0.3821 -0.0823 0.9205
vn -0.3813 -0.0823 0.9208
vn -0.3815 -0.0822 0.9207
vn -0.9202 -0.0822 0.3827
vn -0.9202 -0.0822 0.3826
vn -0.9242 -0.0000 -0.3820
vn -0.3826 -0.0000 -0.9239
vn 0.3833 -0.0000 -0.9236
vn 0.9242 -0.0000 -0.3820
vn 0.9234 -0.0000 0.3840
vn 0.3833 -0.0000 0.9236
vn -0.3826 -0.0000 0.9239
vn -0.9234 -0.0000 0.3840
vt 0.904000 0.702000
vt 0.903000 0.708000
vt 0.866000 0.700000
vt 0.867000 0.694000
vt 0.231000 0.029000
vt 0.231000 0.007000
vt 0.201000 0.029000
vt 0.201000 0.007000
vt 0.022000 0.061000
vt 0.022000 0.016000
vt 0.035000 0.064000
vt 0.035000 0.019000
vt 0.008000 0.057000
vt 0.008000 0.012000
vt 0.908000 0.492000
vt 0.849000 0.475000
vt 0.917000 0.457000
vt 0.857000 0.442000
vt 0.902000 0.496000
vt 0.836000 0.473000
vt 0.911000 0.473000
vt 0.845000 0.449000
vt 0.062000 0.061000
vt 0.062000 0.016000
vt 0.075000 0.057000
vt 0.075000 0.012000
vt 0.048000 0.064000
vt 0.048000 0.019000
vt 0.918000 0.452000
vt 0.920000 0.447000
vt 0.859000 0.436000
vt 0.860000 0.431000
vt 0.908000 0.680000
vt 0.864000 0.670000
vt 0.907000 0.487000
vt 0.842000 0.468000
vt 0.858000 0.698000
vt 0.892000 0.669000
vt 0.890000 0.516000
vt 0.908000 0.669000
vt 0.906000 0.516000
vt 0.838000 0.499000
vt 0.844000 0.499000
vt 0.860000 0.663000
vt 0.867000 0.662000
vt 0.197000 0.050000
vt 0.188000 0.050000
vt 0.179000 0.050000
vt 0.188000 0.008000
vt 0.197000 0.008000
vt 0.179000 0.008000
vt 0.190000 0.040000
vt 0.233000 0.040000
vt 0.190000 0.043000
vt 0.234000 0.042000
vt 0.190000 0.036000
vt 0.233000 0.036000
vt 0.190000 0.032000
vt 0.233000 0.032000
vt 0.190000 0.029000
vt 0.233000 0.029000
vt 0.875000 0.270000
vt 0.875000 0.428000
vt 0.888000 0.270000
vt 0.888000 0.428000
vt 0.901000 0.270000
vt 0.901000 0.428000
vt 0.915000 0.270000
vt 0.915000 0.428000
vt 0.928000 0.270000
vt 0.928000 0.428000
vt 0.875000 0.218000
vt 0.888000 0.218000
vt 0.901000 0.218000
vt 0.915000 0.218000
vt 0.928000 0.218000
vt 0.875000 0.165000
vt 0.888000 0.165000
vt 0.901000 0.165000
vt 0.915000 0.165000
vt 0.928000 0.165000
vt 0.875000 0.112000
vt 0.888000 0.112000
vt 0.901000 0.112000
vt 0.915000 0.112000
vt 0.928000 0.112000
vt 0.875000 0.007000
vt 0.888000 0.007000
vt 0.901000 0.007000
vt 0.915000 0.007000
vt 0.928000 0.007000
vt 0.731000 0.771000
vt 0.731000 0.218000
vt 0.946000 0.782000
vt 0.986000 0.276000
vt 0.986000 0.782000
vt 0.946000 0.276000
vt 0.770000 0.771000
vt 0.770000 0.218000
vt 0.820000 0.786000
vt 0.820000 0.583000
vt 0.843000 0.681000
vt 0.816000 0.782000
vt 0.839000 0.676000
vt 0.816000 0.579000
vt 0.801000 0.782000
vt 0.805000 0.786000
vt 0.805000 0.583000
vt 0.801000 0.579000
vt 0.507000 0.340000
vt 0.489000 0.330000
vt 0.491000 0.324000
vt 0.505000 0.346000
vt 0.472000 0.346000
vt 0.474000 0.340000
vt 0.469000 0.311000
vt 0.469000 0.390000
vt 0.472000 0.366000
vt 0.474000 0.360000
vt 0.489000 0.382000
vt 0.491000 0.376000
vt 0.505000 0.366000
vt 0.507000 0.360000
vt 0.425000 0.311000
vt 0.418000 0.378000
vt 0.425000 0.390000
vt 0.418000 0.323000
vt 0.822000 0.207000
vt 0.822000 0.012000
vt 0.640000 0.012000
vt 0.640000 0.207000
vt 0.011000 0.236000
vt 0.205000 0.232000
vt 0.203000 0.123000
vt 0.011000 0.125000
vt 0.134000 0.259000
vt 0.086000 0.249000
vt 0.086000 0.259000
vt 0.134000 0.249000
vt 0.810000 0.991000
vt 0.912000 0.979000
vt 0.904000 0.991000
vt 0.801000 0.979000
vt 0.086000 0.256000
vt 0.134000 0.257000
vt 0.644000 0.092000
vt 0.635000 0.057000
vt 0.635000 0.092000
vt 0.644000 0.057000
vt 0.823000 0.057000
vt 0.823000 0.092000
vt 0.814000 0.057000
vt 0.814000 0.092000
vt 0.082000 0.088000
vt 0.130000 0.088000
vt 0.912000 0.852000
vt 0.801000 0.852000
vt 0.927000 0.960000
vt 0.801000 0.791000
vt 0.801000 0.960000
vt 0.927000 0.791000
vt 0.507000 0.305000
vt 0.417000 0.210000
vt 0.507000 0.210000
vt 0.417000 0.305000
vt 0.592000 0.043000
vt 0.443000 0.043000
vt 0.443000 0.162000
vt 0.592000 0.162000
vt 0.621000 0.003000
vt 0.420000 0.003000
vt 0.420000 0.205000
vt 0.621000 0.205000
vt 0.103000 0.044000
vt 0.102000 0.055000
vt 0.093000 0.052000
vt 0.091000 0.043000
vt 0.095000 0.036000
vt 0.102000 0.033000
vt 0.110000 0.037000
vt 0.112000 0.044000
vt 0.109000 0.052000
vt 0.103000 0.009000
vt 0.126000 0.060000
vt 0.126000 0.010000
vt 0.099000 0.059000
vt 0.094000 0.007000
vt 0.088000 0.057000
vt 0.149000 0.009000
vt 0.154000 0.059000
vt 0.159000 0.007000
vt 0.165000 0.057000
vt 0.946000 0.006000
vt 0.965000 0.996000
vt 0.965000 0.006000
vt 0.946000 0.996000
vt 0.938000 0.006000
vt 0.938000 0.996000
vt 0.985000 0.006000
vt 0.985000 0.996000
vt 0.993000 0.006000
vt 0.993000 0.996000
s 0
usemtl AZD_Nav
f 1200/682/483 1202/684/483 1201/683/483
f 1203/685/483 1202/684/483 1200/682/483
f 1204/686/484 1206/688/484 1205/687/484
f 1207/689/484 1205/687/484 1206/688/484
f 1206/688/485 1204/686/485 1207/689/485
f 1205/687/485 1207/689/485 1204/686/485
f 1208/690/486 1210/692/486 1209/691/486
f 1211/693/486 1209/691/486 1210/692/486
f 1212/694/487 1208/690/487 1213/695/487
f 1209/691/487 1213/695/487 1208/690/487
f 1214/696/488 1216/698/488 1215/697/488
f 1217/699/488 1215/697/488 1216/698/488
f 1218/700/483 1220/702/483 1219/701/483
f 1221/703/483 1219/701/483 1220/702/483
f 1222/698/489 1224/696/489 1223/699/489
f 1225/697/489 1223/699/489 1224/696/489
f 1226/704/490 1228/706/490 1227/705/490
f 1229/707/490 1227/705/490 1228/706/490
f 1230/708/491 1226/704/491 1231/709/491
f 1227/705/491 1231/709/491 1226/704/491
f 1210/692/492 1230/708/492 1211/693/492
f 1231/709/492 1211/693/492 1230/708/492
f 1214/696/493 1224/696/493 1216/698/493
f 1222/698/493 1216/698/493 1224/696/493
f 1216/698/493 1222/698/493 1232/710/493
f 1233/710/493 1232/710/493 1222/698/493
f 1232/710/493 1233/710/493 1234/711/493
f 1235/711/494 1234/711/494 1233/710/494
f 1223/699/495 1225/697/495 1217/699/495
f 1215/697/495 1217/699/495 1225/697/495
f 1236/712/495 1223/699/495 1237/712/495
f 1217/699/495 1237/712/495 1223/699/495
f 1238/713/495 1236/712/495 1239/713/495
f 1237/712/495 1239/713/495 1236/712/495
f 1240/714/496 1242/716/496 1241/715/496
f 1243/717/497 1241/715/497 1242/716/497
f 1244/714/492 1240/714/492 1245/715/492
f 1241/715/492 1245/715/492 1240/714/492
f 1246/714/484 1248/683/484 1247/715/484
f 1249/718/484 1247/715/484 1248/683/484
f 1250/714/492 1246/714/492 1251/715/492
f 1247/715/492 1251/715/492 1246/714/492
f 1252/716/498 1250/714/498 1253/717/498
f 1251/715/499 1253/717/499 1250/714/499
f 1254/719/500 1256/721/500 1255/720/500
f 1257/722/500 1255/720/500 1256/721/500
f 1247/715/495 1249/718/495 1245/715/495
f 1258/718/495 1245/715/495 1249/718/495
f 1259/723/501 1261/725/501 1260/724/501
f 1262/726/501 1260/724/501 1261/725/501
f 1263/727/493 1265/728/493 1264/728/493
f 1266/727/493 1265/728/493 1263/727/493
f 1267/728/493 1265/728/493 1266/727/493
f 1268/729/493 1265/728/493 1267/728/493
f 1269/729/493 1265/728/493 1268/729/493
f 1264/728/493 1265/728/493 1269/729/493
f 1270/730/502 1271/731/502 1264/728/502
f 1264/728/502 1271/731/502 1263/727/502
f 1271/731/484 1272/731/484 1263/727/484
f 1263/727/484 1272/731/484 1266/727/484
f 1272/731/503 1273/730/503 1266/727/503
f 1266/727/503 1273/730/503 1267/728/503
f 1273/730/504 1274/732/504 1267/728/504
f 1267/728/504 1274/732/504 1268/729/504
f 1275/732/505 1270/730/505 1269/729/505
f 1269/729/506 1270/730/506 1264/728/506
f 1276/733/507 1278/735/507 1277/734/507
f 1279/736/508 1277/734/508 1278/735/508
f 1280/737/509 1276/733/509 1281/738/509
f 1277/734/510 1281/738/510 1276/733/510
f 1282/739/511 1280/737/511 1283/740/511
f 1281/738/512 1283/740/512 1280/737/512
f 1284/741/513 1282/739/513 1285/742/513
f 1283/740/514 1285/742/514 1282/739/514
f 1286/739/515 1284/741/515 1287/740/515
f 1285/742/516 1287/740/516 1284/741/516
f 1288/737/517 1286/739/517 1289/738/517
f 1287/740/518 1289/738/518 1286/739/518
f 1290/733/519 1288/737/519 1291/734/519
f 1289/738/520 1291/734/520 1288/737/520
f 1278/735/521 1290/733/521 1279/736/521
f 1291/734/522 1279/736/522 1290/733/522
f 1292/743/523 1294/745/523 1293/744/523
f 1293/744/524 1294/745/524 1295/746/524
f 1294/745/525 1296/747/525 1295/746/525
f 1295/746/526 1296/747/526 1297/748/526
f 1296/747/527 1298/749/527 1297/748/527
f 1297/748/528 1298/749/528 1299/750/528
f 1298/749/529 1300/751/529 1299/750/529
f 1299/750/530 1300/751/530 1301/752/530
f 1300/751/531 1302/749/531 1301/752/531
f 1301/752/532 1302/749/532 1303/750/532
f 1302/749/533 1304/747/533 1303/750/533
f 1303/750/534 1304/747/534 1305/748/534
f 1304/747/535 1306/745/535 1305/748/535
f 1305/748/536 1306/745/536 1307/746/536
f 1306/745/537 1292/743/537 1307/746/537
f 1307/746/538 1292/743/538 1293/744/538
f 1308/753/539 1309/754/539 1292/743/539
f 1292/743/540 1309/754/540 1294/745/540
f 1309/754/541 1310/755/541 1294/745/541
f 1294/745/542 1310/755/542 1296/747/542
f 1310/755/543 1311/756/543 1296/747/543
f 1296/747/544 1311/756/544 1298/749/544
f 1311/756/545 1312/757/545 1298/749/545
f 1298/749/546 1312/757/546 1300/751/546
f 1312/757/547 1313/756/547 1300/751/547
f 1300/751/548 1313/756/548 1302/749/548
f 1313/756/549 1314/755/549 1302/749/549
f 1302/749/550 1314/755/550 1304/747/550
f 1314/755/551 1315/754/551 1304/747/551
f 1304/747/552 1315/754/552 1306/745/552
f 1315/754/553 1308/753/553 1306/745/553
f 1306/745/554 1308/753/554 1292/743/554
f 1316/758/555 1317/759/555 1308/753/555
f 1308/753/556 1317/759/556 1309/754/556
f 1317/759/557 1318/760/557 1309/754/557
f 1309/754/558 1318/760/558 1310/755/558
f 1318/760/559 1319/761/559 1310/755/559
f 1310/755/560 1319/761/560 1311/756/560
f 1319/761/561 1320/762/561 1311/756/561
f 1311/756/562 1320/762/562 1312/757/562
f 1320/762/563 1321/761/563 1312/757/563
f 1312/757/564 1321/761/564 1313/756/564
f 1321/761/565 1322/760/565 1313/756/565
f 1313/756/566 1322/760/566 1314/755/566
f 1322/760/567 1323/759/567 1314/755/567
f 1314/755/568 1323/759/568 1315/754/568
f 1323/759/569 1316/758/569 1315/754/569
f 1315/754/570 1316/758/570 1308/753/570
f 1324/763/571 1325/764/571 1316/758/571
f 1316/758/572 1325/764/572 1317/759/572
f 1325/764/573 1326/765/573 1317/759/573
f 1317/759/574 1326/765/574 1318/760/574
f 1326/765/575 1327/766/575 1318/760/575
f 1318/760/576 1327/766/576 1319/761/576
f 1327/766/577 1328/767/577 1319/761/577
f 1319/761/578 1328/767/578 1320/762/578
f 1328/767/579 1329/766/579 1320/762/579
f 1320/762/580 1329/766/580 1321/761/580
f 1329/766/581 1330/765/581 1321/761/581
f 1321/761/582 1330/765/582 1322/760/582
f 1330/765/583 1331/764/583 1322/760/583
f 1322/760/584 1331/764/584 1323/759/584
f 1331/764/585 1324/763/585 1323/759/585
f 1323/759/586 1324/763/586 1316/758/586
f 1332/768/587 1333/769/587 1324/763/587
f 1324/763/588 1333/769/588 1325/764/588
f 1333/769/589 1334/770/589 1325/764/589
f 1325/764/590 1334/770/590 1326/765/590
f 1334/770/591 1335/771/591 1326/765/591
f 1326/765/592 1335/771/592 1327/766/592
f 1335/771/593 1336/772/593 1327/766/593
f 1327/766/594 1336/772/594 1328/767/594
f 1336/772/595 1337/771/595 1328/767/595
f 1328/767/596 1337/771/596 1329/766/596
f 1337/771/597 1338/770/597 1329/766/597
f 1329/766/598 1338/770/598 1330/765/598
f 1338/770/599 1339/769/599 1330/765/599
f 1330/765/600 1339/769/600 1331/764/600
f 1339/769/601 1332/768/601 1331/764/601
f 1331/764/602 1332/768/602 1324/763/602
f 1340/773/492 1342/773/492 1341/774/492
f 1341/774/492 1343/774/492 1340/773/492
f 1344/775/484 1346/777/484 1345/776/484
f 1345/776/484 1347/778/484 1344/775/484
f 1348/779/483 1350/779/483 1349/780/483
f 1349/780/483 1351/780/483 1348/779/483
f 1350/779/485 1340/773/485 1343/774/485
f 1343/774/485 1349/780/485 1350/779/485
f 1348/779/493 1342/773/493 1340/773/493
f 1340/773/493 1350/779/493 1348/779/493
f 1351/780/495 1349/780/495 1343/774/495
f 1343/774/495 1341/774/495 1351/780/495
f 1352/781/603 1354/783/603 1353/782/603
f 1355/784/604 1357/786/604 1356/785/604
f 1358/787/485 1359/788/485 1352/781/485
f 1352/781/485 1355/784/485 1358/787/485
f 1355/784/493 1352/781/493 1353/782/493
f 1353/782/493 1357/786/493 1355/784/493
f 1357/786/484 1353/782/484 1360/789/484
f 1360/789/484 1361/790/484 1357/786/484
f 1354/783/605 1352/781/605 1355/784/605
f 1356/785/606 1357/786/606 1353/782/606
f 1362/781/603 1364/783/603 1363/782/603
f 1365/784/604 1367/786/604 1366/785/604
f 1362/781/485 1365/784/485 1368/787/485
f 1365/784/493 1362/781/493 1363/782/493
f 1363/782/493 1367/786/493 1365/784/493
f 1367/786/484 1363/782/484 1370/789/484
f 1370/789/484 1371/790/484 1367/786/484
f 1362/781/484 1369/788/484 1368/787/484
f 1364/783/605 1362/781/605 1365/784/605
f 1366/785/606 1367/786/606 1363/782/606
f 1372/781/603 1374/783/603 1373/782/603
f 1375/784/604 1377/786/604 1376/785/604
f 1372/781/485 1375/784/485 1378/787/485
f 1375/784/493 1372/781/493 1373/782/493
f 1373/782/493 1377/786/493 1375/784/493
f 1377/786/484 1373/782/484 1380/789/484
f 1380/789/484 1381/790/484 1377/786/484
f 1372/781/484 1379/788/484 1378/787/484
f 1374/783/605 1372/781/605 1375/784/605
f 1376/785/606 1377/786/606 1373/782/606
f 1382/781/603 1384/783/603 1383/782/603
f 1385/784/604 1387/786/604 1386/785/604
f 1388/787/485 1389/788/485 1382/781/485
f 1382/781/485 1385/784/485 1388/787/485
f 1385/784/493 1382/781/493 1383/782/493
f 1383/782/493 1387/786/493 1385/784/493
f 1387/786/484 1383/782/484 1390/789/484
f 1390/789/484 1391/790/484 1387/786/484
f 1384/783/605 1382/781/605 1385/784/605
f 1386/785/606 1387/786/606 1383/782/606
f 1392/781/603 1394/783/603 1393/782/603
f 1395/784/604 1397/786/604 1396/785/604
f 1395/784/493 1392/781/493 1393/782/493
f 1393/782/493 1397/786/493 1395/784/493
f 1397/786/484 1393/782/484 1400/789/484
f 1400/789/484 1401/790/484 1397/786/484
f 1398/787/484 1395/784/484 1392/781/484
f 1392/781/484 1399/788/484 1398/787/484
f 1394/783/605 1392/781/605 1395/784/605
f 1396/785/606 1397/786/606 1393/782/606
f 1402/781/603 1404/783/603 1403/782/603
f 1405/784/604 1407/786/604 1406/785/604
f 1402/781/485 1405/784/485 1408/787/485
f 1405/784/493 1402/781/493 1403/782/493
f 1403/782/493 1407/786/493 1405/784/493
f 1407/786/484 1403/782/484 1410/789/484
f 1410/789/484 1411/790/484 1407/786/484
f 1402/781/484 1409/788/484 1408/787/484
f 1404/783/605 1402/781/605 1405/784/605
f 1406/785/606 1407/786/606 1403/782/606
f 1412/781/603 1414/783/603 1413/782/603
f 1415/784/604 1417/786/604 1416/785/604
f 1418/787/485 1419/788/485 1412/781/485
f 1412/781/485 1415/784/485 1418/787/485
f 1415/784/493 1412/781/493 1413/782/493
f 1413/782/493 1417/786/493 1415/784/493
f 1417/786/484 1413/782/484 1420/789/484
f 1420/789/484 1421/790/484 1417/786/484
f 1414/783/605 1412/781/605 1415/784/605
f 1416/785/606 1417/786/606 1413/782/606
f 1422/781/603 1424/783/603 1423/782/603
f 1425/784/604 1427/786/604 1426/785/604
f 1422/781/485 1425/784/485 1428/787/485
f 1425/784/493 1422/781/493 1423/782/493
f 1423/782/493 1427/786/493 1425/784/493
f 1427/786/484 1423/782/484 1430/789/484
f 1430/789/484 1431/790/484 1427/786/484
f 1422/781/484 1429/788/484 1428/787/484
f 1424/783/605 1422/781/605 1425/784/605
f 1426/785/606 1427/786/606 1423/782/606
f 1432/781/603 1434/783/603 1433/782/603
f 1435/784/604 1437/786/604 1436/785/604
f 1435/784/493 1432/781/493 1433/782/493
f 1433/782/493 1437/786/493 1435/784/493
f 1437/786/484 1433/782/484 1440/789/484
f 1438/787/484 1435/784/484 1432/781/484
f 1432/781/484 1439/788/484 1438/787/484
f 1434/783/605 1432/781/605 1435/784/605
f 1436/785/606 1437/786/606 1433/782/606
f 1437/786/485 1441/790/485 1440/789/485
f 1442/781/603 1444/783/603 1443/782/603
f 1445/784/604 1447/786/604 1446/785/604
f 1442/781/485 1445/784/485 1448/787/485
f 1445/784/493 1442/781/493 1443/782/493
f 1443/782/493 1447/786/493 1445/784/493
f 1447/786/484 1443/782/484 1450/789/484
f 1442/781/484 1449/788/484 1448/787/484
f 1444/783/605 1442/781/605 1445/784/605
f 1446/785/606 1447/786/606 1443/782/606
f 1447/786/485 1451/790/485 1450/789/485
f 1452/791/607 1454/793/607 1453/792/607
f 1453/792/607 1455/794/607 1452/791/607
f 1454/793/608 1457/796/608 1456/795/608
f 1456/795/608 1453/792/608 1454/793/608
f 1458/797/609 1456/795/609 1457/796/609
f 1459/798/610 1461/800/610 1460/799/610
f 1461/800/611 1463/802/611 1462/801/611
f 1462/801/611 1460/799/611 1461/800/611
f 1463/802/612 1465/804/612 1464/803/612
f 1464/803/612 1462/801/612 1463/802/612
f 1465/804/485 1452/791/485 1455/794/485
f 1455/794/485 1464/803/485 1465/804/485
f 1467/805/613 1469/807/613 1466/806/613
f 1459/798/614 1458/797/614 1457/796/614
f 1457/796/614 1461/800/614 1459/798/614
f 1461/800/493 1457/796/493 1454/793/493
f 1454/793/493 1463/802/493 1461/800/493
f 1463/802/493 1454/793/493 1452/791/493
f 1452/791/493 1465/804/493 1463/802/493
f 1467/805/615 1468/808/615 1466/806/615
f 1469/807/616 1459/798/616 1458/797/616
f 1458/797/616 1467/805/616 1469/807/616
f 1459/798/617 1460/799/617 1456/795/617
f 1456/795/617 1458/797/617 1459/798/617
f 1460/799/495 1462/801/495 1453/792/495
f 1453/792/495 1456/795/495 1460/799/495
f 1462/801/495 1464/803/495 1455/794/495
f 1455/794/495 1453/792/495 1462/801/495
f 1470/781/603 1472/783/603 1471/782/603
f 1473/784/604 1475/786/604 1474/785/604
f 1476/787/485 1477/788/485 1470/781/485
f 1470/781/485 1473/784/485 1476/787/485
f 1473/784/493 1470/781/493 1471/782/493
f 1471/782/493 1475/786/493 1473/784/493
f 1475/786/484 1471/782/484 1478/789/484
f 1472/783/605 1470/781/605 1473/784/605
f 1474/785/606 1475/786/606 1471/782/606
f 1475/786/485 1479/790/485 1478/789/485
f 1480/781/603 1482/783/603 1481/782/603
f 1483/784/604 1485/786/604 1484/785/604
f 1483/784/493 1480/781/493 1481/782/493
f 1481/782/493 1485/786/493 1483/784/493
f 1485/786/484 1481/782/484 1488/789/484
f 1486/787/484 1483/784/484 1480/781/484
f 1480/781/484 1487/788/484 1486/787/484
f 1482/783/605 1480/781/605 1483/784/605
f 1484/785/606 1485/786/606 1481/782/606
f 1485/786/485 1489/790/485 1488/789/485
f 1490/781/603 1492/783/603 1491/782/603
f 1493/784/604 1495/786/604 1494/785/604
f 1493/784/493 1490/781/493 1491/782/493
f 1491/782/493 1495/786/493 1493/784/493
f 1495/786/484 1491/782/484 1498/789/484
f 1496/787/484 1493/784/484 1490/781/484
f 1490/781/484 1497/788/484 1496/787/484
f 1492/783/605 1490/781/605 1493/784/605
f 1494/785/606 1495/786/606 1491/782/606
f 1495/786/485 1499/790/485 1498/789/485
f 1500/809/493 1502/811/493 1501/810/493
f 1500/809/493 1503/812/493 1502/811/493
f 1504/811/493 1500/809/493 1505/810/493
f 1504/811/493 1503/812/493 1500/809/493
f 1506/813/492 1508/815/492 1507/814/492
f 1506/813/492 1509/816/492 1508/815/492
f 1510/816/483 1512/814/483 1511/815/483
f 1510/816/483 1513/813/483 1512/814/483
f 1514/817/618 1516/819/618 1515/818/618
f 1515/818/618 1517/820/618 1514/817/618
f 1518/821/484 1520/823/484 1519/822/484
f 1519/822/484 1521/824/484 1518/821/484
f 1522/825/619 1524/826/619 1523/820/619
f 1523/820/619 1525/818/619 1522/825/619
f 1526/823/485 1528/821/485 1527/824/485
f 1527/824/485 1529/822/485 1526/823/485
f 1530/827/492 1532/829/492 1531/828/492
f 1531/828/492 1533/830/492 1530/827/492
f 1532/829/620 1535/832/620 1534/831/620
f 1534/831/620 1531/828/620 1532/829/620
f 1535/832/483 1537/834/483 1536/833/483
f 1536/833/483 1534/831/483 1535/832/483
f 1537/834/621 1530/827/621 1533/830/621
f 1533/830/621 1536/833/621 1537/834/621
f 1517/820/492 1515/818/492 1538/835/492
f 1538/835/492 1539/836/492 1517/820/492
f 1521/824/484 1519/822/484 1540/837/484
f 1540/837/484 1541/838/484 1521/824/484
f 1525/818/483 1523/820/483 1542/836/483
f 1542/836/483 1543/835/483 1525/818/483
f 1529/822/485 1527/824/485 1544/838/485
f 1544/838/485 1545/837/485 1529/822/485
f 1522/825/493 1516/819/493 1514/817/493
f 1514/817/493 1524/826/493 1522/825/493
f 1546/839/484 1548/841/484 1547/840/484
f 1547/840/484 1549/842/484 1546/839/484
f 1550/839/485 1552/841/485 1551/840/485
f 1551/840/485 1553/842/485 1550/839/485
f 1554/843/495 1556/845/495 1555/844/495
f 1555/844/495 1557/846/495 1554/843/495
f 1558/847/492 1560/848/492 1559/848/492
f 1559/848/492 1561/847/492 1558/847/492
f 1560/848/484 1563/849/484 1562/849/484
f 1562/849/484 1559/848/484 1560/848/484
f 1563/849/483 1565/850/483 1564/850/483
f 1564/850/483 1562/849/483 1563/849/483
f 1565/850/485 1558/847/485 1561/847/485
f 1561/847/485 1564/850/485 1565/850/485
f 1563/849/493 1560/848/493 1558/847/493
f 1558/847/493 1565/850/493 1563/849/493
f 1566/851/492 1568/852/492 1567/852/492
f 1567/852/492 1569/851/492 1566/851/492
f 1568/852/484 1571/853/484 1570/853/484
f 1570/853/484 1567/852/484 1568/852/484
f 1571/853/483 1573/854/483 1572/854/483
f 1572/854/483 1570/853/483 1571/853/483
f 1573/854/485 1566/851/485 1569/851/485
f 1569/851/485 1572/854/485 1573/854/485
f 1571/853/493 1568/852/493 1566/851/493
f 1566/851/493 1573/854/493 1571/853/493
f 1574/855/493 1576/857/493 1575/856/493
f 1574/855/493 1577/858/493 1576/857/493
f 1574/855/493 1578/859/493 1577/858/493
f 1574/855/493 1579/860/493 1578/859/493
f 1574/855/493 1580/861/493 1579/860/493
f 1574/855/493 1581/862/493 1580/861/493
f 1574/855/493 1582/863/493 1581/862/493
f 1574/855/493 1575/856/493 1582/863/493
f 1583/864/622 1585/866/622 1584/865/622
f 1583/864/623 1584/865/623 1586/867/623
f 1587/868/624 1583/864/624 1586/867/624
f 1587/868/625 1586/867/625 1588/869/625
f 1589/864/626 1587/868/626 1588/869/626
f 1589/864/627 1588/869/627 1590/867/627
f 1591/866/628 1589/864/628 1590/867/628
f 1591/866/629 1590/867/629 1592/865/629
f 1593/870/630 1591/866/630 1592/865/630
f 1593/870/631 1592/865/631 1594/871/631
f 1595/872/632 1593/870/632 1594/871/632
f 1595/872/633 1594/871/633 1596/873/633
f 1597/870/634 1595/872/634 1596/873/634
f 1597/870/635 1596/873/635 1598/871/635
f 1585/866/636 1597/870/636 1598/871/636
f 1585/866/637 1598/871/637 1584/865/637
f 1599/874/638 1601/876/638 1600/875/638
f 1599/874/638 1600/875/638 1602/877/638
f 1603/878/639 1599/874/639 1602/877/639
f 1603/878/639 1602/877/639 1604/879/639
f 1605/874/640 1603/878/640 1604/879/640
f 1605/874/640 1604/879/640 1606/877/640
f 1607/876/641 1605/874/641 1606/877/641
f 1607/876/641 1606/877/641 1608/875/641
f 1609/880/642 1607/876/642 1608/875/642
f 1609/880/642 1608/875/642 1610/881/642
f 1611/882/643 1609/880/643 1610/881/643
f 1611/882/643 1610/881/643 1612/883/643
f 1613/880/644 1611/882/644 1612/883/644
f 1613/880/644 1612/883/644 1614/881/644
f 1601/876/645 1613/880/645 1614/881/645
f 1601/876/645 1614/881/645 1600/875/645
o skupinove_se2_R
v 0.265122 3.005952 0.037698
v 0.319506 2.785326 0.037698
v 0.319506 3.005952 0.037698
v 0.265122 2.785326 0.037698
v 0.199614 2.932410 0.042642
v 0.385014 2.747010 0.042642
v 0.385014 2.932410 0.042642
v 0.199614 2.747010 0.042642
v 0.385014 2.932410 0.042642
v 0.199614 2.747010 0.042642
v 0.199614 2.932410 0.042642
v 0.385014 2.747010 0.042642
vn -0.0000 -0.0000 -1.0000
vn -0.0000 -0.0000 1.0000
vt 0.926000 0.426000
vt 0.873000 0.373000
vt 0.873000 0.426000
vt 0.926000 0.373000
vt 0.946000 0.550000
vt 0.986000 0.507000
vt 0.986000 0.550000
vt 0.946000 0.507000
vt 0.593000 0.289000
vt 0.510000 0.208000
vt 0.510000 0.289000
vt 0.593000 0.208000
s 0
usemtl AZD_Nav_Stit
f 1615/884/646 1617/886/646 1616/885/646
f 1616/885/646 1618/887/646 1615/884/646
f 1619/888/646 1621/890/646 1620/889/646
f 1620/889/646 1622/891/646 1619/888/646
f 1623/892/647 1625/894/647 1624/893/647
f 1624/893/647 1626/895/647 1623/892/647
o stit_se2_R
v 0.475984 3.191599 0.043322
v 0.107408 3.082522 0.043322
v 0.107408 3.191599 0.043261
v 0.475984 3.082522 0.043261
v 0.196586 3.040128 0.043322
v 0.386806 3.040128 0.043261
v 0.107408 3.191599 0.043261
v 0.475984 3.082522 0.043261
v 0.475984 3.191599 0.043322
v 0.107408 3.082522 0.043322
v 0.386806 3.040128 0.043261
v 0.196586 3.040128 0.043322
v 0.198996 3.192032 0.043322
v 0.384396 3.191970 -0.077064
v 0.198996 3.192032 -0.077064
v 0.384396 3.192032 0.043261
v 0.326675 3.368657 0.043322
v 0.291696 3.375640 0.355907
v 0.326675 3.368657 0.355907
v 0.291696 3.375640 0.043261
v 0.356401 3.348819 0.043322
v 0.356401 3.348819 0.355907
v 0.376238 3.319155 0.043322
v 0.376238 3.319155 0.355907
v 0.383160 3.284114 0.043261
v 0.383160 3.284114 0.355907
v 0.376238 3.248827 0.043322
v 0.376238 3.248827 0.106235
v 0.356401 3.219409 0.043322
v 0.356401 3.219286 0.091650
v 0.326675 3.199572 0.043322
v 0.326675 3.199386 0.081886
v 0.291696 3.192588 0.043322
v 0.291696 3.192588 0.078425
v 0.256717 3.199572 0.043322
v 0.256717 3.199386 0.081886
v 0.226991 3.219409 0.043322
v 0.226991 3.219286 0.091650
v 0.207154 3.248827 0.043322
v 0.207154 3.248827 0.106235
v 0.200232 3.284114 0.043261
v 0.200232 3.284114 0.355907
v 0.207154 3.319155 0.043322
v 0.207154 3.319155 0.355907
v 0.226991 3.348819 0.043322
v 0.226991 3.348819 0.355907
v 0.256717 3.368657 0.043322
v 0.256717 3.368657 0.355907
v 0.326675 3.553995 0.043322
v 0.291696 3.560978 0.355907
v 0.326675 3.553995 0.355907
v 0.291696 3.560978 0.043261
v 0.356401 3.534157 0.043322
v 0.356401 3.534157 0.355907
v 0.376238 3.504493 0.043322
v 0.376238 3.504493 0.355907
v 0.383160 3.469452 0.043261
v 0.383160 3.469452 0.355907
v 0.376238 3.434226 0.043322
v 0.376238 3.434226 0.106235
v 0.356401 3.404809 0.043322
v 0.356401 3.404686 0.091650
v 0.326675 3.384972 0.043322
v 0.326675 3.384786 0.081886
v 0.291696 3.377988 0.043322
v 0.291696 3.377988 0.078425
v 0.256717 3.384972 0.043322
v 0.256717 3.384786 0.081886
v 0.226991 3.404809 0.043322
v 0.226991 3.404686 0.091650
v 0.207154 3.434226 0.043322
v 0.207154 3.434226 0.106235
v 0.200232 3.469452 0.043261
v 0.200232 3.469452 0.355907
v 0.207154 3.504493 0.043322
v 0.207154 3.504493 0.355907
v 0.226991 3.534157 0.043322
v 0.226991 3.534157 0.355907
v 0.256717 3.553995 0.043322
v 0.256717 3.553995 0.355907
v 0.386806 3.714427 0.043137
v 0.107408 3.671600 0.043261
v 0.196586 3.714427 0.043446
v 0.475984 3.671600 0.043322
v 0.107408 3.191599 0.043261
v 0.475984 3.191599 0.043322
v 0.196586 3.714427 0.043446
v 0.475984 3.671600 0.043322
v 0.386806 3.714427 0.043137
v 0.107408 3.671600 0.043261
v 0.475984 3.191599 0.043322
v 0.107408 3.191599 0.043261
v 0.384396 3.562090 -0.077064
v 0.384396 3.192032 0.043261
v 0.384396 3.562090 0.043261
v 0.384396 3.191970 -0.077064
v 0.198996 3.562090 0.043322
v 0.198996 3.192032 -0.077064
v 0.198996 3.562090 -0.077064
v 0.198996 3.192032 0.043322
v 0.198996 3.562090 0.043322
v 0.384396 3.562090 0.043261
v 0.264998 3.115647 0.037698
v 0.319568 2.957871 0.037698
v 0.319568 3.115647 0.037698
v 0.264998 2.957871 0.037698
v 0.205670 3.041919 0.042642
v 0.378896 2.933708 0.042642
v 0.378896 3.041919 0.042642
v 0.205670 2.933708 0.042642
v 0.378896 3.041919 0.042642
v 0.205670 2.933708 0.042642
v 0.205670 3.041919 0.042642
v 0.378896 2.933708 0.042642
vn -0.0002 0.0006 1.0000
vn 0.0002 -0.0006 1.0000
vn 0.0002 0.0004 1.0000
vn 0.0003 -0.0007 1.0000
vn 0.0002 0.0006 -1.0000
vn -0.0002 -0.0006 -1.0000
vn -0.0002 0.0004 -1.0000
vn -0.0003 -0.0007 -1.0000
vn -0.0003 -1.0000 -0.0000
vn -0.0000 -1.0000 0.0005
vn -0.1958 -0.9806 -0.0000
vn -0.1958 -0.9807 -0.0000
vn 0.1958 0.9807 -0.0000
vn 0.1958 0.9806 -0.0000
vn -0.5551 -0.8318 -0.0000
vn 0.5551 0.8318 -0.0000
vn -0.8313 -0.5559 -0.0000
vn -0.8312 -0.5559 -0.0000
vn 0.8313 0.5559 -0.0000
vn 0.8312 0.5559 -0.0000
vn -0.9810 -0.1938 -0.0000
vn 0.9810 0.1938 -0.0000
vn -0.9813 0.1925 -0.0000
vn 0.9813 -0.1925 -0.0000
vn -0.8305 0.5570 0.0014
vn -0.8291 0.5591 -0.0000
vn 0.8291 -0.5591 -0.0014
vn 0.8302 -0.5575 -0.0000
vn -0.5572 0.8304 0.0040
vn -0.5551 0.8318 0.0021
vn 0.5551 -0.8318 -0.0040
vn 0.5568 -0.8307 -0.0021
vn -0.1908 0.9816 -0.0000
vn -0.1958 0.9806 0.0047
vn 0.1958 -0.9806 -0.0000
vn 0.1912 -0.9815 -0.0047
vn 0.1912 0.9815 0.0047
vn -0.1958 -0.9806 -0.0047
vn -0.1908 -0.9816 -0.0000
vn 0.5568 0.8307 0.0021
vn 0.5551 0.8318 0.0040
vn -0.5551 -0.8318 -0.0021
vn -0.5572 -0.8304 -0.0040
vn 0.8302 0.5575 -0.0000
vn 0.8291 0.5591 0.0014
vn -0.8291 -0.5591 -0.0000
vn -0.8305 -0.5570 -0.0014
vn 0.9813 0.1925 -0.0000
vn -0.9813 -0.1925 -0.0000
vn 0.9810 -0.1938 -0.0000
vn -0.9810 0.1938 -0.0000
vn 0.8312 -0.5559 -0.0000
vn 0.8313 -0.5559 -0.0000
vn -0.8312 0.5559 -0.0000
vn -0.8313 0.5559 -0.0000
vn 0.5551 -0.8318 -0.0000
vn -0.5551 0.8318 -0.0000
vn 0.1958 -0.9807 -0.0000
vn -0.1958 0.9807 -0.0000
vn -0.1958 0.9806 -0.0000
vn -0.9812 0.1928 -0.0000
vn 0.9812 -0.1928 -0.0000
vn 0.9812 0.1928 -0.0000
vn -0.9812 -0.1928 -0.0000
vn 0.0016 -0.0077 1.0000
vn -0.0002 0.0040 1.0000
vn -0.0002 -0.0000 1.0000
vn -0.0016 -0.0077 -1.0000
vn 0.0002 0.0040 -1.0000
vn 0.0002 -0.0000 -1.0000
vn 1.0000 -0.0000 -0.0000
vn -1.0000 -0.0000 -0.0000
vn -0.0000 -0.0000 -1.0000
vn -0.0000 1.0000 -0.0000
vn -0.0000 -0.0000 1.0000
vt 0.412000 0.336000
vt 0.220000 0.279000
vt 0.220000 0.336000
vt 0.412000 0.279000
vt 0.263000 0.267000
vt 0.367000 0.267000
vt 0.212000 0.333000
vt 0.003000 0.279000
vt 0.003000 0.333000
vt 0.212000 0.279000
vt 0.052000 0.267000
vt 0.166000 0.267000
vt 0.533000 0.393000
vt 0.471000 0.440000
vt 0.533000 0.440000
vt 0.471000 0.393000
vt 0.411000 0.078000
vt 0.247000 0.081000
vt 0.247000 0.078000
vt 0.411000 0.081000
vt 0.411000 0.070000
vt 0.247000 0.070000
vt 0.411000 0.058000
vt 0.247000 0.058000
vt 0.411000 0.044000
vt 0.247000 0.044000
vt 0.411000 0.030000
vt 0.372000 0.030000
vt 0.411000 0.018000
vt 0.381000 0.018000
vt 0.411000 0.010000
vt 0.387000 0.010000
vt 0.411000 0.007000
vt 0.391000 0.007000
vt 0.367000 0.996000
vt 0.220000 0.984000
vt 0.263000 0.996000
vt 0.412000 0.984000
vt 0.220000 0.734000
vt 0.412000 0.734000
vt 0.166000 0.996000
vt 0.003000 0.984000
vt 0.052000 0.996000
vt 0.212000 0.984000
vt 0.003000 0.727000
vt 0.212000 0.727000
vt 0.471000 0.950000
vt 0.418000 0.780000
vt 0.418000 0.950000
vt 0.470000 0.780000
vt 0.590000 0.950000
vt 0.532000 0.780000
vt 0.533000 0.950000
vt 0.590000 0.780000
vt 0.533000 0.995000
vt 0.471000 0.995000
vt 0.926000 0.426000
vt 0.873000 0.373000
vt 0.873000 0.426000
vt 0.926000 0.373000
vt 0.946000 0.550000
vt 0.986000 0.507000
vt 0.986000 0.550000
vt 0.946000 0.507000
vt 0.792000 0.940000
vt 0.685000 0.888000
vt 0.685000 0.940000
vt 0.792000 0.888000
s 0
usemtl AZD_Nav_Stit
f 1627/896/648 1629/898/648 1628/897/648
f 1628/897/649 1630/899/649 1627/896/649
f 1630/899/650 1628/897/650 1631/900/650
f 1631/900/651 1632/901/651 1630/899/651
f 1633/902/652 1635/904/652 1634/903/652
f 1634/903/653 1636/905/653 1633/902/653
f 1636/905/654 1634/903/654 1637/906/654
f 1637/906/655 1638/907/655 1636/905/655
f 1639/908/656 1641/910/656 1640/909/656
f 1640/909/657 1642/911/657 1639/908/657
f 1643/912/658 1645/914/658 1644/913/658
f 1643/912/659 1644/913/659 1646/915/659
f 1645/914/660 1643/912/660 1646/915/660
f 1645/914/661 1646/915/661 1644/913/661
f 1647/916/662 1648/917/662 1645/914/662
f 1647/916/662 1645/914/662 1643/912/662
f 1648/917/663 1647/916/663 1643/912/663
f 1648/917/663 1643/912/663 1645/914/663
f 1649/918/664 1650/919/664 1648/917/664
f 1649/918/665 1648/917/665 1647/916/665
f 1650/919/666 1649/918/666 1647/916/666
f 1650/919/667 1647/916/667 1648/917/667
f 1651/920/668 1652/921/668 1650/919/668
f 1651/920/668 1650/919/668 1649/918/668
f 1652/921/669 1651/920/669 1649/918/669
f 1652/921/669 1649/918/669 1650/919/669
f 1653/922/670 1654/923/670 1652/921/670
f 1653/922/670 1652/921/670 1651/920/670
f 1654/923/671 1653/922/671 1651/920/671
f 1654/923/671 1651/920/671 1652/921/671
f 1655/924/672 1656/925/672 1654/923/672
f 1655/924/673 1654/923/673 1653/922/673
f 1656/925/674 1655/924/674 1653/922/674
f 1656/925/675 1653/922/675 1654/923/675
f 1657/926/676 1658/927/676 1656/925/676
f 1657/926/677 1656/925/677 1655/924/677
f 1658/927/678 1657/926/678 1655/924/678
f 1658/927/679 1655/924/679 1656/925/679
f 1659/928/680 1660/929/680 1658/927/680
f 1659/928/681 1658/927/681 1657/926/681
f 1660/929/682 1659/928/682 1657/926/682
f 1660/929/683 1657/926/683 1658/927/683
f 1661/926/684 1662/927/684 1660/929/684
f 1661/926/661 1660/929/661 1659/928/661
f 1662/927/685 1661/926/685 1659/928/685
f 1662/927/686 1659/928/686 1660/929/686
f 1663/924/687 1664/925/687 1662/927/687
f 1663/924/688 1662/927/688 1661/926/688
f 1664/925/689 1663/924/689 1661/926/689
f 1664/925/690 1661/926/690 1662/927/690
f 1665/922/691 1666/923/691 1664/925/691
f 1665/922/692 1664/925/692 1663/924/692
f 1666/923/693 1665/922/693 1663/924/693
f 1666/923/694 1663/924/694 1664/925/694
f 1667/920/695 1668/921/695 1666/923/695
f 1667/920/695 1666/923/695 1665/922/695
f 1668/921/696 1667/920/696 1665/922/696
f 1668/921/696 1665/922/696 1666/923/696
f 1669/918/697 1670/919/697 1668/921/697
f 1669/918/697 1668/921/697 1667/920/697
f 1670/919/698 1669/918/698 1667/920/698
f 1670/919/698 1667/920/698 1668/921/698
f 1671/916/699 1672/917/699 1670/919/699
f 1671/916/700 1670/919/700 1669/918/700
f 1672/917/701 1671/916/701 1669/918/701
f 1672/917/702 1669/918/702 1670/919/702
f 1673/912/703 1674/914/703 1672/917/703
f 1673/912/703 1672/917/703 1671/916/703
f 1674/914/704 1673/912/704 1671/916/704
f 1674/914/704 1671/916/704 1672/917/704
f 1646/915/682 1644/913/682 1674/914/682
f 1646/915/705 1674/914/705 1673/912/705
f 1644/913/706 1646/915/706 1673/912/706
f 1644/913/707 1673/912/707 1674/914/707
f 1675/912/658 1677/914/658 1676/913/658
f 1675/912/658 1676/913/658 1678/915/658
f 1677/914/661 1675/912/661 1678/915/661
f 1677/914/661 1678/915/661 1676/913/661
f 1679/916/662 1680/917/662 1677/914/662
f 1679/916/662 1677/914/662 1675/912/662
f 1680/917/663 1679/916/663 1675/912/663
f 1680/917/663 1675/912/663 1677/914/663
f 1681/918/665 1682/919/665 1680/917/665
f 1681/918/665 1680/917/665 1679/916/665
f 1682/919/667 1681/918/667 1679/916/667
f 1682/919/667 1679/916/667 1680/917/667
f 1683/920/668 1684/921/668 1682/919/668
f 1683/920/668 1682/919/668 1681/918/668
f 1684/921/669 1683/920/669 1681/918/669
f 1684/921/669 1681/918/669 1682/919/669
f 1685/922/708 1686/923/708 1684/921/708
f 1685/922/708 1684/921/708 1683/920/708
f 1686/923/709 1685/922/709 1683/920/709
f 1686/923/709 1683/920/709 1684/921/709
f 1687/924/672 1688/925/672 1686/923/672
f 1687/924/673 1686/923/673 1685/922/673
f 1688/925/674 1687/924/674 1685/922/674
f 1688/925/675 1685/922/675 1686/923/675
f 1689/926/676 1690/927/676 1688/925/676
f 1689/926/677 1688/925/677 1687/924/677
f 1690/927/678 1689/926/678 1687/924/678
f 1690/927/679 1687/924/679 1688/925/679
f 1691/928/680 1692/929/680 1690/927/680
f 1691/928/681 1690/927/681 1689/926/681
f 1692/929/682 1691/928/682 1689/926/682
f 1692/929/683 1689/926/683 1690/927/683
f 1693/926/684 1694/927/684 1692/929/684
f 1693/926/661 1692/929/661 1691/928/661
f 1694/927/685 1693/926/685 1691/928/685
f 1694/927/686 1691/928/686 1692/929/686
f 1695/924/687 1696/925/687 1694/927/687
f 1695/924/688 1694/927/688 1693/926/688
f 1696/925/689 1695/924/689 1693/926/689
f 1696/925/690 1693/926/690 1694/927/690
f 1697/922/691 1698/923/691 1696/925/691
f 1697/922/692 1696/925/692 1695/924/692
f 1698/923/693 1697/922/693 1695/924/693
f 1698/923/694 1695/924/694 1696/925/694
f 1699/920/710 1700/921/710 1698/923/710
f 1699/920/710 1698/923/710 1697/922/710
f 1700/921/711 1699/920/711 1697/922/711
f 1700/921/711 1697/922/711 1698/923/711
f 1701/918/697 1702/919/697 1700/921/697
f 1701/918/697 1700/921/697 1699/920/697
f 1702/919/698 1701/918/698 1699/920/698
f 1702/919/698 1699/920/698 1700/921/698
f 1703/916/699 1704/917/699 1702/919/699
f 1703/916/699 1702/919/699 1701/918/699
f 1704/917/701 1703/916/701 1701/918/701
f 1704/917/701 1701/918/701 1702/919/701
f 1705/912/703 1706/914/703 1704/917/703
f 1705/912/703 1704/917/703 1703/916/703
f 1706/914/704 1705/912/704 1703/916/704
f 1706/914/704 1703/916/704 1704/917/704
f 1678/915/682 1676/913/682 1706/914/682
f 1678/915/682 1706/914/682 1705/912/682
f 1676/913/706 1678/915/706 1705/912/706
f 1676/913/707 1705/912/707 1706/914/707
f 1707/930/712 1709/932/712 1708/931/712
f 1708/931/713 1710/933/713 1707/930/713
f 1710/933/714 1708/931/714 1711/934/714
f 1711/934/714 1712/935/714 1710/933/714
f 1713/936/715 1715/938/715 1714/937/715
f 1714/937/716 1716/939/716 1713/936/716
f 1716/939/717 1714/937/717 1717/940/717
f 1717/940/717 1718/941/717 1716/939/717
f 1719/942/718 1721/944/718 1720/943/718
f 1720/943/718 1722/945/718 1719/942/718
f 1723/946/719 1725/948/719 1724/947/719
f 1724/947/719 1726/949/719 1723/946/719
f 1725/948/720 1719/942/720 1722/945/720
f 1722/945/720 1724/947/720 1725/948/720
f 1727/950/721 1728/951/721 1719/942/721
f 1719/942/721 1725/948/721 1727/950/721
f 1729/952/720 1731/954/720 1730/953/720
f 1730/953/720 1732/955/720 1729/952/720
f 1733/956/720 1735/958/720 1734/957/720
f 1734/957/720 1736/959/720 1733/956/720
f 1737/960/722 1739/962/722 1738/961/722
f 1738/961/722 1740/963/722 1737/960/722
o bila_se2_R
v 0.364977 3.434349 0.051963
v 0.370159 3.450298 0.051963
v 0.371912 3.466976 0.051963
v 0.345371 3.407364 0.051963
v 0.356592 3.419826 0.051963
v 0.370159 3.483654 0.051963
v 0.316484 3.390686 0.051963
v 0.331804 3.397507 0.051963
v 0.356592 3.514126 0.051963
v 0.364977 3.499603 0.051963
v 0.331804 3.536446 0.051963
v 0.345371 3.526588 0.051963
v 0.283311 3.387199 0.051963
v 0.300081 3.387199 0.051963
v 0.300081 3.546753 0.051963
v 0.251588 3.397507 0.051963
v 0.266908 3.390686 0.051963
v 0.316484 3.543267 0.051963
v 0.266908 3.543267 0.051963
v 0.283311 3.546753 0.051963
v 0.238021 3.526588 0.051963
v 0.251588 3.536446 0.051963
v 0.218415 3.499603 0.051963
v 0.226800 3.514126 0.051963
v 0.226800 3.419826 0.051963
v 0.238021 3.407364 0.051963
v 0.211480 3.466976 0.051963
v 0.213233 3.450298 0.051963
v 0.218415 3.434349 0.051963
v 0.213233 3.483654 0.051963
vn -0.0000 -0.0000 1.0000
vt 0.761781 0.824246
vt 0.753855 0.848772
vt 0.751174 0.874420
vt 0.791767 0.782746
vt 0.774605 0.801911
vt 0.835947 0.757098
vt 0.812517 0.767588
vt 0.886683 0.751736
vt 0.861035 0.751736
vt 0.935201 0.767588
vt 0.911770 0.757098
vt 0.973112 0.801911
vt 0.955950 0.782746
vt 0.993862 0.848772
vt 0.985936 0.824245
vt 0.993862 0.900068
vt 0.996543 0.874420
vt 0.973112 0.946930
vt 0.985936 0.924596
vt 0.935201 0.981253
vt 0.955950 0.966095
vt 0.886683 0.997105
vt 0.911770 0.991743
vt 0.835947 0.991743
vt 0.861035 0.997105
vt 0.791767 0.966095
vt 0.812517 0.981253
vt 0.761781 0.924596
vt 0.774605 0.946930
vt 0.753855 0.900068
s 0
usemtl cocky.001
f 1741/964/723 1742/965/723 1743/966/723
f 1744/967/723 1745/968/723 1741/964/723
f 1747/969/723 1748/970/723 1744/967/723
f 1747/969/723 1744/967/723 1741/964/723
f 1753/971/723 1754/972/723 1747/969/723
f 1756/973/723 1757/974/723 1753/971/723
f 1756/973/723 1753/971/723 1747/969/723
f 1756/973/723 1747/969/723 1741/964/723
f 1765/975/723 1766/976/723 1756/973/723
f 1768/977/723 1769/978/723 1765/975/723
f 1768/977/723 1765/975/723 1756/973/723
f 1770/979/723 1767/980/723 1768/977/723
f 1764/981/723 1763/982/723 1770/979/723
f 1764/981/723 1770/979/723 1768/977/723
f 1764/981/723 1768/977/723 1756/973/723
f 1762/983/723 1761/984/723 1764/981/723
f 1760/985/723 1759/986/723 1762/983/723
f 1760/985/723 1762/983/723 1764/981/723
f 1758/987/723 1755/988/723 1760/985/723
f 1752/989/723 1751/990/723 1758/987/723
f 1752/989/723 1758/987/723 1760/985/723
f 1752/989/723 1760/985/723 1764/981/723
f 1752/989/723 1764/981/723 1756/973/723
f 1752/989/723 1756/973/723 1741/964/723
f 1750/991/723 1749/992/723 1752/989/723
f 1750/991/723 1752/989/723 1741/964/723
f 1750/991/723 1741/964/723 1743/966/723
f 1750/991/723 1743/966/723 1746/993/723
o modra_se2_R
v 0.364977 3.248984 0.051963
v 0.370159 3.264932 0.051963
v 0.371912 3.281611 0.051963
v 0.345371 3.221998 0.051963
v 0.356592 3.234461 0.051963
v 0.370159 3.298289 0.051963
v 0.316484 3.205320 0.051963
v 0.331804 3.212141 0.051963
v 0.356592 3.328761 0.051963
v 0.364977 3.314238 0.051963
v 0.331804 3.351080 0.051963
v 0.345371 3.341223 0.051963
v 0.283311 3.201833 0.051963
v 0.300081 3.201833 0.051963
v 0.300081 3.361388 0.051963
v 0.251588 3.212141 0.051963
v 0.266908 3.205320 0.051963
v 0.316484 3.357901 0.051963
v 0.266908 3.357901 0.051963
v 0.283311 3.361388 0.051963
v 0.238021 3.341223 0.051963
v 0.251588 3.351080 0.051963
v 0.218415 3.314238 0.051963
v 0.226800 3.328761 0.051963
v 0.226800 3.234461 0.051963
v 0.238021 3.221998 0.051963
v 0.211480 3.281611 0.051963
v 0.213233 3.264932 0.051963
v 0.218415 3.248984 0.051963
v 0.213233 3.298289 0.051963
vn -0.0000 -0.0000 1.0000
vt 0.261343 0.323378
vt 0.253417 0.347905
vt 0.250736 0.373553
vt 0.291329 0.281879
vt 0.274167 0.301044
vt 0.335509 0.256231
vt 0.312079 0.266720
vt 0.386245 0.250869
vt 0.360597 0.250869
vt 0.434763 0.266720
vt 0.411332 0.256231
vt 0.472674 0.301044
vt 0.455513 0.281879
vt 0.493424 0.347905
vt 0.485498 0.323378
vt 0.493424 0.399201
vt 0.496105 0.373553
vt 0.472674 0.446062
vt 0.485498 0.423728
vt 0.434763 0.480386
vt 0.455513 0.465227
vt 0.386245 0.496237
vt 0.411332 0.490875
vt 0.335509 0.490875
vt 0.360597 0.496237
vt 0.291329 0.465227
vt 0.312079 0.480386
vt 0.261343 0.423728
vt 0.274167 0.446062
vt 0.253417 0.399201
s 0
usemtl cocky.001
f 1771/994/724 1772/995/724 1773/996/724
f 1774/997/724 1775/998/724 1771/994/724
f 1777/999/724 1778/1000/724 1774/997/724
f 1777/999/724 1774/997/724 1771/994/724
f 1783/1001/724 1784/1002/724 1777/999/724
f 1786/1003/724 1787/1004/724 1783/1001/724
f 1786/1003/724 1783/1001/724 1777/999/724
f 1786/1003/724 1777/999/724 1771/994/724
f 1795/1005/724 1796/1006/724 1786/1003/724
f 1798/1007/724 1799/1008/724 1795/1005/724
f 1798/1007/724 1795/1005/724 1786/1003/724
f 1800/1009/724 1797/1010/724 1798/1007/724
f 1794/1011/724 1793/1012/724 1800/1009/724
f 1794/1011/724 1800/1009/724 1798/1007/724
f 1794/1011/724 1798/1007/724 1786/1003/724
f 1792/1013/724 1791/1014/724 1794/1011/724
f 1790/1015/724 1789/1016/724 1792/1013/724
f 1790/1015/724 1792/1013/724 1794/1011/724
f 1788/1017/724 1785/1018/724 1790/1015/724
f 1782/1019/724 1781/1020/724 1788/1017/724
f 1782/1019/724 1788/1017/724 1790/1015/724
f 1782/1019/724 1790/1015/724 1794/1011/724
f 1782/1019/724 1794/1011/724 1786/1003/724
f 1782/1019/724 1786/1003/724 1771/994/724
f 1780/1021/724 1779/1022/724 1782/1019/724
f 1780/1021/724 1782/1019/724 1771/994/724
f 1780/1021/724 1771/994/724 1773/996/724
f 1780/1021/724 1773/996/724 1776/1023/724
