# Blender 5.0.1
# www.blender.org
mtllib sssr_3svetT_nove.mtl
o zelena_trpaslik_hlavni3
v 0.045652 0.453549 -0.009942
v 0.048881 0.463334 -0.011667
v 0.049973 0.473566 -0.013471
v 0.033438 0.436993 -0.007022
v 0.040429 0.444639 -0.008370
v 0.048881 0.483798 -0.015275
v 0.015443 0.426761 -0.005218
v 0.024986 0.430946 -0.005956
v 0.040429 0.502493 -0.018572
v 0.045652 0.493583 -0.017001
v 0.024986 0.516186 -0.020986
v 0.033438 0.510139 -0.019920
v -0.005223 0.424622 -0.004841
v 0.005223 0.424622 -0.004841
v 0.005223 0.522510 -0.022101
v -0.024986 0.430946 -0.005956
v -0.015443 0.426761 -0.005218
v 0.015443 0.520371 -0.021724
v -0.015443 0.520371 -0.021724
v -0.005223 0.522510 -0.022101
v -0.033438 0.510139 -0.019920
v -0.024986 0.516186 -0.020986
v -0.045652 0.493583 -0.017001
v -0.040429 0.502493 -0.018572
v -0.040429 0.444639 -0.008370
v -0.033438 0.436993 -0.007022
v -0.049973 0.473566 -0.013471
v -0.048881 0.463334 -0.011667
v -0.045652 0.453549 -0.009942
v -0.048881 0.483798 -0.015275
vn -0.0000 0.1737 0.9848
vn -0.0001 0.1736 0.9848
vn -0.0001 0.1737 0.9848
vn 0.0001 0.1735 0.9848
vn -0.0000 0.1736 0.9848
vn -0.0000 0.1738 0.9848
vn 0.0001 0.1737 0.9848
vn 0.0001 0.1736 0.9848
vn -0.0001 0.1735 0.9848
vn -0.0004 0.1736 0.9848
vt 0.260033 0.824246
vt 0.252107 0.848772
vt 0.249426 0.874420
vt 0.290019 0.782746
vt 0.272857 0.801911
vt 0.334199 0.757098
vt 0.310768 0.767588
vt 0.384935 0.751736
vt 0.359287 0.751736
vt 0.433453 0.767588
vt 0.410022 0.757098
vt 0.471364 0.801911
vt 0.454203 0.782746
vt 0.492114 0.848772
vt 0.484188 0.824245
vt 0.492114 0.900068
vt 0.494795 0.874420
vt 0.471364 0.946930
vt 0.484188 0.924596
vt 0.433453 0.981253
vt 0.454203 0.966095
vt 0.384935 0.997105
vt 0.410022 0.991743
vt 0.334199 0.991743
vt 0.359287 0.997105
vt 0.290019 0.966095
vt 0.310769 0.981253
vt 0.260033 0.924596
vt 0.272857 0.946930
vt 0.252107 0.900068
s 1
usemtl cocky
f 1/1/1 2/2/2 3/3/2
f 4/4/3 5/5/3 1/1/1
f 7/6/1 8/7/4 4/4/3
f 7/6/1 4/4/3 1/1/1
f 13/8/5 14/9/5 7/6/1
f 16/10/1 17/11/6 13/8/5
f 16/10/1 13/8/5 7/6/1
f 16/10/1 7/6/1 1/1/1
f 25/12/7 26/13/1 16/10/1
f 28/14/5 29/15/2 25/12/7
f 28/14/5 25/12/7 16/10/1
f 30/16/8 27/17/5 28/14/5
f 24/18/5 23/19/5 30/16/8
f 24/18/5 30/16/8 28/14/5
f 24/18/5 28/14/5 16/10/1
f 22/20/5 21/21/1 24/18/5
f 20/22/5 19/23/1 22/20/5
f 20/22/5 22/20/5 24/18/5
f 18/24/5 15/25/5 20/22/5
f 12/26/5 11/27/9 18/24/5
f 12/26/5 18/24/5 20/22/5
f 12/26/5 20/22/5 24/18/5
f 12/26/5 24/18/5 16/10/1
f 12/26/5 16/10/1 1/1/1
f 10/28/5 9/29/1 12/26/5
f 10/28/5 12/26/5 1/1/1
f 10/28/5 1/1/1 3/3/2
f 10/28/5 3/3/2 6/30/10
o trpaslik_zaklad_23svet
v 0.083188 0.133100 0.072600
v -0.060500 0.145201 -0.027225
v -0.060500 0.133099 0.027225
v -0.083188 0.133100 0.072600
v -0.060500 0.133099 -0.027225
v 0.083188 0.133100 -0.072600
v -0.083188 0.133100 -0.072600
v -0.116348 0.102852 0.104477
v 0.060500 0.133099 -0.027225
v 0.060500 0.133099 0.027225
v 0.116348 0.102850 0.104477
v -0.116348 0.102850 -0.104477
v 0.116348 0.102850 -0.104477
v 0.060500 0.145201 -0.027225
v 0.060500 0.145201 0.027225
v -0.060500 0.145201 0.027225
v -0.126237 0.000000 0.070521
v 0.074812 0.000000 0.110016
v -0.074812 -0.000000 -0.110016
v -0.126237 -0.000000 -0.110016
v 0.126237 0.000000 0.110016
v -0.126237 0.000000 0.110016
v 0.126237 -0.000000 -0.110016
v 0.126237 -0.000000 -0.070521
vn -0.2812 0.9145 0.2910
vn 0.2812 0.9145 0.2910
vn 0.2812 0.9145 -0.2910
vn -0.2812 0.9145 -0.2910
vn -0.6261 0.4489 0.6375
vn 0.6261 0.4489 0.6375
vn 0.6261 0.4489 -0.6375
vn -0.6261 0.4489 -0.6375
vn -0.0000 0.0538 0.9986
vn 0.9954 0.0957 -0.0000
vn -0.0000 0.0538 -0.9986
vn -0.9954 0.0957 -0.0000
vn -0.5773 0.5773 0.5774
vn 0.5773 0.5773 0.5774
vn 0.5773 0.5773 -0.5774
vn -0.5773 0.5773 -0.5774
vn -0.7071 -0.0000 0.7071
vn 0.7071 -0.0000 0.7071
vn 0.7071 -0.0000 -0.7071
vn -0.7071 -0.0000 -0.7071
vn -0.6035 -0.5380 0.5886
vn 0.6035 -0.5379 0.5886
vn -0.6035 -0.5379 -0.5886
vn 0.6035 -0.5379 -0.5886
vn 0.6036 -0.5379 -0.5886
vn -0.6035 -0.5380 0.5885
vt 0.854995 0.325144
vt 0.973924 0.325144
vt 0.973924 0.374799
vt 0.854995 0.374799
vt 0.957750 0.352011
vt 0.543747 0.909369
vt 0.583055 0.895861
vt 0.584600 0.915604
vt 0.543747 0.927898
vt 0.973924 0.352011
vt 0.000000 0.000000
vt 0.854995 0.352011
s 1
usemtl main_t
f 34/31/11 31/32/12 36/33/13
f 36/33/13 37/34/14 34/31/11
f 38/31/15 41/32/16 31/33/12
f 31/33/12 34/34/11 38/31/15
f 41/31/16 43/32/17 36/33/13
f 36/33/13 31/34/12 41/31/16
f 43/31/17 42/32/18 37/33/14
f 37/33/14 36/34/13 43/31/17
f 42/31/18 38/32/15 34/33/11
f 34/33/11 37/34/14 42/31/18
f 38/34/15 48/35/19 41/33/16
f 41/34/16 54/35/20 43/33/17
f 43/34/17 49/35/21 42/33/18
f 42/34/18 47/35/22 38/33/15
f 46/36/23 45/37/24 44/38/25
f 44/38/25 32/39/26 46/36/23
f 33/36/27 40/37/28 45/38/24
f 45/38/24 46/39/23 33/36/27
f 40/36/28 39/37/29 44/38/25
f 44/38/25 45/39/24 40/36/28
f 39/36/29 35/37/30 32/38/26
f 32/38/26 44/39/25 39/36/29
f 35/36/30 33/37/27 46/38/23
f 46/38/23 32/39/26 35/36/30
f 47/35/22 52/40/31 38/33/15
f 48/35/19 51/40/32 41/33/16
f 49/35/21 50/40/33 42/33/18
f 54/35/20 53/40/34 43/33/17
f 53/41/35 51/41/32 52/41/36
f 52/41/36 50/41/33 53/41/35
f 38/34/15 52/42/31 48/35/19
f 41/34/16 51/42/32 54/35/20
f 43/34/17 53/42/34 49/35/21
f 42/34/18 50/42/33 47/35/22
o trpaslik_jenvlak_zaklad
v 0.054777 0.169220 0.036272
v 0.109227 0.169220 0.036272
v 0.109227 0.219288 0.027444
v 0.054777 0.469628 -0.016698
v 0.109227 0.469628 -0.016698
v 0.054777 0.219288 0.027444
v 0.054777 0.269356 0.018616
v 0.054777 0.419560 -0.007869
v 0.109227 0.269356 0.018616
v 0.109227 0.319424 0.009787
v 0.054777 0.319424 0.009787
v 0.109227 0.419560 -0.007869
v 0.109227 0.369492 0.000959
v 0.054777 0.369492 0.000959
vn -0.0000 0.1736 0.9848
vn -0.0000 0.1737 0.9848
vt 0.002342 0.707177
vt 0.989463 0.707177
vt 0.989463 0.997568
vt 0.002342 0.997568
vt 0.002342 0.376259
vt 0.989463 0.376259
vt 0.989463 0.666650
vt 0.002342 0.666650
vt 0.022052 0.349872
vt 0.989463 0.349872
vt 0.989463 0.684580
vt 0.022052 0.684580
vt 0.022052 0.714607
vt 0.989463 0.714607
vt 0.989463 0.996174
vt 0.022052 0.996174
s 1
usemtl nater
f 55/43/37 56/44/37 57/45/37
f 57/45/37 60/46/37 55/43/37
f 60/43/37 57/44/37 63/45/38
f 63/45/38 61/46/38 60/43/37
f 61/47/38 63/48/38 64/49/38
f 64/49/38 65/50/38 61/47/38
f 65/51/38 64/52/38 67/53/37
f 67/53/37 68/54/37 65/51/38
f 68/55/37 67/56/37 66/57/38
f 66/57/38 62/58/38 68/55/37
f 62/57/38 66/58/38 59/55/38
f 59/55/38 58/56/38 62/57/38
o trpaslik_jenvlak
v 0.054777 0.168337 0.031265
v 0.054777 0.468745 -0.021705
v 0.109227 0.169220 0.036272
v 0.054777 0.469628 -0.016698
v 0.109227 0.469628 -0.016698
v 0.109227 0.468745 -0.021705
v 0.109227 0.218405 0.022437
v 0.054777 0.419560 -0.007869
v 0.109227 0.219288 0.027444
v 0.109227 0.269356 0.018616
v 0.054777 0.368609 -0.004048
v 0.054777 0.369492 0.000959
v 0.109227 0.319424 0.009787
v 0.109227 0.369492 0.000959
v 0.054777 0.319424 0.009787
v 0.109227 0.419560 -0.007869
v 0.109227 0.418677 -0.012877
v 0.109227 0.168337 0.031265
v 0.054777 0.218405 0.022437
v 0.054777 0.269356 0.018616
v 0.054777 0.219288 0.027444
v 0.109227 0.268473 0.013608
v 0.054777 0.268473 0.013608
v 0.109227 0.318541 0.004780
v 0.054777 0.318541 0.004780
v 0.054777 0.169220 0.036272
v 0.109227 0.368609 -0.004048
v 0.054777 0.418677 -0.012877
vn -0.7071 -0.6964 0.1228
vn -0.5774 -0.6688 -0.4683
vn 0.5773 -0.6688 -0.4683
vn 0.7071 -0.6964 0.1228
vn -0.7071 0.6964 -0.1228
vn 0.7071 0.6964 -0.1228
vn 0.5774 0.4683 -0.6688
vn -0.5773 0.4683 -0.6689
vn 0.7071 -0.1228 -0.6964
vn 1.0000 -0.0000 -0.0000
vn -0.7071 -0.1228 -0.6964
vn -1.0000 -0.0000 -0.0000
vt 0.289802 0.713367
vt 0.242618 0.713360
vt 0.242625 0.667124
vt 0.289808 0.667131
s 1
usemtl main_t
f 94/59/39 69/60/40 86/61/41
f 86/61/41 71/62/42 94/59/39
f 72/59/43 73/60/44 74/61/45
f 74/61/45 70/62/46 72/59/43
f 71/59/42 86/60/41 75/61/47
f 75/61/47 77/62/48 71/59/42
f 77/59/48 75/60/47 90/61/47
f 90/61/47 78/62/48 77/59/48
f 78/59/48 90/60/47 92/61/47
f 92/61/47 81/62/48 78/59/48
f 81/59/48 92/60/47 95/61/47
f 95/61/47 82/62/48 81/59/48
f 82/59/48 95/60/47 85/61/47
f 85/61/47 84/62/48 82/59/48
f 84/61/48 85/62/47 74/59/45
f 74/59/45 73/60/44 84/61/48
f 86/59/41 69/60/40 87/61/49
f 87/61/49 75/62/47 86/59/41
f 75/59/47 87/60/49 91/61/49
f 91/61/49 90/62/47 75/59/47
f 90/59/47 91/60/49 93/61/49
f 93/61/49 92/62/47 90/59/47
f 92/59/47 93/60/49 79/61/49
f 79/61/49 95/62/47 92/59/47
f 95/59/47 79/60/49 96/61/49
f 96/61/49 85/62/47 95/59/47
f 85/61/47 96/62/49 70/59/46
f 70/59/46 74/60/45 85/61/47
f 69/59/40 94/60/39 89/61/50
f 89/61/50 87/62/49 69/59/40
f 87/59/49 89/60/50 88/61/50
f 88/61/50 91/62/49 87/59/49
f 91/59/49 88/60/50 83/61/50
f 83/61/50 93/62/49 91/59/49
f 93/59/49 83/60/50 80/61/50
f 80/61/50 79/62/49 93/59/49
f 79/59/49 80/60/50 76/61/50
f 76/61/50 96/62/49 79/59/49
f 96/61/49 76/62/50 72/59/43
f 72/59/43 70/60/46 96/61/49
o trpaslik_cisla_zaklad_2
v -0.069575 0.138088 0.109038
v 0.069575 0.137825 0.106024
v 0.069575 0.041657 0.117475
v -0.003025 0.137825 0.106024
v 0.069575 0.138088 0.109038
v 0.069575 0.041393 0.114461
v 0.003025 0.041393 0.114461
v 0.003025 0.137825 0.106024
v -0.003025 0.041393 0.114461
v 0.003025 0.041657 0.117475
v 0.003025 0.138088 0.109038
v -0.069575 0.041657 0.117475
v -0.069575 0.041393 0.114461
v -0.003025 0.041657 0.117475
v -0.003025 0.138088 0.109038
v -0.069575 0.137825 0.106024
vn -0.7071 -0.7044 0.0617
vn -0.5774 -0.6255 -0.5248
vn 0.5775 -0.6252 -0.5250
vn 0.7071 -0.7044 0.0617
vn -0.7072 0.7044 -0.0615
vn 0.7072 0.7044 -0.0615
vn 0.5773 0.5249 -0.6254
vn -0.5773 0.5249 -0.6254
vt 0.279228 0.558578
vt 0.362778 0.558578
vt 0.362778 0.642128
vt 0.279228 0.642128
s 1
usemtl main_t
f 106/63/51 103/64/52 102/65/53
f 102/65/53 99/66/54 106/63/51
f 107/63/55 101/64/56 98/65/57
f 98/65/57 104/66/58 107/63/55
f 99/63/54 102/64/53 98/65/57
f 98/65/57 101/66/56 99/63/54
f 102/63/53 103/64/52 104/65/58
f 104/65/58 98/66/57 102/63/53
f 103/63/52 106/64/51 107/65/55
f 107/65/55 104/66/58 103/63/52
f 108/63/51 109/64/52 105/65/53
f 105/65/53 110/66/54 108/63/51
f 97/63/55 111/64/56 100/65/57
f 100/65/57 112/66/58 97/63/55
f 110/63/54 105/64/53 100/65/57
f 100/65/57 111/66/56 110/63/54
f 105/63/53 109/64/52 112/65/58
f 112/65/58 100/66/57 105/63/53
f 109/63/52 108/64/51 97/65/55
f 97/65/55 112/66/58 109/63/52
o trpaslik_cisla_odjezd
v 0.003025 0.041657 0.117475
v 0.069575 0.041657 0.117475
v 0.069575 0.138088 0.109038
v -0.069575 0.138088 0.109038
v 0.003025 0.138088 0.109038
v -0.003025 0.138088 0.109038
v -0.069575 0.041657 0.117475
v -0.003025 0.041657 0.117475
vn -0.0000 0.0872 0.9962
vt 0.250103 0.250729
vt 0.500148 0.250729
vt 0.500148 0.499859
vt 0.250103 0.499859
vt 0.000125 0.250876
vt 0.250169 0.250876
vt 0.250169 0.500006
vt 0.000125 0.500006
s 1
usemtl cisla
f 113/67/59 114/68/59 115/69/59
f 115/69/59 117/70/59 113/67/59
f 119/71/59 120/72/59 118/73/59
f 118/73/59 116/74/59 119/71/59
o trpaslik_cisla_drzak
v -0.045375 0.083285 0.110477
v -0.045375 0.083126 0.108668
v 0.045375 0.083126 0.108668
v 0.048400 0.144838 -0.007890
v 0.045375 0.095339 0.109422
v 0.045375 0.095180 0.107614
v 0.036300 0.147069 -0.007890
v -0.045375 0.095180 0.107614
v 0.045375 0.083285 0.110477
v 0.048400 0.147069 -0.007890
v -0.045375 0.095339 0.109422
v -0.036300 0.147069 -0.007890
v -0.036300 0.083088 0.110782
v -0.036300 0.083088 0.108383
v -0.048400 0.144838 0.103148
v -0.048400 0.083088 0.110782
v 0.048400 0.083088 0.108383
v -0.036300 0.144838 -0.007890
v 0.036300 0.083088 0.110782
v -0.048400 0.083088 0.108383
v -0.036300 0.144838 0.103148
v 0.036300 0.144838 0.103148
v 0.036300 0.083088 0.108383
v 0.048400 0.144838 0.103148
v -0.048400 0.147069 -0.007890
v -0.048400 0.147069 0.105191
v -0.036300 0.147069 0.105191
v 0.036300 0.144838 -0.007890
v -0.048400 0.144838 -0.007890
v 0.048400 0.147069 0.105191
v 0.036300 0.147069 0.105191
v 0.048400 0.083088 0.110782
vn -0.0000 -0.6426 0.7662
vn -0.0000 -0.9962 0.0875
vn -0.0000 -0.9962 0.0876
vn -0.0000 0.7662 0.6426
vn -0.0000 0.9962 -0.0873
vn -0.0000 0.9962 -0.0871
vn 0.5821 0.5995 0.5494
vn 0.8945 -0.3293 -0.3025
vn 0.5774 -0.5774 -0.5773
vn 0.5774 0.5774 -0.5773
vn 0.5729 -0.5538 0.6042
vn 0.5819 -0.5988 -0.5502
vn -0.5821 0.5995 0.5494
vn -0.5773 0.5774 -0.5773
vn -0.5774 -0.5774 -0.5773
vn -0.8945 -0.3293 -0.3025
vn -0.5729 -0.5537 0.6043
vn -0.5819 -0.5989 -0.5502
vt 0.282089 0.562045
vt 0.360648 0.562045
vt 0.360648 0.640604
vt 0.282089 0.640604
s 1
usemtl main_t
f 121/75/60 122/76/61 123/77/62
f 123/77/62 129/78/60 121/75/60
f 131/75/63 125/76/63 126/77/64
f 126/77/64 128/78/65 131/75/63
f 121/75/60 129/76/60 125/77/63
f 125/77/63 131/78/63 121/75/60
f 147/77/66 141/78/67 138/75/68
f 138/75/68 132/76/69 147/77/66
f 133/77/70 134/78/71 141/75/67
f 141/75/67 147/76/66 133/77/70
f 146/77/72 145/78/73 149/75/74
f 149/75/74 135/76/75 146/77/72
f 136/77/76 146/78/72 135/75/75
f 135/75/75 140/76/77 136/77/76
f 135/77/75 149/78/74 138/75/68
f 138/75/68 141/76/67 135/77/75
f 140/77/77 135/78/75 141/75/67
f 141/75/67 134/76/71 140/77/77
f 136/77/76 140/78/77 134/75/71
f 134/75/71 133/76/70 136/77/76
f 146/77/72 136/78/76 133/75/70
f 133/75/70 147/76/66 146/77/72
f 145/77/73 146/78/72 147/75/66
f 147/75/66 132/76/69 145/77/73
f 149/77/74 145/78/73 132/75/69
f 132/75/69 138/76/68 149/77/74
f 150/77/66 144/78/67 124/75/68
f 124/75/68 130/76/69 150/77/66
f 152/77/70 137/78/71 144/75/67
f 144/75/67 150/76/66 152/77/70
f 151/77/72 127/78/73 148/75/74
f 148/75/74 142/76/75 151/77/72
f 139/77/76 151/78/72 142/75/75
f 142/75/75 143/76/77 139/77/76
f 142/77/75 148/78/74 124/75/68
f 124/75/68 144/76/67 142/77/75
f 143/77/77 142/78/75 144/75/67
f 144/75/67 137/76/71 143/77/77
f 139/77/76 143/78/77 137/75/71
f 137/75/71 152/76/70 139/77/76
f 151/77/72 139/78/76 152/75/70
f 152/75/70 150/76/66 151/77/72
f 127/77/73 151/78/72 150/75/66
f 150/75/66 130/76/69 127/77/73
f 148/77/74 127/78/73 130/75/69
f 130/75/69 124/76/68 148/77/74
o trpaslik_3svet
v -0.058449 0.242902 -0.065736
v -0.058449 0.219069 -0.061534
v -0.046348 0.242902 -0.065736
v -0.046348 0.247104 -0.041904
v -0.046348 0.223271 -0.037702
v -0.058449 0.247104 -0.041904
v -0.058449 0.223271 -0.037702
v -0.046348 0.219069 -0.061534
v -0.046446 0.445624 -0.099183
v -0.058546 0.445624 -0.099183
v -0.046446 0.449826 -0.075350
v -0.058546 0.469456 -0.103385
v -0.058546 0.473659 -0.079552
v -0.046446 0.469456 -0.103385
v -0.046446 0.473659 -0.079552
v -0.058546 0.449826 -0.075350
v 0.046121 0.492154 -0.022311
v 0.040868 0.501114 -0.023891
v 0.033839 0.508803 -0.025247
v 0.025339 0.514884 -0.026319
v 0.015742 0.519092 -0.027061
v -0.005040 0.521243 -0.027440
v -0.015316 0.519092 -0.027061
v -0.050040 0.472025 -0.018762
v -0.048941 0.461736 -0.016947
v -0.045695 0.451896 -0.015213
v -0.005040 0.422807 -0.010083
v 0.005466 0.422807 -0.010083
v 0.015742 0.424958 -0.010462
v 0.040868 0.442936 -0.013633
v 0.000213 0.472025 -0.018762
v 0.049367 0.461736 -0.016947
v 0.050466 0.472025 -0.018762
v 0.049367 0.483054 -0.016382
v 0.049367 0.482315 -0.020576
v 0.033839 0.509542 -0.021053
v 0.015742 0.519832 -0.022867
v 0.005466 0.521983 -0.023246
v 0.005466 0.521243 -0.027440
v -0.005040 0.521983 -0.023246
v -0.015316 0.519832 -0.022867
v -0.024913 0.515624 -0.022125
v -0.024913 0.514884 -0.026319
v -0.033413 0.509542 -0.021053
v -0.033413 0.508803 -0.025247
v -0.040442 0.501853 -0.019697
v -0.040442 0.501114 -0.023891
v -0.045695 0.492154 -0.022311
v -0.048941 0.483054 -0.016382
v -0.048941 0.482315 -0.020576
v -0.045695 0.452635 -0.011018
v -0.040442 0.442936 -0.013633
v -0.033413 0.435247 -0.012277
v -0.024913 0.429906 -0.007010
v -0.024913 0.429166 -0.011205
v -0.015316 0.425697 -0.006269
v -0.015316 0.424958 -0.010462
v 0.005466 0.423546 -0.005889
v 0.025339 0.429166 -0.011205
v 0.033839 0.435987 -0.008083
v 0.033839 0.435247 -0.012277
v 0.040868 0.443675 -0.009439
v 0.046121 0.452635 -0.011018
v 0.046121 0.451896 -0.015213
v 0.049367 0.462475 -0.012754
v 0.050466 0.472764 -0.014568
v 0.046121 0.492894 -0.018117
v 0.040868 0.501853 -0.019697
v 0.025339 0.515624 -0.022125
v -0.045695 0.492894 -0.018117
v -0.050040 0.472764 -0.014568
v -0.048941 0.462475 -0.012754
v -0.040442 0.443675 -0.009439
v -0.033413 0.435987 -0.008083
v -0.005040 0.423546 -0.005889
v 0.015742 0.425697 -0.006269
v 0.025339 0.429906 -0.007010
v 0.000213 0.472764 -0.014568
v -0.043676 0.447071 -0.014362
v -0.064291 0.470595 0.262756
v -0.063520 0.468782 0.254233
v -0.063335 0.467170 0.244476
v -0.061214 0.457734 0.191315
v 0.000213 0.521934 -0.027562
v 0.000213 0.522353 -0.027636
v -0.022723 0.517000 -0.026692
v -0.022531 0.516625 -0.026626
v -0.011474 0.520588 -0.027325
v -0.015573 0.548193 0.175519
v -0.016112 0.556754 0.238875
v -0.014478 0.563613 0.293883
v -0.014576 0.564021 0.293811
v -0.016210 0.557162 0.238803
v -0.015671 0.548601 0.175447
v -0.031041 0.552188 0.239680
v -0.030013 0.543418 0.176360
v -0.042015 0.551260 0.296061
v -0.028974 0.558536 0.294778
v -0.029165 0.558911 0.294712
v -0.031232 0.552563 0.239614
v -0.030205 0.543793 0.176294
v -0.054212 0.525133 0.179585
v -0.043506 0.535491 0.177758
v -0.032363 0.510257 -0.025503
v -0.045365 0.545148 0.240922
v -0.056786 0.533716 0.242937
v -0.042289 0.551582 0.296004
v -0.045638 0.545470 0.240865
v -0.032636 0.510578 -0.025560
v -0.043780 0.535813 0.177702
v -0.046321 0.491793 -0.022247
v -0.040438 0.501828 -0.024017
v -0.040779 0.502079 -0.024061
v -0.065227 0.521607 0.245072
v -0.053943 0.542350 0.297632
v -0.053602 0.542100 0.297676
v -0.057128 0.533967 0.242893
v -0.054554 0.525384 0.179540
v -0.061268 0.513000 0.181724
v -0.065445 0.499478 0.184108
v -0.069923 0.507657 0.247532
v -0.062957 0.530774 0.299673
v -0.069823 0.517964 0.297202
v -0.070242 0.518037 0.297189
v -0.063348 0.530940 0.299644
v -0.065618 0.521773 0.245043
v -0.046712 0.491959 -0.022276
v -0.061659 0.513165 0.181695
v -0.049696 0.480691 -0.020290
v -0.050115 0.480764 -0.020303
v -0.066128 0.484938 0.186672
v -0.070746 0.494425 0.249866
v -0.074048 0.503330 0.290383
v -0.074474 0.503306 0.290387
v -0.070343 0.507729 0.247519
v -0.065864 0.499551 0.184095
v -0.063696 0.471036 0.189123
v -0.050380 0.469123 -0.018250
v -0.072079 0.488761 0.281434
v -0.071171 0.494400 0.249870
v -0.050805 0.469099 -0.018246
v -0.066554 0.484913 0.186676
v -0.044045 0.446861 -0.014324
v -0.048336 0.457711 -0.016238
v -0.048745 0.457591 -0.016217
v -0.060845 0.457943 0.191278
v -0.063151 0.468992 0.254196
v -0.071671 0.488881 0.281412
v -0.068358 0.481297 0.252180
v -0.064661 0.470385 0.262793
v -0.068766 0.481177 0.252202
v -0.064103 0.470915 0.189145
v 0.044102 0.447071 -0.014362
v 0.061271 0.457943 0.191278
v 0.063577 0.468992 0.254196
v 0.064718 0.470595 0.262756
v 0.065087 0.470385 0.262793
v 0.063946 0.468782 0.254233
v 0.063761 0.467170 0.244476
v -0.011572 0.520996 -0.027397
v 0.016538 0.556754 0.238875
v 0.000201 0.549785 0.175238
v 0.000209 0.558241 0.238612
v 0.000213 0.565571 0.293537
v 0.015002 0.564021 0.293811
v 0.000213 0.565990 0.293463
v 0.000209 0.558661 0.238539
v 0.000201 0.550204 0.175164
v 0.011900 0.520588 -0.027325
v 0.015999 0.548193 0.175519
v 0.014904 0.563613 0.293883
v 0.016636 0.557162 0.238803
v 0.016097 0.548601 0.175447
v 0.011998 0.520996 -0.027397
v 0.033062 0.510578 -0.025560
v 0.023149 0.517000 -0.026692
v 0.022957 0.516625 -0.026626
v 0.030439 0.543418 0.176360
v 0.045791 0.545148 0.240922
v 0.031467 0.552188 0.239680
v 0.029400 0.558536 0.294778
v 0.029591 0.558911 0.294712
v 0.031658 0.552563 0.239614
v 0.030631 0.543793 0.176294
v 0.040864 0.501828 -0.024017
v 0.032789 0.510257 -0.025503
v 0.043932 0.535491 0.177758
v 0.054638 0.525133 0.179585
v 0.042441 0.551260 0.296061
v 0.054028 0.542100 0.297676
v 0.054369 0.542350 0.297632
v 0.042715 0.551582 0.296004
v 0.046064 0.545470 0.240865
v 0.044206 0.535813 0.177702
v 0.047138 0.491959 -0.022276
v 0.041205 0.502079 -0.024061
v 0.061694 0.513000 0.181724
v 0.057212 0.533716 0.242937
v 0.057554 0.533967 0.242893
v 0.054980 0.525384 0.179540
v 0.050122 0.480691 -0.020290
v 0.046747 0.491793 -0.022247
v 0.065653 0.521607 0.245072
v 0.063383 0.530774 0.299673
v 0.063774 0.530940 0.299644
v 0.066044 0.521773 0.245043
v 0.062085 0.513165 0.181695
v 0.051231 0.469099 -0.018246
v 0.050806 0.469123 -0.018250
v 0.066554 0.484938 0.186672
v 0.065871 0.499478 0.184108
v 0.070349 0.507657 0.247532
v 0.070249 0.517964 0.297202
v 0.070668 0.518037 0.297189
v 0.070769 0.507729 0.247519
v 0.066291 0.499551 0.184095
v 0.050541 0.480764 -0.020303
v 0.049171 0.457591 -0.016217
v 0.064122 0.471036 0.189123
v 0.071172 0.494425 0.249866
v 0.072097 0.488881 0.281412
v 0.074474 0.503330 0.290383
v 0.074900 0.503306 0.290387
v 0.071597 0.494400 0.249870
v 0.066980 0.484913 0.186676
v 0.044471 0.446861 -0.014324
v 0.048762 0.457711 -0.016238
v 0.068784 0.481297 0.252180
v 0.072505 0.488761 0.281434
v 0.069192 0.481177 0.252202
v 0.061640 0.457734 0.191315
v 0.064529 0.470915 0.189145
v 0.040868 0.373197 -0.001335
v 0.033839 0.380885 -0.002691
v 0.025339 0.386967 -0.003764
v -0.005040 0.393326 -0.004885
v -0.015316 0.391175 -0.004505
v -0.045695 0.364237 0.000244
v -0.050040 0.344108 0.003794
v -0.033413 0.307330 0.010279
v -0.015316 0.297041 0.012093
v 0.005466 0.294890 0.012472
v 0.025339 0.301249 0.011351
v 0.033839 0.307330 0.010279
v 0.046121 0.323979 0.007343
v 0.000213 0.344108 0.003794
v 0.050466 0.344108 0.003794
v 0.049367 0.354397 0.001980
v 0.046121 0.364237 0.000244
v 0.040868 0.373936 0.002858
v 0.015742 0.391175 -0.004505
v 0.005466 0.393326 -0.004885
v -0.005040 0.394065 -0.000691
v -0.024913 0.386967 -0.003764
v -0.033413 0.381625 0.001503
v -0.033413 0.380885 -0.002691
v -0.040442 0.373197 -0.001335
v -0.048941 0.354397 0.001980
v -0.048941 0.333819 0.005608
v -0.045695 0.324718 0.011537
v -0.045695 0.323979 0.007343
v -0.040442 0.315019 0.008923
v -0.024913 0.301988 0.015545
v -0.024913 0.301249 0.011351
v -0.005040 0.295629 0.016666
v -0.005040 0.294890 0.012472
v 0.015742 0.297041 0.012093
v 0.025339 0.301988 0.015545
v 0.033839 0.308070 0.014472
v 0.040868 0.315019 0.008923
v 0.046121 0.324718 0.011537
v 0.049367 0.334558 0.009802
v 0.050466 0.344847 0.007988
v 0.049367 0.333819 0.005608
v 0.049367 0.355137 0.006173
v 0.046121 0.364976 0.004439
v 0.033839 0.381625 0.001503
v 0.025339 0.387706 0.000431
v 0.015742 0.391915 -0.000312
v 0.005466 0.394065 -0.000691
v -0.015316 0.391915 -0.000312
v -0.024913 0.387707 0.000431
v -0.040442 0.373936 0.002858
v -0.045695 0.364976 0.004439
v -0.048941 0.355137 0.006173
v -0.050040 0.344847 0.007988
v -0.048941 0.334558 0.009802
v -0.040442 0.315758 0.013117
v -0.033413 0.308070 0.014472
v -0.015316 0.297780 0.016287
v 0.005466 0.295629 0.016666
v 0.015742 0.297780 0.016287
v 0.040868 0.315758 0.013117
v 0.000213 0.344847 0.007988
v -0.043676 0.319153 0.008194
v -0.063151 0.341074 0.276751
v -0.063335 0.339253 0.267031
v -0.044045 0.318944 0.008231
v 0.000213 0.394016 -0.005007
v 0.011998 0.393079 -0.004841
v -0.011474 0.392671 -0.004769
v 0.000213 0.394436 -0.005080
v -0.016112 0.428836 0.261430
v -0.014478 0.435696 0.316438
v 0.000213 0.437654 0.316092
v -0.011572 0.393079 -0.004841
v -0.030013 0.415500 0.198916
v -0.015573 0.420276 0.198074
v -0.028974 0.430618 0.317333
v -0.029165 0.430993 0.317267
v -0.014576 0.436104 0.316366
v -0.016210 0.429245 0.261358
v -0.015671 0.420684 0.198002
v -0.022723 0.389083 -0.004137
v -0.022531 0.388708 -0.004070
v -0.045365 0.417231 0.263477
v -0.031041 0.424271 0.262235
v -0.031232 0.424646 0.262169
v -0.030205 0.415875 0.198849
v -0.032636 0.382661 -0.003004
v -0.040438 0.373911 -0.001462
v -0.043506 0.407574 0.200314
v -0.032363 0.382340 -0.002948
v -0.042289 0.423664 0.318559
v -0.042015 0.423343 0.318616
v -0.045638 0.417553 0.263420
v -0.043780 0.407895 0.200257
v -0.046321 0.363875 0.000308
v -0.040779 0.374162 -0.001506
v -0.054212 0.397216 0.202140
v -0.061268 0.385082 0.204279
v -0.056786 0.405799 0.265492
v -0.065227 0.393690 0.267627
v -0.062957 0.402856 0.322229
v -0.053602 0.414182 0.320231
v -0.053943 0.414433 0.320187
v -0.057128 0.406050 0.265448
v -0.054554 0.397466 0.202096
v -0.046712 0.364042 0.000279
v -0.049696 0.352774 0.002265
v -0.065445 0.371560 0.206664
v -0.063348 0.403023 0.322199
v -0.065618 0.393856 0.267598
v -0.061659 0.385248 0.204250
v -0.050380 0.341206 0.004305
v -0.050115 0.352847 0.002252
v -0.066128 0.357020 0.209228
v -0.069923 0.379740 0.270087
v -0.070746 0.366508 0.272421
v -0.069823 0.390046 0.319757
v -0.074048 0.375413 0.312938
v -0.070242 0.390119 0.319744
v -0.070343 0.379812 0.270074
v -0.065864 0.371633 0.206651
v -0.048745 0.329674 0.006339
v -0.048336 0.329794 0.006318
v -0.068358 0.353380 0.274735
v -0.071671 0.360964 0.303967
v -0.074474 0.375389 0.312942
v -0.071171 0.366483 0.272425
v -0.050805 0.341182 0.004310
v -0.066554 0.356996 0.209232
v -0.060845 0.330026 0.213833
v -0.063696 0.343119 0.211678
v -0.064291 0.342678 0.285312
v -0.064661 0.342468 0.285348
v -0.072079 0.360844 0.303989
v -0.063520 0.340865 0.276788
v -0.068766 0.353259 0.274756
v -0.061214 0.329816 0.213870
v -0.064103 0.342998 0.211700
v 0.044102 0.319153 0.008194
v 0.063577 0.341074 0.276751
v 0.063946 0.340865 0.276788
v 0.063761 0.339253 0.267031
v 0.044471 0.318944 0.008231
v 0.011900 0.392671 -0.004769
v 0.015999 0.420276 0.198074
v 0.000201 0.421868 0.197793
v 0.000209 0.430324 0.261168
v 0.016538 0.428836 0.261430
v 0.014904 0.435696 0.316438
v 0.000213 0.438073 0.316019
v 0.000209 0.430744 0.261094
v 0.000201 0.422287 0.197719
v 0.022957 0.388708 -0.004070
v 0.030439 0.415500 0.198916
v 0.029591 0.430993 0.317267
v 0.015002 0.436104 0.316366
v 0.016636 0.429245 0.261358
v 0.016097 0.420684 0.198002
v 0.033062 0.382661 -0.003004
v 0.023149 0.389083 -0.004137
v 0.032789 0.382340 -0.002948
v 0.045791 0.417231 0.263477
v 0.031467 0.424271 0.262235
v 0.042441 0.423343 0.318616
v 0.029400 0.430618 0.317333
v 0.031658 0.424646 0.262169
v 0.030631 0.415875 0.198849
v 0.041205 0.374162 -0.001506
v 0.054638 0.397216 0.202140
v 0.043932 0.407574 0.200314
v 0.057212 0.405799 0.265492
v 0.054369 0.414433 0.320187
v 0.042715 0.423664 0.318559
v 0.046064 0.417553 0.263420
v 0.044206 0.407895 0.200257
v 0.047138 0.364042 0.000279
v 0.046747 0.363875 0.000308
v 0.040864 0.373911 -0.001462
v 0.061694 0.385082 0.204279
v 0.065653 0.393690 0.267627
v 0.054028 0.414182 0.320231
v 0.063383 0.402856 0.322229
v 0.063774 0.403023 0.322199
v 0.057554 0.406050 0.265448
v 0.054980 0.397466 0.202096
v 0.050541 0.352847 0.002252
v 0.050122 0.352774 0.002265
v 0.070668 0.390119 0.319744
v 0.066044 0.393856 0.267598
v 0.062085 0.385248 0.204250
v 0.050806 0.341206 0.004305
v 0.065871 0.371560 0.206664
v 0.070349 0.379740 0.270087
v 0.074900 0.375389 0.312942
v 0.070249 0.390046 0.319757
v 0.070769 0.379812 0.270074
v 0.066291 0.371633 0.206651
v 0.048762 0.329794 0.006318
v 0.066554 0.357020 0.209228
v 0.068784 0.353380 0.274735
v 0.071172 0.366508 0.272421
v 0.074474 0.375413 0.312938
v 0.072097 0.360964 0.303967
v 0.071597 0.366483 0.272425
v 0.066980 0.356996 0.209232
v 0.051231 0.341182 0.004310
v 0.049171 0.329674 0.006339
v 0.061271 0.330026 0.213833
v 0.064122 0.343119 0.211678
v 0.064718 0.342678 0.285312
v 0.065087 0.342468 0.285348
v 0.072505 0.360844 0.303989
v 0.069192 0.353259 0.274756
v 0.061640 0.329816 0.213870
v 0.064529 0.342998 0.211700
v 0.040868 0.245280 0.021220
v 0.033839 0.252968 0.019864
v 0.025339 0.259050 0.018792
v 0.005466 0.265409 0.017670
v -0.005040 0.265409 0.017670
v -0.015316 0.263258 0.018050
v -0.024913 0.259050 0.018792
v -0.033413 0.252968 0.019864
v -0.040442 0.245280 0.021220
v -0.045695 0.236320 0.022799
v -0.050040 0.216191 0.026349
v -0.048941 0.205901 0.028163
v -0.040442 0.187102 0.031478
v -0.033413 0.179413 0.032834
v -0.024913 0.173331 0.033906
v -0.015316 0.169123 0.034648
v -0.005040 0.166973 0.035027
v 0.005466 0.166973 0.035027
v 0.015742 0.169123 0.034648
v 0.025339 0.173331 0.033906
v 0.040868 0.187102 0.031478
v 0.000213 0.216191 0.026349
v 0.049367 0.205901 0.028163
v 0.050466 0.216191 0.026349
v 0.049367 0.227219 0.028729
v 0.049367 0.226480 0.024535
v 0.046121 0.237059 0.026994
v 0.046121 0.236319 0.022799
v 0.033839 0.253708 0.024058
v 0.015742 0.263258 0.018050
v 0.005466 0.266148 0.021864
v -0.005040 0.266148 0.021864
v -0.033413 0.253708 0.024058
v -0.048941 0.226480 0.024535
v -0.050040 0.216930 0.030543
v -0.045695 0.196062 0.029898
v -0.033413 0.180153 0.037028
v -0.015316 0.169863 0.038842
v -0.005040 0.167712 0.039221
v 0.005466 0.167712 0.039221
v 0.015742 0.169863 0.038842
v 0.025339 0.174071 0.038100
v 0.033839 0.180153 0.037028
v 0.033839 0.179413 0.032834
v 0.046121 0.196801 0.034092
v 0.046121 0.196062 0.029898
v 0.050466 0.216930 0.030543
v 0.040868 0.246019 0.025414
v 0.025339 0.259789 0.022986
v 0.015742 0.263997 0.022244
v -0.015316 0.263997 0.022244
v -0.024913 0.259789 0.022986
v -0.040442 0.246019 0.025414
v -0.045695 0.237059 0.026994
v -0.048941 0.227219 0.028729
v -0.048941 0.206641 0.032357
v -0.045695 0.196801 0.034092
v -0.040442 0.187841 0.035672
v -0.024913 0.174071 0.038100
v 0.040868 0.187841 0.035672
v 0.000213 0.216930 0.030543
v 0.049367 0.206641 0.032357
v -0.043676 0.191236 0.030749
v -0.064291 0.214761 0.307867
v -0.063335 0.211336 0.289586
v -0.044045 0.191026 0.030786
v -0.061214 0.201899 0.236425
v -0.011572 0.265162 0.017714
v 0.000213 0.266099 0.017549
v -0.011474 0.264754 0.017786
v -0.016112 0.300919 0.283986
v 0.000213 0.309736 0.338648
v -0.014576 0.308187 0.338921
v 0.000213 0.310156 0.338574
v -0.022723 0.261166 0.018419
v -0.022531 0.260791 0.018485
v -0.015573 0.292359 0.220629
v -0.031041 0.296354 0.284791
v -0.014478 0.307779 0.338993
v -0.028974 0.302701 0.339888
v -0.029165 0.303076 0.339823
v -0.016210 0.301328 0.283913
v -0.015671 0.292767 0.220557
v -0.032363 0.254423 0.019607
v -0.043506 0.279657 0.222869
v -0.030013 0.287583 0.221471
v -0.031232 0.296728 0.284725
v -0.030205 0.287958 0.221405
v -0.040438 0.245994 0.021094
v -0.054212 0.269299 0.224695
v -0.056786 0.277882 0.288048
v -0.045365 0.289314 0.286032
v -0.042015 0.295426 0.341171
v -0.042289 0.295747 0.341115
v -0.045638 0.289635 0.285976
v -0.032636 0.254744 0.019551
v -0.043780 0.279978 0.222812
v -0.046712 0.236124 0.022834
v -0.046321 0.235958 0.022863
v -0.040779 0.246245 0.021049
v -0.063348 0.275106 0.344754
v -0.053602 0.286265 0.342787
v -0.053943 0.286516 0.342742
v -0.057128 0.278133 0.288003
v -0.054554 0.269549 0.224651
v -0.050115 0.224930 0.024808
v -0.049696 0.224857 0.024821
v -0.061268 0.257165 0.226835
v -0.065445 0.243643 0.229219
v -0.069923 0.251822 0.292643
v -0.065227 0.265772 0.290183
v -0.062957 0.274939 0.344783
v -0.065618 0.265938 0.290154
v -0.061659 0.257331 0.226805
v -0.066128 0.229103 0.231783
v -0.074048 0.247496 0.335494
v -0.069823 0.262129 0.342312
v -0.070242 0.262202 0.342299
v -0.070343 0.251895 0.292630
v -0.065864 0.243716 0.229206
v -0.050380 0.213289 0.026860
v -0.048336 0.201877 0.028873
v 0.049542 0.178496 -0.042683
v 0.054895 0.194719 -0.045544
v 0.049542 0.191438 0.030712
v -0.071671 0.233047 0.326523
v 0.039361 0.164696 -0.040250
v -0.070746 0.238590 0.294976
v -0.072079 0.232926 0.326544
v 0.025347 0.154669 -0.038482
v -0.074474 0.247471 0.335498
v -0.071171 0.238566 0.294980
v 0.008874 0.149398 -0.037553
v -0.050805 0.213264 0.026865
v -0.066554 0.229079 0.231787
v -0.008448 0.149398 -0.037553
v -0.024921 0.154669 -0.038482
v -0.063696 0.215201 0.234234
v -0.060845 0.202109 0.236389
v -0.063151 0.213157 0.299306
v -0.038935 0.164696 -0.040250
v -0.068358 0.225462 0.297291
v -0.038935 0.177638 0.033145
v -0.049116 0.178496 -0.042683
v -0.064661 0.214551 0.307903
v -0.054469 0.194719 -0.045544
v -0.054469 0.467952 -0.093938
v -0.063520 0.212948 0.299343
v -0.068766 0.225342 0.297312
v -0.054469 0.480893 -0.020543
v -0.049116 0.484176 -0.096799
v -0.048745 0.201756 0.028894
v -0.064103 0.215081 0.234255
v -0.038935 0.497976 -0.099232
v 0.044102 0.191236 0.030749
v 0.061271 0.202109 0.236389
v -0.024921 0.508003 -0.101001
v 0.065087 0.214551 0.307903
v -0.008448 0.513274 -0.101930
v 0.063946 0.212948 0.299343
v 0.008874 0.513274 -0.101930
v 0.063761 0.211336 0.289586
v 0.025347 0.508003 -0.101001
v 0.039361 0.497976 -0.099232
v 0.039361 0.510917 -0.025837
v 0.049542 0.484176 -0.096799
v 0.049542 0.497117 -0.023404
v 0.054895 0.467952 -0.093938
v 0.016538 0.300919 0.283986
v 0.000201 0.293951 0.220348
v 0.000209 0.302407 0.283723
v 0.015391 0.193858 -0.055771
v 0.054883 0.194779 -0.045122
v 0.049541 0.178576 -0.042265
v 0.012259 0.189612 -0.055022
v 0.000209 0.302826 0.283649
v 0.000201 0.294370 0.220274
v 0.039367 0.164763 -0.039829
v 0.000213 0.266518 0.017475
v 0.023149 0.261166 0.018419
v 0.007947 0.186526 -0.054478
v 0.025365 0.154739 -0.038062
v 0.011900 0.264754 0.017786
v 0.002878 0.184904 -0.054192
v 0.008873 0.149462 -0.037131
v 0.031467 0.296354 0.284791
v 0.015999 0.292359 0.220629
v -0.008420 0.149471 -0.037133
v -0.007521 0.186526 -0.054478
v -0.024928 0.154748 -0.038063
v 0.014904 0.307779 0.338993
v -0.038941 0.164769 -0.039830
v 0.015002 0.308187 0.338921
v 0.016636 0.301328 0.283913
v 0.016097 0.292767 0.220557
v -0.049106 0.178541 -0.042259
v 0.011998 0.265162 0.017714
v 0.032789 0.254423 0.019607
v -0.054468 0.194786 -0.045123
v -0.016612 0.460171 -0.102945
v 0.022957 0.260791 0.018485
v -0.054475 0.467943 -0.093505
v 0.030439 0.287583 0.221471
v -0.049110 0.484148 -0.096362
v 0.042441 0.295426 0.341171
v -0.038911 0.497987 -0.098802
v -0.007521 0.472494 -0.105118
v 0.029400 0.302701 0.339888
v -0.024958 0.507959 -0.100561
v 0.029591 0.303076 0.339823
v -0.002452 0.474116 -0.105404
v 0.031658 0.296728 0.284725
v 0.030631 0.287958 0.221405
v -0.008447 0.513243 -0.101492
v 0.041205 0.246245 0.021049
v 0.040864 0.245994 0.021094
v 0.033062 0.254744 0.019551
v 0.008864 0.513243 -0.101492
v 0.007947 0.472494 -0.105118
v 0.025339 0.507987 -0.100566
v 0.043932 0.279657 0.222869
v 0.039375 0.497941 -0.098794
v 0.045791 0.289314 0.286032
v 0.057212 0.277882 0.288048
v 0.015391 0.465163 -0.103826
v 0.049536 0.484158 -0.096364
v 0.054895 0.467937 -0.093503
v 0.042715 0.295747 0.341115
v 0.046064 0.289635 0.285976
v 0.044206 0.279978 0.222812
v 0.046747 0.235958 0.022863
v 0.017038 0.198850 -0.056651
v 0.000213 0.201474 -0.057114
v 0.054638 0.269299 0.224695
v 0.065653 0.265772 0.290183
v -0.002452 0.184904 -0.054192
v 0.063383 0.274939 0.344783
v -0.011833 0.189612 -0.055022
v 0.054028 0.286265 0.342787
v -0.014965 0.193858 -0.055771
v 0.063774 0.275106 0.344754
v -0.016612 0.198850 -0.056651
v 0.054369 0.286516 0.342742
v 0.057554 0.278133 0.288003
v -0.014965 0.465163 -0.103826
v 0.054980 0.269549 0.224651
v -0.011833 0.469409 -0.104574
v 0.047138 0.236124 0.022834
v 0.050122 0.224857 0.024821
v 0.065871 0.243643 0.229219
v 0.002878 0.474116 -0.105404
v 0.070349 0.251822 0.292643
v 0.012259 0.469409 -0.104574
v 0.061694 0.257165 0.226835
v 0.017038 0.460171 -0.102945
v -0.025778 0.166019 -0.017239
v -0.034296 0.171586 0.012639
v 0.066044 0.265938 0.290154
v -0.025778 0.143879 -0.015302
v 0.062085 0.257331 0.226805
v -0.025778 0.146516 0.014833
v -0.025778 0.171586 0.012639
v -0.034296 0.146516 0.014833
v 0.051231 0.213264 0.026865
v -0.034296 0.143879 -0.015302
v -0.034296 0.166019 -0.017239
v 0.050541 0.224930 0.024808
v 0.026204 0.166019 -0.017239
v 0.026204 0.143879 -0.015302
v 0.034722 0.143879 -0.015302
v 0.034722 0.166019 -0.017239
v 0.034722 0.146516 0.014833
v 0.034722 0.171586 0.012639
v 0.026204 0.171586 0.012639
v 0.026204 0.146516 0.014833
v 0.071172 0.238590 0.294976
v 0.074474 0.247496 0.335494
v 0.025347 0.520944 -0.027605
v 0.054895 0.480893 -0.020543
v 0.054895 0.207661 0.027851
v 0.039361 0.177638 0.033145
v 0.025347 0.167611 0.034913
v 0.008874 0.162340 0.035842
v -0.008448 0.162340 0.035842
v -0.024921 0.167611 0.034913
v -0.054469 0.207661 0.027851
v -0.049116 0.191438 0.030712
v 0.008874 0.526215 -0.028535
v -0.049116 0.497117 -0.023404
v -0.024921 0.520944 -0.027605
v -0.038935 0.510917 -0.025837
v -0.008448 0.526215 -0.028535
v 0.064529 0.215081 0.234255
v 0.044471 0.191026 0.030786
v 0.061640 0.201899 0.236425
v 0.069192 0.225342 0.297312
v 0.070249 0.262129 0.342312
v 0.070668 0.262202 0.342299
v 0.070769 0.251895 0.292630
v 0.066291 0.243716 0.229206
v 0.072505 0.232926 0.326544
v 0.048762 0.201877 0.028873
v 0.064718 0.214761 0.307867
v 0.050806 0.213289 0.026860
v 0.063577 0.213157 0.299306
v 0.066554 0.229103 0.231783
v 0.049171 0.201756 0.028894
v 0.064122 0.215201 0.234234
v 0.066980 0.229079 0.231787
v 0.068784 0.225462 0.297291
v 0.071597 0.238566 0.294980
v 0.072097 0.233047 0.326523
v 0.074900 0.247471 0.335498
v -0.008448 0.149398 -0.037553
v 0.008874 0.162340 0.035842
v -0.008448 0.162340 0.035842
v -0.024921 0.154669 -0.038482
v -0.049116 0.178496 -0.042683
v -0.049116 0.191438 0.030712
v -0.054469 0.194719 -0.045544
v 0.008874 0.526215 -0.028535
v -0.008448 0.526215 -0.028535
v 0.054895 0.467952 -0.093938
v 0.054895 0.480893 -0.020543
v 0.002878 0.184904 -0.054192
v 0.008873 0.149462 -0.037131
v -0.002452 0.184904 -0.054192
v -0.038941 0.164769 -0.039830
v -0.011833 0.189612 -0.055022
v -0.014965 0.193858 -0.055771
v -0.049106 0.178541 -0.042259
v -0.016612 0.198850 -0.056651
v -0.016612 0.460171 -0.102945
v -0.054475 0.467943 -0.093505
v -0.014965 0.465163 -0.103826
v 0.017038 0.198850 -0.056651
v 0.017038 0.460171 -0.102945
v 0.000213 0.201474 -0.057114
v -0.025778 0.166019 -0.017239
v -0.025778 0.171586 0.012639
v -0.034296 0.166019 -0.017239
v -0.025778 0.143879 -0.015302
v -0.025778 0.146516 0.014833
v 0.034722 0.146516 0.014833
v 0.034722 0.171586 0.012639
v 0.026204 0.146516 0.014833
v 0.054895 0.207661 0.027851
v -0.049116 0.497117 -0.023404
v -0.038935 0.510917 -0.025837
v -0.024921 0.520944 -0.027605
v 0.063946 0.212948 0.299343
v 0.069192 0.225342 0.297312
v 0.061640 0.201899 0.236425
v 0.072505 0.232926 0.326544
v 0.051231 0.213264 0.026865
v 0.049171 0.201756 0.028894
v 0.066980 0.229079 0.231787
v 0.071597 0.238566 0.294980
v 0.074900 0.247471 0.335498
v 0.050806 0.213289 0.026860
v 0.066554 0.229103 0.231783
v 0.064122 0.215201 0.234234
v 0.048762 0.201877 0.028873
v 0.050541 0.224930 0.024808
v 0.066291 0.243716 0.229206
v 0.047138 0.236124 0.022834
v 0.062085 0.257331 0.226805
v 0.050122 0.224857 0.024821
v 0.057212 0.277882 0.288048
v 0.054028 0.286265 0.342787
v 0.063383 0.274939 0.344783
v 0.065653 0.265772 0.290183
v 0.054638 0.269299 0.224695
v 0.040864 0.245994 0.021094
v 0.061694 0.257165 0.226835
v 0.046747 0.235958 0.022863
v 0.033062 0.254744 0.019551
v 0.029400 0.302701 0.339888
v 0.029591 0.303076 0.339823
v 0.042715 0.295747 0.341115
v 0.000209 0.302826 0.283649
v 0.000201 0.294370 0.220274
v 0.016097 0.292767 0.220557
v 0.016636 0.301328 0.283913
v 0.063761 0.211336 0.289586
v -0.048745 0.201756 0.028894
v -0.064103 0.215081 0.234255
v -0.048336 0.201877 0.028873
v -0.060845 0.202109 0.236389
v -0.063696 0.215201 0.234234
v -0.070746 0.238590 0.294976
v -0.068358 0.225462 0.297291
v -0.050805 0.213264 0.026865
v -0.065864 0.243716 0.229206
v -0.066554 0.229079 0.231787
v -0.069823 0.262129 0.342312
v -0.074474 0.247471 0.335498
v -0.070242 0.262202 0.342299
v -0.065618 0.265938 0.290154
v -0.061659 0.257331 0.226805
v -0.070343 0.251895 0.292630
v -0.054554 0.269549 0.224651
v -0.045638 0.289635 0.285976
v -0.043780 0.279978 0.222812
v -0.057128 0.278133 0.288003
v -0.031041 0.296354 0.284791
v -0.042015 0.295426 0.341171
v -0.028974 0.302701 0.339888
v -0.045365 0.289314 0.286032
v -0.030013 0.287583 0.221471
v -0.011474 0.264754 0.017786
v -0.015573 0.292359 0.220629
v -0.022531 0.260791 0.018485
v 0.000213 0.266518 0.017475
v -0.063335 0.211336 0.289586
v -0.061214 0.201899 0.236425
v -0.044045 0.191026 0.030786
v -0.063520 0.212948 0.299343
v -0.064661 0.214551 0.307903
v -0.063151 0.213157 0.299306
v 0.050466 0.216930 0.030543
v 0.049367 0.206641 0.032357
v 0.000213 0.216930 0.030543
v -0.033413 0.180153 0.037028
v -0.024913 0.174071 0.038100
v -0.040442 0.187841 0.035672
v 0.040868 0.187102 0.031478
v 0.046121 0.196801 0.034092
v 0.046121 0.196062 0.029898
v 0.040868 0.187841 0.035672
v 0.033839 0.179413 0.032834
v -0.024913 0.173331 0.033906
v -0.015316 0.169863 0.038842
v -0.015316 0.169123 0.034648
v -0.033413 0.252968 0.019864
v -0.040442 0.246019 0.025414
v -0.040442 0.245280 0.021220
v -0.033413 0.253708 0.024058
v 0.040868 0.245280 0.021220
v 0.033839 0.253708 0.024058
v 0.033839 0.252968 0.019864
v 0.040868 0.246019 0.025414
v 0.046121 0.236319 0.022799
v 0.049367 0.226480 0.024535
v 0.046121 0.237059 0.026994
v 0.000213 0.216191 0.026349
v 0.069192 0.353259 0.274756
v 0.064529 0.342998 0.211700
v 0.061640 0.329816 0.213870
v 0.063946 0.340865 0.276788
v 0.072505 0.360844 0.303989
v 0.065087 0.342468 0.285348
v 0.066980 0.356996 0.209232
v 0.051231 0.341182 0.004310
v 0.049171 0.329674 0.006339
v 0.071172 0.366508 0.272421
v 0.074474 0.375413 0.312938
v 0.072097 0.360964 0.303967
v 0.062085 0.385248 0.204250
v 0.066291 0.371633 0.206651
v 0.063774 0.403023 0.322199
v 0.066044 0.393856 0.267598
v 0.070769 0.379812 0.270074
v 0.070668 0.390119 0.319744
v 0.032789 0.382340 -0.002948
v 0.043932 0.407574 0.200314
v 0.054638 0.397216 0.202140
v 0.040864 0.373911 -0.001462
v 0.029400 0.430618 0.317333
v 0.042715 0.423664 0.318559
v 0.030439 0.415500 0.198916
v 0.031467 0.424271 0.262235
v 0.045791 0.417231 0.263477
v 0.015002 0.436104 0.316366
v 0.016636 0.429245 0.261358
v 0.031658 0.424646 0.262169
v 0.000209 0.430744 0.261094
v 0.000201 0.422287 0.197719
v 0.016097 0.420684 0.198002
v 0.000209 0.430324 0.261168
v 0.014904 0.435696 0.316438
v 0.016538 0.428836 0.261430
v 0.000213 0.394016 -0.005007
v 0.000201 0.421868 0.197793
v 0.015999 0.420276 0.198074
v 0.011900 0.392671 -0.004769
v 0.000213 0.394436 -0.005080
v -0.011474 0.392671 -0.004769
v -0.011572 0.393079 -0.004841
v 0.063761 0.339253 0.267031
v -0.064291 0.342678 0.285312
v -0.064661 0.342468 0.285348
v -0.048336 0.329794 0.006318
v -0.060845 0.330026 0.213833
v -0.063696 0.343119 0.211678
v -0.074048 0.375413 0.312938
v -0.072079 0.360844 0.303989
v -0.074474 0.375389 0.312942
v -0.071671 0.360964 0.303967
v -0.050380 0.341206 0.004305
v -0.066128 0.357020 0.209228
v -0.050805 0.341182 0.004310
v -0.050115 0.352847 0.002252
v -0.046321 0.363875 0.000308
v -0.065445 0.371560 0.206664
v -0.061268 0.385082 0.204279
v -0.049696 0.352774 0.002265
v -0.046712 0.364042 0.000279
v -0.057128 0.406050 0.265448
v -0.061659 0.385248 0.204250
v -0.054554 0.397466 0.202096
v -0.065618 0.393856 0.267598
v -0.040779 0.374162 -0.001506
v -0.015671 0.420684 0.198002
v -0.022723 0.389083 -0.004137
v -0.030205 0.415875 0.198849
v -0.016112 0.428836 0.261430
v -0.028974 0.430618 0.317333
v -0.014478 0.435696 0.316438
v -0.031041 0.424271 0.262235
v -0.015573 0.420276 0.198074
v 0.011998 0.393079 -0.004841
v -0.024913 0.301988 0.015545
v 0.000213 0.344847 0.007988
v -0.015316 0.297780 0.016287
v -0.033413 0.308070 0.014472
v -0.048941 0.355137 0.006173
v -0.050040 0.344847 0.007988
v -0.005040 0.394065 -0.000691
v -0.015316 0.391915 -0.000312
v 0.005466 0.394065 -0.000691
v 0.015742 0.391915 -0.000312
v 0.015742 0.297041 0.012093
v 0.025339 0.301988 0.015545
v 0.015742 0.297780 0.016287
v -0.024913 0.301249 0.011351
v -0.045695 0.364237 0.000244
v -0.048941 0.354397 0.001980
v -0.045695 0.364976 0.004439
v -0.040442 0.373197 -0.001335
v -0.040442 0.373936 0.002858
v 0.040868 0.373197 -0.001335
v 0.033839 0.381625 0.001503
v 0.033839 0.380885 -0.002691
v 0.040868 0.373936 0.002858
v 0.046121 0.364237 0.000244
v 0.000213 0.344108 0.003794
v 0.044471 0.446861 -0.014324
v 0.064529 0.470915 0.189145
v 0.061640 0.457734 0.191315
v 0.071172 0.494425 0.249866
v 0.074474 0.503330 0.290383
v 0.072097 0.488881 0.281412
v 0.068784 0.481297 0.252180
v 0.050806 0.469123 -0.018250
v 0.066554 0.484938 0.186672
v 0.064122 0.471036 0.189123
v 0.048762 0.457711 -0.016238
v 0.070769 0.507729 0.247519
v 0.066291 0.499551 0.184095
v 0.066980 0.484913 0.186676
v 0.071597 0.494400 0.249870
v 0.050541 0.480764 -0.020303
v 0.047138 0.491959 -0.022276
v 0.062085 0.513165 0.181695
v 0.046747 0.491793 -0.022247
v 0.050122 0.480691 -0.020290
v 0.041205 0.502079 -0.024061
v 0.054980 0.525384 0.179540
v 0.043932 0.535491 0.177758
v 0.057212 0.533716 0.242937
v 0.054638 0.525133 0.179585
v 0.031658 0.552563 0.239614
v 0.030631 0.543793 0.176294
v 0.044206 0.535813 0.177702
v 0.046064 0.545470 0.240865
v 0.022957 0.516625 -0.026626
v 0.030439 0.543418 0.176360
v 0.032789 0.510257 -0.025503
v 0.015002 0.564021 0.293811
v 0.016636 0.557162 0.238803
v 0.029591 0.558911 0.294712
v 0.014904 0.563613 0.293883
v 0.011900 0.520588 -0.027325
v 0.015999 0.548193 0.175519
v 0.011998 0.520996 -0.027397
v 0.000213 0.565990 0.293463
v 0.063761 0.467170 0.244476
v -0.043676 0.447071 -0.014362
v -0.060845 0.457943 0.191278
v -0.048336 0.457711 -0.016238
v -0.048745 0.457591 -0.016217
v -0.044045 0.446861 -0.014324
v -0.070746 0.494425 0.249866
v -0.071671 0.488881 0.281412
v -0.074048 0.503330 0.290383
v -0.068358 0.481297 0.252180
v -0.046712 0.491959 -0.022276
v -0.061659 0.513165 0.181695
v -0.050115 0.480764 -0.020303
v -0.061268 0.513000 0.181724
v -0.069923 0.507657 0.247532
v -0.065445 0.499478 0.184108
v -0.049696 0.480691 -0.020290
v -0.054212 0.525133 0.179585
v -0.065227 0.521607 0.245072
v -0.056786 0.533716 0.242937
v -0.040438 0.501828 -0.024017
v -0.042289 0.551582 0.296004
v -0.057128 0.533967 0.242893
v -0.045638 0.545470 0.240865
v -0.053943 0.542350 0.297632
v -0.043506 0.535491 0.177758
v -0.032363 0.510257 -0.025503
v -0.015671 0.548601 0.175447
v -0.011572 0.520996 -0.027397
v -0.030205 0.543793 0.176294
v 0.000201 0.550204 0.175164
v 0.000209 0.558661 0.238539
v -0.063335 0.467170 0.244476
v -0.061214 0.457734 0.191315
v -0.064661 0.470385 0.262793
v -0.063151 0.468992 0.254196
v 0.033839 0.435987 -0.008083
v 0.000213 0.472764 -0.014568
v 0.040868 0.443675 -0.009439
v 0.025339 0.429906 -0.007010
v -0.024913 0.429906 -0.007010
v -0.015316 0.425697 -0.006269
v -0.033413 0.435987 -0.008083
v 0.040868 0.442936 -0.013633
v 0.046121 0.452635 -0.011018
v 0.046121 0.451896 -0.015213
v 0.033839 0.435247 -0.012277
v -0.024913 0.429166 -0.011205
v -0.045695 0.451896 -0.015213
v -0.040442 0.443675 -0.009439
v -0.040442 0.442936 -0.013633
v -0.045695 0.452635 -0.011018
v -0.048941 0.482315 -0.020576
v -0.050040 0.472764 -0.014568
v 0.005466 0.521243 -0.027440
v -0.005040 0.521983 -0.023246
v 0.049367 0.482315 -0.020576
v 0.046121 0.492894 -0.018117
v 0.000213 0.472025 -0.018762
v 0.039361 0.177638 0.033145
v 0.025347 0.167611 0.034913
v -0.024921 0.167611 0.034913
v -0.038935 0.164696 -0.040250
v 0.008874 0.513274 -0.101930
v 0.025347 0.508003 -0.101001
v -0.008420 0.149471 -0.037133
v -0.024958 0.507959 -0.100561
v -0.002452 0.474116 -0.105404
v -0.008447 0.513243 -0.101492
v 0.015391 0.465163 -0.103826
v 0.012259 0.469409 -0.104574
v 0.049536 0.484158 -0.096364
v -0.011833 0.469409 -0.104574
v 0.002878 0.474116 -0.105404
v -0.034296 0.171586 0.012639
v -0.034296 0.143879 -0.015302
v -0.034296 0.146516 0.014833
v 0.026204 0.171586 0.012639
v 0.063577 0.213157 0.299306
v 0.068784 0.225462 0.297291
v 0.070249 0.262129 0.342312
v 0.070668 0.262202 0.342299
v 0.065871 0.243643 0.229219
v 0.063774 0.275106 0.344754
v 0.066044 0.265938 0.290154
v 0.070769 0.251895 0.292630
v 0.054369 0.286516 0.342742
v 0.044206 0.279978 0.222812
v 0.022957 0.260791 0.018485
v 0.030439 0.287583 0.221471
v 0.043932 0.279657 0.222869
v 0.015002 0.308187 0.338921
v 0.031658 0.296728 0.284725
v 0.016538 0.300919 0.283986
v 0.014904 0.307779 0.338993
v 0.031467 0.296354 0.284791
v 0.015999 0.292359 0.220629
v 0.011998 0.265162 0.017714
v 0.000209 0.302407 0.283723
v 0.000201 0.293951 0.220348
v -0.072079 0.232926 0.326544
v -0.068766 0.225342 0.297312
v -0.050115 0.224930 0.024808
v -0.050380 0.213289 0.026860
v -0.049696 0.224857 0.024821
v -0.062957 0.274939 0.344783
v -0.054212 0.269299 0.224695
v -0.065227 0.265772 0.290183
v -0.056786 0.277882 0.288048
v -0.061268 0.257165 0.226835
v -0.032636 0.254744 0.019551
v -0.040779 0.246245 0.021049
v -0.031232 0.296728 0.284725
v -0.030205 0.287958 0.221405
v 0.025339 0.174071 0.038100
v 0.033839 0.180153 0.037028
v -0.024913 0.259789 0.022986
v 0.025339 0.259789 0.022986
v -0.045695 0.237059 0.026994
v -0.045695 0.236320 0.022799
v 0.025339 0.259050 0.018792
v 0.050466 0.216191 0.026349
v 0.049367 0.205901 0.028163
v -0.045695 0.196062 0.029898
v -0.048941 0.226480 0.024535
v 0.015742 0.263258 0.018050
v 0.070349 0.379740 0.270087
v 0.070249 0.390046 0.319757
v 0.057554 0.406050 0.265448
v 0.054980 0.397466 0.202096
v 0.057212 0.405799 0.265492
v 0.065653 0.393690 0.267627
v 0.061694 0.385082 0.204279
v 0.044206 0.407895 0.200257
v 0.030631 0.415875 0.198849
v 0.046064 0.417553 0.263420
v 0.023149 0.389083 -0.004137
v 0.022957 0.388708 -0.004070
v -0.063520 0.340865 0.276788
v -0.063151 0.341074 0.276751
v -0.068358 0.353380 0.274735
v -0.066554 0.356996 0.209232
v -0.065864 0.371633 0.206651
v -0.056786 0.405799 0.265492
v -0.062957 0.402856 0.322229
v -0.053602 0.414182 0.320231
v -0.065227 0.393690 0.267627
v -0.042289 0.423664 0.318559
v -0.045638 0.417553 0.263420
v -0.053943 0.414433 0.320187
v -0.042015 0.423343 0.318616
v -0.029165 0.430993 0.317267
v -0.014576 0.436104 0.316366
v 0.000213 0.437654 0.316092
v -0.063335 0.339253 0.267031
v 0.050466 0.344847 0.007988
v 0.033839 0.308070 0.014472
v 0.005466 0.295629 0.016666
v -0.048941 0.334558 0.009802
v 0.049367 0.355137 0.006173
v 0.049367 0.333819 0.005608
v 0.005466 0.294890 0.012472
v -0.005040 0.294890 0.012472
v 0.049367 0.354397 0.001980
v 0.046121 0.364976 0.004439
v 0.072505 0.488761 0.281434
v 0.069192 0.481177 0.252202
v 0.044102 0.447071 -0.014362
v 0.061271 0.457943 0.191278
v 0.049171 0.457591 -0.016217
v 0.065871 0.499478 0.184108
v 0.063774 0.530940 0.299644
v 0.066044 0.521773 0.245043
v 0.070668 0.518037 0.297189
v 0.042715 0.551582 0.296004
v 0.057554 0.533967 0.242893
v 0.031467 0.552188 0.239680
v 0.045791 0.545148 0.240922
v 0.016097 0.548601 0.175447
v 0.023149 0.517000 -0.026692
v -0.064103 0.470915 0.189145
v -0.068766 0.481177 0.252202
v -0.072079 0.488761 0.281434
v -0.074474 0.503306 0.290387
v -0.065864 0.499551 0.184095
v -0.050805 0.469099 -0.018246
v -0.066554 0.484913 0.186676
v -0.070242 0.518037 0.297189
v -0.071171 0.494400 0.249870
v -0.070343 0.507729 0.247519
v -0.066128 0.484938 0.186672
v -0.063348 0.530940 0.299644
v -0.065618 0.521773 0.245043
v -0.053602 0.542100 0.297676
v -0.045365 0.545148 0.240922
v -0.028974 0.558536 0.294778
v -0.029165 0.558911 0.294712
v -0.014478 0.563613 0.293883
v -0.014576 0.564021 0.293811
v -0.015573 0.548193 0.175519
v -0.031041 0.552188 0.239680
v -0.016112 0.556754 0.238875
v -0.030013 0.543418 0.176360
v 0.000213 0.565571 0.293537
v 0.000209 0.558241 0.238612
v 0.000201 0.549785 0.175238
v -0.048941 0.462475 -0.012754
v -0.015316 0.519832 -0.022867
v 0.040868 0.501853 -0.019697
v -0.015316 0.424958 -0.010462
v -0.033413 0.508803 -0.025247
v -0.040442 0.501853 -0.019697
v -0.040442 0.501114 -0.023891
v -0.005040 0.521243 -0.027440
v -0.015316 0.519092 -0.027061
v 0.046121 0.492154 -0.022311
v 0.040868 0.501114 -0.023891
v -0.046348 0.247104 -0.041904
v -0.058449 0.247104 -0.041904
v -0.046348 0.223271 -0.037702
v -0.058449 0.223271 -0.037702
v 0.025347 0.154669 -0.038482
v 0.008874 0.149398 -0.037553
v -0.054469 0.207661 0.027851
v -0.054469 0.467952 -0.093938
v -0.038935 0.497976 -0.099232
v -0.024921 0.508003 -0.101001
v 0.039367 0.164763 -0.039829
v 0.007947 0.186526 -0.054478
v 0.025365 0.154739 -0.038062
v -0.049110 0.484148 -0.096362
v 0.008864 0.513243 -0.101492
v 0.007947 0.472494 -0.105118
v 0.025339 0.507987 -0.100566
v 0.054895 0.467937 -0.093503
v 0.070349 0.251822 0.292643
v 0.071172 0.238590 0.294976
v 0.046064 0.289635 0.285976
v 0.042441 0.295426 0.341171
v 0.045791 0.289314 0.286032
v 0.030631 0.287958 0.221405
v 0.044471 0.191026 0.030786
v 0.064718 0.214761 0.307867
v -0.043676 0.191236 0.030749
v -0.066128 0.229103 0.231783
v -0.065445 0.243643 0.229219
v -0.063348 0.275106 0.344754
v -0.053943 0.286516 0.342742
v -0.053602 0.286265 0.342787
v -0.032363 0.254423 0.019607
v -0.043506 0.279657 0.222869
v -0.040438 0.245994 0.021094
v -0.022723 0.261166 0.018419
v -0.015671 0.292767 0.220557
v -0.014478 0.307779 0.338993
v -0.029165 0.303076 0.339823
v -0.005040 0.167712 0.039221
v -0.005040 0.166973 0.035027
v -0.048941 0.227219 0.028729
v 0.064718 0.342678 0.285312
v 0.074900 0.375389 0.312942
v 0.071597 0.366483 0.272425
v 0.029591 0.430993 0.317267
v 0.000213 0.438073 0.316019
v -0.048745 0.329674 0.006339
v -0.064103 0.342998 0.211700
v -0.068766 0.353259 0.274756
v -0.063348 0.403023 0.322199
v -0.070343 0.379812 0.270074
v -0.070242 0.390119 0.319744
v -0.069823 0.390046 0.319757
v -0.069923 0.379740 0.270087
v -0.032636 0.382661 -0.003004
v -0.043780 0.407895 0.200257
v -0.040438 0.373911 -0.001462
v -0.032363 0.382340 -0.002948
v -0.022531 0.388708 -0.004070
v 0.040868 0.315758 0.013117
v 0.025339 0.301249 0.011351
v 0.033839 0.307330 0.010279
v -0.048941 0.333819 0.005608
v -0.045695 0.324718 0.011537
v -0.045695 0.323979 0.007343
v -0.050040 0.344108 0.003794
v 0.025339 0.387706 0.000431
v 0.025339 0.386967 -0.003764
v 0.063577 0.468992 0.254196
v 0.074900 0.503306 0.290387
v 0.070349 0.507657 0.247532
v 0.065653 0.521607 0.245072
v 0.061694 0.513000 0.181724
v 0.000213 0.522353 -0.027636
v 0.000213 0.521934 -0.027562
v -0.011474 0.520588 -0.027325
v -0.069823 0.517964 0.297202
v -0.046321 0.491793 -0.022247
v -0.062957 0.530774 0.299673
v -0.040779 0.502079 -0.024061
v -0.054554 0.525384 0.179540
v -0.043780 0.535813 0.177702
v -0.032636 0.510578 -0.025560
v -0.031232 0.552563 0.239614
v -0.005040 0.423546 -0.005889
v -0.045695 0.492894 -0.018117
v 0.033839 0.509542 -0.021053
v 0.025339 0.515624 -0.022125
v 0.050466 0.472025 -0.018762
v 0.049367 0.461736 -0.016947
v 0.025339 0.429166 -0.011205
v -0.033413 0.435247 -0.012277
v -0.045695 0.492154 -0.022311
v -0.024913 0.514884 -0.026319
v -0.058546 0.469456 -0.103385
v -0.046446 0.469456 -0.103385
v -0.058546 0.473659 -0.079552
v -0.046348 0.219069 -0.061534
v 0.049542 0.178496 -0.042683
v 0.054895 0.194719 -0.045544
v 0.049542 0.191438 0.030712
v 0.039361 0.164696 -0.040250
v -0.054469 0.480893 -0.020543
v -0.049116 0.484176 -0.096799
v 0.025347 0.520944 -0.027605
v 0.039361 0.497976 -0.099232
v 0.044102 0.191236 0.030749
v 0.061271 0.202109 0.236389
v 0.057554 0.278133 0.288003
v 0.011900 0.264754 0.017786
v -0.071171 0.238566 0.294980
v -0.069923 0.251822 0.292643
v -0.042289 0.295747 0.341115
v -0.016112 0.300919 0.283986
v 0.015742 0.263997 0.022244
v 0.005466 0.167712 0.039221
v 0.005466 0.166973 0.035027
v -0.050040 0.216930 0.030543
v 0.005466 0.266148 0.021864
v 0.065871 0.371560 0.206664
v 0.042441 0.423343 0.318616
v 0.054028 0.414182 0.320231
v 0.044471 0.318944 0.008231
v 0.061271 0.330026 0.213833
v -0.070746 0.366508 0.272421
v -0.071171 0.366483 0.272425
v -0.043506 0.407574 0.200314
v -0.030013 0.415500 0.198916
v -0.040442 0.315758 0.013117
v -0.024913 0.387707 0.000431
v 0.040868 0.315019 0.008923
v -0.033413 0.307330 0.010279
v -0.040442 0.315019 0.008923
v -0.024913 0.386967 -0.003764
v -0.033413 0.381625 0.001503
v -0.033413 0.380885 -0.002691
v 0.015742 0.391175 -0.004505
v 0.042441 0.551260 0.296061
v 0.054028 0.542100 0.297676
v -0.064291 0.470595 0.262756
v -0.063696 0.471036 0.189123
v -0.050380 0.469123 -0.018250
v -0.016210 0.557162 0.238803
v -0.024913 0.515624 -0.022125
v 0.050466 0.472764 -0.014568
v 0.049367 0.462475 -0.012754
v -0.005040 0.422807 -0.010083
v 0.005466 0.423546 -0.005889
v 0.005466 0.422807 -0.010083
v 0.033839 0.508803 -0.025247
v -0.046446 0.445624 -0.099183
v -0.058546 0.445624 -0.099183
v -0.058546 0.449826 -0.075350
v -0.046446 0.449826 -0.075350
v -0.046446 0.473659 -0.079552
v -0.058449 0.242902 -0.065736
v -0.046348 0.242902 -0.065736
v -0.058449 0.219069 -0.061534
v 0.039361 0.510917 -0.025837
v 0.049542 0.484176 -0.096799
v 0.015391 0.193858 -0.055771
v 0.054883 0.194779 -0.045122
v 0.049541 0.178576 -0.042265
v 0.012259 0.189612 -0.055022
v -0.007521 0.186526 -0.054478
v -0.024928 0.154748 -0.038063
v -0.054468 0.194786 -0.045123
v -0.038911 0.497987 -0.098802
v 0.039375 0.497941 -0.098794
v 0.026204 0.166019 -0.017239
v 0.034722 0.166019 -0.017239
v 0.026204 0.143879 -0.015302
v 0.034722 0.143879 -0.015302
v 0.074474 0.247496 0.335494
v 0.072097 0.233047 0.326523
v 0.054980 0.269549 0.224651
v 0.023149 0.261166 0.018419
v 0.032789 0.254423 0.019607
v 0.000213 0.309736 0.338648
v 0.000213 0.310156 0.338574
v -0.011572 0.265162 0.017714
v 0.000213 0.266099 0.017549
v -0.064291 0.214761 0.307867
v -0.071671 0.233047 0.326523
v -0.046712 0.236124 0.022834
v -0.046321 0.235958 0.022863
v -0.014576 0.308187 0.338921
v -0.048941 0.206641 0.032357
v -0.005040 0.266148 0.021864
v 0.015742 0.169863 0.038842
v 0.015742 0.169123 0.034648
v -0.050040 0.216191 0.026349
v -0.048941 0.205901 0.028163
v 0.005466 0.265409 0.017670
v -0.005040 0.265409 0.017670
v 0.049367 0.227219 0.028729
v 0.066554 0.357020 0.209228
v 0.068784 0.353380 0.274735
v 0.064122 0.343119 0.211678
v 0.050806 0.341206 0.004305
v 0.048762 0.329794 0.006318
v 0.047138 0.364042 0.000279
v 0.050541 0.352847 0.002252
v 0.063383 0.402856 0.322229
v 0.046747 0.363875 0.000308
v 0.050122 0.352774 0.002265
v 0.033062 0.382661 -0.003004
v 0.041205 0.374162 -0.001506
v -0.054212 0.397216 0.202140
v -0.031232 0.424646 0.262169
v -0.061214 0.329816 0.213870
v -0.044045 0.318944 0.008231
v -0.005040 0.295629 0.016666
v 0.046121 0.323979 0.007343
v 0.049367 0.334558 0.009802
v 0.046121 0.324718 0.011537
v 0.064718 0.470595 0.262756
v 0.070249 0.517964 0.297202
v 0.063383 0.530774 0.299673
v 0.033062 0.510578 -0.025560
v 0.054369 0.542350 0.297632
v 0.040864 0.501828 -0.024017
v 0.029400 0.558536 0.294778
v 0.016538 0.556754 0.238875
v 0.015742 0.425697 -0.006269
v 0.015742 0.424958 -0.010462
v 0.025339 0.514884 -0.026319
v -0.038935 0.177638 0.033145
v -0.008448 0.513274 -0.101930
v 0.049542 0.497117 -0.023404
v 0.064529 0.215081 0.234255
v -0.074048 0.247496 0.335494
v -0.016210 0.301328 0.283913
v 0.025339 0.173331 0.033906
v -0.045695 0.196801 0.034092
v -0.015316 0.263997 0.022244
v -0.015316 0.263258 0.018050
v 0.044102 0.319153 0.008194
v 0.054369 0.414433 0.320187
v -0.045365 0.417231 0.263477
v -0.016210 0.429245 0.261358
v -0.005040 0.393326 -0.004885
v -0.015316 0.391175 -0.004505
v 0.005466 0.393326 -0.004885
v 0.065087 0.470385 0.262793
v 0.051231 0.469099 -0.018246
v -0.063520 0.468782 0.254233
v -0.022723 0.517000 -0.026692
v -0.042015 0.551260 0.296061
v -0.022531 0.516625 -0.026626
v -0.033413 0.509542 -0.021053
v 0.015742 0.519832 -0.022867
v 0.005466 0.521983 -0.023246
v -0.050040 0.472025 -0.018762
v -0.048941 0.461736 -0.016947
v 0.049367 0.483054 -0.016382
v -0.007521 0.472494 -0.105118
v 0.065087 0.214551 0.307903
v -0.040442 0.187102 0.031478
v -0.033413 0.179413 0.032834
v -0.024913 0.259050 0.018792
v 0.050466 0.344108 0.003794
v 0.063946 0.468782 0.254233
v -0.048941 0.483054 -0.016382
v 0.015742 0.519092 -0.027061
v 0.041205 0.246245 0.021049
v 0.063577 0.341074 0.276751
v -0.043676 0.319153 0.008194
v -0.015316 0.297041 0.012093
vn 0.8910 -0.4471 0.0788
vn 0.9877 -0.1540 0.0272
vn 0.7296 0.0034 0.6839
vn 0.6583 -0.2133 0.7219
vn 0.7071 -0.6964 0.1228
vn 0.5225 -0.3975 0.7543
vn 0.4540 -0.8775 0.1547
vn 0.3355 -0.5314 0.7779
vn 0.1564 -0.9727 0.1715
vn 0.1156 -0.6018 0.7902
vn -0.1564 -0.9727 0.1715
vn -0.1156 -0.6018 0.7902
vn -0.4540 -0.8775 0.1547
vn -0.3355 -0.5314 0.7778
vn -0.7071 -0.6964 0.1228
vn -0.5225 -0.3975 0.7543
vn -0.8910 -0.4471 0.0788
vn -0.6583 -0.2133 0.7219
vn -0.9877 -0.1540 0.0272
vn -0.7297 0.0034 0.6838
vn -0.9877 0.1541 -0.0272
vn -0.7302 0.2311 0.6429
vn -0.8910 0.4471 -0.0788
vn -0.6586 0.4474 0.6050
vn -0.7071 0.6964 -0.1228
vn -0.5227 0.6317 0.5726
vn -0.4540 0.8775 -0.1547
vn -0.3356 0.7655 0.5490
vn -0.1564 0.9727 -0.1715
vn -0.1156 0.8359 0.5365
vn 0.1564 0.9727 -0.1715
vn 0.1156 0.8361 0.5363
vn 0.4540 0.8775 -0.1547
vn 0.3355 0.7655 0.5490
vn 0.7071 0.6964 -0.1228
vn 0.5226 0.6317 0.5726
vn 0.8910 0.4471 -0.0788
vn 0.6586 0.4474 0.6050
vn 0.9877 0.1541 -0.0272
vn 0.7303 0.2311 0.6428
vn 0.1321 -0.2380 -0.9622
vn 0.1464 -0.1949 -0.9698
vn 0.2644 -0.2089 -0.9415
vn 0.2385 -0.2869 -0.9278
vn 0.1049 -0.2750 -0.9557
vn 0.1893 -0.3536 -0.9161
vn 0.0673 -0.3018 -0.9510
vn 0.1215 -0.4021 -0.9075
vn 0.0232 -0.3159 -0.9485
vn 0.0418 -0.4276 -0.9030
vn -0.0232 -0.3160 -0.9485
vn -0.0419 -0.4277 -0.9030
vn -0.0673 -0.3018 -0.9510
vn -0.1215 -0.4022 -0.9075
vn -0.1048 -0.2750 -0.9557
vn -0.1892 -0.3537 -0.9160
vn -0.1321 -0.2380 -0.9622
vn -0.2384 -0.2870 -0.9278
vn -0.1464 -0.1949 -0.9698
vn -0.2643 -0.2089 -0.9415
vn -0.1457 -0.1495 -0.9780
vn -0.2643 -0.1263 -0.9561
vn -0.1315 -0.1058 -0.9857
vn -0.2385 -0.0476 -0.9700
vn -0.1045 -0.0688 -0.9921
vn -0.1892 0.0190 -0.9818
vn -0.0671 -0.0420 -0.9969
vn -0.1215 0.0675 -0.9903
vn -0.0231 -0.0278 -0.9993
vn -0.0419 0.0930 -0.9948
vn 0.0232 -0.0278 -0.9993
vn 0.0417 0.0931 -0.9948
vn 0.0671 -0.0420 -0.9969
vn 0.1214 0.0675 -0.9903
vn 0.1045 -0.0688 -0.9921
vn 0.1893 0.0190 -0.9817
vn 0.1315 -0.1058 -0.9856
vn 0.2385 -0.0477 -0.9700
vn 0.1458 -0.1495 -0.9780
vn 0.2644 -0.1264 -0.9561
vn -0.0000 -0.1741 -0.9847
vn 0.5826 0.4916 -0.6472
vn -0.5826 0.4916 -0.6472
vn 0.5725 0.6529 0.4960
vn -0.5724 0.6529 0.4960
vn -0.7071 -0.0616 -0.7044
vn 0.7071 -0.0616 -0.7044
vn 0.7071 0.0616 0.7044
vn -0.7071 0.0616 0.7044
vn 0.6674 -0.3170 -0.6739
vn 0.9775 -0.2043 -0.0527
vn 0.2307 -0.8493 -0.4749
vn 0.0671 -0.9942 0.0842
vn 0.9590 -0.2831 -0.0166
vn 0.7785 0.6081 -0.1554
vn 0.5960 -0.5718 0.5638
vn 0.3142 -0.8772 0.3630
vn -0.7570 -0.2903 0.5854
vn -0.8776 -0.3229 0.3543
vn -0.9566 0.2896 0.0332
vn -0.8306 -0.5252 0.1849
vn -0.9778 0.2058 0.0405
vn -0.0547 0.9901 -0.1293
vn -0.6899 0.0749 -0.7200
vn -0.7984 -0.3128 -0.5146
vn 0.7024 -0.1591 -0.6938
vn 0.9949 -0.0764 -0.0654
vn 0.9972 -0.0570 -0.0494
vn 0.7846 -0.2009 0.5866
vn -0.6076 -0.4334 0.6656
vn -0.9952 0.0702 0.0680
vn -0.9949 0.0771 0.0658
vn -0.7069 -0.0870 -0.7019
vn 0.6988 0.0042 -0.7154
vn 0.9837 0.1563 -0.0885
vn 0.9810 0.1859 -0.0558
vn 0.7494 0.0850 0.6566
vn -0.5172 -0.4452 0.7309
vn -0.9791 -0.1861 0.0817
vn -0.9837 -0.1553 0.0905
vn -0.6894 -0.2483 -0.6805
vn 0.6577 0.1639 -0.7352
vn 0.9167 0.3857 -0.1044
vn 0.8962 0.4377 -0.0729
vn 0.6305 0.3909 0.6706
vn -0.5026 -0.3361 0.7965
vn -0.8950 -0.4383 0.0832
vn -0.9173 -0.3828 0.1095
vn -0.6340 -0.3999 -0.6619
vn 0.5787 0.3115 -0.7537
vn 0.7930 0.5976 -0.1186
vn 0.7716 0.6307 -0.0823
vn 0.5059 0.6171 0.6027
vn -0.5026 -0.3662 0.7831
vn -0.7703 -0.6313 0.0901
vn -0.7909 -0.5998 0.1214
vn -0.5475 -0.5332 -0.6450
vn 0.4681 0.4388 -0.7670
vn 0.6102 0.7815 -0.1305
vn 0.5907 0.8008 -0.0985
vn 0.3979 0.6892 0.6055
vn -0.3993 -0.4657 0.7897
vn -0.5877 -0.8029 0.0998
vn -0.6128 -0.7791 0.1323
vn -0.4323 -0.6417 -0.6335
vn 0.3289 0.5353 -0.7780
vn 0.4180 0.8988 -0.1321
vn 0.3782 0.9181 -0.1188
vn 0.2870 0.7511 0.5946
vn -0.2926 -0.5153 0.8055
vn -0.3760 -0.9202 0.1086
vn -0.4159 -0.8992 0.1363
vn -0.2983 -0.7208 -0.6257
vn 0.1346 0.4252 -0.8950
vn 0.2116 0.9681 -0.1342
vn 0.1991 0.9716 -0.1276
vn 0.1638 0.8010 0.5759
vn -0.1618 -0.5472 0.8212
vn -0.1984 -0.9726 0.1213
vn -0.2109 -0.9681 0.1353
vn -0.1156 -0.6444 -0.7559
vn -0.0000 0.3197 -0.9475
vn -0.0001 0.9909 -0.1346
vn -0.0000 0.9911 -0.1333
vn -0.0000 0.8272 0.5619
vn -0.0000 -0.5533 0.8330
vn -0.0000 -0.9918 0.1276
vn 0.0001 -0.9908 0.1352
vn -0.0000 -0.5644 -0.8255
vn -0.0001 -0.5642 -0.8256
vn -0.0000 0.3196 -0.9476
vn -0.1177 -0.6439 -0.7560
vn 0.1346 0.4253 -0.8950
vn 0.1177 -0.6439 -0.7560
vn -0.1346 0.4253 -0.8950
vn -0.0000 -0.5642 -0.8257
vn -0.9867 -0.1499 0.0629
vn -0.9775 -0.2043 -0.0527
vn -0.6674 -0.3170 -0.6739
vn -0.2307 -0.8493 -0.4749
vn -0.0671 -0.9942 0.0842
vn -0.9590 -0.2831 -0.0166
vn -0.7785 0.6081 -0.1554
vn -0.5960 -0.5718 0.5638
vn -0.3149 -0.8771 0.3627
vn 0.7570 -0.2903 0.5854
vn 0.8778 -0.3228 0.3540
vn 0.9566 0.2896 0.0332
vn 0.8306 -0.5252 0.1849
vn 0.9778 0.2058 0.0405
vn 0.0547 0.9901 -0.1293
vn 0.6899 0.0749 -0.7200
vn 0.7984 -0.3128 -0.5146
vn -0.9949 -0.0764 -0.0654
vn -0.7024 -0.1591 -0.6938
vn -0.9972 -0.0570 -0.0494
vn -0.7846 -0.2009 0.5866
vn 0.6075 -0.4334 0.6656
vn 0.9952 0.0702 0.0680
vn 0.9949 0.0771 0.0658
vn 0.7073 -0.0869 -0.7016
vn -0.9837 0.1563 -0.0885
vn -0.6988 0.0042 -0.7154
vn -0.9810 0.1859 -0.0558
vn -0.7494 0.0850 0.6566
vn 0.5172 -0.4452 0.7310
vn 0.9791 -0.1861 0.0817
vn 0.9837 -0.1553 0.0905
vn 0.6894 -0.2483 -0.6805
vn -0.9167 0.3856 -0.1044
vn -0.6577 0.1639 -0.7352
vn -0.8962 0.4376 -0.0729
vn -0.6305 0.3909 0.6706
vn 0.5026 -0.3361 0.7965
vn 0.8950 -0.4383 0.0832
vn 0.9173 -0.3828 0.1095
vn 0.6340 -0.3999 -0.6619
vn -0.7930 0.5976 -0.1186
vn -0.5787 0.3115 -0.7537
vn -0.7716 0.6307 -0.0823
vn -0.5059 0.6171 0.6027
vn 0.5026 -0.3662 0.7831
vn 0.7703 -0.6313 0.0901
vn 0.7909 -0.5998 0.1214
vn 0.5473 -0.5331 -0.6452
vn -0.6102 0.7815 -0.1305
vn -0.4681 0.4388 -0.7670
vn -0.5907 0.8008 -0.0985
vn -0.3981 0.6894 0.6051
vn 0.3989 -0.4651 0.7903
vn 0.5877 -0.8029 0.0998
vn 0.6128 -0.7791 0.1323
vn 0.4323 -0.6417 -0.6335
vn -0.4180 0.8988 -0.1321
vn -0.3289 0.5353 -0.7780
vn -0.3782 0.9181 -0.1188
vn -0.2871 0.7513 0.5942
vn 0.2925 -0.5153 0.8055
vn 0.3760 -0.9202 0.1086
vn 0.4159 -0.8992 0.1363
vn 0.2983 -0.7208 -0.6257
vn -0.2117 0.9681 -0.1342
vn -0.1320 0.4258 -0.8951
vn -0.1992 0.9716 -0.1276
vn -0.1638 0.8010 0.5759
vn 0.1618 -0.5472 0.8212
vn 0.1984 -0.9726 0.1213
vn 0.2110 -0.9681 0.1353
vn 0.1178 -0.6439 -0.7560
vn -0.0000 -0.5642 -0.8256
vn 0.0001 -0.5642 -0.8257
vn 0.9867 -0.1499 0.0629
vn 0.7132 -0.0305 0.7003
vn 0.7292 0.1188 0.6739
vn -0.0000 0.1736 0.9848
vn 0.6662 -0.1732 0.7254
vn 0.5899 -0.3032 0.7483
vn 0.4879 -0.4148 0.7681
vn 0.3646 -0.5030 0.7836
vn 0.2253 -0.5641 0.7944
vn 0.0762 -0.5954 0.7998
vn -0.0762 -0.5954 0.7998
vn -0.2253 -0.5641 0.7944
vn -0.3646 -0.5030 0.7836
vn -0.4879 -0.4148 0.7681
vn -0.5899 -0.3033 0.7483
vn -0.6661 -0.1733 0.7254
vn -0.7132 -0.0305 0.7003
vn -0.7292 0.1188 0.6739
vn -0.7132 0.2681 0.6476
vn -0.6661 0.4109 0.6225
vn -0.5899 0.5409 0.5996
vn -0.4879 0.6525 0.5798
vn -0.3645 0.7407 0.5643
vn -0.2253 0.8017 0.5536
vn -0.0762 0.8330 0.5481
vn 0.0762 0.8330 0.5480
vn 0.2253 0.8017 0.5536
vn 0.3646 0.7407 0.5643
vn 0.4879 0.6525 0.5798
vn 0.5899 0.5409 0.5996
vn 0.6661 0.4109 0.6224
vn 0.7132 0.2681 0.6476
vn 0.7132 -0.2682 -0.6476
vn 0.7292 -0.1188 -0.6739
vn 0.6661 -0.4109 -0.6225
vn 0.5899 -0.5409 -0.5996
vn 0.4879 -0.6525 -0.5798
vn 0.3646 -0.7407 -0.5643
vn 0.2253 -0.8018 -0.5535
vn 0.0762 -0.8330 -0.5481
vn -0.0762 -0.8329 -0.5481
vn -0.2253 -0.8018 -0.5535
vn -0.3646 -0.7407 -0.5643
vn -0.4880 -0.6525 -0.5798
vn -0.5899 -0.5409 -0.5996
vn -0.6661 -0.4109 -0.6225
vn -0.7132 -0.2681 -0.6476
vn -0.7292 -0.1188 -0.6739
vn -0.7132 0.0305 -0.7003
vn -0.6661 0.1732 -0.7254
vn -0.5899 0.3033 -0.7483
vn -0.4879 0.4148 -0.7681
vn -0.3646 0.5031 -0.7836
vn -0.2254 0.5642 -0.7943
vn -0.0762 0.5954 -0.7998
vn 0.0762 0.5953 -0.7998
vn 0.2254 0.5642 -0.7943
vn 0.3646 0.5031 -0.7836
vn 0.4879 0.4148 -0.7681
vn 0.5899 0.3033 -0.7483
vn 0.6661 0.1732 -0.7255
vn 0.7132 0.0305 -0.7003
vn -0.0000 -0.1736 -0.9848
vn 0.6675 -0.3170 -0.6738
vn 0.2310 -0.8493 -0.4748
vn 0.5958 -0.5717 0.5640
vn -0.7572 -0.2902 0.5852
vn -0.9566 0.2895 0.0332
vn -0.6897 0.0748 -0.7202
vn -0.7982 -0.3128 -0.5147
vn 0.7025 -0.1592 -0.6937
vn 0.7849 -0.2007 0.5862
vn -0.6071 -0.4336 0.6659
vn -0.7068 -0.0871 -0.7021
vn 0.6987 0.0042 -0.7154
vn 0.9810 0.1858 -0.0558
vn -0.6893 -0.2483 -0.6806
vn 0.6579 0.1640 -0.7351
vn 0.6311 0.3914 0.6698
vn -0.5019 -0.3355 0.7972
vn -0.6339 -0.3998 -0.6621
vn 0.5793 0.3120 -0.7530
vn 0.5054 0.6167 0.6036
vn -0.5032 -0.3670 0.7824
vn -0.7702 -0.6314 0.0901
vn -0.5468 -0.5328 -0.6459
vn 0.4678 0.4384 -0.7674
vn 0.5908 0.8008 -0.0985
vn 0.3981 0.6895 0.6050
vn -0.3988 -0.4648 0.7905
vn 0.3286 0.5346 -0.7786
vn 0.2872 0.7517 0.5937
vn -0.2924 -0.5147 0.8060
vn -0.2985 -0.7212 -0.6251
vn 0.1637 0.8010 0.5759
vn -0.0000 0.3196 -0.9475
vn -0.0000 0.8270 0.5622
vn -0.0000 -0.5538 0.8326
vn -0.0001 -0.5642 -0.8257
vn -0.0000 0.3195 -0.9476
vn 0.0001 0.3195 -0.9476
vn -0.9867 -0.1501 0.0629
vn -0.6675 -0.3170 -0.6738
vn -0.2308 -0.8494 -0.4747
vn -0.7787 0.6078 -0.1554
vn -0.5958 -0.5717 0.5640
vn 0.7572 -0.2902 0.5852
vn 0.8776 -0.3230 0.3542
vn 0.6897 0.0749 -0.7202
vn 0.7983 -0.3127 -0.5148
vn -0.7025 -0.1592 -0.6937
vn -0.7849 -0.2006 0.5862
vn 0.6071 -0.4336 0.6659
vn 0.7068 -0.0871 -0.7021
vn -0.6987 0.0042 -0.7154
vn -0.9810 0.1858 -0.0558
vn -0.7492 0.0848 0.6569
vn 0.5172 -0.4452 0.7309
vn 0.6893 -0.2483 -0.6806
vn -0.6576 0.1638 -0.7354
vn -0.8962 0.4377 -0.0729
vn -0.6311 0.3914 0.6698
vn 0.5019 -0.3355 0.7972
vn 0.6339 -0.3998 -0.6621
vn -0.5793 0.3120 -0.7530
vn -0.5054 0.6167 0.6036
vn 0.5029 -0.3667 0.7827
vn 0.7702 -0.6314 0.0901
vn 0.5468 -0.5328 -0.6459
vn -0.4678 0.4384 -0.7674
vn -0.5908 0.8008 -0.0985
vn -0.3981 0.6895 0.6050
vn 0.3988 -0.4648 0.7905
vn -0.3288 0.5350 -0.7783
vn -0.2872 0.7517 0.5937
vn 0.2924 -0.5147 0.8060
vn 0.2985 -0.7212 -0.6252
vn -0.1321 0.4258 -0.8951
vn -0.1991 0.9716 -0.1276
vn -0.1637 0.8010 0.5759
vn 0.9867 -0.1501 0.0629
vn 0.5899 -0.3033 0.7484
vn 0.3646 -0.5031 0.7836
vn 0.2253 -0.5642 0.7943
vn -0.2253 -0.5641 0.7943
vn -0.3646 -0.5031 0.7836
vn -0.5899 -0.3033 0.7484
vn -0.6662 -0.1732 0.7254
vn -0.5899 0.5409 0.5995
vn -0.4880 0.6524 0.5798
vn -0.3646 0.7407 0.5643
vn -0.2253 0.8018 0.5534
vn 0.0762 0.8330 0.5481
vn 0.2253 0.8018 0.5534
vn 0.3646 0.7407 0.5644
vn 0.5899 0.5409 0.5995
vn 0.6661 0.4109 0.6225
vn 0.7132 0.2682 0.6476
vn 0.7132 -0.2681 -0.6476
vn 0.2253 -0.8017 -0.5536
vn 0.0762 -0.8329 -0.5481
vn -0.2253 -0.8017 -0.5536
vn -0.5899 -0.5409 -0.5995
vn -0.7132 0.0304 -0.7003
vn -0.4879 0.4147 -0.7681
vn -0.3646 0.5030 -0.7836
vn -0.2253 0.5641 -0.7944
vn -0.0762 0.5953 -0.7998
vn 0.0762 0.5954 -0.7998
vn 0.2253 0.5641 -0.7944
vn 0.6661 0.1732 -0.7254
vn 0.2310 -0.8496 -0.4741
vn 0.0672 -0.9942 0.0842
vn 0.9590 -0.2830 -0.0166
vn 0.7785 0.6081 -0.1555
vn 0.5959 -0.5717 0.5640
vn 0.3140 -0.8772 0.3632
vn -0.8779 -0.3226 0.3539
vn -0.8310 -0.5247 0.1848
vn -0.7978 -0.3130 -0.5153
vn 0.7017 -0.1592 -0.6944
vn -0.7077 -0.0868 -0.7012
vn 0.7495 0.0850 0.6565
vn -0.5172 -0.4452 0.7310
vn 0.6310 0.3910 0.6701
vn -0.5028 -0.3359 0.7965
vn -0.6341 -0.3998 -0.6619
vn 0.5055 0.6167 0.6035
vn -0.5030 -0.3669 0.7825
vn -0.5467 -0.5329 -0.6459
vn 0.4676 0.4382 -0.7677
vn 0.3983 0.6897 0.6047
vn -0.3989 -0.4650 0.7904
vn -0.6129 -0.7790 0.1323
vn -0.4326 -0.6419 -0.6331
vn 0.3290 0.5353 -0.7780
vn 0.2873 0.7517 0.5937
vn -0.2923 -0.5147 0.8060
vn -0.3761 -0.9202 0.1086
vn -0.4158 -0.8992 0.1363
vn -0.2982 -0.7208 -0.6257
vn 0.1347 0.4252 -0.8950
vn 0.1637 0.8009 0.5759
vn -0.1157 -0.6444 -0.7559
vn -0.0000 0.8273 0.5618
vn -0.0000 -0.5531 0.8331
vn 0.0001 -0.5642 -0.8256
vn -0.9868 -0.1496 0.0628
vn -0.2306 -0.8494 -0.4747
vn -0.0672 -0.9942 0.0842
vn -0.9590 -0.2830 -0.0166
vn -0.5959 -0.5717 0.5640
vn -0.3145 -0.8771 0.3631
vn 0.8777 -0.3230 0.3540
vn 0.8310 -0.5247 0.1848
vn 0.7978 -0.3130 -0.5153
vn -0.7021 -0.1592 -0.6941
vn -0.7849 -0.2007 0.5863
vn 0.7077 -0.0868 -0.7012
vn -0.7495 0.0850 0.6565
vn 0.5171 -0.4452 0.7310
vn -0.6309 0.3910 0.6701
vn 0.5024 -0.3356 0.7968
vn 0.6341 -0.3998 -0.6619
vn -0.5055 0.6167 0.6034
vn 0.5030 -0.3669 0.7825
vn 0.5467 -0.5328 -0.6459
vn -0.4676 0.4382 -0.7677
vn -0.3983 0.6897 0.6047
vn 0.3989 -0.4650 0.7904
vn 0.6129 -0.7790 0.1323
vn -0.3290 0.5353 -0.7780
vn -0.2873 0.7517 0.5937
vn 0.2923 -0.5147 0.8060
vn 0.3761 -0.9202 0.1086
vn 0.4158 -0.8992 0.1363
vn 0.2982 -0.7208 -0.6257
vn -0.2116 0.9681 -0.1342
vn -0.1637 0.8009 0.5759
vn 0.9867 -0.1497 0.0628
vn 0.6661 -0.1732 0.7254
vn 0.5899 -0.3033 0.7483
vn 0.3645 -0.5030 0.7836
vn 0.2254 -0.5642 0.7943
vn -0.2253 -0.5642 0.7943
vn -0.3645 -0.5030 0.7837
vn -0.4879 -0.4148 0.7680
vn -0.6661 -0.1732 0.7254
vn -0.6661 0.4109 0.6224
vn -0.4879 0.6525 0.5799
vn -0.2253 0.8018 0.5535
vn -0.0762 0.8330 0.5480
vn 0.2253 0.8018 0.5535
vn 0.4879 0.6524 0.5799
vn 0.3645 -0.7407 -0.5643
vn -0.4879 -0.6525 -0.5798
vn -0.5899 0.3032 -0.7484
vn -0.4879 0.4148 -0.7680
vn -0.0762 0.5953 -0.7999
vn 0.0762 0.5953 -0.7999
vn 0.3645 0.5030 -0.7836
vn 0.4879 0.4148 -0.7680
vn 0.5899 0.3032 -0.7483
vn -0.5774 -0.6688 -0.4683
vn 0.5774 -0.6688 -0.4683
vn -0.5774 -0.4683 0.6688
vn 0.5774 -0.4683 0.6688
vn 0.5774 0.6688 0.4683
vn 0.5774 0.4683 -0.6688
vn -0.5774 0.6688 0.4683
vn -0.5774 0.4683 -0.6688
vt 0.147017 0.641264
vt 0.146802 0.648809
vt 0.172126 0.649530
vt 0.171237 0.641954
vt 0.147145 0.636774
vt 0.171254 0.637462
vt 0.165696 0.636934
vt 0.169719 0.637049
vt 0.162495 0.629995
vt 0.169804 0.630203
vt 0.166096 0.622906
vt 0.170009 0.623017
vt 0.143492 0.762128
vt 0.168666 0.762846
vt 0.143277 0.769673
vt 0.168451 0.770391
vt 0.143083 0.776479
vt 0.168257 0.777197
vt 0.142929 0.781881
vt 0.168103 0.782599
vt 0.142830 0.785349
vt 0.168004 0.786066
vt 0.142796 0.786544
vt 0.167970 0.787262
vt 0.228733 0.360727
vt 0.222157 0.378928
vt 0.129124 0.388321
vt 0.170207 0.330075
vt 0.239779 0.345762
vt 0.218095 0.305835
vt 0.254209 0.335506
vt 0.257036 0.300221
vt 0.270610 0.330961
vt 0.287155 0.301940
vt 0.287380 0.332568
vt 0.317863 0.311371
vt 0.302878 0.340170
vt 0.346345 0.324831
vt 0.315584 0.353026
vt 0.369651 0.339570
vt 0.324251 0.369881
vt 0.385529 0.358076
vt 0.328037 0.389075
vt 0.409527 0.398273
vt 0.290564 0.859054
vt 0.404316 0.865489
vt 0.286585 0.868776
vt 0.377840 0.903245
vt 0.279903 0.876765
vt 0.346565 0.933209
vt 0.271170 0.882242
vt 0.307717 0.951986
vt 0.261243 0.884668
vt 0.279458 0.958986
vt 0.251094 0.883810
vt 0.241902 0.960173
vt 0.241718 0.879751
vt 0.183938 0.946758
vt 0.234029 0.872886
vt 0.137121 0.913035
vt 0.228780 0.863888
vt 0.105893 0.861837
vt 0.226490 0.853636
vt 0.094119 0.812546
vt 0.274366 0.393829
vt 0.146041 0.692824
vt 0.145813 0.672048
vt 0.153586 0.693039
vt 0.153358 0.672263
vt 0.837011 0.490954
vt 0.836779 0.505450
vt 0.855677 0.491117
vt 0.855445 0.505613
vt 0.148427 0.681081
vt 0.148199 0.660305
vt 0.155972 0.681296
vt 0.155744 0.660520
vt 0.659190 0.495221
vt 0.661767 0.495775
vt 0.664796 0.496067
vt 0.657318 0.494459
vt 0.656333 0.493562
vt 0.656333 0.478460
vt 0.657318 0.477563
vt 0.659190 0.476801
vt 0.661767 0.476247
vt 0.664796 0.475955
vt 0.667981 0.475955
vt 0.671011 0.476247
vt 0.673588 0.476801
vt 0.675460 0.477563
vt 0.676444 0.478460
vt 0.676445 0.493562
vt 0.675460 0.494459
vt 0.673588 0.495221
vt 0.671011 0.495775
vt 0.667982 0.496067
vt 0.790755 0.599098
vt 0.831267 0.592474
vt 0.790668 0.594937
vt 0.831191 0.587295
vt 0.853267 0.592497
vt 0.853120 0.587696
vt 0.863656 0.593576
vt 0.856133 0.587767
vt 0.786286 0.503295
vt 0.832352 0.503295
vt 0.787257 0.493614
vt 0.833322 0.493614
vt 0.790762 0.603641
vt 0.831273 0.598001
vt 0.853276 0.597716
vt 0.867549 0.598622
vt 0.790688 0.608320
vt 0.831186 0.603868
vt 0.853191 0.603064
vt 0.870533 0.604049
vt 0.790537 0.612885
vt 0.831000 0.609422
vt 0.852988 0.608803
vt 0.871871 0.609103
vt 0.790317 0.617089
vt 0.830737 0.614496
vt 0.852685 0.613905
vt 0.871544 0.613916
vt 0.790041 0.620705
vt 0.830375 0.618954
vt 0.852297 0.618811
vt 0.871162 0.617919
vt 0.789723 0.623538
vt 0.829943 0.622508
vt 0.851845 0.622034
vt 0.870746 0.621201
vt 0.789380 0.625436
vt 0.829497 0.624822
vt 0.851386 0.624277
vt 0.870298 0.623637
vt 0.789030 0.626296
vt 0.829027 0.625891
vt 0.850901 0.625319
vt 0.869858 0.624823
vt 0.747434 0.126353
vt 0.750066 0.151536
vt 0.629604 0.151536
vt 0.739651 0.102271
vt 0.727061 0.080340
vt 0.710210 0.061521
vt 0.689834 0.046638
vt 0.666829 0.036338
vt 0.642195 0.031072
vt 0.617011 0.031072
vt 0.592380 0.036338
vt 0.569372 0.046638
vt 0.548999 0.061521
vt 0.532148 0.080340
vt 0.519555 0.102271
vt 0.511774 0.126353
vt 0.509140 0.151536
vt 0.511774 0.176720
vt 0.519555 0.200804
vt 0.532148 0.222732
vt 0.548999 0.241551
vt 0.569372 0.256434
vt 0.592380 0.266735
vt 0.617011 0.272000
vt 0.642195 0.272000
vt 0.666829 0.266735
vt 0.689834 0.256434
vt 0.710210 0.241551
vt 0.727061 0.222732
vt 0.739651 0.200802
vt 0.747434 0.176720
vt 0.724102 0.581085
vt 0.724896 0.588642
vt 0.721754 0.573859
vt 0.717955 0.567279
vt 0.712871 0.561632
vt 0.706724 0.557166
vt 0.699782 0.554076
vt 0.692350 0.552496
vt 0.684752 0.552496
vt 0.677320 0.554076
vt 0.670379 0.557166
vt 0.664232 0.561632
vt 0.659148 0.567279
vt 0.655348 0.573859
vt 0.653000 0.581085
vt 0.652206 0.588642
vt 0.653000 0.596198
vt 0.655348 0.603425
vt 0.659148 0.610005
vt 0.664232 0.615651
vt 0.670379 0.620117
vt 0.677320 0.623208
vt 0.684752 0.624788
vt 0.692350 0.624788
vt 0.699782 0.623208
vt 0.706724 0.620117
vt 0.712871 0.615651
vt 0.717955 0.610005
vt 0.721754 0.603425
vt 0.724102 0.596198
vt 0.688551 0.588642
vt 0.752604 0.544117
vt 0.873514 0.543516
vt 0.753605 0.515845
vt 0.874858 0.513407
vt 0.954728 0.546618
vt 0.925277 0.517795
vt 0.975457 0.538931
vt 0.947387 0.521852
vt 0.751254 0.568872
vt 0.871866 0.564550
vt 0.942997 0.570352
vt 0.972764 0.577320
vt 0.749624 0.582586
vt 0.869837 0.581743
vt 0.942633 0.586026
vt 0.967767 0.594150
vt 0.747803 0.595940
vt 0.867617 0.597990
vt 0.941811 0.602810
vt 0.966568 0.609388
vt 0.745891 0.608210
vt 0.865311 0.612800
vt 0.939378 0.617691
vt 0.962928 0.623416
vt 0.743990 0.618740
vt 0.862906 0.625776
vt 0.935710 0.629269
vt 0.959273 0.635050
vt 0.749116 0.618375
vt 0.867480 0.627492
vt 0.931604 0.637841
vt 0.957984 0.635973
vt 0.747536 0.621692
vt 0.865476 0.632000
vt 0.934547 0.633552
vt 0.956435 0.640841
vt 0.746252 0.624111
vt 0.863773 0.634999
vt 0.929803 0.639920
vt 0.954788 0.644187
vt 0.752604 0.555538
vt 0.958223 0.635973
vt 0.400558 0.616277
vt 0.394823 0.625455
vt 0.384490 0.605949
vt 0.378755 0.615127
s 1
usemtl main_t
f 1504/79/78 1505/80/79 947/81/80
f 1506/82/81 1504/79/78 947/81/80
f 1507/83/82 1504/79/78 1506/82/81
f 1247/84/83 1507/83/82 1506/82/81
f 1409/85/84 1507/83/82 1247/84/83
f 1248/86/85 1409/85/84 1247/84/83
f 1410/87/86 1409/85/84 1248/86/85
f 915/88/87 1410/87/86 1248/86/85
f 914/89/88 1410/87/86 915/88/87
f 916/90/89 914/89/88 915/88/87
f 917/87/90 914/89/88 916/90/89
f 1249/88/91 917/87/90 916/90/89
f 1250/85/92 917/87/90 1249/88/91
f 1633/86/93 1250/85/92 1249/88/91
f 918/83/94 1250/85/92 1633/86/93
f 919/84/95 918/83/94 1633/86/93
f 920/79/96 918/83/94 919/84/95
f 1411/82/97 920/79/96 919/84/95
f 1412/91/98 920/79/96 1411/82/97
f 1508/92/99 1412/91/98 1411/82/97
f 1509/93/100 1412/91/98 1508/92/99
f 948/94/101 1509/93/100 1508/92/99
f 1413/95/102 1509/93/100 948/94/101
f 949/96/103 1413/95/102 948/94/101
f 1414/97/104 1413/95/102 949/96/103
f 950/98/105 1414/97/104 949/96/103
f 1634/99/106 1414/97/104 950/98/105
f 922/100/107 1634/99/106 950/98/105
f 1251/101/108 1634/99/106 922/100/107
f 921/102/109 1251/101/108 922/100/107
f 1252/99/110 1251/101/108 921/102/109
f 1510/100/111 1252/99/110 921/102/109
f 1511/97/112 1252/99/110 1510/100/111
f 1564/98/113 1511/97/112 1510/100/111
f 1565/95/114 1511/97/112 1564/98/113
f 1635/96/115 1565/95/114 1564/98/113
f 923/93/116 1565/95/114 1635/96/115
f 924/94/117 923/93/116 1635/96/115
f 1505/80/79 923/93/116 924/94/117
f 947/81/80 1505/80/79 924/94/117
f 1566/103/118 936/104/119 1567/105/120
f 1568/106/121 1566/103/118 1567/105/120
f 1569/107/122 1566/103/118 1568/106/121
f 1415/108/123 1569/107/122 1568/106/121
f 1416/109/124 1569/107/122 1415/108/123
f 1417/110/125 1416/109/124 1415/108/123
f 925/111/126 1416/109/124 1417/110/125
f 926/112/127 925/111/126 1417/110/125
f 927/113/128 925/111/126 926/112/127
f 1253/114/129 927/113/128 926/112/127
f 1570/115/130 927/113/128 1253/114/129
f 1571/116/131 1570/115/130 1253/114/129
f 929/117/132 1570/115/130 1571/116/131
f 928/118/133 929/117/132 1571/116/131
f 930/119/134 929/117/132 928/118/133
f 931/120/135 930/119/134 928/118/133
f 932/121/136 930/119/134 931/120/135
f 1572/122/137 932/121/136 931/120/135
f 933/123/138 932/121/136 1572/122/137
f 934/124/139 933/123/138 1572/122/137
f 935/125/140 933/123/138 934/124/139
f 1418/126/141 935/125/140 934/124/139
f 1260/127/142 935/125/140 1418/126/141
f 1573/128/143 1260/127/142 1418/126/141
f 1662/129/144 1260/127/142 1573/128/143
f 1254/130/145 1662/129/144 1573/128/143
f 1255/131/146 1662/129/144 1254/130/145
f 1256/132/147 1255/131/146 1254/130/145
f 1261/133/148 1255/131/146 1256/132/147
f 1419/134/149 1261/133/148 1256/132/147
f 1420/135/150 1261/133/148 1419/134/149
f 1421/136/151 1420/135/150 1419/134/149
f 1258/137/152 1420/135/150 1421/136/151
f 1574/138/153 1258/137/152 1421/136/151
f 1257/139/154 1258/137/152 1574/138/153
f 1259/140/155 1257/139/154 1574/138/153
f 937/141/156 1257/139/154 1259/140/155
f 1422/142/157 937/141/156 1259/140/155
f 936/104/119 937/141/156 1422/142/157
f 1567/105/120 936/104/119 1422/142/157
f 936/104/119 1566/103/118 938/143/158
f 1566/103/118 1569/107/122 938/143/158
f 1569/107/122 1416/109/124 938/143/158
f 1416/109/124 925/111/126 938/143/158
f 925/111/126 927/113/128 938/143/158
f 927/113/128 1570/115/130 938/143/158
f 1570/115/130 929/117/132 938/143/158
f 929/117/132 930/119/134 938/143/158
f 930/119/134 932/121/136 938/143/158
f 932/121/136 933/123/138 938/143/158
f 933/123/138 935/125/140 938/143/158
f 935/125/140 1260/127/142 938/143/158
f 1260/127/142 1662/129/144 938/143/158
f 1662/129/144 1255/131/146 938/143/158
f 1255/131/146 1261/133/148 938/143/158
f 1261/133/148 1420/135/150 938/143/158
f 1420/135/150 1258/137/152 938/143/158
f 1258/137/152 1257/139/154 938/143/158
f 1257/139/154 937/141/156 938/143/158
f 937/141/156 936/104/119 938/143/158
f 939/144/159 941/145/160 940/146/161
f 1262/147/162 940/146/161 941/145/160
f 1263/148/163 941/149/160 942/150/164
f 939/151/159 942/150/164 941/149/160
f 942/148/164 939/149/159 943/150/165
f 940/151/161 943/150/165 939/149/159
f 943/151/165 940/150/161 1264/149/166
f 1262/148/162 1264/149/166 940/150/161
f 1264/151/166 1262/150/162 1263/149/163
f 941/148/160 1263/149/163 1262/150/162
f 1576/152/159 1575/153/160 945/154/161
f 1265/155/162 945/154/161 1575/153/160
f 1577/148/163 1575/149/160 1578/150/164
f 1576/151/159 1578/150/164 1575/149/160
f 1578/148/164 1576/149/159 944/150/165
f 945/151/161 944/150/165 1576/149/159
f 944/151/165 945/150/161 946/149/166
f 1265/148/162 946/149/166 945/150/161
f 946/151/166 1265/150/162 1577/149/163
f 1575/148/160 1577/149/163 1265/150/162
f 1564/156/113 1510/157/111 921/158/109
f 1635/159/115 1564/156/113 921/158/109
f 924/160/117 1635/159/115 921/158/109
f 947/161/80 924/160/117 921/158/109
f 1506/162/81 947/161/80 921/158/109
f 1247/163/83 1506/162/81 921/158/109
f 1248/164/85 1247/163/83 921/158/109
f 915/165/87 1248/164/85 921/158/109
f 916/166/89 915/165/87 921/158/109
f 1249/167/91 916/166/89 921/158/109
f 1633/168/93 1249/167/91 921/158/109
f 919/169/95 1633/168/93 921/158/109
f 1411/170/97 919/169/95 921/158/109
f 1508/171/99 1411/170/97 921/158/109
f 948/172/101 1508/171/99 921/158/109
f 949/173/103 948/172/101 921/158/109
f 950/174/105 949/173/103 921/158/109
f 922/175/107 950/174/105 921/158/109
f 956/176/167 1636/177/168 1429/178/169
f 1636/177/168 953/179/170 1429/178/169
f 1636/177/168 952/180/171 953/179/170
f 952/180/171 951/181/172 953/179/170
f 952/180/171 954/182/173 951/181/172
f 954/182/173 1663/183/174 951/181/172
f 954/184/173 1580/185/175 1663/186/174
f 1580/185/175 1430/187/176 1663/186/174
f 1580/184/175 1267/185/177 1430/186/176
f 1267/185/177 1266/187/178 1430/186/176
f 1267/184/177 962/185/179 1266/186/178
f 962/185/179 1513/187/180 1266/186/178
f 962/184/179 963/185/181 1513/186/180
f 963/185/181 1512/187/182 1513/186/180
f 963/184/181 956/185/167 1512/186/182
f 956/185/167 1429/187/169 1512/186/182
f 955/188/183 957/189/184 956/176/167
f 957/189/184 1636/177/168 956/176/167
f 957/189/184 958/190/185 1636/177/168
f 958/190/185 952/180/171 1636/177/168
f 958/190/185 959/191/186 952/180/171
f 959/191/186 954/182/173 952/180/171
f 959/184/186 1579/185/187 954/186/173
f 1579/185/187 1580/187/175 954/186/173
f 1579/184/187 1424/185/188 1580/186/175
f 1424/185/188 1267/187/177 1580/186/175
f 1424/184/188 961/185/189 1267/186/177
f 961/185/189 962/187/179 1267/186/177
f 961/184/189 960/185/190 962/186/179
f 960/185/190 963/187/181 962/186/179
f 960/184/190 955/185/183 963/186/181
f 955/185/183 956/187/167 963/186/181
f 964/192/191 965/193/192 955/188/183
f 965/193/192 957/189/184 955/188/183
f 965/193/192 1273/194/193 957/189/184
f 1273/194/193 958/190/185 957/189/184
f 1273/194/193 1269/195/194 958/190/185
f 1269/195/194 959/191/186 958/190/185
f 1269/184/194 1268/185/195 959/186/186
f 1268/185/195 1579/187/187 959/186/186
f 1268/184/195 1423/185/196 1579/186/187
f 1423/185/196 1424/187/188 1579/186/187
f 1423/184/196 1270/185/197 1424/186/188
f 1270/185/197 961/187/189 1424/186/188
f 1270/184/197 968/185/198 961/186/189
f 968/185/198 960/187/190 961/186/189
f 968/184/198 964/185/191 960/186/190
f 964/185/191 955/187/183 960/186/190
f 966/196/199 967/197/200 964/192/191
f 967/197/200 965/193/192 964/192/191
f 967/197/200 1272/198/201 965/193/192
f 1272/198/201 1273/194/193 965/193/192
f 1272/198/201 1271/199/202 1273/194/193
f 1271/199/202 1269/195/194 1273/194/193
f 1271/184/202 971/185/203 1269/186/194
f 971/185/203 1268/187/195 1269/186/194
f 971/184/203 972/185/204 1268/186/195
f 972/185/204 1423/187/196 1268/186/195
f 972/184/204 975/185/205 1423/186/196
f 975/185/205 1270/187/197 1423/186/196
f 975/184/205 976/185/206 1270/186/197
f 976/185/206 968/187/198 1270/186/197
f 976/184/206 966/185/199 968/186/198
f 966/185/199 964/187/191 968/186/198
f 1671/200/207 1581/201/208 966/196/199
f 1581/201/208 967/197/200 966/196/199
f 1581/201/208 1514/202/209 967/197/200
f 1514/202/209 1272/198/201 967/197/200
f 1514/202/209 1274/203/210 1272/198/201
f 1274/203/210 1271/199/202 1272/198/201
f 1274/184/210 970/185/211 1271/186/202
f 970/185/211 971/187/203 1271/186/202
f 970/184/211 969/185/212 971/186/203
f 969/185/212 972/187/204 971/186/203
f 969/184/212 973/185/213 972/186/204
f 973/185/213 975/187/205 972/186/204
f 973/184/213 974/185/214 975/186/205
f 974/185/214 976/187/206 975/186/205
f 974/184/214 1671/185/207 976/186/206
f 1671/185/207 966/187/199 976/186/206
f 977/204/215 1275/205/216 1671/200/207
f 1275/205/216 1581/201/208 1671/200/207
f 1275/205/216 1425/206/217 1581/201/208
f 1425/206/217 1514/202/209 1581/201/208
f 1425/206/217 980/207/218 1514/202/209
f 980/207/218 1274/203/210 1514/202/209
f 980/184/218 1426/185/219 1274/186/210
f 1426/185/219 970/187/211 1274/186/210
f 1426/184/219 1427/185/220 970/186/211
f 1427/185/220 969/187/212 970/186/211
f 1427/184/220 1278/185/221 969/186/212
f 1278/185/221 973/187/213 969/186/212
f 1278/184/221 1583/185/222 973/186/213
f 1583/185/222 974/187/214 973/186/213
f 1583/184/222 977/185/215 974/186/214
f 977/185/215 1671/187/207 974/186/214
f 1582/208/223 1428/209/224 977/204/215
f 1428/209/224 1275/205/216 977/204/215
f 1428/209/224 1280/210/225 1275/205/216
f 1280/210/225 1425/206/217 1275/205/216
f 1280/210/225 979/211/226 1425/206/217
f 979/211/226 980/207/218 1425/206/217
f 979/184/226 978/185/227 980/186/218
f 978/185/227 1426/187/219 980/186/218
f 978/184/227 1283/185/228 1426/186/219
f 1283/185/228 1427/187/220 1426/186/219
f 1283/184/228 1277/185/229 1427/186/220
f 1277/185/229 1278/187/221 1427/186/220
f 1277/184/229 1276/185/230 1278/186/221
f 1276/185/230 1583/187/222 1278/186/221
f 1276/184/230 1582/185/223 1583/186/222
f 1582/185/223 977/187/215 1583/186/222
f 1285/212/231 983/213/232 1582/208/223
f 983/213/232 1428/209/224 1582/208/223
f 983/213/232 984/214/233 1428/209/224
f 984/214/233 1280/210/225 1428/209/224
f 984/214/233 1279/215/234 1280/210/225
f 1279/215/234 979/211/226 1280/210/225
f 1279/184/234 1282/185/235 979/186/226
f 1282/185/235 978/187/227 979/186/226
f 1282/184/235 1281/185/236 978/186/227
f 1281/185/236 1283/187/228 978/186/227
f 1281/184/236 1284/185/237 1283/186/228
f 1284/185/237 1277/187/229 1283/186/228
f 1284/184/237 1515/185/238 1277/186/229
f 1515/185/238 1276/187/230 1277/186/229
f 1515/184/238 1285/185/231 1276/186/230
f 1285/185/231 1582/187/223 1276/186/230
f 1014/216/239 982/217/240 1285/212/231
f 982/217/240 983/213/232 1285/212/231
f 982/217/240 981/218/241 983/213/232
f 981/218/241 984/214/233 983/213/232
f 981/218/241 1585/219/242 984/214/233
f 1585/219/242 1279/215/234 984/214/233
f 1585/184/242 1584/185/243 1279/186/234
f 1584/185/243 1282/187/235 1279/186/234
f 1584/184/243 1286/185/244 1282/186/235
f 1286/185/244 1281/187/236 1282/186/235
f 1286/184/244 1287/185/245 1281/186/236
f 1287/185/245 1284/187/237 1281/186/236
f 1287/184/245 1587/185/246 1284/186/237
f 1587/185/246 1515/187/238 1284/186/237
f 1587/184/247 1014/185/248 1515/186/249
f 1014/185/248 1285/187/250 1515/186/249
f 1011/184/251 1586/185/252 1587/186/253
f 1586/185/252 1014/187/248 1587/186/253
f 1429/187/169 953/186/170 985/185/254
f 953/187/170 951/186/172 985/185/254
f 951/187/172 1663/186/174 985/185/254
f 1663/187/174 1430/186/176 985/185/254
f 1430/187/176 1266/186/178 985/185/254
f 1266/187/178 1513/186/180 985/185/254
f 1513/187/180 1512/186/182 985/185/254
f 1512/187/182 1429/186/169 985/185/254
f 987/177/255 986/176/256 1017/178/257
f 1016/179/258 987/177/255 1017/178/257
f 1289/180/259 987/177/255 1016/179/258
f 1018/181/260 1289/180/259 1016/179/258
f 1288/182/261 1289/180/259 1018/181/260
f 1019/183/262 1288/182/261 1018/181/260
f 1589/185/263 1288/184/261 1019/186/262
f 1588/187/264 1589/185/263 1019/186/262
f 992/185/265 1589/184/263 1588/186/264
f 1020/187/266 992/185/265 1588/186/264
f 990/185/267 992/184/265 1020/186/266
f 989/187/268 990/185/267 1020/186/266
f 988/185/269 990/184/267 989/186/268
f 1431/187/270 988/185/269 989/186/268
f 986/185/256 988/184/269 1431/186/270
f 1017/187/257 986/185/256 1431/186/270
f 995/189/271 993/188/272 986/176/256
f 987/177/255 995/189/271 986/176/256
f 1516/190/273 995/189/271 987/177/255
f 1289/180/259 1516/190/273 987/177/255
f 997/191/274 1516/190/273 1289/180/259
f 1288/182/261 997/191/274 1289/180/259
f 1637/185/275 997/184/274 1288/186/261
f 1589/187/263 1637/185/275 1288/186/261
f 991/185/276 1637/184/275 1589/186/263
f 992/187/265 991/185/276 1589/186/263
f 1432/185/277 991/184/276 992/186/265
f 990/187/267 1432/185/277 992/186/265
f 1291/185/278 1432/184/277 990/186/267
f 988/187/269 1291/185/278 990/186/267
f 993/185/272 1291/184/278 988/186/269
f 986/187/256 993/185/272 988/186/269
f 994/193/279 1290/192/280 993/188/272
f 995/189/271 994/193/279 993/188/272
f 1001/194/281 994/193/279 995/189/271
f 1516/190/273 1001/194/281 995/189/271
f 998/195/282 1001/194/281 1516/190/273
f 997/191/274 998/195/282 1516/190/273
f 996/185/283 998/184/282 997/186/274
f 1637/187/275 996/185/283 997/186/274
f 1517/185/284 996/184/283 1637/186/275
f 991/187/276 1517/185/284 1637/186/275
f 1433/185/285 1517/184/284 991/186/276
f 1432/187/277 1433/185/285 991/186/276
f 1292/185/286 1433/184/285 1432/186/277
f 1291/187/278 1292/185/286 1432/186/277
f 1290/185/280 1292/184/286 1291/186/278
f 993/187/272 1290/185/280 1291/186/278
f 1000/197/287 1590/196/288 1290/192/280
f 994/193/279 1000/197/287 1290/192/280
f 999/198/289 1000/197/287 994/193/279
f 1001/194/281 999/198/289 994/193/279
f 1434/199/290 999/198/289 1001/194/281
f 998/195/282 1434/199/290 1001/194/281
f 1293/185/291 1434/184/290 998/186/282
f 996/187/283 1293/185/291 998/186/282
f 1295/185/292 1293/184/291 996/186/283
f 1517/187/284 1295/185/292 996/186/283
f 1297/185/293 1295/184/292 1517/186/284
f 1433/187/285 1297/185/293 1517/186/284
f 1591/185/294 1297/184/293 1433/186/285
f 1292/187/286 1591/185/294 1433/186/285
f 1590/185/288 1591/184/294 1292/186/286
f 1290/187/280 1590/185/288 1292/186/286
f 1002/201/295 1299/200/296 1590/196/288
f 1000/197/287 1002/201/295 1590/196/288
f 1005/202/297 1002/201/295 1000/197/287
f 999/198/289 1005/202/297 1000/197/287
f 1435/203/298 1005/202/297 999/198/289
f 1434/199/290 1435/203/298 999/198/289
f 1436/185/299 1435/184/298 1434/186/290
f 1293/187/291 1436/185/299 1434/186/290
f 1296/185/300 1436/184/299 1293/186/291
f 1295/187/292 1296/185/300 1293/186/291
f 1294/185/301 1296/184/300 1295/186/292
f 1297/187/293 1294/185/301 1295/186/292
f 1439/185/302 1294/184/301 1297/186/293
f 1591/187/294 1439/185/302 1297/186/293
f 1299/185/296 1439/184/302 1591/186/294
f 1590/187/288 1299/185/296 1591/186/294
f 1004/205/303 1298/204/304 1299/200/296
f 1002/201/295 1004/205/303 1299/200/296
f 1003/206/305 1004/205/303 1002/201/295
f 1005/202/297 1003/206/305 1002/201/295
f 1518/207/306 1003/206/305 1005/202/297
f 1435/203/298 1518/207/306 1005/202/297
f 1007/185/307 1518/184/306 1435/186/298
f 1436/187/299 1007/185/307 1435/186/298
f 1009/185/308 1007/184/307 1436/186/299
f 1296/187/300 1009/185/308 1436/186/299
f 1438/185/309 1009/184/308 1296/186/300
f 1294/187/301 1438/185/309 1296/186/300
f 1437/185/310 1438/184/309 1294/186/301
f 1439/187/302 1437/185/310 1294/186/301
f 1298/185/304 1437/184/310 1439/186/302
f 1299/187/296 1298/185/304 1439/186/302
f 1301/209/311 1440/208/312 1298/204/304
f 1004/205/303 1301/209/311 1298/204/304
f 1300/210/313 1301/209/311 1004/205/303
f 1003/206/305 1300/210/313 1004/205/303
f 1443/211/314 1300/210/313 1003/206/305
f 1518/207/306 1443/211/314 1003/206/305
f 1008/185/315 1443/184/314 1518/186/306
f 1007/187/307 1008/185/315 1518/186/306
f 1006/185/316 1008/184/315 1007/186/307
f 1009/187/308 1006/185/316 1007/186/307
f 1010/185/317 1006/184/316 1009/186/308
f 1438/187/309 1010/185/317 1009/186/308
f 1013/185/318 1010/184/317 1438/186/309
f 1437/187/310 1013/185/318 1438/186/309
f 1440/185/312 1013/184/318 1437/186/310
f 1298/187/304 1440/185/312 1437/186/310
f 1441/213/319 1586/212/320 1440/208/312
f 1301/209/311 1441/213/319 1440/208/312
f 1638/214/321 1441/213/319 1301/209/311
f 1300/210/313 1638/214/321 1301/209/311
f 1592/215/322 1638/214/321 1300/210/313
f 1443/211/314 1592/215/322 1300/210/313
f 1442/185/323 1592/184/322 1443/186/314
f 1008/187/315 1442/185/323 1443/186/314
f 1519/185/324 1442/184/323 1008/186/315
f 1006/187/316 1519/185/324 1008/186/315
f 1012/185/325 1519/184/324 1006/186/316
f 1010/187/317 1012/185/325 1006/186/316
f 1011/185/326 1012/184/325 1010/186/317
f 1013/187/318 1011/185/326 1010/186/317
f 1586/185/320 1011/184/326 1013/186/318
f 1440/187/312 1586/185/320 1013/186/318
f 982/217/240 1014/216/239 1586/212/320
f 1441/213/319 982/217/240 1586/212/320
f 981/218/241 982/217/240 1441/213/319
f 1638/214/321 981/218/241 1441/213/319
f 1585/219/242 981/218/241 1638/214/321
f 1592/215/322 1585/219/242 1638/214/321
f 1584/185/243 1585/184/242 1592/186/322
f 1442/187/323 1584/185/243 1592/186/322
f 1286/185/244 1584/184/243 1442/186/323
f 1519/187/324 1286/185/244 1442/186/323
f 1287/185/245 1286/184/244 1519/186/324
f 1012/187/325 1287/185/245 1519/186/324
f 1587/185/246 1287/184/245 1012/186/325
f 1011/187/326 1587/185/246 1012/186/325
f 1014/185/248 1587/184/327 1011/186/251
f 1586/187/252 1014/185/248 1011/186/251
f 1285/185/250 1515/184/249 1587/186/328
f 1014/187/248 1285/185/250 1587/186/328
f 1016/186/258 1017/187/257 1015/185/329
f 1018/186/260 1016/187/258 1015/185/329
f 1019/186/262 1018/187/260 1015/185/329
f 1588/186/264 1019/187/262 1015/185/329
f 1020/186/266 1588/187/264 1015/185/329
f 989/186/268 1020/187/266 1015/185/329
f 1431/186/270 989/187/268 1015/185/329
f 1017/186/257 1431/187/270 1015/185/329
f 1022/220/330 1021/221/331 1023/222/332
f 1028/223/333 1022/220/330 1023/222/332
f 1030/224/334 1028/223/333 1023/222/332
f 1303/225/335 1030/224/334 1023/222/332
f 1302/226/336 1303/225/335 1023/222/332
f 1595/227/337 1302/226/336 1023/222/332
f 1521/228/338 1595/227/337 1023/222/332
f 1444/229/339 1521/228/338 1023/222/332
f 1033/230/340 1444/229/339 1023/222/332
f 1025/231/341 1033/230/340 1023/222/332
f 1024/232/342 1025/231/341 1023/222/332
f 1026/233/343 1024/232/342 1023/222/332
f 1640/234/344 1026/233/343 1023/222/332
f 1593/235/345 1640/234/344 1023/222/332
f 1523/236/346 1593/235/345 1023/222/332
f 1446/237/347 1523/236/346 1023/222/332
f 1306/238/348 1446/237/347 1023/222/332
f 1036/239/349 1306/238/348 1023/222/332
f 1038/240/350 1036/239/349 1023/222/332
f 1304/241/351 1038/240/350 1023/222/332
f 1641/242/352 1304/241/351 1023/222/332
f 1594/243/353 1641/242/352 1023/222/332
f 1524/244/354 1594/243/353 1023/222/332
f 1520/245/355 1524/244/354 1023/222/332
f 1305/246/356 1520/245/355 1023/222/332
f 1040/247/357 1305/246/356 1023/222/332
f 1042/248/358 1040/247/357 1023/222/332
f 1045/249/359 1042/248/358 1023/222/332
f 1601/250/360 1045/249/359 1023/222/332
f 1021/221/331 1601/250/360 1023/222/332
f 1310/251/361 1309/252/362 1021/252/331
f 1022/251/330 1310/251/361 1021/252/331
f 1029/253/363 1310/251/361 1022/251/330
f 1028/253/333 1029/253/363 1022/251/330
f 1027/254/364 1029/253/363 1028/253/333
f 1030/254/334 1027/254/364 1028/253/333
f 1031/255/365 1027/254/364 1030/254/334
f 1303/255/335 1031/255/365 1030/254/334
f 1639/256/366 1031/255/365 1303/255/335
f 1302/256/336 1639/256/366 1303/255/335
f 1596/257/367 1639/256/366 1302/256/336
f 1595/257/337 1596/257/367 1302/256/336
f 1522/258/368 1596/257/367 1595/257/337
f 1521/258/338 1522/258/368 1595/257/337
f 1445/259/369 1522/258/368 1521/258/338
f 1444/259/339 1445/259/369 1521/258/338
f 1034/260/370 1445/259/369 1444/259/339
f 1033/260/340 1034/260/370 1444/259/339
f 1032/261/371 1034/260/370 1033/260/340
f 1025/261/341 1032/261/371 1033/260/340
f 1665/262/372 1032/261/371 1025/261/341
f 1024/262/342 1665/262/372 1025/261/341
f 1664/263/373 1665/262/372 1024/262/342
f 1026/263/343 1664/263/373 1024/262/342
f 1311/264/374 1664/263/373 1026/263/343
f 1640/264/344 1311/264/374 1026/263/343
f 1598/265/375 1311/264/374 1640/264/344
f 1593/265/345 1598/265/375 1640/264/344
f 1597/266/376 1598/265/375 1593/265/345
f 1523/266/346 1597/266/376 1593/265/345
f 1312/267/377 1597/266/376 1523/266/346
f 1446/267/347 1312/267/377 1523/266/346
f 1307/268/378 1312/267/377 1446/267/347
f 1306/268/348 1307/268/378 1446/267/347
f 1037/269/379 1307/268/378 1306/268/348
f 1036/269/349 1037/269/379 1306/268/348
f 1035/270/380 1037/269/379 1036/269/349
f 1038/270/350 1035/270/380 1036/269/349
f 1666/271/381 1035/270/380 1038/270/350
f 1304/271/351 1666/271/381 1038/270/350
f 1642/272/382 1666/271/381 1304/271/351
f 1641/272/352 1642/272/382 1304/271/351
f 1600/273/383 1642/272/382 1641/272/352
f 1594/273/353 1600/273/383 1641/272/352
f 1599/274/384 1600/273/383 1594/273/353
f 1524/274/354 1599/274/384 1594/273/353
f 1313/275/385 1599/274/384 1524/274/354
f 1520/275/355 1313/275/385 1524/274/354
f 1308/276/386 1313/275/385 1520/275/355
f 1305/276/356 1308/276/386 1520/275/355
f 1041/277/387 1308/276/386 1305/276/356
f 1040/277/357 1041/277/387 1305/276/356
f 1039/278/388 1041/277/387 1040/277/357
f 1042/278/358 1039/278/388 1040/277/357
f 1043/279/389 1039/278/388 1042/278/358
f 1045/279/359 1043/279/389 1042/278/358
f 1044/280/390 1043/279/389 1045/279/359
f 1601/280/360 1044/280/390 1045/279/359
f 1309/252/362 1044/280/390 1601/280/360
f 1021/252/331 1309/252/362 1601/280/360
f 1309/252/362 1310/251/361 1046/281/391
f 1310/251/361 1029/253/363 1046/281/391
f 1029/253/363 1027/254/364 1046/281/391
f 1027/254/364 1031/255/365 1046/281/391
f 1031/255/365 1639/256/366 1046/281/391
f 1639/256/366 1596/257/367 1046/281/391
f 1596/257/367 1522/258/368 1046/281/391
f 1522/258/368 1445/259/369 1046/281/391
f 1445/259/369 1034/260/370 1046/281/391
f 1034/260/370 1032/261/371 1046/281/391
f 1032/261/371 1665/262/372 1046/281/391
f 1665/262/372 1664/263/373 1046/281/391
f 1664/263/373 1311/264/374 1046/281/391
f 1311/264/374 1598/265/375 1046/281/391
f 1598/265/375 1597/266/376 1046/281/391
f 1597/266/376 1312/267/377 1046/281/391
f 1312/267/377 1307/268/378 1046/281/391
f 1307/268/378 1037/269/379 1046/281/391
f 1037/269/379 1035/270/380 1046/281/391
f 1035/270/380 1666/271/381 1046/281/391
f 1666/271/381 1642/272/382 1046/281/391
f 1642/272/382 1600/273/383 1046/281/391
f 1600/273/383 1599/274/384 1046/281/391
f 1599/274/384 1313/275/385 1046/281/391
f 1313/275/385 1308/276/386 1046/281/391
f 1308/276/386 1041/277/387 1046/281/391
f 1041/277/387 1039/278/388 1046/281/391
f 1039/278/388 1043/279/389 1046/281/391
f 1043/279/389 1044/280/390 1046/281/391
f 1044/280/390 1309/252/362 1046/281/391
f 1055/176/392 1048/177/168 1528/178/393
f 1048/177/168 1049/179/170 1528/178/393
f 1048/177/168 1047/180/171 1049/179/170
f 1047/180/171 1050/181/172 1049/179/170
f 1047/180/171 1051/182/394 1050/181/172
f 1051/182/394 1052/183/174 1050/181/172
f 1051/184/394 1058/185/395 1052/186/174
f 1058/185/395 1447/187/176 1052/186/174
f 1058/184/395 1603/185/396 1447/186/176
f 1603/185/396 1672/187/178 1447/186/176
f 1603/184/396 1604/185/179 1672/186/178
f 1604/185/179 1529/187/180 1672/186/178
f 1604/184/179 1606/185/397 1529/186/180
f 1606/185/397 1643/187/398 1529/186/180
f 1606/184/397 1055/185/392 1643/186/398
f 1055/185/392 1528/187/393 1643/186/398
f 1054/188/399 1053/189/184 1055/176/392
f 1053/189/184 1048/177/168 1055/176/392
f 1053/189/184 1449/190/185 1048/177/168
f 1449/190/185 1047/180/171 1048/177/168
f 1449/190/185 1448/191/400 1047/180/171
f 1448/191/400 1051/182/394 1047/180/171
f 1448/184/400 1057/185/401 1051/186/394
f 1057/185/401 1058/187/395 1051/186/394
f 1057/184/401 1056/185/188 1058/186/395
f 1056/185/188 1603/187/396 1058/186/395
f 1056/184/188 1602/185/189 1603/186/396
f 1602/185/189 1604/187/179 1603/186/396
f 1602/184/189 1605/185/402 1604/186/179
f 1605/185/402 1606/187/397 1604/186/179
f 1605/184/402 1054/185/399 1606/186/397
f 1054/185/399 1055/187/392 1606/186/397
f 1608/192/403 1060/193/192 1054/188/399
f 1060/193/192 1053/189/184 1054/188/399
f 1060/193/192 1063/194/404 1053/189/184
f 1063/194/404 1449/190/185 1053/189/184
f 1063/194/404 1064/195/194 1449/190/185
f 1064/195/194 1448/191/400 1449/190/185
f 1064/184/194 1315/185/195 1448/186/400
f 1315/185/195 1057/187/401 1448/186/400
f 1315/184/195 1314/185/196 1057/186/401
f 1314/185/196 1056/187/188 1057/186/401
f 1314/184/196 1525/185/197 1056/186/188
f 1525/185/197 1602/187/189 1056/186/188
f 1525/184/197 1611/185/405 1602/186/189
f 1611/185/405 1605/187/402 1602/186/189
f 1611/184/405 1608/185/403 1605/186/402
f 1608/185/403 1054/187/399 1605/186/402
f 1607/196/406 1059/197/200 1608/192/403
f 1059/197/200 1060/193/192 1608/192/403
f 1059/197/200 1062/198/201 1060/193/192
f 1062/198/201 1063/194/404 1060/193/192
f 1062/198/201 1061/199/407 1063/194/404
f 1061/199/407 1064/195/194 1063/194/404
f 1061/184/407 1609/185/408 1064/186/194
f 1609/185/408 1315/187/195 1064/186/194
f 1609/184/408 1319/185/204 1315/186/195
f 1319/185/204 1314/187/196 1315/186/195
f 1319/184/204 1320/185/205 1314/186/196
f 1320/185/205 1525/187/197 1314/186/196
f 1320/184/205 1610/185/409 1525/186/197
f 1610/185/409 1611/187/405 1525/186/197
f 1610/184/409 1607/185/406 1611/186/405
f 1607/185/406 1608/187/403 1611/186/405
f 1613/200/410 1317/201/208 1607/196/406
f 1317/201/208 1059/197/200 1607/196/406
f 1317/201/208 1316/202/209 1059/197/200
f 1316/202/209 1062/198/201 1059/197/200
f 1316/202/209 1644/203/411 1062/198/201
f 1644/203/411 1061/199/407 1062/198/201
f 1644/184/411 1527/185/412 1061/186/407
f 1527/185/412 1609/187/408 1061/186/407
f 1527/184/412 1318/185/413 1609/186/408
f 1318/185/413 1319/187/204 1609/186/408
f 1318/184/413 1067/185/213 1319/186/204
f 1067/185/213 1320/187/205 1319/186/204
f 1067/184/213 1068/185/414 1320/186/205
f 1068/185/414 1610/187/409 1320/186/205
f 1068/184/414 1613/185/410 1610/186/409
f 1613/185/410 1607/187/406 1610/186/409
f 1612/204/415 1321/205/216 1613/200/410
f 1321/205/216 1317/201/208 1613/200/410
f 1321/205/216 1323/206/416 1317/201/208
f 1323/206/416 1316/202/209 1317/201/208
f 1323/206/416 1070/207/417 1316/202/209
f 1070/207/417 1644/203/411 1316/202/209
f 1070/184/417 1526/185/418 1644/186/411
f 1526/185/418 1527/187/412 1644/186/411
f 1526/184/418 1073/185/220 1527/186/412
f 1073/185/220 1318/187/413 1527/186/412
f 1073/184/220 1066/185/221 1318/186/413
f 1066/185/221 1067/187/213 1318/186/413
f 1066/184/221 1065/185/222 1067/186/213
f 1065/185/222 1068/187/414 1067/186/213
f 1065/184/222 1612/185/415 1068/186/414
f 1612/185/415 1613/187/410 1068/186/414
f 1324/208/419 1322/209/224 1612/204/415
f 1322/209/224 1321/205/216 1612/204/415
f 1322/209/224 1076/210/225 1321/205/216
f 1076/210/225 1323/206/416 1321/205/216
f 1076/210/225 1450/211/420 1323/206/416
f 1450/211/420 1070/207/417 1323/206/416
f 1450/184/420 1069/185/421 1070/186/417
f 1069/185/421 1526/187/418 1070/186/417
f 1069/184/421 1072/185/228 1526/186/418
f 1072/185/228 1073/187/220 1526/186/418
f 1072/184/228 1071/185/229 1073/186/220
f 1071/185/229 1066/187/221 1073/186/220
f 1071/184/229 1325/185/422 1066/186/221
f 1325/185/422 1065/187/222 1066/186/221
f 1325/184/422 1324/185/419 1065/186/222
f 1324/185/419 1612/187/415 1065/186/222
f 1122/212/231 1079/213/232 1324/208/419
f 1079/213/232 1322/209/224 1324/208/419
f 1079/213/232 1075/214/233 1322/209/224
f 1075/214/233 1076/210/225 1322/209/224
f 1075/214/233 1074/215/423 1076/210/225
f 1074/215/423 1450/211/420 1076/210/225
f 1074/184/423 1081/185/235 1450/186/420
f 1081/185/235 1069/187/421 1450/186/420
f 1081/184/235 1082/185/236 1069/186/421
f 1082/185/236 1072/187/228 1069/186/421
f 1082/184/236 1085/185/237 1072/186/228
f 1085/185/237 1071/187/229 1072/186/228
f 1085/184/237 1086/185/238 1071/186/229
f 1086/185/238 1325/187/422 1071/186/229
f 1086/184/238 1122/185/231 1325/186/422
f 1122/185/231 1324/187/419 1325/186/422
f 1087/216/424 1078/217/240 1122/212/231
f 1078/217/240 1079/213/232 1122/212/231
f 1078/217/240 1077/218/241 1079/213/232
f 1077/218/241 1075/214/233 1079/213/232
f 1077/218/241 1451/219/425 1075/214/233
f 1451/219/425 1074/215/423 1075/214/233
f 1451/184/425 1341/185/426 1074/186/423
f 1341/185/426 1081/187/235 1074/186/423
f 1341/184/426 1080/185/244 1081/186/235
f 1080/185/244 1082/187/236 1081/186/235
f 1080/184/244 1084/185/245 1082/186/236
f 1084/185/245 1085/187/237 1082/186/236
f 1084/184/245 1083/185/246 1085/186/237
f 1083/185/246 1086/187/238 1085/186/237
f 1083/184/427 1087/185/428 1086/186/249
f 1087/185/428 1122/187/250 1086/186/249
f 1088/184/251 1089/185/252 1083/186/327
f 1089/185/252 1087/187/429 1083/186/327
f 1528/187/393 1049/186/170 1090/185/430
f 1049/187/170 1050/186/172 1090/185/430
f 1050/187/172 1052/186/174 1090/185/430
f 1052/187/174 1447/186/176 1090/185/430
f 1447/187/176 1672/186/178 1090/185/430
f 1672/187/178 1529/186/180 1090/185/430
f 1529/187/180 1643/186/398 1090/185/430
f 1643/187/398 1528/186/393 1090/185/430
f 1453/177/255 1452/176/431 1617/178/432
f 1616/179/258 1453/177/255 1617/178/432
f 1454/180/259 1453/177/255 1616/179/258
f 1326/181/433 1454/180/259 1616/179/258
f 1097/182/434 1454/180/259 1326/181/433
f 1092/183/262 1097/182/434 1326/181/433
f 1099/185/435 1097/184/434 1092/186/262
f 1091/187/436 1099/185/435 1092/186/262
f 1328/185/265 1099/184/435 1091/186/436
f 1327/187/266 1328/185/265 1091/186/436
f 1095/185/267 1328/184/265 1327/186/266
f 1094/187/268 1095/185/267 1327/186/266
f 1093/185/437 1095/184/267 1094/186/268
f 1673/187/438 1093/185/437 1094/186/268
f 1452/185/431 1093/184/437 1673/186/438
f 1617/187/432 1452/185/431 1673/186/438
f 1329/189/271 1102/188/439 1452/176/431
f 1453/177/255 1329/189/271 1452/176/431
f 1531/190/273 1329/189/271 1453/177/255
f 1454/180/259 1531/190/273 1453/177/255
f 1098/191/440 1531/190/273 1454/180/259
f 1097/182/434 1098/191/440 1454/180/259
f 1096/185/441 1098/184/440 1097/186/434
f 1099/187/435 1096/185/441 1097/186/434
f 1530/185/276 1096/184/441 1099/186/435
f 1328/187/265 1530/185/276 1099/186/435
f 1101/185/277 1530/184/276 1328/186/265
f 1095/187/267 1101/185/277 1328/186/265
f 1100/185/442 1101/184/277 1095/186/267
f 1093/187/437 1100/185/442 1095/186/267
f 1102/185/439 1100/184/442 1093/186/437
f 1452/187/431 1102/185/439 1093/186/437
f 1330/193/279 1103/192/443 1102/188/439
f 1329/189/271 1330/193/279 1102/188/439
f 1456/194/444 1330/193/279 1329/189/271
f 1531/190/273 1456/194/444 1329/189/271
f 1457/195/445 1456/194/444 1531/190/273
f 1098/191/440 1457/195/445 1531/190/273
f 1458/185/446 1457/184/445 1098/186/440
f 1096/187/441 1458/185/446 1098/186/440
f 1459/185/284 1458/184/446 1096/186/441
f 1530/187/276 1459/185/284 1096/186/441
f 1105/185/285 1459/184/284 1530/186/276
f 1101/187/277 1105/185/285 1530/186/276
f 1107/185/447 1105/184/285 1101/186/277
f 1100/187/442 1107/185/447 1101/186/277
f 1103/185/443 1107/184/447 1100/186/442
f 1102/187/439 1103/185/443 1100/186/442
f 1110/197/287 1108/196/448 1103/192/443
f 1330/193/279 1110/197/287 1103/192/443
f 1112/198/449 1110/197/287 1330/193/279
f 1456/194/444 1112/198/449 1330/193/279
f 1455/199/450 1112/198/449 1456/194/444
f 1457/195/445 1455/199/450 1456/194/444
f 1332/185/451 1455/184/450 1457/186/445
f 1458/187/446 1332/185/451 1457/186/445
f 1334/185/292 1332/184/451 1458/186/446
f 1459/187/284 1334/185/292 1458/186/446
f 1106/185/293 1334/184/292 1459/186/284
f 1105/187/285 1106/185/293 1459/186/284
f 1104/185/452 1106/184/293 1105/186/285
f 1107/187/447 1104/185/452 1105/186/285
f 1108/185/448 1104/184/452 1107/186/447
f 1103/187/443 1108/185/448 1107/186/447
f 1111/201/295 1113/200/453 1108/196/448
f 1110/197/287 1111/201/295 1108/196/448
f 1109/202/297 1111/201/295 1110/197/287
f 1112/198/449 1109/202/297 1110/197/287
f 1337/203/454 1109/202/297 1112/198/449
f 1455/199/450 1337/203/454 1112/198/449
f 1333/185/455 1337/184/454 1455/186/450
f 1332/187/451 1333/185/455 1455/186/450
f 1331/185/456 1333/184/455 1332/186/451
f 1334/187/292 1331/185/456 1332/186/451
f 1614/185/301 1331/184/456 1334/186/292
f 1106/187/293 1614/185/301 1334/186/292
f 1462/185/457 1614/184/301 1106/186/293
f 1104/187/452 1462/185/457 1106/186/293
f 1113/185/453 1462/184/457 1104/186/452
f 1108/187/448 1113/185/453 1104/186/452
f 1461/205/303 1460/204/458 1113/200/453
f 1111/201/295 1461/205/303 1113/200/453
f 1336/206/459 1461/205/303 1111/201/295
f 1109/202/297 1336/206/459 1111/201/295
f 1335/207/460 1336/206/459 1109/202/297
f 1337/203/454 1335/207/460 1109/202/297
f 1338/185/461 1335/184/460 1337/186/454
f 1333/187/455 1338/185/461 1337/186/454
f 1645/185/308 1338/184/461 1333/186/455
f 1331/187/456 1645/185/308 1333/186/455
f 1532/185/309 1645/184/308 1331/186/456
f 1614/187/301 1532/185/309 1331/186/456
f 1463/185/310 1532/184/309 1614/186/301
f 1462/187/457 1463/185/310 1614/186/301
f 1460/185/458 1463/184/310 1462/186/457
f 1113/187/453 1460/185/458 1462/186/457
f 1116/209/311 1115/208/462 1460/204/458
f 1461/205/303 1116/209/311 1460/204/458
f 1615/210/313 1116/209/311 1461/205/303
f 1336/206/459 1615/210/313 1461/205/303
f 1339/211/463 1615/210/313 1336/206/459
f 1335/207/460 1339/211/463 1336/206/459
f 1118/185/464 1339/184/463 1335/186/460
f 1338/187/461 1118/185/464 1335/186/460
f 1120/185/316 1118/184/464 1338/186/461
f 1645/187/308 1120/185/316 1338/186/461
f 1533/185/317 1120/184/316 1645/186/308
f 1532/187/309 1533/185/317 1645/186/308
f 1464/185/465 1533/184/317 1532/186/309
f 1463/187/310 1464/185/465 1532/186/309
f 1115/185/462 1464/184/465 1463/186/310
f 1460/187/458 1115/185/462 1463/186/310
f 1114/213/319 1089/212/466 1115/208/462
f 1116/209/311 1114/213/319 1115/208/462
f 1646/214/467 1114/213/319 1116/209/311
f 1615/210/313 1646/214/467 1116/209/311
f 1340/215/468 1646/214/467 1615/210/313
f 1339/211/463 1340/215/468 1615/210/313
f 1119/185/323 1340/184/468 1339/186/463
f 1118/187/464 1119/185/323 1339/186/463
f 1117/185/324 1119/184/323 1118/186/464
f 1120/187/316 1117/185/324 1118/186/464
f 1121/185/325 1117/184/324 1120/186/316
f 1533/187/317 1121/185/325 1120/186/316
f 1088/185/326 1121/184/325 1533/186/317
f 1464/187/465 1088/185/326 1533/186/317
f 1089/185/466 1088/184/326 1464/186/465
f 1115/187/462 1089/185/466 1464/186/465
f 1078/217/240 1087/216/424 1089/212/466
f 1114/213/319 1078/217/240 1089/212/466
f 1077/218/241 1078/217/240 1114/213/319
f 1646/214/467 1077/218/241 1114/213/319
f 1451/219/425 1077/218/241 1646/214/467
f 1340/215/468 1451/219/425 1646/214/467
f 1341/185/426 1451/184/425 1340/186/468
f 1119/187/323 1341/185/426 1340/186/468
f 1080/185/244 1341/184/426 1119/186/323
f 1117/187/324 1080/185/244 1119/186/323
f 1084/185/245 1080/184/244 1117/186/324
f 1121/187/325 1084/185/245 1117/186/324
f 1083/185/246 1084/184/245 1121/186/325
f 1088/187/326 1083/185/246 1121/186/325
f 1087/185/428 1083/184/253 1088/186/251
f 1089/187/252 1087/185/428 1088/186/251
f 1122/185/250 1086/184/249 1083/186/327
f 1087/187/428 1122/185/250 1083/186/327
f 1616/186/258 1617/187/432 1342/185/469
f 1326/186/433 1616/187/258 1342/185/469
f 1092/186/262 1326/187/433 1342/185/469
f 1091/186/436 1092/187/262 1342/185/469
f 1327/186/266 1091/187/436 1342/185/469
f 1094/186/268 1327/187/266 1342/185/469
f 1673/186/438 1094/187/268 1342/185/469
f 1617/186/432 1673/187/438 1342/185/469
f 1620/220/330 1343/221/331 1124/222/332
f 1621/223/333 1620/220/330 1124/222/332
f 1465/224/470 1621/223/333 1124/222/332
f 1344/225/335 1465/224/470 1124/222/332
f 1134/226/471 1344/225/335 1124/222/332
f 1135/227/472 1134/226/471 1124/222/332
f 1345/228/338 1135/227/472 1124/222/332
f 1618/229/339 1345/228/338 1124/222/332
f 1125/230/473 1618/229/339 1124/222/332
f 1123/231/474 1125/230/473 1124/222/332
f 1126/232/342 1123/231/474 1124/222/332
f 1534/233/475 1126/232/342 1124/222/332
f 1469/234/476 1534/233/475 1124/222/332
f 1346/235/345 1469/234/476 1124/222/332
f 1128/236/346 1346/235/345 1124/222/332
f 1127/237/347 1128/236/346 1124/222/332
f 1139/238/348 1127/237/347 1124/222/332
f 1141/239/477 1139/238/348 1124/222/332
f 1540/240/478 1141/239/477 1124/222/332
f 1535/241/479 1540/240/478 1124/222/332
f 1130/242/480 1535/241/479 1124/222/332
f 1129/243/353 1130/242/480 1124/222/332
f 1131/244/481 1129/243/353 1124/222/332
f 1132/245/482 1131/244/481 1124/222/332
f 1472/246/483 1132/245/482 1124/222/332
f 1143/247/357 1472/246/483 1124/222/332
f 1145/248/484 1143/247/357 1124/222/332
f 1352/249/485 1145/248/484 1124/222/332
f 1347/250/486 1352/249/485 1124/222/332
f 1343/221/331 1347/250/486 1124/222/332
f 1348/251/487 1667/252/362 1343/252/331
f 1620/251/330 1348/251/487 1343/252/331
f 1619/253/363 1348/251/487 1620/251/330
f 1621/253/333 1619/253/363 1620/251/330
f 1536/254/364 1619/253/363 1621/253/333
f 1465/254/470 1536/254/364 1621/253/333
f 1467/255/365 1536/254/364 1465/254/470
f 1344/255/335 1467/255/365 1465/254/470
f 1466/256/366 1467/255/365 1344/255/335
f 1134/256/471 1466/256/366 1344/255/335
f 1133/257/488 1466/256/366 1134/256/471
f 1135/257/472 1133/257/488 1134/256/471
f 1349/258/489 1133/257/488 1135/257/472
f 1345/258/338 1349/258/489 1135/257/472
f 1350/259/369 1349/258/489 1345/258/338
f 1618/259/339 1350/259/369 1345/258/338
f 1674/260/490 1350/259/369 1618/259/339
f 1125/260/473 1674/260/490 1618/259/339
f 1136/261/371 1674/260/490 1125/260/473
f 1123/261/474 1136/261/371 1125/260/473
f 1537/262/372 1136/261/371 1123/261/474
f 1126/262/342 1537/262/372 1123/261/474
f 1538/263/491 1537/262/372 1126/262/342
f 1534/263/475 1538/263/491 1126/262/342
f 1470/264/374 1538/263/491 1534/263/475
f 1469/264/476 1470/264/374 1534/263/475
f 1468/265/375 1470/264/374 1469/264/476
f 1346/265/345 1468/265/375 1469/264/476
f 1471/266/376 1468/265/375 1346/265/345
f 1128/266/346 1471/266/376 1346/265/345
f 1138/267/492 1471/266/376 1128/266/346
f 1127/267/347 1138/267/492 1128/266/346
f 1137/268/378 1138/267/492 1127/267/347
f 1139/268/348 1137/268/378 1127/267/347
f 1140/269/379 1137/268/378 1139/268/348
f 1141/269/477 1140/269/379 1139/268/348
f 1541/270/493 1140/269/379 1141/269/477
f 1540/270/478 1541/270/493 1141/269/477
f 1539/271/494 1541/270/493 1540/270/478
f 1535/271/479 1539/271/494 1540/270/478
f 1648/272/495 1539/271/494 1535/271/479
f 1130/272/480 1648/272/495 1535/271/479
f 1647/273/496 1648/272/495 1130/272/480
f 1129/273/353 1647/273/496 1130/272/480
f 1649/274/497 1647/273/496 1129/273/353
f 1131/274/481 1649/274/497 1129/273/353
f 1542/275/498 1649/274/497 1131/274/481
f 1132/275/482 1542/275/498 1131/274/481
f 1473/276/386 1542/275/498 1132/275/482
f 1472/276/483 1473/276/386 1132/275/482
f 1144/277/387 1473/276/386 1472/276/483
f 1143/277/357 1144/277/387 1472/276/483
f 1142/278/388 1144/277/387 1143/277/357
f 1145/278/484 1142/278/388 1143/277/357
f 1146/279/499 1142/278/388 1145/278/484
f 1352/279/485 1146/279/499 1145/278/484
f 1351/280/390 1146/279/499 1352/279/485
f 1347/280/486 1351/280/390 1352/279/485
f 1667/252/362 1351/280/390 1347/280/486
f 1343/252/331 1667/252/362 1347/280/486
f 1667/252/362 1348/251/487 1147/281/391
f 1348/251/487 1619/253/363 1147/281/391
f 1619/253/363 1536/254/364 1147/281/391
f 1536/254/364 1467/255/365 1147/281/391
f 1467/255/365 1466/256/366 1147/281/391
f 1466/256/366 1133/257/488 1147/281/391
f 1133/257/488 1349/258/489 1147/281/391
f 1349/258/489 1350/259/369 1147/281/391
f 1350/259/369 1674/260/490 1147/281/391
f 1674/260/490 1136/261/371 1147/281/391
f 1136/261/371 1537/262/372 1147/281/391
f 1537/262/372 1538/263/491 1147/281/391
f 1538/263/491 1470/264/374 1147/281/391
f 1470/264/374 1468/265/375 1147/281/391
f 1468/265/375 1471/266/376 1147/281/391
f 1471/266/376 1138/267/492 1147/281/391
f 1138/267/492 1137/268/378 1147/281/391
f 1137/268/378 1140/269/379 1147/281/391
f 1140/269/379 1541/270/493 1147/281/391
f 1541/270/493 1539/271/494 1147/281/391
f 1539/271/494 1648/272/495 1147/281/391
f 1648/272/495 1647/273/496 1147/281/391
f 1647/273/496 1649/274/497 1147/281/391
f 1649/274/497 1542/275/498 1147/281/391
f 1542/275/498 1473/276/386 1147/281/391
f 1473/276/386 1144/277/387 1147/281/391
f 1144/277/387 1142/278/388 1147/281/391
f 1142/278/388 1146/279/499 1147/281/391
f 1146/279/499 1351/280/390 1147/281/391
f 1351/280/390 1667/252/362 1147/281/391
f 1357/282/392 1149/283/168 1148/284/500
f 1149/283/168 1150/285/501 1148/284/500
f 1149/283/168 1354/286/502 1150/285/501
f 1354/286/502 1668/287/503 1150/285/501
f 1354/286/502 1353/288/504 1668/287/503
f 1353/288/504 1650/289/505 1668/287/503
f 1353/184/504 1153/185/395 1650/186/505
f 1153/185/395 1622/187/506 1650/186/505
f 1153/184/395 1154/185/177 1622/186/506
f 1154/185/177 1474/187/507 1622/186/506
f 1154/184/177 1157/185/179 1474/186/507
f 1157/185/179 1356/187/180 1474/186/507
f 1157/184/179 1158/185/397 1356/186/180
f 1158/185/397 1355/187/508 1356/186/180
f 1158/184/397 1357/185/392 1355/186/508
f 1357/185/392 1148/187/500 1355/186/508
f 1651/290/509 1161/291/184 1357/282/392
f 1161/291/184 1149/283/168 1357/282/392
f 1161/291/184 1162/292/185 1149/283/168
f 1162/292/185 1354/286/502 1149/283/168
f 1162/292/185 1475/293/400 1354/286/502
f 1475/293/400 1353/288/504 1354/286/502
f 1475/184/400 1152/185/401 1353/186/504
f 1152/185/401 1153/187/395 1353/186/504
f 1152/184/401 1151/185/188 1153/186/395
f 1151/185/188 1154/187/177 1153/186/395
f 1151/184/188 1156/185/189 1154/186/177
f 1156/185/189 1157/187/179 1154/186/177
f 1156/184/189 1155/185/510 1157/186/179
f 1155/185/510 1158/187/397 1157/186/179
f 1155/184/510 1651/185/509 1158/186/397
f 1651/185/509 1357/187/392 1158/186/397
f 1163/294/403 1160/295/192 1651/290/509
f 1160/295/192 1161/291/184 1651/290/509
f 1160/295/192 1159/296/404 1161/291/184
f 1159/296/404 1162/292/185 1161/291/184
f 1159/296/404 1361/297/511 1162/292/185
f 1361/297/511 1475/293/400 1162/292/185
f 1361/184/511 1623/185/512 1475/186/400
f 1623/185/512 1152/187/401 1475/186/400
f 1623/184/512 1476/185/196 1152/186/401
f 1476/185/196 1151/187/188 1152/186/401
f 1476/184/196 1358/185/197 1151/186/188
f 1358/185/197 1156/187/189 1151/186/188
f 1358/184/197 1167/185/405 1156/186/189
f 1167/185/405 1155/187/510 1156/186/189
f 1167/184/405 1163/185/403 1155/186/510
f 1163/185/403 1651/187/509 1155/186/510
f 1164/298/199 1165/299/200 1163/294/403
f 1165/299/200 1160/295/192 1163/294/403
f 1165/299/200 1360/300/201 1160/295/192
f 1360/300/201 1159/296/404 1160/295/192
f 1360/300/201 1359/301/513 1159/296/404
f 1359/301/513 1361/297/511 1159/296/404
f 1359/184/513 1624/185/514 1361/186/511
f 1624/185/514 1623/187/512 1361/186/511
f 1624/184/514 1477/185/204 1623/186/512
f 1477/185/204 1476/187/196 1623/186/512
f 1477/184/204 1478/185/205 1476/186/196
f 1478/185/205 1358/187/197 1476/186/196
f 1478/184/205 1166/185/515 1358/186/197
f 1166/185/515 1167/187/405 1358/186/197
f 1166/184/515 1164/185/199 1167/186/405
f 1164/185/199 1163/187/403 1167/186/405
f 1168/302/410 1169/303/208 1164/298/199
f 1169/303/208 1165/299/200 1164/298/199
f 1169/303/208 1363/304/209 1165/299/200
f 1363/304/209 1360/300/201 1165/299/200
f 1363/304/209 1626/305/516 1360/300/201
f 1626/305/516 1359/301/513 1360/300/201
f 1626/184/516 1544/185/517 1359/186/513
f 1544/185/517 1624/187/514 1359/186/513
f 1544/184/517 1171/185/413 1624/186/514
f 1171/185/413 1477/187/204 1624/186/514
f 1171/184/413 1172/185/213 1477/186/204
f 1172/185/213 1478/187/205 1477/186/204
f 1172/184/213 1627/185/518 1478/186/205
f 1627/185/518 1166/187/515 1478/186/205
f 1627/184/518 1168/185/410 1166/186/515
f 1168/185/410 1164/187/199 1166/186/515
f 1625/306/519 1175/307/216 1168/302/410
f 1175/307/216 1169/303/208 1168/302/410
f 1175/307/216 1176/308/416 1169/303/208
f 1176/308/416 1363/304/209 1169/303/208
f 1176/308/416 1362/309/520 1363/304/209
f 1362/309/520 1626/305/516 1363/304/209
f 1362/184/520 1543/185/521 1626/186/516
f 1543/185/521 1544/187/517 1626/186/516
f 1543/184/521 1365/185/220 1544/186/517
f 1365/185/220 1171/187/413 1544/186/517
f 1365/184/220 1170/185/522 1171/186/413
f 1170/185/522 1172/187/213 1171/186/413
f 1170/184/522 1179/185/523 1172/186/213
f 1179/185/523 1627/187/518 1172/186/213
f 1179/184/523 1625/185/519 1627/186/518
f 1625/185/519 1168/187/410 1627/186/518
f 1367/310/524 1174/311/224 1625/306/519
f 1174/311/224 1175/307/216 1625/306/519
f 1174/311/224 1173/312/225 1175/307/216
f 1173/312/225 1176/308/416 1175/307/216
f 1173/312/225 1182/313/525 1176/308/416
f 1182/313/525 1362/309/520 1176/308/416
f 1182/184/525 1628/185/526 1362/186/520
f 1628/185/526 1543/187/521 1362/186/520
f 1628/184/526 1364/185/527 1543/186/521
f 1364/185/527 1365/187/220 1543/186/521
f 1364/184/527 1178/185/528 1365/186/220
f 1178/185/528 1170/187/522 1365/186/220
f 1178/184/528 1177/185/529 1170/186/522
f 1177/185/529 1179/187/523 1170/186/522
f 1177/184/529 1367/185/524 1179/186/523
f 1367/185/524 1625/187/519 1179/186/523
f 1186/314/530 1366/315/232 1367/310/524
f 1366/315/232 1174/311/224 1367/310/524
f 1366/315/232 1181/316/233 1174/311/224
f 1181/316/233 1173/312/225 1174/311/224
f 1181/316/233 1180/317/531 1173/312/225
f 1180/317/531 1182/313/525 1173/312/225
f 1180/184/531 1183/185/235 1182/186/525
f 1183/185/235 1628/187/526 1182/186/525
f 1183/184/235 1629/185/236 1628/186/526
f 1629/185/236 1364/187/527 1628/186/526
f 1629/184/236 1185/185/237 1364/186/527
f 1185/185/237 1178/187/528 1364/186/527
f 1185/184/237 1184/185/532 1178/186/528
f 1184/185/532 1177/187/529 1178/186/528
f 1184/184/532 1186/185/530 1177/186/529
f 1186/185/530 1367/187/524 1177/186/529
f 1479/318/424 1218/319/240 1186/314/530
f 1218/319/240 1366/315/232 1186/314/530
f 1218/319/240 1219/320/241 1366/315/232
f 1219/320/241 1181/316/233 1366/315/232
f 1219/320/241 1187/321/533 1181/316/233
f 1187/321/533 1180/317/531 1181/316/233
f 1187/184/533 1391/185/534 1180/186/531
f 1391/185/534 1183/187/235 1180/186/531
f 1391/184/534 1392/185/244 1183/186/235
f 1392/185/244 1629/187/236 1183/186/235
f 1392/184/244 1393/185/245 1629/186/236
f 1393/185/245 1185/187/237 1629/186/236
f 1393/184/245 1480/185/246 1185/186/237
f 1480/185/246 1184/187/532 1185/186/237
f 1480/184/535 1479/185/428 1184/186/249
f 1479/185/428 1186/187/250 1184/186/249
f 1481/184/251 1216/185/252 1480/186/253
f 1216/185/252 1479/187/429 1480/186/253
f 1148/187/500 1150/186/501 1188/185/536
f 1150/187/501 1668/186/503 1188/185/536
f 1668/187/503 1650/186/505 1188/185/536
f 1650/187/505 1622/186/506 1188/185/536
f 1622/187/506 1474/186/507 1188/185/536
f 1474/187/507 1356/186/180 1188/185/536
f 1356/187/180 1355/186/508 1188/185/536
f 1355/187/508 1148/186/500 1188/185/536
f 1368/283/255 1192/322/431 1193/284/537
f 1221/285/538 1368/283/255 1193/284/537
f 1369/286/539 1368/283/255 1221/285/538
f 1652/287/260 1369/286/539 1221/285/538
f 1370/288/540 1369/286/539 1652/287/260
f 1222/289/541 1370/288/540 1652/287/260
f 1195/185/435 1370/184/540 1222/186/541
f 1545/187/542 1195/185/435 1222/186/541
f 1197/185/265 1195/184/435 1545/186/542
f 1223/187/543 1197/185/265 1545/186/542
f 1546/185/267 1197/184/265 1223/186/543
f 1190/187/268 1546/185/267 1223/186/543
f 1191/185/437 1546/184/267 1190/186/268
f 1189/187/544 1191/185/437 1190/186/268
f 1192/185/431 1191/184/437 1189/186/544
f 1193/187/537 1192/185/431 1189/186/544
f 1374/291/271 1373/290/545 1192/322/431
f 1368/283/255 1374/291/271 1192/322/431
f 1376/292/273 1374/291/271 1368/283/255
f 1369/286/539 1376/292/273 1368/283/255
f 1371/293/546 1376/292/273 1369/286/539
f 1370/288/540 1371/293/546 1369/286/539
f 1196/185/441 1371/184/546 1370/186/540
f 1195/187/435 1196/185/441 1370/186/540
f 1194/185/276 1196/184/441 1195/186/435
f 1197/187/265 1194/185/276 1195/186/435
f 1378/185/277 1194/184/276 1197/186/265
f 1546/187/267 1378/185/277 1197/186/265
f 1547/185/547 1378/184/277 1546/186/267
f 1191/187/437 1547/185/547 1546/186/267
f 1373/185/545 1547/184/547 1191/186/437
f 1192/187/431 1373/185/545 1191/186/437
f 1372/295/279 1200/294/443 1373/290/545
f 1374/291/271 1372/295/279 1373/290/545
f 1377/296/444 1372/295/279 1374/291/271
f 1376/292/273 1377/296/444 1374/291/271
f 1375/297/548 1377/296/444 1376/292/273
f 1371/293/546 1375/297/548 1376/292/273
f 1482/185/549 1375/184/548 1371/186/546
f 1196/187/441 1482/185/549 1371/186/546
f 1202/185/284 1482/184/549 1196/186/441
f 1194/187/276 1202/185/284 1196/186/441
f 1203/185/285 1202/184/284 1194/186/276
f 1378/187/277 1203/185/285 1194/186/276
f 1204/185/447 1203/184/285 1378/186/277
f 1547/187/547 1204/185/447 1378/186/277
f 1200/185/443 1204/184/447 1547/186/547
f 1373/187/545 1200/185/443 1547/186/547
f 1199/299/287 1198/298/288 1200/294/443
f 1372/295/279 1199/299/287 1200/294/443
f 1380/300/449 1199/299/287 1372/295/279
f 1377/296/444 1380/300/449 1372/295/279
f 1379/301/550 1380/300/449 1377/296/444
f 1375/297/548 1379/301/550 1377/296/444
f 1484/185/551 1379/184/550 1375/186/548
f 1482/187/549 1484/185/551 1375/186/548
f 1206/185/292 1484/184/551 1482/186/549
f 1202/187/284 1206/185/292 1482/186/549
f 1201/185/293 1206/184/292 1202/186/284
f 1203/187/285 1201/185/293 1202/186/284
f 1483/185/552 1201/184/293 1203/186/285
f 1204/187/447 1483/185/552 1203/186/285
f 1198/185/288 1483/184/552 1204/186/447
f 1200/187/443 1198/185/288 1204/186/447
f 1486/303/295 1485/302/453 1198/298/288
f 1199/299/287 1486/303/295 1198/298/288
f 1210/304/297 1486/303/295 1199/299/287
f 1380/300/449 1210/304/297 1199/299/287
f 1212/305/553 1210/304/297 1380/300/449
f 1379/301/550 1212/305/553 1380/300/449
f 1381/185/554 1212/184/553 1379/186/550
f 1484/187/551 1381/185/554 1379/186/550
f 1207/185/456 1381/184/554 1484/186/551
f 1206/187/292 1207/185/456 1484/186/551
f 1205/185/301 1207/184/456 1206/186/292
f 1201/187/293 1205/185/301 1206/186/292
f 1208/185/555 1205/184/301 1201/186/293
f 1483/187/552 1208/185/555 1201/186/293
f 1485/185/453 1208/184/555 1483/186/552
f 1198/187/288 1485/185/453 1483/186/552
f 1487/307/303 1488/306/556 1485/302/453
f 1486/303/295 1487/307/303 1485/302/453
f 1211/308/459 1487/307/303 1486/303/295
f 1210/304/297 1211/308/459 1486/303/295
f 1209/309/557 1211/308/459 1210/304/297
f 1212/305/553 1209/309/557 1210/304/297
f 1654/185/558 1209/184/557 1212/186/553
f 1381/187/554 1654/185/558 1212/186/553
f 1382/185/308 1654/184/558 1381/186/554
f 1207/187/456 1382/185/308 1381/186/554
f 1213/185/559 1382/184/308 1207/186/456
f 1205/187/301 1213/185/559 1207/186/456
f 1214/185/310 1213/184/559 1205/186/301
f 1208/187/555 1214/185/310 1205/186/301
f 1488/185/556 1214/184/310 1208/186/555
f 1485/187/453 1488/185/556 1208/186/555
f 1217/311/311 1653/310/560 1488/306/556
f 1487/307/303 1217/311/311 1488/306/556
f 1489/312/313 1217/311/311 1487/307/303
f 1211/308/459 1489/312/313 1487/307/303
f 1384/323/561 1489/312/313 1211/308/459
f 1209/309/557 1384/323/561 1211/308/459
f 1383/185/562 1384/184/561 1209/186/557
f 1654/187/558 1383/185/562 1209/186/557
f 1388/185/563 1383/184/562 1654/186/558
f 1382/187/308 1388/185/563 1654/186/558
f 1390/185/564 1388/184/563 1382/186/308
f 1213/187/559 1390/185/564 1382/186/308
f 1655/185/565 1390/184/564 1213/186/559
f 1214/187/310 1655/185/565 1213/186/559
f 1653/185/560 1655/184/565 1214/186/310
f 1488/187/556 1653/185/560 1214/186/310
f 1215/315/566 1216/314/466 1653/310/560
f 1217/311/311 1215/315/566 1653/310/560
f 1548/316/467 1215/315/566 1217/311/311
f 1489/312/313 1548/316/467 1217/311/311
f 1386/317/567 1548/316/467 1489/312/313
f 1384/323/561 1386/317/567 1489/312/313
f 1385/185/323 1386/184/567 1384/186/561
f 1383/187/562 1385/185/323 1384/186/561
f 1389/185/324 1385/184/323 1383/186/562
f 1388/187/563 1389/185/324 1383/186/562
f 1387/185/325 1389/184/324 1388/186/563
f 1390/187/564 1387/185/325 1388/186/563
f 1481/185/326 1387/184/325 1390/186/564
f 1655/187/565 1481/185/326 1390/186/564
f 1216/185/466 1481/184/326 1655/186/565
f 1653/187/560 1216/185/466 1655/186/565
f 1218/319/240 1479/318/424 1216/314/466
f 1215/315/566 1218/319/240 1216/314/466
f 1219/320/241 1218/319/240 1215/315/566
f 1548/316/467 1219/320/241 1215/315/566
f 1187/321/533 1219/320/241 1548/316/467
f 1386/317/567 1187/321/533 1548/316/467
f 1391/185/534 1187/184/533 1386/186/567
f 1385/187/323 1391/185/534 1386/186/567
f 1392/185/244 1391/184/534 1385/186/323
f 1389/187/324 1392/185/244 1385/186/323
f 1393/185/245 1392/184/244 1389/186/324
f 1387/187/325 1393/185/245 1389/186/324
f 1480/185/246 1393/184/245 1387/186/325
f 1481/187/326 1480/185/246 1387/186/325
f 1479/185/429 1480/184/327 1481/186/251
f 1216/187/252 1479/185/429 1481/186/251
f 1186/185/250 1184/184/249 1480/186/327
f 1479/187/428 1186/185/250 1480/186/327
f 1221/186/538 1193/187/537 1220/185/568
f 1652/186/260 1221/187/538 1220/185/568
f 1222/186/541 1652/187/260 1220/185/568
f 1545/186/542 1222/187/541 1220/185/568
f 1223/186/543 1545/187/542 1220/185/568
f 1190/186/268 1223/187/543 1220/185/568
f 1189/186/544 1190/187/268 1220/185/568
f 1193/186/537 1189/187/544 1220/185/568
f 1551/220/330 1550/221/331 1225/222/332
f 1232/223/569 1551/220/330 1225/222/332
f 1226/224/570 1232/223/569 1225/222/332
f 1224/225/335 1226/224/570 1225/222/332
f 1227/226/571 1224/225/335 1225/222/332
f 1630/227/572 1227/226/571 1225/222/332
f 1553/228/338 1630/227/572 1225/222/332
f 1490/229/339 1553/228/338 1225/222/332
f 1229/230/573 1490/229/339 1225/222/332
f 1228/231/574 1229/230/573 1225/222/332
f 1230/232/575 1228/231/574 1225/222/332
f 1237/233/343 1230/232/575 1225/222/332
f 1239/234/576 1237/233/343 1225/222/332
f 1394/235/345 1239/234/576 1225/222/332
f 1241/236/346 1394/235/345 1225/222/332
f 1669/237/347 1241/236/346 1225/222/332
f 1491/238/577 1669/237/347 1225/222/332
f 1399/239/349 1491/238/577 1225/222/332
f 1656/240/578 1399/239/349 1225/222/332
f 1549/241/479 1656/240/578 1225/222/332
f 1395/242/579 1549/241/479 1225/222/332
f 1243/243/580 1395/242/579 1225/222/332
f 1658/244/354 1243/243/580 1225/222/332
f 1657/245/581 1658/244/354 1225/222/332
f 1493/246/356 1657/245/581 1225/222/332
f 1492/247/582 1493/246/356 1225/222/332
f 1396/248/358 1492/247/582 1225/222/332
f 1245/249/359 1396/248/358 1225/222/332
f 1661/250/360 1245/249/359 1225/222/332
f 1550/221/331 1661/250/360 1225/222/332
f 1495/251/487 1494/252/362 1550/252/331
f 1551/251/330 1495/251/487 1550/252/331
f 1233/253/363 1495/251/487 1551/251/330
f 1232/253/569 1233/253/363 1551/251/330
f 1231/254/364 1233/253/363 1232/253/569
f 1226/254/570 1231/254/364 1232/253/569
f 1234/255/365 1231/254/364 1226/254/570
f 1224/255/335 1234/255/365 1226/254/570
f 1496/256/583 1234/255/365 1224/255/335
f 1227/256/571 1496/256/583 1224/255/335
f 1631/257/367 1496/256/583 1227/256/571
f 1630/257/572 1631/257/367 1227/256/571
f 1554/258/368 1631/257/367 1630/257/572
f 1553/258/338 1554/258/368 1630/257/572
f 1552/259/369 1554/258/368 1553/258/338
f 1490/259/339 1552/259/369 1553/258/338
f 1397/260/370 1552/259/369 1490/259/339
f 1229/260/573 1397/260/370 1490/259/339
f 1235/261/371 1397/260/370 1229/260/573
f 1228/261/574 1235/261/371 1229/260/573
f 1497/262/584 1235/261/371 1228/261/574
f 1230/262/575 1497/262/584 1228/261/574
f 1238/263/373 1497/262/584 1230/262/575
f 1237/263/343 1238/263/373 1230/262/575
f 1236/264/374 1238/263/373 1237/263/343
f 1239/264/576 1236/264/374 1237/263/343
f 1660/265/375 1236/264/374 1239/264/576
f 1394/265/345 1660/265/375 1239/264/576
f 1659/266/376 1660/265/375 1394/265/345
f 1241/266/346 1659/266/376 1394/265/345
f 1240/267/377 1659/266/376 1241/266/346
f 1669/267/347 1240/267/377 1241/266/346
f 1498/268/378 1240/267/377 1669/267/347
f 1491/268/577 1498/268/378 1669/267/347
f 1400/269/585 1498/268/378 1491/268/577
f 1399/269/349 1400/269/585 1491/268/577
f 1398/270/586 1400/269/585 1399/269/349
f 1656/270/578 1398/270/586 1399/269/349
f 1499/271/494 1398/270/586 1656/270/578
f 1549/271/479 1499/271/494 1656/270/578
f 1402/272/495 1499/271/494 1549/271/479
f 1395/272/579 1402/272/495 1549/271/479
f 1401/273/587 1402/272/495 1395/272/579
f 1243/273/580 1401/273/587 1395/272/579
f 1242/274/588 1401/273/587 1243/273/580
f 1658/274/354 1242/274/588 1243/273/580
f 1670/275/498 1242/274/588 1658/274/354
f 1657/275/581 1670/275/498 1658/274/354
f 1632/276/589 1670/275/498 1657/275/581
f 1493/276/356 1632/276/589 1657/275/581
f 1555/277/590 1632/276/589 1493/276/356
f 1492/277/582 1555/277/590 1493/276/356
f 1404/278/591 1555/277/590 1492/277/582
f 1396/278/358 1404/278/591 1492/277/582
f 1403/279/499 1404/278/591 1396/278/358
f 1245/279/359 1403/279/499 1396/278/358
f 1244/280/390 1403/279/499 1245/279/359
f 1661/280/360 1244/280/390 1245/279/359
f 1494/252/362 1244/280/390 1661/280/360
f 1550/252/331 1494/252/362 1661/280/360
f 1494/252/362 1495/251/487 1246/281/391
f 1495/251/487 1233/253/363 1246/281/391
f 1233/253/363 1231/254/364 1246/281/391
f 1231/254/364 1234/255/365 1246/281/391
f 1234/255/365 1496/256/583 1246/281/391
f 1496/256/583 1631/257/367 1246/281/391
f 1631/257/367 1554/258/368 1246/281/391
f 1554/258/368 1552/259/369 1246/281/391
f 1552/259/369 1397/260/370 1246/281/391
f 1397/260/370 1235/261/371 1246/281/391
f 1235/261/371 1497/262/584 1246/281/391
f 1497/262/584 1238/263/373 1246/281/391
f 1238/263/373 1236/264/374 1246/281/391
f 1236/264/374 1660/265/375 1246/281/391
f 1660/265/375 1659/266/376 1246/281/391
f 1659/266/376 1240/267/377 1246/281/391
f 1240/267/377 1498/268/378 1246/281/391
f 1498/268/378 1400/269/585 1246/281/391
f 1400/269/585 1398/270/586 1246/281/391
f 1398/270/586 1499/271/494 1246/281/391
f 1499/271/494 1402/272/495 1246/281/391
f 1402/272/495 1401/273/587 1246/281/391
f 1401/273/587 1242/274/588 1246/281/391
f 1242/274/588 1670/275/498 1246/281/391
f 1670/275/498 1632/276/589 1246/281/391
f 1632/276/589 1555/277/590 1246/281/391
f 1555/277/590 1404/278/591 1246/281/391
f 1404/278/591 1403/279/499 1246/281/391
f 1403/279/499 1244/280/390 1246/281/391
f 1244/280/390 1494/252/362 1246/281/391
f 1557/324/592 1556/325/593 1558/326/594
f 1559/327/595 1558/326/594 1556/325/593
f 1560/324/596 1501/325/597 1502/326/598
f 1500/327/599 1502/326/598 1501/325/597
f 1559/324/595 1560/325/596 1558/326/594
f 1502/327/598 1558/326/594 1560/325/596
f 1556/324/593 1501/325/597 1559/326/595
f 1560/327/596 1559/326/595 1501/325/597
f 1557/324/592 1500/325/599 1556/326/593
f 1501/327/597 1556/326/593 1500/325/599
f 1558/324/594 1502/325/598 1557/326/592
f 1500/327/599 1557/326/592 1502/325/598
f 1563/324/592 1503/325/593 1408/326/594
f 1407/327/595 1408/326/594 1503/325/593
f 1405/324/596 1562/325/597 1406/326/598
f 1561/327/599 1406/326/598 1562/325/597
f 1407/324/595 1405/325/596 1408/326/594
f 1406/327/598 1408/326/594 1405/325/596
f 1503/324/593 1562/325/597 1407/326/595
f 1405/327/596 1407/326/595 1562/325/597
f 1563/324/592 1561/325/599 1503/326/593
f 1562/327/597 1503/326/593 1561/325/599
f 1408/324/594 1406/325/598 1563/326/592
f 1561/327/599 1563/326/592 1406/325/598
o cervena_trpaslik_hlavni3
v 0.045652 0.325632 0.012614
v 0.048881 0.335417 0.010888
v 0.049973 0.345649 0.009084
v 0.033438 0.309076 0.015533
v 0.040429 0.316722 0.014185
v 0.048881 0.355881 0.007280
v 0.015443 0.298844 0.017337
v 0.024986 0.303028 0.016599
v 0.040429 0.374576 0.003984
v 0.045652 0.365666 0.005555
v 0.024986 0.388269 0.001569
v 0.033438 0.382222 0.002635
v -0.005223 0.296705 0.017714
v 0.005223 0.296705 0.017714
v 0.005223 0.394593 0.000454
v -0.024986 0.303028 0.016599
v -0.015443 0.298844 0.017337
v 0.015443 0.392454 0.000831
v -0.015443 0.392454 0.000831
v -0.005223 0.394593 0.000454
v -0.033438 0.382222 0.002635
v -0.024986 0.388269 0.001569
v -0.045652 0.365666 0.005555
v -0.040429 0.374576 0.003984
v -0.040429 0.316722 0.014185
v -0.033438 0.309076 0.015533
v -0.049973 0.345649 0.009084
v -0.048881 0.335417 0.010888
v -0.045652 0.325632 0.012614
v -0.048881 0.355881 0.007280
vn -0.0000 0.1736 0.9848
vn 0.0004 0.1736 0.9848
vn 0.0001 0.1736 0.9848
vn -0.0001 0.1737 0.9848
vn 0.0001 0.1734 0.9849
vn -0.0000 0.1737 0.9848
vn 0.0001 0.1738 0.9848
vn 0.0001 0.1737 0.9848
vn 0.0003 0.1738 0.9848
vn -0.0003 0.1740 0.9847
vn -0.0001 0.1735 0.9848
vn -0.0001 0.1736 0.9848
vn -0.0003 0.1734 0.9848
vt 0.511910 0.824246
vt 0.503984 0.848772
vt 0.501303 0.874420
vt 0.541896 0.782746
vt 0.524734 0.801911
vt 0.586076 0.757098
vt 0.562645 0.767588
vt 0.636811 0.751736
vt 0.611163 0.751736
vt 0.685330 0.767588
vt 0.661899 0.757098
vt 0.723241 0.801911
vt 0.706079 0.782746
vt 0.743991 0.848772
vt 0.736065 0.824245
vt 0.743991 0.900068
vt 0.746672 0.874420
vt 0.723241 0.946930
vt 0.736065 0.924596
vt 0.685330 0.981253
vt 0.706079 0.966095
vt 0.636812 0.997105
vt 0.661899 0.991743
vt 0.586076 0.991743
vt 0.611164 0.997105
vt 0.541896 0.966095
vt 0.562645 0.981253
vt 0.511910 0.924596
vt 0.524734 0.946930
vt 0.503984 0.900068
s 1
usemtl cocky
f 1675/328/600 1676/329/601 1677/330/602
f 1678/331/600 1679/332/603 1675/328/600
f 1681/333/600 1682/334/604 1678/331/600
f 1681/333/600 1678/331/600 1675/328/600
f 1687/335/600 1688/336/600 1681/333/600
f 1690/337/605 1691/338/606 1687/335/600
f 1690/337/605 1687/335/600 1681/333/600
f 1690/337/605 1681/333/600 1675/328/600
f 1699/339/607 1700/340/607 1690/337/605
f 1702/341/600 1703/342/608 1699/339/607
f 1702/341/600 1699/339/607 1690/337/605
f 1704/343/600 1701/344/600 1702/341/600
f 1698/345/605 1697/346/602 1704/343/600
f 1698/345/605 1704/343/600 1702/341/600
f 1698/345/605 1702/341/600 1690/337/605
f 1696/347/605 1695/348/609 1698/345/605
f 1694/349/605 1693/350/605 1696/347/605
f 1694/349/605 1696/347/605 1698/345/605
f 1692/351/600 1689/352/600 1694/349/605
f 1686/353/600 1685/354/610 1692/351/600
f 1686/353/600 1692/351/600 1694/349/605
f 1686/353/600 1694/349/605 1698/345/605
f 1686/353/600 1698/345/605 1690/337/605
f 1686/353/600 1690/337/605 1675/328/600
f 1684/355/611 1683/356/612 1686/353/600
f 1684/355/611 1686/353/600 1675/328/600
f 1684/355/611 1675/328/600 1677/330/602
f 1684/355/611 1677/330/602 1680/357/602
o bila_trpaslik_hlavni3
v 0.045652 0.197714 0.035169
v 0.048881 0.207499 0.033444
v 0.049973 0.217731 0.031640
v 0.033438 0.181158 0.038088
v 0.040429 0.188804 0.036740
v 0.048881 0.227963 0.029835
v 0.015443 0.170926 0.039893
v 0.024986 0.175111 0.039155
v 0.040429 0.246658 0.026539
v 0.045652 0.237748 0.028110
v 0.024986 0.260352 0.024124
v 0.033438 0.254304 0.025191
v -0.005223 0.168787 0.040270
v 0.005223 0.168787 0.040270
v 0.005223 0.266676 0.023009
v -0.024986 0.175111 0.039155
v -0.015443 0.170926 0.039893
v 0.015443 0.264536 0.023387
v -0.015443 0.264536 0.023387
v -0.005223 0.266676 0.023009
v -0.033438 0.254304 0.025191
v -0.024986 0.260352 0.024124
v -0.045652 0.237748 0.028110
v -0.040429 0.246658 0.026539
v -0.040429 0.188804 0.036740
v -0.033438 0.181158 0.038088
v -0.049973 0.217731 0.031640
v -0.048881 0.207499 0.033444
v -0.045652 0.197714 0.035169
v -0.048881 0.227963 0.029835
vn -0.0000 0.1736 0.9848
vn -0.0001 0.1736 0.9848
vn -0.0001 0.1737 0.9848
vn 0.0001 0.1736 0.9848
vn -0.0000 0.1737 0.9848
vn -0.0001 0.1739 0.9848
vn -0.0000 0.1738 0.9848
vn 0.0004 0.1737 0.9848
vn 0.0002 0.1734 0.9849
vn -0.0000 0.1735 0.9848
vn -0.0000 0.1739 0.9848
vn 0.0001 0.1737 0.9848
vt 0.761781 0.824246
vt 0.753855 0.848772
vt 0.751174 0.874420
vt 0.791767 0.782746
vt 0.774605 0.801911
vt 0.835947 0.757098
vt 0.812517 0.767588
vt 0.886683 0.751736
vt 0.861035 0.751736
vt 0.935201 0.767588
vt 0.911770 0.757098
vt 0.973112 0.801911
vt 0.955950 0.782746
vt 0.993862 0.848772
vt 0.985936 0.824245
vt 0.993862 0.900068
vt 0.996543 0.874420
vt 0.973112 0.946930
vt 0.985936 0.924596
vt 0.935201 0.981253
vt 0.955950 0.966095
vt 0.886683 0.997105
vt 0.911770 0.991743
vt 0.835947 0.991743
vt 0.861035 0.997105
vt 0.791767 0.966095
vt 0.812517 0.981253
vt 0.761781 0.924596
vt 0.774605 0.946930
vt 0.753855 0.900068
s 1
usemtl cocky
f 1705/358/613 1706/359/614 1707/360/615
f 1708/361/616 1709/362/615 1705/358/613
f 1711/363/617 1712/364/618 1708/361/616
f 1711/363/617 1708/361/616 1705/358/613
f 1717/365/613 1718/366/613 1711/363/617
f 1720/367/613 1721/368/619 1717/365/613
f 1720/367/613 1717/365/613 1711/363/617
f 1720/367/613 1711/363/617 1705/358/613
f 1729/369/614 1730/370/613 1720/367/613
f 1732/371/613 1733/372/614 1729/369/614
f 1732/371/613 1729/369/614 1720/367/613
f 1734/373/615 1731/374/620 1732/371/613
f 1728/375/613 1727/376/616 1734/373/615
f 1728/375/613 1734/373/615 1732/371/613
f 1728/375/613 1732/371/613 1720/367/613
f 1726/377/617 1725/378/621 1728/375/613
f 1724/379/617 1723/380/622 1726/377/617
f 1724/379/617 1726/377/617 1728/375/613
f 1722/381/613 1719/382/623 1724/379/617
f 1716/383/617 1715/384/624 1722/381/613
f 1716/383/617 1722/381/613 1724/379/617
f 1716/383/617 1724/379/617 1728/375/613
f 1716/383/617 1728/375/613 1720/367/613
f 1716/383/617 1720/367/613 1705/358/613
f 1714/385/617 1713/386/624 1716/383/617
f 1714/385/617 1716/383/617 1705/358/613
f 1714/385/617 1705/358/613 1707/360/615
f 1714/385/617 1707/360/615 1710/387/616
