# Blender 5.0.1
# www.blender.org
mtllib sssr_vl_nove.mtl
o stoz_vl_zaklad
v -0.090437 1.156492 -0.198207
v -0.084387 1.156492 -0.198207
v -0.084387 1.159706 -0.228286
v -0.090437 1.159706 -0.228286
v -0.090437 1.159706 -0.228286
v -0.084387 1.159706 -0.228286
v -0.090437 1.156492 -0.198207
v -0.090437 1.159706 -0.228286
v -0.084387 1.156492 -0.198207
v -0.090437 1.156492 -0.198207
v -0.084387 1.159706 -0.228286
v -0.084387 1.156492 -0.198207
v 0.085013 1.156492 -0.198207
v 0.091063 1.156492 -0.198207
v 0.091063 1.159706 -0.228286
v 0.085013 1.159706 -0.228286
v 0.085013 1.159706 -0.228286
v 0.091063 1.159706 -0.228286
v 0.085013 1.156492 -0.198207
v 0.085013 1.159706 -0.228286
v 0.091063 1.156492 -0.198207
v 0.085013 1.156492 -0.198207
v 0.091063 1.159706 -0.228286
v 0.091063 1.156492 -0.198207
v 0.060813 1.376073 -0.002058
v 0.060813 1.376073 0.003992
v -0.060187 1.376073 0.003992
v -0.060187 1.376073 -0.002058
v 0.060813 1.406323 -0.002058
v -0.060187 1.406323 -0.002058
v -0.060187 1.406323 0.003992
v 0.060813 1.406323 0.003992
v 0.060813 1.376073 -0.002058
v -0.060187 1.376073 -0.002058
v -0.060187 1.406323 -0.002058
v 0.060813 1.406323 -0.002058
v -0.060187 1.376073 -0.002058
v -0.060187 1.376073 0.003992
v -0.060187 1.406323 0.003992
v -0.060187 1.406323 -0.002058
v -0.060187 1.376073 0.003992
v 0.060813 1.376073 0.003992
v 0.060813 1.406323 0.003992
v -0.060187 1.406323 0.003992
v 0.060813 1.376073 0.003992
v 0.060813 1.376073 -0.002058
v 0.060813 1.406323 -0.002058
v 0.060813 1.406323 0.003992
v -0.090300 1.376073 -0.176036
v -0.084296 1.376073 -0.176773
v -0.051854 1.376073 -0.000388
v -0.057859 1.376073 0.000349
v -0.090300 1.406323 -0.176036
v -0.057859 1.406323 0.000349
v -0.051854 1.406323 -0.000388
v -0.084296 1.406323 -0.176773
v -0.090300 1.376073 -0.176036
v -0.057859 1.376073 0.000349
v -0.057859 1.406323 0.000349
v -0.090300 1.406323 -0.176036
v -0.051854 1.376073 -0.000388
v -0.084296 1.376073 -0.176773
v -0.084296 1.406323 -0.176773
v -0.051854 1.406323 -0.000388
v 0.084921 1.376073 -0.176773
v 0.090926 1.376073 -0.176036
v 0.058484 1.376073 0.000349
v -0.150937 0.018150 -0.198763
v 0.052480 1.376073 -0.000388
v -0.150937 0.018150 0.200537
v 0.084921 1.406323 -0.176773
v 0.052480 1.406323 -0.000388
v 0.058484 1.406323 0.000349
v -0.150937 0.000000 0.200537
v 0.090926 1.406323 -0.176036
v -0.150937 0.000000 -0.198763
v 0.084921 1.376073 -0.176773
v 0.052480 1.376073 -0.000388
v 0.052480 1.406323 -0.000388
v 0.151563 0.018150 -0.198763
v 0.084921 1.406323 -0.176773
v -0.150937 0.018150 -0.198763
v 0.058484 1.376073 0.000349
v 0.090926 1.376073 -0.176036
v 0.090926 1.406323 -0.176036
v -0.150937 0.000000 -0.198763
v 0.058484 1.406323 0.000349
v 0.151563 0.000000 -0.198763
v -0.084387 1.159576 -0.228281
v -0.084387 1.156362 -0.198202
v -0.090437 1.156362 -0.198202
v 0.151563 0.018150 0.200537
v -0.090437 1.159576 -0.228281
v 0.151563 0.018150 -0.198763
v -0.084387 2.623577 -0.071979
v -0.090437 2.623577 -0.071979
v -0.090437 2.623577 -0.041900
v 0.151563 0.000000 -0.198763
v -0.084387 2.623577 -0.041900
v 0.151563 0.000000 0.200537
v -0.084387 1.159576 -0.228281
v -0.090437 1.159576 -0.228281
v -0.090437 2.623577 -0.071979
v -0.150937 0.018150 0.200537
v -0.084387 2.623577 -0.071979
v 0.151563 0.018150 0.200537
v -0.090437 1.159576 -0.228281
v -0.090437 1.156362 -0.198202
v -0.090437 2.623577 -0.041900
v 0.151563 0.000000 0.200537
v -0.090437 2.623577 -0.071979
v -0.150937 0.000000 0.200537
v -0.090437 1.156362 -0.198202
v -0.084387 1.156362 -0.198202
v -0.084387 2.623577 -0.041900
v -0.150937 0.018150 -0.198763
v -0.090437 2.623577 -0.041900
v 0.151563 0.018150 -0.198763
v -0.084387 1.156362 -0.198202
v -0.084387 1.159576 -0.228281
v -0.084387 2.623577 -0.071979
v 0.151563 0.018150 0.200537
v -0.084387 2.623577 -0.041900
v -0.150937 0.018150 0.200537
v 0.091063 1.159576 -0.228281
v 0.091063 1.156362 -0.198202
v 0.085013 1.156362 -0.198202
v -0.117662 0.406863 0.118862
v 0.085013 1.159576 -0.228281
v -0.117662 0.406863 -0.117088
v 0.091063 2.623577 -0.071979
v 0.085013 2.623577 -0.071979
v 0.085013 2.623577 -0.041900
v -0.117662 0.420172 -0.117088
v 0.091063 2.623577 -0.041900
v -0.117662 0.420172 0.118862
v 0.091063 1.159576 -0.228281
v 0.085013 1.159576 -0.228281
v 0.085013 2.623577 -0.071979
v -0.117662 0.406863 -0.117088
v 0.091063 2.623577 -0.071979
v 0.118288 0.406863 -0.117088
v 0.085013 1.159576 -0.228281
v 0.085013 1.156362 -0.198202
v 0.085013 2.623577 -0.041900
v 0.118288 0.420172 -0.117088
v 0.085013 2.623577 -0.071979
v -0.117662 0.420172 -0.117088
v 0.085013 1.156362 -0.198202
v 0.091063 1.156362 -0.198202
v 0.091063 2.623577 -0.041900
v 0.118288 0.406863 -0.117088
v 0.085013 2.623577 -0.041900
v 0.118288 0.406863 0.118862
v 0.091063 1.156362 -0.198202
v 0.091063 1.159576 -0.228281
v 0.091063 2.623577 -0.071979
v 0.118288 0.420172 0.118862
v 0.091063 2.623577 -0.041900
v 0.118288 0.420172 -0.117088
v -0.046877 2.593320 0.000967
v -0.040555 2.593320 0.024562
v -0.040555 2.623569 0.024562
v 0.118288 0.406863 0.118862
v -0.046877 2.623569 0.000967
v -0.117662 0.406863 0.118862
v -0.040555 2.593320 0.024562
v -0.023282 2.593320 0.041835
v -0.023282 2.623569 0.041835
v -0.117662 0.420172 0.118862
v -0.040555 2.623569 0.024562
v 0.118288 0.420172 0.118862
v -0.023282 2.593320 0.041835
v 0.000313 2.593320 0.048157
v 0.000313 2.623569 0.048157
v 0.118288 0.420172 0.118862
v -0.023282 2.623569 0.041835
v -0.117662 0.420172 0.118862
v 0.000313 2.593320 0.048157
v 0.023908 2.593320 0.041835
v 0.023908 2.623569 0.041835
v -0.117662 0.420172 -0.117088
v 0.000313 2.623569 0.048157
v 0.118288 0.420172 -0.117088
v 0.023908 2.593320 0.041835
v 0.041181 2.593320 0.024562
v 0.041181 2.623569 0.024562
v -0.117662 0.406863 -0.117088
v 0.023908 2.623569 0.041835
v -0.117662 0.406863 0.118862
v 0.041181 2.593320 0.024562
v 0.047503 2.593320 0.000967
v 0.047503 2.623569 0.000967
v 0.118288 0.406863 0.118862
v 0.041181 2.623569 0.024562
v 0.118288 0.406863 -0.117088
v 0.047503 2.593320 0.000967
v 0.041181 2.593320 -0.022628
v 0.041181 2.623570 -0.022628
v -0.117662 0.393250 -0.023313
v 0.047503 2.623569 0.000967
v -0.117662 0.393250 -0.120113
v 0.041181 2.593320 -0.022628
v 0.023908 2.593320 -0.039901
v 0.023908 2.623569 -0.039901
v -0.117662 0.406863 -0.120113
v 0.041181 2.623570 -0.022628
v -0.117662 0.406863 -0.023313
v 0.023908 2.593320 -0.039901
v 0.000313 2.593320 -0.046223
v 0.000313 2.623569 -0.046223
v -0.117662 0.393250 -0.120113
v 0.023908 2.623569 -0.039901
v 0.118288 0.393250 -0.120113
v 0.000313 2.593320 -0.046223
v -0.023282 2.593320 -0.039901
v -0.023282 2.623569 -0.039901
v 0.118288 0.406863 -0.120113
v 0.000313 2.623569 -0.046223
v -0.117662 0.406863 -0.120113
v -0.023282 2.593320 -0.039901
v -0.040555 2.593320 -0.022628
v -0.040555 2.623570 -0.022628
v 0.118288 0.393250 -0.120113
v -0.023282 2.623569 -0.039901
v 0.118288 0.393250 -0.023313
v -0.040555 2.593320 -0.022628
v -0.046877 2.593320 0.000967
v -0.046877 2.623569 0.000967
v 0.118288 0.406863 -0.023313
v -0.040555 2.623570 -0.022628
v 0.118288 0.406863 -0.120113
v -0.023282 2.593320 -0.039901
v 0.000313 2.593320 -0.046223
v 0.023908 2.593320 -0.039901
v 0.118288 0.393250 -0.023313
v 0.041181 2.593320 -0.022628
v 0.047503 2.593320 0.000967
v -0.117662 0.393250 -0.023313
v 0.041181 2.593320 0.024562
v 0.023908 2.593320 0.041835
v -0.117662 0.406863 -0.023313
v 0.118288 0.406863 -0.023313
v -0.117662 0.393250 0.121887
v -0.117662 0.393250 0.025087
v 0.000313 2.593320 0.048157
v -0.023282 2.593320 0.041835
v -0.117662 0.406863 0.025087
v -0.040555 2.593320 0.024562
v -0.046877 2.593320 0.000967
v -0.117662 0.406863 0.121887
v -0.117662 0.393250 0.025087
v 0.118288 0.393250 0.025087
v 0.118288 0.406863 0.025087
v -0.117662 0.406863 0.025087
v 0.118288 0.393250 0.025087
v 0.118288 0.393250 0.121887
v 0.118288 0.406863 0.121887
v 0.118288 0.406863 0.025087
v -0.040555 2.593320 -0.022628
v 0.118288 0.393250 0.121887
v -0.117662 0.393250 0.121887
v -0.040555 2.623569 0.024562
v -0.023282 2.623569 0.041835
v 0.000313 2.623569 0.048157
v -0.117662 0.406863 0.121887
v 0.023908 2.623569 0.041835
v 0.041181 2.623569 0.024562
v 0.118288 0.406863 0.121887
v 0.047503 2.623569 0.000967
v 0.041181 2.623570 -0.022628
v -0.072287 0.443369 -0.086838
v -0.079849 0.443369 -0.073739
v -0.094975 0.443369 -0.073739
v -0.102537 0.443369 -0.086838
v 0.023908 2.623569 -0.039901
v 0.000313 2.623569 -0.046223
v -0.094975 0.443369 -0.099937
v -0.023282 2.623569 -0.039901
v -0.040555 2.623570 -0.022628
v -0.079849 0.443369 -0.099937
v -0.079849 0.420172 -0.073739
v -0.072287 0.420172 -0.086838
v -0.079849 0.420172 -0.099937
v -0.094975 0.420172 -0.099937
v -0.102537 0.420172 -0.086838
v -0.094975 0.420172 -0.073739
v -0.079849 0.443369 -0.073739
v -0.079849 0.420172 -0.073739
v -0.046877 2.623569 0.000967
v -0.094975 0.443369 -0.073739
v -0.094975 0.420172 -0.073739
v -0.046877 1.376073 0.000967
v -0.040555 1.376073 0.024562
v -0.040555 1.406323 0.024562
v -0.094975 0.443369 -0.099937
v -0.046877 1.406323 0.000967
v -0.102537 0.443369 -0.086838
v -0.040555 1.376073 0.024562
v -0.023282 1.376073 0.041835
v -0.023282 1.406323 0.041835
v -0.102537 0.420172 -0.086838
v -0.040555 1.406323 0.024562
v -0.094975 0.420172 -0.099937
v -0.023282 1.376073 0.041835
v 0.000313 1.376073 0.048157
v 0.000313 1.406323 0.048157
v -0.094975 0.443369 -0.099937
v -0.023282 1.406323 0.041835
v -0.094975 0.420172 -0.099937
v 0.000313 1.376073 0.048157
v 0.023908 1.376073 0.041835
v 0.023908 1.406323 0.041835
v -0.072287 0.443369 -0.086838
v 0.000313 1.406323 0.048157
v -0.079849 0.443369 -0.099937
v 0.023908 1.376073 0.041835
v 0.041181 1.376073 0.024562
v 0.041181 1.406323 0.024562
v -0.079849 0.420172 -0.099937
v 0.023908 1.406323 0.041835
v -0.072287 0.420172 -0.086838
v 0.041181 1.376073 0.024562
v 0.047503 1.376073 0.000967
v 0.047503 1.406323 0.000967
v -0.072287 0.443163 0.088612
v 0.041181 1.406323 0.024562
v -0.079849 0.443163 0.101711
v 0.047503 1.376073 0.000967
v 0.041181 1.376073 -0.022628
v 0.041181 1.406323 -0.022628
v -0.094975 0.443163 0.101711
v 0.047503 1.406323 0.000967
v -0.102537 0.443163 0.088612
v 0.041181 1.376073 -0.022628
v 0.023908 1.376073 -0.039901
v 0.023908 1.406323 -0.039901
v -0.094975 0.443163 0.075513
v 0.041181 1.406323 -0.022628
v -0.079849 0.443163 0.075513
v 0.023908 1.376073 -0.039901
v 0.000313 1.376073 -0.046223
v 0.000313 1.406323 -0.046223
v -0.079849 0.420070 0.101711
v 0.023908 1.406323 -0.039901
v -0.072287 0.420070 0.088612
v 0.000313 1.376073 -0.046223
v -0.023282 1.376073 -0.039901
v -0.023282 1.406323 -0.039901
v -0.079849 0.420070 0.075513
v 0.000313 1.406323 -0.046223
v -0.094975 0.420070 0.075513
v -0.023282 1.376073 -0.039901
v -0.040555 1.376073 -0.022628
v -0.040555 1.406323 -0.022628
v -0.102537 0.420070 0.088612
v -0.023282 1.406323 -0.039901
v -0.094975 0.420070 0.101711
v -0.040555 1.376073 -0.022628
v -0.046877 1.376073 0.000967
v -0.046877 1.406323 0.000967
v -0.079849 0.443163 0.101711
v -0.040555 1.406323 -0.022628
v -0.079849 0.420070 0.101711
v -0.023282 1.376073 -0.039901
v 0.000313 1.376073 -0.046223
v 0.023908 1.376073 -0.039901
v -0.094975 0.443163 0.101711
v 0.041181 1.376073 -0.022628
v 0.047503 1.376073 0.000967
v -0.094975 0.420070 0.101711
v 0.041181 1.376073 0.024562
v 0.023908 1.376073 0.041835
v -0.094975 0.443163 0.075513
v -0.102537 0.443163 0.088612
v -0.102537 0.420070 0.088612
v -0.094975 0.420070 0.075513
v 0.000313 1.376073 0.048157
v -0.023282 1.376073 0.041835
v -0.094975 0.443163 0.075513
v -0.040555 1.376073 0.024562
v -0.046877 1.376073 0.000967
v -0.094975 0.420070 0.075513
v -0.072287 0.443163 0.088612
v -0.079849 0.443163 0.075513
v -0.079849 0.420070 0.075513
v -0.072287 0.420070 0.088612
v 0.103163 0.443369 0.088612
v 0.095601 0.443369 0.101711
v 0.080475 0.443369 0.101711
v 0.072913 0.443369 0.088612
v -0.040555 1.376073 -0.022628
v 0.080475 0.443369 0.075513
v 0.095601 0.443369 0.075513
v -0.040555 1.406323 0.024562
v -0.023282 1.406323 0.041835
v 0.000313 1.406323 0.048157
v 0.095601 0.420275 0.101711
v 0.023908 1.406323 0.041835
v 0.041181 1.406323 0.024562
v 0.103163 0.420275 0.088612
v 0.047503 1.406323 0.000967
v 0.041181 1.406323 -0.022628
v 0.095601 0.420275 0.075513
v 0.080475 0.420275 0.075513
v 0.072913 0.420275 0.088612
v 0.080475 0.420275 0.101711
v 0.023908 1.406323 -0.039901
v 0.000313 1.406323 -0.046223
v 0.095601 0.443369 0.101711
v -0.023282 1.406323 -0.039901
v -0.040555 1.406323 -0.022628
v 0.095601 0.420275 0.101711
v 0.080475 0.443369 0.101711
v 0.080475 0.420275 0.101711
v 0.080475 0.443369 0.075513
v 0.072913 0.443369 0.088612
v 0.072913 0.420275 0.088612
v 0.080475 0.420275 0.075513
v 0.080475 0.443369 0.075513
v 0.080475 0.420275 0.075513
v -0.046877 1.406323 0.000967
v 0.103163 0.443369 0.088612
v 0.095601 0.443369 0.075513
v -0.079876 2.593333 -0.027681
v -0.085326 2.593333 -0.025056
v -0.090393 2.593333 -0.047258
v 0.095601 0.420275 0.075513
v -0.084343 2.593333 -0.047258
v 0.103163 0.420275 0.088612
v -0.067356 2.593333 -0.011981
v -0.071128 2.593333 -0.007251
v -0.085326 2.593333 -0.025056
v 0.103163 0.443369 -0.086838
v -0.079876 2.593333 -0.027681
v 0.095601 0.443369 -0.073739
v -0.049264 2.593333 -0.003269
v -0.050610 2.593333 0.002629
v -0.071128 2.593333 -0.007251
v 0.080475 0.443369 -0.073739
v -0.067356 2.593333 -0.011981
v 0.072913 0.443369 -0.086838
v 0.049890 2.593333 -0.003269
v 0.051236 2.593333 0.002629
v -0.050610 2.593333 0.002629
v 0.080475 0.443369 -0.099937
v -0.049264 2.593333 -0.003269
v 0.095601 0.443369 -0.099937
v 0.067982 2.593333 -0.011981
v 0.071754 2.593333 -0.007251
v 0.051236 2.593333 0.002629
v 0.095601 0.420172 -0.073739
v 0.049890 2.593333 -0.003269
v 0.103163 0.420172 -0.086838
v 0.080502 2.593333 -0.027681
v 0.085952 2.593333 -0.025056
v 0.071754 2.593333 -0.007251
v 0.095601 0.420172 -0.099937
v 0.067982 2.593333 -0.011981
v 0.080475 0.420172 -0.099937
v 0.084969 2.593333 -0.047258
v 0.091019 2.593333 -0.047258
v 0.085952 2.593333 -0.025056
v 0.072913 0.420172 -0.086838
v 0.080502 2.593333 -0.027681
v 0.080475 0.420172 -0.073739
v -0.079876 2.623582 -0.027681
v -0.084343 2.623582 -0.047258
v -0.090393 2.623582 -0.047258
v 0.095601 0.443369 -0.073739
v -0.085326 2.623582 -0.025056
v 0.095601 0.420172 -0.073739
v -0.067356 2.623582 -0.011981
v -0.079876 2.623582 -0.027681
v -0.085326 2.623582 -0.025056
v 0.080475 0.443369 -0.073739
v -0.071128 2.623582 -0.007251
v 0.080475 0.420172 -0.073739
v -0.049264 2.623582 -0.003269
v -0.067356 2.623582 -0.011981
v -0.071128 2.623582 -0.007251
v 0.080475 0.443369 -0.099937
v -0.050610 2.623582 0.002629
v 0.072913 0.443369 -0.086838
v 0.049890 2.623582 -0.003269
v -0.049264 2.623582 -0.003269
v -0.050610 2.623582 0.002629
v 0.072913 0.420172 -0.086838
v 0.051236 2.623582 0.002629
v 0.080475 0.420172 -0.099937
v 0.067982 2.623582 -0.011981
v 0.049890 2.623582 -0.003269
v 0.051236 2.623582 0.002629
v 0.080475 0.443369 -0.099937
v 0.071754 2.623582 -0.007251
v 0.080475 0.420172 -0.099937
v 0.080502 2.623582 -0.027681
v 0.067982 2.623582 -0.011981
v 0.071754 2.623582 -0.007251
v 0.103163 0.443369 -0.086838
v 0.085952 2.623582 -0.025056
v 0.095601 0.443369 -0.099937
v 0.084969 2.623582 -0.047258
v 0.080502 2.623582 -0.027681
v 0.085952 2.623582 -0.025056
v 0.095601 0.420172 -0.099937
v 0.091019 2.623582 -0.047258
v 0.103163 0.420172 -0.086838
v -0.085326 2.623582 -0.025056
v -0.090393 2.623582 -0.047258
v -0.090393 2.593333 -0.047258
v 0.096103 0.455469 0.088612
v -0.085326 2.593333 -0.025056
v 0.094562 0.455469 0.093352
v -0.071128 2.623582 -0.007251
v -0.085326 2.623582 -0.025056
v -0.085326 2.593333 -0.025056
v 0.090530 0.455469 0.096282
v -0.071128 2.593333 -0.007251
v 0.085546 0.455469 0.096282
v -0.050610 2.623582 0.002629
v -0.071128 2.623582 -0.007251
v -0.071128 2.593333 -0.007251
v 0.081514 0.455469 0.093352
v -0.050610 2.593333 0.002629
v 0.079973 0.455469 0.088612
v 0.051236 2.623582 0.002629
v -0.050610 2.623582 0.002629
v -0.050610 2.593333 0.002629
v 0.081514 0.455469 0.083872
v 0.051236 2.593333 0.002629
v 0.085546 0.455469 0.080942
v 0.071754 2.623582 -0.007251
v 0.051236 2.623582 0.002629
v 0.051236 2.593333 0.002629
v 0.090530 0.455469 0.080942
v 0.071754 2.593333 -0.007251
v 0.094562 0.455469 0.083872
v 0.085952 2.623582 -0.025056
v 0.071754 2.623582 -0.007251
v 0.071754 2.593333 -0.007251
v 0.094562 0.443369 0.093352
v 0.085952 2.593333 -0.025056
v 0.094562 0.455469 0.093352
v 0.091019 2.623582 -0.047258
v 0.085952 2.623582 -0.025056
v 0.085952 2.593333 -0.025056
v 0.090530 0.443369 0.096282
v 0.091019 2.593333 -0.047258
v 0.090530 0.455469 0.096282
v 0.080502 2.623582 -0.027681
v 0.084969 2.623582 -0.047258
v 0.084969 2.593333 -0.047258
v 0.085546 0.443369 0.096282
v 0.080502 2.593333 -0.027681
v 0.085546 0.455469 0.096282
v 0.067982 2.623582 -0.011981
v 0.080502 2.623582 -0.027681
v 0.080502 2.593333 -0.027681
v 0.081514 0.443369 0.093352
v 0.067982 2.593333 -0.011981
v 0.081514 0.455469 0.093352
v 0.049890 2.623582 -0.003269
v 0.067982 2.623582 -0.011981
v 0.067982 2.593333 -0.011981
v 0.079973 0.443369 0.088612
v 0.049890 2.593333 -0.003269
v 0.079973 0.455469 0.088612
v -0.049264 2.623582 -0.003269
v 0.049890 2.623582 -0.003269
v 0.049890 2.593333 -0.003269
v 0.081514 0.443369 0.083872
v -0.049264 2.593333 -0.003269
v 0.085546 0.443369 0.080942
v -0.067356 2.623582 -0.011981
v -0.049264 2.623582 -0.003269
v -0.049264 2.593333 -0.003269
v 0.085546 0.455469 0.080942
v -0.067356 2.593333 -0.011981
v 0.081514 0.455469 0.083872
v -0.079876 2.623582 -0.027681
v -0.067356 2.623582 -0.011981
v -0.067356 2.593333 -0.011981
v 0.085546 0.443369 0.080942
v -0.079876 2.593333 -0.027681
v 0.085546 0.455469 0.080942
v -0.084343 2.623582 -0.047258
v -0.079876 2.623582 -0.027681
v -0.079876 2.593333 -0.027681
v 0.090530 0.443369 0.080942
v -0.084343 2.593333 -0.047258
v 0.090530 0.455469 0.080942
v 0.088038 0.272303 -0.311169
v 0.088038 0.271660 -0.305153
v -0.087412 0.271660 -0.305153
v 0.094562 0.443369 0.083872
v -0.087412 0.272303 -0.311169
v 0.096103 0.443369 0.088612
v 0.088038 0.284335 -0.309883
v -0.087412 0.284335 -0.309883
v -0.087412 0.283692 -0.303867
v 0.096103 0.455469 0.088612
v 0.088038 0.283692 -0.303867
v 0.094562 0.455469 0.083872
v 0.088038 0.272303 -0.311169
v -0.087412 0.272303 -0.311169
v -0.087412 0.284335 -0.309883
v -0.079347 0.455263 0.088612
v 0.088038 0.284335 -0.309883
v -0.080888 0.455263 0.093352
v -0.087412 0.272303 -0.311169
v -0.087412 0.271660 -0.305153
v -0.087412 0.283692 -0.303867
v -0.084920 0.455263 0.096282
v -0.087412 0.284335 -0.309883
v -0.089904 0.455263 0.096282
v -0.087412 0.271660 -0.305153
v 0.088038 0.271660 -0.305153
v 0.088038 0.283692 -0.303867
v -0.093936 0.455263 0.093352
v -0.087412 0.283692 -0.303867
v -0.095477 0.455263 0.088612
v 0.088038 0.484053 -0.288421
v 0.088038 0.483410 -0.282405
v -0.087412 0.483410 -0.282405
v -0.093936 0.455263 0.083872
v -0.087412 0.484053 -0.288421
v -0.089904 0.455263 0.080942
v 0.088038 0.496085 -0.287135
v -0.087412 0.496085 -0.287135
v -0.087412 0.495442 -0.281119
v -0.084920 0.455263 0.080942
v 0.088038 0.495442 -0.281119
v -0.080888 0.455263 0.083872
v 0.088038 0.484053 -0.288421
v -0.087412 0.484053 -0.288421
v -0.087412 0.496085 -0.287135
v -0.080888 0.443163 0.093352
v 0.088038 0.496085 -0.287135
v -0.080888 0.455263 0.093352
v -0.087412 0.484053 -0.288421
v -0.087412 0.483410 -0.282405
v -0.087412 0.495442 -0.281119
v -0.084920 0.443163 0.096282
v -0.087412 0.496085 -0.287135
v -0.084920 0.455263 0.096282
v -0.087412 0.483410 -0.282405
v 0.088038 0.483410 -0.282405
v 0.088038 0.495442 -0.281119
v -0.089904 0.443163 0.096282
v -0.087412 0.495442 -0.281119
v -0.089904 0.455263 0.096282
v 0.088038 0.695803 -0.265673
v 0.088038 0.695160 -0.259657
v -0.087412 0.695160 -0.259657
v -0.093936 0.443163 0.093352
v -0.087412 0.695803 -0.265673
v -0.093936 0.455263 0.093352
v 0.088038 0.707835 -0.264387
v -0.087412 0.707835 -0.264387
v -0.087412 0.707192 -0.258371
v -0.095477 0.443163 0.088612
v 0.088038 0.707192 -0.258371
v -0.095477 0.455263 0.088612
v 0.088038 0.695803 -0.265673
v -0.087412 0.695803 -0.265673
v -0.087412 0.707835 -0.264387
v -0.093936 0.443163 0.083872
v 0.088038 0.707835 -0.264387
v -0.089904 0.443163 0.080942
v -0.087412 0.695803 -0.265673
v -0.087412 0.695160 -0.259657
v -0.087412 0.707192 -0.258371
v -0.089904 0.455263 0.080942
v -0.087412 0.707835 -0.264387
v -0.093936 0.455263 0.083872
v -0.087412 0.695160 -0.259657
v 0.088038 0.695160 -0.259657
v 0.088038 0.707192 -0.258371
v -0.089904 0.443163 0.080942
v -0.087412 0.707192 -0.258371
v -0.089904 0.455263 0.080942
v 0.088038 0.907553 -0.242925
v 0.088038 0.906910 -0.236909
v -0.087412 0.906910 -0.236909
v -0.084920 0.443163 0.080942
v -0.087412 0.907553 -0.242925
v -0.084920 0.455263 0.080942
v 0.088038 0.919585 -0.241639
v -0.087412 0.919585 -0.241639
v -0.087412 0.918942 -0.235623
v -0.080888 0.443163 0.083872
v 0.088038 0.918942 -0.235623
v -0.079347 0.443163 0.088612
v 0.088038 0.907553 -0.242925
v -0.087412 0.907553 -0.242925
v -0.087412 0.919585 -0.241639
v -0.079347 0.455263 0.088612
v 0.088038 0.919585 -0.241639
v -0.080888 0.455263 0.083872
v -0.087412 0.907553 -0.242925
v -0.087412 0.906910 -0.236909
v -0.087412 0.918942 -0.235623
v -0.079347 0.455469 -0.086838
v -0.087412 0.919585 -0.241639
v -0.080888 0.455469 -0.082098
v -0.087412 0.906910 -0.236909
v 0.088038 0.906910 -0.236909
v 0.088038 0.918942 -0.235623
v -0.084920 0.455469 -0.079168
v -0.087412 0.918942 -0.235623
v -0.089904 0.455469 -0.079168
v 0.088038 1.119303 -0.220177
v 0.088038 1.118660 -0.214161
v -0.087412 1.118660 -0.214161
v -0.093936 0.455469 -0.082098
v -0.087412 1.119303 -0.220177
v -0.095477 0.455469 -0.086838
v 0.088038 1.131335 -0.218891
v -0.087412 1.131335 -0.218891
v -0.087412 1.130692 -0.212875
v -0.093936 0.455469 -0.091578
v 0.088038 1.130692 -0.212875
v -0.089904 0.455469 -0.094508
v 0.088038 1.119303 -0.220177
v -0.087412 1.119303 -0.220177
v -0.087412 1.131335 -0.218891
v -0.084920 0.455469 -0.094508
v 0.088038 1.131335 -0.218891
v -0.080888 0.455469 -0.091578
v -0.087412 1.119303 -0.220177
v -0.087412 1.118660 -0.214161
v -0.087412 1.130692 -0.212875
v -0.080888 0.443369 -0.082098
v -0.087412 1.131335 -0.218891
v -0.080888 0.455469 -0.082098
v -0.087412 1.118660 -0.214161
v 0.088038 1.118660 -0.214161
v 0.088038 1.130692 -0.212875
v -0.084920 0.443369 -0.079168
v -0.087412 1.130692 -0.212875
v -0.084920 0.455469 -0.079168
v 0.088038 1.331053 -0.197429
v 0.088038 1.330410 -0.191413
v -0.087412 1.330410 -0.191413
v -0.089904 0.443369 -0.079168
v -0.087412 1.331053 -0.197429
v -0.089904 0.455469 -0.079168
v 0.088038 1.343085 -0.196143
v -0.087412 1.343085 -0.196143
v -0.087412 1.342442 -0.190127
v -0.093936 0.443369 -0.082098
v 0.088038 1.342442 -0.190127
v -0.093936 0.455469 -0.082098
v 0.088038 1.331053 -0.197429
v -0.087412 1.331053 -0.197429
v -0.087412 1.343085 -0.196143
v -0.095477 0.443369 -0.086838
v 0.088038 1.343085 -0.196143
v -0.095477 0.455469 -0.086838
v -0.087412 1.331053 -0.197429
v -0.087412 1.330410 -0.191413
v -0.087412 1.342442 -0.190127
v -0.093936 0.443369 -0.091578
v -0.087412 1.343085 -0.196143
v -0.089904 0.443369 -0.094508
v -0.087412 1.330410 -0.191413
v 0.088038 1.330410 -0.191413
v 0.088038 1.342442 -0.190127
v -0.089904 0.455469 -0.094508
v -0.087412 1.342442 -0.190127
v -0.093936 0.455469 -0.091578
v 0.088038 1.542803 -0.174681
v 0.088038 1.542160 -0.168665
v -0.087412 1.542160 -0.168665
v -0.089904 0.443369 -0.094508
v -0.087412 1.542803 -0.174681
v -0.089904 0.455469 -0.094508
v 0.088038 1.554835 -0.173395
v -0.087412 1.554835 -0.173395
v -0.087412 1.554192 -0.167379
v -0.084920 0.443369 -0.094508
v 0.088038 1.554192 -0.167379
v -0.084920 0.455469 -0.094508
v 0.088038 1.542803 -0.174681
v -0.087412 1.542803 -0.174681
v -0.087412 1.554835 -0.173395
v -0.080888 0.443369 -0.091578
v 0.088038 1.554835 -0.173395
v -0.079347 0.443369 -0.086838
v -0.087412 1.542803 -0.174681
v -0.087412 1.542160 -0.168665
v -0.087412 1.554192 -0.167379
v -0.079347 0.455469 -0.086838
v -0.087412 1.554835 -0.173395
v -0.080888 0.455469 -0.091578
v -0.087412 1.542160 -0.168665
v 0.088038 1.542160 -0.168665
v 0.088038 1.554192 -0.167379
v 0.096103 0.455469 -0.086838
v -0.087412 1.554192 -0.167379
v 0.094562 0.455469 -0.082098
v 0.088038 1.754553 -0.151933
v 0.088038 1.753910 -0.145917
v -0.087412 1.753910 -0.145917
v 0.090530 0.455469 -0.079168
v -0.087412 1.754553 -0.151933
v 0.085546 0.455469 -0.079168
v 0.088038 1.766584 -0.150647
v -0.087412 1.766584 -0.150647
v -0.087412 1.765942 -0.144631
v 0.081514 0.455469 -0.082098
v 0.088038 1.765942 -0.144631
v 0.079973 0.455469 -0.086838
v 0.088038 1.754553 -0.151933
v -0.087412 1.754553 -0.151933
v -0.087412 1.766584 -0.150647
v 0.081514 0.455469 -0.091578
v 0.088038 1.766584 -0.150647
v 0.085546 0.455469 -0.094508
v -0.087412 1.754553 -0.151933
v -0.087412 1.753910 -0.145917
v -0.087412 1.765942 -0.144631
v 0.090530 0.455469 -0.094508
v -0.087412 1.766584 -0.150647
v 0.094562 0.455469 -0.091578
v -0.087412 1.753910 -0.145917
v 0.088038 1.753910 -0.145917
v 0.088038 1.765942 -0.144631
v 0.094562 0.443369 -0.082098
v -0.087412 1.765942 -0.144631
v 0.094562 0.455469 -0.082098
v 0.088038 1.966303 -0.129185
v 0.088038 1.965660 -0.123169
v -0.087412 1.965660 -0.123169
v 0.090530 0.443369 -0.079168
v -0.087412 1.966303 -0.129185
v 0.090530 0.455469 -0.079168
v 0.088038 1.978334 -0.127899
v -0.087412 1.978334 -0.127899
v -0.087412 1.977692 -0.121883
v 0.085546 0.443369 -0.079168
v 0.088038 1.977692 -0.121883
v 0.085546 0.455469 -0.079168
v 0.088038 1.966303 -0.129185
v -0.087412 1.966303 -0.129185
v -0.087412 1.978334 -0.127899
v 0.081514 0.443369 -0.082098
v 0.088038 1.978334 -0.127899
v 0.081514 0.455469 -0.082098
v -0.087412 1.966303 -0.129185
v -0.087412 1.965660 -0.123169
v -0.087412 1.977692 -0.121883
v 0.079973 0.443369 -0.086838
v -0.087412 1.978334 -0.127899
v 0.079973 0.455469 -0.086838
v -0.087412 1.965660 -0.123169
v 0.088038 1.965660 -0.123169
v 0.088038 1.977692 -0.121883
v 0.081514 0.443369 -0.091578
v -0.087412 1.977692 -0.121883
v 0.085546 0.443369 -0.094508
v 0.088038 2.178053 -0.106437
v 0.088038 2.177410 -0.100421
v -0.087412 2.177410 -0.100421
v 0.085546 0.455469 -0.094508
v -0.087412 2.178053 -0.106437
v 0.081514 0.455469 -0.091578
v 0.088038 2.190084 -0.105151
v -0.087412 2.190084 -0.105151
v -0.087412 2.189442 -0.099135
v 0.085546 0.443369 -0.094508
v 0.088038 2.189442 -0.099135
v 0.085546 0.455469 -0.094508
v 0.088038 2.178053 -0.106437
v -0.087412 2.178053 -0.106437
v -0.087412 2.190084 -0.105151
v 0.090530 0.443369 -0.094508
v 0.088038 2.190084 -0.105151
v 0.090530 0.455469 -0.094508
v -0.087412 2.178053 -0.106437
v -0.087412 2.177410 -0.100421
v -0.087412 2.189442 -0.099135
v 0.094562 0.443369 -0.091578
v -0.087412 2.190084 -0.105151
v 0.096103 0.443369 -0.086838
v -0.087412 2.177410 -0.100421
v 0.088038 2.177410 -0.100421
v 0.088038 2.189442 -0.099135
v 0.096103 0.455469 -0.086838
v -0.087412 2.189442 -0.099135
v 0.094562 0.455469 -0.091578
v 0.088038 2.389803 -0.083689
v 0.088038 2.389160 -0.077673
v -0.087412 2.389160 -0.077673
v 0.000313 0.655063 0.055337
v -0.087412 2.389803 -0.083689
v -0.014812 0.676856 0.066549
v 0.088038 2.401834 -0.082403
v -0.087412 2.401834 -0.082403
v -0.087412 2.401192 -0.076387
v -0.014812 0.665639 0.066549
v 0.088038 2.401192 -0.076387
v -0.048087 0.665639 0.066549
v 0.088038 2.389803 -0.083689
v -0.087412 2.389803 -0.083689
v -0.087412 2.401834 -0.082403
v -0.048087 0.676856 0.066549
v 0.088038 2.401834 -0.082403
v -0.014812 0.446956 0.066549
v -0.087412 2.389803 -0.083689
v -0.087412 2.389160 -0.077673
v -0.087412 2.401192 -0.076387
v -0.048087 0.446956 0.066549
v -0.087412 2.401834 -0.082403
v 0.000313 0.425163 0.055337
v -0.087412 2.389160 -0.077673
v 0.088038 2.389160 -0.077673
v 0.088038 2.401192 -0.076387
v -0.014812 0.435600 0.066448
v -0.087412 2.401192 -0.076387
v -0.048087 0.435739 0.066549
v -0.102537 0.036300 0.176337
v -0.090437 0.036300 0.176337
v -0.090437 0.054450 0.152137
v -0.014812 0.435739 0.066549
v -0.102537 0.054450 0.152137
v -0.014812 0.435666 0.066496
v -0.102537 0.054450 -0.150363
v -0.090437 0.054450 -0.150363
v -0.090437 0.036300 -0.174563
v -0.048087 0.676856 -0.064775
v -0.102537 0.036300 -0.174563
v -0.048087 0.446956 -0.064775
v -0.102537 0.018150 0.194487
v -0.090437 0.018150 0.194487
v -0.090437 0.036300 0.176337
v 0.000313 0.457532 -0.053563
v -0.102537 0.036300 0.176337
v -0.048087 0.435739 -0.064775
v -0.090437 0.018150 0.194487
v -0.090437 0.018150 0.152137
v -0.090437 0.054450 0.152137
v -0.014812 0.446956 -0.064775
v -0.090437 0.036300 0.176337
v -0.048087 0.446956 -0.064775
v -0.090437 0.018150 -0.150363
v -0.090437 0.018150 -0.192713
v -0.090437 0.036300 -0.174563
v -0.014812 0.676856 -0.064775
v -0.090437 0.054450 -0.150363
v -0.014812 0.665639 -0.064775
v -0.090437 0.018150 -0.192713
v -0.102537 0.018150 -0.192713
v -0.102537 0.036300 -0.174563
v -0.014812 0.676856 -0.064775
v -0.090437 0.036300 -0.174563
v -0.048087 0.676856 -0.064775
v -0.102537 0.018150 -0.192713
v -0.102537 0.018150 -0.150363
v -0.102537 0.054450 -0.150363
v -0.048087 0.665639 -0.064775
v -0.102537 0.036300 -0.174563
v 0.000313 0.655063 -0.053563
v -0.102537 0.018150 0.152137
v -0.102537 0.018150 0.194487
v -0.102537 0.036300 0.176337
v -0.014812 0.446956 -0.064775
v -0.102537 0.054450 0.152137
v -0.014812 0.435600 -0.064674
v 0.091063 0.036300 0.176337
v 0.103163 0.036300 0.176337
v 0.103163 0.054450 0.152137
v -0.014812 0.435739 -0.064775
v 0.091063 0.054450 0.152137
v -0.014812 0.435666 -0.064722
v 0.091063 0.054450 -0.150363
v 0.103163 0.054450 -0.150363
v 0.103163 0.036300 -0.174563
v 0.000313 0.425163 -0.053563
v 0.091063 0.036300 -0.174563
v 0.015438 0.653747 0.051284
v 0.091063 0.018150 0.194487
v 0.103163 0.018150 0.194487
v 0.103163 0.036300 0.176337
v 0.015438 0.655532 0.056780
v 0.091063 0.036300 0.176337
v 0.000313 0.687432 0.055337
v 0.103163 0.018150 0.194487
v 0.103163 0.018150 0.152137
v 0.103163 0.054450 0.152137
v 0.015438 0.688749 0.051284
v 0.103163 0.036300 0.176337
v 0.015438 0.686963 0.056780
v 0.103163 0.018150 -0.150363
v 0.103163 0.018150 -0.192713
v 0.103163 0.036300 -0.174563
v 0.015438 0.423847 0.051284
v 0.103163 0.054450 -0.150363
v 0.015438 0.425632 0.056780
v 0.103163 0.018150 -0.192713
v 0.091063 0.018150 -0.192713
v 0.091063 0.036300 -0.174563
v 0.000313 0.457532 0.055337
v 0.103163 0.036300 -0.174563
v 0.015438 0.458848 0.051284
v 0.091063 0.018150 -0.192713
v 0.091063 0.018150 -0.150363
v 0.091063 0.054450 -0.150363
v 0.015438 0.457063 0.056780
v 0.091063 0.036300 -0.174563
v 0.027538 0.688993 0.048042
v 0.091063 0.018150 0.152137
v 0.091063 0.018150 0.194487
v 0.091063 0.036300 0.176337
v 0.048713 0.689398 0.049287
v 0.091063 0.054450 0.152137
v 0.022892 0.689398 0.049287
v -0.111612 0.018150 -0.174563
v -0.119175 0.042350 -0.187662
v -0.111612 0.042350 -0.174563
v 0.024387 0.689267 0.048886
v -0.119175 0.018150 -0.187662
v 0.036961 0.685931 0.038618
v -0.119175 0.018150 -0.187662
v -0.134300 0.042350 -0.187662
v -0.119175 0.042350 -0.187662
v 0.043555 0.676856 0.032025
v -0.134300 0.018150 -0.187662
v 0.048713 0.676856 0.032025
v -0.134300 0.018150 -0.187662
v -0.141862 0.042350 -0.174563
v -0.134300 0.042350 -0.187662
v 0.048713 0.685931 0.038618
v -0.141862 0.018150 -0.174563
v 0.048713 0.676856 0.032025
v -0.141862 0.018150 -0.174563
v -0.134300 0.042350 -0.161464
v -0.141862 0.042350 -0.174563
v 0.043555 0.676856 0.032025
v -0.134300 0.018150 -0.161464
v 0.048713 0.665639 0.032025
v -0.134300 0.018150 -0.161464
v -0.119175 0.042350 -0.161464
v -0.134300 0.042350 -0.161464
v 0.043555 0.665639 0.032025
v -0.119175 0.018150 -0.161464
v 0.048713 0.656564 0.038618
v -0.119175 0.018150 -0.161464
v -0.111612 0.042350 -0.174563
v -0.119175 0.042350 -0.161464
v 0.036961 0.656564 0.038618
v -0.111612 0.018150 -0.174563
v 0.028378 0.653775 0.047202
v -0.126737 0.042350 -0.174563
v -0.111612 0.042350 -0.174563
v -0.119175 0.042350 -0.187662
v 0.027538 0.653502 0.048042
v -0.119175 0.042350 -0.187662
v -0.134300 0.042350 -0.187662
v 0.024387 0.653228 0.048886
v -0.134300 0.042350 -0.187662
v -0.141862 0.042350 -0.174563
v 0.022892 0.653098 0.049287
v -0.141862 0.042350 -0.174563
v -0.134300 0.042350 -0.161464
v 0.048713 0.653098 0.049287
v -0.134300 0.042350 -0.161464
v -0.119175 0.042350 -0.161464
v 0.027538 0.459093 0.048042
v -0.119175 0.042350 -0.161464
v -0.111612 0.042350 -0.174563
v 0.142488 0.018150 -0.174563
v 0.134926 0.042350 -0.187662
v 0.142488 0.042350 -0.174563
v 0.048713 0.459498 0.049287
v 0.134926 0.018150 -0.187662
v 0.022892 0.459498 0.049287
v 0.134926 0.018150 -0.187662
v 0.119801 0.042350 -0.187662
v 0.134926 0.042350 -0.187662
v 0.024387 0.459367 0.048886
v 0.119801 0.018150 -0.187662
v 0.036961 0.456031 0.038618
v 0.119801 0.018150 -0.187662
v 0.112238 0.042350 -0.174563
v 0.119801 0.042350 -0.187662
v 0.043555 0.446956 0.032025
v 0.112238 0.018150 -0.174563
v 0.048713 0.446956 0.032025
v 0.112238 0.018150 -0.174563
v 0.119801 0.042350 -0.161464
v 0.112238 0.042350 -0.174563
v 0.048713 0.456031 0.038618
v 0.119801 0.018150 -0.161464
v 0.048713 0.446956 0.032025
v 0.119801 0.018150 -0.161464
v 0.134926 0.042350 -0.161464
v 0.119801 0.042350 -0.161464
v 0.043555 0.446956 0.032025
v 0.134926 0.018150 -0.161464
v 0.048713 0.435739 0.032025
v 0.134926 0.018150 -0.161464
v 0.142488 0.042350 -0.174563
v 0.134926 0.042350 -0.161464
v 0.043555 0.435739 0.032025
v 0.142488 0.018150 -0.174563
v 0.048713 0.426664 0.038618
v 0.127363 0.042350 -0.174563
v 0.142488 0.042350 -0.174563
v 0.134926 0.042350 -0.187662
v 0.036961 0.426664 0.038618
v 0.134926 0.042350 -0.187662
v 0.119801 0.042350 -0.187662
v 0.028378 0.423875 0.047202
v 0.119801 0.042350 -0.187662
v 0.112238 0.042350 -0.174563
v 0.027538 0.423602 0.048042
v 0.112238 0.042350 -0.174563
v 0.119801 0.042350 -0.161464
v 0.024387 0.423328 0.048886
v 0.119801 0.042350 -0.161464
v 0.134926 0.042350 -0.161464
v 0.022892 0.423197 0.049287
v 0.134926 0.042350 -0.161464
v 0.142488 0.042350 -0.174563
v -0.111612 0.018150 0.176337
v -0.119175 0.042350 0.163238
v -0.111612 0.042350 0.176337
v 0.048713 0.423197 0.049287
v -0.119175 0.018150 0.163238
v -0.048087 0.456032 -0.058182
v -0.119175 0.018150 0.163238
v -0.134300 0.042350 0.163238
v -0.119175 0.042350 0.163238
v -0.014812 0.456032 -0.058182
v -0.134300 0.018150 0.163238
v -0.014812 0.456572 -0.056518
v -0.134300 0.018150 0.163238
v -0.141862 0.042350 0.176337
v -0.134300 0.042350 0.163238
v -0.014812 0.457063 -0.055006
v -0.141862 0.018150 0.176337
v -0.014812 0.458848 -0.049510
v -0.141862 0.018150 0.176337
v -0.134300 0.042350 0.189436
v -0.141862 0.042350 0.176337
v -0.048087 0.685931 -0.058182
v -0.134300 0.018150 0.189436
v 0.000313 0.687432 -0.053563
v -0.134300 0.018150 0.189436
v -0.119175 0.042350 0.189436
v -0.134300 0.042350 0.189436
v -0.014812 0.688749 -0.049510
v -0.119175 0.018150 0.189436
v -0.014812 0.686963 -0.055006
v -0.119175 0.018150 0.189436
v -0.111612 0.042350 0.176337
v -0.119175 0.042350 0.189436
v -0.014812 0.685931 -0.058182
v -0.111612 0.018150 0.176337
v -0.014812 0.653747 -0.049510
v -0.126737 0.042350 0.176337
v -0.111612 0.042350 0.176337
v -0.119175 0.042350 0.163238
v -0.014812 0.655532 -0.055006
v -0.119175 0.042350 0.163238
v -0.134300 0.042350 0.163238
v -0.014812 0.656024 -0.056518
v -0.134300 0.042350 0.163238
v -0.141862 0.042350 0.176337
v -0.014812 0.656564 -0.058182
v -0.141862 0.042350 0.176337
v -0.134300 0.042350 0.189436
v -0.048087 0.656564 -0.058182
v -0.134300 0.042350 0.189436
v -0.119175 0.042350 0.189436
v -0.014812 0.423847 -0.049510
v -0.119175 0.042350 0.189436
v -0.111612 0.042350 0.176337
v 0.142488 0.018150 0.176337
v 0.134926 0.042350 0.163238
v 0.142488 0.042350 0.176337
v -0.014812 0.425632 -0.055006
v 0.134926 0.018150 0.163238
v -0.014812 0.426123 -0.056518
v 0.134926 0.018150 0.163238
v 0.119801 0.042350 0.163238
v 0.134926 0.042350 0.163238
v -0.014812 0.426664 -0.058182
v 0.119801 0.018150 0.163238
v -0.048087 0.426664 -0.058182
v 0.119801 0.018150 0.163238
v 0.112238 0.042350 0.176337
v 0.119801 0.042350 0.163238
v -0.027752 0.653775 -0.045428
v 0.112238 0.018150 0.176337
v -0.026912 0.653502 -0.046268
v 0.112238 0.018150 0.176337
v 0.119801 0.042350 0.189436
v 0.112238 0.042350 0.176337
v -0.023761 0.653228 -0.047112
v 0.119801 0.018150 0.189436
v -0.022266 0.653098 -0.047513
v 0.119801 0.018150 0.189436
v 0.134926 0.042350 0.189436
v 0.119801 0.042350 0.189436
v -0.048087 0.653098 -0.047513
v 0.134926 0.018150 0.189436
v -0.036335 0.656564 -0.036844
v 0.134926 0.018150 0.189436
v 0.142488 0.042350 0.176337
v 0.134926 0.042350 0.189436
v -0.048087 0.656564 -0.036844
v 0.142488 0.018150 0.176337
v -0.048087 0.665639 -0.030251
v 0.127363 0.042350 0.176337
v 0.142488 0.042350 0.176337
v 0.134926 0.042350 0.163238
v -0.042929 0.665639 -0.030251
v 0.134926 0.042350 0.163238
v 0.119801 0.042350 0.163238
v -0.026912 0.688993 -0.046268
v 0.119801 0.042350 0.163238
v 0.112238 0.042350 0.176337
v -0.048087 0.689398 -0.047513
v 0.112238 0.042350 0.176337
v 0.119801 0.042350 0.189436
v -0.022266 0.689398 -0.047513
v 0.119801 0.042350 0.189436
v 0.134926 0.042350 0.189436
v -0.023761 0.689267 -0.047112
v 0.134926 0.042350 0.189436
v 0.142488 0.042350 0.176337
v -0.120213 0.054450 -0.179303
v -0.118672 0.054450 -0.174563
v -0.118672 0.042350 -0.174563
v -0.036335 0.685931 -0.036844
v -0.120213 0.042350 -0.179303
v -0.042929 0.676856 -0.030251
v -0.124245 0.054450 -0.182233
v -0.120213 0.054450 -0.179303
v -0.120213 0.042350 -0.179303
v -0.048087 0.676856 -0.030251
v -0.124245 0.042350 -0.182233
v -0.048087 0.685931 -0.036844
v -0.129229 0.054450 -0.182233
v -0.124245 0.054450 -0.182233
v -0.124245 0.042350 -0.182233
v -0.027752 0.423875 -0.045428
v -0.129229 0.042350 -0.182233
v -0.026912 0.423602 -0.046268
v -0.133261 0.054450 -0.179303
v -0.129229 0.054450 -0.182233
v -0.129229 0.042350 -0.182233
v -0.023761 0.423328 -0.047112
v -0.133261 0.042350 -0.179303
v -0.022266 0.423197 -0.047513
v -0.134802 0.054450 -0.174563
v -0.133261 0.054450 -0.179303
v -0.133261 0.042350 -0.179303
v -0.048087 0.423197 -0.047513
v -0.134802 0.042350 -0.174563
v -0.036335 0.426664 -0.036844
v -0.133261 0.054450 -0.169823
v -0.134802 0.054450 -0.174563
v -0.134802 0.042350 -0.174563
v -0.048087 0.426664 -0.036844
v -0.133261 0.042350 -0.169823
v -0.048087 0.435739 -0.030251
v -0.129229 0.054450 -0.166893
v -0.133261 0.054450 -0.169823
v -0.133261 0.042350 -0.169823
v -0.042929 0.435739 -0.030251
v -0.129229 0.042350 -0.166893
v -0.026912 0.459093 -0.046268
v -0.124245 0.054450 -0.166893
v -0.129229 0.054450 -0.166893
v -0.129229 0.042350 -0.166893
v -0.048087 0.459498 -0.047513
v -0.124245 0.042350 -0.166893
v -0.022266 0.459498 -0.047513
v -0.120213 0.054450 -0.169823
v -0.124245 0.054450 -0.166893
v -0.124245 0.042350 -0.166893
v -0.023761 0.459367 -0.047112
v -0.120213 0.042350 -0.169823
v -0.036335 0.456032 -0.036844
v -0.118672 0.054450 -0.174563
v -0.120213 0.054450 -0.179303
v -0.124245 0.054450 -0.182233
v -0.042929 0.446956 -0.030251
v -0.048087 0.446956 -0.030251
v -0.129229 0.054450 -0.182233
v -0.048087 0.456032 -0.036844
v -0.129229 0.054450 -0.182233
v -0.133261 0.054450 -0.179303
v 0.048713 0.653098 -0.047513
v -0.133261 0.054450 -0.179303
v -0.134802 0.054450 -0.174563
v 0.048713 0.656564 -0.036844
v -0.134802 0.054450 -0.174563
v -0.133261 0.054450 -0.169823
v 0.048713 0.665639 -0.030251
v -0.133261 0.054450 -0.169823
v -0.129229 0.054450 -0.166893
v 0.048713 0.676856 -0.030251
v -0.129229 0.054450 -0.166893
v -0.124245 0.054450 -0.166893
v 0.048713 0.685931 -0.036844
v -0.124245 0.054450 -0.166893
v -0.120213 0.054450 -0.169823
v 0.133887 0.054450 -0.179303
v 0.135428 0.054450 -0.174563
v 0.135428 0.042350 -0.174563
v 0.048713 0.689398 -0.047513
v 0.133887 0.042350 -0.179303
v 0.048713 0.685931 -0.058182
v 0.129855 0.054450 -0.182233
v 0.133887 0.054450 -0.179303
v 0.133887 0.042350 -0.179303
v 0.048713 0.676856 -0.064775
v 0.129855 0.042350 -0.182233
v 0.048713 0.665639 -0.064775
v 0.124871 0.054450 -0.182233
v 0.129855 0.054450 -0.182233
v 0.129855 0.042350 -0.182233
v 0.048713 0.656564 -0.058182
v 0.124871 0.042350 -0.182233
v -0.048087 0.656564 -0.036844
v 0.120839 0.054450 -0.179303
v 0.124871 0.054450 -0.182233
v 0.124871 0.042350 -0.182233
v -0.048087 0.653098 -0.047513
v 0.120839 0.042350 -0.179303
v -0.048087 0.656564 -0.058182
v 0.119298 0.054450 -0.174563
v 0.120839 0.054450 -0.179303
v 0.120839 0.042350 -0.179303
v -0.048087 0.665639 -0.064775
v 0.119298 0.042350 -0.174563
v -0.048087 0.676856 -0.064775
v 0.120839 0.054450 -0.169823
v 0.119298 0.054450 -0.174563
v 0.119298 0.042350 -0.174563
v -0.048087 0.685931 -0.058182
v 0.120839 0.042350 -0.169823
v -0.048087 0.689398 -0.047513
v 0.124871 0.054450 -0.166893
v 0.120839 0.054450 -0.169823
v 0.120839 0.042350 -0.169823
v -0.048087 0.685931 -0.036844
v 0.124871 0.042350 -0.166893
v -0.048087 0.676856 -0.030251
v 0.129855 0.054450 -0.166893
v 0.124871 0.054450 -0.166893
v 0.124871 0.042350 -0.166893
v -0.048087 0.665639 -0.030251
v 0.129855 0.042350 -0.166893
v 0.027538 0.653502 -0.046268
v 0.133887 0.054450 -0.169823
v 0.129855 0.054450 -0.166893
v 0.129855 0.042350 -0.166893
v 0.048713 0.656564 -0.036844
v 0.133887 0.042350 -0.169823
v 0.036961 0.656564 -0.036844
v 0.135428 0.054450 -0.174563
v 0.133887 0.054450 -0.179303
v 0.129855 0.054450 -0.182233
v 0.043555 0.665639 -0.030251
v 0.048713 0.665639 -0.030251
v 0.124871 0.054450 -0.182233
v 0.048713 0.676856 -0.030251
v 0.124871 0.054450 -0.182233
v 0.120839 0.054450 -0.179303
v 0.043555 0.676856 -0.030251
v 0.120839 0.054450 -0.179303
v 0.119298 0.054450 -0.174563
v 0.027538 0.688993 -0.046268
v 0.119298 0.054450 -0.174563
v 0.120839 0.054450 -0.169823
v 0.048713 0.685931 -0.036844
v 0.120839 0.054450 -0.169823
v 0.124871 0.054450 -0.166893
v 0.036961 0.685931 -0.036844
v 0.124871 0.054450 -0.166893
v 0.129855 0.054450 -0.166893
v 0.015438 0.688749 -0.049510
v 0.129855 0.054450 -0.166893
v 0.133887 0.054450 -0.169823
v -0.120213 0.054450 0.171597
v -0.118672 0.054450 0.176337
v -0.118672 0.042350 0.176337
v 0.015438 0.686963 -0.055006
v -0.120213 0.042350 0.171597
v 0.048713 0.689398 -0.047513
v -0.124245 0.054450 0.168667
v -0.120213 0.054450 0.171597
v -0.120213 0.042350 0.171597
v 0.022892 0.689398 -0.047513
v -0.124245 0.042350 0.168667
v 0.015438 0.685931 -0.058182
v -0.129229 0.054450 0.168667
v -0.124245 0.054450 0.168667
v -0.124245 0.042350 0.168667
v 0.015438 0.676856 -0.064775
v -0.129229 0.042350 0.168667
v 0.048713 0.676856 -0.064775
v -0.133261 0.054450 0.171597
v -0.129229 0.054450 0.168667
v -0.129229 0.042350 0.168667
v 0.048713 0.685931 -0.058182
v -0.133261 0.042350 0.171597
v 0.048713 0.676856 -0.064775
v -0.134802 0.054450 0.176337
v -0.133261 0.054450 0.171597
v -0.133261 0.042350 0.171597
v 0.015438 0.676856 -0.064775
v -0.134802 0.042350 0.176337
v 0.015438 0.665639 -0.064775
v -0.133261 0.054450 0.181077
v -0.134802 0.054450 0.176337
v -0.134802 0.042350 0.176337
v 0.048713 0.665639 -0.064775
v -0.133261 0.042350 0.181077
v 0.015438 0.653747 -0.049510
v -0.129229 0.054450 0.184007
v -0.133261 0.054450 0.181077
v -0.133261 0.042350 0.181077
v 0.022892 0.653098 -0.047513
v -0.129229 0.042350 0.184007
v 0.048713 0.653098 -0.047513
v -0.124245 0.054450 0.184007
v -0.129229 0.054450 0.184007
v -0.129229 0.042350 0.184007
v 0.048713 0.656564 -0.058182
v -0.124245 0.042350 0.184007
v 0.015438 0.656564 -0.058182
v -0.120213 0.054450 0.181077
v -0.124245 0.054450 0.184007
v -0.124245 0.042350 0.184007
v 0.015438 0.655532 -0.055006
v -0.120213 0.042350 0.181077
v 0.048713 0.675785 -0.039654
v -0.118672 0.054450 0.176337
v -0.120213 0.054450 0.171597
v -0.124245 0.054450 0.168667
v 0.072913 0.675785 -0.039654
v 0.072913 0.680323 -0.047513
v -0.129229 0.054450 0.168667
v 0.048713 0.680323 -0.047513
v -0.129229 0.054450 0.168667
v -0.133261 0.054450 0.171597
v 0.048713 0.675785 -0.055372
v -0.133261 0.054450 0.171597
v -0.134802 0.054450 0.176337
v 0.048713 0.666710 -0.055372
v -0.134802 0.054450 0.176337
v -0.133261 0.054450 0.181077
v 0.072913 0.666710 -0.055372
v -0.133261 0.054450 0.181077
v -0.129229 0.054450 0.184007
v 0.072913 0.675785 -0.055372
v -0.129229 0.054450 0.184007
v -0.124245 0.054450 0.184007
v 0.072913 0.666710 -0.055372
v -0.124245 0.054450 0.184007
v -0.120213 0.054450 0.181077
v 0.133887 0.054450 0.171597
v 0.135428 0.054450 0.176337
v 0.135428 0.042350 0.176337
v 0.048713 0.666710 -0.055372
v 0.133887 0.042350 0.171597
v 0.048713 0.662172 -0.047513
v 0.129855 0.054450 0.168667
v 0.133887 0.054450 0.171597
v 0.133887 0.042350 0.171597
v 0.048713 0.666710 -0.039654
v 0.129855 0.042350 0.168667
v 0.072913 0.666710 -0.039654
v 0.124871 0.054450 0.168667
v 0.129855 0.054450 0.168667
v 0.129855 0.042350 0.168667
v 0.072913 0.662172 -0.047513
v 0.124871 0.042350 0.168667
v 0.072913 0.662172 -0.047513
v 0.120839 0.054450 0.171597
v 0.124871 0.054450 0.168667
v 0.124871 0.042350 0.168667
v 0.072913 0.666710 -0.039654
v 0.120839 0.042350 0.171597
v 0.072913 0.675785 -0.039654
v 0.119298 0.054450 0.176337
v 0.120839 0.054450 0.171597
v 0.120839 0.042350 0.171597
v 0.072913 0.680323 -0.047513
v 0.119298 0.042350 0.176337
v 0.072913 0.675785 -0.055372
v 0.120839 0.054450 0.181077
v 0.119298 0.054450 0.176337
v 0.119298 0.042350 0.176337
v 0.072913 0.666710 -0.055372
v 0.120839 0.042350 0.181077
v -0.072287 0.666710 -0.039654
v 0.124871 0.054450 0.184007
v 0.120839 0.054450 0.181077
v 0.120839 0.042350 0.181077
v -0.072287 0.662172 -0.047513
v 0.124871 0.042350 0.184007
v -0.072287 0.666710 -0.055372
v 0.129855 0.054450 0.184007
v 0.124871 0.054450 0.184007
v 0.124871 0.042350 0.184007
v -0.072287 0.675785 -0.055372
v 0.129855 0.042350 0.184007
v -0.072287 0.680323 -0.047513
v 0.133887 0.054450 0.181077
v 0.129855 0.054450 0.184007
v 0.129855 0.042350 0.184007
v -0.072287 0.675785 -0.039654
v 0.133887 0.042350 0.181077
v -0.048087 0.666710 -0.039654
v 0.135428 0.054450 0.176337
v 0.133887 0.054450 0.171597
v 0.129855 0.054450 0.168667
v -0.072287 0.666710 -0.039654
v -0.048087 0.675785 -0.039654
v 0.124871 0.054450 0.168667
v -0.072287 0.675785 -0.039654
v 0.124871 0.054450 0.168667
v 0.120839 0.054450 0.171597
v -0.048087 0.680323 -0.047513
v 0.120839 0.054450 0.171597
v 0.119298 0.054450 0.176337
v -0.072287 0.680323 -0.047513
v 0.119298 0.054450 0.176337
v 0.120839 0.054450 0.181077
v -0.048087 0.675785 -0.055372
v 0.120839 0.054450 0.181077
v 0.124871 0.054450 0.184007
v -0.072287 0.675785 -0.055372
v 0.124871 0.054450 0.184007
v 0.129855 0.054450 0.184007
v -0.072287 0.666710 -0.055372
v 0.129855 0.054450 0.184007
v 0.133887 0.054450 0.181077
v -0.118672 0.054450 -0.174563
v -0.120213 0.054450 -0.169823
v -0.120213 0.042350 -0.169823
v -0.048087 0.666710 -0.055372
v -0.118672 0.042350 -0.174563
v -0.072287 0.662172 -0.047513
v 0.135428 0.054450 -0.174563
v 0.133887 0.054450 -0.169823
v 0.133887 0.042350 -0.169823
v -0.048087 0.662172 -0.047513
v 0.135428 0.042350 -0.174563
v -0.048087 0.666710 -0.055372
v -0.118672 0.054450 0.176337
v -0.120213 0.054450 0.181077
v -0.120213 0.042350 0.181077
v -0.072287 0.666710 -0.055372
v -0.118672 0.042350 0.176337
v 0.048713 0.423197 -0.047513
v 0.135428 0.054450 0.176337
v 0.133887 0.054450 0.181077
v 0.133887 0.042350 0.181077
v 0.048713 0.426664 -0.036844
v 0.135428 0.042350 0.176337
v 0.048713 0.435739 -0.030251
v -0.150937 0.018150 0.152137
v 0.151563 0.018150 0.152137
v 0.151563 0.369050 0.152137
v 0.048713 0.446956 -0.030251
v -0.150937 0.369050 0.152137
v 0.048713 0.456032 -0.036844
v 0.151563 0.018150 0.152137
v 0.151563 0.018150 -0.150363
v 0.151563 0.369050 -0.150363
v 0.048713 0.459498 -0.047513
v 0.151563 0.369050 0.152137
v 0.048713 0.456032 -0.058182
v 0.151563 0.018150 -0.150363
v -0.150937 0.018150 -0.150363
v -0.150937 0.369050 -0.150363
v 0.048713 0.446956 -0.064775
v 0.151563 0.369050 -0.150363
v 0.048713 0.435739 -0.064775
v -0.150937 0.018150 -0.150363
v -0.150937 0.018150 0.152137
v -0.150937 0.369050 0.152137
v 0.048713 0.426664 -0.058182
v -0.150937 0.369050 -0.150363
v -0.048087 0.426664 -0.036844
v -0.129762 0.393250 0.130962
v 0.130388 0.393250 0.130962
v 0.130388 0.393250 -0.129188
v -0.048087 0.423197 -0.047513
v -0.129762 0.393250 -0.129188
v -0.048087 0.426664 -0.058182
v -0.150937 0.369050 0.152137
v 0.151563 0.369050 0.152137
v 0.145513 0.381150 0.146087
v -0.048087 0.435739 -0.064775
v -0.144887 0.381150 0.146087
v -0.048087 0.446956 -0.064775
v -0.048087 0.456032 -0.058182
v -0.048087 0.459498 -0.047513
v 0.130388 0.393250 0.130962
v -0.048087 0.456032 -0.036844
v -0.129762 0.393250 0.130962
v -0.048087 0.446956 -0.030251
v 0.151563 0.369050 0.152137
v 0.151563 0.369050 -0.150363
v 0.145513 0.381150 -0.144313
v -0.048087 0.435739 -0.030251
v 0.145513 0.381150 0.146087
v 0.027538 0.423602 -0.046268
v 0.145513 0.381150 0.146087
v 0.048713 0.426664 -0.036844
v 0.130388 0.393250 -0.129188
v 0.036961 0.426664 -0.036844
v 0.130388 0.393250 0.130962
v 0.043555 0.435739 -0.030251
v 0.151563 0.369050 -0.150363
v -0.150937 0.369050 -0.150363
v -0.144887 0.381150 -0.144313
v 0.048713 0.435739 -0.030251
v 0.145513 0.381150 -0.144313
v 0.048713 0.446956 -0.030251
v 0.043555 0.446956 -0.030251
v 0.027538 0.459093 -0.046268
v -0.129762 0.393250 -0.129188
v 0.048713 0.456032 -0.036844
v 0.130388 0.393250 -0.129188
v 0.036961 0.456032 -0.036844
v -0.150937 0.369050 -0.150363
v -0.150937 0.369050 0.152137
v -0.144887 0.381150 0.146087
v 0.015438 0.458848 -0.049510
v -0.144887 0.381150 -0.144313
v 0.015438 0.457063 -0.055006
v 0.048713 0.459498 -0.047513
v 0.022892 0.459498 -0.047513
v -0.129762 0.393250 0.130962
v 0.048713 0.446956 -0.064775
v -0.129762 0.393250 -0.129188
v 0.048713 0.456032 -0.058182
v -0.111612 0.090448 0.167262
v -0.111612 0.090448 0.152137
v 0.112238 0.090448 0.152137
v 0.015438 0.456032 -0.058182
v 0.112238 0.090448 0.167262
v 0.015438 0.446956 -0.064775
v -0.111612 0.314298 0.167262
v 0.112238 0.314298 0.167262
v 0.112238 0.314298 0.152137
v 0.015438 0.446956 -0.064775
v -0.111612 0.314298 0.152137
v 0.048713 0.446956 -0.064775
v -0.111612 0.090448 0.167262
v 0.112238 0.090448 0.167262
v 0.112238 0.314298 0.167262
v 0.048713 0.435739 -0.064775
v -0.111612 0.314298 0.167262
v 0.015438 0.435739 -0.064775
v 0.112238 0.090448 0.167262
v 0.112238 0.090448 0.152137
v 0.112238 0.314298 0.152137
v 0.015438 0.435600 -0.064674
v 0.112238 0.314298 0.167262
v 0.015438 0.423847 -0.049510
v -0.111612 0.090448 0.152137
v -0.111612 0.090448 0.167262
v -0.111612 0.314298 0.167262
v 0.022892 0.423197 -0.047513
v -0.111612 0.314298 0.152137
v 0.048713 0.423197 -0.047513
v 0.027538 0.420172 0.048042
v 0.000313 0.420172 0.055337
v -0.026912 0.420172 0.048042
v 0.048713 0.426664 -0.058182
v -0.046842 0.420172 0.028112
v -0.054137 0.420172 0.000887
v 0.015438 0.426664 -0.058182
v -0.046842 0.420172 -0.026338
v -0.026912 0.420172 -0.046268
v 0.015438 0.425632 -0.055007
v 0.048713 0.445885 -0.039654
v 0.072913 0.445885 -0.039654
v 0.072913 0.450423 -0.047513
v 0.000313 0.420172 -0.053563
v 0.027538 0.420172 -0.046268
v 0.048713 0.450423 -0.047513
v 0.047468 0.420172 -0.026338
v 0.054763 0.420172 0.000887
v 0.048713 0.445885 -0.055372
v 0.048713 0.436810 -0.055372
v 0.072913 0.436810 -0.055372
v 0.072913 0.445885 -0.055372
v 0.072913 0.436810 -0.055372
v 0.048713 0.436810 -0.055372
v 0.048713 0.432273 -0.047513
v 0.048713 0.436810 -0.039654
v 0.072913 0.436810 -0.039654
v 0.047468 0.420172 0.028112
v 0.072913 0.432273 -0.047513
v 0.072913 0.432273 -0.047513
v 0.054763 0.420172 0.000887
v 0.047468 0.420172 -0.026338
v 0.047468 0.689700 -0.026338
v 0.072913 0.436810 -0.039654
v 0.054763 0.689700 0.000887
v 0.072913 0.445885 -0.039654
v 0.047468 0.420172 -0.026338
v 0.027538 0.420172 -0.046268
v 0.027538 0.689700 -0.046268
v 0.072913 0.450423 -0.047513
v 0.047468 0.689700 -0.026338
v 0.072913 0.445885 -0.055372
v 0.027538 0.420172 -0.046268
v 0.000313 0.420172 -0.053563
v 0.000313 0.689700 -0.053563
v 0.072913 0.436810 -0.055372
v 0.027538 0.689700 -0.046268
v -0.072287 0.436810 -0.039654
v 0.000313 0.420172 -0.053563
v -0.026912 0.420172 -0.046268
v -0.026912 0.689700 -0.046268
v -0.072287 0.432273 -0.047513
v -0.072287 0.436810 -0.055372
v -0.072287 0.445885 -0.055372
v -0.072287 0.450423 -0.047513
v -0.046842 0.420172 -0.026338
v -0.046842 0.689700 -0.026338
v -0.072287 0.445885 -0.039654
v -0.048087 0.436810 -0.039654
v -0.072287 0.436810 -0.039654
v -0.048087 0.445885 -0.039654
v -0.054137 0.420172 0.000887
v -0.054137 0.689700 0.000887
v -0.072287 0.445885 -0.039654
v -0.048087 0.450423 -0.047513
v -0.072287 0.450423 -0.047513
v -0.048087 0.445885 -0.055372
v -0.046842 0.420172 0.028112
v -0.046842 0.689700 0.028112
v -0.072287 0.445885 -0.055372
v -0.072287 0.436810 -0.055372
v -0.048087 0.436810 -0.055372
v -0.072287 0.432273 -0.047513
v -0.026912 0.420172 0.048042
v -0.026912 0.689700 0.048042
v -0.048087 0.432273 -0.047513
v -0.048087 0.436810 -0.055372
v -0.072287 0.436810 -0.055372
v 0.048713 0.653098 0.049287
v 0.000313 0.420172 0.055337
v 0.000313 0.689700 0.055337
v 0.048713 0.656564 0.059956
v 0.048713 0.665639 0.066549
v 0.048713 0.676856 0.066549
v 0.048713 0.685931 0.059956
v 0.027538 0.420172 0.048042
v 0.027538 0.689700 0.048042
v 0.048713 0.689398 0.049287
v 0.048713 0.685931 0.038618
v 0.048713 0.676856 0.032025
v 0.048713 0.665639 0.032025
v 0.047468 0.420172 0.028112
v 0.047468 0.689700 0.028112
v 0.048713 0.656564 0.038618
v -0.048087 0.656564 0.059956
v -0.048087 0.653098 0.049287
v -0.048087 0.656564 0.038618
v -0.048087 0.665639 0.032025
v -0.048087 0.676856 0.032025
v -0.048087 0.685931 0.038618
v -0.048087 0.689398 0.049287
v -0.048087 0.685931 0.059956
v 0.054763 0.689700 0.000887
v 0.047468 0.689700 -0.026338
v 0.027538 0.689700 -0.046268
v -0.048087 0.676856 0.066549
v 0.000313 0.689700 -0.053563
v -0.026912 0.689700 -0.046268
v -0.048087 0.665639 0.066549
v -0.046842 0.689700 -0.026338
v -0.054137 0.689700 0.000887
v -0.014812 0.653747 0.051284
v -0.048087 0.656564 0.059956
v -0.014812 0.656564 0.059956
v -0.014812 0.655532 0.056780
v -0.046842 0.689700 0.028112
v -0.026912 0.689700 0.048042
v 0.015438 0.656564 0.059956
v 0.000313 0.689700 0.055337
v 0.027538 0.689700 0.048042
v 0.048713 0.656564 0.059956
v 0.048713 0.665639 0.066549
v 0.015438 0.665639 0.066549
v 0.015438 0.676856 0.066549
v 0.015438 0.685931 0.059956
v 0.048713 0.685931 0.059956
v 0.048713 0.676856 0.066549
v -0.014812 0.688749 0.051284
v -0.014812 0.686963 0.056780
v 0.047468 0.689700 0.028112
v -0.014812 0.685931 0.059956
v -0.048087 0.685931 0.059956
v 0.054763 0.689700 0.000887
v 0.066863 0.689700 -0.008188
v 0.052332 0.689700 -0.008188
v -0.090437 0.441650 0.009962
v -0.090437 0.441650 -0.008188
v -0.108587 0.420172 -0.008188
v -0.026912 0.688993 0.048042
v -0.108587 0.420172 0.009962
v -0.022266 0.689398 0.049287
v -0.066237 0.689700 0.009962
v -0.066237 0.689700 -0.008188
v -0.090437 0.441650 -0.008188
v -0.048087 0.689398 0.049287
v -0.090437 0.441650 0.009962
v -0.036335 0.685931 0.038618
v -0.090437 0.441650 0.009962
v -0.108587 0.420172 0.009962
v -0.051706 0.420172 0.009962
v -0.048087 0.685931 0.038618
v -0.051706 0.441650 0.009962
v -0.048087 0.676856 0.032025
v -0.042929 0.676856 0.032025
v -0.051706 0.689700 0.009962
v -0.066237 0.689700 0.009962
v -0.042929 0.676856 0.032025
v -0.048087 0.676856 0.032025
v -0.042929 0.665639 0.032025
v 0.091063 0.441650 -0.008188
v 0.091063 0.441650 0.009962
v 0.109213 0.420172 0.009962
v -0.048087 0.665639 0.032025
v 0.109213 0.420172 -0.008188
v -0.036335 0.656564 0.038618
v 0.066863 0.689700 -0.008188
v 0.066863 0.689700 0.009962
v 0.091063 0.441650 0.009962
v -0.048087 0.656564 0.038618
v 0.091063 0.441650 -0.008188
v -0.048087 0.653098 0.049287
v 0.091063 0.441650 -0.008188
v 0.109213 0.420172 -0.008188
v 0.052332 0.420172 -0.008188
v -0.022266 0.653098 0.049287
v 0.052332 0.441650 -0.008188
v -0.026912 0.653502 0.048042
v 0.052332 0.689700 -0.008188
v 0.066863 0.689700 -0.008188
v 0.048713 0.675785 0.057146
v 0.072913 0.675785 0.057146
v 0.072913 0.680323 0.049287
v 0.048713 0.680323 0.049287
v 0.000313 0.689700 -0.053563
v -0.014812 0.689700 -0.065663
v -0.014812 0.689700 -0.049510
v 0.015438 0.438323 0.067437
v -0.014812 0.438323 0.067437
v -0.014812 0.420172 0.079537
v 0.048713 0.675785 0.041428
v 0.015438 0.420172 0.079537
v 0.048713 0.666710 0.041428
v 0.015438 0.689700 0.067437
v -0.014812 0.689700 0.067437
v -0.014812 0.438323 0.067437
v 0.072913 0.666710 0.041428
v 0.015438 0.438323 0.067437
v 0.072913 0.675785 0.041428
v 0.015438 0.420172 -0.049510
v 0.015438 0.420172 -0.077763
v 0.015438 0.438323 -0.065663
v 0.072913 0.666710 0.041428
v 0.015438 0.438323 -0.049510
v 0.048713 0.666710 0.041428
v 0.015438 0.689700 -0.049510
v 0.048713 0.662172 0.049287
v 0.048713 0.666710 0.057146
v 0.072913 0.666710 0.057146
v 0.015438 0.689700 -0.065663
v 0.072913 0.662172 0.049287
v -0.014812 0.438323 -0.065663
v 0.015438 0.438323 -0.065663
v 0.015438 0.420172 -0.077763
v 0.072913 0.662172 0.049287
v -0.014812 0.420172 -0.077763
v 0.072913 0.666710 0.057146
v -0.014812 0.689700 -0.065663
v 0.015438 0.689700 -0.065663
v 0.015438 0.438323 -0.065663
v 0.072913 0.675785 0.057146
v -0.014812 0.438323 -0.065663
v 0.072913 0.680323 0.049287
v -0.014812 0.438323 -0.065663
v -0.014812 0.420172 -0.077763
v -0.014812 0.420172 -0.049510
v 0.072913 0.675785 0.041428
v -0.014812 0.438323 -0.049510
v 0.072913 0.666710 0.041428
v -0.072287 0.666710 0.057146
v -0.014812 0.689700 -0.049510
v -0.014812 0.689700 -0.065663
v -0.072287 0.662172 0.049287
v -0.072287 0.666710 0.041428
v -0.072287 0.675785 0.041428
v 0.091063 0.441650 0.009962
v 0.052332 0.441650 0.009962
v 0.052332 0.420172 0.009962
v -0.072287 0.680323 0.049287
v 0.109213 0.420172 0.009962
v -0.072287 0.675785 0.057146
v -0.090437 0.441650 -0.008188
v -0.051706 0.441650 -0.008188
v -0.051706 0.420172 -0.008188
v -0.048087 0.666710 0.057146
v -0.108587 0.420172 -0.008188
v -0.072287 0.666710 0.057146
v 0.015438 0.420172 0.051284
v 0.015438 0.438323 0.051284
v 0.015438 0.438323 0.067437
v -0.048087 0.675785 0.057146
v 0.015438 0.420172 0.079537
v -0.072287 0.675785 0.057146
v -0.014812 0.438323 0.067437
v -0.014812 0.438323 0.051284
v -0.014812 0.420172 0.051284
v -0.048087 0.680323 0.049287
v -0.014812 0.420172 0.079537
v -0.072287 0.680323 0.049287
v -0.066237 0.689700 0.009962
v -0.051706 0.689700 0.009962
v -0.051992 0.689700 0.008894
v -0.048087 0.675785 0.041428
v -0.054137 0.689700 0.000887
v -0.072287 0.675785 0.041428
v -0.051706 0.689700 -0.008188
v -0.072287 0.666710 0.041428
v -0.048087 0.666710 0.041428
v -0.072287 0.662172 0.049287
v -0.066237 0.689700 -0.008188
v -0.048087 0.662172 0.049287
v 0.015438 0.689700 0.067437
v -0.048087 0.666710 0.041428
v -0.072287 0.666710 0.041428
v 0.048713 0.423197 0.049287
v 0.015438 0.689700 0.051284
v 0.048713 0.426664 0.059956
v 0.015438 0.689700 0.067437
v 0.015438 0.689700 0.051284
v 0.000313 0.689700 0.055337
v 0.048713 0.435739 0.066549
v -0.014812 0.689700 0.067437
v -0.014812 0.689700 0.051284
v 0.048713 0.446956 0.066549
v 0.048713 0.456031 0.059956
v 0.048713 0.459498 0.049287
v 0.048713 0.456031 0.038618
v 0.048713 0.446956 0.032025
v 0.066863 0.689700 0.009962
v 0.048713 0.435739 0.032025
v 0.052332 0.689700 0.009962
v 0.048713 0.426664 0.038618
v -0.048087 0.426664 0.059956
v 0.052332 0.689700 0.009962
v 0.066863 0.689700 0.009962
v -0.048087 0.423197 0.049287
v -0.048087 0.426664 0.038618
v -0.048087 0.435739 0.032025
v -0.048087 0.446956 0.032025
v 0.015438 0.689700 -0.049510
v 0.015438 0.689700 -0.065663
v -0.048087 0.456031 0.038618
v -0.048087 0.459498 0.049287
v -0.048087 0.456031 0.059956
v -0.066237 0.689700 -0.008188
v -0.048087 0.446956 0.066549
v -0.048087 0.435739 0.066549
v -0.014812 0.423847 0.051284
v -0.051706 0.689700 -0.008188
v -0.048087 0.426664 0.059956
v -0.012858 0.689700 0.051808
v -0.014812 0.689700 0.051284
v -0.014812 0.689700 0.067437
v -0.014812 0.426664 0.059956
v -0.014812 0.425632 0.056780
v 0.015438 0.435600 0.066448
v 0.048713 0.426664 0.059956
v 0.015438 0.426664 0.059956
v 0.048713 0.435739 0.066549
v -0.072287 0.436810 0.041428
v -0.048087 0.436810 0.041428
v -0.048087 0.432273 0.049287
v 0.015438 0.435739 0.066549
v -0.072287 0.432273 0.049287
v 0.015438 0.446956 0.066549
v -0.048087 0.436810 0.041428
v -0.072287 0.436810 0.041428
v -0.072287 0.445885 0.041428
v 0.015438 0.456031 0.059956
v -0.048087 0.445885 0.041428
v 0.048713 0.456031 0.059956
v 0.048713 0.446956 0.066549
v -0.014812 0.458848 0.051284
v -0.072287 0.450423 0.049287
v -0.014812 0.457063 0.056781
v -0.048087 0.450423 0.049287
v -0.014812 0.456031 0.059956
v -0.048087 0.456031 0.059956
v -0.026912 0.459093 0.048042
v -0.072287 0.445885 0.057146
v -0.022266 0.459498 0.049287
v -0.048087 0.445885 0.057146
v -0.048087 0.459498 0.049287
v -0.036335 0.456031 0.038618
v -0.048087 0.456031 0.038618
v -0.072287 0.436810 0.057146
v -0.048087 0.446956 0.032025
v -0.048087 0.436810 0.057146
v -0.042929 0.446956 0.032025
v -0.042929 0.446956 0.032025
v -0.048087 0.446956 0.032025
v -0.042929 0.435739 0.032025
v -0.048087 0.435739 0.032025
v -0.036335 0.426664 0.038618
v -0.048087 0.426664 0.038618
v -0.072287 0.445885 0.057146
v -0.072287 0.450423 0.049287
v -0.072287 0.445885 0.041428
v -0.048087 0.423197 0.049287
v -0.072287 0.436810 0.041428
v -0.072287 0.432273 0.049287
v -0.022266 0.423197 0.049287
v -0.026912 0.423602 0.048042
v 0.048713 0.445885 0.057146
v -0.072287 0.436810 0.057146
v 0.072913 0.445885 0.057146
v 0.072913 0.450423 0.049287
v 0.072913 0.436810 0.041428
v 0.072913 0.445885 0.041428
v 0.072913 0.450423 0.049287
v 0.048713 0.450423 0.049287
v 0.072913 0.445885 0.057146
v 0.072913 0.436810 0.057146
v 0.048713 0.445885 0.041428
v 0.048713 0.436810 0.041428
v 0.072913 0.436810 0.041428
v 0.072913 0.432273 0.049287
v 0.072913 0.445885 0.041428
v 0.072913 0.436810 0.041428
v 0.072913 0.432273 0.049287
v 0.072913 0.436810 0.057146
v 0.048713 0.436810 0.057146
v 0.048713 0.436810 0.041428
v 0.048713 0.432273 0.049287
v -0.090437 0.000000 -0.321800
v -0.085253 0.000000 -0.352223
v -0.084387 0.000000 -0.321800
v -0.084387 0.000000 -0.352223
v 0.085013 0.000000 -0.321800
v -0.090437 0.000000 -0.352223
v 0.091063 0.000000 -0.321800
v 0.085013 0.000000 -0.352223
v -0.090437 0.000000 -0.352223
v 0.090197 0.000000 -0.352223
v 0.085013 0.000000 -0.321800
v -0.090437 0.000000 -0.321800
v 0.091063 0.000000 -0.321800
v -0.084387 0.000000 -0.321800
v 0.085013 0.000000 -0.352223
v 0.091063 0.000000 -0.326219
v -0.084387 0.000000 -0.352223
v -0.089556 0.000000 -0.321800
v 0.091063 0.000000 -0.352223
v 0.085013 0.000000 -0.347856
v 0.091063 0.000000 -0.352223
v 0.085894 0.000000 -0.321800
v -0.090437 0.000000 -0.347856
v -0.084387 0.000000 -0.326219
vn -0.0000 0.9943 0.1062
vn -0.0000 0.1063 -0.9943
vn -0.0000 -0.6685 -0.7437
vn -1.0000 -0.0000 -0.0000
vn -0.0000 -0.1063 0.9943
vn -0.0000 -0.7437 0.6685
vn 1.0000 -0.0000 -0.0000
vn -0.0000 -0.0000 -0.0000
vn -0.0000 -0.0000 -1.0000
vn -0.0000 1.0000 -0.0000
vn -0.0000 -1.0000 -0.0000
vn -0.0000 -0.0000 1.0000
vn -0.9835 -0.0000 0.1809
vn 0.9835 -0.0000 -0.1809
vn -0.9835 -0.0000 -0.1809
vn 0.9835 -0.0000 0.1809
vn -0.0000 -0.9943 -0.1062
vn -0.0000 0.1062 -0.9943
vn -0.0000 -0.1059 0.9944
vn -0.9659 -0.0000 0.2588
vn -0.7071 -0.0000 0.7071
vn -0.2588 -0.0000 0.9659
vn 0.2588 -0.0000 0.9659
vn 0.7071 -0.0000 0.7071
vn 0.9659 -0.0000 0.2588
vn 0.9659 -0.0000 -0.2588
vn 0.7071 -0.0000 -0.7071
vn 0.2588 -0.0000 -0.9659
vn -0.2588 -0.0000 -0.9659
vn -0.7071 -0.0000 -0.7071
vn -0.9659 -0.0000 -0.2588
vn -0.0000 1.0000 -0.0001
vn 0.0001 1.0000 -0.0000
vn -0.0001 1.0000 -0.0000
vn -0.0000 -1.0000 0.0001
vn -0.9749 -0.0000 0.2225
vn -0.7819 -0.0000 0.6235
vn -0.4338 -0.0000 0.9010
vn 0.4338 -0.0000 0.9010
vn 0.7819 -0.0000 0.6235
vn 0.9749 -0.0000 0.2225
vn -0.9749 -0.0000 -0.2225
vn -0.7818 -0.0000 -0.6235
vn -0.4339 -0.0000 -0.9010
vn 0.4339 -0.0000 -0.9010
vn 0.7818 -0.0000 -0.6235
vn 0.9749 -0.0000 -0.2225
vn -0.0000 -0.9943 -0.1063
vn -0.0000 0.9943 0.1063
vn -0.0000 0.9944 0.1061
vn -0.0000 0.8000 0.6000
vn -0.0000 0.8000 -0.6000
vn -0.0000 0.7071 0.7071
vn -0.0000 0.7071 -0.7071
vn 0.8660 -0.0000 -0.5000
vn -0.8660 -0.0000 -0.5000
vn -0.8660 -0.0000 0.5000
vn 0.8660 -0.0000 0.5000
vn 0.9510 -0.0000 -0.3092
vn 0.5879 -0.0000 -0.8090
vn -0.5879 -0.0000 -0.8090
vn -0.9510 -0.0000 -0.3092
vn -0.9510 -0.0000 0.3092
vn -0.5879 -0.0000 0.8090
vn 0.5879 -0.0000 0.8090
vn 0.9510 -0.0000 0.3092
vn -0.0000 0.4472 0.8944
vn -0.0000 0.5630 0.8265
vn -0.0000 0.7809 0.6247
vn 0.8944 0.4472 -0.0000
vn 0.8265 0.5629 -0.0000
vn 0.6247 0.7809 -0.0000
vn -0.0000 0.4472 -0.8944
vn -0.0000 0.5630 -0.8265
vn -0.0000 0.5629 -0.8265
vn -0.0000 0.7809 -0.6247
vn -0.8944 0.4472 -0.0000
vn -0.8265 0.5630 -0.0000
vn -0.6247 0.7809 -0.0000
vn 0.0001 -0.0000 -1.0000
vn -0.5000 -0.0000 -0.8660
vn -0.0001 -0.0000 -1.0000
vn -0.5000 -0.0000 0.8660
vn 0.5000 -0.0000 0.8660
vn -0.7638 0.6455 -0.0000
vn -0.9953 0.0971 -0.0000
vn 0.7638 0.6455 -0.0000
vn 0.9953 0.0971 -0.0000
vn -0.0000 0.5547 0.8321
vn -0.0000 0.5547 -0.8321
vn -0.0000 -0.8660 -0.5000
vn -0.0000 0.5000 -0.8660
vn -0.0000 0.5000 0.8660
vn -0.0000 -0.5000 0.8660
vn -0.0000 -0.9510 -0.3093
vn 0.0001 -0.9659 0.2591
vn -0.0000 -0.8090 -0.5878
vn -0.0000 -0.8754 -0.4833
vn -0.0000 -0.3090 -0.9511
vn -0.0000 -0.3533 -0.9355
vn -0.0000 0.5878 -0.8090
vn -0.0000 0.8090 -0.5878
vn -0.0000 0.8754 -0.4833
vn -0.0000 0.9659 0.2589
vn -0.0000 0.9510 -0.3092
vn -0.0000 0.8090 0.5878
vn -0.0000 0.9511 0.3090
vn 0.0001 0.9511 0.3088
vn -0.0000 0.3090 0.9511
vn -0.0000 -0.3097 0.9508
vn -0.0000 -0.3090 0.9511
vn -0.0000 -0.8090 0.5878
vn -0.0000 -0.5884 0.8086
vn -0.0000 -0.9511 0.3090
vn -0.0000 -0.8660 -0.5001
vn -0.0000 -0.9511 -0.3087
vn -0.0000 -0.9659 0.2590
vn -0.0000 -0.8755 -0.4833
vn -0.0000 0.9659 0.2590
vn -0.0000 0.9511 -0.3087
vn -0.0000 0.9510 0.3090
vn -0.0000 0.9510 0.3091
vn -0.0000 -0.9511 0.3089
vn -0.0000 -0.9511 -0.3090
vn -0.0001 -0.9658 -0.2591
vn -0.0000 -0.9511 -0.3089
vn -0.0000 -0.5878 -0.8090
vn -0.0000 0.5877 -0.8091
vn -0.0000 0.8091 -0.5877
vn -0.0000 0.9659 -0.2589
vn -0.0000 0.9511 -0.3089
vn -0.0001 0.9511 -0.3089
vn -0.0000 0.8755 0.4833
vn -0.0000 0.9510 0.3092
vn -0.0000 0.3533 0.9355
vn -0.0000 -0.3533 0.9355
vn -0.0000 -0.8754 0.4833
vn -0.0000 -0.9510 0.3093
vn -0.0000 -0.9659 -0.2590
vn -0.0000 0.9659 -0.2590
vn -0.0000 0.9510 -0.3090
vn -0.0000 0.9510 -0.3091
vn -0.0000 0.8754 0.4833
vn -0.0000 0.9511 0.3088
vn -0.0000 -0.8755 0.4833
vn -0.0000 -0.9511 0.3087
vn -0.0000 0.9659 -0.2588
vn -0.0000 -0.9659 -0.2588
vn -0.0002 -0.9512 0.3086
vn -0.0000 0.9512 0.3087
vn -0.0000 0.9511 0.3089
vn -0.0000 -0.9659 -0.2589
vn -0.0000 -0.9510 0.3091
vn -0.0000 -0.9511 0.3088
vn -0.0002 -0.9511 0.3088
vn -0.0000 -0.8090 -0.5879
vn 0.0001 -0.9511 -0.3089
vn -0.0000 -0.8089 -0.5879
vn -0.0000 -0.9510 -0.3090
vn -0.0000 -0.9510 -0.3092
vn 0.0001 0.9511 -0.3089
vn -0.0000 0.9511 -0.3088
vn -0.0000 0.8088 -0.5880
vn -0.0000 -0.9659 0.2588
vn -0.0000 -0.9511 -0.3088
vn 0.0002 -0.9512 -0.3086
vn -0.0000 0.9659 0.2588
vn -0.0000 0.9510 -0.3093
vn -0.0000 -0.9659 0.2589
vn -0.0000 -0.9510 -0.3091
vn 0.0002 -0.9512 -0.3087
vn -0.0000 0.9512 -0.3087
vn -0.0001 0.9511 0.3089
vn -0.0001 -0.9511 0.3089
vn -0.0000 -0.5877 -0.8091
vn -0.0000 -0.3095 -0.9509
vn -0.0000 -0.5874 -0.8093
vn -0.0000 0.9511 -0.3090
vn -0.0000 -0.5894 0.8079
vn -0.0000 -0.3113 0.9503
vn -0.0000 -0.5875 0.8092
vn 0.8090 -0.0000 -0.5878
vn 0.3091 -0.0000 -0.9510
vn -0.8090 -0.0000 -0.5878
vn -0.8090 -0.0000 0.5878
vn -0.3091 -0.0000 0.9510
vn 0.3091 -0.0000 0.9510
vn 0.8090 -0.0000 0.5878
vn 0.5000 -0.0000 -0.8660
vn -0.0000 -0.7071 0.7071
vn -0.0000 -0.7071 -0.7071
vn -0.7299 0.6836 -0.0000
vn -0.0000 0.6685 0.7437
vn -0.0000 0.7437 -0.6685
vn -0.6818 0.7315 -0.0000
vt 0.793344 0.496512
vt 0.935447 0.496512
vt 0.935447 0.006378
vt 0.793344 0.006378
vt 0.915097 0.076568
vt 0.996710 0.496678
vt 0.989419 0.071723
vt 0.937772 0.495768
vt 0.914759 0.077732
vt 0.935447 0.077732
vt 0.914808 0.077563
vt 0.915049 0.076735
vt 0.000000 0.000000
vt 0.997924 0.499013
vt 0.937579 0.077150
vt 0.946343 0.076980
vt 0.851663 0.347574
vt 0.885045 0.347574
vt 0.913956 0.354846
vt 0.930647 0.367440
vt 0.930647 0.381982
vt 0.913956 0.394576
vt 0.885045 0.401847
vt 0.851663 0.401847
vt 0.822752 0.394576
vt 0.806061 0.381982
vt 0.806061 0.367440
vt 0.822752 0.354846
vt 0.926731 0.398062
vt 0.803127 0.398062
vt 0.803127 0.291566
vt 0.926731 0.304157
vt 0.926731 0.294381
vt 0.817741 0.398062
vt 0.926731 0.291566
vt 0.806394 0.398062
vt 1.000000 0.000000
vt 1.000000 1.000000
vt 0.000000 1.000000
vt 0.710457 0.823482
vt 0.861514 0.823482
vt 0.866433 0.892552
vt 0.715376 0.892552
vt 0.500198 0.505327
vt 1.000000 0.505327
vt 1.000000 0.958432
vt 0.500198 0.958432
vt 0.601336 0.585927
vt 0.900388 0.585927
vt 0.900388 0.884979
vt 0.601336 0.884979
vt 0.500355 0.951937
vt 0.998965 0.954578
vt 0.995487 0.924293
vt 0.506621 0.926249
vt 0.978358 0.945309
vt 0.524395 0.942869
vt 0.500336 0.951923
vt 0.998907 0.954611
vt 0.995423 0.924347
vt 0.506699 0.926265
vt 0.506663 0.926235
vt 0.978332 0.945286
vt 0.524395 0.942771
vt 0.500355 0.951938
vt 0.506621 0.926252
vt 0.995487 0.924295
vt 0.524574 0.942870
vt 0.978358 0.945311
vt 0.524396 0.942771
vt 0.978332 0.945285
vt 0.692158 0.718517
vt 0.862272 0.718517
vt 0.859930 0.836566
vt 0.689817 0.836566
vt 0.498347 0.000000
vt 0.498347 0.500171
vt 0.000000 0.500171
vt 0.177506 0.503805
vt 0.126199 0.503805
vt 0.115225 0.503805
vt 0.147525 0.503805
vt 0.214444 0.503805
vt 0.298050 0.503805
vt 0.375942 0.503805
vt 0.427249 0.503805
vt 0.438223 0.503805
vt 0.405923 0.503805
vt 0.373623 0.503805
vt 0.255398 0.503805
vt 0.405923 1.000000
vt 0.373623 1.000000
vt 0.219423 0.877242
vt 0.190959 0.905706
vt 0.050626 0.503805
vt 0.082926 0.503805
vt 0.082925 1.000000
vt 0.050626 1.000000
vt 0.082925 0.503805
vt 0.115225 1.000000
vt 0.147525 1.000000
vt 0.179825 0.503805
vt 0.179825 1.000000
vt 0.212124 0.503805
vt 0.212124 1.000000
vt 0.244424 0.503805
vt 0.244424 1.000000
vt 0.276724 0.503805
vt 0.276724 1.000000
vt 0.309024 0.503805
vt 0.309024 1.000000
vt 0.341323 0.503805
vt 0.341323 1.000000
vt 0.229842 0.838359
vt 0.152076 0.916124
vt 0.113194 0.905706
vt 0.084730 0.877242
vt 0.074311 0.838359
vt 0.084730 0.799477
vt 0.113194 0.771013
vt 0.152076 0.760594
vt 0.190959 0.771013
vt 0.219423 0.799477
vt 0.154427 0.924774
vt 0.139826 0.944241
vt 0.139826 0.920862
vt 0.283141 1.000000
vt 0.237258 1.000000
vt 0.237258 0.506849
vt 0.283141 0.506849
vt 0.488967 0.553445
vt 0.494749 0.498130
vt 0.440344 0.498130
vt 0.440344 0.553445
vt 0.440344 0.994848
vt 0.488532 0.994848
vt 0.006581 0.553445
vt 0.000798 0.498130
vt 0.055204 0.498130
vt 0.055204 0.553445
vt 0.055204 0.994848
vt 0.007016 0.994848
vt 0.153259 0.765840
vt 0.171694 0.751092
vt 0.171694 0.770780
vt 0.058277 0.505827
vt 0.006804 0.505827
vt 0.008428 0.551118
vt 0.058277 0.551118
vt 0.058277 0.999500
vt 0.008428 0.999500
vt 0.058277 0.999501
vt 0.008428 0.999501
vt 0.441178 0.505827
vt 0.441178 0.551118
vt 0.491028 0.551118
vt 0.492651 0.505827
vt 0.169027 0.730102
vt 0.169027 0.753482
vt 0.167308 0.753021
vt 0.154427 0.749570
vt 0.491028 0.999500
vt 0.441178 0.999500
vt 0.134824 0.913319
vt 0.134824 0.893631
vt 0.153259 0.898571
vt 0.491028 0.999501
vt 0.441178 0.999501
vt 0.169027 0.920862
vt 0.169027 0.944241
vt 0.134824 0.770780
vt 0.134824 0.751092
vt 0.139826 0.730102
vt 0.139826 0.753482
vt 0.169312 0.894269
vt 0.171694 0.893631
vt 0.171694 0.913319
vt 0.286266 0.807357
vt 0.335091 0.807783
vt 0.335518 0.758909
vt 0.286693 0.758483
vt 0.337651 0.514539
vt 0.288825 0.514113
vt 0.288399 0.562987
vt 0.337224 0.563413
vt 0.287972 0.611861
vt 0.336798 0.612287
vt 0.287546 0.660735
vt 0.336371 0.661161
vt 0.287119 0.709609
vt 0.335944 0.710035
vt 0.364145 0.793565
vt 0.339120 0.839141
vt 0.364145 0.884716
vt 0.414195 0.884716
vt 0.439220 0.839141
vt 0.414195 0.793565
vt 0.286603 0.758346
vt 0.287029 0.709472
vt 0.335854 0.709898
vt 0.335428 0.758772
vt 0.335001 0.807647
vt 0.286176 0.807220
vt 0.288309 0.562850
vt 0.288735 0.513976
vt 0.337560 0.514402
vt 0.337134 0.563276
vt 0.336707 0.612150
vt 0.287882 0.611724
vt 0.287456 0.660598
vt 0.336281 0.661024
vt 0.184137 0.851110
vt 0.178421 0.847688
vt 0.210188 0.847688
vt 0.210188 0.877014
vt 0.195730 0.877014
vt 0.210188 0.906339
vt 0.203842 0.906339
vt 0.210188 0.935665
vt 0.203842 0.935665
vt 0.203842 0.642410
vt 0.210188 0.642410
vt 0.210188 0.671735
vt 0.195730 0.671735
vt 0.210188 0.701061
vt 0.178421 0.701061
vt 0.184137 0.697639
vt 0.210188 0.730386
vt 0.169250 0.730386
vt 0.169250 0.721659
vt 0.169250 0.706551
vt 0.091097 0.759712
vt 0.091097 0.730386
vt 0.132035 0.730386
vt 0.132035 0.759712
vt 0.132035 0.789037
vt 0.091097 0.789037
vt 0.132035 0.818363
vt 0.091097 0.818363
vt 0.132035 0.789486
vt 0.169250 0.827091
vt 0.169250 0.818363
vt 0.210188 0.818363
vt 0.169250 0.842198
vt 0.161636 0.796197
vt 0.116504 0.796197
vt 0.079991 0.824090
vt 0.066044 0.869222
vt 0.079991 0.914355
vt 0.116504 0.942248
vt 0.161636 0.942248
vt 0.198149 0.914355
vt 0.212096 0.869222
vt 0.198149 0.824090
vt 0.184137 0.851111
vt 0.132035 0.868286
vt 0.132035 0.877014
vt 0.091097 0.877014
vt 0.091097 0.847688
vt 0.122864 0.847688
vt 0.132035 0.853179
vt 0.132035 0.905891
vt 0.132035 0.906339
vt 0.091097 0.906339
vt 0.091097 0.935665
vt 0.132035 0.935665
vt 0.132035 0.642410
vt 0.132035 0.671735
vt 0.091097 0.671735
vt 0.091097 0.642410
vt 0.122864 0.701061
vt 0.091097 0.701061
vt 0.132035 0.680463
vt 0.132035 0.695571
vt 0.105555 0.730386
vt 0.117148 0.704483
vt 0.097443 0.759712
vt 0.097443 0.789037
vt 0.105555 0.818363
vt 0.117148 0.844266
vt 0.210188 0.759712
vt 0.203842 0.759712
vt 0.195730 0.730386
vt 0.180259 0.702162
vt 0.184137 0.704483
vt 0.203842 0.789037
vt 0.210188 0.789037
vt 0.195730 0.818363
vt 0.180259 0.846588
vt 0.184137 0.844266
vt 0.185171 0.841956
vt 0.169250 0.877014
vt 0.169250 0.872442
vt 0.169250 0.868286
vt 0.169250 0.853179
vt 0.169250 0.671735
vt 0.169250 0.680463
vt 0.169250 0.695571
vt 0.150643 0.684430
vt 0.169250 0.676307
vt 0.121026 0.848789
vt 0.117148 0.851110
vt 0.116114 0.853421
vt 0.105555 0.877014
vt 0.097443 0.906339
vt 0.097443 0.935665
vt 0.097443 0.642410
vt 0.105555 0.671735
vt 0.121026 0.699960
vt 0.117148 0.697639
vt 0.117148 0.851111
vt 0.132035 0.721659
vt 0.132035 0.706551
vt 0.150643 0.717691
vt 0.132035 0.827091
vt 0.132035 0.842198
vt 0.150643 0.864319
vt 0.169250 0.906104
vt 0.169250 0.906339
vt 0.169250 0.905891
vt 0.169250 0.935665
vt 0.169250 0.642410
vt 0.169250 0.789272
vt 0.169250 0.789037
vt 0.169250 0.789486
vt 0.150643 0.831058
vt 0.169250 0.759712
vt 0.377880 0.889257
vt 0.370893 0.889257
vt 0.370893 0.842681
vt 0.377880 0.842681
vt 0.384866 0.889257
vt 0.384866 0.842681
vt 0.391852 0.889257
vt 0.391852 0.842681
vt 0.328975 0.889257
vt 0.321989 0.889257
vt 0.321989 0.842681
vt 0.328975 0.842681
vt 0.335961 0.889257
vt 0.335961 0.842681
vt 0.342948 0.889257
vt 0.342948 0.842681
vt 0.349934 0.889257
vt 0.349934 0.842681
vt 0.356920 0.889257
vt 0.356920 0.842681
vt 0.363907 0.889257
vt 0.363907 0.842681
vt 0.332895 0.882586
vt 0.320205 0.865120
vt 0.320205 0.843531
vt 0.332895 0.826065
vt 0.353427 0.819394
vt 0.373960 0.826065
vt 0.386649 0.843531
vt 0.386649 0.865120
vt 0.373960 0.882586
vt 0.353427 0.889257
vt 0.370893 0.819394
vt 0.382537 0.819394
vt 0.382537 0.889257
vt 0.394181 0.819394
vt 0.394181 0.889257
vt 0.324317 0.819394
vt 0.335961 0.819394
vt 0.324317 0.889257
vt 0.347605 0.819394
vt 0.347605 0.889257
vt 0.359249 0.819394
vt 0.359249 0.889257
vt 0.383679 0.836860
vt 0.323175 0.836860
vt 0.323175 0.871791
vt 0.383679 0.871791
vt 0.440035 1.000000
vt 0.288203 1.000000
vt 0.288203 0.504625
vt 0.440035 0.504625
vt 0.615258 0.578729
vt 0.896157 0.578729
vt 0.896157 0.859627
vt 0.615258 0.859627
vt 0.793344 0.076568
vt 0.939025 0.073318
vt 0.793344 0.077732
vt 0.997924 0.075978
vt 0.935447 0.076568
vt 0.997880 0.071684
vt 0.937579 0.499013
s 1
usemtl skrin.001
f 1/1/1 2/2/1 3/3/1
f 3/3/1 4/4/1 1/1/1
f 6/2/2 2063/5/3 5/1/2
f 8/6/4 2084/7/4 7/8/4
f 10/2/5 2079/9/6 9/1/5
f 11/1/7 2064/10/7 2085/11/7
f 13/1/1 14/2/1 15/3/1
f 15/3/1 16/4/1 13/1/1
f 18/2/2 2071/5/2 17/1/2
f 20/2/4 2081/12/4 19/1/4
s 0
f 2072/13/8 2066/13/8 2076/13/8
s 1
f 22/2/5 2083/9/5 21/1/5
s 0
f 2076/13/9 2069/13/10 2082/13/10
s 1
f 23/14/7 2074/15/7 2077/16/7
s 0
f 2082/13/8 2080/13/8 2068/13/8
s 1
f 25/3/11 26/4/11 27/1/11
f 27/1/11 28/2/11 25/3/11
f 29/3/10 30/4/10 31/1/10
f 31/1/10 32/2/10 29/3/10
f 33/3/9 34/4/9 35/1/9
f 35/1/9 36/2/9 33/3/9
f 37/3/4 38/4/4 39/1/4
f 39/1/4 40/2/4 37/3/4
f 41/3/12 42/4/12 43/1/12
f 43/1/12 44/2/12 41/3/12
f 45/3/7 46/4/7 47/1/7
f 47/1/7 48/2/7 45/3/7
f 49/3/11 50/4/11 51/1/11
f 51/1/11 52/2/11 49/3/11
f 53/3/10 54/4/10 55/1/10
f 55/1/10 56/2/10 53/3/10
f 57/3/13 58/4/13 59/1/13
f 59/1/13 60/2/13 57/3/13
f 61/3/14 62/4/14 63/1/14
f 63/1/14 64/2/14 61/3/14
f 65/3/11 66/4/11 67/1/11
f 67/1/11 69/2/11 65/3/11
f 71/3/10 72/4/10 73/1/10
f 73/1/10 75/2/10 71/3/10
f 77/3/15 78/4/15 79/1/15
f 79/1/15 81/2/15 77/3/15
f 83/3/16 84/4/16 85/1/16
f 85/1/16 87/2/16 83/3/16
f 89/3/17 90/4/17 91/1/17
f 91/1/17 93/2/17 89/3/17
f 95/3/10 96/4/10 97/1/10
f 97/1/10 99/2/10 95/3/10
f 101/3/18 102/4/18 103/1/18
f 103/1/18 105/2/18 101/3/18
f 107/3/4 108/4/4 109/1/4
f 109/1/4 111/2/4 107/3/4
f 113/3/19 114/4/19 115/1/19
f 115/1/19 117/2/19 113/3/19
f 119/3/7 120/4/7 121/1/7
f 121/1/7 123/2/7 119/3/7
f 125/3/17 126/4/17 127/1/17
f 127/1/17 129/2/17 125/3/17
f 131/3/10 132/4/10 133/1/10
f 133/1/10 135/2/10 131/3/10
f 137/3/18 138/4/18 139/1/18
f 139/1/18 141/2/18 137/3/18
f 143/3/4 144/4/4 145/1/4
f 145/1/4 147/2/4 143/3/4
f 149/3/19 150/4/19 151/1/19
f 151/1/19 153/2/19 149/3/19
f 155/3/7 156/4/7 157/1/7
f 157/1/7 159/2/7 155/3/7
f 161/3/20 162/4/20 163/1/20
f 163/1/20 165/2/20 161/3/20
f 167/3/21 168/4/21 169/1/21
f 169/1/21 171/2/21 167/3/21
f 173/3/22 174/4/22 175/1/22
f 175/1/22 177/2/22 173/3/22
f 179/3/23 180/4/23 181/1/23
f 181/1/23 183/2/23 179/3/23
f 185/3/24 186/4/24 187/1/24
f 187/1/24 189/2/24 185/3/24
f 191/3/25 192/4/25 193/1/25
f 193/1/25 195/2/25 191/3/25
f 197/3/26 198/4/26 199/1/26
f 199/1/26 201/2/26 197/3/26
f 203/3/27 204/4/27 205/1/27
f 205/1/27 207/2/27 203/3/27
f 209/3/28 210/4/28 211/1/28
f 211/1/28 213/2/28 209/3/28
f 215/3/29 216/4/29 217/1/29
f 217/1/29 219/2/29 215/3/29
f 221/3/30 222/4/30 223/1/30
f 223/1/30 225/2/30 221/3/30
f 227/3/31 228/4/31 229/1/31
f 229/1/31 231/2/31 227/3/31
f 233/17/11 234/18/11 235/19/11
f 235/19/11 237/20/11 238/21/11
f 238/21/11 240/22/11 241/23/11
f 235/19/11 238/21/11 241/23/11
f 241/23/11 246/24/11 247/25/11
f 247/25/11 249/26/11 250/27/11
f 241/23/11 247/25/11 250/27/11
f 235/19/11 241/23/11 250/27/11
f 233/17/11 235/19/11 250/27/11
f 260/28/11 233/17/11 250/27/11
f 263/17/10 264/18/10 265/19/10
f 265/19/10 267/20/32 268/21/10
f 268/21/10 270/22/33 271/23/10
f 265/19/10 268/21/10 271/23/10
f 271/23/10 276/24/32 277/25/10
f 277/25/10 279/26/32 280/27/10
f 271/23/10 277/25/10 280/27/10
f 265/19/10 271/23/10 280/27/10
f 263/17/10 265/19/10 280/27/10
f 290/28/34 263/17/10 280/27/10
f 293/3/20 294/4/20 295/1/20
f 295/1/20 297/2/20 293/3/20
f 299/3/21 300/4/21 301/1/21
f 301/1/21 303/2/21 299/3/21
f 305/3/22 306/4/22 307/1/22
f 307/1/22 309/2/22 305/3/22
f 311/3/23 312/4/23 313/1/23
f 313/1/23 315/2/23 311/3/23
f 317/3/24 318/4/24 319/1/24
f 319/1/24 321/2/24 317/3/24
f 323/3/25 324/4/25 325/1/25
f 325/1/25 327/2/25 323/3/25
f 329/3/26 330/4/26 331/1/26
f 331/1/26 333/2/26 329/3/26
f 335/3/27 336/4/27 337/1/27
f 337/1/27 339/2/27 335/3/27
f 341/3/28 342/4/28 343/1/28
f 343/1/28 345/2/28 341/3/28
f 347/3/29 348/4/29 349/1/29
f 349/1/29 351/2/29 347/3/29
f 353/3/30 354/4/30 355/1/30
f 355/1/30 357/2/30 353/3/30
f 359/3/31 360/4/31 361/1/31
f 361/1/31 363/2/31 359/3/31
f 365/17/11 366/18/11 367/19/11
f 367/19/11 369/20/11 370/21/11
f 370/21/11 372/22/11 373/23/11
f 367/19/11 370/21/11 373/23/11
f 373/23/11 378/24/11 379/25/11
f 379/25/11 381/26/11 382/27/11
f 373/23/11 379/25/11 382/27/11
f 367/19/11 373/23/11 382/27/11
f 365/17/11 367/19/11 382/27/11
f 392/28/11 365/17/11 382/27/11
f 395/17/10 396/18/10 397/19/10
f 397/19/10 399/20/10 400/21/10
f 400/21/10 402/22/10 403/23/10
f 397/19/10 400/21/10 403/23/10
f 403/23/10 408/24/10 409/25/10
f 409/25/10 411/26/10 412/27/10
f 403/23/10 409/25/10 412/27/10
f 397/19/10 403/23/10 412/27/10
f 395/17/10 397/19/10 412/27/10
f 422/28/10 395/17/10 412/27/10
f 425/29/11 426/30/11 427/31/11
f 427/31/11 429/32/11 425/29/11
f 431/29/11 432/30/11 433/31/11
f 433/31/11 435/32/11 431/29/11
f 437/29/11 438/30/11 439/31/11
f 439/31/11 441/32/11 437/29/11
f 443/29/11 444/30/11 445/31/11
f 445/31/11 447/33/35 443/29/11
f 449/29/11 450/30/11 451/31/11
f 451/31/11 453/32/11 449/29/11
f 455/29/11 456/30/11 457/31/11
f 457/31/11 459/32/11 455/29/11
f 461/29/11 462/30/11 463/31/11
f 463/31/11 465/32/11 461/29/11
f 467/29/10 468/34/10 469/31/10
f 469/31/10 471/35/10 467/29/10
f 473/29/10 474/34/10 475/31/10
f 475/31/10 477/35/10 473/29/10
f 479/29/10 480/34/10 481/31/10
f 481/31/10 483/35/10 479/29/10
f 485/29/10 486/36/10 487/31/10
f 487/31/10 489/35/10 485/29/10
f 491/29/10 492/34/10 493/31/10
f 493/31/10 495/35/10 491/29/10
f 497/29/10 498/34/10 499/31/10
f 499/31/10 501/35/10 497/29/10
f 503/29/10 504/34/10 505/31/10
f 505/31/10 507/35/10 503/29/10
f 509/29/36 510/30/36 511/31/36
f 511/31/36 513/35/36 509/29/36
f 515/29/37 516/30/37 517/31/37
f 517/31/37 519/35/37 515/29/37
f 521/29/38 522/30/38 523/31/38
f 523/31/38 525/35/38 521/29/38
f 527/29/12 528/30/12 529/31/12
f 529/31/12 531/35/12 527/29/12
f 533/29/39 534/30/39 535/31/39
f 535/31/39 537/35/39 533/29/39
f 539/29/40 540/30/40 541/31/40
f 541/31/40 543/35/40 539/29/40
f 545/29/41 546/30/41 547/31/41
f 547/31/41 549/35/41 545/29/41
f 551/29/42 552/30/42 553/31/42
f 553/31/42 555/35/42 551/29/42
f 557/29/43 558/30/43 559/31/43
f 559/31/43 561/35/43 557/29/43
f 563/29/44 564/30/44 565/31/44
f 565/31/44 567/35/44 563/29/44
f 569/29/9 570/30/9 571/31/9
f 571/31/9 573/35/9 569/29/9
f 575/29/45 576/30/45 577/31/45
f 577/31/45 579/35/45 575/29/45
f 581/29/46 582/30/46 583/31/46
f 583/31/46 585/35/46 581/29/46
f 587/29/47 588/30/47 589/31/47
f 589/31/47 591/35/47 587/29/47
f 593/3/48 594/4/48 595/1/48
f 595/1/48 597/2/48 593/3/48
f 599/3/49 600/4/49 601/1/49
f 601/1/49 603/2/49 599/3/49
f 605/3/2 606/4/2 607/1/2
f 607/1/2 609/2/2 605/3/2
f 611/3/4 612/4/4 613/1/4
f 613/1/4 615/2/4 611/3/4
f 617/3/5 618/4/5 619/1/5
f 619/1/5 621/2/5 617/3/5
f 623/3/48 624/4/48 625/1/48
f 625/1/48 627/2/48 623/3/48
f 629/3/49 630/4/49 631/1/49
f 631/1/49 633/2/49 629/3/49
f 635/3/2 636/4/2 637/1/2
f 637/1/2 639/2/2 635/3/2
f 641/3/4 642/4/4 643/1/4
f 643/1/4 645/2/4 641/3/4
f 647/3/5 648/4/5 649/1/5
f 649/1/5 651/2/5 647/3/5
f 653/3/48 654/4/48 655/1/48
f 655/1/48 657/2/48 653/3/48
f 659/3/49 660/4/49 661/1/49
f 661/1/49 663/2/49 659/3/49
f 665/3/2 666/4/2 667/1/2
f 667/1/2 669/2/2 665/3/2
f 671/3/4 672/4/4 673/1/4
f 673/1/4 675/2/4 671/3/4
f 677/3/5 678/4/5 679/1/5
f 679/1/5 681/2/5 677/3/5
f 683/3/48 684/4/48 685/1/48
f 685/1/48 687/2/48 683/3/48
f 689/3/49 690/4/49 691/1/49
f 691/1/49 693/2/49 689/3/49
f 695/3/2 696/4/2 697/1/2
f 697/1/2 699/2/2 695/3/2
f 701/3/4 702/4/4 703/1/4
f 703/1/4 705/2/4 701/3/4
f 707/3/5 708/4/5 709/1/5
f 709/1/5 711/2/5 707/3/5
f 713/3/48 714/4/48 715/1/48
f 715/1/48 717/2/48 713/3/48
f 719/3/49 720/4/49 721/1/49
f 721/1/49 723/2/49 719/3/49
f 725/3/2 726/4/2 727/1/2
f 727/1/2 729/2/2 725/3/2
f 731/3/4 732/4/4 733/1/4
f 733/1/4 735/2/4 731/3/4
f 737/3/5 738/4/5 739/1/5
f 739/1/5 741/2/5 737/3/5
f 743/3/48 744/4/48 745/1/48
f 745/1/48 747/2/48 743/3/48
f 749/3/49 750/4/49 751/1/49
f 751/1/49 753/2/49 749/3/49
f 755/3/2 756/4/2 757/1/2
f 757/1/2 759/2/2 755/3/2
f 761/3/4 762/4/4 763/1/4
f 763/1/4 765/2/4 761/3/4
f 767/3/5 768/4/5 769/1/5
f 769/1/5 771/2/5 767/3/5
f 773/3/48 774/4/48 775/1/48
f 775/1/48 777/2/48 773/3/48
f 779/3/49 780/4/49 781/1/49
f 781/1/49 783/2/49 779/3/49
f 785/3/2 786/4/2 787/1/2
f 787/1/2 789/2/2 785/3/2
f 791/3/4 792/4/4 793/1/4
f 793/1/4 795/2/4 791/3/4
f 797/3/5 798/4/5 799/1/5
f 799/1/5 801/2/5 797/3/5
f 803/3/48 804/4/48 805/1/48
f 805/1/48 807/2/48 803/3/48
f 809/3/50 810/4/50 811/1/50
f 811/1/50 813/2/50 809/3/50
f 815/3/2 816/4/2 817/1/2
f 817/1/2 819/2/2 815/3/2
f 821/3/4 822/4/4 823/1/4
f 823/1/4 825/2/4 821/3/4
f 827/3/5 828/4/5 829/1/5
f 829/1/5 831/2/5 827/3/5
f 833/3/48 834/4/48 835/1/48
f 835/1/48 837/2/48 833/3/48
f 839/3/50 840/4/50 841/1/50
f 841/1/50 843/2/50 839/3/50
f 845/3/2 846/4/2 847/1/2
f 847/1/2 849/2/2 845/3/2
f 851/3/4 852/4/4 853/1/4
f 853/1/4 855/2/4 851/3/4
f 857/3/5 858/4/5 859/1/5
f 859/1/5 861/2/5 857/3/5
f 863/3/48 864/4/48 865/1/48
f 865/1/48 867/2/48 863/3/48
f 869/3/50 870/4/50 871/1/50
f 871/1/50 873/2/50 869/3/50
f 875/3/2 876/4/2 877/1/2
f 877/1/2 879/2/2 875/3/2
f 881/3/4 882/4/4 883/1/4
f 883/1/4 885/2/4 881/3/4
f 887/3/5 888/4/5 889/1/5
f 889/1/5 891/2/5 887/3/5
f 893/3/17 894/4/17 895/1/48
f 895/1/48 897/2/48 893/3/17
f 899/3/50 900/4/50 901/1/50
f 901/1/50 903/2/50 899/3/50
f 905/3/2 906/4/2 907/1/2
f 907/1/2 909/2/2 905/3/2
f 911/3/4 912/4/4 913/1/4
f 913/1/4 915/2/4 911/3/4
f 917/3/5 918/4/5 919/1/5
f 919/1/5 921/2/5 917/3/5
f 923/13/51 924/37/51 925/38/51
f 925/38/51 927/39/51 923/13/51
f 929/13/52 930/37/52 931/38/52
f 931/38/52 933/39/52 929/13/52
f 935/40/53 936/41/53 937/42/53
f 937/42/53 939/43/53 935/40/53
f 941/13/7 942/37/7 943/38/7
f 943/38/7 945/39/7 941/13/7
f 947/13/7 948/37/7 949/38/7
f 949/38/7 951/39/7 947/13/7
f 953/40/54 954/41/54 955/42/54
f 955/42/54 957/43/54 953/40/54
f 959/13/4 960/37/4 961/38/4
f 961/38/4 963/39/4 959/13/4
f 965/13/4 966/37/4 967/38/4
f 967/38/4 969/39/4 965/13/4
f 971/13/51 972/37/51 973/38/51
f 973/38/51 975/39/51 971/13/51
f 977/13/52 978/37/52 979/38/52
f 979/38/52 981/39/52 977/13/52
f 983/40/53 984/41/53 985/42/53
f 985/42/53 987/43/53 983/40/53
f 989/13/7 990/37/7 991/38/7
f 991/38/7 993/39/7 989/13/7
f 995/13/7 996/37/7 997/38/7
f 997/38/7 999/39/7 995/13/7
f 1001/40/54 1002/41/54 1003/42/54
f 1003/42/54 1005/43/54 1001/40/54
f 1007/13/4 1008/37/4 1009/38/4
f 1009/38/4 1011/39/4 1007/13/4
f 1013/13/4 1014/37/4 1015/38/4
f 1015/38/4 1017/39/4 1013/13/4
f 1019/40/55 1020/42/55 1021/43/55
f 1019/40/55 1023/41/55 1020/42/55
f 1025/40/9 1026/42/9 1027/43/9
f 1025/40/9 1029/41/9 1026/42/9
f 1031/40/56 1032/42/56 1033/43/56
f 1031/40/56 1035/41/56 1032/42/56
f 1037/40/57 1038/42/57 1039/43/57
f 1037/40/57 1041/41/57 1038/42/57
f 1043/40/12 1044/42/12 1045/43/12
f 1043/40/12 1047/41/12 1044/42/12
f 1049/40/58 1050/42/58 1051/43/58
f 1049/40/58 1053/41/58 1050/42/58
f 1055/42/10 1056/40/10 1057/41/10
f 1055/42/10 1059/40/10 1060/41/10
f 1055/42/10 1062/40/10 1063/41/10
f 1055/42/10 1065/40/10 1066/41/10
f 1055/42/10 1068/40/10 1069/41/10
f 1055/42/10 1071/40/10 1072/41/10
f 1073/40/55 1074/42/55 1075/43/55
f 1073/40/55 1077/41/55 1074/42/55
f 1079/40/9 1080/42/9 1081/43/9
f 1079/40/9 1083/41/9 1080/42/9
f 1085/40/56 1086/42/56 1087/43/56
f 1085/40/56 1089/41/56 1086/42/56
f 1091/40/57 1092/42/57 1093/43/57
f 1091/40/57 1095/41/57 1092/42/57
f 1097/40/12 1098/42/12 1099/43/12
f 1097/40/12 1101/41/12 1098/42/12
f 1103/40/58 1104/42/58 1105/43/58
f 1103/40/58 1107/41/58 1104/42/58
f 1109/42/10 1110/40/10 1111/41/10
f 1109/42/10 1113/40/10 1114/41/10
f 1109/42/10 1116/40/10 1117/41/10
f 1109/42/10 1119/40/10 1120/41/10
f 1109/42/10 1122/40/10 1123/41/10
f 1109/42/10 1125/40/10 1126/41/10
f 1127/40/55 1128/42/55 1129/43/55
f 1127/40/55 1131/41/55 1128/42/55
f 1133/40/9 1134/42/9 1135/43/9
f 1133/40/9 1137/41/9 1134/42/9
f 1139/40/56 1140/42/56 1141/43/56
f 1139/40/56 1143/41/56 1140/42/56
f 1145/40/57 1146/42/57 1147/43/57
f 1145/40/57 1149/41/57 1146/42/57
f 1151/40/12 1152/42/12 1153/43/12
f 1151/40/12 1155/41/12 1152/42/12
f 1157/40/58 1158/42/58 1159/43/58
f 1157/40/58 1161/41/58 1158/42/58
f 1163/42/10 1164/40/10 1165/41/10
f 1163/42/10 1167/40/10 1168/41/10
f 1163/42/10 1170/40/10 1171/41/10
f 1163/42/10 1173/40/10 1174/41/10
f 1163/42/10 1176/40/10 1177/41/10
f 1163/42/10 1179/40/10 1180/41/10
f 1181/40/55 1182/42/55 1183/43/55
f 1181/40/55 1185/41/55 1182/42/55
f 1187/40/9 1188/42/9 1189/43/9
f 1187/40/9 1191/41/9 1188/42/9
f 1193/40/56 1194/42/56 1195/43/56
f 1193/40/56 1197/41/56 1194/42/56
f 1199/40/57 1200/42/57 1201/43/57
f 1199/40/57 1203/41/57 1200/42/57
f 1205/40/12 1206/42/12 1207/43/12
f 1205/40/12 1209/41/12 1206/42/12
f 1211/40/58 1212/42/58 1213/43/58
f 1211/40/58 1215/41/58 1212/42/58
f 1217/42/10 1218/40/10 1219/41/10
f 1217/42/10 1221/40/10 1222/41/10
f 1217/42/10 1224/40/10 1225/41/10
f 1217/42/10 1227/40/10 1228/41/10
f 1217/42/10 1230/40/10 1231/41/10
f 1217/42/10 1233/40/10 1234/41/10
f 1235/40/59 1236/41/59 1237/42/59
f 1237/42/59 1239/43/59 1235/40/59
f 1241/40/60 1242/41/60 1243/42/60
f 1243/42/60 1245/43/60 1241/40/60
f 1247/40/9 1248/41/9 1249/42/9
f 1249/42/9 1251/43/9 1247/40/9
f 1253/40/61 1254/41/61 1255/42/61
f 1255/42/61 1257/43/61 1253/40/61
f 1259/40/62 1260/41/62 1261/42/62
f 1261/42/62 1263/43/62 1259/40/62
f 1265/40/63 1266/41/63 1267/42/63
f 1267/42/63 1269/43/63 1265/40/63
f 1271/40/64 1272/41/64 1273/42/64
f 1273/42/64 1275/43/64 1271/40/64
f 1277/40/12 1278/41/12 1279/42/12
f 1279/42/12 1281/43/12 1277/40/12
f 1283/40/65 1284/41/65 1285/42/65
f 1285/42/65 1287/43/65 1283/40/65
f 1289/40/10 1290/41/10 1291/42/10
f 1289/40/10 1291/42/10 1294/43/10
f 1289/40/10 1296/42/10 1297/43/10
f 1289/40/10 1299/42/10 1300/43/10
f 1289/40/10 1302/42/10 1303/43/10
f 1289/40/10 1305/42/10 1306/43/10
f 1289/40/10 1308/42/10 1309/43/10
f 1289/40/10 1311/42/10 1312/43/10
f 1313/40/59 1314/41/59 1315/42/59
f 1315/42/59 1317/43/59 1313/40/59
f 1319/40/60 1320/41/60 1321/42/60
f 1321/42/60 1323/43/60 1319/40/60
f 1325/40/9 1326/41/9 1327/42/9
f 1327/42/9 1329/43/9 1325/40/9
f 1331/40/61 1332/41/61 1333/42/61
f 1333/42/61 1335/43/61 1331/40/61
f 1337/40/62 1338/41/62 1339/42/62
f 1339/42/62 1341/43/62 1337/40/62
f 1343/40/63 1344/41/63 1345/42/63
f 1345/42/63 1347/43/63 1343/40/63
f 1349/40/64 1350/41/64 1351/42/64
f 1351/42/64 1353/43/64 1349/40/64
f 1355/40/12 1356/41/12 1357/42/12
f 1357/42/12 1359/43/12 1355/40/12
f 1361/40/65 1362/41/65 1363/42/65
f 1363/42/65 1365/43/65 1361/40/65
f 1367/40/10 1368/41/10 1369/42/10
f 1367/40/10 1369/42/10 1372/43/10
f 1367/40/10 1374/42/10 1375/43/10
f 1367/40/10 1377/42/10 1378/43/10
f 1367/40/10 1380/42/10 1381/43/10
f 1367/40/10 1383/42/10 1384/43/10
f 1367/40/10 1386/42/10 1387/43/10
f 1367/40/10 1389/42/10 1390/43/10
f 1391/40/59 1392/41/59 1393/42/59
f 1393/42/59 1395/43/59 1391/40/59
f 1397/40/60 1398/41/60 1399/42/60
f 1399/42/60 1401/43/60 1397/40/60
f 1403/40/9 1404/41/9 1405/42/9
f 1405/42/9 1407/43/9 1403/40/9
f 1409/40/61 1410/41/61 1411/42/61
f 1411/42/61 1413/43/61 1409/40/61
f 1415/40/62 1416/41/62 1417/42/62
f 1417/42/62 1419/43/62 1415/40/62
f 1421/40/63 1422/41/63 1423/42/63
f 1423/42/63 1425/43/63 1421/40/63
f 1427/40/64 1428/41/64 1429/42/64
f 1429/42/64 1431/43/64 1427/40/64
f 1433/40/12 1434/41/12 1435/42/12
f 1435/42/12 1437/43/12 1433/40/12
f 1439/40/65 1440/41/65 1441/42/65
f 1441/42/65 1443/43/65 1439/40/65
f 1445/40/10 1446/41/10 1447/42/10
f 1445/40/10 1447/42/10 1450/43/10
f 1445/40/10 1452/42/10 1453/43/10
f 1445/40/10 1455/42/10 1456/43/10
f 1445/40/10 1458/42/10 1459/43/10
f 1445/40/10 1461/42/10 1462/43/10
f 1445/40/10 1464/42/10 1465/43/10
f 1445/40/10 1467/42/10 1468/43/10
f 1469/40/59 1470/41/59 1471/42/59
f 1471/42/59 1473/43/59 1469/40/59
f 1475/40/60 1476/41/60 1477/42/60
f 1477/42/60 1479/43/60 1475/40/60
f 1481/40/9 1482/41/9 1483/42/9
f 1483/42/9 1485/43/9 1481/40/9
f 1487/40/61 1488/41/61 1489/42/61
f 1489/42/61 1491/43/61 1487/40/61
f 1493/40/62 1494/41/62 1495/42/62
f 1495/42/62 1497/43/62 1493/40/62
f 1499/40/63 1500/41/63 1501/42/63
f 1501/42/63 1503/43/63 1499/40/63
f 1505/40/64 1506/41/64 1507/42/64
f 1507/42/64 1509/43/64 1505/40/64
f 1511/40/12 1512/41/12 1513/42/12
f 1513/42/12 1515/43/12 1511/40/12
f 1517/40/65 1518/41/65 1519/42/65
f 1519/42/65 1521/43/65 1517/40/65
f 1523/40/10 1524/41/10 1525/42/10
f 1523/40/10 1525/42/10 1528/43/10
f 1523/40/10 1530/42/10 1531/43/10
f 1523/40/10 1533/42/10 1534/43/10
f 1523/40/10 1536/42/10 1537/43/10
f 1523/40/10 1539/42/10 1540/43/10
f 1523/40/10 1542/42/10 1543/43/10
f 1523/40/10 1545/42/10 1546/43/10
f 1547/40/66 1548/41/66 1549/42/66
f 1549/42/66 1551/43/66 1547/40/66
f 1553/40/66 1554/41/66 1555/42/66
f 1555/42/66 1557/43/66 1553/40/66
f 1559/40/66 1560/41/66 1561/42/66
f 1561/42/66 1563/43/66 1559/40/66
f 1565/40/66 1566/41/66 1567/42/66
f 1567/42/66 1569/43/66 1565/40/66
f 1571/44/12 1572/45/12 1573/46/12
f 1573/46/12 1575/47/12 1571/44/12
f 1577/45/7 1578/44/7 1579/47/7
f 1579/47/7 1581/46/7 1577/45/7
f 1583/44/9 1584/45/9 1585/46/9
f 1585/46/9 1587/47/9 1583/44/9
f 1589/45/4 1590/44/4 1591/47/4
f 1591/47/4 1593/46/4 1589/45/4
f 1595/48/10 1596/49/10 1597/50/10
f 1597/50/10 1599/51/10 1595/48/10
f 1601/52/67 1602/53/67 1603/54/68
f 1603/54/68 1605/55/68 1601/52/67
f 1605/55/68 1603/54/68 1609/56/69
f 1609/56/69 1611/57/69 1605/55/68
f 1613/58/70 1614/59/70 1615/60/71
f 1615/60/71 1617/61/70 1613/58/70
f 1619/62/72 1615/60/71 1621/63/72
f 1621/63/72 1623/64/72 1619/62/72
f 1625/53/73 1626/65/73 1627/66/74
f 1627/66/74 1629/67/75 1625/53/73
f 1629/67/75 1627/66/74 1633/68/76
f 1633/68/76 1635/69/76 1629/67/75
f 1637/59/77 1638/58/77 1639/61/78
f 1639/61/78 1641/60/78 1637/59/77
f 1641/60/78 1639/61/78 1645/70/79
f 1645/70/79 1647/71/79 1641/60/78
f 1649/72/11 1650/73/11 1651/74/11
f 1651/74/11 1653/75/11 1649/72/11
f 1655/72/10 1656/73/10 1657/74/10
f 1657/74/10 1659/75/10 1655/72/10
f 1661/13/12 1662/76/12 1663/77/12
f 1663/77/12 1665/78/12 1661/13/12
f 1667/72/7 1668/73/7 1669/74/7
f 1669/74/7 1671/75/7 1667/72/7
f 1673/72/4 1674/73/4 1675/74/4
f 1675/74/4 1677/75/4 1673/72/4
f 1679/79/11 1680/80/11 1681/81/11
f 1681/81/11 1683/82/11 1684/83/11
f 1684/83/11 1686/84/11 1687/85/11
f 1681/81/11 1684/83/11 1687/85/11
f 1687/85/11 1692/86/11 1693/87/11
f 1693/87/11 1695/88/11 1696/89/11
f 1687/85/11 1693/87/11 1696/89/11
f 1681/81/11 1687/85/11 1696/89/11
f 1679/79/11 1681/81/11 1696/89/11
f 1706/90/11 1679/79/11 1696/89/11
f 1709/89/7 1710/88/26 1711/91/26
f 1711/91/26 1713/92/7 1709/89/7
f 1715/93/27 1716/94/27 1717/94/27
f 1717/94/27 1719/93/27 1715/93/27
f 1721/95/28 1722/96/28 1723/97/80
f 1723/97/80 1725/98/28 1721/95/28
f 1727/99/29 1728/81/81 1729/100/81
f 1729/100/81 1723/97/82 1727/99/29
f 1728/81/81 1734/82/56 1735/101/56
f 1735/101/56 1729/100/81 1728/81/81
f 1734/82/56 1740/102/4 1741/103/4
f 1741/103/4 1735/101/56 1734/82/56
f 1740/102/4 1746/104/57 1747/105/57
f 1747/105/57 1741/103/4 1740/102/4
f 1746/104/57 1752/106/83 1753/107/83
f 1753/107/83 1747/105/57 1746/104/57
f 1752/106/83 1758/108/12 1759/109/12
f 1759/109/12 1753/107/83 1752/106/83
f 1758/108/12 1764/110/84 1765/111/84
f 1765/111/84 1759/109/12 1758/108/12
f 1764/110/84 1770/112/58 1771/113/58
f 1771/113/58 1765/111/84 1764/110/84
f 1770/112/58 1709/89/7 1713/92/7
f 1713/92/7 1771/113/58 1770/112/58
f 1781/114/10 1782/93/10 1783/94/10
f 1783/94/10 1785/115/10 1786/116/10
f 1786/116/10 1788/117/10 1789/118/10
f 1783/94/10 1786/116/10 1789/118/10
f 1789/118/10 1794/119/10 1795/120/10
f 1795/120/10 1797/121/10 1798/122/10
f 1789/118/10 1795/120/10 1798/122/10
f 1783/94/10 1789/118/10 1798/122/10
f 1781/114/10 1783/94/10 1798/122/10
f 1808/123/10 1781/114/10 1798/122/10
f 1811/124/10 1812/125/10 1813/126/10
f 1814/127/85 1815/128/85 1816/129/85
f 1816/129/85 1818/130/85 1814/127/85
f 1820/129/86 1821/130/86 1822/127/86
f 1822/127/86 1824/128/86 1820/129/86
f 1826/131/12 1827/132/12 1828/133/12
f 1828/133/12 1830/134/12 1826/131/12
f 1830/134/12 1833/135/12 1834/136/12
f 1834/136/12 1826/131/12 1830/134/12
f 1838/127/87 1839/128/87 1840/129/87
f 1840/129/87 1842/130/87 1838/127/87
f 1844/129/88 1845/130/88 1846/127/88
f 1846/127/88 1848/128/88 1844/129/88
f 1850/137/9 1851/138/9 1852/139/9
f 1852/139/9 1854/140/9 1850/137/9
f 1856/141/9 1857/142/9 1850/137/9
f 1850/137/9 1854/140/9 1856/141/9
f 1862/143/10 1863/144/10 1864/145/10
f 1865/127/89 1866/128/89 1867/129/89
f 1867/129/89 1869/130/89 1865/127/89
f 1871/129/12 1872/130/12 1873/127/12
f 1873/127/12 1875/128/12 1871/129/12
f 1877/146/7 1878/147/7 1879/148/7
f 1879/148/7 1881/149/7 1877/146/7
f 1883/150/7 1881/149/7 1879/148/7
f 1879/148/7 1887/151/7 1883/150/7
f 1889/127/90 1890/128/90 1891/129/90
f 1891/129/90 1893/130/90 1889/127/90
f 1895/129/9 1896/130/9 1897/127/9
f 1897/127/9 1899/128/9 1895/129/9
f 1901/148/4 1902/147/4 1903/146/4
f 1903/146/4 1905/149/4 1901/148/4
f 1905/149/4 1908/152/4 1909/153/4
f 1909/153/4 1901/148/4 1905/149/4
f 1913/137/12 1914/140/12 1915/139/12
f 1915/139/12 1917/138/12 1913/137/12
f 1919/131/9 1920/134/9 1921/133/9
f 1921/133/9 1923/132/9 1919/131/9
f 1925/154/7 1926/155/7 1927/156/7
f 1927/156/7 1929/157/7 1925/154/7
f 1931/156/4 1932/155/4 1933/154/4
f 1933/154/4 1935/157/4 1931/156/4
f 1937/158/10 1938/159/10 1939/160/10
f 1939/160/10 1941/161/10 1937/158/10
f 1943/135/9 1920/134/9 1919/131/9
f 1919/131/9 1947/136/9 1943/135/9
f 1949/162/7 1927/156/7 1926/155/7
f 1926/155/7 1953/163/7 1949/162/7
f 1955/164/10 1956/165/10 1957/166/10
f 1931/156/4 1959/167/4 1960/168/4
f 1960/168/4 1932/155/4 1931/156/4
f 1914/140/12 1913/137/12 1966/142/12
f 1966/142/12 1968/141/12 1914/140/12
f 1811/124/10 1971/169/10 1972/170/10
f 1972/170/10 1812/125/10 1811/124/10
f 1862/143/10 1977/171/10 1978/172/10
f 1978/172/10 1863/144/10 1862/143/10
f 1982/173/10 1937/158/10 1941/161/10
f 1941/161/10 1986/174/10 1982/173/10
f 1988/175/10 1989/176/10 1990/177/10
f 1957/166/10 1988/175/10 1990/177/10
f 1957/166/10 1990/177/10 1955/164/10
f 1997/178/91 1998/179/91 1999/180/11
f 1999/180/11 2001/181/11 1997/178/91
f 2003/182/9 2004/183/9 2005/184/92
f 2005/184/92 2007/185/92 2003/182/9
f 2007/185/92 2005/184/92 2011/186/10
f 2011/186/10 2013/187/10 2007/185/92
f 2013/187/10 2011/186/10 2017/188/93
f 2017/188/93 2019/189/93 2013/187/10
f 2019/189/93 2017/188/93 2023/190/94
f 2023/190/94 2025/191/94 2019/189/93
f 1999/180/11 2025/191/94 2023/190/94
f 2023/190/94 2001/181/11 1999/180/11
f 2033/192/4 2034/193/4 2035/194/4
f 2035/194/4 2037/195/4 2038/196/4
f 2033/192/4 2035/194/4 2038/196/4
f 2042/197/4 2033/192/4 2038/196/4
f 2045/195/7 2046/194/7 2047/193/7
f 2047/193/7 2049/192/7 2050/197/7
f 2045/195/7 2047/193/7 2050/197/7
f 2054/196/7 2045/195/7 2050/197/7
f 2057/198/11 2058/199/94 2059/200/94
f 2059/200/94 2061/201/11 2057/198/11
f 2061/201/11 2060/202/91 2056/203/91
f 2056/203/91 2057/198/11 2061/201/11
f 2055/204/92 2053/205/9 2052/206/9
f 2052/206/9 2051/207/92 2055/204/92
f 2051/207/92 2048/208/10 2044/209/10
f 2044/209/10 2055/204/92 2051/207/92
f 2043/210/93 2044/209/10 2048/208/10
f 2048/208/10 2041/211/93 2043/210/93
f 2059/200/94 2058/199/94 2043/210/93
f 2043/210/93 2041/211/93 2059/200/94
f 2040/212/95 2039/213/96 2036/214/11
f 2036/214/11 2032/215/97 2031/216/98
f 2040/212/95 2036/214/11 2031/216/98
f 2031/216/98 2032/215/97 2030/217/99
f 2030/217/99 2029/218/100 2031/216/98
f 2029/218/100 2030/217/99 2028/219/9
f 2028/219/9 2027/220/9 2029/218/100
f 2026/221/101 2024/222/101 2022/223/102
f 2022/223/102 2021/224/103 2026/221/101
f 2020/225/10 2018/226/104 2016/227/105
f 2020/225/10 2016/227/105 2021/224/103
f 2020/225/10 2021/224/103 2022/223/102
f 2015/228/106 2014/229/106 2012/230/107
f 2012/230/107 2010/231/108 2018/226/104
f 2015/228/106 2012/230/107 2018/226/104
f 2020/225/10 2015/228/106 2018/226/104
f 2009/232/109 2008/233/106 2006/234/106
f 2006/234/106 2002/235/109 2009/232/109
f 2002/235/109 2000/236/110 1996/237/111
f 1996/237/111 2009/232/109 2002/235/109
f 1995/238/112 1994/239/112 1996/237/111
f 1993/240/113 1995/238/112 1996/237/111
f 1993/240/113 1996/237/111 2000/236/110
f 1992/241/114 1991/242/112 1987/243/112
f 1987/243/112 2036/214/11 2039/213/96
f 1987/243/112 2039/213/96 1985/244/114
f 1992/241/114 1987/243/112 1985/244/114
f 1984/245/4 1983/246/4 1981/247/4
f 1981/247/4 1980/248/4 1979/249/4
f 1979/249/4 1976/250/4 1975/251/4
f 1975/251/4 1974/252/4 1973/253/4
f 1979/249/4 1975/251/4 1973/253/4
f 1981/247/4 1979/249/4 1973/253/4
f 1984/245/4 1981/247/4 1973/253/4
f 1970/254/4 1984/245/4 1973/253/4
f 1969/252/7 1967/251/7 1965/250/7
f 1965/250/7 1964/249/7 1963/248/7
f 1963/248/7 1962/247/7 1961/246/7
f 1961/246/7 1958/245/7 1954/254/7
f 1963/248/7 1961/246/7 1954/254/7
f 1965/250/7 1963/248/7 1954/254/7
f 1969/252/7 1965/250/7 1954/254/7
f 1952/253/7 1969/252/7 1954/254/7
f 1951/178/115 1950/179/115 1948/180/11
f 1948/180/11 1946/181/11 1951/178/115
f 1945/182/9 1944/183/9 1942/184/92
f 1942/184/92 1940/185/92 1945/182/9
f 1940/185/92 1942/184/92 1936/186/10
f 1936/186/10 1934/187/10 1940/185/92
f 1934/187/10 1936/186/10 1930/188/93
f 1930/188/93 1928/189/93 1934/187/10
f 1928/189/93 1930/188/93 1924/190/94
f 1924/190/94 1922/191/94 1928/189/93
f 1948/180/11 1922/191/94 1924/190/94
f 1924/190/94 1946/181/11 1948/180/11
f 1918/192/4 1916/193/4 1912/194/4
f 1912/194/4 1911/195/4 1910/196/4
f 1918/192/4 1912/194/4 1910/196/4
f 1907/197/4 1918/192/4 1910/196/4
f 1906/195/7 1904/194/7 1900/193/7
f 1900/193/7 1898/192/7 1894/197/7
f 1906/195/7 1900/193/7 1894/197/7
f 1892/196/7 1906/195/7 1894/197/7
f 1888/198/11 1886/199/94 1885/200/94
f 1885/200/94 1884/201/11 1888/198/11
f 1884/201/11 1882/202/115 1880/203/91
f 1880/203/91 1888/198/11 1884/201/11
f 1876/204/92 1874/205/9 1870/206/9
f 1870/206/9 1868/207/92 1876/204/92
f 1868/207/92 1861/208/10 1860/209/10
f 1860/209/10 1876/204/92 1868/207/92
f 1859/210/93 1860/209/10 1861/208/10
f 1861/208/10 1858/211/93 1859/210/93
f 1885/200/94 1886/199/94 1859/210/93
f 1859/210/93 1858/211/93 1885/200/94
f 1855/255/116 1853/213/117 1849/214/11
f 1849/214/11 1847/215/97 1843/216/118
f 1855/255/116 1849/214/11 1843/216/118
f 1843/216/118 1847/215/97 1841/217/99
f 1841/217/99 1837/218/100 1843/216/118
f 1837/218/100 1841/217/99 1836/219/9
f 1836/219/9 1835/220/9 1837/218/100
f 1832/221/101 1831/222/101 1829/223/102
f 1829/223/102 1825/224/103 1832/221/101
f 1823/225/10 1819/226/119 1817/227/120
f 1823/225/10 1817/227/120 1825/224/103
f 1823/225/10 1825/224/103 1829/223/102
f 1810/228/106 1809/229/106 1807/230/121
f 1807/230/121 1806/231/122 1819/226/119
f 1810/228/106 1807/230/121 1819/226/119
f 1823/225/10 1810/228/106 1819/226/119
f 1805/232/109 1804/233/106 1803/234/106
f 1803/234/106 1802/235/109 1805/232/109
f 1802/235/109 1801/236/111 1800/237/111
f 1800/237/111 1805/232/109 1802/235/109
f 1799/239/112 1800/237/111 1801/236/111
f 1801/236/111 1796/238/112 1799/239/112
f 1793/241/114 1792/242/112 1791/243/112
f 1791/243/112 1849/214/11 1853/213/117
f 1791/243/112 1853/213/117 1790/244/123
f 1793/241/114 1791/243/112 1790/244/123
f 1787/245/4 1784/246/4 1780/247/4
f 1780/247/4 1779/248/4 1778/249/4
f 1778/249/4 1777/250/4 1776/251/4
f 1776/251/4 1775/252/4 1774/253/4
f 1778/249/4 1776/251/4 1774/253/4
f 1780/247/4 1778/249/4 1774/253/4
f 1787/245/4 1780/247/4 1774/253/4
f 1773/254/4 1787/245/4 1774/253/4
f 1772/252/7 1769/251/7 1768/250/7
f 1768/250/7 1767/249/7 1766/248/7
f 1766/248/7 1763/247/7 1762/246/7
f 1762/246/7 1761/245/7 1760/254/7
f 1766/248/7 1762/246/7 1760/254/7
f 1768/250/7 1766/248/7 1760/254/7
f 1772/252/7 1768/250/7 1760/254/7
f 1757/253/7 1772/252/7 1760/254/7
f 1756/178/91 1755/179/91 1754/180/11
f 1754/180/11 1751/181/11 1756/178/91
f 1750/182/9 1749/183/9 1748/184/92
f 1748/184/92 1745/185/92 1750/182/9
f 1745/185/92 1748/184/92 1744/186/10
f 1744/186/10 1743/187/10 1745/185/92
f 1743/187/10 1744/186/10 1742/188/93
f 1742/188/93 1739/189/93 1743/187/10
f 1739/189/93 1742/188/93 1738/190/94
f 1738/190/94 1737/191/94 1739/189/93
f 1754/180/11 1737/191/94 1738/190/94
f 1738/190/94 1751/181/11 1754/180/11
f 1736/192/4 1733/193/4 1732/194/4
f 1732/194/4 1731/195/4 1730/196/4
f 1736/192/4 1732/194/4 1730/196/4
f 1726/197/4 1736/192/4 1730/196/4
f 1724/195/7 1720/194/7 1718/193/7
f 1718/193/7 1714/192/7 1712/197/7
f 1724/195/7 1718/193/7 1712/197/7
f 1708/196/7 1724/195/7 1712/197/7
f 1707/198/11 1705/199/94 1704/200/94
f 1704/200/94 1703/201/11 1707/198/11
f 1703/201/11 1702/202/91 1701/203/91
f 1701/203/91 1707/198/11 1703/201/11
f 1700/204/92 1699/205/9 1698/206/9
f 1698/206/9 1697/207/92 1700/204/92
f 1697/207/92 1694/208/10 1691/209/10
f 1691/209/10 1700/204/92 1697/207/92
f 1690/210/93 1691/209/10 1694/208/10
f 1694/208/10 1689/211/93 1690/210/93
f 1704/200/94 1705/199/94 1690/210/93
f 1690/210/93 1689/211/93 1704/200/94
f 1688/256/124 1685/257/97 1682/258/97
f 1682/258/97 1678/259/11 1676/260/125
f 1682/258/97 1676/260/125 1672/261/126
f 1688/256/124 1682/258/97 1672/261/126
f 1670/262/127 1666/263/99 1664/264/99
f 1664/264/99 1682/258/97 1685/257/97
f 1670/262/127 1664/264/99 1685/257/97
f 1660/265/9 1664/264/99 1666/263/99
f 1666/263/99 1658/266/9 1660/265/9
f 1654/267/128 1652/268/129 1648/269/102
f 1648/269/102 1646/270/128 1654/267/128
f 1644/271/130 1643/272/10 1648/269/102
f 1648/269/102 1652/268/129 1642/273/131
f 1644/271/130 1648/269/102 1642/273/131
f 1640/274/132 1644/271/130 1642/273/131
f 1636/275/133 1634/233/106 1643/272/10
f 1632/276/134 1636/275/133 1643/272/10
f 1632/276/134 1643/272/10 1644/271/130
f 1636/275/133 1631/277/135 1630/232/109
f 1630/232/109 1634/233/106 1636/275/133
f 1628/237/111 1630/232/109 1631/277/135
f 1631/277/135 1624/278/136 1628/237/111
f 1624/278/136 1622/279/137 1620/239/112
f 1620/239/112 1628/237/111 1624/278/136
f 1618/280/138 1676/260/125 1678/259/11
f 1678/259/11 1620/239/112 1622/279/137
f 1618/280/138 1678/259/11 1622/279/137
f 1616/245/4 1612/246/4 1610/247/4
f 1610/247/4 1608/248/4 1607/249/4
f 1607/249/4 1606/250/4 1604/251/4
f 1604/251/4 1600/252/4 1598/253/4
f 1607/249/4 1604/251/4 1598/253/4
f 1610/247/4 1607/249/4 1598/253/4
f 1616/245/4 1610/247/4 1598/253/4
f 1594/254/4 1616/245/4 1598/253/4
f 1592/252/7 1588/251/7 1586/250/7
f 1586/250/7 1582/249/7 1580/248/7
f 1580/248/7 1576/247/7 1574/246/7
f 1574/246/7 1570/245/7 1568/254/7
f 1580/248/7 1574/246/7 1568/254/7
f 1586/250/7 1580/248/7 1568/254/7
f 1592/252/7 1586/250/7 1568/254/7
f 1564/253/7 1592/252/7 1568/254/7
f 1562/178/115 1558/179/115 1556/180/11
f 1556/180/11 1552/181/11 1562/178/115
f 1550/182/9 1544/183/9 1541/184/92
f 1541/184/92 1538/185/92 1550/182/9
f 1538/185/92 1541/184/92 1535/186/10
f 1535/186/10 1532/187/10 1538/185/92
f 1532/187/10 1535/186/10 1529/188/93
f 1529/188/93 1527/189/93 1532/187/10
f 1527/189/93 1529/188/93 1526/190/94
f 1526/190/94 1522/191/94 1527/189/93
f 1556/180/11 1522/191/94 1526/190/94
f 1526/190/94 1552/181/11 1556/180/11
f 1520/192/4 1516/193/4 1514/194/4
f 1514/194/4 1510/195/4 1508/196/4
f 1520/192/4 1514/194/4 1508/196/4
f 1504/197/4 1520/192/4 1508/196/4
f 1502/195/7 1498/194/7 1496/193/7
f 1496/193/7 1492/192/7 1490/197/7
f 1502/195/7 1496/193/7 1490/197/7
f 1486/196/7 1502/195/7 1490/197/7
f 1484/198/11 1480/199/94 1478/200/94
f 1478/200/94 1474/201/11 1484/198/11
f 1474/201/11 1472/202/115 1466/203/91
f 1466/203/91 1484/198/11 1474/201/11
f 1463/204/92 1460/205/9 1457/206/9
f 1457/206/9 1454/207/92 1463/204/92
f 1454/207/92 1451/208/10 1449/209/10
f 1449/209/10 1463/204/92 1454/207/92
f 1448/210/93 1449/209/10 1451/208/10
f 1451/208/10 1444/211/93 1448/210/93
f 1478/200/94 1480/199/94 1448/210/93
f 1448/210/93 1444/211/93 1478/200/94
f 1442/256/124 1438/257/97 1436/258/97
f 1436/258/97 1432/259/11 1430/260/139
f 1436/258/97 1430/260/139 1426/261/126
f 1442/256/124 1436/258/97 1426/261/126
f 1424/264/99 1436/258/97 1438/257/97
f 1438/257/97 1420/263/99 1424/264/99
f 1420/263/99 1418/266/9 1414/265/9
f 1414/265/9 1424/264/99 1420/263/99
f 1412/269/102 1408/270/101 1406/267/101
f 1406/267/101 1402/268/102 1412/269/102
f 1400/271/140 1396/272/10 1412/269/102
f 1412/269/102 1402/268/102 1394/273/141
f 1400/271/140 1412/269/102 1394/273/141
f 1388/274/142 1400/271/140 1394/273/141
f 1385/275/143 1382/233/106 1396/272/10
f 1379/276/144 1385/275/143 1396/272/10
f 1379/276/144 1396/272/10 1400/271/140
f 1385/275/143 1376/277/135 1373/232/109
f 1373/232/109 1382/233/106 1385/275/143
f 1371/237/111 1373/232/109 1376/277/135
f 1376/277/135 1370/278/136 1371/237/111
f 1370/278/136 1366/279/145 1364/239/112
f 1364/239/112 1371/237/111 1370/278/136
f 1360/280/146 1430/260/139 1432/259/11
f 1432/259/11 1364/239/112 1366/279/145
f 1360/280/146 1432/259/11 1366/279/145
f 1358/245/4 1354/246/4 1352/247/4
f 1352/247/4 1348/248/4 1346/249/4
f 1346/249/4 1342/250/4 1340/251/4
f 1340/251/4 1336/252/4 1334/253/4
f 1346/249/4 1340/251/4 1334/253/4
f 1352/247/4 1346/249/4 1334/253/4
f 1358/245/4 1352/247/4 1334/253/4
f 1330/254/4 1358/245/4 1334/253/4
f 1328/252/7 1324/251/7 1322/250/7
f 1322/250/7 1318/249/7 1316/248/7
f 1316/248/7 1310/247/7 1307/246/7
f 1307/246/7 1304/245/7 1301/254/7
f 1316/248/7 1307/246/7 1301/254/7
f 1322/250/7 1316/248/7 1301/254/7
f 1328/252/7 1322/250/7 1301/254/7
f 1298/253/7 1328/252/7 1301/254/7
f 1295/228/106 1293/281/109 1292/282/135
f 1292/282/135 1288/283/133 1295/228/106
f 1286/284/122 1282/226/147 1280/225/10
f 1295/228/106 1288/283/133 1276/285/144
f 1280/225/10 1295/228/106 1276/285/144
f 1286/284/122 1280/225/10 1276/285/144
f 1274/286/136 1270/287/111 1268/243/112
f 1268/243/112 1264/288/145 1274/286/136
f 1292/282/135 1293/281/109 1270/287/111
f 1270/287/111 1274/286/136 1292/282/135
f 1262/214/11 1258/213/148 1256/289/114
f 1262/214/11 1256/289/114 1252/290/123
f 1250/291/149 1264/288/145 1268/243/112
f 1252/290/123 1250/291/149 1268/243/112
f 1262/214/11 1252/290/123 1268/243/112
f 1246/228/106 1244/281/109 1240/282/135
f 1240/282/135 1238/283/143 1246/228/106
f 1232/284/150 1229/226/147 1226/225/10
f 1246/228/106 1238/283/143 1223/285/151
f 1226/225/10 1246/228/106 1223/285/151
f 1232/284/150 1226/225/10 1223/285/151
f 1220/286/136 1216/287/111 1214/243/112
f 1214/243/112 1210/288/137 1220/286/136
f 1240/282/135 1244/281/109 1216/287/111
f 1216/287/111 1220/286/136 1240/282/135
f 1208/214/11 1204/213/152 1202/289/153
f 1208/214/11 1202/289/153 1198/290/154
f 1196/291/155 1210/288/137 1214/243/112
f 1198/290/154 1196/291/155 1214/243/112
f 1208/214/11 1198/290/154 1214/243/112
f 1258/213/148 1262/214/11 1192/215/97
f 1192/215/97 1190/292/156 1186/293/124
f 1192/215/97 1186/293/124 1184/294/126
f 1258/213/148 1192/215/97 1184/294/126
f 1258/213/148 1184/294/126 1178/295/157
f 1204/213/152 1208/214/11 1175/215/97
f 1175/215/97 1172/292/158 1169/293/159
f 1175/215/97 1169/293/159 1166/294/160
f 1204/213/152 1175/215/97 1166/294/160
f 1204/213/152 1166/294/160 1162/295/126
f 1402/268/102 1160/296/102 1156/297/141
f 1156/297/141 1154/298/142 1150/299/142
f 1402/268/102 1156/297/141 1150/299/142
f 1150/299/142 1388/274/142 1394/273/141
f 1402/268/102 1150/299/142 1394/273/141
f 1148/223/102 1226/225/10 1229/226/147
f 1229/226/147 1154/298/142 1156/297/141
f 1148/223/102 1229/226/147 1156/297/141
f 1148/223/102 1156/297/141 1160/296/102
f 1282/226/147 1144/298/161 1142/297/131
f 1138/300/162 1136/296/163 1132/223/102
f 1142/297/131 1138/300/162 1132/223/102
f 1282/226/147 1142/297/131 1132/223/102
f 1282/226/147 1132/223/102 1280/225/10
f 1130/259/11 1124/260/164 1121/301/165
f 1130/259/11 1121/301/165 1118/302/126
f 1115/303/166 1112/304/98 1108/258/97
f 1118/302/126 1115/303/166 1108/258/97
f 1130/259/11 1118/302/126 1108/258/97
f 1106/305/100 1102/264/99 1108/258/97
f 1108/258/97 1112/304/98 1106/305/100
f 1106/305/100 1100/306/9 1096/265/9
f 1096/265/9 1102/264/99 1106/305/100
f 1094/269/102 1090/270/101 1088/307/101
f 1088/307/101 1084/308/103 1094/269/102
f 1082/309/142 1078/271/167 1076/272/10
f 1094/269/102 1084/308/103 1070/310/168
f 1076/272/10 1094/269/102 1070/310/168
f 1082/309/142 1076/272/10 1070/310/168
f 1067/259/11 1064/260/169 1061/301/170
f 1067/259/11 1061/301/170 1058/311/165
f 1054/303/171 1052/304/98 1048/258/97
f 1058/311/165 1054/303/171 1048/258/97
f 1067/259/11 1058/311/165 1048/258/97
f 1046/305/100 1042/264/99 1048/258/97
f 1048/258/97 1052/304/98 1046/305/100
f 1046/305/100 1040/306/9 1036/265/9
f 1036/265/9 1042/264/99 1046/305/100
f 1034/269/102 1030/270/101 1028/307/101
f 1028/307/101 1024/308/103 1034/269/102
f 1022/309/172 1018/271/167 1016/272/10
f 1034/269/102 1024/308/103 1012/310/131
f 1016/272/10 1034/269/102 1012/310/131
f 1022/309/172 1016/272/10 1012/310/131
f 1010/312/107 1006/313/173 1004/314/107
f 2006/234/106 1010/312/107 1004/314/107
f 1004/314/107 2010/231/108 2012/230/107
f 2006/234/106 1004/314/107 2012/230/107
f 2006/234/106 2012/230/107 2014/229/106
f 2008/233/106 1076/272/10 1078/271/167
f 1078/271/167 1006/313/173 1010/312/107
f 2008/233/106 1078/271/167 1010/312/107
f 2008/233/106 1010/312/107 2006/234/106
f 1994/239/112 1995/238/112 1000/315/114
f 1000/315/114 998/316/174 1124/260/164
f 1994/239/112 1000/315/114 1124/260/164
f 1994/239/112 1124/260/164 1130/259/11
f 994/312/121 992/313/122 988/314/122
f 1803/234/106 994/312/121 988/314/122
f 988/314/122 1806/231/122 1807/230/121
f 1803/234/106 988/314/122 1807/230/121
f 1803/234/106 1807/230/121 1809/229/106
f 1804/233/106 1016/272/10 1018/271/167
f 1018/271/167 992/313/122 994/312/121
f 1804/233/106 1018/271/167 994/312/121
f 1804/233/106 994/312/121 1803/234/106
f 1799/239/112 1796/238/112 986/315/114
f 986/315/114 982/316/123 1064/260/169
f 1799/239/112 986/315/114 1064/260/169
f 1799/239/112 1064/260/169 1067/259/11
f 980/317/126 1178/295/157 1184/294/126
f 980/317/126 1184/294/126 1186/293/124
f 1186/293/124 1190/292/156 1685/257/97
f 1186/293/124 1685/257/97 1688/256/124
f 980/317/126 1186/293/124 1688/256/124
f 1672/261/126 980/317/126 1688/256/124
f 976/318/175 974/319/176 1666/263/99
f 976/318/175 1666/263/99 1670/262/127
f 970/320/177 976/318/175 1670/262/127
f 1190/292/156 970/320/177 1670/262/127
f 1685/257/97 1190/292/156 1670/262/127
f 974/319/176 968/321/9 1658/266/9
f 1658/266/9 1666/263/99 974/319/176
f 964/317/160 1162/295/126 1166/294/160
f 964/317/160 1166/294/160 1169/293/159
f 1169/293/159 1172/292/158 1438/257/97
f 1169/293/159 1438/257/97 1442/256/124
f 964/317/160 1169/293/159 1442/256/124
f 1426/261/126 964/317/160 1442/256/124
f 962/217/99 958/219/9 956/321/9
f 956/321/9 952/319/99 962/217/99
f 1172/292/158 952/319/99 1420/263/99
f 1420/263/99 1438/257/97 1172/292/158
f 950/322/101 1160/296/102 1402/268/102
f 1402/268/102 1406/267/101 950/322/101
f 946/222/128 1132/223/102 1136/296/163
f 1136/296/163 944/322/128 946/222/128
f 940/217/99 974/319/176 976/318/175
f 940/217/99 976/318/175 970/320/177
f 1192/215/97 940/217/99 970/320/177
f 1190/292/156 1192/215/97 970/320/177
f 1142/297/131 1144/298/161 938/299/178
f 1138/300/162 1142/297/131 938/299/178
f 938/299/178 1640/274/132 1642/273/131
f 1138/300/162 938/299/178 1642/273/131
f 1138/300/162 1642/273/131 1652/268/129
f 1138/300/162 1652/268/129 1136/296/163
f 1175/215/97 962/217/99 952/319/99
f 952/319/99 1172/292/158 1175/215/97
f 940/217/99 934/219/9 968/321/9
f 968/321/9 974/319/176 940/217/99
f 932/222/101 1148/223/102 1160/296/102
f 1160/296/102 950/322/101 932/222/101
f 1418/266/9 1420/263/99 952/319/99
f 952/319/99 956/321/9 1418/266/9
f 1654/267/128 944/322/128 1136/296/163
f 1136/296/163 1652/268/129 1654/267/128
f 928/323/179 926/324/180 922/287/111
f 920/325/181 928/323/179 922/287/111
f 922/287/111 1987/243/112 1991/242/112
f 920/325/181 922/287/111 1991/242/112
f 1995/238/112 1991/242/112 1992/241/114
f 1992/241/114 1985/244/114 916/326/114
f 1995/238/112 1992/241/114 916/326/114
f 1000/315/114 1995/238/112 916/326/114
f 1000/315/114 916/326/114 998/316/174
f 914/281/109 922/287/111 926/324/180
f 926/324/180 910/327/109 914/281/109
f 2015/228/106 914/281/109 910/327/109
f 910/327/109 2014/229/106 2015/228/106
f 908/281/109 904/287/111 902/324/111
f 902/324/111 898/327/109 908/281/109
f 1810/228/106 908/281/109 898/327/109
f 898/327/109 1809/229/106 1810/228/106
f 902/324/111 1792/242/112 1796/238/112
f 1796/238/112 1801/236/111 902/324/111
f 1796/238/112 1792/242/112 1793/241/114
f 1793/241/114 1790/244/123 896/326/114
f 1796/238/112 1793/241/114 896/326/114
f 986/315/114 1796/238/112 896/326/114
f 986/315/114 896/326/114 982/316/123
f 2000/236/110 926/324/180 928/323/179
f 1991/242/112 1995/238/112 1993/240/113
f 920/325/181 1991/242/112 1993/240/113
f 928/323/179 920/325/181 1993/240/113
f 2000/236/110 928/323/179 1993/240/113
f 2006/234/106 2014/229/106 910/327/109
f 910/327/109 2002/235/109 2006/234/106
f 2000/236/110 2002/235/109 910/327/109
f 910/327/109 926/324/180 2000/236/110
f 904/287/111 1791/243/112 1792/242/112
f 1792/242/112 902/324/111 904/287/111
f 1803/234/106 1809/229/106 898/327/109
f 898/327/109 1802/235/109 1803/234/106
f 1801/236/111 1802/235/109 898/327/109
f 898/327/109 902/324/111 1801/236/111
f 892/328/182 890/329/7 886/330/7
f 886/330/7 884/331/182 892/328/182
f 880/332/183 892/328/182 884/331/182
f 884/331/182 878/333/183 880/332/183
f 874/334/9 880/332/183 878/333/183
f 878/333/183 872/335/9 874/334/9
f 868/336/184 866/337/61 862/338/61
f 862/338/61 860/339/184 868/336/184
f 856/340/4 868/336/184 860/339/184
f 860/339/184 854/341/4 856/340/4
f 850/342/185 856/340/4 854/341/4
f 854/341/4 848/343/185 850/342/185
f 844/344/186 850/342/185 848/343/185
f 848/343/185 842/345/186 844/344/186
f 838/346/187 844/344/186 842/345/186
f 842/345/186 836/347/187 838/346/187
f 832/348/188 838/346/187 836/347/187
f 836/347/187 830/349/188 832/348/188
f 826/350/10 824/351/10 820/352/10
f 820/352/10 818/353/10 814/354/10
f 814/354/10 812/355/10 808/356/10
f 808/356/10 806/357/10 802/358/10
f 814/354/10 808/356/10 802/358/10
f 820/352/10 814/354/10 802/358/10
f 826/350/10 820/352/10 802/358/10
f 800/359/10 826/350/10 802/358/10
f 796/328/182 794/329/7 790/330/7
f 790/330/7 788/331/182 796/328/182
f 784/332/183 796/328/182 788/331/182
f 788/331/182 782/333/183 784/332/183
f 778/334/9 784/332/183 782/333/183
f 782/333/183 776/335/9 778/334/9
f 772/336/184 770/337/61 766/338/61
f 766/338/61 764/339/184 772/336/184
f 760/340/4 772/336/184 764/339/184
f 764/339/184 758/341/4 760/340/4
f 754/342/185 760/340/4 758/341/4
f 758/341/4 752/343/185 754/342/185
f 748/344/186 754/342/185 752/343/185
f 752/343/185 746/345/186 748/344/186
f 742/346/187 748/344/186 746/345/186
f 746/345/186 740/347/187 742/346/187
f 736/348/188 742/346/187 740/347/187
f 740/347/187 734/349/188 736/348/188
f 730/350/10 728/351/10 724/352/10
f 724/352/10 722/353/10 718/354/10
f 718/354/10 716/355/10 712/356/10
f 712/356/10 710/357/10 706/358/10
f 718/354/10 712/356/10 706/358/10
f 724/352/10 718/354/10 706/358/10
f 730/350/10 724/352/10 706/358/10
f 704/359/10 730/350/10 706/358/10
f 700/328/182 698/329/7 694/330/7
f 694/330/7 692/331/182 700/328/182
f 688/332/183 700/328/182 692/331/182
f 692/331/182 686/333/183 688/332/183
f 682/334/9 688/332/183 686/333/183
f 686/333/183 680/335/9 682/334/9
f 676/336/184 674/337/61 670/338/61
f 670/338/61 668/339/184 676/336/184
f 664/340/4 676/336/184 668/339/184
f 668/339/184 662/341/4 664/340/4
f 658/342/185 664/340/4 662/341/4
f 662/341/4 656/343/185 658/342/185
f 652/344/186 658/342/185 656/343/185
f 656/343/185 650/345/186 652/344/186
f 646/346/187 652/344/186 650/345/186
f 650/345/186 644/347/187 646/346/187
f 640/348/188 646/346/187 644/347/187
f 644/347/187 638/349/188 640/348/188
f 634/350/10 632/351/10 628/352/10
f 628/352/10 626/353/10 622/354/10
f 622/354/10 620/355/10 616/356/10
f 616/356/10 614/357/10 610/358/10
f 622/354/10 616/356/10 610/358/10
f 628/352/10 622/354/10 610/358/10
f 634/350/10 628/352/10 610/358/10
f 608/359/10 634/350/10 610/358/10
f 698/329/7 640/348/188 638/349/188
f 638/349/188 694/330/7 698/329/7
f 794/329/7 736/348/188 734/349/188
f 734/349/188 790/330/7 794/329/7
f 604/328/182 602/329/7 598/330/7
f 598/330/7 596/331/182 604/328/182
f 592/332/183 604/328/182 596/331/182
f 596/331/182 590/333/183 592/332/183
f 586/334/9 592/332/183 590/333/183
f 590/333/183 584/335/9 586/334/9
f 580/336/184 578/337/61 574/338/61
f 574/338/61 572/339/184 580/336/184
f 568/340/4 580/336/184 572/339/184
f 572/339/184 566/341/4 568/340/4
f 562/342/185 568/340/4 566/341/4
f 566/341/4 560/343/185 562/342/185
f 556/344/186 562/342/185 560/343/185
f 560/343/185 554/345/186 556/344/186
f 550/346/187 556/344/186 554/345/186
f 554/345/186 548/347/187 550/346/187
f 544/348/188 550/346/187 548/347/187
f 548/347/187 542/349/188 544/348/188
f 538/350/10 536/351/10 532/352/10
f 532/352/10 530/353/10 526/354/10
f 526/354/10 524/355/10 520/356/10
f 520/356/10 518/357/10 514/358/10
f 526/354/10 520/356/10 514/358/10
f 532/352/10 526/354/10 514/358/10
f 538/350/10 532/352/10 514/358/10
f 512/359/10 538/350/10 514/358/10
f 890/329/7 832/348/188 830/349/188
f 830/349/188 886/330/7 890/329/7
f 602/329/7 544/348/188 542/349/188
f 542/349/188 598/330/7 602/329/7
f 508/360/7 506/361/189 502/362/189
f 502/362/189 500/329/7 508/360/7
f 506/361/189 496/363/9 494/364/9
f 494/364/9 502/362/189 506/361/189
f 490/365/56 488/366/4 484/340/4
f 484/340/4 482/367/56 490/365/56
f 488/366/4 478/368/83 476/369/83
f 476/369/83 484/340/4 488/366/4
f 478/368/83 472/370/84 470/371/84
f 470/371/84 476/369/83 478/368/83
f 472/370/84 508/360/7 500/329/7
f 500/329/7 470/371/84 472/370/84
f 466/372/11 464/354/11 460/373/11
f 460/373/11 458/374/11 454/359/11
f 466/372/11 460/373/11 454/359/11
f 452/375/11 466/372/11 454/359/11
f 448/374/10 446/373/10 442/354/10
f 442/354/10 440/372/10 436/375/10
f 448/374/10 442/354/10 436/375/10
f 434/359/10 448/374/10 436/375/10
f 430/360/7 428/361/189 424/362/189
f 424/362/189 423/329/7 430/360/7
f 428/361/189 421/363/9 420/364/9
f 420/364/9 424/362/189 428/361/189
f 419/365/56 418/366/4 417/340/4
f 417/340/4 416/367/56 419/365/56
f 418/366/4 415/368/83 414/369/83
f 414/369/83 417/340/4 418/366/4
f 415/368/83 413/370/84 410/371/84
f 410/371/84 414/369/83 415/368/83
f 413/370/84 430/360/7 423/329/7
f 423/329/7 410/371/84 413/370/84
f 407/372/11 406/354/11 405/373/11
f 405/373/11 404/374/11 401/359/11
f 407/372/11 405/373/11 401/359/11
f 398/375/11 407/372/11 401/359/11
f 394/374/10 393/373/10 391/354/10
f 391/354/10 390/372/10 389/375/10
f 394/374/10 391/354/10 389/375/10
f 388/359/10 394/374/10 389/375/10
f 387/360/7 386/361/189 385/362/189
f 385/362/189 384/329/7 387/360/7
f 386/361/189 383/363/9 380/364/9
f 380/364/9 385/362/189 386/361/189
f 377/365/56 376/366/4 375/340/4
f 375/340/4 374/367/56 377/365/56
f 376/366/4 371/368/83 368/369/83
f 368/369/83 375/340/4 376/366/4
f 371/368/83 364/370/84 362/371/84
f 362/371/84 368/369/83 371/368/83
f 364/370/84 387/360/7 384/329/7
f 384/329/7 362/371/84 364/370/84
f 358/372/11 356/354/11 352/373/11
f 352/373/11 350/374/11 346/359/11
f 358/372/11 352/373/11 346/359/11
f 344/375/11 358/372/11 346/359/11
f 340/374/10 338/373/10 334/354/10
f 334/354/10 332/372/10 328/375/10
f 340/374/10 334/354/10 328/375/10
f 326/359/10 340/374/10 328/375/10
f 322/360/7 320/361/189 316/362/189
f 316/362/189 314/329/7 322/360/7
f 320/361/189 310/363/9 308/364/9
f 308/364/9 316/362/189 320/361/189
f 304/365/56 302/366/4 298/340/4
f 298/340/4 296/367/56 304/365/56
f 302/366/4 292/368/83 291/369/83
f 291/369/83 298/340/4 302/366/4
f 292/368/83 289/370/84 288/371/84
f 288/371/84 291/369/83 292/368/83
f 289/370/84 322/360/7 314/329/7
f 314/329/7 288/371/84 289/370/84
f 287/372/11 286/354/11 285/373/11
f 285/373/11 284/374/11 283/359/11
f 287/372/11 285/373/11 283/359/11
f 282/375/11 287/372/11 283/359/11
f 281/374/10 278/373/10 275/354/10
f 275/354/10 274/372/10 273/375/10
f 281/374/10 275/354/10 273/375/10
f 272/359/10 281/374/10 273/375/10
f 269/376/12 266/377/12 262/378/12
f 262/378/12 261/379/12 269/376/12
f 259/376/7 258/377/7 257/378/7
f 257/378/7 256/379/7 259/376/7
f 255/376/9 254/377/9 253/378/9
f 253/378/9 252/379/9 255/376/9
f 251/376/4 248/377/4 245/378/4
f 245/378/4 244/379/4 251/376/4
f 243/376/12 242/377/12 239/378/12
f 239/378/12 236/379/12 243/376/12
f 232/376/7 230/377/7 226/378/7
f 226/378/7 224/379/7 232/376/7
f 220/376/9 218/377/9 214/378/9
f 214/378/9 212/379/9 220/376/9
f 208/376/4 206/377/4 202/378/4
f 202/378/4 200/379/4 208/376/4
f 196/377/11 194/378/11 190/379/11
f 190/379/11 188/376/11 196/377/11
f 184/376/10 182/377/10 178/378/10
f 178/378/10 176/379/10 184/376/10
f 172/376/12 170/377/12 166/378/12
f 166/378/12 164/379/12 172/376/12
f 160/376/7 158/377/7 154/378/7
f 154/378/7 152/379/7 160/376/7
f 148/376/9 146/377/9 142/378/9
f 142/378/9 140/379/9 148/376/9
f 136/376/4 134/377/4 130/378/4
f 130/378/4 128/379/4 136/376/4
f 124/380/10 122/381/10 118/382/10
f 118/382/10 116/383/10 124/380/10
f 112/380/190 110/381/190 106/382/12
f 106/382/12 104/383/12 112/380/190
f 100/380/7 98/381/7 94/382/7
f 94/382/7 92/383/7 100/380/7
f 88/380/191 86/381/191 82/382/9
f 82/382/9 80/383/9 88/380/191
f 76/380/4 74/381/4 70/382/4
f 70/382/4 68/383/4 76/380/4
f 2076/13/11 2082/13/11 2074/13/11
s 0
f 2082/13/8 2068/13/8 2074/13/8
s 1
f 2074/13/11 2072/13/11 2076/13/11
f 2063/5/3 2070/384/3 5/1/2
f 2084/7/4 2073/385/4 7/8/4
f 2079/9/6 2075/386/6 9/1/5
f 2085/11/7 2065/384/7 11/1/7
f 2071/5/2 2076/384/2 17/1/2
f 2081/12/4 2066/386/192 19/1/4
f 2083/9/5 2068/386/193 21/1/5
f 2077/16/7 2082/387/7 23/14/7
f 2079/9/6 2062/10/6 2070/384/3
f 2070/384/3 2063/5/3 2079/9/6
f 2063/5/3 2078/388/3 2075/386/6
f 2079/9/6 2063/5/3 2075/386/6
f 6/2/2 2078/388/3 2063/5/3
f 8/6/4 2067/389/4 2084/7/4
f 10/2/5 2062/10/6 2079/9/6
f 11/1/7 12/2/7 2064/10/7
f 18/2/2 2080/388/194 2071/5/2
f 20/2/4 2069/388/195 2081/12/4
f 22/2/5 2072/10/5 2083/9/5
f 23/14/7 24/390/7 2074/15/7
f 88/380/191 112/380/190 86/381/191
f 88/380/191 110/381/190 112/380/190
o stoz_vl_stozar
v 0.040535 0.686675 -0.000000
v 0.035105 2.683175 -0.020268
v 0.040535 2.683175 -0.000000
v 0.035105 0.686675 -0.020268
v 0.000000 3.478447 0.040535
v 0.020268 2.683175 -0.035105
v -0.035105 3.478447 0.020268
v 0.020268 0.686675 -0.035105
v -0.040535 3.478447 -0.000000
v 0.000000 2.683175 -0.040535
v 0.000000 0.686675 -0.040535
v 0.035105 3.478447 -0.020268
v -0.020268 2.683175 -0.035105
v 0.040535 3.478447 -0.000000
v 0.000000 3.478447 -0.000000
v -0.020268 0.686675 -0.035105
v 0.035105 2.683175 0.020268
v 0.035105 3.478447 0.020268
v -0.035105 2.683175 -0.020268
v 0.020268 2.683175 0.035105
v 0.020268 3.478447 0.035105
v -0.035105 0.686675 -0.020268
v 0.000000 2.683175 0.040535
v -0.040535 2.683175 -0.000000
v -0.020268 2.683175 0.035105
v -0.020268 3.478447 0.035105
v -0.040535 0.686675 -0.000000
v -0.035105 2.683175 0.020268
v -0.035105 3.478447 -0.020268
v -0.020268 3.478447 -0.035105
v 0.000000 3.478447 -0.040535
v 0.020268 3.478447 -0.035105
vn 0.9659 -0.0000 -0.2588
vn 0.8660 -0.0000 -0.5000
vn 0.9960 -0.0000 -0.0890
vn 0.5000 -0.0000 -0.8660
vn -0.0000 -0.0000 -1.0000
vn -0.5000 -0.0000 -0.8660
vn -0.8660 -0.0000 -0.5000
vn -0.9960 -0.0000 -0.0889
vn -0.9659 -0.0000 -0.2588
vn 0.6557 0.6532 -0.3786
vn 0.7572 0.6532 -0.0000
vn 0.3786 0.6532 -0.6557
vn -0.0000 0.6532 -0.7572
vn -0.3786 0.6532 -0.6557
vn -0.6557 0.6532 -0.3786
vn -0.7572 0.6532 -0.0000
vn -0.6557 0.6532 0.3786
vn -0.8660 -0.0000 0.5000
vn -0.3786 0.6532 0.6557
vn -0.5000 -0.0000 0.8660
vn -0.0000 0.6532 0.7572
vn -0.0000 -0.0000 1.0000
vn 0.3786 0.6532 0.6557
vn 0.5000 -0.0000 0.8660
vn 0.6557 0.6532 0.3786
vn 0.8660 -0.0000 0.5000
vn -0.0000 1.0000 -0.0000
vt 0.351585 0.289303
vt 0.006724 0.319438
vt 0.006921 0.287348
vt 0.351387 0.321393
vt 0.006579 0.342928
vt 0.351243 0.344884
vt 0.006526 0.351526
vt 0.351190 0.353481
vt 0.351454 0.321393
vt 0.351651 0.289304
vt 0.351309 0.344884
vt 0.351256 0.353481
vt 0.351849 0.257214
vt 0.007119 0.255259
vt 0.351994 0.233723
vt 0.007264 0.231767
vt 0.352047 0.225125
vt 0.007317 0.223169
s 1
usemtl main
f 2086/391/196 2087/392/197 2088/393/198
f 2086/391/196 2089/394/197 2087/392/197
f 2089/394/197 2091/395/199 2087/392/197
f 2089/394/197 2093/396/199 2091/395/199
f 2093/396/199 2095/397/200 2091/395/199
f 2093/396/199 2096/398/200 2095/397/200
f 2096/398/200 2098/395/201 2095/397/200
f 2096/398/200 2101/396/201 2098/395/201
f 2101/396/201 2104/392/202 2098/395/201
f 2101/396/201 2107/394/202 2104/392/202
f 2107/394/202 2109/393/203 2104/392/202
f 2107/394/202 2112/391/204 2109/393/203
f 2088/393/198 2097/399/205 2099/400/206
f 2088/393/198 2087/392/197 2097/399/205
f 2087/392/197 2117/401/207 2097/399/205
f 2087/392/197 2091/395/199 2117/401/207
f 2091/395/199 2116/402/208 2117/401/207
f 2091/395/199 2095/397/200 2116/402/208
f 2095/397/200 2115/401/209 2116/402/208
f 2095/397/200 2098/395/201 2115/401/209
f 2098/395/201 2114/399/210 2115/401/209
f 2098/395/201 2104/392/202 2114/399/210
f 2104/392/202 2094/400/211 2114/399/210
f 2104/392/202 2109/393/203 2094/400/211
f 2109/393/203 2092/403/212 2094/400/211
f 2109/393/203 2113/404/213 2092/403/212
f 2113/404/213 2111/405/214 2092/403/212
f 2113/404/213 2110/406/215 2111/405/214
f 2110/406/215 2090/407/216 2111/405/214
f 2110/406/215 2108/408/217 2090/407/216
f 2108/408/217 2106/405/218 2090/407/216
f 2108/408/217 2105/406/219 2106/405/218
f 2105/406/219 2103/403/220 2106/405/218
f 2105/406/219 2102/404/221 2103/403/220
f 2102/404/221 2099/400/206 2103/403/220
f 2102/404/221 2088/393/198 2099/400/206
f 2100/400/222 2099/400/206 2097/399/205
f 2100/400/222 2097/399/205 2117/401/207
f 2100/400/222 2117/401/207 2116/402/208
f 2100/400/222 2116/402/208 2115/401/209
f 2100/400/222 2115/401/209 2114/399/210
f 2100/400/222 2114/399/210 2094/400/211
f 2100/400/222 2094/400/211 2092/403/212
f 2100/400/222 2092/403/212 2111/405/214
f 2100/400/222 2111/405/214 2090/407/216
f 2100/400/222 2090/407/216 2106/405/218
f 2100/400/222 2106/405/218 2103/403/220
f 2100/400/222 2103/403/220 2099/400/206
o stoz_vl_nater
v -0.040535 0.686675 -0.000000
v -0.035105 0.971872 0.020268
v -0.040535 0.971872 -0.000000
v -0.035105 0.686675 0.020268
v 0.040535 2.683175 -0.000000
v 0.035105 2.397978 0.020268
v 0.035105 2.683175 0.020268
v 0.020268 2.397978 0.035105
v -0.020268 0.686675 0.035105
v 0.020268 2.683175 0.035105
v 0.000000 2.397978 0.040535
v 0.000000 0.971872 0.040535
v 0.000000 2.683175 0.040535
v -0.020268 2.397978 0.035105
v 0.000000 0.686675 0.040535
v -0.020268 2.683175 0.035105
v 0.020268 0.971872 0.035105
v -0.040535 2.683175 -0.000000
v -0.035105 2.683175 0.020268
v 0.020268 0.686675 0.035105
v -0.040535 2.397978 -0.000000
v 0.035105 0.971872 0.020268
v 0.040535 2.397978 -0.000000
v 0.035105 0.686675 0.020268
v 0.040535 0.971872 -0.000000
v 0.040535 0.686675 -0.000000
v -0.035105 1.257130 0.020268
v -0.040535 1.257130 -0.000000
v -0.035105 2.112720 0.020268
v -0.020268 1.257130 0.035105
v -0.035105 2.397978 0.020268
v -0.020268 0.971872 0.035105
v -0.040535 2.112720 -0.000000
v 0.040535 1.827524 -0.000000
v 0.040535 2.112720 -0.000000
v 0.035105 1.827524 0.020268
v 0.035105 2.112720 0.020268
v 0.020268 1.827524 0.035105
v 0.020268 1.257130 0.035105
v 0.020268 2.112720 0.035105
v 0.000000 1.827524 0.040535
v 0.000000 2.112720 0.040535
v 0.035105 1.257130 0.020268
v -0.020268 2.112720 0.035105
v 0.040535 1.257130 -0.000000
v -0.040535 1.542327 -0.000000
v 0.035105 1.542327 0.020268
v 0.000000 1.542327 0.040535
v -0.020268 1.542327 0.035105
v -0.020268 1.827524 0.035105
v -0.035105 1.542327 0.020268
v 0.000000 1.257130 0.040535
v -0.040535 1.827524 -0.000000
v -0.035105 1.827524 0.020268
v 0.020268 1.542327 0.035105
v 0.040535 1.542327 -0.000000
vn -0.9659 -0.0000 0.2588
vn -0.8660 -0.0000 0.5000
vn -0.5000 -0.0000 0.8660
vn -0.0000 -0.0000 1.0000
vn 0.5000 -0.0000 0.8660
vn 0.8660 -0.0000 0.5000
vn 0.9659 -0.0000 0.2588
vt 0.024026 0.705592
vt 0.132500 0.994242
vt 0.024026 0.994242
vt 0.132500 0.705592
vt 0.280341 0.994242
vt 0.280341 0.705592
vt 0.500000 0.994242
vt 0.500000 0.705592
vt 0.719659 0.994242
vt 0.719659 0.705592
vt 0.867500 0.994242
vt 0.867500 0.705592
vt 0.975974 0.994242
vt 0.975974 0.705592
vt 0.049929 0.008827
vt 0.152500 0.313775
vt 0.049929 0.313775
vt 0.152500 0.008827
vt 0.292295 0.313775
vt 0.292295 0.008827
vt 0.500000 0.313775
vt 0.500000 0.008827
vt 0.707704 0.313775
vt 0.707704 0.008827
vt 0.847500 0.313775
vt 0.847500 0.008827
vt 0.950071 0.313775
vt 0.950071 0.008827
vt 0.043454 0.349182
vt 0.147500 0.675675
vt 0.043454 0.675675
vt 0.147500 0.349182
vt 0.289307 0.675675
vt 0.289307 0.349182
vt 0.500000 0.675675
vt 0.500000 0.349182
vt 0.710693 0.675675
vt 0.710693 0.349182
vt 0.852500 0.675675
vt 0.852500 0.349182
vt 0.956546 0.675675
vt 0.956546 0.349182
vt 0.072595 0.713741
vt 0.170000 0.992266
vt 0.072595 0.992266
vt 0.170000 0.713741
vt 0.302755 0.992266
vt 0.302755 0.713741
vt 0.500000 0.992266
vt 0.500000 0.713741
vt 0.697244 0.992266
vt 0.697244 0.713741
vt 0.830000 0.992266
vt 0.830000 0.713741
vt 0.927405 0.992266
vt 0.927405 0.713741
vt 0.066119 0.012027
vt 0.165000 0.315652
vt 0.066119 0.315652
vt 0.165000 0.012027
vt 0.299767 0.315652
vt 0.299767 0.012027
vt 0.500000 0.315652
vt 0.500000 0.012027
vt 0.700233 0.315652
vt 0.700233 0.012027
vt 0.835000 0.315652
vt 0.835000 0.012027
vt 0.933881 0.315652
vt 0.933881 0.012027
vt 0.043454 0.343458
vt 0.147500 0.687016
vt 0.043454 0.687016
vt 0.147500 0.343458
vt 0.289307 0.687016
vt 0.289307 0.343458
vt 0.500000 0.687016
vt 0.500000 0.343458
vt 0.710693 0.687016
vt 0.710693 0.343458
vt 0.852500 0.687016
vt 0.852500 0.343458
vt 0.956546 0.687016
vt 0.956546 0.343458
vt 0.046691 0.701419
vt 0.150000 0.990204
vt 0.046691 0.990204
vt 0.150000 0.701419
vt 0.290801 0.990204
vt 0.290801 0.701419
vt 0.500000 0.990204
vt 0.500000 0.701419
vt 0.709199 0.990204
vt 0.709199 0.701419
vt 0.850000 0.990204
vt 0.850000 0.701419
vt 0.953308 0.990204
vt 0.953308 0.701419
s 1
usemtl nater
f 2118/409/223 2119/410/224 2120/411/223
f 2118/409/223 2121/412/224 2119/410/224
f 2121/412/224 2149/413/225 2119/410/224
f 2121/412/224 2126/414/225 2149/413/225
f 2126/414/225 2129/415/226 2149/413/225
f 2126/414/225 2132/416/226 2129/415/226
f 2132/416/226 2134/417/227 2129/415/226
f 2132/416/226 2137/418/227 2134/417/227
f 2137/418/227 2139/419/228 2134/417/227
f 2137/418/227 2141/420/228 2139/419/228
f 2141/420/228 2142/421/229 2139/419/228
f 2141/420/228 2143/422/229 2142/421/229
f 2120/423/223 2144/424/224 2145/425/223
f 2120/423/223 2119/426/224 2144/424/224
f 2119/426/224 2147/427/225 2144/424/224
f 2119/426/224 2149/428/225 2147/427/225
f 2149/428/225 2169/429/226 2147/427/225
f 2149/428/225 2129/430/226 2169/429/226
f 2129/430/226 2156/431/227 2169/429/226
f 2129/430/226 2134/432/227 2156/431/227
f 2134/432/227 2160/433/228 2156/431/227
f 2134/432/227 2139/434/228 2160/433/228
f 2139/434/228 2162/435/229 2160/433/228
f 2139/434/228 2142/436/229 2162/435/229
f 2145/437/223 2168/438/224 2163/439/223
f 2145/437/223 2144/440/224 2168/438/224
f 2144/440/224 2166/441/225 2168/438/224
f 2144/440/224 2147/442/225 2166/441/225
f 2147/442/225 2165/443/226 2166/441/225
f 2147/442/225 2169/444/226 2165/443/226
f 2169/444/226 2172/445/227 2165/443/226
f 2169/444/226 2156/446/227 2172/445/227
f 2156/446/227 2164/447/228 2172/445/227
f 2156/446/227 2160/448/228 2164/447/228
f 2160/448/228 2173/449/229 2164/447/228
f 2160/448/228 2162/450/229 2173/449/229
f 2163/451/223 2171/452/224 2170/453/223
f 2163/451/223 2168/454/224 2171/452/224
f 2168/454/224 2167/455/225 2171/452/224
f 2168/454/224 2166/456/225 2167/455/225
f 2166/456/225 2158/457/226 2167/455/225
f 2166/456/225 2165/458/226 2158/457/226
f 2165/458/226 2155/459/227 2158/457/226
f 2165/458/226 2172/460/227 2155/459/227
f 2172/460/227 2153/461/228 2155/459/227
f 2172/460/227 2164/462/228 2153/461/228
f 2164/462/228 2151/463/229 2153/461/228
f 2164/462/228 2173/464/229 2151/463/229
f 2170/465/223 2146/466/224 2150/467/223
f 2170/465/223 2171/468/224 2146/466/224
f 2171/468/224 2161/469/225 2146/466/224
f 2171/468/224 2167/470/225 2161/469/225
f 2167/470/225 2159/471/226 2161/469/225
f 2167/470/225 2158/472/226 2159/471/226
f 2158/472/226 2157/473/227 2159/471/226
f 2158/472/226 2155/474/227 2157/473/227
f 2155/474/227 2154/475/228 2157/473/227
f 2155/474/227 2153/476/228 2154/475/228
f 2153/476/228 2152/477/229 2154/475/228
f 2153/476/228 2151/478/229 2152/477/229
f 2150/479/223 2148/480/224 2138/481/223
f 2150/479/223 2146/482/224 2148/480/224
f 2146/482/224 2131/483/225 2148/480/224
f 2146/482/224 2161/484/225 2131/483/225
f 2161/484/225 2128/485/226 2131/483/225
f 2161/484/225 2159/486/226 2128/485/226
f 2159/486/226 2125/487/227 2128/485/226
f 2159/486/226 2157/488/227 2125/487/227
f 2157/488/227 2123/489/228 2125/487/227
f 2157/488/227 2154/490/228 2123/489/228
f 2154/490/228 2140/491/229 2123/489/228
f 2154/490/228 2152/492/229 2140/491/229
f 2138/493/223 2136/494/224 2135/495/223
f 2138/493/223 2148/496/224 2136/494/224
f 2148/496/224 2133/497/225 2136/494/224
f 2148/496/224 2131/498/225 2133/497/225
f 2131/498/225 2130/499/226 2133/497/225
f 2131/498/225 2128/500/226 2130/499/226
f 2128/500/226 2127/501/227 2130/499/226
f 2128/500/226 2125/502/227 2127/501/227
f 2125/502/227 2124/503/228 2127/501/227
f 2125/502/227 2123/504/228 2124/503/228
f 2123/504/228 2122/505/229 2124/503/228
f 2123/504/228 2140/506/229 2122/505/229
o stoz_vl_cisla
v -0.023595 2.220108 0.040716
v -0.040868 2.220108 0.023444
v -0.040868 2.220108 -0.023746
v -0.033275 2.214058 0.057021
v 0.000000 2.220108 -0.047341
v -0.033275 2.117258 0.050971
v 0.033275 2.117258 0.050971
v 0.033275 2.214058 0.057021
v 0.033275 2.117258 0.057021
v -0.033275 2.117258 0.057021
v -0.033275 2.214058 0.050971
v 0.033275 2.214058 0.050971
v -0.040868 2.229183 0.023444
v 0.000000 2.220108 0.047039
v -0.033275 2.108183 0.050971
v 0.023595 2.220108 0.040716
v -0.033275 2.108183 0.057021
v 0.023595 2.229183 0.040716
v 0.040868 2.220108 0.023444
v 0.033275 2.108183 0.050971
v 0.047190 2.229183 -0.000151
v 0.047190 2.220108 -0.000151
v -0.033275 2.011383 0.050971
v 0.040868 2.220108 -0.023746
v 0.033275 2.011383 0.050971
v 0.023595 2.229183 -0.041019
v 0.033275 2.108183 0.057021
v 0.023595 2.220108 -0.041019
v 0.000000 2.229183 -0.047341
v 0.033275 2.011383 0.057021
v -0.023595 2.220108 -0.041019
v -0.047190 2.229183 -0.000151
v -0.047190 2.220108 -0.000151
v -0.023595 2.229183 -0.041019
v -0.040868 2.229183 -0.023746
v -0.023595 2.229183 0.040716
v -0.033275 2.011383 0.057021
v 0.000000 2.229183 0.047039
v 0.040868 2.005333 -0.023746
v 0.040868 2.229183 0.023444
v -0.040868 2.005333 0.023444
v -0.047190 2.005333 -0.000151
v -0.040868 2.005333 -0.023746
v -0.023595 2.005333 -0.041019
v 0.040868 2.229183 -0.023746
v -0.047190 1.996258 -0.000151
v 0.006050 1.996258 0.051274
v -0.040868 1.996258 -0.023746
v 0.006050 1.996258 0.045224
v 0.006050 2.229183 0.045224
v 0.006050 2.229183 0.051274
v -0.006050 1.996258 0.045224
v -0.006050 1.996258 0.051274
v -0.006050 2.229183 0.051274
v -0.023595 1.996258 -0.041019
v -0.006050 2.229183 0.045224
v 0.000000 1.996258 -0.047341
v -0.023595 1.996258 0.040716
v 0.000000 2.005333 -0.047341
v 0.023595 1.996258 -0.041019
v 0.023595 2.005333 -0.041019
v 0.023595 1.996258 0.040716
v 0.040868 1.996258 -0.023746
v 0.047190 1.996258 -0.000151
v 0.047190 2.005333 -0.000151
v 0.040868 1.996258 0.023444
v 0.000000 1.996258 0.047039
v -0.040868 1.996258 0.023444
v 0.023595 2.005333 0.040716
v 0.040868 2.005333 0.023444
v 0.000000 2.005333 0.047039
v -0.023595 2.005333 0.040716
vn -0.3786 -0.6532 0.6557
vn -0.6557 -0.6532 0.3786
vn -0.7572 -0.6532 -0.0000
vn -0.6557 -0.6532 -0.3786
vn -0.3786 -0.6532 -0.6557
vn -0.0000 -0.6532 -0.7572
vn 0.3786 -0.6532 -0.6557
vn 0.6557 -0.6532 -0.3786
vn 0.7572 -0.6532 -0.0000
vn 0.6557 -0.6532 0.3786
vn 0.3786 -0.6532 0.6557
vn -0.0000 -0.6532 0.7572
vn -0.6557 0.6532 0.3786
vn -0.7572 0.6532 -0.0000
vn -0.3786 0.6532 0.6557
vn -0.0000 0.6532 0.7572
vn 0.3786 0.6532 0.6557
vn 0.6557 0.6532 0.3786
vn 0.7572 0.6532 -0.0000
vn 0.6557 0.6532 -0.3786
vn 0.3786 0.6532 -0.6557
vn -0.0000 0.6532 -0.7572
vn -0.3786 0.6532 -0.6557
vn -0.6557 0.6532 -0.3786
vn -0.5774 -0.5773 0.5774
vn -0.7071 -0.7071 -0.0000
vn 0.7071 -0.7071 -0.0000
vn 0.5774 -0.5773 0.5773
vn -0.5774 0.5773 0.5774
vn 0.5773 0.5773 0.5774
vn 0.7071 0.7071 -0.0000
vn -0.7071 0.7071 -0.0000
vn -0.5773 -0.5774 0.5774
vn -0.5774 -0.5773 -0.5773
vn 0.5773 -0.5774 -0.5774
vn -0.5774 0.5774 0.5773
vn 0.5774 0.5774 -0.5773
vn -0.5773 0.5773 -0.5774
vt 0.794132 0.041293
vt 0.845929 0.011388
vt 0.905739 0.011388
vt 0.957536 0.041293
vt 0.987441 0.093090
vt 0.987441 0.152900
vt 0.957536 0.204697
vt 0.905739 0.234602
vt 0.845929 0.234602
vt 0.794132 0.204697
vt 0.764227 0.152900
vt 0.764227 0.093090
vt 0.987441 0.234602
vt 0.764227 0.234602
vt 0.764227 0.011388
vt 0.987441 0.011388
vt 0.249296 0.250954
vt 0.499999 0.250954
vt 0.499999 0.499999
vt 0.249296 0.499999
vt 0.749963 0.251000
vt 1.000063 0.251000
vt 1.000063 0.499817
vt 0.749963 0.499817
s 1
usemtl cisla
f 2174/507/230 2175/508/231 2206/509/232
f 2206/509/232 2176/510/233 2204/511/234
f 2204/511/234 2178/512/235 2201/513/236
f 2206/509/232 2204/511/234 2201/513/236
f 2201/513/236 2197/514/237 2195/515/238
f 2195/515/238 2192/516/239 2189/517/240
f 2201/513/236 2195/515/238 2189/517/240
f 2206/509/232 2201/513/236 2189/517/240
f 2174/507/230 2206/509/232 2189/517/240
f 2174/507/230 2189/517/240 2187/518/241
f 2186/519/242 2205/520/243 2206/521/232
f 2206/521/232 2175/522/231 2186/519/242
f 2209/519/244 2186/520/242 2175/521/231
f 2175/521/231 2174/522/230 2209/519/244
f 2211/519/245 2209/520/244 2174/521/230
f 2174/521/230 2187/522/241 2211/519/245
f 2191/519/246 2211/520/245 2187/521/241
f 2187/521/241 2189/522/240 2191/519/246
f 2213/519/247 2191/520/246 2189/521/240
f 2189/521/240 2192/522/239 2213/519/247
f 2194/519/248 2213/520/247 2192/521/239
f 2192/521/239 2195/522/238 2194/519/248
f 2218/519/249 2194/520/248 2195/521/238
f 2195/521/238 2197/522/237 2218/519/249
f 2199/519/250 2218/520/249 2197/521/237
f 2197/521/237 2201/522/236 2199/519/250
f 2202/519/251 2199/520/250 2201/521/236
f 2201/521/236 2178/522/235 2202/519/251
f 2207/519/252 2202/520/251 2178/521/235
f 2178/521/235 2204/522/234 2207/519/252
f 2208/519/253 2207/520/252 2204/521/234
f 2204/521/234 2176/522/233 2208/519/253
f 2205/519/243 2208/520/253 2176/521/233
f 2176/521/233 2206/522/232 2205/519/243
f 2199/507/250 2202/508/251 2207/509/252
f 2207/509/252 2208/510/253 2205/511/243
f 2205/511/243 2186/512/242 2209/513/244
f 2207/509/252 2205/511/243 2209/513/244
f 2209/513/244 2211/514/245 2191/515/246
f 2191/515/246 2213/516/247 2194/517/248
f 2209/513/244 2191/515/246 2194/517/248
f 2207/509/252 2209/513/244 2194/517/248
f 2199/507/250 2207/509/252 2194/517/248
f 2199/507/250 2194/517/248 2218/518/249
f 2226/519/254 2225/520/255 2222/521/256
f 2222/521/256 2220/522/257 2226/519/254
f 2227/519/258 2224/520/259 2223/521/260
f 2223/521/260 2229/522/261 2227/519/258
f 2226/519/254 2220/520/257 2224/521/259
f 2224/521/259 2227/522/258 2226/519/254
f 2220/519/257 2222/520/256 2223/521/260
f 2223/521/260 2224/522/259 2220/519/257
f 2225/519/255 2226/520/254 2227/521/258
f 2227/521/258 2229/522/261 2225/519/255
f 2231/507/230 2241/508/231 2219/509/232
f 2219/509/232 2221/510/233 2228/511/234
f 2228/511/234 2230/512/235 2233/513/236
f 2219/509/232 2228/511/234 2233/513/236
f 2233/513/236 2236/514/237 2237/515/238
f 2237/515/238 2239/516/239 2235/517/240
f 2233/513/236 2237/515/238 2235/517/240
f 2219/509/232 2233/513/236 2235/517/240
f 2231/507/230 2219/509/232 2235/517/240
f 2231/507/230 2235/517/240 2240/518/241
f 2214/519/242 2215/520/243 2219/521/232
f 2219/521/232 2241/522/231 2214/519/242
f 2245/519/244 2214/520/242 2241/521/231
f 2241/521/231 2231/522/230 2245/519/244
f 2244/519/245 2245/520/244 2231/521/230
f 2231/521/230 2240/522/241 2244/519/245
f 2242/519/246 2244/520/245 2240/521/241
f 2240/521/241 2235/522/240 2242/519/246
f 2243/519/247 2242/520/246 2235/521/240
f 2235/521/240 2239/522/239 2243/519/247
f 2238/519/248 2243/520/247 2239/521/239
f 2239/521/239 2237/522/238 2238/519/248
f 2212/519/249 2238/520/248 2237/521/238
f 2237/521/238 2236/522/237 2212/519/249
f 2234/519/250 2212/520/249 2236/521/237
f 2236/521/237 2233/522/236 2234/519/250
f 2232/519/251 2234/520/250 2233/521/236
f 2233/521/236 2230/522/235 2232/519/251
f 2217/519/252 2232/520/251 2230/521/235
f 2230/521/235 2228/522/234 2217/519/252
f 2216/519/253 2217/520/252 2228/521/234
f 2228/521/234 2221/522/233 2216/519/253
f 2215/519/243 2216/520/253 2221/521/233
f 2221/521/233 2219/522/232 2215/519/243
f 2234/507/250 2232/508/251 2217/509/252
f 2217/509/252 2216/510/253 2215/511/243
f 2215/511/243 2214/512/242 2245/513/244
f 2217/509/252 2215/511/243 2245/513/244
f 2245/513/244 2244/514/245 2242/515/246
f 2242/515/246 2243/516/247 2238/517/248
f 2245/513/244 2242/515/246 2238/517/248
f 2217/509/252 2245/513/244 2238/517/248
f 2234/507/250 2217/509/252 2238/517/248
f 2234/507/250 2238/517/248 2212/518/249
f 2210/519/262 2196/520/263 2198/521/264
f 2198/521/264 2203/522/257 2210/519/262
f 2190/519/265 2200/520/259 2193/521/266
f 2193/521/266 2188/522/267 2190/519/265
f 2210/523/262 2203/524/257 2200/525/259
f 2200/525/259 2190/526/265 2210/523/262
f 2203/519/257 2198/520/264 2193/521/266
f 2193/521/266 2200/522/259 2203/519/257
f 2198/519/264 2196/520/263 2188/521/267
f 2188/521/267 2193/522/266 2198/519/264
f 2196/519/263 2210/520/262 2190/521/265
f 2190/521/265 2188/522/267 2196/519/263
f 2183/519/262 2179/520/263 2180/521/264
f 2180/521/264 2182/522/257 2183/519/262
f 2177/519/265 2181/520/259 2185/521/266
f 2185/521/266 2184/522/267 2177/519/265
f 2183/527/262 2182/528/257 2181/529/259
f 2181/529/259 2177/530/265 2183/527/262
f 2182/519/257 2180/520/264 2185/521/266
f 2185/521/266 2181/522/259 2182/519/257
f 2180/519/264 2179/520/263 2184/521/267
f 2184/521/267 2185/522/266 2180/519/264
f 2179/519/263 2183/520/262 2177/521/265
f 2177/521/265 2184/522/267 2179/519/263
o stit_3r
v 0.240960 2.737323 0.007773
v 0.238535 2.737323 0.035497
v 0.222251 2.737323 0.046218
v 0.012194 2.635693 0.051497
v 0.226785 2.737323 -0.005614
v 0.012194 2.671993 0.051497
v 0.012194 2.671993 0.015197
v 0.012194 2.635693 0.015197
v 0.043787 2.737323 0.043966
v -0.012006 2.635693 0.015197
v 0.050642 2.737323 -0.034385
v -0.012006 2.671993 0.015197
v 0.240960 2.767574 0.007773
v 0.226785 2.767574 -0.005614
v 0.222251 2.767574 0.046218
v -0.012006 2.671993 0.051497
v 0.238535 2.767574 0.035497
v -0.012006 2.635693 0.051497
v -0.012006 2.635693 0.051497
v 0.050642 2.767574 -0.034385
v 0.043787 2.767574 0.043966
v -0.012006 2.671993 0.051497
v 0.012194 2.671993 0.051497
v 0.012194 2.635693 0.051497
v 0.240960 2.737323 0.007773
v 0.240960 2.767574 0.007773
v 0.238535 2.767574 0.035497
v -0.012006 2.671993 0.051497
v 0.238535 2.737323 0.035497
v -0.012006 2.671993 0.015197
v 0.238535 2.737323 0.035497
v 0.238535 2.767574 0.035497
v 0.222251 2.767574 0.046218
v 0.012194 2.671993 0.015197
v 0.222251 2.737323 0.046218
v 0.012194 2.671993 0.051497
v 0.012194 2.635693 0.015197
v -0.012006 2.635693 0.015197
v 0.043787 2.767574 0.043966
v -0.012006 2.635693 0.051497
v 0.043787 2.737323 0.043966
v 0.012194 2.635693 0.051497
v 0.050642 2.737323 -0.034385
v 0.050642 2.767574 -0.034385
v 0.226785 2.767574 -0.005614
v 0.155699 2.934002 0.040010
v 0.226785 2.737323 -0.005614
v 0.155699 2.964253 0.040010
v 0.131499 2.964253 0.040010
v 0.131499 2.934002 0.040010
v 0.240960 2.767574 0.007773
v 0.131499 2.934002 0.040010
v 0.240960 2.737323 0.007773
v 0.131499 2.964253 0.040010
v 0.077273 2.770599 -0.047238
v 0.076219 2.770599 -0.035184
v 0.003895 2.770599 -0.041511
v 0.131499 2.964253 0.064210
v 0.004950 2.770599 -0.053565
v 0.131499 2.934002 0.064210
v 0.077273 2.782699 -0.047238
v 0.004950 2.782699 -0.053565
v 0.003895 2.782699 -0.041511
v 0.131499 2.934002 0.064210
v 0.076219 2.782699 -0.035184
v 0.131499 2.964253 0.064210
v 0.077273 2.770599 -0.047238
v 0.077273 2.782699 -0.047238
v 0.076219 2.782699 -0.035184
v 0.155699 2.964253 0.064210
v 0.076219 2.770599 -0.035184
v 0.155699 2.934002 0.064210
v 0.076219 2.770599 -0.035184
v 0.076219 2.782699 -0.035184
v 0.003895 2.782699 -0.041511
v 0.131499 2.934002 0.040010
v 0.003895 2.770599 -0.041511
v 0.131499 2.934002 0.064210
v 0.003895 2.770599 -0.041511
v 0.003895 2.782699 -0.041511
v 0.004950 2.782699 -0.053565
v 0.155699 2.934002 0.064210
v 0.004950 2.770599 -0.053565
v 0.155699 2.934002 0.040010
v 0.004950 2.770599 -0.053565
v 0.004950 2.782699 -0.053565
v 0.077273 2.782699 -0.047238
v 0.003377 2.655062 0.069346
v 0.077273 2.770599 -0.047238
v 0.002031 2.645590 0.049271
v 0.068837 2.770599 0.049194
v 0.067782 2.770599 0.061248
v -0.004542 2.770599 0.054920
v -0.006919 2.647087 0.049271
v -0.003487 2.770599 0.042867
v -0.005574 2.656303 0.068508
v 0.068837 2.782699 0.049194
v -0.003487 2.782699 0.042867
v -0.004542 2.782699 0.054920
v 0.006104 2.671231 0.081700
v 0.067782 2.782699 0.061248
v 0.003377 2.655062 0.069346
v 0.068837 2.770599 0.049194
v 0.068837 2.782699 0.049194
v 0.067782 2.782699 0.061248
v -0.005574 2.656303 0.068508
v 0.067782 2.770599 0.061248
v -0.002847 2.672379 0.080737
v 0.067782 2.770599 0.061248
v 0.067782 2.782699 0.061248
v -0.004542 2.782699 0.054920
v 0.009984 2.688490 0.085848
v -0.004542 2.770599 0.054920
v 0.006104 2.671231 0.081700
v -0.004542 2.770599 0.054920
v -0.004542 2.782699 0.054920
v -0.003487 2.782699 0.042867
v -0.002847 2.672379 0.080737
v -0.003487 2.770599 0.042867
v 0.001033 2.689911 0.085373
v -0.003487 2.770599 0.042867
v -0.003487 2.782699 0.042867
v 0.068837 2.782699 0.049194
v -0.005574 2.656303 0.068508
v 0.068837 2.770599 0.049194
v -0.006919 2.647087 0.049271
v 0.077273 2.722240 -0.047238
v 0.076219 2.722240 -0.035184
v 0.003895 2.722240 -0.041511
v -0.005431 2.655977 0.048214
v 0.004950 2.722240 -0.053565
v -0.004198 2.661105 0.060931
v 0.077273 2.734340 -0.047238
v 0.004950 2.734340 -0.053565
v 0.003895 2.734340 -0.041511
v -0.002847 2.672379 0.080737
v 0.076219 2.734340 -0.035184
v -0.005574 2.656303 0.068508
v 0.077273 2.722240 -0.047238
v 0.077273 2.734340 -0.047238
v 0.076219 2.734340 -0.035184
v -0.004198 2.661105 0.060931
v 0.076219 2.722240 -0.035184
v -0.001700 2.673879 0.071861
v 0.076219 2.722240 -0.035184
v 0.076219 2.734340 -0.035184
v 0.003895 2.734340 -0.041511
v 0.001033 2.689911 0.085373
v 0.003895 2.722240 -0.041511
v -0.002847 2.672379 0.080737
v 0.003895 2.722240 -0.041511
v 0.003895 2.734340 -0.041511
v 0.004950 2.734340 -0.053565
v -0.001700 2.673879 0.071861
v 0.004950 2.722240 -0.053565
v 0.001856 2.690014 0.075794
v 0.004950 2.722240 -0.053565
v 0.004950 2.734340 -0.053565
v 0.077273 2.734340 -0.047238
v -0.004198 2.661105 0.060931
v 0.077273 2.722240 -0.047238
v -0.005431 2.655977 0.048214
v 0.068837 2.722240 0.049194
v 0.067782 2.722240 0.061248
v -0.004542 2.722240 0.054920
v 0.003519 2.654479 0.048214
v -0.003487 2.722240 0.042867
v 0.004752 2.659863 0.061769
v 0.068837 2.734340 0.049194
v -0.003487 2.734340 0.042867
v -0.004542 2.734340 0.054920
v -0.001700 2.673879 0.071861
v 0.067782 2.734340 0.061248
v -0.004198 2.661105 0.060931
v 0.068837 2.722240 0.049194
v 0.068837 2.734340 0.049194
v 0.067782 2.734340 0.061248
v 0.004752 2.659863 0.061769
v 0.067782 2.722240 0.061248
v 0.007251 2.672732 0.072823
v 0.067782 2.722240 0.061248
v 0.067782 2.734340 0.061248
v -0.004542 2.734340 0.054920
v 0.001856 2.690014 0.075794
v -0.004542 2.722240 0.054920
v -0.001700 2.673879 0.071861
v -0.004542 2.722240 0.054920
v -0.004542 2.734340 0.054920
v -0.003487 2.734340 0.042867
v 0.007251 2.672732 0.072823
v -0.003487 2.722240 0.042867
v 0.010807 2.688593 0.076269
v -0.003487 2.722240 0.042867
v -0.003487 2.734340 0.042867
v 0.068837 2.734340 0.049194
v 0.004752 2.659863 0.061769
v 0.068837 2.722240 0.049194
v 0.003519 2.654479 0.048214
v -0.009251 2.722030 -0.052945
v 0.004950 2.722030 -0.053565
v 0.000204 2.722030 0.000678
v -0.022808 2.722030 -0.048671
v 0.002031 2.645590 0.049271
v 0.003377 2.655062 0.069346
v -0.034796 2.722030 -0.041033
v 0.007251 2.672732 0.072823
v 0.004752 2.659863 0.061769
v -0.044399 2.722030 -0.030554
v 0.003377 2.655062 0.069346
v 0.006104 2.671231 0.081700
v -0.050962 2.722030 -0.017945
v 0.010807 2.688593 0.076269
v 0.007251 2.672732 0.072823
v -0.054038 2.722030 -0.004068
v 0.006104 2.671231 0.081700
v 0.009984 2.688490 0.085848
v -0.053419 2.722030 0.010133
v 0.123640 2.952619 0.043279
v 0.138164 2.952847 0.043943
v -0.049145 2.722030 0.023689
v 0.138006 2.954031 0.052939
v 0.123481 2.953803 0.052276
v -0.041507 2.722030 0.035678
v 0.103455 2.947988 0.043817
v 0.123640 2.952619 0.043279
v -0.031027 2.722030 0.045281
v 0.123481 2.953803 0.052276
v 0.103297 2.949173 0.052812
v -0.018419 2.722030 0.051844
v 0.083067 2.930955 0.045509
v 0.103455 2.947988 0.043817
v -0.004542 2.722030 0.054920
v 0.103297 2.949173 0.052812
v 0.082908 2.932139 0.054505
v -0.018419 2.734130 0.051844
v -0.018419 2.722030 0.051844
v -0.004542 2.722030 0.054920
v 0.069167 2.910517 0.048214
v -0.004542 2.734130 0.054920
v 0.083067 2.930955 0.045509
v -0.031027 2.734130 0.045281
v -0.031027 2.722030 0.045281
v -0.018419 2.722030 0.051844
v 0.082908 2.932139 0.054505
v -0.018419 2.734130 0.051844
v 0.069009 2.911701 0.057210
v -0.041507 2.734130 0.035678
v -0.041507 2.722030 0.035678
v -0.031027 2.722030 0.045281
v 0.058748 2.885775 0.051706
v -0.031027 2.734130 0.045281
v 0.069167 2.910517 0.048214
v -0.049145 2.734130 0.023689
v -0.049145 2.722030 0.023689
v -0.041507 2.722030 0.035678
v 0.069009 2.911701 0.057210
v -0.041507 2.734130 0.035678
v 0.058589 2.886959 0.060702
v -0.053419 2.734130 0.010133
v -0.053419 2.722030 0.010133
v -0.049145 2.722030 0.023689
v 0.052278 2.865947 0.055690
v -0.049145 2.734130 0.023689
v 0.058748 2.885775 0.051706
v -0.054038 2.734130 -0.004068
v -0.054038 2.722030 -0.004068
v -0.053419 2.722030 0.010133
v 0.058589 2.886959 0.060702
v -0.053419 2.734130 0.010133
v 0.052120 2.867132 0.064685
v -0.050962 2.734130 -0.017945
v -0.050962 2.722030 -0.017945
v -0.054038 2.722030 -0.004068
v 0.123481 2.953803 0.052276
v -0.054038 2.734130 -0.004068
v 0.138006 2.954031 0.052939
v -0.044399 2.734130 -0.030554
v -0.044399 2.722030 -0.030554
v -0.050962 2.722030 -0.017945
v 0.136430 2.945167 0.054078
v -0.050962 2.734130 -0.017945
v 0.124535 2.944869 0.053470
v -0.034796 2.734130 -0.041033
v -0.034796 2.722030 -0.041033
v -0.044399 2.722030 -0.030554
v 0.103297 2.949173 0.052812
v -0.044399 2.734130 -0.030554
v 0.123481 2.953803 0.052276
v -0.022808 2.734130 -0.048671
v -0.022808 2.722030 -0.048671
v -0.034796 2.722030 -0.041033
v 0.124535 2.944869 0.053470
v -0.034796 2.734130 -0.041033
v 0.106891 2.940920 0.053962
v -0.009251 2.734130 -0.052945
v -0.009251 2.722030 -0.052945
v -0.022808 2.722030 -0.048671
v 0.082908 2.932139 0.054505
v -0.022808 2.734130 -0.048671
v 0.103297 2.949173 0.052812
v 0.004950 2.734130 -0.053565
v 0.004950 2.722030 -0.053565
v -0.009251 2.722030 -0.052945
v 0.106891 2.940920 0.053962
v -0.009251 2.734130 -0.052945
v 0.088740 2.925260 0.055513
v -0.018419 2.734130 0.051844
v -0.004542 2.734130 0.054920
v 0.000204 2.734130 0.000678
v -0.031027 2.734130 0.045281
v 0.069009 2.911701 0.057210
v 0.082908 2.932139 0.054505
v -0.041507 2.734130 0.035678
v 0.088740 2.925260 0.055513
v 0.076590 2.906775 0.057992
v -0.049145 2.734130 0.023689
v 0.058589 2.886959 0.060702
v 0.069009 2.911701 0.057210
v -0.053419 2.734130 0.010133
v 0.076590 2.906775 0.057992
v 0.067282 2.884399 0.061192
v -0.054038 2.734130 -0.004068
v 0.052120 2.867132 0.064685
v 0.058589 2.886959 0.060702
v -0.050962 2.734130 -0.017945
v 0.067282 2.884399 0.061192
v 0.061194 2.867153 0.064843
v -0.044399 2.734130 -0.030554
v 0.124535 2.944869 0.053470
v 0.136430 2.945167 0.054078
v -0.034796 2.734130 -0.041033
v 0.136589 2.943983 0.045082
v 0.124693 2.943684 0.044474
v -0.022808 2.734130 -0.048671
v 0.106891 2.940920 0.053962
v 0.124535 2.944869 0.053470
v -0.009251 2.734130 -0.052945
v 0.124693 2.943684 0.044474
v 0.107049 2.939735 0.044966
v 0.004950 2.734130 -0.053565
v 0.088740 2.925260 0.055513
v 0.106891 2.940920 0.053962
v -0.009251 2.770598 -0.052945
v 0.004950 2.770598 -0.053565
v 0.000204 2.770598 0.000678
v -0.022808 2.770598 -0.048671
v 0.107049 2.939735 0.044966
v 0.088899 2.924075 0.046517
v -0.034796 2.770598 -0.041033
v 0.076590 2.906775 0.057992
v 0.088740 2.925260 0.055513
v -0.044399 2.770598 -0.030554
v 0.088899 2.924075 0.046517
v 0.076748 2.905590 0.048997
v -0.050962 2.770598 -0.017945
v 0.067282 2.884399 0.061192
v 0.076590 2.906775 0.057992
v -0.054038 2.770598 -0.004068
v 0.076748 2.905590 0.048997
v 0.067440 2.883214 0.052196
v -0.053419 2.770598 0.010133
v 0.061194 2.867153 0.064843
v 0.067282 2.884399 0.061192
v -0.049145 2.770598 0.023689
v 0.067440 2.883214 0.052196
v 0.061352 2.865968 0.055847
v -0.041507 2.770598 0.035678
v 0.124693 2.943684 0.044474
v 0.136589 2.943983 0.045082
v -0.031027 2.770598 0.045281
v 0.138164 2.952847 0.043943
v 0.123640 2.952619 0.043279
v -0.018419 2.770598 0.051844
v 0.107049 2.939735 0.044966
v 0.124693 2.943684 0.044474
v -0.004542 2.770598 0.054920
v 0.123640 2.952619 0.043279
v 0.103455 2.947988 0.043817
v -0.018419 2.782698 0.051844
v -0.018419 2.770598 0.051844
v -0.004542 2.770598 0.054920
v 0.088899 2.924075 0.046517
v -0.004542 2.782698 0.054920
v 0.107049 2.939735 0.044966
v -0.031027 2.782698 0.045281
v -0.031027 2.770598 0.045281
v -0.018419 2.770598 0.051844
v 0.103455 2.947988 0.043817
v -0.018419 2.782698 0.051844
v 0.083067 2.930955 0.045509
v -0.041507 2.782698 0.035678
v -0.041507 2.770598 0.035678
v -0.031027 2.770598 0.045281
v 0.076748 2.905590 0.048997
v -0.031027 2.782698 0.045281
v 0.088899 2.924075 0.046517
v -0.049145 2.782698 0.023689
v -0.049145 2.770598 0.023689
v -0.041507 2.770598 0.035678
v 0.083067 2.930955 0.045509
v -0.041507 2.782698 0.035678
v 0.069167 2.910517 0.048214
v -0.053419 2.782698 0.010133
v -0.053419 2.770598 0.010133
v -0.049145 2.770598 0.023689
v 0.067440 2.883214 0.052196
v -0.049145 2.782698 0.023689
v 0.076748 2.905590 0.048997
v -0.054038 2.782698 -0.004068
v -0.054038 2.770598 -0.004068
v -0.053419 2.770598 0.010133
v 0.069167 2.910517 0.048214
v -0.053419 2.782698 0.010133
v 0.058748 2.885775 0.051706
v -0.050962 2.782698 -0.017945
v -0.050962 2.770598 -0.017945
v -0.054038 2.770598 -0.004068
v 0.061352 2.865968 0.055847
v -0.054038 2.782698 -0.004068
v 0.067440 2.883214 0.052196
v -0.044399 2.782698 -0.030554
v -0.044399 2.770598 -0.030554
v -0.050962 2.770598 -0.017945
v 0.058748 2.885775 0.051706
v -0.050962 2.782698 -0.017945
v 0.052278 2.865947 0.055690
v -0.034796 2.782698 -0.041033
v -0.034796 2.770598 -0.041033
v -0.044399 2.770598 -0.030554
v 0.061391 2.867328 0.055708
v -0.044399 2.782698 -0.030554
v 0.010776 2.688561 0.076308
v -0.022808 2.782698 -0.048671
v -0.022808 2.770598 -0.048671
v -0.034796 2.770598 -0.041033
v 0.009921 2.688478 0.085926
v -0.034796 2.782698 -0.041033
v 0.061153 2.868512 0.064703
v -0.009251 2.782698 -0.052945
v -0.009251 2.770598 -0.052945
v -0.022808 2.770598 -0.048671
v 0.061153 2.868512 0.064703
v -0.022808 2.782698 -0.048671
v 0.009921 2.688478 0.085926
v 0.004950 2.782698 -0.053565
v 0.004950 2.770598 -0.053565
v -0.009251 2.770598 -0.052945
v 0.001028 2.689906 0.085691
v -0.009251 2.782698 -0.052945
v 0.052081 2.868481 0.064467
v -0.018419 2.782698 0.051844
v -0.004542 2.782698 0.054920
v 0.000204 2.782698 0.000678
v -0.031027 2.782698 0.045281
v 0.052081 2.868481 0.064467
v 0.001028 2.689906 0.085691
v -0.041507 2.782698 0.035678
v 0.001898 2.690032 0.076072
v 0.052319 2.867297 0.055473
v -0.049145 2.782698 0.023689
v 0.052319 2.867297 0.055473
v 0.001898 2.690032 0.076072
v -0.053419 2.782698 0.010133
v 0.010776 2.688561 0.076308
v 0.061391 2.867328 0.055708
v -0.054038 2.782698 -0.004068
v 0.272683 2.800846 0.023005
v 0.272683 2.791771 0.029055
v -0.050962 2.782698 -0.017945
v 0.272683 2.800846 0.029055
v 0.272683 2.791771 0.023005
v -0.044399 2.782698 -0.030554
v 0.272683 2.800846 0.029055
v 0.181933 2.791771 0.029055
v -0.034796 2.782698 -0.041033
v 0.181933 2.800846 0.029055
v 0.272683 2.791771 0.029055
v -0.022808 2.782698 -0.048671
v 0.181933 2.800846 0.029055
v 0.181933 2.791771 0.023005
v -0.009251 2.782698 -0.052945
v 0.181933 2.800846 0.023005
v 0.181933 2.791771 0.029055
v 0.004950 2.782698 -0.053565
v 0.181933 2.800846 0.023005
v 0.272683 2.791771 0.023005
v 0.059117 2.715544 -0.054899
v 0.048571 2.715544 0.065640
v 0.030490 2.715544 0.064059
v 0.272683 2.800846 0.023005
v 0.041036 2.715544 -0.056481
v 0.181933 2.791771 0.023005
v 0.059117 2.788143 -0.054899
v 0.041036 2.788143 -0.056481
v 0.030490 2.788143 0.064059
v 0.181933 2.791771 0.023005
v 0.048571 2.788143 0.065640
v 0.272683 2.791771 0.029055
v 0.059117 2.715544 -0.054899
v 0.059117 2.788143 -0.054899
v 0.048571 2.788143 0.065640
v 0.272683 2.791771 0.023005
v 0.048571 2.715544 0.065640
v 0.181933 2.791771 0.029055
v 0.048571 2.715544 0.065640
v 0.048571 2.788143 0.065640
v 0.030490 2.788143 0.064059
v 0.272683 2.800846 0.029055
v 0.030490 2.715544 0.064059
v 0.181933 2.800846 0.023005
v 0.030490 2.715544 0.064059
v 0.030490 2.788143 0.064059
v 0.041036 2.788143 -0.056481
v 0.272683 2.800846 0.023005
v 0.041036 2.715544 -0.056481
v 0.181933 2.800846 0.029055
v 0.041036 2.715544 -0.056481
v 0.041036 2.788143 -0.056481
v 0.059117 2.788143 -0.054899
v 0.259070 2.776646 0.010905
v 0.059117 2.715544 -0.054899
v 0.259070 2.767571 0.041155
v 0.223135 3.423202 0.014109
v 0.222078 3.423202 0.026162
v 0.231118 3.423202 0.026953
v 0.259070 2.776646 0.041155
v 0.232176 3.423202 0.014899
v 0.259070 2.767571 0.010905
v 0.223135 3.380852 0.014109
v 0.232176 3.380852 0.014899
v 0.231118 3.380852 0.026953
v 0.259070 2.776646 0.041155
v 0.222078 3.380852 0.026162
v 0.195545 2.767571 0.041155
v 0.223135 3.423202 0.014109
v 0.223135 3.380852 0.014109
v 0.222078 3.380852 0.026162
v 0.195545 2.776646 0.041155
v 0.222078 3.423202 0.026162
v 0.259070 2.767571 0.041155
v 0.222078 3.423202 0.026162
v 0.222078 3.380852 0.026162
v 0.231118 3.380852 0.026953
v 0.195545 2.776646 0.041155
v 0.231118 3.423202 0.026953
v 0.195545 2.767571 0.010905
v 0.231118 3.423202 0.026953
v 0.231118 3.380852 0.026953
v 0.232176 3.380852 0.014899
v 0.195545 2.776646 0.010905
v 0.232176 3.423202 0.014899
v 0.195545 2.767571 0.041155
v 0.232176 3.423202 0.014899
v 0.232176 3.380852 0.014899
v 0.223135 3.380852 0.014109
v 0.195545 2.767571 0.010905
v 0.223135 3.423202 0.014109
v 0.259070 2.767571 0.041155
v 0.077393 3.411864 -0.047227
v 0.076338 3.411864 -0.035173
v 0.004014 3.411864 -0.041501
v 0.259070 2.767571 0.010905
v 0.005069 3.411864 -0.053555
v 0.195545 2.767571 0.041155
v 0.077393 3.423964 -0.047227
v 0.005069 3.423964 -0.053555
v 0.004014 3.423964 -0.041501
v 0.259070 2.776646 0.041155
v 0.076338 3.423964 -0.035173
v 0.195545 2.776646 0.010905
v 0.077393 3.411864 -0.047227
v 0.077393 3.423964 -0.047227
v 0.076338 3.423964 -0.035173
v 0.259070 2.776646 0.010905
v 0.076338 3.411864 -0.035173
v 0.195545 2.776646 0.041155
v 0.076338 3.411864 -0.035173
v 0.076338 3.423964 -0.035173
v 0.004014 3.423964 -0.041501
v 0.268145 2.809920 0.010905
v 0.004014 3.411864 -0.041501
v 0.268145 2.767571 0.041155
v 0.004014 3.411864 -0.041501
v 0.004014 3.423964 -0.041501
v 0.005069 3.423964 -0.053555
v 0.268145 2.809920 0.041155
v 0.005069 3.411864 -0.053555
v 0.268145 2.767571 0.010905
v 0.005069 3.411864 -0.053555
v 0.005069 3.423964 -0.053555
v 0.077393 3.423964 -0.047227
v 0.268145 2.809920 0.041155
v 0.077393 3.411864 -0.047227
v 0.259070 2.767571 0.041155
v 0.214831 3.406503 0.016419
v 0.050985 3.453439 0.002084
v 0.050458 3.453439 0.008111
v 0.259070 2.809920 0.041155
v 0.214303 3.406503 0.022446
v 0.268145 2.767571 0.041155
v 0.050589 3.406710 0.008122
v 0.050458 3.453439 0.008111
v 0.050985 3.453439 0.002084
v 0.259070 2.809920 0.041155
v 0.051116 3.406710 0.002095
v 0.259070 2.767571 0.010905
v 0.051116 3.406710 0.002095
v 0.050985 3.453439 0.002084
v 0.214831 3.406503 0.016419
v 0.050458 3.453439 0.008111
v 0.050589 3.406710 0.008122
v 0.214303 3.406503 0.022446
v 0.251829 3.400560 0.010546
v 0.249830 3.400707 0.034663
v 0.124477 3.400707 0.029769
v 0.259070 2.809920 0.010905
v 0.127641 3.400707 -0.006392
v 0.259070 2.767571 0.041155
v 0.127641 3.400707 -0.006392
v 0.124477 3.400707 0.029769
v 0.043855 3.400707 0.043972
v 0.259070 2.809920 0.010905
v 0.050710 3.400707 -0.034379
v 0.268145 2.767571 0.010905
v 0.251829 3.406610 0.010546
v 0.127641 3.406757 -0.006392
v 0.124477 3.406757 0.029769
v 0.268145 2.809920 0.010905
v 0.249830 3.406757 0.034663
v 0.259070 2.767571 0.010905
v 0.127641 3.406757 -0.006392
v 0.050710 3.406757 -0.034379
v 0.043855 3.406757 0.043972
v 0.259070 2.767571 0.010905
v 0.124477 3.406757 0.029769
v 0.268145 2.767571 0.041155
v 0.251829 3.400560 0.010546
v 0.251829 3.406610 0.010546
v 0.249830 3.406757 0.034663
v 0.268145 2.767571 0.010905
v 0.249830 3.400707 0.034663
v 0.259070 2.767571 0.041155
v 0.249830 3.400707 0.034663
v 0.249830 3.406757 0.034663
v 0.124477 3.406757 0.029769
v 0.268145 2.809920 0.041155
v 0.124477 3.400707 0.029769
v 0.259070 2.809920 0.010905
v 0.124477 3.400707 0.029769
v 0.124477 3.406757 0.029769
v 0.043855 3.406757 0.043972
v 0.268145 2.809920 0.010905
v 0.043855 3.400707 0.043972
v 0.259070 2.809920 0.041155
v 0.043855 3.400707 0.043972
v 0.043855 3.406757 0.043972
v 0.050710 3.406757 -0.034379
v 0.195545 2.809920 0.010905
v 0.050710 3.400707 -0.034379
v 0.195545 2.767571 0.041155
v 0.050710 3.400707 -0.034379
v 0.050710 3.406757 -0.034379
v 0.127641 3.406757 -0.006392
v 0.195545 2.809920 0.041155
v 0.127641 3.400707 -0.006392
v 0.195545 2.767571 0.010905
v 0.127641 3.400707 -0.006392
v 0.127641 3.406757 -0.006392
v 0.251829 3.406610 0.010546
v 0.195545 2.809920 0.041155
v 0.251829 3.400560 0.010546
v 0.186470 2.767571 0.041155
v 0.059126 3.383602 -0.054899
v 0.048581 3.383602 0.065641
v 0.030499 3.383602 0.064059
v 0.186470 2.809920 0.041155
v 0.041045 3.383602 -0.056480
v 0.195545 2.767571 0.041155
v 0.059126 3.456202 -0.054899
v 0.041045 3.456202 -0.056480
v 0.030499 3.456202 0.064059
v 0.186470 2.809920 0.041155
v 0.048581 3.456202 0.065641
v 0.186470 2.767571 0.010905
v 0.059126 3.383602 -0.054899
v 0.059126 3.456202 -0.054899
v 0.048581 3.456202 0.065641
v 0.186470 2.809920 0.010905
v 0.048581 3.383602 0.065641
v 0.186470 2.767571 0.041155
v 0.048581 3.383602 0.065641
v 0.048581 3.456202 0.065641
v 0.030499 3.456202 0.064059
v 0.186470 2.809920 0.010905
v 0.030499 3.383602 0.064059
v 0.195545 2.767571 0.010905
v 0.030499 3.383602 0.064059
v 0.030499 3.456202 0.064059
v 0.041045 3.456202 -0.056480
v 0.195545 2.809920 0.010905
v 0.041045 3.383602 -0.056480
v 0.186470 2.767571 0.010905
v 0.041045 3.383602 -0.056480
v 0.041045 3.456202 -0.056480
v 0.059126 3.456202 -0.054899
v 0.186470 2.767571 0.010905
v 0.059126 3.383602 -0.054899
v 0.195545 2.767571 0.041155
v 0.068956 3.411864 0.049204
v 0.067901 3.411864 0.061258
v -0.004422 3.411864 0.054931
v 0.195545 2.767571 0.010905
v -0.003368 3.411864 0.042877
v 0.186470 2.767571 0.041155
v 0.068956 3.423964 0.049204
v -0.003368 3.423964 0.042877
v -0.004422 3.423964 0.054931
v 0.195545 2.809920 0.041155
v 0.067901 3.423964 0.061258
v 0.186470 2.809920 0.010905
v 0.068956 3.411864 0.049204
v 0.068956 3.423964 0.049204
v 0.067901 3.423964 0.061258
v 0.195545 2.809920 0.010905
v 0.067901 3.411864 0.061258
v 0.186470 2.809920 0.041155
v 0.067901 3.411864 0.061258
v 0.067901 3.423964 0.061258
v -0.004422 3.423964 0.054931
v 0.244550 2.776646 -0.010270
v -0.004422 3.411864 0.054931
v 0.259070 2.767571 0.010905
v -0.004422 3.411864 0.054931
v -0.004422 3.423964 0.054931
v -0.003368 3.423964 0.042877
v 0.259070 2.776646 0.010905
v -0.003368 3.411864 0.042877
v 0.244550 2.767571 -0.010270
v -0.003368 3.411864 0.042877
v -0.003368 3.423964 0.042877
v 0.068956 3.423964 0.049204
v 0.210065 2.776646 -0.010270
v 0.068956 3.411864 0.049204
v 0.244550 2.767571 -0.010270
v -0.009132 3.411864 -0.052935
v 0.005069 3.411864 -0.053555
v 0.000323 3.411864 0.000688
v -0.022688 3.411864 -0.048661
v 0.244550 2.776646 -0.010270
v 0.210065 2.767571 -0.010270
v -0.034677 3.411864 -0.041023
v 0.195545 2.776646 0.010905
v 0.210065 2.767571 -0.010270
v -0.044280 3.411864 -0.030543
v 0.210065 2.776646 -0.010270
v 0.195545 2.767571 0.010905
v -0.050843 3.411864 -0.017935
v 0.244550 2.776646 -0.010270
v 0.195545 2.776646 0.010905
v -0.053919 3.411864 -0.004058
v 0.210065 2.776646 -0.010270
v 0.259070 2.776646 0.010905
v -0.053300 3.411864 0.010143
v 0.195545 2.767571 0.010905
v 0.244550 2.767571 -0.010270
v -0.049025 3.411864 0.023700
v 0.210065 2.767571 -0.010270
v 0.259070 2.767571 0.010905
v -0.041388 3.411864 0.035688
v 0.209158 2.845248 0.010905
v 0.209158 2.784142 0.041155
v -0.030908 3.411864 0.045291
v 0.209158 2.845248 0.041155
v 0.209158 2.784142 0.010905
v -0.018300 3.411864 0.051854
v 0.209158 2.845248 0.041155
v 0.197058 2.784142 0.041155
v -0.004422 3.411864 0.054931
v 0.197058 2.845248 0.041155
v 0.209158 2.784142 0.041155
v -0.004422 3.423964 0.054931
v -0.004422 3.411864 0.054931
v 0.000323 3.411864 0.000688
v 0.197058 2.845248 0.041155
v 0.000323 3.423964 0.000688
v 0.197058 2.784142 0.010905
v -0.018300 3.423964 0.051854
v -0.018300 3.411864 0.051854
v -0.004422 3.411864 0.054931
v 0.197058 2.845248 0.010905
v -0.004422 3.423964 0.054931
v 0.197058 2.784142 0.041155
v -0.030908 3.423964 0.045291
v -0.030908 3.411864 0.045291
v -0.018300 3.411864 0.051854
v 0.197058 2.845248 0.010905
v -0.018300 3.423964 0.051854
v 0.209158 2.784142 0.010905
v -0.041388 3.423964 0.035688
v -0.041388 3.411864 0.035688
v -0.030908 3.411864 0.045291
v 0.209158 2.845248 0.010905
v -0.030908 3.423964 0.045291
v 0.197058 2.784142 0.010905
v -0.049025 3.423964 0.023700
v -0.049025 3.411864 0.023700
v -0.041388 3.411864 0.035688
v 0.209158 2.845248 0.041155
v -0.041388 3.423964 0.035688
v 0.197058 2.845248 0.010905
v -0.053300 3.423964 0.010143
v -0.053300 3.411864 0.010143
v -0.049025 3.411864 0.023700
v 0.209158 2.845248 0.010905
v -0.049025 3.423964 0.023700
v 0.197058 2.845248 0.041155
v -0.053919 3.423964 -0.004058
v -0.053919 3.411864 -0.004058
v -0.053300 3.411864 0.010143
v 0.257558 2.845248 0.010905
v -0.053300 3.423964 0.010143
v 0.257558 2.784142 0.041155
v -0.050843 3.423964 -0.017935
v -0.050843 3.411864 -0.017935
v -0.053919 3.411864 -0.004058
v 0.257558 2.845248 0.041155
v -0.053919 3.423964 -0.004058
v 0.257558 2.784142 0.010905
v -0.044280 3.423964 -0.030543
v -0.044280 3.411864 -0.030543
v -0.050843 3.411864 -0.017935
v 0.257558 2.845248 0.041155
v -0.050843 3.423964 -0.017935
v 0.245458 2.784142 0.041155
v -0.034677 3.423964 -0.041023
v -0.034677 3.411864 -0.041023
v -0.044280 3.411864 -0.030543
v 0.245458 2.845248 0.041155
v -0.044280 3.423964 -0.030543
v 0.257558 2.784142 0.041155
v -0.022688 3.423964 -0.048661
v -0.022688 3.411864 -0.048661
v -0.034677 3.411864 -0.041023
v 0.245458 2.845248 0.041155
v -0.034677 3.423964 -0.041023
v 0.245458 2.784142 0.010905
v -0.009132 3.423964 -0.052935
v -0.009132 3.411864 -0.052935
v -0.022688 3.411864 -0.048661
v 0.245458 2.845248 0.010905
v -0.022688 3.423964 -0.048661
v 0.245458 2.784142 0.041155
v 0.005069 3.423964 -0.053555
v 0.005069 3.411864 -0.053555
v -0.009132 3.411864 -0.052935
v 0.245458 2.845248 0.010905
v -0.009132 3.423964 -0.052935
v 0.257558 2.784142 0.010905
v 0.000323 3.423964 0.000688
v 0.000323 3.411864 0.000688
v 0.005069 3.411864 -0.053555
v 0.257558 2.845248 0.010905
v 0.005069 3.423964 -0.053555
v 0.245458 2.784142 0.010905
v -0.018300 3.423964 0.051854
v -0.004422 3.423964 0.054931
v 0.000323 3.423964 0.000688
v -0.030908 3.423964 0.045291
v 0.257558 2.845248 0.041155
v 0.245458 2.845248 0.010905
v -0.041388 3.423964 0.035688
v 0.257558 2.845248 0.010905
v 0.245458 2.845248 0.041155
v -0.049025 3.423964 0.023700
v 0.237895 3.349555 0.086256
v 0.237895 3.385855 0.068106
v -0.053300 3.423964 0.010143
v 0.237895 3.349555 0.068106
v 0.237895 3.385855 0.086256
v -0.053919 3.423964 -0.004058
v 0.216720 3.349555 0.086256
v 0.237895 3.385855 0.086256
v -0.050843 3.423964 -0.017935
v 0.237895 3.349555 0.086256
v 0.216720 3.385855 0.086256
v -0.044280 3.423964 -0.030543
v 0.216720 3.349555 0.068106
v 0.216720 3.385855 0.086256
v -0.034677 3.423964 -0.041023
v 0.216720 3.349555 0.086256
v 0.216720 3.385855 0.068106
v -0.022688 3.423964 -0.048661
v 0.237895 3.349555 0.068106
v 0.216720 3.385855 0.068106
v -0.009132 3.423964 -0.052935
v 0.216720 3.349555 0.068106
v 0.237895 3.385855 0.068106
v 0.005069 3.423964 -0.053555
v 0.237895 3.349555 0.086256
v 0.216720 3.349555 0.068106
v 0.164434 3.236502 0.094958
v 0.135939 3.219962 0.385553
v 0.157758 3.251980 0.094958
v 0.216720 3.349555 0.086256
v 0.140044 3.200984 0.385338
v 0.237895 3.349555 0.068106
v 0.216720 3.385855 0.068106
v 0.129314 3.218762 0.476303
v 0.237895 3.385855 0.086256
v 0.216720 3.385855 0.086256
v 0.136768 3.200921 0.476088
v 0.237895 3.385855 0.068106
v 0.231845 3.376535 0.081332
v 0.124608 3.222160 0.519071
v 0.231845 3.385610 -0.075969
v 0.231845 3.376535 -0.075968
v 0.135148 3.201051 0.488460
v 0.231845 3.385610 0.081332
v 0.135148 3.201051 0.488460
v 0.125187 3.222334 0.519071
v 0.124608 3.222160 0.519071
v 0.222770 3.376535 0.081332
v 0.135671 3.201354 0.488460
v 0.231845 3.385610 0.081332
v 0.135671 3.201354 0.488460
v 0.129894 3.218936 0.476303
v 0.125187 3.222334 0.519071
v 0.231845 3.376535 0.081332
v 0.137292 3.201223 0.476088
v 0.222770 3.385610 0.081332
v 0.137292 3.201223 0.476088
v 0.136518 3.220135 0.385553
v 0.129894 3.218936 0.476303
v 0.222770 3.376535 -0.075968
v 0.140568 3.201287 0.385338
v 0.222770 3.385610 0.081332
v 0.140568 3.201287 0.385338
v 0.158337 3.252153 0.094958
v 0.136518 3.220135 0.385553
v 0.222770 3.376535 0.081332
v 0.164958 3.236804 0.094958
v 0.222770 3.385610 -0.075968
v 0.164958 3.236804 0.094958
v 0.157758 3.251980 0.094958
v 0.158337 3.252153 0.094958
v 0.231845 3.376535 -0.075968
v 0.164434 3.236502 0.094958
v 0.222770 3.385610 -0.075968
v 0.222770 3.376535 -0.075968
v 0.132458 3.240154 0.385553
v 0.154831 3.268580 0.094958
v 0.231845 3.385610 -0.075969
v 0.231845 3.376535 0.081332
v 0.222770 3.376535 -0.075968
v 0.222770 3.376535 0.081332
v 0.125898 3.237837 0.476303
v 0.231845 3.376535 -0.075968
v 0.222770 3.385610 -0.075968
v 0.231845 3.385610 0.081332
v 0.222770 3.385610 0.081332
v 0.231845 3.385610 -0.075969
v 0.121207 3.240301 0.535186
v 0.000188 3.179632 0.086688
v 0.157372 3.197782 -0.004062
v 0.157372 3.179632 -0.004062
v 0.000188 3.197782 0.086688
v 0.124608 3.222160 0.519071
v 0.121810 3.240336 0.535186
v 0.121207 3.240301 0.535186
v 0.154347 3.179632 -0.009301
v 0.125187 3.222334 0.519071
v -0.002837 3.197782 0.081449
v 0.125187 3.222334 0.519071
v 0.126503 3.237872 0.476303
v 0.121810 3.240336 0.535186
v -0.002837 3.179632 0.081449
v 0.129894 3.218936 0.476303
v 0.154347 3.197782 -0.009301
v 0.129894 3.218936 0.476303
v 0.133062 3.240189 0.385553
v 0.126503 3.237872 0.476303
v 0.157372 3.179632 -0.004062
v 0.136518 3.220135 0.385553
v 0.154347 3.197782 -0.009301
v 0.136518 3.220135 0.385553
v 0.155434 3.268615 0.094958
v 0.133062 3.240189 0.385553
v 0.154347 3.179632 -0.009301
v 0.158337 3.252153 0.094958
v 0.157372 3.197782 -0.004062
v 0.158337 3.252153 0.094958
v 0.154831 3.268580 0.094958
v 0.155434 3.268615 0.094958
v 0.000188 3.179632 0.086688
v 0.157758 3.251980 0.094958
v 0.154347 3.179632 -0.009301
v -0.002837 3.179632 0.081449
v 0.133437 3.261268 0.385553
v 0.155811 3.285409 0.094958
v 0.157372 3.179632 -0.004062
v 0.154347 3.197782 -0.009301
v 0.000188 3.197782 0.086688
v -0.002837 3.197782 0.081449
v 0.127074 3.257065 0.476303
v 0.157372 3.197782 -0.004062
v 0.454427 3.179632 0.086688
v 0.297243 3.179632 -0.004062
v 0.297243 3.197783 -0.004062
v 0.454427 3.197783 0.086688
v 0.127217 3.259232 0.548335
v 0.300268 3.179632 -0.009301
v 0.457452 3.179632 0.081449
v 0.457452 3.197783 0.081449
v 0.300268 3.197783 -0.009301
v 0.121207 3.240301 0.535186
v 0.127813 3.259127 0.548335
v 0.127217 3.259232 0.548335
v 0.297243 3.179632 -0.004062
v 0.121810 3.240336 0.535186
v 0.300268 3.179632 -0.009301
v 0.121810 3.240336 0.535186
v 0.127670 3.256960 0.476303
v 0.127813 3.259127 0.548335
v 0.300268 3.197783 -0.009301
v 0.126503 3.237872 0.476303
v 0.297243 3.197783 -0.004062
v 0.126503 3.237872 0.476303
v 0.134033 3.261164 0.385553
v 0.127670 3.256960 0.476303
v 0.454427 3.179632 0.086688
v 0.133062 3.240189 0.385553
v 0.457452 3.179632 0.081449
v 0.133062 3.240189 0.385553
v 0.156407 3.285304 0.094958
v 0.134033 3.261164 0.385553
v 0.300268 3.179632 -0.009301
v 0.155434 3.268615 0.094958
v 0.297243 3.179632 -0.004062
v 0.155434 3.268615 0.094958
v 0.155811 3.285409 0.094958
v 0.156407 3.285304 0.094958
v 0.300268 3.197783 -0.009301
v 0.154831 3.268580 0.094958
v 0.457452 3.197783 0.081449
v 0.454427 3.197783 0.086688
v 0.139412 3.280908 0.385553
v 0.160645 3.301557 0.094958
v 0.297243 3.197783 -0.004062
v 0.000188 2.995108 0.086688
v 0.157372 3.013257 -0.004062
v 0.157372 2.995108 -0.004062
v 0.133788 3.277324 0.476303
v 0.000188 3.013257 0.086688
v 0.154347 2.995108 -0.009301
v -0.002837 3.013257 0.081449
v -0.002837 2.995108 0.081449
v 0.154347 3.013257 -0.009301
v 0.137012 3.276680 0.554953
v 0.157372 2.995108 -0.004062
v 0.154347 3.013257 -0.009301
v 0.154347 2.995108 -0.009301
v 0.157372 3.013257 -0.004062
v 0.127217 3.259232 0.548335
v 0.137567 3.276440 0.554953
v 0.137012 3.276680 0.554953
v 0.000188 2.995108 0.086688
v 0.127813 3.259127 0.548335
v 0.154347 2.995108 -0.009301
v 0.127813 3.259127 0.548335
v 0.134343 3.277084 0.476303
v 0.137567 3.276440 0.554953
v -0.002837 2.995108 0.081449
v 0.127670 3.256960 0.476303
v 0.157372 2.995108 -0.004062
v 0.127670 3.256960 0.476303
v 0.139967 3.280669 0.385553
v 0.134343 3.277084 0.476303
v 0.154347 3.013257 -0.009301
v 0.134033 3.261164 0.385553
v 0.000188 3.013257 0.086688
v 0.134033 3.261164 0.385553
v 0.161201 3.301318 0.094958
v 0.139967 3.280669 0.385553
v -0.002837 3.013257 0.081449
v 0.156407 3.285304 0.094958
v 0.157372 3.013257 -0.004062
v 0.156407 3.285304 0.094958
v 0.160645 3.301557 0.094958
v 0.161201 3.301318 0.094958
v 0.454427 2.995108 0.086688
v 0.155811 3.285409 0.094958
v 0.297243 2.995108 -0.004062
v 0.297243 3.013258 -0.004062
v 0.149505 3.298534 0.385553
v 0.169074 3.316156 0.094958
v 0.454427 3.013258 0.086688
v 0.300268 2.995108 -0.009301
v 0.457452 2.995108 0.081449
v 0.457452 3.013258 0.081449
v 0.145849 3.294914 0.476303
v 0.300268 3.013258 -0.009301
v 0.297243 2.995108 -0.004062
v 0.300268 2.995108 -0.009301
v 0.300268 3.013258 -0.009301
v 0.297243 3.013258 -0.004062
v 0.150372 3.293139 0.554953
v 0.454427 2.995108 0.086688
v 0.457452 2.995108 0.081449
v 0.300268 2.995108 -0.009301
v 0.297243 2.995108 -0.004062
v 0.137012 3.276680 0.554953
v 0.150858 3.292777 0.554953
v 0.150372 3.293139 0.554953
v 0.300268 3.013258 -0.009301
v 0.137567 3.276440 0.554953
v 0.457452 3.013258 0.081449
v 0.137567 3.276440 0.554953
v 0.146334 3.294552 0.476303
v 0.150858 3.292777 0.554953
v 0.454427 3.013258 0.086688
v 0.134343 3.277084 0.476303
v 0.297243 3.013258 -0.004062
v 0.134343 3.277084 0.476303
v 0.149990 3.298173 0.385553
v 0.146334 3.294552 0.476303
v 0.203405 3.276984 -0.025741
v 0.139967 3.280669 0.385553
v 0.205746 3.284186 -0.025741
v 0.139967 3.280669 0.385553
v 0.169559 3.315794 0.094958
v 0.149990 3.298173 0.385553
v 0.210196 3.290311 -0.025741
v 0.161201 3.301318 0.094958
v 0.216321 3.294762 -0.025741
v 0.161201 3.301318 0.094958
v 0.169074 3.316156 0.094958
v 0.169559 3.315794 0.094958
v 0.223522 3.297101 -0.025741
v 0.160645 3.301557 0.094958
v 0.231093 3.297101 -0.025741
v 0.238295 3.294762 -0.025741
v 0.164811 3.313578 0.385553
v 0.180641 3.328417 0.094958
v 0.244420 3.290311 -0.025741
v 0.248870 3.284186 -0.025741
v 0.251210 3.276985 -0.025741
v 0.251210 2.899966 -0.025439
v 0.162170 3.311507 0.476303
v 0.248870 2.892765 -0.025439
v 0.244420 2.886640 -0.025439
v 0.238295 2.882190 -0.025439
v 0.231093 2.879850 -0.025439
v 0.223522 2.879850 -0.025439
v 0.166929 3.306456 0.554953
v 0.216321 2.882190 -0.025439
v 0.210196 2.886640 -0.025439
v 0.203405 2.899966 -0.025439
v 0.205746 2.892765 -0.025439
v 0.150372 3.293139 0.554953
v 0.167318 3.305992 0.554953
v 0.166929 3.306456 0.554953
v 0.227308 2.903752 -0.025439
v 0.150858 3.292777 0.554953
v 0.149625 3.285520 -0.010616
v 0.150858 3.292777 0.554953
v 0.162559 3.311044 0.476303
v 0.167318 3.305992 0.554953
v 0.203405 3.276984 -0.025741
v 0.146334 3.294552 0.476303
v 0.157239 3.308919 -0.010616
v 0.146334 3.294552 0.476303
v 0.165200 3.313115 0.385553
v 0.162559 3.311044 0.476303
v 0.205746 3.284186 -0.025741
v 0.149990 3.298173 0.385553
v 0.171674 3.328803 -0.010616
v 0.149990 3.298173 0.385553
v 0.181030 3.327953 0.094958
v 0.165200 3.313115 0.385553
v 0.210196 3.290311 -0.025741
v 0.169559 3.315794 0.094958
v 0.191613 3.343294 -0.010616
v 0.169559 3.315794 0.094958
v 0.180641 3.328417 0.094958
v 0.181030 3.327953 0.094958
v 0.216321 3.294762 -0.025741
v 0.169074 3.316156 0.094958
v 0.215018 3.350877 -0.010616
v 0.223522 3.297101 -0.025741
v 0.184096 3.325089 0.385553
v 0.194725 3.337680 0.094958
v 0.239610 3.350877 -0.010616
v 0.231093 3.297101 -0.025741
v 0.263066 3.343254 -0.010616
v 0.238295 3.294762 -0.025741
v 0.182636 3.321739 0.476303
v 0.282888 3.328870 -0.010616
v 0.244420 3.290311 -0.025741
v 0.297376 3.308906 -0.010616
v 0.248870 3.284186 -0.025741
v 0.304999 3.285529 -0.010616
v 0.185572 3.317028 0.554953
v 0.251210 3.276985 -0.025741
v 0.304989 2.891437 -0.010314
v 0.251210 2.899966 -0.025439
v 0.297372 2.868004 -0.010314
v 0.166929 3.306456 0.554953
v 0.185844 3.316487 0.554953
v 0.185572 3.317028 0.554953
v 0.248870 2.892765 -0.025439
v 0.167318 3.305992 0.554953
v 0.282932 2.848137 -0.010314
v 0.167318 3.305992 0.554953
v 0.182908 3.321198 0.476303
v 0.185844 3.316487 0.554953
v 0.244420 2.886640 -0.025439
v 0.162559 3.311044 0.476303
v 0.263023 2.833682 -0.010314
v 0.162559 3.311044 0.476303
v 0.184367 3.324548 0.385553
v 0.182908 3.321198 0.476303
v 0.238295 2.882190 -0.025439
v 0.165200 3.313115 0.385553
v 0.239572 2.826068 -0.010314
v 0.165200 3.313115 0.385553
v 0.194997 3.337139 0.094958
v 0.184367 3.324548 0.385553
v 0.231093 2.879850 -0.025439
v 0.181030 3.327953 0.094958
v 0.215005 2.826056 -0.010314
v 0.181030 3.327953 0.094958
v 0.194725 3.337680 0.094958
v 0.194997 3.337139 0.094958
v 0.223522 2.879850 -0.025439
v 0.180641 3.328417 0.094958
v 0.191577 2.833668 -0.010314
v 0.216321 2.882190 -0.025439
v 0.204743 3.332026 0.385553
v 0.210565 3.343445 0.094958
v 0.171684 2.848128 -0.010314
v 0.210196 2.886640 -0.025439
v 0.157231 2.868053 -0.010314
v 0.205746 2.892765 -0.025439
v 0.203977 3.328373 0.476303
v 0.203405 2.899966 -0.025439
v 0.149643 2.891427 -0.010314
v 0.149625 3.285520 -0.010616
v 0.157239 3.308919 -0.010616
v 0.171674 3.328803 -0.010616
v 0.206299 3.324400 0.554953
v 0.191613 3.343294 -0.010616
v 0.215018 3.350877 -0.010616
v 0.239610 3.350877 -0.010616
v 0.263066 3.343254 -0.010616
v 0.185572 3.317028 0.554953
v 0.206438 3.323812 0.554953
v 0.206299 3.324400 0.554953
v 0.282888 3.328870 -0.010616
v 0.185844 3.316487 0.554953
v 0.297376 3.308906 -0.010616
v 0.185844 3.316487 0.554953
v 0.204116 3.327785 0.476303
v 0.206438 3.323812 0.554953
v 0.304999 3.285529 -0.010616
v 0.182908 3.321198 0.476303
v 0.304989 2.891437 -0.010314
v 0.182908 3.321198 0.476303
v 0.204882 3.331437 0.385553
v 0.204116 3.327785 0.476303
v 0.297372 2.868004 -0.010314
v 0.184367 3.324548 0.385553
v 0.282932 2.848137 -0.010314
v 0.184367 3.324548 0.385553
v 0.210705 3.342856 0.094958
v 0.204882 3.331437 0.385553
v 0.263023 2.833682 -0.010314
v 0.194997 3.337139 0.094958
v 0.239572 2.826068 -0.010314
v 0.194997 3.337139 0.094958
v 0.210565 3.343445 0.094958
v 0.210705 3.342856 0.094958
v 0.215005 2.826056 -0.010314
v 0.194725 3.337680 0.094958
v 0.191577 2.833668 -0.010314
v 0.171684 2.848128 -0.010314
v 0.227325 3.334338 0.385553
v 0.227308 3.345402 0.094958
v 0.157231 2.868053 -0.010314
v 0.149643 2.891427 -0.010314
v 0.227308 2.903752 -0.010314
v 0.149626 3.285649 -0.011221
v 0.227314 3.330536 0.476303
v 0.157230 3.309052 -0.011221
v 0.171694 3.328959 -0.011221
v 0.191601 3.343423 -0.011221
v 0.215004 3.351027 -0.011221
v 0.239611 3.351027 -0.011221
v 0.227308 3.327240 0.554953
v 0.263014 3.343423 -0.011221
v 0.282922 3.328959 -0.011221
v 0.297386 3.309052 -0.011221
v 0.304990 3.285649 -0.011221
v 0.206299 3.324400 0.554953
v 0.227308 3.326636 0.554953
v 0.227308 3.327240 0.554953
v 0.304990 2.891448 -0.010919
v 0.206438 3.323812 0.554953
v 0.297386 2.868046 -0.010919
v 0.206438 3.323812 0.554953
v 0.227314 3.329931 0.476303
v 0.227308 3.326636 0.554953
v 0.282922 2.848138 -0.010919
v 0.204116 3.327785 0.476303
v 0.263014 2.833674 -0.010919
v 0.204116 3.327785 0.476303
v 0.227325 3.333733 0.385553
v 0.227314 3.329931 0.476303
v 0.239611 2.826071 -0.010919
v 0.204882 3.331437 0.385553
v 0.215004 2.826071 -0.010919
v 0.204882 3.331437 0.385553
v 0.227308 3.344797 0.094958
v 0.227325 3.333733 0.385553
v 0.191601 2.833674 -0.010919
v 0.210705 3.342856 0.094958
v 0.171694 2.848138 -0.010919
v 0.210705 3.342856 0.094958
v 0.227308 3.345402 0.094958
v 0.227308 3.344797 0.094958
v 0.149626 2.891448 -0.010919
v 0.210565 3.343445 0.094958
v 0.157230 2.868046 -0.010919
v 0.227308 3.344797 0.094958
v 0.244051 3.343445 0.094958
v 0.243911 3.342856 0.094958
v 0.227308 2.903752 -0.010919
v 0.227308 3.345402 0.094958
v 0.149626 3.285649 0.094654
v 0.137030 3.201072 0.462040
v 0.140044 3.200984 0.385338
v 0.164434 3.236502 0.094958
v 0.149626 3.285649 -0.011221
v 0.136768 3.200921 0.476088
v 0.140044 3.200984 0.385338
v 0.157230 3.309052 0.094654
v 0.135148 3.201051 0.488460
v 0.136768 3.200921 0.476088
v 0.157230 3.309052 -0.011221
v 0.135671 3.201354 0.488460
v 0.135148 3.201051 0.488460
v 0.171694 3.328959 0.094654
v 0.137292 3.201223 0.476088
v 0.135671 3.201354 0.488460
v 0.171694 3.328959 -0.011221
v 0.140568 3.201287 0.385338
v 0.137292 3.201223 0.476088
v 0.191601 3.343423 0.094654
v 0.164958 3.236804 0.094958
v 0.140568 3.201287 0.385338
v 0.191601 3.343423 -0.011221
v 0.164434 3.236502 0.094958
v 0.164958 3.236804 0.094958
v 0.290181 3.236502 0.094958
v 0.296858 3.251980 0.094958
v 0.318677 3.219962 0.385553
v 0.215004 3.351027 0.094654
v 0.215004 3.351027 -0.011221
v 0.314572 3.200984 0.385338
v 0.239611 3.351027 0.094654
v 0.239611 3.351027 -0.011221
v 0.325301 3.218762 0.476303
v 0.263014 3.343423 0.094654
v 0.263014 3.343423 -0.011221
v 0.317848 3.200921 0.476088
v 0.282922 3.328959 0.094654
v 0.282922 3.328959 -0.011221
v 0.330008 3.222160 0.519071
v 0.297386 3.309052 0.094654
v 0.297386 3.309052 -0.011221
v 0.319468 3.201051 0.488460
v 0.319468 3.201051 0.488460
v 0.330008 3.222160 0.519071
v 0.329428 3.222334 0.519071
v 0.304990 3.285649 0.094654
v 0.304990 3.285649 -0.011221
v 0.318944 3.201354 0.488460
v 0.318944 3.201354 0.488460
v 0.329428 3.222334 0.519071
v 0.324722 3.218936 0.476303
v 0.304990 2.891448 0.094956
v 0.304990 2.891448 -0.010919
v 0.317324 3.201223 0.476088
v 0.317324 3.201223 0.476088
v 0.324722 3.218936 0.476303
v 0.318097 3.220135 0.385553
v 0.297386 2.868046 0.094956
v 0.297386 2.868046 -0.010919
v 0.314048 3.201287 0.385338
v 0.314048 3.201287 0.385338
v 0.318097 3.220135 0.385553
v 0.296278 3.252153 0.094958
v 0.282922 2.848138 0.094956
v 0.282922 2.848138 -0.010919
v 0.289657 3.236804 0.094958
v 0.289657 3.236804 0.094958
v 0.296278 3.252153 0.094958
v 0.296858 3.251980 0.094958
v 0.263014 2.833674 0.094956
v 0.263014 2.833674 -0.010919
v 0.290181 3.236502 0.094958
v 0.239611 2.826071 0.094956
v 0.299785 3.268580 0.094958
v 0.322158 3.240154 0.385553
v 0.239611 2.826071 -0.010919
v 0.215004 2.826071 0.094956
v 0.215004 2.826071 -0.010919
v 0.191601 2.833674 0.094956
v 0.191601 2.833674 -0.010919
v 0.328717 3.237837 0.476303
v 0.171694 2.848138 0.094956
v 0.171694 2.848138 -0.010919
v 0.157230 2.868046 0.094956
v 0.157230 2.868046 -0.010919
v 0.149626 2.891448 -0.010919
v 0.333409 3.240301 0.535186
v 0.149626 2.891448 0.094956
v -0.031417 2.876559 0.094956
v -0.031417 2.876559 0.085881
v 0.330008 3.222160 0.519071
v 0.333409 3.240301 0.535186
v 0.332805 3.240336 0.535186
v -0.031417 3.299650 0.086047
v -0.031417 3.299650 0.095122
v 0.329428 3.222334 0.519071
v 0.329428 3.222334 0.519071
v 0.332805 3.240336 0.535186
v 0.328113 3.237872 0.476303
v -0.031417 3.299650 0.095122
v -0.031417 3.299650 0.086047
v 0.324722 3.218936 0.476303
v 0.324722 3.218936 0.476303
v 0.328113 3.237872 0.476303
v 0.321554 3.240189 0.385553
v -0.020110 3.352848 0.086047
v -0.020110 3.352848 0.095122
v 0.318097 3.220135 0.385553
v 0.318097 3.220135 0.385553
v 0.321554 3.240189 0.385553
v 0.299181 3.268615 0.094958
v -0.020110 3.352848 0.095122
v -0.020110 3.352848 0.086047
v 0.296278 3.252153 0.094958
v 0.296278 3.252153 0.094958
v 0.299181 3.268615 0.094958
v 0.299785 3.268580 0.094958
v 0.002011 3.402532 0.086047
v 0.002011 3.402532 0.095122
v 0.296858 3.251980 0.094958
v 0.002011 3.402532 0.095122
v 0.298805 3.285409 0.094958
v 0.321178 3.261268 0.385553
v 0.002011 3.402532 0.086047
v 0.033978 3.446531 0.086047
v 0.033978 3.446531 0.095122
v 0.033978 3.446531 0.095122
v 0.033978 3.446531 0.086047
v 0.327541 3.257065 0.476303
v 0.074395 3.482923 0.086047
v 0.074395 3.482923 0.095122
v 0.074395 3.482923 0.095122
v 0.074395 3.482923 0.086047
v 0.121495 3.510116 0.086047
v 0.327398 3.259232 0.548335
v 0.121495 3.510116 0.095122
v 0.121495 3.510116 0.095122
v 0.121495 3.510116 0.086047
v 0.333409 3.240301 0.535186
v 0.327398 3.259232 0.548335
v 0.326802 3.259127 0.548335
v 0.173220 3.526922 0.086047
v 0.173220 3.526922 0.095122
v 0.332805 3.240336 0.535186
v 0.332805 3.240336 0.535186
v 0.326802 3.259127 0.548335
v 0.326945 3.256960 0.476303
v 0.173220 3.526922 0.095122
v 0.173220 3.526922 0.086047
v 0.328113 3.237872 0.476303
v 0.328113 3.237872 0.476303
v 0.326945 3.256960 0.476303
v 0.320583 3.261164 0.385553
v 0.227308 3.532607 0.086047
v 0.227308 3.532607 0.095122
v 0.321554 3.240189 0.385553
v 0.321554 3.240189 0.385553
v 0.320583 3.261164 0.385553
v 0.298209 3.285304 0.094958
v 0.227308 3.532607 0.095122
v 0.227308 3.532607 0.086047
v 0.299181 3.268615 0.094958
v 0.299181 3.268615 0.094958
v 0.298209 3.285304 0.094958
v 0.298805 3.285409 0.094958
v 0.281396 3.526922 0.086047
v 0.281396 3.526922 0.095122
v 0.299785 3.268580 0.094958
v 0.281396 3.526922 0.095122
v 0.293970 3.301557 0.094958
v 0.315204 3.280908 0.385553
v 0.281396 3.526922 0.086047
v 0.333120 3.510116 0.086047
v 0.333120 3.510116 0.095122
v 0.333120 3.510116 0.095122
v 0.333120 3.510116 0.086047
v 0.320828 3.277324 0.476303
v 0.380220 3.482923 0.086047
v 0.380220 3.482923 0.095122
v 0.380220 3.482923 0.095122
v 0.380220 3.482923 0.086047
v 0.420637 3.446531 0.086047
v 0.317604 3.276680 0.554953
v 0.420637 3.446531 0.095122
v 0.420637 3.446531 0.095122
v 0.420637 3.446531 0.086047
v 0.327398 3.259232 0.548335
v 0.317604 3.276680 0.554953
v 0.317049 3.276440 0.554953
v 0.452604 3.402532 0.086047
v 0.452604 3.402532 0.095122
v 0.326802 3.259127 0.548335
v 0.326802 3.259127 0.548335
v 0.317049 3.276440 0.554953
v 0.320273 3.277084 0.476303
v 0.452604 3.402532 0.095122
v 0.452604 3.402532 0.086047
v 0.326945 3.256960 0.476303
v 0.326945 3.256960 0.476303
v 0.320273 3.277084 0.476303
v 0.314649 3.280669 0.385553
v 0.474726 3.352848 0.086047
v 0.474726 3.352848 0.095122
v 0.320583 3.261164 0.385553
v 0.320583 3.261164 0.385553
v 0.314649 3.280669 0.385553
v 0.293415 3.301318 0.094958
v 0.474726 3.352848 0.095122
v 0.474726 3.352848 0.086047
v 0.298209 3.285304 0.094958
v 0.298209 3.285304 0.094958
v 0.293415 3.301318 0.094958
v 0.293970 3.301557 0.094958
v 0.486033 3.299650 0.086047
v 0.486033 3.299650 0.095122
v 0.298805 3.285409 0.094958
v 0.486033 3.299650 0.095122
v 0.285542 3.316156 0.094958
v 0.305111 3.298534 0.385553
v 0.486033 3.299650 0.086047
v 0.486033 2.876559 0.085881
v 0.486033 2.876559 0.094956
v 0.486033 2.876559 0.094956
v 0.486033 2.876559 0.085881
v 0.308767 3.294914 0.476303
v 0.474726 2.823361 0.085881
v 0.474726 2.823361 0.094956
v 0.474726 2.823361 0.094956
v 0.474726 2.823361 0.085881
v 0.452604 2.773677 0.085881
v 0.304243 3.293139 0.554953
v 0.452604 2.773677 0.094956
v 0.452604 2.773677 0.094956
v 0.452604 2.773677 0.085881
v 0.317604 3.276680 0.554953
v 0.304243 3.293139 0.554953
v 0.303758 3.292777 0.554953
v 0.420637 2.729678 0.085881
v 0.420637 2.729678 0.094956
v 0.317049 3.276440 0.554953
v 0.317049 3.276440 0.554953
v 0.303758 3.292777 0.554953
v 0.308282 3.294552 0.476303
v 0.420637 2.729678 0.094956
v 0.420637 2.729678 0.085881
v 0.320273 3.277084 0.476303
v 0.320273 3.277084 0.476303
v 0.308282 3.294552 0.476303
v 0.304626 3.298173 0.385553
v 0.380220 2.693286 0.085881
v 0.380220 2.693286 0.094956
v 0.314649 3.280669 0.385553
v 0.314649 3.280669 0.385553
v 0.304626 3.298173 0.385553
v 0.285057 3.315794 0.094958
v 0.380220 2.693286 0.094956
v 0.380220 2.693286 0.085881
v 0.293415 3.301318 0.094958
v 0.293415 3.301318 0.094958
v 0.285057 3.315794 0.094958
v 0.285542 3.316156 0.094958
v 0.333120 2.666093 0.085881
v 0.333120 2.666093 0.094956
v 0.293970 3.301557 0.094958
v 0.333120 2.666093 0.094956
v 0.273974 3.328417 0.094958
v 0.289805 3.313578 0.385553
v 0.333120 2.666093 0.085881
v 0.281396 2.649287 0.085881
v 0.281396 2.649287 0.094956
v 0.281396 2.649287 0.094956
v 0.281396 2.649287 0.085881
v 0.292445 3.311507 0.476303
v 0.227308 2.643602 0.085881
v 0.227308 2.643602 0.094956
v 0.227308 2.643602 0.094956
v 0.227308 2.643602 0.085881
v 0.173220 2.649287 0.085881
v 0.287686 3.306456 0.554953
v 0.173220 2.649287 0.094956
v 0.173220 2.649287 0.094956
v 0.173220 2.649287 0.085881
v 0.304243 3.293139 0.554953
v 0.287686 3.306456 0.554953
v 0.287298 3.305992 0.554953
v 0.121495 2.666093 0.085881
v 0.121495 2.666093 0.094956
v 0.303758 3.292777 0.554953
v 0.303758 3.292777 0.554953
v 0.287298 3.305992 0.554953
v 0.292056 3.311044 0.476303
v 0.121495 2.666093 0.094956
v 0.121495 2.666093 0.085881
v 0.308282 3.294552 0.476303
v 0.308282 3.294552 0.476303
v 0.292056 3.311044 0.476303
v 0.289416 3.313115 0.385553
v 0.074395 2.693286 0.085881
v 0.074395 2.693286 0.094956
v 0.304626 3.298173 0.385553
v 0.304626 3.298173 0.385553
v 0.289416 3.313115 0.385553
v 0.273585 3.327953 0.094958
v 0.074395 2.693286 0.094956
v 0.074395 2.693286 0.085881
v 0.285057 3.315794 0.094958
v 0.285057 3.315794 0.094958
v 0.273585 3.327953 0.094958
v 0.273974 3.328417 0.094958
v 0.033978 2.729678 0.085881
v 0.033978 2.729678 0.094956
v 0.285542 3.316156 0.094958
v 0.033978 2.729678 0.094956
v 0.259891 3.337680 0.094958
v 0.270520 3.325089 0.385553
v 0.033978 2.729678 0.085881
v 0.002011 2.773677 0.085881
v 0.002011 2.773677 0.094956
v 0.002011 2.773677 0.094956
v 0.002011 2.773677 0.085881
v 0.271979 3.321739 0.476303
v -0.020110 2.823361 0.085881
v -0.020110 2.823361 0.094956
v -0.020110 2.823361 0.094956
v -0.020110 2.823361 0.085881
v -0.031417 2.876559 0.085881
v 0.269043 3.317028 0.554953
v -0.031417 2.876559 0.094956
v -0.031417 3.299650 0.095122
v -0.020110 3.352848 0.095122
v 0.287686 3.306456 0.554953
v 0.269043 3.317028 0.554953
v 0.268771 3.316487 0.554953
v 0.002011 3.402532 0.095122
v 0.033978 3.446531 0.095122
v 0.287298 3.305992 0.554953
v 0.287298 3.305992 0.554953
v 0.268771 3.316487 0.554953
v 0.271708 3.321198 0.476303
v 0.074395 3.482923 0.095122
v 0.121495 3.510116 0.095122
v 0.292056 3.311044 0.476303
v 0.292056 3.311044 0.476303
v 0.271708 3.321198 0.476303
v 0.270248 3.324548 0.385553
v 0.173220 3.526922 0.095122
v 0.227308 3.532607 0.095122
v 0.289416 3.313115 0.385553
v 0.289416 3.313115 0.385553
v 0.270248 3.324548 0.385553
v 0.259619 3.337139 0.094958
v 0.281396 3.526922 0.095122
v 0.333120 3.510116 0.095122
v 0.273585 3.327953 0.094958
v 0.273585 3.327953 0.094958
v 0.259619 3.337139 0.094958
v 0.259891 3.337680 0.094958
v 0.380220 3.482923 0.095122
v 0.420637 3.446531 0.095122
v 0.273974 3.328417 0.094958
v 0.452604 3.402532 0.095122
v 0.244051 3.343445 0.094958
v 0.249873 3.332026 0.385553
v 0.474726 3.352848 0.095122
v 0.486033 3.299650 0.095122
v 0.486033 2.876559 0.094956
v 0.474726 2.823361 0.094956
v 0.452604 2.773677 0.094956
v 0.250638 3.328373 0.476303
v 0.420637 2.729678 0.094956
v 0.380220 2.693286 0.094956
v 0.333120 2.666093 0.094956
v 0.281396 2.649287 0.094956
v 0.227308 2.643602 0.094956
v 0.248316 3.324400 0.554953
v 0.173220 2.649287 0.094956
v 0.121495 2.666093 0.094956
v 0.074395 2.693286 0.094956
v 0.269043 3.317028 0.554953
v 0.248316 3.324400 0.554953
v 0.248177 3.323812 0.554953
v 0.033978 2.729678 0.094956
v 0.002011 2.773677 0.094956
v 0.268771 3.316487 0.554953
v 0.268771 3.316487 0.554953
v 0.248177 3.323812 0.554953
v 0.250499 3.327785 0.476303
v -0.020110 2.823361 0.094956
v -0.031417 2.876559 0.094956
v 0.271708 3.321198 0.476303
v 0.271708 3.321198 0.476303
v 0.250499 3.327785 0.476303
v 0.249733 3.331437 0.385553
v 0.227308 3.088082 0.094819
v -0.031417 3.299845 0.085881
v 0.270248 3.324548 0.385553
v 0.270248 3.324548 0.385553
v 0.249733 3.331437 0.385553
v 0.243911 3.342856 0.094958
v -0.020110 3.353043 0.085881
v 0.002011 3.402727 0.085881
v 0.259619 3.337139 0.094958
v 0.259619 3.337139 0.094958
v 0.243911 3.342856 0.094958
v 0.244051 3.343445 0.094958
v 0.033978 3.446727 0.085881
v 0.074395 3.483118 0.085881
v 0.259891 3.337680 0.094958
v 0.121495 3.510311 0.085881
v 0.227308 3.345402 0.094958
v 0.227291 3.334338 0.385553
v 0.173220 3.527117 0.085881
v 0.227308 3.532803 0.085881
v 0.281396 3.527117 0.085881
v 0.333120 3.510311 0.085881
v 0.380220 3.483118 0.085881
v 0.227302 3.330536 0.476303
v 0.420637 3.446727 0.085881
v 0.452604 3.402728 0.085881
v 0.474726 3.353043 0.085881
v 0.486033 3.299845 0.085881
v 0.486033 2.876559 0.085881
v 0.227308 3.327240 0.554953
v 0.474726 2.823361 0.085881
v 0.452604 2.773677 0.085881
v 0.420637 2.729678 0.085881
v 0.248316 3.324400 0.554953
v 0.227308 3.327240 0.554953
v 0.227308 3.326636 0.554953
v 0.380220 2.693286 0.085881
v 0.333120 2.666093 0.085881
v 0.248177 3.323812 0.554953
v 0.248177 3.323812 0.554953
v 0.227308 3.326636 0.554953
v 0.227302 3.329931 0.476303
v 0.281396 2.649287 0.085881
v 0.227308 2.643602 0.085881
v 0.250499 3.327785 0.476303
v 0.250499 3.327785 0.476303
v 0.227302 3.329931 0.476303
v 0.227291 3.333733 0.385553
v 0.173220 2.649287 0.085881
v 0.121495 2.666093 0.085881
v 0.249733 3.331437 0.385553
v 0.249733 3.331437 0.385553
v 0.227291 3.333733 0.385553
v 0.227308 3.344797 0.094958
v 0.074395 2.693286 0.085881
v 0.033978 2.729678 0.085881
v 0.243911 3.342856 0.094958
v 0.243911 3.342856 0.094958
v 0.227308 3.344797 0.094958
v 0.227308 3.345402 0.094958
v 0.002011 2.773677 0.085881
v -0.031417 2.876559 0.085881
v 0.244051 3.343445 0.094958
v 0.227308 3.344797 0.094958
v 0.210705 3.342856 0.094958
v 0.210565 3.343445 0.094958
v -0.020110 2.823361 0.085881
v 0.227308 2.903752 0.085881
v 0.227308 3.345402 0.094958
v 0.317586 3.201072 0.462040
v 0.290181 3.236502 0.094958
v 0.314572 3.200984 0.385338
v 0.440818 3.003883 0.080836
v 0.314572 3.200984 0.385338
v 0.317848 3.200921 0.476088
v 0.320038 2.939405 0.384656
v 0.317848 3.200921 0.476088
v 0.319468 3.201051 0.488460
v 0.320944 2.921833 0.380203
v 0.319468 3.201051 0.488460
v 0.318944 3.201354 0.488460
v 0.439912 3.021454 0.085289
v 0.318944 3.201354 0.488460
v 0.317324 3.201223 0.476088
v 0.326580 2.921570 0.382388
v 0.317324 3.201223 0.476088
v 0.314048 3.201287 0.385338
v 0.445548 3.021191 0.087474
v 0.314048 3.201287 0.385338
v 0.289657 3.236804 0.094958
v 0.446454 3.003619 0.083021
v 0.289657 3.236804 0.094958
v 0.290181 3.236502 0.094958
v 0.227308 3.272802 0.101008
v 0.155918 3.272802 0.101008
v 0.157478 3.257959 0.101008
v 0.325674 2.939142 0.386841
v 0.320944 2.921833 0.380203
v 0.162090 3.243765 0.101008
v 0.325674 2.939142 0.386841
v 0.326580 2.921570 0.382388
v 0.169552 3.230840 0.101008
v 0.320038 2.939405 0.384656
v 0.440818 3.003883 0.080836
v 0.179539 3.219748 0.101008
v 0.326580 2.921570 0.382388
v 0.446454 3.003619 0.083021
v 0.191613 3.210976 0.101008
v 0.320944 2.921833 0.380203
v 0.325674 2.939142 0.386841
v 0.205247 3.204906 0.101008
v 0.439912 3.021454 0.085289
v 0.445548 3.021191 0.087474
v 0.219846 3.201803 0.101008
v 0.320038 2.939405 0.384656
v 0.010065 3.003883 0.082283
v 0.234770 3.201803 0.101008
v 0.125613 2.939405 0.388131
v 0.123280 2.921833 0.384231
v 0.249369 3.204906 0.101008
v 0.012397 3.021454 0.086184
v 0.128917 2.921570 0.382046
v 0.263003 3.210976 0.101008
v 0.018033 3.021191 0.083999
v 0.015701 3.003619 0.080098
v 0.275077 3.219748 0.101008
v 0.131248 2.939142 0.385947
v 0.123280 2.921833 0.384231
v 0.285064 3.230840 0.101008
v 0.131248 2.939142 0.385947
v 0.128917 2.921570 0.382046
v 0.292526 3.243765 0.101008
v 0.125613 2.939405 0.388131
v 0.010065 3.003883 0.082283
v 0.297138 3.257959 0.101008
v 0.128917 2.921570 0.382046
v 0.015701 3.003619 0.080098
v 0.298698 3.272802 0.101008
v 0.123280 2.921833 0.384231
v 0.131248 2.939142 0.385947
v 0.297138 3.287645 0.101008
v 0.012397 3.021454 0.086184
v 0.018033 3.021191 0.083999
v 0.292526 3.301839 0.101008
v 0.125613 2.939405 0.388131
v 0.157478 2.918595 0.094958
v 0.285064 3.314764 0.101008
v 0.162090 2.932789 0.094958
v 0.169552 2.945714 0.094958
v 0.275077 3.325855 0.101008
v 0.179539 2.956805 0.094958
v 0.191613 2.965578 0.094958
v 0.263003 3.334628 0.101008
v 0.205247 2.971648 0.094958
v 0.219846 2.974751 0.094958
v 0.249369 3.340698 0.101008
v 0.234770 2.974751 0.094958
v 0.249369 2.971648 0.094958
v 0.234770 3.343801 0.101008
v 0.263003 2.965578 0.094958
v 0.275077 2.956805 0.094958
v 0.219846 3.343801 0.101008
v 0.285064 2.945714 0.094958
v 0.292526 2.932789 0.094958
v 0.205247 3.340698 0.101008
v 0.297138 2.918595 0.094958
v 0.298698 2.903752 0.094958
v 0.191613 3.334628 0.101008
v 0.297138 2.888909 0.094958
v 0.292526 2.874715 0.094958
v 0.179539 3.325855 0.101008
v 0.285064 2.861790 0.094958
v 0.275077 2.850699 0.094958
v 0.169552 3.314764 0.101008
v 0.263003 2.841927 0.094958
v 0.249369 2.835856 0.094958
v 0.162090 3.301839 0.101008
v 0.234770 2.832754 0.094958
v 0.219846 2.832754 0.094958
v 0.157478 3.287645 0.101008
v 0.205247 2.835856 0.094958
v 0.191613 2.841927 0.094958
v 0.179539 2.850699 0.094958
v 0.155918 3.272802 0.101008
v 0.155918 3.272802 0.094958
v 0.157478 3.257959 0.094958
v 0.169552 2.861790 0.094958
v 0.162090 2.874715 0.094958
v 0.157478 3.257959 0.101008
v 0.155918 2.903752 0.094958
v 0.157478 2.888909 0.094958
v 0.162090 3.243765 0.094958
v 0.227308 2.903752 0.094958
v 0.157478 2.918595 0.101008
v 0.162090 3.243765 0.101008
v 0.157478 2.918595 0.094958
v 0.162090 2.932789 0.101008
v 0.169552 3.230840 0.094958
v 0.162090 2.932789 0.094958
v 0.169552 2.945714 0.101008
v 0.169552 3.230840 0.101008
v 0.169552 2.945714 0.094958
v 0.179539 2.956805 0.101008
v 0.179539 3.219748 0.094958
v 0.179539 2.956805 0.094958
v 0.191613 2.965578 0.101008
v 0.179539 3.219748 0.101008
v 0.191613 2.965578 0.094958
v 0.205247 2.971648 0.101008
v 0.191613 3.210976 0.094958
v 0.205247 2.971648 0.094958
v 0.219846 2.974751 0.101008
v 0.191613 3.210976 0.101008
v 0.219846 2.974751 0.094958
v 0.234770 2.974751 0.101008
v 0.205247 3.204906 0.094958
v 0.234770 2.974751 0.094958
v 0.249369 2.971648 0.101008
v 0.205247 3.204906 0.101008
v 0.249369 2.971648 0.094958
v 0.263003 2.965578 0.101008
v 0.219846 3.201803 0.094958
v 0.263003 2.965578 0.094958
v 0.275077 2.956805 0.101008
v 0.219846 3.201803 0.101008
v 0.275077 2.956805 0.094958
v 0.285064 2.945714 0.101008
v 0.234770 3.201803 0.094958
v 0.285064 2.945714 0.094958
v 0.292526 2.932789 0.101008
v 0.234770 3.201803 0.101008
v 0.292526 2.932789 0.094958
v 0.297138 2.918595 0.101008
v 0.249369 3.204906 0.094958
v 0.297138 2.918595 0.094958
v 0.298698 2.903752 0.101008
v 0.249369 3.204906 0.101008
v 0.298698 2.903752 0.094958
v 0.297138 2.888909 0.101008
v 0.263003 3.210976 0.094958
v 0.297138 2.888909 0.094958
v 0.292526 2.874715 0.101008
v 0.263003 3.210976 0.101008
v 0.292526 2.874715 0.094958
v 0.285064 2.861790 0.101008
v 0.275077 3.219748 0.094958
v 0.285064 2.861790 0.094958
v 0.275077 2.850699 0.101008
v 0.275077 3.219748 0.101008
v 0.275077 2.850699 0.094958
v 0.263003 2.841927 0.101008
v 0.285064 3.230840 0.094958
v 0.263003 2.841927 0.094958
v 0.249369 2.835856 0.101008
v 0.285064 3.230840 0.101008
v 0.249369 2.835856 0.094958
v 0.234770 2.832754 0.101008
v 0.292526 3.243765 0.094958
v 0.234770 2.832754 0.094958
v 0.219846 2.832754 0.101008
v 0.292526 3.243765 0.101008
v 0.219846 2.832754 0.094958
v 0.205247 2.835856 0.101008
v 0.297138 3.257959 0.094958
v 0.205247 2.835856 0.094958
v 0.191613 2.841927 0.101008
v 0.297138 3.257959 0.101008
v 0.191613 2.841927 0.094958
v 0.179539 2.850699 0.101008
v 0.298698 3.272802 0.094958
v 0.179539 2.850699 0.094958
v 0.169552 2.861790 0.101008
v 0.298698 3.272802 0.101008
v 0.169552 2.861790 0.094958
v 0.162090 2.874715 0.101008
v 0.297138 3.287645 0.094958
v 0.162090 2.874715 0.094958
v 0.157478 2.888909 0.101008
v 0.297138 3.287645 0.101008
v 0.157478 2.888909 0.094958
v 0.155918 2.903752 0.094958
v 0.292526 3.301839 0.094958
v 0.155918 2.903752 0.101008
v 0.157478 2.918595 0.101008
v 0.292526 3.301839 0.101008
v 0.162090 2.932789 0.101008
v 0.169552 2.945714 0.101008
v 0.285064 3.314764 0.094958
v 0.179539 2.956805 0.101008
v 0.191613 2.965578 0.101008
v 0.285064 3.314764 0.101008
v 0.205247 2.971648 0.101008
v 0.219846 2.974751 0.101008
v 0.275077 3.325855 0.094958
v 0.234770 2.974751 0.101008
v 0.249369 2.971648 0.101008
v 0.275077 3.325855 0.101008
v 0.263003 2.965578 0.101008
v 0.275077 2.956805 0.101008
v 0.263003 3.334628 0.094958
v 0.285064 2.945714 0.101008
v 0.292526 2.932789 0.101008
v 0.263003 3.334628 0.101008
v 0.297138 2.918595 0.101008
v 0.298698 2.903752 0.101008
v 0.249369 3.340698 0.094958
v 0.297138 2.888909 0.101008
v 0.292526 2.874715 0.101008
v 0.249369 3.340698 0.101008
v 0.285064 2.861790 0.101008
v 0.275077 2.850699 0.101008
v 0.234770 3.343801 0.094958
v 0.263003 2.841927 0.101008
v 0.249369 2.835856 0.101008
v 0.234770 3.343801 0.101008
v 0.234770 2.832754 0.101008
v 0.219846 2.832754 0.101008
v 0.219846 3.343801 0.094958
v 0.205247 2.835856 0.101008
v 0.191613 2.841927 0.101008
v 0.219846 3.343801 0.101008
v 0.179539 2.850699 0.101008
v 0.169552 2.861790 0.101008
v 0.205247 3.340698 0.094958
v 0.162090 2.874715 0.101008
v 0.157478 2.888909 0.101008
v 0.205247 3.340698 0.101008
v 0.155918 2.903752 0.101008
v 0.227308 2.903752 0.101008
v 0.191613 3.334628 0.094958
v 0.290181 2.867452 0.094958
v 0.289657 2.867754 0.094958
v 0.191613 3.334628 0.101008
v 0.289657 2.867754 0.094958
v 0.314048 2.832237 0.385338
v 0.179539 3.325855 0.094958
v 0.314048 2.832237 0.385338
v 0.317324 2.832173 0.476088
v 0.179539 3.325855 0.101008
v 0.317324 2.832173 0.476088
v 0.318944 2.832304 0.488460
v 0.169552 3.314764 0.094958
v 0.318944 2.832304 0.488460
v 0.319468 2.832002 0.488460
v 0.169552 3.314764 0.101008
v 0.319468 2.832002 0.488460
v 0.317848 2.831871 0.476088
v 0.162090 3.301839 0.094958
v 0.317848 2.831871 0.476088
v 0.314572 2.831934 0.385338
v 0.162090 3.301839 0.101008
v 0.314572 2.831934 0.385338
v 0.290181 2.867452 0.094958
v 0.157478 3.287645 0.094958
v 0.317586 2.832022 0.462040
v 0.227308 2.976352 0.094958
v 0.157478 3.287645 0.101008
v 0.210565 2.974396 0.094958
v 0.210705 2.973806 0.094958
v 0.227308 2.975747 0.094958
v 0.244051 2.974396 0.094958
v 0.227308 2.976352 0.094958
v 0.227308 2.975747 0.094958
v 0.227308 3.272802 0.094958
v 0.157478 3.257959 0.094958
v 0.155918 3.272802 0.094958
v 0.243911 2.973806 0.094958
v 0.162090 3.243765 0.094958
v 0.243911 2.973806 0.094958
v 0.227308 2.975747 0.094958
v 0.169552 3.230840 0.094958
v 0.227291 2.964683 0.385553
v 0.249733 2.962388 0.385553
v 0.179539 3.219748 0.094958
v 0.249733 2.962388 0.385553
v 0.227291 2.964683 0.385553
v 0.191613 3.210976 0.094958
v 0.227302 2.960881 0.476303
v 0.250499 2.958735 0.476303
v 0.205247 3.204906 0.094958
v 0.250499 2.958735 0.476303
v 0.227302 2.960881 0.476303
v 0.219846 3.201803 0.094958
v 0.227308 2.957585 0.554953
v 0.248177 2.954762 0.554953
v 0.234770 3.201803 0.094958
v 0.248177 2.954762 0.554953
v 0.227308 2.957585 0.554953
v 0.249369 3.204906 0.094958
v 0.227308 2.958191 0.554953
v 0.248316 2.955351 0.554953
v 0.263003 3.210976 0.094958
v 0.227308 2.958191 0.554953
v 0.227302 2.961486 0.476303
v 0.275077 3.219748 0.094958
v 0.227291 2.965288 0.385553
v 0.227308 2.976352 0.094958
v 0.285064 3.230840 0.094958
v 0.259891 2.968630 0.094958
v 0.244051 2.974396 0.094958
v 0.292526 3.243765 0.094958
v 0.243911 2.973806 0.094958
v 0.259619 2.968089 0.094958
v 0.297138 3.257959 0.094958
v 0.259619 2.968089 0.094958
v 0.243911 2.973806 0.094958
v 0.298698 3.272802 0.094958
v 0.249733 2.962388 0.385553
v 0.270248 2.955499 0.385553
v 0.297138 3.287645 0.094958
v 0.270248 2.955499 0.385553
v 0.249733 2.962388 0.385553
v 0.292526 3.301839 0.094958
v 0.250499 2.958735 0.476303
v 0.271708 2.952149 0.476303
v 0.285064 3.314764 0.094958
v 0.271708 2.952149 0.476303
v 0.250499 2.958735 0.476303
v 0.275077 3.325855 0.094958
v 0.248177 2.954762 0.554953
v 0.268771 2.947437 0.554953
v 0.263003 3.334628 0.094958
v 0.268771 2.947437 0.554953
v 0.248177 2.954762 0.554953
v 0.249369 3.340698 0.094958
v 0.248316 2.955351 0.554953
v 0.269043 2.947978 0.554953
v 0.234770 3.343801 0.094958
v 0.248316 2.955351 0.554953
v 0.250638 2.959324 0.476303
v 0.219846 3.343801 0.094958
v 0.249873 2.962976 0.385553
v 0.244051 2.974396 0.094958
v 0.205247 3.340698 0.094958
v 0.273974 2.959367 0.094958
v 0.259891 2.968630 0.094958
v 0.191613 3.334628 0.094958
v 0.259619 2.968089 0.094958
v 0.273585 2.958903 0.094958
v 0.179539 3.325855 0.094958
v 0.273585 2.958903 0.094958
v 0.259619 2.968089 0.094958
v 0.169552 3.314764 0.094958
v 0.270248 2.955499 0.385553
v 0.289416 2.944065 0.385553
v 0.162090 3.301839 0.094958
v 0.289416 2.944065 0.385553
v 0.270248 2.955499 0.385553
v 0.157478 3.287645 0.094958
v 0.271708 2.952149 0.476303
v 0.292056 2.941994 0.476303
v 0.292056 2.941994 0.476303
v 0.271708 2.952149 0.476303
v 0.323367 3.269670 0.385947
v 0.442218 3.187359 0.086184
v 0.436583 3.187622 0.083999
v 0.268771 2.947437 0.554953
v 0.287298 2.936943 0.554953
v 0.329003 3.269407 0.388132
v 0.321035 3.252098 0.389848
v 0.439887 3.169787 0.090083
v 0.326671 3.251835 0.392032
v 0.287298 2.936943 0.554953
v 0.268771 2.947437 0.554953
v 0.434250 3.170050 0.087899
v 0.323367 3.269670 0.385947
v 0.326671 3.251835 0.392032
v 0.329003 3.269407 0.388132
v 0.269043 2.947978 0.554953
v 0.287686 2.937406 0.554953
v 0.321035 3.252098 0.389848
v 0.329003 3.269407 0.388132
v 0.439887 3.169787 0.090083
v 0.442218 3.187359 0.086184
v 0.269043 2.947978 0.554953
v 0.271979 2.952689 0.476303
v 0.326671 3.251835 0.392032
v 0.436583 3.187622 0.083999
v 0.321035 3.252098 0.389848
v 0.323367 3.269670 0.385947
v 0.270520 2.956039 0.385553
v 0.259891 2.968630 0.094958
v 0.434250 3.170050 0.087899
v 0.128825 3.270151 0.386841
v 0.014588 3.187840 0.085289
v 0.008952 3.188102 0.087473
v 0.285542 2.947106 0.094958
v 0.273974 2.959367 0.094958
v 0.134460 3.269888 0.384657
v 0.129731 3.252579 0.391295
v 0.015494 3.170268 0.089742
v 0.135367 3.252316 0.389110
v 0.273585 2.958903 0.094958
v 0.285057 2.946745 0.094958
v 0.009859 3.170531 0.091927
v 0.128825 3.270151 0.386841
v 0.135367 3.252316 0.389110
v 0.134460 3.269888 0.384657
v 0.285057 2.946745 0.094958
v 0.273585 2.958903 0.094958
v 0.129731 3.252579 0.391295
v 0.134460 3.269888 0.384657
v 0.015494 3.170268 0.089742
v 0.014588 3.187840 0.085289
v 0.289416 2.944065 0.385553
v 0.304626 2.929123 0.385553
v 0.135367 3.252316 0.389110
v 0.008952 3.188102 0.087473
v 0.129731 3.252579 0.391295
v 0.128825 3.270151 0.386841
v 0.304626 2.929123 0.385553
v 0.289416 2.944065 0.385553
v 0.009859 3.170531 0.091927
v 0.164434 3.051977 0.094958
v 0.135939 3.035437 0.385553
v 0.157758 3.067456 0.094958
v 0.292056 2.941994 0.476303
v 0.140044 3.016459 0.385338
v 0.308282 2.925503 0.476303
v 0.308282 2.925503 0.476303
v 0.129314 3.034237 0.476303
v 0.292056 2.941994 0.476303
v 0.287298 2.936943 0.554953
v 0.136768 3.016396 0.476088
v 0.303758 2.923727 0.554953
v 0.303758 2.923727 0.554953
v 0.124608 3.037636 0.519071
v 0.287298 2.936943 0.554953
v 0.287686 2.937406 0.554953
v 0.135148 3.016526 0.488460
v 0.304243 2.924088 0.554953
v 0.135148 3.016526 0.488460
v 0.125187 3.037810 0.519071
v 0.124608 3.037636 0.519071
v 0.287686 2.937406 0.554953
v 0.135671 3.016829 0.488460
v 0.292445 2.942457 0.476303
v 0.135671 3.016829 0.488460
v 0.129894 3.034411 0.476303
v 0.125187 3.037810 0.519071
v 0.289805 2.944529 0.385553
v 0.137292 3.016698 0.476088
v 0.273974 2.959367 0.094958
v 0.137292 3.016698 0.476088
v 0.136518 3.035611 0.385553
v 0.129894 3.034411 0.476303
v 0.293970 2.932508 0.094958
v 0.140568 3.016762 0.385338
v 0.285542 2.947106 0.094958
v 0.140568 3.016762 0.385338
v 0.158337 3.067628 0.094958
v 0.136518 3.035611 0.385553
v 0.285057 2.946745 0.094958
v 0.164958 3.052280 0.094958
v 0.293415 2.932268 0.094958
v 0.164958 3.052280 0.094958
v 0.157758 3.067456 0.094958
v 0.158337 3.067628 0.094958
v 0.293415 2.932268 0.094958
v 0.164434 3.051977 0.094958
v 0.285057 2.946745 0.094958
v 0.304626 2.929123 0.385553
v 0.132458 3.055629 0.385553
v 0.154831 3.084055 0.094958
v 0.314649 2.911619 0.385553
v 0.314649 2.911619 0.385553
v 0.304626 2.929123 0.385553
v 0.308282 2.925503 0.476303
v 0.125898 3.053312 0.476303
v 0.320273 2.908034 0.476303
v 0.320273 2.908034 0.476303
v 0.308282 2.925503 0.476303
v 0.303758 2.923727 0.554953
v 0.317049 2.907390 0.554953
v 0.121207 3.055776 0.535186
v 0.317049 2.907390 0.554953
v 0.303758 2.923727 0.554953
v 0.304243 2.924088 0.554953
v 0.317604 2.907629 0.554953
v 0.124608 3.037636 0.519071
v 0.121810 3.055812 0.535186
v 0.121207 3.055776 0.535186
v 0.304243 2.924088 0.554953
v 0.125187 3.037810 0.519071
v 0.308767 2.925864 0.476303
v 0.125187 3.037810 0.519071
v 0.126503 3.053347 0.476303
v 0.121810 3.055812 0.535186
v 0.305111 2.929485 0.385553
v 0.129894 3.034411 0.476303
v 0.285542 2.947106 0.094958
v 0.129894 3.034411 0.476303
v 0.133062 3.055664 0.385553
v 0.126503 3.053347 0.476303
v 0.298805 2.916359 0.094958
v 0.136518 3.035611 0.385553
v 0.293970 2.932508 0.094958
v 0.136518 3.035611 0.385553
v 0.155434 3.084091 0.094958
v 0.133062 3.055664 0.385553
v 0.293415 2.932268 0.094958
v 0.158337 3.067628 0.094958
v 0.298209 2.916254 0.094958
v 0.158337 3.067628 0.094958
v 0.154831 3.084055 0.094958
v 0.155434 3.084091 0.094958
v 0.298209 2.916254 0.094958
v 0.157758 3.067456 0.094958
v 0.293415 2.932268 0.094958
v 0.314649 2.911619 0.385553
v 0.133437 3.076743 0.385553
v 0.155811 3.100884 0.094958
v 0.320583 2.892114 0.385553
v 0.320583 2.892114 0.385553
v 0.314649 2.911619 0.385553
v 0.320273 2.908034 0.476303
v 0.127074 3.072540 0.476303
v 0.326945 2.887911 0.476303
v 0.326945 2.887911 0.476303
v 0.320273 2.908034 0.476303
v 0.317049 2.907390 0.554953
v 0.326802 2.890078 0.548335
v 0.127217 3.074708 0.548335
v 0.326802 2.890078 0.548335
v 0.317049 2.907390 0.554953
v 0.317604 2.907629 0.554953
v 0.327398 2.890182 0.548335
v 0.121207 3.055776 0.535186
v 0.127813 3.074602 0.548335
v 0.127217 3.074708 0.548335
v 0.317604 2.907629 0.554953
v 0.121810 3.055812 0.535186
v 0.320828 2.908274 0.476303
v 0.121810 3.055812 0.535186
v 0.127670 3.072435 0.476303
v 0.127813 3.074602 0.548335
v 0.315204 2.911859 0.385553
v 0.126503 3.053347 0.476303
v 0.293970 2.932508 0.094958
v 0.126503 3.053347 0.476303
v 0.134033 3.076639 0.385553
v 0.127670 3.072435 0.476303
v 0.299785 2.899531 0.094958
v 0.133062 3.055664 0.385553
v 0.298805 2.916359 0.094958
v 0.133062 3.055664 0.385553
v 0.156407 3.100779 0.094958
v 0.134033 3.076639 0.385553
v 0.298209 2.916254 0.094958
v 0.155434 3.084091 0.094958
v 0.299181 2.899566 0.094958
v 0.155434 3.084091 0.094958
v 0.155811 3.100884 0.094958
v 0.156407 3.100779 0.094958
v 0.299181 2.899566 0.094958
v 0.154831 3.084055 0.094958
v 0.298209 2.916254 0.094958
v 0.320583 2.892114 0.385553
v 0.139412 3.096384 0.385553
v 0.160645 3.117033 0.094958
v 0.321554 2.871139 0.385553
v 0.321554 2.871139 0.385553
v 0.320583 2.892114 0.385553
v 0.326945 2.887911 0.476303
v 0.133788 3.092799 0.476303
v 0.328113 2.868823 0.476303
v 0.328113 2.868823 0.476303
v 0.326945 2.887911 0.476303
v 0.326802 2.890078 0.548335
v 0.332805 2.871287 0.535186
v 0.137012 3.092155 0.554953
v 0.332805 2.871287 0.535186
v 0.326802 2.890078 0.548335
v 0.327398 2.890182 0.548335
v 0.333409 2.871252 0.535186
v 0.127217 3.074708 0.548335
v 0.137567 3.091915 0.554953
v 0.137012 3.092155 0.554953
v 0.327398 2.890182 0.548335
v 0.127813 3.074602 0.548335
v 0.327541 2.888016 0.476303
v 0.127813 3.074602 0.548335
v 0.134343 3.092559 0.476303
v 0.137567 3.091915 0.554953
v 0.321178 2.892219 0.385553
v 0.127670 3.072435 0.476303
v 0.298805 2.916359 0.094958
v 0.127670 3.072435 0.476303
v 0.139967 3.096144 0.385553
v 0.134343 3.092559 0.476303
v 0.296858 2.882930 0.094958
v 0.134033 3.076639 0.385553
v 0.299785 2.899531 0.094958
v 0.134033 3.076639 0.385553
v 0.161201 3.116792 0.094958
v 0.139967 3.096144 0.385553
v 0.299181 2.899566 0.094958
v 0.156407 3.100779 0.094958
v 0.296278 2.883104 0.094958
v 0.156407 3.100779 0.094958
v 0.160645 3.117033 0.094958
v 0.161201 3.116792 0.094958
v 0.296278 2.883104 0.094958
v 0.155811 3.100884 0.094958
v 0.299181 2.899566 0.094958
v 0.321554 2.871139 0.385553
v 0.149505 3.114009 0.385553
v 0.169074 3.131631 0.094958
v 0.318097 2.851085 0.385553
v 0.318097 2.851085 0.385553
v 0.321554 2.871139 0.385553
v 0.328113 2.868823 0.476303
v 0.145849 3.110389 0.476303
v 0.324722 2.849886 0.476303
v 0.324722 2.849886 0.476303
v 0.328113 2.868823 0.476303
v 0.332805 2.871287 0.535186
v 0.329428 2.853285 0.519071
v 0.150372 3.108613 0.554953
v 0.329428 2.853285 0.519071
v 0.332805 2.871287 0.535186
v 0.333409 2.871252 0.535186
v 0.330008 2.853111 0.519071
v 0.137012 3.092155 0.554953
v 0.150858 3.108252 0.554953
v 0.150372 3.108613 0.554953
v 0.333409 2.871252 0.535186
v 0.137567 3.091915 0.554953
v 0.328717 2.868787 0.476303
v 0.137567 3.091915 0.554953
v 0.146334 3.110028 0.476303
v 0.150858 3.108252 0.554953
v 0.322158 2.871104 0.385553
v 0.134343 3.092559 0.476303
v 0.299785 2.899531 0.094958
v 0.134343 3.092559 0.476303
v 0.149990 3.113648 0.385553
v 0.146334 3.110028 0.476303
v 0.290181 2.867452 0.094958
v 0.139967 3.096144 0.385553
v 0.296858 2.882930 0.094958
v 0.139967 3.096144 0.385553
v 0.169559 3.131270 0.094958
v 0.149990 3.113648 0.385553
v 0.296278 2.883104 0.094958
v 0.161201 3.116792 0.094958
v 0.289657 2.867754 0.094958
v 0.161201 3.116792 0.094958
v 0.169074 3.131631 0.094958
v 0.169559 3.131270 0.094958
v 0.289657 2.867754 0.094958
v 0.160645 3.117033 0.094958
v 0.296278 2.883104 0.094958
v 0.318097 2.851085 0.385553
v 0.164811 3.129053 0.385553
v 0.180641 3.143892 0.094958
v 0.314048 2.832237 0.385338
v 0.314048 2.832237 0.385338
v 0.318097 2.851085 0.385553
v 0.324722 2.849886 0.476303
v 0.162170 3.126983 0.476303
v 0.317324 2.832173 0.476088
v 0.317324 2.832173 0.476088
v 0.324722 2.849886 0.476303
v 0.329428 2.853285 0.519071
v 0.318944 2.832304 0.488460
v 0.166929 3.121931 0.554953
v 0.318944 2.832304 0.488460
v 0.329428 2.853285 0.519071
v 0.330008 2.853111 0.519071
v 0.319468 2.832002 0.488460
v 0.150372 3.108613 0.554953
v 0.167318 3.121467 0.554953
v 0.166929 3.121931 0.554953
v 0.319468 2.832002 0.488460
v 0.150858 3.108252 0.554953
v 0.330008 2.853111 0.519071
v 0.150858 3.108252 0.554953
v 0.162559 3.126518 0.476303
v 0.167318 3.121467 0.554953
v 0.317848 2.831871 0.476088
v 0.146334 3.110028 0.476303
v 0.325301 2.849713 0.476303
v 0.146334 3.110028 0.476303
v 0.165200 3.128590 0.385553
v 0.162559 3.126518 0.476303
v 0.314572 2.831934 0.385338
v 0.149990 3.113648 0.385553
v 0.318677 2.850912 0.385553
v 0.149990 3.113648 0.385553
v 0.181030 3.143428 0.094958
v 0.165200 3.128590 0.385553
v 0.296858 2.882930 0.094958
v 0.169559 3.131270 0.094958
v 0.290181 2.867452 0.094958
v 0.169559 3.131270 0.094958
v 0.180641 3.143892 0.094958
v 0.181030 3.143428 0.094958
v 0.164958 2.867754 0.094958
v 0.169074 3.131631 0.094958
v 0.164434 2.867452 0.094958
v 0.140568 2.832237 0.385338
v 0.184096 3.140564 0.385553
v 0.194725 3.153155 0.094958
v 0.164958 2.867754 0.094958
v 0.137292 2.832173 0.476088
v 0.140568 2.832237 0.385338
v 0.135671 2.832304 0.488460
v 0.182636 3.137214 0.476303
v 0.137292 2.832173 0.476088
v 0.135148 2.832002 0.488460
v 0.135671 2.832304 0.488460
v 0.136768 2.831871 0.476088
v 0.135148 2.832002 0.488460
v 0.185572 3.132503 0.554953
v 0.140044 2.831934 0.385338
v 0.136768 2.831871 0.476088
v 0.164434 2.867452 0.094958
v 0.140044 2.831934 0.385338
v 0.166929 3.121931 0.554953
v 0.185844 3.131962 0.554953
v 0.185572 3.132503 0.554953
v 0.137030 2.832022 0.462040
v 0.167318 3.121467 0.554953
v 0.227308 2.976352 0.094958
v 0.167318 3.121467 0.554953
v 0.182908 3.136673 0.476303
v 0.185844 3.131962 0.554953
v 0.243911 2.973806 0.094958
v 0.162559 3.126518 0.476303
v 0.244051 2.974396 0.094958
v 0.162559 3.126518 0.476303
v 0.184367 3.140024 0.385553
v 0.182908 3.136673 0.476303
v 0.227308 2.975747 0.094958
v 0.165200 3.128590 0.385553
v 0.210565 2.974396 0.094958
v 0.165200 3.128590 0.385553
v 0.194997 3.152614 0.094958
v 0.184367 3.140024 0.385553
v 0.227308 2.975747 0.094958
v 0.181030 3.143428 0.094958
v 0.227308 2.976352 0.094958
v 0.181030 3.143428 0.094958
v 0.194725 3.153155 0.094958
v 0.194997 3.152614 0.094958
v 0.210705 2.973806 0.094958
v 0.180641 3.143892 0.094958
v 0.210705 2.973806 0.094958
v 0.227325 2.964683 0.385553
v 0.204743 3.147501 0.385553
v 0.210565 3.158920 0.094958
v 0.227308 2.975747 0.094958
v 0.204882 2.962388 0.385553
v 0.204882 2.962388 0.385553
v 0.227314 2.960881 0.476303
v 0.203977 3.143849 0.476303
v 0.227325 2.964683 0.385553
v 0.204116 2.958735 0.476303
v 0.204116 2.958735 0.476303
v 0.227308 2.957585 0.554953
v 0.227314 2.960881 0.476303
v 0.206299 3.139876 0.554953
v 0.206438 2.954762 0.554953
v 0.206438 2.954762 0.554953
v 0.227308 2.958191 0.554953
v 0.227308 2.957585 0.554953
v 0.185572 3.132503 0.554953
v 0.206438 3.139287 0.554953
v 0.206299 3.139876 0.554953
v 0.206299 2.955351 0.554953
v 0.185844 3.131962 0.554953
v 0.227308 2.958191 0.554953
v 0.185844 3.131962 0.554953
v 0.204116 3.143260 0.476303
v 0.206438 3.139287 0.554953
v 0.227314 2.961486 0.476303
v 0.182908 3.136673 0.476303
v 0.227308 2.976352 0.094958
v 0.182908 3.136673 0.476303
v 0.204882 3.146913 0.385553
v 0.204116 3.143260 0.476303
v 0.227325 2.965288 0.385553
v 0.184367 3.140024 0.385553
v 0.194725 2.968630 0.094958
v 0.184367 3.140024 0.385553
v 0.210705 3.158331 0.094958
v 0.204882 3.146913 0.385553
v 0.210705 2.973806 0.094958
v 0.194997 3.152614 0.094958
v 0.210565 2.974396 0.094958
v 0.194997 3.152614 0.094958
v 0.210565 3.158920 0.094958
v 0.210705 3.158331 0.094958
v 0.194997 2.968089 0.094958
v 0.194725 3.153155 0.094958
v 0.194997 2.968089 0.094958
v 0.204882 2.962388 0.385553
v 0.227325 3.149813 0.385553
v 0.227308 3.160877 0.094958
v 0.210705 2.973806 0.094958
v 0.184367 2.955499 0.385553
v 0.184367 2.955499 0.385553
v 0.204116 2.958735 0.476303
v 0.227314 3.146011 0.476303
v 0.204882 2.962388 0.385553
v 0.182908 2.952149 0.476303
v 0.182908 2.952149 0.476303
v 0.206438 2.954762 0.554953
v 0.204116 2.958735 0.476303
v 0.227308 3.142715 0.554953
v 0.185844 2.947437 0.554953
v 0.185844 2.947437 0.554953
v 0.206299 2.955351 0.554953
v 0.206438 2.954762 0.554953
v 0.206299 3.139876 0.554953
v 0.227308 3.142111 0.554953
v 0.227308 3.142715 0.554953
v 0.185572 2.947978 0.554953
v 0.206438 3.139287 0.554953
v 0.206299 2.955351 0.554953
v 0.206438 3.139287 0.554953
v 0.227314 3.145406 0.476303
v 0.227308 3.142111 0.554953
v 0.203977 2.959324 0.476303
v 0.204116 3.143260 0.476303
v 0.210565 2.974396 0.094958
v 0.204116 3.143260 0.476303
v 0.227325 3.149209 0.385553
v 0.227314 3.145406 0.476303
v 0.204743 2.962976 0.385553
v 0.204882 3.146913 0.385553
v 0.180641 2.959367 0.094958
v 0.204882 3.146913 0.385553
v 0.227308 3.160272 0.094958
v 0.227325 3.149209 0.385553
v 0.194997 2.968089 0.094958
v 0.210705 3.158331 0.094958
v 0.194725 2.968630 0.094958
v 0.210705 3.158331 0.094958
v 0.227308 3.160877 0.094958
v 0.227308 3.160272 0.094958
v 0.181030 2.958903 0.094958
v 0.210565 3.158920 0.094958
v 0.181030 2.958903 0.094958
v 0.227308 3.160272 0.094958
v 0.244051 3.158920 0.094958
v 0.243911 3.158331 0.094958
v 0.184367 2.955499 0.385553
v 0.227308 3.160877 0.094958
v 0.194997 2.968089 0.094958
v 0.137030 3.016547 0.462040
v 0.140044 3.016459 0.385338
v 0.164434 3.051977 0.094958
v 0.165200 2.944065 0.385553
v 0.136768 3.016396 0.476088
v 0.140044 3.016459 0.385338
v 0.165200 2.944065 0.385553
v 0.135148 3.016526 0.488460
v 0.136768 3.016396 0.476088
v 0.182908 2.952149 0.476303
v 0.135671 3.016829 0.488460
v 0.135148 3.016526 0.488460
v 0.184367 2.955499 0.385553
v 0.137292 3.016698 0.476088
v 0.135671 3.016829 0.488460
v 0.162559 2.941994 0.476303
v 0.140568 3.016762 0.385338
v 0.137292 3.016698 0.476088
v 0.162559 2.941994 0.476303
v 0.164958 3.052280 0.094958
v 0.140568 3.016762 0.385338
v 0.185844 2.947437 0.554953
v 0.164434 3.051977 0.094958
v 0.164958 3.052280 0.094958
v 0.290181 3.051977 0.094958
v 0.296858 3.067456 0.094958
v 0.318677 3.035437 0.385553
v 0.182908 2.952149 0.476303
v 0.167318 2.936943 0.554953
v 0.314572 3.016459 0.385338
v 0.167318 2.936943 0.554953
v 0.185572 2.947978 0.554953
v 0.325301 3.034237 0.476303
v 0.185844 2.947437 0.554953
v 0.166929 2.937406 0.554953
v 0.317848 3.016396 0.476088
v 0.185572 2.947978 0.554953
v 0.182636 2.952689 0.476303
v 0.330008 3.037636 0.519071
v 0.194725 2.968630 0.094958
v 0.184096 2.956039 0.385553
v 0.319468 3.016526 0.488460
v 0.319468 3.016526 0.488460
v 0.330008 3.037636 0.519071
v 0.329428 3.037810 0.519071
v 0.169074 2.947106 0.094958
v 0.181030 2.958903 0.094958
v 0.318944 3.016829 0.488460
v 0.318944 3.016829 0.488460
v 0.329428 3.037810 0.519071
v 0.324722 3.034411 0.476303
v 0.180641 2.959367 0.094958
v 0.169559 2.946745 0.094958
v 0.317324 3.016698 0.476088
v 0.317324 3.016698 0.476088
v 0.324722 3.034411 0.476303
v 0.318097 3.035611 0.385553
v 0.169559 2.946745 0.094958
v 0.165200 2.944065 0.385553
v 0.314048 3.016762 0.385338
v 0.314048 3.016762 0.385338
v 0.318097 3.035611 0.385553
v 0.296278 3.067628 0.094958
v 0.181030 2.958903 0.094958
v 0.149990 2.929123 0.385553
v 0.289657 3.052280 0.094958
v 0.289657 3.052280 0.094958
v 0.296278 3.067628 0.094958
v 0.296858 3.067456 0.094958
v 0.149990 2.929123 0.385553
v 0.162559 2.941994 0.476303
v 0.290181 3.051977 0.094958
v 0.165200 2.944065 0.385553
v 0.299785 3.084055 0.094958
v 0.322158 3.055629 0.385553
v 0.146334 2.925503 0.476303
v 0.146334 2.925503 0.476303
v 0.167318 2.936943 0.554953
v 0.162559 2.941994 0.476303
v 0.150858 2.923727 0.554953
v 0.328717 3.053312 0.476303
v 0.150858 2.923727 0.554953
v 0.166929 2.937406 0.554953
v 0.167318 2.936943 0.554953
v 0.150372 2.924088 0.554953
v 0.166929 2.937406 0.554953
v 0.333409 3.055776 0.535186
v 0.162170 2.942457 0.476303
v 0.180641 2.959367 0.094958
v 0.164811 2.944529 0.385553
v 0.330008 3.037636 0.519071
v 0.333409 3.055776 0.535186
v 0.332805 3.055812 0.535186
v 0.160645 2.932508 0.094958
v 0.169559 2.946745 0.094958
v 0.329428 3.037810 0.519071
v 0.329428 3.037810 0.519071
v 0.332805 3.055812 0.535186
v 0.328113 3.053347 0.476303
v 0.169074 2.947106 0.094958
v 0.161201 2.932268 0.094958
v 0.324722 3.034411 0.476303
v 0.324722 3.034411 0.476303
v 0.328113 3.053347 0.476303
v 0.321554 3.055664 0.385553
v 0.161201 2.932268 0.094958
v 0.149990 2.929123 0.385553
v 0.318097 3.035611 0.385553
v 0.318097 3.035611 0.385553
v 0.321554 3.055664 0.385553
v 0.299181 3.084091 0.094958
v 0.169559 2.946745 0.094958
v 0.139967 2.911619 0.385553
v 0.296278 3.067628 0.094958
v 0.296278 3.067628 0.094958
v 0.299181 3.084091 0.094958
v 0.299785 3.084055 0.094958
v 0.139967 2.911619 0.385553
v 0.146334 2.925503 0.476303
v 0.296858 3.067456 0.094958
v 0.149990 2.929123 0.385553
v 0.298805 3.100884 0.094958
v 0.321178 3.076743 0.385553
v 0.134343 2.908034 0.476303
v 0.134343 2.908034 0.476303
v 0.150858 2.923727 0.554953
v 0.146334 2.925503 0.476303
v 0.137567 2.907390 0.554953
v 0.327541 3.072540 0.476303
v 0.137567 2.907390 0.554953
v 0.150372 2.924088 0.554953
v 0.150858 2.923727 0.554953
v 0.137012 2.907629 0.554953
v 0.150372 2.924088 0.554953
v 0.327398 3.074708 0.548335
v 0.145849 2.925864 0.476303
v 0.169074 2.947106 0.094958
v 0.149505 2.929485 0.385553
v 0.333409 3.055776 0.535186
v 0.327398 3.074708 0.548335
v 0.326802 3.074602 0.548335
v 0.155811 2.916359 0.094958
v 0.161201 2.932268 0.094958
v 0.332805 3.055812 0.535186
v 0.332805 3.055812 0.535186
v 0.326802 3.074602 0.548335
v 0.326945 3.072435 0.476303
v 0.160645 2.932508 0.094958
v 0.156407 2.916254 0.094958
v 0.328113 3.053347 0.476303
v 0.328113 3.053347 0.476303
v 0.326945 3.072435 0.476303
v 0.320583 3.076639 0.385553
v 0.156407 2.916254 0.094958
v 0.139967 2.911619 0.385553
v 0.321554 3.055664 0.385553
v 0.321554 3.055664 0.385553
v 0.320583 3.076639 0.385553
v 0.298209 3.100779 0.094958
v 0.161201 2.932268 0.094958
v 0.134033 2.892114 0.385553
v 0.299181 3.084091 0.094958
v 0.299181 3.084091 0.094958
v 0.298209 3.100779 0.094958
v 0.298805 3.100884 0.094958
v 0.134033 2.892114 0.385553
v 0.134343 2.908034 0.476303
v 0.299785 3.084055 0.094958
v 0.139967 2.911619 0.385553
v 0.293970 3.117033 0.094958
v 0.315204 3.096384 0.385553
v 0.127670 2.887911 0.476303
v 0.127670 2.887911 0.476303
v 0.137567 2.907390 0.554953
v 0.134343 2.908034 0.476303
v 0.127813 2.890078 0.548335
v 0.320828 3.092799 0.476303
v 0.127813 2.890078 0.548335
v 0.137012 2.907629 0.554953
v 0.137567 2.907390 0.554953
v 0.127217 2.890182 0.548335
v 0.137012 2.907629 0.554953
v 0.317604 3.092155 0.554953
v 0.133788 2.908274 0.476303
v 0.160645 2.932508 0.094958
v 0.139412 2.911859 0.385553
v 0.327398 3.074708 0.548335
v 0.317604 3.092155 0.554953
v 0.317049 3.091915 0.554953
v 0.154831 2.899531 0.094958
v 0.156407 2.916254 0.094958
v 0.326802 3.074602 0.548335
v 0.326802 3.074602 0.548335
v 0.317049 3.091915 0.554953
v 0.320273 3.092559 0.476303
v 0.155811 2.916359 0.094958
v 0.155434 2.899566 0.094958
v 0.326945 3.072435 0.476303
v 0.326945 3.072435 0.476303
v 0.320273 3.092559 0.476303
v 0.314649 3.096144 0.385553
v 0.155434 2.899566 0.094958
v 0.134033 2.892114 0.385553
v 0.320583 3.076639 0.385553
v 0.320583 3.076639 0.385553
v 0.314649 3.096144 0.385553
v 0.293415 3.116792 0.094958
v 0.156407 2.916254 0.094958
v 0.133062 2.871139 0.385553
v 0.298209 3.100779 0.094958
v 0.298209 3.100779 0.094958
v 0.293415 3.116792 0.094958
v 0.293970 3.117033 0.094958
v 0.133062 2.871139 0.385553
v 0.127670 2.887911 0.476303
v 0.298805 3.100884 0.094958
v 0.134033 2.892114 0.385553
v 0.285542 3.131631 0.094958
v 0.305111 3.114009 0.385553
v 0.126503 2.868823 0.476303
v 0.126503 2.868823 0.476303
v 0.127813 2.890078 0.548335
v 0.127670 2.887911 0.476303
v 0.121810 2.871287 0.535186
v 0.308767 3.110389 0.476303
v 0.121810 2.871287 0.535186
v 0.127217 2.890182 0.548335
v 0.127813 2.890078 0.548335
v 0.121207 2.871252 0.535186
v 0.127217 2.890182 0.548335
v 0.304243 3.108613 0.554953
v 0.127074 2.888016 0.476303
v 0.155811 2.916359 0.094958
v 0.133437 2.892219 0.385553
v 0.317604 3.092155 0.554953
v 0.304243 3.108613 0.554953
v 0.303758 3.108252 0.554953
v 0.157758 2.882930 0.094958
v 0.155434 2.899566 0.094958
v 0.317049 3.091915 0.554953
v 0.317049 3.091915 0.554953
v 0.303758 3.108252 0.554953
v 0.308282 3.110028 0.476303
v 0.154831 2.899531 0.094958
v 0.158337 2.883104 0.094958
v 0.320273 3.092559 0.476303
v 0.320273 3.092559 0.476303
v 0.308282 3.110028 0.476303
v 0.304626 3.113648 0.385553
v 0.158337 2.883104 0.094958
v 0.133062 2.871139 0.385553
v 0.314649 3.096144 0.385553
v 0.314649 3.096144 0.385553
v 0.304626 3.113648 0.385553
v 0.285057 3.131270 0.094958
v 0.155434 2.899566 0.094958
v 0.136518 2.851085 0.385553
v 0.293415 3.116792 0.094958
v 0.293415 3.116792 0.094958
v 0.285057 3.131270 0.094958
v 0.285542 3.131631 0.094958
v 0.136518 2.851085 0.385553
v 0.126503 2.868823 0.476303
v 0.293970 3.117033 0.094958
v 0.133062 2.871139 0.385553
v 0.273974 3.143892 0.094958
v 0.289805 3.129053 0.385553
v 0.129894 2.849886 0.476303
v 0.129894 2.849886 0.476303
v 0.121810 2.871287 0.535186
v 0.126503 2.868823 0.476303
v 0.125187 2.853285 0.519071
v 0.292445 3.126983 0.476303
v 0.125187 2.853285 0.519071
v 0.121207 2.871252 0.535186
v 0.121810 2.871287 0.535186
v 0.124608 2.853111 0.519071
v 0.121207 2.871252 0.535186
v 0.287686 3.121931 0.554953
v 0.125898 2.868787 0.476303
v 0.154831 2.899531 0.094958
v 0.132458 2.871104 0.385553
v 0.304243 3.108613 0.554953
v 0.287686 3.121931 0.554953
v 0.287298 3.121467 0.554953
v 0.164434 2.867452 0.094958
v 0.158337 2.883104 0.094958
v 0.303758 3.108252 0.554953
v 0.303758 3.108252 0.554953
v 0.287298 3.121467 0.554953
v 0.292056 3.126518 0.476303
v 0.157758 2.882930 0.094958
v 0.164958 2.867754 0.094958
v 0.308282 3.110028 0.476303
v 0.308282 3.110028 0.476303
v 0.292056 3.126518 0.476303
v 0.289416 3.128590 0.385553
v 0.164958 2.867754 0.094958
v 0.136518 2.851085 0.385553
v 0.304626 3.113648 0.385553
v 0.304626 3.113648 0.385553
v 0.289416 3.128590 0.385553
v 0.273585 3.143428 0.094958
v 0.158337 2.883104 0.094958
v 0.140568 2.832237 0.385338
v 0.285057 3.131270 0.094958
v 0.285057 3.131270 0.094958
v 0.273585 3.143428 0.094958
v 0.273974 3.143892 0.094958
v 0.140568 2.832237 0.385338
v 0.129894 2.849886 0.476303
v 0.285542 3.131631 0.094958
v 0.136518 2.851085 0.385553
v 0.259891 3.153155 0.094958
v 0.270520 3.140564 0.385553
v 0.137292 2.832173 0.476088
v 0.137292 2.832173 0.476088
v 0.125187 2.853285 0.519071
v 0.129894 2.849886 0.476303
v 0.135671 2.832304 0.488460
v 0.271979 3.137214 0.476303
v 0.135671 2.832304 0.488460
v 0.124608 2.853111 0.519071
v 0.125187 2.853285 0.519071
v 0.135148 2.832002 0.488460
v 0.135148 2.832002 0.488460
v 0.269043 3.132503 0.554953
v 0.124608 2.853111 0.519071
v 0.136768 2.831871 0.476088
v 0.129314 2.849713 0.476303
v 0.287686 3.121931 0.554953
v 0.269043 3.132503 0.554953
v 0.268771 3.131962 0.554953
v 0.140044 2.831934 0.385338
v 0.157758 2.882930 0.094958
v 0.287298 3.121467 0.554953
v 0.287298 3.121467 0.554953
v 0.268771 3.131962 0.554953
v 0.271708 3.136673 0.476303
v 0.135939 2.850912 0.385553
v 0.164434 2.867452 0.094958
v 0.292056 3.126518 0.476303
v 0.292056 3.126518 0.476303
v 0.271708 3.136673 0.476303
v 0.270248 3.140024 0.385553
v 0.440818 3.188364 0.080836
v 0.320038 3.123887 0.384656
v 0.289416 3.128590 0.385553
v 0.289416 3.128590 0.385553
v 0.270248 3.140024 0.385553
v 0.259619 3.152614 0.094958
v 0.320944 3.106315 0.380203
v 0.439912 3.205936 0.085289
v 0.273585 3.143428 0.094958
v 0.273585 3.143428 0.094958
v 0.259619 3.152614 0.094958
v 0.259891 3.153155 0.094958
v 0.326580 3.106052 0.382388
v 0.445548 3.205673 0.087474
v 0.273974 3.143892 0.094958
v 0.446454 3.188101 0.083021
v 0.244051 3.158920 0.094958
v 0.249873 3.147501 0.385553
v 0.325674 3.123624 0.386841
v 0.320944 3.106315 0.380203
v 0.325674 3.123624 0.386841
v 0.326580 3.106052 0.382388
v 0.320038 3.123887 0.384656
v 0.250638 3.143849 0.476303
v 0.440818 3.188364 0.080836
v 0.326580 3.106052 0.382388
v 0.446454 3.188101 0.083021
v 0.320944 3.106315 0.380203
v 0.325674 3.123624 0.386841
v 0.248316 3.139876 0.554953
v 0.439912 3.205936 0.085289
v 0.445548 3.205673 0.087474
v 0.320038 3.123887 0.384656
v 0.269043 3.132503 0.554953
v 0.248316 3.139876 0.554953
v 0.248177 3.139287 0.554953
v 0.010065 3.188364 0.082283
v 0.125613 3.123887 0.388131
v 0.268771 3.131962 0.554953
v 0.268771 3.131962 0.554953
v 0.248177 3.139287 0.554953
v 0.250499 3.143260 0.476303
v 0.123280 3.106315 0.384231
v 0.012397 3.205936 0.086184
v 0.271708 3.136673 0.476303
v 0.271708 3.136673 0.476303
v 0.250499 3.143260 0.476303
v 0.249733 3.146913 0.385553
v 0.128916 3.106052 0.382046
v 0.018033 3.205673 0.083999
v 0.270248 3.140024 0.385553
v 0.270248 3.140024 0.385553
v 0.249733 3.146913 0.385553
v 0.243911 3.158331 0.094958
v 0.015701 3.188101 0.080098
v 0.131248 3.123624 0.385947
v 0.259619 3.152614 0.094958
v 0.259619 3.152614 0.094958
v 0.243911 3.158331 0.094958
v 0.244051 3.158920 0.094958
v 0.123280 3.106315 0.384231
v 0.131248 3.123624 0.385947
v 0.259891 3.153155 0.094958
v 0.128916 3.106052 0.382046
v 0.227308 3.160877 0.094958
v 0.227291 3.149813 0.385553
v 0.125613 3.123887 0.388131
v 0.010065 3.188364 0.082283
v 0.128916 3.106052 0.382046
v 0.015701 3.188101 0.080098
v 0.123280 3.106315 0.384231
v 0.227302 3.146011 0.476303
v 0.131248 3.123624 0.385947
v 0.012397 3.205936 0.086184
v 0.018033 3.205673 0.083999
v 0.125613 3.123887 0.388131
v 0.157478 3.103120 0.094958
v 0.227308 3.142715 0.554953
v 0.162090 3.117314 0.094958
v 0.169552 3.130239 0.094958
v 0.179539 3.141330 0.094958
v 0.248316 3.139876 0.554953
v 0.227308 3.142715 0.554953
v 0.227308 3.142111 0.554953
v 0.191613 3.150103 0.094958
v 0.205247 3.156173 0.094958
v 0.248177 3.139287 0.554953
v 0.248177 3.139287 0.554953
v 0.227308 3.142111 0.554953
v 0.227302 3.145406 0.476303
v 0.219846 3.159276 0.094958
v 0.234770 3.159276 0.094958
v 0.250499 3.143260 0.476303
v 0.250499 3.143260 0.476303
v 0.227302 3.145406 0.476303
v 0.227291 3.149209 0.385553
v 0.249369 3.156173 0.094958
v 0.263003 3.150103 0.094958
v 0.249733 3.146913 0.385553
v 0.249733 3.146913 0.385553
v 0.227291 3.149209 0.385553
v 0.227308 3.160272 0.094958
v 0.275077 3.141330 0.094958
v 0.285064 3.130239 0.094958
v 0.243911 3.158331 0.094958
v 0.243911 3.158331 0.094958
v 0.227308 3.160272 0.094958
v 0.227308 3.160877 0.094958
v 0.292526 3.117314 0.094958
v 0.297138 3.103120 0.094958
v 0.244051 3.158920 0.094958
v 0.227308 3.160272 0.094958
v 0.210705 3.158331 0.094958
v 0.210565 3.158920 0.094958
v 0.298698 3.088277 0.094958
v 0.297138 3.073434 0.094958
v 0.227308 3.160877 0.094958
v 0.317586 3.016547 0.462040
v 0.290181 3.051977 0.094958
v 0.314572 3.016459 0.385338
v 0.292526 3.059240 0.094958
v 0.314572 3.016459 0.385338
v 0.317848 3.016396 0.476088
v 0.285064 3.046315 0.094958
v 0.317848 3.016396 0.476088
v 0.319468 3.016526 0.488460
v 0.275077 3.035224 0.094958
v 0.319468 3.016526 0.488460
v 0.318944 3.016829 0.488460
v 0.263003 3.026452 0.094958
v 0.318944 3.016829 0.488460
v 0.317324 3.016698 0.476088
v 0.249369 3.020381 0.094958
v 0.317324 3.016698 0.476088
v 0.314048 3.016762 0.385338
v 0.234770 3.017278 0.094958
v 0.314048 3.016762 0.385338
v 0.289657 3.052280 0.094958
v 0.219846 3.017278 0.094958
v 0.289657 3.052280 0.094958
v 0.290181 3.051977 0.094958
v 0.227308 3.088277 0.101008
v 0.155918 3.088277 0.101008
v 0.157478 3.073434 0.101008
v 0.205247 3.020381 0.094958
v 0.191613 3.026452 0.094958
v 0.162090 3.059240 0.101008
v 0.179539 3.035224 0.094958
v 0.169552 3.046315 0.094958
v 0.169552 3.046315 0.101008
v 0.162090 3.059240 0.094958
v 0.155918 3.088277 0.094958
v 0.179539 3.035224 0.101008
v 0.157478 3.073434 0.094958
v 0.227308 3.088277 0.094958
v 0.191613 3.026452 0.101008
v 0.157478 3.103120 0.101008
v 0.157478 3.103120 0.094958
v 0.205247 3.020381 0.101008
v 0.162090 3.117314 0.101008
v 0.162090 3.117314 0.094958
v 0.219846 3.017278 0.101008
v 0.169552 3.130239 0.101008
v 0.169552 3.130239 0.094958
v 0.234770 3.017278 0.101008
v 0.179539 3.141330 0.101008
v 0.179539 3.141330 0.094958
v 0.249369 3.020381 0.101008
v 0.191613 3.150103 0.101008
v 0.191613 3.150103 0.094958
v 0.263003 3.026452 0.101008
v 0.205247 3.156173 0.101008
v 0.205247 3.156173 0.094958
v 0.275077 3.035224 0.101008
v 0.219846 3.159276 0.101008
v 0.219846 3.159276 0.094958
v 0.285064 3.046315 0.101008
v 0.234770 3.159276 0.101008
v 0.234770 3.159276 0.094958
v 0.292526 3.059240 0.101008
v 0.249369 3.156173 0.101008
v 0.249369 3.156173 0.094958
v 0.297138 3.073434 0.101008
v 0.263003 3.150103 0.101008
v 0.263003 3.150103 0.094958
v 0.298698 3.088277 0.101008
v 0.275077 3.141330 0.101008
v 0.275077 3.141330 0.094958
v 0.297138 3.103120 0.101008
v 0.285064 3.130239 0.101008
v 0.285064 3.130239 0.094958
v 0.292526 3.117314 0.101008
v 0.292526 3.117314 0.101008
v 0.292526 3.117314 0.094958
v 0.285064 3.130239 0.101008
v 0.297138 3.103120 0.101008
v 0.297138 3.103120 0.094958
v 0.275077 3.141330 0.101008
v 0.298698 3.088277 0.101008
v 0.298698 3.088277 0.094958
v 0.263003 3.150103 0.101008
v 0.297138 3.073434 0.101008
v 0.297138 3.073434 0.094958
v 0.249369 3.156173 0.101008
v 0.292526 3.059240 0.101008
v 0.292526 3.059240 0.094958
v 0.234770 3.159276 0.101008
v 0.285064 3.046315 0.101008
v 0.285064 3.046315 0.094958
v 0.219846 3.159276 0.101008
v 0.275077 3.035224 0.101008
v 0.275077 3.035224 0.094958
v 0.205247 3.156173 0.101008
v 0.263003 3.026452 0.101008
v 0.263003 3.026452 0.094958
v 0.191613 3.150103 0.101008
v 0.249369 3.020381 0.101008
v 0.249369 3.020381 0.094958
v 0.179539 3.141330 0.101008
v 0.234770 3.017278 0.101008
v 0.234770 3.017278 0.094958
v 0.169552 3.130239 0.101008
v 0.219846 3.017278 0.101008
v 0.219846 3.017278 0.094958
v 0.162090 3.117314 0.101008
v 0.205247 3.020381 0.101008
v 0.205247 3.020381 0.094958
v 0.157478 3.103120 0.101008
v 0.191613 3.026452 0.101008
v 0.191613 3.026452 0.094958
v 0.179539 3.035224 0.101008
v 0.155918 3.088277 0.101008
v 0.155918 3.088277 0.094958
v 0.157478 3.073434 0.094958
v 0.179539 3.035224 0.094958
v 0.169552 3.046315 0.101008
v 0.157478 3.073434 0.101008
v 0.169552 3.046315 0.094958
v 0.162090 3.059240 0.101008
v 0.162090 3.059240 0.094958
vn -0.0000 -1.0000 -0.0000
vn -0.0000 1.0000 -0.0000
vn 0.9962 -0.0000 0.0871
vn 0.5499 -0.0000 0.8352
vn 0.2810 -0.0000 0.9597
vn -0.0126 -0.0000 0.9999
vn 0.1612 -0.0000 -0.9869
vn 0.4434 -0.0000 -0.8963
vn 0.6866 -0.0000 -0.7270
vn -0.0871 -0.0000 0.9962
vn -0.0872 -0.0000 0.9962
vn -0.9962 -0.0000 -0.0872
vn 0.0872 -0.0000 -0.9962
vn 0.9962 -0.0000 0.0872
vn 0.0871 -0.0000 -0.9962
vn -0.2164 -0.0000 0.9763
vn -0.4617 -0.0000 0.8870
vn -0.6756 -0.0000 0.7373
vn -0.8434 -0.0000 0.5373
vn -0.9537 -0.0000 0.3007
vn -0.9991 -0.0000 0.0435
vn -0.9763 -0.0000 -0.2164
vn -0.8870 -0.0000 -0.4617
vn -0.7372 -0.0000 -0.6756
vn -0.7373 -0.0000 -0.6756
vn -0.5373 -0.0000 -0.8434
vn -0.3007 -0.0000 -0.9537
vn -0.0436 -0.0000 -0.9990
vn -0.5374 -0.0000 -0.8434
vn -0.9962 -0.0000 -0.0874
vn 0.9962 -0.0000 0.0874
vn 0.0870 -0.0000 -0.9962
vn 0.2734 0.9616 0.0240
vn -0.9962 -0.0028 -0.0871
vn -0.0004 -1.0000 0.0050
vn -0.0002 -1.0000 0.0061
vn -0.0011 -1.0000 0.0007
vn -0.0012 -1.0000 -0.0001
vn 0.0004 1.0000 -0.0050
vn 0.0012 1.0000 0.0001
vn 0.0011 1.0000 -0.0007
vn 0.0002 1.0000 -0.0061
vn 0.9966 -0.0000 0.0826
vn -0.0390 -0.0000 0.9992
vn 0.1735 -0.0000 0.9848
vn 0.3419 -0.0000 -0.9397
vn 0.1351 -0.0000 -0.9908
vn -0.9962 -0.0000 -0.0871
vn -0.2165 -0.0000 0.9763
vn -0.9155 -0.3864 -0.1118
vn -0.9775 -0.1920 -0.0874
vn -0.9547 -0.2793 -0.1023
vn -0.9711 -0.2219 -0.0875
vn -0.9590 -0.2759 -0.0655
vn -0.9263 -0.3721 -0.0590
vn -0.9844 -0.1456 -0.0987
vn -0.9470 -0.2976 -0.1209
vn 0.3952 -0.6889 0.6076
vn 0.2296 -0.7624 0.6050
vn 0.2280 -0.7630 0.6049
vn 0.3969 -0.6880 0.6075
vn 0.9256 0.3673 0.0913
vn 0.9264 0.3659 0.0889
vn 0.9311 0.3572 0.0741
vn 0.9170 0.3816 0.1161
vn 0.9299 0.3615 0.0676
vn 0.9717 0.2329 0.0404
vn 0.9207 0.3836 0.0723
vn 0.9772 0.2096 0.0354
vn 0.9717 0.2153 0.0972
vn 0.9145 0.3853 0.1235
vn 0.9734 0.2081 0.0960
vn 0.9111 0.3930 0.1246
vn -0.0000 -0.0000 -1.0000
vn -0.9949 -0.0639 -0.0777
vn -0.9953 -0.0514 -0.0821
vn -0.9972 -0.0475 -0.0585
vn -0.9684 0.2321 -0.0913
vn 0.1873 -0.6353 0.7492
vn 0.0413 -0.6593 0.7507
vn 0.0391 -0.6596 0.7506
vn 0.1898 -0.6348 0.7490
vn 0.9885 0.1298 0.0776
vn 0.9828 0.1620 0.0891
vn 0.9901 0.1196 0.0739
vn 0.9800 0.1755 0.0939
vn 0.9817 0.1749 0.0752
vn 0.9826 0.1702 0.0742
vn 0.9815 0.1758 0.0754
vn 0.9828 0.1694 0.0740
vn 0.9813 0.1693 0.0921
vn 0.9806 0.1727 0.0926
vn 0.9813 0.1691 0.0921
vn 0.9806 0.1729 0.0927
vn -0.9837 0.1693 -0.0600
vn -0.9817 0.1803 -0.0604
vn -0.9810 0.1927 -0.0227
vn -0.9046 0.4250 -0.0308
vn 0.0311 -0.5798 0.8142
vn -0.0944 -0.5476 0.8314
vn -0.0965 -0.5470 0.8316
vn 0.0337 -0.5804 0.8137
vn 0.9615 -0.2743 0.0183
vn 0.9916 -0.1107 0.0674
vn 0.9510 -0.3090 0.0074
vn 0.9948 -0.0608 0.0818
vn 0.9960 -0.0587 0.0676
vn 0.9964 -0.0481 0.0703
vn 0.9959 -0.0609 0.0670
vn 0.9964 -0.0461 0.0708
vn 0.9963 -0.0466 0.0728
vn 0.9958 -0.0575 0.0711
vn 0.9963 -0.0461 0.0729
vn 0.9958 -0.0581 0.0710
vn -0.9167 0.3979 -0.0358
vn -0.9148 0.4021 -0.0384
vn -0.8962 0.4437 0.0042
vn -0.8302 0.5571 0.0202
vn -0.0595 -0.3271 0.9431
vn -0.1236 -0.2905 0.9488
vn -0.1249 -0.2898 0.9489
vn -0.0579 -0.3280 0.9429
vn 0.8898 -0.4553 -0.0328
vn 0.9392 -0.3435 -0.0005
vn 0.8770 -0.4788 -0.0399
vn 0.9492 -0.3147 0.0076
vn 0.9492 -0.3110 0.0474
vn 0.9543 -0.2942 0.0525
vn 0.9482 -0.3144 0.0463
vn 0.9553 -0.2906 0.0535
vn 0.9556 -0.2905 0.0492
vn 0.9567 -0.2866 0.0498
vn 0.9555 -0.2907 0.0492
vn 0.9568 -0.2864 0.0499
vn -0.7930 0.6091 -0.0130
vn -0.7976 0.6030 -0.0157
vn -0.7716 0.6354 0.0284
vn -0.7083 0.7043 0.0476
vn -0.0000 -0.0000 1.0000
vn 0.0001 -0.0000 1.0000
vn 0.7830 -0.6196 -0.0554
vn 0.8160 -0.5765 -0.0418
vn 0.7744 -0.6300 -0.0588
vn 0.8238 -0.5655 -0.0384
vn 0.8309 -0.5563 0.0140
vn 0.8613 -0.5072 0.0306
vn 0.8244 -0.5659 0.0106
vn 0.8673 -0.4966 0.0341
vn 0.8674 -0.4968 0.0283
vn 0.8658 -0.4997 0.0278
vn 0.8675 -0.4967 0.0283
vn 0.8657 -0.4998 0.0277
vn -0.6101 0.7923 0.0072
vn -0.6377 0.7702 0.0063
vn -0.5908 0.8057 0.0421
vn -0.5685 0.8194 0.0731
vn 0.6401 -0.7639 -0.0822
vn 0.6977 -0.7137 -0.0620
vn 0.6236 -0.7768 -0.0876
vn 0.7117 -0.7002 -0.0567
vn 0.7111 -0.7031 0.0040
vn 0.7027 -0.7114 0.0006
vn 0.7128 -0.7013 0.0047
vn 0.7008 -0.7134 -0.0002
vn 0.7018 -0.7123 0.0020
vn 0.7261 -0.6875 0.0071
vn 0.7008 -0.7134 0.0017
vn 0.7274 -0.6862 0.0074
vn -0.4180 0.9081 0.0260
vn -0.4447 0.8954 0.0235
vn -0.3782 0.9248 0.0424
vn -0.4098 0.9090 0.0759
vn 0.4835 -0.8723 -0.0728
vn 0.4528 -0.8878 -0.0819
vn 0.4917 -0.8679 -0.0703
vn 0.4449 -0.8916 -0.0842
vn 0.4568 -0.8893 -0.0226
vn 0.5021 -0.8648 -0.0080
vn 0.4463 -0.8945 -0.0258
vn 0.5123 -0.8588 -0.0047
vn 0.5136 -0.8578 -0.0183
vn 0.5476 -0.8366 -0.0130
vn 0.5122 -0.8587 -0.0185
vn 0.5494 -0.8354 -0.0127
vn -0.2116 0.9767 0.0360
vn -0.2281 0.9730 0.0342
vn -0.1991 0.9790 0.0430
vn -0.2308 0.9711 0.0605
vn 0.3279 -0.9429 -0.0593
vn 0.3026 -0.9508 -0.0663
vn 0.3346 -0.9406 -0.0574
vn 0.2959 -0.9528 -0.0681
vn 0.2997 -0.9534 -0.0350
vn 0.3149 -0.9486 -0.0308
vn 0.2964 -0.9544 -0.0359
vn 0.3182 -0.9476 -0.0299
vn 0.3191 -0.9472 -0.0308
vn 0.3407 -0.9397 -0.0283
vn 0.3182 -0.9475 -0.0309
vn 0.3419 -0.9393 -0.0282
vn -0.1020 0.9940 0.0393
vn -0.1160 0.9925 0.0378
vn -0.0930 0.9948 0.0407
vn -0.1262 0.9907 0.0517
vn 0.1264 -0.9910 -0.0436
vn 0.0990 -0.9938 -0.0510
vn 0.1340 -0.9901 -0.0415
vn 0.0920 -0.9944 -0.0529
vn 0.0935 -0.9948 -0.0413
vn 0.1001 -0.9942 -0.0395
vn 0.0920 -0.9949 -0.0417
vn 0.1017 -0.9940 -0.0391
vn 0.1022 -0.9940 -0.0378
vn 0.1153 -0.9926 -0.0367
vn 0.1017 -0.9941 -0.0379
vn 0.1160 -0.9926 -0.0367
vn 0.9868 -0.1577 0.0359
vn 0.9396 -0.3402 0.0373
vn 0.4994 0.8662 0.0186
vn 0.1869 0.9823 0.0140
vn 0.4994 -0.8657 0.0349
vn 0.0013 -0.9999 0.0107
vn 0.2050 -0.9787 0.0067
vn -0.9524 0.3018 -0.0431
vn 0.4993 -0.8652 -0.0462
vn 0.9155 -0.3865 -0.1118
vn 0.9547 -0.2793 -0.1023
vn 0.9775 -0.1920 -0.0874
vn 0.9711 -0.2218 -0.0875
vn 0.9590 -0.2759 -0.0655
vn 0.9263 -0.3720 -0.0591
vn 0.9844 -0.1456 -0.0988
vn 0.9470 -0.2976 -0.1209
vn -0.3952 -0.6888 0.6077
vn -0.2282 -0.7630 0.6048
vn -0.2296 -0.7624 0.6050
vn -0.3968 -0.6880 0.6076
vn -0.9256 0.3673 0.0913
vn -0.9311 0.3572 0.0741
vn -0.9264 0.3659 0.0889
vn -0.9170 0.3816 0.1160
vn -0.9299 0.3615 0.0676
vn -0.9206 0.3836 0.0723
vn -0.9717 0.2329 0.0404
vn -0.9772 0.2095 0.0354
vn -0.9717 0.2152 0.0972
vn -0.9734 0.2080 0.0960
vn -0.9145 0.3853 0.1235
vn -0.9111 0.3930 0.1246
vn 0.9953 -0.0514 -0.0821
vn 0.9949 -0.0639 -0.0777
vn 0.9972 -0.0475 -0.0585
vn 0.9684 0.2322 -0.0914
vn -0.1873 -0.6353 0.7492
vn -0.0390 -0.6596 0.7506
vn -0.0414 -0.6594 0.7507
vn -0.1898 -0.6348 0.7490
vn -0.9885 0.1298 0.0775
vn -0.9901 0.1196 0.0739
vn -0.9828 0.1620 0.0891
vn -0.9800 0.1755 0.0939
vn -0.9817 0.1749 0.0752
vn -0.9815 0.1758 0.0754
vn -0.9826 0.1703 0.0742
vn -0.9828 0.1694 0.0740
vn -0.9812 0.1693 0.0921
vn -0.9813 0.1692 0.0921
vn -0.9806 0.1727 0.0926
vn -0.9806 0.1729 0.0927
vn 0.9817 0.1804 -0.0604
vn 0.9837 0.1693 -0.0600
vn 0.9810 0.1927 -0.0227
vn 0.9047 0.4250 -0.0308
vn -0.0310 -0.5798 0.8142
vn 0.0962 -0.5470 0.8316
vn 0.0944 -0.5477 0.8314
vn -0.0336 -0.5803 0.8137
vn -0.9615 -0.2743 0.0183
vn -0.9510 -0.3090 0.0074
vn -0.9916 -0.1108 0.0674
vn -0.9948 -0.0609 0.0818
vn -0.9960 -0.0588 0.0676
vn -0.9959 -0.0609 0.0670
vn -0.9964 -0.0481 0.0703
vn -0.9964 -0.0461 0.0708
vn -0.9963 -0.0466 0.0728
vn -0.9963 -0.0461 0.0729
vn -0.9958 -0.0574 0.0711
vn -0.9958 -0.0580 0.0710
vn 0.9148 0.4021 -0.0384
vn 0.9167 0.3979 -0.0358
vn 0.8962 0.4437 0.0042
vn 0.8302 0.5571 0.0202
vn 0.0591 -0.3271 0.9431
vn 0.1253 -0.2897 0.9489
vn 0.1236 -0.2905 0.9488
vn 0.0579 -0.3280 0.9429
vn -0.8898 -0.4552 -0.0328
vn -0.8770 -0.4788 -0.0399
vn -0.9392 -0.3434 -0.0005
vn -0.9492 -0.3147 0.0076
vn -0.9492 -0.3110 0.0474
vn -0.9482 -0.3144 0.0463
vn -0.9543 -0.2942 0.0524
vn -0.9553 -0.2906 0.0535
vn -0.9556 -0.2905 0.0492
vn -0.9555 -0.2907 0.0492
vn -0.9567 -0.2866 0.0498
vn -0.9568 -0.2864 0.0499
vn 0.7976 0.6030 -0.0157
vn 0.7930 0.6091 -0.0130
vn 0.7716 0.6354 0.0284
vn 0.7083 0.7043 0.0476
vn -0.0001 -0.0000 1.0000
vn -0.7830 -0.6196 -0.0554
vn -0.7744 -0.6300 -0.0588
vn -0.8160 -0.5765 -0.0418
vn -0.8238 -0.5655 -0.0384
vn -0.8309 -0.5563 0.0140
vn -0.8244 -0.5659 0.0106
vn -0.8613 -0.5072 0.0306
vn -0.8673 -0.4966 0.0341
vn -0.8674 -0.4968 0.0283
vn -0.8675 -0.4967 0.0283
vn -0.8658 -0.4997 0.0278
vn -0.8657 -0.4998 0.0277
vn 0.6377 0.7702 0.0063
vn 0.6101 0.7923 0.0072
vn 0.5908 0.8057 0.0421
vn 0.5685 0.8194 0.0731
vn -0.6401 -0.7639 -0.0822
vn -0.6236 -0.7768 -0.0876
vn -0.6977 -0.7137 -0.0620
vn -0.7117 -0.7002 -0.0567
vn -0.7110 -0.7031 0.0040
vn -0.7128 -0.7013 0.0047
vn -0.7027 -0.7114 0.0006
vn -0.7008 -0.7134 -0.0002
vn -0.7018 -0.7123 0.0020
vn -0.7008 -0.7134 0.0018
vn -0.7261 -0.6876 0.0071
vn -0.7273 -0.6862 0.0074
vn 0.4447 0.8954 0.0235
vn 0.4180 0.9081 0.0260
vn 0.3782 0.9248 0.0424
vn 0.4098 0.9090 0.0759
vn -0.4835 -0.8723 -0.0728
vn -0.4917 -0.8679 -0.0703
vn -0.4528 -0.8878 -0.0819
vn -0.4449 -0.8916 -0.0842
vn -0.4568 -0.8893 -0.0226
vn -0.4464 -0.8945 -0.0258
vn -0.5020 -0.8648 -0.0080
vn -0.5123 -0.8588 -0.0047
vn -0.5136 -0.8578 -0.0183
vn -0.5122 -0.8587 -0.0185
vn -0.5476 -0.8366 -0.0130
vn -0.5495 -0.8354 -0.0127
vn 0.2281 0.9730 0.0342
vn 0.2116 0.9767 0.0360
vn 0.1991 0.9790 0.0430
vn 0.2308 0.9711 0.0606
vn -0.3279 -0.9429 -0.0593
vn -0.3346 -0.9406 -0.0574
vn -0.3026 -0.9508 -0.0663
vn -0.2959 -0.9528 -0.0681
vn -0.2997 -0.9534 -0.0350
vn -0.2964 -0.9544 -0.0359
vn -0.3149 -0.9486 -0.0308
vn -0.3182 -0.9476 -0.0299
vn -0.3191 -0.9472 -0.0308
vn -0.3182 -0.9475 -0.0309
vn -0.3407 -0.9397 -0.0283
vn -0.3419 -0.9393 -0.0282
vn 0.1160 0.9925 0.0378
vn 0.1020 0.9940 0.0393
vn 0.0930 0.9948 0.0407
vn 0.1262 0.9907 0.0517
vn -0.1264 -0.9910 -0.0436
vn -0.1340 -0.9901 -0.0415
vn -0.0990 -0.9938 -0.0510
vn -0.0920 -0.9944 -0.0530
vn -0.0935 -0.9948 -0.0413
vn -0.0920 -0.9949 -0.0417
vn -0.1002 -0.9942 -0.0395
vn -0.1017 -0.9940 -0.0391
vn -0.1022 -0.9940 -0.0378
vn -0.1017 -0.9941 -0.0379
vn -0.1153 -0.9926 -0.0367
vn -0.1160 -0.9926 -0.0367
vn -0.9868 -0.1578 0.0359
vn -0.9396 -0.3402 0.0373
vn -0.9868 -0.1577 0.0359
vn -0.4994 0.8661 0.0186
vn -0.1868 0.9823 0.0140
vn -0.4994 -0.8657 0.0349
vn -0.0014 -0.9999 0.0107
vn -0.2050 -0.9787 0.0067
vn 0.9524 0.3018 -0.0431
vn -0.9868 -0.1577 0.0360
vn -0.4993 -0.8652 -0.0462
vn -1.0000 -0.0000 -0.0000
vn -0.9781 -0.2079 -0.0000
vn -0.9135 -0.4067 -0.0000
vn -0.8090 -0.5878 -0.0000
vn -0.6691 -0.7431 -0.0000
vn -0.5000 -0.8660 -0.0000
vn -0.3090 -0.9511 -0.0000
vn -0.1045 -0.9945 -0.0000
vn 0.1045 -0.9945 -0.0000
vn 0.3090 -0.9511 -0.0000
vn 0.5000 -0.8660 -0.0000
vn 0.6691 -0.7431 -0.0000
vn 0.8090 -0.5878 -0.0000
vn 0.9135 -0.4067 -0.0000
vn 0.9781 -0.2079 -0.0000
vn 1.0000 -0.0000 -0.0000
vn 0.9781 0.2079 -0.0000
vn 0.9135 0.4067 -0.0000
vn 0.8090 0.5878 -0.0000
vn 0.6691 0.7431 -0.0000
vn 0.5000 0.8660 -0.0000
vn 0.3090 0.9511 -0.0000
vn 0.1045 0.9945 -0.0000
vn -0.1045 0.9945 -0.0000
vn -0.3090 0.9511 -0.0000
vn -0.5000 0.8660 -0.0000
vn -0.6691 0.7431 -0.0000
vn -0.8090 0.5878 -0.0000
vn -0.9135 0.4067 -0.0000
vn -0.9781 0.2079 -0.0000
vn 0.1285 0.9682 -0.2149
vn 0.1285 0.9681 -0.2149
vn -0.1284 -0.9681 0.2149
vn -0.3403 0.2466 0.9074
vn -0.3402 0.2466 0.9075
vn -0.3401 0.2466 0.9075
vn 0.9315 -0.0435 0.3611
vn -0.9315 0.0435 -0.3611
vn -0.0499 0.9681 -0.2454
vn -0.0500 0.9682 -0.2453
vn 0.0499 -0.9682 0.2453
vn 0.0500 -0.9681 0.2453
vn 0.3602 0.2466 0.8997
vn 0.3603 0.2466 0.8997
vn 0.3603 0.2466 0.8996
vn 0.9315 -0.0434 -0.3611
vn 0.9315 -0.0435 -0.3611
vn -0.9315 0.0434 0.3611
vn -0.9315 0.0435 0.3611
vn -0.9548 -0.2793 -0.1023
vn 0.3952 -0.6889 0.6077
vn 0.2305 -0.7622 0.6049
vn 0.2290 -0.7628 0.6047
vn 0.3968 -0.6880 0.6076
vn 0.9110 0.3930 0.1246
vn 0.1883 -0.6351 0.7491
vn 0.0416 -0.6592 0.7508
vn 0.0390 -0.6595 0.7507
vn 0.1905 -0.6347 0.7489
vn -0.9046 0.4251 -0.0308
vn 0.0320 -0.5798 0.8141
vn -0.0946 -0.5475 0.8314
vn -0.0967 -0.5469 0.8316
vn 0.0346 -0.5803 0.8136
vn -0.0593 -0.3270 0.9432
vn -0.1241 -0.2903 0.9488
vn -0.1253 -0.2896 0.9489
vn -0.0579 -0.3278 0.9430
vn 0.8161 -0.5765 -0.0418
vn 0.8239 -0.5655 -0.0384
vn 0.8309 -0.5562 0.0140
vn 0.8658 -0.4996 0.0278
vn 0.7110 -0.7032 0.0040
vn 0.7261 -0.6876 0.0071
vn 0.7273 -0.6862 0.0074
vn 0.4529 -0.8878 -0.0819
vn 0.4464 -0.8945 -0.0259
vn 0.5137 -0.8578 -0.0182
vn 0.5495 -0.8354 -0.0127
vn -0.0929 0.9948 0.0407
vn -0.1261 0.9907 0.0517
vn 0.1001 -0.9942 -0.0396
vn 0.1017 -0.9940 -0.0392
vn 0.1017 -0.9941 -0.0378
vn 0.9868 -0.1580 0.0360
vn 0.9868 -0.1579 0.0360
vn 0.4994 0.8662 0.0187
vn 0.9868 -0.1580 0.0361
vn 0.1864 0.9824 0.0141
vn 0.9868 -0.1580 0.0359
vn 0.2047 -0.9788 0.0067
vn 0.9868 -0.1581 0.0360
vn 0.5001 -0.8647 -0.0462
vn -0.3952 -0.6889 0.6077
vn -0.2289 -0.7628 0.6048
vn -0.2305 -0.7622 0.6049
vn -0.3969 -0.6880 0.6076
vn -0.9264 0.3659 0.0888
vn -0.9110 0.3930 0.1246
vn 0.9684 0.2322 -0.0913
vn -0.1880 -0.6352 0.7491
vn -0.0393 -0.6595 0.7507
vn -0.0415 -0.6593 0.7508
vn -0.1905 -0.6346 0.7490
vn 0.9817 0.1803 -0.0604
vn 0.9046 0.4250 -0.0309
vn -0.0320 -0.5797 0.8142
vn 0.0966 -0.5469 0.8316
vn 0.0946 -0.5476 0.8314
vn -0.0346 -0.5803 0.8137
vn 0.0593 -0.3270 0.9432
vn 0.1241 -0.2904 0.9488
vn 0.0577 -0.3278 0.9430
vn -0.8161 -0.5765 -0.0418
vn -0.8309 -0.5562 0.0140
vn -0.8658 -0.4996 0.0278
vn -0.7116 -0.7002 -0.0568
vn -0.7110 -0.7032 0.0040
vn -0.7128 -0.7014 0.0047
vn -0.7273 -0.6863 0.0074
vn -0.4529 -0.8878 -0.0819
vn -0.4450 -0.8916 -0.0842
vn -0.5021 -0.8648 -0.0080
vn -0.0000 -0.0003 1.0000
vn 0.0929 0.9948 0.0407
vn 0.1261 0.9907 0.0517
vn -0.0920 -0.9944 -0.0529
vn -0.1002 -0.9942 -0.0396
vn -0.1017 -0.9940 -0.0392
vn -0.9868 -0.1580 0.0360
vn -0.9868 -0.1579 0.0360
vn -0.4995 0.8661 0.0187
vn -0.9868 -0.1580 0.0359
vn -0.1859 0.9825 0.0141
vn -0.9868 -0.1580 0.0361
vn -0.2047 -0.9788 0.0067
vn -0.5001 -0.8647 -0.0462
vn -0.6691 -0.7432 -0.0000
vn -0.3090 -0.9510 -0.0000
vn 0.3090 -0.9510 -0.0000
vn 0.6691 -0.7432 -0.0000
vn 0.1285 0.9681 0.2149
vn -0.1285 -0.9681 -0.2149
vn -0.1288 -0.9681 -0.2149
vn 0.3402 -0.2466 0.9074
vn 0.3403 -0.2466 0.9074
vn 0.3405 -0.2466 0.9073
vn -0.0499 0.9681 0.2454
vn -0.0499 0.9682 0.2453
vn 0.0499 -0.9682 -0.2453
vn -0.3603 -0.2466 0.8997
vn -0.9711 -0.2218 -0.0875
vn 0.3948 -0.6891 0.6076
vn 0.2305 -0.7623 0.6048
vn 0.2290 -0.7628 0.6048
vn 0.3965 -0.6883 0.6075
vn 0.9206 0.3836 0.0723
vn 0.9145 0.3853 0.1234
vn -0.9684 0.2322 -0.0913
vn 0.1880 -0.6353 0.7491
vn 0.0406 -0.6594 0.7507
vn 0.0383 -0.6596 0.7506
vn 0.1908 -0.6346 0.7489
vn 0.9806 0.1727 0.0927
vn 0.0311 -0.5796 0.8143
vn -0.0946 -0.5477 0.8313
vn -0.0967 -0.5470 0.8315
vn 0.0337 -0.5801 0.8138
vn -0.0592 -0.3272 0.9431
vn -0.1235 -0.2906 0.9488
vn -0.1248 -0.2898 0.9489
vn -0.0578 -0.3280 0.9429
vn 0.8897 -0.4553 -0.0328
vn 0.8770 -0.4789 -0.0399
vn 0.9491 -0.3147 0.0076
vn -0.0002 -0.0000 1.0000
vn 0.6237 -0.7768 -0.0876
vn 0.7110 -0.7031 0.0040
vn -0.4099 0.9090 0.0759
vn 0.4916 -0.8679 -0.0703
vn 0.4464 -0.8945 -0.0258
vn -0.2309 0.9711 0.0606
vn 0.3025 -0.9508 -0.0663
vn -0.0929 0.9948 0.0406
vn 0.1263 -0.9910 -0.0436
vn 0.1339 -0.9901 -0.0415
vn 0.1874 0.9822 0.0141
vn 0.4978 -0.8666 0.0349
vn 0.0015 -0.9999 0.0107
vn 0.2049 -0.9788 0.0067
vn 0.4992 -0.8653 -0.0462
vn 0.9844 -0.1455 -0.0988
vn -0.3951 -0.6891 0.6075
vn -0.2290 -0.7628 0.6048
vn -0.2306 -0.7622 0.6049
vn -0.3964 -0.6883 0.6075
vn -0.0382 -0.6597 0.7506
vn -0.0405 -0.6594 0.7507
vn -0.9813 0.1693 0.0921
vn -0.9806 0.1727 0.0927
vn 0.9046 0.4250 -0.0308
vn -0.0314 -0.5797 0.8142
vn 0.0966 -0.5471 0.8315
vn 0.0946 -0.5477 0.8313
vn -0.0336 -0.5801 0.8139
vn 0.0593 -0.3272 0.9431
vn 0.1248 -0.2899 0.9489
vn 0.1235 -0.2906 0.9488
vn 0.0578 -0.3280 0.9429
vn 0.0001 -0.0002 1.0000
vn -0.8239 -0.5655 -0.0384
vn -0.6237 -0.7768 -0.0876
vn -0.7117 -0.7002 -0.0568
vn 0.4099 0.9090 0.0759
vn -0.4916 -0.8680 -0.0704
vn 0.2309 0.9711 0.0606
vn -0.3025 -0.9508 -0.0663
vn -0.3148 -0.9486 -0.0308
vn -0.1263 -0.9910 -0.0436
vn -0.1339 -0.9901 -0.0415
vn -0.1001 -0.9942 -0.0396
vn -0.4996 0.8660 0.0186
vn -0.1875 0.9822 0.0141
vn -0.4979 -0.8665 0.0349
vn -0.0015 -0.9999 0.0107
vn -0.2049 -0.9788 0.0067
vn -0.4994 -0.8651 -0.0462
vn -0.1286 -0.9681 -0.2149
vn -0.0496 0.9682 0.2454
vn -0.0503 0.9682 0.2453
vn 0.0499 -0.9681 -0.2453
vn 0.0498 -0.9681 -0.2454
vn -0.0000 -0.0002 1.0000
vn 0.0006 -0.0001 1.0000
vn 0.0004 0.0001 1.0000
vn 0.0003 0.0002 1.0000
vn 0.0002 0.0003 1.0000
vn 0.0001 0.0003 1.0000
vn -0.0000 0.0003 1.0000
vn -0.0001 0.0003 1.0000
vn -0.0002 0.0003 1.0000
vn -0.0003 0.0002 1.0000
vn -0.0004 0.0001 1.0000
vn -0.0006 -0.0001 1.0000
vn -0.0010 -0.0003 1.0000
vn -0.0009 -0.0003 1.0000
vn -0.0007 -0.0004 1.0000
vn -0.0006 -0.0005 1.0000
vn -0.0004 -0.0006 1.0000
vn -0.0003 -0.0006 1.0000
vn -0.0001 -0.0007 1.0000
vn -0.0000 -0.0007 1.0000
vn 0.0001 -0.0007 1.0000
vn 0.0003 -0.0006 1.0000
vn 0.0004 -0.0006 1.0000
vn 0.0006 -0.0005 1.0000
vn 0.0007 -0.0004 1.0000
vn 0.0009 -0.0003 1.0000
vn 0.0010 -0.0003 1.0000
vn 0.9135 -0.4068 -0.0000
vn 0.9782 -0.2079 -0.0000
vn 0.9782 0.2079 -0.0000
vn 0.9135 0.4068 -0.0000
vn -0.9877 -0.1565 -0.0000
vn -0.9877 -0.1564 -0.0000
vn -0.8910 -0.4540 -0.0000
vn -0.7071 -0.7071 -0.0000
vn -0.4540 -0.8910 -0.0000
vn -0.1564 -0.9877 -0.0000
vn 0.1564 -0.9877 -0.0000
vn 0.4540 -0.8910 -0.0000
vn 0.7071 -0.7071 -0.0000
vn 0.8910 -0.4540 -0.0000
vn 0.9877 -0.1564 -0.0000
vn 0.9877 -0.1565 -0.0000
vn 0.9877 0.1565 -0.0000
vn 0.9877 0.1564 -0.0000
vn 0.8910 0.4540 -0.0000
vn 0.7071 0.7071 -0.0000
vn 0.4540 0.8910 -0.0000
vn 0.1564 0.9877 -0.0000
vn -0.1564 0.9877 -0.0000
vn -0.4540 0.8910 -0.0000
vn -0.7071 0.7071 -0.0000
vn -0.8910 0.4540 -0.0000
vn -0.9877 0.1565 -0.0000
vn -0.9877 0.1564 -0.0000
vn -0.0000 -0.0004 -1.0000
vn 0.0001 -0.0004 -1.0000
vn -0.0001 -0.0004 -1.0000
vn -0.0014 -0.0005 -1.0000
vn -0.0009 -0.0006 -1.0000
vn -0.0006 -0.0006 -1.0000
vn -0.0003 -0.0007 -1.0000
vn -0.0001 -0.0007 -1.0000
vn 0.0001 -0.0007 -1.0000
vn 0.0003 -0.0007 -1.0000
vn 0.0006 -0.0006 -1.0000
vn 0.0009 -0.0006 -1.0000
vn 0.0014 -0.0005 -1.0000
vn -0.0000 0.0004 1.0000
vn -0.0001 0.0004 1.0000
vn 0.0001 0.0004 1.0000
vn 0.0014 0.0005 1.0000
vn 0.0009 0.0006 1.0000
vn 0.0006 0.0006 1.0000
vn 0.0003 0.0007 1.0000
vn 0.0001 0.0007 1.0000
vn -0.0001 0.0007 1.0000
vn -0.0003 0.0007 1.0000
vn -0.0006 0.0006 1.0000
vn -0.0009 0.0006 1.0000
vn -0.0014 0.0005 1.0000
vn -0.2643 -0.0422 -0.9635
vn -0.2644 -0.0423 -0.9635
vn -0.2385 -0.1215 -0.9635
vn -0.2385 -0.1214 -0.9635
vn -0.1893 -0.1892 -0.9635
vn -0.1893 -0.1891 -0.9635
vn -0.1215 -0.2384 -0.9635
vn -0.0419 -0.2643 -0.9635
vn -0.0418 -0.2643 -0.9635
vn 0.0419 -0.2643 -0.9635
vn 0.0419 -0.2644 -0.9635
vn 0.1215 -0.2385 -0.9635
vn 0.1892 -0.1892 -0.9635
vn 0.1892 -0.1893 -0.9635
vn 0.2385 -0.1215 -0.9635
vn 0.2384 -0.1215 -0.9635
vn 0.2643 -0.0423 -0.9635
vn 0.2643 0.0415 -0.9635
vn 0.2643 0.0416 -0.9635
vn 0.2384 0.1215 -0.9635
vn 0.2385 0.1216 -0.9635
vn 0.1893 0.1892 -0.9635
vn 0.1892 0.1892 -0.9635
vn 0.1214 0.2385 -0.9635
vn 0.1215 0.2385 -0.9635
vn 0.0419 0.2644 -0.9635
vn -0.0419 0.2644 -0.9635
vn -0.0418 0.2644 -0.9635
vn -0.1215 0.2385 -0.9635
vn -0.1214 0.2385 -0.9635
vn -0.1892 0.1892 -0.9635
vn -0.1893 0.1892 -0.9635
vn -0.2385 0.1215 -0.9635
vn -0.2644 0.0415 -0.9635
vn -0.0020 -0.0007 -1.0000
vn -0.0012 -0.0007 -1.0000
vn -0.0007 -0.0008 -1.0000
vn -0.0004 -0.0008 -1.0000
vn -0.0001 -0.0008 -1.0000
vn 0.0001 -0.0008 -1.0000
vn 0.0004 -0.0008 -1.0000
vn 0.0007 -0.0008 -1.0000
vn 0.0012 -0.0007 -1.0000
vn 0.0020 -0.0007 -1.0000
vn -0.8660 -0.0000 -0.5000
vn 0.5000 -0.0000 -0.8660
vn -0.5000 -0.0000 0.8660
vn -0.0000 -1.0000 0.0001
vn 0.8660 -0.0000 -0.5000
vn -0.5000 -0.0000 -0.8660
vn 0.5000 -0.0000 0.8660
vn -0.0000 1.0000 0.0001
vn -0.0000 1.0000 -0.0001
vn -0.0000 -1.0000 -0.0001
vn -0.0001 -0.0001 -1.0000
vn -0.0001 -0.0000 -1.0000
vn -0.0000 -0.0001 -1.0000
vn -0.8247 -0.0000 -0.5655
vn 0.8247 -0.0000 -0.5655
vn 0.0254 -0.1225 -0.9921
vn 0.0071 -0.1165 -0.9932
vn 0.0077 -0.1167 -0.9931
vn 0.0261 -0.1227 -0.9921
vn -0.9616 0.2676 -0.0614
vn -0.9610 0.2636 -0.0835
vn -0.9610 0.2638 -0.0827
vn -0.9616 0.2677 -0.0607
vn -0.0257 0.1243 0.9919
vn -0.0070 0.1200 0.9928
vn -0.0075 0.1201 0.9927
vn -0.0262 0.1244 0.9919
vn 0.9622 -0.2654 0.0612
vn 0.9610 -0.2637 0.0831
vn 0.9611 -0.2637 0.0825
vn 0.9622 -0.2655 0.0604
vn 0.0111 -0.2076 -0.9781
vn -0.0025 -0.1962 -0.9806
vn 0.0024 -0.2003 -0.9797
vn 0.0174 -0.2130 -0.9769
vn 0.0117 -0.1459 -0.9892
vn 0.0090 -0.1435 -0.9896
vn 0.0097 -0.1441 -0.9895
vn 0.0126 -0.1466 -0.9891
vn 0.0107 -0.1395 -0.9902
vn 0.0092 -0.1373 -0.9905
vn 0.0096 -0.1379 -0.9904
vn 0.0112 -0.1402 -0.9901
vn 0.0236 -0.1259 -0.9918
vn 0.0242 -0.1275 -0.9915
vn 0.0241 -0.1271 -0.9916
vn 0.0235 -0.1254 -0.9918
vn 0.0032 -0.1352 -0.9908
vn 0.0039 -0.1321 -0.9912
vn 0.0037 -0.1333 -0.9911
vn 0.0030 -0.1366 -0.9906
vn 0.0511 -0.1300 -0.9902
vn 0.0474 -0.1356 -0.9896
vn 0.0496 -0.1323 -0.9900
vn 0.0538 -0.1261 -0.9906
vn 0.9452 -0.3212 0.0589
vn 0.9452 -0.3212 0.0592
vn 0.9246 -0.3752 0.0657
vn 0.8378 -0.5392 0.0858
vn 0.8378 -0.5392 0.0857
vn 0.6547 -0.7479 0.1101
vn 0.6547 -0.7479 0.1098
vn 0.2200 -0.9666 0.1312
vn 0.0182 -0.9912 0.1308
vn 0.0181 -0.9912 0.1308
vn -0.0120 0.2031 0.9791
vn 0.0050 0.2053 0.9787
vn -0.0010 0.2045 0.9789
vn -0.0175 0.2024 0.9791
vn -0.0120 0.1451 0.9894
vn -0.0080 0.1448 0.9894
vn -0.0092 0.1449 0.9894
vn -0.0130 0.1451 0.9893
vn -0.0110 0.1389 0.9902
vn -0.0082 0.1382 0.9904
vn -0.0092 0.1384 0.9903
vn -0.0118 0.1391 0.9902
vn -0.0233 0.1262 0.9917
vn -0.0251 0.1273 0.9916
vn -0.0245 0.1269 0.9916
vn -0.0229 0.1259 0.9918
vn -0.0041 0.1350 0.9908
vn -0.0020 0.1322 0.9912
vn -0.0028 0.1333 0.9911
vn -0.0049 0.1359 0.9907
vn -0.0496 0.1303 0.9902
vn -0.0540 0.1367 0.9891
vn -0.0511 0.1325 0.9899
vn -0.0472 0.1268 0.9908
vn -0.9524 0.2995 -0.0562
vn -0.9524 0.2995 -0.0563
vn -0.9229 0.3793 -0.0662
vn -0.9229 0.3793 -0.0661
vn -0.8291 0.5523 -0.0873
vn -0.6426 0.7581 -0.1111
vn -0.6426 0.7581 -0.1112
vn -0.2250 0.9655 -0.1311
vn -0.2250 0.9655 -0.1310
vn -0.2250 0.9655 -0.1312
vn -0.0096 0.9914 -0.1306
vn 0.9683 -0.2358 0.0821
vn 0.9676 -0.2379 0.0848
vn 0.9679 -0.2369 0.0835
vn 0.9687 -0.2347 0.0807
vn 0.9690 -0.2371 0.0695
vn 0.9780 -0.2025 0.0492
vn 0.9748 -0.2157 0.0569
vn 0.9631 -0.2566 0.0810
vn 0.9758 -0.2183 0.0126
vn 0.9864 -0.1638 0.0111
vn 0.9832 -0.1819 0.0116
vn 0.9667 -0.2555 0.0135
vn 0.0995 0.2070 -0.9733
vn 0.1282 0.1830 -0.9747
vn 0.1146 0.1945 -0.9742
vn 0.0862 0.2180 -0.9721
vn 0.1609 0.6238 -0.7648
vn 0.1583 0.6255 -0.7640
vn 0.1595 0.6247 -0.7644
vn 0.1621 0.6231 -0.7652
vn 0.1586 0.9111 -0.3804
vn 0.1529 0.9136 -0.3767
vn 0.1561 0.9122 -0.3788
vn 0.1620 0.9096 -0.3825
vn -0.9685 0.2353 -0.0821
vn -0.9684 0.2343 -0.0856
vn -0.9684 0.2347 -0.0840
vn -0.9685 0.2357 -0.0807
vn -0.9708 0.2281 -0.0740
vn -0.9744 0.2217 -0.0364
vn -0.9732 0.2242 -0.0506
vn -0.9693 0.2301 -0.0864
vn -0.9777 0.2086 -0.0226
vn -0.9854 0.1682 0.0277
vn -0.9824 0.1867 0.0048
vn -0.9747 0.2203 -0.0374
vn -0.0993 -0.2179 0.9709
vn -0.1328 -0.2258 0.9651
vn -0.1195 -0.2227 0.9675
vn -0.0857 -0.2146 0.9729
vn -0.1591 -0.5818 0.7976
vn -0.1554 -0.5813 0.7987
vn -0.1567 -0.5815 0.7983
vn -0.1604 -0.5820 0.7972
vn -0.1598 -0.8879 0.4313
vn -0.1485 -0.8878 0.4357
vn -0.1523 -0.8878 0.4342
vn -0.1634 -0.8880 0.4299
vt 0.123225 0.799108
vt 0.121139 0.813441
vt 0.125551 0.824704
vt 0.129985 0.787299
vt 0.117176 0.824437
vt 0.122622 0.786459
vt 0.178909 0.289954
vt 0.177341 0.287973
vt 0.184085 0.287973
vt 0.182517 0.289954
vt 0.175616 0.263480
vt 0.185810 0.263480
vt 0.140587 0.266986
vt 0.140475 0.283893
vt 0.165484 0.277704
vt 0.165034 0.262034
vt 0.166377 0.260652
vt 0.166567 0.270978
vt 0.149953 0.276874
vt 0.150523 0.264455
vt 0.067426 0.282960
vt 0.068082 0.266357
vt 0.243355 0.285800
vt 0.246555 0.313892
vt 0.274647 0.310692
vt 0.271446 0.282600
vt 0.179021 0.322225
vt 0.179021 0.355124
vt 0.211922 0.355124
vt 0.211922 0.322225
vt 0.076576 0.266484
vt 0.076619 0.282422
vt 0.114810 0.277972
vt 0.114608 0.266709
vt 0.269630 0.286259
vt 0.266627 0.283149
vt 0.256316 0.296111
vt 0.271726 0.290041
vt 0.272772 0.294236
vt 0.272697 0.298559
vt 0.271505 0.302715
vt 0.269278 0.306421
vt 0.266168 0.309424
vt 0.262386 0.311520
vt 0.258191 0.312567
vt 0.253868 0.312491
vt 0.249712 0.311299
vt 0.246006 0.309072
vt 0.209340 0.326215
vt 0.206278 0.322225
vt 0.192650 0.335852
vt 0.211266 0.330864
vt 0.211922 0.335852
vt 0.211266 0.340840
vt 0.209340 0.345488
vt 0.206278 0.349480
vt 0.202286 0.352542
vt 0.197638 0.354468
vt 0.192650 0.355124
vt 0.187662 0.354468
vt 0.183013 0.352542
vt 0.179021 0.349480
vt 0.217970 0.230738
vt 0.215160 0.227077
vt 0.202659 0.239578
vt 0.219736 0.235003
vt 0.220339 0.239578
vt 0.219736 0.244154
vt 0.217970 0.248419
vt 0.215160 0.252080
vt 0.211499 0.254889
vt 0.207234 0.256656
vt 0.202659 0.257258
vt 0.198083 0.256656
vt 0.193819 0.254889
vt 0.190157 0.252080
vt 0.190157 0.227077
vt 0.190157 0.257258
vt 0.220339 0.257258
vt 0.220339 0.227077
vt 0.173296 0.282276
vt 0.173296 0.251902
vt 0.203670 0.251902
vt 0.203670 0.282276
vt 0.094159 0.289025
vt 0.100184 0.292764
vt 0.115583 0.295679
vt 0.109558 0.291940
vt 0.124211 0.302264
vt 0.124227 0.281261
vt 0.129198 0.281381
vt 0.129182 0.302383
vt 0.124369 0.281402
vt 0.129040 0.302243
vt 0.290583 0.859237
vt 0.290583 0.861911
vt 0.302787 0.863562
vt 0.302787 0.860887
vt 0.290635 0.868440
vt 0.291318 0.870188
vt 0.313989 0.867457
vt 0.313307 0.865709
vt 0.102840 0.239389
vt 0.102840 0.345500
vt 0.085155 0.345500
vt 0.292073 0.866233
vt 0.293309 0.867511
vt 0.309754 0.865368
vt 0.308518 0.864090
vt 0.169159 0.288878
vt 0.169159 0.289069
vt 0.160317 0.289069
vt 0.160317 0.288878
vt 0.292657 0.867348
vt 0.293330 0.871744
vt 0.321864 0.864824
vt 0.293370 0.871774
vt 0.292698 0.867378
vt 0.321904 0.864854
vt 0.290572 0.861018
vt 0.290583 0.860471
vt 0.293318 0.872042
vt 0.304411 0.865382
vt 0.300176 0.866324
vt 0.275687 0.692481
vt 0.311057 0.692319
vt 0.295040 0.867182
vt 0.306787 0.864419
vt 0.222215 0.276602
vt 0.107261 0.276602
vt 0.296513 0.867601
vt 0.295632 0.870177
vt 0.306131 0.869045
vt 0.307011 0.866469
vt 0.244321 0.345500
vt 0.226636 0.345500
vt 0.226636 0.239389
vt 0.303294 0.851292
vt 0.290846 0.852885
vt 0.314876 0.850241
vt 0.324803 0.849802
vt 0.332397 0.850006
vt 0.337143 0.850839
vt 0.338715 0.852245
vt 0.337007 0.854127
vt 0.332135 0.856357
vt 0.324432 0.858784
vt 0.314422 0.861241
vt 0.290321 0.865588
vt 0.164738 0.345500
vt 0.313081 0.869272
vt 0.310642 0.871030
vt 0.306840 0.872612
vt 0.301934 0.873909
vt 0.296258 0.874834
vt 0.290199 0.875323
vt 0.284169 0.875343
vt 0.278580 0.874893
vt 0.273813 0.874003
vt 0.270192 0.872733
vt 0.267964 0.871172
vt 0.488541 0.128505
vt 0.525136 0.126143
vt 0.488619 0.132495
vt 0.525067 0.121177
vt 0.544966 0.126165
vt 0.544834 0.121562
vt 0.556742 0.126994
vt 0.547550 0.121630
vt 0.477867 0.203819
vt 0.513564 0.204611
vt 0.477804 0.211478
vt 0.513626 0.196951
vt 0.525141 0.131443
vt 0.500825 0.139036
vt 0.544974 0.131170
vt 0.560251 0.131833
vt 0.532660 0.139254
vt 0.500766 0.143523
vt 0.549989 0.138483
vt 0.562910 0.135720
vt 0.532513 0.144580
vt 0.500916 0.147077
vt 0.549829 0.143986
vt 0.564432 0.144274
vt 0.532574 0.148621
vt 0.500742 0.151108
vt 0.549859 0.148055
vt 0.564711 0.148065
vt 0.532289 0.152896
vt 0.501061 0.154576
vt 0.549553 0.152759
vt 0.564410 0.151904
vt 0.532485 0.156304
vt 0.500810 0.157292
vt 0.549733 0.155850
vt 0.564618 0.155051
vt 0.532134 0.158523
vt 0.500540 0.159112
vt 0.549372 0.158001
vt 0.564265 0.157387
vt 0.531763 0.159548
vt 0.500264 0.159937
vt 0.548990 0.159000
vt 0.563919 0.158524
vt 0.782470 0.323748
vt 0.864462 0.323748
vt 0.862671 0.298659
vt 0.857373 0.274668
vt 0.848803 0.252819
vt 0.837334 0.234071
vt 0.823465 0.219244
vt 0.807807 0.208982
vt 0.791040 0.203737
vt 0.773898 0.203737
vt 0.757133 0.208982
vt 0.741473 0.219244
vt 0.727606 0.234071
vt 0.716136 0.252819
vt 0.707564 0.274668
vt 0.702269 0.298659
vt 0.700476 0.323748
vt 0.702269 0.348837
vt 0.707564 0.372831
vt 0.716136 0.394676
vt 0.727606 0.413425
vt 0.741473 0.428251
vt 0.757133 0.438513
vt 0.773898 0.443759
vt 0.791040 0.443759
vt 0.807807 0.438513
vt 0.823465 0.428251
vt 0.837334 0.413425
vt 0.848803 0.394676
vt 0.857373 0.372828
vt 0.862671 0.348837
vt 0.512778 0.284212
vt 0.512926 0.285628
vt 0.513366 0.286983
vt 0.514078 0.288216
vt 0.515031 0.289274
vt 0.516183 0.290111
vt 0.517484 0.290690
vt 0.518877 0.290986
vt 0.520301 0.290986
vt 0.521694 0.290690
vt 0.522995 0.290111
vt 0.524147 0.289274
vt 0.525100 0.288216
vt 0.525812 0.286983
vt 0.526252 0.285628
vt 0.526401 0.284212
vt 0.526252 0.282796
vt 0.525812 0.281442
vt 0.525100 0.280208
vt 0.524147 0.279150
vt 0.522995 0.278313
vt 0.521694 0.277734
vt 0.520301 0.277438
vt 0.518877 0.277438
vt 0.517484 0.277734
vt 0.516183 0.278313
vt 0.515031 0.279150
vt 0.514078 0.280208
vt 0.513366 0.281442
vt 0.512926 0.282796
vt 0.519589 0.284212
vt 0.529440 0.321926
vt 0.544335 0.329787
vt 0.544577 0.321926
vt 0.529197 0.329787
vt 0.873883 0.620137
vt 0.970945 0.555422
vt 0.976914 0.583164
vt 0.961955 0.529534
vt 0.951989 0.508835
vt 0.936840 0.485903
vt 0.920698 0.469720
vt 0.897811 0.454780
vt 0.874179 0.450849
vt 0.897803 0.454754
vt 0.920703 0.469668
vt 0.936843 0.485857
vt 0.951987 0.508840
vt 0.961955 0.529547
vt 0.970940 0.555410
vt 0.976911 0.583143
vt 0.972808 0.847390
vt 0.968336 0.872428
vt 0.960378 0.897407
vt 0.948383 0.921312
vt 0.933033 0.942661
vt 0.913961 0.958722
vt 0.892159 0.969792
vt 0.869422 0.973304
vt 0.892173 0.969780
vt 0.913943 0.958620
vt 0.933031 0.942744
vt 0.948367 0.921299
vt 0.960326 0.897049
vt 0.968472 0.872297
vt 0.972795 0.847393
vt 0.552592 0.198321
vt 0.545682 0.201377
vt 0.545962 0.202214
vt 0.546528 0.203006
vt 0.547357 0.203719
vt 0.548412 0.204321
vt 0.549646 0.204786
vt 0.551007 0.205094
vt 0.552434 0.205231
vt 0.553864 0.205191
vt 0.555237 0.204976
vt 0.556491 0.204596
vt 0.557571 0.204067
vt 0.558432 0.203412
vt 0.559034 0.202659
vt 0.559351 0.201842
vt 0.559501 0.195266
vt 0.559221 0.194429
vt 0.558654 0.193636
vt 0.557826 0.192924
vt 0.556771 0.192322
vt 0.555536 0.191857
vt 0.554176 0.191549
vt 0.552749 0.191412
vt 0.551318 0.191451
vt 0.549946 0.191666
vt 0.548692 0.192046
vt 0.547611 0.192576
vt 0.546751 0.193231
vt 0.546149 0.193984
vt 0.545832 0.194800
vt 0.554994 0.199966
vt 0.554994 0.195563
vt 0.550590 0.195563
vt 0.550590 0.199966
vt 0.083015 0.230860
vt 0.083749 0.267460
vt 0.078528 0.267678
vt 0.077827 0.232673
vt 0.075422 0.267808
vt 0.074724 0.232964
vt 0.074630 0.241023
vt 0.074514 0.235208
vt 0.069994 0.246128
vt 0.069783 0.235565
vt 0.064924 0.241429
vt 0.064811 0.235773
vt 0.162156 0.264291
vt 0.161427 0.227908
vt 0.167377 0.264073
vt 0.166647 0.227689
vt 0.172086 0.263876
vt 0.171356 0.227492
vt 0.175823 0.263719
vt 0.175094 0.227336
vt 0.178222 0.263619
vt 0.177493 0.227235
vt 0.179049 0.263584
vt 0.178320 0.227201
vt 0.212430 0.582115
vt 0.176659 0.561633
vt 0.180009 0.550959
vt 0.186983 0.540785
vt 0.196656 0.532249
vt 0.206998 0.528772
vt 0.217844 0.528778
vt 0.228196 0.532255
vt 0.236985 0.538856
vt 0.243359 0.547929
vt 0.248653 0.564000
vt 0.243896 0.845665
vt 0.240530 0.856341
vt 0.234134 0.865458
vt 0.225384 0.872026
vt 0.215030 0.875508
vt 0.204174 0.875508
vt 0.193842 0.872045
vt 0.183823 0.862720
vt 0.177637 0.851070
vt 0.174276 0.840383
vt 0.201878 0.580386
vt 0.202911 0.577098
vt 0.204876 0.574300
vt 0.207580 0.572267
vt 0.210758 0.571199
vt 0.214101 0.571199
vt 0.217280 0.572267
vt 0.219984 0.574300
vt 0.221948 0.577098
vt 0.222981 0.580386
vt 0.219704 0.826942
vt 0.218672 0.830231
vt 0.216707 0.833028
vt 0.214003 0.835061
vt 0.210824 0.836129
vt 0.207482 0.836129
vt 0.204303 0.835061
vt 0.201599 0.833028
vt 0.199634 0.830231
vt 0.198601 0.826942
vt 0.247230 0.764414
vt 0.347185 0.756337
vt 0.247384 0.782000
vt 0.347259 0.773670
vt 0.158446 0.297647
vt 0.159324 0.306803
vt 0.105069 0.286020
vt 0.119569 0.286729
vt 0.119489 0.284101
vt 0.105268 0.288612
vt 0.093770 0.296975
vt 0.141684 0.287600
vt 0.148138 0.273608
vt 0.148596 0.286870
vt 0.141330 0.274264
vt 0.216626 0.329024
vt 0.208258 0.308263
vt 0.209078 0.329024
vt 0.215806 0.308263
vt 0.160414 0.230712
vt 0.146298 0.243402
vt 0.160632 0.241617
vt 0.146079 0.232498
vt 0.264056 0.254415
vt 0.255688 0.233655
vt 0.256508 0.254415
vt 0.263236 0.233655
vt 0.258566 0.314519
vt 0.250198 0.293758
vt 0.251018 0.314519
vt 0.257746 0.293758
vt 0.218676 0.317218
vt 0.210308 0.296457
vt 0.211128 0.317218
vt 0.217856 0.296457
vt 0.137694 0.238770
vt 0.123578 0.251460
vt 0.137912 0.249674
vt 0.123359 0.240556
vt 0.260616 0.302712
vt 0.252248 0.281952
vt 0.253068 0.302712
vt 0.259796 0.281952
vt 0.266106 0.242609
vt 0.257738 0.221849
vt 0.258558 0.242609
vt 0.265286 0.221849
vt 0.297312 0.290204
vt 0.319196 0.312088
vt 0.319196 0.290204
vt 0.297312 0.312088
vt 0.117726 0.263232
vt 0.132227 0.230983
vt 0.117092 0.231616
vt 0.132861 0.262599
vt 0.058943 0.267991
vt 0.069277 0.244416
vt 0.058318 0.243553
vt 0.069490 0.264054
vt 0.058827 0.268992
vt 0.070061 0.246704
vt 0.057950 0.242790
vt 0.070056 0.264102
vt 0.128444 0.864006
vt 0.121334 0.780206
vt 0.117635 0.862997
vt 0.132144 0.781215
vt 0.556157 0.201567
vt 0.556157 0.193729
vt 0.548319 0.193729
vt 0.548319 0.201567
vt 0.489069 0.283659
vt 0.489069 0.293300
vt 0.499571 0.294893
vt 0.499571 0.285251
s 1
usemtl main.015
f 2246/531/268 2247/532/268 2248/533/268
f 2248/533/268 2250/534/268 2246/531/268
f 2250/534/268 2248/533/268 2254/535/268
f 2254/535/268 2256/536/268 2250/534/268
f 2258/537/269 2259/538/269 2260/539/269
f 2260/539/269 2262/540/269 2258/537/269
f 2259/538/269 2265/541/269 2266/542/269
f 2266/542/269 2260/539/269 2259/538/269
f 2270/543/270 2271/544/270 2272/545/270
f 2272/545/270 2274/546/270 2270/543/270
f 2276/547/271 2277/548/271 2278/549/272
f 2278/549/272 2280/550/272 2276/547/271
f 2280/550/272 2278/549/272 2284/551/273
f 2284/551/273 2286/552/273 2280/550/272
f 2288/552/274 2289/551/274 2290/549/275
f 2290/549/275 2292/550/275 2288/552/274
f 2292/550/275 2290/549/275 2296/548/276
f 2296/548/276 2298/547/276 2292/550/275
f 2300/553/268 2301/554/268 2302/555/268
f 2302/555/268 2304/556/268 2300/553/268
f 2306/557/269 2307/558/269 2308/559/269
f 2308/559/269 2310/560/269 2306/557/269
f 2312/553/270 2313/554/270 2314/555/270
f 2314/555/270 2316/556/270 2312/553/270
f 2318/557/277 2319/558/277 2320/559/278
f 2320/559/278 2322/560/278 2318/557/277
f 2324/557/279 2325/558/279 2326/559/279
f 2326/559/279 2328/560/279 2324/557/279
f 2330/561/280 2331/562/280 2332/563/280
f 2332/563/280 2334/564/280 2330/561/280
f 2336/553/268 2337/554/268 2338/555/268
f 2338/555/268 2340/556/268 2336/553/268
f 2342/557/269 2343/558/269 2344/559/269
f 2344/559/269 2346/560/269 2342/557/269
f 2348/553/281 2349/554/281 2350/555/281
f 2350/555/281 2352/556/281 2348/553/281
f 2354/561/278 2355/562/278 2356/563/278
f 2356/563/278 2358/564/278 2354/561/278
f 2360/557/279 2361/558/279 2362/559/279
f 2362/559/279 2364/560/279 2360/557/279
f 2366/557/282 2367/558/282 2368/559/280
f 2368/559/280 2370/560/280 2366/557/282
f 2372/553/268 2373/554/268 2374/555/268
f 2374/555/268 2376/556/268 2372/553/268
f 2378/557/269 2379/558/269 2380/559/269
f 2380/559/269 2382/560/269 2378/557/269
f 2384/553/270 2385/554/270 2386/555/270
f 2386/555/270 2388/556/270 2384/553/270
f 2390/557/277 2391/558/277 2392/559/277
f 2392/559/277 2394/560/277 2390/557/277
f 2396/557/279 2397/558/279 2398/559/279
f 2398/559/279 2400/560/279 2396/557/279
f 2402/561/282 2403/562/282 2404/563/282
f 2404/563/282 2406/564/282 2402/561/282
f 2408/553/268 2409/554/268 2410/555/268
f 2410/555/268 2412/556/268 2408/553/268
f 2414/557/269 2415/558/269 2416/559/269
f 2416/559/269 2418/560/269 2414/557/269
f 2420/553/281 2421/554/281 2422/555/281
f 2422/555/281 2424/556/281 2420/553/281
f 2426/561/278 2427/562/278 2428/563/278
f 2428/563/278 2430/564/278 2426/561/278
f 2432/557/279 2433/558/279 2434/559/279
f 2434/559/279 2436/560/279 2432/557/279
f 2438/557/282 2439/558/282 2440/559/282
f 2440/559/282 2442/560/282 2438/557/282
f 2444/565/268 2445/566/268 2446/567/268
f 2447/568/268 2444/565/268 2446/567/268
f 2450/569/268 2447/568/268 2446/567/268
f 2453/570/268 2450/569/268 2446/567/268
f 2456/571/268 2453/570/268 2446/567/268
f 2459/572/268 2456/571/268 2446/567/268
f 2462/573/268 2459/572/268 2446/567/268
f 2465/574/268 2462/573/268 2446/567/268
f 2468/575/268 2465/574/268 2446/567/268
f 2471/576/268 2468/575/268 2446/567/268
f 2474/577/268 2471/576/268 2446/567/268
f 2477/578/268 2474/577/268 2446/567/268
f 2480/563/283 2481/564/283 2482/561/283
f 2482/561/283 2484/562/283 2480/563/283
f 2486/563/284 2487/564/284 2488/561/284
f 2488/561/284 2490/562/284 2486/563/284
f 2492/563/285 2493/564/285 2494/561/285
f 2494/561/285 2496/562/285 2492/563/285
f 2498/563/286 2499/564/286 2500/561/286
f 2500/561/286 2502/562/286 2498/563/286
f 2504/563/287 2505/564/287 2506/561/287
f 2506/561/287 2508/562/287 2504/563/287
f 2510/563/288 2511/564/288 2512/561/288
f 2512/561/288 2514/562/288 2510/563/288
f 2516/563/289 2517/564/289 2518/561/289
f 2518/561/289 2520/562/289 2516/563/289
f 2522/563/290 2523/564/290 2524/561/290
f 2524/561/290 2526/562/290 2522/563/290
f 2528/563/291 2529/564/292 2530/561/291
f 2530/561/291 2532/562/291 2528/563/291
f 2534/563/293 2535/564/293 2536/561/293
f 2536/561/293 2538/562/293 2534/563/293
f 2540/563/294 2541/564/294 2542/561/294
f 2542/561/294 2544/562/294 2540/563/294
f 2546/563/295 2547/564/295 2548/561/295
f 2548/561/295 2550/562/295 2546/563/295
f 2552/579/269 2553/580/269 2554/581/269
f 2555/582/269 2552/579/269 2554/581/269
f 2558/583/269 2555/582/269 2554/581/269
f 2561/584/269 2558/583/269 2554/581/269
f 2564/585/269 2561/584/269 2554/581/269
f 2567/586/269 2564/585/269 2554/581/269
f 2570/587/269 2567/586/269 2554/581/269
f 2573/588/269 2570/587/269 2554/581/269
f 2576/589/269 2573/588/269 2554/581/269
f 2579/590/269 2576/589/269 2554/581/269
f 2582/591/269 2579/590/269 2554/581/269
f 2585/592/269 2582/591/269 2554/581/269
f 2588/593/268 2589/594/268 2590/595/268
f 2591/596/268 2588/593/268 2590/595/268
f 2594/597/268 2591/596/268 2590/595/268
f 2597/598/268 2594/597/268 2590/595/268
f 2600/599/268 2597/598/268 2590/595/268
f 2603/600/268 2600/599/268 2590/595/268
f 2606/601/268 2603/600/268 2590/595/268
f 2609/602/268 2606/601/268 2590/595/268
f 2612/603/268 2609/602/268 2590/595/268
f 2615/604/268 2612/603/268 2590/595/268
f 2618/605/268 2615/604/268 2590/595/268
f 2621/606/268 2618/605/268 2590/595/268
f 2624/563/283 2625/564/283 2626/561/283
f 2626/561/283 2628/562/283 2624/563/283
f 2630/563/284 2631/564/284 2632/561/284
f 2632/561/284 2634/562/284 2630/563/284
f 2636/563/285 2637/564/285 2638/561/285
f 2638/561/285 2640/562/285 2636/563/285
f 2642/563/286 2643/564/286 2644/561/286
f 2644/561/286 2646/562/286 2642/563/286
f 2648/563/287 2649/564/287 2650/561/287
f 2650/561/287 2652/562/287 2648/563/287
f 2654/563/288 2655/564/288 2656/561/288
f 2656/561/288 2658/562/288 2654/563/288
f 2660/563/289 2661/564/289 2662/561/289
f 2662/561/289 2664/562/289 2660/563/289
f 2666/563/290 2667/564/290 2668/561/290
f 2668/561/290 2670/562/290 2666/563/290
f 2672/563/292 2673/564/291 2674/561/292
f 2674/561/292 2676/562/292 2672/563/292
f 2678/563/293 2679/564/293 2680/561/293
f 2680/561/293 2682/562/296 2678/563/293
f 2684/563/294 2685/564/294 2686/561/294
f 2686/561/294 2688/562/294 2684/563/294
f 2690/563/295 2691/564/295 2692/561/295
f 2692/561/295 2694/562/295 2690/563/295
f 2696/579/269 2697/580/269 2698/581/269
f 2699/582/269 2696/579/269 2698/581/269
f 2702/583/269 2699/582/269 2698/581/269
f 2705/584/269 2702/583/269 2698/581/269
f 2708/585/269 2705/584/269 2698/581/269
f 2711/586/269 2708/585/269 2698/581/269
f 2714/587/269 2711/586/269 2698/581/269
f 2717/588/269 2714/587/269 2698/581/269
f 2720/589/269 2717/588/269 2698/581/269
f 2723/590/269 2720/589/269 2698/581/269
f 2726/591/269 2723/590/269 2698/581/269
f 2729/592/269 2726/591/269 2698/581/269
f 2732/607/268 2733/608/268 2734/609/268
f 2734/609/268 2736/610/268 2732/607/268
f 2738/607/269 2739/608/269 2740/609/269
f 2740/609/269 2742/610/269 2738/607/269
f 2744/611/281 2745/612/281 2746/613/281
f 2746/613/281 2748/614/281 2744/611/281
f 2750/561/277 2751/562/277 2752/563/277
f 2752/563/277 2754/564/277 2750/561/277
f 2756/607/279 2757/608/279 2758/609/279
f 2758/609/279 2760/610/279 2756/607/279
f 2762/561/280 2763/562/280 2764/563/280
f 2764/563/280 2766/564/280 2762/561/280
f 2768/615/269 2769/616/269 2770/617/269
f 2770/617/269 2772/618/269 2768/615/269
f 2774/615/268 2775/616/268 2776/617/268
f 2776/617/268 2778/618/268 2774/615/268
f 2780/619/297 2781/620/297 2782/621/297
f 2782/621/297 2784/622/297 2780/619/297
f 2786/619/278 2787/620/278 2788/621/278
f 2788/621/278 2790/622/278 2786/619/278
f 2792/619/298 2793/623/298 2794/621/298
f 2794/621/298 2796/624/298 2792/619/298
f 2798/619/299 2799/623/299 2800/621/299
f 2800/621/299 2802/624/299 2798/619/299
f 2804/625/268 2805/626/268 2806/627/268
f 2806/627/268 2808/628/268 2804/625/268
f 2810/629/269 2811/630/269 2812/631/269
f 2812/631/269 2814/632/269 2810/629/269
f 2816/625/281 2817/626/281 2818/627/281
f 2818/627/281 2820/628/281 2816/625/281
f 2822/633/278 2823/633/278 2824/634/278
f 2824/634/278 2826/634/278 2822/633/278
f 2828/634/279 2829/634/279 2830/635/279
f 2830/635/279 2832/635/279 2828/634/279
f 2834/636/280 2835/637/280 2836/638/280
f 2836/638/280 2838/639/280 2834/636/280
f 2840/629/300 2841/630/300 2842/631/300
f 2842/631/300 2844/632/300 2840/629/300
f 2846/640/301 2847/641/301 2848/642/301
f 2848/642/301 2850/643/301 2846/640/301
f 2852/644/280 2853/645/280 2854/646/280
f 2855/647/278 2856/648/278 2857/649/278
f 2858/625/302 2859/650/303 2860/627/304
f 2860/627/304 2862/628/305 2858/625/302
f 2864/625/268 2865/651/268 2866/627/268
f 2866/627/268 2868/628/268 2864/625/268
f 2870/629/306 2871/652/307 2872/631/308
f 2872/631/308 2874/653/309 2870/629/306
f 2876/629/269 2877/652/269 2878/631/269
f 2878/631/269 2880/654/269 2876/629/269
f 2882/655/310 2883/655/310 2884/656/310
f 2884/656/310 2886/656/310 2882/655/310
f 2888/636/311 2889/657/311 2890/638/311
f 2890/638/311 2892/658/311 2888/636/311
f 2894/636/312 2895/657/312 2896/638/312
f 2896/638/312 2898/658/312 2894/636/312
f 2900/659/279 2901/659/279 2902/660/279
f 2902/660/279 2904/660/279 2900/659/279
f 2906/661/313 2907/662/313 2908/663/313
f 2908/663/313 2910/664/313 2906/661/313
f 2912/636/314 2913/657/314 2914/638/314
f 2914/638/314 2916/658/314 2912/636/314
f 2918/625/268 2919/626/268 2920/627/268
f 2920/627/268 2922/628/268 2918/625/268
f 2924/629/269 2925/630/269 2926/631/269
f 2926/631/269 2928/632/269 2924/629/269
f 2930/636/270 2931/637/270 2932/638/270
f 2932/638/270 2934/639/270 2930/636/270
f 2936/636/278 2937/657/278 2938/638/278
f 2938/638/278 2940/658/278 2936/636/278
f 2942/636/279 2943/657/279 2944/638/279
f 2944/638/279 2946/658/279 2942/636/279
f 2948/636/282 2949/637/282 2950/638/282
f 2950/638/282 2952/639/282 2948/636/282
f 2954/625/268 2955/626/268 2956/627/268
f 2956/627/268 2958/628/268 2954/625/268
f 2960/629/269 2961/630/269 2962/631/269
f 2962/631/269 2964/632/269 2960/629/269
f 2966/625/281 2967/626/281 2968/627/281
f 2968/627/281 2970/628/281 2966/625/281
f 2972/636/277 2973/657/277 2974/638/278
f 2974/638/278 2976/658/278 2972/636/277
f 2978/665/315 2979/665/315 2980/666/315
f 2980/666/315 2982/666/315 2978/665/315
f 2984/666/282 2985/666/282 2986/667/282
f 2986/667/282 2988/667/282 2984/666/282
f 2990/668/268 2991/669/268 2992/625/268
f 2993/670/268 2990/668/268 2992/625/268
f 2996/671/268 2993/670/268 2992/625/268
f 2999/672/268 2996/671/268 2992/625/268
f 3002/673/268 2999/672/268 2992/625/268
f 3005/674/268 3002/673/268 2992/625/268
f 3008/675/268 3005/674/268 2992/625/268
f 3011/676/268 3008/675/268 2992/625/268
f 3014/677/268 3011/676/268 2992/625/268
f 3017/678/268 3014/677/268 2992/625/268
f 3020/627/268 3017/678/268 2992/625/268
f 3023/679/268 3020/627/268 2992/625/268
f 3026/665/270 3027/665/270 3028/680/270
f 3028/680/270 3030/680/270 3026/665/270
f 3032/638/316 3033/639/316 3034/636/316
f 3034/636/316 3036/637/316 3032/638/316
f 3038/638/284 3039/639/284 3040/636/284
f 3040/636/284 3042/637/284 3038/638/284
f 3044/638/285 3045/639/285 3046/636/285
f 3046/636/285 3048/637/285 3044/638/285
f 3050/638/286 3051/658/286 3052/636/286
f 3052/636/286 3054/657/286 3050/638/286
f 3056/638/287 3057/639/287 3058/636/287
f 3058/636/287 3060/637/287 3056/638/287
f 3062/638/288 3063/639/288 3064/636/288
f 3064/636/288 3066/637/288 3062/638/288
f 3068/638/289 3069/658/289 3070/636/289
f 3070/636/289 3072/657/289 3068/638/289
f 3074/638/290 3075/639/290 3076/636/290
f 3076/636/290 3078/637/290 3074/638/290
f 3080/638/292 3081/639/292 3082/636/292
f 3082/636/292 3084/637/292 3080/638/292
f 3086/638/293 3087/658/293 3088/636/293
f 3088/636/293 3090/657/293 3086/638/293
f 3092/638/294 3093/639/294 3094/636/294
f 3094/636/294 3096/637/294 3092/638/294
f 3098/638/295 3099/658/295 3100/636/295
f 3100/636/295 3102/657/295 3098/638/295
f 3104/680/281 3105/680/281 3106/635/281
f 3106/635/281 3108/635/281 3104/680/281
f 3110/631/269 3111/632/269 3112/629/269
f 3113/681/269 3110/631/269 3112/629/269
f 3116/682/269 3113/681/269 3112/629/269
f 3119/683/269 3116/682/269 3112/629/269
f 3122/684/269 3119/683/269 3112/629/269
f 3125/685/269 3122/684/269 3112/629/269
f 3128/686/269 3125/685/269 3112/629/269
f 3131/687/269 3128/686/269 3112/629/269
f 3134/688/269 3131/687/269 3112/629/269
f 3137/689/269 3134/688/269 3112/629/269
f 3140/690/269 3137/689/269 3112/629/269
f 3143/691/269 3140/690/269 3112/629/269
f 3146/692/317 3147/693/318 3148/694/319
f 3146/692/317 3150/695/320 3147/693/318
f 3150/695/320 3153/696/321 3147/693/318
f 3150/695/320 3156/697/322 3153/696/321
f 3156/697/322 3159/698/323 3153/696/321
f 3156/697/322 3162/699/324 3159/698/323
f 3164/700/325 3165/701/326 3166/702/327
f 3164/700/325 3168/703/328 3165/701/326
f 3170/700/329 3171/701/330 3172/702/331
f 3170/700/329 3174/703/332 3171/701/330
f 3176/700/333 3177/701/334 3178/702/335
f 3176/700/333 3180/703/336 3177/701/334
f 3182/700/337 3183/701/338 3184/702/339
f 3182/700/337 3186/703/340 3183/701/338
f 3188/700/341 3189/701/341 3190/702/341
f 3188/700/341 3192/703/341 3189/701/341
f 3148/694/319 3195/704/342 3196/705/343
f 3148/694/319 3147/693/318 3195/704/342
f 3147/693/318 3201/706/344 3195/704/342
f 3147/693/318 3153/696/321 3201/706/344
f 3153/696/321 3207/707/345 3201/706/344
f 3153/696/321 3159/698/323 3207/707/345
f 3212/700/346 3213/701/347 3214/702/348
f 3212/700/346 3216/703/349 3213/701/347
f 3218/700/350 3219/701/351 3220/702/352
f 3218/700/350 3222/703/353 3219/701/351
f 3224/700/354 3225/701/355 3226/702/356
f 3224/700/354 3228/703/357 3225/701/355
f 3230/700/358 3231/701/359 3232/702/360
f 3230/700/358 3234/703/361 3231/701/359
f 3236/700/341 3237/701/341 3238/702/341
f 3236/700/341 3240/703/341 3237/701/341
f 3196/705/343 3243/708/362 3244/709/363
f 3196/705/343 3195/704/342 3243/708/362
f 3195/704/342 3249/710/364 3243/708/362
f 3195/704/342 3201/706/344 3249/710/364
f 3201/706/344 3255/711/365 3249/710/364
f 3201/706/344 3207/707/345 3255/711/365
f 3260/700/366 3261/701/367 3262/702/368
f 3260/700/366 3264/703/369 3261/701/367
f 3266/700/370 3267/701/371 3268/702/372
f 3266/700/370 3270/703/373 3267/701/371
f 3272/700/374 3273/701/375 3274/702/376
f 3272/700/374 3276/703/377 3273/701/375
f 3278/700/378 3279/701/379 3280/702/380
f 3278/700/378 3282/703/381 3279/701/379
f 3284/700/341 3285/701/341 3286/702/341
f 3284/700/341 3288/703/341 3285/701/341
f 3244/709/363 3291/712/382 3292/713/383
f 3244/709/363 3243/708/362 3291/712/382
f 3243/708/362 3297/714/384 3291/712/382
f 3243/708/362 3249/710/364 3297/714/384
f 3249/710/364 3303/715/385 3297/714/384
f 3249/710/364 3255/711/365 3303/715/385
f 3308/700/386 3309/701/387 3310/702/388
f 3308/700/386 3312/703/389 3309/701/387
f 3314/700/390 3315/701/391 3316/702/392
f 3314/700/390 3318/703/393 3315/701/391
f 3320/700/394 3321/701/395 3322/702/396
f 3320/700/394 3324/703/397 3321/701/395
f 3326/700/398 3327/701/399 3328/702/400
f 3326/700/398 3330/703/401 3327/701/399
f 3332/700/341 3333/701/341 3334/702/341
f 3332/700/341 3336/703/341 3333/701/341
f 3292/713/383 3339/716/402 3340/717/403
f 3292/713/383 3291/712/382 3339/716/402
f 3291/712/382 3345/718/404 3339/716/402
f 3291/712/382 3297/714/384 3345/718/404
f 3297/714/384 3351/719/405 3345/718/404
f 3297/714/384 3303/715/385 3351/719/405
f 3356/700/406 3357/701/407 3358/702/407
f 3356/700/406 3360/703/406 3357/701/407
f 3362/700/408 3363/701/409 3364/702/410
f 3362/700/408 3366/703/411 3363/701/409
f 3368/700/412 3369/701/413 3370/702/414
f 3368/700/412 3372/703/415 3369/701/413
f 3374/700/416 3375/701/417 3376/702/418
f 3374/700/416 3378/703/419 3375/701/417
f 3380/700/341 3381/701/341 3382/702/341
f 3380/700/341 3384/703/341 3381/701/341
f 3340/717/403 3387/720/420 3388/721/421
f 3340/717/403 3339/716/402 3387/720/420
f 3339/716/402 3393/722/422 3387/720/420
f 3339/716/402 3345/718/404 3393/722/422
f 3345/718/404 3399/723/423 3393/722/422
f 3345/718/404 3351/719/405 3399/723/423
f 3404/700/406 3405/701/406 3406/702/406
f 3404/700/406 3408/703/406 3405/701/406
f 3410/700/424 3411/701/425 3412/702/426
f 3410/700/424 3414/703/427 3411/701/425
f 3416/700/428 3417/701/429 3418/702/430
f 3416/700/428 3420/703/431 3417/701/429
f 3422/700/432 3423/701/433 3424/702/434
f 3422/700/432 3426/703/435 3423/701/433
f 3428/700/341 3429/701/341 3430/702/341
f 3428/700/341 3432/703/341 3429/701/341
f 3388/721/421 3435/724/436 3436/725/437
f 3388/721/421 3387/720/420 3435/724/436
f 3387/720/420 3441/726/438 3435/724/436
f 3387/720/420 3393/722/422 3441/726/438
f 3393/722/422 3447/727/439 3441/726/438
f 3393/722/422 3399/723/423 3447/727/439
f 3452/700/406 3453/701/406 3454/702/406
f 3452/700/406 3456/703/406 3453/701/406
f 3458/700/440 3459/701/441 3460/702/442
f 3458/700/440 3462/703/443 3459/701/441
f 3464/700/444 3465/701/445 3466/702/446
f 3464/700/444 3468/703/447 3465/701/445
f 3470/700/448 3471/701/449 3472/702/450
f 3470/700/448 3474/703/451 3471/701/449
f 3476/700/341 3477/701/341 3478/702/341
f 3476/700/341 3480/703/341 3477/701/341
f 3436/725/437 3483/728/452 3484/729/453
f 3436/725/437 3435/724/436 3483/728/452
f 3435/724/436 3489/730/454 3483/728/452
f 3435/724/436 3441/726/438 3489/730/454
f 3441/726/438 3495/731/455 3489/730/454
f 3441/726/438 3447/727/439 3495/731/455
f 3500/700/406 3501/701/406 3502/702/406
f 3500/700/406 3504/703/406 3501/701/406
f 3506/700/456 3507/701/457 3508/702/458
f 3506/700/456 3510/703/459 3507/701/457
f 3512/700/460 3513/701/461 3514/702/462
f 3512/700/460 3516/703/463 3513/701/461
f 3518/700/464 3519/701/465 3520/702/466
f 3518/700/464 3522/703/467 3519/701/465
f 3524/700/341 3525/701/341 3526/702/341
f 3524/700/341 3528/703/341 3525/701/341
f 3484/729/453 3531/732/468 3532/733/469
f 3484/729/453 3483/728/452 3531/732/468
f 3483/728/452 3537/734/470 3531/732/468
f 3483/728/452 3489/730/454 3537/734/470
f 3489/730/454 3543/735/471 3537/734/470
f 3489/730/454 3495/731/455 3543/735/471
f 3548/700/406 3549/701/406 3550/702/406
f 3548/700/406 3552/703/406 3549/701/406
f 3554/700/472 3555/701/473 3556/702/474
f 3554/700/472 3558/703/475 3555/701/473
f 3560/700/476 3561/701/477 3562/702/478
f 3560/700/476 3564/703/479 3561/701/477
f 3566/700/480 3567/701/481 3568/702/482
f 3566/700/480 3570/703/483 3567/701/481
f 3572/700/341 3573/701/341 3574/702/341
f 3572/700/341 3576/703/341 3573/701/341
f 3578/700/341 3579/701/341 3580/702/341
f 3578/700/341 3582/703/341 3579/701/341
f 3584/701/484 3585/700/485 3586/703/485
f 3584/701/484 3588/700/486 3589/703/486
f 3584/701/484 3591/700/487 3592/703/487
f 3584/701/484 3594/700/488 3595/703/488
f 3584/701/484 3597/700/489 3598/703/489
f 3584/701/484 3600/700/490 3601/703/490
f 3584/701/484 3603/700/491 3604/703/491
f 3584/701/484 3606/700/492 3607/703/492
f 3608/692/493 3609/694/494 3610/693/495
f 3608/692/493 3610/693/495 3613/695/496
f 3613/695/496 3610/693/495 3616/696/497
f 3613/695/496 3616/696/497 3619/697/498
f 3619/697/498 3616/696/497 3622/698/499
f 3619/697/498 3622/698/499 3625/699/500
f 3626/700/501 3627/702/502 3628/701/503
f 3626/700/501 3628/701/503 3631/703/504
f 3632/700/505 3633/702/506 3634/701/507
f 3632/700/505 3634/701/507 3637/703/508
f 3638/700/509 3639/702/510 3640/701/511
f 3638/700/509 3640/701/511 3643/703/512
f 3644/700/513 3645/702/514 3646/701/515
f 3644/700/513 3646/701/515 3649/703/516
f 3650/700/341 3651/702/341 3652/701/341
f 3650/700/341 3652/701/341 3655/703/341
f 3609/694/494 3657/705/517 3658/704/518
f 3609/694/494 3658/704/518 3610/693/495
f 3610/693/495 3658/704/518 3664/706/519
f 3610/693/495 3664/706/519 3616/696/497
f 3616/696/497 3664/706/519 3670/707/520
f 3616/696/497 3670/707/520 3622/698/499
f 3674/700/521 3675/702/522 3676/701/523
f 3674/700/521 3676/701/523 3679/703/524
f 3680/700/525 3681/702/526 3682/701/527
f 3680/700/525 3682/701/527 3685/703/528
f 3686/700/529 3687/702/530 3688/701/531
f 3686/700/529 3688/701/531 3691/703/532
f 3692/700/533 3693/702/534 3694/701/535
f 3692/700/533 3694/701/535 3697/703/536
f 3698/700/341 3699/702/341 3700/701/341
f 3698/700/341 3700/701/341 3703/703/341
f 3657/705/517 3705/709/537 3706/708/538
f 3657/705/517 3706/708/538 3658/704/518
f 3658/704/518 3706/708/538 3712/710/539
f 3658/704/518 3712/710/539 3664/706/519
f 3664/706/519 3712/710/539 3718/711/540
f 3664/706/519 3718/711/540 3670/707/520
f 3722/700/541 3723/702/542 3724/701/543
f 3722/700/541 3724/701/543 3727/703/544
f 3728/700/545 3729/702/546 3730/701/547
f 3728/700/545 3730/701/547 3733/703/548
f 3734/700/549 3735/702/550 3736/701/551
f 3734/700/549 3736/701/551 3739/703/552
f 3740/700/553 3741/702/554 3742/701/555
f 3740/700/553 3742/701/555 3745/703/556
f 3746/700/341 3747/702/341 3748/701/341
f 3746/700/341 3748/701/341 3751/703/341
f 3705/709/537 3753/713/557 3754/712/558
f 3705/709/537 3754/712/558 3706/708/538
f 3706/708/538 3754/712/558 3760/714/559
f 3706/708/538 3760/714/559 3712/710/539
f 3712/710/539 3760/714/559 3766/715/560
f 3712/710/539 3766/715/560 3718/711/540
f 3770/700/561 3771/702/562 3772/701/563
f 3770/700/561 3772/701/563 3775/703/564
f 3776/700/565 3777/702/566 3778/701/567
f 3776/700/565 3778/701/567 3781/703/568
f 3782/700/569 3783/702/570 3784/701/571
f 3782/700/569 3784/701/571 3787/703/572
f 3788/700/573 3789/702/574 3790/701/575
f 3788/700/573 3790/701/575 3793/703/576
f 3794/700/341 3795/702/341 3796/701/341
f 3794/700/341 3796/701/341 3799/703/341
f 3753/713/557 3801/717/577 3802/716/578
f 3753/713/557 3802/716/578 3754/712/558
f 3754/712/558 3802/716/578 3808/718/579
f 3754/712/558 3808/718/579 3760/714/559
f 3760/714/559 3808/718/579 3814/719/580
f 3760/714/559 3814/719/580 3766/715/560
f 3818/700/406 3819/702/581 3820/701/581
f 3818/700/406 3820/701/581 3823/703/406
f 3824/700/582 3825/702/583 3826/701/584
f 3824/700/582 3826/701/584 3829/703/585
f 3830/700/586 3831/702/587 3832/701/588
f 3830/700/586 3832/701/588 3835/703/589
f 3836/700/590 3837/702/591 3838/701/592
f 3836/700/590 3838/701/592 3841/703/593
f 3842/700/341 3843/702/341 3844/701/341
f 3842/700/341 3844/701/341 3847/703/341
f 3801/717/577 3849/721/594 3850/720/595
f 3801/717/577 3850/720/595 3802/716/578
f 3802/716/578 3850/720/595 3856/722/596
f 3802/716/578 3856/722/596 3808/718/579
f 3808/718/579 3856/722/596 3862/723/597
f 3808/718/579 3862/723/597 3814/719/580
f 3866/700/406 3867/702/406 3868/701/406
f 3866/700/406 3868/701/406 3871/703/406
f 3872/700/598 3873/702/599 3874/701/600
f 3872/700/598 3874/701/600 3877/703/601
f 3878/700/602 3879/702/603 3880/701/604
f 3878/700/602 3880/701/604 3883/703/605
f 3884/700/606 3885/702/607 3886/701/608
f 3884/700/606 3886/701/608 3889/703/609
f 3890/700/341 3891/702/341 3892/701/341
f 3890/700/341 3892/701/341 3895/703/341
f 3849/721/594 3897/725/610 3898/724/611
f 3849/721/594 3898/724/611 3850/720/595
f 3850/720/595 3898/724/611 3904/726/612
f 3850/720/595 3904/726/612 3856/722/596
f 3856/722/596 3904/726/612 3910/727/613
f 3856/722/596 3910/727/613 3862/723/597
f 3914/700/406 3915/702/406 3916/701/406
f 3914/700/406 3916/701/406 3919/703/406
f 3920/700/614 3921/702/615 3922/701/616
f 3920/700/614 3922/701/616 3925/703/617
f 3926/700/618 3927/702/619 3928/701/620
f 3926/700/618 3928/701/620 3931/703/621
f 3932/700/622 3933/702/623 3934/701/624
f 3932/700/622 3934/701/624 3937/703/625
f 3938/700/341 3939/702/341 3940/701/341
f 3938/700/341 3940/701/341 3943/703/341
f 3897/725/610 3945/729/626 3946/728/627
f 3897/725/610 3946/728/627 3898/724/611
f 3898/724/611 3946/728/627 3952/730/628
f 3898/724/611 3952/730/628 3904/726/612
f 3904/726/612 3952/730/628 3958/731/629
f 3904/726/612 3958/731/629 3910/727/613
f 3962/700/406 3963/702/406 3964/701/406
f 3962/700/406 3964/701/406 3967/703/406
f 3968/700/630 3969/702/631 3970/701/632
f 3968/700/630 3970/701/632 3973/703/633
f 3974/700/634 3975/702/635 3976/701/636
f 3974/700/634 3976/701/636 3979/703/637
f 3980/700/638 3981/702/639 3982/701/640
f 3980/700/638 3982/701/640 3985/703/641
f 3986/700/341 3987/702/341 3988/701/341
f 3986/700/341 3988/701/341 3991/703/341
f 3945/729/626 3993/733/642 3994/732/643
f 3945/729/626 3994/732/643 3946/728/627
f 3946/728/627 3994/732/643 4000/734/644
f 3946/728/627 4000/734/644 3952/730/628
f 3952/730/628 4000/734/644 4006/735/645
f 3952/730/628 4006/735/645 3958/731/629
f 4010/700/406 4011/702/406 4012/701/406
f 4010/700/406 4012/701/406 4015/703/406
f 4016/700/646 4017/702/647 4018/701/648
f 4016/700/646 4018/701/648 4021/703/649
f 4022/700/650 4023/702/651 4024/701/652
f 4022/700/650 4024/701/652 4027/703/653
f 4028/700/654 4029/702/655 4030/701/656
f 4028/700/654 4030/701/656 4033/703/657
f 4034/700/341 4035/702/341 4036/701/341
f 4034/700/341 4036/701/341 4039/703/341
f 4040/700/341 4041/702/341 4042/701/341
f 4040/700/341 4042/701/341 4045/703/341
f 4046/701/658 4047/703/659 4048/700/659
f 4046/701/660 4050/703/661 4051/700/661
f 4046/701/660 4053/703/662 4054/700/662
f 4046/701/660 4056/703/663 4057/700/663
f 4046/701/660 4059/703/664 4060/700/664
f 4046/701/660 4062/703/665 4063/700/665
f 4046/701/660 4065/703/666 4066/700/666
f 4046/701/667 4068/703/668 4069/700/668
f 4070/736/406 4071/737/406 4072/738/406
f 4070/736/406 4072/738/406 4075/739/406
f 4070/736/406 4075/739/406 4078/740/406
f 4070/736/406 4078/740/406 4081/741/406
f 4070/736/406 4081/741/406 4084/742/406
f 4070/736/406 4084/742/406 4087/743/406
f 4070/736/406 4087/743/406 4090/744/406
f 4070/736/406 4090/744/406 4093/745/406
f 4070/736/406 4093/745/406 4096/746/406
f 4070/736/406 4096/746/406 4099/747/406
f 4070/736/406 4099/747/406 4102/748/406
f 4070/736/406 4102/748/406 4105/749/406
f 4070/736/406 4105/749/406 4108/750/406
f 4070/736/406 4108/750/406 4111/751/406
f 4070/736/406 4111/751/406 4114/752/406
f 4070/736/406 4114/752/406 4117/753/406
f 4070/736/406 4117/753/406 4120/754/406
f 4070/736/406 4120/754/406 4123/755/406
f 4070/736/406 4123/755/406 4126/756/406
f 4070/736/406 4126/756/406 4129/757/406
f 4070/736/406 4129/757/406 4132/758/406
f 4070/736/406 4132/758/406 4135/759/406
f 4070/736/406 4135/759/406 4138/760/406
f 4070/736/406 4138/760/406 4141/761/406
f 4070/736/406 4141/761/406 4144/762/406
f 4070/736/406 4144/762/406 4147/763/406
f 4070/736/406 4147/763/406 4150/764/406
f 4070/736/406 4150/764/406 4153/765/406
f 4070/736/406 4153/765/406 4156/766/406
f 4070/736/406 4156/766/406 4071/737/406
f 4160/767/669 4161/767/669 4162/768/670
f 4160/767/669 4162/768/670 4165/768/670
f 4165/768/670 4162/768/670 4168/769/671
f 4165/768/670 4168/769/671 4171/769/671
f 4171/769/671 4168/769/671 4174/770/672
f 4171/769/671 4174/770/672 4177/770/672
f 4177/770/672 4174/770/672 4180/771/673
f 4177/770/672 4180/771/673 4183/771/673
f 4183/771/673 4180/771/673 4186/772/674
f 4183/771/673 4186/772/674 4189/772/674
f 4189/772/674 4186/772/674 4192/773/675
f 4189/772/674 4192/773/675 4195/773/675
f 4195/773/675 4192/773/675 4198/774/676
f 4195/773/675 4198/774/676 4201/774/676
f 4201/774/676 4198/774/676 4204/775/677
f 4201/774/676 4204/775/677 4207/775/677
f 4207/775/677 4204/775/677 4210/776/678
f 4207/775/677 4210/776/678 4213/776/678
f 4213/776/678 4210/776/678 4216/777/679
f 4213/776/678 4216/777/679 4219/777/679
f 4219/777/679 4216/777/679 4222/778/680
f 4219/777/679 4222/778/680 4225/778/680
f 4225/778/680 4222/778/680 4228/779/681
f 4225/778/680 4228/779/681 4231/779/681
f 4231/779/681 4228/779/681 4234/780/682
f 4231/779/681 4234/780/682 4237/780/682
f 4237/780/682 4234/780/682 4240/781/683
f 4237/780/682 4240/781/683 4243/781/683
f 4243/781/683 4240/781/683 4246/782/684
f 4243/781/683 4246/782/684 4249/782/684
f 4249/782/684 4246/782/684 4252/783/685
f 4249/782/684 4252/783/685 4255/783/685
f 4255/783/685 4252/783/685 4258/784/686
f 4255/783/685 4258/784/686 4261/784/686
f 4261/784/686 4258/784/686 4264/785/687
f 4261/784/686 4264/785/687 4267/785/687
f 4267/785/687 4264/785/687 4270/786/688
f 4267/785/687 4270/786/688 4273/786/688
f 4273/786/688 4270/786/688 4276/787/689
f 4273/786/688 4276/787/689 4279/787/689
f 4279/787/689 4276/787/689 4282/788/690
f 4279/787/689 4282/788/690 4285/788/690
f 4285/788/690 4282/788/690 4288/789/691
f 4285/788/690 4288/789/691 4291/789/691
f 4291/789/691 4288/789/691 4294/790/692
f 4291/789/691 4294/790/692 4297/790/692
f 4297/790/692 4294/790/692 4300/791/693
f 4297/790/692 4300/791/693 4303/791/693
f 4303/791/693 4300/791/693 4306/792/694
f 4303/791/693 4306/792/694 4309/792/694
f 4309/792/694 4306/792/694 4312/793/695
f 4309/792/694 4312/793/695 4315/793/695
f 4315/793/695 4312/793/695 4318/794/696
f 4315/793/695 4318/794/696 4321/794/696
f 4321/794/696 4318/794/696 4324/795/697
f 4321/794/696 4324/795/697 4327/795/697
f 4327/795/697 4324/795/697 4330/796/698
f 4327/795/697 4330/796/698 4333/796/698
f 4333/796/698 4330/796/698 4161/767/669
f 4333/796/698 4161/767/669 4160/767/669
f 4340/797/341 4341/768/341 4342/767/341
f 4340/797/341 4344/769/341 4341/768/341
f 4340/797/341 4347/770/341 4344/769/341
f 4340/797/341 4350/771/341 4347/770/341
f 4340/797/341 4353/772/341 4350/771/341
f 4340/797/341 4356/773/341 4353/772/341
f 4340/797/341 4359/774/341 4356/773/341
f 4340/797/341 4362/775/341 4359/774/341
f 4340/797/341 4365/776/341 4362/775/341
f 4340/797/341 4368/777/341 4365/776/341
f 4340/797/341 4371/778/341 4368/777/341
f 4340/797/341 4374/779/341 4371/778/341
f 4340/797/341 4377/780/341 4374/779/341
f 4340/797/341 4380/781/341 4377/780/341
f 4340/797/341 4383/782/341 4380/781/341
f 4340/797/341 4386/783/341 4383/782/341
f 4340/797/341 4389/784/341 4386/783/341
f 4340/797/341 4392/785/341 4389/784/341
f 4340/797/341 4395/786/341 4392/785/341
f 4340/797/341 4398/787/341 4395/786/341
f 4340/797/341 4401/788/341 4398/787/341
f 4340/797/341 4404/789/341 4401/788/341
f 4340/797/341 4407/790/341 4404/789/341
f 4340/797/341 4410/791/341 4407/790/341
f 4340/797/341 4413/792/341 4410/791/341
f 4340/797/341 4416/793/341 4413/792/341
f 4340/797/341 4419/794/341 4416/793/341
f 4340/797/341 4422/795/341 4419/794/341
f 4340/797/341 4425/796/341 4422/795/341
f 4340/797/341 4342/767/341 4425/796/341
f 4430/798/699 4431/799/700 4432/800/700
f 4431/799/700 4430/798/699 4435/801/699
f 4436/798/701 4437/799/701 4438/800/701
f 4437/799/701 4436/798/701 4441/801/701
f 4442/798/702 4443/799/703 4444/800/702
f 4443/799/703 4442/798/702 4447/801/704
f 4448/798/705 4449/799/705 4450/800/705
f 4449/799/705 4448/798/705 4453/801/705
f 4454/798/706 4455/799/706 4456/800/706
f 4455/799/706 4454/798/706 4459/801/706
f 4460/798/707 4461/799/708 4462/800/708
f 4461/799/708 4460/798/707 4465/801/707
f 4466/798/709 4467/799/710 4468/800/709
f 4467/799/710 4466/798/709 4471/801/710
f 4472/798/711 4473/799/712 4474/800/711
f 4473/799/712 4472/798/711 4477/801/713
f 4478/798/714 4479/799/715 4480/800/715
f 4479/799/715 4478/798/714 4483/801/714
f 4484/798/716 4485/799/717 4486/800/717
f 4485/799/717 4484/798/716 4489/801/716
f 4490/692/317 4491/693/318 4492/694/718
f 4490/692/317 4494/695/320 4491/693/318
f 4494/695/320 4497/696/321 4491/693/318
f 4494/695/320 4500/697/322 4497/696/321
f 4500/697/322 4503/698/323 4497/696/321
f 4500/697/322 4506/699/324 4503/698/323
f 4508/700/719 4509/701/720 4510/702/721
f 4508/700/719 4512/703/722 4509/701/720
f 4514/700/329 4515/701/330 4516/702/331
f 4514/700/329 4518/703/332 4515/701/330
f 4520/700/333 4521/701/334 4522/702/335
f 4520/700/333 4524/703/336 4521/701/334
f 4526/700/337 4527/701/338 4528/702/339
f 4526/700/337 4530/703/723 4527/701/338
f 4532/700/341 4533/701/341 4534/702/341
f 4532/700/341 4536/703/341 4533/701/341
f 4492/694/718 4539/704/342 4540/705/343
f 4492/694/718 4491/693/318 4539/704/342
f 4491/693/318 4545/706/344 4539/704/342
f 4491/693/318 4497/696/321 4545/706/344
f 4497/696/321 4551/707/345 4545/706/344
f 4497/696/321 4503/698/323 4551/707/345
f 4556/700/724 4557/701/725 4558/702/726
f 4556/700/724 4560/703/727 4557/701/725
f 4562/700/350 4563/701/351 4564/702/352
f 4562/700/350 4566/703/353 4563/701/351
f 4568/700/354 4569/701/355 4570/702/356
f 4568/700/354 4572/703/357 4569/701/355
f 4574/700/358 4575/701/359 4576/702/360
f 4574/700/358 4578/703/361 4575/701/359
f 4580/700/341 4581/701/341 4582/702/341
f 4580/700/341 4584/703/341 4581/701/341
f 4540/705/343 4587/708/362 4588/709/363
f 4540/705/343 4539/704/342 4587/708/362
f 4539/704/342 4593/710/364 4587/708/362
f 4539/704/342 4545/706/344 4593/710/364
f 4545/706/344 4599/711/728 4593/710/364
f 4545/706/344 4551/707/345 4599/711/728
f 4604/700/729 4605/701/730 4606/702/731
f 4604/700/729 4608/703/732 4605/701/730
f 4610/700/370 4611/701/371 4612/702/372
f 4610/700/370 4614/703/373 4611/701/371
f 4616/700/374 4617/701/375 4618/702/376
f 4616/700/374 4620/703/377 4617/701/375
f 4622/700/378 4623/701/379 4624/702/380
f 4622/700/378 4626/703/381 4623/701/379
f 4628/700/341 4629/701/341 4630/702/341
f 4628/700/341 4632/703/341 4629/701/341
f 4588/709/363 4635/712/382 4636/713/383
f 4588/709/363 4587/708/362 4635/712/382
f 4587/708/362 4641/714/384 4635/712/382
f 4587/708/362 4593/710/364 4641/714/384
f 4593/710/364 4647/715/385 4641/714/384
f 4593/710/364 4599/711/728 4647/715/385
f 4652/700/733 4653/701/734 4654/702/735
f 4652/700/733 4656/703/736 4653/701/734
f 4658/700/390 4659/701/391 4660/702/392
f 4658/700/390 4662/703/393 4659/701/391
f 4664/700/394 4665/701/395 4666/702/396
f 4664/700/394 4668/703/397 4665/701/395
f 4670/700/398 4671/701/399 4672/702/400
f 4670/700/398 4674/703/401 4671/701/399
f 4676/700/341 4677/701/341 4678/702/341
f 4676/700/341 4680/703/341 4677/701/341
f 4636/713/383 4683/716/402 4684/717/403
f 4636/713/383 4635/712/382 4683/716/402
f 4635/712/382 4689/718/404 4683/716/402
f 4635/712/382 4641/714/384 4689/718/404
f 4641/714/384 4695/719/405 4689/718/404
f 4641/714/384 4647/715/385 4695/719/405
f 4700/700/406 4701/701/406 4702/702/406
f 4700/700/406 4704/703/406 4701/701/406
f 4706/700/408 4707/701/737 4708/702/410
f 4706/700/408 4710/703/738 4707/701/737
f 4712/700/739 4713/701/413 4714/702/414
f 4712/700/739 4716/703/415 4713/701/413
f 4718/700/416 4719/701/740 4720/702/418
f 4718/700/416 4722/703/419 4719/701/740
f 4724/700/341 4725/701/341 4726/702/341
f 4724/700/341 4728/703/341 4725/701/341
f 4684/717/403 4731/720/420 4732/721/421
f 4684/717/403 4683/716/402 4731/720/420
f 4683/716/402 4737/722/422 4731/720/420
f 4683/716/402 4689/718/404 4737/722/422
f 4689/718/404 4743/723/423 4737/722/422
f 4689/718/404 4695/719/405 4743/723/423
f 4748/700/406 4749/701/406 4750/702/406
f 4748/700/406 4752/703/406 4749/701/406
f 4754/700/424 4755/701/425 4756/702/426
f 4754/700/424 4758/703/427 4755/701/425
f 4760/700/741 4761/701/429 4762/702/430
f 4760/700/741 4764/703/431 4761/701/429
f 4766/700/432 4767/701/742 4768/702/434
f 4766/700/432 4770/703/743 4767/701/742
f 4772/700/341 4773/701/341 4774/702/341
f 4772/700/341 4776/703/341 4773/701/341
f 4732/721/421 4779/724/436 4780/725/437
f 4732/721/421 4731/720/420 4779/724/436
f 4731/720/420 4785/726/438 4779/724/436
f 4731/720/420 4737/722/422 4785/726/438
f 4737/722/422 4791/727/439 4785/726/438
f 4737/722/422 4743/723/423 4791/727/439
f 4796/700/406 4797/701/406 4798/702/406
f 4796/700/406 4800/703/406 4797/701/406
f 4802/700/440 4803/701/744 4804/702/442
f 4802/700/440 4806/703/443 4803/701/744
f 4808/700/444 4809/701/445 4810/702/745
f 4808/700/444 4812/703/447 4809/701/445
f 4814/700/746 4815/701/449 4816/702/450
f 4814/700/746 4818/703/747 4815/701/449
f 4820/700/341 4821/701/341 4822/702/341
f 4820/700/341 4824/703/341 4821/701/341
f 4780/725/437 4827/728/452 4828/729/453
f 4780/725/437 4779/724/436 4827/728/452
f 4779/724/436 4833/730/454 4827/728/452
f 4779/724/436 4785/726/438 4833/730/454
f 4785/726/438 4839/731/455 4833/730/454
f 4785/726/438 4791/727/439 4839/731/455
f 4844/700/406 4845/701/406 4846/702/406
f 4844/700/406 4848/703/406 4845/701/406
f 4850/700/456 4851/701/457 4852/702/458
f 4850/700/456 4854/703/459 4851/701/457
f 4856/700/460 4857/701/461 4858/702/462
f 4856/700/460 4860/703/463 4857/701/461
f 4862/700/464 4863/701/465 4864/702/466
f 4862/700/464 4866/703/467 4863/701/465
f 4868/700/341 4869/701/341 4870/702/341
f 4868/700/341 4872/703/341 4869/701/341
f 4828/729/453 4875/732/468 4876/733/469
f 4828/729/453 4827/728/452 4875/732/468
f 4827/728/452 4881/734/748 4875/732/468
f 4827/728/452 4833/730/454 4881/734/748
f 4833/730/454 4887/735/749 4881/734/748
f 4833/730/454 4839/731/455 4887/735/749
f 4892/700/406 4893/701/406 4894/702/406
f 4892/700/406 4896/703/406 4893/701/406
f 4898/700/472 4899/701/473 4900/702/474
f 4898/700/472 4902/703/475 4899/701/473
f 4904/700/476 4905/701/750 4906/702/478
f 4904/700/476 4908/703/751 4905/701/750
f 4910/700/480 4911/701/481 4912/702/752
f 4910/700/480 4914/703/483 4911/701/481
f 4916/700/341 4917/701/341 4918/702/341
f 4916/700/341 4920/703/341 4917/701/341
f 4922/700/341 4923/701/341 4924/702/341
f 4922/700/341 4926/703/341 4923/701/341
f 4928/701/753 4929/700/485 4930/703/485
f 4928/701/754 4932/700/755 4933/703/755
f 4928/701/756 4935/700/757 4936/703/757
f 4928/701/753 4938/700/488 4939/703/488
f 4928/701/758 4941/700/489 4942/703/489
f 4928/701/756 4944/700/759 4945/703/759
f 4928/701/760 4947/700/491 4948/703/491
f 4928/701/753 4950/700/761 4951/703/761
f 4952/692/493 4953/694/494 4954/693/495
f 4952/692/493 4954/693/495 4957/695/496
f 4957/695/496 4954/693/495 4960/696/497
f 4957/695/496 4960/696/497 4963/697/498
f 4963/697/498 4960/696/497 4966/698/499
f 4963/697/498 4966/698/499 4969/699/500
f 4970/700/762 4971/702/763 4972/701/764
f 4970/700/762 4972/701/764 4975/703/765
f 4976/700/505 4977/702/506 4978/701/766
f 4976/700/505 4978/701/766 4981/703/508
f 4982/700/509 4983/702/510 4984/701/511
f 4982/700/509 4984/701/511 4987/703/512
f 4988/700/513 4989/702/514 4990/701/515
f 4988/700/513 4990/701/515 4993/703/767
f 4994/700/341 4995/702/341 4996/701/341
f 4994/700/341 4996/701/341 4999/703/341
f 4953/694/494 5001/705/517 5002/704/518
f 4953/694/494 5002/704/518 4954/693/495
f 4954/693/495 5002/704/518 5008/706/519
f 4954/693/495 5008/706/519 4960/696/497
f 4960/696/497 5008/706/519 5014/707/768
f 4960/696/497 5014/707/768 4966/698/499
f 5018/700/769 5019/702/770 5020/701/771
f 5018/700/769 5020/701/771 5023/703/772
f 5024/700/525 5025/702/526 5026/701/527
f 5024/700/525 5026/701/527 5029/703/528
f 5030/700/529 5031/702/530 5032/701/531
f 5030/700/529 5032/701/531 5035/703/532
f 5036/700/533 5037/702/534 5038/701/535
f 5036/700/533 5038/701/535 5041/703/536
f 5042/700/341 5043/702/341 5044/701/341
f 5042/700/341 5044/701/341 5047/703/341
f 5001/705/517 5049/709/773 5050/708/538
f 5001/705/517 5050/708/538 5002/704/518
f 5002/704/518 5050/708/538 5056/710/539
f 5002/704/518 5056/710/539 5008/706/519
f 5008/706/519 5056/710/539 5062/711/774
f 5008/706/519 5062/711/774 5014/707/768
f 5066/700/775 5067/702/776 5068/701/777
f 5066/700/775 5068/701/777 5071/703/778
f 5072/700/545 5073/702/546 5074/701/547
f 5072/700/545 5074/701/547 5077/703/548
f 5078/700/549 5079/702/550 5080/701/551
f 5078/700/549 5080/701/551 5083/703/552
f 5084/700/553 5085/702/554 5086/701/555
f 5084/700/553 5086/701/555 5089/703/556
f 5090/700/341 5091/702/341 5092/701/341
f 5090/700/341 5092/701/341 5095/703/341
f 5049/709/773 5097/713/557 5098/712/558
f 5049/709/773 5098/712/558 5050/708/538
f 5050/708/538 5098/712/558 5104/714/559
f 5050/708/538 5104/714/559 5056/710/539
f 5056/710/539 5104/714/559 5110/715/560
f 5056/710/539 5110/715/560 5062/711/774
f 5114/700/779 5115/702/562 5116/701/780
f 5114/700/779 5116/701/780 5119/703/781
f 5120/700/565 5121/702/566 5122/701/567
f 5120/700/565 5122/701/567 5125/703/568
f 5126/700/569 5127/702/570 5128/701/571
f 5126/700/569 5128/701/571 5131/703/572
f 5132/700/573 5133/702/574 5134/701/575
f 5132/700/573 5134/701/575 5137/703/576
f 5138/700/341 5139/702/341 5140/701/341
f 5138/700/341 5140/701/341 5143/703/341
f 5097/713/557 5145/717/577 5146/716/578
f 5097/713/557 5146/716/578 5098/712/558
f 5098/712/558 5146/716/578 5152/718/579
f 5098/712/558 5152/718/579 5104/714/559
f 5104/714/559 5152/718/579 5158/719/580
f 5104/714/559 5158/719/580 5110/715/560
f 5162/700/406 5163/702/406 5164/701/406
f 5162/700/406 5164/701/406 5167/703/406
f 5168/700/582 5169/702/583 5170/701/782
f 5168/700/582 5170/701/782 5173/703/585
f 5174/700/783 5175/702/587 5176/701/588
f 5174/700/783 5176/701/588 5179/703/589
f 5180/700/590 5181/702/591 5182/701/784
f 5180/700/590 5182/701/784 5185/703/593
f 5186/700/341 5187/702/341 5188/701/341
f 5186/700/341 5188/701/341 5191/703/341
f 5145/717/577 5193/721/594 5194/720/595
f 5145/717/577 5194/720/595 5146/716/578
f 5146/716/578 5194/720/595 5200/722/596
f 5146/716/578 5200/722/596 5152/718/579
f 5152/718/579 5200/722/596 5206/723/597
f 5152/718/579 5206/723/597 5158/719/580
f 5210/700/406 5211/702/406 5212/701/406
f 5210/700/406 5212/701/406 5215/703/406
f 5216/700/598 5217/702/599 5218/701/600
f 5216/700/598 5218/701/600 5221/703/785
f 5222/700/786 5223/702/787 5224/701/604
f 5222/700/786 5224/701/604 5227/703/605
f 5228/700/606 5229/702/607 5230/701/608
f 5228/700/606 5230/701/608 5233/703/788
f 5234/700/341 5235/702/341 5236/701/341
f 5234/700/341 5236/701/341 5239/703/341
f 5193/721/594 5241/725/610 5242/724/611
f 5193/721/594 5242/724/611 5194/720/595
f 5194/720/595 5242/724/611 5248/726/612
f 5194/720/595 5248/726/612 5200/722/596
f 5200/722/596 5248/726/612 5254/727/613
f 5200/722/596 5254/727/613 5206/723/597
f 5258/700/406 5259/702/406 5260/701/406
f 5258/700/406 5260/701/406 5263/703/406
f 5264/700/614 5265/702/615 5266/701/789
f 5264/700/614 5266/701/789 5269/703/790
f 5270/700/618 5271/702/619 5272/701/791
f 5270/700/618 5272/701/791 5275/703/621
f 5276/700/622 5277/702/623 5278/701/624
f 5276/700/622 5278/701/624 5281/703/625
f 5282/700/341 5283/702/341 5284/701/341
f 5282/700/341 5284/701/341 5287/703/341
f 5241/725/610 5289/729/626 5290/728/627
f 5241/725/610 5290/728/627 5242/724/611
f 5242/724/611 5290/728/627 5296/730/628
f 5242/724/611 5296/730/628 5248/726/612
f 5248/726/612 5296/730/628 5302/731/629
f 5248/726/612 5302/731/629 5254/727/613
f 5306/700/406 5307/702/792 5308/701/406
f 5306/700/406 5308/701/406 5311/703/406
f 5312/700/630 5313/702/631 5314/701/632
f 5312/700/630 5314/701/632 5317/703/633
f 5318/700/634 5319/702/635 5320/701/636
f 5318/700/634 5320/701/636 5323/703/637
f 5324/700/638 5325/702/639 5326/701/640
f 5324/700/638 5326/701/640 5329/703/641
f 5330/700/341 5331/702/341 5332/701/341
f 5330/700/341 5332/701/341 5335/703/341
f 5289/729/626 5337/733/642 5338/732/643
f 5289/729/626 5338/732/643 5290/728/627
f 5290/728/627 5338/732/643 5344/734/793
f 5290/728/627 5344/734/793 5296/730/628
f 5296/730/628 5344/734/793 5350/735/794
f 5296/730/628 5350/735/794 5302/731/629
f 5354/700/406 5355/702/406 5356/701/406
f 5354/700/406 5356/701/406 5359/703/406
f 5360/700/646 5361/702/647 5362/701/648
f 5360/700/646 5362/701/648 5365/703/795
f 5366/700/650 5367/702/651 5368/701/796
f 5366/700/650 5368/701/796 5371/703/797
f 5372/700/654 5373/702/655 5374/701/656
f 5372/700/654 5374/701/656 5377/703/657
f 5378/700/341 5379/702/341 5380/701/341
f 5378/700/341 5380/701/341 5383/703/341
f 5384/700/341 5385/702/341 5386/701/341
f 5384/700/341 5386/701/341 5389/703/341
f 5390/701/798 5391/703/659 5392/700/659
f 5390/701/799 5394/703/800 5395/700/800
f 5390/701/801 5397/703/802 5398/700/802
f 5390/701/798 5400/703/663 5401/700/663
f 5390/701/803 5403/703/664 5404/700/664
f 5390/701/801 5406/703/804 5407/700/804
f 5390/701/798 5409/703/666 5410/700/666
f 5390/701/799 5412/703/805 5413/700/805
f 5414/736/406 5415/737/406 5416/738/406
f 5414/736/406 5416/738/406 5419/739/406
f 5414/736/406 5419/739/406 5422/740/406
f 5414/736/406 5422/740/406 5425/741/406
f 5414/736/406 5425/741/406 5428/742/406
f 5414/736/406 5428/742/406 5431/743/406
f 5414/736/406 5431/743/406 5434/744/406
f 5414/736/406 5434/744/406 5437/745/406
f 5414/736/406 5437/745/406 5440/746/406
f 5414/736/406 5440/746/406 5443/747/406
f 5414/736/406 5443/747/406 5446/748/406
f 5414/736/406 5446/748/406 5449/749/406
f 5414/736/406 5449/749/406 5452/750/406
f 5414/736/406 5452/750/406 5455/751/406
f 5414/736/406 5455/751/406 5458/752/406
f 5414/736/406 5458/752/406 5461/753/406
f 5414/736/406 5461/753/406 5464/754/406
f 5414/736/406 5464/754/406 5467/755/406
f 5414/736/406 5467/755/406 5470/756/406
f 5414/736/406 5470/756/406 5473/757/406
f 5414/736/406 5473/757/406 5476/758/406
f 5414/736/406 5476/758/406 5479/759/406
f 5414/736/406 5479/759/406 5482/760/406
f 5414/736/406 5482/760/406 5485/761/406
f 5414/736/406 5485/761/406 5488/762/406
f 5414/736/406 5488/762/406 5491/763/406
f 5414/736/406 5491/763/406 5494/764/406
f 5414/736/406 5494/764/406 5497/765/406
f 5414/736/406 5497/765/406 5500/766/406
f 5414/736/406 5500/766/406 5415/737/406
f 5504/767/669 5505/767/669 5506/768/670
f 5504/767/669 5506/768/670 5509/768/670
f 5509/768/670 5506/768/670 5512/769/671
f 5509/768/670 5512/769/671 5511/769/671
f 5511/769/671 5512/769/671 5510/770/672
f 5511/769/671 5510/770/672 5508/770/672
f 5508/770/672 5510/770/672 5507/771/806
f 5508/770/672 5507/771/806 5503/771/806
f 5503/771/806 5507/771/806 5502/772/674
f 5503/771/806 5502/772/674 5501/772/674
f 5501/772/674 5502/772/674 5499/773/675
f 5501/772/674 5499/773/675 5498/773/807
f 5498/773/807 5499/773/675 5496/774/676
f 5498/773/807 5496/774/676 5495/774/676
f 5495/774/676 5496/774/676 5493/775/677
f 5495/774/676 5493/775/677 5492/775/677
f 5492/775/677 5493/775/677 5490/776/808
f 5492/775/677 5490/776/808 5489/776/678
f 5489/776/678 5490/776/808 5487/777/679
f 5489/776/678 5487/777/679 5486/777/679
f 5486/777/679 5487/777/679 5484/778/809
f 5486/777/679 5484/778/809 5483/778/809
f 5483/778/809 5484/778/809 5481/779/681
f 5483/778/809 5481/779/681 5480/779/681
f 5480/779/681 5481/779/681 5478/780/682
f 5480/779/681 5478/780/682 5477/780/682
f 5477/780/682 5478/780/682 5475/781/683
f 5477/780/682 5475/781/683 5474/781/683
f 5474/781/683 5475/781/683 5472/782/684
f 5474/781/683 5472/782/684 5471/782/684
f 5471/782/684 5472/782/684 5469/783/685
f 5471/782/684 5469/783/685 5468/783/685
f 5468/783/685 5469/783/685 5466/784/686
f 5468/783/685 5466/784/686 5465/784/686
f 5465/784/686 5466/784/686 5463/785/687
f 5465/784/686 5463/785/687 5462/785/687
f 5462/785/687 5463/785/687 5460/786/688
f 5462/785/687 5460/786/688 5459/786/688
f 5459/786/688 5460/786/688 5457/787/689
f 5459/786/688 5457/787/689 5456/787/689
f 5456/787/689 5457/787/689 5454/788/690
f 5456/787/689 5454/788/690 5453/788/690
f 5453/788/690 5454/788/690 5451/789/691
f 5453/788/690 5451/789/691 5450/789/691
f 5450/789/691 5451/789/691 5448/790/692
f 5450/789/691 5448/790/692 5447/790/692
f 5447/790/692 5448/790/692 5445/791/693
f 5447/790/692 5445/791/693 5444/791/693
f 5444/791/693 5445/791/693 5442/792/694
f 5444/791/693 5442/792/694 5441/792/694
f 5441/792/694 5442/792/694 5439/793/695
f 5441/792/694 5439/793/695 5438/793/695
f 5438/793/695 5439/793/695 5436/794/696
f 5438/793/695 5436/794/696 5435/794/696
f 5435/794/696 5436/794/696 5433/795/697
f 5435/794/696 5433/795/697 5432/795/697
f 5432/795/697 5433/795/697 5430/796/698
f 5432/795/697 5430/796/698 5429/796/698
f 5429/796/698 5430/796/698 5505/767/669
f 5429/796/698 5505/767/669 5504/767/669
f 5427/797/341 5426/768/341 5424/767/341
f 5427/797/341 5423/769/341 5426/768/341
f 5427/797/341 5421/770/341 5423/769/341
f 5427/797/341 5420/771/341 5421/770/341
f 5427/797/341 5418/772/341 5420/771/341
f 5427/797/341 5417/773/341 5418/772/341
f 5427/797/341 5411/774/341 5417/773/341
f 5427/797/341 5408/775/341 5411/774/341
f 5427/797/341 5405/776/341 5408/775/341
f 5427/797/341 5402/777/341 5405/776/341
f 5427/797/341 5399/778/341 5402/777/341
f 5427/797/341 5396/779/341 5399/778/341
f 5427/797/341 5393/780/341 5396/779/341
f 5427/797/341 5388/781/341 5393/780/341
f 5427/797/341 5387/782/341 5388/781/341
f 5427/797/341 5382/783/341 5387/782/341
f 5427/797/341 5381/784/341 5382/783/341
f 5427/797/341 5376/785/341 5381/784/341
f 5427/797/341 5375/786/341 5376/785/341
f 5427/797/341 5370/787/341 5375/786/341
f 5427/797/341 5369/788/341 5370/787/341
f 5427/797/341 5364/789/341 5369/788/341
f 5427/797/341 5363/790/341 5364/789/341
f 5427/797/341 5358/791/341 5363/790/341
f 5427/797/341 5357/792/341 5358/791/341
f 5427/797/341 5353/793/341 5357/792/341
f 5427/797/341 5352/794/341 5353/793/341
f 5427/797/341 5351/795/341 5352/794/341
f 5427/797/341 5349/796/341 5351/795/341
f 5427/797/341 5424/767/341 5349/796/341
f 5348/798/810 5347/799/810 5346/800/810
f 5347/799/810 5348/798/810 5345/801/810
f 5343/798/811 5342/799/811 5341/800/811
f 5342/799/811 5343/798/811 5340/801/812
f 5339/798/813 5336/799/814 5334/800/815
f 5336/799/814 5339/798/813 5333/801/814
f 5328/798/715 5327/799/715 5322/800/715
f 5327/799/715 5328/798/715 5321/801/715
f 5316/798/717 5315/799/717 5310/800/717
f 5315/799/717 5316/798/717 5309/801/717
f 5305/798/816 5304/799/817 5303/800/817
f 5304/799/817 5305/798/816 5301/801/816
f 5300/798/818 5299/799/818 5298/800/818
f 5299/799/818 5300/798/818 5297/801/818
f 5295/798/819 5294/799/819 5293/800/819
f 5294/799/819 5295/798/819 5292/801/819
f 5291/798/705 5288/799/705 5286/800/705
f 5288/799/705 5291/798/705 5285/801/705
f 5280/798/706 5279/799/706 5274/800/706
f 5279/799/706 5280/798/706 5273/801/706
f 5268/692/317 5267/693/318 5262/694/319
f 5268/692/317 5261/695/820 5267/693/318
f 5261/695/820 5257/696/321 5267/693/318
f 5261/695/820 5256/697/322 5257/696/321
f 5256/697/322 5255/698/323 5257/696/321
f 5256/697/322 5253/699/324 5255/698/323
f 5252/700/821 5251/701/822 5250/702/823
f 5252/700/821 5249/703/824 5251/701/822
f 5247/700/329 5246/701/330 5245/702/331
f 5247/700/329 5244/703/332 5246/701/330
f 5243/700/333 5240/701/334 5238/702/825
f 5243/700/333 5237/703/336 5240/701/334
f 5232/700/337 5231/701/826 5226/702/339
f 5232/700/337 5225/703/340 5231/701/826
f 5220/700/341 5219/701/341 5214/702/341
f 5220/700/341 5213/703/341 5219/701/341
f 5262/694/319 5209/704/342 5208/705/343
f 5262/694/319 5267/693/318 5209/704/342
f 5267/693/318 5207/706/344 5209/704/342
f 5267/693/318 5257/696/321 5207/706/344
f 5257/696/321 5205/707/827 5207/706/344
f 5257/696/321 5255/698/323 5205/707/827
f 5204/700/828 5203/701/829 5202/702/830
f 5204/700/828 5201/703/831 5203/701/829
f 5199/700/350 5198/701/351 5197/702/352
f 5199/700/350 5196/703/353 5198/701/351
f 5195/700/354 5192/701/355 5190/702/356
f 5195/700/354 5189/703/357 5192/701/355
f 5184/700/358 5183/701/832 5178/702/360
f 5184/700/358 5177/703/361 5183/701/832
f 5172/700/341 5171/701/341 5166/702/341
f 5172/700/341 5165/703/341 5171/701/341
f 5208/705/343 5161/708/362 5160/709/363
f 5208/705/343 5209/704/342 5161/708/362
f 5209/704/342 5159/710/364 5161/708/362
f 5209/704/342 5207/706/344 5159/710/364
f 5207/706/344 5157/711/728 5159/710/364
f 5207/706/344 5205/707/827 5157/711/728
f 5156/700/833 5155/701/834 5154/702/835
f 5156/700/833 5153/703/836 5155/701/834
f 5151/700/370 5150/701/371 5149/702/372
f 5151/700/370 5148/703/373 5150/701/371
f 5147/700/374 5144/701/375 5142/702/376
f 5147/700/374 5141/703/377 5144/701/375
f 5136/700/378 5135/701/379 5130/702/380
f 5136/700/378 5129/703/381 5135/701/379
f 5124/700/341 5123/701/341 5118/702/341
f 5124/700/341 5117/703/341 5123/701/341
f 5160/709/363 5113/712/382 5112/713/383
f 5160/709/363 5161/708/362 5113/712/382
f 5161/708/362 5111/714/384 5113/712/382
f 5161/708/362 5159/710/364 5111/714/384
f 5159/710/364 5109/715/385 5111/714/384
f 5159/710/364 5157/711/728 5109/715/385
f 5108/700/837 5107/701/838 5106/702/839
f 5108/700/837 5105/703/840 5107/701/838
f 5103/700/841 5102/701/391 5101/702/842
f 5103/700/841 5100/703/843 5102/701/391
f 5099/700/394 5096/701/395 5094/702/396
f 5099/700/394 5093/703/397 5096/701/395
f 5088/700/398 5087/701/399 5082/702/400
f 5088/700/398 5081/703/401 5087/701/399
f 5076/700/341 5075/701/341 5070/702/341
f 5076/700/341 5069/703/341 5075/701/341
f 5112/713/383 5065/716/402 5064/717/403
f 5112/713/383 5113/712/382 5065/716/402
f 5113/712/382 5063/718/404 5065/716/402
f 5113/712/382 5111/714/384 5063/718/404
f 5111/714/384 5061/719/405 5063/718/404
f 5111/714/384 5109/715/385 5061/719/405
f 5060/700/407 5059/701/406 5058/702/406
f 5060/700/407 5057/703/844 5059/701/406
f 5055/700/408 5054/701/737 5053/702/410
f 5055/700/408 5052/703/738 5054/701/737
f 5051/700/739 5048/701/413 5046/702/414
f 5051/700/739 5045/703/415 5048/701/413
f 5040/700/416 5039/701/417 5034/702/418
f 5040/700/416 5033/703/419 5039/701/417
f 5028/700/341 5027/701/341 5022/702/341
f 5028/700/341 5021/703/341 5027/701/341
f 5064/717/403 5017/720/420 5016/721/421
f 5064/717/403 5065/716/402 5017/720/420
f 5065/716/402 5015/722/422 5017/720/420
f 5065/716/402 5063/718/404 5015/722/422
f 5063/718/404 5013/723/423 5015/722/422
f 5063/718/404 5061/719/405 5013/723/423
f 5012/700/406 5011/701/406 5010/702/406
f 5012/700/406 5009/703/406 5011/701/406
f 5007/700/424 5006/701/425 5005/702/845
f 5007/700/424 5004/703/427 5006/701/425
f 5003/700/846 5000/701/429 4998/702/430
f 5003/700/846 4997/703/431 5000/701/429
f 4992/700/432 4991/701/742 4986/702/434
f 4992/700/432 4985/703/743 4991/701/742
f 4980/700/341 4979/701/341 4974/702/341
f 4980/700/341 4973/703/341 4979/701/341
f 5016/721/421 4968/724/436 4967/725/437
f 5016/721/421 5017/720/420 4968/724/436
f 5017/720/420 4965/726/438 4968/724/436
f 5017/720/420 5015/722/422 4965/726/438
f 5015/722/422 4964/727/847 4965/726/438
f 5015/722/422 5013/723/423 4964/727/847
f 4962/700/406 4961/701/406 4959/702/406
f 4962/700/406 4958/703/406 4961/701/406
f 4956/700/440 4955/701/441 4949/702/848
f 4956/700/440 4946/703/443 4955/701/441
f 4943/700/444 4940/701/445 4937/702/849
f 4943/700/444 4934/703/447 4940/701/445
f 4931/700/746 4927/701/449 4925/702/450
f 4931/700/746 4921/703/747 4927/701/449
f 4919/700/341 4915/701/341 4913/702/341
f 4919/700/341 4909/703/341 4915/701/341
f 4967/725/437 4907/728/452 4903/729/453
f 4967/725/437 4968/724/436 4907/728/452
f 4968/724/436 4901/730/454 4907/728/452
f 4968/724/436 4965/726/438 4901/730/454
f 4965/726/438 4897/731/850 4901/730/454
f 4965/726/438 4964/727/847 4897/731/850
f 4895/700/406 4891/701/406 4890/702/406
f 4895/700/406 4889/703/406 4891/701/406
f 4888/700/456 4886/701/851 4885/702/458
f 4888/700/456 4884/703/459 4886/701/851
f 4883/700/460 4882/701/461 4880/702/462
f 4883/700/460 4879/703/463 4882/701/461
f 4878/700/464 4877/701/465 4874/702/466
f 4878/700/464 4873/703/467 4877/701/465
f 4871/700/341 4867/701/341 4865/702/341
f 4871/700/341 4861/703/341 4867/701/341
f 4903/729/453 4859/732/468 4855/733/469
f 4903/729/453 4907/728/452 4859/732/468
f 4907/728/452 4853/734/852 4859/732/468
f 4907/728/452 4901/730/454 4853/734/852
f 4901/730/454 4849/735/749 4853/734/852
f 4901/730/454 4897/731/850 4849/735/749
f 4847/700/406 4843/701/406 4842/702/406
f 4847/700/406 4841/703/406 4843/701/406
f 4840/700/853 4838/701/473 4837/702/854
f 4840/700/853 4836/703/475 4838/701/473
f 4835/700/476 4834/701/750 4832/702/478
f 4835/700/476 4831/703/751 4834/701/750
f 4830/700/480 4829/701/481 4826/702/482
f 4830/700/480 4825/703/483 4829/701/481
f 4823/700/341 4819/701/341 4817/702/341
f 4823/700/341 4813/703/341 4819/701/341
f 4811/700/341 4807/701/341 4805/702/341
f 4811/700/341 4801/703/341 4807/701/341
f 4799/701/484 4795/700/485 4794/703/485
f 4799/701/484 4793/700/486 4792/703/486
f 4799/701/484 4790/700/855 4789/703/855
f 4799/701/484 4788/700/856 4787/703/856
f 4799/701/484 4786/700/857 4784/703/857
f 4799/701/484 4783/700/858 4782/703/858
f 4799/701/484 4781/700/491 4778/703/491
f 4799/701/484 4777/700/859 4775/703/859
f 4771/692/493 4769/694/494 4765/693/495
f 4771/692/493 4765/693/495 4763/695/496
f 4763/695/496 4765/693/495 4759/696/497
f 4763/695/496 4759/696/497 4757/697/498
f 4757/697/498 4759/696/497 4753/698/860
f 4757/697/498 4753/698/860 4751/699/500
f 4747/700/861 4746/702/862 4745/701/863
f 4747/700/861 4745/701/863 4744/703/864
f 4742/700/505 4741/702/506 4740/701/507
f 4742/700/505 4740/701/507 4739/703/508
f 4738/700/509 4736/702/510 4735/701/511
f 4738/700/509 4735/701/511 4734/703/512
f 4733/700/513 4730/702/514 4729/701/515
f 4733/700/513 4729/701/515 4727/703/516
f 4723/700/341 4721/702/341 4717/701/341
f 4723/700/341 4717/701/341 4715/703/341
f 4769/694/494 4711/705/517 4709/704/518
f 4769/694/494 4709/704/518 4765/693/495
f 4765/693/495 4709/704/518 4705/706/519
f 4765/693/495 4705/706/519 4759/696/497
f 4759/696/497 4705/706/519 4703/707/520
f 4759/696/497 4703/707/520 4753/698/860
f 4699/700/769 4698/702/865 4697/701/866
f 4699/700/769 4697/701/866 4696/703/772
f 4694/700/525 4693/702/526 4692/701/527
f 4694/700/525 4692/701/527 4691/703/528
f 4690/700/529 4688/702/530 4687/701/531
f 4690/700/529 4687/701/531 4686/703/532
f 4685/700/867 4682/702/534 4681/701/868
f 4685/700/867 4681/701/868 4679/703/536
f 4675/700/341 4673/702/341 4669/701/341
f 4675/700/341 4669/701/341 4667/703/341
f 4711/705/517 4663/709/537 4661/708/538
f 4711/705/517 4661/708/538 4709/704/518
f 4709/704/518 4661/708/538 4657/710/539
f 4709/704/518 4657/710/539 4705/706/519
f 4705/706/519 4657/710/539 4655/711/869
f 4705/706/519 4655/711/869 4703/707/520
f 4651/700/870 4650/702/871 4649/701/872
f 4651/700/870 4649/701/872 4648/703/873
f 4646/700/545 4645/702/546 4644/701/547
f 4646/700/545 4644/701/547 4643/703/548
f 4642/700/549 4640/702/550 4639/701/551
f 4642/700/549 4639/701/551 4638/703/552
f 4637/700/553 4634/702/554 4633/701/555
f 4637/700/553 4633/701/555 4631/703/556
f 4627/700/341 4625/702/341 4621/701/341
f 4627/700/341 4621/701/341 4619/703/341
f 4663/709/537 4615/713/557 4613/712/558
f 4663/709/537 4613/712/558 4661/708/538
f 4661/708/538 4613/712/558 4609/714/559
f 4661/708/538 4609/714/559 4657/710/539
f 4657/710/539 4609/714/559 4607/715/560
f 4657/710/539 4607/715/560 4655/711/869
f 4603/700/874 4602/702/875 4601/701/876
f 4603/700/874 4601/701/876 4600/703/877
f 4598/700/565 4597/702/566 4596/701/567
f 4598/700/565 4596/701/567 4595/703/568
f 4594/700/569 4592/702/570 4591/701/571
f 4594/700/569 4591/701/571 4590/703/572
f 4589/700/573 4586/702/574 4585/701/575
f 4589/700/573 4585/701/575 4583/703/576
f 4579/700/341 4577/702/341 4573/701/341
f 4579/700/341 4573/701/341 4571/703/341
f 4615/713/557 4567/717/577 4565/716/578
f 4615/713/557 4565/716/578 4613/712/558
f 4613/712/558 4565/716/578 4561/718/579
f 4613/712/558 4561/718/579 4609/714/559
f 4609/714/559 4561/718/579 4559/719/580
f 4609/714/559 4559/719/580 4607/715/560
f 4555/700/581 4554/702/406 4553/701/406
f 4555/700/581 4553/701/406 4552/703/878
f 4550/700/582 4549/702/583 4548/701/782
f 4550/700/582 4548/701/782 4547/703/879
f 4546/700/783 4544/702/587 4543/701/588
f 4546/700/783 4543/701/588 4542/703/589
f 4541/700/590 4538/702/591 4537/701/592
f 4541/700/590 4537/701/592 4535/703/593
f 4531/700/341 4529/702/341 4525/701/341
f 4531/700/341 4525/701/341 4523/703/341
f 4567/717/577 4519/721/594 4517/720/595
f 4567/717/577 4517/720/595 4565/716/578
f 4565/716/578 4517/720/595 4513/722/596
f 4565/716/578 4513/722/596 4561/718/579
f 4561/718/579 4513/722/596 4511/723/597
f 4561/718/579 4511/723/597 4559/719/580
f 4507/700/406 4505/702/406 4504/701/406
f 4507/700/406 4504/701/406 4502/703/406
f 4501/700/598 4499/702/880 4498/701/600
f 4501/700/598 4498/701/600 4496/703/881
f 4495/700/786 4493/702/603 4488/701/604
f 4495/700/786 4488/701/604 4487/703/605
f 4482/700/606 4481/702/607 4476/701/608
f 4482/700/606 4476/701/608 4475/703/788
f 4470/700/341 4469/702/341 4464/701/341
f 4470/700/341 4464/701/341 4463/703/341
f 4519/721/594 4458/725/610 4457/724/611
f 4519/721/594 4457/724/611 4517/720/595
f 4517/720/595 4457/724/611 4452/726/612
f 4517/720/595 4452/726/612 4513/722/596
f 4513/722/596 4452/726/612 4451/727/882
f 4513/722/596 4451/727/882 4511/723/597
f 4446/700/406 4445/702/406 4440/701/406
f 4446/700/406 4440/701/406 4439/703/406
f 4434/700/614 4433/702/883 4429/701/789
f 4434/700/614 4429/701/789 4428/703/790
f 4427/700/618 4426/702/619 4424/701/791
f 4427/700/618 4424/701/791 4423/703/621
f 4421/700/622 4420/702/623 4418/701/624
f 4421/700/622 4418/701/624 4417/703/625
f 4415/700/341 4414/702/341 4412/701/341
f 4415/700/341 4412/701/341 4411/703/341
f 4458/725/610 4409/729/626 4408/728/627
f 4458/725/610 4408/728/627 4457/724/611
f 4457/724/611 4408/728/627 4406/730/628
f 4457/724/611 4406/730/628 4452/726/612
f 4452/726/612 4406/730/628 4405/731/884
f 4452/726/612 4405/731/884 4451/727/882
f 4403/700/406 4402/702/406 4400/701/406
f 4403/700/406 4400/701/406 4399/703/406
f 4397/700/630 4396/702/631 4394/701/885
f 4397/700/630 4394/701/885 4393/703/633
f 4391/700/634 4390/702/635 4388/701/886
f 4391/700/634 4388/701/886 4387/703/637
f 4385/700/638 4384/702/639 4382/701/640
f 4385/700/638 4382/701/640 4381/703/641
f 4379/700/341 4378/702/341 4376/701/341
f 4379/700/341 4376/701/341 4375/703/341
f 4409/729/626 4373/733/642 4372/732/643
f 4409/729/626 4372/732/643 4408/728/627
f 4408/728/627 4372/732/643 4370/734/793
f 4408/728/627 4370/734/793 4406/730/628
f 4406/730/628 4370/734/793 4369/735/794
f 4406/730/628 4369/735/794 4405/731/884
f 4367/700/406 4366/702/406 4364/701/406
f 4367/700/406 4364/701/406 4363/703/406
f 4361/700/887 4360/702/888 4358/701/648
f 4361/700/887 4358/701/648 4357/703/649
f 4355/700/650 4354/702/651 4352/701/889
f 4355/700/650 4352/701/889 4351/703/797
f 4349/700/654 4348/702/655 4346/701/656
f 4349/700/654 4346/701/656 4345/703/657
f 4343/700/341 4339/702/341 4338/701/341
f 4343/700/341 4338/701/341 4337/703/341
f 4336/700/341 4335/702/341 4334/701/341
f 4336/700/341 4334/701/341 4332/703/341
f 4331/701/658 4329/703/659 4328/700/659
f 4331/701/660 4326/703/890 4325/700/890
f 4331/701/660 4323/703/891 4322/700/891
f 4331/701/667 4320/703/892 4319/700/892
f 4331/701/660 4317/703/893 4316/700/893
f 4331/701/660 4314/703/894 4313/700/894
f 4331/701/660 4311/703/666 4310/700/666
f 4331/701/667 4308/703/895 4307/700/895
f 4305/736/406 4304/737/406 4302/738/406
f 4305/736/406 4302/738/406 4301/739/406
f 4305/736/406 4301/739/406 4299/740/406
f 4305/736/406 4299/740/406 4298/741/406
f 4305/736/406 4298/741/406 4296/742/406
f 4305/736/406 4296/742/406 4295/743/406
f 4305/736/406 4295/743/406 4293/744/406
f 4305/736/406 4293/744/406 4292/745/406
f 4305/736/406 4292/745/406 4290/746/406
f 4305/736/406 4290/746/406 4289/747/406
f 4305/736/406 4289/747/406 4287/748/406
f 4305/736/406 4287/748/406 4286/749/406
f 4305/736/406 4286/749/406 4284/750/406
f 4305/736/406 4284/750/406 4283/751/406
f 4305/736/406 4283/751/406 4281/752/406
f 4305/736/406 4281/752/406 4280/753/406
f 4305/736/406 4280/753/406 4278/754/406
f 4305/736/406 4278/754/406 4277/755/406
f 4305/736/406 4277/755/406 4275/756/406
f 4305/736/406 4275/756/406 4274/757/406
f 4305/736/406 4274/757/406 4272/758/406
f 4305/736/406 4272/758/406 4271/759/406
f 4305/736/406 4271/759/406 4269/760/406
f 4305/736/406 4269/760/406 4268/761/406
f 4305/736/406 4268/761/406 4266/762/406
f 4305/736/406 4266/762/406 4265/763/406
f 4305/736/406 4265/763/406 4263/764/406
f 4305/736/406 4263/764/406 4262/765/406
f 4305/736/406 4262/765/406 4260/766/406
f 4305/736/406 4260/766/406 4304/737/406
f 4259/767/669 4257/767/669 4256/768/670
f 4259/767/669 4256/768/670 4254/768/670
f 4254/768/670 4256/768/670 4253/769/671
f 4254/768/670 4253/769/671 4251/769/671
f 4251/769/671 4253/769/671 4250/770/672
f 4251/769/671 4250/770/672 4248/770/672
f 4248/770/672 4250/770/672 4247/771/806
f 4248/770/672 4247/771/806 4245/771/806
f 4245/771/806 4247/771/806 4244/772/674
f 4245/771/806 4244/772/674 4242/772/674
f 4242/772/674 4244/772/674 4241/773/675
f 4242/772/674 4241/773/675 4239/773/675
f 4239/773/675 4241/773/675 4238/774/676
f 4239/773/675 4238/774/676 4236/774/676
f 4236/774/676 4238/774/676 4235/775/677
f 4236/774/676 4235/775/677 4233/775/677
f 4233/775/677 4235/775/677 4232/776/678
f 4233/775/677 4232/776/678 4230/776/678
f 4230/776/678 4232/776/678 4229/777/679
f 4230/776/678 4229/777/679 4227/777/679
f 4227/777/679 4229/777/679 4226/778/809
f 4227/777/679 4226/778/809 4224/778/809
f 4224/778/809 4226/778/809 4223/779/681
f 4224/778/809 4223/779/681 4221/779/681
f 4221/779/681 4223/779/681 4220/780/682
f 4221/779/681 4220/780/682 4218/780/682
f 4218/780/682 4220/780/682 4217/781/683
f 4218/780/682 4217/781/683 4215/781/683
f 4215/781/683 4217/781/683 4214/782/684
f 4215/781/683 4214/782/684 4212/782/684
f 4212/782/684 4214/782/684 4211/783/685
f 4212/782/684 4211/783/685 4209/783/685
f 4209/783/685 4211/783/685 4208/784/686
f 4209/783/685 4208/784/686 4206/784/686
f 4206/784/686 4208/784/686 4205/785/687
f 4206/784/686 4205/785/687 4203/785/687
f 4203/785/687 4205/785/687 4202/786/688
f 4203/785/687 4202/786/688 4200/786/688
f 4200/786/688 4202/786/688 4199/787/689
f 4200/786/688 4199/787/689 4197/787/689
f 4197/787/689 4199/787/689 4196/788/690
f 4197/787/689 4196/788/690 4194/788/690
f 4194/788/690 4196/788/690 4193/789/691
f 4194/788/690 4193/789/691 4191/789/691
f 4191/789/691 4193/789/691 4190/790/692
f 4191/789/691 4190/790/692 4188/790/692
f 4188/790/692 4190/790/692 4187/791/693
f 4188/790/692 4187/791/693 4185/791/693
f 4185/791/693 4187/791/693 4184/792/694
f 4185/791/693 4184/792/694 4182/792/694
f 4182/792/694 4184/792/694 4181/793/695
f 4182/792/694 4181/793/695 4179/793/695
f 4179/793/695 4181/793/695 4178/794/696
f 4179/793/695 4178/794/696 4176/794/696
f 4176/794/696 4178/794/696 4175/795/697
f 4176/794/696 4175/795/697 4173/795/697
f 4173/795/697 4175/795/697 4172/796/698
f 4173/795/697 4172/796/698 4170/796/698
f 4170/796/698 4172/796/698 4257/767/669
f 4170/796/698 4257/767/669 4259/767/669
f 4169/797/341 4167/768/341 4166/767/341
f 4169/797/341 4164/769/341 4167/768/341
f 4169/797/341 4163/770/341 4164/769/341
f 4169/797/341 4159/771/341 4163/770/341
f 4169/797/341 4158/772/341 4159/771/341
f 4169/797/341 4157/773/341 4158/772/341
f 4169/797/341 4155/774/341 4157/773/341
f 4169/797/341 4154/775/341 4155/774/341
f 4169/797/341 4152/776/341 4154/775/341
f 4169/797/341 4151/777/341 4152/776/341
f 4169/797/341 4149/778/341 4151/777/341
f 4169/797/341 4148/779/341 4149/778/341
f 4169/797/341 4146/780/341 4148/779/341
f 4169/797/341 4145/781/341 4146/780/341
f 4169/797/341 4143/782/341 4145/781/341
f 4169/797/341 4142/783/341 4143/782/341
f 4169/797/341 4140/784/341 4142/783/341
f 4169/797/341 4139/785/341 4140/784/341
f 4169/797/341 4137/786/341 4139/785/341
f 4169/797/341 4136/787/341 4137/786/341
f 4169/797/341 4134/788/341 4136/787/341
f 4169/797/341 4133/789/341 4134/788/341
f 4169/797/341 4131/790/341 4133/789/341
f 4169/797/341 4130/791/341 4131/790/341
f 4169/797/341 4128/792/341 4130/791/341
f 4169/797/341 4127/793/341 4128/792/341
f 4169/797/341 4125/794/341 4127/793/341
f 4169/797/341 4124/795/341 4125/794/341
f 4169/797/341 4122/796/341 4124/795/341
f 4169/797/341 4166/767/341 4122/796/341
f 4121/798/810 4119/799/810 4118/800/810
f 4119/799/810 4121/798/810 4116/801/810
f 4115/798/811 4113/799/896 4112/800/811
f 4113/799/896 4115/798/811 4110/801/896
f 4109/798/813 4107/799/813 4106/800/813
f 4107/799/813 4109/798/813 4104/801/813
f 4103/798/714 4101/799/715 4100/800/715
f 4101/799/715 4103/798/714 4098/801/714
f 4097/798/717 4095/799/717 4094/800/717
f 4095/799/717 4097/798/717 4092/801/717
f 4091/798/816 4089/799/897 4088/800/897
f 4089/799/897 4091/798/816 4086/801/898
f 4085/798/899 4083/799/900 4082/800/899
f 4083/799/900 4085/798/899 4080/801/900
f 4079/798/819 4077/799/819 4076/800/819
f 4077/799/819 4079/798/819 4074/801/819
f 4073/798/705 4067/799/705 4064/800/705
f 4067/799/705 4073/798/705 4061/801/705
f 4058/798/706 4055/799/706 4052/800/706
f 4055/799/706 4058/798/706 4049/801/706
f 4044/802/341 4043/803/341 4038/804/341
f 4044/802/341 4037/805/341 4043/803/341
f 4044/802/341 4032/806/341 4037/805/341
f 4044/802/341 4031/807/341 4032/806/341
f 4044/802/341 4026/808/341 4031/807/341
f 4044/802/341 4025/809/341 4026/808/341
f 4044/802/341 4020/810/341 4025/809/341
f 4044/802/341 4019/811/341 4020/810/341
f 4044/802/341 4014/812/341 4019/811/341
f 4044/802/341 4013/813/341 4014/812/341
f 4044/802/341 4009/814/341 4013/813/341
f 4044/802/341 4008/815/341 4009/814/341
f 4044/802/341 4007/816/341 4008/815/341
f 4044/802/341 4005/817/341 4007/816/341
f 4044/802/341 4004/818/341 4005/817/341
f 4044/802/341 4003/819/341 4004/818/341
f 4044/802/341 4002/820/341 4003/819/341
f 4044/802/341 4001/821/341 4002/820/341
f 4044/802/341 3999/822/341 4001/821/341
f 4044/802/341 3998/823/341 3999/822/341
f 4044/802/341 3997/824/341 3998/823/341
f 4044/802/341 3996/825/341 3997/824/341
f 4044/802/341 3995/826/341 3996/825/341
f 4044/802/341 3992/827/341 3995/826/341
f 4044/802/341 3990/828/341 3992/827/341
f 4044/802/341 3989/829/341 3990/828/341
f 4044/802/341 3984/830/341 3989/829/341
f 4044/802/341 3983/831/341 3984/830/341
f 4044/802/341 3978/832/341 3983/831/341
f 4044/802/341 4038/804/341 3978/832/341
f 3977/833/901 3972/834/902 3971/835/903
f 3977/833/901 3971/835/903 3966/836/904
f 3977/833/901 3966/836/904 3965/837/904
f 3977/833/901 3965/837/904 3961/838/905
f 3977/833/901 3961/838/905 3960/839/906
f 3977/833/901 3960/839/906 3959/840/906
f 3977/833/901 3959/840/906 3957/841/907
f 3977/833/901 3957/841/907 3956/842/908
f 3977/833/901 3956/842/908 3955/843/908
f 3977/833/901 3955/843/908 3954/844/909
f 3977/833/901 3954/844/909 3953/845/910
f 3977/833/901 3953/845/910 3951/846/910
f 3977/833/901 3951/846/910 3950/847/911
f 3977/833/901 3950/847/911 3949/848/912
f 3977/833/901 3949/848/912 3948/849/913
f 3977/833/901 3948/849/913 3947/850/914
f 3977/833/901 3947/850/914 3944/851/915
f 3977/833/901 3944/851/915 3942/852/916
f 3977/833/901 3942/852/916 3941/853/917
f 3977/833/901 3941/853/917 3936/854/918
f 3977/833/901 3936/854/918 3935/855/919
f 3977/833/901 3935/855/919 3930/856/920
f 3977/833/901 3930/856/920 3929/857/921
f 3977/833/901 3929/857/921 3924/858/922
f 3977/833/901 3924/858/922 3923/859/923
f 3977/833/901 3923/859/923 3918/860/924
f 3977/833/901 3918/860/924 3917/861/925
f 3977/833/901 3917/861/925 3913/862/926
f 3977/833/901 3913/862/926 3912/863/927
f 3977/833/901 3912/863/927 3972/834/902
f 3911/864/670 3909/865/670 3908/866/670
f 3911/864/670 3908/866/670 3907/867/670
f 3906/864/671 3905/865/671 3903/866/671
f 3906/864/671 3903/866/671 3902/867/671
f 3901/864/672 3900/865/672 3899/866/672
f 3901/864/672 3899/866/672 3896/867/672
f 3894/864/673 3893/865/673 3888/866/673
f 3894/864/673 3888/866/673 3887/867/673
f 3882/864/674 3881/865/674 3876/866/674
f 3882/864/674 3876/866/674 3875/867/674
f 3870/864/675 3869/865/675 3865/866/675
f 3870/864/675 3865/866/675 3864/867/675
f 3863/864/676 3861/865/676 3860/866/676
f 3863/864/676 3860/866/676 3859/867/676
f 3858/864/677 3857/865/677 3855/866/677
f 3858/864/677 3855/866/677 3854/867/677
f 3853/864/678 3852/865/678 3851/866/678
f 3853/864/678 3851/866/678 3848/867/678
f 3846/864/679 3845/865/679 3840/866/679
f 3846/864/679 3840/866/679 3839/867/679
f 3834/864/680 3833/865/680 3828/866/680
f 3834/864/680 3828/866/680 3827/867/680
f 3822/864/681 3821/865/681 3817/866/681
f 3822/864/681 3817/866/681 3816/867/681
f 3815/864/928 3813/865/928 3812/866/928
f 3815/864/928 3812/866/928 3811/867/928
f 3810/864/683 3809/865/683 3807/866/929
f 3810/864/683 3807/866/929 3806/867/929
f 3805/864/684 3804/865/684 3803/866/684
f 3805/864/684 3803/866/684 3800/867/684
f 3798/864/930 3797/865/930 3792/866/685
f 3798/864/930 3792/866/685 3791/867/685
f 3786/864/931 3785/865/931 3780/866/931
f 3786/864/931 3780/866/931 3779/867/931
f 3774/864/687 3773/865/687 3769/866/687
f 3774/864/687 3769/866/687 3768/867/687
f 3767/864/688 3765/865/688 3764/866/688
f 3767/864/688 3764/866/688 3763/867/688
f 3762/864/689 3761/865/689 3759/866/689
f 3762/864/689 3759/866/689 3758/867/689
f 3757/864/690 3756/865/690 3755/866/690
f 3757/864/690 3755/866/690 3752/867/690
f 3750/864/691 3749/865/691 3744/866/691
f 3750/864/691 3744/866/691 3743/867/691
f 3738/864/692 3737/865/692 3732/866/692
f 3738/864/692 3732/866/692 3731/867/692
f 3726/864/693 3725/865/693 3721/866/693
f 3726/864/693 3721/866/693 3720/867/693
f 3719/864/694 3717/865/694 3716/866/694
f 3719/864/694 3716/866/694 3715/867/694
f 3714/864/695 3713/865/695 3711/866/695
f 3714/864/695 3711/866/695 3710/867/695
f 3709/864/696 3708/865/696 3707/866/696
f 3709/864/696 3707/866/696 3704/867/696
f 3702/864/697 3701/865/697 3696/866/697
f 3702/864/697 3696/866/697 3695/867/697
f 3690/864/698 3689/865/698 3684/866/698
f 3690/864/698 3684/866/698 3683/867/698
f 3678/864/669 3677/865/669 3673/866/669
f 3678/864/669 3673/866/669 3672/867/669
f 3671/868/932 3669/869/933 3668/870/934
f 3671/868/932 3668/870/934 3667/871/934
f 3667/871/934 3668/870/934 3666/872/935
f 3667/871/934 3666/872/935 3665/873/935
f 3665/873/935 3666/872/935 3663/874/936
f 3665/873/935 3663/874/936 3662/875/936
f 3662/875/936 3663/874/936 3661/876/937
f 3662/875/936 3661/876/937 3660/877/937
f 3660/877/937 3661/876/937 3659/878/938
f 3660/877/937 3659/878/938 3656/879/938
f 3656/879/938 3659/878/938 3654/876/939
f 3656/879/938 3654/876/939 3653/877/939
f 3653/877/939 3654/876/939 3648/874/940
f 3653/877/939 3648/874/940 3647/875/940
f 3647/875/940 3648/874/940 3642/872/941
f 3647/875/940 3642/872/941 3641/873/941
f 3641/873/941 3642/872/941 3636/870/942
f 3641/873/941 3636/870/942 3635/871/943
f 3635/871/943 3636/870/942 3630/880/944
f 3635/871/943 3630/880/944 3629/881/945
f 3629/881/945 3630/880/944 3624/882/946
f 3629/881/945 3624/882/946 3623/883/946
f 3623/883/946 3624/882/946 3621/884/947
f 3623/883/946 3621/884/947 3620/885/947
f 3620/885/947 3621/884/947 3618/886/948
f 3620/885/947 3618/886/948 3617/887/948
f 3617/887/948 3618/886/948 3615/888/949
f 3617/887/948 3615/888/949 3614/889/949
f 3614/889/949 3615/888/949 3612/890/950
f 3614/889/949 3612/890/950 3611/891/950
f 3611/891/950 3612/890/950 3605/888/951
f 3611/891/950 3605/888/951 3602/889/951
f 3602/889/951 3605/888/951 3599/886/952
f 3602/889/951 3599/886/952 3596/887/952
f 3596/887/952 3599/886/952 3593/884/953
f 3596/887/952 3593/884/953 3590/885/953
f 3590/885/953 3593/884/953 3587/882/954
f 3590/885/953 3587/882/954 3583/883/955
f 3583/883/955 3587/882/954 3669/869/933
f 3583/883/955 3669/869/933 3671/868/932
f 3581/869/956 3577/870/341 3575/869/957
f 3581/869/956 3571/872/341 3577/870/341
f 3581/869/956 3569/874/341 3571/872/341
f 3581/869/956 3565/876/341 3569/874/341
f 3581/869/956 3563/878/341 3565/876/341
f 3581/869/956 3559/876/341 3563/878/341
f 3581/869/956 3557/874/341 3559/876/341
f 3581/869/956 3553/872/341 3557/874/341
f 3581/869/956 3551/870/958 3553/872/341
f 3581/869/956 3547/880/959 3551/870/958
f 3581/869/956 3546/882/960 3547/880/959
f 3581/869/956 3545/884/961 3546/882/960
f 3581/869/956 3544/886/962 3545/884/961
f 3581/869/956 3542/888/963 3544/886/962
f 3581/869/956 3541/890/964 3542/888/963
f 3581/869/956 3540/888/965 3541/890/964
f 3581/869/956 3539/886/966 3540/888/965
f 3581/869/956 3538/884/967 3539/886/966
f 3581/869/956 3536/882/968 3538/884/967
f 3581/869/956 3575/869/957 3536/882/968
f 3535/892/969 3534/893/970 3533/894/406
f 3535/892/969 3533/894/406 3530/895/406
f 3535/892/969 3530/895/406 3529/896/406
f 3535/892/969 3529/896/406 3527/897/406
f 3535/892/969 3527/897/406 3523/898/406
f 3535/892/969 3523/898/406 3521/899/406
f 3535/892/969 3521/899/406 3517/900/406
f 3535/892/969 3517/900/406 3515/901/406
f 3535/892/969 3515/901/406 3511/902/971
f 3535/892/969 3511/902/971 3509/903/972
f 3535/892/969 3509/903/972 3505/904/973
f 3535/892/969 3505/904/973 3503/905/974
f 3535/892/969 3503/905/974 3499/906/975
f 3535/892/969 3499/906/975 3498/907/976
f 3535/892/969 3498/907/976 3497/908/977
f 3535/892/969 3497/908/977 3496/909/978
f 3535/892/969 3496/909/978 3494/910/979
f 3535/892/969 3494/910/979 3493/911/980
f 3535/892/969 3493/911/980 3492/912/981
f 3535/892/969 3492/912/981 3534/893/970
f 3491/893/982 3490/913/983 3488/914/984
f 3491/893/982 3488/914/984 3487/894/985
f 3487/894/985 3488/914/984 3486/915/986
f 3487/894/985 3486/915/986 3485/895/987
f 3485/895/987 3486/915/986 3482/916/988
f 3485/895/987 3482/916/988 3481/896/988
f 3481/896/988 3482/916/988 3479/917/989
f 3481/896/988 3479/917/989 3475/897/990
f 3475/897/990 3479/917/989 3473/918/991
f 3475/897/990 3473/918/991 3469/898/992
f 3469/898/992 3473/918/991 3467/919/993
f 3469/898/992 3467/919/993 3463/899/993
f 3463/899/993 3467/919/993 3461/920/994
f 3463/899/993 3461/920/994 3457/900/995
f 3457/900/995 3461/920/994 3455/921/996
f 3457/900/995 3455/921/996 3451/901/997
f 3451/901/997 3455/921/996 3450/922/998
f 3451/901/997 3450/922/998 3449/902/998
f 3449/902/998 3450/922/998 3448/923/999
f 3449/902/998 3448/923/999 3446/903/1000
f 3446/903/1000 3448/923/999 3445/924/1001
f 3446/903/1000 3445/924/1001 3444/904/1002
f 3444/904/1002 3445/924/1001 3443/925/1003
f 3444/904/1002 3443/925/1003 3442/905/1004
f 3442/905/1004 3443/925/1003 3440/926/1005
f 3442/905/1004 3440/926/1005 3439/906/1006
f 3439/906/1006 3440/926/1005 3438/927/1007
f 3439/906/1006 3438/927/1007 3437/907/1007
f 3437/907/1007 3438/927/1007 3434/928/1008
f 3437/907/1007 3434/928/1008 3433/908/1009
f 3433/908/1009 3434/928/1008 3431/929/1010
f 3433/908/1009 3431/929/1010 3427/909/1011
f 3427/909/1011 3431/929/1010 3425/930/1012
f 3427/909/1011 3425/930/1012 3421/910/1013
f 3421/910/1013 3425/930/1012 3419/931/1014
f 3421/910/1013 3419/931/1014 3415/911/1014
f 3415/911/1014 3419/931/1014 3413/932/1015
f 3415/911/1014 3413/932/1015 3409/912/1015
f 3409/912/1015 3413/932/1015 3490/913/983
f 3409/912/1015 3490/913/983 3491/893/982
f 3407/892/956 3403/914/341 3402/913/957
f 3407/892/956 3401/915/341 3403/914/341
f 3407/892/956 3400/916/341 3401/915/341
f 3407/892/956 3398/917/341 3400/916/341
f 3407/892/956 3397/918/341 3398/917/341
f 3407/892/956 3396/919/341 3397/918/341
f 3407/892/956 3395/920/341 3396/919/341
f 3407/892/956 3394/921/341 3395/920/341
f 3407/892/956 3392/922/958 3394/921/341
f 3407/892/956 3391/923/1016 3392/922/958
f 3407/892/956 3390/924/1017 3391/923/1016
f 3407/892/956 3389/925/1018 3390/924/1017
f 3407/892/956 3386/926/1019 3389/925/1018
f 3407/892/956 3385/927/1020 3386/926/1019
f 3407/892/956 3383/928/1021 3385/927/1020
f 3407/892/956 3379/929/1022 3383/928/1021
f 3407/892/956 3377/930/1023 3379/929/1022
f 3407/892/956 3373/931/1024 3377/930/1023
f 3407/892/956 3371/932/1025 3373/931/1024
f 3407/892/956 3402/913/957 3371/932/1025
f 3367/933/269 3365/934/269 3361/934/269
f 3361/934/269 3359/933/269 3367/933/269
f 3355/935/268 3354/935/268 3353/936/268
f 3353/936/268 3352/936/268 3355/935/268
f 3350/937/1026 3349/937/1026 3348/938/1026
f 3348/938/1026 3347/938/1026 3350/937/1026
f 3346/933/1027 3344/934/1027 3343/936/1027
f 3343/936/1027 3342/935/1027 3346/933/1027
f 3341/934/1028 3338/933/1028 3337/935/1028
f 3337/935/1028 3335/936/1028 3341/934/1028
f 3331/933/269 3329/934/269 3325/934/269
f 3329/934/269 3331/933/269 3323/933/269
f 3319/935/268 3317/936/1029 3313/935/268
f 3317/936/1029 3319/935/268 3311/936/1029
f 3307/937/1030 3306/938/1030 3305/937/1030
f 3306/938/1030 3307/937/1030 3304/938/1030
f 3302/933/1031 3301/936/1031 3300/934/1031
f 3301/936/1031 3302/933/1031 3299/935/1031
f 3298/934/1032 3296/935/1032 3295/933/1032
f 3296/935/1032 3298/934/1032 3294/936/1032
f 3293/933/1033 3290/934/1034 3289/934/1034
f 3289/934/1034 3287/933/1033 3293/933/1033
f 3283/935/1029 3281/935/1029 3277/936/1035
f 3277/936/1035 3275/936/1035 3283/935/1029
f 3271/937/1026 3269/937/1026 3265/938/1026
f 3265/938/1026 3263/938/1026 3271/937/1026
f 3259/933/1027 3258/934/1027 3257/936/1027
f 3257/936/1027 3256/935/1027 3259/933/1027
f 3254/934/1028 3253/933/1028 3252/935/1028
f 3252/935/1028 3251/936/1028 3254/934/1028
f 3250/933/269 3248/934/269 3247/934/269
f 3248/934/269 3250/933/269 3246/933/269
f 3245/935/1029 3242/936/268 3241/935/1029
f 3242/936/268 3245/935/1029 3239/936/268
f 3235/937/1030 3233/938/1030 3229/937/1030
f 3233/938/1030 3235/937/1030 3227/938/1030
f 3223/933/1031 3221/936/1031 3217/934/1031
f 3221/936/1031 3223/933/1031 3215/935/1031
f 3211/934/1032 3210/935/1032 3209/933/1032
f 3210/935/1032 3211/934/1032 3208/936/1032
f 3206/939/269 3205/940/269 3204/941/269
f 3205/940/269 3206/939/269 3203/942/269
f 3202/939/268 3200/940/268 3199/941/268
f 3200/940/268 3202/939/268 3198/942/268
f 3197/615/1036 3194/617/1036 3193/618/1037
f 3194/617/1036 3197/615/1036 3191/943/1038
f 3187/939/669 3185/940/669 3181/941/669
f 3185/940/669 3187/939/669 3179/942/669
f 3175/615/406 3173/617/406 3169/618/406
f 3173/617/406 3175/615/406 3167/943/406
f 3163/939/684 3161/940/684 3160/941/684
f 3161/940/684 3163/939/684 3158/942/684
f 3157/615/269 3155/617/269 3154/618/269
f 3155/617/269 3157/615/269 3152/943/269
f 3151/615/268 3149/617/268 3145/618/268
f 3149/617/268 3151/615/268 3144/943/268
f 3142/615/341 3141/617/341 3139/618/341
f 3141/617/341 3142/615/341 3138/943/341
f 3136/944/669 3135/945/669 3133/946/669
f 3135/945/669 3136/944/669 3132/947/669
f 3130/615/406 3129/617/406 3127/618/406
f 3129/617/406 3130/615/406 3126/943/406
f 3124/944/684 3123/945/684 3121/946/684
f 3123/945/684 3124/944/684 3120/947/684
f 3118/948/269 3117/949/269 3115/950/269
f 3117/949/269 3118/948/269 3114/951/269
f 3109/952/341 3107/953/341 3103/954/341
f 3107/953/341 3109/952/341 3101/955/341
f 3097/956/669 3095/957/669 3091/958/669
f 3095/957/669 3097/956/669 3089/959/669
f 3085/960/406 3083/961/406 3079/962/406
f 3083/961/406 3085/960/406 3077/963/406
f 3073/952/684 3071/953/684 3067/954/684
f 3071/953/684 3073/952/684 3065/955/684
f 3061/964/269 3059/965/269 3055/966/269
f 3059/965/269 3061/964/269 3053/967/269
f 3049/968/341 3047/969/341 3043/970/341
f 3047/969/341 3049/968/341 3041/971/341
f 3037/968/669 3035/969/669 3031/970/669
f 3035/969/669 3037/968/669 3029/971/669
f 3025/972/406 3024/973/406 3022/974/406
f 3024/973/406 3025/972/406 3021/975/406
f 3019/976/684 3018/977/684 3016/978/684
f 3018/977/684 3019/976/684 3015/979/684
f 3013/980/268 3012/981/268 3010/982/268
f 3012/981/268 3013/980/268 3009/983/268
f 3007/984/269 3006/985/269 3004/986/269
f 3006/985/269 3007/984/269 3003/987/269
f 3001/984/1039 3000/985/1039 2998/986/1039
f 3000/985/1039 3001/984/1039 2997/987/1039
f 2995/984/341 2994/985/341 2989/986/341
f 2994/985/341 2995/984/341 2987/987/341
f 2983/984/1040 2981/985/1040 2977/986/1040
f 2981/985/1040 2983/984/1040 2975/987/1040
f 2971/984/269 2969/985/269 2965/986/269
f 2969/985/269 2971/984/269 2963/987/269
f 2959/980/268 2957/981/268 2953/982/268
f 2957/981/268 2959/980/268 2951/983/268
f 2947/984/341 2945/985/341 2941/986/341
f 2945/985/341 2947/984/341 2939/987/341
f 2935/988/669 2933/989/669 2929/990/669
f 2933/989/669 2935/988/669 2927/991/669
f 2923/980/406 2921/981/406 2917/982/406
f 2921/981/406 2923/980/406 2915/983/406
f 2911/980/684 2909/981/684 2905/982/684
f 2909/981/684 2911/980/684 2903/983/684
f 2899/984/269 2897/985/269 2893/986/269
f 2897/985/269 2899/984/269 2891/987/269
f 2887/980/268 2885/981/268 2881/982/268
f 2885/981/268 2887/980/268 2879/983/268
f 2875/984/341 2873/985/341 2869/986/341
f 2873/985/341 2875/984/341 2867/987/341
f 2863/980/669 2861/981/669 2851/982/669
f 2861/981/669 2863/980/669 2849/983/669
f 2845/980/406 2843/981/406 2839/982/406
f 2843/981/406 2845/980/406 2837/983/406
f 2833/992/684 2831/993/684 2827/994/684
f 2831/993/684 2833/992/684 2825/995/684
f 2821/980/269 2819/981/269 2815/982/269
f 2819/981/269 2821/980/269 2813/983/269
f 2809/980/268 2807/981/268 2803/982/268
f 2807/981/268 2809/980/268 2801/983/268
f 2797/980/669 2795/981/669 2791/982/669
f 2795/981/669 2797/980/669 2789/983/669
f 2785/980/406 2783/981/406 2779/982/406
f 2783/981/406 2785/980/406 2777/983/406
f 2773/980/684 2771/981/684 2767/982/684
f 2771/981/684 2773/980/684 2765/983/684
f 2761/996/269 2759/997/269 2755/998/269
f 2759/997/269 2761/996/269 2753/999/269
f 2749/996/268 2747/997/268 2743/999/268
f 2747/997/268 2749/996/268 2741/998/268
f 2737/998/341 2735/997/341 2731/997/341
f 2735/997/341 2737/998/341 2730/998/341
f 2728/996/669 2727/998/669 2725/998/669
f 2727/998/669 2728/996/669 2724/996/669
f 2722/999/406 2721/996/406 2719/996/406
f 2721/996/406 2722/999/406 2718/999/406
f 2716/997/684 2715/999/684 2713/999/684
f 2715/999/684 2716/997/684 2712/997/684
f 2710/1000/1041 2709/1001/1042 2707/1002/1043
f 2707/1002/1043 2706/1003/1044 2710/1000/1041
f 2704/1000/1045 2703/1001/1046 2701/1002/1047
f 2701/1002/1047 2700/1003/1048 2704/1000/1045
f 2695/1000/1049 2693/1001/1050 2689/1002/1051
f 2689/1002/1051 2687/1003/1052 2695/1000/1049
f 2683/1000/1053 2681/1001/1054 2677/1002/1055
f 2677/1002/1055 2675/1003/1056 2683/1000/1053
f 2671/1000/1057 2669/1001/1058 2665/1002/1059
f 2665/1002/1059 2663/1003/1060 2671/1000/1057
f 2659/1000/1061 2657/1001/1062 2653/1002/1063
f 2653/1002/1063 2651/1003/1064 2659/1000/1061
f 2647/1000/1065 2645/1001/1066 2641/1002/1067
f 2641/1002/1067 2639/1003/1068 2647/1000/1065
f 2635/1000/1069 2633/1001/1070 2629/1002/1071
f 2629/1002/1071 2627/1003/1072 2635/1000/1069
f 2623/1000/1073 2622/1001/1074 2620/1002/1075
f 2620/1002/1075 2619/1003/1076 2623/1000/1073
f 2617/1000/1077 2616/1001/1078 2614/1002/1079
f 2614/1002/1079 2613/1003/1080 2617/1000/1077
f 2611/1000/1081 2610/1001/1081 2608/1002/1081
f 2608/1002/1081 2607/1003/1082 2611/1000/1081
f 2605/1000/1083 2604/1001/1083 2602/1002/1083
f 2602/1002/1083 2601/1003/1083 2605/1000/1083
f 2599/1000/1084 2598/1001/1084 2596/1002/1084
f 2596/1002/1084 2595/1003/1085 2599/1000/1084
f 2593/1000/1086 2592/1001/1086 2587/1002/1086
f 2587/1002/1086 2586/1003/1087 2593/1000/1086
f 2584/1000/1088 2583/1001/1088 2581/1002/1088
f 2581/1002/1088 2580/1003/1088 2584/1000/1088
f 2578/1000/1089 2577/1001/1089 2575/1002/1089
f 2575/1002/1089 2574/1003/1090 2578/1000/1089
f 2572/1000/1091 2571/1001/1092 2569/1002/1093
f 2569/1002/1093 2568/1003/1094 2572/1000/1091
f 2566/1000/1095 2565/1001/1096 2563/1002/1097
f 2563/1002/1097 2562/1003/1098 2566/1000/1095
f 2560/1000/1099 2559/1001/1100 2557/1002/1101
f 2557/1002/1101 2556/1003/1102 2560/1000/1099
f 2551/1000/1103 2549/1001/1104 2545/1002/1105
f 2545/1002/1105 2543/1003/1106 2551/1000/1103
f 2539/1000/1107 2537/1001/1108 2533/1002/1109
f 2533/1002/1109 2531/1003/1110 2539/1000/1107
f 2527/1000/1111 2525/1001/1112 2521/1002/1113
f 2521/1002/1113 2519/1003/1114 2527/1000/1111
f 2515/1000/1115 2513/1001/1116 2509/1002/1115
f 2509/1002/1115 2507/1003/1115 2515/1000/1115
f 2503/1000/1117 2501/1001/1118 2497/1002/1117
f 2497/1002/1117 2495/1003/1117 2503/1000/1117
f 2491/1000/1119 2489/1001/1119 2485/1002/1119
f 2485/1002/1119 2483/1003/1119 2491/1000/1119
f 2479/1000/1120 2478/1001/1121 2476/1002/1121
f 2476/1002/1121 2475/1003/1120 2479/1000/1120
f 2473/1000/1122 2472/1001/1123 2470/1002/1122
f 2470/1002/1122 2469/1003/1124 2473/1000/1122
f 2467/1000/1125 2466/1001/1125 2464/1002/1125
f 2464/1002/1125 2463/1003/1125 2467/1000/1125
f 2461/1000/1126 2460/1001/1127 2458/1002/1128
f 2458/1002/1128 2457/1003/1129 2461/1000/1126
f 2455/1000/1130 2454/1001/1131 2452/1002/1132
f 2452/1002/1132 2451/1003/1133 2455/1000/1130
f 2449/1000/1134 2448/1001/1135 2443/1002/1136
f 2443/1002/1136 2441/1003/1137 2449/1000/1134
f 2437/1000/1138 2435/1001/1139 2431/1002/1140
f 2431/1002/1140 2429/1003/1141 2437/1000/1138
f 2425/1000/1142 2423/1001/1143 2419/1002/1144
f 2419/1002/1144 2417/1003/1145 2425/1000/1142
f 2413/1000/1146 2411/1001/1147 2407/1002/1148
f 2407/1002/1148 2405/1003/1149 2413/1000/1146
f 2401/1000/1150 2399/1001/1151 2395/1002/1152
f 2395/1002/1152 2393/1003/1153 2401/1000/1150
f 2389/1000/1154 2387/1001/1155 2383/1002/1156
f 2383/1002/1156 2381/1003/1157 2389/1000/1154
f 2377/1000/1158 2375/1001/1159 2371/1002/1160
f 2371/1002/1160 2369/1003/1161 2377/1000/1158
f 2365/1000/1162 2363/1001/1163 2359/1002/1164
f 2359/1002/1164 2357/1003/1165 2365/1000/1162
f 2353/1000/1166 2351/1001/1167 2347/1002/1168
f 2347/1002/1168 2345/1003/1169 2353/1000/1166
f 2341/1000/1170 2339/1001/1171 2335/1002/1172
f 2335/1002/1172 2333/1003/1173 2341/1000/1170
f 2329/1004/268 2327/1005/268 2323/1006/268
f 2323/1006/268 2321/1007/268 2329/1004/268
f 2317/1004/406 2315/1005/406 2311/1006/406
f 2311/1006/406 2309/1007/406 2317/1004/406
f 2305/1004/669 2303/1005/669 2299/1006/669
f 2299/1006/669 2297/1007/669 2305/1004/669
f 2295/1004/341 2294/1005/341 2293/1006/341
f 2293/1006/341 2291/1007/341 2295/1004/341
f 2287/1004/268 2285/1005/268 2283/1006/268
f 2283/1006/268 2282/1007/268 2287/1004/268
f 2281/1004/269 2279/1005/269 2275/1006/269
f 2275/1006/269 2273/1007/269 2281/1004/269
f 2269/1004/406 2268/1005/406 2267/1006/406
f 2267/1006/406 2264/1007/406 2269/1004/406
f 2263/1004/669 2261/1005/669 2257/1006/669
f 2257/1006/669 2255/1007/669 2263/1004/669
f 2253/1004/684 2252/1005/684 2251/1006/684
f 2251/1006/684 2249/1007/684 2253/1004/684
o stit_3l
v -0.001710 2.690032 0.076072
v -0.010588 2.688561 0.076308
v -0.061203 2.867328 0.055708
v -0.004881 3.423964 -0.053555
v -0.052131 2.867297 0.055473
v 0.009320 3.423964 -0.052935
v -0.000840 2.689906 0.085691
v -0.001710 2.690032 0.076072
v -0.052131 2.867297 0.055473
v 0.022876 3.423964 -0.048661
v -0.051893 2.868481 0.064467
v 0.034865 3.423964 -0.041023
v -0.009733 2.688478 0.085926
v -0.000840 2.689906 0.085691
v -0.051893 2.868481 0.064467
v 0.044468 3.423964 -0.030543
v -0.060965 2.868512 0.064703
v 0.051031 3.423964 -0.017935
v -0.010588 2.688561 0.076308
v -0.009733 2.688478 0.085926
v -0.060965 2.868512 0.064703
v 0.054107 3.423964 -0.004058
v -0.061203 2.867328 0.055708
v 0.053488 3.423964 0.010143
v -0.067252 2.883214 0.052196
v -0.058560 2.885775 0.051706
v -0.052090 2.865947 0.055690
v 0.049213 3.423964 0.023700
v -0.061164 2.865968 0.055847
v 0.041576 3.423964 0.035688
v -0.076560 2.905590 0.048997
v -0.068979 2.910517 0.048214
v -0.058560 2.885775 0.051706
v 0.031096 3.423964 0.045291
v -0.067252 2.883214 0.052196
v 0.018488 3.423964 0.051854
v -0.088711 2.924075 0.046517
v -0.082879 2.930955 0.045509
v -0.068979 2.910517 0.048214
v 0.004610 3.423964 0.054931
v -0.076560 2.905590 0.048997
v -0.000135 3.423964 0.000688
v -0.106861 2.939735 0.044966
v -0.103267 2.947988 0.043817
v -0.082879 2.930955 0.045509
v -0.004881 3.423964 -0.053555
v -0.088711 2.924075 0.046517
v -0.000135 3.423964 0.000688
v -0.124505 2.943684 0.044474
v -0.123452 2.952619 0.043279
v -0.103267 2.947988 0.043817
v -0.000135 3.411864 0.000688
v -0.106861 2.939735 0.044966
v -0.004881 3.411864 -0.053555
v -0.136401 2.943983 0.045082
v -0.137976 2.952847 0.043943
v -0.123452 2.952619 0.043279
v 0.009320 3.423964 -0.052935
v -0.124505 2.943684 0.044474
v -0.004881 3.423964 -0.053555
v -0.067094 2.884399 0.061192
v -0.067252 2.883214 0.052196
v -0.061164 2.865968 0.055847
v -0.004881 3.411864 -0.053555
v -0.061006 2.867153 0.064843
v 0.009320 3.411864 -0.052935
v -0.076402 2.906775 0.057992
v -0.076560 2.905590 0.048997
v -0.067252 2.883214 0.052196
v 0.022876 3.423964 -0.048661
v -0.067094 2.884399 0.061192
v 0.009320 3.423964 -0.052935
v -0.088552 2.925260 0.055513
v -0.088711 2.924075 0.046517
v -0.076560 2.905590 0.048997
v 0.009320 3.411864 -0.052935
v -0.076402 2.906775 0.057992
v 0.022876 3.411864 -0.048661
v -0.106703 2.940920 0.053962
v -0.106861 2.939735 0.044966
v -0.088711 2.924075 0.046517
v 0.034865 3.423964 -0.041023
v -0.088552 2.925260 0.055513
v 0.022876 3.423964 -0.048661
v -0.124347 2.944869 0.053470
v -0.124505 2.943684 0.044474
v -0.106861 2.939735 0.044966
v 0.022876 3.411864 -0.048661
v -0.106703 2.940920 0.053962
v 0.034865 3.411864 -0.041023
v -0.136242 2.945167 0.054078
v -0.136401 2.943983 0.045082
v -0.124505 2.943684 0.044474
v 0.044468 3.423964 -0.030543
v -0.124347 2.944869 0.053470
v 0.034865 3.423964 -0.041023
v -0.058401 2.886959 0.060702
v -0.067094 2.884399 0.061192
v -0.061006 2.867153 0.064843
v 0.034865 3.411864 -0.041023
v -0.051932 2.867132 0.064685
v 0.044468 3.411864 -0.030543
v -0.068821 2.911701 0.057210
v -0.076402 2.906775 0.057992
v -0.067094 2.884399 0.061192
v 0.051031 3.423964 -0.017935
v -0.058401 2.886959 0.060702
v 0.044468 3.423964 -0.030543
v -0.082720 2.932139 0.054505
v -0.088552 2.925260 0.055513
v -0.076402 2.906775 0.057992
v 0.044468 3.411864 -0.030543
v -0.068821 2.911701 0.057210
v 0.051031 3.411864 -0.017935
v -0.103109 2.949173 0.052812
v -0.106703 2.940920 0.053962
v -0.088552 2.925260 0.055513
v 0.054107 3.423964 -0.004058
v -0.082720 2.932139 0.054505
v 0.051031 3.423964 -0.017935
v -0.123293 2.953803 0.052276
v -0.124347 2.944869 0.053470
v -0.106703 2.940920 0.053962
v 0.051031 3.411864 -0.017935
v -0.103109 2.949173 0.052812
v 0.054107 3.411864 -0.004058
v -0.137818 2.954031 0.052939
v -0.136242 2.945167 0.054078
v -0.124347 2.944869 0.053470
v 0.053488 3.423964 0.010143
v -0.123293 2.953803 0.052276
v 0.054107 3.423964 -0.004058
v -0.058560 2.885775 0.051706
v -0.058401 2.886959 0.060702
v -0.051932 2.867132 0.064685
v 0.054107 3.411864 -0.004058
v -0.052090 2.865947 0.055690
v 0.053488 3.411864 0.010143
v -0.068979 2.910517 0.048214
v -0.068821 2.911701 0.057210
v -0.058401 2.886959 0.060702
v 0.049213 3.423964 0.023700
v -0.058560 2.885775 0.051706
v 0.053488 3.423964 0.010143
v -0.082879 2.930955 0.045509
v -0.082720 2.932139 0.054505
v -0.068821 2.911701 0.057210
v 0.053488 3.411864 0.010143
v -0.068979 2.910517 0.048214
v 0.049213 3.411864 0.023700
v -0.103267 2.947988 0.043817
v -0.103109 2.949173 0.052812
v -0.082720 2.932139 0.054505
v 0.041576 3.423964 0.035688
v -0.082879 2.930955 0.045509
v 0.049213 3.423964 0.023700
v -0.123452 2.952619 0.043279
v -0.123293 2.953803 0.052276
v -0.103109 2.949173 0.052812
v 0.049213 3.411864 0.023700
v -0.103267 2.947988 0.043817
v 0.041576 3.411864 0.035688
v -0.137976 2.952847 0.043943
v -0.137818 2.954031 0.052939
v -0.123293 2.953803 0.052276
v 0.031096 3.423964 0.045291
v -0.123452 2.952619 0.043279
v 0.041576 3.423964 0.035688
v -0.007063 2.672732 0.072823
v -0.005916 2.671231 0.081700
v -0.009796 2.688490 0.085848
v 0.041576 3.411864 0.035688
v -0.010619 2.688593 0.076269
v 0.031096 3.411864 0.045291
v -0.004564 2.659863 0.061769
v -0.003189 2.655062 0.069346
v -0.005916 2.671231 0.081700
v 0.018488 3.423964 0.051854
v -0.007063 2.672732 0.072823
v 0.031096 3.423964 0.045291
v -0.003331 2.654479 0.048214
v -0.001843 2.645590 0.049271
v -0.003189 2.655062 0.069346
v 0.031096 3.411864 0.045291
v -0.004564 2.659863 0.061769
v 0.018488 3.411864 0.051854
v 0.001888 2.673879 0.071861
v -0.007063 2.672732 0.072823
v -0.010619 2.688593 0.076269
v 0.004610 3.423964 0.054931
v -0.001668 2.690014 0.075794
v 0.018488 3.423964 0.051854
v 0.004386 2.661105 0.060931
v -0.004564 2.659863 0.061769
v -0.007063 2.672732 0.072823
v 0.018488 3.411864 0.051854
v 0.001888 2.673879 0.071861
v 0.004610 3.411864 0.054931
v 0.005619 2.655977 0.048214
v -0.003331 2.654479 0.048214
v -0.004564 2.659863 0.061769
v -0.000135 3.423964 0.000688
v 0.004386 2.661105 0.060931
v 0.004610 3.423964 0.054931
v 0.003035 2.672379 0.080737
v 0.001888 2.673879 0.071861
v -0.001668 2.690014 0.075794
v 0.004610 3.411864 0.054931
v -0.000845 2.689911 0.085373
v -0.000135 3.411864 0.000688
v 0.005762 2.656303 0.068508
v 0.004386 2.661105 0.060931
v 0.001888 2.673879 0.071861
v 0.004610 3.411864 0.054931
v 0.003035 2.672379 0.080737
v 0.018488 3.411864 0.051854
v 0.007107 2.647087 0.049271
v 0.005619 2.655977 0.048214
v 0.004386 2.661105 0.060931
v 0.031096 3.411864 0.045291
v 0.005762 2.656303 0.068508
v 0.041576 3.411864 0.035688
v -0.005916 2.671231 0.081700
v 0.003035 2.672379 0.080737
v -0.000845 2.689911 0.085373
v 0.049213 3.411864 0.023700
v -0.009796 2.688490 0.085848
v 0.053488 3.411864 0.010143
v -0.003189 2.655062 0.069346
v 0.005762 2.656303 0.068508
v 0.003035 2.672379 0.080737
v 0.054107 3.411864 -0.004058
v -0.005916 2.671231 0.081700
v 0.051031 3.411864 -0.017935
v -0.001843 2.645590 0.049271
v 0.007107 2.647087 0.049271
v 0.005762 2.656303 0.068508
v 0.044468 3.411864 -0.030543
v -0.003189 2.655062 0.069346
v 0.034865 3.411864 -0.041023
v -0.131311 2.934002 0.064210
v -0.155511 2.934002 0.064210
v -0.155511 2.934002 0.040010
v 0.022876 3.411864 -0.048661
v -0.131311 2.934002 0.040010
v 0.009320 3.411864 -0.052935
v -0.131311 2.964253 0.064210
v -0.155511 2.964253 0.064210
v -0.155511 2.934002 0.064210
v -0.004881 3.411864 -0.053555
v -0.131311 2.934002 0.064210
v -0.000135 3.411864 0.000688
v -0.131311 2.964253 0.040010
v -0.131311 2.964253 0.064210
v -0.131311 2.934002 0.064210
v -0.068768 3.411864 0.049204
v -0.131311 2.934002 0.040010
v 0.003556 3.411864 0.042877
v -0.155511 2.964253 0.040010
v -0.131311 2.964253 0.040010
v -0.131311 2.934002 0.040010
v 0.003556 3.423964 0.042877
v -0.155511 2.934002 0.040010
v -0.068768 3.423964 0.049204
v 0.012194 2.635693 0.015197
v 0.012194 2.635693 0.051497
v -0.012006 2.635693 0.051497
v 0.003556 3.411864 0.042877
v -0.012006 2.635693 0.015197
v 0.004610 3.411864 0.054931
v 0.012194 2.671993 0.015197
v -0.012006 2.671993 0.015197
v -0.012006 2.671993 0.051497
v 0.004610 3.423964 0.054931
v 0.012194 2.671993 0.051497
v 0.003556 3.423964 0.042877
v 0.012194 2.671993 0.051497
v -0.012006 2.671993 0.051497
v -0.012006 2.635693 0.051497
v 0.004610 3.411864 0.054931
v 0.012194 2.635693 0.051497
v -0.067713 3.411864 0.061258
v 0.012194 2.671993 0.015197
v 0.012194 2.671993 0.051497
v 0.012194 2.635693 0.051497
v -0.067713 3.423964 0.061258
v 0.012194 2.635693 0.015197
v 0.004610 3.423964 0.054931
v -0.012006 2.671993 0.051497
v -0.012006 2.671993 0.015197
v -0.012006 2.635693 0.015197
v -0.067713 3.411864 0.061258
v -0.012006 2.635693 0.051497
v -0.068768 3.411864 0.049204
v -0.157570 3.251980 0.094958
v -0.135751 3.219962 0.385553
v -0.164246 3.236502 0.094958
v -0.068768 3.423964 0.049204
v -0.139856 3.200984 0.385338
v -0.067713 3.423964 0.061258
v -0.067713 3.423964 0.061258
v -0.129126 3.218762 0.476303
v -0.068768 3.423964 0.049204
v 0.003556 3.423964 0.042877
v -0.136580 3.200921 0.476088
v 0.004610 3.423964 0.054931
v 0.003556 3.411864 0.042877
v -0.124420 3.222160 0.519071
v -0.068768 3.411864 0.049204
v -0.067713 3.411864 0.061258
v -0.134960 3.201051 0.488460
v 0.004610 3.411864 0.054931
v -0.124420 3.222160 0.519071
v -0.124999 3.222334 0.519071
v -0.134960 3.201051 0.488460
v -0.058938 3.383602 -0.054899
v -0.135483 3.201354 0.488460
v -0.040857 3.383602 -0.056480
v -0.124999 3.222334 0.519071
v -0.129706 3.218936 0.476303
v -0.135483 3.201354 0.488460
v -0.040857 3.456202 -0.056480
v -0.137104 3.201223 0.476088
v -0.058938 3.456202 -0.054899
v -0.129706 3.218936 0.476303
v -0.136330 3.220135 0.385553
v -0.137104 3.201223 0.476088
v -0.040857 3.383602 -0.056480
v -0.140380 3.201287 0.385338
v -0.030311 3.383602 0.064059
v -0.136330 3.220135 0.385553
v -0.158149 3.252153 0.094958
v -0.140380 3.201287 0.385338
v -0.030311 3.456202 0.064059
v -0.164770 3.236804 0.094958
v -0.040857 3.456202 -0.056480
v -0.158149 3.252153 0.094958
v -0.157570 3.251980 0.094958
v -0.164770 3.236804 0.094958
v -0.030311 3.383602 0.064059
v -0.164246 3.236502 0.094958
v -0.048393 3.383602 0.065641
v -0.154643 3.268580 0.094958
v -0.132270 3.240154 0.385553
v -0.048393 3.456202 0.065641
v -0.030311 3.456202 0.064059
v -0.048393 3.383602 0.065641
v -0.058938 3.383602 -0.054899
v -0.058938 3.456202 -0.054899
v -0.125710 3.237837 0.476303
v -0.048393 3.456202 0.065641
v -0.048393 3.456202 0.065641
v -0.058938 3.456202 -0.054899
v -0.040857 3.456202 -0.056480
v -0.030311 3.456202 0.064059
v -0.121019 3.240301 0.535186
v -0.040857 3.383602 -0.056480
v -0.058938 3.383602 -0.054899
v -0.048393 3.383602 0.065641
v -0.030311 3.383602 0.064059
v -0.121019 3.240301 0.535186
v -0.121622 3.240336 0.535186
v -0.124420 3.222160 0.519071
v -0.251641 3.400560 0.010546
v -0.124999 3.222334 0.519071
v -0.127453 3.400707 -0.006392
v -0.121622 3.240336 0.535186
v -0.126315 3.237872 0.476303
v -0.124999 3.222334 0.519071
v -0.127453 3.406757 -0.006392
v -0.129706 3.218936 0.476303
v -0.251641 3.406610 0.010546
v -0.126315 3.237872 0.476303
v -0.132874 3.240189 0.385553
v -0.129706 3.218936 0.476303
v -0.127453 3.400707 -0.006392
v -0.136330 3.220135 0.385553
v -0.050522 3.400707 -0.034379
v -0.132874 3.240189 0.385553
v -0.155246 3.268615 0.094958
v -0.136330 3.220135 0.385553
v -0.050522 3.406757 -0.034379
v -0.158149 3.252153 0.094958
v -0.127453 3.406757 -0.006392
v -0.155246 3.268615 0.094958
v -0.154643 3.268580 0.094958
v -0.158149 3.252153 0.094958
v -0.050522 3.400707 -0.034379
v -0.157570 3.251980 0.094958
v -0.043667 3.400707 0.043972
v -0.155623 3.285409 0.094958
v -0.133249 3.261268 0.385553
v -0.043667 3.406757 0.043972
v -0.050522 3.406757 -0.034379
v -0.043667 3.400707 0.043972
v -0.124289 3.400707 0.029769
v -0.124289 3.406757 0.029769
v -0.126886 3.257065 0.476303
v -0.043667 3.406757 0.043972
v -0.124289 3.400707 0.029769
v -0.249642 3.400707 0.034663
v -0.249642 3.406757 0.034663
v -0.124289 3.406757 0.029769
v -0.127029 3.259232 0.548335
v -0.249642 3.400707 0.034663
v -0.251641 3.400560 0.010546
v -0.251641 3.406610 0.010546
v -0.249642 3.406757 0.034663
v -0.127029 3.259232 0.548335
v -0.127625 3.259127 0.548335
v -0.121019 3.240301 0.535186
v -0.124289 3.406757 0.029769
v -0.121622 3.240336 0.535186
v -0.127453 3.406757 -0.006392
v -0.127625 3.259127 0.548335
v -0.127482 3.256960 0.476303
v -0.121622 3.240336 0.535186
v -0.050522 3.406757 -0.034379
v -0.126315 3.237872 0.476303
v -0.043667 3.406757 0.043972
v -0.127482 3.256960 0.476303
v -0.133845 3.261164 0.385553
v -0.126315 3.237872 0.476303
v -0.249642 3.406757 0.034663
v -0.132874 3.240189 0.385553
v -0.251641 3.406610 0.010546
v -0.133845 3.261164 0.385553
v -0.156219 3.285304 0.094958
v -0.132874 3.240189 0.385553
v -0.127453 3.406757 -0.006392
v -0.155246 3.268615 0.094958
v -0.124289 3.406757 0.029769
v -0.156219 3.285304 0.094958
v -0.155623 3.285409 0.094958
v -0.155246 3.268615 0.094958
v -0.050522 3.400707 -0.034379
v -0.154643 3.268580 0.094958
v -0.127453 3.400707 -0.006392
v -0.160457 3.301557 0.094958
v -0.139224 3.280908 0.385553
v -0.124289 3.400707 0.029769
v -0.043667 3.400707 0.043972
v -0.127453 3.400707 -0.006392
v -0.251641 3.400560 0.010546
v -0.249642 3.400707 0.034663
v -0.133600 3.277324 0.476303
v -0.124289 3.400707 0.029769
v -0.050270 3.453439 0.008111
v -0.050401 3.406710 0.008122
v -0.214115 3.406503 0.022446
v -0.050928 3.406710 0.002095
v -0.136824 3.276680 0.554953
v -0.050797 3.453439 0.002084
v -0.214643 3.406503 0.016419
v -0.050928 3.406710 0.002095
v -0.050401 3.406710 0.008122
v -0.136824 3.276680 0.554953
v -0.137379 3.276440 0.554953
v -0.127029 3.259232 0.548335
v -0.050270 3.453439 0.008111
v -0.127625 3.259127 0.548335
v -0.050797 3.453439 0.002084
v -0.137379 3.276440 0.554953
v -0.134155 3.277084 0.476303
v -0.127625 3.259127 0.548335
v -0.214115 3.406503 0.022446
v -0.127482 3.256960 0.476303
v -0.214643 3.406503 0.016419
v -0.134155 3.277084 0.476303
v -0.139779 3.280669 0.385553
v -0.127482 3.256960 0.476303
v -0.050797 3.453439 0.002084
v -0.133845 3.261164 0.385553
v -0.050270 3.453439 0.008111
v -0.139779 3.280669 0.385553
v -0.161013 3.301318 0.094958
v -0.133845 3.261164 0.385553
v -0.077205 3.411864 -0.047227
v -0.156219 3.285304 0.094958
v -0.004881 3.411864 -0.053555
v -0.161013 3.301318 0.094958
v -0.160457 3.301557 0.094958
v -0.156219 3.285304 0.094958
v -0.004881 3.423964 -0.053555
v -0.155623 3.285409 0.094958
v -0.077205 3.423964 -0.047227
v -0.168886 3.316156 0.094958
v -0.149317 3.298534 0.385553
v -0.004881 3.411864 -0.053555
v -0.003826 3.411864 -0.041501
v -0.003826 3.423964 -0.041501
v -0.004881 3.423964 -0.053555
v -0.003826 3.411864 -0.041501
v -0.145661 3.294914 0.476303
v -0.076150 3.411864 -0.035173
v -0.076150 3.423964 -0.035173
v -0.003826 3.423964 -0.041501
v -0.076150 3.411864 -0.035173
v -0.077205 3.411864 -0.047227
v -0.150184 3.293139 0.554953
v -0.077205 3.423964 -0.047227
v -0.076150 3.423964 -0.035173
v -0.076150 3.423964 -0.035173
v -0.077205 3.423964 -0.047227
v -0.150184 3.293139 0.554953
v -0.150670 3.292777 0.554953
v -0.136824 3.276680 0.554953
v -0.004881 3.423964 -0.053555
v -0.137379 3.276440 0.554953
v -0.003826 3.423964 -0.041501
v -0.150670 3.292777 0.554953
v -0.146146 3.294552 0.476303
v -0.137379 3.276440 0.554953
v -0.004881 3.411864 -0.053555
v -0.134155 3.277084 0.476303
v -0.077205 3.411864 -0.047227
v -0.146146 3.294552 0.476303
v -0.149802 3.298173 0.385553
v -0.134155 3.277084 0.476303
v -0.076150 3.411864 -0.035173
v -0.139779 3.280669 0.385553
v -0.003826 3.411864 -0.041501
v -0.149802 3.298173 0.385553
v -0.169371 3.315794 0.094958
v -0.139779 3.280669 0.385553
v -0.222947 3.423202 0.014109
v -0.161013 3.301318 0.094958
v -0.231988 3.423202 0.014899
v -0.169371 3.315794 0.094958
v -0.168886 3.316156 0.094958
v -0.161013 3.301318 0.094958
v -0.231988 3.380852 0.014899
v -0.160457 3.301557 0.094958
v -0.222947 3.380852 0.014109
v -0.180453 3.328417 0.094958
v -0.164623 3.313578 0.385553
v -0.231988 3.423202 0.014899
v -0.230930 3.423202 0.026953
v -0.230930 3.380852 0.026953
v -0.231988 3.380852 0.014899
v -0.230930 3.423202 0.026953
v -0.161982 3.311507 0.476303
v -0.221890 3.423202 0.026162
v -0.221890 3.380852 0.026162
v -0.230930 3.380852 0.026953
v -0.221890 3.423202 0.026162
v -0.222947 3.423202 0.014109
v -0.166741 3.306456 0.554953
v -0.222947 3.380852 0.014109
v -0.221890 3.380852 0.026162
v -0.221890 3.380852 0.026162
v -0.222947 3.380852 0.014109
v -0.166741 3.306456 0.554953
v -0.167130 3.305992 0.554953
v -0.150184 3.293139 0.554953
v -0.231988 3.380852 0.014899
v -0.150670 3.292777 0.554953
v -0.230930 3.380852 0.026953
v -0.167130 3.305992 0.554953
v -0.162371 3.311044 0.476303
v -0.150670 3.292777 0.554953
v -0.231988 3.423202 0.014899
v -0.146146 3.294552 0.476303
v -0.222947 3.423202 0.014109
v -0.162371 3.311044 0.476303
v -0.165012 3.313115 0.385553
v -0.146146 3.294552 0.476303
v -0.221890 3.423202 0.026162
v -0.149802 3.298173 0.385553
v -0.230930 3.423202 0.026953
v -0.165012 3.313115 0.385553
v -0.180842 3.327953 0.094958
v -0.149802 3.298173 0.385553
v -0.058929 2.715544 -0.054899
v -0.169371 3.315794 0.094958
v -0.040848 2.715544 -0.056481
v -0.180842 3.327953 0.094958
v -0.180453 3.328417 0.094958
v -0.169371 3.315794 0.094958
v -0.040848 2.788143 -0.056481
v -0.168886 3.316156 0.094958
v -0.058929 2.788143 -0.054899
v -0.194537 3.337680 0.094958
v -0.183908 3.325089 0.385553
v -0.040848 2.715544 -0.056481
v -0.030302 2.715544 0.064059
v -0.030302 2.788143 0.064059
v -0.040848 2.788143 -0.056481
v -0.030302 2.715544 0.064059
v -0.182448 3.321739 0.476303
v -0.048383 2.715544 0.065640
v -0.048383 2.788143 0.065640
v -0.030302 2.788143 0.064059
v -0.048383 2.715544 0.065640
v -0.058929 2.715544 -0.054899
v -0.185384 3.317028 0.554953
v -0.058929 2.788143 -0.054899
v -0.048383 2.788143 0.065640
v -0.048383 2.788143 0.065640
v -0.058929 2.788143 -0.054899
v -0.185384 3.317028 0.554953
v -0.185656 3.316487 0.554953
v -0.166741 3.306456 0.554953
v -0.040848 2.788143 -0.056481
v -0.167130 3.305992 0.554953
v -0.030302 2.788143 0.064059
v -0.185656 3.316487 0.554953
v -0.182720 3.321198 0.476303
v -0.167130 3.305992 0.554953
v -0.040848 2.715544 -0.056481
v -0.162371 3.311044 0.476303
v -0.058929 2.715544 -0.054899
v -0.182720 3.321198 0.476303
v -0.184179 3.324548 0.385553
v -0.162371 3.311044 0.476303
v -0.048383 2.715544 0.065640
v -0.165012 3.313115 0.385553
v -0.030302 2.715544 0.064059
v -0.184179 3.324548 0.385553
v -0.194809 3.337139 0.094958
v -0.165012 3.313115 0.385553
v -0.004762 2.782698 -0.053565
v -0.180842 3.327953 0.094958
v 0.009439 2.782698 -0.052945
v -0.194809 3.337139 0.094958
v -0.194537 3.337680 0.094958
v -0.180842 3.327953 0.094958
v 0.022996 2.782698 -0.048671
v -0.180453 3.328417 0.094958
v 0.034984 2.782698 -0.041033
v -0.210377 3.343445 0.094958
v -0.204555 3.332026 0.385553
v 0.044587 2.782698 -0.030554
v 0.051150 2.782698 -0.017945
v 0.054226 2.782698 -0.004068
v 0.053607 2.782698 0.010133
v 0.049333 2.782698 0.023689
v -0.203789 3.328373 0.476303
v 0.041695 2.782698 0.035678
v 0.031215 2.782698 0.045281
v 0.018607 2.782698 0.051844
v 0.004730 2.782698 0.054920
v -0.000016 2.782698 0.000678
v -0.206111 3.324400 0.554953
v 0.009439 2.782698 -0.052945
v -0.004762 2.782698 -0.053565
v -0.004762 2.770598 -0.053565
v 0.009439 2.770598 -0.052945
v -0.206111 3.324400 0.554953
v -0.206250 3.323812 0.554953
v -0.185384 3.317028 0.554953
v 0.022996 2.782698 -0.048671
v -0.185656 3.316487 0.554953
v 0.009439 2.782698 -0.052945
v -0.206250 3.323812 0.554953
v -0.203928 3.327785 0.476303
v -0.185656 3.316487 0.554953
v 0.009439 2.770598 -0.052945
v -0.182720 3.321198 0.476303
v 0.022996 2.770598 -0.048671
v -0.203928 3.327785 0.476303
v -0.204694 3.331437 0.385553
v -0.182720 3.321198 0.476303
v 0.034984 2.782698 -0.041033
v -0.184179 3.324548 0.385553
v 0.022996 2.782698 -0.048671
v -0.204694 3.331437 0.385553
v -0.210517 3.342856 0.094958
v -0.184179 3.324548 0.385553
v 0.022996 2.770598 -0.048671
v -0.194809 3.337139 0.094958
v 0.034984 2.770598 -0.041033
v -0.210517 3.342856 0.094958
v -0.210377 3.343445 0.094958
v -0.194809 3.337139 0.094958
v 0.044587 2.782698 -0.030554
v -0.194537 3.337680 0.094958
v 0.034984 2.782698 -0.041033
v -0.227120 3.345402 0.094958
v -0.227137 3.334338 0.385553
v 0.034984 2.770598 -0.041033
v 0.044587 2.770598 -0.030554
v 0.051150 2.782698 -0.017945
v 0.044587 2.782698 -0.030554
v 0.044587 2.770598 -0.030554
v -0.227126 3.330536 0.476303
v 0.051150 2.770598 -0.017945
v 0.054226 2.782698 -0.004068
v 0.051150 2.782698 -0.017945
v 0.051150 2.770598 -0.017945
v 0.054226 2.770598 -0.004068
v -0.227120 3.327240 0.554953
v 0.053607 2.782698 0.010133
v 0.054226 2.782698 -0.004068
v 0.054226 2.770598 -0.004068
v 0.053607 2.770598 0.010133
v -0.227120 3.327240 0.554953
v -0.227120 3.326636 0.554953
v -0.206111 3.324400 0.554953
v 0.049333 2.782698 0.023689
v -0.206250 3.323812 0.554953
v 0.053607 2.782698 0.010133
v -0.227120 3.326636 0.554953
v -0.227126 3.329931 0.476303
v -0.206250 3.323812 0.554953
v 0.053607 2.770598 0.010133
v -0.203928 3.327785 0.476303
v 0.049333 2.770598 0.023689
v -0.227126 3.329931 0.476303
v -0.227137 3.333733 0.385553
v -0.203928 3.327785 0.476303
v 0.041695 2.782698 0.035678
v -0.204694 3.331437 0.385553
v 0.049333 2.782698 0.023689
v -0.227137 3.333733 0.385553
v -0.227120 3.344797 0.094958
v -0.204694 3.331437 0.385553
v 0.049333 2.770598 0.023689
v -0.210517 3.342856 0.094958
v 0.041695 2.770598 0.035678
v -0.227120 3.344797 0.094958
v -0.227120 3.345402 0.094958
v -0.210517 3.342856 0.094958
v 0.031215 2.782698 0.045281
v -0.210377 3.343445 0.094958
v 0.041695 2.782698 0.035678
v -0.243723 3.342856 0.094958
v -0.243863 3.343445 0.094958
v -0.227120 3.344797 0.094958
v 0.041695 2.770598 0.035678
v -0.227120 3.345402 0.094958
v 0.031215 2.770598 0.045281
v -0.164246 3.236502 0.094958
v -0.139856 3.200984 0.385338
v -0.136842 3.201072 0.462040
v -0.139856 3.200984 0.385338
v -0.136580 3.200921 0.476088
v 0.018607 2.782698 0.051844
v -0.136580 3.200921 0.476088
v -0.134960 3.201051 0.488460
v 0.031215 2.782698 0.045281
v -0.134960 3.201051 0.488460
v -0.135483 3.201354 0.488460
v 0.031215 2.770598 0.045281
v -0.135483 3.201354 0.488460
v -0.137104 3.201223 0.476088
v 0.018607 2.770598 0.051844
v -0.137104 3.201223 0.476088
v -0.140380 3.201287 0.385338
v 0.004730 2.782698 0.054920
v -0.140380 3.201287 0.385338
v -0.164770 3.236804 0.094958
v 0.018607 2.782698 0.051844
v -0.164770 3.236804 0.094958
v -0.164246 3.236502 0.094958
v 0.018607 2.770598 0.051844
v -0.318489 3.219962 0.385553
v -0.296670 3.251980 0.094958
v -0.289993 3.236502 0.094958
v -0.314384 3.200984 0.385338
v 0.004730 2.770598 0.054920
v 0.004730 2.770598 0.054920
v -0.325113 3.218762 0.476303
v 0.018607 2.770598 0.051844
v 0.031215 2.770598 0.045281
v -0.317660 3.200921 0.476088
v 0.041695 2.770598 0.035678
v 0.049333 2.770598 0.023689
v -0.329820 3.222160 0.519071
v 0.053607 2.770598 0.010133
v 0.054226 2.770598 -0.004068
v -0.319280 3.201051 0.488460
v 0.051150 2.770598 -0.017945
v 0.044587 2.770598 -0.030554
v -0.329240 3.222334 0.519071
v -0.329820 3.222160 0.519071
v -0.319280 3.201051 0.488460
v -0.318756 3.201354 0.488460
v 0.034984 2.770598 -0.041033
v 0.022996 2.770598 -0.048671
v -0.324534 3.218936 0.476303
v -0.329240 3.222334 0.519071
v -0.318756 3.201354 0.488460
v -0.317136 3.201223 0.476088
v 0.009439 2.770598 -0.052945
v -0.004762 2.770598 -0.053565
v -0.317909 3.220135 0.385553
v -0.324534 3.218936 0.476303
v -0.317136 3.201223 0.476088
v -0.313860 3.201287 0.385338
v -0.000016 2.770598 0.000678
v -0.004762 2.734130 -0.053565
v -0.296090 3.252153 0.094958
v -0.317909 3.220135 0.385553
v -0.313860 3.201287 0.385338
v -0.289469 3.236804 0.094958
v 0.009439 2.734130 -0.052945
v 0.022996 2.734130 -0.048671
v -0.296670 3.251980 0.094958
v -0.296090 3.252153 0.094958
v -0.289469 3.236804 0.094958
v -0.289993 3.236502 0.094958
v 0.034984 2.734130 -0.041033
v 0.044587 2.734130 -0.030554
v -0.321970 3.240154 0.385553
v -0.299597 3.268580 0.094958
v 0.051150 2.734130 -0.017945
v 0.054226 2.734130 -0.004068
v 0.053607 2.734130 0.010133
v 0.049333 2.734130 0.023689
v -0.328529 3.237837 0.476303
v 0.041695 2.734130 0.035678
v 0.031215 2.734130 0.045281
v 0.018607 2.734130 0.051844
v 0.004730 2.734130 0.054920
v -0.000016 2.734130 0.000678
v -0.333221 3.240301 0.535186
v 0.009439 2.734130 -0.052945
v -0.004762 2.734130 -0.053565
v -0.004762 2.722030 -0.053565
v 0.009439 2.722030 -0.052945
v 0.022996 2.734130 -0.048671
v -0.332617 3.240336 0.535186
v -0.333221 3.240301 0.535186
v -0.329820 3.222160 0.519071
v -0.329240 3.222334 0.519071
v 0.009439 2.734130 -0.052945
v 0.009439 2.722030 -0.052945
v -0.327925 3.237872 0.476303
v -0.332617 3.240336 0.535186
v -0.329240 3.222334 0.519071
v -0.324534 3.218936 0.476303
v 0.022996 2.722030 -0.048671
v 0.034984 2.734130 -0.041033
v -0.321366 3.240189 0.385553
v -0.327925 3.237872 0.476303
v -0.324534 3.218936 0.476303
v -0.317909 3.220135 0.385553
v 0.022996 2.734130 -0.048671
v 0.022996 2.722030 -0.048671
v -0.298993 3.268615 0.094958
v -0.321366 3.240189 0.385553
v -0.317909 3.220135 0.385553
v -0.296090 3.252153 0.094958
v 0.034984 2.722030 -0.041033
v 0.044587 2.734130 -0.030554
v -0.299597 3.268580 0.094958
v -0.298993 3.268615 0.094958
v -0.296090 3.252153 0.094958
v -0.296670 3.251980 0.094958
v 0.034984 2.734130 -0.041033
v 0.034984 2.722030 -0.041033
v -0.320990 3.261268 0.385553
v -0.298617 3.285409 0.094958
v 0.044587 2.722030 -0.030554
v 0.051150 2.734130 -0.017945
v 0.044587 2.734130 -0.030554
v 0.044587 2.722030 -0.030554
v -0.327353 3.257065 0.476303
v 0.051150 2.722030 -0.017945
v 0.054226 2.734130 -0.004068
v 0.051150 2.734130 -0.017945
v 0.051150 2.722030 -0.017945
v 0.054226 2.722030 -0.004068
v -0.327210 3.259232 0.548335
v 0.053607 2.734130 0.010133
v 0.054226 2.734130 -0.004068
v 0.054226 2.722030 -0.004068
v 0.053607 2.722030 0.010133
v 0.049333 2.734130 0.023689
v -0.326614 3.259127 0.548335
v -0.327210 3.259232 0.548335
v -0.333221 3.240301 0.535186
v -0.332617 3.240336 0.535186
v 0.053607 2.734130 0.010133
v 0.053607 2.722030 0.010133
v -0.326757 3.256960 0.476303
v -0.326614 3.259127 0.548335
v -0.332617 3.240336 0.535186
v -0.327925 3.237872 0.476303
v 0.049333 2.722030 0.023689
v 0.041695 2.734130 0.035678
v -0.320395 3.261164 0.385553
v -0.326757 3.256960 0.476303
v -0.327925 3.237872 0.476303
v -0.321366 3.240189 0.385553
v 0.049333 2.734130 0.023689
v 0.049333 2.722030 0.023689
v -0.298021 3.285304 0.094958
v -0.320395 3.261164 0.385553
v -0.321366 3.240189 0.385553
v -0.298993 3.268615 0.094958
v 0.041695 2.722030 0.035678
v 0.031215 2.734130 0.045281
v -0.298617 3.285409 0.094958
v -0.298021 3.285304 0.094958
v -0.298993 3.268615 0.094958
v -0.299597 3.268580 0.094958
v 0.041695 2.734130 0.035678
v 0.041695 2.722030 0.035678
v -0.315016 3.280908 0.385553
v -0.293782 3.301557 0.094958
v 0.031215 2.722030 0.045281
v 0.018607 2.734130 0.051844
v 0.031215 2.734130 0.045281
v 0.031215 2.722030 0.045281
v -0.320640 3.277324 0.476303
v 0.018607 2.722030 0.051844
v 0.004730 2.734130 0.054920
v 0.018607 2.734130 0.051844
v 0.018607 2.722030 0.051844
v 0.004730 2.722030 0.054920
v -0.317416 3.276680 0.554953
v 0.004730 2.722030 0.054920
v 0.018607 2.722030 0.051844
v 0.031215 2.722030 0.045281
v 0.041695 2.722030 0.035678
v 0.049333 2.722030 0.023689
v -0.316861 3.276440 0.554953
v -0.317416 3.276680 0.554953
v -0.327210 3.259232 0.548335
v -0.326614 3.259127 0.548335
v 0.053607 2.722030 0.010133
v 0.054226 2.722030 -0.004068
v -0.320085 3.277084 0.476303
v -0.316861 3.276440 0.554953
v -0.326614 3.259127 0.548335
v -0.326757 3.256960 0.476303
v 0.051150 2.722030 -0.017945
v 0.044587 2.722030 -0.030554
v -0.314461 3.280669 0.385553
v -0.320085 3.277084 0.476303
v -0.326757 3.256960 0.476303
v -0.320395 3.261164 0.385553
v 0.034984 2.722030 -0.041033
v 0.022996 2.722030 -0.048671
v -0.293227 3.301318 0.094958
v -0.314461 3.280669 0.385553
v -0.320395 3.261164 0.385553
v -0.298021 3.285304 0.094958
v 0.009439 2.722030 -0.052945
v -0.004762 2.722030 -0.053565
v -0.293782 3.301557 0.094958
v -0.293227 3.301318 0.094958
v -0.298021 3.285304 0.094958
v -0.298617 3.285409 0.094958
v -0.000016 2.722030 0.000678
v -0.068649 2.722240 0.049194
v -0.304923 3.298534 0.385553
v -0.285354 3.316156 0.094958
v 0.003675 2.722240 0.042867
v 0.003675 2.734340 0.042867
v -0.068649 2.734340 0.049194
v 0.003675 2.722240 0.042867
v -0.308579 3.294914 0.476303
v 0.004730 2.722240 0.054920
v 0.004730 2.734340 0.054920
v 0.003675 2.734340 0.042867
v 0.004730 2.722240 0.054920
v -0.067594 2.722240 0.061248
v -0.304055 3.293139 0.554953
v -0.067594 2.734340 0.061248
v 0.004730 2.734340 0.054920
v -0.067594 2.722240 0.061248
v -0.068649 2.722240 0.049194
v -0.068649 2.734340 0.049194
v -0.303570 3.292777 0.554953
v -0.304055 3.293139 0.554953
v -0.317416 3.276680 0.554953
v -0.316861 3.276440 0.554953
v -0.067594 2.734340 0.061248
v -0.067594 2.734340 0.061248
v -0.308094 3.294552 0.476303
v -0.303570 3.292777 0.554953
v -0.316861 3.276440 0.554953
v -0.320085 3.277084 0.476303
v -0.068649 2.734340 0.049194
v 0.003675 2.734340 0.042867
v -0.304438 3.298173 0.385553
v -0.308094 3.294552 0.476303
v -0.320085 3.277084 0.476303
v -0.314461 3.280669 0.385553
v 0.004730 2.734340 0.054920
v 0.003675 2.722240 0.042867
v -0.284869 3.315794 0.094958
v -0.304438 3.298173 0.385553
v -0.314461 3.280669 0.385553
v -0.293227 3.301318 0.094958
v -0.068649 2.722240 0.049194
v -0.067594 2.722240 0.061248
v -0.285354 3.316156 0.094958
v -0.284869 3.315794 0.094958
v -0.293227 3.301318 0.094958
v -0.293782 3.301557 0.094958
v 0.004730 2.722240 0.054920
v -0.077085 2.722240 -0.047238
v -0.289617 3.313578 0.385553
v -0.273786 3.328417 0.094958
v -0.004762 2.722240 -0.053565
v -0.004762 2.734340 -0.053565
v -0.077085 2.734340 -0.047238
v -0.004762 2.722240 -0.053565
v -0.292257 3.311507 0.476303
v -0.003707 2.722240 -0.041511
v -0.003707 2.734340 -0.041511
v -0.004762 2.734340 -0.053565
v -0.003707 2.722240 -0.041511
v -0.076031 2.722240 -0.035184
v -0.287498 3.306456 0.554953
v -0.076031 2.734340 -0.035184
v -0.003707 2.734340 -0.041511
v -0.076031 2.722240 -0.035184
v -0.077085 2.722240 -0.047238
v -0.077085 2.734340 -0.047238
v -0.287110 3.305992 0.554953
v -0.287498 3.306456 0.554953
v -0.304055 3.293139 0.554953
v -0.303570 3.292777 0.554953
v -0.076031 2.734340 -0.035184
v -0.076031 2.734340 -0.035184
v -0.291868 3.311044 0.476303
v -0.287110 3.305992 0.554953
v -0.303570 3.292777 0.554953
v -0.308094 3.294552 0.476303
v -0.077085 2.734340 -0.047238
v -0.004762 2.734340 -0.053565
v -0.289228 3.313115 0.385553
v -0.291868 3.311044 0.476303
v -0.308094 3.294552 0.476303
v -0.304438 3.298173 0.385553
v -0.003707 2.734340 -0.041511
v -0.004762 2.722240 -0.053565
v -0.273397 3.327953 0.094958
v -0.289228 3.313115 0.385553
v -0.304438 3.298173 0.385553
v -0.284869 3.315794 0.094958
v -0.077085 2.722240 -0.047238
v -0.076031 2.722240 -0.035184
v -0.273786 3.328417 0.094958
v -0.273397 3.327953 0.094958
v -0.284869 3.315794 0.094958
v -0.285354 3.316156 0.094958
v -0.003707 2.722240 -0.041511
v -0.068649 2.770599 0.049194
v -0.270332 3.325089 0.385553
v -0.259703 3.337680 0.094958
v 0.003675 2.770599 0.042867
v 0.003675 2.782699 0.042867
v -0.068649 2.782699 0.049194
v 0.003675 2.770599 0.042867
v -0.271791 3.321739 0.476303
v 0.004730 2.770599 0.054920
v 0.004730 2.782699 0.054920
v 0.003675 2.782699 0.042867
v 0.004730 2.770599 0.054920
v -0.067594 2.770599 0.061248
v -0.268855 3.317028 0.554953
v -0.067594 2.782699 0.061248
v 0.004730 2.782699 0.054920
v -0.067594 2.770599 0.061248
v -0.068649 2.770599 0.049194
v -0.068649 2.782699 0.049194
v -0.268583 3.316487 0.554953
v -0.268855 3.317028 0.554953
v -0.287498 3.306456 0.554953
v -0.287110 3.305992 0.554953
v -0.067594 2.782699 0.061248
v -0.067594 2.782699 0.061248
v -0.271520 3.321198 0.476303
v -0.268583 3.316487 0.554953
v -0.287110 3.305992 0.554953
v -0.291868 3.311044 0.476303
v -0.068649 2.782699 0.049194
v 0.003675 2.782699 0.042867
v -0.270060 3.324548 0.385553
v -0.271520 3.321198 0.476303
v -0.291868 3.311044 0.476303
v -0.289228 3.313115 0.385553
v 0.004730 2.782699 0.054920
v 0.003675 2.770599 0.042867
v -0.259431 3.337139 0.094958
v -0.270060 3.324548 0.385553
v -0.289228 3.313115 0.385553
v -0.273397 3.327953 0.094958
v -0.068649 2.770599 0.049194
v -0.067594 2.770599 0.061248
v -0.259703 3.337680 0.094958
v -0.259431 3.337139 0.094958
v -0.273397 3.327953 0.094958
v -0.273786 3.328417 0.094958
v 0.004730 2.770599 0.054920
v -0.077085 2.770599 -0.047238
v -0.249685 3.332026 0.385553
v -0.243863 3.343445 0.094958
v -0.004762 2.770599 -0.053565
v -0.004762 2.782699 -0.053565
v -0.077085 2.782699 -0.047238
v -0.004762 2.770599 -0.053565
v -0.250450 3.328373 0.476303
v -0.003707 2.770599 -0.041511
v -0.003707 2.782699 -0.041511
v -0.004762 2.782699 -0.053565
v -0.003707 2.770599 -0.041511
v -0.076031 2.770599 -0.035184
v -0.248128 3.324400 0.554953
v -0.076031 2.782699 -0.035184
v -0.003707 2.782699 -0.041511
v -0.076031 2.770599 -0.035184
v -0.077085 2.770599 -0.047238
v -0.077085 2.782699 -0.047238
v -0.247989 3.323812 0.554953
v -0.248128 3.324400 0.554953
v -0.268855 3.317028 0.554953
v -0.268583 3.316487 0.554953
v -0.076031 2.782699 -0.035184
v -0.076031 2.782699 -0.035184
v -0.250311 3.327785 0.476303
v -0.247989 3.323812 0.554953
v -0.268583 3.316487 0.554953
v -0.271520 3.321198 0.476303
v -0.077085 2.782699 -0.047238
v -0.004762 2.782699 -0.053565
v -0.249545 3.331437 0.385553
v -0.250311 3.327785 0.476303
v -0.271520 3.321198 0.476303
v -0.270060 3.324548 0.385553
v -0.003707 2.782699 -0.041511
v -0.004762 2.770599 -0.053565
v -0.243723 3.342856 0.094958
v -0.249545 3.331437 0.385553
v -0.270060 3.324548 0.385553
v -0.259431 3.337139 0.094958
v -0.077085 2.770599 -0.047238
v -0.076031 2.770599 -0.035184
v -0.243863 3.343445 0.094958
v -0.243723 3.342856 0.094958
v -0.259431 3.337139 0.094958
v -0.259703 3.337680 0.094958
v -0.003707 2.770599 -0.041511
v -0.240772 2.737323 0.007773
v -0.227103 3.334338 0.385553
v -0.227120 3.345402 0.094958
v -0.240772 2.767574 0.007773
v -0.226597 2.737323 -0.005614
v -0.050454 2.737323 -0.034385
v -0.050454 2.767574 -0.034385
v -0.227114 3.330536 0.476303
v -0.226597 2.767574 -0.005614
v -0.043599 2.737323 0.043966
v -0.043599 2.767574 0.043966
v -0.222063 2.737323 0.046218
v -0.238347 2.737323 0.035497
v -0.227120 3.327240 0.554953
v -0.238347 2.767574 0.035497
v -0.222063 2.767574 0.046218
v -0.238347 2.737323 0.035497
v -0.240772 2.737323 0.007773
v -0.240772 2.767574 0.007773
v -0.227120 3.326636 0.554953
v -0.227120 3.327240 0.554953
v -0.248128 3.324400 0.554953
v -0.247989 3.323812 0.554953
v -0.238347 2.767574 0.035497
v -0.050454 2.767574 -0.034385
v -0.227114 3.329931 0.476303
v -0.227120 3.326636 0.554953
v -0.247989 3.323812 0.554953
v -0.250311 3.327785 0.476303
v -0.043599 2.767574 0.043966
v -0.238347 2.767574 0.035497
v -0.227103 3.333733 0.385553
v -0.227114 3.329931 0.476303
v -0.250311 3.327785 0.476303
v -0.249545 3.331437 0.385553
v -0.240772 2.767574 0.007773
v -0.226597 2.767574 -0.005614
v -0.227120 3.344797 0.094958
v -0.227103 3.333733 0.385553
v -0.249545 3.331437 0.385553
v -0.243723 3.342856 0.094958
v -0.222063 2.767574 0.046218
v -0.050454 2.737323 -0.034385
v -0.227120 3.345402 0.094958
v -0.227120 3.344797 0.094958
v -0.243723 3.342856 0.094958
v -0.243863 3.343445 0.094958
v -0.043599 2.737323 0.043966
v -0.226597 2.737323 -0.005614
v -0.210377 3.343445 0.094958
v -0.210517 3.342856 0.094958
v -0.227120 3.344797 0.094958
v -0.227120 3.345402 0.094958
v -0.240772 2.737323 0.007773
v -0.238347 2.737323 0.035497
v -0.314384 3.200984 0.385338
v -0.289993 3.236502 0.094958
v -0.317398 3.201072 0.462040
v -0.317660 3.200921 0.476088
v -0.314384 3.200984 0.385338
v -0.222063 2.737323 0.046218
v -0.319280 3.201051 0.488460
v -0.317660 3.200921 0.476088
v -0.272495 2.800846 0.023005
v -0.318756 3.201354 0.488460
v -0.319280 3.201051 0.488460
v -0.272495 2.791771 0.023005
v -0.317136 3.201223 0.476088
v -0.318756 3.201354 0.488460
v -0.272495 2.800846 0.029055
v -0.313860 3.201287 0.385338
v -0.317136 3.201223 0.476088
v -0.272495 2.791771 0.029055
v -0.289469 3.236804 0.094958
v -0.313860 3.201287 0.385338
v -0.272495 2.800846 0.029055
v -0.289993 3.236502 0.094958
v -0.289469 3.236804 0.094958
v -0.272495 2.791771 0.029055
v -0.157290 3.257959 0.101008
v -0.155730 3.272802 0.101008
v -0.227120 3.272802 0.101008
v -0.161902 3.243765 0.101008
v -0.181745 2.800846 0.029055
v -0.181745 2.791771 0.029055
v -0.169364 3.230840 0.101008
v -0.181745 2.800846 0.029055
v -0.181745 2.791771 0.029055
v -0.179351 3.219748 0.101008
v -0.181745 2.800846 0.023005
v -0.181745 2.791771 0.023005
v -0.191425 3.210976 0.101008
v -0.181745 2.800846 0.023005
v -0.181745 2.791771 0.023005
v -0.205059 3.204906 0.101008
v -0.272495 2.800846 0.023005
v -0.272495 2.791771 0.023005
v -0.219658 3.201803 0.101008
v -0.181745 2.791771 0.023005
v -0.181745 2.791771 0.029055
v -0.234582 3.201803 0.101008
v -0.272495 2.791771 0.023005
v -0.272495 2.791771 0.029055
v -0.249181 3.204906 0.101008
v -0.272495 2.800846 0.029055
v -0.181745 2.800846 0.029055
v -0.262815 3.210976 0.101008
v -0.272495 2.800846 0.023005
v -0.181745 2.800846 0.023005
v -0.274889 3.219748 0.101008
v -0.258882 2.776646 0.010905
v -0.258882 2.767571 0.010905
v -0.284876 3.230840 0.101008
v -0.258882 2.776646 0.041155
v -0.258882 2.767571 0.041155
v -0.292338 3.243765 0.101008
v -0.258882 2.776646 0.041155
v -0.258882 2.767571 0.041155
v -0.296950 3.257959 0.101008
v -0.195357 2.776646 0.041155
v -0.195357 2.767571 0.041155
v -0.298510 3.272802 0.101008
v -0.195357 2.776646 0.041155
v -0.195357 2.767571 0.041155
v -0.296950 3.287645 0.101008
v -0.195357 2.776646 0.010905
v -0.195357 2.767571 0.010905
v -0.292338 3.301839 0.101008
v -0.195357 2.767571 0.010905
v -0.195357 2.767571 0.041155
v -0.284876 3.314764 0.101008
v -0.258882 2.767571 0.010905
v -0.258882 2.767571 0.041155
v -0.274889 3.325855 0.101008
v -0.258882 2.776646 0.041155
v -0.195357 2.776646 0.041155
v -0.262815 3.334628 0.101008
v -0.258882 2.776646 0.010905
v -0.195357 2.776646 0.010905
v -0.249181 3.340698 0.101008
v -0.267957 2.809920 0.010905
v -0.267957 2.767571 0.010905
v -0.234582 3.343801 0.101008
v -0.267957 2.809920 0.041155
v -0.267957 2.767571 0.041155
v -0.219658 3.343801 0.101008
v -0.267957 2.809920 0.041155
v -0.267957 2.767571 0.041155
v -0.205059 3.340698 0.101008
v -0.258882 2.809920 0.041155
v -0.258882 2.767571 0.041155
v -0.191425 3.334628 0.101008
v -0.258882 2.809920 0.041155
v -0.258882 2.767571 0.041155
v -0.179351 3.325855 0.101008
v -0.258882 2.809920 0.010905
v -0.258882 2.767571 0.010905
v -0.169364 3.314764 0.101008
v -0.258882 2.809920 0.010905
v -0.258882 2.767571 0.010905
v -0.161902 3.301839 0.101008
v -0.267957 2.809920 0.010905
v -0.267957 2.767571 0.010905
v -0.157290 3.287645 0.101008
v -0.258882 2.767571 0.010905
v -0.258882 2.767571 0.041155
v -0.267957 2.767571 0.010905
v -0.267957 2.767571 0.041155
v -0.267957 2.809920 0.041155
v -0.157290 3.257959 0.094958
v -0.155730 3.272802 0.094958
v -0.155730 3.272802 0.101008
v -0.157290 3.257959 0.101008
v -0.258882 2.809920 0.041155
v -0.267957 2.809920 0.010905
v -0.161902 3.243765 0.094958
v -0.258882 2.809920 0.010905
v -0.195357 2.809920 0.010905
v -0.161902 3.243765 0.101008
v -0.195357 2.767571 0.010905
v -0.195357 2.809920 0.041155
v -0.169364 3.230840 0.094958
v -0.195357 2.767571 0.041155
v -0.195357 2.809920 0.041155
v -0.169364 3.230840 0.101008
v -0.195357 2.767571 0.041155
v -0.186282 2.809920 0.041155
v -0.179351 3.219748 0.094958
v -0.186282 2.767571 0.041155
v -0.186282 2.809920 0.041155
v -0.179351 3.219748 0.101008
v -0.186282 2.767571 0.041155
v -0.186282 2.809920 0.010905
v -0.191425 3.210976 0.094958
v -0.186282 2.767571 0.010905
v -0.186282 2.809920 0.010905
v -0.191425 3.210976 0.101008
v -0.186282 2.767571 0.010905
v -0.195357 2.809920 0.010905
v -0.205059 3.204906 0.094958
v -0.195357 2.767571 0.010905
v -0.186282 2.767571 0.010905
v -0.205059 3.204906 0.101008
v -0.186282 2.767571 0.041155
v -0.195357 2.767571 0.010905
v -0.219658 3.201803 0.094958
v -0.195357 2.767571 0.041155
v -0.195357 2.809920 0.041155
v -0.219658 3.201803 0.101008
v -0.186282 2.809920 0.041155
v -0.195357 2.809920 0.010905
v -0.234582 3.201803 0.094958
v -0.186282 2.809920 0.010905
v -0.244362 2.776646 -0.010270
v -0.234582 3.201803 0.101008
v -0.244362 2.767571 -0.010270
v -0.258882 2.776646 0.010905
v -0.249181 3.204906 0.094958
v -0.258882 2.767571 0.010905
v -0.209877 2.776646 -0.010270
v -0.249181 3.204906 0.101008
v -0.209877 2.767571 -0.010270
v -0.244362 2.776646 -0.010270
v -0.262815 3.210976 0.094958
v -0.244362 2.767571 -0.010270
v -0.195357 2.776646 0.010905
v -0.262815 3.210976 0.101008
v -0.195357 2.767571 0.010905
v -0.209877 2.776646 -0.010270
v -0.274889 3.219748 0.094958
v -0.209877 2.767571 -0.010270
v -0.244362 2.776646 -0.010270
v -0.274889 3.219748 0.101008
v -0.258882 2.776646 0.010905
v -0.209877 2.776646 -0.010270
v -0.284876 3.230840 0.094958
v -0.195357 2.776646 0.010905
v -0.195357 2.767571 0.010905
v -0.284876 3.230840 0.101008
v -0.258882 2.767571 0.010905
v -0.209877 2.767571 -0.010270
v -0.292338 3.243765 0.094958
v -0.244362 2.767571 -0.010270
v -0.208970 2.845248 0.010905
v -0.292338 3.243765 0.101008
v -0.208970 2.784142 0.010905
v -0.208970 2.845248 0.041155
v -0.296950 3.257959 0.094958
v -0.208970 2.784142 0.041155
v -0.208970 2.845248 0.041155
v -0.296950 3.257959 0.101008
v -0.208970 2.784142 0.041155
v -0.196870 2.845248 0.041155
v -0.298510 3.272802 0.094958
v -0.196870 2.784142 0.041155
v -0.196870 2.845248 0.041155
v -0.298510 3.272802 0.101008
v -0.196870 2.784142 0.041155
v -0.196870 2.845248 0.010905
v -0.296950 3.287645 0.094958
v -0.196870 2.784142 0.010905
v -0.196870 2.845248 0.010905
v -0.296950 3.287645 0.101008
v -0.196870 2.784142 0.010905
v -0.208970 2.845248 0.010905
v -0.292338 3.301839 0.094958
v -0.208970 2.784142 0.010905
v -0.208970 2.845248 0.041155
v -0.292338 3.301839 0.101008
v -0.196870 2.845248 0.041155
v -0.208970 2.845248 0.010905
v -0.284876 3.314764 0.094958
v -0.196870 2.845248 0.010905
v -0.257370 2.845248 0.010905
v -0.284876 3.314764 0.101008
v -0.257370 2.784142 0.010905
v -0.257370 2.845248 0.041155
v -0.274889 3.325855 0.094958
v -0.257370 2.784142 0.041155
v -0.257370 2.845248 0.041155
v -0.274889 3.325855 0.101008
v -0.257370 2.784142 0.041155
v -0.245270 2.845248 0.041155
v -0.262815 3.334628 0.094958
v -0.245270 2.784142 0.041155
v -0.245270 2.845248 0.041155
v -0.262815 3.334628 0.101008
v -0.245270 2.784142 0.041155
v -0.245270 2.845248 0.010905
v -0.249181 3.340698 0.094958
v -0.245270 2.784142 0.010905
v -0.245270 2.845248 0.010905
v -0.249181 3.340698 0.101008
v -0.245270 2.784142 0.010905
v -0.257370 2.845248 0.010905
v -0.234582 3.343801 0.094958
v -0.257370 2.784142 0.010905
v -0.257370 2.845248 0.041155
v -0.234582 3.343801 0.101008
v -0.245270 2.845248 0.041155
v -0.257370 2.845248 0.010905
v -0.219658 3.343801 0.094958
v -0.245270 2.845248 0.010905
v -0.237707 3.349555 0.086256
v -0.219658 3.343801 0.101008
v -0.237707 3.385855 0.086256
v -0.237707 3.349555 0.068106
v -0.205059 3.340698 0.094958
v -0.237707 3.385855 0.068106
v -0.216532 3.349555 0.086256
v -0.205059 3.340698 0.101008
v -0.216532 3.385855 0.086256
v -0.237707 3.349555 0.086256
v -0.191425 3.334628 0.094958
v -0.237707 3.385855 0.086256
v -0.216532 3.349555 0.068106
v -0.191425 3.334628 0.101008
v -0.216532 3.385855 0.068106
v -0.216532 3.349555 0.086256
v -0.179351 3.325855 0.094958
v -0.216532 3.385855 0.086256
v -0.237707 3.349555 0.068106
v -0.179351 3.325855 0.101008
v -0.237707 3.385855 0.068106
v -0.216532 3.349555 0.068106
v -0.169364 3.314764 0.094958
v -0.216532 3.385855 0.068106
v -0.237707 3.349555 0.086256
v -0.169364 3.314764 0.101008
v -0.237707 3.349555 0.068106
v -0.216532 3.349555 0.086256
v -0.161902 3.301839 0.094958
v -0.216532 3.349555 0.068106
v -0.216532 3.385855 0.068106
v -0.161902 3.301839 0.101008
v -0.237707 3.385855 0.068106
v -0.216532 3.385855 0.086256
v -0.157290 3.287645 0.094958
v -0.237707 3.385855 0.086256
v -0.231657 3.376535 0.081332
v -0.157290 3.287645 0.101008
v -0.231657 3.385610 0.081332
v -0.231657 3.376535 -0.075968
v -0.231657 3.385610 -0.075969
v -0.222582 3.376535 0.081332
v -0.222582 3.385610 0.081332
v -0.231657 3.376535 0.081332
v -0.231657 3.385610 0.081332
v -0.222582 3.376535 -0.075968
v -0.155730 3.272802 0.094958
v -0.157290 3.257959 0.094958
v -0.227120 3.272802 0.094958
v -0.222582 3.385610 -0.075968
v -0.161902 3.243765 0.094958
v -0.222582 3.376535 0.081332
v -0.222582 3.385610 0.081332
v -0.169364 3.230840 0.094958
v -0.231657 3.376535 -0.075968
v -0.231657 3.385610 -0.075969
v -0.179351 3.219748 0.094958
v -0.222582 3.376535 -0.075968
v -0.222582 3.385610 -0.075968
v -0.191425 3.210976 0.094958
v -0.231657 3.376535 0.081332
v -0.231657 3.376535 -0.075968
v -0.205059 3.204906 0.094958
v -0.222582 3.376535 0.081332
v -0.222582 3.376535 -0.075968
v -0.219658 3.201803 0.094958
v -0.222582 3.385610 -0.075968
v -0.231657 3.385610 -0.075969
v -0.234582 3.201803 0.094958
v -0.222582 3.385610 0.081332
v -0.231657 3.385610 0.081332
v -0.249181 3.204906 0.094958
v -0.000000 3.179632 0.086688
v -0.000000 3.197782 0.086688
v -0.262815 3.210976 0.094958
v -0.157184 3.179632 -0.004062
v -0.157184 3.197782 -0.004062
v -0.274889 3.219748 0.094958
v -0.154159 3.179632 -0.009301
v -0.154159 3.197782 -0.009301
v -0.284876 3.230840 0.094958
v 0.003025 3.179632 0.081449
v 0.003025 3.197782 0.081449
v -0.292338 3.243765 0.094958
v -0.157184 3.179632 -0.004062
v -0.157184 3.197782 -0.004062
v -0.296950 3.257959 0.094958
v -0.154159 3.179632 -0.009301
v -0.154159 3.197782 -0.009301
v -0.298510 3.272802 0.094958
v -0.000000 3.179632 0.086688
v -0.157184 3.179632 -0.004062
v -0.296950 3.287645 0.094958
v 0.003025 3.179632 0.081449
v -0.154159 3.179632 -0.009301
v -0.292338 3.301839 0.094958
v -0.154159 3.197782 -0.009301
v -0.157184 3.197782 -0.004062
v -0.284876 3.314764 0.094958
v 0.003025 3.197782 0.081449
v -0.000000 3.197782 0.086688
v -0.274889 3.325855 0.094958
v -0.454239 3.179632 0.086688
v -0.454239 3.197783 0.086688
v -0.262815 3.334628 0.094958
v -0.297055 3.197783 -0.004062
v -0.297055 3.179632 -0.004062
v -0.249181 3.340698 0.094958
v -0.300080 3.179632 -0.009301
v -0.300080 3.197783 -0.009301
v -0.234582 3.343801 0.094958
v -0.457264 3.197783 0.081449
v -0.457264 3.179632 0.081449
v -0.219658 3.343801 0.094958
v -0.297055 3.179632 -0.004062
v -0.297055 3.197783 -0.004062
v -0.205059 3.340698 0.094958
v -0.300080 3.197783 -0.009301
v -0.300080 3.179632 -0.009301
v -0.191425 3.334628 0.094958
v -0.454239 3.179632 0.086688
v -0.297055 3.179632 -0.004062
v -0.179351 3.325855 0.094958
v -0.300080 3.179632 -0.009301
v -0.457264 3.179632 0.081449
v -0.169364 3.314764 0.094958
v -0.300080 3.197783 -0.009301
v -0.297055 3.197783 -0.004062
v -0.161902 3.301839 0.094958
v -0.454239 3.197783 0.086688
v -0.457264 3.197783 0.081449
v -0.157290 3.287645 0.094958
v -0.000000 2.995108 0.086688
v -0.000000 3.013257 0.086688
v -0.157184 2.995108 -0.004062
v -0.157184 3.013257 -0.004062
v -0.436395 3.187622 0.083999
v -0.442030 3.187359 0.086184
v -0.323179 3.269670 0.385947
v -0.328815 3.269407 0.388132
v -0.154159 2.995108 -0.009301
v -0.154159 3.013257 -0.009301
v -0.326483 3.251835 0.392032
v -0.439699 3.169787 0.090083
v -0.320847 3.252098 0.389848
v -0.434062 3.170050 0.087899
v 0.003025 2.995108 0.081449
v 0.003025 3.013257 0.081449
v -0.328815 3.269407 0.388132
v -0.326483 3.251835 0.392032
v -0.323179 3.269670 0.385947
v -0.320847 3.252098 0.389848
v -0.157184 2.995108 -0.004062
v -0.157184 3.013257 -0.004062
v -0.442030 3.187359 0.086184
v -0.439699 3.169787 0.090083
v -0.328815 3.269407 0.388132
v -0.326483 3.251835 0.392032
v -0.154159 2.995108 -0.009301
v -0.154159 3.013257 -0.009301
v -0.323179 3.269670 0.385947
v -0.320847 3.252098 0.389848
v -0.436395 3.187622 0.083999
v -0.434062 3.170050 0.087899
v -0.000000 2.995108 0.086688
v -0.157184 2.995108 -0.004062
v -0.008764 3.188102 0.087473
v -0.014400 3.187840 0.085289
v -0.128637 3.270151 0.386841
v -0.134272 3.269888 0.384657
v 0.003025 2.995108 0.081449
v -0.154159 2.995108 -0.009301
v -0.135179 3.252316 0.389110
v -0.015306 3.170268 0.089742
v -0.129543 3.252579 0.391295
v -0.009671 3.170531 0.091927
v -0.154159 3.013257 -0.009301
v -0.157184 3.013257 -0.004062
v -0.134272 3.269888 0.384657
v -0.135179 3.252316 0.389110
v -0.128637 3.270151 0.386841
v -0.129543 3.252579 0.391295
v 0.003025 3.013257 0.081449
v -0.000000 3.013257 0.086688
v -0.014400 3.187840 0.085289
v -0.015306 3.170268 0.089742
v -0.134272 3.269888 0.384657
v -0.135179 3.252316 0.389110
v -0.454239 2.995108 0.086688
v -0.454239 3.013258 0.086688
v -0.128637 3.270151 0.386841
v -0.129543 3.252579 0.391295
v -0.008764 3.188102 0.087473
v -0.009671 3.170531 0.091927
v -0.297055 3.013258 -0.004062
v -0.297055 2.995108 -0.004062
v -0.157570 3.067456 0.094958
v -0.135751 3.035437 0.385553
v -0.164246 3.051977 0.094958
v -0.300080 2.995108 -0.009301
v -0.139856 3.016459 0.385338
v -0.300080 3.013258 -0.009301
v -0.457264 3.013258 0.081449
v -0.129126 3.034237 0.476303
v -0.457264 2.995108 0.081449
v -0.297055 2.995108 -0.004062
v -0.136580 3.016396 0.476088
v -0.297055 3.013258 -0.004062
v -0.300080 3.013258 -0.009301
v -0.124420 3.037636 0.519071
v -0.300080 2.995108 -0.009301
v -0.454239 2.995108 0.086688
v -0.134960 3.016526 0.488460
v -0.297055 2.995108 -0.004062
v -0.124420 3.037636 0.519071
v -0.124999 3.037810 0.519071
v -0.134960 3.016526 0.488460
v -0.300080 2.995108 -0.009301
v -0.135483 3.016829 0.488460
v -0.457264 2.995108 0.081449
v -0.124999 3.037810 0.519071
v -0.129706 3.034411 0.476303
v -0.135483 3.016829 0.488460
v -0.300080 3.013258 -0.009301
v -0.137104 3.016698 0.476088
v -0.297055 3.013258 -0.004062
v -0.129706 3.034411 0.476303
v -0.136330 3.035611 0.385553
v -0.137104 3.016698 0.476088
v -0.454239 3.013258 0.086688
v -0.140380 3.016762 0.385338
v -0.457264 3.013258 0.081449
v -0.136330 3.035611 0.385553
v -0.158149 3.067628 0.094958
v -0.140380 3.016762 0.385338
v -0.203217 3.276984 -0.025741
v -0.164770 3.052280 0.094958
v -0.205558 3.284186 -0.025741
v -0.158149 3.067628 0.094958
v -0.157570 3.067456 0.094958
v -0.164770 3.052280 0.094958
v -0.210008 3.290311 -0.025741
v -0.164246 3.051977 0.094958
v -0.216133 3.294762 -0.025741
v -0.154643 3.084055 0.094958
v -0.132270 3.055629 0.385553
v -0.223334 3.297101 -0.025741
v -0.230905 3.297101 -0.025741
v -0.238107 3.294762 -0.025741
v -0.244232 3.290311 -0.025741
v -0.248682 3.284186 -0.025741
v -0.125710 3.053312 0.476303
v -0.251022 3.276985 -0.025741
v -0.251022 2.899966 -0.025439
v -0.248682 2.892765 -0.025439
v -0.244232 2.886640 -0.025439
v -0.238107 2.882190 -0.025439
v -0.121019 3.055776 0.535186
v -0.230905 2.879850 -0.025439
v -0.223334 2.879850 -0.025439
v -0.216133 2.882190 -0.025439
v -0.210008 2.886640 -0.025439
v -0.121019 3.055776 0.535186
v -0.121622 3.055812 0.535186
v -0.124420 3.037636 0.519071
v -0.227120 2.903752 -0.025439
v -0.124999 3.037810 0.519071
v -0.205558 2.892765 -0.025439
v -0.121622 3.055812 0.535186
v -0.126315 3.053347 0.476303
v -0.124999 3.037810 0.519071
v -0.203217 2.899966 -0.025439
v -0.129706 3.034411 0.476303
v -0.149437 3.285520 -0.010616
v -0.126315 3.053347 0.476303
v -0.132874 3.055664 0.385553
v -0.129706 3.034411 0.476303
v -0.203217 3.276984 -0.025741
v -0.136330 3.035611 0.385553
v -0.157051 3.308919 -0.010616
v -0.132874 3.055664 0.385553
v -0.155246 3.084091 0.094958
v -0.136330 3.035611 0.385553
v -0.205558 3.284186 -0.025741
v -0.158149 3.067628 0.094958
v -0.171486 3.328803 -0.010616
v -0.155246 3.084091 0.094958
v -0.154643 3.084055 0.094958
v -0.158149 3.067628 0.094958
v -0.210008 3.290311 -0.025741
v -0.157570 3.067456 0.094958
v -0.191425 3.343294 -0.010616
v -0.155623 3.100884 0.094958
v -0.133249 3.076743 0.385553
v -0.216133 3.294762 -0.025741
v -0.214830 3.350877 -0.010616
v -0.223334 3.297101 -0.025741
v -0.239422 3.350877 -0.010616
v -0.230905 3.297101 -0.025741
v -0.126886 3.072540 0.476303
v -0.262878 3.343254 -0.010616
v -0.238107 3.294762 -0.025741
v -0.282700 3.328870 -0.010616
v -0.244232 3.290311 -0.025741
v -0.297188 3.308906 -0.010616
v -0.127029 3.074708 0.548335
v -0.248682 3.284186 -0.025741
v -0.304811 3.285529 -0.010616
v -0.251022 3.276985 -0.025741
v -0.304801 2.891437 -0.010314
v -0.127029 3.074708 0.548335
v -0.127625 3.074602 0.548335
v -0.121019 3.055776 0.535186
v -0.251022 2.899966 -0.025439
v -0.121622 3.055812 0.535186
v -0.297184 2.868004 -0.010314
v -0.127625 3.074602 0.548335
v -0.127482 3.072435 0.476303
v -0.121622 3.055812 0.535186
v -0.248682 2.892765 -0.025439
v -0.126315 3.053347 0.476303
v -0.282744 2.848137 -0.010314
v -0.127482 3.072435 0.476303
v -0.133845 3.076639 0.385553
v -0.126315 3.053347 0.476303
v -0.244232 2.886640 -0.025439
v -0.132874 3.055664 0.385553
v -0.262835 2.833682 -0.010314
v -0.133845 3.076639 0.385553
v -0.156219 3.100779 0.094958
v -0.132874 3.055664 0.385553
v -0.238107 2.882190 -0.025439
v -0.155246 3.084091 0.094958
v -0.239384 2.826068 -0.010314
v -0.156219 3.100779 0.094958
v -0.155623 3.100884 0.094958
v -0.155246 3.084091 0.094958
v -0.230905 2.879850 -0.025439
v -0.154643 3.084055 0.094958
v -0.214817 2.826056 -0.010314
v -0.160457 3.117033 0.094958
v -0.139224 3.096384 0.385553
v -0.223334 2.879850 -0.025439
v -0.191389 2.833668 -0.010314
v -0.216133 2.882190 -0.025439
v -0.171496 2.848128 -0.010314
v -0.210008 2.886640 -0.025439
v -0.133600 3.092799 0.476303
v -0.157043 2.868053 -0.010314
v -0.149455 2.891427 -0.010314
v -0.203217 2.899966 -0.025439
v -0.205558 2.892765 -0.025439
v -0.149437 3.285520 -0.010616
v -0.136824 3.092155 0.554953
v -0.157051 3.308919 -0.010616
v -0.171486 3.328803 -0.010616
v -0.191425 3.343294 -0.010616
v -0.214830 3.350877 -0.010616
v -0.136824 3.092155 0.554953
v -0.137379 3.091915 0.554953
v -0.127029 3.074708 0.548335
v -0.239422 3.350877 -0.010616
v -0.127625 3.074602 0.548335
v -0.262878 3.343254 -0.010616
v -0.137379 3.091915 0.554953
v -0.134155 3.092559 0.476303
v -0.127625 3.074602 0.548335
v -0.282700 3.328870 -0.010616
v -0.127482 3.072435 0.476303
v -0.297188 3.308906 -0.010616
v -0.134155 3.092559 0.476303
v -0.139779 3.096144 0.385553
v -0.127482 3.072435 0.476303
v -0.304811 3.285529 -0.010616
v -0.133845 3.076639 0.385553
v -0.304801 2.891437 -0.010314
v -0.139779 3.096144 0.385553
v -0.161013 3.116792 0.094958
v -0.133845 3.076639 0.385553
v -0.297184 2.868004 -0.010314
v -0.156219 3.100779 0.094958
v -0.282744 2.848137 -0.010314
v -0.161013 3.116792 0.094958
v -0.160457 3.117033 0.094958
v -0.156219 3.100779 0.094958
v -0.262835 2.833682 -0.010314
v -0.155623 3.100884 0.094958
v -0.239384 2.826068 -0.010314
v -0.168886 3.131631 0.094958
v -0.149317 3.114009 0.385553
v -0.214817 2.826056 -0.010314
v -0.191389 2.833668 -0.010314
v -0.171496 2.848128 -0.010314
v -0.227120 2.903752 -0.010314
v -0.149455 2.891427 -0.010314
v -0.145661 3.110389 0.476303
v -0.157043 2.868053 -0.010314
v -0.149438 3.285649 -0.011221
v -0.157042 3.309052 -0.011221
v -0.171506 3.328959 -0.011221
v -0.191413 3.343423 -0.011221
v -0.150184 3.108613 0.554953
v -0.214816 3.351027 -0.011221
v -0.239423 3.351027 -0.011221
v -0.262826 3.343423 -0.011221
v -0.282734 3.328959 -0.011221
v -0.150184 3.108613 0.554953
v -0.150670 3.108252 0.554953
v -0.136824 3.092155 0.554953
v -0.297198 3.309052 -0.011221
v -0.137379 3.091915 0.554953
v -0.304802 3.285649 -0.011221
v -0.150670 3.108252 0.554953
v -0.146146 3.110028 0.476303
v -0.137379 3.091915 0.554953
v -0.304802 2.891448 -0.010919
v -0.134155 3.092559 0.476303
v -0.297198 2.868046 -0.010919
v -0.146146 3.110028 0.476303
v -0.149802 3.113648 0.385553
v -0.134155 3.092559 0.476303
v -0.282734 2.848138 -0.010919
v -0.139779 3.096144 0.385553
v -0.262826 2.833674 -0.010919
v -0.149802 3.113648 0.385553
v -0.169371 3.131270 0.094958
v -0.139779 3.096144 0.385553
v -0.239423 2.826071 -0.010919
v -0.161013 3.116792 0.094958
v -0.214816 2.826071 -0.010919
v -0.169371 3.131270 0.094958
v -0.168886 3.131631 0.094958
v -0.161013 3.116792 0.094958
v -0.191413 2.833674 -0.010919
v -0.160457 3.117033 0.094958
v -0.171506 2.848138 -0.010919
v -0.180453 3.143892 0.094958
v -0.164623 3.129053 0.385553
v -0.227120 2.903752 -0.010919
v -0.157042 2.868046 -0.010919
v -0.149438 2.891448 -0.010919
v -0.149438 3.285649 0.094654
v -0.149438 3.285649 -0.011221
v -0.161982 3.126983 0.476303
v -0.157042 3.309052 0.094654
v -0.157042 3.309052 -0.011221
v -0.171506 3.328959 0.094654
v -0.171506 3.328959 -0.011221
v -0.191413 3.343423 0.094654
v -0.166741 3.121931 0.554953
v -0.191413 3.343423 -0.011221
v -0.214816 3.351027 0.094654
v -0.214816 3.351027 -0.011221
v -0.239423 3.351027 0.094654
v -0.166741 3.121931 0.554953
v -0.167130 3.121467 0.554953
v -0.150184 3.108613 0.554953
v -0.239423 3.351027 -0.011221
v -0.150670 3.108252 0.554953
v -0.262826 3.343423 0.094654
v -0.167130 3.121467 0.554953
v -0.162371 3.126518 0.476303
v -0.150670 3.108252 0.554953
v -0.262826 3.343423 -0.011221
v -0.146146 3.110028 0.476303
v -0.282734 3.328959 0.094654
v -0.162371 3.126518 0.476303
v -0.165012 3.128590 0.385553
v -0.146146 3.110028 0.476303
v -0.282734 3.328959 -0.011221
v -0.149802 3.113648 0.385553
v -0.297198 3.309052 0.094654
v -0.165012 3.128590 0.385553
v -0.180842 3.143428 0.094958
v -0.149802 3.113648 0.385553
v -0.297198 3.309052 -0.011221
v -0.169371 3.131270 0.094958
v -0.304802 3.285649 0.094654
v -0.180842 3.143428 0.094958
v -0.180453 3.143892 0.094958
v -0.169371 3.131270 0.094958
v -0.304802 3.285649 -0.011221
v -0.168886 3.131631 0.094958
v -0.304802 2.891448 0.094956
v -0.194537 3.153155 0.094958
v -0.183908 3.140564 0.385553
v -0.304802 2.891448 -0.010919
v -0.297198 2.868046 0.094956
v -0.297198 2.868046 -0.010919
v -0.282734 2.848138 0.094956
v -0.282734 2.848138 -0.010919
v -0.182448 3.137214 0.476303
v -0.262826 2.833674 0.094956
v -0.262826 2.833674 -0.010919
v -0.239423 2.826071 0.094956
v -0.239423 2.826071 -0.010919
v -0.214816 2.826071 0.094956
v -0.185384 3.132503 0.554953
v -0.214816 2.826071 -0.010919
v -0.191413 2.833674 0.094956
v -0.191413 2.833674 -0.010919
v -0.171506 2.848138 0.094956
v -0.185384 3.132503 0.554953
v -0.185656 3.131962 0.554953
v -0.166741 3.121931 0.554953
v -0.171506 2.848138 -0.010919
v -0.167130 3.121467 0.554953
v -0.157042 2.868046 0.094956
v -0.185656 3.131962 0.554953
v -0.182720 3.136673 0.476303
v -0.167130 3.121467 0.554953
v -0.149438 2.891448 0.094956
v -0.162371 3.126518 0.476303
v -0.149438 2.891448 -0.010919
v -0.182720 3.136673 0.476303
v -0.184179 3.140024 0.385553
v -0.162371 3.126518 0.476303
v -0.157042 2.868046 -0.010919
v -0.165012 3.128590 0.385553
v 0.031605 2.876559 0.094956
v -0.184179 3.140024 0.385553
v -0.194809 3.152614 0.094958
v -0.165012 3.128590 0.385553
v 0.031605 3.299650 0.095122
v -0.180842 3.143428 0.094958
v 0.031605 3.299650 0.086047
v -0.194809 3.152614 0.094958
v -0.194537 3.153155 0.094958
v -0.180842 3.143428 0.094958
v 0.031605 2.876559 0.085881
v -0.180453 3.143892 0.094958
v 0.031605 3.299650 0.095122
v -0.210377 3.158920 0.094958
v -0.204555 3.147501 0.385553
v 0.020298 3.352848 0.095122
v 0.020298 3.352848 0.086047
v 0.031605 3.299650 0.086047
v 0.020298 3.352848 0.095122
v -0.001823 3.402532 0.095122
v -0.203789 3.143849 0.476303
v -0.001823 3.402532 0.086047
v 0.020298 3.352848 0.086047
v -0.001823 3.402532 0.095122
v -0.033790 3.446531 0.095122
v -0.033790 3.446531 0.086047
v -0.206111 3.139876 0.554953
v -0.001823 3.402532 0.086047
v -0.033790 3.446531 0.095122
v -0.074207 3.482923 0.095122
v -0.074207 3.482923 0.086047
v -0.206111 3.139876 0.554953
v -0.206250 3.139287 0.554953
v -0.185384 3.132503 0.554953
v -0.033790 3.446531 0.086047
v -0.185656 3.131962 0.554953
v -0.074207 3.482923 0.095122
v -0.206250 3.139287 0.554953
v -0.203928 3.143260 0.476303
v -0.185656 3.131962 0.554953
v -0.121307 3.510116 0.095122
v -0.182720 3.136673 0.476303
v -0.121307 3.510116 0.086047
v -0.203928 3.143260 0.476303
v -0.204694 3.146913 0.385553
v -0.182720 3.136673 0.476303
v -0.074207 3.482923 0.086047
v -0.184179 3.140024 0.385553
v -0.121307 3.510116 0.095122
v -0.204694 3.146913 0.385553
v -0.210517 3.158331 0.094958
v -0.184179 3.140024 0.385553
v -0.173032 3.526922 0.095122
v -0.194809 3.152614 0.094958
v -0.173032 3.526922 0.086047
v -0.210517 3.158331 0.094958
v -0.210377 3.158920 0.094958
v -0.194809 3.152614 0.094958
v -0.121307 3.510116 0.086047
v -0.194537 3.153155 0.094958
v -0.173032 3.526922 0.095122
v -0.227120 3.160877 0.094958
v -0.227137 3.149813 0.385553
v -0.227120 3.532607 0.095122
v -0.227120 3.532607 0.086047
v -0.173032 3.526922 0.086047
v -0.227120 3.532607 0.095122
v -0.281208 3.526922 0.095122
v -0.227126 3.146011 0.476303
v -0.281208 3.526922 0.086047
v -0.227120 3.532607 0.086047
v -0.281208 3.526922 0.095122
v -0.332932 3.510116 0.095122
v -0.332932 3.510116 0.086047
v -0.227120 3.142715 0.554953
v -0.281208 3.526922 0.086047
v -0.332932 3.510116 0.095122
v -0.380032 3.482923 0.095122
v -0.380032 3.482923 0.086047
v -0.227120 3.142715 0.554953
v -0.227120 3.142111 0.554953
v -0.206111 3.139876 0.554953
v -0.332932 3.510116 0.086047
v -0.206250 3.139287 0.554953
v -0.380032 3.482923 0.095122
v -0.227120 3.142111 0.554953
v -0.227126 3.145406 0.476303
v -0.206250 3.139287 0.554953
v -0.420449 3.446531 0.095122
v -0.203928 3.143260 0.476303
v -0.420449 3.446531 0.086047
v -0.227126 3.145406 0.476303
v -0.227137 3.149209 0.385553
v -0.203928 3.143260 0.476303
v -0.380032 3.482923 0.086047
v -0.204694 3.146913 0.385553
v -0.420449 3.446531 0.095122
v -0.227137 3.149209 0.385553
v -0.227120 3.160272 0.094958
v -0.204694 3.146913 0.385553
v -0.452416 3.402532 0.095122
v -0.210517 3.158331 0.094958
v -0.452416 3.402532 0.086047
v -0.227120 3.160272 0.094958
v -0.227120 3.160877 0.094958
v -0.210517 3.158331 0.094958
v -0.420449 3.446531 0.086047
v -0.210377 3.158920 0.094958
v -0.452416 3.402532 0.095122
v -0.243723 3.158331 0.094958
v -0.243863 3.158920 0.094958
v -0.227120 3.160272 0.094958
v -0.474538 3.352848 0.095122
v -0.227120 3.160877 0.094958
v -0.474538 3.352848 0.086047
v -0.164246 3.051977 0.094958
v -0.139856 3.016459 0.385338
v -0.136842 3.016547 0.462040
v -0.139856 3.016459 0.385338
v -0.136580 3.016396 0.476088
v -0.452416 3.402532 0.086047
v -0.136580 3.016396 0.476088
v -0.134960 3.016526 0.488460
v -0.474538 3.352848 0.095122
v -0.134960 3.016526 0.488460
v -0.135483 3.016829 0.488460
v -0.485845 3.299650 0.095122
v -0.135483 3.016829 0.488460
v -0.137104 3.016698 0.476088
v -0.485845 3.299650 0.086047
v -0.137104 3.016698 0.476088
v -0.140380 3.016762 0.385338
v -0.474538 3.352848 0.086047
v -0.140380 3.016762 0.385338
v -0.164770 3.052280 0.094958
v -0.485845 3.299650 0.095122
v -0.164770 3.052280 0.094958
v -0.164246 3.051977 0.094958
v -0.485845 2.876559 0.094956
v -0.318489 3.035437 0.385553
v -0.296670 3.067456 0.094958
v -0.289993 3.051977 0.094958
v -0.314384 3.016459 0.385338
v -0.485845 2.876559 0.085881
v -0.485845 3.299650 0.086047
v -0.325113 3.034237 0.476303
v -0.485845 2.876559 0.094956
v -0.474538 2.823361 0.094956
v -0.317660 3.016396 0.476088
v -0.474538 2.823361 0.085881
v -0.485845 2.876559 0.085881
v -0.329820 3.037636 0.519071
v -0.474538 2.823361 0.094956
v -0.452416 2.773677 0.094956
v -0.319280 3.016526 0.488460
v -0.452416 2.773677 0.085881
v -0.474538 2.823361 0.085881
v -0.329240 3.037810 0.519071
v -0.329820 3.037636 0.519071
v -0.319280 3.016526 0.488460
v -0.318756 3.016829 0.488460
v -0.452416 2.773677 0.094956
v -0.420449 2.729678 0.094956
v -0.324534 3.034411 0.476303
v -0.329240 3.037810 0.519071
v -0.318756 3.016829 0.488460
v -0.317136 3.016698 0.476088
v -0.420449 2.729678 0.085881
v -0.452416 2.773677 0.085881
v -0.317909 3.035611 0.385553
v -0.324534 3.034411 0.476303
v -0.317136 3.016698 0.476088
v -0.313860 3.016762 0.385338
v -0.420449 2.729678 0.094956
v -0.380032 2.693286 0.094956
v -0.296090 3.067628 0.094958
v -0.317909 3.035611 0.385553
v -0.313860 3.016762 0.385338
v -0.289469 3.052280 0.094958
v -0.380032 2.693286 0.085881
v -0.420449 2.729678 0.085881
v -0.296670 3.067456 0.094958
v -0.296090 3.067628 0.094958
v -0.289469 3.052280 0.094958
v -0.289993 3.051977 0.094958
v -0.380032 2.693286 0.094956
v -0.332932 2.666093 0.094956
v -0.321970 3.055629 0.385553
v -0.299597 3.084055 0.094958
v -0.332932 2.666093 0.085881
v -0.380032 2.693286 0.085881
v -0.332932 2.666093 0.094956
v -0.281208 2.649287 0.094956
v -0.328529 3.053312 0.476303
v -0.281208 2.649287 0.085881
v -0.332932 2.666093 0.085881
v -0.281208 2.649287 0.094956
v -0.227120 2.643602 0.094956
v -0.227120 2.643602 0.085881
v -0.333221 3.055776 0.535186
v -0.281208 2.649287 0.085881
v -0.227120 2.643602 0.094956
v -0.173032 2.649287 0.094956
v -0.173032 2.649287 0.085881
v -0.227120 2.643602 0.085881
v -0.332617 3.055812 0.535186
v -0.333221 3.055776 0.535186
v -0.329820 3.037636 0.519071
v -0.329240 3.037810 0.519071
v -0.173032 2.649287 0.094956
v -0.121307 2.666093 0.094956
v -0.327925 3.053347 0.476303
v -0.332617 3.055812 0.535186
v -0.329240 3.037810 0.519071
v -0.324534 3.034411 0.476303
v -0.121307 2.666093 0.085881
v -0.173032 2.649287 0.085881
v -0.321366 3.055664 0.385553
v -0.327925 3.053347 0.476303
v -0.324534 3.034411 0.476303
v -0.317909 3.035611 0.385553
v -0.121307 2.666093 0.094956
v -0.074207 2.693286 0.094956
v -0.298993 3.084091 0.094958
v -0.321366 3.055664 0.385553
v -0.317909 3.035611 0.385553
v -0.296090 3.067628 0.094958
v -0.074207 2.693286 0.085881
v -0.121307 2.666093 0.085881
v -0.299597 3.084055 0.094958
v -0.298993 3.084091 0.094958
v -0.296090 3.067628 0.094958
v -0.296670 3.067456 0.094958
v -0.074207 2.693286 0.094956
v -0.033790 2.729678 0.094956
v -0.320990 3.076743 0.385553
v -0.298617 3.100884 0.094958
v -0.033790 2.729678 0.085881
v -0.074207 2.693286 0.085881
v -0.033790 2.729678 0.094956
v -0.001823 2.773677 0.094956
v -0.327353 3.072540 0.476303
v -0.001823 2.773677 0.085881
v -0.033790 2.729678 0.085881
v -0.001823 2.773677 0.094956
v 0.020298 2.823361 0.094956
v 0.020298 2.823361 0.085881
v -0.327210 3.074708 0.548335
v -0.001823 2.773677 0.085881
v 0.020298 2.823361 0.094956
v 0.031605 2.876559 0.094956
v 0.031605 2.876559 0.085881
v 0.020298 2.823361 0.085881
v -0.326614 3.074602 0.548335
v -0.327210 3.074708 0.548335
v -0.333221 3.055776 0.535186
v -0.332617 3.055812 0.535186
v 0.031605 3.299650 0.095122
v 0.020298 3.352848 0.095122
v -0.326757 3.072435 0.476303
v -0.326614 3.074602 0.548335
v -0.332617 3.055812 0.535186
v -0.327925 3.053347 0.476303
v -0.001823 3.402532 0.095122
v -0.033790 3.446531 0.095122
v -0.320395 3.076639 0.385553
v -0.326757 3.072435 0.476303
v -0.327925 3.053347 0.476303
v -0.321366 3.055664 0.385553
v -0.074207 3.482923 0.095122
v -0.121307 3.510116 0.095122
v -0.298021 3.100779 0.094958
v -0.320395 3.076639 0.385553
v -0.321366 3.055664 0.385553
v -0.298993 3.084091 0.094958
v -0.173032 3.526922 0.095122
v -0.227120 3.532607 0.095122
v -0.298617 3.100884 0.094958
v -0.298021 3.100779 0.094958
v -0.298993 3.084091 0.094958
v -0.299597 3.084055 0.094958
v -0.281208 3.526922 0.095122
v -0.332932 3.510116 0.095122
v -0.315016 3.096384 0.385553
v -0.293782 3.117033 0.094958
v -0.380032 3.482923 0.095122
v -0.420449 3.446531 0.095122
v -0.452416 3.402532 0.095122
v -0.474538 3.352848 0.095122
v -0.320640 3.092799 0.476303
v -0.485845 3.299650 0.095122
v -0.485845 2.876559 0.094956
v -0.474538 2.823361 0.094956
v -0.452416 2.773677 0.094956
v -0.420449 2.729678 0.094956
v -0.317416 3.092155 0.554953
v -0.380032 2.693286 0.094956
v -0.332932 2.666093 0.094956
v -0.281208 2.649287 0.094956
v -0.227120 2.643602 0.094956
v -0.173032 2.649287 0.094956
v -0.316861 3.091915 0.554953
v -0.317416 3.092155 0.554953
v -0.327210 3.074708 0.548335
v -0.326614 3.074602 0.548335
v -0.121307 2.666093 0.094956
v -0.074207 2.693286 0.094956
v -0.320085 3.092559 0.476303
v -0.316861 3.091915 0.554953
v -0.326614 3.074602 0.548335
v -0.326757 3.072435 0.476303
v -0.033790 2.729678 0.094956
v -0.001823 2.773677 0.094956
v -0.314461 3.096144 0.385553
v -0.320085 3.092559 0.476303
v -0.326757 3.072435 0.476303
v -0.320395 3.076639 0.385553
v -0.227120 3.088082 0.094819
v 0.031605 2.876559 0.094956
v -0.293227 3.116792 0.094958
v -0.314461 3.096144 0.385553
v -0.320395 3.076639 0.385553
v -0.298021 3.100779 0.094958
v 0.020298 2.823361 0.094956
v 0.031605 3.299845 0.085881
v -0.293782 3.117033 0.094958
v -0.293227 3.116792 0.094958
v -0.298021 3.100779 0.094958
v -0.298617 3.100884 0.094958
v 0.020298 3.353043 0.085881
v -0.001823 3.402727 0.085881
v -0.304923 3.114009 0.385553
v -0.285354 3.131631 0.094958
v -0.033790 3.446727 0.085881
v -0.074207 3.483118 0.085881
v -0.121307 3.510311 0.085881
v -0.173032 3.527117 0.085881
v -0.308579 3.110389 0.476303
v -0.227120 3.532803 0.085881
v -0.281208 3.527117 0.085881
v -0.332932 3.510311 0.085881
v -0.380032 3.483118 0.085881
v -0.420449 3.446727 0.085881
v -0.304055 3.108613 0.554953
v -0.452416 3.402728 0.085881
v -0.474538 3.353043 0.085881
v -0.485845 3.299845 0.085881
v -0.485845 2.876559 0.085881
v -0.474538 2.823361 0.085881
v -0.303570 3.108252 0.554953
v -0.304055 3.108613 0.554953
v -0.317416 3.092155 0.554953
v -0.316861 3.091915 0.554953
v -0.452416 2.773677 0.085881
v -0.420449 2.729678 0.085881
v -0.308094 3.110028 0.476303
v -0.303570 3.108252 0.554953
v -0.316861 3.091915 0.554953
v -0.320085 3.092559 0.476303
v -0.380032 2.693286 0.085881
v -0.332932 2.666093 0.085881
v -0.304438 3.113648 0.385553
v -0.308094 3.110028 0.476303
v -0.320085 3.092559 0.476303
v -0.314461 3.096144 0.385553
v -0.281208 2.649287 0.085881
v -0.227120 2.643602 0.085881
v -0.284869 3.131270 0.094958
v -0.304438 3.113648 0.385553
v -0.314461 3.096144 0.385553
v -0.293227 3.116792 0.094958
v -0.173032 2.649287 0.085881
v -0.121307 2.666093 0.085881
v -0.285354 3.131631 0.094958
v -0.284869 3.131270 0.094958
v -0.293227 3.116792 0.094958
v -0.293782 3.117033 0.094958
v -0.074207 2.693286 0.085881
v -0.033790 2.729678 0.085881
v -0.289617 3.129053 0.385553
v -0.273786 3.143892 0.094958
v -0.001823 2.773677 0.085881
v -0.227120 2.903752 0.085881
v 0.020298 2.823361 0.085881
v 0.031605 2.876559 0.085881
v -0.292257 3.126983 0.476303
v -0.440630 3.003883 0.080836
v -0.439724 3.021454 0.085289
v -0.320756 2.921833 0.380203
v -0.319850 2.939405 0.384656
v -0.326392 2.921570 0.382388
v -0.287498 3.121931 0.554953
v -0.325486 2.939142 0.386841
v -0.446266 3.003619 0.083021
v -0.445360 3.021191 0.087474
v -0.320756 2.921833 0.380203
v -0.319850 2.939405 0.384656
v -0.287110 3.121467 0.554953
v -0.287498 3.121931 0.554953
v -0.304055 3.108613 0.554953
v -0.303570 3.108252 0.554953
v -0.326392 2.921570 0.382388
v -0.325486 2.939142 0.386841
v -0.291868 3.126518 0.476303
v -0.287110 3.121467 0.554953
v -0.303570 3.108252 0.554953
v -0.308094 3.110028 0.476303
v -0.440630 3.003883 0.080836
v -0.320756 2.921833 0.380203
v -0.289228 3.128590 0.385553
v -0.291868 3.126518 0.476303
v -0.308094 3.110028 0.476303
v -0.304438 3.113648 0.385553
v -0.446266 3.003619 0.083021
v -0.326392 2.921570 0.382388
v -0.273397 3.143428 0.094958
v -0.289228 3.128590 0.385553
v -0.304438 3.113648 0.385553
v -0.284869 3.131270 0.094958
v -0.325486 2.939142 0.386841
v -0.319850 2.939405 0.384656
v -0.273786 3.143892 0.094958
v -0.273397 3.143428 0.094958
v -0.284869 3.131270 0.094958
v -0.285354 3.131631 0.094958
v -0.445360 3.021191 0.087474
v -0.439724 3.021454 0.085289
v -0.270332 3.140564 0.385553
v -0.259703 3.153155 0.094958
v -0.009877 3.003883 0.082283
v -0.012209 3.021454 0.086184
v -0.123092 2.921833 0.384231
v -0.125425 2.939405 0.388131
v -0.271791 3.137214 0.476303
v -0.128729 2.921570 0.382046
v -0.131060 2.939142 0.385947
v -0.015513 3.003619 0.080098
v -0.017845 3.021191 0.083999
v -0.123092 2.921833 0.384231
v -0.268855 3.132503 0.554953
v -0.125425 2.939405 0.388131
v -0.128729 2.921570 0.382046
v -0.131060 2.939142 0.385947
v -0.009877 3.003883 0.082283
v -0.123092 2.921833 0.384231
v -0.268583 3.131962 0.554953
v -0.268855 3.132503 0.554953
v -0.287498 3.121931 0.554953
v -0.287110 3.121467 0.554953
v -0.015513 3.003619 0.080098
v -0.128729 2.921570 0.382046
v -0.271520 3.136673 0.476303
v -0.268583 3.131962 0.554953
v -0.287110 3.121467 0.554953
v -0.291868 3.126518 0.476303
v -0.131060 2.939142 0.385947
v -0.125425 2.939405 0.388131
v -0.270060 3.140024 0.385553
v -0.271520 3.136673 0.476303
v -0.291868 3.126518 0.476303
v -0.289228 3.128590 0.385553
v -0.017845 3.021191 0.083999
v -0.012209 3.021454 0.086184
v -0.259431 3.152614 0.094958
v -0.270060 3.140024 0.385553
v -0.289228 3.128590 0.385553
v -0.273397 3.143428 0.094958
v -0.157290 2.918595 0.094958
v -0.161902 2.932789 0.094958
v -0.259703 3.153155 0.094958
v -0.259431 3.152614 0.094958
v -0.273397 3.143428 0.094958
v -0.273786 3.143892 0.094958
v -0.169364 2.945714 0.094958
v -0.179351 2.956805 0.094958
v -0.249685 3.147501 0.385553
v -0.243863 3.158920 0.094958
v -0.191425 2.965578 0.094958
v -0.205059 2.971648 0.094958
v -0.219658 2.974751 0.094958
v -0.234582 2.974751 0.094958
v -0.250450 3.143849 0.476303
v -0.249181 2.971648 0.094958
v -0.262815 2.965578 0.094958
v -0.274889 2.956805 0.094958
v -0.284876 2.945714 0.094958
v -0.292338 2.932789 0.094958
v -0.248128 3.139876 0.554953
v -0.296950 2.918595 0.094958
v -0.298510 2.903752 0.094958
v -0.296950 2.888909 0.094958
v -0.292338 2.874715 0.094958
v -0.284876 2.861790 0.094958
v -0.247989 3.139287 0.554953
v -0.248128 3.139876 0.554953
v -0.268855 3.132503 0.554953
v -0.268583 3.131962 0.554953
v -0.274889 2.850699 0.094958
v -0.262815 2.841927 0.094958
v -0.250311 3.143260 0.476303
v -0.247989 3.139287 0.554953
v -0.268583 3.131962 0.554953
v -0.271520 3.136673 0.476303
v -0.249181 2.835856 0.094958
v -0.234582 2.832754 0.094958
v -0.249545 3.146913 0.385553
v -0.250311 3.143260 0.476303
v -0.271520 3.136673 0.476303
v -0.270060 3.140024 0.385553
v -0.219658 2.832754 0.094958
v -0.205059 2.835856 0.094958
v -0.243723 3.158331 0.094958
v -0.249545 3.146913 0.385553
v -0.270060 3.140024 0.385553
v -0.259431 3.152614 0.094958
v -0.191425 2.841927 0.094958
v -0.179351 2.850699 0.094958
v -0.243863 3.158920 0.094958
v -0.243723 3.158331 0.094958
v -0.259431 3.152614 0.094958
v -0.259703 3.153155 0.094958
v -0.169364 2.861790 0.094958
v -0.161902 2.874715 0.094958
v -0.227103 3.149813 0.385553
v -0.227120 3.160877 0.094958
v -0.227120 2.903752 0.094958
v -0.157290 2.888909 0.094958
v -0.155730 2.903752 0.094958
v -0.157290 2.918595 0.101008
v -0.227114 3.146011 0.476303
v -0.157290 2.918595 0.094958
v -0.161902 2.932789 0.101008
v -0.161902 2.932789 0.094958
v -0.169364 2.945714 0.101008
v -0.169364 2.945714 0.094958
v -0.227120 3.142715 0.554953
v -0.179351 2.956805 0.101008
v -0.179351 2.956805 0.094958
v -0.191425 2.965578 0.101008
v -0.191425 2.965578 0.094958
v -0.205059 2.971648 0.101008
v -0.227120 3.142111 0.554953
v -0.227120 3.142715 0.554953
v -0.248128 3.139876 0.554953
v -0.247989 3.139287 0.554953
v -0.205059 2.971648 0.094958
v -0.219658 2.974751 0.101008
v -0.227114 3.145406 0.476303
v -0.227120 3.142111 0.554953
v -0.247989 3.139287 0.554953
v -0.250311 3.143260 0.476303
v -0.219658 2.974751 0.094958
v -0.234582 2.974751 0.101008
v -0.227103 3.149209 0.385553
v -0.227114 3.145406 0.476303
v -0.250311 3.143260 0.476303
v -0.249545 3.146913 0.385553
v -0.234582 2.974751 0.094958
v -0.249181 2.971648 0.101008
v -0.227120 3.160272 0.094958
v -0.227103 3.149209 0.385553
v -0.249545 3.146913 0.385553
v -0.243723 3.158331 0.094958
v -0.249181 2.971648 0.094958
v -0.262815 2.965578 0.101008
v -0.227120 3.160877 0.094958
v -0.227120 3.160272 0.094958
v -0.243723 3.158331 0.094958
v -0.243863 3.158920 0.094958
v -0.262815 2.965578 0.094958
v -0.274889 2.956805 0.101008
v -0.210377 3.158920 0.094958
v -0.210517 3.158331 0.094958
v -0.227120 3.160272 0.094958
v -0.227120 3.160877 0.094958
v -0.274889 2.956805 0.094958
v -0.284876 2.945714 0.101008
v -0.314384 3.016459 0.385338
v -0.289993 3.051977 0.094958
v -0.317398 3.016547 0.462040
v -0.317660 3.016396 0.476088
v -0.314384 3.016459 0.385338
v -0.284876 2.945714 0.094958
v -0.319280 3.016526 0.488460
v -0.317660 3.016396 0.476088
v -0.292338 2.932789 0.101008
v -0.318756 3.016829 0.488460
v -0.319280 3.016526 0.488460
v -0.292338 2.932789 0.094958
v -0.317136 3.016698 0.476088
v -0.318756 3.016829 0.488460
v -0.296950 2.918595 0.101008
v -0.313860 3.016762 0.385338
v -0.317136 3.016698 0.476088
v -0.296950 2.918595 0.094958
v -0.289469 3.052280 0.094958
v -0.313860 3.016762 0.385338
v -0.298510 2.903752 0.101008
v -0.289993 3.051977 0.094958
v -0.289469 3.052280 0.094958
v -0.298510 2.903752 0.094958
v -0.157290 3.073434 0.101008
v -0.155730 3.088277 0.101008
v -0.227120 3.088277 0.101008
v -0.161902 3.059240 0.101008
v -0.296950 2.888909 0.101008
v -0.296950 2.888909 0.094958
v -0.169364 3.046315 0.101008
v -0.292338 2.874715 0.101008
v -0.292338 2.874715 0.094958
v -0.179351 3.035224 0.101008
v -0.284876 2.861790 0.101008
v -0.284876 2.861790 0.094958
v -0.191425 3.026452 0.101008
v -0.274889 2.850699 0.101008
v -0.274889 2.850699 0.094958
v -0.205059 3.020381 0.101008
v -0.262815 2.841927 0.101008
v -0.262815 2.841927 0.094958
v -0.219658 3.017278 0.101008
v -0.249181 2.835856 0.101008
v -0.249181 2.835856 0.094958
v -0.234582 3.017278 0.101008
v -0.234582 2.832754 0.101008
v -0.234582 2.832754 0.094958
v -0.249181 3.020381 0.101008
v -0.219658 2.832754 0.101008
v -0.219658 2.832754 0.094958
v -0.262815 3.026452 0.101008
v -0.205059 2.835856 0.101008
v -0.205059 2.835856 0.094958
v -0.274889 3.035224 0.101008
v -0.191425 2.841927 0.101008
v -0.191425 2.841927 0.094958
v -0.284876 3.046315 0.101008
v -0.179351 2.850699 0.101008
v -0.179351 2.850699 0.094958
v -0.292338 3.059240 0.101008
v -0.169364 2.861790 0.101008
v -0.169364 2.861790 0.094958
v -0.296950 3.073434 0.101008
v -0.161902 2.874715 0.101008
v -0.161902 2.874715 0.094958
v -0.298510 3.088277 0.101008
v -0.157290 2.888909 0.101008
v -0.155730 2.903752 0.101008
v -0.296950 3.103120 0.101008
v -0.155730 2.903752 0.094958
v -0.157290 2.888909 0.094958
v -0.292338 3.117314 0.101008
v -0.157290 2.918595 0.101008
v -0.161902 2.932789 0.101008
v -0.284876 3.130239 0.101008
v -0.169364 2.945714 0.101008
v -0.179351 2.956805 0.101008
v -0.274889 3.141330 0.101008
v -0.191425 2.965578 0.101008
v -0.205059 2.971648 0.101008
v -0.262815 3.150103 0.101008
v -0.219658 2.974751 0.101008
v -0.234582 2.974751 0.101008
v -0.249181 3.156173 0.101008
v -0.249181 2.971648 0.101008
v -0.262815 2.965578 0.101008
v -0.234582 3.159276 0.101008
v -0.274889 2.956805 0.101008
v -0.284876 2.945714 0.101008
v -0.219658 3.159276 0.101008
v -0.292338 2.932789 0.101008
v -0.296950 2.918595 0.101008
v -0.205059 3.156173 0.101008
v -0.298510 2.903752 0.101008
v -0.296950 2.888909 0.101008
v -0.191425 3.150103 0.101008
v -0.292338 2.874715 0.101008
v -0.284876 2.861790 0.101008
v -0.179351 3.141330 0.101008
v -0.274889 2.850699 0.101008
v -0.262815 2.841927 0.101008
v -0.169364 3.130239 0.101008
v -0.249181 2.835856 0.101008
v -0.234582 2.832754 0.101008
v -0.161902 3.117314 0.101008
v -0.219658 2.832754 0.101008
v -0.205059 2.835856 0.101008
v -0.157290 3.103120 0.101008
v -0.191425 2.841927 0.101008
v -0.179351 2.850699 0.101008
v -0.169364 2.861790 0.101008
v -0.161902 2.874715 0.101008
v -0.227120 2.903752 0.101008
v -0.157290 3.073434 0.094958
v -0.155730 3.088277 0.094958
v -0.155730 3.088277 0.101008
v -0.157290 3.073434 0.101008
v -0.155730 2.903752 0.101008
v -0.157290 2.888909 0.101008
v -0.161902 3.059240 0.094958
v -0.289469 2.867754 0.094958
v -0.289993 2.867452 0.094958
v -0.161902 3.059240 0.101008
v -0.313860 2.832237 0.385338
v -0.289469 2.867754 0.094958
v -0.169364 3.046315 0.094958
v -0.317136 2.832173 0.476088
v -0.313860 2.832237 0.385338
v -0.169364 3.046315 0.101008
v -0.318756 2.832304 0.488460
v -0.317136 2.832173 0.476088
v -0.179351 3.035224 0.094958
v -0.319280 2.832002 0.488460
v -0.318756 2.832304 0.488460
v -0.179351 3.035224 0.101008
v -0.317660 2.831871 0.476088
v -0.319280 2.832002 0.488460
v -0.191425 3.026452 0.094958
v -0.314384 2.831934 0.385338
v -0.317660 2.831871 0.476088
v -0.191425 3.026452 0.101008
v -0.317398 2.832022 0.462040
v -0.289993 2.867452 0.094958
v -0.205059 3.020381 0.094958
v -0.314384 2.831934 0.385338
v -0.227120 2.976352 0.094958
v -0.205059 3.020381 0.101008
v -0.227120 2.975747 0.094958
v -0.210517 2.973806 0.094958
v -0.219658 3.017278 0.094958
v -0.210377 2.974396 0.094958
v -0.243863 2.974396 0.094958
v -0.219658 3.017278 0.101008
v -0.243723 2.973806 0.094958
v -0.227120 2.975747 0.094958
v -0.234582 3.017278 0.094958
v -0.227120 2.976352 0.094958
v -0.243723 2.973806 0.094958
v -0.234582 3.017278 0.101008
v -0.249545 2.962388 0.385553
v -0.227103 2.964683 0.385553
v -0.249181 3.020381 0.094958
v -0.227120 2.975747 0.094958
v -0.249545 2.962388 0.385553
v -0.249181 3.020381 0.101008
v -0.250311 2.958735 0.476303
v -0.227114 2.960881 0.476303
v -0.262815 3.026452 0.094958
v -0.227103 2.964683 0.385553
v -0.250311 2.958735 0.476303
v -0.262815 3.026452 0.101008
v -0.247989 2.954762 0.554953
v -0.227120 2.957585 0.554953
v -0.274889 3.035224 0.094958
v -0.227114 2.960881 0.476303
v -0.247989 2.954762 0.554953
v -0.274889 3.035224 0.101008
v -0.248128 2.955351 0.554953
v -0.227120 2.958191 0.554953
v -0.284876 3.046315 0.094958
v -0.227120 2.957585 0.554953
v -0.227120 2.958191 0.554953
v -0.284876 3.046315 0.101008
v -0.227114 2.961486 0.476303
v -0.227120 2.976352 0.094958
v -0.292338 3.059240 0.094958
v -0.227103 2.965288 0.385553
v -0.259703 2.968630 0.094958
v -0.292338 3.059240 0.101008
v -0.259431 2.968089 0.094958
v -0.243723 2.973806 0.094958
v -0.296950 3.073434 0.094958
v -0.243863 2.974396 0.094958
v -0.259431 2.968089 0.094958
v -0.296950 3.073434 0.101008
v -0.270060 2.955499 0.385553
v -0.249545 2.962388 0.385553
v -0.298510 3.088277 0.094958
v -0.243723 2.973806 0.094958
v -0.270060 2.955499 0.385553
v -0.298510 3.088277 0.101008
v -0.271520 2.952149 0.476303
v -0.250311 2.958735 0.476303
v -0.296950 3.103120 0.094958
v -0.249545 2.962388 0.385553
v -0.271520 2.952149 0.476303
v -0.296950 3.103120 0.101008
v -0.268583 2.947437 0.554953
v -0.247989 2.954762 0.554953
v -0.292338 3.117314 0.094958
v -0.250311 2.958735 0.476303
v -0.268583 2.947437 0.554953
v -0.292338 3.117314 0.101008
v -0.268855 2.947978 0.554953
v -0.248128 2.955351 0.554953
v -0.284876 3.130239 0.094958
v -0.247989 2.954762 0.554953
v -0.248128 2.955351 0.554953
v -0.284876 3.130239 0.101008
v -0.250450 2.959324 0.476303
v -0.243863 2.974396 0.094958
v -0.274889 3.141330 0.094958
v -0.249685 2.962976 0.385553
v -0.273786 2.959367 0.094958
v -0.274889 3.141330 0.101008
v -0.273397 2.958903 0.094958
v -0.259431 2.968089 0.094958
v -0.262815 3.150103 0.094958
v -0.259703 2.968630 0.094958
v -0.273397 2.958903 0.094958
v -0.262815 3.150103 0.101008
v -0.289228 2.944065 0.385553
v -0.270060 2.955499 0.385553
v -0.249181 3.156173 0.094958
v -0.259431 2.968089 0.094958
v -0.289228 2.944065 0.385553
v -0.249181 3.156173 0.101008
v -0.291868 2.941994 0.476303
v -0.271520 2.952149 0.476303
v -0.234582 3.159276 0.094958
v -0.270060 2.955499 0.385553
v -0.291868 2.941994 0.476303
v -0.234582 3.159276 0.101008
v -0.287110 2.936943 0.554953
v -0.268583 2.947437 0.554953
v -0.219658 3.159276 0.094958
v -0.271520 2.952149 0.476303
v -0.287110 2.936943 0.554953
v -0.219658 3.159276 0.101008
v -0.287498 2.937406 0.554953
v -0.268855 2.947978 0.554953
v -0.205059 3.156173 0.094958
v -0.268583 2.947437 0.554953
v -0.268855 2.947978 0.554953
v -0.205059 3.156173 0.101008
v -0.271791 2.952689 0.476303
v -0.259703 2.968630 0.094958
v -0.191425 3.150103 0.094958
v -0.270332 2.956039 0.385553
v -0.285354 2.947106 0.094958
v -0.191425 3.150103 0.101008
v -0.284869 2.946745 0.094958
v -0.273397 2.958903 0.094958
v -0.179351 3.141330 0.094958
v -0.273786 2.959367 0.094958
v -0.284869 2.946745 0.094958
v -0.179351 3.141330 0.101008
v -0.304438 2.929123 0.385553
v -0.289228 2.944065 0.385553
v -0.169364 3.130239 0.094958
v -0.273397 2.958903 0.094958
v -0.304438 2.929123 0.385553
v -0.169364 3.130239 0.101008
v -0.308094 2.925503 0.476303
v -0.291868 2.941994 0.476303
v -0.161902 3.117314 0.094958
v -0.289228 2.944065 0.385553
v -0.308094 2.925503 0.476303
v -0.161902 3.117314 0.101008
v -0.303570 2.923727 0.554953
v -0.287110 2.936943 0.554953
v -0.157290 3.103120 0.094958
v -0.291868 2.941994 0.476303
v -0.303570 2.923727 0.554953
v -0.157290 3.103120 0.101008
v -0.304055 2.924088 0.554953
v -0.287498 2.937406 0.554953
v -0.287110 2.936943 0.554953
v -0.287498 2.937406 0.554953
v -0.292257 2.942457 0.476303
v -0.273786 2.959367 0.094958
v -0.289617 2.944529 0.385553
v -0.293782 2.932508 0.094958
v -0.155730 3.088277 0.094958
v -0.157290 3.073434 0.094958
v -0.227120 3.088277 0.094958
v -0.293227 2.932268 0.094958
v -0.161902 3.059240 0.094958
v -0.284869 2.946745 0.094958
v -0.285354 2.947106 0.094958
v -0.169364 3.046315 0.094958
v -0.293227 2.932268 0.094958
v -0.314461 2.911619 0.385553
v -0.179351 3.035224 0.094958
v -0.304438 2.929123 0.385553
v -0.284869 2.946745 0.094958
v -0.191425 3.026452 0.094958
v -0.314461 2.911619 0.385553
v -0.320085 2.908034 0.476303
v -0.205059 3.020381 0.094958
v -0.308094 2.925503 0.476303
v -0.304438 2.929123 0.385553
v -0.219658 3.017278 0.094958
v -0.320085 2.908034 0.476303
v -0.316861 2.907390 0.554953
v -0.234582 3.017278 0.094958
v -0.303570 2.923727 0.554953
v -0.308094 2.925503 0.476303
v -0.249181 3.020381 0.094958
v -0.316861 2.907390 0.554953
v -0.317416 2.907629 0.554953
v -0.262815 3.026452 0.094958
v -0.304055 2.924088 0.554953
v -0.303570 2.923727 0.554953
v -0.274889 3.035224 0.094958
v -0.304055 2.924088 0.554953
v -0.308579 2.925864 0.476303
v -0.284876 3.046315 0.094958
v -0.285354 2.947106 0.094958
v -0.304923 2.929485 0.385553
v -0.292338 3.059240 0.094958
v -0.298617 2.916359 0.094958
v -0.298021 2.916254 0.094958
v -0.296950 3.073434 0.094958
v -0.293227 2.932268 0.094958
v -0.293782 2.932508 0.094958
v -0.298510 3.088277 0.094958
v -0.298021 2.916254 0.094958
v -0.320395 2.892114 0.385553
v -0.296950 3.103120 0.094958
v -0.314461 2.911619 0.385553
v -0.293227 2.932268 0.094958
v -0.292338 3.117314 0.094958
v -0.320395 2.892114 0.385553
v -0.326757 2.887911 0.476303
v -0.284876 3.130239 0.094958
v -0.320085 2.908034 0.476303
v -0.314461 2.911619 0.385553
v -0.274889 3.141330 0.094958
v -0.326757 2.887911 0.476303
v -0.326614 2.890078 0.548335
v -0.262815 3.150103 0.094958
v -0.316861 2.907390 0.554953
v -0.320085 2.908034 0.476303
v -0.249181 3.156173 0.094958
v -0.326614 2.890078 0.548335
v -0.327210 2.890182 0.548335
v -0.234582 3.159276 0.094958
v -0.317416 2.907629 0.554953
v -0.316861 2.907390 0.554953
v -0.219658 3.159276 0.094958
v -0.317416 2.907629 0.554953
v -0.320640 2.908274 0.476303
v -0.205059 3.156173 0.094958
v -0.293782 2.932508 0.094958
v -0.315016 2.911859 0.385553
v -0.191425 3.150103 0.094958
v -0.299597 2.899531 0.094958
v -0.298993 2.899566 0.094958
v -0.179351 3.141330 0.094958
v -0.298021 2.916254 0.094958
v -0.298617 2.916359 0.094958
v -0.169364 3.130239 0.094958
v -0.298993 2.899566 0.094958
v -0.321366 2.871139 0.385553
v -0.161902 3.117314 0.094958
v -0.320395 2.892114 0.385553
v -0.298021 2.916254 0.094958
v -0.157290 3.103120 0.094958
v -0.321366 2.871139 0.385553
v -0.327925 2.868823 0.476303
v -0.326757 2.887911 0.476303
v -0.320395 2.892114 0.385553
v -0.012209 3.205936 0.086184
v -0.017845 3.205673 0.083999
v -0.125425 3.123887 0.388131
v -0.131060 3.123624 0.385947
v -0.327925 2.868823 0.476303
v -0.332617 2.871287 0.535186
v -0.128728 3.106052 0.382046
v -0.015513 3.188101 0.080098
v -0.123092 3.106315 0.384231
v -0.009877 3.188364 0.082283
v -0.326614 2.890078 0.548335
v -0.326757 2.887911 0.476303
v -0.131060 3.123624 0.385947
v -0.128728 3.106052 0.382046
v -0.125425 3.123887 0.388131
v -0.123092 3.106315 0.384231
v -0.332617 2.871287 0.535186
v -0.333221 2.871252 0.535186
v -0.017845 3.205673 0.083999
v -0.015513 3.188101 0.080098
v -0.131060 3.123624 0.385947
v -0.128728 3.106052 0.382046
v -0.327210 2.890182 0.548335
v -0.326614 2.890078 0.548335
v -0.125425 3.123887 0.388131
v -0.123092 3.106315 0.384231
v -0.012209 3.205936 0.086184
v -0.009877 3.188364 0.082283
v -0.327210 2.890182 0.548335
v -0.327353 2.888016 0.476303
v -0.439724 3.205936 0.085289
v -0.445360 3.205673 0.087474
v -0.319850 3.123887 0.384656
v -0.325486 3.123624 0.386841
v -0.298617 2.916359 0.094958
v -0.320990 2.892219 0.385553
v -0.326392 3.106052 0.382388
v -0.446266 3.188101 0.083021
v -0.320756 3.106315 0.380203
v -0.440630 3.188364 0.080836
v -0.296670 2.882930 0.094958
v -0.296090 2.883104 0.094958
v -0.325486 3.123624 0.386841
v -0.326392 3.106052 0.382388
v -0.319850 3.123887 0.384656
v -0.320756 3.106315 0.380203
v -0.298993 2.899566 0.094958
v -0.299597 2.899531 0.094958
v -0.445360 3.205673 0.087474
v -0.446266 3.188101 0.083021
v -0.325486 3.123624 0.386841
v -0.326392 3.106052 0.382388
v -0.296090 2.883104 0.094958
v -0.317909 2.851085 0.385553
v -0.319850 3.123887 0.384656
v -0.320756 3.106315 0.380203
v -0.439724 3.205936 0.085289
v -0.440630 3.188364 0.080836
v -0.321366 2.871139 0.385553
v -0.298993 2.899566 0.094958
v -0.157570 2.882930 0.094958
v -0.135751 2.850912 0.385553
v -0.164246 2.867452 0.094958
v -0.317909 2.851085 0.385553
v -0.139856 2.831934 0.385338
v -0.324534 2.849886 0.476303
v -0.327925 2.868823 0.476303
v -0.129126 2.849713 0.476303
v -0.321366 2.871139 0.385553
v -0.324534 2.849886 0.476303
v -0.136580 2.831871 0.476088
v -0.329240 2.853285 0.519071
v -0.332617 2.871287 0.535186
v -0.124420 2.853111 0.519071
v -0.327925 2.868823 0.476303
v -0.329240 2.853285 0.519071
v -0.134960 2.832002 0.488460
v -0.329820 2.853111 0.519071
v -0.124420 2.853111 0.519071
v -0.124999 2.853285 0.519071
v -0.134960 2.832002 0.488460
v -0.333221 2.871252 0.535186
v -0.135483 2.832304 0.488460
v -0.332617 2.871287 0.535186
v -0.124999 2.853285 0.519071
v -0.129706 2.849886 0.476303
v -0.135483 2.832304 0.488460
v -0.333221 2.871252 0.535186
v -0.137104 2.832173 0.476088
v -0.328529 2.868787 0.476303
v -0.129706 2.849886 0.476303
v -0.136330 2.851085 0.385553
v -0.137104 2.832173 0.476088
v -0.299597 2.899531 0.094958
v -0.140380 2.832237 0.385338
v -0.321970 2.871104 0.385553
v -0.136330 2.851085 0.385553
v -0.158149 2.883104 0.094958
v -0.140380 2.832237 0.385338
v -0.289993 2.867452 0.094958
v -0.164770 2.867754 0.094958
v -0.289469 2.867754 0.094958
v -0.158149 2.883104 0.094958
v -0.157570 2.882930 0.094958
v -0.164770 2.867754 0.094958
v -0.296090 2.883104 0.094958
v -0.164246 2.867452 0.094958
v -0.296670 2.882930 0.094958
v -0.154643 2.899531 0.094958
v -0.132270 2.871104 0.385553
v -0.289469 2.867754 0.094958
v -0.313860 2.832237 0.385338
v -0.317909 2.851085 0.385553
v -0.296090 2.883104 0.094958
v -0.313860 2.832237 0.385338
v -0.125710 2.868787 0.476303
v -0.317136 2.832173 0.476088
v -0.324534 2.849886 0.476303
v -0.317909 2.851085 0.385553
v -0.317136 2.832173 0.476088
v -0.318756 2.832304 0.488460
v -0.121019 2.871252 0.535186
v -0.329240 2.853285 0.519071
v -0.324534 2.849886 0.476303
v -0.318756 2.832304 0.488460
v -0.319280 2.832002 0.488460
v -0.121019 2.871252 0.535186
v -0.121622 2.871287 0.535186
v -0.124420 2.853111 0.519071
v -0.329820 2.853111 0.519071
v -0.124999 2.853285 0.519071
v -0.329240 2.853285 0.519071
v -0.121622 2.871287 0.535186
v -0.126315 2.868823 0.476303
v -0.124999 2.853285 0.519071
v -0.319280 2.832002 0.488460
v -0.129706 2.849886 0.476303
v -0.329820 2.853111 0.519071
v -0.126315 2.868823 0.476303
v -0.132874 2.871139 0.385553
v -0.129706 2.849886 0.476303
v -0.317660 2.831871 0.476088
v -0.136330 2.851085 0.385553
v -0.325113 2.849713 0.476303
v -0.132874 2.871139 0.385553
v -0.155246 2.899566 0.094958
v -0.136330 2.851085 0.385553
v -0.314384 2.831934 0.385338
v -0.158149 2.883104 0.094958
v -0.289993 2.867452 0.094958
v -0.155246 2.899566 0.094958
v -0.154643 2.899531 0.094958
v -0.158149 2.883104 0.094958
v -0.296670 2.882930 0.094958
v -0.157570 2.882930 0.094958
v -0.318489 2.850912 0.385553
v -0.155623 2.916359 0.094958
v -0.133249 2.892219 0.385553
v -0.164246 2.867452 0.094958
v -0.164770 2.867754 0.094958
v -0.164770 2.867754 0.094958
v -0.140380 2.832237 0.385338
v -0.140380 2.832237 0.385338
v -0.126886 2.888016 0.476303
v -0.137104 2.832173 0.476088
v -0.137104 2.832173 0.476088
v -0.135483 2.832304 0.488460
v -0.135483 2.832304 0.488460
v -0.134960 2.832002 0.488460
v -0.127029 2.890182 0.548335
v -0.134960 2.832002 0.488460
v -0.136580 2.831871 0.476088
v -0.136580 2.831871 0.476088
v -0.139856 2.831934 0.385338
v -0.127029 2.890182 0.548335
v -0.127625 2.890078 0.548335
v -0.121019 2.871252 0.535186
v -0.136842 2.832022 0.462040
v -0.121622 2.871287 0.535186
v -0.139856 2.831934 0.385338
v -0.127625 2.890078 0.548335
v -0.127482 2.887911 0.476303
v -0.121622 2.871287 0.535186
v -0.164246 2.867452 0.094958
v -0.126315 2.868823 0.476303
v -0.227120 2.976352 0.094958
v -0.127482 2.887911 0.476303
v -0.133845 2.892114 0.385553
v -0.126315 2.868823 0.476303
v -0.227120 2.975747 0.094958
v -0.132874 2.871139 0.385553
v -0.243863 2.974396 0.094958
v -0.133845 2.892114 0.385553
v -0.156219 2.916254 0.094958
v -0.132874 2.871139 0.385553
v -0.243723 2.973806 0.094958
v -0.155246 2.899566 0.094958
v -0.210377 2.974396 0.094958
v -0.156219 2.916254 0.094958
v -0.155623 2.916359 0.094958
v -0.155246 2.899566 0.094958
v -0.210517 2.973806 0.094958
v -0.154643 2.899531 0.094958
v -0.227120 2.976352 0.094958
v -0.160457 2.932508 0.094958
v -0.139224 2.911859 0.385553
v -0.227120 2.975747 0.094958
v -0.210517 2.973806 0.094958
v -0.204694 2.962388 0.385553
v -0.227120 2.975747 0.094958
v -0.227137 2.964683 0.385553
v -0.133600 2.908274 0.476303
v -0.204694 2.962388 0.385553
v -0.203928 2.958735 0.476303
v -0.227137 2.964683 0.385553
v -0.227126 2.960881 0.476303
v -0.203928 2.958735 0.476303
v -0.136824 2.907629 0.554953
v -0.206250 2.954762 0.554953
v -0.227126 2.960881 0.476303
v -0.227120 2.957585 0.554953
v -0.206250 2.954762 0.554953
v -0.136824 2.907629 0.554953
v -0.137379 2.907390 0.554953
v -0.127029 2.890182 0.548335
v -0.206111 2.955351 0.554953
v -0.127625 2.890078 0.548335
v -0.227120 2.957585 0.554953
v -0.137379 2.907390 0.554953
v -0.134155 2.908034 0.476303
v -0.127625 2.890078 0.548335
v -0.227120 2.958191 0.554953
v -0.127482 2.887911 0.476303
v -0.227120 2.958191 0.554953
v -0.134155 2.908034 0.476303
v -0.139779 2.911619 0.385553
v -0.127482 2.887911 0.476303
v -0.227126 2.961486 0.476303
v -0.133845 2.892114 0.385553
v -0.227137 2.965288 0.385553
v -0.139779 2.911619 0.385553
v -0.161013 2.932268 0.094958
v -0.133845 2.892114 0.385553
v -0.227120 2.976352 0.094958
v -0.156219 2.916254 0.094958
v -0.194537 2.968630 0.094958
v -0.161013 2.932268 0.094958
v -0.160457 2.932508 0.094958
v -0.156219 2.916254 0.094958
v -0.194809 2.968089 0.094958
v -0.155623 2.916359 0.094958
v -0.210377 2.974396 0.094958
v -0.168886 2.947106 0.094958
v -0.149317 2.929485 0.385553
v -0.210517 2.973806 0.094958
v -0.194809 2.968089 0.094958
v -0.184179 2.955499 0.385553
v -0.210517 2.973806 0.094958
v -0.204694 2.962388 0.385553
v -0.145661 2.925864 0.476303
v -0.184179 2.955499 0.385553
v -0.182720 2.952149 0.476303
v -0.204694 2.962388 0.385553
v -0.203928 2.958735 0.476303
v -0.182720 2.952149 0.476303
v -0.150184 2.924088 0.554953
v -0.185656 2.947437 0.554953
v -0.203928 2.958735 0.476303
v -0.206250 2.954762 0.554953
v -0.185656 2.947437 0.554953
v -0.150184 2.924088 0.554953
v -0.150670 2.923727 0.554953
v -0.136824 2.907629 0.554953
v -0.185384 2.947978 0.554953
v -0.137379 2.907390 0.554953
v -0.206250 2.954762 0.554953
v -0.150670 2.923727 0.554953
v -0.146146 2.925503 0.476303
v -0.137379 2.907390 0.554953
v -0.206111 2.955351 0.554953
v -0.134155 2.908034 0.476303
v -0.206111 2.955351 0.554953
v -0.146146 2.925503 0.476303
v -0.149802 2.929123 0.385553
v -0.134155 2.908034 0.476303
v -0.203789 2.959324 0.476303
v -0.139779 2.911619 0.385553
v -0.204555 2.962976 0.385553
v -0.149802 2.929123 0.385553
v -0.169371 2.946745 0.094958
v -0.139779 2.911619 0.385553
v -0.210377 2.974396 0.094958
v -0.161013 2.932268 0.094958
v -0.180453 2.959367 0.094958
v -0.169371 2.946745 0.094958
v -0.168886 2.947106 0.094958
v -0.161013 2.932268 0.094958
v -0.180842 2.958903 0.094958
v -0.160457 2.932508 0.094958
v -0.194537 2.968630 0.094958
v -0.180453 2.959367 0.094958
v -0.164623 2.944529 0.385553
v -0.194809 2.968089 0.094958
v -0.180842 2.958903 0.094958
v -0.165012 2.944065 0.385553
v -0.194809 2.968089 0.094958
v -0.184179 2.955499 0.385553
v -0.161982 2.942457 0.476303
v -0.165012 2.944065 0.385553
v -0.162371 2.941994 0.476303
v -0.184179 2.955499 0.385553
v -0.182720 2.952149 0.476303
v -0.162371 2.941994 0.476303
v -0.166741 2.937406 0.554953
v -0.167130 2.936943 0.554953
v -0.182720 2.952149 0.476303
v -0.185656 2.947437 0.554953
v -0.167130 2.936943 0.554953
v -0.166741 2.937406 0.554953
v -0.167130 2.936943 0.554953
v -0.150184 2.924088 0.554953
v -0.166741 2.937406 0.554953
v -0.150670 2.923727 0.554953
v -0.185656 2.947437 0.554953
v -0.167130 2.936943 0.554953
v -0.162371 2.941994 0.476303
v -0.150670 2.923727 0.554953
v -0.185384 2.947978 0.554953
v -0.146146 2.925503 0.476303
v -0.185384 2.947978 0.554953
v -0.162371 2.941994 0.476303
v -0.165012 2.944065 0.385553
v -0.146146 2.925503 0.476303
v -0.182448 2.952689 0.476303
v -0.149802 2.929123 0.385553
v -0.183908 2.956039 0.385553
v -0.165012 2.944065 0.385553
v -0.180842 2.958903 0.094958
v -0.149802 2.929123 0.385553
v -0.194537 2.968630 0.094958
v -0.169371 2.946745 0.094958
v -0.168886 2.947106 0.094958
v -0.180842 2.958903 0.094958
v -0.180453 2.959367 0.094958
v -0.169371 2.946745 0.094958
vn -0.0071 -0.1165 -0.9932
vn -0.0261 -0.1227 -0.9921
vn 0.9610 0.2636 -0.0835
vn 0.9616 0.2677 -0.0607
vn 0.0070 0.1200 0.9928
vn 0.0262 0.1244 0.9919
vn -0.9610 -0.2637 0.0831
vn -0.9622 -0.2655 0.0604
vn 0.0025 -0.1962 -0.9806
vn -0.0174 -0.2130 -0.9769
vn -0.0118 -0.1459 -0.9892
vn -0.0090 -0.1435 -0.9896
vn -0.0097 -0.1440 -0.9895
vn -0.0126 -0.1466 -0.9891
vn -0.0107 -0.1395 -0.9902
vn -0.0092 -0.1373 -0.9905
vn -0.0096 -0.1380 -0.9904
vn -0.0112 -0.1402 -0.9901
vn -0.0237 -0.1259 -0.9918
vn -0.0242 -0.1275 -0.9915
vn -0.0241 -0.1270 -0.9916
vn -0.0235 -0.1254 -0.9918
vn -0.0032 -0.1358 -0.9907
vn -0.0039 -0.1321 -0.9912
vn -0.0038 -0.1328 -0.9911
vn -0.0030 -0.1366 -0.9906
vn -0.0530 -0.1273 -0.9904
vn -0.0474 -0.1356 -0.9896
vn -0.0479 -0.1349 -0.9897
vn -0.0538 -0.1261 -0.9906
vn -0.9452 -0.3212 0.0589
vn -0.9246 -0.3752 0.0657
vn -0.8378 -0.5392 0.0858
vn -0.8378 -0.5392 0.0857
vn -0.6547 -0.7479 0.1101
vn -0.6546 -0.7479 0.1101
vn -0.2200 -0.9666 0.1312
vn -0.0182 -0.9912 0.1308
vn -0.0181 -0.9912 0.1308
vn -0.0050 0.2053 0.9787
vn 0.0175 0.2024 0.9791
vn 0.0121 0.1450 0.9894
vn 0.0080 0.1448 0.9894
vn 0.0091 0.1449 0.9894
vn 0.0130 0.1451 0.9893
vn 0.0112 0.1389 0.9902
vn 0.0082 0.1382 0.9904
vn 0.0090 0.1384 0.9903
vn 0.0118 0.1391 0.9902
vn 0.0233 0.1262 0.9917
vn 0.0251 0.1273 0.9916
vn 0.0246 0.1269 0.9916
vn 0.0229 0.1259 0.9918
vn 0.0042 0.1354 0.9908
vn 0.0020 0.1322 0.9912
vn 0.0024 0.1331 0.9911
vn 0.0049 0.1359 0.9907
vn 0.0476 0.1276 0.9907
vn 0.0540 0.1367 0.9891
vn 0.0530 0.1354 0.9894
vn 0.0472 0.1268 0.9908
vn 0.9524 0.2995 -0.0562
vn 0.9524 0.2995 -0.0563
vn 0.9229 0.3793 -0.0662
vn 0.9229 0.3793 -0.0661
vn 0.8291 0.5523 -0.0873
vn 0.6426 0.7581 -0.1112
vn 0.6426 0.7581 -0.1111
vn 0.2250 0.9655 -0.1311
vn 0.2250 0.9655 -0.1310
vn 0.2250 0.9655 -0.1312
vn 0.0096 0.9914 -0.1306
vn -0.9685 -0.2352 0.0814
vn -0.9676 -0.2379 0.0848
vn -0.9677 -0.2374 0.0842
vn -0.9687 -0.2347 0.0807
vn -0.9780 -0.2025 0.0492
vn -0.9631 -0.2566 0.0810
vn -0.9864 -0.1638 0.0111
vn -0.9667 -0.2555 0.0135
vn -0.1282 0.1830 -0.9747
vn -0.0862 0.2180 -0.9721
vn -0.1615 0.6234 -0.7651
vn -0.1583 0.6255 -0.7640
vn -0.1588 0.6251 -0.7642
vn -0.1621 0.6231 -0.7652
vn -0.1608 0.9101 -0.3818
vn -0.1529 0.9136 -0.3767
vn -0.1539 0.9132 -0.3774
vn -0.1620 0.9096 -0.3825
vn 0.9684 0.2355 -0.0814
vn 0.9684 0.2343 -0.0856
vn 0.9684 0.2346 -0.0847
vn 0.9685 0.2357 -0.0807
vn 0.9744 0.2217 -0.0364
vn 0.9693 0.2301 -0.0864
vn 0.9854 0.1682 0.0277
vn 0.9747 0.2203 -0.0374
vn 0.1328 -0.2258 0.9651
vn 0.0857 -0.2146 0.9729
vn 0.1594 -0.5819 0.7975
vn 0.1554 -0.5813 0.7987
vn 0.1563 -0.5814 0.7984
vn 0.1604 -0.5820 0.7972
vn 0.1485 -0.8878 0.4357
vn 0.1634 -0.8880 0.4299
vn -0.0000 -1.0000 -0.0000
vn -0.0000 -0.0000 1.0000
vn 1.0000 -0.0000 -0.0000
vn -0.0000 -0.0000 -1.0000
vn -0.0000 1.0000 -0.0000
vn -1.0000 -0.0000 -0.0000
vn 0.9125 -0.3936 -0.1119
vn 0.9720 -0.2090 -0.1072
vn 0.9749 -0.2100 -0.0740
vn 0.9223 -0.3850 -0.0336
vn 0.9207 -0.3838 -0.0708
vn 0.9470 -0.2976 -0.1209
vn -0.2280 -0.7630 0.6049
vn -0.3968 -0.6881 0.6075
vn -0.9311 0.3572 0.0741
vn -0.9170 0.3816 0.1161
vn -0.9207 0.3836 0.0723
vn -0.9772 0.2096 0.0354
vn -0.9734 0.2081 0.0960
vn -0.9111 0.3930 0.1246
vn 0.9806 -0.1729 -0.0924
vn 0.9808 -0.1718 -0.0924
vn 0.9811 -0.1702 -0.0923
vn 0.9813 -0.1692 -0.0923
vn 0.9827 -0.1694 -0.0754
vn 0.9823 -0.1719 -0.0744
vn 0.9819 -0.1742 -0.0744
vn 0.9819 -0.1757 -0.0711
vn 0.9819 -0.1758 -0.0709
vn 0.9902 -0.0956 -0.1014
vn -0.0392 -0.6596 0.7506
vn -0.1898 -0.6348 0.7490
vn -0.9901 0.1196 0.0739
vn -0.9800 0.1755 0.0939
vn -0.9815 0.1758 0.0754
vn -0.9819 0.1742 0.0751
vn -0.9825 0.1710 0.0743
vn -0.9828 0.1694 0.0740
vn -0.9813 0.1691 0.0921
vn -0.9811 0.1702 0.0923
vn -0.9808 0.1719 0.0925
vn -0.9806 0.1729 0.0927
vn 0.9957 0.0580 -0.0718
vn 0.9960 0.0534 -0.0710
vn 0.9962 0.0495 -0.0721
vn 0.9965 0.0462 -0.0700
vn 0.9966 0.0462 -0.0677
vn 0.9957 0.0609 -0.0704
vn 0.9981 0.0610 0.0001
vn 0.9298 0.3570 -0.0890
vn 0.0965 -0.5470 0.8316
vn -0.0337 -0.5803 0.8137
vn -0.9510 -0.3090 0.0074
vn -0.9948 -0.0608 0.0818
vn -0.9959 -0.0609 0.0670
vn -0.9964 -0.0461 0.0708
vn -0.9963 -0.0461 0.0729
vn -0.9962 -0.0494 0.0724
vn -0.9959 -0.0547 0.0715
vn -0.9958 -0.0581 0.0710
vn 0.9568 0.2864 -0.0496
vn 0.9563 0.2881 -0.0491
vn 0.9559 0.2895 -0.0495
vn 0.9556 0.2907 -0.0486
vn 0.9556 0.2907 -0.0477
vn 0.9479 0.3142 -0.0519
vn 0.9484 0.3143 0.0414
vn 0.8698 0.4933 -0.0131
vn 0.1250 -0.2898 0.9489
vn 0.0578 -0.3279 0.9429
vn -0.8770 -0.4788 -0.0399
vn -0.9492 -0.3147 0.0076
vn -0.9482 -0.3144 0.0463
vn -0.9553 -0.2906 0.0535
vn -0.9555 -0.2907 0.0492
vn -0.9559 -0.2895 0.0494
vn -0.9564 -0.2876 0.0497
vn -0.9568 -0.2864 0.0499
vn 0.8657 0.4998 -0.0280
vn 0.8657 0.4998 -0.0276
vn 0.8670 0.4976 -0.0281
vn 0.8678 0.4966 -0.0153
vn 0.8677 0.4969 -0.0151
vn 0.8244 0.5653 -0.0288
vn 0.8233 0.5645 0.0601
vn 0.7759 0.6298 0.0370
vn -0.7744 -0.6300 -0.0588
vn -0.8238 -0.5655 -0.0384
vn -0.8244 -0.5659 0.0106
vn -0.8673 -0.4966 0.0341
vn -0.8675 -0.4967 0.0283
vn -0.8670 -0.4976 0.0281
vn -0.8662 -0.4989 0.0279
vn -0.8657 -0.4998 0.0277
vn 0.7274 0.6862 -0.0046
vn 0.7010 0.7132 -0.0040
vn 0.7010 0.7132 -0.0041
vn 0.7129 0.7012 -0.0007
vn 0.7102 0.6985 0.0878
vn 0.6258 0.7781 0.0536
vn -0.6236 -0.7768 -0.0876
vn -0.7117 -0.7002 -0.0567
vn -0.7128 -0.7013 0.0047
vn -0.7008 -0.7134 -0.0002
vn -0.7008 -0.7134 0.0017
vn -0.7274 -0.6862 0.0074
vn 0.5494 0.8354 0.0161
vn 0.5124 0.8585 0.0197
vn 0.5127 0.8582 0.0233
vn 0.5125 0.8586 0.0159
vn 0.5124 0.8584 0.0234
vn 0.4472 0.8944 0.0074
vn 0.4461 0.8922 0.0701
vn 0.4915 0.8667 0.0854
vn -0.0001 -0.0000 1.0000
vn -0.4917 -0.8679 -0.0703
vn -0.4449 -0.8916 -0.0842
vn -0.4463 -0.8945 -0.0258
vn -0.5123 -0.8588 -0.0047
vn -0.5122 -0.8587 -0.0185
vn -0.5494 -0.8354 -0.0127
vn 0.3418 0.9393 0.0301
vn 0.3183 0.9474 0.0324
vn 0.3188 0.9472 0.0352
vn 0.3183 0.9475 0.0294
vn 0.3183 0.9473 0.0354
vn 0.2967 0.9545 0.0305
vn 0.2964 0.9534 0.0569
vn 0.3343 0.9400 0.0688
vn -0.3346 -0.9406 -0.0574
vn -0.2959 -0.9528 -0.0681
vn -0.2964 -0.9544 -0.0359
vn -0.3182 -0.9476 -0.0299
vn -0.3182 -0.9475 -0.0309
vn -0.3419 -0.9393 -0.0282
vn 0.1160 0.9925 0.0378
vn 0.1018 0.9940 0.0394
vn 0.0956 0.9946 0.0395
vn 0.1018 0.9941 0.0370
vn 0.0981 0.9943 0.0411
vn 0.0921 0.9949 0.0416
vn 0.0922 0.9949 0.0417
vn 0.1338 0.9895 0.0539
vn -0.1340 -0.9901 -0.0415
vn -0.0920 -0.9944 -0.0529
vn -0.0920 -0.9949 -0.0417
vn -0.0943 -0.9947 -0.0411
vn -0.0994 -0.9943 -0.0397
vn -0.1017 -0.9940 -0.0391
vn -0.1017 -0.9941 -0.0379
vn -0.1160 -0.9926 -0.0367
vn -0.9396 -0.3402 0.0373
vn -0.4994 0.8662 0.0186
vn -0.1866 0.9823 0.0140
vn -0.4993 -0.8657 0.0349
vn -0.0016 -0.9999 0.0107
vn -0.2050 -0.9787 0.0067
vn 0.9524 0.3018 -0.0431
vn -0.4993 -0.8652 -0.0462
vn -0.9124 -0.3936 -0.1119
vn -0.9720 -0.2090 -0.1072
vn -0.9749 -0.2100 -0.0739
vn -0.9223 -0.3849 -0.0336
vn -0.9207 -0.3838 -0.0708
vn -0.9470 -0.2976 -0.1209
vn 0.2281 -0.7630 0.6048
vn 0.3968 -0.6880 0.6076
vn 0.9311 0.3572 0.0741
vn 0.9170 0.3816 0.1160
vn 0.9206 0.3836 0.0723
vn 0.9772 0.2095 0.0354
vn 0.9734 0.2080 0.0960
vn 0.9111 0.3930 0.1246
vn -0.9806 -0.1729 -0.0924
vn -0.9813 -0.1692 -0.0923
vn -0.9823 -0.1718 -0.0744
vn -0.9827 -0.1694 -0.0753
vn -0.9819 -0.1742 -0.0744
vn -0.9819 -0.1757 -0.0711
vn -0.9819 -0.1758 -0.0709
vn -0.9902 -0.0956 -0.1014
vn 0.0391 -0.6596 0.7506
vn 0.1898 -0.6348 0.7490
vn 0.9901 0.1196 0.0739
vn 0.9800 0.1755 0.0939
vn 0.9818 0.1742 0.0751
vn 0.9815 0.1758 0.0754
vn 0.9825 0.1710 0.0743
vn 0.9828 0.1694 0.0740
vn 0.9811 0.1703 0.0923
vn 0.9813 0.1692 0.0921
vn 0.9808 0.1718 0.0925
vn 0.9806 0.1729 0.0927
vn -0.9957 0.0580 -0.0718
vn -0.9965 0.0463 -0.0700
vn -0.9963 0.0462 -0.0722
vn -0.9966 0.0463 -0.0677
vn -0.9957 0.0609 -0.0704
vn -0.9981 0.0610 0.0001
vn -0.9298 0.3571 -0.0890
vn -0.0965 -0.5471 0.8315
vn 0.0336 -0.5803 0.8137
vn 0.9510 -0.3090 0.0074
vn 0.9948 -0.0609 0.0818
vn 0.9959 -0.0609 0.0670
vn 0.9964 -0.0461 0.0708
vn 0.9962 -0.0494 0.0724
vn 0.9963 -0.0461 0.0729
vn 0.9959 -0.0547 0.0715
vn 0.9958 -0.0580 0.0710
vn -0.9568 0.2865 -0.0496
vn -0.9556 0.2907 -0.0486
vn -0.9556 0.2906 -0.0494
vn -0.9556 0.2907 -0.0477
vn -0.9480 0.3141 -0.0519
vn -0.9484 0.3143 0.0415
vn -0.8698 0.4932 -0.0131
vn -0.1248 -0.2898 0.9489
vn -0.0579 -0.3280 0.9429
vn 0.8770 -0.4788 -0.0399
vn 0.9492 -0.3147 0.0076
vn 0.9482 -0.3144 0.0463
vn 0.9553 -0.2906 0.0535
vn 0.9559 -0.2895 0.0494
vn 0.9555 -0.2907 0.0492
vn 0.9564 -0.2876 0.0497
vn 0.9568 -0.2864 0.0499
vn -0.8657 0.4998 -0.0280
vn -0.8679 0.4966 -0.0153
vn -0.8678 0.4966 -0.0153
vn -0.8675 0.4967 -0.0281
vn -0.8677 0.4969 -0.0151
vn -0.8244 0.5653 -0.0288
vn -0.8233 0.5645 0.0601
vn -0.7759 0.6298 0.0370
vn 0.7744 -0.6300 -0.0588
vn 0.8238 -0.5655 -0.0384
vn 0.8244 -0.5659 0.0106
vn 0.8673 -0.4966 0.0341
vn 0.8670 -0.4976 0.0281
vn 0.8675 -0.4967 0.0283
vn 0.8662 -0.4989 0.0279
vn 0.8657 -0.4998 0.0277
vn -0.7274 0.6862 -0.0046
vn -0.7010 0.7132 -0.0040
vn -0.7010 0.7132 -0.0041
vn -0.7129 0.7013 -0.0007
vn -0.7101 0.6986 0.0878
vn -0.6258 0.7781 0.0536
vn 0.6236 -0.7768 -0.0876
vn 0.7117 -0.7002 -0.0567
vn 0.7128 -0.7013 0.0047
vn 0.7008 -0.7134 -0.0002
vn 0.7008 -0.7134 0.0018
vn 0.7273 -0.6862 0.0074
vn -0.5495 0.8354 0.0161
vn -0.5127 0.8582 0.0232
vn -0.5124 0.8585 0.0197
vn -0.5125 0.8586 0.0159
vn -0.5124 0.8584 0.0235
vn -0.4472 0.8944 0.0074
vn -0.4461 0.8922 0.0701
vn -0.4915 0.8667 0.0854
vn 0.0001 -0.0000 1.0000
vn 0.4917 -0.8679 -0.0703
vn 0.4449 -0.8916 -0.0842
vn 0.4464 -0.8945 -0.0258
vn 0.5123 -0.8588 -0.0047
vn 0.5122 -0.8587 -0.0185
vn 0.5495 -0.8354 -0.0127
vn -0.3418 0.9393 0.0301
vn -0.3188 0.9472 0.0352
vn -0.3183 0.9474 0.0324
vn -0.3183 0.9475 0.0294
vn -0.3183 0.9473 0.0355
vn -0.2967 0.9545 0.0305
vn -0.2964 0.9534 0.0569
vn -0.3343 0.9400 0.0688
vn 0.3346 -0.9406 -0.0574
vn 0.2959 -0.9528 -0.0681
vn 0.2964 -0.9544 -0.0359
vn 0.3182 -0.9476 -0.0299
vn 0.3182 -0.9475 -0.0309
vn 0.3419 -0.9393 -0.0282
vn -0.1160 0.9925 0.0378
vn -0.1018 0.9941 0.0370
vn -0.0981 0.9943 0.0411
vn -0.1018 0.9939 0.0416
vn -0.0944 0.9947 0.0398
vn -0.0920 0.9949 0.0416
vn -0.0922 0.9949 0.0417
vn -0.1338 0.9895 0.0539
vn 0.1340 -0.9901 -0.0415
vn 0.0920 -0.9944 -0.0530
vn 0.0943 -0.9947 -0.0411
vn 0.0920 -0.9949 -0.0417
vn 0.0994 -0.9943 -0.0397
vn 0.1017 -0.9940 -0.0391
vn 0.1017 -0.9941 -0.0379
vn 0.1160 -0.9926 -0.0367
vn 0.9396 -0.3402 0.0373
vn 0.4995 0.8661 0.0186
vn 0.1866 0.9823 0.0140
vn 0.4994 -0.8657 0.0349
vn 0.0017 -0.9999 0.0107
vn 0.2047 -0.9788 0.0067
vn -0.9524 0.3018 -0.0431
vn 0.4992 -0.8653 -0.0462
vn 0.9945 -0.1045 -0.0000
vn 0.9511 -0.3090 -0.0000
vn 0.8660 -0.5000 -0.0000
vn 0.7432 -0.6691 -0.0000
vn 0.5878 -0.8090 -0.0000
vn 0.4067 -0.9136 -0.0000
vn 0.2079 -0.9781 -0.0000
vn -0.2079 -0.9781 -0.0000
vn -0.4067 -0.9136 -0.0000
vn -0.5878 -0.8090 -0.0000
vn -0.7432 -0.6691 -0.0000
vn -0.8660 -0.5000 -0.0000
vn -0.9511 -0.3090 -0.0000
vn -0.9945 -0.1045 -0.0000
vn -0.9945 0.1045 -0.0000
vn -0.9511 0.3090 -0.0000
vn -0.8660 0.5000 -0.0000
vn -0.7431 0.6692 -0.0000
vn -0.5878 0.8090 -0.0000
vn -0.4067 0.9136 -0.0000
vn -0.2079 0.9781 -0.0000
vn 0.2079 0.9781 -0.0000
vn 0.4067 0.9136 -0.0000
vn 0.5878 0.8090 -0.0000
vn 0.7431 0.6692 -0.0000
vn 0.8660 0.5000 -0.0000
vn 0.9511 0.3090 -0.0000
vn 0.9945 0.1045 -0.0000
vn -0.1285 0.9681 -0.2149
vn -0.1285 0.9682 -0.2149
vn 0.1284 -0.9681 0.2149
vn 0.3403 0.2466 0.9074
vn 0.3402 0.2466 0.9075
vn 0.3401 0.2466 0.9075
vn -0.9315 -0.0435 0.3611
vn 0.9315 0.0435 -0.3611
vn 0.0500 0.9682 -0.2453
vn 0.0499 0.9681 -0.2454
vn -0.0499 -0.9682 0.2453
vn -0.0500 -0.9681 0.2453
vn -0.3602 0.2466 0.8997
vn -0.3603 0.2466 0.8997
vn -0.3603 0.2466 0.8996
vn -0.9315 -0.0435 -0.3611
vn -0.9315 -0.0434 -0.3611
vn 0.9315 0.0435 0.3611
vn 0.9315 0.0434 0.3611
vn 0.9125 -0.3935 -0.1119
vn 0.9749 -0.2100 -0.0739
vn -0.2288 -0.7629 0.6047
vn -0.3969 -0.6880 0.6076
vn -0.9110 0.3930 0.1246
vn 0.9811 -0.1703 -0.0923
vn -0.0390 -0.6594 0.7507
vn -0.1908 -0.6346 0.7489
vn -0.9818 0.1742 0.0751
vn -0.9811 0.1703 0.0923
vn -0.9808 0.1718 0.0925
vn 0.9299 0.3570 -0.0890
vn 0.0967 -0.5469 0.8316
vn -0.0346 -0.5804 0.8136
vn 0.9563 0.2882 -0.0491
vn 0.9484 0.3143 0.0415
vn 0.1253 -0.2896 0.9489
vn 0.0578 -0.3278 0.9430
vn 0.8669 0.4977 -0.0281
vn 0.8670 0.4981 -0.0154
vn -0.8239 -0.5655 -0.0384
vn -0.8670 -0.4975 0.0281
vn 0.7129 0.7012 -0.0008
vn 0.6259 0.7781 0.0536
vn -0.7273 -0.6862 0.0074
vn 0.5129 0.8581 0.0232
vn 0.4471 0.8944 0.0074
vn 0.4460 0.8923 0.0701
vn -0.4464 -0.8945 -0.0259
vn -0.5495 -0.8354 -0.0127
vn 0.3190 0.9471 0.0352
vn 0.3343 0.9399 0.0688
vn 0.0982 0.9943 0.0411
vn 0.0923 0.9949 0.0415
vn 0.1337 0.9895 0.0539
vn -0.0994 -0.9942 -0.0398
vn -0.1017 -0.9940 -0.0392
vn -0.1017 -0.9941 -0.0378
vn -0.4999 0.8659 0.0187
vn -0.1859 0.9825 0.0141
vn -0.0014 -0.9999 0.0107
vn -0.2047 -0.9788 0.0067
vn -0.5001 -0.8647 -0.0462
vn -0.9125 -0.3936 -0.1119
vn 0.2289 -0.7628 0.6047
vn 0.3969 -0.6880 0.6076
vn 0.9110 0.3930 0.1246
vn -0.9827 -0.1694 -0.0754
vn 0.0393 -0.6595 0.7507
vn 0.1905 -0.6346 0.7490
vn -0.0966 -0.5469 0.8316
vn 0.0346 -0.5803 0.8137
vn -0.9556 0.2906 -0.0486
vn -0.1253 -0.2897 0.9489
vn -0.0579 -0.3278 0.9430
vn 0.9565 -0.2876 0.0497
vn -0.8670 0.4980 -0.0154
vn -0.8671 0.4980 -0.0154
vn -0.8674 0.4967 -0.0281
vn -0.7758 0.6298 0.0370
vn -0.7129 0.7012 -0.0008
vn -0.7102 0.6985 0.0878
vn -0.6259 0.7781 0.0536
vn 0.7116 -0.7002 -0.0567
vn 0.7128 -0.7014 0.0047
vn 0.7273 -0.6863 0.0074
vn -0.5129 0.8581 0.0232
vn -0.4471 0.8944 0.0074
vn -0.4460 0.8923 0.0701
vn 0.4450 -0.8916 -0.0842
vn -0.3190 0.9471 0.0351
vn -0.3183 0.9473 0.0354
vn -0.3343 0.9399 0.0688
vn -0.0982 0.9943 0.0411
vn -0.0923 0.9949 0.0416
vn -0.1337 0.9895 0.0539
vn 0.0920 -0.9944 -0.0529
vn 0.0994 -0.9942 -0.0398
vn 0.1017 -0.9940 -0.0392
vn 0.4995 0.8661 0.0187
vn 0.1864 0.9824 0.0141
vn 0.0013 -0.9999 0.0107
vn 0.2044 -0.9789 0.0067
vn 0.4998 -0.8649 -0.0462
vn 0.7431 -0.6692 -0.0000
vn 0.4068 -0.9135 -0.0000
vn -0.4068 -0.9135 -0.0000
vn -0.7431 -0.6692 -0.0000
vn -0.1288 0.9681 0.2149
vn -0.1285 0.9681 0.2149
vn -0.1285 0.9682 0.2149
vn 0.1285 -0.9681 -0.2149
vn 0.1288 -0.9681 -0.2149
vn -0.3405 -0.2466 0.9073
vn -0.3403 -0.2466 0.9074
vn -0.3402 -0.2466 0.9074
vn 0.0499 0.9682 0.2453
vn 0.0499 0.9681 0.2454
vn -0.0499 -0.9682 -0.2453
vn 0.3603 -0.2466 0.8997
vn 0.9223 -0.3849 -0.0336
vn -0.2289 -0.7628 0.6047
vn -0.3967 -0.6882 0.6075
vn -0.9206 0.3836 0.0723
vn 0.9823 -0.1718 -0.0744
vn 0.9819 -0.1742 -0.0743
vn 0.9819 -0.1756 -0.0712
vn -0.0383 -0.6596 0.7506
vn 0.9960 0.0533 -0.0710
vn 0.0967 -0.5470 0.8315
vn -0.0337 -0.5801 0.8139
vn 0.1248 -0.2898 0.9489
vn 0.0578 -0.3280 0.9429
vn -0.8770 -0.4789 -0.0399
vn -0.9491 -0.3147 0.0076
vn 0.8657 0.4999 -0.0275
vn 0.8665 0.4989 -0.0157
vn -0.6237 -0.7768 -0.0876
vn -0.7008 -0.7134 0.0018
vn 0.5136 0.8577 0.0230
vn 0.5124 0.8586 0.0159
vn 0.5124 0.8585 0.0234
vn -0.4916 -0.8679 -0.0703
vn -0.4464 -0.8945 -0.0258
vn 0.3419 0.9393 0.0301
vn 0.3190 0.9471 0.0351
vn 0.3344 0.9399 0.0688
vn 0.0923 0.9949 0.0416
vn -0.1339 -0.9901 -0.0415
vn -0.0943 -0.9947 -0.0412
vn -0.5000 0.8658 0.0186
vn -0.1871 0.9822 0.0141
vn -0.4978 -0.8666 0.0349
vn -0.0012 -0.9999 0.0108
vn -0.2049 -0.9788 0.0067
vn -0.9224 -0.3849 -0.0336
vn -0.9207 -0.3837 -0.0708
vn 0.2289 -0.7628 0.6048
vn 0.3964 -0.6883 0.6075
vn -0.9819 -0.1742 -0.0743
vn -0.9819 -0.1756 -0.0712
vn 0.0382 -0.6596 0.7506
vn 0.9811 0.1702 0.0923
vn -0.9965 0.0462 -0.0700
vn -0.0967 -0.5471 0.8315
vn 0.0336 -0.5801 0.8139
vn -0.9556 0.2907 -0.0494
vn -0.0578 -0.3280 0.9429
vn -0.8665 0.4989 -0.0157
vn -0.8666 0.4987 -0.0157
vn -0.0001 -0.0002 1.0000
vn 0.8239 -0.5655 -0.0384
vn 0.6237 -0.7768 -0.0876
vn 0.7117 -0.7002 -0.0568
vn -0.5136 0.8577 0.0230
vn -0.5124 0.8586 0.0159
vn -0.5124 0.8585 0.0235
vn 0.4916 -0.8680 -0.0704
vn -0.3419 0.9393 0.0301
vn -0.3344 0.9399 0.0688
vn -0.0945 0.9947 0.0398
vn -0.0923 0.9949 0.0415
vn 0.1339 -0.9901 -0.0415
vn 0.4997 0.8660 0.0186
vn 0.1875 0.9822 0.0141
vn 0.4978 -0.8666 0.0349
vn 0.2053 -0.9787 0.0067
vn 0.4994 -0.8651 -0.0462
vn 0.2078 -0.9782 -0.0000
vn -0.2078 -0.9782 -0.0000
vn -0.1289 0.9681 0.2149
vn 0.1286 -0.9681 -0.2149
vn -0.0499 -0.9681 -0.2453
vn -0.0498 -0.9681 -0.2454
vn -0.0004 0.0001 1.0000
vn -0.0006 -0.0001 1.0000
vn -0.0000 -0.0002 1.0000
vn -0.0003 0.0002 1.0000
vn -0.0002 0.0003 1.0000
vn -0.0001 0.0003 1.0000
vn -0.0000 0.0003 1.0000
vn 0.0001 0.0003 1.0000
vn 0.0002 0.0003 1.0000
vn 0.0003 0.0002 1.0000
vn 0.0004 0.0001 1.0000
vn 0.0006 -0.0001 1.0000
vn 0.0010 -0.0003 1.0000
vn 0.0009 -0.0003 1.0000
vn 0.0007 -0.0004 1.0000
vn 0.0006 -0.0005 1.0000
vn 0.0004 -0.0006 1.0000
vn 0.0003 -0.0006 1.0000
vn 0.0001 -0.0007 1.0000
vn -0.0000 -0.0007 1.0000
vn -0.0001 -0.0007 1.0000
vn -0.0003 -0.0006 1.0000
vn -0.0004 -0.0006 1.0000
vn -0.0006 -0.0005 1.0000
vn -0.0007 -0.0004 1.0000
vn -0.0009 -0.0003 1.0000
vn -0.0010 -0.0003 1.0000
vn 0.9781 -0.2079 -0.0000
vn 0.9135 -0.4067 -0.0000
vn 0.8090 -0.5878 -0.0000
vn 0.6691 -0.7431 -0.0000
vn 0.5000 -0.8660 -0.0000
vn 0.3090 -0.9511 -0.0000
vn 0.1045 -0.9945 -0.0000
vn -0.1045 -0.9945 -0.0000
vn -0.3090 -0.9511 -0.0000
vn -0.5000 -0.8660 -0.0000
vn -0.6691 -0.7431 -0.0000
vn -0.8090 -0.5878 -0.0000
vn -0.9135 -0.4068 -0.0000
vn -0.9782 -0.2079 -0.0000
vn -0.9781 -0.2079 -0.0000
vn -0.9781 0.2079 -0.0000
vn -0.9782 0.2079 -0.0000
vn -0.9135 0.4068 -0.0000
vn -0.8090 0.5878 -0.0000
vn -0.6691 0.7431 -0.0000
vn -0.5000 0.8660 -0.0000
vn -0.3090 0.9511 -0.0000
vn -0.1045 0.9945 -0.0000
vn 0.1045 0.9945 -0.0000
vn 0.3090 0.9511 -0.0000
vn 0.5000 0.8660 -0.0000
vn 0.6691 0.7431 -0.0000
vn 0.8090 0.5878 -0.0000
vn 0.9135 0.4067 -0.0000
vn 0.9781 0.2079 -0.0000
vn -0.0001 -0.0004 -1.0000
vn -0.0000 -0.0004 -1.0000
vn 0.0001 -0.0004 -1.0000
vn 0.0006 -0.0007 -1.0000
vn 0.0009 -0.0006 -1.0000
vn 0.0006 -0.0006 -1.0000
vn 0.0003 -0.0007 -1.0000
vn 0.0001 -0.0007 -1.0000
vn -0.0001 -0.0007 -1.0000
vn -0.0003 -0.0007 -1.0000
vn -0.0006 -0.0006 -1.0000
vn -0.0009 -0.0006 -1.0000
vn -0.0006 -0.0007 -1.0000
vn 0.0001 0.0004 1.0000
vn -0.0000 0.0004 1.0000
vn -0.0001 0.0004 1.0000
vn -0.0006 0.0007 1.0000
vn -0.0009 0.0006 1.0000
vn -0.0006 0.0006 1.0000
vn -0.0003 0.0007 1.0000
vn -0.0001 0.0007 1.0000
vn 0.0001 0.0007 1.0000
vn 0.0003 0.0007 1.0000
vn 0.0006 0.0006 1.0000
vn 0.0013 0.0005 1.0000
vn 0.0006 0.0007 1.0000
vn 0.2575 -0.0837 -0.9626
vn 0.2575 -0.0836 -0.9626
vn 0.2191 -0.1591 -0.9626
vn 0.2191 -0.1592 -0.9626
vn 0.2191 -0.1590 -0.9627
vn 0.2191 -0.1589 -0.9627
vn 0.1591 -0.2190 -0.9627
vn 0.1591 -0.2189 -0.9627
vn 0.0836 -0.2574 -0.9627
vn 0.0837 -0.2574 -0.9627
vn -0.0000 -0.2707 -0.9627
vn -0.0001 -0.2707 -0.9627
vn -0.0837 -0.2575 -0.9626
vn -0.0836 -0.2575 -0.9626
vn -0.1591 -0.2190 -0.9627
vn -0.1591 -0.2191 -0.9627
vn -0.2190 -0.1591 -0.9627
vn -0.2575 -0.0837 -0.9627
vn -0.2708 -0.0007 -0.9626
vn -0.2706 -0.0008 -0.9627
vn -0.2574 0.0837 -0.9627
vn -0.2574 0.0836 -0.9627
vn -0.2574 0.0834 -0.9627
vn -0.2574 0.0839 -0.9627
vn -0.2191 0.1591 -0.9627
vn -0.2190 0.1591 -0.9627
vn -0.2191 0.1590 -0.9627
vn -0.1590 0.2189 -0.9627
vn -0.1591 0.2189 -0.9627
vn -0.1590 0.2191 -0.9627
vn -0.0836 0.2575 -0.9626
vn -0.0837 0.2575 -0.9626
vn -0.0000 0.2708 -0.9626
vn 0.0836 0.2575 -0.9626
vn 0.0837 0.2575 -0.9626
vn 0.0835 0.2575 -0.9627
vn 0.0834 0.2575 -0.9627
vn 0.1591 0.2190 -0.9627
vn 0.1592 0.2190 -0.9627
vn 0.2190 0.1591 -0.9627
vn 0.2191 0.1590 -0.9627
vn 0.2575 0.0837 -0.9627
vn 0.2574 0.0838 -0.9627
vn 0.2707 -0.0008 -0.9627
vn 0.2708 -0.0008 -0.9626
vn 0.0007 -0.0008 -1.0000
vn 0.0017 -0.0007 -1.0000
vn 0.0004 -0.0008 -1.0000
vn 0.0001 -0.0008 -1.0000
vn -0.0001 -0.0008 -1.0000
vn -0.0004 -0.0008 -1.0000
vn -0.0007 -0.0008 -1.0000
vn -0.0017 -0.0007 -1.0000
vn -0.0000 1.0000 -0.0001
vn -0.0000 1.0000 0.0001
vn 0.8660 -0.0000 -0.5000
vn -0.5000 -0.0000 -0.8660
vn 0.5000 -0.0000 0.8660
vn -0.0000 -1.0000 0.0001
vn -0.8660 -0.0000 -0.5000
vn 0.5000 -0.0000 -0.8660
vn -0.5000 -0.0000 0.8660
vn -0.0000 -1.0000 -0.0001
vn 0.0001 -0.0000 -1.0000
vn 0.0001 -0.0001 -1.0000
vn -0.0000 -0.0001 -1.0000
vn 0.8247 -0.0000 -0.5655
vn -0.8247 -0.0000 -0.5655
vn -0.9962 -0.0000 0.0871
vn -0.5499 -0.0000 0.8352
vn 0.0126 -0.0000 0.9999
vn -0.1612 -0.0000 -0.9869
vn -0.6866 -0.0000 -0.7270
vn 0.0872 -0.0000 0.9962
vn 0.0871 -0.0000 0.9962
vn 0.9962 -0.0000 -0.0872
vn -0.0872 -0.0000 -0.9962
vn -0.9962 -0.0000 0.0872
vn -0.0871 -0.0000 -0.9962
vn 0.2164 -0.0000 0.9763
vn 0.4617 -0.0000 0.8870
vn 0.6756 -0.0000 0.7373
vn 0.8434 -0.0000 0.5373
vn 0.9537 -0.0000 0.3007
vn 0.9991 -0.0000 0.0435
vn 0.9763 -0.0000 -0.2164
vn 0.8870 -0.0000 -0.4617
vn 0.7372 -0.0000 -0.6756
vn 0.7373 -0.0000 -0.6756
vn 0.5373 -0.0000 -0.8434
vn 0.3007 -0.0000 -0.9537
vn 0.0436 -0.0000 -0.9990
vn 0.5374 -0.0000 -0.8434
vn 0.9962 -0.0000 -0.0874
vn -0.9962 -0.0000 0.0874
vn -0.0870 -0.0000 -0.9962
vn -0.2734 0.9616 0.0240
vn 0.9962 -0.0028 -0.0871
vn 0.0005 -1.0000 0.0046
vn 0.0002 -1.0000 0.0061
vn 0.0010 -1.0000 0.0013
vn 0.0012 -1.0000 -0.0001
vn -0.0005 1.0000 -0.0045
vn -0.0012 1.0000 0.0001
vn -0.0009 1.0000 -0.0013
vn -0.0002 1.0000 -0.0061
vn -0.9966 -0.0000 0.0826
vn 0.0390 -0.0000 0.9992
vn -0.1735 -0.0000 0.9848
vn -0.3419 -0.0000 -0.9397
vn -0.1351 -0.0000 -0.9908
vn 0.9962 -0.0000 -0.0871
vn 0.2165 -0.0000 0.9763
vt 0.556000 0.205538
vt 0.545650 0.205538
vt 0.545650 0.195187
vt 0.556000 0.195187
vt 0.556778 0.205905
vt 0.544233 0.205905
vt 0.544233 0.193360
vt 0.556778 0.193360
vt 0.495537 0.291593
vt 0.488327 0.290499
vt 0.488327 0.283881
vt 0.495537 0.284974
vt 0.501951 0.138730
vt 0.524630 0.125734
vt 0.490954 0.127777
vt 0.524567 0.121438
vt 0.552241 0.128438
vt 0.552119 0.124456
vt 0.560858 0.129333
vt 0.554618 0.124515
vt 0.483413 0.211511
vt 0.528943 0.201384
vt 0.483353 0.201729
vt 0.528882 0.191602
vt 0.501957 0.142498
vt 0.535560 0.137820
vt 0.553811 0.137584
vt 0.565650 0.138335
vt 0.501895 0.146379
vt 0.535487 0.142687
vt 0.553740 0.142020
vt 0.568125 0.142837
vt 0.501770 0.150166
vt 0.535333 0.147294
vt 0.553572 0.146780
vt 0.569235 0.147029
vt 0.501588 0.153653
vt 0.535115 0.151502
vt 0.553320 0.151012
vt 0.568963 0.151021
vt 0.501359 0.156653
vt 0.534815 0.155200
vt 0.552998 0.155081
vt 0.568646 0.154342
vt 0.501095 0.159002
vt 0.534456 0.158148
vt 0.552624 0.157755
vt 0.568301 0.157064
vt 0.500811 0.160577
vt 0.534087 0.160067
vt 0.552243 0.159615
vt 0.567930 0.159084
vt 0.500520 0.161290
vt 0.533697 0.160954
vt 0.551841 0.160480
vt 0.567565 0.160068
vt 0.865225 0.298780
vt 0.867078 0.323986
vt 0.782247 0.323986
vt 0.859744 0.274677
vt 0.850878 0.252727
vt 0.839011 0.233891
vt 0.824662 0.218995
vt 0.808461 0.208686
vt 0.791113 0.203416
vt 0.773379 0.203416
vt 0.756033 0.208686
vt 0.739831 0.218995
vt 0.725483 0.233891
vt 0.713616 0.252727
vt 0.704748 0.274677
vt 0.699269 0.298780
vt 0.697414 0.323986
vt 0.699269 0.349192
vt 0.704748 0.373298
vt 0.713616 0.395245
vt 0.725483 0.414081
vt 0.739831 0.428977
vt 0.756033 0.439287
vt 0.773379 0.444557
vt 0.791113 0.444557
vt 0.808461 0.439287
vt 0.824662 0.428977
vt 0.839011 0.414081
vt 0.850878 0.395245
vt 0.859744 0.373295
vt 0.865225 0.349192
vt 0.523332 0.282746
vt 0.523452 0.284276
vt 0.522977 0.281283
vt 0.522404 0.279951
vt 0.521637 0.278807
vt 0.520709 0.277903
vt 0.519662 0.277277
vt 0.518540 0.276958
vt 0.517394 0.276958
vt 0.516272 0.277277
vt 0.515225 0.277903
vt 0.514297 0.278807
vt 0.513530 0.279951
vt 0.512956 0.281283
vt 0.512602 0.282746
vt 0.512482 0.284276
vt 0.512602 0.285806
vt 0.512956 0.287269
vt 0.513530 0.288601
vt 0.514297 0.289744
vt 0.515225 0.290648
vt 0.516272 0.291274
vt 0.517394 0.291594
vt 0.518540 0.291594
vt 0.519662 0.291274
vt 0.520709 0.290648
vt 0.521637 0.289744
vt 0.522404 0.288601
vt 0.522977 0.287269
vt 0.523332 0.285806
vt 0.517967 0.284276
vt 0.515258 0.284845
vt 0.515118 0.282841
vt 0.515673 0.286761
vt 0.516344 0.288507
vt 0.517241 0.290004
vt 0.518327 0.291188
vt 0.519553 0.292008
vt 0.520865 0.292427
vt 0.522207 0.292427
vt 0.523520 0.292008
vt 0.524746 0.291188
vt 0.525831 0.290004
vt 0.526729 0.288507
vt 0.527400 0.286761
vt 0.527815 0.284845
vt 0.527955 0.282841
vt 0.527815 0.280837
vt 0.527400 0.278921
vt 0.526729 0.277176
vt 0.525831 0.275678
vt 0.524746 0.274494
vt 0.523520 0.273674
vt 0.522207 0.273255
vt 0.520865 0.273255
vt 0.519553 0.273674
vt 0.518327 0.274494
vt 0.517241 0.275678
vt 0.516344 0.277176
vt 0.515673 0.278921
vt 0.515258 0.280837
vt 0.521536 0.282841
vt 0.556754 0.325107
vt 0.556512 0.332968
vt 0.541617 0.325107
vt 0.541374 0.332968
vt 0.976540 0.597083
vt 0.970386 0.556623
vt 0.869871 0.638279
vt 0.964563 0.536417
vt 0.956691 0.517612
vt 0.944774 0.497928
vt 0.931498 0.480663
vt 0.906040 0.461122
vt 0.874218 0.449884
vt 0.906028 0.461096
vt 0.931506 0.480611
vt 0.944777 0.497882
vt 0.956688 0.517617
vt 0.964564 0.536430
vt 0.970379 0.556610
vt 0.976536 0.597062
vt 0.973719 0.845377
vt 0.968236 0.871498
vt 0.962752 0.891386
vt 0.953504 0.912116
vt 0.938774 0.935493
vt 0.921302 0.952913
vt 0.899703 0.966688
vt 0.868866 0.973421
vt 0.899723 0.966676
vt 0.921277 0.952811
vt 0.938772 0.935576
vt 0.953481 0.912103
vt 0.962679 0.891028
vt 0.968428 0.871367
vt 0.973701 0.845380
vt 0.559114 0.194332
vt 0.559483 0.195438
vt 0.550357 0.199473
vt 0.558365 0.193286
vt 0.557271 0.192344
vt 0.555878 0.191549
vt 0.554247 0.190935
vt 0.552451 0.190529
vt 0.550566 0.190348
vt 0.548677 0.190400
vt 0.546864 0.190684
vt 0.545208 0.191186
vt 0.543781 0.191885
vt 0.542645 0.192750
vt 0.541850 0.193744
vt 0.541430 0.194823
vt 0.541233 0.203508
vt 0.541602 0.204614
vt 0.542351 0.205660
vt 0.543445 0.206601
vt 0.544838 0.207396
vt 0.546469 0.208011
vt 0.548265 0.208417
vt 0.550150 0.208598
vt 0.552039 0.208546
vt 0.553852 0.208262
vt 0.555508 0.207760
vt 0.556935 0.207061
vt 0.558071 0.206195
vt 0.558866 0.205202
vt 0.559285 0.204123
vt 0.553001 0.203116
vt 0.547186 0.203116
vt 0.547186 0.197300
vt 0.553001 0.197300
vt 0.202415 0.225824
vt 0.197193 0.225841
vt 0.197250 0.262457
vt 0.202470 0.260844
vt 0.205523 0.225814
vt 0.205577 0.260674
vt 0.205820 0.252621
vt 0.205829 0.258439
vt 0.210548 0.247696
vt 0.210564 0.258264
vt 0.215530 0.252590
vt 0.215538 0.258248
vt 0.118755 0.225982
vt 0.118811 0.262381
vt 0.113532 0.225999
vt 0.113589 0.262398
vt 0.108821 0.226014
vt 0.108878 0.262413
vt 0.105082 0.226026
vt 0.105139 0.262425
vt 0.102682 0.226034
vt 0.102739 0.262433
vt 0.101854 0.226037
vt 0.101911 0.262436
vt 0.179096 0.554785
vt 0.175481 0.570676
vt 0.212476 0.579056
vt 0.185980 0.541237
vt 0.195455 0.531407
vt 0.206615 0.526230
vt 0.218318 0.526240
vt 0.229488 0.531416
vt 0.237783 0.541244
vt 0.244661 0.554751
vt 0.248289 0.570683
vt 0.246610 0.832673
vt 0.242978 0.848567
vt 0.236077 0.862140
vt 0.227823 0.871919
vt 0.216651 0.877102
vt 0.204937 0.877102
vt 0.193788 0.871947
vt 0.184290 0.862094
vt 0.177414 0.848576
vt 0.173787 0.832666
vt 0.202205 0.571587
vt 0.201090 0.576483
vt 0.204325 0.567421
vt 0.207243 0.564396
vt 0.210672 0.562805
vt 0.214279 0.562805
vt 0.217709 0.564396
vt 0.220628 0.567421
vt 0.222747 0.571587
vt 0.223861 0.576483
vt 0.222176 0.826863
vt 0.221062 0.831760
vt 0.218942 0.835924
vt 0.216024 0.838950
vt 0.212594 0.840540
vt 0.208987 0.840540
vt 0.205558 0.838950
vt 0.202640 0.835924
vt 0.200519 0.831760
vt 0.199405 0.826863
vt 0.148490 0.275119
vt 0.148570 0.277747
vt 0.134070 0.277038
vt 0.134269 0.279630
vt 0.138559 0.282959
vt 0.144584 0.286698
vt 0.123160 0.280043
vt 0.122771 0.287993
vt 0.177597 0.277888
vt 0.177139 0.264627
vt 0.170685 0.278618
vt 0.170331 0.265282
vt 0.230478 0.335897
vt 0.229658 0.315136
vt 0.238026 0.335897
vt 0.237206 0.315136
vt 0.277908 0.261288
vt 0.277088 0.240528
vt 0.285456 0.261288
vt 0.284636 0.240528
vt 0.272418 0.321392
vt 0.271598 0.300631
vt 0.279966 0.321392
vt 0.279146 0.300631
vt 0.232528 0.324091
vt 0.231708 0.303330
vt 0.240076 0.324091
vt 0.239256 0.303330
vt 0.274468 0.309585
vt 0.273648 0.288825
vt 0.282016 0.309585
vt 0.281196 0.288825
vt 0.279958 0.249482
vt 0.279138 0.228722
vt 0.287506 0.249482
vt 0.286686 0.228722
vt 0.340596 0.297077
vt 0.340596 0.318961
vt 0.318712 0.297077
vt 0.318712 0.318961
vt 0.143805 0.511465
vt 0.142611 0.579892
vt 0.134871 0.511140
vt 0.133677 0.579567
vt 0.138137 0.543406
vt 0.142027 0.552484
vt 0.140629 0.564398
vt 0.135320 0.574451
vt 0.145048 0.543233
vt 0.141409 0.574798
vt 0.296047 0.317565
vt 0.267955 0.320765
vt 0.264755 0.292673
vt 0.292846 0.289473
vt 0.150909 0.278140
vt 0.150989 0.280768
vt 0.136489 0.280059
vt 0.136688 0.282651
vt 0.140978 0.285979
vt 0.147003 0.289718
vt 0.125579 0.283064
vt 0.125190 0.291014
vt 0.180016 0.280909
vt 0.179558 0.267647
vt 0.173104 0.281639
vt 0.172750 0.268303
vt 0.228982 0.331170
vt 0.228162 0.310409
vt 0.236530 0.331170
vt 0.235710 0.310409
vt 0.277716 0.302984
vt 0.288027 0.290022
vt 0.291030 0.293132
vt 0.293126 0.296914
vt 0.294172 0.301109
vt 0.294097 0.305432
vt 0.292905 0.309588
vt 0.290678 0.313294
vt 0.287568 0.316297
vt 0.283786 0.318393
vt 0.279591 0.319440
vt 0.275268 0.319364
vt 0.271112 0.318172
vt 0.267406 0.315945
vt 0.119859 0.248707
vt 0.134221 0.247476
vt 0.119876 0.259617
vt 0.134238 0.258385
vt 0.276412 0.256561
vt 0.275592 0.235801
vt 0.283960 0.256561
vt 0.283140 0.235801
vt 0.270922 0.316665
vt 0.270102 0.295904
vt 0.278470 0.316665
vt 0.277650 0.295904
vt 0.231032 0.319364
vt 0.230212 0.298603
vt 0.238580 0.319364
vt 0.237760 0.298603
vt 0.142720 0.241529
vt 0.157082 0.240298
vt 0.142737 0.252439
vt 0.157099 0.251207
vt 0.272972 0.304858
vt 0.272152 0.284098
vt 0.280520 0.304858
vt 0.279700 0.284098
vt 0.278462 0.244755
vt 0.277642 0.223995
vt 0.286010 0.244755
vt 0.285190 0.223995
vt 0.339100 0.292350
vt 0.339100 0.314234
vt 0.317216 0.292350
vt 0.317216 0.314234
vt 0.163199 0.260385
vt 0.148057 0.260434
vt 0.163149 0.228756
vt 0.148008 0.228805
vt 0.222173 0.250721
vt 0.211234 0.249435
vt 0.221999 0.226268
vt 0.211384 0.229796
vt 0.222526 0.251499
vt 0.210492 0.247118
vt 0.222133 0.225272
vt 0.210818 0.229727
vt 0.184373 0.332643
vt 0.175772 0.332643
vt 0.177772 0.335170
vt 0.182373 0.335170
vt 0.186573 0.301403
vt 0.173572 0.301403
vt 0.144005 0.266278
vt 0.112107 0.274172
vt 0.112250 0.252608
vt 0.143431 0.246292
vt 0.124195 0.265220
vt 0.145386 0.257700
vt 0.145143 0.244529
vt 0.124923 0.249380
vt 0.018936 0.272982
vt 0.019773 0.251806
vt 0.294551 0.312838
vt 0.266459 0.316038
vt 0.263259 0.287946
vt 0.291350 0.284746
vt 0.079372 0.266620
vt 0.030662 0.272296
vt 0.030606 0.251967
vt 0.079115 0.252254
vt 0.129185 0.283782
vt 0.158199 0.272399
vt 0.153228 0.272280
vt 0.153212 0.293283
vt 0.158183 0.293401
vt 0.153370 0.272420
vt 0.158041 0.293261
vt 0.297515 0.840225
vt 0.287030 0.838807
vt 0.287030 0.836510
vt 0.297515 0.837928
vt 0.307139 0.843572
vt 0.287661 0.845919
vt 0.287075 0.844417
vt 0.306553 0.842071
vt 0.131841 0.336518
vt 0.131841 0.230407
vt 0.114156 0.336518
vt 0.303500 0.841777
vt 0.289372 0.843619
vt 0.288310 0.842520
vt 0.302438 0.840679
vt 0.189318 0.280087
vt 0.198160 0.280087
vt 0.198160 0.279896
vt 0.189318 0.279896
vt 0.313905 0.841310
vt 0.289390 0.847255
vt 0.288812 0.843478
vt 0.313939 0.841335
vt 0.288847 0.843504
vt 0.289424 0.847281
vt 0.287021 0.838040
vt 0.287030 0.837570
vt 0.289379 0.847511
vt 0.298910 0.841789
vt 0.295272 0.842599
vt 0.290859 0.843336
vt 0.300951 0.840962
vt 0.136262 0.267621
vt 0.251216 0.267621
vt 0.300388 0.844937
vt 0.291368 0.845909
vt 0.292124 0.843695
vt 0.301144 0.842723
vt 0.255637 0.336518
vt 0.273322 0.336518
vt 0.255637 0.230407
vt 0.287256 0.831053
vt 0.297951 0.829684
vt 0.307901 0.828781
vt 0.316430 0.828404
vt 0.322954 0.828579
vt 0.327031 0.829295
vt 0.328382 0.830503
vt 0.326914 0.832120
vt 0.322729 0.834036
vt 0.316111 0.836120
vt 0.307511 0.838232
vt 0.286804 0.841966
vt 0.193739 0.336518
vt 0.306359 0.845131
vt 0.304264 0.846642
vt 0.300997 0.848001
vt 0.296782 0.849115
vt 0.291906 0.849910
vt 0.286700 0.850330
vt 0.281519 0.850347
vt 0.276718 0.849960
vt 0.272622 0.849196
vt 0.269511 0.848105
vt 0.267597 0.846763
s 1
usemtl main.015
f 5513/1008/1174 5514/1009/1174 5515/1010/1174
f 5515/1010/1175 5517/1011/1175 5513/1008/1175
f 5519/1008/1176 5520/1009/1176 5521/1010/1176
f 5521/1010/1177 5523/1011/1177 5519/1008/1177
f 5525/1008/1178 5526/1009/1178 5527/1010/1178
f 5527/1010/1179 5529/1011/1179 5525/1008/1179
f 5531/1008/1180 5532/1009/1180 5533/1010/1180
f 5533/1010/1181 5535/1011/1181 5531/1008/1181
f 5537/1008/1182 5538/1009/1182 5539/1010/1182
f 5539/1010/1183 5541/1011/1183 5537/1008/1183
f 5543/1008/1184 5544/1009/1185 5545/1010/1186
f 5545/1010/1186 5547/1011/1187 5543/1008/1184
f 5549/1008/1188 5550/1009/1189 5551/1010/1190
f 5551/1010/1190 5553/1011/1191 5549/1008/1188
f 5555/1008/1192 5556/1009/1193 5557/1010/1194
f 5557/1010/1194 5559/1011/1195 5555/1008/1192
f 5561/1008/1196 5562/1009/1197 5563/1010/1198
f 5563/1010/1198 5565/1011/1199 5561/1008/1196
f 5567/1008/1200 5568/1009/1201 5569/1010/1202
f 5569/1010/1202 5571/1011/1203 5567/1008/1200
f 5573/1008/1204 5574/1009/1204 5575/1010/1204
f 5575/1010/1204 5577/1011/1204 5573/1008/1204
f 5579/1008/1205 5580/1009/1205 5581/1010/1205
f 5581/1010/1205 5583/1011/1205 5579/1008/1205
f 5585/1008/1206 5586/1009/1206 5587/1010/1206
f 5587/1010/1206 5589/1011/1207 5585/1008/1206
f 5591/1008/1208 5592/1009/1208 5593/1010/1208
f 5593/1010/1208 5595/1011/1209 5591/1008/1208
f 5597/1008/1210 5598/1009/1210 5599/1010/1210
f 5599/1010/1210 5601/1011/1210 5597/1008/1210
f 5603/1008/1211 5604/1009/1211 5605/1010/1211
f 5605/1010/1211 5607/1011/1212 5603/1008/1211
f 5609/1008/1213 5610/1009/1213 5611/1010/1213
f 5611/1010/1214 5613/1011/1214 5609/1008/1214
f 5615/1008/1215 5616/1009/1216 5617/1010/1217
f 5617/1010/1217 5619/1011/1218 5615/1008/1215
f 5621/1008/1219 5622/1009/1220 5623/1010/1221
f 5623/1010/1221 5625/1011/1222 5621/1008/1219
f 5627/1008/1223 5628/1009/1224 5629/1010/1225
f 5629/1010/1225 5631/1011/1226 5627/1008/1223
f 5633/1008/1227 5634/1009/1228 5635/1010/1229
f 5635/1010/1229 5637/1011/1230 5633/1008/1227
f 5639/1008/1231 5640/1009/1232 5641/1010/1233
f 5641/1010/1233 5643/1011/1234 5639/1008/1231
f 5645/1008/1235 5646/1009/1236 5647/1010/1235
f 5647/1010/1235 5649/1011/1235 5645/1008/1235
f 5651/1008/1237 5652/1009/1238 5653/1010/1237
f 5653/1010/1237 5655/1011/1237 5651/1008/1237
f 5657/1008/1239 5658/1009/1239 5659/1010/1239
f 5659/1010/1239 5661/1011/1239 5657/1008/1239
f 5663/1008/1240 5664/1009/1240 5665/1010/1241
f 5665/1010/1241 5667/1011/1241 5663/1008/1240
f 5669/1008/1242 5670/1009/1243 5671/1010/1242
f 5671/1010/1242 5673/1011/1244 5669/1008/1242
f 5675/1008/1245 5676/1009/1245 5677/1010/1245
f 5677/1010/1245 5679/1011/1245 5675/1008/1245
f 5681/1008/1246 5682/1009/1247 5683/1010/1248
f 5683/1010/1248 5685/1011/1249 5681/1008/1246
f 5687/1008/1250 5688/1009/1250 5689/1010/1250
f 5689/1010/1251 5691/1011/1251 5687/1008/1251
f 5693/1008/1252 5694/1009/1252 5695/1010/1252
f 5695/1010/1253 5697/1011/1253 5693/1008/1253
f 5699/1008/1254 5700/1009/1254 5701/1010/1254
f 5701/1010/1255 5703/1011/1255 5699/1008/1255
f 5705/1008/1256 5706/1009/1257 5707/1010/1258
f 5707/1010/1258 5709/1011/1259 5705/1008/1256
f 5711/1008/1260 5712/1009/1261 5713/1010/1262
f 5713/1010/1262 5715/1011/1263 5711/1008/1260
f 5717/1008/1264 5718/1009/1265 5719/1010/1266
f 5719/1010/1266 5721/1011/1267 5717/1008/1264
f 5723/1008/1268 5724/1009/1268 5725/1010/1268
f 5725/1010/1269 5727/1011/1269 5723/1008/1269
f 5729/1008/1270 5730/1009/1270 5731/1010/1270
f 5731/1010/1271 5733/1011/1271 5729/1008/1271
f 5735/1008/1272 5736/1009/1272 5737/1010/1272
f 5737/1010/1273 5739/1011/1273 5735/1008/1273
f 5741/1008/1274 5742/1009/1275 5743/1010/1276
f 5743/1010/1276 5745/1011/1277 5741/1008/1274
f 5747/1008/1278 5748/1009/1278 5749/1010/1278
f 5749/1010/1279 5751/1011/1279 5747/1008/1279
f 5753/1012/1280 5754/1013/1280 5755/1014/1280
f 5755/1014/1280 5757/1015/1280 5753/1012/1280
f 5759/1012/1281 5760/1013/1281 5761/1014/1281
f 5761/1014/1281 5763/1015/1281 5759/1012/1281
f 5765/1012/1282 5766/1013/1282 5767/1014/1282
f 5767/1014/1282 5769/1015/1282 5765/1012/1282
f 5771/1012/1283 5772/1013/1283 5773/1014/1283
f 5773/1014/1283 5775/1015/1283 5771/1012/1283
f 5777/1016/1280 5778/1017/1280 5779/1018/1280
f 5779/1018/1280 5781/1019/1280 5777/1016/1280
f 5783/1016/1284 5784/1017/1284 5785/1018/1284
f 5785/1018/1284 5787/1019/1284 5783/1016/1284
f 5789/1016/1281 5790/1017/1281 5791/1018/1281
f 5791/1018/1281 5793/1019/1281 5789/1016/1281
f 5795/1016/1282 5796/1017/1282 5797/1018/1282
f 5797/1018/1282 5799/1019/1282 5795/1016/1282
f 5801/1012/1285 5802/1013/1285 5803/1014/1285
f 5803/1014/1285 5805/1015/1285 5801/1012/1285
f 5807/1012/1286 5808/1013/1286 5809/1014/1286
f 5808/1014/1287 5811/1015/1287 5809/1012/1287
f 5808/1012/1288 5814/1013/1288 5811/1014/1288
f 5814/1014/1289 5817/1015/1289 5811/1012/1289
f 5814/1012/1290 5820/1013/1290 5817/1014/1290
f 5820/1014/1291 5823/1015/1291 5817/1012/1291
f 5825/1012/1292 5826/1013/1292 5827/1014/1292
f 5826/1014/1293 5829/1015/1293 5827/1012/1293
f 5831/1012/1294 5832/1013/1294 5833/1014/1294
f 5832/1014/1295 5835/1015/1295 5833/1012/1295
f 5837/1012/1296 5838/1013/1296 5839/1014/1296
f 5838/1014/1297 5841/1015/1297 5839/1012/1297
f 5843/1012/1298 5844/1013/1298 5845/1014/1298
f 5844/1014/1299 5847/1015/1299 5845/1012/1299
f 5849/1012/1283 5850/1013/1283 5851/1014/1283
f 5850/1014/1283 5853/1015/1283 5851/1012/1283
f 5855/1012/1300 5856/1013/1301 5807/1014/1302
f 5856/1014/1301 5808/1015/1303 5807/1012/1302
f 5856/1012/1304 5862/1013/1305 5808/1014/1306
f 5862/1014/1305 5814/1015/1307 5808/1012/1306
f 5862/1012/1305 5868/1013/1308 5814/1014/1307
f 5868/1014/1309 5820/1015/1309 5814/1012/1309
f 5873/1012/1310 5874/1013/1310 5875/1014/1310
f 5874/1014/1311 5877/1015/1311 5875/1012/1311
f 5879/1012/1312 5880/1013/1312 5881/1014/1312
f 5880/1014/1313 5883/1015/1313 5881/1012/1313
f 5885/1012/1314 5886/1013/1315 5887/1014/1316
f 5886/1014/1315 5889/1015/1317 5887/1012/1316
f 5891/1012/1318 5892/1013/1319 5893/1014/1320
f 5892/1014/1319 5895/1015/1321 5893/1012/1320
f 5897/1012/1283 5898/1013/1283 5899/1014/1283
f 5898/1014/1283 5901/1015/1283 5899/1012/1283
f 5903/1012/1322 5904/1013/1323 5855/1014/1324
f 5904/1014/1323 5856/1015/1325 5855/1012/1324
f 5904/1012/1323 5910/1013/1326 5856/1014/1325
f 5910/1014/1327 5862/1015/1327 5856/1012/1327
f 5910/1012/1328 5916/1013/1328 5862/1014/1328
f 5916/1014/1329 5868/1015/1329 5862/1012/1329
f 5921/1012/1330 5922/1013/1330 5923/1014/1330
f 5922/1014/1331 5925/1015/1331 5923/1012/1331
f 5927/1012/1332 5928/1013/1332 5929/1014/1332
f 5928/1014/1333 5931/1015/1333 5929/1012/1333
f 5933/1012/1334 5934/1013/1334 5935/1014/1334
f 5934/1014/1335 5937/1015/1335 5935/1012/1335
f 5939/1012/1336 5940/1013/1337 5941/1014/1338
f 5940/1014/1337 5943/1015/1339 5941/1012/1338
f 5945/1012/1283 5946/1013/1283 5947/1014/1283
f 5946/1014/1283 5949/1015/1283 5947/1012/1283
f 5951/1012/1340 5952/1013/1341 5903/1014/1342
f 5952/1014/1341 5904/1015/1343 5903/1012/1342
f 5952/1012/1341 5958/1013/1344 5904/1014/1343
f 5958/1014/1345 5910/1015/1345 5904/1012/1345
f 5958/1012/1346 5964/1013/1346 5910/1014/1346
f 5964/1014/1347 5916/1015/1347 5910/1012/1347
f 5969/1016/1348 5970/1017/1348 5971/1018/1348
f 5970/1018/1349 5973/1019/1349 5971/1016/1349
f 5975/1016/1350 5976/1017/1350 5977/1018/1350
f 5976/1018/1351 5979/1019/1351 5977/1016/1351
f 5981/1016/1352 5982/1017/1352 5983/1018/1352
f 5982/1018/1353 5985/1019/1353 5983/1016/1353
f 5987/1016/1354 5988/1017/1355 5989/1018/1356
f 5988/1018/1355 5991/1019/1357 5989/1016/1356
f 5993/1016/1283 5994/1017/1283 5995/1018/1283
f 5994/1018/1283 5997/1019/1283 5995/1016/1283
f 5999/1020/1358 6000/1021/1359 5951/1022/1360
f 6000/1021/1359 5952/1023/1361 5951/1022/1360
f 6000/1021/1359 6006/1024/1362 5952/1023/1361
f 6006/1024/1363 5958/1025/1363 5952/1023/1363
f 6006/1024/1364 6012/1026/1364 5958/1025/1364
f 6012/1026/1365 5964/1027/1365 5958/1025/1365
f 6017/1028/1281 6018/1029/1281 6019/1030/1281
f 6018/1029/1281 6021/1031/1281 6019/1030/1281
f 6023/1028/1366 6024/1029/1366 6025/1030/1366
f 6024/1029/1367 6027/1031/1367 6025/1030/1367
f 6029/1028/1368 6030/1029/1368 6031/1030/1368
f 6030/1029/1369 6033/1031/1369 6031/1030/1369
f 6035/1028/1370 6036/1029/1371 6037/1030/1372
f 6036/1029/1371 6039/1031/1373 6037/1030/1372
f 6041/1028/1283 6042/1029/1283 6043/1030/1283
f 6042/1029/1283 6045/1031/1283 6043/1030/1283
f 6047/1032/1374 6048/1033/1374 5999/1020/1374
f 6048/1033/1375 6000/1021/1375 5999/1020/1375
f 6048/1033/1375 6054/1034/1376 6000/1021/1375
f 6054/1034/1377 6006/1024/1377 6000/1021/1377
f 6054/1034/1378 6060/1035/1378 6006/1024/1378
f 6060/1035/1379 6012/1026/1379 6006/1024/1379
f 6065/1028/1281 6066/1029/1281 6067/1030/1281
f 6066/1029/1281 6069/1031/1281 6067/1030/1281
f 6071/1028/1380 6072/1029/1380 6073/1030/1380
f 6072/1029/1381 6075/1031/1381 6073/1030/1381
f 6077/1028/1382 6078/1029/1382 6079/1030/1382
f 6078/1029/1383 6081/1031/1383 6079/1030/1383
f 6083/1028/1384 6084/1029/1384 6085/1030/1384
f 6084/1029/1385 6087/1031/1385 6085/1030/1385
f 6089/1028/1283 6090/1029/1283 6091/1030/1283
f 6090/1029/1283 6093/1031/1283 6091/1030/1283
f 6095/1036/1386 6096/1037/1386 6047/1032/1386
f 6096/1037/1387 6048/1033/1388 6047/1032/1389
f 6096/1037/1387 6102/1038/1390 6048/1033/1388
f 6102/1038/1391 6054/1034/1391 6048/1033/1391
f 6102/1038/1392 6108/1039/1392 6054/1034/1392
f 6108/1039/1393 6060/1035/1393 6054/1034/1393
f 6113/1028/1394 6114/1029/1394 6115/1030/1281
f 6114/1029/1394 6117/1031/1281 6115/1030/1281
f 6119/1028/1395 6120/1029/1395 6121/1030/1395
f 6120/1029/1396 6123/1031/1396 6121/1030/1396
f 6125/1028/1397 6126/1029/1397 6127/1030/1397
f 6126/1029/1398 6129/1031/1398 6127/1030/1398
f 6131/1028/1399 6132/1029/1399 6133/1030/1399
f 6132/1029/1400 6135/1031/1400 6133/1030/1400
f 6137/1028/1283 6138/1029/1283 6139/1030/1283
f 6138/1029/1283 6141/1031/1283 6139/1030/1283
f 6143/1040/1401 6144/1041/1401 6095/1036/1401
f 6144/1041/1402 6096/1037/1403 6095/1036/1404
f 6144/1041/1402 6150/1042/1405 6096/1037/1403
f 6150/1042/1406 6102/1038/1406 6096/1037/1406
f 6150/1042/1407 6156/1043/1407 6102/1038/1407
f 6156/1043/1408 6108/1039/1408 6102/1038/1408
f 6161/1028/1281 6162/1029/1281 6163/1030/1281
f 6162/1029/1281 6165/1031/1281 6163/1030/1281
f 6167/1028/1409 6168/1029/1409 6169/1030/1409
f 6168/1029/1410 6171/1031/1410 6169/1030/1410
f 6173/1028/1411 6174/1029/1411 6175/1030/1411
f 6174/1029/1412 6177/1031/1412 6175/1030/1412
f 6179/1028/1413 6180/1029/1413 6181/1030/1413
f 6180/1029/1414 6183/1031/1414 6181/1030/1414
f 6185/1028/1283 6186/1029/1283 6187/1030/1283
f 6186/1029/1283 6189/1031/1283 6187/1030/1283
f 6191/1044/1415 6192/1045/1415 6143/1040/1415
f 6192/1045/1416 6144/1041/1417 6143/1040/1418
f 6192/1045/1416 6198/1046/1419 6144/1041/1417
f 6198/1046/1419 6150/1042/1420 6144/1041/1417
f 6198/1046/1419 6204/1047/1421 6150/1042/1420
f 6204/1047/1422 6156/1043/1422 6150/1042/1422
f 6209/1028/1281 6210/1029/1281 6211/1030/1281
f 6210/1029/1281 6213/1031/1281 6211/1030/1281
f 6215/1028/1423 6216/1029/1423 6217/1030/1423
f 6216/1029/1424 6219/1031/1424 6217/1030/1424
f 6221/1028/1425 6222/1029/1426 6223/1030/1427
f 6222/1029/1426 6225/1031/1428 6223/1030/1427
f 6227/1028/1429 6228/1029/1429 6229/1030/1429
f 6228/1029/1430 6231/1031/1430 6229/1030/1430
f 6233/1028/1283 6234/1029/1283 6235/1030/1283
f 6234/1029/1283 6237/1031/1283 6235/1030/1283
f 6239/1048/1283 6240/1049/1283 6241/1044/1283
f 6240/1049/1283 6243/1045/1283 6241/1044/1283
f 6245/1049/1431 6246/1050/1431 6247/1045/1431
f 6248/1050/1432 6249/1046/1432 6247/1045/1432
f 6251/1050/1433 6252/1051/1433 6247/1046/1433
f 6254/1051/1434 6255/1047/1434 6247/1046/1434
f 6257/1028/1435 6258/1029/1435 6247/1030/1435
f 6260/1029/1436 6261/1031/1436 6247/1030/1436
f 6263/1028/1437 6264/1029/1437 6247/1030/1437
f 6266/1029/1438 6267/1031/1438 6247/1030/1438
f 6269/1028/1439 6270/1029/1439 6271/1030/1439
f 6272/1029/1440 6269/1031/1440 6271/1030/1440
f 6275/1028/1441 6269/1029/1441 6272/1030/1441
f 6278/1029/1442 6275/1031/1442 6272/1030/1442
f 6281/1028/1443 6275/1029/1443 6278/1030/1443
f 6284/1029/1444 6281/1031/1444 6278/1030/1444
f 6287/1052/1445 6288/1053/1445 6289/1048/1445
f 6290/1053/1446 6287/1049/1446 6289/1048/1446
f 6293/1053/1447 6294/1054/1447 6295/1049/1447
f 6296/1054/1448 6293/1050/1448 6295/1049/1448
f 6299/1054/1449 6300/1055/1449 6301/1050/1449
f 6302/1055/1450 6299/1051/1450 6301/1050/1450
f 6305/1028/1451 6306/1029/1451 6307/1030/1451
f 6308/1029/1452 6305/1031/1452 6307/1030/1452
f 6311/1028/1283 6312/1029/1283 6313/1030/1283
f 6314/1029/1283 6311/1031/1283 6313/1030/1283
f 6317/1028/1453 6318/1029/1453 6270/1030/1453
f 6269/1029/1454 6317/1031/1454 6270/1030/1454
f 6323/1028/1455 6317/1029/1456 6269/1030/1457
f 6275/1029/1458 6323/1031/1455 6269/1030/1457
f 6329/1028/1459 6323/1029/1455 6275/1030/1458
f 6281/1029/1460 6329/1031/1460 6275/1030/1460
f 6335/1056/1461 6336/1057/1461 6337/1052/1461
f 6338/1057/1462 6335/1053/1462 6337/1052/1462
f 6341/1057/1463 6342/1058/1463 6343/1053/1463
f 6344/1058/1464 6341/1054/1464 6343/1053/1464
f 6347/1058/1465 6348/1059/1466 6349/1054/1467
f 6350/1059/1468 6347/1055/1465 6349/1054/1467
f 6353/1028/1469 6354/1029/1470 6355/1030/1471
f 6356/1029/1472 6353/1031/1469 6355/1030/1471
f 6359/1028/1283 6360/1029/1283 6361/1030/1283
f 6362/1029/1283 6359/1031/1283 6361/1030/1283
f 6365/1028/1473 6366/1029/1473 6318/1030/1473
f 6317/1029/1474 6365/1031/1474 6318/1030/1475
f 6371/1028/1476 6365/1029/1474 6317/1030/1474
f 6323/1029/1477 6371/1031/1477 6317/1030/1477
f 6377/1028/1478 6371/1029/1478 6323/1030/1478
f 6329/1029/1479 6377/1031/1479 6323/1030/1479
f 6383/1060/1480 6384/1061/1480 6385/1056/1480
f 6386/1061/1481 6383/1057/1481 6385/1056/1481
f 6389/1061/1482 6390/1062/1482 6391/1057/1482
f 6392/1062/1483 6389/1058/1483 6391/1057/1483
f 6395/1062/1484 6396/1063/1484 6397/1058/1484
f 6398/1063/1485 6395/1059/1485 6397/1058/1485
f 6401/1028/1486 6402/1029/1487 6403/1030/1488
f 6404/1029/1489 6401/1031/1486 6403/1030/1488
f 6407/1028/1283 6408/1029/1283 6409/1030/1283
f 6410/1029/1283 6407/1031/1283 6409/1030/1283
f 6413/1028/1490 6414/1029/1490 6366/1030/1490
f 6365/1029/1491 6413/1031/1491 6366/1030/1492
f 6419/1028/1493 6413/1029/1491 6365/1030/1491
f 6371/1029/1494 6419/1031/1494 6365/1030/1494
f 6425/1028/1495 6419/1029/1495 6371/1030/1495
f 6377/1029/1496 6425/1031/1496 6371/1030/1496
f 6431/1028/1497 6432/1029/1497 6433/1030/1497
f 6434/1029/1498 6431/1031/1498 6433/1030/1498
f 6437/1031/1499 6438/1030/1499 6439/1029/1499
f 6440/1031/1500 6437/1030/1500 6439/1029/1500
f 6443/1031/1501 6444/1030/1501 6445/1029/1501
f 6446/1031/1502 6443/1030/1502 6445/1029/1502
f 6449/1031/1503 6450/1030/1504 6451/1029/1505
f 6452/1031/1506 6449/1030/1503 6451/1029/1505
f 6455/1031/1283 6456/1030/1283 6457/1029/1283
f 6458/1031/1283 6455/1030/1283 6457/1029/1283
f 6461/1021/1507 6462/1020/1507 6414/1022/1507
f 6413/1023/1508 6461/1021/1509 6414/1022/1510
f 6467/1024/1511 6461/1021/1509 6413/1023/1508
f 6419/1025/1512 6467/1024/1512 6413/1023/1512
f 6473/1026/1513 6467/1024/1513 6419/1025/1513
f 6425/1027/1514 6473/1026/1514 6419/1025/1514
f 6479/1029/1281 6480/1028/1281 6481/1030/1281
f 6482/1031/1281 6479/1029/1281 6481/1030/1281
f 6485/1029/1515 6486/1028/1515 6487/1030/1515
f 6488/1031/1516 6485/1029/1516 6487/1030/1516
f 6491/1029/1517 6492/1028/1517 6493/1030/1517
f 6494/1031/1518 6491/1029/1518 6493/1030/1518
f 6497/1029/1519 6498/1028/1520 6499/1030/1521
f 6500/1031/1522 6497/1029/1519 6499/1030/1521
f 6503/1029/1283 6504/1028/1283 6505/1030/1283
f 6506/1031/1283 6503/1029/1283 6505/1030/1283
f 6509/1033/1523 6510/1032/1523 6462/1020/1523
f 6461/1021/1524 6509/1033/1524 6462/1020/1524
f 6515/1034/1525 6509/1033/1524 6461/1021/1524
f 6467/1024/1526 6515/1034/1526 6461/1021/1526
f 6521/1035/1527 6515/1034/1527 6467/1024/1527
f 6473/1026/1528 6521/1035/1528 6467/1024/1528
f 6527/1029/1281 6528/1028/1281 6529/1030/1281
f 6530/1031/1281 6527/1029/1281 6529/1030/1281
f 6533/1029/1529 6534/1028/1529 6535/1030/1529
f 6536/1031/1530 6533/1029/1530 6535/1030/1530
f 6539/1029/1531 6540/1028/1531 6541/1030/1531
f 6542/1031/1532 6539/1029/1532 6541/1030/1532
f 6545/1029/1533 6546/1028/1533 6547/1030/1533
f 6548/1031/1534 6545/1029/1534 6547/1030/1534
f 6551/1029/1283 6552/1028/1283 6553/1030/1283
f 6554/1031/1283 6551/1029/1283 6553/1030/1283
f 6557/1037/1535 6558/1036/1535 6510/1032/1535
f 6509/1033/1536 6557/1037/1537 6510/1032/1538
f 6563/1038/1539 6557/1037/1537 6509/1033/1536
f 6515/1034/1540 6563/1038/1540 6509/1033/1540
f 6569/1039/1541 6563/1038/1541 6515/1034/1541
f 6521/1035/1542 6569/1039/1542 6515/1034/1542
f 6575/1029/1543 6576/1028/1543 6577/1030/1281
f 6578/1031/1281 6575/1029/1543 6577/1030/1281
f 6581/1029/1544 6582/1028/1544 6583/1030/1544
f 6584/1031/1545 6581/1029/1545 6583/1030/1545
f 6587/1029/1546 6588/1028/1546 6589/1030/1546
f 6590/1031/1547 6587/1029/1547 6589/1030/1547
f 6593/1029/1548 6594/1028/1548 6595/1030/1548
f 6596/1031/1549 6593/1029/1549 6595/1030/1549
f 6599/1029/1283 6600/1028/1283 6601/1030/1283
f 6602/1031/1283 6599/1029/1283 6601/1030/1283
f 6605/1041/1550 6606/1040/1550 6558/1036/1550
f 6557/1037/1551 6605/1041/1552 6558/1036/1553
f 6611/1042/1554 6605/1041/1552 6557/1037/1551
f 6563/1038/1555 6611/1042/1555 6557/1037/1555
f 6617/1043/1556 6611/1042/1556 6563/1038/1556
f 6569/1039/1557 6617/1043/1557 6563/1038/1557
f 6623/1029/1281 6624/1028/1281 6625/1030/1281
f 6626/1031/1281 6623/1029/1281 6625/1030/1281
f 6629/1029/1558 6630/1028/1558 6631/1030/1558
f 6632/1031/1559 6629/1029/1559 6631/1030/1559
f 6635/1029/1560 6636/1028/1560 6637/1030/1560
f 6638/1031/1561 6635/1029/1561 6637/1030/1561
f 6641/1029/1562 6642/1028/1562 6643/1030/1562
f 6644/1031/1563 6641/1029/1563 6643/1030/1563
f 6647/1029/1283 6648/1028/1283 6649/1030/1283
f 6650/1031/1283 6647/1029/1283 6649/1030/1283
f 6653/1045/1564 6654/1044/1564 6606/1040/1564
f 6605/1041/1565 6653/1045/1565 6606/1040/1565
f 6659/1046/1566 6653/1045/1567 6605/1041/1568
f 6611/1042/1569 6659/1046/1566 6605/1041/1568
f 6665/1047/1570 6659/1046/1566 6611/1042/1569
f 6617/1043/1571 6665/1047/1571 6611/1042/1571
f 6671/1029/1281 6672/1028/1281 6673/1030/1281
f 6674/1031/1281 6671/1029/1281 6673/1030/1281
f 6677/1029/1572 6678/1028/1572 6679/1030/1572
f 6680/1031/1573 6677/1029/1573 6679/1030/1573
f 6683/1029/1574 6684/1028/1575 6685/1030/1576
f 6686/1031/1577 6683/1029/1574 6685/1030/1576
f 6689/1029/1578 6690/1028/1578 6691/1030/1578
f 6692/1031/1579 6689/1029/1579 6691/1030/1579
f 6695/1029/1283 6696/1028/1283 6697/1030/1283
f 6698/1031/1283 6695/1029/1283 6697/1030/1283
f 6701/1049/1283 6702/1048/1283 6703/1044/1283
f 6704/1045/1283 6701/1049/1283 6703/1044/1283
f 6707/1050/1580 6708/1049/1580 6709/1045/1580
f 6710/1046/1581 6711/1050/1581 6709/1045/1581
f 6713/1051/1582 6714/1050/1582 6709/1046/1582
f 6716/1047/1583 6717/1051/1583 6709/1046/1583
f 6719/1029/1584 6720/1028/1584 6709/1030/1584
f 6722/1031/1585 6723/1029/1585 6709/1030/1585
f 6725/1029/1586 6726/1028/1586 6709/1030/1586
f 6728/1031/1587 6729/1029/1587 6709/1030/1587
f 6731/1064/1281 6732/1065/1281 6733/1066/1281
f 6734/1067/1281 6731/1064/1281 6733/1066/1281
f 6737/1068/1281 6734/1067/1281 6733/1066/1281
f 6740/1069/1281 6737/1068/1281 6733/1066/1281
f 6743/1070/1281 6740/1069/1281 6733/1066/1281
f 6746/1071/1281 6743/1070/1281 6733/1066/1281
f 6749/1072/1281 6746/1071/1281 6733/1066/1281
f 6752/1073/1281 6749/1072/1281 6733/1066/1281
f 6755/1074/1281 6752/1073/1281 6733/1066/1281
f 6758/1075/1281 6755/1074/1281 6733/1066/1281
f 6761/1076/1281 6758/1075/1281 6733/1066/1281
f 6764/1077/1281 6761/1076/1281 6733/1066/1281
f 6767/1078/1281 6764/1077/1281 6733/1066/1281
f 6770/1079/1281 6767/1078/1281 6733/1066/1281
f 6773/1080/1281 6770/1079/1281 6733/1066/1281
f 6776/1081/1281 6773/1080/1281 6733/1066/1281
f 6779/1082/1281 6776/1081/1281 6733/1066/1281
f 6782/1083/1281 6779/1082/1281 6733/1066/1281
f 6785/1084/1281 6782/1083/1281 6733/1066/1281
f 6788/1085/1281 6785/1084/1281 6733/1066/1281
f 6791/1086/1281 6788/1085/1281 6733/1066/1281
f 6794/1087/1281 6791/1086/1281 6733/1066/1281
f 6797/1088/1281 6794/1087/1281 6733/1066/1281
f 6800/1089/1281 6797/1088/1281 6733/1066/1281
f 6803/1090/1281 6800/1089/1281 6733/1066/1281
f 6806/1091/1281 6803/1090/1281 6733/1066/1281
f 6809/1092/1281 6806/1091/1281 6733/1066/1281
f 6812/1093/1281 6809/1092/1281 6733/1066/1281
f 6815/1094/1281 6812/1093/1281 6733/1066/1281
f 6732/1065/1281 6815/1094/1281 6733/1066/1281
f 6821/1095/1588 6822/1096/1588 6823/1096/1588
f 6824/1095/1588 6821/1095/1588 6823/1096/1588
f 6827/1097/1589 6821/1095/1589 6824/1095/1589
f 6830/1097/1589 6827/1097/1589 6824/1095/1589
f 6833/1098/1590 6827/1097/1590 6830/1097/1590
f 6836/1098/1590 6833/1098/1590 6830/1097/1590
f 6839/1099/1591 6833/1098/1591 6836/1098/1591
f 6842/1099/1591 6839/1099/1591 6836/1098/1591
f 6845/1100/1592 6839/1099/1592 6842/1099/1592
f 6848/1100/1592 6845/1100/1592 6842/1099/1592
f 6851/1101/1593 6845/1100/1593 6848/1100/1593
f 6854/1101/1593 6851/1101/1593 6848/1100/1593
f 6857/1102/1594 6851/1101/1594 6854/1101/1594
f 6860/1102/1594 6857/1102/1594 6854/1101/1594
f 6863/1103/1280 6857/1102/1280 6860/1102/1280
f 6866/1103/1280 6863/1103/1280 6860/1102/1280
f 6869/1104/1595 6863/1103/1595 6866/1103/1595
f 6872/1104/1595 6869/1104/1595 6866/1103/1595
f 6875/1105/1596 6869/1104/1596 6872/1104/1596
f 6878/1105/1596 6875/1105/1596 6872/1104/1596
f 6881/1106/1597 6875/1105/1597 6878/1105/1597
f 6884/1106/1597 6881/1106/1597 6878/1105/1597
f 6887/1107/1598 6881/1106/1598 6884/1106/1598
f 6890/1107/1598 6887/1107/1598 6884/1106/1598
f 6893/1108/1599 6887/1107/1599 6890/1107/1599
f 6896/1108/1599 6893/1108/1599 6890/1107/1599
f 6899/1109/1600 6893/1108/1600 6896/1108/1600
f 6902/1109/1600 6899/1109/1600 6896/1108/1600
f 6905/1110/1601 6899/1109/1601 6902/1109/1601
f 6908/1110/1601 6905/1110/1601 6902/1109/1601
f 6911/1111/1602 6905/1110/1602 6908/1110/1602
f 6914/1111/1602 6911/1111/1602 6908/1110/1602
f 6917/1112/1603 6911/1111/1603 6914/1111/1603
f 6920/1112/1603 6917/1112/1603 6914/1111/1603
f 6923/1113/1604 6917/1112/1604 6920/1112/1604
f 6926/1113/1604 6923/1113/1604 6920/1112/1604
f 6929/1114/1605 6923/1113/1605 6926/1113/1605
f 6932/1114/1605 6929/1114/1605 6926/1113/1605
f 6935/1115/1606 6929/1114/1606 6932/1114/1606
f 6938/1115/1606 6935/1115/1606 6932/1114/1606
f 6941/1116/1607 6935/1115/1607 6938/1115/1607
f 6944/1116/1607 6941/1116/1607 6938/1115/1607
f 6947/1117/1608 6941/1116/1608 6944/1116/1608
f 6950/1117/1608 6947/1117/1608 6944/1116/1608
f 6953/1118/1284 6947/1117/1284 6950/1117/1284
f 6956/1118/1284 6953/1118/1284 6950/1117/1284
f 6959/1119/1609 6953/1118/1609 6956/1118/1609
f 6962/1119/1609 6959/1119/1609 6956/1118/1609
f 6965/1120/1610 6959/1119/1610 6962/1119/1610
f 6968/1120/1610 6965/1120/1610 6962/1119/1610
f 6971/1121/1611 6965/1120/1611 6968/1120/1611
f 6974/1121/1611 6971/1121/1611 6968/1120/1611
f 6977/1122/1612 6971/1121/1612 6974/1121/1612
f 6980/1122/1612 6977/1122/1612 6974/1121/1612
f 6983/1123/1613 6977/1122/1613 6980/1122/1613
f 6986/1123/1613 6983/1123/1613 6980/1122/1613
f 6989/1124/1614 6983/1123/1614 6986/1123/1614
f 6992/1124/1614 6989/1124/1614 6986/1123/1614
f 6822/1096/1615 6989/1124/1615 6992/1124/1615
f 6823/1096/1615 6822/1096/1615 6992/1124/1615
f 7001/1096/1283 7002/1095/1283 7003/1125/1283
f 7002/1095/1283 7005/1097/1283 7003/1125/1283
f 7005/1097/1283 7008/1098/1283 7003/1125/1283
f 7008/1098/1283 7011/1099/1283 7003/1125/1283
f 7011/1099/1283 7014/1100/1283 7003/1125/1283
f 7014/1100/1283 7017/1101/1283 7003/1125/1283
f 7017/1101/1283 7020/1102/1283 7003/1125/1283
f 7020/1102/1283 7023/1103/1283 7003/1125/1283
f 7023/1103/1283 7026/1104/1283 7003/1125/1283
f 7026/1104/1283 7029/1105/1283 7003/1125/1283
f 7029/1105/1283 7032/1106/1283 7003/1125/1283
f 7032/1106/1283 7035/1107/1283 7003/1125/1283
f 7035/1107/1283 7038/1108/1283 7003/1125/1283
f 7038/1108/1283 7041/1109/1283 7003/1125/1283
f 7041/1109/1283 7044/1110/1283 7003/1125/1283
f 7044/1110/1283 7047/1111/1283 7003/1125/1283
f 7047/1111/1283 7050/1112/1283 7003/1125/1283
f 7050/1112/1283 7053/1113/1283 7003/1125/1283
f 7053/1113/1283 7056/1114/1283 7003/1125/1283
f 7056/1114/1283 7059/1115/1283 7003/1125/1283
f 7059/1115/1283 7062/1116/1283 7003/1125/1283
f 7062/1116/1283 7065/1117/1283 7003/1125/1283
f 7065/1117/1283 7068/1118/1283 7003/1125/1283
f 7068/1118/1283 7071/1119/1283 7003/1125/1283
f 7071/1119/1283 7074/1120/1283 7003/1125/1283
f 7074/1120/1283 7077/1121/1283 7003/1125/1283
f 7077/1121/1283 7080/1122/1283 7003/1125/1283
f 7080/1122/1283 7083/1123/1283 7003/1125/1283
f 7083/1123/1283 7086/1124/1283 7003/1125/1283
f 7086/1124/1283 7001/1096/1283 7003/1125/1283
f 7091/1029/1616 7092/1028/1616 7093/1030/1617
f 7094/1031/1617 7093/1029/1617 7092/1030/1616
f 7097/1029/1618 7098/1028/1618 7099/1030/1618
f 7100/1031/1618 7099/1029/1618 7098/1030/1618
f 7103/1029/1619 7104/1028/1620 7105/1030/1619
f 7106/1031/1621 7105/1029/1619 7104/1030/1620
f 7109/1053/1622 7110/1052/1622 7111/1048/1622
f 7112/1049/1622 7111/1053/1622 7110/1048/1622
f 7115/1054/1623 7116/1053/1623 7117/1049/1623
f 7118/1050/1623 7117/1054/1623 7116/1049/1623
f 7121/1055/1624 7122/1054/1624 7123/1050/1625
f 7124/1051/1625 7123/1055/1625 7122/1050/1624
f 7127/1029/1626 7128/1028/1627 7129/1030/1626
f 7130/1031/1627 7129/1029/1626 7128/1030/1627
f 7133/1029/1628 7134/1028/1629 7135/1030/1628
f 7136/1031/1630 7135/1029/1628 7134/1030/1629
f 7139/1029/1631 7140/1028/1631 7141/1030/1632
f 7142/1031/1632 7141/1029/1632 7140/1030/1631
f 7145/1029/1633 7146/1028/1633 7147/1030/1634
f 7148/1031/1634 7147/1029/1634 7146/1030/1633
f 7151/1029/1635 7152/1028/1635 7153/1030/1635
f 7152/1031/1287 7155/1029/1287 7153/1030/1287
f 7152/1057/1636 7158/1056/1636 7155/1052/1636
f 7158/1053/1289 7161/1057/1289 7155/1052/1289
f 7158/1058/1290 7164/1057/1290 7161/1053/1290
f 7164/1054/1291 7167/1058/1291 7161/1053/1291
f 7169/1059/1637 7170/1058/1637 7171/1054/1637
f 7170/1055/1638 7173/1059/1638 7171/1054/1638
f 7175/1029/1294 7176/1028/1294 7177/1030/1294
f 7176/1031/1295 7179/1029/1295 7177/1030/1295
f 7181/1029/1296 7182/1028/1296 7183/1030/1296
f 7182/1031/1297 7185/1029/1297 7183/1030/1297
f 7187/1029/1298 7188/1028/1298 7189/1030/1298
f 7188/1031/1639 7191/1029/1639 7189/1030/1639
f 7193/1029/1283 7194/1028/1283 7195/1030/1283
f 7194/1031/1283 7197/1029/1283 7195/1030/1283
f 7199/1029/1300 7200/1028/1301 7151/1030/1640
f 7200/1031/1301 7152/1029/1303 7151/1030/1640
f 7200/1061/1304 7206/1060/1305 7152/1056/1306
f 7206/1057/1305 7158/1061/1307 7152/1056/1306
f 7206/1062/1305 7212/1061/1308 7158/1057/1307
f 7212/1058/1309 7164/1062/1309 7158/1057/1309
f 7217/1063/1641 7218/1062/1641 7219/1058/1641
f 7218/1059/1642 7221/1063/1642 7219/1058/1642
f 7223/1029/1312 7224/1028/1312 7225/1030/1312
f 7224/1031/1313 7227/1029/1313 7225/1030/1313
f 7229/1029/1314 7230/1028/1643 7231/1030/1316
f 7230/1031/1643 7233/1029/1317 7231/1030/1316
f 7235/1029/1318 7236/1028/1644 7237/1030/1645
f 7236/1031/1644 7239/1029/1321 7237/1030/1645
f 7241/1029/1283 7242/1028/1283 7243/1030/1283
f 7242/1031/1283 7245/1029/1283 7243/1030/1283
f 7247/1029/1322 7248/1028/1323 7199/1030/1324
f 7248/1031/1323 7200/1029/1325 7199/1030/1324
f 7248/1029/1323 7254/1028/1326 7200/1030/1325
f 7254/1031/1327 7206/1029/1327 7200/1030/1327
f 7254/1030/1328 7260/1031/1328 7206/1029/1328
f 7260/1030/1646 7212/1031/1646 7206/1029/1646
f 7265/1030/1647 7266/1031/1647 7267/1029/1647
f 7266/1030/1648 7269/1031/1648 7267/1029/1648
f 7271/1030/1332 7272/1031/1332 7273/1029/1332
f 7272/1030/1333 7275/1031/1333 7273/1029/1333
f 7277/1030/1334 7278/1031/1334 7279/1029/1334
f 7278/1030/1335 7281/1031/1335 7279/1029/1335
f 7283/1126/1336 7284/1127/1337 7285/1127/1338
f 7284/1126/1337 7287/1126/1339 7285/1127/1338
f 7289/1128/1283 7290/1126/1283 7291/1126/1283
f 7290/1128/1283 7293/1128/1283 7291/1126/1283
f 7295/1129/1340 7296/1128/1649 7247/1128/1342
f 7296/1129/1649 7248/1129/1343 7247/1128/1342
f 7296/1130/1649 7302/1129/1344 7248/1129/1343
f 7302/1130/1345 7254/1130/1345 7248/1129/1345
f 7302/1131/1650 7308/1130/1650 7254/1130/1650
f 7308/1131/1347 7260/1131/1347 7254/1130/1347
f 7313/1132/1651 7314/1131/1651 7315/1131/1651
f 7314/1132/1652 7317/1132/1652 7315/1131/1652
f 7319/1133/1350 7320/1132/1350 7321/1132/1350
f 7320/1133/1351 7323/1133/1351 7321/1132/1351
f 7325/1134/1352 7326/1133/1352 7327/1133/1352
f 7326/1134/1353 7329/1134/1353 7327/1133/1353
f 7331/1135/1354 7332/1134/1355 7333/1134/1356
f 7332/1135/1355 7335/1135/1357 7333/1134/1356
f 7337/1136/1283 7338/1135/1283 7339/1135/1283
f 7338/1136/1283 7341/1136/1283 7339/1135/1283
f 7343/1137/1358 7344/1136/1359 7295/1136/1653
f 7344/1137/1359 7296/1137/1654 7295/1136/1653
f 7344/1138/1359 7350/1137/1362 7296/1137/1654
f 7350/1138/1363 7302/1138/1363 7296/1137/1363
f 7350/1139/1364 7356/1138/1364 7302/1138/1364
f 7356/1139/1365 7308/1139/1365 7302/1138/1365
f 7361/1140/1281 7362/1139/1281 7363/1139/1281
f 7362/1140/1281 7365/1140/1281 7363/1139/1281
f 7367/1141/1366 7368/1140/1366 7369/1140/1366
f 7368/1141/1655 7371/1141/1655 7369/1140/1655
f 7373/1142/1368 7374/1141/1368 7375/1141/1368
f 7374/1142/1369 7377/1142/1369 7375/1141/1369
f 7379/1143/1370 7380/1142/1656 7381/1142/1372
f 7380/1143/1656 7383/1143/1373 7381/1142/1372
f 7385/1144/1283 7386/1143/1283 7387/1143/1283
f 7386/1144/1283 7389/1144/1283 7387/1143/1283
f 7391/1145/1374 7392/1144/1374 7343/1144/1374
f 7392/1145/1375 7344/1145/1375 7343/1144/1375
f 7392/1146/1375 7398/1145/1376 7344/1145/1375
f 7398/1146/1657 7350/1146/1657 7344/1145/1657
f 7398/1147/1378 7404/1146/1378 7350/1146/1378
f 7404/1147/1658 7356/1147/1658 7350/1146/1658
f 7409/1148/1281 7410/1147/1281 7411/1147/1281
f 7410/1148/1281 7413/1148/1281 7411/1147/1281
f 7415/1149/1380 7416/1148/1380 7417/1148/1380
f 7416/1149/1381 7419/1149/1381 7417/1148/1381
f 7421/1150/1382 7422/1149/1382 7423/1149/1382
f 7422/1150/1383 7425/1150/1383 7423/1149/1383
f 7427/1151/1384 7428/1150/1384 7429/1150/1384
f 7428/1151/1659 7431/1151/1659 7429/1150/1659
f 7433/1152/1283 7434/1151/1283 7435/1151/1283
f 7434/1152/1283 7437/1152/1283 7435/1151/1283
f 7439/1153/1386 7440/1152/1386 7391/1152/1386
f 7440/1153/1387 7392/1153/1660 7391/1152/1389
f 7440/1154/1387 7446/1153/1390 7392/1153/1660
f 7446/1154/1661 7398/1154/1661 7392/1153/1661
f 7446/1155/1662 7452/1154/1662 7398/1154/1662
f 7452/1155/1393 7404/1155/1393 7398/1154/1393
f 7457/1127/1394 7458/1155/1394 7459/1155/1281
f 7458/1127/1394 7461/1127/1281 7459/1155/1281
f 7463/1127/1395 7464/1126/1395 7465/1156/1395
f 7464/1126/1396 7467/1128/1396 7465/1156/1396
f 7469/1128/1663 7470/1129/1663 7471/1156/1663
f 7470/1129/1398 7473/1130/1398 7471/1156/1398
f 7475/1130/1399 7476/1131/1399 7477/1156/1399
f 7476/1131/1664 7479/1132/1664 7477/1156/1664
f 7481/1132/1283 7482/1133/1283 7483/1156/1283
f 7482/1133/1283 7485/1134/1283 7483/1156/1283
f 7487/1134/1401 7488/1135/1401 7439/1156/1401
f 7488/1135/1402 7440/1136/1665 7439/1156/1404
f 7488/1136/1402 7494/1137/1405 7440/1156/1665
f 7494/1137/1406 7446/1138/1406 7440/1156/1406
f 7494/1138/1407 7500/1139/1407 7446/1156/1407
f 7500/1139/1666 7452/1140/1666 7446/1156/1666
f 7505/1140/1281 7506/1141/1281 7507/1156/1281
f 7506/1141/1281 7509/1142/1281 7507/1156/1281
f 7511/1142/1409 7512/1143/1409 7513/1156/1409
f 7512/1143/1410 7515/1144/1410 7513/1156/1410
f 7517/1144/1411 7518/1145/1411 7519/1156/1411
f 7518/1145/1412 7521/1146/1412 7519/1156/1412
f 7523/1146/1413 7524/1147/1413 7525/1156/1413
f 7524/1147/1414 7527/1148/1414 7525/1156/1414
f 7529/1148/1283 7530/1149/1283 7531/1156/1283
f 7530/1149/1283 7533/1150/1283 7531/1156/1283
f 7535/1150/1415 7536/1151/1415 7487/1156/1415
f 7536/1151/1416 7488/1152/1417 7487/1156/1418
f 7536/1152/1416 7542/1153/1667 7488/1156/1417
f 7542/1153/1667 7494/1154/1668 7488/1156/1417
f 7542/1154/1667 7548/1155/1421 7494/1156/1668
f 7548/1155/1669 7500/1127/1669 7494/1156/1669
f 7553/1157/1281 7554/1158/1281 7555/1159/1281
f 7554/1160/1281 7557/1159/1281 7555/1158/1281
f 7559/1157/1423 7560/1158/1423 7561/1159/1423
f 7560/1160/1424 7563/1159/1424 7561/1158/1424
f 7565/1157/1425 7566/1158/1426 7567/1159/1670
f 7566/1160/1426 7569/1159/1671 7567/1158/1670
f 7571/1157/1672 7572/1158/1672 7573/1159/1672
f 7572/1160/1430 7575/1159/1430 7573/1158/1430
f 7577/1157/1283 7578/1158/1283 7579/1159/1283
f 7578/1160/1283 7581/1159/1283 7579/1158/1283
f 7583/1157/1283 7584/1158/1283 7585/1159/1283
f 7584/1160/1283 7587/1159/1283 7585/1158/1283
f 7589/1157/1431 7590/1158/1431 7591/1159/1431
f 7592/1160/1673 7593/1159/1673 7591/1158/1673
f 7595/1157/1674 7596/1158/1674 7591/1159/1674
f 7598/1160/1434 7599/1159/1434 7591/1158/1434
f 7601/1157/1675 7602/1158/1675 7591/1159/1675
f 7604/1160/1676 7605/1159/1676 7591/1158/1676
f 7607/1157/1437 7608/1158/1437 7591/1159/1437
f 7610/1160/1677 7611/1159/1677 7591/1158/1677
f 7613/1020/1678 7614/1021/1678 7615/1022/1678
f 7616/1021/1440 7613/1023/1440 7615/1022/1440
f 7619/1021/1441 7613/1024/1441 7616/1023/1441
f 7622/1024/1442 7619/1025/1442 7616/1023/1442
f 7625/1024/1443 7619/1026/1443 7622/1025/1443
f 7628/1026/1444 7625/1027/1444 7622/1025/1444
f 7631/1028/1679 7632/1029/1679 7633/1030/1679
f 7634/1029/1680 7631/1031/1680 7633/1030/1680
f 7637/1028/1447 7638/1029/1447 7639/1030/1447
f 7640/1029/1448 7637/1031/1448 7639/1030/1448
f 7643/1028/1449 7644/1029/1449 7645/1030/1449
f 7646/1029/1450 7643/1031/1450 7645/1030/1450
f 7649/1028/1451 7650/1029/1451 7651/1030/1451
f 7652/1029/1681 7649/1031/1681 7651/1030/1681
f 7655/1028/1283 7656/1029/1283 7657/1030/1283
f 7658/1029/1283 7655/1031/1283 7657/1030/1283
f 7661/1032/1453 7662/1033/1453 7614/1020/1453
f 7613/1033/1454 7661/1021/1454 7614/1020/1454
f 7667/1033/1455 7661/1034/1682 7613/1021/1457
f 7619/1034/1458 7667/1024/1455 7613/1021/1457
f 7673/1034/1459 7667/1035/1455 7619/1024/1458
f 7625/1035/1460 7673/1026/1460 7619/1024/1460
f 7679/1028/1683 7680/1029/1683 7681/1030/1683
f 7682/1029/1684 7679/1031/1684 7681/1030/1684
f 7685/1028/1463 7686/1029/1463 7687/1030/1463
f 7688/1029/1464 7685/1031/1464 7687/1030/1464
f 7691/1028/1465 7692/1029/1466 7693/1030/1467
f 7694/1029/1468 7691/1031/1465 7693/1030/1467
f 7697/1028/1469 7698/1029/1470 7699/1030/1471
f 7700/1029/1472 7697/1031/1469 7699/1030/1471
f 7703/1028/1283 7704/1029/1283 7705/1030/1283
f 7706/1029/1283 7703/1031/1283 7705/1030/1283
f 7709/1036/1473 7710/1037/1473 7662/1032/1473
f 7661/1037/1474 7709/1033/1474 7662/1032/1475
f 7715/1037/1476 7709/1038/1474 7661/1033/1474
f 7667/1038/1477 7715/1034/1477 7661/1033/1477
f 7721/1038/1478 7715/1039/1478 7667/1034/1478
f 7673/1039/1479 7721/1035/1479 7667/1034/1479
f 7727/1028/1685 7728/1029/1685 7729/1030/1685
f 7730/1029/1686 7727/1031/1686 7729/1030/1686
f 7733/1028/1482 7734/1029/1482 7735/1030/1482
f 7736/1029/1483 7733/1031/1483 7735/1030/1483
f 7739/1028/1484 7740/1029/1484 7741/1030/1484
f 7742/1029/1485 7739/1031/1485 7741/1030/1485
f 7745/1028/1486 7746/1029/1487 7747/1030/1488
f 7748/1029/1489 7745/1031/1486 7747/1030/1488
f 7751/1028/1283 7752/1029/1283 7753/1030/1283
f 7754/1029/1283 7751/1031/1283 7753/1030/1283
f 7757/1040/1490 7758/1041/1490 7710/1036/1490
f 7709/1041/1687 7757/1037/1687 7710/1036/1492
f 7763/1041/1493 7757/1042/1687 7709/1037/1687
f 7715/1042/1494 7763/1038/1494 7709/1037/1494
f 7769/1042/1495 7763/1043/1495 7715/1038/1495
f 7721/1043/1496 7769/1039/1496 7715/1038/1496
f 7775/1028/1688 7776/1029/1688 7777/1030/1688
f 7778/1029/1689 7775/1031/1689 7777/1030/1689
f 7781/1028/1499 7782/1029/1499 7783/1030/1499
f 7784/1029/1500 7781/1031/1500 7783/1030/1500
f 7787/1028/1501 7788/1029/1501 7789/1030/1501
f 7790/1029/1502 7787/1031/1502 7789/1030/1502
f 7793/1028/1503 7794/1029/1504 7795/1030/1690
f 7796/1029/1506 7793/1031/1503 7795/1030/1690
f 7799/1028/1283 7800/1029/1283 7801/1030/1283
f 7802/1029/1283 7799/1031/1283 7801/1030/1283
f 7805/1044/1507 7806/1045/1507 7758/1040/1507
f 7757/1045/1691 7805/1041/1692 7758/1040/1693
f 7811/1045/1511 7805/1046/1692 7757/1041/1691
f 7763/1046/1512 7811/1042/1512 7757/1041/1512
f 7817/1046/1513 7811/1047/1513 7763/1042/1513
f 7769/1047/1694 7817/1043/1694 7763/1042/1694
f 7823/1028/1281 7824/1029/1281 7825/1030/1281
f 7826/1029/1281 7823/1031/1281 7825/1030/1281
f 7829/1028/1515 7830/1029/1515 7831/1030/1515
f 7832/1029/1516 7829/1031/1516 7831/1030/1516
f 7835/1028/1517 7836/1029/1517 7837/1030/1517
f 7838/1029/1518 7835/1031/1518 7837/1030/1518
f 7841/1028/1519 7842/1029/1520 7843/1030/1521
f 7844/1029/1522 7841/1031/1519 7843/1030/1521
f 7847/1028/1283 7848/1029/1283 7849/1030/1283
f 7850/1029/1283 7847/1031/1283 7849/1030/1283
f 7853/1048/1523 7854/1049/1523 7806/1044/1523
f 7805/1049/1524 7853/1045/1524 7806/1044/1524
f 7859/1049/1525 7853/1050/1524 7805/1045/1524
f 7811/1050/1695 7859/1046/1695 7805/1045/1695
f 7865/1050/1696 7859/1051/1696 7811/1046/1696
f 7817/1051/1697 7865/1047/1697 7811/1046/1697
f 7871/1028/1281 7872/1029/1281 7873/1030/1281
f 7874/1029/1281 7871/1031/1281 7873/1030/1281
f 7877/1028/1529 7878/1029/1529 7879/1030/1529
f 7880/1029/1698 7877/1031/1698 7879/1030/1698
f 7883/1028/1699 7884/1029/1699 7885/1030/1699
f 7886/1029/1532 7883/1031/1532 7885/1030/1532
f 7889/1028/1533 7890/1029/1533 7891/1030/1533
f 7892/1029/1700 7889/1031/1700 7891/1030/1700
f 7895/1028/1283 7896/1029/1283 7897/1030/1283
f 7898/1029/1283 7895/1031/1283 7897/1030/1283
f 7901/1052/1535 7902/1053/1535 7854/1048/1535
f 7853/1053/1701 7901/1049/1537 7854/1048/1538
f 7907/1053/1539 7901/1054/1537 7853/1049/1701
f 7859/1054/1702 7907/1050/1702 7853/1049/1702
f 7913/1054/1703 7907/1055/1703 7859/1050/1703
f 7865/1055/1542 7913/1051/1542 7859/1050/1542
f 7919/1028/1543 7920/1029/1543 7921/1030/1281
f 7922/1029/1281 7919/1031/1543 7921/1030/1281
f 7925/1028/1544 7926/1029/1544 7927/1030/1544
f 7928/1029/1704 7925/1031/1704 7927/1030/1704
f 7931/1028/1546 7932/1029/1546 7933/1030/1546
f 7934/1029/1547 7931/1031/1547 7933/1030/1547
f 7937/1028/1548 7938/1029/1548 7939/1030/1548
f 7940/1029/1549 7937/1031/1549 7939/1030/1549
f 7943/1028/1283 7944/1029/1283 7945/1030/1283
f 7946/1029/1283 7943/1031/1283 7945/1030/1283
f 7949/1056/1550 7950/1057/1550 7902/1052/1550
f 7901/1057/1705 7949/1053/1552 7902/1052/1553
f 7955/1057/1706 7949/1058/1552 7901/1053/1705
f 7907/1058/1555 7955/1054/1555 7901/1053/1555
f 7961/1058/1556 7955/1059/1556 7907/1054/1556
f 7913/1059/1707 7961/1055/1707 7907/1054/1707
f 7967/1028/1281 7968/1029/1281 7969/1030/1281
f 7970/1029/1281 7967/1031/1281 7969/1030/1281
f 7973/1028/1558 7974/1029/1558 7975/1030/1558
f 7976/1029/1559 7973/1031/1559 7975/1030/1559
f 7979/1028/1560 7980/1029/1560 7981/1030/1560
f 7982/1029/1561 7979/1031/1561 7981/1030/1561
f 7985/1028/1562 7986/1029/1562 7987/1030/1562
f 7988/1029/1563 7985/1031/1563 7987/1030/1563
f 7991/1028/1283 7992/1029/1283 7993/1030/1283
f 7994/1029/1283 7991/1031/1283 7993/1030/1283
f 7997/1060/1564 7998/1061/1564 7950/1056/1564
f 7949/1061/1565 7997/1057/1565 7950/1056/1565
f 8003/1061/1708 7997/1062/1567 7949/1057/1568
f 7955/1062/1709 8003/1058/1708 7949/1057/1568
f 8009/1062/1570 8003/1063/1708 7955/1058/1709
f 7961/1063/1710 8009/1059/1710 7955/1058/1710
f 8015/1028/1281 8016/1029/1281 8017/1030/1281
f 8018/1029/1281 8015/1031/1281 8017/1030/1281
f 8021/1028/1572 8022/1029/1572 8023/1030/1572
f 8024/1029/1711 8021/1031/1711 8023/1030/1711
f 8027/1028/1574 8028/1029/1575 8029/1030/1712
f 8030/1029/1713 8027/1031/1574 8029/1030/1712
f 8033/1028/1578 8034/1029/1578 8035/1030/1578
f 8036/1029/1579 8033/1031/1579 8035/1030/1579
f 8039/1028/1283 8040/1029/1283 8041/1030/1283
f 8042/1029/1283 8039/1031/1283 8041/1030/1283
f 8045/1028/1283 8046/1029/1283 8047/1030/1283
f 8048/1029/1283 8045/1031/1283 8047/1030/1283
f 8051/1031/1580 8052/1030/1580 8053/1029/1580
f 8054/1031/1714 8055/1030/1714 8053/1029/1714
f 8057/1031/1715 8058/1030/1715 8053/1029/1715
f 8060/1031/1583 8061/1030/1583 8053/1029/1583
f 8063/1031/1716 8064/1030/1716 8053/1029/1716
f 8066/1031/1717 8067/1030/1717 8053/1029/1717
f 8069/1031/1586 8070/1030/1586 8053/1029/1586
f 8072/1031/1718 8073/1030/1718 8053/1029/1718
f 8075/1064/1281 8076/1065/1281 8077/1066/1281
f 8078/1067/1281 8075/1064/1281 8077/1066/1281
f 8081/1068/1281 8078/1067/1281 8077/1066/1281
f 8084/1069/1281 8081/1068/1281 8077/1066/1281
f 8087/1070/1281 8084/1069/1281 8077/1066/1281
f 8090/1071/1281 8087/1070/1281 8077/1066/1281
f 8093/1072/1281 8090/1071/1281 8077/1066/1281
f 8096/1073/1281 8093/1072/1281 8077/1066/1281
f 8099/1074/1281 8096/1073/1281 8077/1066/1281
f 8102/1075/1281 8099/1074/1281 8077/1066/1281
f 8105/1076/1281 8102/1075/1281 8077/1066/1281
f 8108/1077/1281 8105/1076/1281 8077/1066/1281
f 8111/1078/1281 8108/1077/1281 8077/1066/1281
f 8114/1079/1281 8111/1078/1281 8077/1066/1281
f 8117/1080/1281 8114/1079/1281 8077/1066/1281
f 8120/1081/1281 8117/1080/1281 8077/1066/1281
f 8123/1082/1281 8120/1081/1281 8077/1066/1281
f 8126/1083/1281 8123/1082/1281 8077/1066/1281
f 8129/1084/1281 8126/1083/1281 8077/1066/1281
f 8132/1085/1281 8129/1084/1281 8077/1066/1281
f 8135/1086/1281 8132/1085/1281 8077/1066/1281
f 8138/1087/1281 8135/1086/1281 8077/1066/1281
f 8141/1088/1281 8138/1087/1281 8077/1066/1281
f 8144/1089/1281 8141/1088/1281 8077/1066/1281
f 8147/1090/1281 8144/1089/1281 8077/1066/1281
f 8150/1091/1281 8147/1090/1281 8077/1066/1281
f 8153/1092/1281 8150/1091/1281 8077/1066/1281
f 8156/1093/1281 8153/1092/1281 8077/1066/1281
f 8159/1094/1281 8156/1093/1281 8077/1066/1281
f 8076/1065/1281 8159/1094/1281 8077/1066/1281
f 8165/1095/1588 8166/1096/1588 8167/1096/1588
f 8168/1095/1588 8165/1095/1588 8167/1096/1588
f 8171/1097/1589 8165/1095/1589 8168/1095/1589
f 8174/1097/1589 8171/1097/1589 8168/1095/1589
f 8177/1098/1590 8171/1097/1590 8174/1097/1590
f 8180/1098/1590 8177/1098/1590 8174/1097/1590
f 8183/1099/1719 8177/1098/1719 8180/1098/1719
f 8186/1099/1719 8183/1099/1719 8180/1098/1719
f 8189/1100/1592 8183/1099/1592 8186/1099/1592
f 8192/1100/1592 8189/1100/1592 8186/1099/1592
f 8195/1101/1720 8189/1100/1720 8192/1100/1720
f 8198/1101/1720 8195/1101/1720 8192/1100/1720
f 8201/1102/1594 8195/1101/1594 8198/1101/1594
f 8204/1102/1594 8201/1102/1594 8198/1101/1594
f 8207/1103/1280 8201/1102/1280 8204/1102/1280
f 8210/1103/1280 8207/1103/1280 8204/1102/1280
f 8213/1104/1595 8207/1103/1595 8210/1103/1595
f 8216/1104/1595 8213/1104/1595 8210/1103/1595
f 8219/1105/1721 8213/1104/1721 8216/1104/1721
f 8222/1105/1721 8219/1105/1721 8216/1104/1721
f 8225/1106/1597 8219/1105/1597 8222/1105/1597
f 8228/1106/1597 8225/1106/1597 8222/1105/1597
f 8231/1107/1722 8225/1106/1722 8228/1106/1722
f 8234/1107/1722 8231/1107/1722 8228/1106/1722
f 8237/1108/1599 8231/1107/1599 8234/1107/1599
f 8240/1108/1599 8237/1108/1599 8234/1107/1599
f 8243/1109/1600 8237/1108/1600 8240/1108/1600
f 8246/1109/1600 8243/1109/1600 8240/1108/1600
f 8249/1110/1601 8243/1109/1601 8246/1109/1601
f 8252/1110/1601 8249/1110/1601 8246/1109/1601
f 8255/1111/1602 8249/1110/1602 8252/1110/1602
f 8258/1111/1602 8255/1111/1602 8252/1110/1602
f 8261/1112/1603 8255/1111/1603 8258/1111/1603
f 8264/1112/1603 8261/1112/1603 8258/1111/1603
f 8267/1113/1604 8261/1112/1604 8264/1112/1604
f 8270/1113/1604 8267/1113/1604 8264/1112/1604
f 8273/1114/1605 8267/1113/1605 8270/1113/1605
f 8276/1114/1605 8273/1114/1605 8270/1113/1605
f 8279/1115/1606 8273/1114/1606 8276/1114/1606
f 8282/1115/1606 8279/1115/1606 8276/1114/1606
f 8285/1116/1607 8279/1115/1607 8282/1115/1607
f 8288/1116/1607 8285/1116/1607 8282/1115/1607
f 8291/1117/1608 8285/1116/1608 8288/1116/1608
f 8294/1117/1608 8291/1117/1608 8288/1116/1608
f 8297/1118/1284 8291/1117/1284 8294/1117/1284
f 8300/1118/1284 8297/1118/1284 8294/1117/1284
f 8303/1119/1609 8297/1118/1609 8300/1118/1609
f 8306/1119/1609 8303/1119/1609 8300/1118/1609
f 8309/1120/1610 8303/1119/1610 8306/1119/1610
f 8312/1120/1610 8309/1120/1610 8306/1119/1610
f 8315/1121/1611 8309/1120/1611 8312/1120/1611
f 8318/1121/1611 8315/1121/1611 8312/1120/1611
f 8321/1122/1612 8315/1121/1612 8318/1121/1612
f 8324/1122/1612 8321/1122/1612 8318/1121/1612
f 8327/1123/1613 8321/1122/1613 8324/1122/1613
f 8330/1123/1613 8327/1123/1613 8324/1122/1613
f 8333/1124/1614 8327/1123/1614 8330/1123/1614
f 8336/1124/1614 8333/1124/1614 8330/1123/1614
f 8166/1096/1615 8333/1124/1615 8336/1124/1615
f 8167/1096/1615 8166/1096/1615 8336/1124/1615
f 8345/1096/1283 8346/1095/1283 8347/1125/1283
f 8346/1095/1283 8349/1097/1283 8347/1125/1283
f 8349/1097/1283 8352/1098/1283 8347/1125/1283
f 8352/1098/1283 8355/1099/1283 8347/1125/1283
f 8355/1099/1283 8358/1100/1283 8347/1125/1283
f 8358/1100/1283 8361/1101/1283 8347/1125/1283
f 8361/1101/1283 8364/1102/1283 8347/1125/1283
f 8364/1102/1283 8367/1103/1283 8347/1125/1283
f 8367/1103/1283 8370/1104/1283 8347/1125/1283
f 8370/1104/1283 8373/1105/1283 8347/1125/1283
f 8373/1105/1283 8376/1106/1283 8347/1125/1283
f 8376/1106/1283 8379/1107/1283 8347/1125/1283
f 8379/1107/1283 8382/1108/1283 8347/1125/1283
f 8382/1108/1283 8385/1109/1283 8347/1125/1283
f 8385/1109/1283 8388/1110/1283 8347/1125/1283
f 8388/1110/1283 8391/1111/1283 8347/1125/1283
f 8391/1111/1283 8394/1112/1283 8347/1125/1283
f 8394/1112/1283 8397/1113/1283 8347/1125/1283
f 8397/1113/1283 8400/1114/1283 8347/1125/1283
f 8400/1114/1283 8403/1115/1283 8347/1125/1283
f 8403/1115/1283 8406/1116/1283 8347/1125/1283
f 8406/1116/1283 8409/1117/1283 8347/1125/1283
f 8409/1117/1283 8412/1118/1283 8347/1125/1283
f 8412/1118/1283 8415/1119/1283 8347/1125/1283
f 8415/1119/1283 8418/1120/1283 8347/1125/1283
f 8418/1120/1283 8421/1121/1283 8347/1125/1283
f 8421/1121/1283 8424/1122/1283 8347/1125/1283
f 8424/1122/1283 8427/1123/1283 8347/1125/1283
f 8427/1123/1283 8430/1124/1283 8347/1125/1283
f 8430/1124/1283 8345/1096/1283 8347/1125/1283
f 8435/1021/1723 8436/1020/1724 8437/1022/1724
f 8438/1023/1725 8437/1021/1724 8436/1022/1724
f 8441/1024/1726 8442/1021/1726 8443/1023/1726
f 8444/1025/1727 8443/1024/1726 8442/1023/1726
f 8447/1026/1728 8448/1024/1729 8449/1025/1730
f 8450/1027/1729 8449/1026/1730 8448/1025/1729
f 8453/1029/1631 8454/1028/1631 8455/1030/1631
f 8456/1031/1631 8455/1029/1631 8454/1030/1631
f 8459/1029/1633 8460/1028/1633 8461/1030/1633
f 8462/1031/1633 8461/1029/1633 8460/1030/1633
f 8465/1029/1731 8466/1028/1731 8467/1030/1732
f 8468/1031/1732 8467/1029/1732 8466/1030/1731
f 8471/1029/1733 8472/1028/1733 8473/1030/1733
f 8474/1031/1733 8473/1029/1733 8472/1030/1733
f 8477/1029/1734 8478/1028/1734 8479/1030/1734
f 8480/1031/1734 8479/1029/1734 8478/1030/1734
f 8483/1033/1622 8484/1032/1622 8485/1020/1622
f 8486/1021/1622 8485/1033/1622 8484/1020/1622
f 8489/1034/1623 8490/1033/1623 8491/1021/1623
f 8492/1024/1623 8491/1034/1623 8490/1021/1623
f 8495/1035/1286 8496/1034/1286 8497/1024/1286
f 8496/1026/1287 8499/1035/1287 8497/1024/1287
f 8496/1029/1636 8502/1028/1636 8499/1030/1636
f 8502/1031/1735 8505/1029/1735 8499/1030/1735
f 8502/1029/1290 8508/1028/1290 8505/1030/1290
f 8508/1031/1291 8511/1029/1291 8505/1030/1291
f 8513/1029/1736 8514/1028/1736 8515/1030/1736
f 8514/1031/1737 8517/1029/1737 8515/1030/1737
f 8519/1029/1294 8520/1028/1294 8521/1030/1294
f 8520/1031/1295 8523/1029/1295 8521/1030/1295
f 8525/1029/1738 8526/1028/1738 8527/1030/1738
f 8526/1031/1297 8529/1029/1297 8527/1030/1297
f 8531/1037/1298 8532/1036/1298 8533/1032/1298
f 8532/1033/1299 8535/1037/1299 8533/1032/1299
f 8537/1038/1283 8538/1037/1283 8539/1033/1283
f 8538/1034/1283 8541/1038/1283 8539/1033/1283
f 8543/1039/1300 8544/1038/1301 8495/1034/1640
f 8544/1035/1301 8496/1039/1303 8495/1034/1640
f 8544/1029/1304 8550/1028/1739 8496/1030/1740
f 8550/1031/1739 8502/1029/1741 8496/1030/1740
f 8550/1029/1739 8556/1028/1308 8502/1030/1741
f 8556/1031/1309 8508/1029/1309 8502/1030/1309
f 8561/1029/1742 8562/1028/1742 8563/1030/1742
f 8562/1031/1642 8565/1029/1642 8563/1030/1642
f 8567/1029/1312 8568/1028/1312 8569/1030/1312
f 8568/1031/1313 8571/1029/1313 8569/1030/1313
f 8573/1029/1314 8574/1028/1315 8575/1030/1316
f 8574/1031/1315 8577/1029/1317 8575/1030/1316
f 8579/1041/1318 8580/1040/1319 8581/1036/1645
f 8580/1037/1319 8583/1041/1321 8581/1036/1645
f 8585/1042/1283 8586/1041/1283 8587/1037/1283
f 8586/1038/1283 8589/1042/1283 8587/1037/1283
f 8591/1043/1322 8592/1042/1743 8543/1038/1324
f 8592/1039/1743 8544/1043/1325 8543/1038/1324
f 8592/1029/1743 8598/1028/1326 8544/1030/1325
f 8598/1031/1327 8550/1029/1327 8544/1030/1327
f 8598/1029/1328 8604/1028/1328 8550/1030/1328
f 8604/1031/1329 8556/1029/1329 8550/1030/1329
f 8609/1029/1744 8610/1028/1744 8611/1030/1744
f 8610/1031/1745 8613/1029/1745 8611/1030/1745
f 8615/1029/1332 8616/1028/1332 8617/1030/1332
f 8616/1031/1333 8619/1029/1333 8617/1030/1333
f 8621/1029/1334 8622/1028/1334 8623/1030/1334
f 8622/1031/1335 8625/1029/1335 8623/1030/1335
f 8627/1045/1336 8628/1044/1337 8629/1040/1338
f 8628/1041/1337 8631/1045/1339 8629/1040/1338
f 8633/1046/1283 8634/1045/1283 8635/1041/1283
f 8634/1042/1283 8637/1046/1283 8635/1041/1283
f 8639/1047/1340 8640/1046/1649 8591/1042/1342
f 8640/1043/1649 8592/1047/1343 8591/1042/1342
f 8640/1029/1649 8646/1028/1344 8592/1030/1343
f 8646/1031/1345 8598/1029/1345 8592/1030/1345
f 8646/1029/1650 8652/1028/1650 8598/1030/1650
f 8652/1031/1347 8604/1029/1347 8598/1030/1347
f 8657/1029/1746 8658/1028/1746 8659/1030/1746
f 8658/1031/1747 8661/1029/1747 8659/1030/1747
f 8663/1029/1748 8664/1028/1748 8665/1030/1748
f 8664/1031/1749 8667/1029/1749 8665/1030/1749
f 8669/1029/1352 8670/1028/1352 8671/1030/1352
f 8670/1031/1353 8673/1029/1353 8671/1030/1353
f 8675/1049/1354 8676/1048/1355 8677/1044/1356
f 8676/1045/1355 8679/1049/1357 8677/1044/1356
f 8681/1050/1283 8682/1049/1283 8683/1045/1283
f 8682/1046/1283 8685/1050/1283 8683/1045/1283
f 8687/1051/1358 8688/1050/1750 8639/1046/1653
f 8688/1047/1750 8640/1051/1751 8639/1046/1653
f 8688/1029/1750 8694/1028/1362 8640/1030/1751
f 8694/1031/1363 8646/1029/1363 8640/1030/1363
f 8694/1029/1364 8700/1028/1364 8646/1030/1364
f 8700/1031/1365 8652/1029/1365 8646/1030/1365
f 8705/1029/1281 8706/1028/1281 8707/1030/1394
f 8706/1031/1281 8709/1029/1394 8707/1030/1394
f 8711/1029/1366 8712/1028/1366 8713/1030/1366
f 8712/1031/1655 8715/1029/1655 8713/1030/1655
f 8717/1029/1368 8718/1028/1368 8719/1030/1368
f 8718/1031/1369 8721/1029/1369 8719/1030/1369
f 8723/1053/1370 8724/1052/1371 8725/1048/1372
f 8724/1049/1371 8727/1053/1373 8725/1048/1372
f 8729/1054/1283 8730/1053/1283 8731/1049/1283
f 8730/1050/1283 8733/1054/1283 8731/1049/1283
f 8735/1055/1374 8736/1054/1374 8687/1050/1374
f 8736/1051/1375 8688/1055/1375 8687/1050/1375
f 8736/1029/1375 8742/1028/1376 8688/1030/1375
f 8742/1031/1377 8694/1029/1377 8688/1030/1377
f 8742/1029/1378 8748/1028/1378 8694/1030/1378
f 8748/1031/1658 8700/1029/1658 8694/1030/1658
f 8753/1029/1281 8754/1028/1281 8755/1030/1281
f 8754/1031/1281 8757/1029/1281 8755/1030/1281
f 8759/1029/1752 8760/1028/1752 8761/1030/1752
f 8760/1031/1381 8763/1029/1381 8761/1030/1381
f 8765/1029/1382 8766/1028/1382 8767/1030/1382
f 8766/1031/1383 8769/1029/1383 8767/1030/1383
f 8771/1057/1753 8772/1056/1753 8773/1052/1753
f 8772/1053/1659 8775/1057/1659 8773/1052/1659
f 8777/1058/1283 8778/1057/1283 8779/1053/1283
f 8778/1054/1283 8776/1058/1283 8779/1053/1283
f 8774/1059/1386 8770/1058/1386 8735/1054/1386
f 8770/1055/1387 8736/1059/1754 8735/1054/1755
f 8770/1029/1387 8768/1028/1756 8736/1030/1754
f 8768/1031/1391 8742/1029/1391 8736/1030/1391
f 8768/1029/1392 8764/1028/1392 8742/1030/1392
f 8764/1031/1393 8748/1029/1393 8742/1030/1393
f 8762/1029/1394 8758/1028/1394 8756/1030/1281
f 8758/1031/1394 8752/1029/1281 8756/1030/1281
f 8751/1029/1757 8750/1028/1757 8749/1030/1757
f 8750/1031/1396 8747/1029/1396 8749/1030/1396
f 8746/1029/1758 8745/1028/1758 8744/1030/1758
f 8745/1031/1398 8743/1029/1398 8744/1030/1398
f 8741/1061/1399 8740/1060/1399 8739/1056/1399
f 8740/1057/1664 8738/1061/1664 8739/1056/1664
f 8737/1062/1283 8734/1061/1283 8732/1057/1283
f 8734/1058/1283 8728/1062/1283 8732/1057/1283
f 8726/1063/1759 8722/1062/1759 8774/1058/1759
f 8722/1059/1402 8770/1063/1760 8774/1058/1404
f 8722/1029/1402 8720/1028/1405 8770/1030/1760
f 8720/1031/1406 8768/1029/1406 8770/1030/1406
f 8720/1029/1407 8716/1028/1407 8768/1030/1407
f 8716/1031/1761 8764/1029/1761 8768/1030/1761
f 8714/1029/1281 8710/1028/1281 8708/1030/1281
f 8710/1031/1281 8704/1029/1281 8708/1030/1281
f 8703/1029/1409 8702/1028/1409 8701/1030/1409
f 8702/1031/1410 8699/1029/1410 8701/1030/1410
f 8698/1029/1411 8697/1028/1411 8696/1030/1411
f 8697/1031/1412 8695/1029/1412 8696/1030/1412
f 8693/1029/1413 8692/1028/1413 8691/1030/1413
f 8692/1031/1414 8690/1029/1414 8691/1030/1414
f 8689/1030/1283 8686/1031/1283 8684/1029/1283
f 8686/1030/1283 8680/1031/1283 8684/1029/1283
f 8678/1030/1415 8674/1031/1415 8726/1029/1415
f 8674/1030/1416 8722/1031/1417 8726/1029/1418
f 8674/1030/1416 8672/1031/1667 8722/1029/1417
f 8672/1030/1667 8720/1031/1762 8722/1029/1417
f 8672/1030/1667 8668/1031/1421 8720/1029/1762
f 8668/1030/1422 8716/1031/1422 8720/1029/1422
f 8666/1126/1281 8662/1127/1281 8660/1127/1281
f 8662/1126/1281 8656/1126/1281 8660/1127/1281
f 8655/1128/1763 8654/1126/1763 8653/1126/1763
f 8654/1128/1424 8651/1128/1424 8653/1126/1424
f 8650/1129/1425 8649/1128/1764 8648/1128/1670
f 8649/1129/1764 8647/1129/1671 8648/1128/1670
f 8645/1130/1429 8644/1129/1429 8643/1129/1429
f 8644/1130/1430 8642/1130/1430 8643/1129/1430
f 8641/1131/1283 8638/1130/1283 8636/1130/1283
f 8638/1131/1283 8632/1131/1283 8636/1130/1283
f 8630/1132/1283 8626/1131/1283 8624/1131/1283
f 8626/1132/1283 8620/1132/1283 8624/1131/1283
f 8618/1133/1431 8614/1132/1431 8612/1132/1431
f 8608/1133/1765 8607/1133/1765 8612/1132/1765
f 8606/1134/1766 8605/1133/1766 8612/1133/1766
f 8603/1134/1767 8602/1134/1767 8612/1133/1767
f 8601/1135/1768 8600/1134/1768 8612/1134/1768
f 8599/1135/1769 8597/1135/1769 8612/1134/1769
f 8596/1136/1437 8595/1135/1437 8612/1135/1437
f 8594/1136/1438 8593/1136/1438 8612/1135/1438
f 8590/1137/1439 8588/1136/1439 8584/1136/1439
f 8582/1137/1440 8590/1137/1440 8584/1136/1440
f 8578/1138/1441 8590/1137/1441 8582/1137/1441
f 8576/1138/1770 8578/1138/1770 8582/1137/1770
f 8572/1139/1771 8578/1138/1771 8576/1138/1771
f 8570/1139/1444 8572/1139/1444 8576/1138/1444
f 8566/1140/1772 8564/1139/1772 8560/1139/1772
f 8559/1140/1773 8566/1140/1773 8560/1139/1773
f 8558/1141/1447 8557/1140/1447 8555/1140/1447
f 8554/1141/1448 8558/1141/1448 8555/1140/1448
f 8553/1142/1449 8552/1141/1449 8551/1141/1449
f 8549/1142/1450 8553/1142/1450 8551/1141/1450
f 8548/1143/1451 8547/1142/1451 8546/1142/1451
f 8545/1143/1452 8548/1143/1452 8546/1142/1452
f 8542/1144/1283 8540/1143/1283 8536/1143/1283
f 8534/1144/1283 8542/1144/1283 8536/1143/1283
f 8530/1145/1453 8528/1144/1453 8588/1144/1453
f 8590/1145/1454 8530/1145/1454 8588/1144/1454
f 8524/1146/1455 8530/1145/1682 8590/1145/1774
f 8578/1146/1775 8524/1146/1455 8590/1145/1774
f 8522/1147/1459 8524/1146/1455 8578/1146/1775
f 8572/1147/1460 8522/1147/1460 8578/1146/1460
f 8518/1148/1776 8516/1147/1776 8512/1147/1776
f 8510/1148/1684 8518/1148/1684 8512/1147/1684
f 8509/1149/1463 8507/1148/1463 8506/1148/1463
f 8504/1149/1464 8509/1149/1464 8506/1148/1464
f 8503/1150/1465 8501/1149/1466 8500/1149/1467
f 8498/1150/1468 8503/1150/1465 8500/1149/1467
f 8494/1151/1777 8493/1150/1470 8488/1150/1471
f 8487/1151/1472 8494/1151/1777 8488/1150/1471
f 8482/1152/1283 8481/1151/1283 8476/1151/1283
f 8475/1152/1283 8482/1152/1283 8476/1151/1283
f 8470/1153/1473 8469/1152/1473 8528/1152/1473
f 8530/1153/1778 8470/1153/1778 8528/1152/1475
f 8464/1154/1476 8470/1153/1778 8530/1153/1778
f 8524/1154/1477 8464/1154/1477 8530/1153/1477
f 8463/1155/1478 8464/1154/1478 8524/1154/1478
f 8522/1155/1479 8463/1155/1479 8524/1154/1479
f 8458/1127/1779 8457/1155/1779 8452/1155/1779
f 8451/1127/1780 8458/1127/1780 8452/1155/1780
f 8446/1127/1482 8445/1126/1482 8440/1156/1482
f 8439/1126/1483 8446/1128/1483 8440/1156/1483
f 8434/1128/1484 8433/1129/1484 8432/1156/1484
f 8431/1129/1485 8434/1130/1485 8432/1156/1485
f 8429/1130/1486 8428/1131/1487 8426/1156/1488
f 8425/1131/1489 8429/1132/1486 8426/1156/1488
f 8423/1132/1283 8422/1133/1283 8420/1156/1283
f 8419/1133/1283 8423/1134/1283 8420/1156/1283
f 8417/1134/1490 8416/1135/1490 8469/1156/1490
f 8470/1135/1491 8417/1136/1491 8469/1156/1781
f 8414/1136/1493 8417/1137/1491 8470/1156/1491
f 8464/1137/1494 8414/1138/1494 8470/1156/1494
f 8413/1138/1495 8414/1139/1495 8464/1156/1495
f 8463/1139/1496 8413/1140/1496 8464/1156/1496
f 8411/1140/1497 8410/1141/1497 8408/1156/1497
f 8407/1141/1782 8411/1142/1782 8408/1156/1782
f 8405/1142/1499 8404/1143/1499 8402/1156/1499
f 8401/1143/1500 8405/1144/1500 8402/1156/1500
f 8399/1144/1501 8398/1145/1501 8396/1156/1501
f 8395/1145/1502 8399/1146/1502 8396/1156/1502
f 8393/1146/1503 8392/1147/1504 8390/1156/1690
f 8389/1147/1506 8393/1148/1503 8390/1156/1690
f 8387/1148/1283 8386/1149/1283 8384/1156/1283
f 8383/1149/1283 8387/1150/1283 8384/1156/1283
f 8381/1150/1507 8380/1151/1507 8416/1156/1507
f 8417/1151/1783 8381/1152/1784 8416/1156/1510
f 8378/1152/1511 8381/1153/1784 8417/1156/1783
f 8414/1153/1512 8378/1154/1512 8417/1156/1512
f 8377/1154/1513 8378/1155/1513 8414/1156/1513
f 8413/1155/1514 8377/1127/1514 8414/1156/1514
f 8375/1157/1281 8374/1158/1281 8372/1159/1543
f 8371/1160/1785 8375/1159/1281 8372/1158/1543
f 8369/1157/1515 8368/1158/1515 8366/1159/1515
f 8365/1160/1786 8369/1159/1786 8366/1158/1786
f 8363/1157/1517 8362/1158/1517 8360/1159/1517
f 8359/1160/1518 8363/1159/1518 8360/1158/1518
f 8357/1157/1519 8356/1158/1520 8354/1159/1521
f 8353/1160/1522 8357/1159/1519 8354/1158/1521
f 8351/1157/1283 8350/1158/1283 8348/1159/1283
f 8344/1160/1283 8351/1159/1283 8348/1158/1283
f 8343/1157/1523 8342/1158/1523 8380/1159/1523
f 8381/1160/1524 8343/1159/1524 8380/1158/1524
f 8341/1157/1525 8343/1158/1524 8381/1159/1524
f 8378/1160/1526 8341/1159/1526 8381/1158/1526
f 8340/1157/1527 8341/1158/1527 8378/1159/1527
f 8377/1160/1697 8340/1159/1697 8378/1158/1697
f 8339/1157/1281 8338/1158/1281 8337/1159/1281
f 8335/1160/1281 8339/1159/1281 8337/1158/1281
f 8334/1157/1787 8332/1158/1787 8331/1159/1787
f 8329/1160/1788 8334/1159/1788 8331/1158/1788
f 8328/1020/1531 8326/1021/1531 8325/1022/1531
f 8323/1021/1532 8328/1023/1532 8325/1022/1532
f 8322/1021/1533 8320/1024/1533 8319/1023/1533
f 8317/1024/1700 8322/1025/1700 8319/1023/1700
f 8316/1024/1283 8314/1026/1283 8313/1025/1283
f 8311/1026/1283 8316/1027/1283 8313/1025/1283
f 8310/1028/1535 8308/1029/1535 8342/1030/1535
f 8343/1029/1789 8310/1031/1537 8342/1030/1790
f 8307/1028/1791 8310/1029/1537 8343/1030/1789
f 8341/1029/1540 8307/1031/1540 8343/1030/1540
f 8305/1028/1541 8307/1029/1541 8341/1030/1541
f 8340/1029/1542 8305/1031/1542 8341/1030/1542
f 8304/1028/1543 8302/1029/1543 8301/1030/1281
f 8299/1029/1281 8304/1031/1543 8301/1030/1281
f 8298/1028/1792 8296/1029/1792 8295/1030/1792
f 8293/1029/1704 8298/1031/1704 8295/1030/1704
f 8292/1032/1546 8290/1033/1546 8289/1020/1546
f 8287/1033/1547 8292/1021/1547 8289/1020/1547
f 8286/1033/1548 8284/1034/1548 8283/1021/1548
f 8281/1034/1549 8286/1024/1549 8283/1021/1549
f 8280/1034/1283 8278/1035/1283 8277/1024/1283
f 8275/1035/1283 8280/1026/1283 8277/1024/1283
f 8274/1028/1793 8272/1029/1793 8308/1030/1793
f 8310/1029/1705 8274/1031/1552 8308/1030/1553
f 8271/1028/1706 8274/1029/1552 8310/1030/1705
f 8307/1029/1555 8271/1031/1555 8310/1030/1555
f 8269/1028/1556 8271/1029/1556 8307/1030/1556
f 8305/1029/1794 8269/1031/1794 8307/1030/1794
f 8268/1028/1281 8266/1029/1281 8265/1030/1281
f 8263/1029/1281 8268/1031/1281 8265/1030/1281
f 8262/1028/1558 8260/1029/1558 8259/1030/1558
f 8257/1029/1559 8262/1031/1559 8259/1030/1559
f 8256/1036/1560 8254/1037/1560 8253/1032/1560
f 8251/1037/1561 8256/1033/1561 8253/1032/1561
f 8250/1037/1562 8248/1038/1562 8247/1033/1562
f 8245/1038/1563 8250/1034/1563 8247/1033/1563
f 8244/1038/1283 8242/1039/1283 8241/1034/1283
f 8239/1039/1283 8244/1035/1283 8241/1034/1283
f 8238/1028/1564 8236/1029/1564 8272/1030/1564
f 8274/1029/1565 8238/1031/1565 8272/1030/1565
f 8235/1028/1708 8238/1029/1567 8274/1030/1795
f 8271/1029/1796 8235/1031/1708 8274/1030/1795
f 8233/1028/1570 8235/1029/1708 8271/1030/1796
f 8269/1029/1571 8233/1031/1571 8271/1030/1571
f 8232/1028/1281 8230/1029/1281 8229/1030/1281
f 8227/1029/1281 8232/1031/1281 8229/1030/1281
f 8226/1028/1797 8224/1029/1797 8223/1030/1797
f 8221/1029/1711 8226/1031/1711 8223/1030/1711
f 8220/1040/1574 8218/1041/1575 8217/1036/1712
f 8215/1041/1713 8220/1037/1574 8217/1036/1712
f 8214/1041/1578 8212/1042/1578 8211/1037/1578
f 8209/1042/1579 8214/1038/1579 8211/1037/1579
f 8208/1042/1283 8206/1043/1283 8205/1038/1283
f 8203/1043/1283 8208/1039/1283 8205/1038/1283
f 8202/1028/1283 8200/1029/1283 8199/1030/1283
f 8197/1029/1283 8202/1031/1283 8199/1030/1283
f 8196/1028/1580 8194/1029/1580 8193/1030/1580
f 8191/1029/1798 8190/1031/1798 8193/1030/1798
f 8188/1028/1799 8187/1029/1799 8193/1030/1799
f 8185/1029/1800 8184/1031/1800 8193/1030/1800
f 8182/1028/1584 8181/1029/1584 8193/1030/1584
f 8179/1029/1801 8178/1031/1801 8193/1030/1801
f 8176/1028/1586 8175/1029/1586 8193/1030/1586
f 8173/1029/1802 8172/1031/1802 8193/1030/1802
f 8170/1064/1281 8169/1065/1281 8164/1066/1281
f 8163/1067/1281 8170/1064/1281 8164/1066/1281
f 8162/1068/1281 8163/1067/1281 8164/1066/1281
f 8161/1069/1281 8162/1068/1281 8164/1066/1281
f 8160/1070/1281 8161/1069/1281 8164/1066/1281
f 8158/1071/1281 8160/1070/1281 8164/1066/1281
f 8157/1072/1281 8158/1071/1281 8164/1066/1281
f 8155/1073/1281 8157/1072/1281 8164/1066/1281
f 8154/1074/1281 8155/1073/1281 8164/1066/1281
f 8152/1075/1281 8154/1074/1281 8164/1066/1281
f 8151/1076/1281 8152/1075/1281 8164/1066/1281
f 8149/1077/1281 8151/1076/1281 8164/1066/1281
f 8148/1078/1281 8149/1077/1281 8164/1066/1281
f 8146/1079/1281 8148/1078/1281 8164/1066/1281
f 8145/1080/1281 8146/1079/1281 8164/1066/1281
f 8143/1081/1281 8145/1080/1281 8164/1066/1281
f 8142/1082/1281 8143/1081/1281 8164/1066/1281
f 8140/1083/1281 8142/1082/1281 8164/1066/1281
f 8139/1084/1281 8140/1083/1281 8164/1066/1281
f 8137/1085/1281 8139/1084/1281 8164/1066/1281
f 8136/1086/1281 8137/1085/1281 8164/1066/1281
f 8134/1087/1281 8136/1086/1281 8164/1066/1281
f 8133/1088/1281 8134/1087/1281 8164/1066/1281
f 8131/1089/1281 8133/1088/1281 8164/1066/1281
f 8130/1090/1281 8131/1089/1281 8164/1066/1281
f 8128/1091/1281 8130/1090/1281 8164/1066/1281
f 8127/1092/1281 8128/1091/1281 8164/1066/1281
f 8125/1093/1281 8127/1092/1281 8164/1066/1281
f 8124/1094/1281 8125/1093/1281 8164/1066/1281
f 8169/1065/1281 8124/1094/1281 8164/1066/1281
f 8122/1095/1588 8121/1096/1588 8119/1096/1588
f 8118/1095/1588 8122/1095/1588 8119/1096/1588
f 8116/1097/1589 8122/1095/1589 8118/1095/1589
f 8115/1097/1589 8116/1097/1589 8118/1095/1589
f 8113/1098/1590 8116/1097/1590 8115/1097/1590
f 8112/1098/1590 8113/1098/1590 8115/1097/1590
f 8110/1099/1719 8113/1098/1719 8112/1098/1719
f 8109/1099/1719 8110/1099/1719 8112/1098/1719
f 8107/1100/1592 8110/1099/1592 8109/1099/1592
f 8106/1100/1592 8107/1100/1592 8109/1099/1592
f 8104/1101/1720 8107/1100/1720 8106/1100/1720
f 8103/1101/1720 8104/1101/1720 8106/1100/1720
f 8101/1102/1803 8104/1101/1803 8103/1101/1803
f 8100/1102/1803 8101/1102/1803 8103/1101/1803
f 8098/1103/1280 8101/1102/1280 8100/1102/1280
f 8097/1103/1280 8098/1103/1280 8100/1102/1280
f 8095/1104/1804 8098/1103/1804 8097/1103/1804
f 8094/1104/1804 8095/1104/1804 8097/1103/1804
f 8092/1105/1721 8095/1104/1721 8094/1104/1721
f 8091/1105/1721 8092/1105/1721 8094/1104/1721
f 8089/1106/1597 8092/1105/1597 8091/1105/1597
f 8088/1106/1597 8089/1106/1597 8091/1105/1597
f 8086/1107/1722 8089/1106/1722 8088/1106/1722
f 8085/1107/1722 8086/1107/1722 8088/1106/1722
f 8083/1108/1599 8086/1107/1599 8085/1107/1599
f 8082/1108/1599 8083/1108/1599 8085/1107/1599
f 8080/1109/1600 8083/1108/1600 8082/1108/1600
f 8079/1109/1600 8080/1109/1600 8082/1108/1600
f 8074/1110/1601 8080/1109/1601 8079/1109/1601
f 8071/1110/1601 8074/1110/1601 8079/1109/1601
f 8068/1111/1602 8074/1110/1602 8071/1110/1602
f 8065/1111/1602 8068/1111/1602 8071/1110/1602
f 8062/1112/1603 8068/1111/1603 8065/1111/1603
f 8059/1112/1603 8062/1112/1603 8065/1111/1603
f 8056/1113/1604 8062/1112/1604 8059/1112/1604
f 8050/1113/1604 8056/1113/1604 8059/1112/1604
f 8049/1114/1605 8056/1113/1605 8050/1113/1605
f 8044/1114/1605 8049/1114/1605 8050/1113/1605
f 8043/1115/1606 8049/1114/1606 8044/1114/1606
f 8038/1115/1606 8043/1115/1606 8044/1114/1606
f 8037/1116/1607 8043/1115/1607 8038/1115/1607
f 8032/1116/1607 8037/1116/1607 8038/1115/1607
f 8031/1117/1608 8037/1116/1608 8032/1116/1608
f 8026/1117/1608 8031/1117/1608 8032/1116/1608
f 8025/1118/1284 8031/1117/1284 8026/1117/1284
f 8020/1118/1284 8025/1118/1284 8026/1117/1284
f 8019/1119/1609 8025/1118/1609 8020/1118/1609
f 8014/1119/1609 8019/1119/1609 8020/1118/1609
f 8013/1120/1610 8019/1119/1610 8014/1119/1610
f 8012/1120/1610 8013/1120/1610 8014/1119/1610
f 8011/1121/1611 8013/1120/1611 8012/1120/1611
f 8010/1121/1611 8011/1121/1611 8012/1120/1611
f 8008/1122/1612 8011/1121/1612 8010/1121/1612
f 8007/1122/1612 8008/1122/1612 8010/1121/1612
f 8006/1123/1613 8008/1122/1613 8007/1122/1613
f 8005/1123/1613 8006/1123/1613 8007/1122/1613
f 8004/1124/1614 8006/1123/1614 8005/1123/1614
f 8002/1124/1614 8004/1124/1614 8005/1123/1614
f 8121/1096/1615 8004/1124/1615 8002/1124/1615
f 8119/1096/1615 8121/1096/1615 8002/1124/1615
f 8001/1096/1283 8000/1095/1283 7999/1125/1283
f 8000/1095/1283 7996/1097/1283 7999/1125/1283
f 7996/1097/1283 7995/1098/1283 7999/1125/1283
f 7995/1098/1283 7990/1099/1283 7999/1125/1283
f 7990/1099/1283 7989/1100/1283 7999/1125/1283
f 7989/1100/1283 7984/1101/1283 7999/1125/1283
f 7984/1101/1283 7983/1102/1283 7999/1125/1283
f 7983/1102/1283 7978/1103/1283 7999/1125/1283
f 7978/1103/1283 7977/1104/1283 7999/1125/1283
f 7977/1104/1283 7972/1105/1283 7999/1125/1283
f 7972/1105/1283 7971/1106/1283 7999/1125/1283
f 7971/1106/1283 7966/1107/1283 7999/1125/1283
f 7966/1107/1283 7965/1108/1283 7999/1125/1283
f 7965/1108/1283 7964/1109/1283 7999/1125/1283
f 7964/1109/1283 7963/1110/1283 7999/1125/1283
f 7963/1110/1283 7962/1111/1283 7999/1125/1283
f 7962/1111/1283 7960/1112/1283 7999/1125/1283
f 7960/1112/1283 7959/1113/1283 7999/1125/1283
f 7959/1113/1283 7958/1114/1283 7999/1125/1283
f 7958/1114/1283 7957/1115/1283 7999/1125/1283
f 7957/1115/1283 7956/1116/1283 7999/1125/1283
f 7956/1116/1283 7954/1117/1283 7999/1125/1283
f 7954/1117/1283 7953/1118/1283 7999/1125/1283
f 7953/1118/1283 7952/1119/1283 7999/1125/1283
f 7952/1119/1283 7951/1120/1283 7999/1125/1283
f 7951/1120/1283 7948/1121/1283 7999/1125/1283
f 7948/1121/1283 7947/1122/1283 7999/1125/1283
f 7947/1122/1283 7942/1123/1283 7999/1125/1283
f 7942/1123/1283 7941/1124/1283 7999/1125/1283
f 7941/1124/1283 8001/1096/1283 7999/1125/1283
f 7936/1044/1805 7935/1045/1724 7930/1040/1724
f 7929/1045/1725 7930/1041/1724 7935/1040/1724
f 7924/1045/1726 7923/1046/1806 7918/1041/1726
f 7917/1046/1806 7918/1042/1726 7923/1041/1806
f 7916/1046/1730 7915/1047/1730 7914/1042/1730
f 7912/1047/1730 7914/1043/1730 7915/1042/1730
f 7911/1028/1631 7910/1029/1631 7909/1030/1632
f 7908/1029/1632 7909/1031/1632 7910/1030/1631
f 7906/1028/1633 7905/1029/1633 7904/1030/1633
f 7903/1029/1633 7904/1031/1633 7905/1030/1633
f 7900/1028/1731 7899/1029/1731 7894/1030/1732
f 7893/1029/1732 7894/1031/1732 7899/1030/1731
f 7888/1028/1807 7887/1029/1808 7882/1030/1807
f 7881/1029/1808 7882/1031/1807 7887/1030/1808
f 7876/1028/1734 7875/1029/1734 7870/1030/1734
f 7869/1029/1734 7870/1031/1734 7875/1030/1734
f 7868/1048/1622 7867/1049/1622 7866/1044/1622
f 7864/1049/1622 7866/1045/1622 7867/1044/1622
f 7863/1049/1623 7862/1050/1623 7861/1045/1623
f 7860/1050/1623 7861/1046/1623 7862/1045/1623
f 7858/1161/1283 7857/1162/1283 7856/1163/1283
f 7857/1162/1283 7855/1164/1283 7856/1163/1283
f 7855/1164/1283 7852/1165/1283 7856/1163/1283
f 7852/1165/1283 7851/1166/1283 7856/1163/1283
f 7851/1166/1283 7846/1167/1283 7856/1163/1283
f 7846/1167/1283 7845/1168/1283 7856/1163/1283
f 7845/1168/1283 7840/1169/1283 7856/1163/1283
f 7840/1169/1283 7839/1170/1283 7856/1163/1283
f 7839/1170/1283 7834/1171/1283 7856/1163/1283
f 7834/1171/1283 7833/1172/1283 7856/1163/1283
f 7833/1172/1283 7828/1173/1283 7856/1163/1283
f 7828/1173/1283 7827/1174/1283 7856/1163/1283
f 7827/1174/1283 7822/1175/1283 7856/1163/1283
f 7822/1175/1283 7821/1176/1283 7856/1163/1283
f 7821/1176/1283 7820/1177/1283 7856/1163/1283
f 7820/1177/1283 7819/1178/1283 7856/1163/1283
f 7819/1178/1283 7818/1179/1283 7856/1163/1283
f 7818/1179/1283 7816/1180/1283 7856/1163/1283
f 7816/1180/1283 7815/1181/1283 7856/1163/1283
f 7815/1181/1283 7814/1182/1283 7856/1163/1283
f 7814/1182/1283 7813/1183/1283 7856/1163/1283
f 7813/1183/1283 7812/1184/1283 7856/1163/1283
f 7812/1184/1283 7810/1185/1283 7856/1163/1283
f 7810/1185/1283 7809/1186/1283 7856/1163/1283
f 7809/1186/1283 7808/1187/1283 7856/1163/1283
f 7808/1187/1283 7807/1188/1283 7856/1163/1283
f 7807/1188/1283 7804/1189/1283 7856/1163/1283
f 7804/1189/1283 7803/1190/1283 7856/1163/1283
f 7803/1190/1283 7798/1191/1283 7856/1163/1283
f 7798/1191/1283 7858/1161/1283 7856/1163/1283
f 7797/1192/1809 7792/1193/1810 7791/1194/1811
f 7786/1195/1812 7797/1192/1809 7791/1194/1811
f 7785/1196/1812 7786/1195/1812 7791/1194/1811
f 7780/1197/1813 7785/1196/1812 7791/1194/1811
f 7779/1198/1814 7780/1197/1813 7791/1194/1811
f 7774/1199/1814 7779/1198/1814 7791/1194/1811
f 7773/1200/1815 7774/1199/1814 7791/1194/1811
f 7772/1201/1816 7773/1200/1815 7791/1194/1811
f 7771/1202/1816 7772/1201/1816 7791/1194/1811
f 7770/1203/1817 7771/1202/1816 7791/1194/1811
f 7768/1204/1818 7770/1203/1817 7791/1194/1811
f 7767/1205/1818 7768/1204/1818 7791/1194/1811
f 7766/1206/1819 7767/1205/1818 7791/1194/1811
f 7765/1207/1820 7766/1206/1819 7791/1194/1811
f 7764/1208/1821 7765/1207/1820 7791/1194/1811
f 7762/1209/1822 7764/1208/1821 7791/1194/1811
f 7761/1210/1823 7762/1209/1822 7791/1194/1811
f 7760/1211/1824 7761/1210/1823 7791/1194/1811
f 7759/1212/1825 7760/1211/1824 7791/1194/1811
f 7756/1213/1826 7759/1212/1825 7791/1194/1811
f 7755/1214/1827 7756/1213/1826 7791/1194/1811
f 7750/1215/1828 7755/1214/1827 7791/1194/1811
f 7749/1216/1829 7750/1215/1828 7791/1194/1811
f 7744/1217/1830 7749/1216/1829 7791/1194/1811
f 7743/1218/1831 7744/1217/1830 7791/1194/1811
f 7738/1219/1832 7743/1218/1831 7791/1194/1811
f 7737/1220/1833 7738/1219/1832 7791/1194/1811
f 7732/1221/1834 7737/1220/1833 7791/1194/1811
f 7731/1222/1835 7732/1221/1834 7791/1194/1811
f 7792/1193/1810 7731/1222/1835 7791/1194/1811
f 7726/1223/1836 7725/1224/1836 7724/1225/1836
f 7723/1226/1836 7726/1223/1836 7724/1225/1836
f 7722/1223/1837 7720/1224/1837 7719/1225/1837
f 7718/1226/1837 7722/1223/1837 7719/1225/1837
f 7717/1223/1838 7716/1224/1838 7714/1225/1838
f 7713/1226/1838 7717/1223/1838 7714/1225/1838
f 7712/1223/1839 7711/1224/1839 7708/1225/1839
f 7707/1226/1839 7712/1223/1839 7708/1225/1839
f 7702/1223/1840 7701/1224/1840 7696/1225/1840
f 7695/1226/1840 7702/1223/1840 7696/1225/1840
f 7690/1223/1841 7689/1224/1841 7684/1225/1841
f 7683/1226/1841 7690/1223/1841 7684/1225/1841
f 7678/1223/1842 7677/1224/1842 7676/1225/1842
f 7675/1226/1842 7678/1223/1842 7676/1225/1842
f 7674/1223/1843 7672/1224/1843 7671/1225/1843
f 7670/1226/1843 7674/1223/1843 7671/1225/1843
f 7669/1223/1844 7668/1224/1844 7666/1225/1844
f 7665/1226/1844 7669/1223/1844 7666/1225/1844
f 7664/1223/1845 7663/1224/1845 7660/1225/1845
f 7659/1226/1845 7664/1223/1845 7660/1225/1845
f 7654/1223/1846 7653/1224/1846 7648/1225/1846
f 7647/1226/1846 7654/1223/1846 7648/1225/1846
f 7642/1223/1847 7641/1224/1847 7636/1225/1847
f 7635/1226/1847 7642/1223/1847 7636/1225/1847
f 7630/1223/1848 7629/1224/1848 7627/1225/1848
f 7626/1226/1848 7630/1223/1848 7627/1225/1848
f 7624/1223/1849 7623/1224/1850 7621/1225/1850
f 7620/1226/1849 7624/1223/1849 7621/1225/1850
f 7618/1223/1285 7617/1224/1285 7612/1225/1285
f 7609/1226/1285 7618/1223/1285 7612/1225/1285
f 7606/1223/1851 7603/1224/1852 7600/1225/1852
f 7597/1226/1851 7606/1223/1851 7600/1225/1852
f 7594/1223/1853 7588/1224/1853 7586/1225/1853
f 7582/1226/1853 7594/1223/1853 7586/1225/1853
f 7580/1223/1854 7576/1224/1854 7574/1225/1854
f 7570/1226/1854 7580/1223/1854 7574/1225/1854
f 7568/1223/1855 7564/1224/1855 7562/1225/1855
f 7558/1226/1855 7568/1223/1855 7562/1225/1855
f 7556/1223/1856 7552/1224/1856 7551/1225/1856
f 7550/1226/1856 7556/1223/1856 7551/1225/1856
f 7549/1223/1857 7547/1224/1857 7546/1225/1857
f 7545/1226/1857 7549/1223/1857 7546/1225/1857
f 7544/1223/1858 7543/1224/1858 7541/1225/1858
f 7540/1226/1858 7544/1223/1858 7541/1225/1858
f 7539/1223/1859 7538/1224/1859 7537/1225/1859
f 7534/1226/1859 7539/1223/1859 7537/1225/1859
f 7532/1223/1860 7528/1224/1860 7526/1225/1860
f 7522/1226/1860 7532/1223/1860 7526/1225/1860
f 7520/1223/1861 7516/1224/1861 7514/1225/1861
f 7510/1226/1861 7520/1223/1861 7514/1225/1861
f 7508/1223/1862 7504/1224/1862 7503/1225/1862
f 7502/1226/1862 7508/1223/1862 7503/1225/1862
f 7501/1223/1863 7499/1224/1863 7498/1225/1863
f 7497/1226/1863 7501/1223/1863 7498/1225/1863
f 7496/1223/1864 7495/1224/1864 7493/1225/1864
f 7492/1226/1864 7496/1223/1864 7493/1225/1864
f 7491/1223/1865 7490/1224/1865 7489/1225/1865
f 7486/1226/1865 7491/1223/1865 7489/1225/1865
f 7484/1223/1282 7480/1224/1282 7478/1225/1282
f 7474/1226/1282 7484/1223/1282 7478/1225/1282
f 7472/1227/1589 7468/1228/1589 7466/1229/1589
f 7462/1230/1589 7472/1227/1589 7466/1229/1589
f 7460/1231/1838 7472/1227/1838 7462/1230/1838
f 7456/1232/1838 7460/1231/1838 7462/1230/1838
f 7455/1233/1592 7460/1231/1592 7456/1232/1592
f 7454/1234/1592 7455/1233/1592 7456/1232/1592
f 7453/1235/1841 7455/1233/1841 7454/1234/1841
f 7451/1236/1841 7453/1235/1841 7454/1234/1841
f 7450/1237/1280 7453/1235/1280 7451/1236/1280
f 7449/1238/1280 7450/1237/1280 7451/1236/1280
f 7448/1235/1844 7450/1237/1844 7449/1238/1844
f 7447/1236/1844 7448/1235/1844 7449/1238/1844
f 7445/1233/1597 7448/1235/1597 7447/1236/1597
f 7444/1234/1597 7445/1233/1597 7447/1236/1597
f 7443/1231/1847 7445/1233/1847 7444/1234/1847
f 7442/1232/1847 7443/1231/1847 7444/1234/1847
f 7441/1227/1600 7443/1231/1600 7442/1232/1600
f 7438/1230/1600 7441/1227/1600 7442/1232/1600
f 7436/1239/1285 7441/1227/1285 7438/1230/1285
f 7432/1240/1285 7436/1239/1285 7438/1230/1285
f 7430/1241/1603 7436/1239/1603 7432/1240/1603
f 7426/1242/1603 7430/1241/1603 7432/1240/1603
f 7424/1243/1854 7430/1241/1854 7426/1242/1854
f 7420/1244/1854 7424/1243/1854 7426/1242/1854
f 7418/1245/1606 7424/1243/1606 7420/1244/1606
f 7414/1246/1606 7418/1245/1606 7420/1244/1606
f 7412/1247/1857 7418/1245/1857 7414/1246/1857
f 7408/1248/1857 7412/1247/1857 7414/1246/1857
f 7407/1249/1284 7412/1247/1284 7408/1248/1284
f 7406/1250/1284 7407/1249/1284 7408/1248/1284
f 7405/1247/1860 7407/1249/1860 7406/1250/1860
f 7403/1248/1860 7405/1247/1860 7406/1250/1860
f 7402/1245/1611 7405/1247/1611 7403/1248/1611
f 7401/1246/1611 7402/1245/1611 7403/1248/1611
f 7400/1243/1863 7402/1245/1863 7401/1246/1863
f 7399/1244/1863 7400/1243/1863 7401/1246/1863
f 7397/1241/1614 7400/1243/1614 7399/1244/1614
f 7396/1242/1614 7397/1241/1614 7399/1244/1614
f 7468/1228/1282 7397/1241/1282 7396/1242/1282
f 7466/1229/1282 7468/1228/1282 7396/1242/1282
f 7395/1227/1866 7394/1228/1283 7393/1229/1867
f 7394/1230/1283 7390/1227/1283 7393/1229/1867
f 7390/1231/1283 7388/1227/1283 7393/1230/1867
f 7388/1232/1283 7384/1231/1283 7393/1230/1867
f 7384/1233/1283 7382/1231/1283 7393/1232/1867
f 7382/1234/1283 7378/1233/1283 7393/1232/1867
f 7378/1235/1283 7376/1233/1283 7393/1234/1867
f 7376/1236/1283 7372/1235/1283 7393/1234/1867
f 7372/1237/1283 7370/1235/1868 7393/1236/1867
f 7370/1238/1868 7366/1237/1869 7393/1236/1867
f 7366/1235/1869 7364/1237/1870 7393/1238/1867
f 7364/1236/1870 7360/1235/1871 7393/1238/1867
f 7360/1233/1871 7359/1235/1872 7393/1236/1867
f 7359/1234/1872 7358/1233/1873 7393/1236/1867
f 7358/1231/1873 7357/1233/1874 7393/1234/1867
f 7357/1232/1874 7355/1231/1875 7393/1234/1867
f 7355/1227/1875 7354/1231/1876 7393/1232/1867
f 7354/1230/1876 7353/1227/1877 7393/1232/1867
f 7353/1239/1877 7352/1227/1878 7393/1230/1867
f 7352/1240/1878 7395/1239/1866 7393/1230/1867
f 7351/1251/1281 7349/1252/1879 7348/1253/1880
f 7347/1254/1281 7351/1251/1281 7348/1253/1880
f 7346/1255/1281 7347/1254/1281 7348/1253/1880
f 7345/1256/1281 7346/1255/1281 7348/1253/1880
f 7342/1257/1281 7345/1256/1281 7348/1253/1880
f 7340/1258/1281 7342/1257/1281 7348/1253/1880
f 7336/1259/1281 7340/1258/1281 7348/1253/1880
f 7334/1260/1281 7336/1259/1281 7348/1253/1880
f 7330/1261/1881 7334/1260/1281 7348/1253/1880
f 7328/1262/1882 7330/1261/1881 7348/1253/1880
f 7324/1263/1883 7328/1262/1882 7348/1253/1880
f 7322/1264/1884 7324/1263/1883 7348/1253/1880
f 7318/1265/1885 7322/1264/1884 7348/1253/1880
f 7316/1266/1886 7318/1265/1885 7348/1253/1880
f 7312/1267/1887 7316/1266/1886 7348/1253/1880
f 7311/1268/1888 7312/1267/1887 7348/1253/1880
f 7310/1269/1889 7311/1268/1888 7348/1253/1880
f 7309/1270/1890 7310/1269/1889 7348/1253/1880
f 7307/1271/1891 7309/1270/1890 7348/1253/1880
f 7349/1252/1879 7307/1271/1891 7348/1253/1880
f 7306/1272/1892 7305/1273/1892 7304/1252/1893
f 7303/1251/1893 7306/1272/1892 7304/1252/1893
f 7301/1274/1894 7306/1272/1895 7303/1251/1896
f 7300/1254/1897 7301/1274/1894 7303/1251/1896
f 7299/1275/1898 7301/1274/1898 7300/1254/1899
f 7298/1255/1899 7299/1275/1898 7300/1254/1899
f 7297/1276/1900 7299/1275/1901 7298/1255/1900
f 7294/1256/1900 7297/1276/1900 7298/1255/1900
f 7292/1277/1902 7297/1276/1902 7294/1256/1903
f 7288/1257/1903 7292/1277/1902 7294/1256/1903
f 7286/1278/1904 7292/1277/1904 7288/1257/1905
f 7282/1258/1905 7286/1278/1904 7288/1257/1905
f 7280/1279/1906 7286/1278/1906 7282/1258/1907
f 7276/1259/1907 7280/1279/1906 7282/1258/1907
f 7274/1280/1908 7280/1279/1908 7276/1259/1908
f 7270/1260/1908 7274/1280/1908 7276/1259/1908
f 7268/1281/1909 7274/1280/1909 7270/1260/1909
f 7264/1261/1909 7268/1281/1909 7270/1260/1909
f 7263/1282/1910 7268/1281/1911 7264/1261/1911
f 7262/1262/1910 7263/1282/1910 7264/1261/1911
f 7261/1283/1912 7263/1282/1913 7262/1262/1914
f 7259/1263/1915 7261/1283/1912 7262/1262/1914
f 7258/1284/1916 7261/1283/1917 7259/1263/1918
f 7257/1264/1918 7258/1284/1916 7259/1263/1918
f 7256/1285/1919 7258/1284/1920 7257/1264/1921
f 7255/1265/1921 7256/1285/1919 7257/1264/1921
f 7253/1286/1922 7256/1285/1922 7255/1265/1923
f 7252/1266/1923 7253/1286/1922 7255/1265/1923
f 7251/1287/1924 7253/1286/1924 7252/1266/1924
f 7250/1267/1924 7251/1287/1924 7252/1266/1924
f 7249/1288/1925 7251/1287/1926 7250/1267/1927
f 7246/1268/1928 7249/1288/1925 7250/1267/1927
f 7244/1289/1929 7249/1288/1929 7246/1268/1930
f 7240/1269/1930 7244/1289/1929 7246/1268/1930
f 7238/1290/1931 7244/1289/1931 7240/1269/1932
f 7234/1270/1932 7238/1290/1931 7240/1269/1932
f 7232/1291/1933 7238/1290/1933 7234/1270/1934
f 7228/1271/1934 7232/1291/1933 7234/1270/1934
f 7305/1273/1935 7232/1291/1936 7228/1271/1936
f 7304/1252/1935 7305/1273/1935 7228/1271/1936
f 7226/1273/1866 7222/1272/1283 7220/1253/1867
f 7222/1272/1283 7216/1274/1283 7220/1253/1867
f 7216/1274/1283 7215/1275/1283 7220/1253/1867
f 7215/1275/1283 7214/1276/1283 7220/1253/1867
f 7214/1276/1283 7213/1277/1283 7220/1253/1867
f 7213/1277/1283 7211/1278/1283 7220/1253/1867
f 7211/1278/1283 7210/1279/1283 7220/1253/1867
f 7210/1279/1283 7209/1280/1283 7220/1253/1867
f 7209/1280/1283 7208/1281/1868 7220/1253/1867
f 7208/1281/1868 7207/1282/1937 7220/1253/1867
f 7207/1282/1937 7205/1283/1938 7220/1253/1867
f 7205/1283/1938 7204/1284/1937 7220/1253/1867
f 7204/1284/1937 7203/1285/1939 7220/1253/1867
f 7203/1285/1939 7202/1286/1940 7220/1253/1867
f 7202/1286/1940 7201/1287/1941 7220/1253/1867
f 7201/1287/1941 7198/1288/1942 7220/1253/1867
f 7198/1288/1942 7196/1289/1943 7220/1253/1867
f 7196/1289/1943 7192/1290/1944 7220/1253/1867
f 7192/1290/1944 7190/1291/1943 7220/1253/1867
f 7190/1291/1943 7226/1273/1866 7220/1253/1867
f 7186/1227/1945 7184/1228/1945 7180/1229/1946
f 7180/1230/1946 7178/1227/1946 7186/1229/1945
f 7174/1231/1280 7172/1227/1280 7168/1230/1280
f 7168/1232/1280 7166/1231/1280 7174/1230/1280
f 7165/1233/1947 7163/1231/1947 7162/1232/1947
f 7162/1234/1947 7160/1233/1947 7165/1232/1947
f 7159/1235/1948 7157/1233/1948 7156/1234/1948
f 7156/1236/1948 7154/1235/1948 7159/1234/1948
f 7150/1237/1949 7149/1235/1949 7144/1236/1949
f 7144/1238/1949 7143/1237/1949 7150/1236/1949
f 7138/1235/1284 7137/1237/1284 7132/1238/1284
f 7131/1236/1284 7132/1235/1284 7137/1238/1284
f 7126/1233/1280 7125/1235/1950 7120/1236/1280
f 7119/1234/1950 7120/1233/1280 7125/1236/1950
f 7114/1231/1951 7113/1233/1951 7108/1234/1951
f 7107/1232/1951 7108/1231/1951 7113/1234/1951
f 7102/1227/1952 7101/1231/1952 7096/1232/1952
f 7095/1230/1952 7096/1227/1952 7101/1232/1952
f 7090/1239/1953 7089/1227/1953 7088/1230/1953
f 7087/1240/1953 7088/1239/1953 7089/1230/1953
f 7085/1241/1945 7084/1239/1945 7082/1240/1946
f 7082/1242/1946 7081/1241/1946 7085/1240/1945
f 7079/1243/1954 7078/1241/1950 7076/1242/1950
f 7076/1244/1950 7075/1243/1954 7079/1242/1954
f 7073/1245/1947 7072/1243/1947 7070/1244/1947
f 7070/1246/1947 7069/1245/1947 7073/1244/1947
f 7067/1247/1948 7066/1245/1948 7064/1246/1948
f 7064/1248/1948 7063/1247/1948 7067/1246/1948
f 7061/1249/1949 7060/1247/1949 7058/1248/1949
f 7058/1250/1949 7057/1249/1949 7061/1248/1949
f 7055/1247/1284 7054/1249/1284 7052/1250/1284
f 7051/1248/1284 7052/1247/1284 7054/1250/1284
f 7049/1245/1950 7048/1247/1280 7046/1248/1950
f 7045/1246/1280 7046/1245/1950 7048/1248/1280
f 7043/1243/1951 7042/1245/1951 7040/1246/1951
f 7039/1244/1951 7040/1243/1951 7042/1246/1951
f 7037/1241/1952 7036/1243/1952 7034/1244/1952
f 7033/1242/1952 7034/1241/1952 7036/1244/1952
f 7031/1228/1953 7030/1241/1953 7028/1242/1953
f 7027/1229/1953 7028/1228/1953 7030/1242/1953
f 7025/1292/1284 7024/1293/1284 7022/1294/1284
f 7021/1295/1284 7022/1294/1284 7024/1293/1284
f 7019/1292/1280 7018/1293/1280 7016/1294/1280
f 7015/1295/1280 7016/1294/1280 7018/1293/1280
f 7013/1296/1955 7012/1297/1956 7010/1298/1956
f 7009/1299/1957 7010/1298/1956 7012/1297/1956
f 7007/1292/1282 7006/1293/1282 7004/1294/1282
f 7000/1295/1282 7004/1294/1282 7006/1293/1282
f 6999/1296/1281 6998/1297/1281 6997/1298/1281
f 6996/1299/1281 6997/1298/1281 6998/1297/1281
f 6995/1292/1285 6994/1293/1285 6993/1294/1285
f 6991/1295/1285 6993/1294/1285 6994/1293/1285
f 6990/1296/1284 6988/1297/1284 6987/1298/1284
f 6985/1299/1284 6987/1298/1284 6988/1297/1284
f 6984/1296/1280 6982/1297/1280 6981/1298/1280
f 6979/1299/1280 6981/1298/1280 6982/1297/1280
f 6978/1296/1283 6976/1297/1283 6975/1298/1283
f 6973/1299/1283 6975/1298/1283 6976/1297/1283
f 6972/1300/1282 6970/1301/1282 6969/1302/1282
f 6967/1303/1282 6969/1302/1282 6970/1301/1282
f 6966/1296/1281 6964/1297/1281 6963/1298/1281
f 6961/1299/1281 6963/1298/1281 6964/1297/1281
f 6960/1300/1285 6958/1301/1285 6957/1302/1285
f 6955/1303/1285 6957/1302/1285 6958/1301/1285
f 6954/1304/1284 6952/1305/1284 6951/1306/1284
f 6949/1307/1284 6951/1306/1284 6952/1305/1284
f 6948/1241/1283 6946/1239/1283 6945/1240/1283
f 6943/1242/1283 6945/1241/1283 6946/1240/1283
f 6942/1308/1282 6940/1309/1282 6939/1310/1282
f 6937/1311/1282 6939/1310/1282 6940/1309/1282
f 6936/1312/1281 6934/1313/1281 6933/1314/1281
f 6931/1315/1281 6933/1314/1281 6934/1313/1281
f 6930/1243/1285 6928/1241/1285 6927/1242/1285
f 6925/1244/1285 6927/1243/1285 6928/1242/1285
f 6924/1316/1284 6922/1317/1284 6921/1318/1284
f 6919/1319/1284 6921/1318/1284 6922/1317/1284
f 6918/1245/1283 6916/1243/1283 6915/1244/1283
f 6913/1246/1283 6915/1245/1283 6916/1244/1283
f 6912/1247/1282 6910/1245/1282 6909/1246/1282
f 6907/1248/1282 6909/1247/1282 6910/1246/1282
f 6906/1320/1281 6904/1321/1281 6903/1322/1281
f 6901/1323/1281 6903/1322/1281 6904/1321/1281
f 6900/1324/1285 6898/1325/1285 6897/1326/1285
f 6895/1327/1285 6897/1326/1285 6898/1325/1285
f 6894/1328/1280 6892/1329/1280 6891/1330/1280
f 6889/1331/1280 6891/1330/1280 6892/1329/1280
f 6888/1249/1284 6886/1247/1284 6885/1248/1284
f 6883/1250/1284 6885/1249/1284 6886/1248/1284
f 6882/1247/1958 6880/1249/1958 6879/1250/1958
f 6877/1248/1958 6879/1247/1958 6880/1250/1958
f 6876/1245/1283 6874/1247/1283 6873/1248/1283
f 6871/1246/1283 6873/1245/1283 6874/1248/1283
f 6870/1243/1959 6868/1245/1959 6867/1246/1959
f 6865/1244/1959 6867/1243/1959 6868/1246/1959
f 6864/1241/1284 6862/1243/1284 6861/1244/1284
f 6859/1242/1284 6861/1241/1284 6862/1244/1284
f 6858/1328/1280 6856/1329/1280 6855/1330/1280
f 6853/1331/1280 6855/1330/1280 6856/1329/1280
f 6852/1228/1283 6850/1241/1283 6849/1242/1283
f 6847/1229/1283 6849/1228/1283 6850/1242/1283
f 6846/1227/1282 6844/1228/1282 6843/1229/1282
f 6841/1230/1282 6843/1227/1282 6844/1229/1282
f 6840/1328/1281 6838/1329/1281 6837/1330/1281
f 6835/1331/1281 6837/1330/1281 6838/1329/1281
f 6834/1328/1285 6832/1329/1285 6831/1330/1285
f 6829/1331/1285 6831/1330/1285 6832/1329/1285
f 6828/1231/1284 6826/1227/1284 6825/1230/1284
f 6820/1232/1284 6825/1231/1284 6826/1230/1284
f 6819/1328/1280 6818/1329/1280 6817/1330/1280
f 6816/1331/1280 6817/1330/1280 6818/1329/1280
f 6814/1233/1283 6813/1231/1283 6811/1232/1283
f 6810/1234/1283 6811/1233/1283 6813/1232/1283
f 6808/1328/1282 6807/1329/1282 6805/1330/1282
f 6804/1331/1282 6805/1330/1282 6807/1329/1282
f 6802/1328/1281 6801/1329/1281 6799/1330/1281
f 6798/1331/1281 6799/1330/1281 6801/1329/1281
f 6796/1235/1285 6795/1233/1285 6793/1234/1285
f 6792/1236/1285 6793/1235/1285 6795/1234/1285
f 6790/1328/1284 6789/1329/1284 6787/1330/1284
f 6786/1331/1284 6787/1330/1284 6789/1329/1284
f 6784/1328/1280 6783/1329/1280 6781/1330/1280
f 6780/1331/1280 6781/1330/1280 6783/1329/1280
f 6778/1328/1282 6777/1329/1282 6775/1330/1282
f 6774/1331/1282 6775/1330/1282 6777/1329/1282
f 6772/1328/1281 6771/1329/1281 6769/1330/1281
f 6768/1331/1281 6769/1330/1281 6771/1329/1281
f 6766/1328/1285 6765/1329/1285 6763/1330/1285
f 6762/1331/1285 6763/1330/1285 6765/1329/1285
f 6760/1332/1284 6759/1333/1284 6757/1334/1284
f 6756/1335/1284 6757/1334/1284 6759/1333/1284
f 6754/1335/1280 6753/1333/1280 6751/1334/1280
f 6750/1332/1280 6751/1334/1280 6753/1333/1280
f 6748/1333/1283 6747/1333/1283 6745/1332/1283
f 6744/1332/1283 6745/1332/1283 6747/1333/1283
f 6742/1332/1282 6741/1332/1282 6739/1334/1282
f 6738/1334/1282 6739/1334/1282 6741/1332/1282
f 6736/1334/1281 6735/1334/1281 6730/1335/1281
f 6727/1335/1281 6730/1335/1281 6735/1334/1281
f 6724/1335/1285 6721/1335/1285 6718/1333/1285
f 6715/1333/1285 6718/1333/1285 6721/1335/1285
f 6712/1336/1280 6706/1337/1280 6705/1338/1280
f 6705/1338/1280 6700/1339/1280 6712/1336/1280
f 6699/1340/1280 6712/1336/1280 6700/1339/1280
f 6700/1339/1280 6694/1341/1280 6699/1340/1280
f 6693/1228/1284 6688/1227/1284 6687/1228/1284
f 6687/1227/1284 6682/1231/1284 6693/1228/1284
f 6681/1231/1284 6676/1233/1284 6688/1228/1284
f 6688/1233/1284 6693/1235/1284 6681/1228/1284
f 6675/1235/1960 6670/1237/1960 6669/1228/1960
f 6669/1237/1960 6668/1235/1960 6675/1228/1960
f 6667/1235/1961 6666/1233/1961 6664/1228/1961
f 6664/1233/1961 6663/1231/1961 6667/1228/1961
f 6662/1231/1962 6667/1227/1962 6663/1228/1962
f 6663/1227/1962 6661/1239/1962 6662/1228/1962
f 6660/1239/1963 6658/1241/1963 6657/1228/1963
f 6657/1241/1963 6656/1243/1963 6660/1228/1963
f 6655/1243/1964 6660/1245/1964 6656/1228/1964
f 6656/1245/1964 6652/1247/1964 6655/1228/1964
f 6651/1342/1280 6646/1343/1280 6645/1344/1280
f 6645/1344/1280 6640/1345/1280 6651/1342/1280
f 6639/1247/1284 6634/1249/1284 6633/1228/1284
f 6633/1249/1284 6628/1247/1284 6639/1228/1284
f 6627/1342/1960 6622/1343/1960 6621/1344/1960
f 6621/1344/1960 6620/1345/1960 6627/1342/1960
f 6619/1247/1965 6618/1245/1966 6616/1228/1966
f 6616/1245/1966 6615/1243/1965 6619/1228/1965
f 6614/1243/1967 6613/1241/1967 6612/1228/1967
f 6612/1241/1967 6610/1228/1967 6614/1228/1967
f 6609/1346/1968 6608/1347/1968 6607/1348/1968
f 6607/1349/1968 6604/1348/1968 6609/1347/1968
f 6603/1342/1280 6598/1343/1280 6597/1344/1280
f 6597/1344/1280 6592/1345/1280 6603/1342/1280
f 6591/1346/1284 6586/1347/1284 6585/1348/1284
f 6585/1349/1284 6580/1348/1284 6591/1347/1284
f 6579/1342/1969 6574/1343/1969 6573/1344/1969
f 6573/1344/1969 6572/1345/1969 6579/1342/1969
f 6571/1350/1965 6570/1351/1965 6568/1352/1965
f 6568/1353/1965 6567/1352/1965 6571/1351/1965
f 6566/1346/1967 6565/1347/1967 6564/1348/1967
f 6564/1349/1967 6562/1348/1967 6566/1347/1967
f 6561/1350/1968 6560/1351/1970 6559/1352/1970
f 6559/1353/1970 6556/1352/1968 6561/1351/1968
f 6555/1342/1280 6550/1343/1280 6549/1344/1280
f 6549/1344/1280 6544/1345/1280 6555/1342/1280
f 6543/1346/1284 6538/1347/1284 6537/1348/1284
f 6537/1349/1284 6532/1348/1284 6543/1347/1284
f 6531/1342/1960 6526/1343/1960 6525/1344/1960
f 6525/1344/1960 6524/1345/1960 6531/1342/1960
f 6523/1350/1966 6522/1351/1966 6520/1352/1966
f 6520/1353/1966 6519/1352/1966 6523/1351/1966
f 6518/1350/1967 6517/1351/1967 6516/1352/1967
f 6516/1353/1967 6514/1352/1967 6518/1351/1967
f 6513/1350/1970 6512/1351/1970 6511/1352/1970
f 6511/1353/1970 6508/1352/1970 6513/1351/1970
f 6507/1342/1280 6502/1343/1280 6501/1344/1280
f 6501/1344/1280 6496/1345/1280 6507/1342/1280
f 6495/1354/1284 6490/1355/1284 6489/1356/1284
f 6489/1357/1284 6484/1356/1284 6495/1355/1284
f 6483/1342/1969 6478/1343/1969 6477/1344/1969
f 6477/1344/1969 6476/1345/1969 6483/1342/1969
f 6475/1350/1965 6474/1351/1965 6472/1352/1965
f 6472/1353/1965 6471/1352/1965 6475/1351/1965
f 6470/1354/1967 6469/1355/1967 6468/1356/1967
f 6468/1357/1967 6466/1356/1967 6470/1355/1967
f 6465/1358/1970 6464/1359/1970 6463/1360/1970
f 6463/1361/1970 6460/1360/1970 6465/1359/1970
f 6459/1362/1280 6454/1363/1280 6453/1364/1280
f 6459/1362/1280 6453/1364/1280 6448/1365/1280
f 6459/1362/1280 6448/1365/1280 6447/1366/1280
f 6459/1362/1280 6447/1366/1280 6442/1367/1280
f 6459/1362/1280 6442/1367/1280 6441/1368/1280
f 6459/1362/1280 6441/1368/1280 6436/1369/1280
f 6459/1362/1280 6436/1369/1280 6435/1370/1280
f 6459/1362/1280 6435/1370/1280 6430/1371/1280
f 6459/1362/1280 6430/1371/1280 6429/1372/1280
f 6459/1362/1280 6429/1372/1280 6428/1373/1280
f 6459/1362/1280 6428/1373/1280 6427/1374/1280
f 6459/1362/1280 6427/1374/1280 6426/1375/1280
f 6424/1376/1971 6423/1377/1971 6422/1378/1971
f 6422/1379/1971 6421/1378/1971 6424/1377/1971
f 6420/1380/1972 6418/1381/1972 6417/1382/1972
f 6417/1383/1972 6416/1382/1972 6420/1381/1972
f 6415/1384/1973 6412/1385/1973 6411/1386/1973
f 6411/1387/1973 6406/1386/1973 6415/1385/1973
f 6405/1376/1974 6400/1377/1974 6399/1378/1974
f 6399/1379/1974 6394/1378/1974 6405/1377/1974
f 6393/1388/1975 6388/1389/1975 6387/1390/1975
f 6387/1391/1975 6382/1390/1975 6393/1389/1975
f 6381/1392/1976 6380/1393/1976 6379/1394/1976
f 6379/1395/1976 6378/1394/1976 6381/1393/1976
f 6376/1392/1977 6375/1393/1977 6374/1394/1977
f 6374/1395/1977 6373/1394/1977 6376/1393/1977
f 6372/1396/1978 6370/1397/1978 6369/1398/1978
f 6369/1399/1978 6368/1398/1978 6372/1397/1978
f 6367/1400/1979 6364/1401/1980 6363/1402/1979
f 6363/1403/1979 6358/1402/1979 6367/1401/1979
f 6357/1404/1981 6352/1405/1981 6351/1406/1981
f 6351/1407/1981 6346/1406/1981 6357/1405/1981
f 6345/1408/1982 6340/1409/1982 6339/1410/1982
f 6339/1411/1982 6334/1410/1982 6345/1409/1982
f 6333/1408/1983 6332/1409/1983 6331/1410/1983
f 6331/1411/1983 6330/1410/1983 6333/1409/1983
f 6328/1408/1284 6327/1409/1284 6326/1410/1284
f 6328/1411/1284 6326/1410/1284 6325/1409/1284
f 6328/1408/1284 6325/1409/1284 6324/1410/1284
f 6328/1411/1284 6324/1410/1284 6322/1409/1284
f 6328/1408/1284 6322/1409/1284 6321/1410/1284
f 6328/1411/1284 6321/1410/1284 6320/1409/1284
f 6328/1404/1284 6320/1405/1284 6319/1406/1284
f 6328/1407/1284 6319/1406/1284 6316/1405/1284
f 6328/1408/1284 6316/1409/1284 6315/1410/1284
f 6328/1411/1284 6315/1410/1284 6310/1409/1284
f 6328/1412/1284 6310/1413/1284 6309/1414/1284
f 6328/1415/1284 6309/1414/1284 6304/1413/1284
f 6303/1404/1280 6298/1405/1280 6297/1406/1280
f 6303/1407/1280 6297/1406/1280 6292/1405/1280
f 6303/1404/1280 6292/1405/1280 6291/1406/1280
f 6303/1407/1280 6291/1406/1280 6286/1405/1280
f 6303/1408/1280 6286/1409/1280 6285/1410/1280
f 6303/1411/1280 6285/1410/1280 6283/1409/1280
f 6303/1404/1280 6283/1405/1280 6282/1406/1280
f 6303/1407/1280 6282/1406/1280 6280/1405/1280
f 6303/1408/1280 6280/1409/1280 6279/1410/1280
f 6303/1411/1280 6279/1410/1280 6277/1409/1280
f 6303/1404/1280 6277/1405/1280 6276/1406/1280
f 6303/1407/1280 6276/1406/1280 6274/1405/1280
f 6273/1404/1971 6268/1405/1971 6265/1406/1971
f 6265/1407/1971 6262/1406/1971 6273/1405/1971
f 6259/1416/1972 6256/1417/1972 6253/1418/1972
f 6253/1419/1972 6250/1418/1972 6259/1417/1972
f 6244/1404/1973 6242/1405/1973 6238/1406/1973
f 6238/1407/1973 6236/1406/1973 6244/1405/1973
f 6232/1404/1974 6230/1405/1974 6226/1406/1974
f 6226/1407/1974 6224/1406/1974 6232/1405/1974
f 6220/1404/1975 6218/1405/1975 6214/1406/1975
f 6214/1407/1975 6212/1406/1975 6220/1405/1975
f 6208/1404/1976 6207/1405/1976 6206/1406/1976
f 6206/1407/1976 6205/1406/1976 6208/1405/1976
f 6203/1404/1977 6202/1405/1977 6201/1406/1977
f 6201/1407/1977 6200/1406/1977 6203/1405/1977
f 6199/1420/1978 6197/1421/1978 6196/1422/1978
f 6196/1422/1978 6195/1423/1978 6199/1420/1978
f 6194/1424/1980 6193/1425/1979 6190/1421/1980
f 6190/1421/1980 6188/1420/1980 6194/1424/1980
f 6184/1426/1981 6182/1427/1981 6178/1428/1981
f 6178/1428/1981 6176/1429/1984 6184/1426/1981
f 6172/1430/1982 6170/1431/1982 6166/1432/1982
f 6166/1432/1982 6164/1433/1982 6172/1430/1982
f 6160/1434/1983 6159/1430/1983 6158/1433/1983
f 6158/1433/1983 6157/1435/1983 6160/1434/1983
f 6155/1430/1284 6154/1434/1284 6153/1435/1284
f 6155/1435/1284 6153/1433/1284 6152/1430/1284
f 6155/1431/1284 6152/1430/1284 6151/1433/1284
f 6155/1433/1284 6151/1432/1284 6149/1431/1284
f 6155/1436/1284 6149/1437/1284 6148/1438/1284
f 6155/1438/1284 6148/1439/1284 6147/1436/1284
f 6155/1436/1284 6147/1437/1284 6146/1438/1284
f 6155/1438/1284 6146/1439/1284 6145/1436/1284
f 6155/1440/1284 6145/1441/1284 6142/1442/1284
f 6155/1442/1284 6142/1443/1284 6140/1440/1284
f 6155/1436/1284 6140/1437/1284 6136/1438/1284
f 6155/1438/1284 6136/1439/1284 6134/1436/1284
f 6130/1436/1280 6128/1437/1280 6124/1438/1280
f 6124/1438/1280 6122/1439/1280 6130/1436/1280
f 6118/1440/1284 6116/1441/1284 6112/1442/1284
f 6112/1442/1284 6111/1443/1284 6118/1440/1284
f 6110/1436/1969 6109/1437/1969 6107/1438/1969
f 6107/1438/1969 6106/1439/1969 6110/1436/1969
f 6105/1436/1966 6104/1437/1966 6103/1438/1966
f 6103/1438/1966 6101/1439/1966 6105/1436/1966
f 6100/1440/1967 6099/1441/1967 6098/1442/1967
f 6098/1442/1967 6097/1443/1967 6100/1440/1967
f 6094/1436/1968 6092/1437/1968 6088/1438/1968
f 6088/1438/1968 6086/1439/1968 6094/1436/1968
f 6082/1297/1284 6080/1444/1284 6076/1298/1284
f 6076/1298/1284 6074/1296/1284 6082/1297/1284
f 6070/1297/1280 6068/1444/1280 6064/1298/1280
f 6064/1298/1280 6063/1296/1280 6070/1297/1280
f 6062/1445/1985 6061/1446/1985 6059/1447/1985
f 6059/1447/1985 6058/1448/1985 6062/1445/1985
f 6057/1445/1965 6056/1446/1965 6055/1447/1965
f 6055/1447/1965 6053/1448/1965 6057/1445/1965
f 6052/1445/1986 6051/1449/1986 6050/1447/1986
f 6050/1447/1986 6049/1450/1986 6052/1445/1986
f 6046/1445/1987 6044/1449/1987 6040/1447/1987
f 6040/1447/1987 6038/1450/1987 6046/1445/1987
f 6034/1451/1280 6032/1452/1280 6028/1453/1280
f 6028/1453/1280 6026/1454/1280 6034/1451/1280
f 6022/1455/1284 6020/1456/1284 6016/1457/1284
f 6016/1457/1284 6015/1458/1284 6022/1455/1284
f 6014/1451/1969 6013/1452/1969 6011/1453/1969
f 6011/1453/1969 6010/1454/1969 6014/1451/1969
f 6009/1459/1965 6008/1460/1965 6007/1460/1965
f 6007/1460/1965 6005/1459/1965 6009/1459/1965
f 6004/1461/1967 6003/1459/1967 6002/1459/1967
f 6002/1459/1967 6001/1461/1967 6004/1461/1967
f 5998/1462/1968 5996/1463/1968 5992/1464/1968
f 5992/1464/1968 5990/1465/1968 5998/1462/1968
f 5986/1455/1988 5984/1456/1988 5980/1457/1988
f 5980/1457/1988 5978/1458/1988 5986/1455/1988
f 5974/1466/1989 5972/1467/1989 5968/1468/1989
f 5968/1468/1989 5967/1469/1989 5974/1466/1989
f 5966/1470/1968 5965/1471/1968 5963/1472/1968
f 5962/1473/1965 5961/1474/1965 5960/1475/1965
f 5959/1451/1990 5957/1476/1991 5956/1453/1992
f 5956/1453/1992 5955/1454/1993 5959/1451/1990
f 5954/1451/1280 5953/1477/1280 5950/1453/1280
f 5950/1453/1280 5948/1454/1280 5954/1451/1280
f 5944/1455/1994 5942/1478/1995 5938/1457/1996
f 5938/1457/1996 5936/1479/1997 5944/1455/1994
f 5932/1455/1284 5930/1478/1284 5926/1457/1284
f 5926/1457/1284 5924/1480/1284 5932/1455/1284
f 5920/1050/1998 5919/1051/1998 5918/1046/1998
f 5918/1051/1998 5917/1047/1998 5920/1046/1998
f 5915/1462/1999 5914/1481/1999 5913/1464/1999
f 5913/1464/1999 5912/1482/1999 5915/1462/1999
f 5911/1462/2000 5909/1481/2000 5908/1464/2000
f 5908/1464/2000 5907/1482/2000 5911/1462/2000
f 5906/1483/1967 5905/1484/1967 5902/1484/1967
f 5902/1484/1967 5900/1483/1967 5906/1483/1967
f 5896/1485/2001 5894/1486/2001 5890/1487/2001
f 5890/1487/2001 5888/1488/2001 5896/1485/2001
f 5884/1462/2002 5882/1481/2002 5878/1464/2002
f 5878/1464/2002 5876/1482/2002 5884/1462/2002
f 5872/1451/1280 5871/1452/1280 5870/1453/1280
f 5870/1453/1280 5869/1454/1280 5872/1451/1280
f 5867/1455/1284 5866/1456/1284 5865/1457/1284
f 5865/1457/1284 5864/1458/1284 5867/1455/1284
f 5863/1462/1960 5861/1463/1960 5860/1464/1960
f 5860/1464/1960 5859/1465/1960 5863/1462/1960
f 5858/1462/1965 5857/1481/1965 5854/1464/1965
f 5854/1464/1965 5852/1482/1965 5858/1462/1965
f 5848/1462/1967 5846/1481/1967 5842/1464/1967
f 5842/1464/1967 5840/1482/1967 5848/1462/1967
f 5836/1462/1970 5834/1463/1970 5830/1464/1970
f 5830/1464/1970 5828/1465/1970 5836/1462/1970
f 5824/1451/1280 5822/1452/1280 5821/1453/1280
f 5821/1453/1280 5819/1454/1280 5824/1451/1280
f 5818/1455/1284 5816/1456/1284 5815/1457/1284
f 5815/1457/1284 5813/1458/1284 5818/1455/1284
f 5812/1451/1969 5810/1452/1969 5806/1453/1969
f 5806/1453/1969 5804/1454/1969 5812/1451/1969
f 5800/1462/1965 5798/1481/1966 5794/1464/1966
f 5794/1464/1966 5792/1482/1965 5800/1462/1965
f 5788/1489/2003 5786/1490/2003 5782/1490/2003
f 5782/1490/2003 5780/1489/2003 5788/1489/2003
f 5776/1491/1970 5774/1489/1970 5770/1489/1970
f 5770/1489/1970 5768/1491/1970 5776/1491/1970
f 5764/1453/1280 5762/1492/1280 5758/1493/1280
f 5764/1453/1280 5758/1493/1280 5756/1494/1280
f 5764/1453/1280 5756/1494/1280 5752/1495/1280
f 5764/1453/1280 5752/1495/1280 5750/1496/1280
f 5764/1453/1280 5750/1496/1280 5746/1497/1280
f 5764/1453/1280 5746/1497/1280 5744/1498/1280
f 5764/1453/1280 5744/1498/1280 5740/1499/1280
f 5764/1453/1280 5740/1499/1280 5738/1500/1280
f 5764/1453/1280 5738/1500/1280 5734/1501/1280
f 5764/1453/1280 5734/1501/1280 5732/1502/1280
f 5764/1453/1280 5732/1502/1280 5728/1451/1280
f 5764/1453/1280 5728/1451/1280 5726/1503/1280
f 5722/1504/1960 5720/1490/1960 5716/1490/1960
f 5716/1490/1960 5714/1504/1960 5722/1504/1960
f 5710/1464/2004 5708/1465/2004 5704/1462/2004
f 5704/1462/2004 5702/1463/2004 5710/1464/2004
f 5698/1464/1972 5696/1465/1972 5692/1462/1972
f 5692/1462/1972 5690/1463/1972 5698/1464/1972
f 5686/1464/1973 5684/1465/1973 5680/1462/1973
f 5680/1462/1973 5678/1463/1973 5686/1464/1973
f 5674/1464/1974 5672/1482/1974 5668/1462/1974
f 5668/1462/1974 5666/1481/1974 5674/1464/1974
f 5662/1464/1975 5660/1465/1975 5656/1462/1975
f 5656/1462/1975 5654/1463/1975 5662/1464/1975
f 5650/1464/1976 5648/1465/1976 5644/1462/1976
f 5644/1462/1976 5642/1463/1976 5650/1464/1976
f 5638/1464/1977 5636/1482/1977 5632/1462/1977
f 5632/1462/1977 5630/1481/1977 5638/1464/1977
f 5626/1464/1978 5624/1465/1978 5620/1462/1978
f 5620/1462/1978 5618/1463/1978 5626/1464/1978
f 5614/1464/1980 5612/1465/1980 5608/1462/1980
f 5608/1462/1980 5606/1463/1980 5614/1464/1980
f 5602/1464/1981 5600/1482/1981 5596/1462/1981
f 5596/1462/1981 5594/1481/1981 5602/1464/1981
f 5590/1464/1982 5588/1465/1982 5584/1462/1982
f 5584/1462/1982 5582/1463/1982 5590/1464/1982
f 5578/1464/1983 5576/1482/1983 5572/1462/1983
f 5572/1462/1983 5570/1481/1983 5578/1464/1983
f 5566/1461/1969 5564/1504/1969 5560/1504/1969
f 5560/1504/1969 5558/1461/1969 5566/1461/1969
f 5554/1457/1284 5552/1458/1284 5548/1455/1284
f 5554/1457/1284 5548/1455/1284 5546/1505/1284
f 5554/1457/1284 5546/1505/1284 5542/1506/1284
f 5554/1457/1284 5542/1506/1284 5540/1507/1284
f 5554/1457/1284 5540/1507/1284 5536/1508/1284
f 5554/1457/1284 5536/1508/1284 5534/1509/1284
f 5554/1457/1284 5534/1509/1284 5530/1510/1284
f 5554/1457/1284 5530/1510/1284 5528/1511/1284
f 5554/1457/1284 5528/1511/1284 5524/1512/1284
f 5554/1457/1284 5524/1512/1284 5522/1513/1284
f 5554/1457/1284 5522/1513/1284 5518/1514/1284
f 5554/1457/1284 5518/1514/1284 5516/1515/1284
o stit_3
v 0.081520 2.936694 0.255413
v 0.076889 2.936694 0.244234
v 0.076889 2.779394 0.244234
v -0.054356 3.423963 0.000899
v 0.081520 2.779394 0.255413
v -0.052500 3.423963 -0.013194
v 0.092699 2.936694 0.250782
v 0.081520 2.936694 0.255413
v 0.081520 2.779394 0.255413
v -0.047061 3.423963 -0.026326
v 0.092699 2.779394 0.250782
v -0.038408 3.423963 -0.037604
v 0.088068 2.936694 0.239603
v 0.092699 2.936694 0.250782
v 0.092699 2.779394 0.250782
v -0.027131 3.423963 -0.046257
v 0.088068 2.779394 0.239603
v -0.013999 3.423963 -0.051697
v 0.076889 2.936694 0.244234
v 0.088068 2.936694 0.239603
v 0.088068 2.779394 0.239603
v 0.000094 3.423963 -0.053551
v 0.076889 2.779394 0.244234
v 0.014187 3.423963 -0.051697
v 0.096894 2.934001 0.235408
v 0.096894 2.934001 0.259608
v 0.072694 2.934001 0.259608
v 0.027319 3.423963 -0.046257
v 0.072694 2.934001 0.235408
v 0.038596 3.423963 -0.037604
v 0.096894 2.964252 0.235408
v 0.096894 2.964252 0.259608
v 0.096894 2.934001 0.259608
v 0.047249 3.423963 -0.026326
v 0.096894 2.934001 0.235408
v 0.052688 3.423963 -0.013194
v 0.072694 2.964252 0.235408
v 0.096894 2.964252 0.235408
v 0.096894 2.934001 0.235408
v 0.054544 3.423963 0.000899
v 0.072694 2.934001 0.235408
v 0.000094 3.423963 0.000899
v 0.072694 2.964252 0.259608
v 0.072694 2.964252 0.235408
v 0.072694 2.934001 0.235408
v -0.054356 3.423963 0.000899
v 0.072694 2.934001 0.259608
v 0.000094 3.423963 0.000899
v 0.074684 2.743184 0.239175
v 0.079213 2.739713 0.249845
v 0.081589 2.781215 0.255441
v 0.000094 3.411863 0.000899
v 0.076861 2.781215 0.244303
v -0.054356 3.411863 0.000899
v 0.068337 2.708347 0.224222
v 0.072287 2.701699 0.233528
v 0.079213 2.739713 0.249845
v -0.052500 3.423963 -0.013194
v 0.074684 2.743184 0.239175
v -0.054356 3.423963 0.000899
v 0.058352 2.679633 0.200700
v 0.061392 2.670365 0.207859
v 0.072287 2.701699 0.233528
v -0.054356 3.411863 0.000899
v 0.068337 2.708347 0.224222
v -0.052500 3.411863 -0.013194
v 0.045570 2.659455 0.170586
v 0.047443 2.648345 0.174998
v 0.061392 2.670365 0.207859
v -0.047061 3.423963 -0.026326
v 0.058352 2.679633 0.200700
v -0.052500 3.423963 -0.013194
v 0.031063 2.649506 0.136409
v 0.031612 2.637488 0.137702
v 0.047443 2.648345 0.174998
v -0.052500 3.411863 -0.013194
v 0.045570 2.659455 0.170586
v -0.047061 3.411863 -0.026326
v 0.016051 2.650624 0.101042
v 0.015230 2.638708 0.099108
v 0.031612 2.637488 0.137702
v -0.038408 3.423963 -0.037604
v 0.031063 2.649506 0.136409
v -0.047061 3.423963 -0.026326
v 0.085823 2.743184 0.234447
v 0.074684 2.743184 0.239175
v 0.076861 2.781215 0.244303
v -0.047061 3.411863 -0.026326
v 0.087999 2.781215 0.239575
v -0.038408 3.411863 -0.037604
v 0.079475 2.708347 0.219494
v 0.068337 2.708347 0.224222
v 0.074684 2.743184 0.239175
v -0.027131 3.423963 -0.046257
v 0.085823 2.743184 0.234447
v -0.038408 3.423963 -0.037604
v 0.069491 2.679633 0.195972
v 0.058352 2.679633 0.200700
v 0.068337 2.708347 0.224222
v -0.038408 3.411863 -0.037604
v 0.079475 2.708347 0.219494
v -0.027131 3.411863 -0.046257
v 0.056708 2.659455 0.165858
v 0.045570 2.659455 0.170586
v 0.058352 2.679633 0.200700
v -0.013999 3.423963 -0.051697
v 0.069491 2.679633 0.195972
v -0.027131 3.423963 -0.046257
v 0.042201 2.649506 0.131681
v 0.031063 2.649506 0.136409
v 0.045570 2.659455 0.170586
v -0.027131 3.411863 -0.046257
v 0.056708 2.659455 0.165858
v -0.013999 3.411863 -0.051697
v 0.027189 2.650624 0.096314
v 0.016051 2.650624 0.101042
v 0.031063 2.649506 0.136409
v 0.000094 3.423963 -0.053551
v 0.042201 2.649506 0.131681
v -0.013999 3.423963 -0.051697
v 0.090352 2.739713 0.245117
v 0.085823 2.743184 0.234447
v 0.087999 2.781215 0.239575
v -0.013999 3.411863 -0.051697
v 0.092727 2.781215 0.250713
v 0.000094 3.411863 -0.053551
v 0.083425 2.701699 0.228800
v 0.079475 2.708347 0.219494
v 0.085823 2.743184 0.234447
v 0.014187 3.423963 -0.051697
v 0.090352 2.739713 0.245117
v 0.000094 3.423963 -0.053551
v 0.072530 2.670365 0.203132
v 0.069491 2.679633 0.195972
v 0.079475 2.708347 0.219494
v 0.000094 3.411863 -0.053551
v 0.083425 2.701699 0.228800
v 0.014187 3.411863 -0.051697
v 0.058581 2.648345 0.170269
v 0.056708 2.659455 0.165858
v 0.069491 2.679633 0.195972
v 0.027319 3.423963 -0.046257
v 0.072530 2.670365 0.203132
v 0.014187 3.423963 -0.051697
v 0.042750 2.637488 0.132975
v 0.042201 2.649506 0.131681
v 0.056708 2.659455 0.165858
v 0.014187 3.411863 -0.051697
v 0.058581 2.648345 0.170269
v 0.027319 3.411863 -0.046257
v 0.026368 2.638708 0.094381
v 0.027189 2.650624 0.096314
v 0.042201 2.649506 0.131681
v 0.038596 3.423963 -0.037604
v 0.042750 2.637488 0.132975
v 0.027319 3.423963 -0.046257
v 0.079213 2.739713 0.249845
v 0.090352 2.739713 0.245117
v 0.092727 2.781215 0.250713
v 0.027319 3.411863 -0.046257
v 0.081589 2.781215 0.255441
v 0.038596 3.411863 -0.037604
v 0.072287 2.701699 0.233528
v 0.083425 2.701699 0.228800
v 0.090352 2.739713 0.245117
v 0.047249 3.423963 -0.026326
v 0.079213 2.739713 0.249845
v 0.038596 3.423963 -0.037604
v 0.061392 2.670365 0.207859
v 0.072530 2.670365 0.203132
v 0.083425 2.701699 0.228800
v 0.038596 3.411863 -0.037604
v 0.072287 2.701699 0.233528
v 0.047249 3.411863 -0.026326
v 0.047443 2.648345 0.174998
v 0.058581 2.648345 0.170269
v 0.072530 2.670365 0.203132
v 0.052688 3.423963 -0.013194
v 0.061392 2.670365 0.207859
v 0.047249 3.423963 -0.026326
v 0.031612 2.637488 0.137702
v 0.042750 2.637488 0.132975
v 0.058581 2.648345 0.170269
v 0.047249 3.411863 -0.026326
v 0.047443 2.648345 0.174998
v 0.052688 3.411863 -0.013194
v 0.015230 2.638708 0.099108
v 0.026368 2.638708 0.094381
v 0.042750 2.637488 0.132975
v 0.054544 3.423963 0.000899
v 0.031612 2.637488 0.137702
v 0.052688 3.423963 -0.013194
v 0.002276 2.661500 0.037760
v -0.008902 2.660696 0.042320
v 0.018880 2.649049 0.108374
v 0.052688 3.411863 -0.013194
v 0.030059 2.649853 0.103814
v 0.054544 3.411863 0.000899
v 0.002276 2.649584 0.035659
v 0.002276 2.661500 0.037760
v 0.030059 2.649853 0.103814
v 0.000094 3.423963 0.000899
v 0.030059 2.637938 0.101713
v 0.054544 3.423963 0.000899
v -0.008902 2.648780 0.040219
v 0.002276 2.649584 0.035659
v 0.030059 2.637938 0.101713
v 0.054544 3.411863 0.000899
v 0.018880 2.637133 0.106273
v 0.000094 3.411863 0.000899
v -0.008902 2.660696 0.042320
v -0.008902 2.648780 0.040219
v 0.018880 2.637133 0.106273
v 0.054544 3.411863 0.000899
v 0.018880 2.649049 0.108374
v 0.052688 3.411863 -0.013194
v 0.012194 2.635066 0.031498
v 0.012194 2.635066 0.067798
v -0.012006 2.635066 0.067798
v 0.047249 3.411863 -0.026326
v -0.012006 2.635066 0.031498
v 0.038596 3.411863 -0.037604
v 0.012194 2.671366 0.031498
v -0.012006 2.671366 0.031498
v -0.012006 2.671366 0.067798
v 0.027319 3.411863 -0.046257
v 0.012194 2.671366 0.067798
v 0.014187 3.411863 -0.051697
v 0.012194 2.671366 0.067798
v -0.012006 2.671366 0.067798
v -0.012006 2.635066 0.067798
v 0.000094 3.411863 -0.053551
v 0.012194 2.635066 0.067798
v -0.013999 3.411863 -0.051697
v 0.012194 2.671366 0.031498
v 0.012194 2.671366 0.067798
v 0.012194 2.635066 0.067798
v -0.027131 3.411863 -0.046257
v 0.012194 2.635066 0.031498
v -0.038408 3.411863 -0.037604
v -0.012006 2.671366 0.067798
v -0.012006 2.671366 0.031498
v -0.012006 2.635066 0.031498
v -0.047061 3.411863 -0.026326
v -0.012006 2.635066 0.067798
v -0.052500 3.411863 -0.013194
v 0.069644 3.251979 0.303170
v 0.091463 3.219961 0.593765
v 0.062967 3.236501 0.303170
v -0.054356 3.411863 0.000899
v 0.087358 3.200984 0.593550
v 0.000094 3.411863 0.000899
v 0.042444 3.411863 0.073499
v 0.098088 3.218761 0.684515
v 0.042444 3.411863 0.000899
v 0.042444 3.423963 0.000899
v 0.090634 3.200919 0.684300
v 0.042444 3.423963 0.073499
v 0.042444 3.411863 0.000899
v 0.102794 3.222160 0.727283
v 0.054544 3.411863 0.000899
v 0.054544 3.423963 0.000899
v 0.092254 3.201051 0.696671
v 0.042444 3.423963 0.000899
v 0.102794 3.222160 0.727283
v 0.102214 3.222333 0.727283
v 0.092254 3.201051 0.696671
v 0.054544 3.411863 0.000899
v 0.091730 3.201353 0.696671
v 0.054544 3.411863 0.073499
v 0.102214 3.222333 0.727283
v 0.097508 3.218935 0.684515
v 0.091730 3.201353 0.696671
v 0.054544 3.423963 0.073499
v 0.090110 3.201222 0.684300
v 0.054544 3.423963 0.000899
v 0.097508 3.218935 0.684515
v 0.090883 3.220134 0.593765
v 0.090110 3.201222 0.684300
v 0.054544 3.411863 0.073499
v 0.086834 3.201286 0.593550
v 0.042444 3.411863 0.073499
v 0.090883 3.220134 0.593765
v 0.069065 3.252153 0.303170
v 0.086834 3.201286 0.593550
v 0.042444 3.423963 0.073499
v 0.062443 3.236804 0.303170
v 0.054544 3.423963 0.073499
v 0.069065 3.252153 0.303170
v 0.069644 3.251979 0.303170
v 0.062443 3.236804 0.303170
v 0.054544 3.423963 0.073499
v 0.062967 3.236501 0.303170
v 0.042444 3.423963 0.073499
v 0.072571 3.268580 0.303170
v 0.094944 3.240153 0.593765
v 0.042444 3.423963 0.000899
v 0.054544 3.423963 0.000899
v 0.042444 3.411863 0.000899
v 0.042444 3.411863 0.073499
v 0.054544 3.411863 0.073499
v 0.101504 3.237837 0.684515
v 0.054544 3.411863 0.000899
v -0.060406 3.383601 0.054633
v -0.060406 3.383601 0.036483
v -0.060406 3.456201 0.036483
v -0.060406 3.456201 0.054633
v 0.106195 3.240301 0.743398
v -0.060406 3.383601 0.036483
v 0.060594 3.383601 0.036483
v 0.060594 3.456201 0.036483
v -0.060406 3.456201 0.036483
v 0.106195 3.240301 0.743398
v 0.105591 3.240336 0.743398
v 0.102794 3.222160 0.727283
v 0.060594 3.383601 0.036483
v 0.102214 3.222333 0.727283
v 0.060594 3.383601 0.054633
v 0.105591 3.240336 0.743398
v 0.100899 3.237872 0.684515
v 0.102214 3.222333 0.727283
v 0.060594 3.456201 0.054633
v 0.097508 3.218935 0.684515
v 0.060594 3.456201 0.036483
v 0.100899 3.237872 0.684515
v 0.094340 3.240188 0.593765
v 0.097508 3.218935 0.684515
v 0.060594 3.383601 0.054633
v 0.090883 3.220134 0.593765
v -0.060406 3.383601 0.054633
v 0.094340 3.240188 0.593765
v 0.071967 3.268615 0.303170
v 0.090883 3.220134 0.593765
v -0.060406 3.456201 0.054633
v 0.069065 3.252153 0.303170
v 0.060594 3.456201 0.054633
v 0.071967 3.268615 0.303170
v 0.072571 3.268580 0.303170
v 0.069065 3.252153 0.303170
v 0.060594 3.456201 0.054633
v 0.069644 3.251979 0.303170
v -0.060406 3.456201 0.054633
v 0.071591 3.285408 0.303170
v 0.093965 3.261268 0.593765
v -0.060406 3.456201 0.036483
v 0.060594 3.456201 0.036483
v -0.060406 3.383601 0.036483
v -0.060406 3.383601 0.054633
v 0.060594 3.383601 0.054633
v 0.100327 3.257064 0.684515
v 0.060594 3.383601 0.036483
v -0.012006 3.400559 0.252306
v -0.018056 3.400707 0.127114
v -0.018056 3.406756 0.127114
v -0.012006 3.406609 0.252306
v 0.100185 3.259231 0.756547
v -0.018056 3.400707 0.127114
v -0.039231 3.400707 0.048037
v -0.039231 3.406756 0.048037
v -0.018056 3.406756 0.127114
v 0.100185 3.259231 0.756547
v 0.099589 3.259126 0.756547
v 0.106195 3.240301 0.743398
v -0.039231 3.400707 0.048037
v 0.105591 3.240336 0.743398
v 0.039419 3.400707 0.048037
v 0.099589 3.259126 0.756547
v 0.099731 3.256959 0.684515
v 0.105591 3.240336 0.743398
v 0.039419 3.406756 0.048037
v 0.100899 3.237872 0.684515
v -0.039231 3.406756 0.048037
v 0.099731 3.256959 0.684515
v 0.093369 3.261162 0.593765
v 0.100899 3.237872 0.684515
v 0.039419 3.400707 0.048037
v 0.094340 3.240188 0.593765
v 0.018244 3.400707 0.127114
v 0.093369 3.261162 0.593765
v 0.070995 3.285303 0.303170
v 0.094340 3.240188 0.593765
v 0.018244 3.406756 0.127114
v 0.071967 3.268615 0.303170
v 0.039419 3.406756 0.048037
v 0.070995 3.285303 0.303170
v 0.071591 3.285408 0.303170
v 0.071967 3.268615 0.303170
v 0.018244 3.400707 0.127114
v 0.072571 3.268580 0.303170
v 0.012194 3.400707 0.252416
v 0.066757 3.301557 0.303170
v 0.087990 3.280908 0.593765
v 0.012194 3.406756 0.252416
v 0.018244 3.406756 0.127114
v 0.012194 3.400707 0.252416
v -0.012006 3.400559 0.252306
v -0.012006 3.406609 0.252306
v 0.093614 3.277323 0.684515
v 0.012194 3.406756 0.252416
v 0.018244 3.406756 0.127114
v -0.018056 3.406756 0.127114
v -0.039231 3.406756 0.048037
v 0.039419 3.406756 0.048037
v 0.090390 3.276679 0.763165
v 0.012194 3.406756 0.252416
v -0.012006 3.406609 0.252306
v -0.018056 3.406756 0.127114
v 0.018244 3.406756 0.127114
v 0.090390 3.276679 0.763165
v 0.089835 3.276438 0.763165
v 0.100185 3.259231 0.756547
v -0.039231 3.400707 0.048037
v 0.099589 3.259126 0.756547
v -0.018056 3.400707 0.127114
v 0.089835 3.276438 0.763165
v 0.093059 3.277083 0.684515
v 0.099589 3.259126 0.756547
v 0.018244 3.400707 0.127114
v 0.099731 3.256959 0.684515
v 0.039419 3.400707 0.048037
v 0.093059 3.277083 0.684515
v 0.087435 3.280668 0.593765
v 0.099731 3.256959 0.684515
v -0.018056 3.400707 0.127114
v 0.093369 3.261162 0.593765
v -0.012006 3.400559 0.252306
v 0.087435 3.280668 0.593765
v 0.066201 3.301317 0.303170
v 0.093369 3.261162 0.593765
v 0.012194 3.400707 0.252416
v 0.070995 3.285303 0.303170
v 0.018244 3.400707 0.127114
v 0.066201 3.301317 0.303170
v 0.066757 3.301557 0.303170
v 0.070995 3.285303 0.303170
v 0.003119 3.453438 0.051489
v 0.071591 3.285408 0.303170
v 0.003119 3.406708 0.051620
v 0.058328 3.316154 0.303170
v 0.077897 3.298533 0.593765
v 0.003119 3.406502 0.215960
v -0.002931 3.406708 0.051620
v -0.002931 3.453438 0.051489
v -0.002931 3.406502 0.215960
v -0.002931 3.406708 0.051620
v 0.081553 3.294913 0.684515
v 0.003119 3.406708 0.051620
v 0.003119 3.453438 0.051489
v -0.002931 3.453438 0.051489
v 0.003119 3.406502 0.215960
v -0.002931 3.406502 0.215960
v 0.077029 3.293138 0.763165
v -0.002931 3.453438 0.051489
v 0.003119 3.453438 0.051489
v -0.054356 3.411863 0.073499
v -0.054356 3.411863 0.000899
v 0.077029 3.293138 0.763165
v 0.076544 3.292777 0.763165
v 0.090390 3.276679 0.763165
v -0.054356 3.423963 0.000899
v 0.089835 3.276438 0.763165
v -0.054356 3.423963 0.073498
v 0.076544 3.292777 0.763165
v 0.081068 3.294552 0.684515
v 0.089835 3.276438 0.763165
v -0.054356 3.411863 0.000899
v 0.093059 3.277083 0.684515
v -0.042256 3.411863 0.000899
v 0.081068 3.294552 0.684515
v 0.077412 3.298172 0.593765
v 0.093059 3.277083 0.684515
v -0.042256 3.423963 0.000899
v 0.087435 3.280668 0.593765
v -0.054356 3.423963 0.000899
v 0.077412 3.298172 0.593765
v 0.057843 3.315793 0.303170
v 0.087435 3.280668 0.593765
v -0.042256 3.411863 0.000899
v 0.066201 3.301317 0.303170
v -0.042256 3.411863 0.073499
v 0.057843 3.315793 0.303170
v 0.058328 3.316154 0.303170
v 0.066201 3.301317 0.303170
v -0.042256 3.423963 0.073498
v 0.066757 3.301557 0.303170
v -0.042256 3.423963 0.000899
v 0.046761 3.328415 0.303170
v 0.062591 3.313577 0.593765
v -0.042256 3.411863 0.073499
v -0.054356 3.411863 0.073499
v -0.054356 3.423963 0.073498
v -0.042256 3.423963 0.073498
v -0.042256 3.423963 0.073498
v 0.065231 3.311507 0.684515
v -0.054356 3.423963 0.073498
v -0.054356 3.423963 0.000899
v -0.042256 3.423963 0.000899
v -0.054356 3.411863 0.000899
v -0.054356 3.411863 0.073499
v 0.060472 3.306454 0.763165
v -0.042256 3.411863 0.073499
v -0.042256 3.411863 0.000899
v -0.005956 3.423201 0.224032
v -0.005956 3.423201 0.233107
v 0.060472 3.306454 0.763165
v 0.060084 3.305991 0.763165
v 0.077029 3.293138 0.763165
v -0.005956 3.380851 0.233107
v 0.076544 3.292777 0.763165
v -0.005956 3.380851 0.224032
v 0.060084 3.305991 0.763165
v 0.064842 3.311043 0.684515
v 0.076544 3.292777 0.763165
v -0.005956 3.423201 0.233107
v 0.081068 3.294552 0.684515
v 0.006144 3.423201 0.233104
v 0.064842 3.311043 0.684515
v 0.062202 3.313114 0.593765
v 0.081068 3.294552 0.684515
v 0.006144 3.380851 0.233104
v 0.077412 3.298172 0.593765
v -0.005956 3.380851 0.233107
v 0.062202 3.313114 0.593765
v 0.046372 3.327953 0.303170
v 0.077412 3.298172 0.593765
v 0.006144 3.423201 0.233104
v 0.057843 3.315793 0.303170
v 0.006144 3.423201 0.224029
v 0.046372 3.327953 0.303170
v 0.046761 3.328415 0.303170
v 0.057843 3.315793 0.303170
v 0.006144 3.380851 0.224029
v 0.058328 3.316154 0.303170
v 0.006144 3.380851 0.233104
v 0.032677 3.337678 0.303170
v 0.043306 3.325089 0.593765
v 0.006144 3.423201 0.224029
v -0.005956 3.423201 0.224032
v -0.005956 3.380851 0.224032
v 0.006144 3.380851 0.224029
v 0.006144 3.380851 0.224029
v 0.044765 3.321739 0.684515
v -0.005956 3.380851 0.224032
v -0.005956 3.380851 0.233107
v 0.006144 3.380851 0.233104
v -0.005956 3.423201 0.233107
v -0.005956 3.423201 0.224032
v 0.041829 3.317027 0.763165
v 0.006144 3.423201 0.224029
v 0.006144 3.423201 0.233104
v -0.060406 2.715543 0.054624
v -0.060406 2.715543 0.036474
v 0.041829 3.317027 0.763165
v 0.041558 3.316486 0.763165
v 0.060472 3.306454 0.763165
v -0.060406 2.788143 0.036474
v 0.060084 3.305991 0.763165
v -0.060406 2.788143 0.054624
v 0.041558 3.316486 0.763165
v 0.044494 3.321198 0.684515
v 0.060084 3.305991 0.763165
v -0.060406 2.715543 0.036474
v 0.064842 3.311043 0.684515
v 0.060594 2.715543 0.036474
v 0.044494 3.321198 0.684515
v 0.043034 3.324548 0.593765
v 0.064842 3.311043 0.684515
v 0.060594 2.788143 0.036474
v 0.062202 3.313114 0.593765
v -0.060406 2.788143 0.036474
v 0.043034 3.324548 0.593765
v 0.032405 3.337138 0.303170
v 0.062202 3.313114 0.593765
v 0.060594 2.715543 0.036474
v 0.046372 3.327953 0.303170
v 0.060594 2.715543 0.054624
v 0.032405 3.337138 0.303170
v 0.032677 3.337678 0.303170
v 0.046372 3.327953 0.303170
v 0.060594 2.788143 0.054624
v 0.046761 3.328415 0.303170
v 0.060594 2.788143 0.036474
v 0.016837 3.343444 0.303170
v 0.022659 3.332026 0.593765
v 0.060594 2.715543 0.054624
v -0.060406 2.715543 0.054624
v -0.060406 2.788143 0.054624
v 0.060594 2.788143 0.054624
v 0.060594 2.788143 0.054624
v 0.023425 3.328372 0.684515
v -0.060406 2.788143 0.054624
v -0.060406 2.788143 0.036474
v 0.060594 2.788143 0.036474
v -0.060406 2.715543 0.036474
v -0.060406 2.715543 0.054624
v 0.021103 3.324399 0.763165
v 0.060594 2.715543 0.054624
v 0.060594 2.715543 0.036474
v -0.054356 2.782698 0.000779
v -0.052500 2.782698 -0.013314
v 0.021103 3.324399 0.763165
v 0.020963 3.323811 0.763165
v 0.041829 3.317027 0.763165
v -0.047061 2.782698 -0.026446
v 0.041558 3.316486 0.763165
v -0.038408 2.782698 -0.037723
v 0.020963 3.323811 0.763165
v 0.023285 3.327784 0.684515
v 0.041558 3.316486 0.763165
v -0.027131 2.782698 -0.046377
v 0.044494 3.321198 0.684515
v -0.013999 2.782698 -0.051816
v 0.023285 3.327784 0.684515
v 0.022520 3.331436 0.593765
v 0.044494 3.321198 0.684515
v 0.000094 2.782698 -0.053671
v 0.043034 3.324548 0.593765
v 0.014187 2.782698 -0.051816
v 0.022520 3.331436 0.593765
v 0.016697 3.342856 0.303170
v 0.043034 3.324548 0.593765
v 0.027319 2.782698 -0.046377
v 0.032405 3.337138 0.303170
v 0.038596 2.782698 -0.037723
v 0.016697 3.342856 0.303170
v 0.016837 3.343444 0.303170
v 0.032405 3.337138 0.303170
v 0.047249 2.782698 -0.026446
v 0.032677 3.337678 0.303170
v 0.052688 2.782698 -0.013314
v 0.000094 3.345401 0.303170
v 0.000077 3.334338 0.593765
v 0.054544 2.782698 0.000779
v 0.000094 2.782698 0.000779
v -0.052500 2.782698 -0.013314
v -0.054356 2.782698 0.000779
v -0.054356 2.770598 0.000779
v 0.000088 3.330535 0.684515
v -0.052500 2.770598 -0.013314
v -0.047061 2.782698 -0.026446
v -0.052500 2.782698 -0.013314
v -0.052500 2.770598 -0.013314
v -0.047061 2.770598 -0.026446
v 0.000094 3.327239 0.763165
v -0.038408 2.782698 -0.037723
v -0.047061 2.782698 -0.026446
v -0.047061 2.770598 -0.026446
v -0.038408 2.770598 -0.037723
v 0.000094 3.327239 0.763165
v 0.000094 3.326634 0.763165
v 0.021103 3.324399 0.763165
v -0.027131 2.782698 -0.046377
v 0.020963 3.323811 0.763165
v -0.038408 2.782698 -0.037723
v 0.000094 3.326634 0.763165
v 0.000088 3.329930 0.684515
v 0.020963 3.323811 0.763165
v -0.038408 2.770598 -0.037723
v 0.023285 3.327784 0.684515
v -0.027131 2.770598 -0.046377
v 0.000088 3.329930 0.684515
v 0.000077 3.333732 0.593765
v 0.023285 3.327784 0.684515
v -0.013999 2.782698 -0.051816
v 0.022520 3.331436 0.593765
v -0.027131 2.782698 -0.046377
v 0.000077 3.333732 0.593765
v 0.000094 3.344796 0.303170
v 0.022520 3.331436 0.593765
v -0.027131 2.770598 -0.046377
v 0.016697 3.342856 0.303170
v -0.013999 2.770598 -0.051816
v 0.000094 3.344796 0.303170
v 0.000094 3.345401 0.303170
v 0.016697 3.342856 0.303170
v 0.000094 2.782698 -0.053671
v 0.016837 3.343444 0.303170
v -0.013999 2.782698 -0.051816
v -0.016509 3.342856 0.303170
v -0.016649 3.343444 0.303170
v 0.000094 3.344796 0.303170
v -0.013999 2.770598 -0.051816
v 0.000094 3.345401 0.303170
v 0.000094 2.770598 -0.053671
v 0.062967 3.236501 0.303170
v 0.087358 3.200984 0.593550
v 0.090372 3.201072 0.670252
v 0.087358 3.200984 0.593550
v 0.090634 3.200919 0.684300
v 0.014187 2.782698 -0.051816
v 0.090634 3.200919 0.684300
v 0.092254 3.201051 0.696671
v 0.000094 2.782698 -0.053671
v 0.092254 3.201051 0.696671
v 0.091730 3.201353 0.696671
v 0.000094 2.770598 -0.053671
v 0.091730 3.201353 0.696671
v 0.090110 3.201222 0.684300
v 0.014187 2.770598 -0.051816
v 0.090110 3.201222 0.684300
v 0.086834 3.201286 0.593550
v 0.027319 2.782698 -0.046377
v 0.086834 3.201286 0.593550
v 0.062443 3.236804 0.303170
v 0.014187 2.782698 -0.051816
v 0.062443 3.236804 0.303170
v 0.062967 3.236501 0.303170
v 0.014187 2.770598 -0.051816
v -0.091275 3.219961 0.593765
v -0.069456 3.251979 0.303170
v -0.062779 3.236501 0.303170
v -0.087170 3.200984 0.593550
v 0.027319 2.770598 -0.046377
v 0.038596 2.782698 -0.037723
v -0.097900 3.218761 0.684515
v 0.027319 2.782698 -0.046377
v 0.027319 2.770598 -0.046377
v -0.090446 3.200919 0.684300
v 0.038596 2.770598 -0.037723
v 0.047249 2.782698 -0.026446
v -0.102606 3.222160 0.727283
v 0.038596 2.782698 -0.037723
v 0.038596 2.770598 -0.037723
v -0.092066 3.201051 0.696671
v 0.047249 2.770598 -0.026446
v 0.052688 2.782698 -0.013314
v -0.102026 3.222333 0.727283
v -0.102606 3.222160 0.727283
v -0.092066 3.201051 0.696671
v -0.091542 3.201353 0.696671
v 0.047249 2.782698 -0.026446
v 0.047249 2.770598 -0.026446
v -0.097320 3.218935 0.684515
v -0.102026 3.222333 0.727283
v -0.091542 3.201353 0.696671
v -0.089922 3.201222 0.684300
v 0.052688 2.770598 -0.013314
v 0.054544 2.782698 0.000779
v -0.090695 3.220134 0.593765
v -0.097320 3.218935 0.684515
v -0.089922 3.201222 0.684300
v -0.086646 3.201286 0.593550
v 0.052688 2.782698 -0.013314
v 0.052688 2.770598 -0.013314
v -0.068877 3.252153 0.303170
v -0.090695 3.220134 0.593765
v -0.086646 3.201286 0.593550
v -0.062255 3.236804 0.303170
v 0.054544 2.770598 0.000779
v 0.054544 2.770598 0.000779
v -0.069456 3.251979 0.303170
v -0.068877 3.252153 0.303170
v -0.062255 3.236804 0.303170
v -0.062779 3.236501 0.303170
v 0.052688 2.770598 -0.013314
v 0.047249 2.770598 -0.026446
v -0.094756 3.240153 0.593765
v -0.072383 3.268580 0.303170
v 0.038596 2.770598 -0.037723
v 0.027319 2.770598 -0.046377
v 0.014187 2.770598 -0.051816
v 0.000094 2.770598 -0.053671
v -0.101316 3.237837 0.684515
v -0.013999 2.770598 -0.051816
v -0.027131 2.770598 -0.046377
v -0.038408 2.770598 -0.037723
v -0.047061 2.770598 -0.026446
v -0.052500 2.770598 -0.013314
v -0.106007 3.240301 0.743398
v -0.054356 2.770598 0.000779
v 0.000094 2.770598 0.000779
v -0.054356 2.734129 0.000779
v -0.052500 2.734129 -0.013314
v -0.047061 2.734129 -0.026446
v -0.105403 3.240336 0.743398
v -0.106007 3.240301 0.743398
v -0.102606 3.222160 0.727283
v -0.102026 3.222333 0.727283
v -0.038408 2.734129 -0.037723
v -0.027131 2.734129 -0.046377
v -0.100711 3.237872 0.684515
v -0.105403 3.240336 0.743398
v -0.102026 3.222333 0.727283
v -0.097320 3.218935 0.684515
v -0.013999 2.734129 -0.051816
v 0.000094 2.734129 -0.053671
v -0.094152 3.240188 0.593765
v -0.100711 3.237872 0.684515
v -0.097320 3.218935 0.684515
v -0.090695 3.220134 0.593765
v 0.014187 2.734129 -0.051816
v 0.027319 2.734129 -0.046377
v -0.071779 3.268615 0.303170
v -0.094152 3.240188 0.593765
v -0.090695 3.220134 0.593765
v -0.068877 3.252153 0.303170
v 0.038596 2.734129 -0.037723
v 0.047249 2.734129 -0.026446
v -0.072383 3.268580 0.303170
v -0.071779 3.268615 0.303170
v -0.068877 3.252153 0.303170
v -0.069456 3.251979 0.303170
v 0.052688 2.734129 -0.013314
v 0.054544 2.734129 0.000779
v -0.093777 3.261268 0.593765
v -0.071403 3.285408 0.303170
v 0.000094 2.734129 0.000779
v -0.052500 2.734129 -0.013314
v -0.054356 2.734129 0.000779
v -0.054356 2.722029 0.000779
v -0.100139 3.257064 0.684515
v -0.052500 2.722029 -0.013314
v -0.047061 2.734129 -0.026446
v -0.052500 2.734129 -0.013314
v -0.052500 2.722029 -0.013314
v -0.047061 2.722029 -0.026446
v -0.099997 3.259231 0.756547
v -0.038408 2.734129 -0.037723
v -0.047061 2.734129 -0.026446
v -0.047061 2.722029 -0.026446
v -0.038408 2.722029 -0.037723
v -0.027131 2.734129 -0.046377
v -0.099401 3.259126 0.756547
v -0.099997 3.259231 0.756547
v -0.106007 3.240301 0.743398
v -0.105403 3.240336 0.743398
v -0.038408 2.734129 -0.037723
v -0.038408 2.722029 -0.037723
v -0.099543 3.256959 0.684515
v -0.099401 3.259126 0.756547
v -0.105403 3.240336 0.743398
v -0.100711 3.237872 0.684515
v -0.027131 2.722029 -0.046377
v -0.013999 2.734129 -0.051816
v -0.093181 3.261162 0.593765
v -0.099543 3.256959 0.684515
v -0.100711 3.237872 0.684515
v -0.094152 3.240188 0.593765
v -0.027131 2.734129 -0.046377
v -0.027131 2.722029 -0.046377
v -0.070807 3.285303 0.303170
v -0.093181 3.261162 0.593765
v -0.094152 3.240188 0.593765
v -0.071779 3.268615 0.303170
v -0.013999 2.722029 -0.051816
v 0.000094 2.734129 -0.053671
v -0.071403 3.285408 0.303170
v -0.070807 3.285303 0.303170
v -0.071779 3.268615 0.303170
v -0.072383 3.268580 0.303170
v -0.013999 2.734129 -0.051816
v -0.013999 2.722029 -0.051816
v -0.087802 3.280908 0.593765
v -0.066569 3.301557 0.303170
v 0.000094 2.722029 -0.053671
v 0.014187 2.734129 -0.051816
v 0.000094 2.734129 -0.053671
v 0.000094 2.722029 -0.053671
v -0.093426 3.277323 0.684515
v 0.014187 2.722029 -0.051816
v 0.027319 2.734129 -0.046377
v 0.014187 2.734129 -0.051816
v 0.014187 2.722029 -0.051816
v 0.027319 2.722029 -0.046377
v -0.090202 3.276679 0.763165
v 0.038596 2.734129 -0.037723
v 0.027319 2.734129 -0.046377
v 0.027319 2.722029 -0.046377
v 0.038596 2.722029 -0.037723
v 0.047249 2.734129 -0.026446
v -0.089647 3.276438 0.763165
v -0.090202 3.276679 0.763165
v -0.099997 3.259231 0.756547
v -0.099401 3.259126 0.756547
v 0.038596 2.734129 -0.037723
v 0.038596 2.722029 -0.037723
v -0.092871 3.277083 0.684515
v -0.089647 3.276438 0.763165
v -0.099401 3.259126 0.756547
v -0.099543 3.256959 0.684515
v 0.047249 2.722029 -0.026446
v 0.052688 2.734129 -0.013314
v -0.087247 3.280668 0.593765
v -0.092871 3.277083 0.684515
v -0.099543 3.256959 0.684515
v -0.093181 3.261162 0.593765
v 0.047249 2.734129 -0.026446
v 0.047249 2.722029 -0.026446
v -0.066013 3.301317 0.303170
v -0.087247 3.280668 0.593765
v -0.093181 3.261162 0.593765
v -0.070807 3.285303 0.303170
v 0.052688 2.722029 -0.013314
v 0.054544 2.734129 0.000779
v -0.066569 3.301557 0.303170
v -0.066013 3.301317 0.303170
v -0.070807 3.285303 0.303170
v -0.071403 3.285408 0.303170
v 0.052688 2.734129 -0.013314
v 0.052688 2.722029 -0.013314
v -0.077709 3.298533 0.593765
v -0.058140 3.316154 0.303170
v 0.054544 2.722029 0.000779
v 0.054544 2.722029 0.000779
v 0.052688 2.722029 -0.013314
v 0.047249 2.722029 -0.026446
v -0.081365 3.294913 0.684515
v 0.038596 2.722029 -0.037723
v 0.027319 2.722029 -0.046377
v 0.014187 2.722029 -0.051816
v 0.000094 2.722029 -0.053671
v -0.013999 2.722029 -0.051816
v -0.076841 3.293138 0.763165
v -0.027131 2.722029 -0.046377
v -0.038408 2.722029 -0.037723
v -0.047061 2.722029 -0.026446
v -0.052500 2.722029 -0.013314
v -0.054356 2.722029 0.000779
v -0.076356 3.292777 0.763165
v -0.076841 3.293138 0.763165
v -0.090202 3.276679 0.763165
v -0.089647 3.276438 0.763165
v 0.000094 2.722029 0.000779
v 0.042444 2.722240 0.073379
v -0.080880 3.294552 0.684515
v -0.076356 3.292777 0.763165
v -0.089647 3.276438 0.763165
v -0.092871 3.277083 0.684515
v 0.042444 2.722240 0.000779
v 0.042444 2.734340 0.000779
v -0.077224 3.298172 0.593765
v -0.080880 3.294552 0.684515
v -0.092871 3.277083 0.684515
v -0.087247 3.280668 0.593765
v 0.042444 2.734340 0.073379
v 0.042444 2.722240 0.000779
v -0.057655 3.315793 0.303170
v -0.077224 3.298172 0.593765
v -0.087247 3.280668 0.593765
v -0.066013 3.301317 0.303170
v 0.054544 2.722240 0.000779
v 0.054544 2.734340 0.000779
v -0.058140 3.316154 0.303170
v -0.057655 3.315793 0.303170
v -0.066013 3.301317 0.303170
v -0.066569 3.301557 0.303170
v 0.042444 2.734340 0.000779
v 0.054544 2.722240 0.000779
v -0.062403 3.313577 0.593765
v -0.046573 3.328415 0.303170
v 0.054544 2.722240 0.073379
v 0.054544 2.734340 0.073379
v 0.054544 2.734340 0.000779
v 0.054544 2.722240 0.073379
v -0.065043 3.311507 0.684515
v 0.042444 2.722240 0.073379
v 0.042444 2.734340 0.073379
v 0.054544 2.734340 0.073379
v 0.054544 2.734340 0.073379
v 0.042444 2.734340 0.073379
v -0.060284 3.306454 0.763165
v 0.042444 2.734340 0.000779
v 0.054544 2.734340 0.000779
v 0.042444 2.722240 0.000779
v 0.042444 2.722240 0.073379
v 0.054544 2.722240 0.073379
v -0.059896 3.305991 0.763165
v -0.060284 3.306454 0.763165
v -0.076841 3.293138 0.763165
v -0.076356 3.292777 0.763165
v 0.054544 2.722240 0.000779
v -0.054356 2.722240 0.073379
v -0.064654 3.311043 0.684515
v -0.059896 3.305991 0.763165
v -0.076356 3.292777 0.763165
v -0.080880 3.294552 0.684515
v -0.054356 2.722240 0.000779
v -0.054356 2.734340 0.000779
v -0.062014 3.313114 0.593765
v -0.064654 3.311043 0.684515
v -0.080880 3.294552 0.684515
v -0.077224 3.298172 0.593765
v -0.054356 2.734340 0.073379
v -0.054356 2.722240 0.000779
v -0.046184 3.327953 0.303170
v -0.062014 3.313114 0.593765
v -0.077224 3.298172 0.593765
v -0.057655 3.315793 0.303170
v -0.042256 2.722240 0.000779
v -0.042256 2.734340 0.000779
v -0.046573 3.328415 0.303170
v -0.046184 3.327953 0.303170
v -0.057655 3.315793 0.303170
v -0.058140 3.316154 0.303170
v -0.054356 2.734340 0.000779
v -0.042256 2.722240 0.000779
v -0.043118 3.325089 0.593765
v -0.032489 3.337678 0.303170
v -0.042256 2.722240 0.073379
v -0.042256 2.734340 0.073379
v -0.042256 2.734340 0.000779
v -0.042256 2.722240 0.073379
v -0.044577 3.321739 0.684515
v -0.054356 2.722240 0.073379
v -0.054356 2.734340 0.073379
v -0.042256 2.734340 0.073379
v -0.042256 2.734340 0.073379
v -0.054356 2.734340 0.073379
v -0.041641 3.317027 0.763165
v -0.054356 2.734340 0.000779
v -0.042256 2.734340 0.000779
v -0.054356 2.722240 0.000779
v -0.054356 2.722240 0.073379
v -0.042256 2.722240 0.073379
v -0.041370 3.316486 0.763165
v -0.041641 3.317027 0.763165
v -0.060284 3.306454 0.763165
v -0.059896 3.305991 0.763165
v -0.042256 2.722240 0.000779
v 0.042444 2.770598 0.073379
v -0.044306 3.321198 0.684515
v -0.041370 3.316486 0.763165
v -0.059896 3.305991 0.763165
v -0.064654 3.311043 0.684515
v 0.042444 2.770598 0.000779
v 0.042444 2.782698 0.000779
v -0.042846 3.324548 0.593765
v -0.044306 3.321198 0.684515
v -0.064654 3.311043 0.684515
v -0.062014 3.313114 0.593765
v 0.042444 2.782698 0.073379
v 0.042444 2.770598 0.000779
v -0.032217 3.337138 0.303170
v -0.042846 3.324548 0.593765
v -0.062014 3.313114 0.593765
v -0.046184 3.327953 0.303170
v 0.054544 2.770598 0.000779
v 0.054544 2.782698 0.000779
v -0.032489 3.337678 0.303170
v -0.032217 3.337138 0.303170
v -0.046184 3.327953 0.303170
v -0.046573 3.328415 0.303170
v 0.042444 2.782698 0.000779
v 0.054544 2.770598 0.000779
v -0.022471 3.332026 0.593765
v -0.016649 3.343444 0.303170
v 0.054544 2.770598 0.073379
v 0.054544 2.782698 0.073379
v 0.054544 2.782698 0.000779
v 0.054544 2.770598 0.073379
v -0.023237 3.328372 0.684515
v 0.042444 2.770598 0.073379
v 0.042444 2.782698 0.073379
v 0.054544 2.782698 0.073379
v 0.054544 2.782698 0.073379
v 0.042444 2.782698 0.073379
v -0.020915 3.324399 0.763165
v 0.042444 2.782698 0.000779
v 0.054544 2.782698 0.000779
v 0.042444 2.770598 0.000779
v 0.042444 2.770598 0.073379
v 0.054544 2.770598 0.073379
v -0.020775 3.323811 0.763165
v -0.020915 3.324399 0.763165
v -0.041641 3.317027 0.763165
v -0.041370 3.316486 0.763165
v 0.054544 2.770598 0.000779
v -0.054356 2.770598 0.073379
v -0.023097 3.327784 0.684515
v -0.020775 3.323811 0.763165
v -0.041370 3.316486 0.763165
v -0.044306 3.321198 0.684515
v -0.054356 2.770598 0.000779
v -0.054356 2.782698 0.000779
v -0.022332 3.331436 0.593765
v -0.023097 3.327784 0.684515
v -0.044306 3.321198 0.684515
v -0.042846 3.324548 0.593765
v -0.054356 2.782698 0.073379
v -0.054356 2.770598 0.000779
v -0.016509 3.342856 0.303170
v -0.022332 3.331436 0.593765
v -0.042846 3.324548 0.593765
v -0.032217 3.337138 0.303170
v -0.042256 2.770598 0.000779
v -0.042256 2.782698 0.000779
v -0.016649 3.343444 0.303170
v -0.016509 3.342856 0.303170
v -0.032217 3.337138 0.303170
v -0.032489 3.337678 0.303170
v -0.054356 2.782698 0.000779
v -0.042256 2.770598 0.000779
v 0.000111 3.334338 0.593765
v 0.000094 3.345401 0.303170
v -0.042256 2.770598 0.073379
v -0.042256 2.782698 0.073379
v -0.042256 2.782698 0.000779
v -0.042256 2.770598 0.073379
v 0.000100 3.330535 0.684515
v -0.054356 2.770598 0.073379
v -0.054356 2.782698 0.073379
v -0.042256 2.782698 0.073379
v -0.042256 2.782698 0.073379
v -0.054356 2.782698 0.073379
v 0.000094 3.327239 0.763165
v -0.054356 2.782698 0.000779
v -0.042256 2.782698 0.000779
v -0.054356 2.770598 0.000779
v -0.054356 2.770598 0.073379
v -0.042256 2.770598 0.073379
v 0.000094 3.326634 0.763165
v 0.000094 3.327239 0.763165
v -0.020915 3.324399 0.763165
v -0.020775 3.323811 0.763165
v -0.042256 2.770598 0.000779
v -0.013821 2.737323 0.241237
v 0.000100 3.329930 0.684515
v 0.000094 3.326634 0.763165
v -0.020775 3.323811 0.763165
v -0.023097 3.327784 0.684515
v -0.013821 2.767573 0.241237
v -0.025921 2.737323 0.225949
v 0.000111 3.333732 0.593765
v 0.000100 3.329930 0.684515
v -0.023097 3.327784 0.684515
v -0.022332 3.331436 0.593765
v -0.039231 2.737323 0.047969
v -0.039231 2.767573 0.047969
v 0.000094 3.344796 0.303170
v 0.000111 3.333732 0.593765
v -0.022332 3.331436 0.593765
v -0.016509 3.342856 0.303170
v -0.025921 2.767573 0.225949
v 0.039419 2.737323 0.047969
v 0.000094 3.345401 0.303170
v 0.000094 3.344796 0.303170
v -0.016509 3.342856 0.303170
v -0.016649 3.343444 0.303170
v 0.039419 2.767573 0.047969
v 0.026109 2.737323 0.225949
v 0.016837 3.343444 0.303170
v 0.016697 3.342856 0.303170
v 0.000094 3.344796 0.303170
v 0.000094 3.345401 0.303170
v 0.014009 2.737323 0.241237
v 0.014009 2.767573 0.241237
v -0.087170 3.200984 0.593550
v -0.062779 3.236501 0.303170
v -0.090184 3.201072 0.670252
v -0.090446 3.200919 0.684300
v -0.087170 3.200984 0.593550
v 0.026109 2.767573 0.225949
v -0.092066 3.201051 0.696671
v -0.090446 3.200919 0.684300
v 0.014009 2.737323 0.241237
v -0.091542 3.201353 0.696671
v -0.092066 3.201051 0.696671
v -0.013821 2.737323 0.241237
v -0.089922 3.201222 0.684300
v -0.091542 3.201353 0.696671
v -0.013821 2.767573 0.241237
v -0.086646 3.201286 0.593550
v -0.089922 3.201222 0.684300
v 0.014009 2.767573 0.241237
v -0.062255 3.236804 0.303170
v -0.086646 3.201286 0.593550
v -0.039231 2.767573 0.047969
v -0.062779 3.236501 0.303170
v -0.062255 3.236804 0.303170
v 0.039419 2.767573 0.047969
v 0.069924 3.257958 0.309220
v 0.071484 3.272801 0.309220
v 0.000094 3.272801 0.309220
v 0.065312 3.243764 0.309220
v 0.014009 2.767573 0.241237
v -0.013821 2.767573 0.241237
v 0.057850 3.230839 0.309220
v -0.025921 2.767573 0.225949
v 0.026109 2.767573 0.225949
v 0.047863 3.219748 0.309220
v -0.039231 2.737323 0.047969
v 0.039419 2.737323 0.047969
v 0.035789 3.210975 0.309220
v -0.025921 2.737323 0.225949
v -0.013821 2.737323 0.241237
v 0.022155 3.204905 0.309220
v 0.014009 2.737323 0.241237
v 0.026109 2.737323 0.225949
v 0.007556 3.201802 0.309220
v -0.045281 2.800845 0.231217
v -0.045281 2.791770 0.231217
v -0.007368 3.201802 0.309220
v -0.045281 2.800845 0.237267
v -0.045281 2.791770 0.237267
v -0.021967 3.204905 0.309220
v -0.045281 2.800845 0.237267
v -0.045281 2.791770 0.237267
v -0.035601 3.210975 0.309220
v 0.045469 2.800845 0.237267
v 0.045469 2.791770 0.237267
v -0.047675 3.219748 0.309220
v 0.045469 2.800845 0.237267
v 0.045469 2.791770 0.237267
v -0.057662 3.230839 0.309220
v 0.045469 2.800845 0.231217
v 0.045469 2.791770 0.231217
v -0.065124 3.243764 0.309220
v 0.045469 2.800845 0.231217
v 0.045469 2.791770 0.231217
v -0.069736 3.257958 0.309220
v -0.045281 2.800845 0.231217
v -0.045281 2.791770 0.231217
v -0.071296 3.272801 0.309220
v 0.045469 2.791770 0.231217
v 0.045469 2.791770 0.237267
v -0.069736 3.287644 0.309220
v -0.045281 2.791770 0.231217
v -0.045281 2.791770 0.237267
v -0.065124 3.301838 0.309220
v -0.045281 2.800845 0.237267
v 0.045469 2.800845 0.237267
v -0.057662 3.314763 0.309220
v -0.045281 2.800845 0.231217
v 0.045469 2.800845 0.231217
v -0.047675 3.325855 0.309220
v -0.031668 2.776645 0.219117
v -0.031668 2.767570 0.219117
v -0.035601 3.334626 0.309220
v -0.031668 2.776645 0.249367
v -0.031668 2.767570 0.249367
v -0.021967 3.340697 0.309220
v -0.031668 2.776645 0.249367
v -0.031668 2.767570 0.249367
v -0.007368 3.343800 0.309220
v 0.031856 2.776645 0.249367
v 0.031856 2.767570 0.249367
v 0.007556 3.343800 0.309220
v 0.031856 2.776645 0.249367
v 0.031856 2.767570 0.249367
v 0.022155 3.340697 0.309220
v 0.031856 2.776645 0.219117
v 0.031856 2.767570 0.219117
v 0.035789 3.334626 0.309220
v 0.031856 2.767570 0.219117
v 0.031856 2.767570 0.249367
v 0.047863 3.325855 0.309220
v -0.031668 2.767570 0.219117
v -0.031668 2.767570 0.249367
v 0.057850 3.314763 0.309220
v -0.031668 2.776645 0.249367
v 0.031856 2.776645 0.249367
v 0.065312 3.301838 0.309220
v -0.031668 2.776645 0.219117
v 0.031856 2.776645 0.219117
v 0.069924 3.287644 0.309220
v -0.040744 2.809920 0.219117
v -0.040744 2.767570 0.219117
v -0.040744 2.809920 0.249367
v -0.040744 2.767570 0.249367
v -0.040744 2.809920 0.249367
v 0.069924 3.257958 0.303170
v 0.071484 3.272801 0.303170
v 0.071484 3.272801 0.309220
v 0.069924 3.257958 0.309220
v -0.040744 2.767570 0.249367
v -0.031668 2.809920 0.249367
v 0.065312 3.243764 0.303170
v -0.031668 2.767570 0.249367
v -0.031668 2.809920 0.249367
v 0.065312 3.243764 0.309220
v -0.031668 2.767570 0.249367
v -0.031668 2.809920 0.219117
v 0.057850 3.230839 0.303170
v -0.031668 2.767570 0.219117
v -0.031668 2.809920 0.219117
v 0.057850 3.230839 0.309220
v -0.031668 2.767570 0.219117
v -0.040744 2.809920 0.219117
v 0.047863 3.219748 0.303170
v -0.040744 2.767570 0.219117
v -0.031668 2.767570 0.219117
v 0.047863 3.219748 0.309220
v -0.031668 2.767570 0.249367
v -0.040744 2.767570 0.219117
v 0.035789 3.210975 0.303170
v -0.040744 2.767570 0.249367
v -0.040744 2.809920 0.249367
v 0.035789 3.210975 0.309220
v -0.031668 2.809920 0.249367
v -0.040744 2.809920 0.219117
v 0.022155 3.204905 0.303170
v -0.031668 2.809920 0.219117
v 0.031856 2.809920 0.219117
v 0.022155 3.204905 0.309220
v 0.031856 2.767570 0.219117
v 0.031856 2.809920 0.249367
v 0.007556 3.201802 0.303170
v 0.031856 2.767570 0.249367
v 0.031856 2.809920 0.249367
v 0.007556 3.201802 0.309220
v 0.031856 2.767570 0.249367
v 0.040932 2.809920 0.249367
v -0.007368 3.201802 0.303170
v 0.040932 2.767570 0.249367
v 0.040932 2.809920 0.249367
v -0.007368 3.201802 0.309220
v 0.040932 2.767570 0.249367
v 0.040932 2.809920 0.219117
v -0.021967 3.204905 0.303170
v 0.040932 2.767570 0.219117
v 0.040932 2.809920 0.219117
v -0.021967 3.204905 0.309220
v 0.040932 2.767570 0.219117
v 0.031856 2.809920 0.219117
v -0.035601 3.210975 0.303170
v 0.031856 2.767570 0.219117
v 0.040932 2.767570 0.219117
v -0.035601 3.210975 0.309220
v 0.040932 2.767570 0.249367
v 0.031856 2.767570 0.219117
v -0.047675 3.219748 0.303170
v 0.031856 2.767570 0.249367
v 0.031856 2.809920 0.249367
v -0.047675 3.219748 0.309220
v 0.040932 2.809920 0.249367
v 0.031856 2.809920 0.219117
v -0.057662 3.230839 0.303170
v 0.040932 2.809920 0.219117
v -0.017149 2.776645 0.197942
v -0.057662 3.230839 0.309220
v -0.017149 2.767570 0.197942
v -0.031668 2.776645 0.219117
v -0.065124 3.243764 0.303170
v -0.031668 2.767570 0.219117
v 0.017337 2.776645 0.197942
v -0.065124 3.243764 0.309220
v 0.017337 2.767570 0.197942
v -0.017149 2.776645 0.197942
v -0.069736 3.257958 0.303170
v -0.017149 2.767570 0.197942
v 0.031856 2.776645 0.219117
v -0.069736 3.257958 0.309220
v 0.031856 2.767570 0.219117
v 0.017337 2.776645 0.197942
v -0.071296 3.272801 0.303170
v 0.017337 2.767570 0.197942
v -0.017149 2.776645 0.197942
v -0.071296 3.272801 0.309220
v -0.031668 2.776645 0.219117
v 0.017337 2.776645 0.197942
v -0.069736 3.287644 0.303170
v 0.031856 2.776645 0.219117
v 0.031856 2.767570 0.219117
v -0.069736 3.287644 0.309220
v -0.031668 2.767570 0.219117
v 0.017337 2.767570 0.197942
v -0.065124 3.301838 0.303170
v -0.017149 2.767570 0.197942
v 0.018244 2.845248 0.219117
v -0.065124 3.301838 0.309220
v 0.018244 2.784140 0.219117
v 0.018244 2.845248 0.249367
v -0.057662 3.314763 0.303170
v 0.018244 2.784140 0.249367
v 0.018244 2.845248 0.249367
v -0.057662 3.314763 0.309220
v 0.018244 2.784140 0.249367
v 0.030344 2.845248 0.249367
v -0.047675 3.325855 0.303170
v 0.030344 2.784140 0.249367
v 0.030344 2.845248 0.249367
v -0.047675 3.325855 0.309220
v 0.030344 2.784140 0.249367
v 0.030344 2.845248 0.219117
v -0.035601 3.334626 0.303170
v 0.030344 2.784140 0.219117
v 0.030344 2.845248 0.219117
v -0.035601 3.334626 0.309220
v 0.030344 2.784140 0.219117
v 0.018244 2.845248 0.219117
v -0.021967 3.340697 0.303170
v 0.018244 2.784140 0.219117
v 0.018244 2.845248 0.249367
v -0.021967 3.340697 0.309220
v 0.030344 2.845248 0.249367
v 0.018244 2.845248 0.219117
v -0.007368 3.343800 0.303170
v 0.030344 2.845248 0.219117
v -0.030156 2.845248 0.219117
v -0.007368 3.343800 0.309220
v -0.030156 2.784140 0.219117
v -0.030156 2.845248 0.249367
v 0.007556 3.343800 0.303170
v -0.030156 2.784141 0.249367
v -0.030156 2.845248 0.249367
v 0.007556 3.343800 0.309220
v -0.030156 2.784141 0.249367
v -0.018056 2.845248 0.249367
v 0.022155 3.340697 0.303170
v -0.018056 2.784141 0.249367
v -0.018056 2.845248 0.249367
v 0.022155 3.340697 0.309220
v -0.018056 2.784141 0.249367
v -0.018056 2.845248 0.219117
v 0.035789 3.334626 0.303170
v -0.018056 2.784141 0.219117
v -0.018056 2.845248 0.219117
v 0.035789 3.334626 0.309220
v -0.018056 2.784141 0.219117
v -0.030156 2.845248 0.219117
v 0.047863 3.325855 0.303170
v -0.030156 2.784140 0.219117
v -0.030156 2.845248 0.249367
v 0.047863 3.325855 0.309220
v -0.018056 2.845248 0.249367
v -0.030156 2.845248 0.219117
v 0.057850 3.314763 0.303170
v -0.018056 2.845248 0.219117
v -0.010494 3.349554 0.294468
v 0.057850 3.314763 0.309220
v -0.010494 3.385854 0.294468
v -0.010494 3.349554 0.276318
v 0.065312 3.301838 0.303170
v -0.010494 3.385854 0.276318
v 0.010682 3.349554 0.294468
v 0.065312 3.301838 0.309220
v 0.010682 3.385854 0.294468
v -0.010494 3.349554 0.294468
v 0.069924 3.287644 0.303170
v -0.010494 3.385854 0.294468
v 0.010682 3.349554 0.276318
v 0.069924 3.287644 0.309220
v 0.010682 3.385854 0.276318
v 0.010682 3.349554 0.294468
v 0.010682 3.385854 0.294468
v -0.010494 3.349554 0.276318
v -0.010494 3.385854 0.276318
v 0.010682 3.349554 0.276318
v 0.010682 3.385854 0.276318
v -0.010494 3.349554 0.294468
v 0.071484 3.272801 0.303170
v 0.069924 3.257958 0.303170
v 0.000094 3.272801 0.303170
v -0.010494 3.349554 0.276318
v 0.065312 3.243764 0.303170
v 0.010682 3.349554 0.294468
v 0.010682 3.349554 0.276318
v 0.057850 3.230839 0.303170
v 0.010682 3.385854 0.276318
v -0.010494 3.385854 0.276318
v 0.047863 3.219748 0.303170
v 0.010682 3.385854 0.294468
v -0.010494 3.385854 0.294468
v 0.035789 3.210975 0.303170
v -0.004443 3.376535 0.289543
v -0.004443 3.385609 0.289543
v 0.022155 3.204905 0.303170
v -0.004443 3.376535 0.132243
v -0.004443 3.385609 0.132243
v 0.007556 3.201802 0.303170
v 0.004631 3.376535 0.289543
v 0.004631 3.385609 0.289543
v -0.007368 3.201802 0.303170
v -0.004443 3.376535 0.289543
v -0.004443 3.385609 0.289543
v -0.021967 3.204905 0.303170
v 0.004631 3.376535 0.132243
v 0.004631 3.385609 0.132243
v -0.035601 3.210975 0.303170
v 0.004631 3.376535 0.289543
v 0.004631 3.385609 0.289543
v -0.047675 3.219748 0.303170
v -0.004443 3.376535 0.132243
v -0.004443 3.385609 0.132243
v -0.057662 3.230839 0.303170
v 0.004631 3.376535 0.132243
v 0.004631 3.385609 0.132243
v -0.065124 3.243764 0.303170
v -0.004443 3.376535 0.289543
v -0.004443 3.376535 0.132243
v -0.069736 3.257958 0.303170
v 0.004631 3.376535 0.289543
v 0.004631 3.376535 0.132243
v -0.071296 3.272801 0.303170
v 0.004631 3.385609 0.132243
v -0.004443 3.385609 0.132243
v -0.069736 3.287644 0.303170
v 0.004631 3.385609 0.289543
v -0.004443 3.385609 0.289543
v -0.065124 3.301838 0.303170
v 0.227213 3.179631 0.294900
v 0.227213 3.197782 0.294900
v -0.057662 3.314763 0.303170
v 0.070030 3.179631 0.204150
v 0.070030 3.197782 0.204150
v -0.047675 3.325855 0.303170
v 0.073055 3.179631 0.198911
v 0.073055 3.197782 0.198911
v -0.035601 3.334626 0.303170
v 0.230238 3.179631 0.289661
v 0.230238 3.197782 0.289661
v -0.021967 3.340697 0.303170
v 0.070030 3.179631 0.204150
v 0.070030 3.197782 0.204150
v -0.007368 3.343800 0.303170
v 0.073055 3.179631 0.198911
v 0.073055 3.197782 0.198911
v 0.007556 3.343800 0.303170
v 0.227213 3.179631 0.294900
v 0.070030 3.179631 0.204150
v 0.022155 3.340697 0.303170
v 0.230238 3.179631 0.289661
v 0.073055 3.179631 0.198911
v 0.035789 3.334626 0.303170
v 0.073055 3.197782 0.198911
v 0.070030 3.197782 0.204150
v 0.047863 3.325855 0.303170
v 0.230238 3.197782 0.289661
v 0.227213 3.197782 0.294900
v 0.057850 3.314763 0.303170
v -0.227025 3.179631 0.294900
v -0.227025 3.197782 0.294900
v 0.065312 3.301838 0.303170
v -0.069842 3.197782 0.204150
v -0.069842 3.179631 0.204150
v 0.069924 3.287644 0.303170
v -0.072867 3.179631 0.198911
v -0.072867 3.197782 0.198911
v -0.230050 3.197782 0.289661
v -0.230050 3.179631 0.289661
v -0.209181 3.187621 0.292211
v -0.214817 3.187358 0.294395
v -0.095965 3.269669 0.594159
v -0.101601 3.269406 0.596343
v -0.069842 3.179631 0.204150
v -0.069842 3.197782 0.204150
v -0.099269 3.251834 0.600244
v -0.212485 3.169786 0.298295
v -0.093633 3.252097 0.598059
v -0.206849 3.170049 0.296111
v -0.072867 3.197782 0.198911
v -0.072867 3.179631 0.198911
v -0.101601 3.269406 0.596343
v -0.099269 3.251834 0.600244
v -0.095965 3.269669 0.594159
v -0.093633 3.252097 0.598059
v -0.227025 3.179631 0.294900
v -0.069842 3.179631 0.204150
v -0.214817 3.187358 0.294395
v -0.212485 3.169786 0.298295
v -0.101601 3.269406 0.596343
v -0.099269 3.251834 0.600244
v -0.072867 3.179631 0.198911
v -0.230050 3.179631 0.289661
v -0.095965 3.269669 0.594159
v -0.093633 3.252097 0.598059
v -0.209181 3.187621 0.292211
v -0.206849 3.170049 0.296111
v -0.072867 3.197782 0.198911
v -0.069842 3.197782 0.204150
v 0.218449 3.188102 0.295685
v 0.212814 3.187839 0.293501
v 0.098577 3.270150 0.595053
v 0.092942 3.269887 0.592869
v -0.227025 3.197782 0.294900
v -0.230050 3.197782 0.289661
v 0.092035 3.252316 0.597322
v 0.211908 3.170267 0.297954
v 0.097671 3.252579 0.599507
v 0.217543 3.170530 0.300138
v 0.227213 2.995106 0.294900
v 0.227213 3.013256 0.294900
v 0.092942 3.269887 0.592869
v 0.092035 3.252316 0.597322
v 0.098577 3.270150 0.595053
v 0.097671 3.252579 0.599507
v 0.070030 2.995106 0.204150
v 0.070030 3.013256 0.204150
v 0.212814 3.187839 0.293501
v 0.211908 3.170267 0.297954
v 0.092942 3.269887 0.592869
v 0.092035 3.252316 0.597322
v 0.073055 2.995106 0.198911
v 0.073055 3.013256 0.198911
v 0.098577 3.270150 0.595053
v 0.097671 3.252579 0.599507
v 0.218449 3.188102 0.295685
v 0.217543 3.170530 0.300138
v 0.230238 2.995106 0.289661
v 0.230238 3.013256 0.289661
v 0.069644 3.067454 0.303170
v 0.091463 3.035436 0.593765
v 0.062967 3.051976 0.303170
v 0.070030 2.995106 0.204150
v 0.087358 3.016459 0.593550
v 0.070030 3.013256 0.204150
v 0.073055 2.995106 0.198911
v 0.098088 3.034237 0.684515
v 0.073055 3.013256 0.198911
v 0.227213 2.995106 0.294900
v 0.090634 3.016395 0.684300
v 0.070030 2.995106 0.204150
v 0.230238 2.995106 0.289661
v 0.102794 3.037635 0.727283
v 0.073055 2.995106 0.198911
v 0.073055 3.013256 0.198911
v 0.092254 3.016526 0.696671
v 0.070030 3.013256 0.204150
v 0.102794 3.037635 0.727283
v 0.102214 3.037809 0.727283
v 0.092254 3.016526 0.696671
v 0.230238 3.013256 0.289661
v 0.091730 3.016829 0.696671
v 0.227213 3.013256 0.294900
v 0.102214 3.037809 0.727283
v 0.097508 3.034410 0.684515
v 0.091730 3.016829 0.696671
v -0.227025 2.995106 0.294900
v 0.090110 3.016698 0.684300
v -0.227025 3.013256 0.294900
v 0.097508 3.034410 0.684515
v 0.090883 3.035610 0.593765
v 0.090110 3.016698 0.684300
v -0.069842 3.013256 0.204150
v 0.086834 3.016761 0.593550
v -0.069842 2.995106 0.204150
v 0.090883 3.035610 0.593765
v 0.069065 3.067628 0.303170
v 0.086834 3.016761 0.593550
v -0.072867 2.995106 0.198911
v 0.062443 3.052278 0.303170
v -0.072867 3.013256 0.198911
v 0.069065 3.067628 0.303170
v 0.069644 3.067454 0.303170
v 0.062443 3.052278 0.303170
v -0.230050 3.013256 0.289661
v 0.062967 3.051976 0.303170
v -0.230050 2.995106 0.289661
v 0.072571 3.084055 0.303170
v 0.094944 3.055628 0.593765
v -0.069842 2.995106 0.204150
v -0.069842 3.013256 0.204150
v -0.072867 3.013256 0.198911
v -0.072867 2.995106 0.198911
v -0.227025 2.995106 0.294900
v 0.101504 3.053312 0.684515
v -0.069842 2.995106 0.204150
v -0.072867 2.995106 0.198911
v -0.230050 2.995106 0.289661
v -0.072867 3.013256 0.198911
v -0.069842 3.013256 0.204150
v 0.106195 3.055776 0.743398
v -0.227025 3.013256 0.294900
v -0.230050 3.013256 0.289661
v 0.023996 3.276984 0.182471
v 0.021656 3.284184 0.182471
v 0.106195 3.055776 0.743398
v 0.105591 3.055811 0.743398
v 0.102794 3.037635 0.727283
v 0.017206 3.290310 0.182471
v 0.102214 3.037809 0.727283
v 0.011081 3.294761 0.182471
v 0.105591 3.055811 0.743398
v 0.100899 3.053347 0.684515
v 0.102214 3.037809 0.727283
v 0.003879 3.297100 0.182471
v 0.097508 3.034410 0.684515
v -0.003691 3.297100 0.182471
v 0.100899 3.053347 0.684515
v 0.094340 3.055663 0.593765
v 0.097508 3.034410 0.684515
v -0.010893 3.294761 0.182471
v 0.090883 3.035610 0.593765
v -0.017018 3.290310 0.182471
v 0.094340 3.055663 0.593765
v 0.071967 3.084090 0.303170
v 0.090883 3.035610 0.593765
v -0.021468 3.284184 0.182471
v 0.069065 3.067628 0.303170
v -0.023808 3.276984 0.182471
v 0.071967 3.084090 0.303170
v 0.072571 3.084055 0.303170
v 0.069065 3.067628 0.303170
v -0.023808 2.899966 0.182773
v 0.069644 3.067454 0.303170
v -0.021468 2.892765 0.182773
v 0.071591 3.100883 0.303170
v 0.093965 3.076743 0.593765
v -0.017018 2.886639 0.182773
v -0.010893 2.882189 0.182773
v -0.003691 2.879849 0.182773
v 0.003879 2.879849 0.182773
v 0.011081 2.882189 0.182773
v 0.100327 3.072540 0.684515
v 0.017206 2.886639 0.182773
v 0.000094 2.903752 0.182773
v 0.021656 2.892765 0.182773
v 0.023996 2.899966 0.182773
v 0.077777 3.285519 0.197596
v 0.100185 3.074707 0.756547
v 0.023996 3.276984 0.182471
v 0.070163 3.308919 0.197596
v 0.021656 3.284184 0.182471
v 0.055728 3.328802 0.197596
v 0.100185 3.074707 0.756547
v 0.099589 3.074602 0.756547
v 0.106195 3.055776 0.743398
v 0.017206 3.290310 0.182471
v 0.105591 3.055811 0.743398
v 0.035788 3.343293 0.197596
v 0.099589 3.074602 0.756547
v 0.099731 3.072434 0.684515
v 0.105591 3.055811 0.743398
v 0.011081 3.294761 0.182471
v 0.100899 3.053347 0.684515
v 0.012384 3.350876 0.197596
v 0.099731 3.072434 0.684515
v 0.093369 3.076638 0.593765
v 0.100899 3.053347 0.684515
v 0.003879 3.297100 0.182471
v 0.094340 3.055663 0.593765
v -0.012209 3.350876 0.197596
v 0.093369 3.076638 0.593765
v 0.070995 3.100778 0.303170
v 0.094340 3.055663 0.593765
v -0.003691 3.297100 0.182471
v 0.071967 3.084090 0.303170
v -0.035664 3.343253 0.197596
v 0.070995 3.100778 0.303170
v 0.071591 3.100883 0.303170
v 0.071967 3.084090 0.303170
v -0.010893 3.294761 0.182471
v 0.072571 3.084055 0.303170
v -0.055486 3.328869 0.197596
v 0.066757 3.117032 0.303170
v 0.087990 3.096383 0.593765
v -0.017018 3.290310 0.182471
v -0.069975 3.308905 0.197596
v -0.021468 3.284184 0.182471
v -0.077598 3.285528 0.197596
v -0.023808 3.276984 0.182471
v 0.093614 3.092798 0.684515
v -0.077587 2.891437 0.197898
v -0.023808 2.899966 0.182773
v -0.069970 2.868003 0.197898
v -0.021468 2.892765 0.182773
v -0.055530 2.848136 0.197898
v 0.090390 3.092154 0.763165
v -0.017018 2.886639 0.182773
v -0.035622 2.833681 0.197898
v -0.010893 2.882189 0.182773
v -0.012170 2.826068 0.197898
v 0.090390 3.092154 0.763165
v 0.089835 3.091914 0.763165
v 0.100185 3.074707 0.756547
v -0.003691 2.879849 0.182773
v 0.099589 3.074602 0.756547
v 0.012397 2.826055 0.197898
v 0.089835 3.091914 0.763165
v 0.093059 3.092558 0.684515
v 0.099589 3.074602 0.756547
v 0.003879 2.879849 0.182773
v 0.099731 3.072434 0.684515
v 0.035825 2.833667 0.197898
v 0.093059 3.092558 0.684515
v 0.087435 3.096143 0.593765
v 0.099731 3.072434 0.684515
v 0.011081 2.882189 0.182773
v 0.093369 3.076638 0.593765
v 0.055718 2.848127 0.197898
v 0.087435 3.096143 0.593765
v 0.066201 3.116792 0.303170
v 0.093369 3.076638 0.593765
v 0.017206 2.886639 0.182773
v 0.070995 3.100778 0.303170
v 0.070171 2.868052 0.197898
v 0.066201 3.116792 0.303170
v 0.066757 3.117032 0.303170
v 0.070995 3.100778 0.303170
v 0.077759 2.891426 0.197898
v 0.071591 3.100883 0.303170
v 0.023996 2.899966 0.182773
v 0.058328 3.131630 0.303170
v 0.077897 3.114008 0.593765
v 0.021656 2.892765 0.182773
v 0.077777 3.285519 0.197596
v 0.070163 3.308919 0.197596
v 0.055728 3.328802 0.197596
v 0.035788 3.343293 0.197596
v 0.081553 3.110388 0.684515
v 0.012384 3.350876 0.197596
v -0.012209 3.350876 0.197596
v -0.035664 3.343253 0.197596
v -0.055486 3.328869 0.197596
v -0.069975 3.308905 0.197596
v 0.077029 3.108613 0.763165
v -0.077598 3.285528 0.197596
v -0.077587 2.891437 0.197898
v -0.069970 2.868003 0.197898
v -0.055530 2.848136 0.197898
v 0.077029 3.108613 0.763165
v 0.076544 3.108252 0.763165
v 0.090390 3.092154 0.763165
v -0.035622 2.833681 0.197898
v 0.089835 3.091914 0.763165
v -0.012170 2.826068 0.197898
v 0.076544 3.108252 0.763165
v 0.081068 3.110027 0.684515
v 0.089835 3.091914 0.763165
v 0.012397 2.826055 0.197898
v 0.093059 3.092558 0.684515
v 0.035825 2.833667 0.197898
v 0.081068 3.110027 0.684515
v 0.077412 3.113647 0.593765
v 0.093059 3.092558 0.684515
v 0.055718 2.848127 0.197898
v 0.087435 3.096143 0.593765
v 0.000094 2.903752 0.197898
v 0.077412 3.113647 0.593765
v 0.057843 3.131269 0.303170
v 0.087435 3.096143 0.593765
v 0.077759 2.891426 0.197898
v 0.066201 3.116792 0.303170
v 0.070171 2.868052 0.197898
v 0.057843 3.131269 0.303170
v 0.058328 3.131630 0.303170
v 0.066201 3.116792 0.303170
v 0.077776 3.285648 0.196991
v 0.066757 3.117032 0.303170
v 0.070172 3.309051 0.196991
v 0.046761 3.143891 0.303170
v 0.062591 3.129053 0.593765
v 0.055708 3.328959 0.196991
v 0.035800 3.343423 0.196991
v 0.012397 3.351027 0.196991
v -0.012210 3.351027 0.196991
v -0.035612 3.343423 0.196991
v 0.065231 3.126981 0.684515
v -0.055520 3.328959 0.196991
v -0.069984 3.309051 0.196991
v -0.077588 3.285648 0.196991
v -0.077588 2.891448 0.197293
v -0.069984 2.868045 0.197293
v 0.060472 3.121930 0.763165
v -0.055520 2.848137 0.197293
v -0.035612 2.833673 0.197293
v -0.012210 2.826069 0.197293
v 0.012397 2.826069 0.197293
v 0.060472 3.121930 0.763165
v 0.060084 3.121467 0.763165
v 0.077029 3.108613 0.763165
v 0.035800 2.833673 0.197293
v 0.076544 3.108252 0.763165
v 0.055708 2.848137 0.197293
v 0.060084 3.121467 0.763165
v 0.064842 3.126518 0.684515
v 0.076544 3.108252 0.763165
v 0.000094 2.903752 0.197293
v 0.081068 3.110027 0.684515
v 0.070172 2.868045 0.197293
v 0.064842 3.126518 0.684515
v 0.062202 3.128589 0.593765
v 0.081068 3.110027 0.684515
v 0.077776 2.891448 0.197293
v 0.077412 3.113647 0.593765
v 0.077776 3.285648 0.302866
v 0.062202 3.128589 0.593765
v 0.046372 3.143428 0.303170
v 0.077412 3.113647 0.593765
v 0.077776 3.285648 0.196991
v 0.057843 3.131269 0.303170
v 0.070172 3.309051 0.302866
v 0.046372 3.143428 0.303170
v 0.046761 3.143891 0.303170
v 0.057843 3.131269 0.303170
v 0.070172 3.309051 0.196991
v 0.058328 3.131630 0.303170
v 0.055708 3.328959 0.302866
v 0.032677 3.153154 0.303170
v 0.043306 3.140563 0.593765
v 0.055708 3.328959 0.196991
v 0.035800 3.343423 0.302866
v 0.035800 3.343423 0.196991
v 0.012397 3.351027 0.302866
v 0.012397 3.351027 0.196991
v 0.044765 3.137213 0.684515
v -0.012210 3.351027 0.302866
v -0.012210 3.351027 0.196991
v -0.035612 3.343423 0.302866
v -0.035612 3.343423 0.196991
v -0.055520 3.328959 0.302866
v 0.041829 3.132502 0.763165
v -0.055520 3.328959 0.196991
v -0.069984 3.309051 0.302866
v -0.069984 3.309051 0.196991
v -0.077588 3.285648 0.302866
v 0.041829 3.132502 0.763165
v 0.041558 3.131961 0.763165
v 0.060472 3.121930 0.763165
v -0.077588 3.285648 0.196991
v 0.060084 3.121467 0.763165
v -0.077588 2.891448 0.303168
v 0.041558 3.131961 0.763165
v 0.044494 3.136673 0.684515
v 0.060084 3.121467 0.763165
v -0.077588 2.891448 0.197293
v 0.064842 3.126518 0.684515
v -0.069984 2.868045 0.303168
v 0.044494 3.136673 0.684515
v 0.043034 3.140023 0.593765
v 0.064842 3.126518 0.684515
v -0.069984 2.868045 0.197293
v 0.062202 3.128589 0.593765
v -0.055520 2.848137 0.303168
v 0.043034 3.140023 0.593765
v 0.032405 3.152613 0.303170
v 0.062202 3.128589 0.593765
v -0.055520 2.848137 0.197293
v 0.046372 3.143428 0.303170
v -0.035612 2.833673 0.303168
v 0.032405 3.152613 0.303170
v 0.032677 3.153154 0.303170
v 0.046372 3.143428 0.303170
v -0.035612 2.833673 0.197293
v 0.046761 3.143891 0.303170
v -0.012210 2.826069 0.303168
v 0.016837 3.158919 0.303170
v 0.022659 3.147501 0.593765
v -0.012210 2.826069 0.197293
v 0.012397 2.826069 0.303168
v 0.012397 2.826069 0.197293
v 0.035800 2.833673 0.303168
v 0.035800 2.833673 0.197293
v 0.023425 3.143848 0.684515
v 0.055708 2.848137 0.303168
v 0.055708 2.848137 0.197293
v 0.070172 2.868045 0.303168
v 0.077776 2.891448 0.303168
v 0.077776 2.891448 0.197293
v 0.021103 3.139874 0.763165
v 0.070172 2.868045 0.197293
v 0.258819 2.876559 0.303168
v 0.258819 3.299650 0.303334
v 0.258819 3.299650 0.294259
v 0.021103 3.139874 0.763165
v 0.020963 3.139286 0.763165
v 0.041829 3.132502 0.763165
v 0.258819 2.876559 0.294093
v 0.041558 3.131961 0.763165
v 0.258819 3.299650 0.303334
v 0.020963 3.139286 0.763165
v 0.023285 3.143259 0.684515
v 0.041558 3.131961 0.763165
v 0.247512 3.352847 0.303334
v 0.044494 3.136673 0.684515
v 0.247512 3.352847 0.294259
v 0.023285 3.143259 0.684515
v 0.022520 3.146912 0.593765
v 0.044494 3.136673 0.684515
v 0.258819 3.299650 0.294259
v 0.043034 3.140023 0.593765
v 0.247512 3.352847 0.303334
v 0.022520 3.146912 0.593765
v 0.016697 3.158330 0.303170
v 0.043034 3.140023 0.593765
v 0.225391 3.402531 0.303334
v 0.032405 3.152613 0.303170
v 0.225391 3.402531 0.294259
v 0.016697 3.158330 0.303170
v 0.016837 3.158919 0.303170
v 0.032405 3.152613 0.303170
v 0.247512 3.352847 0.294259
v 0.032677 3.153154 0.303170
v 0.225391 3.402531 0.303334
v 0.000094 3.160876 0.303170
v 0.000077 3.149813 0.593765
v 0.193424 3.446530 0.303334
v 0.193424 3.446530 0.294259
v 0.225391 3.402531 0.294259
v 0.193424 3.446530 0.303334
v 0.153007 3.482922 0.303334
v 0.000088 3.146010 0.684515
v 0.153007 3.482922 0.294259
v 0.193424 3.446530 0.294259
v 0.153007 3.482922 0.303334
v 0.105907 3.510115 0.303334
v 0.105907 3.510115 0.294259
v 0.000094 3.142715 0.763165
v 0.153007 3.482922 0.294259
v 0.105907 3.510115 0.303334
v 0.054182 3.526921 0.303334
v 0.054182 3.526921 0.294259
v 0.000094 3.142715 0.763165
v 0.000094 3.142110 0.763165
v 0.021103 3.139874 0.763165
v 0.105907 3.510115 0.294259
v 0.020963 3.139286 0.763165
v 0.054182 3.526921 0.303334
v 0.000094 3.142110 0.763165
v 0.000088 3.145406 0.684515
v 0.020963 3.139286 0.763165
v 0.000094 3.532606 0.303334
v 0.023285 3.143259 0.684515
v 0.000094 3.532606 0.294259
v 0.000088 3.145406 0.684515
v 0.000077 3.149208 0.593765
v 0.023285 3.143259 0.684515
v 0.054182 3.526921 0.294259
v 0.022520 3.146912 0.593765
v 0.000094 3.532606 0.303334
v 0.000077 3.149208 0.593765
v 0.000094 3.160271 0.303170
v 0.022520 3.146912 0.593765
v -0.053994 3.526921 0.303334
v 0.016697 3.158330 0.303170
v -0.053994 3.526921 0.294259
v 0.000094 3.160271 0.303170
v 0.000094 3.160876 0.303170
v 0.016697 3.158330 0.303170
v 0.000094 3.532606 0.294259
v 0.016837 3.158919 0.303170
v -0.053994 3.526921 0.303334
v -0.016509 3.158330 0.303170
v -0.016649 3.158919 0.303170
v 0.000094 3.160271 0.303170
v -0.105719 3.510115 0.303334
v 0.000094 3.160876 0.303170
v -0.105719 3.510115 0.294259
v 0.062967 3.051976 0.303170
v 0.087358 3.016459 0.593550
v 0.090372 3.016546 0.670252
v 0.087358 3.016459 0.593550
v 0.090634 3.016395 0.684300
v -0.053994 3.526921 0.294259
v 0.090634 3.016395 0.684300
v 0.092254 3.016526 0.696671
v -0.105719 3.510115 0.303334
v 0.092254 3.016526 0.696671
v 0.091730 3.016829 0.696671
v -0.152819 3.482922 0.303334
v 0.091730 3.016829 0.696671
v 0.090110 3.016698 0.684300
v -0.152819 3.482922 0.294259
v 0.090110 3.016698 0.684300
v 0.086834 3.016761 0.593550
v -0.105719 3.510115 0.294259
v 0.086834 3.016761 0.593550
v 0.062443 3.052278 0.303170
v -0.152819 3.482922 0.303334
v 0.062443 3.052278 0.303170
v 0.062967 3.051976 0.303170
v -0.193236 3.446530 0.303334
v -0.091275 3.035436 0.593765
v -0.069456 3.067454 0.303170
v -0.062779 3.051976 0.303170
v -0.087170 3.016459 0.593550
v -0.193236 3.446530 0.294259
v -0.152819 3.482922 0.294259
v -0.097900 3.034237 0.684515
v -0.193236 3.446530 0.303334
v -0.225203 3.402532 0.303334
v -0.090446 3.016395 0.684300
v -0.225203 3.402532 0.294259
v -0.193236 3.446530 0.294259
v -0.102606 3.037635 0.727283
v -0.225203 3.402532 0.303334
v -0.247324 3.352847 0.303334
v -0.092066 3.016526 0.696671
v -0.247324 3.352847 0.294259
v -0.225203 3.402532 0.294259
v -0.102026 3.037809 0.727283
v -0.102606 3.037635 0.727283
v -0.092066 3.016526 0.696671
v -0.091542 3.016829 0.696671
v -0.247324 3.352847 0.303334
v -0.258631 3.299650 0.303334
v -0.097320 3.034410 0.684515
v -0.102026 3.037809 0.727283
v -0.091542 3.016829 0.696671
v -0.089922 3.016698 0.684300
v -0.258631 3.299650 0.294259
v -0.247324 3.352847 0.294259
v -0.090695 3.035610 0.593765
v -0.097320 3.034410 0.684515
v -0.089922 3.016698 0.684300
v -0.086646 3.016761 0.593550
v -0.258631 3.299650 0.303334
v -0.258631 2.876559 0.303168
v -0.068877 3.067628 0.303170
v -0.090695 3.035610 0.593765
v -0.086646 3.016761 0.593550
v -0.062255 3.052278 0.303170
v -0.258631 2.876559 0.294093
v -0.258631 3.299650 0.294259
v -0.069456 3.067454 0.303170
v -0.068877 3.067628 0.303170
v -0.062255 3.052278 0.303170
v -0.062779 3.051976 0.303170
v -0.258631 2.876559 0.303168
v -0.247324 2.823360 0.303168
v -0.094756 3.055628 0.593765
v -0.072383 3.084055 0.303170
v -0.247324 2.823360 0.294093
v -0.258631 2.876559 0.294093
v -0.247324 2.823360 0.303168
v -0.225203 2.773676 0.303168
v -0.101316 3.053312 0.684515
v -0.225203 2.773676 0.294093
v -0.247324 2.823360 0.294093
v -0.225203 2.773676 0.303168
v -0.193236 2.729677 0.303168
v -0.193236 2.729677 0.294093
v -0.106007 3.055776 0.743398
v -0.225203 2.773676 0.294093
v -0.193236 2.729677 0.303168
v -0.152819 2.693286 0.303168
v -0.152819 2.693286 0.294093
v -0.193236 2.729677 0.294093
v -0.105403 3.055811 0.743398
v -0.106007 3.055776 0.743398
v -0.102606 3.037635 0.727283
v -0.102026 3.037809 0.727283
v -0.152819 2.693286 0.303168
v -0.105719 2.666093 0.303168
v -0.100711 3.053347 0.684515
v -0.105403 3.055811 0.743398
v -0.102026 3.037809 0.727283
v -0.097320 3.034410 0.684515
v -0.105719 2.666093 0.294093
v -0.152819 2.693286 0.294093
v -0.094152 3.055663 0.593765
v -0.100711 3.053347 0.684515
v -0.097320 3.034410 0.684515
v -0.090695 3.035610 0.593765
v -0.105719 2.666093 0.303168
v -0.053994 2.649286 0.303168
v -0.071779 3.084090 0.303170
v -0.094152 3.055663 0.593765
v -0.090695 3.035610 0.593765
v -0.068877 3.067628 0.303170
v -0.053994 2.649286 0.294093
v -0.105719 2.666093 0.294093
v -0.072383 3.084055 0.303170
v -0.071779 3.084090 0.303170
v -0.068877 3.067628 0.303170
v -0.069456 3.067454 0.303170
v -0.053994 2.649286 0.303168
v 0.000094 2.643601 0.303168
v -0.093777 3.076743 0.593765
v -0.071403 3.100883 0.303170
v 0.000094 2.643601 0.294093
v -0.053994 2.649286 0.294093
v 0.000094 2.643601 0.303168
v 0.054182 2.649286 0.303168
v -0.100139 3.072540 0.684515
v 0.054182 2.649286 0.294093
v 0.000094 2.643601 0.294093
v 0.054182 2.649286 0.303168
v 0.105907 2.666092 0.303168
v 0.105907 2.666092 0.294093
v -0.099997 3.074707 0.756547
v 0.054182 2.649286 0.294093
v 0.105907 2.666092 0.303168
v 0.153007 2.693285 0.303168
v 0.153007 2.693285 0.294093
v 0.105907 2.666092 0.294093
v -0.099401 3.074602 0.756547
v -0.099997 3.074707 0.756547
v -0.106007 3.055776 0.743398
v -0.105403 3.055811 0.743398
v 0.153007 2.693285 0.303168
v 0.193424 2.729677 0.303168
v -0.099543 3.072434 0.684515
v -0.099401 3.074602 0.756547
v -0.105403 3.055811 0.743398
v -0.100711 3.053347 0.684515
v 0.193424 2.729677 0.294093
v 0.153007 2.693285 0.294093
v -0.093181 3.076638 0.593765
v -0.099543 3.072434 0.684515
v -0.100711 3.053347 0.684515
v -0.094152 3.055663 0.593765
v 0.193424 2.729677 0.303168
v 0.225391 2.773676 0.303168
v -0.070807 3.100778 0.303170
v -0.093181 3.076638 0.593765
v -0.094152 3.055663 0.593765
v -0.071779 3.084090 0.303170
v 0.225391 2.773676 0.294093
v 0.193424 2.729677 0.294093
v -0.071403 3.100883 0.303170
v -0.070807 3.100778 0.303170
v -0.071779 3.084090 0.303170
v -0.072383 3.084055 0.303170
v 0.225391 2.773676 0.303168
v 0.247512 2.823360 0.303168
v -0.087802 3.096383 0.593765
v -0.066569 3.117032 0.303170
v 0.247512 2.823360 0.294093
v 0.225391 2.773676 0.294093
v 0.247512 2.823360 0.303168
v 0.258819 2.876559 0.303168
v -0.093426 3.092798 0.684515
v 0.258819 2.876559 0.294093
v 0.247512 2.823360 0.294093
v 0.258819 3.299650 0.303334
v 0.247512 3.352847 0.303334
v 0.225391 3.402531 0.303334
v -0.090202 3.092154 0.763165
v 0.193424 3.446530 0.303334
v 0.153007 3.482922 0.303334
v 0.105907 3.510115 0.303334
v 0.054182 3.526921 0.303334
v 0.000094 3.532606 0.303334
v -0.089647 3.091914 0.763165
v -0.090202 3.092154 0.763165
v -0.099997 3.074707 0.756547
v -0.099401 3.074602 0.756547
v -0.053994 3.526921 0.303334
v -0.105719 3.510115 0.303334
v -0.092871 3.092558 0.684515
v -0.089647 3.091914 0.763165
v -0.099401 3.074602 0.756547
v -0.099543 3.072434 0.684515
v -0.152819 3.482922 0.303334
v -0.193236 3.446530 0.303334
v -0.087247 3.096143 0.593765
v -0.092871 3.092558 0.684515
v -0.099543 3.072434 0.684515
v -0.093181 3.076638 0.593765
v -0.225203 3.402532 0.303334
v -0.247324 3.352847 0.303334
v -0.066013 3.116792 0.303170
v -0.087247 3.096143 0.593765
v -0.093181 3.076638 0.593765
v -0.070807 3.100778 0.303170
v -0.258631 3.299650 0.303334
v -0.258631 2.876559 0.303168
v -0.066569 3.117032 0.303170
v -0.066013 3.116792 0.303170
v -0.070807 3.100778 0.303170
v -0.071403 3.100883 0.303170
v -0.247324 2.823360 0.303168
v -0.225203 2.773676 0.303168
v -0.077709 3.114008 0.593765
v -0.058140 3.131630 0.303170
v -0.193236 2.729677 0.303168
v -0.152819 2.693286 0.303168
v -0.105719 2.666093 0.303168
v -0.053994 2.649286 0.303168
v -0.081365 3.110388 0.684515
v 0.000094 2.643601 0.303168
v 0.054182 2.649286 0.303168
v 0.105907 2.666092 0.303168
v 0.153007 2.693285 0.303168
v 0.193424 2.729677 0.303168
v -0.076841 3.108613 0.763165
v 0.225391 2.773676 0.303168
v 0.000094 3.088081 0.303031
v 0.258819 2.876559 0.303168
v 0.247512 2.823360 0.303168
v 0.258819 3.299844 0.294093
v -0.076356 3.108252 0.763165
v -0.076841 3.108613 0.763165
v -0.090202 3.092154 0.763165
v -0.089647 3.091914 0.763165
v 0.247512 3.353043 0.294093
v 0.225391 3.402726 0.294093
v -0.080880 3.110027 0.684515
v -0.076356 3.108252 0.763165
v -0.089647 3.091914 0.763165
v -0.092871 3.092558 0.684515
v 0.193424 3.446726 0.294093
v 0.153007 3.483117 0.294093
v -0.077224 3.113647 0.593765
v -0.080880 3.110027 0.684515
v -0.092871 3.092558 0.684515
v -0.087247 3.096143 0.593765
v 0.105907 3.510311 0.294093
v 0.054182 3.527117 0.294093
v -0.057655 3.131269 0.303170
v -0.077224 3.113647 0.593765
v -0.087247 3.096143 0.593765
v -0.066013 3.116792 0.303170
v 0.000094 3.532802 0.294093
v -0.053994 3.527117 0.294093
v -0.058140 3.131630 0.303170
v -0.057655 3.131269 0.303170
v -0.066013 3.116792 0.303170
v -0.066569 3.117032 0.303170
v -0.105719 3.510311 0.294093
v -0.152819 3.483118 0.294093
v -0.062403 3.129053 0.593765
v -0.046573 3.143891 0.303170
v -0.193236 3.446726 0.294093
v -0.225203 3.402726 0.294093
v -0.247324 3.353043 0.294093
v -0.258631 3.299844 0.294093
v -0.065043 3.126981 0.684515
v -0.258631 2.876559 0.294093
v -0.247324 2.823360 0.294093
v -0.225203 2.773676 0.294093
v -0.193236 2.729677 0.294093
v -0.152819 2.693285 0.294093
v -0.060284 3.121930 0.763165
v -0.105719 2.666092 0.294093
v -0.053994 2.649286 0.294093
v 0.000094 2.643601 0.294093
v 0.054182 2.649286 0.294093
v 0.105907 2.666092 0.294093
v -0.059896 3.121467 0.763165
v -0.060284 3.121930 0.763165
v -0.076841 3.108613 0.763165
v -0.076356 3.108252 0.763165
v 0.153007 2.693285 0.294093
v 0.193424 2.729676 0.294093
v -0.064654 3.126518 0.684515
v -0.059896 3.121467 0.763165
v -0.076356 3.108252 0.763165
v -0.080880 3.110027 0.684515
v 0.225391 2.773676 0.294093
v 0.000094 2.903752 0.294093
v -0.062014 3.128589 0.593765
v -0.064654 3.126518 0.684515
v -0.080880 3.110027 0.684515
v -0.077224 3.113647 0.593765
v 0.247512 2.823360 0.294093
v 0.258819 2.876559 0.294093
v -0.046184 3.143428 0.303170
v -0.062014 3.128589 0.593765
v -0.077224 3.113647 0.593765
v -0.057655 3.131269 0.303170
v -0.213417 3.003881 0.289048
v -0.212510 3.021453 0.293501
v -0.046573 3.143891 0.303170
v -0.046184 3.143428 0.303170
v -0.057655 3.131269 0.303170
v -0.058140 3.131630 0.303170
v -0.093542 2.921832 0.588415
v -0.092636 2.939404 0.592868
v -0.043118 3.140563 0.593765
v -0.032489 3.153154 0.303170
v -0.099178 2.921569 0.590599
v -0.098272 2.939141 0.595053
v -0.219052 3.003618 0.291233
v -0.218146 3.021190 0.295686
v -0.044577 3.137213 0.684515
v -0.093542 2.921832 0.588415
v -0.092636 2.939404 0.592868
v -0.099178 2.921569 0.590599
v -0.098272 2.939141 0.595053
v -0.213417 3.003881 0.289048
v -0.041641 3.132502 0.763165
v -0.093542 2.921832 0.588415
v -0.219052 3.003618 0.291233
v -0.099178 2.921569 0.590599
v -0.098272 2.939141 0.595053
v -0.092636 2.939404 0.592868
v -0.041370 3.131961 0.763165
v -0.041641 3.132502 0.763165
v -0.060284 3.121930 0.763165
v -0.059896 3.121467 0.763165
v -0.218146 3.021190 0.295686
v -0.212510 3.021453 0.293501
v -0.044306 3.136673 0.684515
v -0.041370 3.131961 0.763165
v -0.059896 3.121467 0.763165
v -0.064654 3.126518 0.684515
v 0.217337 3.003881 0.290495
v 0.215005 3.021453 0.294396
v -0.042846 3.140023 0.593765
v -0.044306 3.136673 0.684515
v -0.064654 3.126518 0.684515
v -0.062014 3.128589 0.593765
v 0.104121 2.921832 0.592443
v 0.101789 2.939404 0.596343
v -0.032217 3.152613 0.303170
v -0.042846 3.140023 0.593765
v -0.062014 3.128589 0.593765
v -0.046184 3.143428 0.303170
v 0.098485 2.921569 0.590258
v 0.096153 2.939141 0.594158
v -0.032489 3.153154 0.303170
v -0.032217 3.152613 0.303170
v -0.046184 3.143428 0.303170
v -0.046573 3.143891 0.303170
v 0.211701 3.003618 0.288310
v 0.209369 3.021190 0.292211
v -0.022471 3.147501 0.593765
v -0.016649 3.158919 0.303170
v 0.104121 2.921832 0.592443
v 0.101789 2.939404 0.596343
v 0.098485 2.921569 0.590258
v 0.096153 2.939141 0.594158
v -0.023237 3.143848 0.684515
v 0.217337 3.003881 0.290495
v 0.104121 2.921832 0.592443
v 0.211701 3.003618 0.288310
v 0.098485 2.921569 0.590258
v 0.096153 2.939141 0.594158
v -0.020915 3.139874 0.763165
v 0.101789 2.939404 0.596343
v 0.209369 3.021190 0.292211
v 0.215005 3.021453 0.294396
v 0.069924 2.918594 0.303170
v 0.065312 2.932788 0.303170
v -0.020775 3.139286 0.763165
v -0.020915 3.139874 0.763165
v -0.041641 3.132502 0.763165
v -0.041370 3.131961 0.763165
v 0.057850 2.945714 0.303170
v 0.047863 2.956805 0.303170
v -0.023097 3.143259 0.684515
v -0.020775 3.139286 0.763165
v -0.041370 3.131961 0.763165
v -0.044306 3.136673 0.684515
v 0.035789 2.965577 0.303170
v 0.022155 2.971647 0.303170
v -0.022332 3.146912 0.593765
v -0.023097 3.143259 0.684515
v -0.044306 3.136673 0.684515
v -0.042846 3.140023 0.593765
v 0.007556 2.974750 0.303170
v -0.007368 2.974750 0.303170
v -0.016509 3.158330 0.303170
v -0.022332 3.146912 0.593765
v -0.042846 3.140023 0.593765
v -0.032217 3.152613 0.303170
v -0.021967 2.971647 0.303170
v -0.035601 2.965577 0.303170
v -0.016649 3.158919 0.303170
v -0.016509 3.158330 0.303170
v -0.032217 3.152613 0.303170
v -0.032489 3.153154 0.303170
v -0.047675 2.956805 0.303170
v -0.057662 2.945714 0.303170
v 0.000111 3.149813 0.593765
v 0.000094 3.160876 0.303170
v -0.065124 2.932788 0.303170
v -0.069736 2.918594 0.303170
v -0.071296 2.903752 0.303170
v -0.069736 2.888908 0.303170
v 0.000100 3.146010 0.684515
v -0.065124 2.874715 0.303170
v -0.057662 2.861789 0.303170
v -0.047675 2.850698 0.303170
v -0.035601 2.841926 0.303170
v -0.021967 2.835855 0.303170
v 0.000094 3.142715 0.763165
v -0.007368 2.832752 0.303170
v 0.007556 2.832752 0.303170
v 0.022155 2.835855 0.303170
v 0.035789 2.841926 0.303170
v 0.047863 2.850698 0.303170
v 0.000094 3.142110 0.763165
v 0.000094 3.142715 0.763165
v -0.020915 3.139874 0.763165
v -0.020775 3.139286 0.763165
v 0.057850 2.861789 0.303170
v 0.065312 2.874715 0.303170
v 0.000100 3.145406 0.684515
v 0.000094 3.142110 0.763165
v -0.020775 3.139286 0.763165
v -0.023097 3.143259 0.684515
v 0.000094 2.903752 0.303170
v 0.069924 2.888908 0.303170
v 0.000111 3.149208 0.593765
v 0.000100 3.145406 0.684515
v -0.023097 3.143259 0.684515
v -0.022332 3.146912 0.593765
v 0.071484 2.903752 0.303170
v 0.069924 2.918594 0.309220
v 0.000094 3.160271 0.303170
v 0.000111 3.149208 0.593765
v -0.022332 3.146912 0.593765
v -0.016509 3.158330 0.303170
v 0.069924 2.918594 0.303170
v 0.065312 2.932788 0.309220
v 0.000094 3.160876 0.303170
v 0.000094 3.160271 0.303170
v -0.016509 3.158330 0.303170
v -0.016649 3.158919 0.303170
v 0.065312 2.932788 0.303170
v 0.057850 2.945714 0.309220
v 0.016837 3.158919 0.303170
v 0.016697 3.158330 0.303170
v 0.000094 3.160271 0.303170
v 0.000094 3.160876 0.303170
v 0.057850 2.945714 0.303170
v 0.047863 2.956805 0.309220
v -0.087170 3.016459 0.593550
v -0.062779 3.051976 0.303170
v -0.090184 3.016546 0.670252
v -0.090446 3.016395 0.684300
v -0.087170 3.016459 0.593550
v 0.047863 2.956805 0.303170
v -0.092066 3.016526 0.696671
v -0.090446 3.016395 0.684300
v 0.035789 2.965577 0.309220
v -0.091542 3.016829 0.696671
v -0.092066 3.016526 0.696671
v 0.035789 2.965577 0.303170
v -0.089922 3.016698 0.684300
v -0.091542 3.016829 0.696671
v 0.022155 2.971647 0.309220
v -0.086646 3.016761 0.593550
v -0.089922 3.016698 0.684300
v 0.022155 2.971647 0.303170
v -0.062255 3.052278 0.303170
v -0.086646 3.016761 0.593550
v 0.007556 2.974750 0.309220
v -0.062779 3.051976 0.303170
v -0.062255 3.052278 0.303170
v 0.007556 2.974750 0.303170
v 0.069924 3.073433 0.309220
v 0.071484 3.088276 0.309220
v 0.000094 3.088276 0.309220
v 0.065312 3.059239 0.309220
v -0.007368 2.974750 0.309220
v -0.007368 2.974750 0.303170
v 0.057850 3.046314 0.309220
v -0.021967 2.971647 0.309220
v -0.021967 2.971647 0.303170
v 0.047863 3.035223 0.309220
v -0.035601 2.965577 0.309220
v -0.035601 2.965577 0.303170
v 0.035789 3.026451 0.309220
v -0.047675 2.956805 0.309220
v -0.047675 2.956805 0.303170
v 0.022155 3.020380 0.309220
v -0.057662 2.945714 0.309220
v -0.057662 2.945714 0.303170
v 0.007556 3.017277 0.309220
v -0.065124 2.932788 0.309220
v -0.065124 2.932788 0.303170
v -0.007368 3.017277 0.309220
v -0.069736 2.918594 0.309220
v -0.069736 2.918594 0.303170
v -0.021967 3.020380 0.309220
v -0.071296 2.903752 0.309220
v -0.071296 2.903752 0.303170
v -0.035601 3.026451 0.309220
v -0.069736 2.888908 0.309220
v -0.069736 2.888908 0.303170
v -0.047675 3.035223 0.309220
v -0.065124 2.874715 0.309220
v -0.065124 2.874715 0.303170
v -0.057662 3.046314 0.309220
v -0.057662 2.861789 0.309220
v -0.057662 2.861789 0.303170
v -0.065124 3.059239 0.309220
v -0.047675 2.850698 0.309220
v -0.047675 2.850698 0.303170
v -0.069736 3.073433 0.309220
v -0.035601 2.841926 0.309220
v -0.035601 2.841926 0.303170
v -0.071296 3.088276 0.309220
v -0.021967 2.835855 0.309220
v -0.021967 2.835855 0.303170
v -0.069736 3.103119 0.309220
v -0.007368 2.832752 0.309220
v -0.007368 2.832752 0.303170
v -0.065124 3.117313 0.309220
v 0.007556 2.832752 0.309220
v 0.007556 2.832752 0.303170
v -0.057662 3.130238 0.309220
v 0.022155 2.835855 0.309220
v 0.022155 2.835855 0.303170
v -0.047675 3.141329 0.309220
v 0.035789 2.841926 0.309220
v 0.035789 2.841926 0.303170
v -0.035601 3.150101 0.309220
v 0.047863 2.850698 0.309220
v 0.047863 2.850698 0.303170
v -0.021967 3.156172 0.309220
v 0.057850 2.861789 0.309220
v 0.057850 2.861789 0.303170
v -0.007368 3.159275 0.309220
v 0.065312 2.874715 0.309220
v 0.065312 2.874715 0.303170
v 0.007556 3.159275 0.309220
v 0.069924 2.888908 0.309220
v 0.071484 2.903752 0.309220
v 0.022155 3.156172 0.309220
v 0.071484 2.903752 0.303170
v 0.069924 2.888908 0.303170
v 0.035789 3.150101 0.309220
v 0.069924 2.918594 0.309220
v 0.065312 2.932788 0.309220
v 0.047863 3.141329 0.309220
v 0.057850 2.945714 0.309220
v 0.047863 2.956805 0.309220
v 0.057850 3.130238 0.309220
v 0.035789 2.965577 0.309220
v 0.022155 2.971647 0.309220
v 0.065312 3.117313 0.309220
v 0.007556 2.974750 0.309220
v -0.007368 2.974750 0.309220
v 0.069924 3.103119 0.309220
v -0.021967 2.971647 0.309220
v -0.035601 2.965577 0.309220
v -0.047675 2.956805 0.309220
v -0.057662 2.945714 0.309220
v -0.065124 2.932788 0.309220
v 0.069924 3.073433 0.303170
v 0.071484 3.088276 0.303170
v 0.071484 3.088276 0.309220
v 0.069924 3.073433 0.309220
v -0.069736 2.918594 0.309220
v -0.071296 2.903752 0.309220
v 0.065312 3.059239 0.303170
v -0.069736 2.888908 0.309220
v -0.065124 2.874715 0.309220
v 0.065312 3.059239 0.309220
v -0.057662 2.861789 0.309220
v -0.047675 2.850698 0.309220
v 0.057850 3.046314 0.303170
v -0.035601 2.841926 0.309220
v -0.021967 2.835855 0.309220
v 0.057850 3.046314 0.309220
v -0.007368 2.832752 0.309220
v 0.007556 2.832752 0.309220
v 0.047863 3.035223 0.303170
v 0.022155 2.835855 0.309220
v 0.035789 2.841926 0.309220
v 0.047863 3.035223 0.309220
v 0.047863 2.850698 0.309220
v 0.057850 2.861789 0.309220
v 0.035789 3.026451 0.303170
v 0.065312 2.874715 0.309220
v 0.000094 2.903752 0.309220
v 0.035789 3.026451 0.309220
v 0.071484 2.903752 0.309220
v 0.069924 2.888908 0.309220
v 0.022155 3.020380 0.303170
v -0.062255 2.867753 0.303170
v -0.062779 2.867452 0.303170
v 0.022155 3.020380 0.309220
v -0.086646 2.832236 0.593550
v -0.062255 2.867753 0.303170
v 0.007556 3.017277 0.303170
v -0.089922 2.832173 0.684300
v -0.086646 2.832236 0.593550
v 0.007556 3.017277 0.309220
v -0.091542 2.832303 0.696671
v -0.089922 2.832173 0.684300
v -0.007368 3.017277 0.303170
v -0.092066 2.832001 0.696671
v -0.091542 2.832303 0.696671
v -0.007368 3.017277 0.309220
v -0.090446 2.831870 0.684300
v -0.092066 2.832001 0.696671
v -0.021967 3.020380 0.303170
v -0.087170 2.831934 0.593550
v -0.090446 2.831870 0.684300
v -0.021967 3.020380 0.309220
v -0.090184 2.832021 0.670252
v -0.062779 2.867452 0.303170
v -0.035601 3.026451 0.303170
v -0.087170 2.831934 0.593550
v 0.000094 2.976351 0.303170
v -0.035601 3.026451 0.309220
v 0.000094 2.975746 0.303170
v 0.016697 2.973806 0.303170
v -0.047675 3.035223 0.303170
v 0.016837 2.974394 0.303170
v -0.016649 2.974394 0.303170
v -0.047675 3.035223 0.309220
v -0.016509 2.973806 0.303170
v 0.000094 2.975746 0.303170
v -0.057662 3.046314 0.303170
v 0.000094 2.976351 0.303170
v -0.016509 2.973806 0.303170
v -0.057662 3.046314 0.309220
v -0.022332 2.962387 0.593765
v 0.000111 2.964682 0.593765
v -0.065124 3.059239 0.303170
v 0.000094 2.975746 0.303170
v -0.022332 2.962387 0.593765
v -0.065124 3.059239 0.309220
v -0.023097 2.958735 0.684515
v 0.000100 2.960881 0.684515
v -0.069736 3.073433 0.303170
v 0.000111 2.964682 0.593765
v -0.023097 2.958735 0.684515
v -0.069736 3.073433 0.309220
v -0.020775 2.954762 0.763165
v 0.000094 2.957585 0.763165
v -0.071296 3.088276 0.303170
v 0.000100 2.960881 0.684515
v -0.020775 2.954762 0.763165
v -0.071296 3.088276 0.309220
v -0.020915 2.955349 0.763165
v 0.000094 2.958190 0.763165
v -0.069736 3.103119 0.303170
v 0.000094 2.957585 0.763165
v 0.000094 2.958190 0.763165
v -0.069736 3.103119 0.309220
v 0.000100 2.961485 0.684515
v 0.000094 2.976351 0.303170
v -0.065124 3.117313 0.303170
v 0.000111 2.965288 0.593765
v -0.032489 2.968629 0.303170
v -0.065124 3.117313 0.309220
v -0.032217 2.968088 0.303170
v -0.016509 2.973806 0.303170
v -0.057662 3.130238 0.303170
v -0.016649 2.974394 0.303170
v -0.032217 2.968088 0.303170
v -0.057662 3.130238 0.309220
v -0.042846 2.955498 0.593765
v -0.022332 2.962387 0.593765
v -0.047675 3.141329 0.303170
v -0.016509 2.973806 0.303170
v -0.042846 2.955498 0.593765
v -0.047675 3.141329 0.309220
v -0.044306 2.952148 0.684515
v -0.023097 2.958735 0.684515
v -0.035601 3.150101 0.303170
v -0.022332 2.962387 0.593765
v -0.044306 2.952148 0.684515
v -0.035601 3.150101 0.309220
v -0.041370 2.947437 0.763165
v -0.020775 2.954762 0.763165
v -0.021967 3.156172 0.303170
v -0.023097 2.958735 0.684515
v -0.041370 2.947437 0.763165
v -0.021967 3.156172 0.309220
v -0.041641 2.947977 0.763165
v -0.020915 2.955349 0.763165
v -0.007368 3.159275 0.303170
v -0.020775 2.954762 0.763165
v -0.020915 2.955349 0.763165
v -0.007368 3.159275 0.309220
v -0.023237 2.959322 0.684515
v -0.016649 2.974394 0.303170
v 0.007556 3.159275 0.303170
v -0.022471 2.962976 0.593765
v -0.046573 2.959366 0.303170
v 0.007556 3.159275 0.309220
v -0.046184 2.958903 0.303170
v -0.032217 2.968088 0.303170
v 0.022155 3.156172 0.303170
v -0.032489 2.968629 0.303170
v -0.046184 2.958903 0.303170
v 0.022155 3.156172 0.309220
v -0.062014 2.944064 0.593765
v -0.042846 2.955498 0.593765
v 0.035789 3.150101 0.303170
v -0.032217 2.968088 0.303170
v -0.062014 2.944064 0.593765
v 0.035789 3.150101 0.309220
v -0.064654 2.941993 0.684515
v -0.044306 2.952148 0.684515
v 0.047863 3.141329 0.303170
v -0.042846 2.955498 0.593765
v -0.064654 2.941993 0.684515
v 0.047863 3.141329 0.309220
v -0.059896 2.936942 0.763165
v -0.041370 2.947437 0.763165
v 0.057850 3.130238 0.303170
v -0.044306 2.952148 0.684515
v -0.059896 2.936942 0.763165
v 0.057850 3.130238 0.309220
v -0.060284 2.937405 0.763165
v -0.041641 2.947977 0.763165
v 0.065312 3.117313 0.303170
v -0.041370 2.947437 0.763165
v -0.041641 2.947977 0.763165
v 0.065312 3.117313 0.309220
v -0.044577 2.952688 0.684515
v -0.032489 2.968629 0.303170
v 0.069924 3.103119 0.303170
v -0.043118 2.956038 0.593765
v -0.058140 2.947105 0.303170
v 0.069924 3.103119 0.309220
v -0.057655 2.946744 0.303170
v -0.046184 2.958903 0.303170
v -0.046573 2.959366 0.303170
v -0.057655 2.946744 0.303170
v -0.077224 2.929122 0.593765
v -0.062014 2.944064 0.593765
v -0.046184 2.958903 0.303170
v -0.077224 2.929122 0.593765
v 0.071484 3.088276 0.303170
v 0.069924 3.073433 0.303170
v 0.000094 3.088276 0.303170
v -0.080880 2.925502 0.684515
v 0.065312 3.059239 0.303170
v -0.064654 2.941993 0.684515
v -0.062014 2.944064 0.593765
v 0.057850 3.046314 0.303170
v -0.080880 2.925502 0.684515
v -0.076356 2.923727 0.763165
v 0.047863 3.035223 0.303170
v -0.059896 2.936942 0.763165
v -0.064654 2.941993 0.684515
v 0.035789 3.026451 0.303170
v -0.076356 2.923727 0.763165
v -0.076841 2.924088 0.763165
v 0.022155 3.020380 0.303170
v -0.060284 2.937405 0.763165
v -0.059896 2.936942 0.763165
v 0.007556 3.017277 0.303170
v -0.060284 2.937405 0.763165
v -0.065043 2.942457 0.684515
v -0.007368 3.017277 0.303170
v -0.046573 2.959366 0.303170
v -0.062403 2.944528 0.593765
v -0.021967 3.020380 0.303170
v -0.066569 2.932506 0.303170
v -0.066013 2.932267 0.303170
v -0.035601 3.026451 0.303170
v -0.057655 2.946744 0.303170
v -0.058140 2.947105 0.303170
v -0.047675 3.035223 0.303170
v -0.066013 2.932267 0.303170
v -0.087247 2.911619 0.593765
v -0.057662 3.046314 0.303170
v -0.077224 2.929122 0.593765
v -0.057655 2.946744 0.303170
v -0.065124 3.059239 0.303170
v -0.087247 2.911619 0.593765
v -0.092871 2.908033 0.684515
v -0.069736 3.073433 0.303170
v -0.080880 2.925502 0.684515
v -0.077224 2.929122 0.593765
v -0.071296 3.088276 0.303170
v -0.092871 2.908033 0.684515
v -0.089647 2.907389 0.763165
v -0.069736 3.103119 0.303170
v -0.076356 2.923727 0.763165
v -0.080880 2.925502 0.684515
v -0.065124 3.117313 0.303170
v -0.089647 2.907389 0.763165
v -0.090202 2.907629 0.763165
v -0.057662 3.130238 0.303170
v -0.076841 2.924088 0.763165
v -0.076356 2.923727 0.763165
v -0.047675 3.141329 0.303170
v -0.076841 2.924088 0.763165
v -0.081365 2.925863 0.684515
v -0.035601 3.150101 0.303170
v -0.058140 2.947105 0.303170
v -0.077709 2.929483 0.593765
v -0.021967 3.156172 0.303170
v -0.071403 2.916358 0.303170
v -0.070807 2.916253 0.303170
v -0.007368 3.159275 0.303170
v -0.066013 2.932267 0.303170
v -0.066569 2.932506 0.303170
v 0.007556 3.159275 0.303170
v -0.070807 2.916253 0.303170
v -0.093181 2.892113 0.593765
v 0.022155 3.156172 0.303170
v -0.087247 2.911619 0.593765
v -0.066013 2.932267 0.303170
v 0.035789 3.150101 0.303170
v -0.093181 2.892113 0.593765
v -0.099543 2.887910 0.684515
v 0.047863 3.141329 0.303170
v -0.092871 2.908033 0.684515
v -0.087247 2.911619 0.593765
v 0.057850 3.130238 0.303170
v -0.099543 2.887910 0.684515
v -0.099401 2.890077 0.756547
v 0.065312 3.117313 0.303170
v -0.089647 2.907389 0.763165
v -0.092871 2.908033 0.684515
v 0.069924 3.103119 0.303170
v -0.099401 2.890077 0.756547
v -0.099997 2.890182 0.756547
v -0.090202 2.907629 0.763165
v -0.089647 2.907389 0.763165
v 0.215005 3.205935 0.294396
v 0.209369 3.205673 0.292211
v 0.101789 3.123885 0.596343
v 0.096153 3.123623 0.594158
v -0.090202 2.907629 0.763165
v -0.093426 2.908273 0.684515
v 0.098485 3.106051 0.590258
v 0.211701 3.188100 0.288310
v 0.104121 3.106314 0.592443
v 0.217337 3.188363 0.290495
v -0.066569 2.932506 0.303170
v -0.087802 2.911858 0.593765
v 0.096153 3.123623 0.594158
v 0.098485 3.106051 0.590258
v 0.101789 3.123885 0.596343
v 0.104121 3.106314 0.592443
v -0.072383 2.899530 0.303170
v -0.071779 2.899565 0.303170
v 0.209369 3.205673 0.292211
v 0.211701 3.188100 0.288310
v 0.096153 3.123623 0.594158
v 0.098485 3.106051 0.590258
v -0.070807 2.916253 0.303170
v -0.071403 2.916358 0.303170
v 0.101789 3.123885 0.596343
v 0.104121 3.106314 0.592443
v 0.215005 3.205935 0.294396
v 0.217337 3.188363 0.290495
v -0.071779 2.899565 0.303170
v -0.094152 2.871138 0.593765
v -0.212510 3.205935 0.293501
v -0.218146 3.205673 0.295686
v -0.092636 3.123885 0.592868
v -0.098272 3.123623 0.595053
v -0.093181 2.892113 0.593765
v -0.070807 2.916253 0.303170
v -0.099178 3.106051 0.590599
v -0.219052 3.188100 0.291233
v -0.093542 3.106314 0.588415
v -0.213417 3.188363 0.289048
v -0.094152 2.871138 0.593765
v -0.100711 2.868822 0.684515
v -0.098272 3.123623 0.595053
v -0.099178 3.106051 0.590599
v -0.092636 3.123885 0.592868
v -0.093542 3.106314 0.588415
v -0.099543 2.887910 0.684515
v -0.093181 2.892113 0.593765
v -0.218146 3.205673 0.295686
v -0.219052 3.188100 0.291233
v -0.098272 3.123623 0.595053
v -0.099178 3.106051 0.590599
v -0.100711 2.868822 0.684515
v -0.105403 2.871286 0.743398
v -0.092636 3.123885 0.592868
v -0.093542 3.106314 0.588415
v -0.212510 3.205935 0.293501
v -0.213417 3.188363 0.289048
v -0.099401 2.890077 0.756547
v -0.099543 2.887910 0.684515
v 0.069644 2.882929 0.303170
v 0.091463 2.850911 0.593765
v 0.062967 2.867452 0.303170
v -0.105403 2.871286 0.743398
v 0.087358 2.831934 0.593550
v -0.106007 2.871251 0.743398
v -0.099997 2.890182 0.756547
v 0.098088 2.849712 0.684515
v -0.099401 2.890077 0.756547
v -0.099997 2.890182 0.756547
v 0.090634 2.831870 0.684300
v -0.100139 2.888015 0.684515
v -0.071403 2.916358 0.303170
v 0.102794 2.853111 0.727283
v -0.093777 2.892218 0.593765
v -0.069456 2.882929 0.303170
v 0.092254 2.832001 0.696671
v -0.068877 2.883103 0.303170
v 0.102794 2.853111 0.727283
v 0.102214 2.853283 0.727283
v 0.092254 2.832001 0.696671
v -0.071779 2.899565 0.303170
v 0.091730 2.832303 0.696671
v -0.072383 2.899530 0.303170
v 0.102214 2.853283 0.727283
v 0.097508 2.849885 0.684515
v 0.091730 2.832303 0.696671
v -0.068877 2.883103 0.303170
v 0.090110 2.832173 0.684300
v -0.090695 2.851084 0.593765
v 0.097508 2.849885 0.684515
v 0.090883 2.851084 0.593765
v 0.090110 2.832173 0.684300
v -0.094152 2.871138 0.593765
v 0.086834 2.832236 0.593550
v -0.071779 2.899565 0.303170
v 0.090883 2.851084 0.593765
v 0.069065 2.883103 0.303170
v 0.086834 2.832236 0.593550
v -0.090695 2.851084 0.593765
v 0.062443 2.867753 0.303170
v -0.097320 2.849885 0.684515
v 0.069065 2.883103 0.303170
v 0.069644 2.882929 0.303170
v 0.062443 2.867753 0.303170
v -0.100711 2.868822 0.684515
v 0.062967 2.867452 0.303170
v -0.094152 2.871138 0.593765
v 0.072571 2.899530 0.303170
v 0.094944 2.871103 0.593765
v -0.097320 2.849885 0.684515
v -0.102026 2.853283 0.727283
v -0.105403 2.871286 0.743398
v -0.100711 2.868822 0.684515
v -0.102026 2.853283 0.727283
v 0.101504 2.868787 0.684515
v -0.102606 2.853111 0.727283
v -0.106007 2.871251 0.743398
v -0.105403 2.871286 0.743398
v -0.106007 2.871251 0.743398
v -0.101316 2.868787 0.684515
v 0.106195 2.871251 0.743398
v -0.072383 2.899530 0.303170
v -0.094756 2.871103 0.593765
v -0.062779 2.867452 0.303170
v -0.062255 2.867753 0.303170
v 0.106195 2.871251 0.743398
v 0.105591 2.871286 0.743398
v 0.102794 2.853111 0.727283
v -0.068877 2.883103 0.303170
v 0.102214 2.853283 0.727283
v -0.069456 2.882929 0.303170
v 0.105591 2.871286 0.743398
v 0.100899 2.868822 0.684515
v 0.102214 2.853283 0.727283
v -0.062255 2.867753 0.303170
v 0.097508 2.849885 0.684515
v -0.086646 2.832236 0.593550
v 0.100899 2.868822 0.684515
v 0.094340 2.871138 0.593765
v 0.097508 2.849885 0.684515
v -0.090695 2.851084 0.593765
v 0.090883 2.851084 0.593765
v -0.068877 2.883103 0.303170
v 0.094340 2.871138 0.593765
v 0.071967 2.899565 0.303170
v 0.090883 2.851084 0.593765
v -0.086646 2.832236 0.593550
v 0.069065 2.883103 0.303170
v -0.089922 2.832173 0.684300
v 0.071967 2.899565 0.303170
v 0.072571 2.899530 0.303170
v 0.069065 2.883103 0.303170
v -0.097320 2.849885 0.684515
v 0.069644 2.882929 0.303170
v -0.090695 2.851084 0.593765
v 0.071591 2.916358 0.303170
v 0.093965 2.892218 0.593765
v -0.089922 2.832173 0.684300
v -0.091542 2.832303 0.696671
v -0.102026 2.853283 0.727283
v -0.097320 2.849885 0.684515
v -0.091542 2.832303 0.696671
v 0.100327 2.888015 0.684515
v -0.092066 2.832001 0.696671
v -0.102606 2.853111 0.727283
v -0.102026 2.853283 0.727283
v -0.092066 2.832001 0.696671
v -0.102606 2.853111 0.727283
v 0.100185 2.890182 0.756547
v -0.090446 2.831870 0.684300
v -0.097900 2.849712 0.684515
v -0.087170 2.831934 0.593550
v -0.062779 2.867452 0.303170
v 0.100185 2.890182 0.756547
v 0.099589 2.890077 0.756547
v 0.106195 2.871251 0.743398
v -0.069456 2.882929 0.303170
v 0.105591 2.871286 0.743398
v -0.091275 2.850911 0.593765
v 0.099589 2.890077 0.756547
v 0.099731 2.887910 0.684515
v 0.105591 2.871286 0.743398
v 0.062967 2.867452 0.303170
v 0.100899 2.868822 0.684515
v 0.062443 2.867753 0.303170
v 0.099731 2.887910 0.684515
v 0.093369 2.892113 0.593765
v 0.100899 2.868822 0.684515
v 0.062443 2.867753 0.303170
v 0.094340 2.871138 0.593765
v 0.086834 2.832236 0.593550
v 0.093369 2.892113 0.593765
v 0.070995 2.916253 0.303170
v 0.094340 2.871138 0.593765
v 0.086834 2.832236 0.593550
v 0.071967 2.899565 0.303170
v 0.090110 2.832173 0.684300
v 0.070995 2.916253 0.303170
v 0.071591 2.916358 0.303170
v 0.071967 2.899565 0.303170
v 0.090110 2.832173 0.684300
v 0.072571 2.899530 0.303170
v 0.091730 2.832303 0.696671
v 0.066757 2.932506 0.303170
v 0.087990 2.911858 0.593765
v 0.091730 2.832303 0.696671
v 0.092254 2.832001 0.696671
v 0.092254 2.832001 0.696671
v 0.090634 2.831870 0.684300
v 0.090634 2.831870 0.684300
v 0.093614 2.908273 0.684515
v 0.087358 2.831934 0.593550
v 0.090372 2.832021 0.670252
v 0.087358 2.831934 0.593550
v 0.062967 2.867452 0.303170
v 0.000094 2.976351 0.303170
v 0.090390 2.907629 0.763165
v 0.000094 2.975746 0.303170
v -0.016649 2.974394 0.303170
v -0.016509 2.973806 0.303170
v 0.016837 2.974394 0.303170
v 0.090390 2.907629 0.763165
v 0.089835 2.907389 0.763165
v 0.100185 2.890182 0.756547
v 0.016697 2.973806 0.303170
v 0.099589 2.890077 0.756547
v 0.000094 2.976351 0.303170
v 0.089835 2.907389 0.763165
v 0.093059 2.908033 0.684515
v 0.099589 2.890077 0.756547
v 0.000094 2.975746 0.303170
v 0.099731 2.887910 0.684515
v 0.016697 2.973806 0.303170
v 0.093059 2.908033 0.684515
v 0.087435 2.911619 0.593765
v 0.099731 2.887910 0.684515
v 0.022520 2.962387 0.593765
v 0.093369 2.892113 0.593765
v 0.000094 2.975746 0.303170
v 0.087435 2.911619 0.593765
v 0.066201 2.932267 0.303170
v 0.093369 2.892113 0.593765
v 0.000077 2.964682 0.593765
v 0.070995 2.916253 0.303170
v 0.022520 2.962387 0.593765
v 0.066201 2.932267 0.303170
v 0.066757 2.932506 0.303170
v 0.070995 2.916253 0.303170
v 0.023285 2.958735 0.684515
v 0.071591 2.916358 0.303170
v 0.000077 2.964682 0.593765
v 0.058328 2.947105 0.303170
v 0.077897 2.929483 0.593765
v 0.000088 2.960881 0.684515
v 0.023285 2.958735 0.684515
v 0.020963 2.954762 0.763165
v 0.000088 2.960881 0.684515
v 0.000094 2.957585 0.763165
v 0.081553 2.925863 0.684515
v 0.020963 2.954762 0.763165
v 0.021103 2.955349 0.763165
v 0.000094 2.957585 0.763165
v 0.000094 2.958190 0.763165
v 0.000094 2.958190 0.763165
v 0.077029 2.924088 0.763165
v 0.000088 2.961485 0.684515
v 0.000077 2.965288 0.593765
v 0.000094 2.976351 0.303170
v 0.032677 2.968629 0.303170
v 0.077029 2.924088 0.763165
v 0.076544 2.923727 0.763165
v 0.090390 2.907629 0.763165
v 0.032405 2.968088 0.303170
v 0.089835 2.907389 0.763165
v 0.016837 2.974394 0.303170
v 0.076544 2.923727 0.763165
v 0.081068 2.925502 0.684515
v 0.089835 2.907389 0.763165
v 0.016697 2.973806 0.303170
v 0.093059 2.908033 0.684515
v 0.032405 2.968088 0.303170
v 0.081068 2.925502 0.684515
v 0.077412 2.929122 0.593765
v 0.093059 2.908033 0.684515
v 0.043034 2.955498 0.593765
v 0.087435 2.911619 0.593765
v 0.016697 2.973806 0.303170
v 0.077412 2.929122 0.593765
v 0.057843 2.946744 0.303170
v 0.087435 2.911619 0.593765
v 0.022520 2.962387 0.593765
v 0.066201 2.932267 0.303170
v 0.043034 2.955498 0.593765
v 0.057843 2.946744 0.303170
v 0.058328 2.947105 0.303170
v 0.066201 2.932267 0.303170
v 0.044494 2.952148 0.684515
v 0.066757 2.932506 0.303170
v 0.022520 2.962387 0.593765
v 0.046761 2.959366 0.303170
v 0.062591 2.944528 0.593765
v 0.023285 2.958735 0.684515
v 0.044494 2.952148 0.684515
v 0.041558 2.947437 0.763165
v 0.023285 2.958735 0.684515
v 0.020963 2.954762 0.763165
v 0.065231 2.942457 0.684515
v 0.041558 2.947437 0.763165
v 0.041829 2.947977 0.763165
v 0.020963 2.954762 0.763165
v 0.021103 2.955349 0.763165
v 0.021103 2.955349 0.763165
v 0.060472 2.937405 0.763165
v 0.023425 2.959322 0.684515
v 0.022659 2.962976 0.593765
v 0.016837 2.974394 0.303170
v 0.046761 2.959366 0.303170
v 0.060472 2.937405 0.763165
v 0.060084 2.936942 0.763165
v 0.077029 2.924088 0.763165
v 0.046372 2.958903 0.303170
v 0.076544 2.923727 0.763165
v 0.032677 2.968629 0.303170
v 0.060084 2.936942 0.763165
v 0.064842 2.941993 0.684515
v 0.076544 2.923727 0.763165
v 0.032405 2.968088 0.303170
v 0.081068 2.925502 0.684515
v 0.046372 2.958903 0.303170
v 0.064842 2.941993 0.684515
v 0.062202 2.944064 0.593765
v 0.081068 2.925502 0.684515
v 0.062202 2.944064 0.593765
v 0.077412 2.929122 0.593765
v 0.032405 2.968088 0.303170
v 0.062202 2.944064 0.593765
v 0.046372 2.958903 0.303170
v 0.077412 2.929122 0.593765
v 0.043034 2.955498 0.593765
v 0.057843 2.946744 0.303170
v 0.062202 2.944064 0.593765
v 0.046372 2.958903 0.303170
v 0.046761 2.959366 0.303170
v 0.057843 2.946744 0.303170
v 0.064842 2.941993 0.684515
v 0.058328 2.947105 0.303170
v 0.043034 2.955498 0.593765
v 0.032677 2.968629 0.303170
v 0.043306 2.956038 0.593765
v 0.044494 2.952148 0.684515
v 0.064842 2.941993 0.684515
v 0.060084 2.936942 0.763165
v 0.044494 2.952148 0.684515
v 0.041558 2.947437 0.763165
v 0.044765 2.952688 0.684515
v 0.060084 2.936942 0.763165
v 0.060472 2.937405 0.763165
v 0.041558 2.947437 0.763165
v 0.041829 2.947977 0.763165
v 0.041829 2.947977 0.763165
vn -0.9239 -0.0000 0.3827
vn 0.3827 -0.0000 0.9239
vn 0.9239 -0.0000 -0.3827
vn -0.3827 -0.0000 -0.9239
vn -0.0000 -1.0000 -0.0000
vn 1.0000 -0.0000 -0.0000
vn -0.0000 -0.0000 -1.0000
vn -1.0000 -0.0000 -0.0000
vn -0.9205 -0.0000 0.3907
vn -0.9205 -0.0000 0.3908
vn -0.9205 -0.0001 0.3908
vn -0.3866 0.1449 -0.9108
vn -0.3541 0.4226 -0.8343
vn -0.2919 0.6648 -0.6876
vn -0.2051 0.8511 -0.4832
vn -0.1011 0.9659 -0.2383
vn 0.0114 0.9996 0.0268
vn 0.9205 -0.0000 -0.3907
vn 0.9205 -0.0000 -0.3908
vn 0.3866 -0.1449 0.9108
vn 0.3541 -0.4226 0.8343
vn 0.2919 -0.6648 0.6877
vn 0.2918 -0.6648 0.6877
vn 0.2919 -0.6648 0.6876
vn 0.2052 -0.8511 0.4832
vn 0.2051 -0.8511 0.4833
vn 0.1011 -0.9659 0.2383
vn 0.1012 -0.9659 0.2382
vn -0.0114 -0.9996 -0.0268
vn -0.0000 0.9848 0.1736
vn 0.9239 0.0665 -0.3769
vn -0.0000 -0.9848 -0.1736
vn 0.0001 -0.9848 -0.1737
vn -0.9239 -0.0664 0.3769
vn -0.0000 1.0000 -0.0000
vn -0.0000 -0.0000 1.0000
vn 0.9547 -0.2793 -0.1023
vn 0.9775 -0.1920 -0.0874
vn 0.9155 -0.3865 -0.1118
vn 0.9711 -0.2219 -0.0875
vn 0.9590 -0.2759 -0.0655
vn 0.9263 -0.3721 -0.0590
vn 0.9844 -0.1456 -0.0987
vn 0.9470 -0.2976 -0.1208
vn -0.2278 -0.7631 0.6047
vn -0.2296 -0.7624 0.6050
vn -0.3951 -0.6890 0.6076
vn -0.3967 -0.6881 0.6076
vn -0.9311 0.3572 0.0741
vn -0.9264 0.3659 0.0889
vn -0.9256 0.3673 0.0913
vn -0.9170 0.3816 0.1160
vn -0.9207 0.3836 0.0723
vn -0.9717 0.2329 0.0404
vn -0.9299 0.3615 0.0676
vn -0.9772 0.2095 0.0354
vn -0.9734 0.2080 0.0960
vn -0.9145 0.3853 0.1235
vn -0.9717 0.2152 0.0972
vn -0.9110 0.3930 0.1246
vn -0.0001 -0.0000 -1.0000
vn 0.9953 -0.0514 -0.0821
vn 0.9949 -0.0639 -0.0777
vn 0.9972 -0.0475 -0.0585
vn 0.9684 0.2322 -0.0913
vn -0.0392 -0.6596 0.7506
vn -0.0414 -0.6593 0.7507
vn -0.1872 -0.6353 0.7492
vn -0.1899 -0.6348 0.7490
vn -0.9901 0.1196 0.0739
vn -0.9828 0.1620 0.0891
vn -0.9885 0.1298 0.0775
vn -0.9800 0.1755 0.0939
vn -0.9815 0.1758 0.0754
vn -0.9826 0.1703 0.0742
vn -0.9817 0.1749 0.0752
vn -0.9828 0.1694 0.0740
vn -0.9813 0.1692 0.0921
vn -0.9806 0.1727 0.0926
vn -0.9813 0.1693 0.0921
vn -0.9806 0.1729 0.0927
vn 0.0001 -0.0000 -1.0000
vn 0.9817 0.1803 -0.0604
vn 0.9837 0.1693 -0.0600
vn 0.9810 0.1927 -0.0227
vn 0.9046 0.4251 -0.0309
vn 0.0965 -0.5470 0.8316
vn 0.0943 -0.5476 0.8314
vn -0.0305 -0.5797 0.8143
vn -0.0331 -0.5803 0.8138
vn -0.9510 -0.3090 0.0074
vn -0.9916 -0.1107 0.0674
vn -0.9615 -0.2742 0.0183
vn -0.9948 -0.0609 0.0818
vn -0.9959 -0.0609 0.0670
vn -0.9964 -0.0481 0.0703
vn -0.9960 -0.0588 0.0676
vn -0.9964 -0.0461 0.0708
vn -0.9963 -0.0461 0.0729
vn -0.9958 -0.0574 0.0711
vn -0.9963 -0.0466 0.0728
vn -0.9958 -0.0580 0.0710
vn 0.9148 0.4021 -0.0384
vn 0.9167 0.3979 -0.0358
vn 0.8962 0.4437 0.0042
vn 0.8302 0.5571 0.0202
vn 0.1257 -0.2895 0.9489
vn 0.1240 -0.2904 0.9488
vn 0.0597 -0.3268 0.9432
vn 0.0580 -0.3279 0.9429
vn -0.8770 -0.4789 -0.0399
vn -0.9392 -0.3434 -0.0005
vn -0.8897 -0.4553 -0.0328
vn -0.9492 -0.3147 0.0076
vn -0.9482 -0.3144 0.0463
vn -0.9543 -0.2942 0.0524
vn -0.9492 -0.3110 0.0474
vn -0.9553 -0.2906 0.0535
vn -0.9556 -0.2907 0.0492
vn -0.9567 -0.2866 0.0498
vn -0.9556 -0.2905 0.0492
vn -0.9568 -0.2864 0.0499
vn 0.7975 0.6031 -0.0157
vn 0.7930 0.6091 -0.0130
vn 0.7716 0.6354 0.0284
vn 0.7083 0.7043 0.0476
vn 0.0001 -0.0000 1.0000
vn -0.7744 -0.6299 -0.0588
vn -0.8161 -0.5764 -0.0418
vn -0.7830 -0.6196 -0.0554
vn -0.8239 -0.5655 -0.0384
vn -0.8244 -0.5659 0.0106
vn -0.8613 -0.5072 0.0306
vn -0.8309 -0.5562 0.0140
vn -0.8673 -0.4966 0.0341
vn -0.8675 -0.4967 0.0283
vn -0.8658 -0.4997 0.0278
vn -0.8674 -0.4968 0.0283
vn -0.8657 -0.4998 0.0277
vn 0.6377 0.7702 0.0063
vn 0.6102 0.7922 0.0072
vn 0.5908 0.8057 0.0421
vn 0.5685 0.8194 0.0731
vn -0.0002 -0.0000 1.0000
vn -0.0001 -0.0000 1.0000
vn -0.6236 -0.7768 -0.0876
vn -0.6977 -0.7137 -0.0620
vn -0.6401 -0.7639 -0.0822
vn -0.7117 -0.7002 -0.0567
vn -0.7128 -0.7014 0.0047
vn -0.7027 -0.7114 0.0006
vn -0.7110 -0.7032 0.0040
vn -0.7008 -0.7134 -0.0002
vn -0.7008 -0.7134 0.0017
vn -0.7261 -0.6875 0.0071
vn -0.7018 -0.7123 0.0020
vn -0.7274 -0.6862 0.0074
vn 0.4447 0.8954 0.0234
vn 0.4180 0.9081 0.0260
vn 0.3782 0.9248 0.0424
vn 0.4099 0.9090 0.0760
vn -0.4917 -0.8679 -0.0704
vn -0.4529 -0.8878 -0.0819
vn -0.4835 -0.8723 -0.0728
vn -0.4450 -0.8916 -0.0842
vn -0.4464 -0.8945 -0.0258
vn -0.5021 -0.8648 -0.0080
vn -0.4568 -0.8893 -0.0226
vn -0.5123 -0.8588 -0.0047
vn -0.5122 -0.8587 -0.0185
vn -0.5476 -0.8367 -0.0130
vn -0.5136 -0.8578 -0.0183
vn -0.5494 -0.8355 -0.0127
vn 0.2281 0.9730 0.0342
vn 0.2116 0.9767 0.0360
vn 0.1991 0.9790 0.0430
vn 0.2308 0.9711 0.0606
vn -0.3346 -0.9406 -0.0574
vn -0.3025 -0.9508 -0.0663
vn -0.3279 -0.9429 -0.0593
vn -0.2959 -0.9528 -0.0681
vn -0.2964 -0.9544 -0.0359
vn -0.3148 -0.9487 -0.0308
vn -0.2997 -0.9534 -0.0350
vn -0.3182 -0.9476 -0.0299
vn -0.3182 -0.9475 -0.0309
vn -0.3408 -0.9397 -0.0283
vn -0.3190 -0.9472 -0.0308
vn -0.3419 -0.9393 -0.0282
vn 0.1160 0.9925 0.0378
vn 0.1020 0.9940 0.0393
vn 0.0930 0.9948 0.0407
vn 0.1262 0.9907 0.0517
vn -0.1339 -0.9901 -0.0415
vn -0.0990 -0.9938 -0.0510
vn -0.1263 -0.9910 -0.0436
vn -0.0920 -0.9944 -0.0529
vn -0.0920 -0.9949 -0.0417
vn -0.1001 -0.9942 -0.0395
vn -0.0935 -0.9948 -0.0413
vn -0.1017 -0.9940 -0.0391
vn -0.1017 -0.9941 -0.0379
vn -0.1153 -0.9927 -0.0367
vn -0.1022 -0.9940 -0.0378
vn -0.1160 -0.9926 -0.0367
vn -0.9396 -0.3402 0.0373
vn -0.9866 -0.1591 0.0359
vn -0.5013 0.8651 0.0187
vn -0.1879 0.9821 0.0141
vn -0.4984 -0.8663 0.0349
vn -0.9866 -0.1591 0.0360
vn -0.0012 -0.9999 0.0107
vn -0.2043 -0.9789 0.0067
vn -0.9866 -0.1592 0.0359
vn 0.9524 0.3018 -0.0431
vn -0.4998 -0.8649 -0.0462
vn -0.9775 -0.1920 -0.0874
vn -0.9547 -0.2793 -0.1023
vn -0.9155 -0.3865 -0.1118
vn -0.9711 -0.2219 -0.0875
vn -0.9590 -0.2759 -0.0655
vn -0.9263 -0.3721 -0.0590
vn -0.9844 -0.1456 -0.0987
vn -0.9470 -0.2976 -0.1208
vn 0.2296 -0.7624 0.6050
vn 0.2279 -0.7631 0.6047
vn 0.3955 -0.6890 0.6074
vn 0.3967 -0.6881 0.6076
vn 0.9264 0.3659 0.0889
vn 0.9311 0.3572 0.0741
vn 0.9256 0.3673 0.0913
vn 0.9170 0.3816 0.1160
vn 0.9717 0.2329 0.0404
vn 0.9207 0.3836 0.0723
vn 0.9299 0.3615 0.0676
vn 0.9772 0.2095 0.0354
vn 0.9145 0.3853 0.1235
vn 0.9734 0.2080 0.0960
vn 0.9717 0.2152 0.0972
vn 0.9110 0.3930 0.1246
vn -0.9949 -0.0639 -0.0777
vn -0.9953 -0.0514 -0.0821
vn -0.9972 -0.0475 -0.0585
vn -0.9684 0.2322 -0.0913
vn 0.0413 -0.6593 0.7507
vn 0.0392 -0.6596 0.7506
vn 0.1873 -0.6353 0.7492
vn 0.1899 -0.6348 0.7490
vn 0.9828 0.1620 0.0891
vn 0.9901 0.1196 0.0739
vn 0.9885 0.1298 0.0775
vn 0.9800 0.1755 0.0939
vn 0.9826 0.1703 0.0742
vn 0.9815 0.1758 0.0754
vn 0.9817 0.1749 0.0752
vn 0.9828 0.1694 0.0740
vn 0.9806 0.1727 0.0926
vn 0.9813 0.1692 0.0921
vn 0.9813 0.1693 0.0921
vn 0.9806 0.1729 0.0927
vn -0.9837 0.1693 -0.0600
vn -0.9817 0.1803 -0.0604
vn -0.9810 0.1927 -0.0227
vn -0.9046 0.4251 -0.0309
vn -0.0943 -0.5476 0.8314
vn -0.0965 -0.5470 0.8316
vn 0.0306 -0.5797 0.8143
vn 0.0331 -0.5803 0.8138
vn 0.9916 -0.1107 0.0674
vn 0.9510 -0.3090 0.0074
vn 0.9615 -0.2742 0.0183
vn 0.9948 -0.0609 0.0818
vn 0.9964 -0.0481 0.0703
vn 0.9959 -0.0609 0.0670
vn 0.9960 -0.0588 0.0676
vn 0.9964 -0.0461 0.0708
vn 0.9958 -0.0574 0.0711
vn 0.9963 -0.0461 0.0729
vn 0.9963 -0.0466 0.0728
vn 0.9958 -0.0580 0.0710
vn -0.9167 0.3979 -0.0358
vn -0.9148 0.4021 -0.0384
vn -0.8962 0.4437 0.0042
vn -0.8302 0.5571 0.0202
vn -0.1241 -0.2904 0.9488
vn -0.1257 -0.2895 0.9489
vn -0.0594 -0.3269 0.9432
vn -0.0579 -0.3278 0.9430
vn 0.9392 -0.3434 -0.0005
vn 0.8770 -0.4789 -0.0399
vn 0.8897 -0.4553 -0.0328
vn 0.9492 -0.3147 0.0076
vn 0.9543 -0.2942 0.0524
vn 0.9482 -0.3144 0.0463
vn 0.9492 -0.3110 0.0474
vn 0.9553 -0.2906 0.0535
vn 0.9567 -0.2866 0.0498
vn 0.9556 -0.2907 0.0492
vn 0.9556 -0.2905 0.0492
vn 0.9568 -0.2864 0.0499
vn -0.7930 0.6091 -0.0130
vn -0.7975 0.6031 -0.0157
vn -0.7716 0.6354 0.0284
vn -0.7083 0.7043 0.0476
vn 0.8161 -0.5764 -0.0418
vn 0.7744 -0.6299 -0.0588
vn 0.7830 -0.6196 -0.0554
vn 0.8239 -0.5655 -0.0384
vn 0.8613 -0.5072 0.0306
vn 0.8244 -0.5659 0.0106
vn 0.8309 -0.5562 0.0140
vn 0.8673 -0.4966 0.0341
vn 0.8658 -0.4997 0.0278
vn 0.8675 -0.4967 0.0283
vn 0.8674 -0.4968 0.0283
vn 0.8657 -0.4998 0.0277
vn -0.6102 0.7922 0.0072
vn -0.6377 0.7702 0.0063
vn -0.5908 0.8057 0.0421
vn -0.5685 0.8194 0.0731
vn 0.0002 -0.0000 1.0000
vn 0.6977 -0.7137 -0.0619
vn 0.6236 -0.7768 -0.0876
vn 0.6401 -0.7639 -0.0822
vn 0.7117 -0.7002 -0.0567
vn 0.7027 -0.7114 0.0006
vn 0.7128 -0.7013 0.0047
vn 0.7110 -0.7032 0.0040
vn 0.7008 -0.7134 -0.0002
vn 0.7261 -0.6875 0.0071
vn 0.7008 -0.7134 0.0017
vn 0.7018 -0.7123 0.0020
vn 0.7274 -0.6862 0.0074
vn -0.4180 0.9081 0.0260
vn -0.4447 0.8954 0.0234
vn -0.3782 0.9248 0.0424
vn -0.4099 0.9090 0.0760
vn -0.0000 0.0003 1.0000
vn 0.4529 -0.8878 -0.0819
vn 0.4917 -0.8679 -0.0704
vn 0.4835 -0.8723 -0.0728
vn 0.4450 -0.8916 -0.0842
vn 0.5021 -0.8648 -0.0080
vn 0.4464 -0.8945 -0.0258
vn 0.4568 -0.8893 -0.0226
vn 0.5123 -0.8588 -0.0047
vn 0.5476 -0.8367 -0.0130
vn 0.5122 -0.8587 -0.0185
vn 0.5136 -0.8578 -0.0183
vn 0.5494 -0.8355 -0.0127
vn -0.2116 0.9767 0.0360
vn -0.2281 0.9730 0.0342
vn -0.1991 0.9790 0.0430
vn -0.2308 0.9711 0.0606
vn 0.3025 -0.9508 -0.0663
vn 0.3346 -0.9406 -0.0574
vn 0.3279 -0.9429 -0.0593
vn 0.2959 -0.9528 -0.0681
vn 0.3148 -0.9487 -0.0308
vn 0.2964 -0.9544 -0.0359
vn 0.2997 -0.9534 -0.0350
vn 0.3182 -0.9476 -0.0299
vn 0.3408 -0.9397 -0.0283
vn 0.3182 -0.9475 -0.0309
vn 0.3190 -0.9472 -0.0308
vn 0.3419 -0.9393 -0.0282
vn -0.1020 0.9940 0.0393
vn -0.1160 0.9925 0.0378
vn -0.0930 0.9948 0.0407
vn -0.1262 0.9907 0.0517
vn 0.0990 -0.9938 -0.0510
vn 0.1339 -0.9901 -0.0415
vn 0.1263 -0.9910 -0.0436
vn 0.0920 -0.9944 -0.0530
vn 0.1001 -0.9942 -0.0395
vn 0.0920 -0.9949 -0.0417
vn 0.0935 -0.9948 -0.0413
vn 0.1017 -0.9940 -0.0391
vn 0.1153 -0.9927 -0.0367
vn 0.1017 -0.9941 -0.0379
vn 0.1022 -0.9940 -0.0378
vn 0.1160 -0.9926 -0.0367
vn 0.9396 -0.3402 0.0373
vn 0.9866 -0.1594 0.0359
vn 0.5020 0.8647 0.0187
vn 0.9866 -0.1594 0.0358
vn 0.1877 0.9821 0.0141
vn 0.4985 -0.8662 0.0349
vn 0.0012 -0.9999 0.0107
vn 0.2046 -0.9788 0.0067
vn -0.9524 0.3018 -0.0431
vn 0.4998 -0.8649 -0.0462
vn 0.9781 -0.2079 -0.0000
vn 0.9135 -0.4067 -0.0000
vn 0.8090 -0.5878 -0.0000
vn 0.6691 -0.7431 -0.0000
vn 0.5000 -0.8660 -0.0000
vn 0.3090 -0.9511 -0.0000
vn 0.1045 -0.9945 -0.0000
vn -0.1045 -0.9945 -0.0000
vn -0.3090 -0.9511 -0.0000
vn -0.5000 -0.8660 -0.0000
vn -0.6691 -0.7431 -0.0000
vn -0.8090 -0.5878 -0.0000
vn -0.9135 -0.4067 -0.0000
vn -0.9781 -0.2079 -0.0000
vn -0.9781 0.2079 -0.0000
vn -0.9135 0.4067 -0.0000
vn -0.8090 0.5878 -0.0000
vn -0.6691 0.7432 -0.0000
vn -0.5000 0.8660 -0.0000
vn -0.3090 0.9511 -0.0000
vn -0.3090 0.9510 -0.0000
vn -0.1045 0.9945 -0.0000
vn 0.1045 0.9945 -0.0000
vn 0.3090 0.9510 -0.0000
vn 0.3090 0.9511 -0.0000
vn 0.5000 0.8660 -0.0000
vn 0.6691 0.7432 -0.0000
vn 0.8090 0.5878 -0.0000
vn 0.9135 0.4067 -0.0000
vn 0.9781 0.2079 -0.0000
vn -0.1285 0.9681 -0.2149
vn 0.1288 -0.9681 0.2149
vn 0.1285 -0.9682 0.2149
vn 0.1285 -0.9681 0.2149
vn 0.3401 0.2466 0.9075
vn 0.3403 0.2466 0.9074
vn 0.3402 0.2466 0.9075
vn -0.9315 -0.0435 0.3611
vn 0.9315 0.0435 -0.3611
vn 0.0499 0.9681 -0.2454
vn -0.0499 -0.9681 0.2453
vn -0.0499 -0.9681 0.2454
vn -0.3602 0.2466 0.8997
vn -0.3603 0.2466 0.8997
vn -0.9315 -0.0435 -0.3611
vn -0.9315 -0.0434 -0.3611
vn 0.9315 0.0435 0.3611
vn 0.9470 -0.2976 -0.1209
vn -0.2287 -0.7629 0.6047
vn -0.2307 -0.7621 0.6049
vn -0.3960 -0.6885 0.6076
vn -0.3976 -0.6878 0.6073
vn -0.9264 0.3659 0.0888
vn -0.9206 0.3837 0.0723
vn 0.9684 0.2321 -0.0913
vn -0.0378 -0.6596 0.7506
vn -0.0400 -0.6594 0.7508
vn -0.1887 -0.6352 0.7490
vn -0.1912 -0.6346 0.7488
vn -0.9812 0.1693 0.0921
vn 0.9810 0.1928 -0.0227
vn 0.0966 -0.5470 0.8315
vn 0.0945 -0.5476 0.8314
vn -0.0331 -0.5802 0.8138
vn 0.1254 -0.2898 0.9488
vn 0.1241 -0.2905 0.9488
vn 0.0595 -0.3269 0.9432
vn 0.0579 -0.3278 0.9430
vn -0.9555 -0.2907 0.0492
vn 0.7976 0.6030 -0.0157
vn -0.7744 -0.6300 -0.0588
vn 0.6101 0.7923 0.0072
vn 0.4447 0.8954 0.0235
vn 0.4098 0.9090 0.0759
vn -0.4916 -0.8679 -0.0703
vn 0.2309 0.9711 0.0606
vn -0.3345 -0.9406 -0.0574
vn -0.3149 -0.9486 -0.0308
vn -0.3407 -0.9397 -0.0283
vn -0.3191 -0.9472 -0.0308
vn 0.0929 0.9948 0.0407
vn -0.1340 -0.9901 -0.0415
vn -0.1264 -0.9910 -0.0436
vn -0.0920 -0.9943 -0.0529
vn -0.0921 -0.9949 -0.0417
vn -0.1002 -0.9942 -0.0396
vn -0.0936 -0.9948 -0.0413
vn -0.1017 -0.9940 -0.0392
vn -0.1153 -0.9926 -0.0367
vn -0.9867 -0.1582 0.0360
vn -0.5002 0.8657 0.0187
vn -0.9868 -0.1581 0.0360
vn -0.1877 0.9821 0.0141
vn -0.9868 -0.1582 0.0359
vn -0.4995 -0.8656 0.0350
vn -0.9868 -0.1582 0.0361
vn -0.0014 -0.9999 0.0108
vn -0.2049 -0.9788 0.0067
vn -0.9867 -0.1583 0.0360
vn -0.4981 -0.8659 -0.0463
vn -0.9868 -0.1581 0.0361
vn -0.9470 -0.2976 -0.1209
vn 0.2303 -0.7623 0.6049
vn 0.2290 -0.7628 0.6047
vn 0.3960 -0.6885 0.6076
vn 0.3976 -0.6876 0.6075
vn 0.9264 0.3659 0.0888
vn 0.9206 0.3837 0.0723
vn -0.9684 0.2321 -0.0913
vn 0.0402 -0.6594 0.7507
vn 0.0378 -0.6596 0.7506
vn 0.1887 -0.6352 0.7490
vn 0.1912 -0.6346 0.7488
vn 0.9812 0.1693 0.0921
vn -0.9810 0.1928 -0.0227
vn -0.0945 -0.5476 0.8314
vn -0.0966 -0.5470 0.8315
vn 0.0305 -0.5797 0.8143
vn 0.0332 -0.5802 0.8138
vn -0.1241 -0.2905 0.9488
vn -0.1253 -0.2897 0.9489
vn 0.9555 -0.2907 0.0492
vn -0.7976 0.6030 -0.0157
vn 0.7744 -0.6300 -0.0588
vn -0.6101 0.7923 0.0072
vn 0.6977 -0.7137 -0.0620
vn -0.4447 0.8954 0.0235
vn -0.4098 0.9090 0.0759
vn 0.4916 -0.8679 -0.0703
vn -0.2309 0.9711 0.0606
vn 0.3345 -0.9406 -0.0574
vn 0.3149 -0.9486 -0.0308
vn 0.3407 -0.9397 -0.0283
vn 0.3191 -0.9472 -0.0308
vn -0.0929 0.9948 0.0407
vn 0.1340 -0.9901 -0.0415
vn 0.1264 -0.9910 -0.0436
vn 0.0920 -0.9943 -0.0529
vn 0.1002 -0.9942 -0.0396
vn 0.0921 -0.9949 -0.0417
vn 0.0936 -0.9948 -0.0413
vn 0.1153 -0.9926 -0.0367
vn 0.9867 -0.1587 0.0360
vn 0.5007 0.8654 0.0187
vn 0.9867 -0.1585 0.0359
vn 0.9867 -0.1586 0.0361
vn 0.4994 -0.8657 0.0350
vn 0.0014 -0.9999 0.0108
vn 0.9867 -0.1586 0.0359
vn 0.9867 -0.1586 0.0360
vn 0.4981 -0.8659 -0.0463
vn 0.6691 -0.7432 -0.0000
vn 0.3090 -0.9510 -0.0000
vn -0.3090 -0.9510 -0.0000
vn -0.6691 -0.7432 -0.0000
vn -0.1285 0.9682 0.2147
vn -0.1283 0.9681 0.2150
vn -0.1283 0.9682 0.2150
vn 0.1285 -0.9681 -0.2149
vn -0.3403 -0.2466 0.9074
vn 0.0501 0.9681 0.2453
vn 0.0498 0.9682 0.2453
vn 0.0501 0.9682 0.2453
vn -0.0499 -0.9681 -0.2454
vn -0.0499 -0.9682 -0.2453
vn 0.3602 -0.2466 0.8997
vn 0.9315 0.0434 -0.3611
vn -0.2279 -0.7632 0.6046
vn -0.2297 -0.7625 0.6048
vn -0.3957 -0.6888 0.6075
vn -0.3972 -0.6880 0.6074
vn -0.9170 0.3816 0.1161
vn -0.0383 -0.6597 0.7506
vn -0.0406 -0.6594 0.7507
vn -0.1867 -0.6355 0.7492
vn -0.1891 -0.6350 0.7490
vn 0.0968 -0.5469 0.8316
vn -0.0312 -0.5796 0.8143
vn -0.0334 -0.5802 0.8138
vn 0.1247 -0.2899 0.9489
vn 0.1235 -0.2906 0.9488
vn 0.0593 -0.3271 0.9431
vn 0.0580 -0.3278 0.9430
vn -0.8674 -0.4967 0.0283
vn -0.8674 -0.4969 0.0283
vn -0.4917 -0.8679 -0.0703
vn -0.3026 -0.9508 -0.0663
vn -0.1001 -0.9942 -0.0396
vn -0.9868 -0.1578 0.0359
vn -0.4996 0.8661 0.0186
vn -0.9868 -0.1577 0.0359
vn -0.1865 0.9823 0.0141
vn -0.4994 -0.8657 0.0349
vn -0.0018 -0.9999 0.0107
vn -0.2050 -0.9787 0.0067
vn -0.4988 -0.8655 -0.0463
vn -0.9868 -0.1578 0.0360
vn 0.2297 -0.7626 0.6047
vn 0.2279 -0.7632 0.6046
vn 0.3956 -0.6888 0.6075
vn 0.3972 -0.6880 0.6074
vn 0.9170 0.3816 0.1161
vn 0.0402 -0.6595 0.7506
vn 0.0383 -0.6597 0.7506
vn 0.1867 -0.6355 0.7492
vn 0.1891 -0.6350 0.7490
vn -0.0968 -0.5469 0.8316
vn 0.0309 -0.5795 0.8144
vn 0.0335 -0.5801 0.8139
vn -0.1235 -0.2906 0.9488
vn -0.1247 -0.2899 0.9489
vn -0.0596 -0.3269 0.9432
vn -0.0578 -0.3280 0.9429
vn 0.8674 -0.4967 0.0283
vn 0.8674 -0.4969 0.0283
vn -0.4098 0.9090 0.0760
vn 0.4917 -0.8679 -0.0703
vn 0.3026 -0.9508 -0.0663
vn 0.0920 -0.9944 -0.0529
vn 0.1001 -0.9942 -0.0396
vn 0.9868 -0.1577 0.0359
vn 0.4994 0.8662 0.0186
vn 0.9869 -0.1576 0.0359
vn 0.1865 0.9823 0.0141
vn 0.9868 -0.1576 0.0359
vn 0.4994 -0.8657 0.0349
vn 0.0022 -0.9999 0.0108
vn 0.2052 -0.9787 0.0067
vn 0.4988 -0.8655 -0.0463
vn 0.9136 -0.4067 -0.0000
vn -0.9136 -0.4067 -0.0000
vn -0.9136 0.4067 -0.0000
vn 0.9136 0.4067 -0.0000
vn -0.1285 0.9681 0.2149
vn -0.1285 0.9682 0.2149
vn 0.1285 -0.9682 -0.2149
vn 0.1282 -0.9682 -0.2149
vn 0.1288 -0.9681 -0.2149
vn 0.0499 0.9681 0.2453
vn 0.3603 -0.2466 0.8996
vn 0.3603 -0.2466 0.8997
vn -0.0004 0.0001 1.0000
vn -0.0006 -0.0001 1.0000
vn -0.0000 -0.0002 1.0000
vn -0.0003 0.0002 1.0000
vn -0.0002 0.0003 1.0000
vn -0.0001 0.0003 1.0000
vn 0.0001 0.0003 1.0000
vn 0.0002 0.0003 1.0000
vn 0.0003 0.0002 1.0000
vn 0.0004 0.0001 1.0000
vn 0.0006 -0.0001 1.0000
vn 0.0010 -0.0003 1.0000
vn 0.0009 -0.0003 1.0000
vn 0.0007 -0.0004 1.0000
vn 0.0006 -0.0005 1.0000
vn 0.0004 -0.0006 1.0000
vn 0.0003 -0.0006 1.0000
vn 0.0001 -0.0007 1.0000
vn -0.0000 -0.0007 1.0000
vn -0.0001 -0.0007 1.0000
vn -0.0003 -0.0006 1.0000
vn -0.0004 -0.0006 1.0000
vn -0.0006 -0.0005 1.0000
vn -0.0007 -0.0004 1.0000
vn -0.0009 -0.0003 1.0000
vn -0.0010 -0.0003 1.0000
vn 0.9782 -0.2079 -0.0000
vn -0.9782 -0.2079 -0.0000
vn -0.6691 0.7431 -0.0000
vn 0.6691 0.7431 -0.0000
vn 0.8910 -0.4540 -0.0000
vn 0.9877 -0.1564 -0.0000
vn 0.9877 -0.1565 -0.0000
vn 0.7071 -0.7071 -0.0000
vn 0.4540 -0.8910 -0.0000
vn 0.1564 -0.9877 -0.0000
vn -0.1564 -0.9877 -0.0000
vn -0.4540 -0.8910 -0.0000
vn -0.7071 -0.7071 -0.0000
vn -0.8910 -0.4540 -0.0000
vn -0.9877 -0.1564 -0.0000
vn -0.9877 -0.1565 -0.0000
vn -0.9877 0.1565 -0.0000
vn -0.9877 0.1564 -0.0000
vn -0.8910 0.4540 -0.0000
vn -0.7071 0.7071 -0.0000
vn -0.4540 0.8910 -0.0000
vn -0.1564 0.9877 -0.0000
vn 0.1564 0.9877 -0.0000
vn 0.4540 0.8910 -0.0000
vn 0.7071 0.7071 -0.0000
vn 0.8910 0.4540 -0.0000
vn 0.9877 0.1565 -0.0000
vn 0.9877 0.1564 -0.0000
vn -0.0001 -0.0004 -1.0000
vn -0.0000 -0.0004 -1.0000
vn 0.0001 -0.0004 -1.0000
vn 0.0014 -0.0005 -1.0000
vn 0.0009 -0.0006 -1.0000
vn 0.0006 -0.0006 -1.0000
vn 0.0003 -0.0007 -1.0000
vn 0.0001 -0.0007 -1.0000
vn -0.0001 -0.0007 -1.0000
vn -0.0003 -0.0007 -1.0000
vn -0.0006 -0.0006 -1.0000
vn -0.0009 -0.0006 -1.0000
vn -0.0014 -0.0005 -1.0000
vn 0.0001 0.0004 1.0000
vn -0.0000 0.0004 1.0000
vn -0.0001 0.0004 1.0000
vn -0.0014 0.0005 1.0000
vn -0.0009 0.0006 1.0000
vn -0.0006 0.0006 1.0000
vn -0.0003 0.0007 1.0000
vn -0.0001 0.0007 1.0000
vn 0.0001 0.0007 1.0000
vn 0.0003 0.0007 1.0000
vn 0.0006 0.0006 1.0000
vn 0.0009 0.0006 1.0000
vn 0.0014 0.0005 1.0000
vn 0.2385 -0.1215 -0.9635
vn 0.2643 -0.0422 -0.9635
vn 0.2385 -0.1214 -0.9635
vn 0.1893 -0.1892 -0.9635
vn 0.1893 -0.1891 -0.9635
vn 0.1215 -0.2384 -0.9635
vn 0.0419 -0.2643 -0.9635
vn 0.0418 -0.2643 -0.9635
vn -0.0419 -0.2643 -0.9635
vn -0.0419 -0.2644 -0.9635
vn -0.1215 -0.2385 -0.9635
vn -0.1892 -0.1892 -0.9635
vn -0.1892 -0.1893 -0.9635
vn -0.2385 -0.1215 -0.9635
vn -0.2384 -0.1215 -0.9635
vn -0.2643 -0.0422 -0.9635
vn -0.2643 -0.0423 -0.9635
vn -0.2644 0.0415 -0.9635
vn -0.2643 0.0416 -0.9635
vn -0.2385 0.1215 -0.9635
vn -0.2385 0.1216 -0.9635
vn -0.1893 0.1892 -0.9635
vn -0.1892 0.1892 -0.9635
vn -0.1214 0.2385 -0.9635
vn -0.1215 0.2385 -0.9635
vn -0.0419 0.2644 -0.9635
vn 0.0419 0.2644 -0.9635
vn 0.0418 0.2644 -0.9635
vn 0.1215 0.2385 -0.9635
vn 0.1214 0.2385 -0.9635
vn 0.1892 0.1892 -0.9635
vn 0.1893 0.1892 -0.9635
vn 0.2385 0.1215 -0.9635
vn 0.2644 0.0415 -0.9635
vn 0.0020 -0.0007 -1.0000
vn 0.0012 -0.0007 -1.0000
vn 0.0007 -0.0008 -1.0000
vn 0.0004 -0.0008 -1.0000
vn 0.0001 -0.0008 -1.0000
vn -0.0001 -0.0008 -1.0000
vn -0.0004 -0.0008 -1.0000
vn -0.0007 -0.0008 -1.0000
vn -0.0012 -0.0007 -1.0000
vn -0.0020 -0.0007 -1.0000
vn -0.0000 -1.0000 -0.0001
vn 0.8660 -0.0000 -0.5000
vn -0.5000 -0.0000 -0.8660
vn 0.5000 -0.0000 0.8660
vn -0.8660 -0.0000 -0.5000
vn 0.5000 -0.0000 -0.8660
vn -0.5000 -0.0000 0.8660
vn -0.0000 1.0000 -0.0001
vn -0.0000 1.0000 0.0001
vn 0.8248 -0.0000 -0.5655
vn -0.8248 -0.0000 -0.5655
vn 0.9316 -0.0000 0.3636
vn 0.7841 -0.0000 0.6206
vn 0.9972 -0.0000 0.0746
vn -0.9316 -0.0000 0.3636
vn -0.9972 -0.0000 0.0746
vn -0.7841 -0.0000 0.6206
vn 0.9914 -0.0000 -0.1306
vn 0.7934 -0.0000 -0.6088
vn 0.7934 -0.0000 -0.6087
vn 0.6088 -0.0000 -0.7933
vn 0.3827 -0.0000 -0.9239
vn 0.1305 -0.0000 -0.9914
vn -0.1305 -0.0000 -0.9914
vn -0.6088 -0.0000 -0.7933
vn -0.7934 -0.0000 -0.6088
vn -0.7934 -0.0000 -0.6087
vn -0.9239 -0.0000 -0.3827
vn -0.9914 -0.0000 -0.1306
vn 0.9239 -0.0000 -0.3826
vn -0.9239 -0.0000 -0.3826
vn -0.0002 -0.0000 -1.0000
vn -0.0003 -0.0000 -1.0000
vn -0.0000 0.0001 1.0000
vn -0.0000 0.9616 0.2744
vn -0.0000 -0.0028 -1.0000
vn 0.0008 -1.0000 -0.0010
vn 0.0061 -1.0000 0.0003
vn 0.0050 -1.0000 -0.0000
vn -0.0000 -1.0000 -0.0012
vn -0.0008 1.0000 0.0010
vn -0.0000 1.0000 0.0012
vn -0.0050 1.0000 -0.0000
vn -0.0061 1.0000 -0.0003
vn -0.0045 -0.0000 1.0000
vn 0.9988 -0.0000 0.0482
vn 0.9660 -0.0000 0.2587
vn -0.9660 -0.0000 0.2587
vn -0.9988 -0.0000 0.0483
vn 0.6087 -0.0000 -0.7934
vn 0.6088 -0.0000 -0.7934
vn 0.1304 -0.0000 -0.9915
vn -0.1304 -0.0000 -0.9915
vn -0.6087 -0.0000 -0.7934
vn -0.6088 -0.0000 -0.7934
vt 0.551161 0.206987
vt 0.538616 0.206987
vt 0.538616 0.194442
vt 0.551161 0.194442
vt 0.495537 0.291593
vt 0.488327 0.290499
vt 0.488327 0.283881
vt 0.495537 0.284974
vt 0.501951 0.138730
vt 0.524630 0.125734
vt 0.490954 0.127777
vt 0.524567 0.121438
vt 0.552241 0.128438
vt 0.552119 0.124456
vt 0.560858 0.129333
vt 0.554618 0.124515
vt 0.483413 0.211511
vt 0.528943 0.201384
vt 0.483353 0.201729
vt 0.528882 0.191602
vt 0.501957 0.142498
vt 0.535560 0.137820
vt 0.553811 0.137584
vt 0.565650 0.138335
vt 0.501895 0.146379
vt 0.535487 0.142687
vt 0.553740 0.142020
vt 0.568125 0.142837
vt 0.501770 0.150166
vt 0.535333 0.147294
vt 0.553572 0.146780
vt 0.569235 0.147029
vt 0.501588 0.153653
vt 0.535115 0.151502
vt 0.553320 0.151012
vt 0.568963 0.151021
vt 0.501359 0.156653
vt 0.534815 0.155200
vt 0.552998 0.155081
vt 0.568646 0.154342
vt 0.501095 0.159002
vt 0.534456 0.158148
vt 0.552624 0.157755
vt 0.568301 0.157064
vt 0.500811 0.160577
vt 0.534087 0.160067
vt 0.552243 0.159615
vt 0.567930 0.159084
vt 0.500520 0.161290
vt 0.533697 0.160954
vt 0.551841 0.160480
vt 0.567565 0.160068
vt 0.865225 0.298780
vt 0.867078 0.323986
vt 0.782247 0.323986
vt 0.859744 0.274677
vt 0.850878 0.252727
vt 0.839011 0.233891
vt 0.824662 0.218995
vt 0.808461 0.208686
vt 0.791113 0.203416
vt 0.773379 0.203416
vt 0.756033 0.208686
vt 0.739831 0.218995
vt 0.725483 0.233891
vt 0.713616 0.252727
vt 0.704748 0.274677
vt 0.699269 0.298780
vt 0.697414 0.323986
vt 0.699269 0.349192
vt 0.704748 0.373298
vt 0.713616 0.395245
vt 0.725483 0.414081
vt 0.739831 0.428977
vt 0.756033 0.439287
vt 0.773379 0.444557
vt 0.791113 0.444557
vt 0.808461 0.439287
vt 0.824662 0.428977
vt 0.839011 0.414081
vt 0.850878 0.395245
vt 0.859744 0.373295
vt 0.865225 0.349192
vt 0.515258 0.284845
vt 0.515118 0.282841
vt 0.515673 0.286761
vt 0.516344 0.288507
vt 0.517241 0.290004
vt 0.518327 0.291188
vt 0.519553 0.292008
vt 0.520865 0.292427
vt 0.522207 0.292427
vt 0.523520 0.292008
vt 0.524746 0.291188
vt 0.525831 0.290004
vt 0.526729 0.288507
vt 0.527400 0.286761
vt 0.527815 0.284845
vt 0.527955 0.282841
vt 0.527815 0.280837
vt 0.527400 0.278921
vt 0.526729 0.277176
vt 0.525831 0.275678
vt 0.524746 0.274494
vt 0.523520 0.273674
vt 0.522207 0.273255
vt 0.520865 0.273255
vt 0.519553 0.273674
vt 0.518327 0.274494
vt 0.517241 0.275678
vt 0.516344 0.277176
vt 0.515673 0.278921
vt 0.515258 0.280837
vt 0.521536 0.282841
vt 0.556754 0.325107
vt 0.556512 0.332968
vt 0.541617 0.325107
vt 0.541374 0.332968
vt 0.976540 0.597083
vt 0.970386 0.556623
vt 0.869871 0.638279
vt 0.964563 0.536417
vt 0.956691 0.517612
vt 0.944774 0.497928
vt 0.931498 0.480663
vt 0.906040 0.461122
vt 0.874218 0.449884
vt 0.906028 0.461096
vt 0.931506 0.480611
vt 0.944777 0.497882
vt 0.956688 0.517617
vt 0.964564 0.536430
vt 0.970379 0.556610
vt 0.976536 0.597062
vt 0.973719 0.845377
vt 0.968236 0.871498
vt 0.962752 0.891386
vt 0.953504 0.912116
vt 0.938774 0.935493
vt 0.921302 0.952913
vt 0.899703 0.966688
vt 0.868866 0.973421
vt 0.899723 0.966676
vt 0.921277 0.952811
vt 0.938772 0.935576
vt 0.953481 0.912103
vt 0.962679 0.891028
vt 0.968428 0.871367
vt 0.973701 0.845380
vt 0.554934 0.193406
vt 0.555382 0.194746
vt 0.544321 0.199638
vt 0.554028 0.192138
vt 0.552701 0.190997
vt 0.551013 0.190034
vt 0.549036 0.189289
vt 0.546859 0.188796
vt 0.544575 0.188577
vt 0.542285 0.188640
vt 0.540088 0.188984
vt 0.538081 0.189593
vt 0.536351 0.190440
vt 0.534974 0.191489
vt 0.534011 0.192694
vt 0.533502 0.194001
vt 0.533263 0.204527
vt 0.533710 0.205868
vt 0.534617 0.207136
vt 0.535944 0.208277
vt 0.537632 0.209240
vt 0.539608 0.209985
vt 0.541786 0.210478
vt 0.544070 0.210697
vt 0.546360 0.210633
vt 0.548557 0.210290
vt 0.550564 0.209681
vt 0.552294 0.208834
vt 0.553670 0.207785
vt 0.554634 0.206580
vt 0.555143 0.205273
vt 0.547526 0.204052
vt 0.540477 0.204052
vt 0.540477 0.197004
vt 0.547526 0.197004
vt 0.202415 0.225824
vt 0.197193 0.225841
vt 0.197250 0.262457
vt 0.202470 0.260844
vt 0.205523 0.225814
vt 0.205577 0.260674
vt 0.205820 0.252621
vt 0.205829 0.258439
vt 0.210548 0.247696
vt 0.210564 0.258264
vt 0.215530 0.252590
vt 0.215538 0.258248
vt 0.118755 0.225982
vt 0.118811 0.262381
vt 0.113532 0.225999
vt 0.113589 0.262398
vt 0.108821 0.226014
vt 0.108878 0.262413
vt 0.105082 0.226026
vt 0.105139 0.262425
vt 0.102682 0.226034
vt 0.102739 0.262433
vt 0.101854 0.226037
vt 0.101911 0.262436
vt 0.179096 0.554785
vt 0.175481 0.570676
vt 0.212476 0.579056
vt 0.185980 0.541237
vt 0.195455 0.531407
vt 0.206615 0.526230
vt 0.218318 0.526240
vt 0.229488 0.531416
vt 0.237783 0.541244
vt 0.244661 0.554751
vt 0.248289 0.570683
vt 0.246610 0.832673
vt 0.242978 0.848567
vt 0.236077 0.862140
vt 0.227823 0.871919
vt 0.216651 0.877102
vt 0.204937 0.877102
vt 0.193788 0.871947
vt 0.184290 0.862094
vt 0.177414 0.848576
vt 0.173787 0.832666
vt 0.202205 0.571587
vt 0.201090 0.576483
vt 0.204325 0.567421
vt 0.207243 0.564396
vt 0.210672 0.562805
vt 0.214279 0.562805
vt 0.217709 0.564396
vt 0.220628 0.567421
vt 0.222747 0.571587
vt 0.223861 0.576483
vt 0.222176 0.826863
vt 0.221062 0.831760
vt 0.218942 0.835924
vt 0.216024 0.838950
vt 0.212594 0.840540
vt 0.208987 0.840540
vt 0.205558 0.838950
vt 0.202640 0.835924
vt 0.200519 0.831760
vt 0.199405 0.826863
vt 0.347867 0.756897
vt 0.247955 0.764561
vt 0.347492 0.774045
vt 0.248013 0.782036
vt 0.150909 0.278140
vt 0.150989 0.280768
vt 0.136489 0.280059
vt 0.136688 0.282651
vt 0.140978 0.285979
vt 0.147003 0.289718
vt 0.125579 0.283064
vt 0.125190 0.291014
vt 0.180016 0.280909
vt 0.179558 0.267647
vt 0.173104 0.281639
vt 0.172750 0.268303
vt 0.228982 0.331170
vt 0.228162 0.310409
vt 0.236530 0.331170
vt 0.235710 0.310409
vt 0.119859 0.248707
vt 0.134221 0.247476
vt 0.119876 0.259617
vt 0.134238 0.258385
vt 0.276412 0.256561
vt 0.275592 0.235801
vt 0.283960 0.256561
vt 0.283140 0.235801
vt 0.270922 0.316665
vt 0.270102 0.295904
vt 0.278470 0.316665
vt 0.277650 0.295904
vt 0.231032 0.319364
vt 0.230212 0.298603
vt 0.238580 0.319364
vt 0.237760 0.298603
vt 0.142720 0.241529
vt 0.157082 0.240298
vt 0.142737 0.252439
vt 0.157099 0.251207
vt 0.272972 0.304858
vt 0.272152 0.284098
vt 0.280520 0.304858
vt 0.279700 0.284098
vt 0.278462 0.244755
vt 0.277642 0.223995
vt 0.286010 0.244755
vt 0.285190 0.223995
vt 0.339100 0.292350
vt 0.339100 0.314234
vt 0.317216 0.292350
vt 0.317216 0.314234
vt 0.163199 0.260385
vt 0.148057 0.260434
vt 0.163149 0.228756
vt 0.148008 0.228805
vt 0.222173 0.250721
vt 0.211234 0.249435
vt 0.221999 0.226268
vt 0.211384 0.229796
vt 0.222526 0.251499
vt 0.210492 0.247118
vt 0.222133 0.225272
vt 0.210818 0.229727
vt 0.143805 0.511465
vt 0.142611 0.579892
vt 0.134871 0.511140
vt 0.133677 0.579567
vt 0.138137 0.543406
vt 0.142027 0.552484
vt 0.140629 0.564398
vt 0.135320 0.574451
vt 0.145048 0.543233
vt 0.141409 0.574798
vt 0.184373 0.332643
vt 0.175772 0.332643
vt 0.177772 0.335170
vt 0.182373 0.335170
vt 0.186573 0.301403
vt 0.173572 0.301403
vt 0.144005 0.266278
vt 0.112107 0.274172
vt 0.112250 0.252608
vt 0.143431 0.246292
vt 0.124195 0.265220
vt 0.145386 0.257700
vt 0.145143 0.244529
vt 0.124923 0.249380
vt 0.018936 0.272982
vt 0.019773 0.251806
vt 0.294551 0.312838
vt 0.266459 0.316038
vt 0.263259 0.287946
vt 0.291350 0.284746
vt 0.153935 0.848382
vt 0.111972 0.848382
vt 0.111972 0.806421
vt 0.153935 0.806421
vt 0.079372 0.266620
vt 0.030662 0.272296
vt 0.030606 0.251967
vt 0.079115 0.252254
vt 0.276220 0.298257
vt 0.286531 0.285295
vt 0.289534 0.288405
vt 0.291630 0.292187
vt 0.292676 0.296382
vt 0.292601 0.300705
vt 0.291409 0.304861
vt 0.289182 0.308567
vt 0.286072 0.311570
vt 0.282290 0.313666
vt 0.278095 0.314713
vt 0.273772 0.314637
vt 0.269616 0.313445
vt 0.265910 0.311218
vt 0.129354 0.823802
vt 0.146736 0.806421
vt 0.150642 0.811511
vt 0.153098 0.817440
vt 0.153935 0.823802
vt 0.153098 0.830163
vt 0.150642 0.836092
vt 0.146736 0.841184
vt 0.141645 0.845090
vt 0.135716 0.847546
vt 0.129354 0.848382
vt 0.122992 0.847546
vt 0.117063 0.845090
vt 0.111972 0.841184
vt 0.208063 0.270918
vt 0.224008 0.254973
vt 0.227592 0.259643
vt 0.229844 0.265082
vt 0.230613 0.270918
vt 0.229844 0.276754
vt 0.227592 0.282193
vt 0.224008 0.286863
vt 0.219338 0.290446
vt 0.213899 0.292699
vt 0.208063 0.293467
vt 0.202227 0.292699
vt 0.196788 0.290446
vt 0.192118 0.286863
vt 0.230613 0.293467
vt 0.192118 0.293467
vt 0.192118 0.254973
vt 0.230613 0.254973
vt 0.209353 0.286636
vt 0.170613 0.286636
vt 0.170613 0.325377
vt 0.209353 0.325377
vt 0.131604 0.286803
vt 0.160618 0.275420
vt 0.155647 0.275300
vt 0.155631 0.296303
vt 0.160602 0.296422
vt 0.155789 0.275441
vt 0.160460 0.296282
vt 0.290574 0.854572
vt 0.283916 0.853671
vt 0.283916 0.852212
vt 0.290574 0.853113
vt 0.296686 0.856697
vt 0.284317 0.858188
vt 0.283945 0.857234
vt 0.296314 0.855744
vt 0.134260 0.339539
vt 0.134260 0.233428
vt 0.116575 0.339539
vt 0.294375 0.855558
vt 0.285403 0.856727
vt 0.284729 0.856029
vt 0.293701 0.854860
vt 0.191737 0.283108
vt 0.200579 0.283108
vt 0.200579 0.282917
vt 0.191737 0.282917
vt 0.300983 0.855261
vt 0.285415 0.859036
vt 0.285048 0.856638
vt 0.301005 0.855277
vt 0.285070 0.856654
vt 0.285437 0.859053
vt 0.283910 0.853184
vt 0.283916 0.852886
vt 0.285408 0.859199
vt 0.291460 0.855565
vt 0.289150 0.856079
vt 0.503904 0.292694
vt 0.491594 0.292751
vt 0.286348 0.856547
vt 0.292757 0.855040
vt 0.138681 0.270641
vt 0.253635 0.270641
vt 0.292399 0.857564
vt 0.286671 0.858181
vt 0.287151 0.856776
vt 0.292879 0.856158
vt 0.258056 0.339539
vt 0.275741 0.339539
vt 0.258056 0.233428
vt 0.284059 0.848747
vt 0.290851 0.847878
vt 0.297170 0.847304
vt 0.302586 0.847065
vt 0.306729 0.847177
vt 0.309318 0.847631
vt 0.310176 0.848398
vt 0.309244 0.849425
vt 0.306586 0.850642
vt 0.302383 0.851965
vt 0.296922 0.853306
vt 0.283773 0.855677
vt 0.196158 0.339539
vt 0.296191 0.857688
vt 0.294860 0.858647
vt 0.292786 0.859510
vt 0.290109 0.860218
vt 0.287012 0.860722
vt 0.283706 0.860989
vt 0.280417 0.861000
vt 0.277367 0.860754
vt 0.274766 0.860269
vt 0.272791 0.859576
vt 0.271575 0.858724
s 1
usemtl main.015
f 8780/1516/2005 8781/1517/2005 8782/1518/2005
f 8782/1518/2005 8784/1519/2005 8780/1516/2005
f 8786/1516/2006 8787/1517/2006 8788/1518/2006
f 8788/1518/2006 8790/1519/2006 8786/1516/2006
f 8792/1516/2007 8793/1517/2007 8794/1518/2007
f 8794/1518/2007 8796/1519/2007 8792/1516/2007
f 8798/1516/2008 8799/1517/2008 8800/1518/2008
f 8800/1518/2008 8802/1519/2008 8798/1516/2008
f 8804/1520/2009 8805/1521/2009 8806/1522/2009
f 8806/1522/2009 8808/1523/2009 8804/1520/2009
f 8810/1520/2010 8811/1521/2010 8812/1522/2010
f 8812/1522/2010 8814/1523/2010 8810/1520/2010
f 8816/1520/2011 8817/1521/2011 8818/1522/2011
f 8818/1522/2011 8820/1523/2011 8816/1520/2011
f 8822/1520/2012 8823/1521/2012 8824/1522/2012
f 8824/1522/2012 8826/1523/2012 8822/1520/2012
f 8828/1516/2013 8829/1517/2013 8830/1518/2013
f 8830/1518/2013 8832/1519/2014 8828/1516/2013
f 8834/1516/2013 8835/1517/2013 8836/1518/2013
f 8836/1518/2013 8838/1519/2013 8834/1516/2013
f 8840/1516/2015 8841/1517/2015 8842/1518/2013
f 8842/1518/2013 8844/1519/2013 8840/1516/2015
f 8846/1516/2013 8847/1517/2013 8848/1518/2015
f 8848/1518/2015 8850/1519/2015 8846/1516/2013
f 8852/1516/2013 8853/1517/2013 8854/1518/2013
f 8854/1518/2013 8856/1519/2013 8852/1516/2013
f 8858/1516/2013 8859/1517/2013 8860/1518/2013
f 8860/1518/2013 8862/1519/2013 8858/1516/2013
f 8864/1516/2016 8865/1517/2016 8866/1518/2016
f 8866/1518/2016 8868/1519/2016 8864/1516/2016
f 8870/1516/2017 8871/1517/2017 8872/1518/2017
f 8872/1518/2017 8874/1519/2017 8870/1516/2017
f 8876/1516/2018 8877/1517/2018 8878/1518/2018
f 8878/1518/2018 8880/1519/2018 8876/1516/2018
f 8882/1516/2019 8883/1517/2019 8884/1518/2019
f 8884/1518/2019 8886/1519/2019 8882/1516/2019
f 8888/1516/2020 8889/1517/2020 8890/1518/2020
f 8890/1518/2020 8892/1519/2020 8888/1516/2020
f 8894/1516/2021 8895/1517/2021 8896/1518/2021
f 8896/1518/2021 8898/1519/2021 8894/1516/2021
f 8900/1516/2022 8901/1517/2022 8902/1518/2022
f 8902/1518/2022 8904/1519/2022 8900/1516/2022
f 8906/1516/2022 8907/1517/2022 8908/1518/2022
f 8908/1518/2022 8910/1519/2022 8906/1516/2022
f 8912/1516/2022 8913/1517/2022 8914/1518/2022
f 8914/1518/2022 8916/1519/2022 8912/1516/2022
f 8918/1516/2023 8919/1517/2023 8920/1518/2022
f 8920/1518/2022 8922/1519/2022 8918/1516/2023
f 8924/1516/2022 8925/1517/2022 8926/1518/2022
f 8926/1518/2022 8928/1519/2023 8924/1516/2022
f 8930/1516/2022 8931/1517/2022 8932/1518/2022
f 8932/1518/2022 8934/1519/2022 8930/1516/2022
f 8936/1516/2024 8937/1517/2024 8938/1518/2024
f 8938/1518/2024 8940/1519/2024 8936/1516/2024
f 8942/1516/2025 8943/1517/2025 8944/1518/2025
f 8944/1518/2025 8946/1519/2025 8942/1516/2025
f 8948/1516/2026 8949/1517/2027 8950/1518/2028
f 8950/1518/2028 8952/1519/2028 8948/1516/2026
f 8954/1516/2029 8955/1517/2029 8956/1518/2030
f 8956/1518/2030 8958/1519/2030 8954/1516/2029
f 8960/1516/2031 8961/1517/2031 8962/1518/2032
f 8962/1518/2032 8964/1519/2032 8960/1516/2031
f 8966/1516/2033 8967/1517/2033 8968/1518/2033
f 8968/1518/2033 8970/1519/2033 8966/1516/2033
f 8972/1516/2034 8973/1517/2034 8974/1518/2034
f 8974/1518/2034 8976/1519/2034 8972/1516/2034
f 8978/1516/2035 8979/1517/2035 8980/1518/2035
f 8980/1518/2035 8982/1519/2035 8978/1516/2035
f 8984/1516/2036 8985/1517/2036 8986/1518/2037
f 8986/1518/2037 8988/1519/2037 8984/1516/2036
f 8990/1516/2038 8991/1517/2038 8992/1518/2038
f 8992/1518/2038 8994/1519/2038 8990/1516/2038
f 8996/1520/2009 8997/1521/2009 8998/1522/2009
f 8998/1522/2009 9000/1523/2009 8996/1520/2009
f 9002/1520/2039 9003/1521/2039 9004/1522/2039
f 9004/1522/2039 9006/1523/2039 9002/1520/2039
f 9008/1520/2040 9009/1521/2040 9010/1522/2040
f 9010/1522/2040 9012/1523/2040 9008/1520/2040
f 9014/1520/2010 9015/1521/2010 9016/1522/2010
f 9016/1522/2010 9018/1523/2010 9014/1520/2010
f 9020/1520/2012 9021/1521/2012 9022/1522/2012
f 9022/1522/2012 9024/1523/2012 9020/1520/2012
f 9026/1524/2041 9027/1525/2042 9028/1526/2043
f 9027/1525/2042 9030/1527/2044 9028/1526/2043
f 9027/1525/2042 9033/1528/2045 9030/1527/2044
f 9033/1528/2045 9036/1529/2046 9030/1527/2044
f 9033/1528/2045 9039/1530/2047 9036/1529/2046
f 9039/1530/2047 9042/1531/2048 9036/1529/2046
f 9044/1532/2049 9045/1533/2050 9046/1534/2051
f 9045/1533/2050 9048/1535/2052 9046/1534/2051
f 9050/1532/2053 9051/1533/2054 9052/1534/2055
f 9051/1533/2054 9054/1535/2056 9052/1534/2055
f 9056/1532/2057 9057/1533/2058 9058/1534/2059
f 9057/1533/2058 9060/1535/2060 9058/1534/2059
f 9062/1532/2061 9063/1533/2062 9064/1534/2063
f 9063/1533/2062 9066/1535/2064 9064/1534/2063
f 9068/1532/2011 9069/1533/2011 9070/1534/2065
f 9069/1533/2011 9072/1535/2065 9070/1534/2065
f 9074/1536/2066 9075/1537/2067 9026/1524/2041
f 9075/1537/2067 9027/1525/2042 9026/1524/2041
f 9075/1537/2067 9081/1538/2068 9027/1525/2042
f 9081/1538/2068 9033/1528/2045 9027/1525/2042
f 9081/1538/2068 9087/1539/2069 9033/1528/2045
f 9087/1539/2069 9039/1530/2047 9033/1528/2045
f 9092/1532/2070 9093/1533/2071 9094/1534/2072
f 9093/1533/2071 9096/1535/2073 9094/1534/2072
f 9098/1532/2074 9099/1533/2075 9100/1534/2076
f 9099/1533/2075 9102/1535/2077 9100/1534/2076
f 9104/1532/2078 9105/1533/2079 9106/1534/2080
f 9105/1533/2079 9108/1535/2081 9106/1534/2080
f 9110/1532/2082 9111/1533/2083 9112/1534/2084
f 9111/1533/2083 9114/1535/2085 9112/1534/2084
f 9116/1532/2086 9117/1533/2086 9118/1534/2011
f 9117/1533/2086 9120/1535/2011 9118/1534/2011
f 9122/1540/2087 9123/1541/2088 9074/1536/2066
f 9123/1541/2088 9075/1537/2067 9074/1536/2066
f 9123/1541/2088 9129/1542/2089 9075/1537/2067
f 9129/1542/2089 9081/1538/2068 9075/1537/2067
f 9129/1542/2089 9135/1543/2090 9081/1538/2068
f 9135/1543/2090 9087/1539/2069 9081/1538/2068
f 9140/1532/2091 9141/1533/2092 9142/1534/2093
f 9141/1533/2092 9144/1535/2094 9142/1534/2093
f 9146/1532/2095 9147/1533/2096 9148/1534/2097
f 9147/1533/2096 9150/1535/2098 9148/1534/2097
f 9152/1532/2099 9153/1533/2100 9154/1534/2101
f 9153/1533/2100 9156/1535/2102 9154/1534/2101
f 9158/1532/2103 9159/1533/2104 9160/1534/2105
f 9159/1533/2104 9162/1535/2106 9160/1534/2105
f 9164/1532/2065 9165/1533/2065 9166/1534/2011
f 9165/1533/2065 9168/1535/2011 9166/1534/2011
f 9170/1544/2107 9171/1545/2108 9122/1540/2087
f 9171/1545/2108 9123/1541/2088 9122/1540/2087
f 9171/1545/2108 9177/1546/2109 9123/1541/2088
f 9177/1546/2109 9129/1542/2089 9123/1541/2088
f 9177/1546/2109 9183/1547/2110 9129/1542/2089
f 9183/1547/2110 9135/1543/2090 9129/1542/2089
f 9188/1532/2111 9189/1533/2112 9190/1534/2113
f 9189/1533/2112 9192/1535/2114 9190/1534/2113
f 9194/1532/2115 9195/1533/2116 9196/1534/2117
f 9195/1533/2116 9198/1535/2118 9196/1534/2117
f 9200/1532/2119 9201/1533/2120 9202/1534/2121
f 9201/1533/2120 9204/1535/2122 9202/1534/2121
f 9206/1532/2123 9207/1533/2124 9208/1534/2125
f 9207/1533/2124 9210/1535/2126 9208/1534/2125
f 9212/1532/2011 9213/1533/2011 9214/1534/2011
f 9213/1533/2011 9216/1535/2011 9214/1534/2011
f 9218/1548/2127 9219/1549/2128 9170/1544/2107
f 9219/1549/2128 9171/1545/2108 9170/1544/2107
f 9219/1549/2128 9225/1550/2129 9171/1545/2108
f 9225/1550/2129 9177/1546/2109 9171/1545/2108
f 9225/1550/2129 9231/1551/2130 9177/1546/2109
f 9231/1551/2130 9183/1547/2110 9177/1546/2109
f 9236/1532/2040 9237/1533/2040 9238/1534/2131
f 9237/1533/2040 9240/1535/2131 9238/1534/2131
f 9242/1532/2132 9243/1533/2133 9244/1534/2134
f 9243/1533/2133 9246/1535/2135 9244/1534/2134
f 9248/1532/2136 9249/1533/2137 9250/1534/2138
f 9249/1533/2137 9252/1535/2139 9250/1534/2138
f 9254/1532/2140 9255/1533/2141 9256/1534/2142
f 9255/1533/2141 9258/1535/2143 9256/1534/2142
f 9260/1532/2011 9261/1533/2011 9262/1534/2011
f 9261/1533/2011 9264/1535/2011 9262/1534/2011
f 9266/1552/2144 9267/1553/2145 9218/1548/2127
f 9267/1553/2145 9219/1549/2128 9218/1548/2127
f 9267/1553/2145 9273/1554/2146 9219/1549/2128
f 9273/1554/2146 9225/1550/2129 9219/1549/2128
f 9273/1554/2146 9279/1555/2147 9225/1550/2129
f 9279/1555/2147 9231/1551/2130 9225/1550/2129
f 9284/1532/2148 9285/1533/2131 9286/1534/2149
f 9285/1533/2131 9288/1535/2149 9286/1534/2149
f 9290/1532/2150 9291/1533/2151 9292/1534/2152
f 9291/1533/2151 9294/1535/2153 9292/1534/2152
f 9296/1532/2154 9297/1533/2155 9298/1534/2156
f 9297/1533/2155 9300/1535/2157 9298/1534/2156
f 9302/1532/2158 9303/1533/2159 9304/1534/2160
f 9303/1533/2159 9306/1535/2161 9304/1534/2160
f 9308/1532/2011 9309/1533/2011 9310/1534/2011
f 9309/1533/2011 9312/1535/2011 9310/1534/2011
f 9314/1556/2162 9315/1557/2163 9266/1552/2144
f 9315/1557/2163 9267/1553/2145 9266/1552/2144
f 9315/1557/2163 9321/1558/2164 9267/1553/2145
f 9321/1558/2164 9273/1554/2146 9267/1553/2145
f 9321/1558/2164 9327/1559/2165 9273/1554/2146
f 9327/1559/2165 9279/1555/2147 9273/1554/2146
f 9332/1532/2040 9333/1533/2040 9334/1534/2040
f 9333/1533/2040 9336/1535/2040 9334/1534/2040
f 9338/1532/2166 9339/1533/2167 9340/1534/2168
f 9339/1533/2167 9342/1535/2169 9340/1534/2168
f 9344/1532/2170 9345/1533/2171 9346/1534/2172
f 9345/1533/2171 9348/1535/2173 9346/1534/2172
f 9350/1532/2174 9351/1533/2175 9352/1534/2176
f 9351/1533/2175 9354/1535/2177 9352/1534/2176
f 9356/1532/2011 9357/1533/2011 9358/1534/2011
f 9357/1533/2011 9360/1535/2011 9358/1534/2011
f 9362/1560/2178 9363/1561/2179 9314/1556/2162
f 9363/1561/2179 9315/1557/2163 9314/1556/2162
f 9363/1561/2179 9369/1562/2180 9315/1557/2163
f 9369/1562/2180 9321/1558/2164 9315/1557/2163
f 9369/1562/2180 9375/1563/2181 9321/1558/2164
f 9375/1563/2181 9327/1559/2165 9321/1558/2164
f 9380/1532/2040 9381/1533/2040 9382/1534/2040
f 9381/1533/2040 9384/1535/2040 9382/1534/2040
f 9386/1532/2182 9387/1533/2183 9388/1534/2184
f 9387/1533/2183 9390/1535/2185 9388/1534/2184
f 9392/1532/2186 9393/1533/2187 9394/1534/2188
f 9393/1533/2187 9396/1535/2189 9394/1534/2188
f 9398/1532/2190 9399/1533/2191 9400/1534/2192
f 9399/1533/2191 9402/1535/2193 9400/1534/2192
f 9404/1532/2011 9405/1533/2011 9406/1534/2011
f 9405/1533/2011 9408/1535/2011 9406/1534/2011
f 9410/1564/2194 9411/1565/2195 9362/1560/2178
f 9411/1565/2195 9363/1561/2179 9362/1560/2178
f 9411/1565/2195 9417/1566/2196 9363/1561/2179
f 9417/1566/2196 9369/1562/2180 9363/1561/2179
f 9417/1566/2196 9423/1567/2197 9369/1562/2180
f 9423/1567/2197 9375/1563/2181 9369/1562/2180
f 9428/1532/2040 9429/1533/2040 9430/1534/2040
f 9429/1533/2040 9432/1535/2040 9430/1534/2040
f 9434/1532/2198 9435/1533/2199 9436/1534/2200
f 9435/1533/2199 9438/1535/2201 9436/1534/2200
f 9440/1532/2202 9441/1533/2203 9442/1534/2204
f 9441/1533/2203 9444/1535/2205 9442/1534/2204
f 9446/1532/2206 9447/1533/2207 9448/1534/2208
f 9447/1533/2207 9450/1535/2209 9448/1534/2208
f 9452/1532/2011 9453/1533/2011 9454/1534/2011
f 9453/1533/2011 9456/1535/2011 9454/1534/2011
f 9458/1532/2011 9459/1533/2011 9460/1534/2011
f 9459/1533/2011 9462/1535/2011 9460/1534/2011
f 9464/1535/2210 9465/1534/2210 9466/1533/2211
f 9467/1535/2212 9468/1534/2212 9466/1533/2211
f 9470/1535/2213 9471/1534/2213 9466/1533/2211
f 9473/1535/2214 9474/1534/2214 9466/1533/2215
f 9476/1535/2216 9477/1534/2216 9466/1533/2211
f 9479/1535/2217 9480/1534/2217 9466/1533/2218
f 9482/1535/2219 9483/1534/2219 9466/1533/2211
f 9485/1535/2220 9486/1534/2220 9466/1533/2215
f 9488/1525/2221 9489/1524/2222 9490/1526/2223
f 9491/1527/2224 9488/1525/2221 9490/1526/2223
f 9494/1528/2225 9488/1525/2221 9491/1527/2224
f 9497/1529/2226 9494/1528/2225 9491/1527/2224
f 9500/1530/2227 9494/1528/2225 9497/1529/2226
f 9503/1531/2228 9500/1530/2227 9497/1529/2226
f 9506/1533/2229 9507/1532/2230 9508/1534/2231
f 9509/1535/2232 9506/1533/2229 9508/1534/2231
f 9512/1533/2233 9513/1532/2234 9514/1534/2235
f 9515/1535/2236 9512/1533/2233 9514/1534/2235
f 9518/1533/2237 9519/1532/2238 9520/1534/2239
f 9521/1535/2240 9518/1533/2237 9520/1534/2239
f 9524/1533/2241 9525/1532/2242 9526/1534/2243
f 9527/1535/2244 9524/1533/2241 9526/1534/2243
f 9530/1533/2011 9531/1532/2011 9532/1534/2086
f 9533/1535/2086 9530/1533/2011 9532/1534/2086
f 9536/1537/2245 9537/1536/2246 9489/1524/2222
f 9488/1525/2221 9536/1537/2245 9489/1524/2222
f 9542/1538/2247 9536/1537/2245 9488/1525/2221
f 9494/1528/2225 9542/1538/2247 9488/1525/2221
f 9548/1539/2248 9542/1538/2247 9494/1528/2225
f 9500/1530/2227 9548/1539/2248 9494/1528/2225
f 9554/1533/2249 9555/1532/2250 9556/1534/2251
f 9557/1535/2252 9554/1533/2249 9556/1534/2251
f 9560/1533/2253 9561/1532/2254 9562/1534/2255
f 9563/1535/2256 9560/1533/2253 9562/1534/2255
f 9566/1533/2257 9567/1532/2258 9568/1534/2259
f 9569/1535/2260 9566/1533/2257 9568/1534/2259
f 9572/1533/2261 9573/1532/2262 9574/1534/2263
f 9575/1535/2264 9572/1533/2261 9574/1534/2263
f 9578/1533/2065 9579/1532/2065 9580/1534/2011
f 9581/1535/2011 9578/1533/2065 9580/1534/2011
f 9584/1541/2265 9585/1540/2266 9537/1536/2246
f 9536/1537/2245 9584/1541/2265 9537/1536/2246
f 9590/1542/2267 9584/1541/2265 9536/1537/2245
f 9542/1538/2247 9590/1542/2267 9536/1537/2245
f 9596/1543/2268 9590/1542/2267 9542/1538/2247
f 9548/1539/2248 9596/1543/2268 9542/1538/2247
f 9602/1533/2269 9603/1532/2270 9604/1534/2271
f 9605/1535/2272 9602/1533/2269 9604/1534/2271
f 9608/1533/2273 9609/1532/2274 9610/1534/2275
f 9611/1535/2276 9608/1533/2273 9610/1534/2275
f 9614/1533/2277 9615/1532/2278 9616/1534/2279
f 9617/1535/2280 9614/1533/2277 9616/1534/2279
f 9620/1533/2281 9621/1532/2282 9622/1534/2283
f 9623/1535/2284 9620/1533/2281 9622/1534/2283
f 9626/1533/2086 9627/1532/2086 9628/1534/2011
f 9629/1535/2011 9626/1533/2086 9628/1534/2011
f 9632/1545/2285 9633/1544/2286 9585/1540/2266
f 9584/1541/2265 9632/1545/2285 9585/1540/2266
f 9638/1546/2287 9632/1545/2285 9584/1541/2265
f 9590/1542/2267 9638/1546/2287 9584/1541/2265
f 9644/1547/2288 9638/1546/2287 9590/1542/2267
f 9596/1543/2268 9644/1547/2288 9590/1542/2267
f 9650/1533/2289 9651/1532/2290 9652/1534/2291
f 9653/1535/2292 9650/1533/2289 9652/1534/2291
f 9656/1533/2293 9657/1532/2294 9658/1534/2295
f 9659/1535/2296 9656/1533/2293 9658/1534/2295
f 9662/1533/2297 9663/1532/2298 9664/1534/2299
f 9665/1535/2300 9662/1533/2297 9664/1534/2299
f 9668/1533/2301 9669/1532/2302 9670/1534/2303
f 9671/1535/2304 9668/1533/2301 9670/1534/2303
f 9674/1533/2011 9675/1532/2011 9676/1534/2011
f 9677/1535/2011 9674/1533/2011 9676/1534/2011
f 9680/1549/2305 9681/1548/2306 9633/1544/2286
f 9632/1545/2285 9680/1549/2305 9633/1544/2286
f 9686/1550/2307 9680/1549/2305 9632/1545/2285
f 9638/1546/2287 9686/1550/2307 9632/1545/2285
f 9692/1551/2308 9686/1550/2307 9638/1546/2287
f 9644/1547/2288 9692/1551/2308 9638/1546/2287
f 9698/1533/2040 9699/1532/2040 9700/1534/2149
f 9701/1535/2148 9698/1533/2040 9700/1534/2149
f 9704/1533/2309 9705/1532/2310 9706/1534/2311
f 9707/1535/2312 9704/1533/2309 9706/1534/2311
f 9710/1533/2313 9711/1532/2314 9712/1534/2315
f 9713/1535/2316 9710/1533/2313 9712/1534/2315
f 9716/1533/2317 9717/1532/2318 9718/1534/2319
f 9719/1535/2320 9716/1533/2317 9718/1534/2319
f 9722/1533/2011 9723/1532/2011 9724/1534/2011
f 9725/1535/2011 9722/1533/2011 9724/1534/2011
f 9728/1553/2321 9729/1552/2322 9681/1548/2306
f 9680/1549/2305 9728/1553/2321 9681/1548/2306
f 9734/1554/2323 9728/1553/2321 9680/1549/2305
f 9686/1550/2307 9734/1554/2323 9680/1549/2305
f 9740/1555/2324 9734/1554/2323 9686/1550/2307
f 9692/1551/2308 9740/1555/2324 9686/1550/2307
f 9746/1533/2149 9747/1532/2325 9748/1534/2131
f 9749/1535/2325 9746/1533/2149 9748/1534/2131
f 9752/1533/2326 9753/1532/2327 9754/1534/2328
f 9755/1535/2329 9752/1533/2326 9754/1534/2328
f 9758/1533/2330 9759/1532/2331 9760/1534/2332
f 9761/1535/2333 9758/1533/2330 9760/1534/2332
f 9764/1533/2334 9765/1532/2335 9766/1534/2336
f 9767/1535/2337 9764/1533/2334 9766/1534/2336
f 9770/1533/2011 9771/1532/2011 9772/1534/2011
f 9773/1535/2011 9770/1533/2011 9772/1534/2011
f 9776/1557/2338 9777/1556/2339 9729/1552/2322
f 9728/1553/2321 9776/1557/2338 9729/1552/2322
f 9782/1558/2340 9776/1557/2338 9728/1553/2321
f 9734/1554/2323 9782/1558/2340 9728/1553/2321
f 9788/1559/2341 9782/1558/2340 9734/1554/2323
f 9740/1555/2324 9788/1559/2341 9734/1554/2323
f 9794/1533/2040 9795/1532/2040 9796/1534/2040
f 9797/1535/2342 9794/1533/2040 9796/1534/2040
f 9800/1533/2343 9801/1532/2344 9802/1534/2345
f 9803/1535/2346 9800/1533/2343 9802/1534/2345
f 9806/1533/2347 9807/1532/2348 9808/1534/2349
f 9809/1535/2350 9806/1533/2347 9808/1534/2349
f 9812/1533/2351 9813/1532/2352 9814/1534/2353
f 9815/1535/2354 9812/1533/2351 9814/1534/2353
f 9818/1533/2011 9819/1532/2011 9820/1534/2011
f 9821/1535/2011 9818/1533/2011 9820/1534/2011
f 9824/1561/2355 9825/1560/2356 9777/1556/2339
f 9776/1557/2338 9824/1561/2355 9777/1556/2339
f 9830/1562/2357 9824/1561/2355 9776/1557/2338
f 9782/1558/2340 9830/1562/2357 9776/1557/2338
f 9836/1563/2358 9830/1562/2357 9782/1558/2340
f 9788/1559/2341 9836/1563/2358 9782/1558/2340
f 9842/1533/2040 9843/1532/2040 9844/1534/2040
f 9845/1535/2040 9842/1533/2040 9844/1534/2040
f 9848/1533/2359 9849/1532/2360 9850/1534/2361
f 9851/1535/2362 9848/1533/2359 9850/1534/2361
f 9854/1533/2363 9855/1532/2364 9856/1534/2365
f 9857/1535/2366 9854/1533/2363 9856/1534/2365
f 9860/1533/2367 9861/1532/2368 9862/1534/2369
f 9863/1535/2370 9860/1533/2367 9862/1534/2369
f 9866/1533/2011 9867/1532/2011 9868/1534/2011
f 9869/1535/2011 9866/1533/2011 9868/1534/2011
f 9872/1565/2371 9873/1564/2372 9825/1560/2356
f 9824/1561/2355 9872/1565/2371 9825/1560/2356
f 9878/1566/2373 9872/1565/2371 9824/1561/2355
f 9830/1562/2357 9878/1566/2373 9824/1561/2355
f 9884/1567/2374 9878/1566/2373 9830/1562/2357
f 9836/1563/2358 9884/1567/2374 9830/1562/2357
f 9890/1533/2040 9891/1532/2040 9892/1534/2040
f 9893/1535/2040 9890/1533/2040 9892/1534/2040
f 9896/1533/2375 9897/1532/2376 9898/1534/2377
f 9899/1535/2378 9896/1533/2375 9898/1534/2377
f 9902/1533/2379 9903/1532/2380 9904/1534/2381
f 9905/1535/2382 9902/1533/2379 9904/1534/2381
f 9908/1533/2383 9909/1532/2384 9910/1534/2385
f 9911/1535/2386 9908/1533/2383 9910/1534/2385
f 9914/1533/2011 9915/1532/2011 9916/1534/2011
f 9917/1535/2011 9914/1533/2011 9916/1534/2011
f 9920/1533/2011 9921/1532/2011 9922/1534/2011
f 9923/1535/2011 9920/1533/2011 9922/1534/2011
f 9926/1534/2387 9927/1535/2387 9928/1533/2388
f 9929/1534/2389 9930/1535/2389 9928/1533/2390
f 9932/1534/2391 9933/1535/2391 9928/1533/2388
f 9935/1534/2392 9936/1535/2392 9928/1533/2388
f 9938/1534/2393 9939/1535/2393 9928/1533/2388
f 9941/1534/2394 9942/1535/2394 9928/1533/2388
f 9944/1534/2395 9945/1535/2395 9928/1533/2388
f 9947/1534/2396 9948/1535/2396 9928/1533/2388
f 9950/1568/2040 9951/1569/2040 9952/1570/2040
f 9953/1571/2040 9950/1568/2040 9952/1570/2040
f 9956/1572/2040 9953/1571/2040 9952/1570/2040
f 9959/1573/2040 9956/1572/2040 9952/1570/2040
f 9962/1574/2040 9959/1573/2040 9952/1570/2040
f 9965/1575/2040 9962/1574/2040 9952/1570/2040
f 9968/1576/2040 9965/1575/2040 9952/1570/2040
f 9971/1577/2040 9968/1576/2040 9952/1570/2040
f 9974/1578/2040 9971/1577/2040 9952/1570/2040
f 9977/1579/2040 9974/1578/2040 9952/1570/2040
f 9980/1580/2040 9977/1579/2040 9952/1570/2040
f 9983/1581/2040 9980/1580/2040 9952/1570/2040
f 9986/1582/2040 9983/1581/2040 9952/1570/2040
f 9989/1583/2040 9986/1582/2040 9952/1570/2040
f 9992/1584/2040 9989/1583/2040 9952/1570/2040
f 9995/1585/2040 9992/1584/2040 9952/1570/2040
f 9998/1586/2040 9995/1585/2040 9952/1570/2040
f 10001/1587/2040 9998/1586/2040 9952/1570/2040
f 10004/1588/2040 10001/1587/2040 9952/1570/2040
f 10007/1589/2040 10004/1588/2040 9952/1570/2040
f 10010/1590/2040 10007/1589/2040 9952/1570/2040
f 10013/1591/2040 10010/1590/2040 9952/1570/2040
f 10016/1592/2040 10013/1591/2040 9952/1570/2040
f 10019/1593/2040 10016/1592/2040 9952/1570/2040
f 10022/1594/2040 10019/1593/2040 9952/1570/2040
f 10025/1595/2040 10022/1594/2040 9952/1570/2040
f 10028/1596/2040 10025/1595/2040 9952/1570/2040
f 10031/1597/2040 10028/1596/2040 9952/1570/2040
f 10034/1598/2040 10031/1597/2040 9952/1570/2040
f 9951/1569/2040 10034/1598/2040 9952/1570/2040
f 10040/1599/2397 10041/1600/2010 10042/1600/2010
f 10043/1599/2397 10040/1599/2397 10042/1600/2010
f 10046/1601/2398 10040/1599/2397 10043/1599/2397
f 10049/1601/2398 10046/1601/2398 10043/1599/2397
f 10052/1602/2399 10046/1601/2398 10049/1601/2398
f 10055/1602/2399 10052/1602/2399 10049/1601/2398
f 10058/1603/2400 10052/1602/2399 10055/1602/2399
f 10061/1603/2400 10058/1603/2400 10055/1602/2399
f 10064/1604/2401 10058/1603/2400 10061/1603/2400
f 10067/1604/2401 10064/1604/2401 10061/1603/2400
f 10070/1605/2402 10064/1604/2401 10067/1604/2401
f 10073/1605/2402 10070/1605/2402 10067/1604/2401
f 10076/1606/2403 10070/1605/2402 10073/1605/2402
f 10079/1606/2403 10076/1606/2403 10073/1605/2402
f 10082/1607/2404 10076/1606/2403 10079/1606/2403
f 10085/1607/2404 10082/1607/2404 10079/1606/2403
f 10088/1608/2405 10082/1607/2404 10085/1607/2404
f 10091/1608/2405 10088/1608/2405 10085/1607/2404
f 10094/1609/2406 10088/1608/2405 10091/1608/2405
f 10097/1609/2406 10094/1609/2406 10091/1608/2405
f 10100/1610/2407 10094/1609/2406 10097/1609/2406
f 10103/1610/2407 10100/1610/2407 10097/1609/2406
f 10106/1611/2408 10100/1610/2407 10103/1610/2407
f 10109/1611/2408 10106/1611/2408 10103/1610/2407
f 10112/1612/2409 10106/1611/2408 10109/1611/2408
f 10115/1612/2409 10112/1612/2409 10109/1611/2408
f 10118/1613/2410 10112/1612/2409 10115/1612/2409
f 10121/1613/2410 10118/1613/2410 10115/1612/2409
f 10124/1614/2012 10118/1613/2410 10121/1613/2410
f 10127/1614/2012 10124/1614/2012 10121/1613/2410
f 10130/1615/2411 10124/1614/2012 10127/1614/2012
f 10133/1615/2411 10130/1615/2411 10127/1614/2012
f 10136/1616/2412 10130/1615/2411 10133/1615/2411
f 10139/1616/2412 10136/1616/2412 10133/1615/2411
f 10142/1617/2413 10136/1616/2412 10139/1616/2412
f 10145/1617/2413 10142/1617/2413 10139/1616/2412
f 10148/1618/2414 10142/1617/2413 10145/1617/2413
f 10151/1618/2414 10148/1618/2414 10145/1617/2413
f 10154/1619/2415 10148/1618/2414 10151/1618/2414
f 10157/1619/2415 10154/1619/2415 10151/1618/2414
f 10160/1620/2416 10154/1619/2415 10157/1619/2415
f 10163/1620/2417 10160/1620/2416 10157/1619/2415
f 10166/1621/2418 10160/1620/2416 10163/1620/2417
f 10169/1621/2418 10166/1621/2418 10163/1620/2417
f 10172/1622/2419 10166/1621/2418 10169/1621/2418
f 10175/1622/2419 10172/1622/2419 10169/1621/2418
f 10178/1623/2420 10172/1622/2419 10175/1622/2419
f 10181/1623/2421 10178/1623/2420 10175/1622/2419
f 10184/1624/2422 10178/1623/2420 10181/1623/2421
f 10187/1624/2422 10184/1624/2422 10181/1623/2421
f 10190/1625/2423 10184/1624/2422 10187/1624/2422
f 10193/1625/2423 10190/1625/2423 10187/1624/2422
f 10196/1626/2424 10190/1625/2423 10193/1625/2423
f 10199/1626/2424 10196/1626/2424 10193/1625/2423
f 10202/1627/2425 10196/1626/2424 10199/1626/2424
f 10205/1627/2425 10202/1627/2425 10199/1626/2424
f 10208/1628/2426 10202/1627/2425 10205/1627/2425
f 10211/1628/2426 10208/1628/2426 10205/1627/2425
f 10041/1600/2010 10208/1628/2426 10211/1628/2426
f 10042/1600/2010 10041/1600/2010 10211/1628/2426
f 10220/1600/2011 10221/1599/2011 10222/1629/2011
f 10221/1599/2011 10224/1601/2011 10222/1629/2011
f 10224/1601/2011 10227/1602/2011 10222/1629/2011
f 10227/1602/2011 10230/1603/2011 10222/1629/2011
f 10230/1603/2011 10233/1604/2011 10222/1629/2011
f 10233/1604/2011 10236/1605/2011 10222/1629/2011
f 10236/1605/2011 10239/1606/2011 10222/1629/2011
f 10239/1606/2011 10242/1607/2011 10222/1629/2011
f 10242/1607/2011 10245/1608/2011 10222/1629/2011
f 10245/1608/2011 10248/1609/2011 10222/1629/2011
f 10248/1609/2011 10251/1610/2011 10222/1629/2011
f 10251/1610/2011 10254/1611/2011 10222/1629/2011
f 10254/1611/2011 10257/1612/2011 10222/1629/2011
f 10257/1612/2011 10260/1613/2011 10222/1629/2011
f 10260/1613/2011 10263/1614/2011 10222/1629/2011
f 10263/1614/2011 10266/1615/2011 10222/1629/2011
f 10266/1615/2011 10269/1616/2011 10222/1629/2011
f 10269/1616/2011 10272/1617/2011 10222/1629/2011
f 10272/1617/2011 10275/1618/2011 10222/1629/2011
f 10275/1618/2011 10278/1619/2011 10222/1629/2011
f 10278/1619/2011 10281/1620/2011 10222/1629/2011
f 10281/1620/2011 10284/1621/2011 10222/1629/2011
f 10284/1621/2011 10287/1622/2011 10222/1629/2011
f 10287/1622/2011 10290/1623/2011 10222/1629/2011
f 10290/1623/2011 10293/1624/2011 10222/1629/2011
f 10293/1624/2011 10296/1625/2011 10222/1629/2011
f 10296/1625/2011 10299/1626/2011 10222/1629/2011
f 10299/1626/2011 10302/1627/2011 10222/1629/2011
f 10302/1627/2011 10305/1628/2011 10222/1629/2011
f 10305/1628/2011 10220/1600/2011 10222/1629/2011
f 10310/1630/2427 10311/1631/2427 10312/1632/2427
f 10313/1633/2427 10312/1632/2427 10311/1631/2427
f 10316/1630/2428 10317/1631/2429 10318/1632/2430
f 10319/1633/2429 10318/1632/2430 10317/1631/2429
f 10322/1630/2431 10323/1631/2432 10324/1632/2433
f 10325/1633/2432 10324/1632/2433 10323/1631/2432
f 10328/1630/2434 10329/1631/2434 10330/1632/2434
f 10331/1633/2434 10330/1632/2434 10329/1631/2434
f 10334/1630/2435 10335/1631/2435 10336/1632/2435
f 10337/1633/2435 10336/1632/2435 10335/1631/2435
f 10340/1630/2436 10341/1631/2436 10342/1632/2436
f 10343/1633/2436 10342/1632/2436 10341/1631/2436
f 10346/1630/2437 10347/1631/2438 10348/1632/2437
f 10349/1633/2438 10348/1632/2437 10347/1631/2438
f 10352/1630/2439 10353/1631/2440 10354/1632/2439
f 10355/1633/2440 10354/1632/2439 10353/1631/2440
f 10358/1630/2441 10359/1631/2441 10360/1632/2442
f 10361/1633/2442 10360/1632/2442 10359/1631/2441
f 10364/1630/2443 10365/1631/2443 10366/1632/2443
f 10367/1633/2443 10366/1632/2443 10365/1631/2443
f 10370/1524/2041 10371/1525/2042 10372/1526/2043
f 10371/1525/2042 10374/1527/2044 10372/1526/2043
f 10371/1525/2042 10377/1528/2045 10374/1527/2044
f 10377/1528/2045 10380/1529/2046 10374/1527/2044
f 10377/1528/2045 10383/1530/2047 10380/1529/2046
f 10383/1530/2047 10386/1531/2444 10380/1529/2046
f 10388/1532/2445 10389/1533/2446 10390/1534/2447
f 10389/1533/2446 10392/1535/2448 10390/1534/2447
f 10394/1532/2053 10395/1533/2449 10396/1534/2055
f 10395/1533/2449 10398/1535/2056 10396/1534/2055
f 10400/1532/2450 10401/1533/2058 10402/1534/2059
f 10401/1533/2058 10404/1535/2060 10402/1534/2059
f 10406/1532/2061 10407/1533/2062 10408/1534/2063
f 10407/1533/2062 10410/1535/2064 10408/1534/2063
f 10412/1532/2011 10413/1533/2011 10414/1534/2011
f 10413/1533/2011 10416/1535/2011 10414/1534/2011
f 10418/1536/2066 10419/1537/2067 10370/1524/2041
f 10419/1537/2067 10371/1525/2042 10370/1524/2041
f 10419/1537/2067 10425/1538/2068 10371/1525/2042
f 10425/1538/2068 10377/1528/2045 10371/1525/2042
f 10425/1538/2068 10431/1539/2451 10377/1528/2045
f 10431/1539/2451 10383/1530/2047 10377/1528/2045
f 10436/1532/2452 10437/1533/2453 10438/1534/2454
f 10437/1533/2453 10440/1535/2455 10438/1534/2454
f 10442/1532/2074 10443/1533/2075 10444/1534/2076
f 10443/1533/2075 10446/1535/2077 10444/1534/2076
f 10448/1532/2078 10449/1533/2079 10450/1534/2080
f 10449/1533/2079 10452/1535/2081 10450/1534/2080
f 10454/1532/2082 10455/1533/2083 10456/1534/2456
f 10455/1533/2083 10458/1535/2085 10456/1534/2456
f 10460/1532/2086 10461/1533/2086 10462/1534/2011
f 10461/1533/2086 10464/1535/2011 10462/1534/2011
f 10466/1540/2087 10467/1541/2088 10418/1536/2066
f 10467/1541/2088 10419/1537/2067 10418/1536/2066
f 10467/1541/2088 10473/1542/2457 10419/1537/2067
f 10473/1542/2457 10425/1538/2068 10419/1537/2067
f 10473/1542/2457 10479/1543/2090 10425/1538/2068
f 10479/1543/2090 10431/1539/2451 10425/1538/2068
f 10484/1532/2458 10485/1533/2459 10486/1534/2093
f 10485/1533/2459 10488/1535/2460 10486/1534/2093
f 10490/1532/2095 10491/1533/2096 10492/1534/2097
f 10491/1533/2096 10494/1535/2098 10492/1534/2097
f 10496/1532/2099 10497/1533/2100 10498/1534/2101
f 10497/1533/2100 10500/1535/2102 10498/1534/2101
f 10502/1532/2103 10503/1533/2104 10504/1534/2105
f 10503/1533/2104 10506/1535/2106 10504/1534/2105
f 10508/1532/2065 10509/1533/2065 10510/1534/2011
f 10509/1533/2065 10512/1535/2011 10510/1534/2011
f 10514/1544/2107 10515/1545/2108 10466/1540/2087
f 10515/1545/2108 10467/1541/2088 10466/1540/2087
f 10515/1545/2108 10521/1546/2109 10467/1541/2088
f 10521/1546/2109 10473/1542/2457 10467/1541/2088
f 10521/1546/2109 10527/1547/2110 10473/1542/2457
f 10527/1547/2110 10479/1543/2090 10473/1542/2457
f 10532/1532/2461 10533/1533/2462 10534/1534/2463
f 10533/1533/2462 10536/1535/2464 10534/1534/2463
f 10538/1532/2115 10539/1533/2116 10540/1534/2117
f 10539/1533/2116 10542/1535/2118 10540/1534/2117
f 10544/1532/2119 10545/1533/2120 10546/1534/2121
f 10545/1533/2120 10548/1535/2122 10546/1534/2121
f 10550/1532/2465 10551/1533/2124 10552/1534/2125
f 10551/1533/2124 10554/1535/2126 10552/1534/2125
f 10556/1532/2011 10557/1533/2011 10558/1534/2011
f 10557/1533/2011 10560/1535/2011 10558/1534/2011
f 10562/1548/2466 10563/1549/2128 10514/1544/2107
f 10563/1549/2128 10515/1545/2108 10514/1544/2107
f 10563/1549/2128 10569/1550/2129 10515/1545/2108
f 10569/1550/2129 10521/1546/2109 10515/1545/2108
f 10569/1550/2129 10575/1551/2130 10521/1546/2109
f 10575/1551/2130 10527/1547/2110 10521/1546/2109
f 10580/1532/2040 10581/1533/2040 10582/1534/2131
f 10581/1533/2040 10584/1535/2131 10582/1534/2131
f 10586/1532/2467 10587/1533/2133 10588/1534/2134
f 10587/1533/2133 10590/1535/2135 10588/1534/2134
f 10592/1532/2136 10593/1533/2137 10594/1534/2138
f 10593/1533/2137 10596/1535/2139 10594/1534/2138
f 10598/1532/2140 10599/1533/2141 10600/1534/2142
f 10599/1533/2141 10602/1535/2143 10600/1534/2142
f 10604/1532/2011 10605/1533/2011 10606/1534/2011
f 10605/1533/2011 10608/1535/2011 10606/1534/2011
f 10610/1552/2144 10611/1553/2468 10562/1548/2466
f 10611/1553/2468 10563/1549/2128 10562/1548/2466
f 10611/1553/2468 10617/1554/2146 10563/1549/2128
f 10617/1554/2146 10569/1550/2129 10563/1549/2128
f 10617/1554/2146 10623/1555/2147 10569/1550/2129
f 10623/1555/2147 10575/1551/2130 10569/1550/2129
f 10628/1532/2131 10629/1533/2131 10630/1534/2149
f 10629/1533/2131 10632/1535/2149 10630/1534/2149
f 10634/1532/2150 10635/1533/2151 10636/1534/2152
f 10635/1533/2151 10638/1535/2153 10636/1534/2152
f 10640/1532/2154 10641/1533/2155 10642/1534/2156
f 10641/1533/2155 10644/1535/2157 10642/1534/2156
f 10646/1532/2158 10647/1533/2159 10648/1534/2160
f 10647/1533/2159 10650/1535/2161 10648/1534/2160
f 10652/1532/2011 10653/1533/2011 10654/1534/2011
f 10653/1533/2011 10656/1535/2011 10654/1534/2011
f 10658/1556/2469 10659/1557/2163 10610/1552/2144
f 10659/1557/2163 10611/1553/2468 10610/1552/2144
f 10659/1557/2163 10665/1558/2164 10611/1553/2468
f 10665/1558/2164 10617/1554/2146 10611/1553/2468
f 10665/1558/2164 10671/1559/2470 10617/1554/2146
f 10671/1559/2470 10623/1555/2147 10617/1554/2146
f 10676/1532/2149 10677/1533/2149 10678/1534/2040
f 10677/1533/2149 10680/1535/2040 10678/1534/2040
f 10682/1532/2471 10683/1533/2167 10684/1534/2168
f 10683/1533/2167 10686/1535/2169 10684/1534/2168
f 10688/1532/2170 10689/1533/2171 10690/1534/2172
f 10689/1533/2171 10692/1535/2173 10690/1534/2172
f 10694/1532/2174 10695/1533/2175 10696/1534/2176
f 10695/1533/2175 10698/1535/2177 10696/1534/2176
f 10700/1532/2011 10701/1533/2011 10702/1534/2011
f 10701/1533/2011 10704/1535/2011 10702/1534/2011
f 10706/1560/2178 10707/1561/2179 10658/1556/2469
f 10707/1561/2179 10659/1557/2163 10658/1556/2469
f 10707/1561/2179 10713/1562/2180 10659/1557/2163
f 10713/1562/2180 10665/1558/2164 10659/1557/2163
f 10713/1562/2180 10719/1563/2472 10665/1558/2164
f 10719/1563/2472 10671/1559/2470 10665/1558/2164
f 10724/1532/2040 10725/1533/2040 10726/1534/2040
f 10725/1533/2040 10728/1535/2040 10726/1534/2040
f 10730/1532/2473 10731/1533/2183 10732/1534/2184
f 10731/1533/2183 10734/1535/2185 10732/1534/2184
f 10736/1532/2186 10737/1533/2474 10738/1534/2188
f 10737/1533/2474 10740/1535/2189 10738/1534/2188
f 10742/1532/2190 10743/1533/2475 10744/1534/2476
f 10743/1533/2475 10746/1535/2193 10744/1534/2476
f 10748/1532/2011 10749/1533/2011 10750/1534/2011
f 10749/1533/2011 10752/1535/2011 10750/1534/2011
f 10754/1564/2194 10755/1565/2195 10706/1560/2178
f 10755/1565/2195 10707/1561/2179 10706/1560/2178
f 10755/1565/2195 10761/1566/2477 10707/1561/2179
f 10761/1566/2477 10713/1562/2180 10707/1561/2179
f 10761/1566/2477 10767/1567/2197 10713/1562/2180
f 10767/1567/2197 10719/1563/2472 10713/1562/2180
f 10772/1532/2040 10773/1533/2040 10774/1534/2040
f 10773/1533/2040 10776/1535/2040 10774/1534/2040
f 10778/1532/2478 10779/1533/2199 10780/1534/2479
f 10779/1533/2199 10782/1535/2480 10780/1534/2479
f 10784/1532/2481 10785/1533/2482 10786/1534/2483
f 10785/1533/2482 10788/1535/2484 10786/1534/2483
f 10790/1532/2206 10791/1533/2485 10792/1534/2208
f 10791/1533/2485 10794/1535/2209 10792/1534/2208
f 10796/1532/2011 10797/1533/2011 10798/1534/2011
f 10797/1533/2011 10800/1535/2011 10798/1534/2011
f 10802/1532/2011 10803/1533/2011 10804/1534/2011
f 10803/1533/2011 10806/1535/2011 10804/1534/2011
f 10808/1535/2210 10809/1534/2210 10810/1533/2486
f 10811/1535/2487 10812/1534/2487 10810/1533/2488
f 10814/1535/2489 10815/1534/2489 10810/1533/2490
f 10817/1535/2491 10818/1534/2491 10810/1533/2492
f 10820/1535/2493 10821/1534/2493 10810/1533/2492
f 10823/1535/2494 10824/1534/2494 10810/1533/2490
f 10826/1535/2219 10827/1534/2219 10810/1533/2495
f 10829/1535/2496 10830/1534/2496 10810/1533/2497
f 10832/1525/2221 10833/1524/2222 10834/1526/2223
f 10835/1527/2224 10832/1525/2221 10834/1526/2223
f 10838/1528/2225 10832/1525/2221 10835/1527/2224
f 10841/1529/2226 10838/1528/2225 10835/1527/2224
f 10844/1530/2227 10838/1528/2225 10841/1529/2226
f 10847/1531/2498 10844/1530/2227 10841/1529/2226
f 10850/1533/2499 10851/1532/2500 10852/1534/2501
f 10853/1535/2502 10850/1533/2499 10852/1534/2501
f 10856/1533/2503 10857/1532/2234 10858/1534/2235
f 10859/1535/2236 10856/1533/2503 10858/1534/2235
f 10862/1533/2237 10863/1532/2504 10864/1534/2239
f 10865/1535/2240 10862/1533/2237 10864/1534/2239
f 10868/1533/2241 10869/1532/2242 10870/1534/2243
f 10871/1535/2244 10868/1533/2241 10870/1534/2243
f 10874/1533/2011 10875/1532/2011 10876/1534/2011
f 10877/1535/2011 10874/1533/2011 10876/1534/2011
f 10880/1537/2245 10881/1536/2246 10833/1524/2222
f 10832/1525/2221 10880/1537/2245 10833/1524/2222
f 10886/1538/2247 10880/1537/2245 10832/1525/2221
f 10838/1528/2225 10886/1538/2247 10832/1525/2221
f 10892/1539/2505 10886/1538/2247 10838/1528/2225
f 10844/1530/2227 10892/1539/2505 10838/1528/2225
f 10898/1533/2506 10899/1532/2507 10900/1534/2508
f 10901/1535/2509 10898/1533/2506 10900/1534/2508
f 10904/1533/2253 10905/1532/2254 10906/1534/2255
f 10907/1535/2256 10904/1533/2253 10906/1534/2255
f 10910/1533/2257 10911/1532/2258 10912/1534/2259
f 10913/1535/2260 10910/1533/2257 10912/1534/2259
f 10916/1533/2261 10917/1532/2262 10918/1534/2510
f 10919/1535/2264 10916/1533/2261 10918/1534/2510
f 10922/1533/2065 10923/1532/2065 10924/1534/2011
f 10925/1535/2011 10922/1533/2065 10924/1534/2011
f 10928/1541/2265 10929/1540/2266 10881/1536/2246
f 10880/1537/2245 10928/1541/2265 10881/1536/2246
f 10934/1542/2511 10928/1541/2265 10880/1537/2245
f 10886/1538/2247 10934/1542/2511 10880/1537/2245
f 10940/1543/2268 10934/1542/2511 10886/1538/2247
f 10892/1539/2505 10940/1543/2268 10886/1538/2247
f 10946/1533/2512 10947/1532/2513 10948/1534/2514
f 10949/1535/2515 10946/1533/2512 10948/1534/2514
f 10952/1533/2273 10953/1532/2274 10954/1534/2275
f 10955/1535/2276 10952/1533/2273 10954/1534/2275
f 10958/1533/2277 10959/1532/2278 10960/1534/2279
f 10961/1535/2280 10958/1533/2277 10960/1534/2279
f 10964/1533/2281 10965/1532/2282 10966/1534/2283
f 10967/1535/2284 10964/1533/2281 10966/1534/2283
f 10970/1533/2086 10971/1532/2086 10972/1534/2011
f 10973/1535/2011 10970/1533/2086 10972/1534/2011
f 10976/1545/2285 10977/1544/2286 10929/1540/2266
f 10928/1541/2265 10976/1545/2285 10929/1540/2266
f 10982/1546/2287 10976/1545/2285 10928/1541/2265
f 10934/1542/2511 10982/1546/2287 10928/1541/2265
f 10988/1547/2288 10982/1546/2287 10934/1542/2511
f 10940/1543/2268 10988/1547/2288 10934/1542/2511
f 10994/1533/2516 10995/1532/2517 10996/1534/2291
f 10997/1535/2292 10994/1533/2516 10996/1534/2291
f 11000/1533/2293 11001/1532/2294 11002/1534/2295
f 11003/1535/2296 11000/1533/2293 11002/1534/2295
f 11006/1533/2297 11007/1532/2298 11008/1534/2299
f 11009/1535/2300 11006/1533/2297 11008/1534/2299
f 11012/1533/2301 11013/1532/2518 11014/1534/2303
f 11015/1535/2304 11012/1533/2301 11014/1534/2303
f 11018/1533/2011 11019/1532/2011 11020/1534/2011
f 11021/1535/2011 11018/1533/2011 11020/1534/2011
f 11024/1549/2305 11025/1548/2519 10977/1544/2286
f 10976/1545/2285 11024/1549/2305 10977/1544/2286
f 11030/1550/2307 11024/1549/2305 10976/1545/2285
f 10982/1546/2287 11030/1550/2307 10976/1545/2285
f 11036/1551/2308 11030/1550/2307 10982/1546/2287
f 10988/1547/2288 11036/1551/2308 10982/1546/2287
f 11042/1533/2040 11043/1532/2040 11044/1534/2040
f 11045/1535/2040 11042/1533/2040 11044/1534/2040
f 11048/1533/2309 11049/1532/2520 11050/1534/2311
f 11051/1535/2312 11048/1533/2309 11050/1534/2311
f 11054/1533/2313 11055/1532/2314 11056/1534/2315
f 11057/1535/2316 11054/1533/2313 11056/1534/2315
f 11060/1533/2317 11061/1532/2318 11062/1534/2319
f 11063/1535/2320 11060/1533/2317 11062/1534/2319
f 11066/1533/2011 11067/1532/2011 11068/1534/2011
f 11069/1535/2011 11066/1533/2011 11068/1534/2011
f 11072/1553/2521 11073/1552/2322 11025/1548/2519
f 11024/1549/2305 11072/1553/2521 11025/1548/2519
f 11078/1554/2323 11072/1553/2521 11024/1549/2305
f 11030/1550/2307 11078/1554/2323 11024/1549/2305
f 11084/1555/2324 11078/1554/2323 11030/1550/2307
f 11036/1551/2308 11084/1555/2324 11030/1550/2307
f 11090/1533/2149 11091/1532/2149 11092/1534/2131
f 11093/1535/2325 11090/1533/2149 11092/1534/2131
f 11096/1533/2522 11097/1532/2327 11098/1534/2328
f 11099/1535/2329 11096/1533/2522 11098/1534/2328
f 11102/1533/2330 11103/1532/2331 11104/1534/2332
f 11105/1535/2333 11102/1533/2330 11104/1534/2332
f 11108/1533/2334 11109/1532/2335 11110/1534/2336
f 11111/1535/2337 11108/1533/2334 11110/1534/2336
f 11114/1533/2011 11115/1532/2011 11116/1534/2011
f 11117/1535/2011 11114/1533/2011 11116/1534/2011
f 11120/1557/2338 11121/1556/2523 11073/1552/2322
f 11072/1553/2521 11120/1557/2338 11073/1552/2322
f 11126/1558/2340 11120/1557/2338 11072/1553/2521
f 11078/1554/2323 11126/1558/2340 11072/1553/2521
f 11132/1559/2524 11126/1558/2340 11078/1554/2323
f 11084/1555/2324 11132/1559/2524 11078/1554/2323
f 11138/1533/2040 11139/1532/2040 11140/1534/2040
f 11141/1535/2040 11138/1533/2040 11140/1534/2040
f 11144/1533/2343 11145/1532/2525 11146/1534/2345
f 11147/1535/2346 11144/1533/2343 11146/1534/2345
f 11150/1533/2347 11151/1532/2348 11152/1534/2349
f 11153/1535/2350 11150/1533/2347 11152/1534/2349
f 11156/1533/2351 11157/1532/2352 11158/1534/2353
f 11159/1535/2354 11156/1533/2351 11158/1534/2353
f 11162/1533/2011 11163/1532/2011 11164/1534/2011
f 11165/1535/2011 11162/1533/2011 11164/1534/2011
f 11168/1561/2355 11169/1560/2356 11121/1556/2523
f 11120/1557/2338 11168/1561/2355 11121/1556/2523
f 11174/1562/2357 11168/1561/2355 11120/1557/2338
f 11126/1558/2340 11174/1562/2357 11120/1557/2338
f 11180/1563/2526 11174/1562/2357 11126/1558/2340
f 11132/1559/2524 11180/1563/2526 11126/1558/2340
f 11186/1533/2040 11187/1532/2040 11188/1534/2040
f 11189/1535/2040 11186/1533/2040 11188/1534/2040
f 11192/1533/2359 11193/1532/2527 11194/1534/2361
f 11195/1535/2362 11192/1533/2359 11194/1534/2361
f 11198/1533/2528 11199/1532/2364 11200/1534/2365
f 11201/1535/2366 11198/1533/2528 11200/1534/2365
f 11204/1533/2529 11205/1532/2368 11206/1534/2530
f 11207/1535/2370 11204/1533/2529 11206/1534/2530
f 11210/1533/2011 11211/1532/2011 11212/1534/2011
f 11213/1535/2011 11210/1533/2011 11212/1534/2011
f 11216/1565/2371 11217/1564/2372 11169/1560/2356
f 11168/1561/2355 11216/1565/2371 11169/1560/2356
f 11222/1566/2531 11216/1565/2371 11168/1561/2355
f 11174/1562/2357 11222/1566/2531 11168/1561/2355
f 11228/1567/2374 11222/1566/2531 11174/1562/2357
f 11180/1563/2526 11228/1567/2374 11174/1562/2357
f 11234/1533/2040 11235/1532/2040 11236/1534/2040
f 11237/1535/2040 11234/1533/2040 11236/1534/2040
f 11240/1533/2375 11241/1532/2532 11242/1534/2533
f 11243/1535/2534 11240/1533/2375 11242/1534/2533
f 11246/1533/2535 11247/1532/2536 11248/1534/2537
f 11249/1535/2382 11246/1533/2535 11248/1534/2537
f 11252/1533/2538 11253/1532/2384 11254/1534/2385
f 11255/1535/2386 11252/1533/2538 11254/1534/2385
f 11258/1533/2011 11259/1532/2011 11260/1534/2011
f 11261/1535/2011 11258/1533/2011 11260/1534/2011
f 11264/1533/2011 11265/1532/2011 11266/1534/2011
f 11267/1535/2011 11264/1533/2011 11266/1534/2011
f 11270/1534/2387 11271/1535/2387 11272/1533/2539
f 11273/1534/2540 11274/1535/2540 11272/1533/2541
f 11276/1534/2391 11277/1535/2391 11272/1533/2542
f 11279/1534/2543 11280/1535/2543 11272/1533/2542
f 11282/1534/2544 11283/1535/2544 11272/1533/2545
f 11285/1534/2394 11286/1535/2394 11272/1533/2546
f 11288/1534/2395 11289/1535/2395 11272/1533/2539
f 11291/1534/2547 11292/1535/2547 11272/1533/2546
f 11294/1568/2040 11295/1569/2040 11296/1570/2040
f 11297/1571/2040 11294/1568/2040 11296/1570/2040
f 11300/1572/2040 11297/1571/2040 11296/1570/2040
f 11303/1573/2040 11300/1572/2040 11296/1570/2040
f 11306/1574/2040 11303/1573/2040 11296/1570/2040
f 11309/1575/2040 11306/1574/2040 11296/1570/2040
f 11312/1576/2040 11309/1575/2040 11296/1570/2040
f 11315/1577/2040 11312/1576/2040 11296/1570/2040
f 11318/1578/2040 11315/1577/2040 11296/1570/2040
f 11321/1579/2040 11318/1578/2040 11296/1570/2040
f 11324/1580/2040 11321/1579/2040 11296/1570/2040
f 11327/1581/2040 11324/1580/2040 11296/1570/2040
f 11330/1582/2040 11327/1581/2040 11296/1570/2040
f 11333/1583/2040 11330/1582/2040 11296/1570/2040
f 11336/1584/2040 11333/1583/2040 11296/1570/2040
f 11339/1585/2040 11336/1584/2040 11296/1570/2040
f 11342/1586/2040 11339/1585/2040 11296/1570/2040
f 11345/1587/2040 11342/1586/2040 11296/1570/2040
f 11348/1588/2040 11345/1587/2040 11296/1570/2040
f 11351/1589/2040 11348/1588/2040 11296/1570/2040
f 11354/1590/2040 11351/1589/2040 11296/1570/2040
f 11357/1591/2040 11354/1590/2040 11296/1570/2040
f 11360/1592/2040 11357/1591/2040 11296/1570/2040
f 11363/1593/2040 11360/1592/2040 11296/1570/2040
f 11366/1594/2040 11363/1593/2040 11296/1570/2040
f 11369/1595/2040 11366/1594/2040 11296/1570/2040
f 11372/1596/2040 11369/1595/2040 11296/1570/2040
f 11375/1597/2040 11372/1596/2040 11296/1570/2040
f 11378/1598/2040 11375/1597/2040 11296/1570/2040
f 11295/1569/2040 11378/1598/2040 11296/1570/2040
f 11384/1599/2397 11385/1600/2010 11386/1600/2010
f 11387/1599/2397 11384/1599/2397 11386/1600/2010
f 11390/1601/2398 11384/1599/2397 11387/1599/2397
f 11393/1601/2398 11390/1601/2398 11387/1599/2397
f 11396/1602/2399 11390/1601/2398 11393/1601/2398
f 11399/1602/2399 11396/1602/2399 11393/1601/2398
f 11402/1603/2548 11396/1602/2399 11399/1602/2399
f 11405/1603/2548 11402/1603/2548 11399/1602/2399
f 11408/1604/2401 11402/1603/2548 11405/1603/2548
f 11411/1604/2401 11408/1604/2401 11405/1603/2548
f 11414/1605/2402 11408/1604/2401 11411/1604/2401
f 11417/1605/2549 11414/1605/2402 11411/1604/2401
f 11420/1606/2403 11414/1605/2402 11417/1605/2549
f 11423/1606/2403 11420/1606/2403 11417/1605/2549
f 11426/1607/2404 11420/1606/2403 11423/1606/2403
f 11429/1607/2404 11426/1607/2404 11423/1606/2403
f 11432/1608/2550 11426/1607/2404 11429/1607/2404
f 11435/1608/2405 11432/1608/2550 11429/1607/2404
f 11438/1609/2406 11432/1608/2550 11435/1608/2405
f 11441/1609/2406 11438/1609/2406 11435/1608/2405
f 11444/1610/2551 11438/1609/2406 11441/1609/2406
f 11447/1610/2551 11444/1610/2551 11441/1609/2406
f 11450/1611/2408 11444/1610/2551 11447/1610/2551
f 11453/1611/2408 11450/1611/2408 11447/1610/2551
f 11456/1612/2409 11450/1611/2408 11453/1611/2408
f 11459/1612/2409 11456/1612/2409 11453/1611/2408
f 11462/1613/2410 11456/1612/2409 11459/1612/2409
f 11465/1613/2410 11462/1613/2410 11459/1612/2409
f 11468/1614/2012 11462/1613/2410 11465/1613/2410
f 11471/1614/2012 11468/1614/2012 11465/1613/2410
f 11474/1615/2411 11468/1614/2012 11471/1614/2012
f 11477/1615/2411 11474/1615/2411 11471/1614/2012
f 11480/1616/2412 11474/1615/2411 11477/1615/2411
f 11483/1616/2412 11480/1616/2412 11477/1615/2411
f 11486/1617/2413 11480/1616/2412 11483/1616/2412
f 11489/1617/2413 11486/1617/2413 11483/1616/2412
f 11492/1618/2414 11486/1617/2413 11489/1617/2413
f 11495/1618/2414 11492/1618/2414 11489/1617/2413
f 11498/1619/2415 11492/1618/2414 11495/1618/2414
f 11501/1619/2415 11498/1619/2415 11495/1618/2414
f 11504/1620/2416 11498/1619/2415 11501/1619/2415
f 11507/1620/2417 11504/1620/2416 11501/1619/2415
f 11510/1621/2418 11504/1620/2416 11507/1620/2417
f 11513/1621/2418 11510/1621/2418 11507/1620/2417
f 11516/1622/2419 11510/1621/2418 11513/1621/2418
f 11519/1622/2419 11516/1622/2419 11513/1621/2418
f 11522/1623/2420 11516/1622/2419 11519/1622/2419
f 11525/1623/2421 11522/1623/2420 11519/1622/2419
f 11528/1624/2422 11522/1623/2420 11525/1623/2421
f 11531/1624/2422 11528/1624/2422 11525/1623/2421
f 11534/1625/2423 11528/1624/2422 11531/1624/2422
f 11537/1625/2423 11534/1625/2423 11531/1624/2422
f 11540/1626/2424 11534/1625/2423 11537/1625/2423
f 11543/1626/2424 11540/1626/2424 11537/1625/2423
f 11546/1627/2425 11540/1626/2424 11543/1626/2424
f 11549/1627/2425 11546/1627/2425 11543/1626/2424
f 11552/1628/2426 11546/1627/2425 11549/1627/2425
f 11555/1628/2426 11552/1628/2426 11549/1627/2425
f 11385/1600/2010 11552/1628/2426 11555/1628/2426
f 11386/1600/2010 11385/1600/2010 11555/1628/2426
f 11564/1600/2011 11565/1599/2011 11566/1629/2011
f 11565/1599/2011 11568/1601/2011 11566/1629/2011
f 11568/1601/2011 11571/1602/2011 11566/1629/2011
f 11571/1602/2011 11574/1603/2011 11566/1629/2011
f 11574/1603/2011 11577/1604/2011 11566/1629/2011
f 11577/1604/2011 11580/1605/2011 11566/1629/2011
f 11580/1605/2011 11583/1606/2011 11566/1629/2011
f 11583/1606/2011 11586/1607/2011 11566/1629/2011
f 11586/1607/2011 11589/1608/2011 11566/1629/2011
f 11589/1608/2011 11592/1609/2011 11566/1629/2011
f 11592/1609/2011 11595/1610/2011 11566/1629/2011
f 11595/1610/2011 11598/1611/2011 11566/1629/2011
f 11598/1611/2011 11601/1612/2011 11566/1629/2011
f 11601/1612/2011 11604/1613/2011 11566/1629/2011
f 11604/1613/2011 11607/1614/2011 11566/1629/2011
f 11607/1614/2011 11610/1615/2011 11566/1629/2011
f 11610/1615/2011 11613/1616/2011 11566/1629/2011
f 11613/1616/2011 11616/1617/2011 11566/1629/2011
f 11616/1617/2011 11619/1618/2011 11566/1629/2011
f 11619/1618/2011 11622/1619/2011 11566/1629/2011
f 11622/1619/2011 11625/1620/2011 11566/1629/2011
f 11625/1620/2011 11628/1621/2011 11566/1629/2011
f 11628/1621/2011 11631/1622/2011 11566/1629/2011
f 11631/1622/2011 11634/1623/2011 11566/1629/2011
f 11634/1623/2011 11637/1624/2011 11566/1629/2011
f 11637/1624/2011 11640/1625/2011 11566/1629/2011
f 11640/1625/2011 11643/1626/2011 11566/1629/2011
f 11643/1626/2011 11646/1627/2011 11566/1629/2011
f 11646/1627/2011 11649/1628/2011 11566/1629/2011
f 11649/1628/2011 11564/1600/2011 11566/1629/2011
f 11654/1630/2552 11655/1631/2553 11656/1632/2554
f 11657/1633/2554 11656/1632/2554 11655/1631/2553
f 11660/1630/2555 11661/1631/2555 11662/1632/2555
f 11663/1633/2555 11662/1632/2555 11661/1631/2555
f 11666/1630/2556 11667/1631/2556 11668/1632/2556
f 11669/1633/2556 11668/1632/2556 11667/1631/2556
f 11672/1630/2441 11673/1631/2441 11674/1632/2441
f 11675/1633/2441 11674/1632/2441 11673/1631/2441
f 11678/1630/2443 11679/1631/2443 11680/1632/2443
f 11681/1633/2443 11680/1632/2443 11679/1631/2443
f 11684/1630/2557 11685/1631/2557 11686/1632/2558
f 11687/1633/2559 11686/1632/2558 11685/1631/2557
f 11690/1630/2560 11691/1631/2561 11692/1632/2560
f 11693/1633/2561 11692/1632/2560 11691/1631/2561
f 11696/1630/2562 11697/1631/2562 11698/1632/2562
f 11699/1633/2562 11698/1632/2562 11697/1631/2562
f 11702/1630/2434 11703/1631/2434 11704/1632/2434
f 11705/1633/2434 11704/1632/2434 11703/1631/2434
f 11708/1630/2435 11709/1631/2435 11710/1632/2563
f 11711/1633/2563 11710/1632/2563 11709/1631/2435
f 11714/1524/2041 11715/1525/2042 11716/1526/2043
f 11715/1525/2042 11718/1527/2044 11716/1526/2043
f 11715/1525/2042 11721/1528/2045 11718/1527/2044
f 11721/1528/2045 11724/1529/2046 11718/1527/2044
f 11721/1528/2045 11727/1530/2047 11724/1529/2046
f 11727/1530/2047 11730/1531/2444 11724/1529/2046
f 11732/1532/2564 11733/1533/2565 11734/1534/2566
f 11733/1533/2565 11736/1535/2567 11734/1534/2566
f 11738/1532/2053 11739/1533/2054 11740/1534/2055
f 11739/1533/2054 11742/1535/2568 11740/1534/2055
f 11744/1532/2450 11745/1533/2058 11746/1534/2059
f 11745/1533/2058 11748/1535/2060 11746/1534/2059
f 11750/1532/2061 11751/1533/2062 11752/1534/2063
f 11751/1533/2062 11754/1535/2064 11752/1534/2063
f 11756/1532/2011 11757/1533/2011 11758/1534/2011
f 11757/1533/2011 11760/1535/2011 11758/1534/2011
f 11762/1536/2066 11763/1537/2067 11714/1524/2041
f 11763/1537/2067 11715/1525/2042 11714/1524/2041
f 11763/1537/2067 11769/1538/2068 11715/1525/2042
f 11769/1538/2068 11721/1528/2045 11715/1525/2042
f 11769/1538/2068 11775/1539/2069 11721/1528/2045
f 11775/1539/2069 11727/1530/2047 11721/1528/2045
f 11780/1532/2569 11781/1533/2570 11782/1534/2571
f 11781/1533/2570 11784/1535/2572 11782/1534/2571
f 11786/1532/2074 11787/1533/2075 11788/1534/2076
f 11787/1533/2075 11790/1535/2077 11788/1534/2076
f 11792/1532/2078 11793/1533/2079 11794/1534/2080
f 11793/1533/2079 11796/1535/2081 11794/1534/2080
f 11798/1532/2082 11799/1533/2083 11800/1534/2084
f 11799/1533/2083 11802/1535/2085 11800/1534/2084
f 11804/1532/2086 11805/1533/2086 11806/1534/2011
f 11805/1533/2086 11808/1535/2011 11806/1534/2011
f 11810/1540/2087 11811/1541/2088 11762/1536/2066
f 11811/1541/2088 11763/1537/2067 11762/1536/2066
f 11811/1541/2088 11817/1542/2457 11763/1537/2067
f 11817/1542/2457 11769/1538/2068 11763/1537/2067
f 11817/1542/2457 11823/1543/2090 11769/1538/2068
f 11823/1543/2090 11775/1539/2069 11769/1538/2068
f 11828/1532/2573 11829/1533/2459 11830/1534/2574
f 11829/1533/2459 11832/1535/2575 11830/1534/2574
f 11834/1532/2095 11835/1533/2096 11836/1534/2097
f 11835/1533/2096 11838/1535/2098 11836/1534/2097
f 11840/1532/2099 11841/1533/2100 11842/1534/2101
f 11841/1533/2100 11844/1535/2102 11842/1534/2101
f 11846/1532/2103 11847/1533/2104 11848/1534/2105
f 11847/1533/2104 11850/1535/2106 11848/1534/2105
f 11852/1532/2065 11853/1533/2065 11854/1534/2011
f 11853/1533/2065 11856/1535/2011 11854/1534/2011
f 11858/1544/2107 11859/1545/2108 11810/1540/2087
f 11859/1545/2108 11811/1541/2088 11810/1540/2087
f 11859/1545/2108 11865/1546/2109 11811/1541/2088
f 11865/1546/2109 11817/1542/2457 11811/1541/2088
f 11865/1546/2109 11871/1547/2110 11817/1542/2457
f 11871/1547/2110 11823/1543/2090 11817/1542/2457
f 11876/1532/2576 11877/1533/2577 11878/1534/2578
f 11877/1533/2577 11880/1535/2579 11878/1534/2578
f 11882/1532/2115 11883/1533/2116 11884/1534/2117
f 11883/1533/2116 11886/1535/2118 11884/1534/2117
f 11888/1532/2119 11889/1533/2120 11890/1534/2121
f 11889/1533/2120 11892/1535/2122 11890/1534/2121
f 11894/1532/2123 11895/1533/2124 11896/1534/2125
f 11895/1533/2124 11898/1535/2126 11896/1534/2125
f 11900/1532/2011 11901/1533/2011 11902/1534/2011
f 11901/1533/2011 11904/1535/2011 11902/1534/2011
f 11906/1548/2466 11907/1549/2128 11858/1544/2107
f 11907/1549/2128 11859/1545/2108 11858/1544/2107
f 11907/1549/2128 11913/1550/2129 11859/1545/2108
f 11913/1550/2129 11865/1546/2109 11859/1545/2108
f 11913/1550/2129 11919/1551/2130 11865/1546/2109
f 11919/1551/2130 11871/1547/2110 11865/1546/2109
f 11924/1532/2040 11925/1533/2040 11926/1534/2131
f 11925/1533/2040 11928/1535/2131 11926/1534/2131
f 11930/1532/2467 11931/1533/2133 11932/1534/2134
f 11931/1533/2133 11934/1535/2135 11932/1534/2134
f 11936/1532/2136 11937/1533/2137 11938/1534/2138
f 11937/1533/2137 11940/1535/2139 11938/1534/2138
f 11942/1532/2580 11943/1533/2141 11944/1534/2581
f 11943/1533/2141 11946/1535/2143 11944/1534/2581
f 11948/1532/2011 11949/1533/2011 11950/1534/2011
f 11949/1533/2011 11952/1535/2011 11950/1534/2011
f 11954/1552/2144 11955/1553/2468 11906/1548/2466
f 11955/1553/2468 11907/1549/2128 11906/1548/2466
f 11955/1553/2468 11961/1554/2146 11907/1549/2128
f 11961/1554/2146 11913/1550/2129 11907/1549/2128
f 11961/1554/2146 11967/1555/2147 11913/1550/2129
f 11967/1555/2147 11919/1551/2130 11913/1550/2129
f 11972/1532/2131 11973/1533/2131 11974/1534/2149
f 11973/1533/2131 11976/1535/2149 11974/1534/2149
f 11978/1532/2150 11979/1533/2151 11980/1534/2152
f 11979/1533/2151 11982/1535/2153 11980/1534/2152
f 11984/1532/2154 11985/1533/2155 11986/1534/2156
f 11985/1533/2155 11988/1535/2157 11986/1534/2156
f 11990/1532/2158 11991/1533/2159 11992/1534/2160
f 11991/1533/2159 11994/1535/2161 11992/1534/2160
f 11996/1532/2011 11997/1533/2011 11998/1534/2011
f 11997/1533/2011 12000/1535/2011 11998/1534/2011
f 12002/1556/2469 12003/1557/2163 11954/1552/2144
f 12003/1557/2163 11955/1553/2468 11954/1552/2144
f 12003/1557/2163 12009/1558/2164 11955/1553/2468
f 12009/1558/2164 11961/1554/2146 11955/1553/2468
f 12009/1558/2164 12014/1559/2470 11961/1554/2146
f 12014/1559/2470 11967/1555/2147 11961/1554/2146
f 12013/1532/2040 12012/1533/2040 12011/1534/2040
f 12012/1533/2040 12010/1535/2040 12011/1534/2040
f 12008/1532/2582 12007/1533/2167 12006/1534/2168
f 12007/1533/2167 12005/1535/2169 12006/1534/2168
f 12004/1532/2170 12001/1533/2171 11999/1534/2172
f 12001/1533/2171 11995/1535/2173 11999/1534/2172
f 11993/1532/2174 11989/1533/2175 11987/1534/2176
f 11989/1533/2175 11983/1535/2177 11987/1534/2176
f 11981/1532/2011 11977/1533/2011 11975/1534/2011
f 11977/1533/2011 11971/1535/2011 11975/1534/2011
f 11970/1560/2178 11969/1561/2179 12002/1556/2469
f 11969/1561/2179 12003/1557/2163 12002/1556/2469
f 11969/1561/2179 11968/1562/2180 12003/1557/2163
f 11968/1562/2180 12009/1558/2164 12003/1557/2163
f 11968/1562/2180 11966/1563/2472 12009/1558/2164
f 11966/1563/2472 12014/1559/2470 12009/1558/2164
f 11965/1532/2040 11964/1533/2040 11963/1534/2040
f 11964/1533/2040 11962/1535/2040 11963/1534/2040
f 11960/1532/2473 11959/1533/2583 11958/1534/2184
f 11959/1533/2583 11957/1535/2185 11958/1534/2184
f 11956/1532/2186 11953/1533/2474 11951/1534/2188
f 11953/1533/2474 11947/1535/2189 11951/1534/2188
f 11945/1532/2190 11941/1533/2191 11939/1534/2476
f 11941/1533/2191 11935/1535/2193 11939/1534/2476
f 11933/1532/2011 11929/1533/2011 11927/1534/2011
f 11929/1533/2011 11923/1535/2011 11927/1534/2011
f 11922/1564/2194 11921/1565/2195 11970/1560/2178
f 11921/1565/2195 11969/1561/2179 11970/1560/2178
f 11921/1565/2195 11920/1566/2196 11969/1561/2179
f 11920/1566/2196 11968/1562/2180 11969/1561/2179
f 11920/1566/2196 11918/1567/2197 11968/1562/2180
f 11918/1567/2197 11966/1563/2472 11968/1562/2180
f 11917/1532/2040 11916/1533/2040 11915/1534/2040
f 11916/1533/2040 11914/1535/2040 11915/1534/2040
f 11912/1532/2198 11911/1533/2199 11910/1534/2200
f 11911/1533/2199 11909/1535/2201 11910/1534/2200
f 11908/1532/2202 11905/1533/2584 11903/1534/2204
f 11905/1533/2584 11899/1535/2205 11903/1534/2204
f 11897/1532/2206 11893/1533/2207 11891/1534/2208
f 11893/1533/2207 11887/1535/2209 11891/1534/2208
f 11885/1532/2011 11881/1533/2011 11879/1534/2011
f 11881/1533/2011 11875/1535/2011 11879/1534/2011
f 11874/1532/2011 11873/1533/2011 11872/1534/2011
f 11873/1533/2011 11870/1535/2011 11872/1534/2011
f 11869/1535/2210 11868/1534/2210 11867/1533/2585
f 11866/1535/2586 11864/1534/2586 11867/1533/2587
f 11863/1535/2588 11862/1534/2588 11867/1533/2585
f 11861/1535/2589 11860/1534/2589 11867/1533/2585
f 11857/1535/2590 11855/1534/2590 11867/1533/2585
f 11851/1535/2591 11849/1534/2591 11867/1533/2585
f 11845/1535/2219 11843/1534/2219 11867/1533/2585
f 11839/1535/2592 11837/1534/2592 11867/1533/2593
f 11833/1525/2221 11831/1524/2222 11827/1526/2223
f 11826/1527/2224 11833/1525/2221 11827/1526/2223
f 11825/1528/2225 11833/1525/2221 11826/1527/2224
f 11824/1529/2226 11825/1528/2225 11826/1527/2224
f 11822/1530/2227 11825/1528/2225 11824/1529/2226
f 11821/1531/2498 11822/1530/2227 11824/1529/2226
f 11820/1533/2594 11819/1532/2595 11818/1534/2596
f 11816/1535/2597 11820/1533/2594 11818/1534/2596
f 11815/1533/2233 11814/1532/2234 11813/1534/2235
f 11812/1535/2598 11815/1533/2233 11813/1534/2235
f 11809/1533/2237 11807/1532/2504 11803/1534/2239
f 11801/1535/2240 11809/1533/2237 11803/1534/2239
f 11797/1533/2241 11795/1532/2242 11791/1534/2243
f 11789/1535/2244 11797/1533/2241 11791/1534/2243
f 11785/1533/2011 11783/1532/2011 11779/1534/2011
f 11778/1535/2011 11785/1533/2011 11779/1534/2011
f 11777/1537/2245 11776/1536/2246 11831/1524/2222
f 11833/1525/2221 11777/1537/2245 11831/1524/2222
f 11774/1538/2247 11777/1537/2245 11833/1525/2221
f 11825/1528/2225 11774/1538/2247 11833/1525/2221
f 11773/1539/2248 11774/1538/2247 11825/1528/2225
f 11822/1530/2227 11773/1539/2248 11825/1528/2225
f 11772/1533/2599 11771/1532/2600 11770/1534/2601
f 11768/1535/2602 11772/1533/2599 11770/1534/2601
f 11767/1533/2253 11766/1532/2254 11765/1534/2255
f 11764/1535/2256 11767/1533/2253 11765/1534/2255
f 11761/1533/2257 11759/1532/2258 11755/1534/2259
f 11753/1535/2260 11761/1533/2257 11755/1534/2259
f 11749/1533/2261 11747/1532/2262 11743/1534/2263
f 11741/1535/2264 11749/1533/2261 11743/1534/2263
f 11737/1533/2065 11735/1532/2065 11731/1534/2011
f 11729/1535/2011 11737/1533/2065 11731/1534/2011
f 11728/1541/2265 11726/1540/2266 11776/1536/2246
f 11777/1537/2245 11728/1541/2265 11776/1536/2246
f 11725/1542/2511 11728/1541/2265 11777/1537/2245
f 11774/1538/2247 11725/1542/2511 11777/1537/2245
f 11723/1543/2268 11725/1542/2511 11774/1538/2247
f 11773/1539/2248 11723/1543/2268 11774/1538/2247
f 11722/1533/2512 11720/1532/2603 11719/1534/2604
f 11717/1535/2605 11722/1533/2512 11719/1534/2604
f 11713/1533/2273 11712/1532/2274 11707/1534/2275
f 11706/1535/2276 11713/1533/2273 11707/1534/2275
f 11701/1533/2277 11700/1532/2278 11695/1534/2279
f 11694/1535/2280 11701/1533/2277 11695/1534/2279
f 11689/1533/2281 11688/1532/2282 11683/1534/2283
f 11682/1535/2284 11689/1533/2281 11683/1534/2283
f 11677/1533/2086 11676/1532/2086 11671/1534/2011
f 11670/1535/2011 11677/1533/2086 11671/1534/2011
f 11665/1545/2285 11664/1544/2286 11726/1540/2266
f 11728/1541/2265 11665/1545/2285 11726/1540/2266
f 11659/1546/2287 11665/1545/2285 11728/1541/2265
f 11725/1542/2511 11659/1546/2287 11728/1541/2265
f 11658/1547/2288 11659/1546/2287 11725/1542/2511
f 11723/1543/2268 11658/1547/2288 11725/1542/2511
f 11653/1533/2606 11652/1532/2607 11651/1534/2608
f 11650/1535/2609 11653/1533/2606 11651/1534/2608
f 11648/1533/2293 11647/1532/2294 11645/1534/2295
f 11644/1535/2296 11648/1533/2293 11645/1534/2295
f 11642/1533/2297 11641/1532/2298 11639/1534/2299
f 11638/1535/2300 11642/1533/2297 11639/1534/2299
f 11636/1533/2301 11635/1532/2302 11633/1534/2303
f 11632/1535/2304 11636/1533/2301 11633/1534/2303
f 11630/1533/2011 11629/1532/2011 11627/1534/2011
f 11626/1535/2011 11630/1533/2011 11627/1534/2011
f 11624/1549/2305 11623/1548/2519 11664/1544/2286
f 11665/1545/2285 11624/1549/2305 11664/1544/2286
f 11621/1550/2307 11624/1549/2305 11665/1545/2285
f 11659/1546/2287 11621/1550/2307 11665/1545/2285
f 11620/1551/2308 11621/1550/2307 11659/1546/2287
f 11658/1547/2288 11620/1551/2308 11659/1546/2287
f 11618/1533/2040 11617/1532/2040 11615/1534/2040
f 11614/1535/2040 11618/1533/2040 11615/1534/2040
f 11612/1533/2309 11611/1532/2520 11609/1534/2311
f 11608/1535/2312 11612/1533/2309 11609/1534/2311
f 11606/1533/2313 11605/1532/2314 11603/1534/2315
f 11602/1535/2316 11606/1533/2313 11603/1534/2315
f 11600/1533/2317 11599/1532/2610 11597/1534/2611
f 11596/1535/2320 11600/1533/2317 11597/1534/2611
f 11594/1533/2011 11593/1532/2011 11591/1534/2011
f 11590/1535/2011 11594/1533/2011 11591/1534/2011
f 11588/1553/2521 11587/1552/2322 11623/1548/2519
f 11624/1549/2305 11588/1553/2521 11623/1548/2519
f 11585/1554/2323 11588/1553/2521 11624/1549/2305
f 11621/1550/2307 11585/1554/2323 11624/1549/2305
f 11584/1555/2324 11585/1554/2323 11621/1550/2307
f 11620/1551/2308 11584/1555/2324 11621/1550/2307
f 11582/1533/2149 11581/1532/2149 11579/1534/2131
f 11578/1535/2325 11582/1533/2149 11579/1534/2131
f 11576/1533/2326 11575/1532/2327 11573/1534/2328
f 11572/1535/2329 11576/1533/2326 11573/1534/2328
f 11570/1533/2330 11569/1532/2331 11567/1534/2332
f 11563/1535/2333 11570/1533/2330 11567/1534/2332
f 11562/1533/2334 11561/1532/2335 11560/1534/2336
f 11559/1535/2337 11562/1533/2334 11560/1534/2336
f 11558/1533/2011 11557/1532/2011 11556/1534/2011
f 11554/1535/2011 11558/1533/2011 11556/1534/2011
f 11553/1557/2338 11551/1556/2523 11587/1552/2322
f 11588/1553/2521 11553/1557/2338 11587/1552/2322
f 11550/1558/2340 11553/1557/2338 11588/1553/2521
f 11585/1554/2323 11550/1558/2340 11588/1553/2521
f 11548/1559/2612 11550/1558/2340 11585/1554/2323
f 11584/1555/2324 11548/1559/2612 11585/1554/2323
f 11547/1533/2040 11545/1532/2040 11544/1534/2040
f 11542/1535/2040 11547/1533/2040 11544/1534/2040
f 11541/1533/2343 11539/1532/2613 11538/1534/2345
f 11536/1535/2346 11541/1533/2343 11538/1534/2345
f 11535/1533/2347 11533/1532/2348 11532/1534/2349
f 11530/1535/2350 11535/1533/2347 11532/1534/2349
f 11529/1533/2351 11527/1532/2352 11526/1534/2353
f 11524/1535/2354 11529/1533/2351 11526/1534/2353
f 11523/1533/2011 11521/1532/2011 11520/1534/2011
f 11518/1535/2011 11523/1533/2011 11520/1534/2011
f 11517/1561/2355 11515/1560/2356 11551/1556/2523
f 11553/1557/2338 11517/1561/2355 11551/1556/2523
f 11514/1562/2357 11517/1561/2355 11553/1557/2338
f 11550/1558/2340 11514/1562/2357 11553/1557/2338
f 11512/1563/2526 11514/1562/2357 11550/1558/2340
f 11548/1559/2612 11512/1563/2526 11550/1558/2340
f 11511/1533/2040 11509/1532/2040 11508/1534/2040
f 11506/1535/2040 11511/1533/2040 11508/1534/2040
f 11505/1533/2614 11503/1532/2527 11502/1534/2361
f 11500/1535/2362 11505/1533/2614 11502/1534/2361
f 11499/1533/2528 11497/1532/2364 11496/1534/2365
f 11494/1535/2366 11499/1533/2528 11496/1534/2365
f 11493/1533/2367 11491/1532/2368 11490/1534/2530
f 11488/1535/2370 11493/1533/2367 11490/1534/2530
f 11487/1533/2011 11485/1532/2011 11484/1534/2011
f 11482/1535/2011 11487/1533/2011 11484/1534/2011
f 11481/1565/2371 11479/1564/2372 11515/1560/2356
f 11517/1561/2355 11481/1565/2371 11515/1560/2356
f 11478/1566/2373 11481/1565/2371 11517/1561/2355
f 11514/1562/2357 11478/1566/2373 11517/1561/2355
f 11476/1567/2374 11478/1566/2373 11514/1562/2357
f 11512/1563/2526 11476/1567/2374 11514/1562/2357
f 11475/1533/2040 11473/1532/2040 11472/1534/2040
f 11470/1535/2040 11475/1533/2040 11472/1534/2040
f 11469/1533/2375 11467/1532/2376 11466/1534/2377
f 11464/1535/2615 11469/1533/2375 11466/1534/2377
f 11463/1533/2616 11461/1532/2380 11460/1534/2381
f 11458/1535/2382 11463/1533/2616 11460/1534/2381
f 11457/1533/2383 11455/1532/2384 11454/1534/2385
f 11452/1535/2386 11457/1533/2383 11454/1534/2385
f 11451/1533/2011 11449/1532/2011 11448/1534/2011
f 11446/1535/2011 11451/1533/2011 11448/1534/2011
f 11445/1533/2011 11443/1532/2011 11442/1534/2011
f 11440/1535/2011 11445/1533/2011 11442/1534/2011
f 11439/1534/2387 11437/1535/2387 11436/1533/2617
f 11434/1534/2618 11433/1535/2618 11436/1533/2619
f 11431/1534/2620 11430/1535/2620 11436/1533/2621
f 11428/1534/2622 11427/1535/2622 11436/1533/2619
f 11425/1534/2623 11424/1535/2623 11436/1533/2619
f 11422/1534/2624 11421/1535/2624 11436/1533/2621
f 11419/1534/2395 11418/1535/2395 11436/1533/2619
f 11416/1534/2625 11415/1535/2625 11436/1533/2619
f 11413/1568/2040 11412/1569/2040 11410/1570/2040
f 11409/1571/2040 11413/1568/2040 11410/1570/2040
f 11407/1572/2040 11409/1571/2040 11410/1570/2040
f 11406/1573/2040 11407/1572/2040 11410/1570/2040
f 11404/1574/2040 11406/1573/2040 11410/1570/2040
f 11403/1575/2040 11404/1574/2040 11410/1570/2040
f 11401/1576/2040 11403/1575/2040 11410/1570/2040
f 11400/1577/2040 11401/1576/2040 11410/1570/2040
f 11398/1578/2040 11400/1577/2040 11410/1570/2040
f 11397/1579/2040 11398/1578/2040 11410/1570/2040
f 11395/1580/2040 11397/1579/2040 11410/1570/2040
f 11394/1581/2040 11395/1580/2040 11410/1570/2040
f 11392/1582/2040 11394/1581/2040 11410/1570/2040
f 11391/1583/2040 11392/1582/2040 11410/1570/2040
f 11389/1584/2040 11391/1583/2040 11410/1570/2040
f 11388/1585/2040 11389/1584/2040 11410/1570/2040
f 11383/1586/2040 11388/1585/2040 11410/1570/2040
f 11382/1587/2040 11383/1586/2040 11410/1570/2040
f 11381/1588/2040 11382/1587/2040 11410/1570/2040
f 11380/1589/2040 11381/1588/2040 11410/1570/2040
f 11379/1590/2040 11380/1589/2040 11410/1570/2040
f 11377/1591/2040 11379/1590/2040 11410/1570/2040
f 11376/1592/2040 11377/1591/2040 11410/1570/2040
f 11374/1593/2040 11376/1592/2040 11410/1570/2040
f 11373/1594/2040 11374/1593/2040 11410/1570/2040
f 11371/1595/2040 11373/1594/2040 11410/1570/2040
f 11370/1596/2040 11371/1595/2040 11410/1570/2040
f 11368/1597/2040 11370/1596/2040 11410/1570/2040
f 11367/1598/2040 11368/1597/2040 11410/1570/2040
f 11412/1569/2040 11367/1598/2040 11410/1570/2040
f 11365/1599/2397 11364/1600/2010 11362/1600/2010
f 11361/1599/2397 11365/1599/2397 11362/1600/2010
f 11359/1601/2398 11365/1599/2397 11361/1599/2397
f 11358/1601/2626 11359/1601/2398 11361/1599/2397
f 11356/1602/2399 11359/1601/2398 11358/1601/2626
f 11355/1602/2399 11356/1602/2399 11358/1601/2626
f 11353/1603/2548 11356/1602/2399 11355/1602/2399
f 11352/1603/2548 11353/1603/2548 11355/1602/2399
f 11350/1604/2401 11353/1603/2548 11352/1603/2548
f 11349/1604/2401 11350/1604/2401 11352/1603/2548
f 11347/1605/2402 11350/1604/2401 11349/1604/2401
f 11346/1605/2549 11347/1605/2402 11349/1604/2401
f 11344/1606/2403 11347/1605/2402 11346/1605/2549
f 11343/1606/2403 11344/1606/2403 11346/1605/2549
f 11341/1607/2404 11344/1606/2403 11343/1606/2403
f 11340/1607/2404 11341/1607/2404 11343/1606/2403
f 11338/1608/2550 11341/1607/2404 11340/1607/2404
f 11337/1608/2405 11338/1608/2550 11340/1607/2404
f 11335/1609/2406 11338/1608/2550 11337/1608/2405
f 11334/1609/2406 11335/1609/2406 11337/1608/2405
f 11332/1610/2551 11335/1609/2406 11334/1609/2406
f 11331/1610/2551 11332/1610/2551 11334/1609/2406
f 11329/1611/2408 11332/1610/2551 11331/1610/2551
f 11328/1611/2408 11329/1611/2408 11331/1610/2551
f 11326/1612/2627 11329/1611/2408 11328/1611/2408
f 11325/1612/2409 11326/1612/2627 11328/1611/2408
f 11323/1613/2410 11326/1612/2627 11325/1612/2409
f 11322/1613/2410 11323/1613/2410 11325/1612/2409
f 11320/1614/2012 11323/1613/2410 11322/1613/2410
f 11319/1614/2012 11320/1614/2012 11322/1613/2410
f 11317/1615/2411 11320/1614/2012 11319/1614/2012
f 11316/1615/2411 11317/1615/2411 11319/1614/2012
f 11314/1616/2628 11317/1615/2411 11316/1615/2411
f 11313/1616/2628 11314/1616/2628 11316/1615/2411
f 11311/1617/2413 11314/1616/2628 11313/1616/2628
f 11310/1617/2413 11311/1617/2413 11313/1616/2628
f 11308/1618/2414 11311/1617/2413 11310/1617/2413
f 11307/1618/2414 11308/1618/2414 11310/1617/2413
f 11305/1619/2415 11308/1618/2414 11307/1618/2414
f 11304/1619/2415 11305/1619/2415 11307/1618/2414
f 11302/1620/2416 11305/1619/2415 11304/1619/2415
f 11301/1620/2416 11302/1620/2416 11304/1619/2415
f 11299/1621/2418 11302/1620/2416 11301/1620/2416
f 11298/1621/2418 11299/1621/2418 11301/1620/2416
f 11293/1622/2419 11299/1621/2418 11298/1621/2418
f 11290/1622/2419 11293/1622/2419 11298/1621/2418
f 11287/1623/2421 11293/1622/2419 11290/1622/2419
f 11284/1623/2421 11287/1623/2421 11290/1622/2419
f 11281/1624/2422 11287/1623/2421 11284/1623/2421
f 11278/1624/2422 11281/1624/2422 11284/1623/2421
f 11275/1625/2423 11281/1624/2422 11278/1624/2422
f 11269/1625/2423 11275/1625/2423 11278/1624/2422
f 11268/1626/2424 11275/1625/2423 11269/1625/2423
f 11263/1626/2424 11268/1626/2424 11269/1625/2423
f 11262/1627/2629 11268/1626/2424 11263/1626/2424
f 11257/1627/2629 11262/1627/2629 11263/1626/2424
f 11256/1628/2426 11262/1627/2629 11257/1627/2629
f 11251/1628/2426 11256/1628/2426 11257/1627/2629
f 11364/1600/2010 11256/1628/2426 11251/1628/2426
f 11362/1600/2010 11364/1600/2010 11251/1628/2426
f 11250/1600/2011 11245/1599/2011 11244/1629/2011
f 11245/1599/2011 11239/1601/2011 11244/1629/2011
f 11239/1601/2011 11238/1602/2011 11244/1629/2011
f 11238/1602/2011 11233/1603/2011 11244/1629/2011
f 11233/1603/2011 11232/1604/2011 11244/1629/2011
f 11232/1604/2011 11231/1605/2011 11244/1629/2011
f 11231/1605/2011 11230/1606/2011 11244/1629/2011
f 11230/1606/2011 11229/1607/2011 11244/1629/2011
f 11229/1607/2011 11227/1608/2011 11244/1629/2011
f 11227/1608/2011 11226/1609/2011 11244/1629/2011
f 11226/1609/2011 11225/1610/2011 11244/1629/2011
f 11225/1610/2011 11224/1611/2011 11244/1629/2011
f 11224/1611/2011 11223/1612/2011 11244/1629/2011
f 11223/1612/2011 11221/1613/2011 11244/1629/2011
f 11221/1613/2011 11220/1614/2011 11244/1629/2011
f 11220/1614/2011 11219/1615/2011 11244/1629/2011
f 11219/1615/2011 11218/1616/2011 11244/1629/2011
f 11218/1616/2011 11215/1617/2011 11244/1629/2011
f 11215/1617/2011 11214/1618/2011 11244/1629/2011
f 11214/1618/2011 11209/1619/2011 11244/1629/2011
f 11209/1619/2011 11208/1620/2011 11244/1629/2011
f 11208/1620/2011 11203/1621/2011 11244/1629/2011
f 11203/1621/2011 11202/1622/2011 11244/1629/2011
f 11202/1622/2011 11197/1623/2011 11244/1629/2011
f 11197/1623/2011 11196/1624/2011 11244/1629/2011
f 11196/1624/2011 11191/1625/2011 11244/1629/2011
f 11191/1625/2011 11190/1626/2011 11244/1629/2011
f 11190/1626/2011 11185/1627/2011 11244/1629/2011
f 11185/1627/2011 11184/1628/2011 11244/1629/2011
f 11184/1628/2011 11250/1600/2011 11244/1629/2011
f 11183/1630/2630 11182/1631/2630 11181/1632/2631
f 11179/1633/2631 11181/1632/2631 11182/1631/2630
f 11178/1630/2632 11177/1631/2555 11176/1632/2633
f 11175/1633/2634 11176/1632/2633 11177/1631/2555
f 11173/1630/2556 11172/1631/2556 11171/1632/2556
f 11170/1633/2556 11171/1632/2556 11172/1631/2556
f 11167/1630/2441 11166/1631/2441 11161/1632/2441
f 11160/1633/2441 11161/1632/2441 11166/1631/2441
f 11155/1630/2443 11154/1631/2443 11149/1632/2443
f 11148/1633/2443 11149/1632/2443 11154/1631/2443
f 11143/1630/2635 11142/1631/2635 11137/1632/2635
f 11136/1633/2635 11137/1632/2635 11142/1631/2635
f 11135/1630/2560 11134/1631/2561 11133/1632/2560
f 11131/1633/2561 11133/1632/2560 11134/1631/2561
f 11130/1630/2636 11129/1631/2562 11128/1632/2637
f 11127/1633/2562 11128/1632/2637 11129/1631/2562
f 11125/1630/2434 11124/1631/2434 11123/1632/2434
f 11122/1633/2434 11123/1632/2434 11124/1631/2434
f 11119/1630/2435 11118/1631/2435 11113/1632/2563
f 11112/1633/2563 11113/1632/2563 11118/1631/2435
f 11107/1634/2011 11106/1635/2011 11101/1636/2011
f 11106/1635/2011 11100/1637/2011 11101/1636/2011
f 11100/1637/2011 11095/1638/2011 11101/1636/2011
f 11095/1638/2011 11094/1639/2011 11101/1636/2011
f 11094/1639/2011 11089/1640/2011 11101/1636/2011
f 11089/1640/2011 11088/1641/2011 11101/1636/2011
f 11088/1641/2011 11087/1642/2011 11101/1636/2011
f 11087/1642/2011 11086/1643/2011 11101/1636/2011
f 11086/1643/2011 11085/1644/2011 11101/1636/2011
f 11085/1644/2011 11083/1645/2011 11101/1636/2011
f 11083/1645/2011 11082/1646/2011 11101/1636/2011
f 11082/1646/2011 11081/1647/2011 11101/1636/2011
f 11081/1647/2011 11080/1648/2011 11101/1636/2011
f 11080/1648/2011 11079/1649/2011 11101/1636/2011
f 11079/1649/2011 11077/1650/2011 11101/1636/2011
f 11077/1650/2011 11076/1651/2011 11101/1636/2011
f 11076/1651/2011 11075/1652/2011 11101/1636/2011
f 11075/1652/2011 11074/1653/2011 11101/1636/2011
f 11074/1653/2011 11071/1654/2011 11101/1636/2011
f 11071/1654/2011 11070/1655/2011 11101/1636/2011
f 11070/1655/2011 11065/1656/2011 11101/1636/2011
f 11065/1656/2011 11064/1657/2011 11101/1636/2011
f 11064/1657/2011 11059/1658/2011 11101/1636/2011
f 11059/1658/2011 11058/1659/2011 11101/1636/2011
f 11058/1659/2011 11053/1660/2011 11101/1636/2011
f 11053/1660/2011 11052/1661/2011 11101/1636/2011
f 11052/1661/2011 11047/1662/2011 11101/1636/2011
f 11047/1662/2011 11046/1663/2011 11101/1636/2011
f 11046/1663/2011 11041/1664/2011 11101/1636/2011
f 11041/1664/2011 11107/1634/2011 11101/1636/2011
f 11040/1665/2638 11039/1666/2639 11038/1667/2640
f 11037/1668/2641 11040/1665/2638 11038/1667/2640
f 11035/1669/2641 11037/1668/2641 11038/1667/2640
f 11034/1670/2642 11035/1669/2641 11038/1667/2640
f 11033/1671/2643 11034/1670/2642 11038/1667/2640
f 11032/1672/2643 11033/1671/2643 11038/1667/2640
f 11031/1673/2342 11032/1672/2643 11038/1667/2640
f 11029/1674/2644 11031/1673/2342 11038/1667/2640
f 11028/1675/2644 11029/1674/2644 11038/1667/2640
f 11027/1676/2645 11028/1675/2644 11038/1667/2640
f 11026/1677/2646 11027/1676/2645 11038/1667/2640
f 11023/1678/2646 11026/1677/2646 11038/1667/2640
f 11022/1679/2647 11023/1678/2646 11038/1667/2640
f 11017/1680/2648 11022/1679/2647 11038/1667/2640
f 11016/1681/2649 11017/1680/2648 11038/1667/2640
f 11011/1682/2650 11016/1681/2649 11038/1667/2640
f 11010/1683/2651 11011/1682/2650 11038/1667/2640
f 11005/1684/2652 11010/1683/2651 11038/1667/2640
f 11004/1685/2653 11005/1684/2652 11038/1667/2640
f 10999/1686/2654 11004/1685/2653 11038/1667/2640
f 10998/1687/2655 10999/1686/2654 11038/1667/2640
f 10993/1688/2656 10998/1687/2655 11038/1667/2640
f 10992/1689/2657 10993/1688/2656 11038/1667/2640
f 10991/1690/2658 10992/1689/2657 11038/1667/2640
f 10990/1691/2659 10991/1690/2658 11038/1667/2640
f 10989/1692/2660 10990/1691/2659 11038/1667/2640
f 10987/1693/2661 10989/1692/2660 11038/1667/2640
f 10986/1694/2662 10987/1693/2661 11038/1667/2640
f 10985/1695/2663 10986/1694/2662 11038/1667/2640
f 11039/1666/2639 10985/1695/2663 11038/1667/2640
f 10984/1696/2664 10983/1697/2664 10981/1698/2664
f 10980/1699/2664 10984/1696/2664 10981/1698/2664
f 10979/1696/2398 10978/1697/2398 10975/1698/2398
f 10974/1699/2398 10979/1696/2398 10975/1698/2398
f 10969/1696/2399 10968/1697/2399 10963/1698/2399
f 10962/1699/2399 10969/1696/2399 10963/1698/2399
f 10957/1696/2400 10956/1697/2400 10951/1698/2400
f 10950/1699/2400 10957/1696/2400 10951/1698/2400
f 10945/1696/2401 10944/1697/2401 10943/1698/2401
f 10942/1699/2401 10945/1696/2401 10943/1698/2401
f 10941/1696/2402 10939/1697/2402 10938/1698/2402
f 10937/1699/2402 10941/1696/2402 10938/1698/2402
f 10936/1696/2403 10935/1697/2403 10933/1698/2403
f 10932/1699/2403 10936/1696/2403 10933/1698/2403
f 10931/1696/2404 10930/1697/2404 10927/1698/2404
f 10926/1699/2404 10931/1696/2404 10927/1698/2404
f 10921/1696/2405 10920/1697/2405 10915/1698/2405
f 10914/1699/2405 10921/1696/2405 10915/1698/2405
f 10909/1696/2406 10908/1697/2406 10903/1698/2406
f 10902/1699/2406 10909/1696/2406 10903/1698/2406
f 10897/1696/2407 10896/1697/2551 10895/1698/2551
f 10894/1699/2407 10897/1696/2407 10895/1698/2551
f 10893/1696/2408 10891/1697/2408 10890/1698/2408
f 10889/1699/2408 10893/1696/2408 10890/1698/2408
f 10888/1696/2409 10887/1697/2409 10885/1698/2409
f 10884/1699/2409 10888/1696/2409 10885/1698/2409
f 10883/1696/2665 10882/1697/2665 10879/1698/2665
f 10878/1699/2665 10883/1696/2665 10879/1698/2665
f 10873/1696/2012 10872/1697/2012 10867/1698/2012
f 10866/1699/2012 10873/1696/2012 10867/1698/2012
f 10861/1696/2411 10860/1697/2411 10855/1698/2411
f 10854/1699/2411 10861/1696/2411 10855/1698/2411
f 10849/1696/2412 10848/1697/2412 10846/1698/2412
f 10845/1699/2412 10849/1696/2412 10846/1698/2412
f 10843/1696/2413 10842/1697/2413 10840/1698/2413
f 10839/1699/2413 10843/1696/2413 10840/1698/2413
f 10837/1696/2666 10836/1697/2666 10831/1698/2666
f 10828/1699/2666 10837/1696/2666 10831/1698/2666
f 10825/1696/2415 10822/1697/2415 10819/1698/2415
f 10816/1699/2415 10825/1696/2415 10819/1698/2415
f 10813/1696/2416 10807/1697/2416 10805/1698/2416
f 10801/1699/2416 10813/1696/2416 10805/1698/2416
f 10799/1696/2418 10795/1697/2418 10793/1698/2418
f 10789/1699/2418 10799/1696/2418 10793/1698/2418
f 10787/1696/2419 10783/1697/2419 10781/1698/2419
f 10777/1699/2419 10787/1696/2419 10781/1698/2419
f 10775/1696/2421 10771/1697/2421 10770/1698/2421
f 10769/1699/2421 10775/1696/2421 10770/1698/2421
f 10768/1696/2422 10766/1697/2422 10765/1698/2422
f 10764/1699/2422 10768/1696/2422 10765/1698/2422
f 10763/1696/2667 10762/1697/2667 10760/1698/2667
f 10759/1699/2667 10763/1696/2667 10760/1698/2667
f 10758/1696/2424 10757/1697/2424 10756/1698/2424
f 10753/1699/2424 10758/1696/2424 10756/1698/2424
f 10751/1696/2425 10747/1697/2425 10745/1698/2425
f 10741/1699/2425 10751/1696/2425 10745/1698/2425
f 10739/1696/2426 10735/1697/2426 10733/1698/2426
f 10729/1699/2426 10739/1696/2426 10733/1698/2426
f 10727/1696/2010 10723/1697/2010 10722/1698/2010
f 10721/1699/2010 10727/1696/2010 10722/1698/2010
f 10720/1700/2668 10718/1701/2669 10717/1702/2670
f 10716/1703/2668 10720/1700/2668 10717/1702/2670
f 10715/1704/2671 10720/1700/2668 10716/1703/2668
f 10714/1705/2671 10715/1704/2671 10716/1703/2668
f 10712/1706/2672 10715/1704/2671 10714/1705/2671
f 10711/1707/2672 10712/1706/2672 10714/1705/2671
f 10710/1708/2673 10712/1706/2672 10711/1707/2672
f 10709/1709/2673 10710/1708/2673 10711/1707/2672
f 10708/1710/2674 10710/1708/2673 10709/1709/2673
f 10705/1711/2674 10708/1710/2674 10709/1709/2673
f 10703/1708/2675 10708/1710/2674 10705/1711/2674
f 10699/1709/2675 10703/1708/2675 10705/1711/2674
f 10697/1706/2676 10703/1708/2675 10699/1709/2675
f 10693/1707/2676 10697/1706/2676 10699/1709/2675
f 10691/1704/2677 10697/1706/2676 10693/1707/2676
f 10687/1705/2677 10691/1704/2677 10693/1707/2676
f 10685/1700/2678 10691/1704/2677 10687/1705/2677
f 10681/1703/2679 10685/1700/2678 10687/1705/2677
f 10679/1712/2680 10685/1700/2678 10681/1703/2679
f 10675/1713/2681 10679/1712/2680 10681/1703/2679
f 10674/1714/2682 10679/1712/2680 10675/1713/2681
f 10673/1715/2682 10674/1714/2682 10675/1713/2681
f 10672/1716/2683 10674/1714/2682 10673/1715/2682
f 10670/1717/2683 10672/1716/2683 10673/1715/2682
f 10669/1718/2684 10672/1716/2683 10670/1717/2683
f 10668/1719/2684 10669/1718/2684 10670/1717/2683
f 10667/1720/2685 10669/1718/2684 10668/1719/2684
f 10666/1721/2685 10667/1720/2685 10668/1719/2684
f 10664/1722/2686 10667/1720/2685 10666/1721/2685
f 10663/1723/2686 10664/1722/2686 10666/1721/2685
f 10662/1720/2687 10664/1722/2686 10663/1723/2686
f 10661/1721/2687 10662/1720/2687 10663/1723/2686
f 10660/1718/2688 10662/1720/2687 10661/1721/2687
f 10657/1719/2688 10660/1718/2688 10661/1721/2687
f 10655/1716/2689 10660/1718/2688 10657/1719/2688
f 10651/1717/2689 10655/1716/2689 10657/1719/2688
f 10649/1714/2690 10655/1716/2689 10651/1717/2689
f 10645/1715/2691 10649/1714/2690 10651/1717/2689
f 10718/1701/2669 10649/1714/2690 10645/1715/2691
f 10717/1702/2670 10718/1701/2669 10645/1715/2691
f 10643/1701/2692 10639/1700/2011 10637/1701/2693
f 10639/1700/2011 10633/1704/2011 10637/1701/2693
f 10633/1704/2011 10631/1706/2011 10637/1701/2693
f 10631/1706/2011 10627/1708/2011 10637/1701/2693
f 10627/1708/2011 10626/1710/2011 10637/1701/2693
f 10626/1710/2011 10625/1708/2011 10637/1701/2693
f 10625/1708/2011 10624/1706/2011 10637/1701/2693
f 10624/1706/2011 10622/1704/2011 10637/1701/2693
f 10622/1704/2011 10621/1700/2694 10637/1701/2693
f 10621/1700/2694 10620/1712/2695 10637/1701/2693
f 10620/1712/2695 10619/1714/2696 10637/1701/2693
f 10619/1714/2696 10618/1716/2697 10637/1701/2693
f 10618/1716/2697 10616/1718/2698 10637/1701/2693
f 10616/1718/2698 10615/1720/2699 10637/1701/2693
f 10615/1720/2699 10614/1722/2700 10637/1701/2693
f 10614/1722/2700 10613/1720/2701 10637/1701/2693
f 10613/1720/2701 10612/1718/2702 10637/1701/2693
f 10612/1718/2702 10609/1716/2703 10637/1701/2693
f 10609/1716/2703 10607/1714/2704 10637/1701/2693
f 10607/1714/2704 10643/1701/2692 10637/1701/2693
f 10603/1724/2040 10601/1725/2705 10597/1726/2706
f 10595/1727/2040 10603/1724/2040 10597/1726/2706
f 10591/1728/2040 10595/1727/2040 10597/1726/2706
f 10589/1729/2040 10591/1728/2040 10597/1726/2706
f 10585/1730/2040 10589/1729/2040 10597/1726/2706
f 10583/1731/2040 10585/1730/2040 10597/1726/2706
f 10579/1732/2040 10583/1731/2040 10597/1726/2706
f 10578/1733/2040 10579/1732/2040 10597/1726/2706
f 10577/1734/2707 10578/1733/2040 10597/1726/2706
f 10576/1735/2708 10577/1734/2707 10597/1726/2706
f 10574/1736/2709 10576/1735/2708 10597/1726/2706
f 10573/1737/2710 10574/1736/2709 10597/1726/2706
f 10572/1738/2711 10573/1737/2710 10597/1726/2706
f 10571/1739/2712 10572/1738/2711 10597/1726/2706
f 10570/1740/2713 10571/1739/2712 10597/1726/2706
f 10568/1741/2714 10570/1740/2713 10597/1726/2706
f 10567/1742/2715 10568/1741/2714 10597/1726/2706
f 10566/1743/2716 10567/1742/2715 10597/1726/2706
f 10565/1744/2717 10566/1743/2716 10597/1726/2706
f 10601/1725/2705 10565/1744/2717 10597/1726/2706
f 10564/1745/2718 10561/1746/2719 10559/1725/2719
f 10555/1724/2720 10564/1745/2718 10559/1725/2719
f 10553/1747/2721 10564/1745/2718 10555/1724/2720
f 10549/1727/2722 10553/1747/2721 10555/1724/2720
f 10547/1748/2723 10553/1747/2721 10549/1727/2722
f 10543/1728/2723 10547/1748/2723 10549/1727/2722
f 10541/1749/2724 10547/1748/2723 10543/1728/2723
f 10537/1729/2725 10541/1749/2724 10543/1728/2723
f 10535/1750/2726 10541/1749/2724 10537/1729/2725
f 10531/1730/2727 10535/1750/2726 10537/1729/2725
f 10530/1751/2728 10535/1750/2726 10531/1730/2727
f 10529/1731/2728 10530/1751/2728 10531/1730/2727
f 10528/1752/2729 10530/1751/2728 10529/1731/2728
f 10526/1732/2730 10528/1752/2729 10529/1731/2728
f 10525/1753/2731 10528/1752/2729 10526/1732/2730
f 10524/1733/2732 10525/1753/2731 10526/1732/2730
f 10523/1754/2733 10525/1753/2731 10524/1733/2732
f 10522/1734/2734 10523/1754/2733 10524/1733/2732
f 10520/1755/2735 10523/1754/2733 10522/1734/2734
f 10519/1735/2736 10520/1755/2735 10522/1734/2734
f 10518/1756/2737 10520/1755/2735 10519/1735/2736
f 10517/1736/2738 10518/1756/2737 10519/1735/2736
f 10516/1757/2739 10518/1756/2737 10517/1736/2738
f 10513/1737/2740 10516/1757/2739 10517/1736/2738
f 10511/1758/2741 10516/1757/2739 10513/1737/2740
f 10507/1738/2742 10511/1758/2741 10513/1737/2740
f 10505/1759/2743 10511/1758/2741 10507/1738/2742
f 10501/1739/2743 10505/1759/2743 10507/1738/2742
f 10499/1760/2744 10505/1759/2743 10501/1739/2743
f 10495/1740/2745 10499/1760/2744 10501/1739/2743
f 10493/1761/2746 10499/1760/2744 10495/1740/2745
f 10489/1741/2747 10493/1761/2746 10495/1740/2745
f 10487/1762/2748 10493/1761/2746 10489/1741/2747
f 10483/1742/2749 10487/1762/2748 10489/1741/2747
f 10482/1763/2750 10487/1762/2748 10483/1742/2749
f 10481/1743/2750 10482/1763/2750 10483/1742/2749
f 10480/1764/2751 10482/1763/2750 10481/1743/2750
f 10478/1744/2751 10480/1764/2751 10481/1743/2750
f 10561/1746/2719 10480/1764/2751 10478/1744/2751
f 10559/1725/2719 10561/1746/2719 10478/1744/2751
f 10477/1746/2692 10476/1745/2011 10475/1726/2693
f 10476/1745/2011 10474/1747/2011 10475/1726/2693
f 10474/1747/2011 10472/1748/2011 10475/1726/2693
f 10472/1748/2011 10471/1749/2011 10475/1726/2693
f 10471/1749/2011 10470/1750/2011 10475/1726/2693
f 10470/1750/2011 10469/1751/2011 10475/1726/2693
f 10469/1751/2011 10468/1752/2011 10475/1726/2693
f 10468/1752/2011 10465/1753/2011 10475/1726/2693
f 10465/1753/2011 10463/1754/2694 10475/1726/2693
f 10463/1754/2694 10459/1755/2752 10475/1726/2693
f 10459/1755/2752 10457/1756/2753 10475/1726/2693
f 10457/1756/2753 10453/1757/2754 10475/1726/2693
f 10453/1757/2754 10451/1758/2755 10475/1726/2693
f 10451/1758/2755 10447/1759/2756 10475/1726/2693
f 10447/1759/2756 10445/1760/2757 10475/1726/2693
f 10445/1760/2757 10441/1761/2758 10475/1726/2693
f 10441/1761/2758 10439/1762/2759 10475/1726/2693
f 10439/1762/2759 10435/1763/2760 10475/1726/2693
f 10435/1763/2760 10434/1764/2761 10475/1726/2693
f 10434/1764/2761 10477/1746/2692 10475/1726/2693
f 10433/1765/2039 10432/1765/2039 10430/1766/2039
f 10430/1766/2039 10429/1766/2039 10433/1765/2039
f 10428/1767/2009 10427/1768/2762 10426/1768/2762
f 10426/1768/2762 10424/1767/2009 10428/1767/2009
f 10423/1768/2763 10422/1766/2763 10421/1766/2763
f 10421/1766/2763 10420/1768/2763 10423/1768/2763
f 10417/1767/2764 10415/1765/2764 10411/1766/2764
f 10411/1766/2764 10409/1768/2764 10417/1767/2764
f 10405/1768/2765 10403/1766/2765 10399/1765/2765
f 10399/1765/2765 10397/1767/2765 10405/1768/2765
f 10393/1765/2039 10391/1765/2039 10387/1766/2039
f 10385/1766/2039 10387/1766/2039 10391/1765/2039
f 10384/1768/2762 10382/1767/2009 10381/1768/2762
f 10379/1767/2009 10381/1768/2762 10382/1767/2009
f 10378/1766/2766 10376/1768/2766 10375/1766/2766
f 10373/1768/2766 10375/1766/2766 10376/1768/2766
f 10369/1765/2767 10368/1767/2767 10363/1766/2767
f 10362/1768/2767 10363/1766/2767 10368/1767/2767
f 10357/1766/2768 10356/1768/2768 10351/1765/2768
f 10350/1767/2768 10351/1765/2768 10356/1768/2768
f 10345/1765/2769 10344/1765/2769 10339/1766/2770
f 10339/1766/2770 10338/1766/2770 10345/1765/2769
f 10333/1767/2009 10332/1768/2009 10327/1768/2009
f 10327/1768/2009 10326/1767/2009 10333/1767/2009
f 10321/1768/2763 10320/1766/2763 10315/1766/2763
f 10315/1766/2763 10314/1768/2763 10321/1768/2763
f 10309/1767/2764 10308/1765/2764 10307/1766/2764
f 10307/1766/2764 10306/1768/2764 10309/1767/2764
f 10304/1768/2765 10303/1766/2765 10301/1765/2765
f 10301/1765/2765 10300/1767/2765 10304/1768/2765
f 10298/1765/2769 10297/1765/2769 10295/1766/2770
f 10294/1766/2770 10295/1766/2770 10297/1765/2769
f 10292/1768/2009 10291/1767/2009 10289/1768/2009
f 10288/1767/2009 10289/1768/2009 10291/1767/2009
f 10286/1766/2766 10285/1768/2766 10283/1766/2766
f 10282/1768/2766 10283/1766/2766 10285/1768/2766
f 10280/1765/2767 10279/1767/2767 10277/1766/2767
f 10276/1768/2767 10277/1766/2767 10279/1767/2767
f 10274/1766/2768 10273/1768/2768 10271/1765/2768
f 10270/1767/2768 10271/1765/2768 10273/1768/2768
f 10268/1769/2039 10267/1770/2039 10265/1771/2039
f 10264/1772/2039 10265/1771/2039 10267/1770/2039
f 10262/1769/2009 10261/1770/2009 10259/1771/2009
f 10258/1772/2009 10259/1771/2009 10261/1770/2009
f 10256/1773/2011 10255/1774/2011 10253/1775/2011
f 10252/1776/2011 10253/1775/2011 10255/1774/2011
f 10250/1769/2010 10249/1770/2010 10247/1771/2010
f 10246/1772/2010 10247/1771/2010 10249/1770/2010
f 10244/1773/2040 10243/1774/2040 10241/1775/2040
f 10240/1776/2040 10241/1775/2040 10243/1774/2040
f 10238/1769/2012 10237/1770/2012 10235/1771/2012
f 10234/1772/2012 10235/1771/2012 10237/1770/2012
f 10232/1773/2039 10231/1774/2039 10229/1775/2039
f 10228/1776/2039 10229/1775/2039 10231/1774/2039
f 10226/1773/2009 10225/1774/2009 10223/1775/2009
f 10219/1776/2009 10223/1775/2009 10225/1774/2009
f 10218/1773/2011 10217/1774/2011 10216/1775/2011
f 10215/1776/2011 10216/1775/2011 10217/1774/2011
f 10214/1777/2010 10213/1778/2010 10212/1779/2010
f 10210/1780/2010 10212/1779/2010 10213/1778/2010
f 10209/1773/2040 10207/1774/2040 10206/1775/2040
f 10204/1776/2040 10206/1775/2040 10207/1774/2040
f 10203/1777/2012 10201/1778/2012 10200/1779/2012
f 10198/1780/2012 10200/1779/2012 10201/1778/2012
f 10197/1781/2039 10195/1782/2039 10194/1783/2039
f 10192/1784/2039 10194/1783/2039 10195/1782/2039
f 10191/1785/2011 10189/1786/2011 10188/1787/2011
f 10186/1788/2011 10188/1787/2011 10189/1786/2011
f 10185/1789/2010 10183/1790/2010 10182/1791/2010
f 10180/1792/2010 10182/1791/2010 10183/1790/2010
f 10179/1793/2040 10177/1794/2040 10176/1795/2040
f 10174/1796/2040 10176/1795/2040 10177/1794/2040
f 10173/1785/2012 10171/1786/2012 10170/1787/2012
f 10168/1788/2012 10170/1787/2012 10171/1786/2012
f 10167/1797/2039 10165/1798/2039 10164/1799/2039
f 10162/1800/2039 10164/1799/2039 10165/1798/2039
f 10161/1801/2011 10159/1802/2011 10158/1803/2011
f 10156/1804/2011 10158/1803/2011 10159/1802/2011
f 10155/1801/2010 10153/1802/2010 10152/1803/2010
f 10150/1804/2010 10152/1803/2010 10153/1802/2010
f 10149/1805/2040 10147/1806/2040 10146/1807/2040
f 10144/1808/2040 10146/1807/2040 10147/1806/2040
f 10143/1809/2012 10141/1810/2012 10140/1811/2012
f 10138/1812/2012 10140/1811/2012 10141/1810/2012
f 10137/1813/2009 10135/1814/2009 10134/1815/2009
f 10132/1816/2009 10134/1815/2009 10135/1814/2009
f 10131/1817/2039 10129/1818/2039 10128/1819/2039
f 10126/1820/2039 10128/1819/2039 10129/1818/2039
f 10125/1817/2771 10123/1818/2771 10122/1819/2771
f 10120/1820/2771 10122/1819/2771 10123/1818/2771
f 10119/1817/2011 10117/1818/2011 10116/1819/2011
f 10114/1820/2011 10116/1819/2011 10117/1818/2011
f 10113/1817/2772 10111/1818/2772 10110/1819/2772
f 10108/1820/2772 10110/1819/2772 10111/1818/2772
f 10107/1817/2039 10105/1818/2039 10104/1819/2039
f 10102/1820/2039 10104/1819/2039 10105/1818/2039
f 10101/1813/2009 10099/1814/2009 10098/1815/2009
f 10096/1816/2009 10098/1815/2009 10099/1814/2009
f 10095/1817/2011 10093/1818/2011 10092/1819/2011
f 10090/1820/2011 10092/1819/2011 10093/1818/2011
f 10089/1821/2010 10087/1822/2010 10086/1823/2010
f 10084/1824/2010 10086/1823/2010 10087/1822/2010
f 10083/1813/2040 10081/1814/2040 10080/1815/2040
f 10078/1816/2040 10080/1815/2040 10081/1814/2040
f 10077/1813/2012 10075/1814/2012 10074/1815/2012
f 10072/1816/2012 10074/1815/2012 10075/1814/2012
f 10071/1817/2039 10069/1818/2039 10068/1819/2039
f 10066/1820/2039 10068/1819/2039 10069/1818/2039
f 10065/1813/2009 10063/1814/2009 10062/1815/2009
f 10060/1816/2009 10062/1815/2009 10063/1814/2009
f 10059/1817/2011 10057/1818/2011 10056/1819/2011
f 10054/1820/2011 10056/1819/2011 10057/1818/2011
f 10053/1813/2010 10051/1814/2010 10050/1815/2010
f 10048/1816/2010 10050/1815/2010 10051/1814/2010
f 10047/1813/2040 10045/1814/2040 10044/1815/2040
f 10039/1816/2040 10044/1815/2040 10045/1814/2040
f 10038/1825/2012 10037/1826/2012 10036/1827/2012
f 10035/1828/2012 10036/1827/2012 10037/1826/2012
f 10033/1813/2039 10032/1814/2039 10030/1815/2039
f 10029/1816/2039 10030/1815/2039 10032/1814/2039
f 10027/1813/2009 10026/1814/2009 10024/1815/2009
f 10023/1816/2009 10024/1815/2009 10026/1814/2009
f 10021/1813/2010 10020/1814/2010 10018/1815/2010
f 10017/1816/2010 10018/1815/2010 10020/1814/2010
f 10015/1813/2040 10014/1814/2040 10012/1815/2040
f 10011/1816/2040 10012/1815/2040 10014/1814/2040
f 10009/1813/2012 10008/1814/2012 10006/1815/2012
f 10005/1816/2012 10006/1815/2012 10008/1814/2012
f 10003/1829/2039 10002/1830/2039 10000/1831/2039
f 9999/1832/2039 10000/1831/2039 10002/1830/2039
f 9997/1832/2009 9996/1830/2009 9994/1831/2009
f 9993/1829/2009 9994/1831/2009 9996/1830/2009
f 9991/1830/2011 9990/1830/2011 9988/1829/2011
f 9987/1829/2011 9988/1829/2011 9990/1830/2011
f 9985/1829/2010 9984/1829/2010 9982/1831/2010
f 9981/1831/2010 9982/1831/2010 9984/1829/2010
f 9979/1831/2040 9978/1831/2040 9976/1832/2040
f 9975/1832/2040 9976/1832/2040 9978/1831/2040
f 9973/1832/2012 9972/1832/2012 9970/1830/2012
f 9969/1830/2012 9970/1830/2012 9972/1832/2012
f 9967/1833/2009 9966/1834/2009 9964/1835/2009
f 9964/1835/2009 9963/1836/2009 9967/1833/2009
f 9961/1837/2009 9967/1833/2009 9963/1836/2009
f 9963/1836/2009 9960/1838/2009 9961/1837/2009
f 9958/1839/2039 9957/1840/2039 9955/1841/2039
f 9955/1841/2039 9954/1842/2039 9958/1839/2039
f 9949/1843/2039 9946/1844/2039 9957/1840/2039
f 9957/1840/2039 9958/1839/2039 9949/1843/2039
f 9943/1845/2040 9940/1846/2040 9937/1847/2040
f 9937/1847/2040 9934/1848/2040 9943/1845/2040
f 9931/1849/2773 9925/1850/2774 9924/1851/2774
f 9924/1851/2774 9919/1852/2773 9931/1849/2773
f 9918/1853/2775 9931/1849/2773 9919/1852/2773
f 9919/1852/2773 9913/1854/2775 9918/1853/2775
f 9912/1849/2776 9907/1853/2777 9906/1854/2777
f 9906/1854/2777 9901/1852/2776 9912/1849/2776
f 9900/1850/2778 9912/1849/2776 9901/1852/2776
f 9901/1852/2776 9895/1851/2778 9900/1850/2778
f 9894/1855/2009 9889/1856/2009 9888/1857/2009
f 9888/1857/2009 9887/1858/2009 9894/1855/2009
f 9886/1859/2039 9885/1860/2039 9883/1861/2039
f 9883/1861/2039 9882/1862/2039 9886/1859/2039
f 9881/1855/2040 9880/1856/2040 9879/1857/2040
f 9879/1857/2040 9877/1858/2040 9881/1855/2040
f 9876/1859/2010 9875/1860/2010 9874/1861/2010
f 9874/1861/2010 9871/1862/2010 9876/1859/2010
f 9870/1859/2011 9865/1860/2011 9864/1861/2011
f 9864/1861/2011 9859/1862/2011 9870/1859/2011
f 9858/1863/2012 9853/1864/2012 9852/1865/2012
f 9852/1865/2012 9847/1866/2012 9858/1863/2012
f 9846/1855/2009 9841/1856/2009 9840/1857/2009
f 9840/1857/2009 9839/1858/2009 9846/1855/2009
f 9838/1859/2039 9837/1860/2039 9835/1861/2039
f 9835/1861/2039 9834/1862/2039 9838/1859/2039
f 9833/1855/2040 9832/1856/2040 9831/1857/2040
f 9831/1857/2040 9829/1858/2040 9833/1855/2040
f 9828/1863/2010 9827/1864/2010 9826/1865/2010
f 9826/1865/2010 9823/1866/2010 9828/1863/2010
f 9822/1859/2011 9817/1860/2011 9816/1861/2011
f 9816/1861/2011 9811/1862/2011 9822/1859/2011
f 9810/1859/2012 9805/1860/2012 9804/1861/2012
f 9804/1861/2012 9799/1862/2012 9810/1859/2012
f 9798/1855/2009 9793/1856/2009 9792/1857/2009
f 9792/1857/2009 9791/1858/2009 9798/1855/2009
f 9790/1859/2039 9789/1860/2039 9787/1861/2039
f 9787/1861/2039 9786/1862/2039 9790/1859/2039
f 9785/1855/2040 9784/1856/2040 9783/1857/2040
f 9783/1857/2040 9781/1858/2040 9785/1855/2040
f 9780/1859/2010 9779/1860/2010 9778/1861/2010
f 9778/1861/2010 9775/1862/2010 9780/1859/2010
f 9774/1859/2011 9769/1860/2011 9768/1861/2011
f 9768/1861/2011 9763/1862/2011 9774/1859/2011
f 9762/1863/2012 9757/1864/2012 9756/1865/2012
f 9756/1865/2012 9751/1866/2012 9762/1863/2012
f 9750/1855/2009 9745/1856/2009 9744/1857/2009
f 9744/1857/2009 9743/1858/2009 9750/1855/2009
f 9742/1859/2039 9741/1860/2039 9739/1861/2039
f 9739/1861/2039 9738/1862/2039 9742/1859/2039
f 9737/1855/2040 9736/1856/2040 9735/1857/2040
f 9735/1857/2040 9733/1858/2040 9737/1855/2040
f 9732/1863/2010 9731/1864/2010 9730/1865/2010
f 9730/1865/2010 9727/1866/2010 9732/1863/2010
f 9726/1859/2011 9721/1860/2011 9720/1861/2011
f 9720/1861/2011 9715/1862/2011 9726/1859/2011
f 9714/1859/2012 9709/1860/2012 9708/1861/2012
f 9708/1861/2012 9703/1862/2012 9714/1859/2012
f 9702/1867/2009 9697/1868/2009 9696/1869/2009
f 9702/1867/2009 9696/1869/2009 9695/1870/2009
f 9702/1867/2009 9695/1870/2009 9694/1871/2009
f 9702/1867/2009 9694/1871/2009 9693/1872/2009
f 9702/1867/2009 9693/1872/2009 9691/1873/2009
f 9702/1867/2009 9691/1873/2009 9690/1874/2009
f 9702/1867/2009 9690/1874/2009 9689/1875/2009
f 9702/1867/2009 9689/1875/2009 9688/1876/2009
f 9702/1867/2009 9688/1876/2009 9687/1877/2009
f 9702/1867/2009 9687/1877/2009 9685/1878/2009
f 9702/1867/2009 9685/1878/2009 9684/1879/2009
f 9702/1867/2009 9684/1879/2009 9683/1880/2009
f 9682/1865/2779 9679/1866/2779 9678/1863/2779
f 9678/1863/2779 9673/1864/2779 9682/1865/2779
f 9672/1865/2007 9667/1866/2007 9666/1863/2007
f 9666/1863/2007 9661/1864/2007 9672/1865/2007
f 9660/1865/2780 9655/1866/2781 9654/1863/2780
f 9654/1863/2780 9649/1864/2780 9660/1865/2780
f 9648/1865/2782 9647/1866/2782 9646/1863/2782
f 9646/1863/2782 9645/1864/2782 9648/1865/2782
f 9643/1865/2783 9642/1866/2783 9641/1863/2783
f 9641/1863/2783 9640/1864/2783 9643/1865/2783
f 9639/1865/2784 9637/1866/2784 9636/1863/2784
f 9636/1863/2784 9635/1864/2784 9639/1865/2784
f 9634/1865/2785 9631/1866/2785 9630/1863/2785
f 9630/1863/2785 9625/1864/2785 9634/1865/2785
f 9624/1865/2008 9619/1866/2008 9618/1863/2008
f 9618/1863/2008 9613/1864/2008 9624/1865/2008
f 9612/1865/2786 9607/1866/2786 9606/1863/2786
f 9606/1863/2786 9601/1864/2786 9612/1865/2786
f 9600/1865/2787 9599/1866/2788 9598/1863/2787
f 9598/1863/2787 9597/1864/2787 9600/1865/2787
f 9595/1865/2789 9594/1866/2789 9593/1863/2789
f 9593/1863/2789 9592/1864/2789 9595/1865/2789
f 9591/1865/2790 9589/1866/2790 9588/1863/2790
f 9588/1863/2790 9587/1864/2790 9591/1865/2790
f 9586/1881/2039 9583/1882/2039 9582/1883/2039
f 9586/1881/2039 9582/1883/2039 9577/1884/2039
f 9586/1881/2039 9577/1884/2039 9576/1885/2039
f 9586/1881/2039 9576/1885/2039 9571/1886/2039
f 9586/1881/2039 9571/1886/2039 9570/1887/2039
f 9586/1881/2039 9570/1887/2039 9565/1888/2039
f 9586/1881/2039 9565/1888/2039 9564/1889/2039
f 9586/1881/2039 9564/1889/2039 9559/1890/2039
f 9586/1881/2039 9559/1890/2039 9558/1891/2039
f 9586/1881/2039 9558/1891/2039 9553/1892/2039
f 9586/1881/2039 9553/1892/2039 9552/1893/2039
f 9586/1881/2039 9552/1893/2039 9551/1894/2039
f 9550/1895/2009 9549/1896/2009 9547/1897/2009
f 9550/1895/2009 9547/1897/2009 9546/1898/2009
f 9550/1895/2009 9546/1898/2009 9545/1899/2009
f 9550/1895/2009 9545/1899/2009 9544/1900/2009
f 9550/1895/2009 9544/1900/2009 9543/1901/2009
f 9550/1895/2009 9543/1901/2009 9541/1902/2009
f 9550/1895/2009 9541/1902/2009 9540/1903/2009
f 9550/1895/2009 9540/1903/2009 9539/1904/2009
f 9550/1895/2009 9539/1904/2009 9538/1905/2009
f 9550/1895/2009 9538/1905/2009 9535/1906/2009
f 9550/1895/2009 9535/1906/2009 9534/1907/2009
f 9550/1895/2009 9534/1907/2009 9529/1908/2009
f 9528/1865/2779 9523/1866/2779 9522/1863/2779
f 9522/1863/2779 9517/1864/2779 9528/1865/2779
f 9516/1865/2007 9511/1866/2007 9510/1863/2007
f 9510/1863/2007 9505/1864/2791 9516/1865/2007
f 9504/1865/2780 9502/1866/2780 9501/1863/2780
f 9501/1863/2780 9499/1864/2781 9504/1865/2780
f 9498/1865/2782 9496/1866/2782 9495/1863/2782
f 9495/1863/2782 9493/1864/2782 9498/1865/2782
f 9492/1865/2783 9487/1866/2783 9484/1863/2783
f 9484/1863/2783 9481/1864/2783 9492/1865/2783
f 9478/1865/2784 9475/1866/2784 9472/1863/2784
f 9472/1863/2784 9469/1864/2784 9478/1865/2784
f 9463/1865/2785 9461/1866/2785 9457/1863/2785
f 9457/1863/2785 9455/1864/2785 9463/1865/2785
f 9451/1865/2008 9449/1866/2008 9445/1863/2008
f 9445/1863/2008 9443/1864/2008 9451/1865/2008
f 9439/1865/2786 9437/1866/2786 9433/1863/2786
f 9433/1863/2786 9431/1864/2786 9439/1865/2786
f 9427/1865/2787 9426/1866/2787 9425/1863/2787
f 9425/1863/2787 9424/1864/2788 9427/1865/2787
f 9422/1865/2789 9421/1866/2789 9420/1863/2789
f 9420/1863/2789 9419/1864/2792 9422/1865/2789
f 9418/1865/2790 9416/1866/2790 9415/1863/2790
f 9415/1863/2790 9414/1864/2790 9418/1865/2790
f 9413/1881/2039 9412/1882/2039 9409/1883/2039
f 9413/1881/2039 9409/1883/2039 9407/1884/2039
f 9413/1881/2039 9407/1884/2039 9403/1885/2039
f 9413/1881/2039 9403/1885/2039 9401/1886/2039
f 9413/1881/2039 9401/1886/2039 9397/1887/2039
f 9413/1881/2039 9397/1887/2039 9395/1888/2039
f 9413/1881/2039 9395/1888/2039 9391/1889/2039
f 9413/1881/2039 9391/1889/2039 9389/1890/2039
f 9413/1881/2039 9389/1890/2039 9385/1891/2039
f 9413/1881/2039 9385/1891/2039 9383/1892/2039
f 9413/1881/2039 9383/1892/2039 9379/1893/2039
f 9413/1881/2039 9379/1893/2039 9378/1894/2039
f 9377/1909/2009 9376/1910/2009 9374/1911/2009
f 9374/1911/2009 9373/1912/2009 9377/1909/2009
f 9372/1909/2039 9371/1910/2039 9370/1911/2039
f 9370/1911/2039 9368/1912/2039 9372/1909/2039
f 9367/1913/2040 9366/1914/2040 9365/1915/2040
f 9365/1915/2040 9364/1916/2040 9367/1913/2040
f 9361/1863/2010 9359/1864/2010 9355/1865/2010
f 9355/1865/2010 9353/1866/2010 9361/1863/2010
f 9349/1909/2011 9347/1910/2011 9343/1911/2011
f 9343/1911/2011 9341/1912/2011 9349/1909/2011
f 9337/1863/2012 9335/1864/2012 9331/1865/2012
f 9331/1865/2012 9330/1866/2012 9337/1863/2012
f 9329/1774/2039 9328/1917/2039 9326/1775/2039
f 9326/1775/2039 9325/1773/2039 9329/1774/2039
f 9324/1774/2009 9323/1917/2009 9322/1775/2009
f 9322/1775/2009 9320/1773/2009 9324/1774/2009
f 9319/1918/2793 9318/1919/2793 9317/1920/2793
f 9317/1920/2793 9316/1921/2794 9319/1918/2793
f 9313/1918/2010 9311/1919/2010 9307/1920/2010
f 9307/1920/2010 9305/1921/2010 9313/1918/2010
f 9301/1918/2325 9299/1922/2325 9295/1920/2325
f 9295/1920/2325 9293/1923/2325 9301/1918/2325
f 9289/1918/2012 9287/1922/2012 9283/1920/2012
f 9283/1920/2012 9282/1923/2012 9289/1918/2012
f 9281/1924/2009 9280/1925/2009 9278/1926/2009
f 9278/1926/2009 9277/1927/2009 9281/1924/2009
f 9276/1928/2039 9275/1929/2039 9274/1930/2039
f 9274/1930/2039 9272/1931/2039 9276/1928/2039
f 9271/1924/2795 9270/1925/2795 9269/1926/2795
f 9269/1926/2795 9268/1927/2795 9271/1924/2795
f 9265/1932/2010 9263/1933/2010 9259/1933/2010
f 9259/1933/2010 9257/1932/2010 9265/1932/2010
f 9253/1934/2011 9251/1932/2011 9247/1932/2011
f 9247/1932/2011 9245/1934/2011 9253/1934/2011
f 9241/1935/2012 9239/1936/2012 9235/1937/2012
f 9235/1937/2012 9234/1938/2012 9241/1935/2012
f 9233/1928/2796 9232/1929/2796 9230/1930/2796
f 9230/1930/2796 9229/1931/2796 9233/1928/2796
f 9228/1939/2797 9227/1940/2797 9226/1941/2797
f 9226/1941/2797 9224/1942/2797 9228/1939/2797
f 9223/1943/2012 9222/1944/2012 9221/1945/2012
f 9220/1946/2010 9217/1947/2010 9215/1948/2010
f 9211/1924/2798 9209/1949/2799 9205/1926/2800
f 9205/1926/2800 9203/1927/2801 9211/1924/2798
f 9199/1924/2009 9197/1950/2009 9193/1926/2009
f 9193/1926/2009 9191/1927/2009 9199/1924/2009
f 9187/1928/2802 9186/1951/2803 9185/1930/2804
f 9185/1930/2804 9184/1952/2805 9187/1928/2802
f 9182/1928/2039 9181/1951/2039 9180/1930/2039
f 9180/1930/2039 9179/1953/2039 9182/1928/2039
f 9178/1954/2806 9176/1955/2806 9175/1955/2806
f 9175/1955/2806 9174/1954/2806 9178/1954/2806
f 9173/1935/2807 9172/1956/2807 9169/1937/2807
f 9169/1937/2807 9167/1957/2807 9173/1935/2807
f 9163/1935/2808 9161/1956/2808 9157/1937/2808
f 9157/1937/2808 9155/1957/2808 9163/1935/2808
f 9151/1958/2011 9149/1959/2011 9145/1959/2011
f 9145/1959/2011 9143/1958/2011 9151/1958/2011
f 9139/1960/2809 9138/1961/2809 9137/1962/2809
f 9137/1962/2809 9136/1963/2809 9139/1960/2809
f 9134/1935/2810 9133/1956/2810 9132/1937/2810
f 9132/1937/2810 9131/1957/2810 9134/1935/2810
f 9130/1924/2009 9128/1925/2009 9127/1926/2009
f 9127/1926/2009 9126/1927/2009 9130/1924/2009
f 9125/1928/2039 9124/1929/2039 9121/1930/2039
f 9121/1930/2039 9119/1931/2039 9125/1928/2039
f 9115/1935/2040 9113/1936/2040 9109/1937/2040
f 9109/1937/2040 9107/1938/2040 9115/1935/2040
f 9103/1935/2010 9101/1956/2010 9097/1937/2010
f 9097/1937/2010 9095/1957/2010 9103/1935/2010
f 9091/1935/2011 9090/1956/2011 9089/1937/2011
f 9089/1937/2011 9088/1957/2011 9091/1935/2011
f 9086/1935/2012 9085/1936/2012 9084/1937/2012
f 9084/1937/2012 9083/1938/2012 9086/1935/2012
f 9082/1924/2009 9080/1925/2009 9079/1926/2009
f 9079/1926/2009 9078/1927/2009 9082/1924/2009
f 9077/1928/2039 9076/1929/2039 9073/1930/2039
f 9073/1930/2039 9071/1931/2039 9077/1928/2039
f 9067/1924/2040 9065/1925/2040 9061/1926/2040
f 9061/1926/2040 9059/1927/2040 9067/1924/2040
f 9055/1935/2010 9053/1956/2010 9049/1937/2010
f 9049/1937/2010 9047/1957/2010 9055/1935/2010
f 9043/1964/2011 9041/1965/2011 9040/1965/2011
f 9040/1965/2011 9038/1964/2011 9043/1964/2011
f 9037/1966/2012 9035/1964/2012 9034/1964/2012
f 9034/1964/2012 9032/1966/2012 9037/1966/2012
f 9031/1926/2009 9029/1967/2009 9025/1968/2009
f 9031/1926/2009 9025/1968/2009 9023/1969/2009
f 9031/1926/2009 9023/1969/2009 9019/1970/2009
f 9031/1926/2009 9019/1970/2009 9017/1971/2009
f 9031/1926/2009 9017/1971/2009 9013/1972/2009
f 9031/1926/2009 9013/1972/2009 9011/1973/2009
f 9031/1926/2009 9011/1973/2009 9007/1974/2009
f 9031/1926/2009 9007/1974/2009 9005/1975/2009
f 9031/1926/2009 9005/1975/2009 9001/1976/2009
f 9031/1926/2009 9001/1976/2009 8999/1977/2009
f 9031/1926/2009 8999/1977/2009 8995/1924/2009
f 9031/1926/2009 8995/1924/2009 8993/1978/2009
f 8989/1979/2040 8987/1965/2040 8983/1965/2040
f 8983/1965/2040 8981/1979/2040 8989/1979/2040
f 8977/1937/2779 8975/1938/2779 8971/1935/2779
f 8971/1935/2779 8969/1936/2779 8977/1937/2779
f 8965/1937/2007 8963/1938/2007 8959/1935/2007
f 8959/1935/2007 8957/1936/2007 8965/1937/2007
f 8953/1937/2781 8951/1938/2781 8947/1935/2781
f 8947/1935/2781 8945/1936/2781 8953/1937/2781
f 8941/1937/2811 8939/1957/2812 8935/1935/2811
f 8935/1935/2811 8933/1956/2811 8941/1937/2811
f 8929/1937/2783 8927/1938/2783 8923/1935/2783
f 8923/1935/2783 8921/1936/2783 8929/1937/2783
f 8917/1937/2813 8915/1938/2813 8911/1935/2813
f 8911/1935/2813 8909/1936/2813 8917/1937/2813
f 8905/1937/2814 8903/1957/2814 8899/1935/2814
f 8899/1935/2814 8897/1956/2814 8905/1937/2814
f 8893/1937/2008 8891/1938/2008 8887/1935/2008
f 8887/1935/2008 8885/1936/2008 8893/1937/2008
f 8881/1937/2815 8879/1938/2816 8875/1935/2816
f 8875/1935/2816 8873/1936/2815 8881/1937/2815
f 8869/1937/2788 8867/1957/2788 8863/1935/2788
f 8863/1935/2788 8861/1956/2788 8869/1937/2788
f 8857/1937/2789 8855/1938/2789 8851/1935/2789
f 8851/1935/2789 8849/1936/2789 8857/1937/2789
f 8845/1937/2790 8843/1957/2790 8839/1935/2790
f 8839/1935/2790 8837/1956/2790 8845/1937/2790
f 8833/1934/2040 8831/1979/2040 8827/1979/2040
f 8827/1979/2040 8825/1934/2040 8833/1934/2040
f 8821/1930/2039 8819/1931/2039 8815/1928/2039
f 8821/1930/2039 8815/1928/2039 8813/1980/2039
f 8821/1930/2039 8813/1980/2039 8809/1981/2039
f 8821/1930/2039 8809/1981/2039 8807/1982/2039
f 8821/1930/2039 8807/1982/2039 8803/1983/2039
f 8821/1930/2039 8803/1983/2039 8801/1984/2039
f 8821/1930/2039 8801/1984/2039 8797/1985/2039
f 8821/1930/2039 8797/1985/2039 8795/1986/2039
f 8821/1930/2039 8795/1986/2039 8791/1987/2039
f 8821/1930/2039 8791/1987/2039 8789/1988/2039
f 8821/1930/2039 8789/1988/2039 8785/1989/2039
f 8821/1930/2039 8785/1989/2039 8783/1990/2039
o modra_vloz_s
v 0.065218 2.874660 0.316074
v 0.069830 2.888854 0.316074
v 0.071390 2.903697 0.316074
v 0.047769 2.850645 0.316074
v 0.057756 2.861736 0.316074
v 0.069830 2.918541 0.316074
v 0.022061 2.835801 0.316074
v 0.035695 2.841872 0.316074
v 0.057756 2.945660 0.316074
v 0.065218 2.932735 0.316074
v 0.035695 2.965523 0.316074
v 0.047769 2.956751 0.316074
v -0.007462 2.832698 0.316074
v 0.007462 2.832698 0.316074
v 0.007462 2.974697 0.316074
v -0.035695 2.841872 0.316074
v -0.022061 2.835801 0.316074
v 0.022061 2.971594 0.316074
v -0.022061 2.971594 0.316074
v -0.007462 2.974697 0.316074
v -0.047769 2.956751 0.316074
v -0.035695 2.965523 0.316074
v -0.065218 2.932735 0.316074
v -0.057756 2.945660 0.316074
v -0.057756 2.861736 0.316074
v -0.047769 2.850645 0.316074
v -0.071390 2.903697 0.316074
v -0.069830 2.888854 0.316074
v -0.065218 2.874660 0.316074
v -0.069830 2.918541 0.316074
vn -0.0000 -0.0000 1.0000
vt 0.261343 0.323378
vt 0.253417 0.347905
vt 0.250736 0.373553
vt 0.291329 0.281879
vt 0.274167 0.301044
vt 0.335509 0.256231
vt 0.312079 0.266720
vt 0.386245 0.250869
vt 0.360597 0.250869
vt 0.434763 0.266720
vt 0.411332 0.256231
vt 0.472674 0.301044
vt 0.455513 0.281879
vt 0.493424 0.347905
vt 0.485498 0.323378
vt 0.493424 0.399201
vt 0.496105 0.373553
vt 0.472674 0.446062
vt 0.485498 0.423728
vt 0.434763 0.480386
vt 0.455513 0.465227
vt 0.386245 0.496237
vt 0.411332 0.490875
vt 0.335509 0.490875
vt 0.360597 0.496237
vt 0.291329 0.465227
vt 0.312079 0.480386
vt 0.261343 0.423728
vt 0.274167 0.446062
vt 0.253417 0.399201
s 1
usemtl cocky
f 12015/1991/2817 12016/1992/2817 12017/1993/2817
f 12018/1994/2817 12019/1995/2817 12015/1991/2817
f 12021/1996/2817 12022/1997/2817 12018/1994/2817
f 12021/1996/2817 12018/1994/2817 12015/1991/2817
f 12027/1998/2817 12028/1999/2817 12021/1996/2817
f 12030/2000/2817 12031/2001/2817 12027/1998/2817
f 12030/2000/2817 12027/1998/2817 12021/1996/2817
f 12030/2000/2817 12021/1996/2817 12015/1991/2817
f 12039/2002/2817 12040/2003/2817 12030/2000/2817
f 12042/2004/2817 12043/2005/2817 12039/2002/2817
f 12042/2004/2817 12039/2002/2817 12030/2000/2817
f 12044/2006/2817 12041/2007/2817 12042/2004/2817
f 12038/2008/2817 12037/2009/2817 12044/2006/2817
f 12038/2008/2817 12044/2006/2817 12042/2004/2817
f 12038/2008/2817 12042/2004/2817 12030/2000/2817
f 12036/2010/2817 12035/2011/2817 12038/2008/2817
f 12034/2012/2817 12033/2013/2817 12036/2010/2817
f 12034/2012/2817 12036/2010/2817 12038/2008/2817
f 12032/2014/2817 12029/2015/2817 12034/2012/2817
f 12026/2016/2817 12025/2017/2817 12032/2014/2817
f 12026/2016/2817 12032/2014/2817 12034/2012/2817
f 12026/2016/2817 12034/2012/2817 12038/2008/2817
f 12026/2016/2817 12038/2008/2817 12030/2000/2817
f 12026/2016/2817 12030/2000/2817 12015/1991/2817
f 12024/2018/2817 12023/2019/2817 12026/2016/2817
f 12024/2018/2817 12026/2016/2817 12015/1991/2817
f 12024/2018/2817 12015/1991/2817 12017/1993/2817
f 12024/2018/2817 12017/1993/2817 12020/2020/2817
o modra_vloz_r
v 0.292395 2.874660 0.107954
v 0.297007 2.888854 0.107954
v 0.298568 2.903697 0.107954
v 0.274946 2.850645 0.107954
v 0.284933 2.861736 0.107954
v 0.297007 2.918541 0.107954
v 0.249238 2.835801 0.107954
v 0.262872 2.841872 0.107954
v 0.284933 2.945660 0.107954
v 0.292395 2.932735 0.107954
v 0.262872 2.965523 0.107954
v 0.274946 2.956751 0.107954
v 0.219715 2.832698 0.107954
v 0.234640 2.832698 0.107954
v 0.234640 2.974697 0.107954
v 0.191483 2.841872 0.107954
v 0.205117 2.835801 0.107954
v 0.249238 2.971594 0.107954
v 0.205117 2.971594 0.107954
v 0.219715 2.974697 0.107954
v 0.179409 2.956751 0.107954
v 0.191483 2.965523 0.107954
v 0.161960 2.932735 0.107954
v 0.169422 2.945660 0.107954
v 0.169422 2.861736 0.107954
v 0.179409 2.850645 0.107954
v 0.155787 2.903697 0.107954
v 0.157348 2.888854 0.107954
v 0.161960 2.874660 0.107954
v 0.157348 2.918541 0.107954
vn -0.0000 -0.0000 1.0000
vt 0.261343 0.323378
vt 0.253417 0.347905
vt 0.250736 0.373553
vt 0.291329 0.281879
vt 0.274167 0.301044
vt 0.335509 0.256231
vt 0.312079 0.266720
vt 0.386245 0.250869
vt 0.360597 0.250869
vt 0.434763 0.266720
vt 0.411332 0.256231
vt 0.472674 0.301044
vt 0.455513 0.281879
vt 0.493424 0.347905
vt 0.485498 0.323378
vt 0.493424 0.399201
vt 0.496105 0.373553
vt 0.472674 0.446062
vt 0.485498 0.423728
vt 0.434763 0.480386
vt 0.455513 0.465227
vt 0.386245 0.496237
vt 0.411332 0.490875
vt 0.335509 0.490875
vt 0.360597 0.496237
vt 0.291329 0.465227
vt 0.312079 0.480386
vt 0.261343 0.423728
vt 0.274167 0.446062
vt 0.253417 0.399201
s 1
usemtl cocky
f 12045/2021/2818 12046/2022/2818 12047/2023/2818
f 12048/2024/2818 12049/2025/2818 12045/2021/2818
f 12051/2026/2818 12052/2027/2818 12048/2024/2818
f 12051/2026/2818 12048/2024/2818 12045/2021/2818
f 12057/2028/2818 12058/2029/2818 12051/2026/2818
f 12060/2030/2818 12061/2031/2818 12057/2028/2818
f 12060/2030/2818 12057/2028/2818 12051/2026/2818
f 12060/2030/2818 12051/2026/2818 12045/2021/2818
f 12069/2032/2818 12070/2033/2818 12060/2030/2818
f 12072/2034/2818 12073/2035/2818 12069/2032/2818
f 12072/2034/2818 12069/2032/2818 12060/2030/2818
f 12074/2036/2818 12071/2037/2818 12072/2034/2818
f 12068/2038/2818 12067/2039/2818 12074/2036/2818
f 12068/2038/2818 12074/2036/2818 12072/2034/2818
f 12068/2038/2818 12072/2034/2818 12060/2030/2818
f 12066/2040/2818 12065/2041/2818 12068/2038/2818
f 12064/2042/2818 12063/2043/2818 12066/2040/2818
f 12064/2042/2818 12066/2040/2818 12068/2038/2818
f 12062/2044/2818 12059/2045/2818 12064/2042/2818
f 12056/2046/2818 12055/2047/2818 12062/2044/2818
f 12056/2046/2818 12062/2044/2818 12064/2042/2818
f 12056/2046/2818 12064/2042/2818 12068/2038/2818
f 12056/2046/2818 12068/2038/2818 12060/2030/2818
f 12056/2046/2818 12060/2030/2818 12045/2021/2818
f 12054/2048/2818 12053/2049/2818 12056/2046/2818
f 12054/2048/2818 12056/2046/2818 12045/2021/2818
f 12054/2048/2818 12045/2021/2818 12047/2023/2818
f 12054/2048/2818 12047/2023/2818 12050/2050/2818
o modra_vloz_l
v -0.161960 2.874660 0.107954
v -0.157348 2.888854 0.107954
v -0.155787 2.903697 0.107954
v -0.179409 2.850645 0.107954
v -0.169422 2.861736 0.107954
v -0.157348 2.918541 0.107954
v -0.205117 2.835801 0.107954
v -0.191483 2.841872 0.107954
v -0.169422 2.945660 0.107954
v -0.161960 2.932735 0.107954
v -0.191483 2.965523 0.107954
v -0.179409 2.956751 0.107954
v -0.234640 2.832698 0.107954
v -0.219715 2.832698 0.107954
v -0.219715 2.974697 0.107954
v -0.262872 2.841872 0.107954
v -0.249238 2.835801 0.107954
v -0.205117 2.971594 0.107954
v -0.249238 2.971594 0.107954
v -0.234640 2.974697 0.107954
v -0.274946 2.956751 0.107954
v -0.262872 2.965523 0.107954
v -0.292395 2.932735 0.107954
v -0.284933 2.945660 0.107954
v -0.284933 2.861736 0.107954
v -0.274946 2.850645 0.107954
v -0.298568 2.903697 0.107954
v -0.297007 2.888854 0.107954
v -0.292395 2.874660 0.107954
v -0.297007 2.918541 0.107954
vn -0.0000 -0.0000 1.0000
vt 0.261343 0.323378
vt 0.253417 0.347905
vt 0.250736 0.373553
vt 0.291329 0.281879
vt 0.274167 0.301044
vt 0.335509 0.256231
vt 0.312079 0.266720
vt 0.386245 0.250869
vt 0.360597 0.250869
vt 0.434763 0.266720
vt 0.411332 0.256231
vt 0.472674 0.301044
vt 0.455513 0.281879
vt 0.493424 0.347905
vt 0.485498 0.323378
vt 0.493424 0.399201
vt 0.496105 0.373553
vt 0.472674 0.446062
vt 0.485498 0.423728
vt 0.434763 0.480386
vt 0.455513 0.465227
vt 0.386245 0.496237
vt 0.411332 0.490875
vt 0.335509 0.490875
vt 0.360597 0.496237
vt 0.291329 0.465227
vt 0.312079 0.480386
vt 0.261343 0.423728
vt 0.274167 0.446062
vt 0.253417 0.399201
s 1
usemtl cocky
f 12075/2051/2819 12076/2052/2819 12077/2053/2819
f 12078/2054/2819 12079/2055/2819 12075/2051/2819
f 12081/2056/2819 12082/2057/2819 12078/2054/2819
f 12081/2056/2819 12078/2054/2819 12075/2051/2819
f 12087/2058/2819 12088/2059/2819 12081/2056/2819
f 12090/2060/2819 12091/2061/2819 12087/2058/2819
f 12090/2060/2819 12087/2058/2819 12081/2056/2819
f 12090/2060/2819 12081/2056/2819 12075/2051/2819
f 12099/2062/2819 12100/2063/2819 12090/2060/2819
f 12102/2064/2819 12103/2065/2819 12099/2062/2819
f 12102/2064/2819 12099/2062/2819 12090/2060/2819
f 12104/2066/2819 12101/2067/2819 12102/2064/2819
f 12098/2068/2819 12097/2069/2819 12104/2066/2819
f 12098/2068/2819 12104/2066/2819 12102/2064/2819
f 12098/2068/2819 12102/2064/2819 12090/2060/2819
f 12096/2070/2819 12095/2071/2819 12098/2068/2819
f 12094/2072/2819 12093/2073/2819 12096/2070/2819
f 12094/2072/2819 12096/2070/2819 12098/2068/2819
f 12092/2074/2819 12089/2075/2819 12094/2072/2819
f 12086/2076/2819 12085/2077/2819 12092/2074/2819
f 12086/2076/2819 12092/2074/2819 12094/2072/2819
f 12086/2076/2819 12094/2072/2819 12098/2068/2819
f 12086/2076/2819 12098/2068/2819 12090/2060/2819
f 12086/2076/2819 12090/2060/2819 12075/2051/2819
f 12084/2078/2819 12083/2079/2819 12086/2076/2819
f 12084/2078/2819 12086/2076/2819 12075/2051/2819
f 12084/2078/2819 12075/2051/2819 12077/2053/2819
f 12084/2078/2819 12077/2053/2819 12080/2080/2819
o cervena_vloz_s
v 0.065218 3.243711 0.316074
v 0.069830 3.257905 0.316074
v 0.071390 3.272748 0.316074
v 0.047769 3.219695 0.316074
v 0.057756 3.230786 0.316074
v 0.069830 3.287591 0.316074
v 0.022061 3.204852 0.316074
v 0.035695 3.210922 0.316074
v 0.057756 3.314710 0.316074
v 0.065218 3.301785 0.316074
v 0.035695 3.334573 0.316074
v 0.047769 3.325801 0.316074
v -0.007462 3.201749 0.316074
v 0.007462 3.201749 0.316074
v 0.007462 3.343747 0.316074
v -0.035695 3.210922 0.316074
v -0.022061 3.204852 0.316074
v 0.022061 3.340644 0.316074
v -0.022061 3.340644 0.316074
v -0.007462 3.343747 0.316074
v -0.047769 3.325801 0.316074
v -0.035695 3.334573 0.316074
v -0.065218 3.301785 0.316074
v -0.057756 3.314710 0.316074
v -0.057756 3.230786 0.316074
v -0.047769 3.219695 0.316074
v -0.071390 3.272748 0.316074
v -0.069830 3.257905 0.316074
v -0.065218 3.243711 0.316074
v -0.069830 3.287591 0.316074
vn -0.0000 -0.0000 1.0000
vt 0.511910 0.824246
vt 0.503984 0.848772
vt 0.501303 0.874420
vt 0.541896 0.782746
vt 0.524734 0.801911
vt 0.586076 0.757098
vt 0.562645 0.767588
vt 0.636811 0.751736
vt 0.611163 0.751736
vt 0.685330 0.767588
vt 0.661899 0.757098
vt 0.723241 0.801911
vt 0.706079 0.782746
vt 0.743991 0.848772
vt 0.736065 0.824245
vt 0.743991 0.900068
vt 0.746672 0.874420
vt 0.723241 0.946930
vt 0.736065 0.924596
vt 0.685330 0.981253
vt 0.706079 0.966095
vt 0.636812 0.997105
vt 0.661899 0.991743
vt 0.586076 0.991743
vt 0.611164 0.997105
vt 0.541896 0.966095
vt 0.562645 0.981253
vt 0.511910 0.924596
vt 0.524734 0.946930
vt 0.503984 0.900068
s 1
usemtl cocky
f 12105/2081/2820 12106/2082/2820 12107/2083/2820
f 12108/2084/2820 12109/2085/2820 12105/2081/2820
f 12111/2086/2820 12112/2087/2820 12108/2084/2820
f 12111/2086/2820 12108/2084/2820 12105/2081/2820
f 12117/2088/2820 12118/2089/2820 12111/2086/2820
f 12120/2090/2820 12121/2091/2820 12117/2088/2820
f 12120/2090/2820 12117/2088/2820 12111/2086/2820
f 12120/2090/2820 12111/2086/2820 12105/2081/2820
f 12129/2092/2820 12130/2093/2820 12120/2090/2820
f 12132/2094/2820 12133/2095/2820 12129/2092/2820
f 12132/2094/2820 12129/2092/2820 12120/2090/2820
f 12134/2096/2820 12131/2097/2820 12132/2094/2820
f 12128/2098/2820 12127/2099/2820 12134/2096/2820
f 12128/2098/2820 12134/2096/2820 12132/2094/2820
f 12128/2098/2820 12132/2094/2820 12120/2090/2820
f 12126/2100/2820 12125/2101/2820 12128/2098/2820
f 12124/2102/2820 12123/2103/2820 12126/2100/2820
f 12124/2102/2820 12126/2100/2820 12128/2098/2820
f 12122/2104/2820 12119/2105/2820 12124/2102/2820
f 12116/2106/2820 12115/2107/2820 12122/2104/2820
f 12116/2106/2820 12122/2104/2820 12124/2102/2820
f 12116/2106/2820 12124/2102/2820 12128/2098/2820
f 12116/2106/2820 12128/2098/2820 12120/2090/2820
f 12116/2106/2820 12120/2090/2820 12105/2081/2820
f 12114/2108/2820 12113/2109/2820 12116/2106/2820
f 12114/2108/2820 12116/2106/2820 12105/2081/2820
f 12114/2108/2820 12105/2081/2820 12107/2083/2820
f 12114/2108/2820 12107/2083/2820 12110/2110/2820
o cervena_vloz_r
v 0.292395 3.243711 0.107954
v 0.297007 3.257905 0.107954
v 0.298568 3.272748 0.107954
v 0.274946 3.219695 0.107954
v 0.284933 3.230786 0.107954
v 0.297007 3.287591 0.107954
v 0.249238 3.204852 0.107954
v 0.262872 3.210922 0.107954
v 0.284933 3.314710 0.107954
v 0.292395 3.301785 0.107954
v 0.262872 3.334573 0.107954
v 0.274946 3.325801 0.107954
v 0.219715 3.201749 0.107954
v 0.234640 3.201749 0.107954
v 0.234640 3.343747 0.107954
v 0.191483 3.210922 0.107954
v 0.205117 3.204852 0.107954
v 0.249238 3.340644 0.107954
v 0.205117 3.340644 0.107954
v 0.219715 3.343747 0.107954
v 0.179409 3.325801 0.107954
v 0.191483 3.334573 0.107954
v 0.161960 3.301785 0.107954
v 0.169422 3.314710 0.107954
v 0.169422 3.230786 0.107954
v 0.179409 3.219695 0.107954
v 0.155787 3.272748 0.107954
v 0.157348 3.257905 0.107954
v 0.161960 3.243711 0.107954
v 0.157348 3.287591 0.107954
vn -0.0000 -0.0000 1.0000
vt 0.511910 0.824246
vt 0.503984 0.848772
vt 0.501303 0.874420
vt 0.541896 0.782746
vt 0.524734 0.801911
vt 0.586076 0.757098
vt 0.562645 0.767588
vt 0.636811 0.751736
vt 0.611163 0.751736
vt 0.685330 0.767588
vt 0.661899 0.757098
vt 0.723241 0.801911
vt 0.706079 0.782746
vt 0.743991 0.848772
vt 0.736065 0.824245
vt 0.743991 0.900068
vt 0.746672 0.874420
vt 0.723241 0.946930
vt 0.736065 0.924596
vt 0.685330 0.981253
vt 0.706079 0.966095
vt 0.636812 0.997105
vt 0.661899 0.991743
vt 0.586076 0.991743
vt 0.611164 0.997105
vt 0.541896 0.966095
vt 0.562645 0.981253
vt 0.511910 0.924596
vt 0.524734 0.946930
vt 0.503984 0.900068
s 1
usemtl cocky
f 12135/2111/2821 12136/2112/2821 12137/2113/2821
f 12138/2114/2821 12139/2115/2821 12135/2111/2821
f 12141/2116/2821 12142/2117/2821 12138/2114/2821
f 12141/2116/2821 12138/2114/2821 12135/2111/2821
f 12147/2118/2821 12148/2119/2821 12141/2116/2821
f 12150/2120/2821 12151/2121/2821 12147/2118/2821
f 12150/2120/2821 12147/2118/2821 12141/2116/2821
f 12150/2120/2821 12141/2116/2821 12135/2111/2821
f 12159/2122/2821 12160/2123/2821 12150/2120/2821
f 12162/2124/2821 12163/2125/2821 12159/2122/2821
f 12162/2124/2821 12159/2122/2821 12150/2120/2821
f 12164/2126/2821 12161/2127/2821 12162/2124/2821
f 12158/2128/2821 12157/2129/2821 12164/2126/2821
f 12158/2128/2821 12164/2126/2821 12162/2124/2821
f 12158/2128/2821 12162/2124/2821 12150/2120/2821
f 12156/2130/2821 12155/2131/2821 12158/2128/2821
f 12154/2132/2821 12153/2133/2821 12156/2130/2821
f 12154/2132/2821 12156/2130/2821 12158/2128/2821
f 12152/2134/2821 12149/2135/2821 12154/2132/2821
f 12146/2136/2821 12145/2137/2821 12152/2134/2821
f 12146/2136/2821 12152/2134/2821 12154/2132/2821
f 12146/2136/2821 12154/2132/2821 12158/2128/2821
f 12146/2136/2821 12158/2128/2821 12150/2120/2821
f 12146/2136/2821 12150/2120/2821 12135/2111/2821
f 12144/2138/2821 12143/2139/2821 12146/2136/2821
f 12144/2138/2821 12146/2136/2821 12135/2111/2821
f 12144/2138/2821 12135/2111/2821 12137/2113/2821
f 12144/2138/2821 12137/2113/2821 12140/2140/2821
o cervena_vloz_l
v -0.161960 3.243711 0.107954
v -0.157348 3.257905 0.107954
v -0.155787 3.272748 0.107954
v -0.179409 3.219695 0.107954
v -0.169422 3.230786 0.107954
v -0.157348 3.287591 0.107954
v -0.205117 3.204852 0.107954
v -0.191483 3.210922 0.107954
v -0.169422 3.314710 0.107954
v -0.161960 3.301785 0.107954
v -0.191483 3.334573 0.107954
v -0.179409 3.325801 0.107954
v -0.234640 3.201749 0.107954
v -0.219715 3.201749 0.107954
v -0.219715 3.343747 0.107954
v -0.262872 3.210922 0.107954
v -0.249238 3.204852 0.107954
v -0.205117 3.340644 0.107954
v -0.249238 3.340644 0.107954
v -0.234640 3.343747 0.107954
v -0.274946 3.325801 0.107954
v -0.262872 3.334573 0.107954
v -0.292395 3.301785 0.107954
v -0.284933 3.314710 0.107954
v -0.284933 3.230786 0.107954
v -0.274946 3.219695 0.107954
v -0.298568 3.272748 0.107954
v -0.297007 3.257905 0.107954
v -0.292395 3.243711 0.107954
v -0.297007 3.287591 0.107954
vn -0.0000 -0.0000 1.0000
vt 0.511910 0.824246
vt 0.503984 0.848772
vt 0.501303 0.874420
vt 0.541896 0.782746
vt 0.524734 0.801911
vt 0.586076 0.757098
vt 0.562645 0.767588
vt 0.636811 0.751736
vt 0.611163 0.751736
vt 0.685330 0.767588
vt 0.661899 0.757098
vt 0.723241 0.801911
vt 0.706079 0.782746
vt 0.743991 0.848772
vt 0.736065 0.824245
vt 0.743991 0.900068
vt 0.746672 0.874420
vt 0.723241 0.946930
vt 0.736065 0.924596
vt 0.685330 0.981253
vt 0.706079 0.966095
vt 0.636812 0.997105
vt 0.661899 0.991743
vt 0.586076 0.991743
vt 0.611164 0.997105
vt 0.541896 0.966095
vt 0.562645 0.981253
vt 0.511910 0.924596
vt 0.524734 0.946930
vt 0.503984 0.900068
s 1
usemtl cocky
f 12165/2141/2822 12166/2142/2822 12167/2143/2822
f 12168/2144/2822 12169/2145/2822 12165/2141/2822
f 12171/2146/2822 12172/2147/2822 12168/2144/2822
f 12171/2146/2822 12168/2144/2822 12165/2141/2822
f 12177/2148/2822 12178/2149/2822 12171/2146/2822
f 12180/2150/2822 12181/2151/2822 12177/2148/2822
f 12180/2150/2822 12177/2148/2822 12171/2146/2822
f 12180/2150/2822 12171/2146/2822 12165/2141/2822
f 12189/2152/2822 12190/2153/2822 12180/2150/2822
f 12192/2154/2822 12193/2155/2822 12189/2152/2822
f 12192/2154/2822 12189/2152/2822 12180/2150/2822
f 12194/2156/2822 12191/2157/2822 12192/2154/2822
f 12188/2158/2822 12187/2159/2822 12194/2156/2822
f 12188/2158/2822 12194/2156/2822 12192/2154/2822
f 12188/2158/2822 12192/2154/2822 12180/2150/2822
f 12186/2160/2822 12185/2161/2822 12188/2158/2822
f 12184/2162/2822 12183/2163/2822 12186/2160/2822
f 12184/2162/2822 12186/2160/2822 12188/2158/2822
f 12182/2164/2822 12179/2165/2822 12184/2162/2822
f 12176/2166/2822 12175/2167/2822 12182/2164/2822
f 12176/2166/2822 12182/2164/2822 12184/2162/2822
f 12176/2166/2822 12184/2162/2822 12188/2158/2822
f 12176/2166/2822 12188/2158/2822 12180/2150/2822
f 12176/2166/2822 12180/2150/2822 12165/2141/2822
f 12174/2168/2822 12173/2169/2822 12176/2166/2822
f 12174/2168/2822 12176/2166/2822 12165/2141/2822
f 12174/2168/2822 12165/2141/2822 12167/2143/2822
f 12174/2168/2822 12167/2143/2822 12170/2170/2822
o bila_vloz_s
v 0.065218 3.059186 0.316074
v 0.069830 3.073379 0.316074
v 0.071390 3.088223 0.316074
v 0.047769 3.035170 0.316074
v 0.057756 3.046260 0.316074
v 0.069830 3.103066 0.316074
v 0.022061 3.020326 0.316074
v 0.035695 3.026397 0.316074
v 0.057756 3.130185 0.316074
v 0.065218 3.117260 0.316074
v 0.035695 3.150048 0.316074
v 0.047769 3.141275 0.316074
v -0.007462 3.017223 0.316074
v 0.007462 3.017223 0.316074
v 0.007462 3.159222 0.316074
v -0.035695 3.026397 0.316074
v -0.022061 3.020326 0.316074
v 0.022061 3.156119 0.316074
v -0.022061 3.156119 0.316074
v -0.007462 3.159222 0.316074
v -0.047769 3.141275 0.316074
v -0.035695 3.150048 0.316074
v -0.065218 3.117260 0.316074
v -0.057756 3.130185 0.316074
v -0.057756 3.046260 0.316074
v -0.047769 3.035170 0.316074
v -0.071390 3.088223 0.316074
v -0.069830 3.073379 0.316074
v -0.065218 3.059186 0.316074
v -0.069830 3.103066 0.316074
vn -0.0000 -0.0000 1.0000
vt 0.761781 0.824246
vt 0.753855 0.848772
vt 0.751174 0.874420
vt 0.791767 0.782746
vt 0.774605 0.801911
vt 0.835947 0.757098
vt 0.812517 0.767588
vt 0.886683 0.751736
vt 0.861035 0.751736
vt 0.935201 0.767588
vt 0.911770 0.757098
vt 0.973112 0.801911
vt 0.955950 0.782746
vt 0.993862 0.848772
vt 0.985936 0.824245
vt 0.993862 0.900068
vt 0.996543 0.874420
vt 0.973112 0.946930
vt 0.985936 0.924596
vt 0.935201 0.981253
vt 0.955950 0.966095
vt 0.886683 0.997105
vt 0.911770 0.991743
vt 0.835947 0.991743
vt 0.861035 0.997105
vt 0.791767 0.966095
vt 0.812517 0.981253
vt 0.761781 0.924596
vt 0.774605 0.946930
vt 0.753855 0.900068
s 1
usemtl cocky
f 12195/2171/2823 12196/2172/2823 12197/2173/2823
f 12198/2174/2823 12199/2175/2823 12195/2171/2823
f 12201/2176/2823 12202/2177/2823 12198/2174/2823
f 12201/2176/2823 12198/2174/2823 12195/2171/2823
f 12207/2178/2823 12208/2179/2823 12201/2176/2823
f 12210/2180/2823 12211/2181/2823 12207/2178/2823
f 12210/2180/2823 12207/2178/2823 12201/2176/2823
f 12210/2180/2823 12201/2176/2823 12195/2171/2823
f 12219/2182/2823 12220/2183/2823 12210/2180/2823
f 12222/2184/2823 12223/2185/2823 12219/2182/2823
f 12222/2184/2823 12219/2182/2823 12210/2180/2823
f 12224/2186/2823 12221/2187/2823 12222/2184/2823
f 12218/2188/2823 12217/2189/2823 12224/2186/2823
f 12218/2188/2823 12224/2186/2823 12222/2184/2823
f 12218/2188/2823 12222/2184/2823 12210/2180/2823
f 12216/2190/2823 12215/2191/2823 12218/2188/2823
f 12214/2192/2823 12213/2193/2823 12216/2190/2823
f 12214/2192/2823 12216/2190/2823 12218/2188/2823
f 12212/2194/2823 12209/2195/2823 12214/2192/2823
f 12206/2196/2823 12205/2197/2823 12212/2194/2823
f 12206/2196/2823 12212/2194/2823 12214/2192/2823
f 12206/2196/2823 12214/2192/2823 12218/2188/2823
f 12206/2196/2823 12218/2188/2823 12210/2180/2823
f 12206/2196/2823 12210/2180/2823 12195/2171/2823
f 12204/2198/2823 12203/2199/2823 12206/2196/2823
f 12204/2198/2823 12206/2196/2823 12195/2171/2823
f 12204/2198/2823 12195/2171/2823 12197/2173/2823
f 12204/2198/2823 12197/2173/2823 12200/2200/2823
o bila_vloz_r
v 0.292395 3.059186 0.107954
v 0.297007 3.073379 0.107954
v 0.298568 3.088223 0.107954
v 0.274946 3.035170 0.107954
v 0.284933 3.046260 0.107954
v 0.297007 3.103066 0.107954
v 0.249238 3.020326 0.107954
v 0.262872 3.026397 0.107954
v 0.284933 3.130185 0.107954
v 0.292395 3.117260 0.107954
v 0.262872 3.150048 0.107954
v 0.274946 3.141275 0.107954
v 0.219715 3.017223 0.107954
v 0.234640 3.017223 0.107954
v 0.234640 3.159222 0.107954
v 0.191483 3.026397 0.107954
v 0.205117 3.020326 0.107954
v 0.249238 3.156119 0.107954
v 0.205117 3.156119 0.107954
v 0.219715 3.159222 0.107954
v 0.179409 3.141275 0.107954
v 0.191483 3.150048 0.107954
v 0.161960 3.117260 0.107954
v 0.169422 3.130185 0.107954
v 0.169422 3.046260 0.107954
v 0.179409 3.035170 0.107954
v 0.155787 3.088223 0.107954
v 0.157348 3.073379 0.107954
v 0.161960 3.059186 0.107954
v 0.157348 3.103066 0.107954
vn -0.0000 -0.0000 1.0000
vt 0.761781 0.824246
vt 0.753855 0.848772
vt 0.751174 0.874420
vt 0.791767 0.782746
vt 0.774605 0.801911
vt 0.835947 0.757098
vt 0.812517 0.767588
vt 0.886683 0.751736
vt 0.861035 0.751736
vt 0.935201 0.767588
vt 0.911770 0.757098
vt 0.973112 0.801911
vt 0.955950 0.782746
vt 0.993862 0.848772
vt 0.985936 0.824245
vt 0.993862 0.900068
vt 0.996543 0.874420
vt 0.973112 0.946930
vt 0.985936 0.924596
vt 0.935201 0.981253
vt 0.955950 0.966095
vt 0.886683 0.997105
vt 0.911770 0.991743
vt 0.835947 0.991743
vt 0.861035 0.997105
vt 0.791767 0.966095
vt 0.812517 0.981253
vt 0.761781 0.924596
vt 0.774605 0.946930
vt 0.753855 0.900068
s 1
usemtl cocky
f 12225/2201/2824 12226/2202/2824 12227/2203/2824
f 12228/2204/2824 12229/2205/2824 12225/2201/2824
f 12231/2206/2824 12232/2207/2824 12228/2204/2824
f 12231/2206/2824 12228/2204/2824 12225/2201/2824
f 12237/2208/2824 12238/2209/2824 12231/2206/2824
f 12240/2210/2824 12241/2211/2824 12237/2208/2824
f 12240/2210/2824 12237/2208/2824 12231/2206/2824
f 12240/2210/2824 12231/2206/2824 12225/2201/2824
f 12249/2212/2824 12250/2213/2824 12240/2210/2824
f 12252/2214/2824 12253/2215/2824 12249/2212/2824
f 12252/2214/2824 12249/2212/2824 12240/2210/2824
f 12254/2216/2824 12251/2217/2824 12252/2214/2824
f 12248/2218/2824 12247/2219/2824 12254/2216/2824
f 12248/2218/2824 12254/2216/2824 12252/2214/2824
f 12248/2218/2824 12252/2214/2824 12240/2210/2824
f 12246/2220/2824 12245/2221/2824 12248/2218/2824
f 12244/2222/2824 12243/2223/2824 12246/2220/2824
f 12244/2222/2824 12246/2220/2824 12248/2218/2824
f 12242/2224/2824 12239/2225/2824 12244/2222/2824
f 12236/2226/2824 12235/2227/2824 12242/2224/2824
f 12236/2226/2824 12242/2224/2824 12244/2222/2824
f 12236/2226/2824 12244/2222/2824 12248/2218/2824
f 12236/2226/2824 12248/2218/2824 12240/2210/2824
f 12236/2226/2824 12240/2210/2824 12225/2201/2824
f 12234/2228/2824 12233/2229/2824 12236/2226/2824
f 12234/2228/2824 12236/2226/2824 12225/2201/2824
f 12234/2228/2824 12225/2201/2824 12227/2203/2824
f 12234/2228/2824 12227/2203/2824 12230/2230/2824
o bila_vloz_l
v -0.161960 3.059186 0.107954
v -0.157348 3.073379 0.107954
v -0.155787 3.088223 0.107954
v -0.179409 3.035170 0.107954
v -0.169422 3.046260 0.107954
v -0.157348 3.103066 0.107954
v -0.205117 3.020326 0.107954
v -0.191483 3.026397 0.107954
v -0.169422 3.130185 0.107954
v -0.161960 3.117260 0.107954
v -0.191483 3.150048 0.107954
v -0.179409 3.141275 0.107954
v -0.234640 3.017223 0.107954
v -0.219715 3.017223 0.107954
v -0.219715 3.159222 0.107954
v -0.262872 3.026397 0.107954
v -0.249238 3.020326 0.107954
v -0.205117 3.156119 0.107954
v -0.249238 3.156119 0.107954
v -0.234640 3.159222 0.107954
v -0.274946 3.141275 0.107954
v -0.262872 3.150048 0.107954
v -0.292395 3.117260 0.107954
v -0.284933 3.130185 0.107954
v -0.284933 3.046260 0.107954
v -0.274946 3.035170 0.107954
v -0.298568 3.088223 0.107954
v -0.297007 3.073379 0.107954
v -0.292395 3.059186 0.107954
v -0.297007 3.103066 0.107954
vn -0.0000 -0.0000 1.0000
vt 0.761781 0.824246
vt 0.753855 0.848772
vt 0.751174 0.874420
vt 0.791767 0.782746
vt 0.774605 0.801911
vt 0.835947 0.757098
vt 0.812517 0.767588
vt 0.886683 0.751736
vt 0.861035 0.751736
vt 0.935201 0.767588
vt 0.911770 0.757098
vt 0.973112 0.801911
vt 0.955950 0.782746
vt 0.993862 0.848772
vt 0.985936 0.824245
vt 0.993862 0.900068
vt 0.996543 0.874420
vt 0.973112 0.946930
vt 0.985936 0.924596
vt 0.935201 0.981253
vt 0.955950 0.966095
vt 0.886683 0.997105
vt 0.911770 0.991743
vt 0.835947 0.991743
vt 0.861035 0.997105
vt 0.791767 0.966095
vt 0.812517 0.981253
vt 0.761781 0.924596
vt 0.774605 0.946930
vt 0.753855 0.900068
s 1
usemtl cocky
f 12255/2231/2825 12256/2232/2825 12257/2233/2825
f 12258/2234/2825 12259/2235/2825 12255/2231/2825
f 12261/2236/2825 12262/2237/2825 12258/2234/2825
f 12261/2236/2825 12258/2234/2825 12255/2231/2825
f 12267/2238/2825 12268/2239/2825 12261/2236/2825
f 12270/2240/2825 12271/2241/2825 12267/2238/2825
f 12270/2240/2825 12267/2238/2825 12261/2236/2825
f 12270/2240/2825 12261/2236/2825 12255/2231/2825
f 12279/2242/2825 12280/2243/2825 12270/2240/2825
f 12282/2244/2825 12283/2245/2825 12279/2242/2825
f 12282/2244/2825 12279/2242/2825 12270/2240/2825
f 12284/2246/2825 12281/2247/2825 12282/2244/2825
f 12278/2248/2825 12277/2249/2825 12284/2246/2825
f 12278/2248/2825 12284/2246/2825 12282/2244/2825
f 12278/2248/2825 12282/2244/2825 12270/2240/2825
f 12276/2250/2825 12275/2251/2825 12278/2248/2825
f 12274/2252/2825 12273/2253/2825 12276/2250/2825
f 12274/2252/2825 12276/2250/2825 12278/2248/2825
f 12272/2254/2825 12269/2255/2825 12274/2252/2825
f 12266/2256/2825 12265/2257/2825 12272/2254/2825
f 12266/2256/2825 12272/2254/2825 12274/2252/2825
f 12266/2256/2825 12274/2252/2825 12278/2248/2825
f 12266/2256/2825 12278/2248/2825 12270/2240/2825
f 12266/2256/2825 12270/2240/2825 12255/2231/2825
f 12264/2258/2825 12263/2259/2825 12266/2256/2825
f 12264/2258/2825 12266/2256/2825 12255/2231/2825
f 12264/2258/2825 12255/2231/2825 12257/2233/2825
f 12264/2258/2825 12257/2233/2825 12260/2260/2825
