# Blender 4.5.8 LTS
# www.blender.org
o uchyty_se2_S
v -0.044100 5.359700 0.626301
v 0.044100 5.359700 0.626301
v 0.044100 5.197600 0.626301
v -0.044100 5.197600 0.626301
v 0.189000 5.278500 0.635101
v -0.189000 5.089700 0.635101
v -0.189000 5.278500 0.635101
v 0.189000 5.089700 0.635101
v -0.092000 6.175500 0.597601
v -0.092000 6.175500 0.547701
v 0.092000 6.175500 0.547701
v -0.092000 6.249899 0.547701
v 0.092000 6.175500 0.597601
v 0.092000 6.249899 0.547701
v -0.092000 6.249899 0.597601
v 0.092000 6.249899 0.597601
v 0.024700 6.305800 0.440101
v -0.024700 6.305800 0.440101
v 0.000000 6.305800 0.452701
v 0.024700 6.279000 0.440101
v 0.000000 6.279000 0.452701
v -0.024700 6.279000 0.440101
v -0.022300 6.305800 0.412901
v -0.096800 6.270700 0.068801
v -0.096800 6.396300 0.068801
v 0.096800 6.396300 0.068801
v 0.096800 6.270700 0.083001
v 0.096800 6.396300 0.083001
v 0.096800 6.270700 0.068801
v -0.096800 6.396300 0.083001
v -0.096800 6.270700 0.083001
v -0.046800 6.279000 0.080001
v -0.010300 6.388600 0.080001
v -0.022300 6.279000 0.412901
v 0.010300 6.388600 0.080001
v 0.022300 6.279000 0.412901
v 0.022300 6.305800 0.412901
v 0.046800 6.279000 0.080001
v -0.089400 6.356000 0.068801
v -0.088700 6.356000 -0.038599
v -0.089400 6.307900 0.068801
v -0.088700 6.307900 -0.038599
v 0.025600 6.356000 -0.086599
v 0.088700 6.356000 -0.038599
v 0.089400 6.307900 0.068801
v -0.025600 6.356000 -0.086599
v 0.089400 6.356000 0.068801
v 0.025600 6.307900 -0.086599
v 0.088700 6.307900 -0.038599
v -0.025600 6.307900 -0.086599
v 0.000000 6.232700 0.546101
v -0.009000 6.214600 0.246001
v 0.000000 6.232700 0.246001
v -0.009000 6.214600 0.546101
v 0.009000 6.214600 0.246001
v 0.009000 6.214600 0.546101
v 0.000000 6.235800 0.443301
v -0.009000 6.380300 0.425201
v 0.000000 6.380300 0.443301
v -0.009000 6.235800 0.425201
v 0.009000 6.380300 0.425201
v 0.009000 6.235800 0.425201
v -0.015400 6.237500 0.461701
v -0.015400 6.210200 0.406801
v -0.015400 6.237500 0.406801
v -0.015400 6.210200 0.461701
v 0.015400 6.210200 0.406801
v 0.015400 6.237500 0.406801
v 0.015400 6.210200 0.461701
v 0.015400 6.237500 0.461701
v -0.117100 5.556600 0.068801
v 0.117100 5.389600 0.068801
v 0.117100 5.556600 0.068801
v -0.117100 5.556600 0.083001
v 0.117100 5.556600 0.083001
v -0.117100 5.389600 0.083001
v 0.117100 5.389600 0.083001
v -0.117100 5.389600 0.068801
v -0.092000 5.522600 0.468001
v -0.092000 5.614200 0.468001
v -0.092000 5.522600 0.529201
v 0.092000 5.614200 0.468001
v 0.092000 5.522600 0.468001
v 0.092000 5.614200 0.529201
v -0.092000 5.614200 0.529201
v 0.092000 5.522600 0.529201
v -0.030300 5.526800 0.531501
v -0.030300 5.466800 0.531501
v -0.065100 5.526800 0.487101
v -0.081700 5.526800 0.414201
v -0.065100 5.466800 0.487101
v -0.112300 5.443000 0.080001
v 0.112300 5.443000 0.080001
v 0.065100 5.526800 0.487101
v 0.030300 5.526800 0.531501
v 0.030300 5.466800 0.531501
v 0.112300 5.503000 0.080001
v -0.112300 5.503000 0.080001
v 0.081700 5.526800 0.414201
v -0.081700 5.466800 0.414201
v 0.081700 5.466800 0.414201
v 0.065100 5.466800 0.487101
v -0.089400 5.544400 0.068801
v -0.088700 5.401800 -0.038599
v -0.088700 5.544400 -0.038599
v -0.025600 5.401800 -0.086599
v -0.025600 5.544400 -0.086599
v 0.025600 5.401800 -0.086599
v 0.025600 5.544400 -0.086599
v 0.088700 5.544400 -0.038599
v 0.089400 5.544400 0.068801
v 0.088700 5.401800 -0.038599
v -0.089400 5.401800 0.068801
v 0.089400 5.401800 0.068801
v -0.189000 5.089700 0.635101
v -0.189000 5.278500 0.635101
v 0.189000 5.089700 0.635101
v -0.092000 6.249899 0.597601
v -0.092000 6.249899 0.597601
v 0.092000 6.249899 0.597601
v 0.092000 6.249899 0.597601
v -0.092000 6.249899 0.547701
v -0.092000 6.249899 0.547701
v 0.000000 6.305800 0.452701
v 0.000000 6.305800 0.452701
v 0.000000 6.279000 0.452701
v 0.000000 6.279000 0.452701
v 0.024700 6.279000 0.440101
v 0.024700 6.279000 0.440101
v 0.024700 6.305800 0.440101
v 0.024700 6.305800 0.440101
v -0.024700 6.279000 0.440101
v -0.024700 6.279000 0.440101
v -0.024700 6.305800 0.440101
v -0.024700 6.305800 0.440101
v -0.022300 6.305800 0.412901
v -0.096800 6.270700 0.068801
v -0.096800 6.270700 0.068801
v -0.096800 6.396300 0.068801
v -0.096800 6.396300 0.068801
v 0.096800 6.396300 0.068801
v 0.096800 6.396300 0.068801
v 0.096800 6.396300 0.083001
v 0.096800 6.396300 0.083001
v 0.096800 6.270700 0.083001
v 0.096800 6.270700 0.083001
v 0.096800 6.270700 0.068801
v 0.096800 6.270700 0.068801
v -0.046800 6.279000 0.080001
v -0.022300 6.279000 0.412901
v 0.010300 6.388600 0.080001
v 0.022300 6.305800 0.412901
v -0.089400 6.356000 0.068801
v -0.088700 6.356000 -0.038599
v -0.088700 6.356000 -0.038599
v 0.025600 6.356000 -0.086599
v 0.025600 6.356000 -0.086599
v 0.088700 6.356000 -0.038599
v 0.088700 6.356000 -0.038599
v 0.025600 6.307900 -0.086599
v 0.025600 6.307900 -0.086599
v 0.088700 6.307900 -0.038599
v 0.088700 6.307900 -0.038599
v -0.025600 6.307900 -0.086599
v -0.025600 6.307900 -0.086599
v 0.000000 6.232700 0.546101
v 0.000000 6.232700 0.246001
v 0.000000 6.232700 0.246001
v -0.009000 6.214600 0.246001
v -0.009000 6.214600 0.246001
v -0.009000 6.214600 0.546101
v 0.009000 6.214600 0.246001
v 0.009000 6.214600 0.246001
v 0.009000 6.214600 0.546101
v 0.000000 6.235800 0.443301
v 0.000000 6.380300 0.443301
v 0.000000 6.380300 0.443301
v -0.009000 6.380300 0.425201
v -0.009000 6.380300 0.425201
v -0.009000 6.235800 0.425201
v 0.009000 6.380300 0.425201
v 0.009000 6.380300 0.425201
v 0.009000 6.235800 0.425201
v -0.015400 6.237500 0.461701
v -0.015400 6.237500 0.461701
v -0.015400 6.237500 0.406801
v -0.015400 6.237500 0.406801
v -0.015400 6.210200 0.406801
v -0.015400 6.210200 0.406801
v -0.015400 6.210200 0.461701
v -0.015400 6.210200 0.461701
v 0.015400 6.237500 0.406801
v 0.015400 6.237500 0.406801
v 0.015400 6.210200 0.406801
v 0.015400 6.210200 0.406801
v 0.015400 6.237500 0.461701
v 0.015400 6.237500 0.461701
v 0.015400 6.210200 0.461701
v 0.015400 6.210200 0.461701
v -0.117100 5.556600 0.083001
v -0.117100 5.556600 0.083001
v 0.117100 5.556600 0.083001
v 0.117100 5.556600 0.083001
v 0.117100 5.556600 0.068801
v 0.117100 5.556600 0.068801
v -0.117100 5.389600 0.083001
v -0.117100 5.389600 0.083001
v 0.117100 5.389600 0.083001
v 0.117100 5.389600 0.083001
v -0.117100 5.389600 0.068801
v -0.117100 5.389600 0.068801
v -0.092000 5.522600 0.468001
v -0.092000 5.522600 0.468001
v -0.092000 5.614200 0.468001
v -0.092000 5.522600 0.529201
v -0.092000 5.522600 0.529201
v 0.092000 5.614200 0.468001
v 0.092000 5.522600 0.468001
v 0.092000 5.522600 0.468001
v 0.092000 5.614200 0.529201
v 0.092000 5.522600 0.529201
v 0.092000 5.522600 0.529201
v -0.030300 5.526800 0.531501
v -0.030300 5.466800 0.531501
v -0.030300 5.466800 0.531501
v -0.065100 5.526800 0.487101
v -0.081700 5.526800 0.414201
v 0.030300 5.466800 0.531501
v 0.030300 5.466800 0.531501
v 0.030300 5.526800 0.531501
v 0.112300 5.503000 0.080001
v 0.081700 5.526800 0.414201
v 0.081700 5.466800 0.414201
v 0.065100 5.466800 0.487101
v -0.088700 5.544400 -0.038599
v -0.088700 5.544400 -0.038599
v -0.025600 5.544400 -0.086599
v -0.025600 5.544400 -0.086599
v -0.025600 5.401800 -0.086599
v -0.025600 5.401800 -0.086599
v 0.025600 5.544400 -0.086599
v 0.025600 5.544400 -0.086599
v 0.025600 5.401800 -0.086599
v 0.025600 5.401800 -0.086599
v 0.088700 5.544400 -0.038599
v 0.088700 5.544400 -0.038599
v 0.089400 5.544400 0.068801
v 0.088700 5.401800 -0.038599
v 0.088700 5.401800 -0.038599
v 0.189000 5.278500 0.635101
v -0.092000 6.175500 0.547701
v -0.092000 6.175500 0.597601
v 0.092000 6.175500 0.547701
v 0.092000 6.249899 0.547701
v 0.092000 6.249899 0.547701
v 0.092000 6.175500 0.597601
v 0.022300 6.279000 0.412901
v -0.096800 6.396300 0.083001
v -0.096800 6.396300 0.083001
v -0.096800 6.270700 0.083001
v -0.096800 6.270700 0.083001
v -0.010300 6.388600 0.080001
v 0.046800 6.279000 0.080001
v -0.088700 6.307900 -0.038599
v -0.088700 6.307900 -0.038599
v -0.089400 6.307900 0.068801
v -0.025600 6.356000 -0.086599
v -0.025600 6.356000 -0.086599
v 0.089400 6.356000 0.068801
v 0.089400 6.307900 0.068801
v -0.117100 5.556600 0.068801
v -0.117100 5.556600 0.068801
v 0.117100 5.389600 0.068801
v 0.117100 5.389600 0.068801
v -0.092000 5.614200 0.529201
v -0.065100 5.466800 0.487101
v -0.081700 5.466800 0.414201
v -0.112300 5.503000 0.080001
v -0.112300 5.443000 0.080001
v 0.112300 5.443000 0.080001
v 0.065100 5.526800 0.487101
v -0.089400 5.544400 0.068801
v -0.088700 5.401800 -0.038599
v -0.088700 5.401800 -0.038599
v -0.089400 5.401800 0.068801
v 0.089400 5.401800 0.068801
vn -0.0000 -0.0000 1.0000
vn -0.0000 -0.0000 -1.0000
vn 1.0000 -0.0000 -0.0000
vn -0.0000 1.0000 -0.0000
vn 0.9961 -0.0000 -0.0879
vn -0.9961 -0.0000 -0.0879
vn -0.4544 -0.0000 0.8908
vn -0.0000 0.9931 0.1169
vn -0.0000 -1.0000 -0.0000
vn -0.0000 0.9704 0.2414
vn 0.8954 0.4452 -0.0000
vn 0.8954 -0.0000 0.4452
vn -1.0000 -0.0000 -0.0000
vn -0.0000 0.9992 -0.0393
vn -0.0000 -0.9975 0.0710
vn 0.7871 -0.0000 0.6169
vn 0.9958 -0.0000 0.0912
vn -0.9958 -0.0000 0.0912
vn -0.9878 -0.0000 0.1555
vn 0.9878 -0.0000 0.1555
vn -1.0000 -0.0000 -0.0065
vn 1.0000 -0.0000 -0.0065
vn 0.4544 -0.0000 0.8908
vn -0.9995 0.0319 -0.0040
vn -0.9528 0.3001 0.0460
vn -1.0000 -0.0000 -0.0073
vn 0.9523 0.2985 0.0640
vn 0.9982 -0.0000 -0.0601
vn -0.6054 -0.0000 -0.7959
vn 0.6054 -0.0000 -0.7959
vn -0.8954 0.4452 -0.0000
vn -0.8954 -0.0000 0.4452
vn -0.7871 -0.0000 0.6169
vn -0.9029 -0.0000 0.4299
vn -0.9874 -0.0000 0.1585
vn -0.0000 0.9975 -0.0710
vn 0.9874 -0.0000 0.1585
vn -0.0000 -0.9992 0.0393
vn 0.9029 -0.0000 0.4299
vn 0.9981 0.0337 -0.0509
vn -0.9478 0.3157 0.0443
vn 0.9465 0.3152 0.0697
vt 0.930000 0.992000
vt 0.877000 0.992000
vt 0.877000 0.939000
vt 0.930000 0.939000
vt 0.592000 0.927000
vt 0.661000 0.857000
vt 0.661000 0.927000
vt 0.592000 0.857000
vt 0.581000 0.372000
vt 0.504000 0.324000
vt 0.504000 0.372000
vt 0.581000 0.324000
vt 0.363000 0.185000
vt 0.350000 0.185000
vt 0.350000 0.169000
vt 0.363000 0.169000
vt 0.676000 0.819000
vt 0.742000 0.819000
vt 0.742000 0.799000
vt 0.676000 0.799000
vt 0.705000 0.977000
vt 0.721000 0.977000
vt 0.760000 0.753000
vt 0.660000 0.753000
vt 0.660000 0.725000
vt 0.760000 0.725000
vt 0.226000 0.223000
vt 0.221000 0.195000
vt 0.221000 0.223000
vt 0.227000 0.195000
vt 0.760000 0.822000
vt 0.660000 0.794000
vt 0.660000 0.822000
vt 0.760000 0.794000
vt 0.705000 0.873000
vt 0.722000 0.875000
vt 0.722000 0.873000
vt 0.704000 0.875000
vt 0.335000 0.197000
vt 0.226000 0.191000
vt 0.335000 0.192000
vt 0.221000 0.220000
vt 0.195000 0.200000
vt 0.195000 0.220000
vt 0.221000 0.200000
vt 0.678000 0.751000
vt 0.698000 0.727000
vt 0.698000 0.751000
vt 0.678000 0.727000
vt 0.722000 0.727000
vt 0.722000 0.751000
vt 0.743000 0.727000
vt 0.743000 0.751000
vt 0.711000 0.856000
vt 0.720000 0.865000
vt 0.715000 0.856000
vt 0.706000 0.865000
vt 0.720000 0.873000
vt 0.706000 0.873000
vt 0.349000 0.180000
vt 0.270000 0.173000
vt 0.270000 0.178000
vt 0.349000 0.174000
vt 0.327000 0.179000
vt 0.323000 0.215000
vt 0.327000 0.215000
vt 0.323000 0.179000
vt 0.332000 0.180000
vt 0.315000 0.172000
vt 0.315000 0.180000
vt 0.332000 0.172000
vt 0.759000 0.852000
vt 0.659000 0.852000
vt 0.659000 0.762000
vt 0.759000 0.762000
vt 0.227000 0.165000
vt 0.221000 0.102000
vt 0.221000 0.165000
vt 0.227000 0.102000
vt 0.759000 0.829000
vt 0.663000 0.784000
vt 0.663000 0.829000
vt 0.759000 0.784000
vt 0.672000 0.873000
vt 0.750000 0.876000
vt 0.750000 0.873000
vt 0.672000 0.876000
vt 0.353000 0.167000
vt 0.329000 0.136000
vt 0.329000 0.167000
vt 0.353000 0.136000
vt 0.723000 0.993000
vt 0.743000 0.980000
vt 0.721000 0.996000
vt 0.341000 0.138000
vt 0.325000 0.121000
vt 0.325000 0.137000
vt 0.341000 0.122000
vt 0.226000 0.118000
vt 0.226000 0.134000
vt 0.354000 0.122000
vt 0.354000 0.138000
vt 0.700000 0.993000
vt 0.701000 0.996000
vt 0.669000 0.875000
vt 0.747000 0.966000
vt 0.753000 0.875000
vt 0.675000 0.966000
vt 0.680000 0.980000
vt 0.221000 0.161000
vt 0.195000 0.106000
vt 0.195000 0.161000
vt 0.221000 0.106000
vt 0.677000 0.845000
vt 0.697000 0.770000
vt 0.697000 0.845000
vt 0.677000 0.770000
vt 0.722000 0.770000
vt 0.722000 0.845000
vt 0.742000 0.770000
vt 0.742000 0.845000
vt 0.702000 0.856000
vt 0.744000 0.865000
vt 0.721000 0.856000
vt 0.678000 0.865000
vt 0.744000 0.873000
vt 0.678000 0.873000
s 1
f 1/1/1 3/3/1 2/2/1
f 1/1/1 4/4/1 3/3/1
f 116/5/2 250/7/2 117/6/2
f 117/6/2 115/8/2 116/5/2
f 5/9/1 7/11/1 6/10/1
f 6/10/1 8/12/1 5/9/1
f 252/13/13 122/15/13 251/14/13
f 122/15/13 252/13/13 119/16/13
f 10/17/2 254/19/2 253/18/2
f 254/19/2 10/17/2 123/20/2
f 11/14/3 121/16/3 256/13/3
f 121/16/3 11/14/3 255/15/3
f 13/18/1 118/20/1 9/17/1
f 118/20/1 13/18/1 120/19/1
f 14/19/4 15/20/4 16/19/4
f 15/20/4 14/19/4 12/20/4
f 130/21/4 134/22/4 125/22/4
f 124/21/23 126/21/23 128/21/23
f 128/21/23 131/21/23 124/21/23
f 132/22/9 129/21/9 127/21/9
f 21/22/7 19/22/7 135/22/7
f 135/22/7 133/22/7 21/22/7
f 22/22/6 18/22/6 136/22/24
f 136/22/24 150/22/26 22/22/6
f 17/21/5 20/21/5 257/21/40
f 257/21/40 152/21/28 17/21/5
f 134/22/4 130/21/4 37/21/8
f 37/21/8 23/22/8 134/22/4
f 129/21/9 132/22/9 34/22/9
f 34/22/9 36/21/9 129/21/9
f 142/23/2 137/25/2 139/24/2
f 142/23/2 148/26/2 137/25/2
f 258/27/13 140/29/13 138/28/13
f 138/28/13 260/30/13 258/27/13
f 141/29/3 143/27/3 145/30/3
f 145/30/3 147/28/3 141/29/3
f 144/31/1 259/33/1 261/32/1
f 261/32/1 146/34/1 144/31/1
f 26/35/4 25/37/4 30/36/4
f 30/36/4 28/38/4 26/35/4
f 29/35/9 27/38/9 31/36/9
f 31/36/9 24/37/9 29/35/9
f 136/39/24 262/27/41 149/40/25
f 149/40/25 150/41/26 136/39/24
f 151/27/27 152/39/28 257/41/40
f 257/41/40 263/40/42 151/27/27
f 35/38/10 33/36/10 23/22/8
f 23/22/8 37/21/8 35/38/10
f 38/38/9 36/21/9 34/22/9
f 34/22/9 32/36/9 38/38/9
f 153/42/21 154/44/21 264/43/21
f 264/43/21 266/45/21 153/42/21
f 155/46/29 267/48/29 165/47/29
f 165/47/29 265/49/29 155/46/29
f 268/48/2 157/51/2 161/50/2
f 161/50/2 164/47/2 268/48/2
f 156/51/30 158/53/30 162/52/30
f 162/52/30 160/50/30 156/51/30
f 159/44/22 269/42/22 270/45/22
f 270/45/22 163/43/22 159/44/22
f 43/54/4 46/56/4 40/55/4
f 40/55/4 44/57/4 43/54/4
f 44/57/4 40/55/4 39/58/4
f 39/58/4 47/59/4 44/57/4
f 48/54/9 49/57/9 42/55/9
f 42/55/9 50/56/9 48/54/9
f 49/57/9 45/59/9 41/58/9
f 41/58/9 42/55/9 49/57/9
f 166/60/31 167/62/31 169/61/31
f 169/61/31 171/63/31 166/60/31
f 172/61/2 170/61/2 168/62/2
f 53/62/11 51/60/11 174/63/11
f 174/63/11 173/61/11 53/62/11
f 55/61/9 56/63/9 54/63/9
f 54/63/9 52/61/9 55/61/9
f 175/64/32 176/66/32 178/65/32
f 178/65/32 180/67/32 175/64/32
f 181/65/4 179/65/4 177/66/4
f 59/66/12 57/64/12 183/67/12
f 183/67/12 182/65/12 59/66/12
f 61/65/2 62/67/2 60/67/2
f 60/67/2 58/65/2 61/65/2
f 184/68/13 186/70/13 188/69/13
f 188/69/13 190/71/13 184/68/13
f 187/70/2 192/70/2 194/69/2
f 194/69/2 189/69/2 187/70/2
f 193/70/3 196/68/3 198/71/3
f 198/71/3 195/69/3 193/70/3
f 197/68/1 185/68/1 191/71/1
f 191/71/1 199/71/1 197/68/1
f 68/70/4 65/70/4 63/68/4
f 63/68/4 70/68/4 68/70/4
f 67/69/9 69/71/9 66/71/9
f 66/71/9 64/69/9 67/69/9
f 73/72/2 211/74/2 271/73/2
f 73/72/2 273/75/2 211/74/2
f 74/76/13 272/78/13 210/77/13
f 210/77/13 207/79/13 74/76/13
f 205/78/3 203/76/3 209/79/3
f 209/79/3 274/77/3 205/78/3
f 202/80/1 201/82/1 206/81/1
f 206/81/1 208/83/1 202/80/1
f 204/84/4 71/86/4 200/85/4
f 200/85/4 75/87/4 204/84/4
f 72/84/9 77/87/9 76/85/9
f 76/85/9 78/86/9 72/84/9
f 85/88/13 214/90/13 212/89/13
f 212/89/13 215/91/13 85/88/13
f 80/17/2 217/18/2 218/19/2
f 218/19/2 213/20/2 80/17/2
f 82/90/3 84/88/3 221/91/3
f 221/91/3 219/89/3 82/90/3
f 220/18/1 275/17/1 216/20/1
f 216/20/1 222/19/1 220/18/1
f 83/19/9 86/19/9 81/20/9
f 81/20/9 79/20/9 83/19/9
f 223/92/33 226/93/34 276/93/34
f 276/93/34 224/94/33 223/92/33
f 226/95/34 227/97/35 100/96/19
f 100/96/19 276/98/34 226/95/34
f 227/97/35 98/100/18 279/99/18
f 279/99/18 100/96/19 227/97/35
f 97/100/17 232/97/37 101/96/20
f 101/96/20 280/99/17 97/100/17
f 232/97/37 281/95/39 234/98/39
f 234/98/39 101/96/20 232/97/37
f 281/95/39 95/102/16 229/101/16
f 229/101/16 234/98/39 281/95/39
f 230/103/1 87/92/1 225/94/1
f 225/94/1 228/104/1 230/103/1
f 231/105/36 278/107/36 90/106/14
f 90/106/14 99/108/14 231/105/36
f 99/108/14 90/106/14 89/93/4
f 89/93/4 94/109/4 99/108/14
f 93/105/15 233/108/38 277/106/38
f 277/106/38 92/107/15 93/105/15
f 233/108/38 102/109/9 91/93/9
f 91/93/9 277/106/38 233/108/38
f 102/109/9 96/104/9 88/94/9
f 88/94/9 91/93/9 102/109/9
f 282/110/21 236/112/21 283/111/21
f 283/111/21 113/113/21 282/110/21
f 235/114/29 237/116/29 239/115/29
f 239/115/29 284/117/29 235/114/29
f 238/116/2 241/119/2 243/118/2
f 243/118/2 240/115/2 238/116/2
f 242/119/30 246/121/30 248/120/30
f 248/120/30 244/118/30 242/119/30
f 245/112/22 247/110/22 114/113/22
f 114/113/22 249/111/22 245/112/22
f 109/122/4 107/124/4 105/123/4
f 105/123/4 110/125/4 109/122/4
f 110/125/4 105/123/4 103/126/4
f 103/126/4 111/127/4 110/125/4
f 108/122/9 112/125/9 104/123/9
f 104/123/9 106/124/9 108/122/9
f 112/125/9 286/127/9 285/126/9
f 285/126/9 104/123/9 112/125/9
o stit_se2_S
v -0.180600 5.711700 1.385001
v -0.179500 5.671000 1.371001
v -0.148000 5.716900 0.632001
v -0.148000 5.744100 0.632001
v 0.178500 5.642000 1.340901
v 0.179900 5.671000 1.371001
v 0.148000 5.744100 0.632001
v 0.148000 5.716900 0.632001
v -0.178500 5.642000 1.340901
v -0.175000 5.619000 1.292001
v 0.171800 5.619000 1.225001
v 0.174500 5.619000 1.292001
v 0.056600 5.880900 0.632101
v -0.000000 5.892400 1.390001
v 0.069100 5.878600 1.390001
v -0.000000 5.892200 0.632001
v 0.104700 5.848800 0.632101
v 0.127700 5.839400 1.390001
v 0.136800 5.800800 0.632101
v 0.166900 5.780800 1.390001
v 0.180600 5.711700 1.385001
v -0.171800 5.619000 1.225001
v -0.136800 5.800800 0.632101
v -0.166900 5.780800 1.390001
v -0.104700 5.848800 0.632101
v -0.127700 5.839400 1.390001
v -0.056600 5.880900 0.632101
v -0.069100 5.878600 1.390001
v -0.180600 6.011700 1.385001
v -0.179500 5.971000 1.371001
v -0.148000 6.016900 0.632001
v -0.148000 6.044100 0.632001
v 0.178500 5.942000 1.340901
v 0.179900 5.971100 1.371001
v 0.148000 6.044100 0.632001
v 0.148000 6.016900 0.632001
v -0.178500 5.942000 1.340901
v -0.175000 5.919000 1.292001
v 0.171800 5.919000 1.225001
v 0.174500 5.919000 1.292001
v 0.056600 6.180800 0.632101
v -0.000000 6.192300 1.390001
v 0.069100 6.178500 1.390001
v -0.000000 6.192100 0.632001
v 0.104700 6.148700 0.632101
v 0.127700 6.139300 1.390001
v 0.136800 6.100700 0.632101
v 0.166900 6.080700 1.390001
v 0.180600 6.011700 1.385001
v -0.171800 5.919000 1.225001
v -0.136800 6.100700 0.632101
v -0.166900 6.080700 1.390001
v -0.104700 6.148700 0.632101
v -0.127700 6.139300 1.390001
v -0.056600 6.180800 0.632101
v -0.069100 6.178500 1.390001
v -0.160000 5.916200 0.548201
v -0.160000 5.871900 0.548201
v -0.249700 5.871900 0.631001
v -0.249700 5.916200 0.631001
v -0.285000 5.871900 0.631001
v -0.285000 5.916200 0.631001
v -0.160000 5.871900 0.508101
v -0.160000 5.916200 0.508101
v 0.160000 5.916200 0.548201
v 0.249700 5.871900 0.631001
v 0.160000 5.871900 0.548201
v 0.249700 5.916200 0.631001
v 0.285000 5.871900 0.631001
v 0.285000 5.916200 0.631001
v 0.160000 5.871900 0.508101
v 0.160000 5.916200 0.508101
v 0.164300 6.063800 1.013501
v 0.164300 6.044400 1.024001
v 0.166300 6.059600 1.063101
v 0.166300 6.079100 1.052601
v 0.300000 5.882200 0.633001
v 0.300000 5.905900 0.633001
v 0.164300 5.749700 1.013501
v 0.250200 5.882500 0.633101
v 0.250200 5.906200 0.633101
v 0.164300 5.769200 1.024001
v 0.166300 5.753900 1.063101
v 0.166300 5.734500 1.052601
v -0.164300 6.063800 1.013501
v -0.250200 5.906200 0.633101
v -0.164300 6.044400 1.024001
v -0.166300 6.059600 1.063101
v -0.166300 6.079100 1.052601
v -0.300000 5.882200 0.633001
v -0.300000 5.905900 0.633001
v -0.164300 5.749700 1.013501
v -0.250200 5.882500 0.633101
v -0.164300 5.769200 1.024001
v -0.166300 5.753900 1.063101
v -0.166300 5.734500 1.052601
v -0.000000 6.483000 0.632001
v -0.175700 6.444000 0.632101
v 0.393700 6.165700 0.632001
v 0.316500 6.328500 0.632001
v 0.175600 6.441800 0.632001
v 0.395800 5.617400 0.632001
v -0.000000 5.305000 0.632001
v -0.175600 5.346200 0.632101
v -0.316500 5.459400 0.632101
v -0.393700 5.622300 0.632101
v 0.316600 5.455500 0.632001
v 0.175700 5.344000 0.632001
v -0.395800 6.170600 0.632101
v -0.316600 6.332500 0.632101
v 0.157600 6.067900 0.632001
v 0.157600 5.720000 0.632001
v 0.157600 6.067900 0.420001
v 0.113500 6.067900 0.390001
v 0.113500 5.720000 0.390001
v 0.157600 5.720000 0.420001
v -0.000000 6.067900 0.368001
v -0.000000 5.720000 0.368001
v -0.113500 6.067900 0.390001
v -0.113500 5.720000 0.390001
v -0.157600 6.067900 0.420001
v -0.157600 6.067900 0.632001
v -0.157600 5.720000 0.632001
v -0.157600 5.720000 0.420001
v -0.115400 6.162500 0.420001
v -0.115400 6.162500 0.632001
v -0.042200 6.201900 0.632001
v -0.042200 6.201900 0.420001
v 0.042200 6.201900 0.632001
v 0.115400 6.162500 0.632001
v -0.083000 6.132300 0.390001
v -0.030400 6.160700 0.390001
v 0.030400 6.160700 0.390001
v 0.042200 6.201900 0.420001
v 0.083000 6.132300 0.390001
v 0.115400 6.162500 0.420001
v 0.115400 5.625500 0.632001
v 0.042200 5.586100 0.632001
v 0.042200 5.586100 0.420001
v -0.042200 5.586100 0.632001
v -0.115400 5.625500 0.420001
v -0.115400 5.625500 0.632001
v 0.030400 5.627300 0.390001
v 0.115400 5.625500 0.420001
v 0.083000 5.655700 0.390001
v -0.030400 5.627300 0.390001
v -0.042200 5.586100 0.420001
v -0.083000 5.655700 0.390001
v -0.180600 5.711700 1.385001
v -0.180600 5.711700 1.385001
v -0.180600 5.711700 1.385001
v -0.179500 5.671000 1.371001
v -0.148000 5.744100 0.632001
v -0.148000 5.744100 0.632001
v -0.148000 5.744100 0.632001
v 0.178500 5.642000 1.340901
v 0.178500 5.642000 1.340901
v 0.179900 5.671000 1.371001
v 0.148000 5.716900 0.632001
v 0.148000 5.716900 0.632001
v -0.148000 5.716900 0.632001
v -0.148000 5.716900 0.632001
v -0.148000 5.716900 0.632001
v -0.178500 5.642000 1.340901
v -0.178500 5.642000 1.340901
v -0.175000 5.619000 1.292001
v 0.056600 5.880900 0.632101
v 0.056600 5.880900 0.632101
v 0.056600 5.880900 0.632101
v 0.069100 5.878600 1.390001
v 0.069100 5.878600 1.390001
v 0.069100 5.878600 1.390001
v -0.000000 5.892400 1.390001
v -0.000000 5.892400 1.390001
v -0.000000 5.892400 1.390001
v -0.000000 5.892200 0.632001
v -0.000000 5.892200 0.632001
v -0.000000 5.892200 0.632001
v 0.104700 5.848800 0.632101
v 0.104700 5.848800 0.632101
v 0.104700 5.848800 0.632101
v 0.127700 5.839400 1.390001
v 0.127700 5.839400 1.390001
v 0.127700 5.839400 1.390001
v 0.136800 5.800800 0.632101
v 0.136800 5.800800 0.632101
v 0.136800 5.800800 0.632101
v 0.166900 5.780800 1.390001
v 0.166900 5.780800 1.390001
v 0.166900 5.780800 1.390001
v 0.148000 5.744100 0.632001
v 0.148000 5.744100 0.632001
v 0.148000 5.744100 0.632001
v 0.180600 5.711700 1.385001
v 0.180600 5.711700 1.385001
v 0.180600 5.711700 1.385001
v -0.136800 5.800800 0.632101
v -0.136800 5.800800 0.632101
v -0.136800 5.800800 0.632101
v -0.166900 5.780800 1.390001
v -0.166900 5.780800 1.390001
v -0.166900 5.780800 1.390001
v -0.104700 5.848800 0.632101
v -0.104700 5.848800 0.632101
v -0.104700 5.848800 0.632101
v -0.127700 5.839400 1.390001
v -0.127700 5.839400 1.390001
v -0.127700 5.839400 1.390001
v -0.056600 5.880900 0.632101
v -0.056600 5.880900 0.632101
v -0.056600 5.880900 0.632101
v -0.069100 5.878600 1.390001
v -0.069100 5.878600 1.390001
v -0.069100 5.878600 1.390001
v -0.180600 6.011700 1.385001
v -0.180600 6.011700 1.385001
v -0.180600 6.011700 1.385001
v -0.179500 5.971000 1.371001
v -0.148000 6.044100 0.632001
v -0.148000 6.044100 0.632001
v -0.148000 6.044100 0.632001
v 0.178500 5.942000 1.340901
v 0.178500 5.942000 1.340901
v 0.179900 5.971100 1.371001
v 0.148000 6.016900 0.632001
v 0.148000 6.016900 0.632001
v 0.148000 6.016900 0.632001
v -0.148000 6.016900 0.632001
v -0.148000 6.016900 0.632001
v -0.178500 5.942000 1.340901
v -0.178500 5.942000 1.340901
v 0.174500 5.919000 1.292001
v 0.056600 6.180800 0.632101
v 0.056600 6.180800 0.632101
v 0.056600 6.180800 0.632101
v 0.069100 6.178500 1.390001
v 0.069100 6.178500 1.390001
v 0.069100 6.178500 1.390001
v -0.000000 6.192300 1.390001
v -0.000000 6.192300 1.390001
v -0.000000 6.192300 1.390001
v -0.000000 6.192100 0.632001
v -0.000000 6.192100 0.632001
v -0.000000 6.192100 0.632001
v 0.104700 6.148700 0.632101
v 0.104700 6.148700 0.632101
v 0.104700 6.148700 0.632101
v 0.127700 6.139300 1.390001
v 0.127700 6.139300 1.390001
v 0.127700 6.139300 1.390001
v 0.136800 6.100700 0.632101
v 0.136800 6.100700 0.632101
v 0.136800 6.100700 0.632101
v 0.166900 6.080700 1.390001
v 0.166900 6.080700 1.390001
v 0.166900 6.080700 1.390001
v 0.148000 6.044100 0.632001
v 0.148000 6.044100 0.632001
v 0.148000 6.044100 0.632001
v 0.180600 6.011700 1.385001
v 0.180600 6.011700 1.385001
v 0.180600 6.011700 1.385001
v -0.136800 6.100700 0.632101
v -0.136800 6.100700 0.632101
v -0.136800 6.100700 0.632101
v -0.166900 6.080700 1.390001
v -0.166900 6.080700 1.390001
v -0.166900 6.080700 1.390001
v -0.104700 6.148700 0.632101
v -0.104700 6.148700 0.632101
v -0.104700 6.148700 0.632101
v -0.127700 6.139300 1.390001
v -0.127700 6.139300 1.390001
v -0.127700 6.139300 1.390001
v -0.056600 6.180800 0.632101
v -0.056600 6.180800 0.632101
v -0.056600 6.180800 0.632101
v -0.069100 6.178500 1.390001
v -0.069100 6.178500 1.390001
v -0.069100 6.178500 1.390001
v -0.160000 5.916200 0.548201
v -0.160000 5.916200 0.548201
v -0.160000 5.871900 0.548201
v -0.160000 5.871900 0.548201
v -0.249700 5.871900 0.631001
v -0.249700 5.871900 0.631001
v -0.249700 5.916200 0.631001
v -0.249700 5.916200 0.631001
v 0.160000 5.916200 0.548201
v 0.160000 5.916200 0.548201
v 0.160000 5.871900 0.548201
v 0.160000 5.871900 0.548201
v 0.249700 5.871900 0.631001
v 0.249700 5.871900 0.631001
v 0.249700 5.916200 0.631001
v 0.249700 5.916200 0.631001
v 0.164300 6.063800 1.013501
v 0.164300 6.044400 1.024001
v 0.250200 5.882500 0.633101
v 0.250200 5.882500 0.633101
v 0.250200 5.906200 0.633101
v 0.250200 5.906200 0.633101
v 0.164300 5.749700 1.013501
v 0.164300 5.769200 1.024001
v -0.164300 6.063800 1.013501
v -0.164300 6.044400 1.024001
v -0.164300 5.749700 1.013501
v -0.164300 5.769200 1.024001
v 0.157600 6.067900 0.420001
v 0.157600 5.720000 0.420001
v -0.157600 6.067900 0.420001
v -0.157600 5.720000 0.420001
v -0.115400 6.162500 0.420001
v -0.115400 6.162500 0.420001
v -0.115400 6.162500 0.632001
v 0.042200 6.201900 0.420001
v 0.115400 6.162500 0.420001
v 0.115400 6.162500 0.420001
v -0.115400 5.625500 0.420001
v -0.115400 5.625500 0.420001
v -0.115400 5.625500 0.632001
v 0.115400 5.625500 0.420001
v 0.115400 5.625500 0.420001
v -0.250200 5.906200 0.633101
v -0.250200 5.906200 0.633101
v -0.250200 5.882500 0.633101
v -0.250200 5.882500 0.633101
v -0.042200 6.201900 0.420001
v 0.115400 6.162500 0.632001
v 0.042200 5.586100 0.420001
v 0.115400 5.625500 0.632001
v -0.042200 5.586100 0.420001
vn -0.9799 0.1967 -0.0340
vn 0.9991 0.0052 0.0431
vn 0.9978 0.0461 0.0477
vn -0.9991 -0.0000 -0.0433
vn -0.9991 0.0033 0.0433
vn -0.9991 0.0026 0.0433
vn 0.9805 0.1937 -0.0341
vn 0.9977 -0.0486 -0.0473
vn -0.9991 0.0092 -0.0420
vn 0.9992 -0.0010 -0.0403
vn 0.9968 -0.0635 -0.0494
vn 0.1958 0.9807 -0.0003
vn 0.1959 0.9806 -0.0003
vn 0.5560 0.8312 -0.0066
vn -0.1958 0.9806 -0.0003
vn 0.5551 0.8318 -0.0065
vn 0.8310 0.5559 -0.0183
vn 0.8311 0.5558 -0.0183
vn 0.9799 0.1967 -0.0337
vn 0.9991 -0.0023 -0.0434
vn -0.9805 0.1937 -0.0338
vn -0.8310 0.5559 -0.0183
vn -0.8311 0.5558 -0.0183
vn -0.5560 0.8312 -0.0066
vn -0.5551 0.8318 -0.0066
vn -0.9798 0.1970 -0.0339
vn 0.9977 0.0485 0.0480
vn -0.9991 0.0032 0.0433
vn 0.9804 0.1941 -0.0341
vn -0.9965 0.0671 0.0500
vn 0.9976 0.0493 0.0481
vn 0.1958 0.9806 -0.0003
vn 0.9798 0.1970 -0.0337
vn -0.9804 0.1941 -0.0338
vn -1.0000 -0.0000 -0.0000
vn -0.6783 -0.0000 -0.7348
vn -0.0000 -0.0000 -1.0000
vn 1.0000 -0.0000 -0.0000
vn 0.6783 -0.0000 -0.7348
vn 0.9989 -0.0228 -0.0422
vn 0.9988 -0.0228 -0.0422
vn 0.9988 -0.0227 -0.0422
vn 0.0020 -0.0000 1.0000
vn 0.9988 0.0227 -0.0422
vn -0.9758 -0.0041 -0.2184
vn -0.9754 -0.0000 -0.2203
vn 0.9988 0.0228 -0.0422
vn 0.9989 0.0228 -0.0422
vn -0.9989 -0.0228 -0.0422
vn 0.9758 0.0041 -0.2187
vn -0.9988 -0.0228 -0.0422
vn -0.9988 -0.0227 -0.0422
vn -0.0020 -0.0000 1.0000
vn -0.9988 0.0227 -0.0422
vn -0.9988 0.0228 -0.0422
vn -0.9989 0.0228 -0.0422
vn -0.0002 -0.0000 -1.0000
vn -0.0008 0.0010 -1.0000
vn -0.0001 -0.0000 -1.0000
vn -0.0008 -0.0010 -1.0000
vn -0.0004 -0.0003 -1.0000
vn -0.0004 0.0003 -1.0000
vn 0.9781 0.2083 -0.0000
vn 0.9780 -0.2085 -0.0000
vn 0.4031 0.0950 -0.9102
vn 0.4049 -0.0993 -0.9090
vn 0.5563 -0.1101 -0.8237
vn -0.0000 0.0797 -0.9968
vn -0.0000 -0.0799 -0.9968
vn -0.4049 0.0991 -0.9090
vn -0.4031 -0.0951 -0.9102
vn -0.5563 0.1100 -0.8237
vn -0.9781 0.2083 -0.0000
vn -0.9780 -0.2085 -0.0000
vn -0.4111 0.3817 -0.8278
vn -0.4739 0.8806 -0.0000
vn -0.2444 0.9697 -0.0000
vn -0.1421 0.5557 -0.8191
vn 0.2444 0.9697 -0.0000
vn 0.9133 0.4074 -0.0000
vn -0.3107 0.2890 -0.9055
vn -0.1042 0.4164 -0.9032
vn 0.1044 0.4165 -0.9031
vn 0.3069 0.2905 -0.9063
vn 0.9131 -0.4078 -0.0000
vn 0.2444 -0.9697 -0.0000
vn 0.1421 -0.5557 -0.8191
vn -0.2444 -0.9697 -0.0000
vn -0.4110 -0.3861 -0.8258
vn -0.9131 -0.4078 -0.0000
vn 0.1043 -0.4165 -0.9031
vn 0.4740 -0.8805 -0.0000
vn 0.3107 -0.2891 -0.9055
vn -0.1044 -0.4166 -0.9031
vn -0.3068 -0.2906 -0.9063
vn -0.9990 -0.0118 -0.0433
vn 0.9799 -0.1966 0.0337
vn 0.9990 0.0119 0.0438
vn -0.9991 -0.0055 -0.0429
vn 0.9805 -0.1937 0.0341
vn 0.9991 0.0002 0.0430
vn -0.9804 0.1939 -0.0338
vn 0.9991 -0.0031 -0.0434
vn 0.9965 -0.0671 -0.0500
vn 0.9991 -0.0026 -0.0434
vn 0.9991 -0.0000 -0.0430
vn -0.9991 0.0002 0.0433
vn -0.9991 -0.0002 -0.0432
vn 0.9991 -0.0000 0.0430
vn -0.9976 -0.0494 -0.0481
vn 0.9991 -0.0087 0.0417
vn -0.5551 -0.8318 0.0066
vn -0.1958 -0.9806 0.0003
vn 0.5552 0.8317 -0.0065
vn -0.5560 -0.8312 0.0066
vn 0.1959 -0.9806 0.0003
vn 0.1958 -0.9807 0.0003
vn -0.8311 -0.5558 0.0183
vn -0.5551 -0.8317 0.0066
vn -0.8310 -0.5559 0.0183
vn -0.9805 -0.1937 0.0338
vn 0.9804 0.1939 -0.0341
vn -0.9799 -0.1966 0.0340
vn 0.9991 -0.0002 -0.0430
vn -0.9991 -0.0000 0.0433
vn -0.9804 -0.1939 0.0338
vn -0.9991 0.0022 0.0433
vn -0.9799 -0.1967 0.0340
vn 0.9799 0.1966 -0.0337
vn 0.8311 -0.5558 0.0183
vn 0.9804 -0.1939 0.0341
vn 0.8310 -0.5559 0.0183
vn 0.9799 -0.1967 0.0337
vn -0.9799 0.1966 -0.0340
vn 0.5551 -0.8318 0.0065
vn -0.5551 0.8317 -0.0066
vn 0.5560 -0.8312 0.0066
vn 0.5552 -0.8317 0.0065
vn 0.1958 -0.9806 0.0003
vn 0.9799 -0.1969 0.0337
vn 0.9804 -0.1941 0.0341
vn -0.9804 0.1942 -0.0338
vn 0.9976 0.0494 0.0481
vn -0.9804 -0.1941 0.0338
vn 0.9804 0.1942 -0.0341
vn -0.9798 -0.1969 0.0339
vn -0.9804 -0.1942 0.0338
vn -0.9798 -0.1970 0.0339
vn 0.9799 0.1968 -0.0337
vn 0.9804 -0.1942 0.0341
vn 0.9798 -0.1970 0.0337
vn -0.9798 0.1969 -0.0339
vn 0.6783 -0.0000 0.7348
vn -0.6783 -0.0000 0.7348
vn -0.9798 -0.0923 -0.1773
vn -0.9798 -0.0952 -0.1759
vn -0.9758 0.0041 -0.2187
vn -0.9787 0.0944 -0.1822
vn -0.9787 0.0974 -0.1809
vn 0.9798 -0.0923 -0.1773
vn 0.9798 -0.0952 -0.1759
vn 0.9787 0.0944 -0.1822
vn 0.9787 0.0974 -0.1809
vn 0.5592 0.1075 -0.8220
vn -0.5592 -0.1076 -0.8220
vn -0.9133 0.4074 -0.0000
vn -0.4740 0.8805 -0.0000
vn 0.1422 0.5555 -0.8192
vn 0.4111 0.3860 -0.8258
vn 0.4739 0.8806 -0.0000
vn -0.4740 -0.8805 -0.0000
vn 0.4110 -0.3817 -0.8278
vn 0.9754 -0.0000 -0.2203
vn 0.9758 -0.0041 -0.2184
vn 0.4740 0.8805 -0.0000
vn -0.1422 -0.5555 -0.8192
vt 0.587000 0.040000
vt 0.586000 0.026000
vt 0.347000 0.042000
vt 0.347000 0.050000
vt 0.578000 0.017000
vt 0.567000 0.010000
vt 0.547000 0.010000
vt 0.347000 0.091000
vt 0.588000 0.094000
vt 0.588000 0.090000
vt 0.347000 0.094000
vt 0.347000 0.081000
vt 0.588000 0.079000
vt 0.347000 0.067000
vt 0.588000 0.061000
vt 0.190000 0.097000
vt 0.190000 0.078000
vt 0.239000 0.078000
vt 0.239000 0.097000
vt 0.246000 0.078000
vt 0.246000 0.097000
vt 0.178000 0.078000
vt 0.178000 0.097000
vt 0.332000 0.096000
vt 0.262000 0.077000
vt 0.262000 0.096000
vt 0.332000 0.077000
vt 0.340000 0.077000
vt 0.340000 0.096000
vt 0.253000 0.077000
vt 0.253000 0.096000
vt 0.087000 1.000000
vt 0.049000 0.991000
vt 0.018000 0.964000
vt 0.004000 0.926000
vt 0.171000 0.924000
vt 0.155000 0.963000
vt 0.125000 0.990000
vt 0.004000 0.748000
vt 0.170000 0.747000
vt 0.086000 0.672000
vt 0.124000 0.682000
vt 0.154000 0.708000
vt 0.017000 0.709000
vt 0.048000 0.682000
vt 0.179000 0.374000
vt 0.250000 0.374000
vt 0.250000 0.277000
vt 0.179000 0.277000
vt 0.267000 0.375000
vt 0.278000 0.375000
vt 0.278000 0.268000
vt 0.267000 0.268000
vt 0.307000 0.375000
vt 0.307000 0.268000
vt 0.335000 0.375000
vt 0.335000 0.268000
vt 0.346000 0.375000
vt 0.346000 0.268000
vt 0.359000 0.381000
vt 0.430000 0.381000
vt 0.430000 0.259000
vt 0.359000 0.259000
vt 0.359000 0.405000
vt 0.430000 0.405000
vt 0.359000 0.413000
vt 0.430000 0.413000
vt 0.250000 0.408000
vt 0.179000 0.412000
vt 0.250000 0.412000
vt 0.179000 0.408000
vt 0.250000 0.394000
vt 0.179000 0.394000
vt 0.327000 0.391000
vt 0.335000 0.399000
vt 0.314000 0.399000
vt 0.317000 0.409000
vt 0.299000 0.399000
vt 0.296000 0.409000
vt 0.286000 0.391000
vt 0.278000 0.399000
vt 0.250000 0.237000
vt 0.179000 0.247000
vt 0.250000 0.247000
vt 0.179000 0.237000
vt 0.359000 0.242000
vt 0.430000 0.238000
vt 0.359000 0.238000
vt 0.430000 0.242000
vt 0.359000 0.248000
vt 0.430000 0.248000
vt 0.299000 0.245000
vt 0.278000 0.244000
vt 0.286000 0.252000
vt 0.296000 0.234000
vt 0.314000 0.245000
vt 0.317000 0.234000
vt 0.327000 0.252000
vt 0.335000 0.244000
s 1
f 435/128/138 447/130/150 438/129/141
f 437/128/140 288/129/44 440/131/143
f 442/132/145 477/131/166 444/129/147
f 446/130/149 291/132/47 292/129/48
f 451/132/152 449/130/152 452/133/152
f 297/134/52 294/130/50 298/133/53
f 454/135/155 457/137/155 459/136/155
f 454/135/155 459/136/155 462/138/155
f 458/137/74 299/135/54 464/138/74
f 458/137/74 464/138/74 300/136/55
f 466/139/161 469/140/157 456/137/157
f 466/139/161 456/137/157 453/135/154
f 470/140/56 303/139/58 455/135/156
f 470/140/56 455/135/156 301/137/56
f 472/141/160 475/142/162 468/140/162
f 472/141/160 468/140/162 465/139/160
f 476/142/59 305/141/60 467/139/60
f 476/142/59 467/139/60 304/140/59
f 479/131/168 481/128/170 474/142/165
f 479/131/168 474/142/165 471/141/163
f 482/128/171 293/131/49 473/141/164
f 482/128/171 473/141/164 306/142/61
f 446/130/149 292/129/48 480/128/169
f 446/130/149 480/128/169 478/131/167
f 442/132/145 445/130/148 477/131/166
f 444/129/147 477/131/166 307/128/62
f 298/133/53 294/130/50 443/132/146
f 289/130/45 296/133/45 308/134/45
f 440/131/143 288/129/44 450/132/153
f 440/131/143 450/132/153 448/130/151
f 435/128/138 290/131/46 447/130/150
f 438/129/141 447/130/150 295/132/51
f 484/141/173 487/142/175 436/128/139
f 436/128/139 439/131/142 484/141/173
f 488/142/176 309/141/63 441/131/144
f 488/142/176 441/131/144 287/128/43
f 490/139/172 493/140/174 486/142/174
f 490/139/172 486/142/174 483/141/172
f 494/140/64 311/139/65 485/141/65
f 494/140/64 485/141/65 310/142/64
f 496/135/180 499/137/179 492/140/179
f 496/135/180 492/140/179 489/139/177
f 500/137/66 313/135/67 491/139/178
f 500/137/66 491/139/178 312/140/66
f 463/138/159 460/136/158 498/137/181
f 463/138/159 498/137/181 495/135/159
f 461/136/57 302/138/57 497/135/57
f 461/136/57 497/135/57 314/137/57
f 501/128/138 514/130/150 504/129/141
f 506/131/143 503/128/140 316/129/44
f 508/132/145 543/131/166 510/129/147
f 512/130/149 319/132/70 320/129/48
f 317/130/69 517/132/185 324/133/73
f 325/134/52 513/130/52 518/133/52
f 520/135/155 523/137/155 525/136/155
f 520/135/155 525/136/155 528/138/155
f 524/137/74 327/135/74 530/138/74
f 524/137/74 530/138/74 328/136/55
f 532/139/161 535/140/157 522/137/157
f 532/139/161 522/137/157 519/135/154
f 536/140/56 331/139/58 521/135/156
f 536/140/56 521/135/156 329/137/56
f 538/141/160 541/142/162 534/140/162
f 538/141/160 534/140/162 531/139/160
f 542/142/59 333/141/60 533/139/60
f 542/142/59 533/139/60 332/140/59
f 545/131/189 547/128/190 540/142/188
f 545/131/189 540/142/188 537/141/186
f 548/128/191 321/131/71 539/141/187
f 548/128/191 539/141/187 334/142/75
f 512/130/149 320/129/48 546/128/169
f 512/130/149 546/128/169 544/131/167
f 508/132/145 511/130/148 543/131/166
f 510/129/147 543/131/166 335/128/62
f 326/133/72 509/132/72 322/130/72
f 317/130/69 324/133/73 336/134/45
f 506/131/143 316/129/44 516/132/153
f 506/131/143 516/132/153 515/130/151
f 501/128/138 318/131/46 514/130/150
f 504/129/141 514/130/150 323/132/51
f 550/141/192 553/142/193 502/128/182
f 550/141/192 502/128/182 505/131/183
f 554/142/194 337/141/76 507/131/184
f 554/142/194 507/131/184 315/128/68
f 556/139/172 559/140/174 552/142/174
f 556/139/172 552/142/174 549/141/172
f 560/140/64 339/139/65 551/141/65
f 560/140/64 551/141/65 338/142/64
f 562/135/180 565/137/179 558/140/179
f 562/135/180 558/140/179 555/139/177
f 566/137/66 341/135/67 557/139/178
f 566/137/66 557/139/178 340/140/66
f 529/138/159 526/136/158 564/137/181
f 529/138/159 564/137/181 561/135/159
f 527/136/57 330/138/57 563/135/57
f 527/136/57 563/135/57 342/137/57
f 567/143/195 571/145/195 570/144/195
f 567/143/195 573/146/195 571/145/195
f 347/147/79 348/148/79 572/145/79
f 574/146/79 572/145/79 348/148/79
f 345/145/78 346/146/78 569/144/78
f 568/143/78 569/144/78 346/146/78
f 344/144/77 343/143/77 349/149/77
f 350/150/77 349/149/77 343/143/77
f 576/143/196 578/144/196 579/145/196
f 576/143/196 579/145/196 581/146/196
f 355/147/79 580/145/79 356/148/79
f 582/146/79 356/148/79 580/145/79
f 352/145/81 577/144/81 354/146/81
f 575/143/81 354/146/81 577/144/81
f 353/144/80 357/149/80 351/143/80
f 358/150/80 351/143/80 357/149/80
f 583/151/197 367/153/88 366/152/87
f 583/151/197 366/152/87 584/154/198
f 361/155/84 360/154/83 362/156/83
f 359/151/82 362/156/83 360/154/83
f 586/152/85 363/157/85 588/153/85
f 364/158/85 588/153/85 363/157/85
f 589/151/200 587/152/199 585/153/88
f 589/151/200 590/154/201 587/152/199
f 369/155/90 370/156/89 368/154/89
f 365/151/86 368/154/89 370/156/89
f 591/151/202 613/152/216 610/153/215
f 591/151/202 592/154/203 613/152/216
f 374/155/94 375/156/93 373/154/93
f 371/151/91 373/154/93 375/156/93
f 379/152/95 611/153/95 376/157/95
f 377/158/95 376/157/95 611/153/95
f 593/151/204 612/153/215 372/152/92
f 593/151/204 372/152/92 594/154/205
f 381/155/98 380/154/97 382/156/97
f 378/151/96 382/156/97 380/154/97
f 383/159/99 396/161/104 384/160/100
f 383/159/99 395/162/99 396/161/104
f 383/159/99 385/163/101 395/162/99
f 383/159/99 386/164/79 385/163/101
f 383/159/99 387/165/79 386/164/79
f 395/162/99 388/167/101 392/166/99
f 395/162/99 385/163/101 388/167/101
f 389/168/99 393/170/79 394/169/79
f 389/168/99 388/167/101 393/170/79
f 389/168/99 392/166/99 388/167/101
f 389/168/99 391/171/103 392/166/99
f 389/168/99 390/172/102 391/171/103
f 397/173/105 596/175/106 399/174/105
f 397/173/105 398/176/106 596/175/106
f 595/177/206 401/179/108 400/178/107
f 595/177/206 402/180/109 401/179/108
f 400/178/107 404/182/111 403/181/110
f 400/178/107 401/179/108 404/182/111
f 403/181/110 406/184/113 405/183/112
f 403/181/110 404/182/111 406/184/113
f 405/183/112 598/186/207 407/185/114
f 405/183/112 406/184/113 598/186/207
f 597/187/115 409/189/116 408/188/115
f 597/187/115 410/190/116 409/189/116
f 599/191/208 597/187/115 408/188/115
f 599/191/208 408/188/115 601/192/208
f 614/193/119 600/191/209 412/192/118
f 614/193/119 412/192/118 413/194/119
f 420/195/121 614/197/119 413/196/119
f 420/195/121 413/196/119 415/198/121
f 604/199/212 420/195/121 415/198/121
f 604/199/212 415/198/121 615/200/217
f 399/174/105 422/199/122 416/200/122
f 399/174/105 416/200/122 397/173/105
f 417/201/123 405/183/112 407/185/114
f 417/201/123 407/185/114 411/202/117
f 418/203/124 417/201/123 411/202/117
f 418/203/124 411/202/117 414/204/120
f 419/205/125 418/203/124 414/204/120
f 419/205/125 414/204/120 602/206/210
f 421/207/126 419/205/125 602/206/210
f 421/207/126 602/206/210 603/208/211
f 400/178/107 421/207/126 603/208/211
f 400/178/107 603/208/211 595/177/206
f 403/181/110 405/183/112 417/201/123
f 403/181/110 417/201/123 418/203/124
f 403/181/110 418/203/124 419/205/125
f 403/181/110 419/205/125 421/207/126
f 403/181/110 421/207/126 400/178/107
f 616/209/128 430/211/134 617/210/134
f 616/209/128 617/210/134 424/212/128
f 433/213/130 616/215/128 424/214/128
f 433/213/130 424/214/128 426/216/130
f 605/217/213 433/213/130 426/216/130
f 605/217/213 426/216/130 607/218/213
f 410/190/116 606/217/132 428/218/132
f 410/190/116 428/218/132 409/189/116
f 609/211/127 596/175/106 398/176/106
f 609/211/127 398/176/106 423/210/127
f 429/219/133 431/221/135 608/220/214
f 429/219/133 608/220/214 425/222/129
f 432/223/136 429/219/133 425/222/129
f 432/223/136 425/222/129 618/224/218
f 434/225/137 432/223/136 618/224/218
f 434/225/137 618/224/218 427/226/131
f 406/184/113 434/225/137 427/226/131
f 406/184/113 427/226/131 598/186/207
f 431/221/135 401/179/108 402/180/109
f 431/221/135 402/180/109 608/220/214
f 404/182/111 431/221/135 429/219/133
f 404/182/111 429/219/133 432/223/136
f 404/182/111 432/223/136 434/225/137
f 404/182/111 434/225/137 406/184/113
f 404/182/111 401/179/108 431/221/135
o skupinove_se2_S
v -0.143700 5.002000 0.393101
v -0.143700 4.714500 0.393101
v 0.143700 5.002000 0.393101
v 0.143700 4.714500 0.393101
v -0.015000 4.872700 0.391101
v -0.015000 4.842200 -0.090299
v -0.015000 4.872200 -0.090299
v -0.015000 4.842700 0.391101
v 0.015000 4.842200 -0.090299
v 0.015000 4.872200 -0.090299
v 0.015000 4.842700 0.391101
v 0.015000 4.872700 0.391101
v -0.000000 4.871500 0.000001
v 0.080200 4.871500 0.000001
v 0.061500 4.871500 0.051601
v 0.013900 4.871500 0.079001
v -0.040100 4.871500 0.069501
v -0.075400 4.871500 0.027401
v -0.075400 4.871500 -0.027399
v -0.040100 4.871500 -0.069499
v 0.013900 4.871500 -0.078999
v 0.061500 4.871500 -0.051599
v 0.061500 4.841500 0.051601
v 0.080200 4.841500 0.000001
v 0.013900 4.841500 0.079001
v -0.040100 4.841500 0.069501
v -0.075400 4.841500 0.027401
v -0.075400 4.841500 -0.027399
v -0.040100 4.841500 -0.069499
v 0.061500 4.841500 -0.051599
v 0.013900 4.841500 -0.078999
v -0.000000 4.841500 0.000001
v -0.143700 5.002000 0.393101
v -0.143700 4.714500 0.393101
v 0.143700 5.002000 0.393101
v 0.143700 4.714500 0.393101
v -0.015000 4.872700 0.391101
v -0.015000 4.872200 -0.090299
v -0.015000 4.872200 -0.090299
v -0.015000 4.842200 -0.090299
v -0.015000 4.842200 -0.090299
v -0.015000 4.842700 0.391101
v 0.015000 4.842200 -0.090299
v 0.015000 4.842200 -0.090299
v 0.015000 4.872200 -0.090299
v 0.015000 4.872200 -0.090299
v 0.080200 4.871500 0.000001
v 0.080200 4.871500 0.000001
v 0.061500 4.871500 0.051601
v 0.061500 4.871500 0.051601
v 0.013900 4.871500 0.079001
v 0.013900 4.871500 0.079001
v -0.040100 4.871500 0.069501
v -0.040100 4.871500 0.069501
v -0.075400 4.871500 0.027401
v -0.075400 4.871500 0.027401
v -0.075400 4.871500 -0.027399
v -0.075400 4.871500 -0.027399
v -0.040100 4.871500 -0.069499
v -0.040100 4.871500 -0.069499
v 0.013900 4.871500 -0.078999
v 0.013900 4.871500 -0.078999
v 0.061500 4.871500 -0.051599
v 0.061500 4.871500 -0.051599
v 0.061500 4.841500 0.051601
v 0.061500 4.841500 0.051601
v 0.080200 4.841500 0.000001
v 0.080200 4.841500 0.000001
v 0.013900 4.841500 0.079001
v 0.013900 4.841500 0.079001
v -0.040100 4.841500 0.069501
v -0.040100 4.841500 0.069501
v -0.075400 4.841500 0.027401
v -0.075400 4.841500 0.027401
v -0.075400 4.841500 -0.027399
v -0.075400 4.841500 -0.027399
v -0.040100 4.841500 -0.069499
v -0.040100 4.841500 -0.069499
v 0.061500 4.841500 -0.051599
v 0.061500 4.841500 -0.051599
v 0.013900 4.841500 -0.078999
v 0.013900 4.841500 -0.078999
v 0.015000 4.872700 0.391101
v 0.015000 4.842700 0.391101
vn -0.0000 -0.0000 1.0000
vn -0.0000 1.0000 -0.0010
vn -0.0000 -1.0000 0.0010
vn 1.0000 -0.0000 -0.0000
vn -0.0000 1.0000 -0.0000
vn 0.9402 -0.0000 -0.3407
vn 0.4989 -0.0000 0.8667
vn -0.1733 -0.0000 0.9849
vn -0.7663 -0.0000 0.6425
vn -1.0000 -0.0000 -0.0000
vn -0.7663 -0.0000 -0.6425
vn -0.1733 -0.0000 -0.9849
vn -0.0000 -1.0000 -0.0000
vn -0.0000 -0.0000 -1.0000
vn 0.9402 -0.0000 0.3407
vn 0.4989 -0.0000 -0.8667
vt 0.662000 0.924000
vt 0.595000 0.858000
vt 0.595000 0.924000
vt 0.661000 0.857000
vt 0.664000 1.000000
vt 0.592000 0.930000
vt 0.592000 1.000000
vt 0.664000 0.930000
vt 0.629000 0.924000
vt 0.645000 0.924000
vt 0.638000 0.924000
vt 0.630000 0.924000
vt 0.623000 0.924000
vt 0.616000 0.924000
vt 0.608000 0.924000
vt 0.601000 0.924000
vt 0.593000 0.924000
vt 0.660000 0.924000
vt 0.653000 0.924000
vt 0.638000 0.858000
vt 0.645000 0.858000
vt 0.630000 0.858000
vt 0.623000 0.858000
vt 0.616000 0.858000
vt 0.608000 0.858000
vt 0.601000 0.858000
vt 0.593000 0.858000
vt 0.653000 0.858000
vt 0.629000 0.858000
s 1
f 651/227/232 653/229/232 654/228/232
f 654/228/232 652/230/232 651/227/232
f 621/231/219 619/233/219 620/232/219
f 620/232/219 622/234/219 621/231/219
f 655/227/228 656/229/228 658/228/228
f 658/228/228 660/230/228 655/227/228
f 657/227/232 663/229/232 661/228/232
f 661/228/232 659/230/232 657/227/232
f 664/227/222 701/229/222 629/228/222
f 629/228/222 662/230/222 664/227/222
f 628/227/220 625/229/220 623/228/220
f 623/228/220 630/230/220 628/227/220
f 627/229/221 702/228/221 626/230/221
f 626/230/221 624/227/221 627/229/221
f 631/235/223 667/237/223 665/236/223
f 631/235/223 669/238/223 667/237/223
f 631/235/223 671/239/223 669/238/223
f 631/235/223 673/240/223 671/239/223
f 631/235/223 675/241/223 673/240/223
f 631/235/223 677/242/223 675/241/223
f 631/235/223 679/243/223 677/242/223
f 631/235/223 681/245/223 679/244/223
f 631/235/223 665/236/223 681/245/223
f 683/246/233 685/247/233 666/236/233
f 683/246/233 666/236/233 668/237/233
f 687/248/225 684/246/225 633/237/225
f 687/248/225 633/237/225 670/238/225
f 689/249/226 688/248/226 634/238/226
f 689/249/226 634/238/226 672/239/226
f 691/250/227 690/249/227 635/239/227
f 691/250/227 635/239/227 674/240/227
f 693/251/228 692/250/228 636/240/228
f 693/251/228 636/240/228 676/241/228
f 695/252/229 694/251/229 637/241/229
f 695/252/229 637/241/229 678/242/229
f 700/253/230 647/252/230 638/242/230
f 700/253/230 638/242/230 639/243/230
f 697/254/234 699/230/234 680/244/234
f 697/254/234 680/244/234 682/245/234
f 686/247/224 698/254/224 640/245/224
f 686/247/224 640/245/224 632/236/224
f 650/255/231 642/247/231 641/246/231
f 650/255/231 641/246/231 643/248/231
f 650/255/231 643/248/231 644/249/231
f 650/255/231 644/249/231 645/250/231
f 650/255/231 645/250/231 646/251/231
f 650/255/231 646/251/231 696/252/231
f 650/255/231 696/252/231 649/253/231
f 650/255/231 649/230/231 648/254/231
f 650/255/231 648/254/231 642/247/231
o modra_se2_S
v 0.115393 5.699388 0.644909
v 0.123779 5.725195 0.644909
v 0.126616 5.752182 0.644909
v 0.083668 5.655723 0.644909
v 0.101826 5.675888 0.644909
v 0.123779 5.779170 0.644909
v 0.036926 5.628735 0.644909
v 0.061716 5.639772 0.644909
v 0.101826 5.828477 0.644909
v 0.115393 5.804977 0.644909
v 0.061716 5.864593 0.644909
v 0.083668 5.848642 0.644909
v -0.016752 5.623093 0.644909
v 0.010383 5.623093 0.644909
v 0.010383 5.881272 0.644909
v -0.068084 5.639772 0.644909
v -0.043295 5.628735 0.644909
v 0.036926 5.875630 0.644909
v -0.043295 5.875630 0.644909
v -0.016752 5.881272 0.644909
v -0.090037 5.848642 0.644909
v -0.068084 5.864593 0.644909
v -0.121762 5.804977 0.644909
v -0.108195 5.828477 0.644909
v -0.108195 5.675888 0.644909
v -0.090037 5.655723 0.644909
v -0.132984 5.752182 0.644909
v -0.130147 5.725195 0.644909
v -0.121762 5.699388 0.644909
v -0.130147 5.779170 0.644909
vn -0.0000 -0.0000 1.0000
vt 0.261343 0.323378
vt 0.253417 0.347905
vt 0.250736 0.373553
vt 0.291329 0.281879
vt 0.274167 0.301044
vt 0.335509 0.256231
vt 0.312079 0.266720
vt 0.386245 0.250869
vt 0.360597 0.250869
vt 0.434763 0.266720
vt 0.411332 0.256231
vt 0.472674 0.301044
vt 0.455513 0.281879
vt 0.493424 0.347905
vt 0.485498 0.323378
vt 0.493424 0.399201
vt 0.496105 0.373553
vt 0.472674 0.446062
vt 0.485498 0.423728
vt 0.434763 0.480386
vt 0.455513 0.465227
vt 0.386245 0.496237
vt 0.411332 0.490875
vt 0.335509 0.490875
vt 0.360597 0.496237
vt 0.291329 0.465227
vt 0.312079 0.480386
vt 0.261343 0.423728
vt 0.274167 0.446062
vt 0.253417 0.399201
s 0
f 703/256/235 704/257/235 705/258/235
f 706/259/235 707/260/235 703/256/235
f 709/261/235 710/262/235 706/259/235
f 709/261/235 706/259/235 703/256/235
f 715/263/235 716/264/235 709/261/235
f 718/265/235 719/266/235 715/263/235
f 718/265/235 715/263/235 709/261/235
f 718/265/235 709/261/235 703/256/235
f 727/267/235 728/268/235 718/265/235
f 730/269/235 731/270/235 727/267/235
f 730/269/235 727/267/235 718/265/235
f 732/271/235 729/272/235 730/269/235
f 726/273/235 725/274/235 732/271/235
f 726/273/235 732/271/235 730/269/235
f 726/273/235 730/269/235 718/265/235
f 724/275/235 723/276/235 726/273/235
f 722/277/235 721/278/235 724/275/235
f 722/277/235 724/275/235 726/273/235
f 720/279/235 717/280/235 722/277/235
f 714/281/235 713/282/235 720/279/235
f 714/281/235 720/279/235 722/277/235
f 714/281/235 722/277/235 726/273/235
f 714/281/235 726/273/235 718/265/235
f 714/281/235 718/265/235 703/256/235
f 712/283/235 711/284/235 714/281/235
f 712/283/235 714/281/235 703/256/235
f 712/283/235 703/256/235 705/258/235
f 712/283/235 705/258/235 708/285/235
o bile_se2_S
v 0.115393 6.000843 0.644909
v 0.123779 6.026650 0.644909
v 0.126616 6.053638 0.644909
v 0.083668 5.957177 0.644909
v 0.101826 5.977343 0.644909
v 0.123779 6.080625 0.644909
v 0.036926 5.930190 0.644909
v 0.061716 5.941227 0.644909
v 0.101826 6.129932 0.644909
v 0.115393 6.106432 0.644909
v 0.061716 6.166048 0.644909
v 0.083668 6.150098 0.644909
v -0.016752 5.924548 0.644909
v 0.010383 5.924548 0.644909
v 0.010383 6.182727 0.644909
v -0.068084 5.941227 0.644909
v -0.043295 5.930190 0.644909
v 0.036926 6.177085 0.644909
v -0.043295 6.177085 0.644909
v -0.016752 6.182727 0.644909
v -0.090037 6.150098 0.644909
v -0.068084 6.166048 0.644909
v -0.121762 6.106432 0.644909
v -0.108195 6.129932 0.644909
v -0.108195 5.977343 0.644909
v -0.090037 5.957177 0.644909
v -0.132984 6.053638 0.644909
v -0.130147 6.026650 0.644909
v -0.121762 6.000843 0.644909
v -0.130147 6.080625 0.644909
vn -0.0000 -0.0000 1.0000
vt 0.761781 0.824246
vt 0.753855 0.848772
vt 0.751174 0.874420
vt 0.791767 0.782746
vt 0.774605 0.801911
vt 0.835947 0.757098
vt 0.812517 0.767588
vt 0.886683 0.751736
vt 0.861035 0.751736
vt 0.935201 0.767588
vt 0.911770 0.757098
vt 0.973112 0.801911
vt 0.955950 0.782746
vt 0.993862 0.848772
vt 0.985936 0.824245
vt 0.993862 0.900068
vt 0.996543 0.874420
vt 0.973112 0.946930
vt 0.985936 0.924596
vt 0.935201 0.981253
vt 0.955950 0.966095
vt 0.886683 0.997105
vt 0.911770 0.991743
vt 0.835947 0.991743
vt 0.861035 0.997105
vt 0.791767 0.966095
vt 0.812517 0.981253
vt 0.761781 0.924596
vt 0.774605 0.946930
vt 0.753855 0.900068
s 0
f 733/286/236 734/287/236 735/288/236
f 736/289/236 737/290/236 733/286/236
f 739/291/236 740/292/236 736/289/236
f 739/291/236 736/289/236 733/286/236
f 745/293/236 746/294/236 739/291/236
f 748/295/236 749/296/236 745/293/236
f 748/295/236 745/293/236 739/291/236
f 748/295/236 739/291/236 733/286/236
f 757/297/236 758/298/236 748/295/236
f 760/299/236 761/300/236 757/297/236
f 760/299/236 757/297/236 748/295/236
f 762/301/236 759/302/236 760/299/236
f 756/303/236 755/304/236 762/301/236
f 756/303/236 762/301/236 760/299/236
f 756/303/236 760/299/236 748/295/236
f 754/305/236 753/306/236 756/303/236
f 752/307/236 751/308/236 754/305/236
f 752/307/236 754/305/236 756/303/236
f 750/309/236 747/310/236 752/307/236
f 744/311/236 743/312/236 750/309/236
f 744/311/236 750/309/236 752/307/236
f 744/311/236 752/307/236 756/303/236
f 744/311/236 756/303/236 748/295/236
f 744/311/236 748/295/236 733/286/236
f 742/313/236 741/314/236 744/311/236
f 742/313/236 744/311/236 733/286/236
f 742/313/236 733/286/236 735/288/236
f 742/313/236 735/288/236 738/315/236
o uchyty_se2_R
v 0.506600 6.305800 -0.024699
v 0.506600 6.305800 0.024701
v 0.519200 6.305800 0.000001
v 0.506600 6.279000 -0.024699
v 0.506600 6.279000 0.024701
v 0.519200 6.279000 0.000001
v 0.479400 6.305800 0.022301
v 0.479400 6.279000 0.022301
v 0.068800 6.270700 0.096801
v 0.068800 6.396300 0.096801
v 0.068800 6.396300 -0.096799
v 0.068800 6.270700 -0.096799
v 0.083000 6.270700 0.096801
v 0.083000 6.270700 -0.096799
v 0.083000 6.396300 0.096801
v 0.083000 6.396300 -0.096799
v 0.080000 6.388600 -0.010299
v 0.479400 6.279000 -0.022299
v 0.479400 6.305800 -0.022299
v 0.080000 6.279000 -0.046799
v 0.080000 6.388600 0.010301
v 0.080000 6.279000 0.046801
v -0.038600 6.356000 0.088701
v -0.086600 6.307900 0.025601
v -0.086600 6.356000 0.025601
v -0.038600 6.307900 0.088701
v -0.038600 6.356000 -0.088699
v 0.068800 6.307900 -0.089399
v 0.068800 6.356000 -0.089399
v -0.086600 6.356000 -0.025599
v 0.068800 6.356000 0.089401
v -0.086600 6.307900 -0.025599
v -0.038600 6.307900 -0.088699
v 0.068800 6.307900 0.089401
v 0.068800 5.556600 -0.117099
v 0.068800 5.556600 0.117101
v 0.068800 5.389600 0.117101
v 0.083000 5.389600 -0.117099
v 0.083000 5.556600 -0.117099
v 0.083000 5.389600 0.117101
v 0.083000 5.556600 0.117101
v 0.068800 5.389600 -0.117099
v 0.531500 5.526800 0.030301
v 0.487100 5.526800 0.065101
v 0.531500 5.466800 0.030301
v 0.414200 5.526800 0.081701
v 0.487100 5.466800 0.065101
v 0.080000 5.443000 0.112301
v 0.414200 5.466800 -0.081699
v 0.414200 5.526800 -0.081699
v 0.531500 5.466800 -0.030299
v 0.531500 5.526800 -0.030299
v 0.080000 5.503000 -0.112299
v 0.080000 5.503000 0.112301
v 0.487100 5.526800 -0.065099
v 0.080000 5.443000 -0.112299
v 0.414200 5.466800 0.081701
v 0.487100 5.466800 -0.065099
v -0.038600 5.544400 0.088701
v -0.086600 5.401800 0.025601
v -0.086600 5.544400 0.025601
v -0.086600 5.401800 -0.025599
v -0.086600 5.544400 -0.025599
v -0.038600 5.544400 -0.088699
v -0.038600 5.401800 -0.088699
v 0.068800 5.544400 0.089401
v 0.068800 5.544400 -0.089399
v -0.038600 5.401800 0.088701
v 0.068800 5.401800 0.089401
v 0.068800 5.401800 -0.089399
v 0.454800 5.389700 0.150601
v 0.543100 5.389700 0.150601
v 0.543100 5.227600 0.150601
v 0.454800 5.227600 0.150601
v 0.688000 5.119700 0.159301
v 0.688000 5.308400 0.159301
v 0.310000 5.119700 0.159301
v 0.310000 5.308400 0.159301
v 0.405800 6.175500 0.099301
v 0.405800 6.175500 0.049401
v 0.405800 6.249899 0.049401
v 0.589900 6.175500 0.049401
v 0.589900 6.175500 0.099301
v 0.589900 6.249899 0.099301
v 0.589900 6.249899 0.049401
v 0.405800 6.249899 0.099301
v 0.497900 6.232700 0.047801
v 0.488800 6.214600 -0.252199
v 0.497900 6.232700 -0.252199
v 0.488800 6.214600 0.047801
v 0.506900 6.214600 -0.252199
v 0.506900 6.214600 0.047801
v 0.497900 6.235800 0.011601
v 0.488800 6.380300 -0.006499
v 0.497900 6.380300 0.011601
v 0.488800 6.235800 -0.006499
v 0.506900 6.380300 -0.006499
v 0.506900 6.235800 -0.006499
v 0.482500 6.237500 0.029901
v 0.482500 6.210200 -0.024799
v 0.482500 6.237500 -0.024799
v 0.482500 6.210200 0.029901
v 0.513300 6.210200 -0.024799
v 0.513300 6.237500 -0.024799
v 0.513300 6.210200 0.029901
v 0.513300 6.237500 0.029901
v 0.406200 5.522600 -0.030599
v 0.406200 5.522600 0.030601
v 0.406200 5.614200 -0.030599
v 0.590300 5.522600 -0.030599
v 0.590300 5.614200 -0.030599
v 0.590300 5.522600 0.030601
v 0.590300 5.614200 0.030601
v 0.406200 5.614200 0.030601
v 0.506600 6.305800 -0.024699
v 0.506600 6.305800 -0.024699
v 0.519200 6.305800 0.000001
v 0.519200 6.305800 0.000001
v 0.506600 6.279000 -0.024699
v 0.506600 6.279000 -0.024699
v 0.506600 6.305800 0.024701
v 0.506600 6.305800 0.024701
v 0.506600 6.279000 0.024701
v 0.506600 6.279000 0.024701
v 0.519200 6.279000 0.000001
v 0.519200 6.279000 0.000001
v 0.479400 6.305800 0.022301
v 0.479400 6.279000 0.022301
v 0.068800 6.270700 0.096801
v 0.068800 6.270700 0.096801
v 0.068800 6.396300 0.096801
v 0.068800 6.396300 0.096801
v 0.068800 6.396300 -0.096799
v 0.068800 6.396300 -0.096799
v 0.068800 6.270700 -0.096799
v 0.068800 6.270700 -0.096799
v 0.083000 6.270700 0.096801
v 0.083000 6.270700 0.096801
v 0.083000 6.270700 -0.096799
v 0.083000 6.270700 -0.096799
v 0.083000 6.396300 0.096801
v 0.083000 6.396300 0.096801
v 0.083000 6.396300 -0.096799
v 0.083000 6.396300 -0.096799
v 0.080000 6.388600 -0.010299
v 0.479400 6.305800 -0.022299
v 0.479400 6.279000 -0.022299
v 0.080000 6.279000 -0.046799
v 0.080000 6.388600 0.010301
v 0.080000 6.279000 0.046801
v -0.086600 6.307900 0.025601
v -0.086600 6.307900 0.025601
v -0.086600 6.356000 0.025601
v -0.086600 6.356000 0.025601
v -0.038600 6.307900 0.088701
v -0.038600 6.307900 0.088701
v -0.086600 6.307900 -0.025599
v -0.086600 6.307900 -0.025599
v -0.038600 6.307900 -0.088699
v -0.038600 6.307900 -0.088699
v 0.068800 5.556600 -0.117099
v 0.068800 5.556600 -0.117099
v 0.068800 5.556600 0.117101
v 0.068800 5.556600 0.117101
v 0.068800 5.389600 0.117101
v 0.068800 5.389600 0.117101
v 0.083000 5.556600 -0.117099
v 0.083000 5.556600 -0.117099
v 0.083000 5.556600 0.117101
v 0.083000 5.556600 0.117101
v 0.083000 5.389600 0.117101
v 0.083000 5.389600 0.117101
v 0.531500 5.526800 0.030301
v 0.531500 5.466800 0.030301
v 0.531500 5.466800 0.030301
v -0.038600 5.544400 0.088701
v -0.038600 5.544400 0.088701
v -0.086600 5.544400 0.025601
v -0.086600 5.544400 0.025601
v -0.086600 5.401800 0.025601
v -0.086600 5.401800 0.025601
v -0.086600 5.544400 -0.025599
v -0.086600 5.544400 -0.025599
v -0.086600 5.401800 -0.025599
v -0.086600 5.401800 -0.025599
v -0.038600 5.544400 -0.088699
v -0.038600 5.544400 -0.088699
v -0.038600 5.401800 0.088701
v -0.038600 5.401800 0.088701
v 0.068800 5.401800 0.089401
v 0.688000 5.119700 0.159301
v 0.688000 5.308400 0.159301
v 0.310000 5.119700 0.159301
v 0.310000 5.308400 0.159301
v 0.589900 6.175500 0.099301
v 0.589900 6.249899 0.099301
v 0.589900 6.249899 0.099301
v 0.589900 6.249899 0.049401
v 0.589900 6.249899 0.049401
v 0.589900 6.175500 0.049401
v 0.405800 6.249899 0.049401
v 0.405800 6.249899 0.049401
v 0.405800 6.249899 0.099301
v 0.405800 6.249899 0.099301
v 0.497900 6.232700 0.047801
v 0.497900 6.232700 -0.252199
v 0.497900 6.232700 -0.252199
v 0.488800 6.214600 -0.252199
v 0.488800 6.214600 -0.252199
v 0.488800 6.214600 0.047801
v 0.506900 6.214600 -0.252199
v 0.506900 6.214600 -0.252199
v 0.506900 6.214600 0.047801
v 0.497900 6.235800 0.011601
v 0.497900 6.380300 0.011601
v 0.497900 6.380300 0.011601
v 0.488800 6.380300 -0.006499
v 0.488800 6.380300 -0.006499
v 0.488800 6.235800 -0.006499
v 0.506900 6.380300 -0.006499
v 0.506900 6.380300 -0.006499
v 0.506900 6.235800 -0.006499
v 0.482500 6.237500 0.029901
v 0.482500 6.237500 0.029901
v 0.482500 6.237500 -0.024799
v 0.482500 6.237500 -0.024799
v 0.482500 6.210200 -0.024799
v 0.482500 6.210200 -0.024799
v 0.482500 6.210200 0.029901
v 0.482500 6.210200 0.029901
v 0.513300 6.237500 -0.024799
v 0.513300 6.237500 -0.024799
v 0.513300 6.210200 -0.024799
v 0.513300 6.210200 -0.024799
v 0.513300 6.237500 0.029901
v 0.513300 6.237500 0.029901
v 0.513300 6.210200 0.029901
v 0.513300 6.210200 0.029901
v 0.406200 5.522600 -0.030599
v 0.406200 5.522600 -0.030599
v 0.406200 5.522600 0.030601
v 0.406200 5.522600 0.030601
v 0.590300 5.522600 -0.030599
v 0.590300 5.522600 -0.030599
v 0.590300 5.614200 -0.030599
v 0.590300 5.522600 0.030601
v 0.590300 5.522600 0.030601
v 0.590300 5.614200 0.030601
v 0.068800 6.356000 0.089401
v -0.038600 6.356000 0.088701
v -0.038600 6.356000 0.088701
v 0.068800 6.307900 0.089401
v -0.086600 6.356000 -0.025599
v -0.086600 6.356000 -0.025599
v -0.038600 6.356000 -0.088699
v -0.038600 6.356000 -0.088699
v 0.068800 6.356000 -0.089399
v 0.068800 6.307900 -0.089399
v 0.068800 5.389600 -0.117099
v 0.068800 5.389600 -0.117099
v 0.083000 5.389600 -0.117099
v 0.083000 5.389600 -0.117099
v 0.487100 5.466800 0.065101
v 0.487100 5.526800 0.065101
v 0.414200 5.526800 0.081701
v 0.414200 5.466800 0.081701
v 0.080000 5.503000 0.112301
v 0.080000 5.443000 0.112301
v 0.080000 5.503000 -0.112299
v 0.414200 5.526800 -0.081699
v 0.414200 5.466800 -0.081699
v 0.080000 5.443000 -0.112299
v 0.487100 5.526800 -0.065099
v 0.487100 5.466800 -0.065099
v 0.531500 5.466800 -0.030299
v 0.531500 5.466800 -0.030299
v 0.531500 5.526800 -0.030299
v 0.068800 5.544400 0.089401
v -0.038600 5.401800 -0.088699
v -0.038600 5.401800 -0.088699
v 0.068800 5.544400 -0.089399
v 0.068800 5.401800 -0.089399
v 0.405800 6.175500 0.049401
v 0.405800 6.175500 0.099301
v 0.406200 5.614200 -0.030599
v 0.406200 5.614200 0.030601
vn -0.0879 -0.0000 -0.9961
vn -0.0879 -0.0000 0.9961
vn 0.8908 -0.0000 0.4544
vn 0.8908 -0.0000 -0.4544
vn 0.0983 0.9952 -0.0000
vn -0.0000 -1.0000 -0.0000
vn -0.0000 1.0000 -0.0000
vn 0.2030 0.9792 -0.0000
vn -0.0065 -0.0000 -1.0000
vn -0.0065 -0.0000 1.0000
vn 1.0000 -0.0000 -0.0000
vn -0.0393 0.9992 -0.0000
vn 0.0710 -0.9975 -0.0000
vn 0.0393 -0.9992 -0.0000
vn 0.6169 -0.0000 -0.7871
vn 0.0912 -0.0000 -0.9958
vn 0.0912 -0.0000 0.9958
vn 0.4299 -0.0000 -0.9029
vn 0.1555 -0.0000 0.9878
vn -0.0000 -0.0000 1.0000
vn -0.0000 -0.0000 -1.0000
vn 0.8954 0.4452 -0.0000
vn 0.8954 -0.0000 0.4452
vn -1.0000 -0.0000 -0.0000
vn -0.0106 0.0270 0.9996
vn -0.0134 -0.0000 0.9999
vn 0.0542 0.3016 -0.9519
vn -0.0572 -0.0000 -0.9984
vn -0.0512 0.0284 -0.9983
vn 0.0581 0.3154 -0.9472
vn 0.0370 0.3158 0.9481
vn 0.0381 0.3028 0.9523
vn -0.7959 -0.0000 0.6054
vn -0.7959 -0.0000 -0.6054
vn 0.6169 -0.0000 0.7871
vn -0.8934 0.4492 -0.0000
vn -0.8934 -0.0000 0.4492
vn 0.4299 -0.0000 0.9029
vn 0.1585 -0.0000 0.9874
vn -0.0710 0.9975 -0.0000
vn 0.1585 -0.0000 -0.9874
vn 0.1555 -0.0000 -0.9878
vt 0.705000 0.977000
vt 0.721000 0.977000
vt 0.760000 0.753000
vt 0.660000 0.753000
vt 0.660000 0.725000
vt 0.760000 0.725000
vt 0.226000 0.223000
vt 0.221000 0.195000
vt 0.221000 0.223000
vt 0.227000 0.195000
vt 0.760000 0.822000
vt 0.660000 0.794000
vt 0.660000 0.822000
vt 0.760000 0.794000
vt 0.705000 0.873000
vt 0.722000 0.875000
vt 0.722000 0.873000
vt 0.704000 0.875000
vt 0.335000 0.197000
vt 0.226000 0.191000
vt 0.335000 0.192000
vt 0.221000 0.220000
vt 0.195000 0.200000
vt 0.195000 0.220000
vt 0.221000 0.200000
vt 0.678000 0.751000
vt 0.698000 0.727000
vt 0.698000 0.751000
vt 0.678000 0.727000
vt 0.722000 0.727000
vt 0.722000 0.751000
vt 0.743000 0.727000
vt 0.743000 0.751000
vt 0.711000 0.856000
vt 0.720000 0.865000
vt 0.715000 0.856000
vt 0.706000 0.865000
vt 0.720000 0.873000
vt 0.706000 0.873000
vt 0.759000 0.852000
vt 0.659000 0.852000
vt 0.659000 0.762000
vt 0.759000 0.762000
vt 0.227000 0.165000
vt 0.221000 0.102000
vt 0.221000 0.165000
vt 0.227000 0.102000
vt 0.759000 0.829000
vt 0.663000 0.784000
vt 0.663000 0.829000
vt 0.759000 0.784000
vt 0.672000 0.873000
vt 0.750000 0.876000
vt 0.750000 0.873000
vt 0.672000 0.876000
vt 0.723000 0.993000
vt 0.743000 0.980000
vt 0.721000 0.996000
vt 0.341000 0.138000
vt 0.325000 0.121000
vt 0.325000 0.137000
vt 0.341000 0.122000
vt 0.226000 0.118000
vt 0.226000 0.134000
vt 0.354000 0.122000
vt 0.354000 0.138000
vt 0.700000 0.993000
vt 0.701000 0.996000
vt 0.669000 0.875000
vt 0.747000 0.966000
vt 0.753000 0.875000
vt 0.675000 0.966000
vt 0.680000 0.980000
vt 0.221000 0.161000
vt 0.195000 0.106000
vt 0.195000 0.161000
vt 0.221000 0.106000
vt 0.677000 0.845000
vt 0.697000 0.770000
vt 0.697000 0.845000
vt 0.677000 0.770000
vt 0.722000 0.770000
vt 0.722000 0.845000
vt 0.742000 0.770000
vt 0.742000 0.845000
vt 0.702000 0.856000
vt 0.744000 0.865000
vt 0.721000 0.856000
vt 0.678000 0.865000
vt 0.744000 0.873000
vt 0.678000 0.873000
vt 0.930000 0.992000
vt 0.877000 0.992000
vt 0.877000 0.939000
vt 0.930000 0.939000
vt 0.592000 0.927000
vt 0.661000 0.857000
vt 0.661000 0.927000
vt 0.592000 0.857000
vt 0.580000 0.372000
vt 0.505000 0.325000
vt 0.505000 0.372000
vt 0.580000 0.325000
vt 0.363000 0.185000
vt 0.350000 0.185000
vt 0.350000 0.169000
vt 0.363000 0.169000
vt 0.676000 0.819000
vt 0.742000 0.819000
vt 0.742000 0.799000
vt 0.676000 0.799000
vt 0.349000 0.180000
vt 0.270000 0.173000
vt 0.270000 0.178000
vt 0.349000 0.174000
vt 0.327000 0.179000
vt 0.323000 0.215000
vt 0.327000 0.215000
vt 0.323000 0.179000
vt 0.332000 0.180000
vt 0.315000 0.172000
vt 0.315000 0.180000
vt 0.332000 0.172000
vt 0.353000 0.167000
vt 0.329000 0.136000
vt 0.329000 0.167000
vt 0.353000 0.136000
s 1
f 877/316/243 883/317/243 880/317/243
f 879/316/240 768/316/240 881/316/240
f 878/316/240 879/316/240 881/316/240
f 885/317/242 882/316/242 888/316/242
f 887/317/239 765/317/239 884/317/239
f 884/317/239 886/317/239 887/317/239
f 767/317/238 764/317/238 889/317/261
f 889/317/261 890/317/262 767/317/238
f 763/316/237 766/316/237 909/316/265
f 909/316/265 908/316/264 763/316/237
f 877/316/243 781/316/241 883/317/243
f 781/316/241 769/317/241 883/317/243
f 882/316/242 885/317/242 770/317/242
f 770/317/242 780/316/242 882/316/242
f 895/318/260 891/320/260 893/319/260
f 895/318/260 897/321/260 891/320/260
f 904/322/256 894/324/256 892/323/256
f 892/323/256 900/325/256 904/322/256
f 896/324/257 906/322/257 902/325/257
f 902/325/257 898/323/257 896/324/257
f 905/326/247 903/328/247 899/327/247
f 899/327/247 901/329/247 905/326/247
f 773/330/243 772/332/243 777/331/243
f 777/331/243 778/333/243 773/330/243
f 774/330/242 776/333/242 775/331/242
f 775/331/242 771/332/242 774/330/242
f 889/334/261 911/322/267 912/335/268
f 912/335/268 890/336/262 889/334/261
f 907/322/263 908/334/264 909/336/265
f 909/336/265 910/335/266 907/322/263
f 779/333/244 783/331/244 769/317/241
f 769/317/241 781/316/241 779/333/244
f 782/333/242 780/316/242 770/317/242
f 770/317/242 784/331/242 782/333/242
f 1011/337/246 1012/339/246 918/338/246
f 918/338/246 796/340/246 1011/337/246
f 1013/341/269 915/343/269 913/342/269
f 913/342/269 917/344/269 1013/341/269
f 916/343/260 1015/346/260 920/345/260
f 920/345/260 914/342/260 916/343/260
f 1016/346/270 1017/348/270 921/347/270
f 921/347/270 919/345/270 1016/346/270
f 1018/339/245 1019/337/245 1020/340/245
f 1020/340/245 795/338/245 1018/339/245
f 792/349/243 787/351/243 785/350/243
f 785/350/243 789/352/243 792/349/243
f 789/352/243 785/350/243 793/353/243
f 793/353/243 791/354/243 789/352/243
f 794/349/242 922/352/242 788/350/242
f 788/350/242 786/351/242 794/349/242
f 922/352/242 790/354/242 1014/353/242
f 1014/353/242 788/350/242 922/352/242
f 923/355/260 927/357/260 925/356/260
f 923/355/260 1021/358/260 927/357/260
f 932/359/256 926/361/256 928/360/256
f 928/360/256 934/362/256 932/359/256
f 924/361/257 930/359/257 1023/362/257
f 1023/362/257 1022/360/257 924/361/257
f 929/363/247 931/365/247 933/364/247
f 933/364/247 1024/366/247 929/363/247
f 797/367/243 798/369/243 803/368/243
f 803/368/243 801/370/243 797/367/243
f 804/367/242 800/370/242 802/368/242
f 802/368/242 799/369/242 804/367/242
f 935/371/271 1026/372/274 1025/372/274
f 1025/372/274 936/373/271 935/371/271
f 1026/374/274 1027/376/275 819/375/255
f 819/375/255 1025/377/274 1026/374/274
f 1027/376/275 816/379/253 1030/378/253
f 1030/378/253 819/375/255 1027/376/275
f 815/379/252 1032/376/277 1033/375/278
f 1033/375/278 818/378/252 815/379/252
f 1032/376/277 817/374/254 820/377/254
f 820/377/254 1033/375/278 1032/376/277
f 817/374/254 814/381/251 1037/380/251
f 1037/380/251 820/377/254 817/374/254
f 1039/382/247 805/371/247 937/373/247
f 937/373/247 1038/383/247 1039/382/247
f 1031/384/276 1029/386/276 808/385/248
f 808/385/248 812/387/248 1031/384/276
f 812/387/248 808/385/248 806/372/243
f 806/372/243 1035/388/243 812/387/248
f 1034/384/249 811/387/250 1028/385/250
f 1028/385/250 810/386/249 1034/384/249
f 811/387/250 1036/388/242 809/372/242
f 809/372/242 1028/385/250 811/387/250
f 1036/388/242 813/383/242 807/373/242
f 807/373/242 809/372/242 1036/388/242
f 828/389/246 939/391/246 950/390/246
f 950/390/246 831/392/246 828/389/246
f 938/393/269 940/395/269 942/394/269
f 942/394/269 951/396/269 938/393/269
f 941/395/260 944/398/260 946/397/260
f 946/397/260 943/394/260 941/395/260
f 945/398/270 948/400/270 1041/399/270
f 1041/399/270 947/397/270 945/398/270
f 949/391/245 829/389/245 832/392/245
f 832/392/245 1042/390/245 949/391/245
f 825/401/243 823/403/243 821/402/243
f 821/402/243 826/404/243 825/401/243
f 826/404/243 821/402/243 1040/405/243
f 1040/405/243 1043/406/243 826/404/243
f 824/401/242 827/404/242 830/402/242
f 830/402/242 822/403/242 824/401/242
f 827/404/242 1044/406/242 952/405/242
f 952/405/242 830/402/242 827/404/242
f 833/407/256 835/409/256 834/408/256
f 833/407/256 836/410/256 835/409/256
f 956/411/257 954/413/257 953/412/257
f 953/412/257 955/414/257 956/411/257
f 838/415/256 840/417/256 839/416/256
f 839/416/256 837/418/256 838/415/256
f 1046/419/260 963/421/260 1045/420/260
f 963/421/260 1046/419/260 965/422/260
f 842/423/257 961/425/257 844/424/257
f 961/425/257 842/423/257 964/426/257
f 962/420/247 958/422/247 957/419/247
f 958/422/247 962/420/247 960/421/247
f 845/424/256 966/426/256 841/423/256
f 966/426/256 845/424/256 959/425/256
f 847/425/243 848/426/243 846/425/243
f 848/426/243 847/425/243 843/426/243
f 967/427/272 968/429/272 970/428/272
f 970/428/272 972/430/272 967/427/272
f 973/428/257 971/428/257 969/429/257
f 851/429/258 849/427/258 975/430/258
f 975/430/258 974/428/258 851/429/258
f 853/428/242 854/430/242 852/430/242
f 852/430/242 850/428/242 853/428/242
f 976/431/273 977/433/273 979/432/273
f 979/432/273 981/434/273 976/431/273
f 982/432/243 980/432/243 978/433/243
f 857/433/259 855/431/259 984/434/259
f 984/434/259 983/432/259 857/433/259
f 859/432/257 860/434/257 858/434/257
f 858/434/257 856/432/257 859/432/257
f 985/435/260 987/437/260 989/436/260
f 989/436/260 991/438/260 985/435/260
f 988/437/257 993/437/257 995/436/257
f 995/436/257 990/436/257 988/437/257
f 994/437/247 997/435/247 999/438/247
f 999/438/247 996/436/247 994/437/247
f 998/435/256 986/435/256 992/438/256
f 992/438/256 1000/438/256 998/435/256
f 866/437/243 863/437/243 861/435/243
f 861/435/243 868/435/243 866/437/243
f 865/436/242 867/438/242 864/438/242
f 864/438/242 862/436/242 865/436/242
f 1048/439/260 871/441/260 1001/440/260
f 1001/440/260 1003/442/260 1048/439/260
f 1047/423/257 1007/424/257 1005/425/257
f 1005/425/257 1002/426/257 1047/423/257
f 873/441/247 1010/439/247 1008/442/247
f 1008/442/247 1006/440/247 873/441/247
f 875/424/256 876/423/256 1004/426/256
f 1004/426/256 1009/425/256 875/424/256
f 872/425/242 874/425/242 870/426/242
f 870/426/242 869/426/242 872/425/242
o stit_se2_R
v 0.319400 5.710700 0.914001
v 0.320500 5.670000 0.900001
v 0.352000 5.715900 0.161001
v 0.352000 5.743100 0.161001
v 0.678500 5.641000 0.869901
v 0.679900 5.670000 0.900001
v 0.648000 5.743100 0.161001
v 0.648000 5.715900 0.161001
v 0.321500 5.641000 0.869901
v 0.325000 5.618000 0.821001
v 0.671800 5.618000 0.754001
v 0.674500 5.618000 0.821001
v 0.556600 5.879900 0.161101
v 0.500000 5.891400 0.919001
v 0.569100 5.877600 0.919001
v 0.500000 5.891200 0.161001
v 0.604700 5.847800 0.161101
v 0.627700 5.838400 0.919001
v 0.636800 5.799800 0.161101
v 0.666900 5.779800 0.919001
v 0.680600 5.710700 0.914001
v 0.328200 5.618000 0.754001
v 0.363200 5.799800 0.161101
v 0.333100 5.779800 0.919001
v 0.395300 5.847800 0.161101
v 0.372300 5.838400 0.919001
v 0.443400 5.879900 0.161101
v 0.430900 5.877600 0.919001
v 0.319400 6.010700 0.914001
v 0.320500 5.970000 0.900001
v 0.352000 6.015900 0.161001
v 0.352000 6.043100 0.161001
v 0.678500 5.941000 0.869901
v 0.679900 5.970100 0.900001
v 0.648000 6.043100 0.161001
v 0.648000 6.015900 0.161001
v 0.321500 5.941000 0.869901
v 0.325000 5.918000 0.821001
v 0.671800 5.918000 0.754001
v 0.674500 5.918000 0.821001
v 0.556600 6.179800 0.161101
v 0.500000 6.191300 0.919001
v 0.569100 6.177500 0.919001
v 0.500000 6.191100 0.161001
v 0.604700 6.147700 0.161101
v 0.627700 6.138300 0.919001
v 0.636800 6.099700 0.161101
v 0.666900 6.079700 0.919001
v 0.680600 6.010700 0.914001
v 0.328200 5.918000 0.754001
v 0.363200 6.099700 0.161101
v 0.333100 6.079700 0.919001
v 0.395300 6.147700 0.161101
v 0.372300 6.138300 0.919001
v 0.443400 6.179800 0.161101
v 0.430900 6.177500 0.919001
v 0.340000 5.915200 0.077201
v 0.340000 5.870900 0.077201
v 0.250300 5.870900 0.160101
v 0.250300 5.915200 0.160101
v 0.215000 5.870900 0.160101
v 0.215000 5.915200 0.160101
v 0.340000 5.870900 0.037101
v 0.340000 5.915200 0.037101
v 0.660000 5.915200 0.077201
v 0.749700 5.870900 0.160101
v 0.660000 5.870900 0.077201
v 0.749700 5.915200 0.160101
v 0.785000 5.870900 0.160101
v 0.785000 5.915200 0.160101
v 0.660000 5.870900 0.037101
v 0.660000 5.915200 0.037101
v 0.664300 6.062800 0.542501
v 0.664300 6.043400 0.553001
v 0.666300 6.058600 0.592101
v 0.666300 6.078100 0.581601
v 0.800000 5.881200 0.162001
v 0.800000 5.904900 0.162001
v 0.664300 5.748700 0.542501
v 0.750200 5.881500 0.162101
v 0.750200 5.905200 0.162101
v 0.664300 5.768200 0.553001
v 0.666300 5.752900 0.592101
v 0.666300 5.733500 0.581601
v 0.335700 6.062800 0.542501
v 0.249800 5.905200 0.162101
v 0.335700 6.043400 0.553001
v 0.333700 6.058600 0.592101
v 0.333700 6.078100 0.581601
v 0.200000 5.881200 0.162001
v 0.200000 5.904900 0.162001
v 0.335700 5.748700 0.542501
v 0.249800 5.881500 0.162101
v 0.335700 5.768200 0.553001
v 0.333700 5.752900 0.592101
v 0.333700 5.733500 0.581601
v 0.500000 6.482000 0.161001
v 0.324300 6.443000 0.161101
v 0.893700 6.164700 0.161001
v 0.816500 6.327500 0.161001
v 0.675600 6.440800 0.161001
v 0.895800 5.616400 0.161001
v 0.500000 5.304000 0.161001
v 0.324400 5.345200 0.161101
v 0.183500 5.458400 0.161101
v 0.106300 5.621300 0.161101
v 0.816600 5.454500 0.161001
v 0.675700 5.343000 0.161001
v 0.104200 6.169600 0.161101
v 0.183400 6.331500 0.161101
v 0.657600 6.066900 0.161001
v 0.657600 5.719000 0.161001
v 0.657600 6.066900 -0.050999
v 0.613500 6.066900 -0.080999
v 0.613500 5.719000 -0.080999
v 0.657600 5.719000 -0.050999
v 0.500000 6.066900 -0.102999
v 0.500000 5.719000 -0.102999
v 0.386500 6.066900 -0.080999
v 0.386500 5.719000 -0.080999
v 0.342400 6.066900 -0.050999
v 0.342400 6.066900 0.161001
v 0.342400 5.719000 0.161001
v 0.342400 5.719000 -0.050999
v 0.384600 6.161500 -0.050999
v 0.384600 6.161500 0.161001
v 0.457800 6.200900 0.161001
v 0.457800 6.200900 -0.050999
v 0.542200 6.200900 0.161001
v 0.615400 6.161500 0.161001
v 0.417000 6.131300 -0.080999
v 0.469600 6.159700 -0.080999
v 0.530400 6.159700 -0.080999
v 0.542200 6.200900 -0.050999
v 0.583000 6.131300 -0.080999
v 0.615400 6.161500 -0.050999
v 0.615400 5.624500 0.161001
v 0.542200 5.585100 0.161001
v 0.542200 5.585100 -0.050999
v 0.457800 5.585100 0.161001
v 0.384600 5.624500 -0.050999
v 0.384600 5.624500 0.161001
v 0.530400 5.626300 -0.080999
v 0.615400 5.624500 -0.050999
v 0.583000 5.654700 -0.080999
v 0.469600 5.626300 -0.080999
v 0.457800 5.585100 -0.050999
v 0.417000 5.654700 -0.080999
v 0.319400 5.710700 0.914001
v 0.319400 5.710700 0.914001
v 0.319400 5.710700 0.914001
v 0.320500 5.670000 0.900001
v 0.352000 5.743100 0.161001
v 0.352000 5.743100 0.161001
v 0.352000 5.743100 0.161001
v 0.678500 5.641000 0.869901
v 0.678500 5.641000 0.869901
v 0.679900 5.670000 0.900001
v 0.648000 5.715900 0.161001
v 0.648000 5.715900 0.161001
v 0.352000 5.715900 0.161001
v 0.352000 5.715900 0.161001
v 0.352000 5.715900 0.161001
v 0.321500 5.641000 0.869901
v 0.321500 5.641000 0.869901
v 0.325000 5.618000 0.821001
v 0.556600 5.879900 0.161101
v 0.556600 5.879900 0.161101
v 0.556600 5.879900 0.161101
v 0.569100 5.877600 0.919001
v 0.569100 5.877600 0.919001
v 0.569100 5.877600 0.919001
v 0.500000 5.891400 0.919001
v 0.500000 5.891400 0.919001
v 0.500000 5.891400 0.919001
v 0.500000 5.891200 0.161001
v 0.500000 5.891200 0.161001
v 0.500000 5.891200 0.161001
v 0.604700 5.847800 0.161101
v 0.604700 5.847800 0.161101
v 0.604700 5.847800 0.161101
v 0.627700 5.838400 0.919001
v 0.627700 5.838400 0.919001
v 0.627700 5.838400 0.919001
v 0.636800 5.799800 0.161101
v 0.636800 5.799800 0.161101
v 0.636800 5.799800 0.161101
v 0.666900 5.779800 0.919001
v 0.666900 5.779800 0.919001
v 0.666900 5.779800 0.919001
v 0.648000 5.743100 0.161001
v 0.648000 5.743100 0.161001
v 0.648000 5.743100 0.161001
v 0.680600 5.710700 0.914001
v 0.680600 5.710700 0.914001
v 0.680600 5.710700 0.914001
v 0.363200 5.799800 0.161101
v 0.363200 5.799800 0.161101
v 0.363200 5.799800 0.161101
v 0.333100 5.779800 0.919001
v 0.333100 5.779800 0.919001
v 0.333100 5.779800 0.919001
v 0.395300 5.847800 0.161101
v 0.395300 5.847800 0.161101
v 0.395300 5.847800 0.161101
v 0.372300 5.838400 0.919001
v 0.372300 5.838400 0.919001
v 0.372300 5.838400 0.919001
v 0.443400 5.879900 0.161101
v 0.443400 5.879900 0.161101
v 0.443400 5.879900 0.161101
v 0.430900 5.877600 0.919001
v 0.430900 5.877600 0.919001
v 0.430900 5.877600 0.919001
v 0.319400 6.010700 0.914001
v 0.319400 6.010700 0.914001
v 0.319400 6.010700 0.914001
v 0.320500 5.970000 0.900001
v 0.352000 6.043100 0.161001
v 0.352000 6.043100 0.161001
v 0.352000 6.043100 0.161001
v 0.678500 5.941000 0.869901
v 0.678500 5.941000 0.869901
v 0.679900 5.970100 0.900001
v 0.648000 6.015900 0.161001
v 0.648000 6.015900 0.161001
v 0.648000 6.015900 0.161001
v 0.352000 6.015900 0.161001
v 0.352000 6.015900 0.161001
v 0.321500 5.941000 0.869901
v 0.321500 5.941000 0.869901
v 0.674500 5.918000 0.821001
v 0.556600 6.179800 0.161101
v 0.556600 6.179800 0.161101
v 0.556600 6.179800 0.161101
v 0.569100 6.177500 0.919001
v 0.569100 6.177500 0.919001
v 0.569100 6.177500 0.919001
v 0.500000 6.191300 0.919001
v 0.500000 6.191300 0.919001
v 0.500000 6.191300 0.919001
v 0.500000 6.191100 0.161001
v 0.500000 6.191100 0.161001
v 0.500000 6.191100 0.161001
v 0.604700 6.147700 0.161101
v 0.604700 6.147700 0.161101
v 0.604700 6.147700 0.161101
v 0.627700 6.138300 0.919001
v 0.627700 6.138300 0.919001
v 0.627700 6.138300 0.919001
v 0.636800 6.099700 0.161101
v 0.636800 6.099700 0.161101
v 0.636800 6.099700 0.161101
v 0.666900 6.079700 0.919001
v 0.666900 6.079700 0.919001
v 0.666900 6.079700 0.919001
v 0.648000 6.043100 0.161001
v 0.648000 6.043100 0.161001
v 0.648000 6.043100 0.161001
v 0.680600 6.010700 0.914001
v 0.680600 6.010700 0.914001
v 0.680600 6.010700 0.914001
v 0.363200 6.099700 0.161101
v 0.363200 6.099700 0.161101
v 0.363200 6.099700 0.161101
v 0.333100 6.079700 0.919001
v 0.333100 6.079700 0.919001
v 0.333100 6.079700 0.919001
v 0.395300 6.147700 0.161101
v 0.395300 6.147700 0.161101
v 0.395300 6.147700 0.161101
v 0.372300 6.138300 0.919001
v 0.372300 6.138300 0.919001
v 0.372300 6.138300 0.919001
v 0.443400 6.179800 0.161101
v 0.443400 6.179800 0.161101
v 0.443400 6.179800 0.161101
v 0.430900 6.177500 0.919001
v 0.430900 6.177500 0.919001
v 0.430900 6.177500 0.919001
v 0.340000 5.915200 0.077201
v 0.340000 5.915200 0.077201
v 0.340000 5.870900 0.077201
v 0.340000 5.870900 0.077201
v 0.250300 5.870900 0.160101
v 0.250300 5.870900 0.160101
v 0.250300 5.915200 0.160101
v 0.250300 5.915200 0.160101
v 0.660000 5.915200 0.077201
v 0.660000 5.915200 0.077201
v 0.660000 5.870900 0.077201
v 0.660000 5.870900 0.077201
v 0.749700 5.870900 0.160101
v 0.749700 5.870900 0.160101
v 0.749700 5.915200 0.160101
v 0.749700 5.915200 0.160101
v 0.664300 6.062800 0.542501
v 0.664300 6.043400 0.553001
v 0.750200 5.881500 0.162101
v 0.750200 5.881500 0.162101
v 0.750200 5.905200 0.162101
v 0.750200 5.905200 0.162101
v 0.664300 5.748700 0.542501
v 0.664300 5.768200 0.553001
v 0.335700 6.062800 0.542501
v 0.335700 6.043400 0.553001
v 0.335700 5.748700 0.542501
v 0.335700 5.768200 0.553001
v 0.657600 6.066900 -0.050999
v 0.657600 5.719000 -0.050999
v 0.342400 6.066900 -0.050999
v 0.342400 5.719000 -0.050999
v 0.384600 6.161500 -0.050999
v 0.384600 6.161500 -0.050999
v 0.384600 6.161500 0.161001
v 0.542200 6.200900 -0.050999
v 0.615400 6.161500 -0.050999
v 0.615400 6.161500 -0.050999
v 0.384600 5.624500 -0.050999
v 0.384600 5.624500 -0.050999
v 0.384600 5.624500 0.161001
v 0.615400 5.624500 -0.050999
v 0.615400 5.624500 -0.050999
v 0.249800 5.905200 0.162101
v 0.249800 5.905200 0.162101
v 0.249800 5.881500 0.162101
v 0.249800 5.881500 0.162101
v 0.457800 6.200900 -0.050999
v 0.615400 6.161500 0.161001
v 0.542200 5.585100 -0.050999
v 0.615400 5.624500 0.161001
v 0.457800 5.585100 -0.050999
vn -0.9799 0.1967 -0.0340
vn 0.9991 0.0052 0.0431
vn 0.9978 0.0461 0.0477
vn -0.9991 -0.0000 -0.0433
vn -0.9991 0.0033 0.0433
vn -0.9991 0.0026 0.0433
vn 0.9805 0.1937 -0.0341
vn 0.9977 -0.0486 -0.0473
vn -0.9991 0.0092 -0.0420
vn 0.9992 -0.0010 -0.0403
vn 0.9968 -0.0635 -0.0494
vn 0.1958 0.9806 -0.0003
vn 0.1959 0.9806 -0.0003
vn 0.5560 0.8312 -0.0066
vn -0.1958 0.9806 -0.0003
vn 0.5551 0.8318 -0.0065
vn 0.8310 0.5559 -0.0183
vn 0.8311 0.5558 -0.0183
vn 0.9799 0.1967 -0.0337
vn 0.9991 -0.0023 -0.0434
vn -0.9805 0.1937 -0.0338
vn -0.8310 0.5559 -0.0183
vn -0.8311 0.5558 -0.0183
vn -0.5560 0.8312 -0.0066
vn -0.5551 0.8318 -0.0066
vn -0.9798 0.1970 -0.0339
vn 0.9977 0.0485 0.0480
vn -0.9991 0.0032 0.0433
vn 0.9804 0.1941 -0.0341
vn -0.9965 0.0671 0.0500
vn 0.9976 0.0493 0.0481
vn 0.9798 0.1970 -0.0337
vn -0.9804 0.1941 -0.0338
vn -1.0000 -0.0000 -0.0000
vn -0.6787 -0.0000 -0.7344
vn -0.0000 -0.0000 -1.0000
vn 1.0000 -0.0000 -0.0000
vn 0.6787 -0.0000 -0.7344
vn 0.9988 -0.0228 -0.0422
vn 0.9988 -0.0227 -0.0422
vn 0.0020 -0.0000 1.0000
vn 0.9988 0.0227 -0.0423
vn -0.9759 -0.0041 -0.2184
vn -0.9754 -0.0000 -0.2203
vn 0.9988 0.0228 -0.0422
vn -0.9989 -0.0228 -0.0422
vn 0.9758 0.0041 -0.2187
vn -0.9988 -0.0228 -0.0422
vn -0.9988 -0.0227 -0.0422
vn -0.0020 -0.0000 1.0000
vn -0.9988 0.0227 -0.0422
vn -0.9988 0.0228 -0.0422
vn -0.9989 0.0228 -0.0422
vn -0.0002 -0.0000 -1.0000
vn -0.0008 0.0010 -1.0000
vn -0.0001 -0.0000 -1.0000
vn -0.0008 -0.0010 -1.0000
vn -0.0004 -0.0003 -1.0000
vn -0.0004 0.0003 -1.0000
vn 0.9781 0.2083 -0.0000
vn 0.9780 -0.2084 -0.0000
vn 0.4031 0.0950 -0.9102
vn 0.4049 -0.0993 -0.9090
vn 0.5563 -0.1101 -0.8237
vn -0.0000 0.0797 -0.9968
vn -0.0000 -0.0799 -0.9968
vn -0.4049 0.0991 -0.9090
vn -0.4031 -0.0951 -0.9102
vn -0.5563 0.1100 -0.8237
vn -0.9781 0.2083 -0.0000
vn -0.9780 -0.2085 -0.0000
vn -0.9780 -0.2084 -0.0000
vn -0.4111 0.3817 -0.8278
vn -0.4739 0.8806 -0.0000
vn -0.2444 0.9697 -0.0000
vn -0.1421 0.5557 -0.8191
vn 0.2444 0.9697 -0.0000
vn 0.9133 0.4074 -0.0000
vn -0.3107 0.2890 -0.9055
vn -0.1042 0.4164 -0.9032
vn 0.1044 0.4165 -0.9031
vn 0.3069 0.2905 -0.9063
vn 0.9131 -0.4077 -0.0000
vn 0.2444 -0.9697 -0.0000
vn 0.1421 -0.5557 -0.8191
vn -0.2444 -0.9697 -0.0000
vn -0.4110 -0.3861 -0.8258
vn -0.9131 -0.4078 -0.0000
vn 0.1043 -0.4165 -0.9031
vn 0.4740 -0.8805 -0.0000
vn 0.3107 -0.2891 -0.9055
vn -0.1044 -0.4166 -0.9031
vn -0.3068 -0.2906 -0.9063
vn -0.9990 -0.0118 -0.0433
vn 0.9799 -0.1966 0.0337
vn 0.9990 0.0119 0.0438
vn -0.9991 -0.0055 -0.0429
vn 0.9805 -0.1937 0.0341
vn 0.9991 0.0002 0.0430
vn -0.9804 0.1939 -0.0338
vn 0.9991 -0.0031 -0.0434
vn 0.9965 -0.0671 -0.0500
vn 0.9991 -0.0026 -0.0434
vn 0.9991 -0.0000 -0.0430
vn -0.9991 0.0002 0.0433
vn -0.9991 -0.0002 -0.0432
vn 0.9991 -0.0000 0.0430
vn -0.9976 -0.0495 -0.0481
vn 0.9991 -0.0087 0.0417
vn -0.5551 -0.8318 0.0066
vn -0.1958 -0.9806 0.0003
vn 0.5551 0.8317 -0.0065
vn -0.5559 -0.8312 0.0066
vn 0.1959 -0.9806 0.0003
vn 0.1958 -0.9806 0.0003
vn -0.8311 -0.5558 0.0183
vn -0.5551 -0.8317 0.0066
vn -0.8310 -0.5559 0.0183
vn -0.5560 -0.8312 0.0066
vn -0.9805 -0.1937 0.0338
vn 0.9804 0.1939 -0.0341
vn -0.9799 -0.1966 0.0340
vn 0.9991 -0.0002 -0.0430
vn -0.9991 -0.0000 0.0433
vn -0.9804 -0.1939 0.0338
vn -0.9991 0.0022 0.0433
vn -0.9799 -0.1967 0.0340
vn 0.9799 0.1966 -0.0337
vn 0.8311 -0.5558 0.0183
vn 0.9804 -0.1939 0.0341
vn 0.8310 -0.5559 0.0183
vn 0.9799 -0.1967 0.0337
vn -0.9799 0.1966 -0.0340
vn 0.5551 -0.8318 0.0065
vn -0.5551 0.8317 -0.0066
vn 0.5560 -0.8312 0.0066
vn 0.5551 -0.8317 0.0065
vn -0.5559 0.8312 -0.0066
vn 0.9799 -0.1968 0.0337
vn 0.9804 -0.1941 0.0341
vn -0.9804 0.1942 -0.0338
vn 0.9976 0.0494 0.0481
vn 0.5552 0.8317 -0.0065
vn -0.9804 -0.1941 0.0338
vn 0.9804 0.1942 -0.0341
vn -0.9798 -0.1969 0.0339
vn -0.9804 -0.1942 0.0338
vn -0.9798 -0.1970 0.0339
vn 0.9799 0.1968 -0.0337
vn 0.9804 -0.1942 0.0341
vn 0.9798 -0.1970 0.0337
vn -0.9798 0.1969 -0.0339
vn 0.5552 -0.8317 0.0065
vn 0.6787 -0.0000 0.7344
vn -0.6787 -0.0000 0.7344
vn -0.9798 -0.0923 -0.1773
vn -0.9798 -0.0952 -0.1759
vn -0.9758 0.0041 -0.2187
vn -0.9787 0.0944 -0.1822
vn -0.9787 0.0974 -0.1809
vn 0.9798 -0.0923 -0.1773
vn 0.9798 -0.0952 -0.1759
vn 0.9787 0.0944 -0.1822
vn 0.9787 0.0974 -0.1809
vn 0.5592 0.1075 -0.8220
vn 0.9780 -0.2085 -0.0000
vn -0.5592 -0.1076 -0.8220
vn -0.9133 0.4074 -0.0000
vn -0.4740 0.8805 -0.0000
vn 0.1422 0.5555 -0.8192
vn 0.4111 0.3860 -0.8258
vn 0.4739 0.8806 -0.0000
vn -0.4740 -0.8805 -0.0000
vn -0.9131 -0.4077 -0.0000
vn 0.4110 -0.3817 -0.8278
vn 0.9131 -0.4078 -0.0000
vn 0.9754 -0.0000 -0.2203
vn 0.9759 -0.0041 -0.2184
vn 0.4740 0.8805 -0.0000
vn -0.1422 -0.5555 -0.8192
vt 0.587000 0.040000
vt 0.586000 0.026000
vt 0.347000 0.042000
vt 0.347000 0.050000
vt 0.578000 0.017000
vt 0.567000 0.010000
vt 0.547000 0.010000
vt 0.347000 0.091000
vt 0.588000 0.094000
vt 0.588000 0.090000
vt 0.347000 0.094000
vt 0.347000 0.081000
vt 0.588000 0.079000
vt 0.347000 0.067000
vt 0.588000 0.061000
vt 0.190000 0.097000
vt 0.190000 0.078000
vt 0.239000 0.078000
vt 0.239000 0.097000
vt 0.246000 0.078000
vt 0.246000 0.097000
vt 0.178000 0.078000
vt 0.178000 0.097000
vt 0.332000 0.096000
vt 0.262000 0.077000
vt 0.262000 0.096000
vt 0.332000 0.077000
vt 0.340000 0.077000
vt 0.340000 0.096000
vt 0.253000 0.077000
vt 0.253000 0.096000
vt 0.087000 1.000000
vt 0.049000 0.991000
vt 0.018000 0.964000
vt 0.004000 0.926000
vt 0.171000 0.924000
vt 0.155000 0.963000
vt 0.125000 0.990000
vt 0.004000 0.748000
vt 0.170000 0.747000
vt 0.086000 0.672000
vt 0.124000 0.682000
vt 0.154000 0.708000
vt 0.017000 0.709000
vt 0.048000 0.682000
vt 0.179000 0.374000
vt 0.250000 0.374000
vt 0.250000 0.277000
vt 0.179000 0.277000
vt 0.267000 0.375000
vt 0.278000 0.375000
vt 0.278000 0.268000
vt 0.267000 0.268000
vt 0.307000 0.375000
vt 0.307000 0.268000
vt 0.335000 0.375000
vt 0.335000 0.268000
vt 0.346000 0.375000
vt 0.346000 0.268000
vt 0.359000 0.381000
vt 0.430000 0.381000
vt 0.430000 0.259000
vt 0.359000 0.259000
vt 0.359000 0.405000
vt 0.430000 0.405000
vt 0.359000 0.413000
vt 0.430000 0.413000
vt 0.250000 0.408000
vt 0.179000 0.412000
vt 0.250000 0.412000
vt 0.179000 0.408000
vt 0.250000 0.394000
vt 0.179000 0.394000
vt 0.327000 0.391000
vt 0.335000 0.399000
vt 0.314000 0.399000
vt 0.317000 0.409000
vt 0.299000 0.399000
vt 0.296000 0.409000
vt 0.286000 0.391000
vt 0.278000 0.399000
vt 0.250000 0.237000
vt 0.179000 0.247000
vt 0.250000 0.247000
vt 0.179000 0.237000
vt 0.359000 0.242000
vt 0.430000 0.238000
vt 0.359000 0.238000
vt 0.430000 0.242000
vt 0.359000 0.248000
vt 0.430000 0.248000
vt 0.299000 0.245000
vt 0.278000 0.244000
vt 0.286000 0.252000
vt 0.296000 0.234000
vt 0.314000 0.245000
vt 0.317000 0.234000
vt 0.327000 0.252000
vt 0.335000 0.244000
s 1
f 1197/443/372 1209/445/384 1200/444/375
f 1199/443/374 1050/444/280 1202/446/377
f 1204/447/379 1239/446/401 1206/444/381
f 1208/445/383 1053/447/283 1054/444/284
f 1213/447/386 1211/445/386 1214/448/386
f 1059/449/288 1056/445/286 1060/448/289
f 1216/450/389 1219/452/389 1221/451/389
f 1216/450/389 1221/451/389 1224/453/389
f 1220/452/290 1061/450/290 1226/453/290
f 1220/452/290 1226/453/290 1062/451/291
f 1228/454/395 1231/455/397 1218/452/391
f 1228/454/395 1218/452/391 1215/450/388
f 1232/455/292 1065/454/294 1217/450/390
f 1232/455/292 1217/450/390 1063/452/292
f 1234/456/394 1237/457/396 1230/455/396
f 1234/456/394 1230/455/396 1227/454/394
f 1238/457/295 1067/456/296 1229/454/296
f 1238/457/295 1229/454/296 1066/455/295
f 1241/446/403 1243/443/405 1236/457/400
f 1241/446/403 1236/457/400 1233/456/398
f 1244/443/406 1055/446/285 1235/456/399
f 1244/443/406 1235/456/399 1068/457/297
f 1208/445/383 1054/444/284 1242/443/404
f 1208/445/383 1242/443/404 1240/446/402
f 1204/447/379 1207/445/382 1239/446/401
f 1206/444/381 1239/446/401 1069/443/298
f 1060/448/289 1056/445/286 1205/447/380
f 1051/445/281 1058/448/281 1070/449/281
f 1202/446/377 1050/444/280 1212/447/387
f 1202/446/377 1212/447/387 1210/445/385
f 1197/443/372 1052/446/282 1209/445/384
f 1200/444/375 1209/445/384 1057/447/287
f 1246/456/408 1249/457/410 1198/443/373
f 1198/443/373 1201/446/376 1246/456/408
f 1250/457/411 1071/456/299 1203/446/378
f 1250/457/411 1203/446/378 1049/443/279
f 1252/454/407 1255/455/409 1248/457/409
f 1252/454/407 1248/457/409 1245/456/407
f 1256/455/300 1073/454/301 1247/456/301
f 1256/455/300 1247/456/301 1072/457/300
f 1258/450/415 1261/452/414 1254/455/414
f 1258/450/415 1254/455/414 1251/454/412
f 1262/452/416 1075/450/303 1253/454/413
f 1262/452/416 1253/454/413 1074/455/302
f 1225/453/393 1222/451/392 1260/452/393
f 1225/453/393 1260/452/393 1257/450/393
f 1223/451/293 1064/453/293 1259/450/293
f 1223/451/293 1259/450/293 1076/452/293
f 1263/443/372 1276/445/384 1266/444/375
f 1268/446/377 1265/443/374 1078/444/280
f 1270/447/379 1305/446/401 1272/444/381
f 1274/445/383 1081/447/306 1082/444/284
f 1079/445/305 1279/447/420 1086/448/309
f 1087/449/288 1275/445/288 1280/448/288
f 1282/450/389 1285/452/389 1287/451/389
f 1282/450/389 1287/451/389 1290/453/389
f 1286/452/290 1089/450/290 1292/453/290
f 1286/452/290 1292/453/290 1090/451/291
f 1294/454/395 1297/455/397 1284/452/397
f 1294/454/395 1284/452/397 1281/450/388
f 1298/455/292 1093/454/294 1283/450/421
f 1298/455/292 1283/450/421 1091/452/292
f 1300/456/394 1303/457/396 1296/455/396
f 1300/456/394 1296/455/396 1293/454/394
f 1304/457/295 1095/456/296 1295/454/296
f 1304/457/295 1295/454/296 1094/455/295
f 1307/446/425 1309/443/426 1302/457/424
f 1307/446/425 1302/457/424 1299/456/422
f 1310/443/427 1083/446/307 1301/456/423
f 1310/443/427 1301/456/423 1096/457/310
f 1274/445/383 1082/444/284 1308/443/404
f 1274/445/383 1308/443/404 1306/446/402
f 1270/447/379 1273/445/382 1305/446/401
f 1272/444/381 1305/446/401 1097/443/298
f 1088/448/308 1271/447/308 1084/445/308
f 1079/445/305 1086/448/309 1098/449/281
f 1268/446/377 1078/444/280 1278/447/387
f 1268/446/377 1278/447/387 1277/445/385
f 1263/443/372 1080/446/282 1276/445/384
f 1266/444/375 1276/445/384 1085/447/287
f 1312/456/428 1315/457/429 1264/443/417
f 1312/456/428 1264/443/417 1267/446/418
f 1316/457/430 1099/456/311 1269/446/419
f 1316/457/430 1269/446/419 1077/443/304
f 1318/454/407 1321/455/409 1314/457/409
f 1318/454/407 1314/457/409 1311/456/407
f 1322/455/300 1101/454/301 1313/456/301
f 1322/455/300 1313/456/301 1100/457/300
f 1324/450/431 1327/452/414 1320/455/414
f 1324/450/431 1320/455/414 1317/454/412
f 1328/452/302 1103/450/303 1319/454/413
f 1328/452/302 1319/454/413 1102/455/302
f 1291/453/393 1288/451/392 1326/452/393
f 1291/453/393 1326/452/393 1323/450/393
f 1289/451/293 1092/453/293 1325/450/293
f 1289/451/293 1325/450/293 1104/452/293
f 1329/458/432 1333/460/432 1332/459/432
f 1329/458/432 1335/461/432 1333/460/432
f 1109/462/314 1110/463/314 1334/460/314
f 1336/461/314 1334/460/314 1110/463/314
f 1107/460/313 1108/461/313 1331/459/313
f 1330/458/313 1331/459/313 1108/461/313
f 1106/459/312 1105/458/312 1111/464/312
f 1112/465/312 1111/464/312 1105/458/312
f 1338/458/433 1340/459/433 1341/460/433
f 1338/458/433 1341/460/433 1343/461/433
f 1117/462/314 1342/460/314 1118/463/314
f 1344/461/314 1118/463/314 1342/460/314
f 1114/460/316 1339/459/316 1116/461/316
f 1337/458/316 1116/461/316 1339/459/316
f 1115/459/315 1119/464/315 1113/458/315
f 1120/465/315 1113/458/315 1119/464/315
f 1345/466/434 1129/468/322 1128/467/321
f 1345/466/434 1128/467/321 1346/469/435
f 1123/470/318 1122/469/317 1124/471/317
f 1121/466/317 1124/471/317 1122/469/317
f 1348/467/319 1125/472/319 1350/468/319
f 1126/473/319 1350/468/319 1125/472/319
f 1351/466/437 1349/467/436 1347/468/322
f 1351/466/437 1352/469/438 1349/467/436
f 1131/470/323 1132/471/323 1130/469/323
f 1127/466/320 1130/469/323 1132/471/323
f 1353/466/439 1375/467/456 1372/468/455
f 1353/466/439 1354/469/440 1375/467/456
f 1136/470/327 1137/471/326 1135/469/326
f 1133/466/324 1135/469/326 1137/471/326
f 1141/467/328 1373/468/328 1138/472/328
f 1139/473/328 1138/472/328 1373/468/328
f 1355/466/441 1374/468/455 1134/467/325
f 1355/466/441 1134/467/325 1356/469/442
f 1143/470/331 1142/469/330 1144/471/330
f 1140/466/329 1144/471/330 1142/469/330
f 1145/474/332 1158/476/337 1146/475/333
f 1145/474/332 1157/477/332 1158/476/337
f 1145/474/332 1147/478/334 1157/477/332
f 1145/474/332 1148/479/314 1147/478/334
f 1145/474/332 1149/480/314 1148/479/314
f 1157/477/332 1150/482/334 1154/481/332
f 1157/477/332 1147/478/334 1150/482/334
f 1151/483/332 1155/485/314 1156/484/314
f 1151/483/332 1150/482/334 1155/485/314
f 1151/483/332 1154/481/332 1150/482/334
f 1151/483/332 1153/486/336 1154/481/332
f 1151/483/332 1152/487/335 1153/486/336
f 1159/488/338 1358/490/444 1161/489/338
f 1159/488/338 1160/491/339 1358/490/444
f 1357/492/443 1163/494/341 1162/493/340
f 1357/492/443 1164/495/342 1163/494/341
f 1162/493/340 1166/497/344 1165/496/343
f 1162/493/340 1163/494/341 1166/497/344
f 1165/496/343 1168/499/346 1167/498/345
f 1165/496/343 1166/497/344 1168/499/346
f 1167/498/345 1360/501/445 1169/500/347
f 1167/498/345 1168/499/346 1360/501/445
f 1359/502/348 1171/504/349 1170/503/348
f 1359/502/348 1172/505/350 1171/504/349
f 1361/506/446 1359/502/348 1170/503/348
f 1361/506/446 1170/503/348 1363/507/446
f 1376/508/353 1362/506/447 1174/507/352
f 1376/508/353 1174/507/352 1175/509/353
f 1182/510/355 1376/512/353 1175/511/353
f 1182/510/355 1175/511/353 1177/513/355
f 1366/514/450 1182/510/355 1177/513/355
f 1366/514/450 1177/513/355 1377/515/457
f 1161/489/338 1184/514/356 1178/515/356
f 1161/489/338 1178/515/356 1159/488/338
f 1179/516/357 1167/498/345 1169/500/347
f 1179/516/357 1169/500/347 1173/517/351
f 1180/518/358 1179/516/357 1173/517/351
f 1180/518/358 1173/517/351 1176/519/354
f 1181/520/359 1180/518/358 1176/519/354
f 1181/520/359 1176/519/354 1364/521/448
f 1183/522/360 1181/520/359 1364/521/448
f 1183/522/360 1364/521/448 1365/523/449
f 1162/493/340 1183/522/360 1365/523/449
f 1162/493/340 1365/523/449 1357/492/443
f 1165/496/343 1167/498/345 1179/516/357
f 1165/496/343 1179/516/357 1180/518/358
f 1165/496/343 1180/518/358 1181/520/359
f 1165/496/343 1181/520/359 1183/522/360
f 1165/496/343 1183/522/360 1162/493/340
f 1378/524/362 1192/526/368 1379/525/368
f 1378/524/362 1379/525/368 1186/527/362
f 1195/528/364 1378/530/362 1186/529/362
f 1195/528/364 1186/529/362 1188/531/364
f 1367/532/451 1195/528/364 1188/531/364
f 1367/532/451 1188/531/364 1369/533/451
f 1172/505/350 1368/532/452 1190/533/366
f 1172/505/350 1190/533/366 1171/504/349
f 1371/526/454 1358/490/444 1160/491/339
f 1371/526/454 1160/491/339 1185/525/361
f 1191/534/367 1193/536/369 1370/535/453
f 1191/534/367 1370/535/453 1187/537/363
f 1194/538/370 1191/534/367 1187/537/363
f 1194/538/370 1187/537/363 1380/539/458
f 1196/540/371 1194/538/370 1380/539/458
f 1196/540/371 1380/539/458 1189/541/365
f 1168/499/346 1196/540/371 1189/541/365
f 1168/499/346 1189/541/365 1360/501/445
f 1193/536/369 1163/494/341 1164/495/342
f 1193/536/369 1164/495/342 1370/535/453
f 1166/497/344 1193/536/369 1191/534/367
f 1166/497/344 1191/534/367 1194/538/370
f 1166/497/344 1194/538/370 1196/540/371
f 1166/497/344 1196/540/371 1168/499/346
f 1166/497/344 1163/494/341 1193/536/369
o bila_se2_R
v 0.615393 6.000843 0.174909
v 0.623779 6.026650 0.174909
v 0.626616 6.053638 0.174909
v 0.583668 5.957177 0.174909
v 0.601826 5.977343 0.174909
v 0.623779 6.080625 0.174909
v 0.536926 5.930190 0.174909
v 0.561716 5.941227 0.174909
v 0.601826 6.129932 0.174909
v 0.615393 6.106432 0.174909
v 0.561716 6.166048 0.174909
v 0.583668 6.150098 0.174909
v 0.483248 5.924548 0.174909
v 0.510383 5.924548 0.174909
v 0.510383 6.182727 0.174909
v 0.431916 5.941227 0.174909
v 0.456705 5.930190 0.174909
v 0.536926 6.177085 0.174909
v 0.456705 6.177085 0.174909
v 0.483248 6.182727 0.174909
v 0.409963 6.150098 0.174909
v 0.431916 6.166048 0.174909
v 0.378238 6.106432 0.174909
v 0.391805 6.129932 0.174909
v 0.391805 5.977343 0.174909
v 0.409963 5.957177 0.174909
v 0.367016 6.053638 0.174909
v 0.369853 6.026650 0.174909
v 0.378238 6.000843 0.174909
v 0.369853 6.080625 0.174909
vn -0.0000 -0.0000 1.0000
vt 0.761781 0.824246
vt 0.753855 0.848772
vt 0.751174 0.874420
vt 0.791767 0.782746
vt 0.774605 0.801911
vt 0.835947 0.757098
vt 0.812517 0.767588
vt 0.886683 0.751736
vt 0.861035 0.751736
vt 0.935201 0.767588
vt 0.911770 0.757098
vt 0.973112 0.801911
vt 0.955950 0.782746
vt 0.993862 0.848772
vt 0.985936 0.824245
vt 0.993862 0.900068
vt 0.996543 0.874420
vt 0.973112 0.946930
vt 0.985936 0.924596
vt 0.935201 0.981253
vt 0.955950 0.966095
vt 0.886683 0.997105
vt 0.911770 0.991743
vt 0.835947 0.991743
vt 0.861035 0.997105
vt 0.791767 0.966095
vt 0.812517 0.981253
vt 0.761781 0.924596
vt 0.774605 0.946930
vt 0.753855 0.900068
s 0
f 1381/542/459 1382/543/459 1383/544/459
f 1384/545/459 1385/546/459 1381/542/459
f 1387/547/459 1388/548/459 1384/545/459
f 1387/547/459 1384/545/459 1381/542/459
f 1393/549/459 1394/550/459 1387/547/459
f 1396/551/459 1397/552/459 1393/549/459
f 1396/551/459 1393/549/459 1387/547/459
f 1396/551/459 1387/547/459 1381/542/459
f 1405/553/459 1406/554/459 1396/551/459
f 1408/555/459 1409/556/459 1405/553/459
f 1408/555/459 1405/553/459 1396/551/459
f 1410/557/459 1407/558/459 1408/555/459
f 1404/559/459 1403/560/459 1410/557/459
f 1404/559/459 1410/557/459 1408/555/459
f 1404/559/459 1408/555/459 1396/551/459
f 1402/561/459 1401/562/459 1404/559/459
f 1400/563/459 1399/564/459 1402/561/459
f 1400/563/459 1402/561/459 1404/559/459
f 1398/565/459 1395/566/459 1400/563/459
f 1392/567/459 1391/568/459 1398/565/459
f 1392/567/459 1398/565/459 1400/563/459
f 1392/567/459 1400/563/459 1404/559/459
f 1392/567/459 1404/559/459 1396/551/459
f 1392/567/459 1396/551/459 1381/542/459
f 1390/569/459 1389/570/459 1392/567/459
f 1390/569/459 1392/567/459 1381/542/459
f 1390/569/459 1381/542/459 1383/544/459
f 1390/569/459 1383/544/459 1386/571/459
o modra_se2_R
v 0.615393 5.699388 0.174909
v 0.623779 5.725195 0.174909
v 0.626616 5.752182 0.174909
v 0.583668 5.655723 0.174909
v 0.601826 5.675888 0.174909
v 0.623779 5.779170 0.174909
v 0.536926 5.628735 0.174909
v 0.561716 5.639772 0.174909
v 0.601826 5.828477 0.174909
v 0.615393 5.804977 0.174909
v 0.561716 5.864593 0.174909
v 0.583668 5.848642 0.174909
v 0.483248 5.623093 0.174909
v 0.510383 5.623093 0.174909
v 0.510383 5.881272 0.174909
v 0.431916 5.639772 0.174909
v 0.456705 5.628735 0.174909
v 0.536926 5.875630 0.174909
v 0.456705 5.875630 0.174909
v 0.483248 5.881272 0.174909
v 0.409963 5.848642 0.174909
v 0.431916 5.864593 0.174909
v 0.378238 5.804977 0.174909
v 0.391805 5.828477 0.174909
v 0.391805 5.675888 0.174909
v 0.409963 5.655723 0.174909
v 0.367016 5.752182 0.174909
v 0.369853 5.725195 0.174909
v 0.378238 5.699388 0.174909
v 0.369853 5.779170 0.174909
vn -0.0000 -0.0000 1.0000
vt 0.261343 0.323378
vt 0.253417 0.347905
vt 0.250736 0.373553
vt 0.291329 0.281879
vt 0.274167 0.301044
vt 0.335509 0.256231
vt 0.312079 0.266720
vt 0.386245 0.250869
vt 0.360597 0.250869
vt 0.434763 0.266720
vt 0.411332 0.256231
vt 0.472674 0.301044
vt 0.455513 0.281879
vt 0.493424 0.347905
vt 0.485498 0.323378
vt 0.493424 0.399201
vt 0.496105 0.373553
vt 0.472674 0.446062
vt 0.485498 0.423728
vt 0.434763 0.480386
vt 0.455513 0.465227
vt 0.386245 0.496237
vt 0.411332 0.490875
vt 0.335509 0.490875
vt 0.360597 0.496237
vt 0.291329 0.465227
vt 0.312079 0.480386
vt 0.261343 0.423728
vt 0.274167 0.446062
vt 0.253417 0.399201
s 0
f 1411/572/460 1412/573/460 1413/574/460
f 1414/575/460 1415/576/460 1411/572/460
f 1417/577/460 1418/578/460 1414/575/460
f 1417/577/460 1414/575/460 1411/572/460
f 1423/579/460 1424/580/460 1417/577/460
f 1426/581/460 1427/582/460 1423/579/460
f 1426/581/460 1423/579/460 1417/577/460
f 1426/581/460 1417/577/460 1411/572/460
f 1435/583/460 1436/584/460 1426/581/460
f 1438/585/460 1439/586/460 1435/583/460
f 1438/585/460 1435/583/460 1426/581/460
f 1440/587/460 1437/588/460 1438/585/460
f 1434/589/460 1433/590/460 1440/587/460
f 1434/589/460 1440/587/460 1438/585/460
f 1434/589/460 1438/585/460 1426/581/460
f 1432/591/460 1431/592/460 1434/589/460
f 1430/593/460 1429/594/460 1432/591/460
f 1430/593/460 1432/591/460 1434/589/460
f 1428/595/460 1425/596/460 1430/593/460
f 1422/597/460 1421/598/460 1428/595/460
f 1422/597/460 1428/595/460 1430/593/460
f 1422/597/460 1430/593/460 1434/589/460
f 1422/597/460 1434/589/460 1426/581/460
f 1422/597/460 1426/581/460 1411/572/460
f 1420/599/460 1419/600/460 1422/597/460
f 1420/599/460 1422/597/460 1411/572/460
f 1420/599/460 1411/572/460 1413/574/460
f 1420/599/460 1413/574/460 1416/601/460
o uchyty_se2_L
v -0.543100 5.389700 0.150601
v -0.454800 5.389700 0.150601
v -0.454800 5.227600 0.150601
v -0.543100 5.227600 0.150601
v -0.688000 5.308400 0.159301
v -0.310000 5.119700 0.159301
v -0.310000 5.308400 0.159301
v -0.688000 5.119700 0.159301
v -0.506600 6.305800 0.024701
v -0.519200 6.305800 0.000001
v -0.506600 6.305800 -0.024699
v -0.506600 6.279000 0.024701
v -0.506600 6.279000 -0.024699
v -0.519200 6.279000 0.000001
v -0.479400 6.305800 0.022301
v -0.068800 6.270700 -0.096799
v -0.068800 6.270700 0.096801
v -0.083000 6.396300 -0.096799
v -0.068800 6.396300 0.096801
v -0.068800 6.396300 -0.096799
v -0.083000 6.396300 0.096801
v -0.083000 6.270700 -0.096799
v -0.083000 6.270700 0.096801
v -0.479400 6.305800 -0.022299
v -0.080000 6.279000 -0.046799
v -0.080000 6.388600 -0.010299
v -0.479400 6.279000 -0.022299
v -0.080000 6.388600 0.010301
v -0.479400 6.279000 0.022301
v -0.080000 6.279000 0.046801
v -0.068800 6.356000 -0.089399
v 0.038600 6.307900 -0.088699
v 0.038600 6.356000 -0.088699
v -0.068800 6.307900 -0.089399
v 0.086600 6.356000 -0.025599
v 0.086600 6.307900 0.025601
v 0.038600 6.356000 0.088701
v 0.038600 6.307900 0.088701
v 0.086600 6.356000 0.025601
v -0.068800 6.356000 0.089401
v 0.086600 6.307900 -0.025599
v -0.068800 6.307900 0.089401
v -0.083000 5.556600 -0.117099
v -0.068800 5.556600 -0.117099
v -0.083000 5.389600 0.117101
v -0.068800 5.389600 0.117101
v -0.083000 5.556600 0.117101
v -0.083000 5.389600 -0.117099
v -0.068800 5.556600 0.117101
v -0.068800 5.389600 -0.117099
v -0.531500 5.526800 -0.030299
v -0.487100 5.466800 -0.065099
v -0.531500 5.466800 -0.030299
v -0.487100 5.526800 -0.065099
v -0.414200 5.466800 -0.081699
v -0.080000 5.503000 0.112301
v -0.414200 5.466800 0.081701
v -0.487100 5.526800 0.065101
v -0.531500 5.526800 0.030301
v -0.531500 5.466800 0.030301
v -0.414200 5.526800 -0.081699
v -0.080000 5.503000 -0.112299
v -0.414200 5.526800 0.081701
v -0.080000 5.443000 0.112301
v -0.080000 5.443000 -0.112299
v -0.487100 5.466800 0.065101
v -0.068800 5.544400 -0.089399
v -0.068800 5.401800 -0.089399
v 0.038600 5.544400 -0.088699
v 0.086600 5.401800 -0.025599
v 0.038600 5.401800 -0.088699
v 0.038600 5.401800 0.088701
v 0.038600 5.544400 0.088701
v -0.068800 5.401800 0.089401
v 0.086600 5.544400 0.025601
v 0.086600 5.544400 -0.025599
v -0.068800 5.544400 0.089401
v 0.086600 5.401800 0.025601
v -0.590100 6.175500 0.049401
v -0.590100 6.249899 0.049401
v -0.406000 6.175500 0.049401
v -0.406000 6.175500 0.099301
v -0.406000 6.249899 0.049401
v -0.590100 6.175500 0.099301
v -0.590100 6.249899 0.099301
v -0.406000 6.249899 0.099301
v -0.498000 6.232700 0.047801
v -0.507100 6.214600 -0.252199
v -0.498000 6.232700 -0.252199
v -0.507100 6.214600 0.047801
v -0.489000 6.214600 -0.252199
v -0.489000 6.214600 0.047801
v -0.498000 6.235800 0.011601
v -0.507100 6.380300 -0.006499
v -0.498000 6.380300 0.011601
v -0.507100 6.235800 -0.006499
v -0.489000 6.380300 -0.006499
v -0.489000 6.235800 -0.006499
v -0.513400 6.237500 0.029901
v -0.513400 6.210200 -0.024799
v -0.513400 6.237500 -0.024799
v -0.513400 6.210200 0.029901
v -0.482600 6.210200 -0.024799
v -0.482600 6.237500 -0.024799
v -0.482600 6.210200 0.029901
v -0.482600 6.237500 0.029901
v -0.589700 5.614200 0.030601
v -0.589700 5.522600 -0.030599
v -0.589700 5.522600 0.030601
v -0.589700 5.614200 -0.030599
v -0.405600 5.522600 -0.030599
v -0.405600 5.614200 -0.030599
v -0.405600 5.522600 0.030601
v -0.405600 5.614200 0.030601
v -0.688000 5.308400 0.159301
v -0.310000 5.308400 0.159301
v -0.310000 5.119700 0.159301
v -0.506600 6.305800 0.024701
v -0.506600 6.305800 0.024701
v -0.519200 6.305800 0.000001
v -0.519200 6.305800 0.000001
v -0.506600 6.305800 -0.024699
v -0.506600 6.305800 -0.024699
v -0.506600 6.279000 0.024701
v -0.506600 6.279000 0.024701
v -0.519200 6.279000 0.000001
v -0.519200 6.279000 0.000001
v -0.506600 6.279000 -0.024699
v -0.506600 6.279000 -0.024699
v -0.479400 6.305800 0.022301
v -0.068800 6.270700 -0.096799
v -0.068800 6.270700 -0.096799
v -0.068800 6.270700 0.096801
v -0.068800 6.270700 0.096801
v -0.068800 6.396300 0.096801
v -0.068800 6.396300 0.096801
v -0.068800 6.396300 -0.096799
v -0.068800 6.396300 -0.096799
v -0.083000 6.396300 0.096801
v -0.083000 6.396300 0.096801
v -0.083000 6.270700 -0.096799
v -0.083000 6.270700 -0.096799
v -0.083000 6.270700 0.096801
v -0.083000 6.270700 0.096801
v -0.479400 6.305800 -0.022299
v -0.080000 6.388600 -0.010299
v -0.080000 6.279000 -0.046799
v -0.479400 6.279000 -0.022299
v -0.479400 6.279000 0.022301
v -0.080000 6.279000 0.046801
v -0.068800 6.356000 -0.089399
v 0.038600 6.356000 -0.088699
v 0.038600 6.356000 -0.088699
v 0.038600 6.307900 -0.088699
v 0.038600 6.307900 -0.088699
v -0.068800 6.307900 -0.089399
v -0.083000 5.556600 -0.117099
v -0.083000 5.556600 -0.117099
v -0.068800 5.556600 -0.117099
v -0.068800 5.556600 -0.117099
v -0.083000 5.389600 0.117101
v -0.083000 5.389600 0.117101
v -0.068800 5.389600 0.117101
v -0.068800 5.389600 0.117101
v -0.487100 5.466800 -0.065099
v -0.531500 5.466800 -0.030299
v -0.531500 5.466800 -0.030299
v -0.531500 5.526800 -0.030299
v -0.531500 5.466800 0.030301
v -0.531500 5.466800 0.030301
v -0.414200 5.526800 -0.081699
v -0.080000 5.503000 -0.112299
v -0.487100 5.466800 0.065101
v 0.086600 5.401800 -0.025599
v 0.086600 5.401800 -0.025599
v 0.038600 5.401800 -0.088699
v 0.038600 5.401800 -0.088699
v 0.038600 5.544400 -0.088699
v 0.038600 5.544400 -0.088699
v 0.086600 5.544400 0.025601
v 0.086600 5.544400 0.025601
v 0.086600 5.544400 -0.025599
v 0.086600 5.544400 -0.025599
v -0.590100 6.175500 0.049401
v -0.590100 6.249899 0.049401
v -0.590100 6.249899 0.049401
v -0.590100 6.175500 0.099301
v -0.590100 6.249899 0.099301
v -0.590100 6.249899 0.099301
v -0.406000 6.249899 0.099301
v -0.406000 6.249899 0.099301
v -0.498000 6.232700 0.047801
v -0.498000 6.232700 -0.252199
v -0.498000 6.232700 -0.252199
v -0.507100 6.214600 -0.252199
v -0.507100 6.214600 -0.252199
v -0.507100 6.214600 0.047801
v -0.489000 6.214600 -0.252199
v -0.489000 6.214600 -0.252199
v -0.489000 6.214600 0.047801
v -0.498000 6.235800 0.011601
v -0.498000 6.380300 0.011601
v -0.498000 6.380300 0.011601
v -0.507100 6.380300 -0.006499
v -0.507100 6.380300 -0.006499
v -0.507100 6.235800 -0.006499
v -0.489000 6.380300 -0.006499
v -0.489000 6.380300 -0.006499
v -0.489000 6.235800 -0.006499
v -0.513400 6.237500 0.029901
v -0.513400 6.237500 0.029901
v -0.513400 6.237500 -0.024799
v -0.513400 6.237500 -0.024799
v -0.513400 6.210200 -0.024799
v -0.513400 6.210200 -0.024799
v -0.513400 6.210200 0.029901
v -0.513400 6.210200 0.029901
v -0.482600 6.237500 -0.024799
v -0.482600 6.237500 -0.024799
v -0.482600 6.210200 -0.024799
v -0.482600 6.210200 -0.024799
v -0.482600 6.237500 0.029901
v -0.482600 6.237500 0.029901
v -0.482600 6.210200 0.029901
v -0.482600 6.210200 0.029901
v -0.589700 5.522600 -0.030599
v -0.589700 5.522600 -0.030599
v -0.589700 5.522600 0.030601
v -0.589700 5.522600 0.030601
v -0.589700 5.614200 0.030601
v -0.688000 5.119700 0.159301
v -0.083000 6.396300 -0.096799
v -0.083000 6.396300 -0.096799
v -0.080000 6.388600 0.010301
v 0.086600 6.356000 -0.025599
v 0.086600 6.356000 -0.025599
v 0.086600 6.307900 -0.025599
v 0.086600 6.307900 -0.025599
v 0.086600 6.356000 0.025601
v 0.086600 6.356000 0.025601
v 0.086600 6.307900 0.025601
v 0.086600 6.307900 0.025601
v 0.038600 6.356000 0.088701
v 0.038600 6.356000 0.088701
v 0.038600 6.307900 0.088701
v 0.038600 6.307900 0.088701
v -0.068800 6.356000 0.089401
v -0.068800 6.307900 0.089401
v -0.068800 5.556600 0.117101
v -0.068800 5.556600 0.117101
v -0.068800 5.389600 -0.117099
v -0.068800 5.389600 -0.117099
v -0.083000 5.389600 -0.117099
v -0.083000 5.389600 -0.117099
v -0.083000 5.556600 0.117101
v -0.083000 5.556600 0.117101
v -0.487100 5.526800 -0.065099
v -0.414200 5.466800 -0.081699
v -0.080000 5.443000 -0.112299
v -0.080000 5.503000 0.112301
v -0.414200 5.526800 0.081701
v -0.414200 5.466800 0.081701
v -0.080000 5.443000 0.112301
v -0.487100 5.526800 0.065101
v -0.531500 5.526800 0.030301
v -0.068800 5.544400 -0.089399
v -0.068800 5.401800 -0.089399
v 0.086600 5.401800 0.025601
v 0.086600 5.401800 0.025601
v 0.038600 5.544400 0.088701
v 0.038600 5.544400 0.088701
v 0.038600 5.401800 0.088701
v 0.038600 5.401800 0.088701
v -0.068800 5.544400 0.089401
v -0.068800 5.401800 0.089401
v -0.406000 6.175500 0.049401
v -0.406000 6.249899 0.049401
v -0.406000 6.249899 0.049401
v -0.406000 6.175500 0.099301
v -0.589700 5.614200 -0.030599
v -0.405600 5.522600 -0.030599
v -0.405600 5.522600 -0.030599
v -0.405600 5.614200 -0.030599
v -0.405600 5.522600 0.030601
v -0.405600 5.522600 0.030601
v -0.405600 5.614200 0.030601
vn -0.0000 -0.0000 1.0000
vn 0.0879 -0.0000 0.9961
vn -0.8908 -0.0000 -0.4544
vn 0.0879 -0.0000 -0.9961
vn -0.0000 -1.0000 -0.0000
vn -0.0983 0.9952 -0.0000
vn -0.0000 1.0000 -0.0000
vn -0.2030 0.9792 -0.0000
vn -1.0000 -0.0000 -0.0000
vn -0.0393 -0.9992 -0.0000
vn 0.0710 0.9975 -0.0000
vn 0.0393 0.9992 -0.0000
vn -0.1585 -0.0000 0.9874
vn -0.0912 -0.0000 0.9958
vn -0.0912 -0.0000 -0.9958
vn -0.4299 -0.0000 0.9029
vn -0.0000 -0.0000 -1.0000
vn 1.0000 -0.0000 -0.0000
vn 0.8954 0.4452 -0.0000
vn 0.8954 -0.0000 0.4452
vn -0.8908 -0.0000 0.4544
vn 0.0572 -0.0000 0.9984
vn 0.0106 0.0270 -0.9996
vn -0.0370 0.3158 -0.9481
vn -0.0381 0.3028 -0.9523
vn 0.0134 -0.0000 -0.9999
vn 0.0512 0.0284 0.9983
vn -0.0581 0.3154 0.9472
vn 0.0065 -0.0000 -1.0000
vn 0.7959 -0.0000 -0.6054
vn -0.4299 -0.0000 -0.9029
vn -0.6169 -0.0000 -0.7871
vn -0.6169 -0.0000 0.7871
vn -0.1585 -0.0000 -0.9874
vn 0.7959 -0.0000 0.6054
vn -0.8934 0.4492 -0.0000
vn -0.8934 -0.0000 0.4492
vn -0.0542 0.3016 0.9519
vn 0.0065 -0.0000 1.0000
vn -0.1555 -0.0000 -0.9878
vn -0.0710 -0.9975 -0.0000
vn -0.1555 -0.0000 0.9878
vt 0.930000 0.992000
vt 0.877000 0.992000
vt 0.877000 0.939000
vt 0.930000 0.939000
vt 0.592000 0.927000
vt 0.661000 0.857000
vt 0.661000 0.927000
vt 0.592000 0.857000
vt 0.580000 0.372000
vt 0.505000 0.325000
vt 0.505000 0.372000
vt 0.580000 0.325000
vt 0.705000 0.977000
vt 0.721000 0.977000
vt 0.760000 0.753000
vt 0.660000 0.753000
vt 0.660000 0.725000
vt 0.760000 0.725000
vt 0.226000 0.223000
vt 0.221000 0.195000
vt 0.221000 0.223000
vt 0.227000 0.195000
vt 0.760000 0.822000
vt 0.660000 0.794000
vt 0.660000 0.822000
vt 0.760000 0.794000
vt 0.705000 0.873000
vt 0.722000 0.875000
vt 0.722000 0.873000
vt 0.704000 0.875000
vt 0.335000 0.197000
vt 0.226000 0.191000
vt 0.335000 0.192000
vt 0.221000 0.220000
vt 0.195000 0.200000
vt 0.195000 0.220000
vt 0.221000 0.200000
vt 0.678000 0.751000
vt 0.698000 0.727000
vt 0.698000 0.751000
vt 0.678000 0.727000
vt 0.722000 0.727000
vt 0.722000 0.751000
vt 0.743000 0.727000
vt 0.743000 0.751000
vt 0.711000 0.856000
vt 0.720000 0.865000
vt 0.715000 0.856000
vt 0.706000 0.865000
vt 0.720000 0.873000
vt 0.706000 0.873000
vt 0.759000 0.852000
vt 0.659000 0.852000
vt 0.659000 0.762000
vt 0.759000 0.762000
vt 0.227000 0.165000
vt 0.221000 0.102000
vt 0.221000 0.165000
vt 0.227000 0.102000
vt 0.759000 0.829000
vt 0.663000 0.784000
vt 0.663000 0.829000
vt 0.759000 0.784000
vt 0.672000 0.873000
vt 0.750000 0.876000
vt 0.750000 0.873000
vt 0.672000 0.876000
vt 0.723000 0.993000
vt 0.743000 0.980000
vt 0.721000 0.996000
vt 0.341000 0.138000
vt 0.325000 0.121000
vt 0.325000 0.137000
vt 0.341000 0.122000
vt 0.226000 0.118000
vt 0.226000 0.134000
vt 0.354000 0.122000
vt 0.354000 0.138000
vt 0.700000 0.993000
vt 0.701000 0.996000
vt 0.669000 0.875000
vt 0.747000 0.966000
vt 0.753000 0.875000
vt 0.675000 0.966000
vt 0.680000 0.980000
vt 0.221000 0.161000
vt 0.195000 0.106000
vt 0.195000 0.161000
vt 0.221000 0.106000
vt 0.677000 0.845000
vt 0.697000 0.770000
vt 0.697000 0.845000
vt 0.677000 0.770000
vt 0.722000 0.770000
vt 0.722000 0.845000
vt 0.742000 0.770000
vt 0.742000 0.845000
vt 0.702000 0.856000
vt 0.744000 0.865000
vt 0.721000 0.856000
vt 0.678000 0.865000
vt 0.744000 0.873000
vt 0.678000 0.873000
vt 0.363000 0.185000
vt 0.350000 0.185000
vt 0.350000 0.169000
vt 0.363000 0.169000
vt 0.676000 0.819000
vt 0.742000 0.819000
vt 0.742000 0.799000
vt 0.676000 0.799000
vt 0.349000 0.180000
vt 0.270000 0.173000
vt 0.270000 0.178000
vt 0.349000 0.174000
vt 0.327000 0.179000
vt 0.323000 0.215000
vt 0.327000 0.215000
vt 0.323000 0.179000
vt 0.332000 0.180000
vt 0.315000 0.172000
vt 0.315000 0.180000
vt 0.332000 0.172000
vt 0.353000 0.167000
vt 0.329000 0.136000
vt 0.329000 0.167000
vt 0.353000 0.136000
s 1
f 1441/602/461 1443/604/461 1442/603/461
f 1441/602/461 1444/605/461 1443/604/461
f 1555/606/477 1556/608/477 1557/607/477
f 1557/607/477 1671/609/477 1555/606/477
f 1447/610/461 1445/612/461 1448/611/461
f 1448/611/461 1446/613/461 1447/610/461
f 1558/614/467 1562/615/467 1560/615/467
f 1561/614/481 1566/614/481 1564/614/481
f 1564/614/481 1559/614/481 1561/614/481
f 1568/615/465 1565/614/465 1454/614/465
f 1567/615/463 1450/615/463 1563/615/463
f 1563/615/463 1569/615/463 1567/615/463
f 1453/615/464 1451/615/464 1585/615/483
f 1585/615/483 1588/615/486 1453/615/464
f 1449/614/462 1452/614/462 1589/614/487
f 1589/614/487 1570/614/482 1449/614/462
f 1562/615/467 1558/614/467 1455/614/466
f 1455/614/466 1464/615/466 1562/615/467
f 1565/614/465 1568/615/465 1467/615/465
f 1467/615/465 1469/614/465 1565/614/465
f 1575/616/478 1571/618/478 1577/617/478
f 1575/616/478 1573/619/478 1571/618/478
f 1672/620/477 1578/622/477 1572/621/477
f 1572/621/477 1582/623/477 1672/620/477
f 1576/622/461 1579/620/461 1584/623/461
f 1584/623/461 1574/621/461 1576/622/461
f 1580/624/469 1673/626/469 1581/625/469
f 1581/625/469 1583/627/469 1580/624/469
f 1459/628/467 1460/630/467 1458/629/467
f 1458/629/467 1461/631/467 1459/628/467
f 1457/628/465 1463/631/465 1462/629/465
f 1462/629/465 1456/630/465 1457/628/465
f 1585/632/483 1586/620/484 1587/633/485
f 1587/633/485 1588/634/486 1585/632/483
f 1674/620/498 1570/632/482 1589/634/487
f 1589/634/487 1590/633/488 1674/620/498
f 1468/631/468 1466/629/468 1464/615/466
f 1464/615/466 1455/614/466 1468/631/468
f 1470/631/465 1469/614/465 1467/615/465
f 1467/615/465 1465/629/465 1470/631/465
f 1591/635/489 1592/637/489 1594/636/489
f 1594/636/489 1596/638/489 1591/635/489
f 1593/639/490 1676/641/490 1677/640/490
f 1677/640/490 1595/642/490 1593/639/490
f 1675/641/478 1679/644/478 1681/643/478
f 1681/643/478 1678/640/478 1675/641/478
f 1680/644/495 1683/646/495 1685/645/495
f 1685/645/495 1682/643/495 1680/644/495
f 1684/637/499 1687/635/499 1688/638/499
f 1688/638/499 1686/636/499 1684/637/499
f 1479/647/467 1475/649/467 1473/648/467
f 1473/648/467 1477/650/467 1479/647/467
f 1477/650/467 1473/648/467 1471/651/467
f 1471/651/467 1480/652/467 1477/650/467
f 1476/647/465 1478/650/465 1472/648/465
f 1472/648/465 1481/649/465 1476/647/465
f 1478/650/465 1482/652/465 1474/651/465
f 1474/651/465 1472/648/465 1478/650/465
f 1689/653/478 1691/655/478 1600/654/478
f 1689/653/478 1604/656/478 1691/655/478
f 1597/657/477 1599/659/477 1692/658/477
f 1692/658/477 1694/660/477 1597/657/477
f 1690/659/461 1696/657/461 1601/660/461
f 1601/660/461 1603/658/461 1690/659/461
f 1695/661/469 1598/663/469 1693/662/469
f 1693/662/469 1602/664/469 1695/661/469
f 1489/665/467 1484/667/467 1483/666/467
f 1483/666/467 1487/668/467 1489/665/467
f 1486/665/465 1485/668/465 1488/666/465
f 1488/666/465 1490/667/465 1486/665/465
f 1608/669/492 1697/670/491 1605/670/491
f 1605/670/491 1606/671/492 1608/669/492
f 1697/672/491 1611/674/494 1698/673/500
f 1698/673/500 1605/675/491 1697/672/491
f 1611/674/494 1612/677/475 1505/676/475
f 1505/676/475 1698/673/500 1611/674/494
f 1700/677/474 1503/674/473 1702/673/502
f 1702/673/502 1504/676/474 1700/677/474
f 1503/674/473 1704/672/476 1506/675/476
f 1506/675/476 1702/673/502 1503/674/473
f 1704/672/476 1705/679/493 1610/678/493
f 1610/678/493 1506/675/476 1704/672/476
f 1499/680/469 1491/669/469 1607/671/469
f 1607/671/469 1609/681/469 1499/680/469
f 1496/682/471 1502/684/471 1501/683/472
f 1501/683/472 1701/685/472 1496/682/471
f 1701/685/472 1501/683/472 1494/670/467
f 1494/670/467 1498/686/467 1701/685/472
f 1703/682/501 1497/685/470 1495/683/470
f 1495/683/470 1699/684/501 1703/682/501
f 1497/685/470 1613/686/465 1492/670/465
f 1492/670/465 1495/683/470 1497/685/470
f 1613/686/465 1500/681/465 1493/671/465
f 1493/671/465 1492/670/465 1613/686/465
f 1706/687/489 1619/689/489 1617/688/489
f 1617/688/489 1707/690/489 1706/687/489
f 1618/691/490 1623/693/490 1614/692/490
f 1614/692/490 1616/694/490 1618/691/490
f 1622/693/478 1620/696/478 1708/695/478
f 1708/695/478 1615/692/478 1622/693/478
f 1621/696/495 1711/698/495 1712/697/495
f 1712/697/495 1709/695/495 1621/696/495
f 1710/689/499 1714/687/499 1715/690/499
f 1715/690/499 1713/688/499 1710/689/499
f 1515/699/467 1516/701/467 1509/700/467
f 1509/700/467 1513/702/467 1515/699/467
f 1513/702/467 1509/700/467 1507/703/467
f 1507/703/467 1517/704/467 1513/702/467
f 1518/699/465 1512/702/465 1511/700/465
f 1511/700/465 1510/701/465 1518/699/465
f 1512/702/465 1514/704/465 1508/703/465
f 1508/703/465 1511/700/465 1512/702/465
f 1627/705/469 1625/707/469 1624/706/469
f 1625/707/469 1627/705/469 1628/708/469
f 1519/709/477 1717/711/477 1716/710/477
f 1717/711/477 1519/709/477 1626/712/477
f 1521/706/478 1631/708/478 1719/705/478
f 1631/708/478 1521/706/478 1718/707/478
f 1522/710/461 1629/712/461 1524/709/461
f 1629/712/461 1522/710/461 1630/711/461
f 1523/711/467 1525/712/467 1526/711/467
f 1525/712/467 1523/711/467 1520/712/467
f 1632/713/496 1633/715/496 1635/714/496
f 1635/714/496 1637/716/496 1632/713/496
f 1638/714/477 1636/714/477 1634/715/477
f 1529/715/479 1527/713/479 1640/716/479
f 1640/716/479 1639/714/479 1529/715/479
f 1531/714/465 1532/716/465 1530/716/465
f 1530/716/465 1528/714/465 1531/714/465
f 1641/717/497 1642/719/497 1644/718/497
f 1644/718/497 1646/720/497 1641/717/497
f 1647/718/467 1645/718/467 1643/719/467
f 1535/719/480 1533/717/480 1649/720/480
f 1649/720/480 1648/718/480 1535/719/480
f 1537/718/477 1538/720/477 1536/720/477
f 1536/720/477 1534/718/477 1537/718/477
f 1650/721/469 1652/723/469 1654/722/469
f 1654/722/469 1656/724/469 1650/721/469
f 1653/723/477 1658/723/477 1660/722/477
f 1660/722/477 1655/722/477 1653/723/477
f 1659/723/478 1662/721/478 1664/724/478
f 1664/724/478 1661/722/478 1659/723/478
f 1663/721/461 1651/721/461 1657/724/461
f 1657/724/461 1665/724/461 1663/721/461
f 1544/723/467 1541/723/467 1539/721/467
f 1539/721/467 1546/721/467 1544/723/467
f 1543/722/465 1545/724/465 1542/724/465
f 1542/724/465 1540/722/465 1543/722/465
f 1670/725/469 1550/727/469 1666/726/469
f 1666/726/469 1668/728/469 1670/725/469
f 1720/709/477 1552/710/477 1721/711/477
f 1721/711/477 1667/712/477 1720/709/477
f 1723/727/478 1726/725/478 1724/728/478
f 1724/728/478 1722/726/478 1723/727/478
f 1554/710/461 1547/709/461 1669/712/461
f 1669/712/461 1725/711/461 1554/710/461
f 1551/711/465 1553/711/465 1549/712/465
f 1549/712/465 1548/712/465 1551/711/465
o stit_se2_L
v -0.680600 5.710700 0.914001
v -0.679500 5.670000 0.900001
v -0.648000 5.715900 0.161001
v -0.648000 5.743100 0.161001
v -0.321500 5.641000 0.869901
v -0.320100 5.670000 0.900001
v -0.352000 5.743100 0.161001
v -0.352000 5.715900 0.161001
v -0.678500 5.641000 0.869901
v -0.675000 5.618000 0.821001
v -0.328200 5.618000 0.754001
v -0.325500 5.618000 0.821001
v -0.443400 5.879900 0.161101
v -0.500000 5.891400 0.919001
v -0.430900 5.877600 0.919001
v -0.500000 5.891200 0.161001
v -0.395300 5.847800 0.161101
v -0.372300 5.838400 0.919001
v -0.363200 5.799800 0.161101
v -0.333100 5.779800 0.919001
v -0.319400 5.710700 0.914001
v -0.671800 5.618000 0.754001
v -0.636800 5.799800 0.161101
v -0.666900 5.779800 0.919001
v -0.604700 5.847800 0.161101
v -0.627700 5.838400 0.919001
v -0.556600 5.879900 0.161101
v -0.569100 5.877600 0.919001
v -0.680600 6.010700 0.914001
v -0.679500 5.970000 0.900001
v -0.648000 6.015900 0.161001
v -0.648000 6.043100 0.161001
v -0.321500 5.941000 0.869901
v -0.320100 5.970100 0.900001
v -0.352000 6.043100 0.161001
v -0.352000 6.015900 0.161001
v -0.678500 5.941000 0.869901
v -0.675000 5.918000 0.821001
v -0.328200 5.918000 0.754001
v -0.325500 5.918000 0.821001
v -0.443400 6.179800 0.161101
v -0.500000 6.191300 0.919001
v -0.430900 6.177500 0.919001
v -0.500000 6.191100 0.161001
v -0.395300 6.147700 0.161101
v -0.372300 6.138300 0.919001
v -0.363200 6.099700 0.161101
v -0.333100 6.079700 0.919001
v -0.319400 6.010700 0.914001
v -0.671800 5.918000 0.754001
v -0.636800 6.099700 0.161101
v -0.666900 6.079700 0.919001
v -0.604700 6.147700 0.161101
v -0.627700 6.138300 0.919001
v -0.556600 6.179800 0.161101
v -0.569100 6.177500 0.919001
v -0.660000 5.915200 0.077201
v -0.660000 5.870900 0.077201
v -0.749700 5.870900 0.160101
v -0.749700 5.915200 0.160101
v -0.785000 5.870900 0.160101
v -0.785000 5.915200 0.160101
v -0.660000 5.870900 0.037101
v -0.660000 5.915200 0.037101
v -0.340000 5.915200 0.077201
v -0.250300 5.870900 0.160101
v -0.340000 5.870900 0.077201
v -0.250300 5.915200 0.160101
v -0.215000 5.870900 0.160101
v -0.215000 5.915200 0.160101
v -0.340000 5.870900 0.037101
v -0.340000 5.915200 0.037101
v -0.335700 6.062800 0.542501
v -0.335700 6.043400 0.553001
v -0.333700 6.058600 0.592101
v -0.333700 6.078100 0.581601
v -0.200000 5.881200 0.162001
v -0.200000 5.904900 0.162001
v -0.335700 5.748700 0.542501
v -0.249800 5.881500 0.162101
v -0.249800 5.905200 0.162101
v -0.335700 5.768200 0.553001
v -0.333700 5.752900 0.592101
v -0.333700 5.733500 0.581601
v -0.664300 6.062800 0.542501
v -0.750200 5.905200 0.162101
v -0.664300 6.043400 0.553001
v -0.666300 6.058600 0.592101
v -0.666300 6.078100 0.581601
v -0.800000 5.881200 0.162001
v -0.800000 5.904900 0.162001
v -0.664300 5.748700 0.542501
v -0.750200 5.881500 0.162101
v -0.664300 5.768200 0.553001
v -0.666300 5.752900 0.592101
v -0.666300 5.733500 0.581601
v -0.500000 6.482000 0.161001
v -0.675700 6.443000 0.161101
v -0.106300 6.164700 0.161001
v -0.183500 6.327500 0.161001
v -0.324400 6.440800 0.161001
v -0.104200 5.616400 0.161001
v -0.500000 5.304000 0.161001
v -0.675600 5.345200 0.161101
v -0.816500 5.458400 0.161101
v -0.893700 5.621300 0.161101
v -0.183400 5.454500 0.161001
v -0.324300 5.343000 0.161001
v -0.895800 6.169600 0.161101
v -0.816600 6.331500 0.161101
v -0.342400 6.066900 0.161001
v -0.342400 5.719000 0.161001
v -0.342400 6.066900 -0.050999
v -0.386500 6.066900 -0.080999
v -0.386500 5.719000 -0.080999
v -0.342400 5.719000 -0.050999
v -0.500000 6.066900 -0.102999
v -0.500000 5.719000 -0.102999
v -0.613500 6.066900 -0.080999
v -0.613500 5.719000 -0.080999
v -0.657600 6.066900 -0.050999
v -0.657600 6.066900 0.161001
v -0.657600 5.719000 0.161001
v -0.657600 5.719000 -0.050999
v -0.615400 6.161500 -0.050999
v -0.615400 6.161500 0.161001
v -0.542200 6.200900 0.161001
v -0.542200 6.200900 -0.050999
v -0.457800 6.200900 0.161001
v -0.384600 6.161500 0.161001
v -0.583000 6.131300 -0.080999
v -0.530400 6.159700 -0.080999
v -0.469600 6.159700 -0.080999
v -0.457800 6.200900 -0.050999
v -0.417000 6.131300 -0.080999
v -0.384600 6.161500 -0.050999
v -0.384600 5.624500 0.161001
v -0.457800 5.585100 0.161001
v -0.457800 5.585100 -0.050999
v -0.542200 5.585100 0.161001
v -0.615400 5.624500 -0.050999
v -0.615400 5.624500 0.161001
v -0.469600 5.626300 -0.080999
v -0.384600 5.624500 -0.050999
v -0.417000 5.654700 -0.080999
v -0.530400 5.626300 -0.080999
v -0.542200 5.585100 -0.050999
v -0.583000 5.654700 -0.080999
v -0.680600 5.710700 0.914001
v -0.680600 5.710700 0.914001
v -0.680600 5.710700 0.914001
v -0.679500 5.670000 0.900001
v -0.648000 5.743100 0.161001
v -0.648000 5.743100 0.161001
v -0.648000 5.743100 0.161001
v -0.321500 5.641000 0.869901
v -0.321500 5.641000 0.869901
v -0.320100 5.670000 0.900001
v -0.352000 5.715900 0.161001
v -0.352000 5.715900 0.161001
v -0.648000 5.715900 0.161001
v -0.648000 5.715900 0.161001
v -0.648000 5.715900 0.161001
v -0.678500 5.641000 0.869901
v -0.678500 5.641000 0.869901
v -0.675000 5.618000 0.821001
v -0.443400 5.879900 0.161101
v -0.443400 5.879900 0.161101
v -0.443400 5.879900 0.161101
v -0.430900 5.877600 0.919001
v -0.430900 5.877600 0.919001
v -0.430900 5.877600 0.919001
v -0.500000 5.891400 0.919001
v -0.500000 5.891400 0.919001
v -0.500000 5.891400 0.919001
v -0.500000 5.891200 0.161001
v -0.500000 5.891200 0.161001
v -0.500000 5.891200 0.161001
v -0.395300 5.847800 0.161101
v -0.395300 5.847800 0.161101
v -0.395300 5.847800 0.161101
v -0.372300 5.838400 0.919001
v -0.372300 5.838400 0.919001
v -0.372300 5.838400 0.919001
v -0.363200 5.799800 0.161101
v -0.363200 5.799800 0.161101
v -0.363200 5.799800 0.161101
v -0.333100 5.779800 0.919001
v -0.333100 5.779800 0.919001
v -0.333100 5.779800 0.919001
v -0.352000 5.743100 0.161001
v -0.352000 5.743100 0.161001
v -0.352000 5.743100 0.161001
v -0.319400 5.710700 0.914001
v -0.319400 5.710700 0.914001
v -0.319400 5.710700 0.914001
v -0.636800 5.799800 0.161101
v -0.636800 5.799800 0.161101
v -0.636800 5.799800 0.161101
v -0.666900 5.779800 0.919001
v -0.666900 5.779800 0.919001
v -0.666900 5.779800 0.919001
v -0.604700 5.847800 0.161101
v -0.604700 5.847800 0.161101
v -0.604700 5.847800 0.161101
v -0.627700 5.838400 0.919001
v -0.627700 5.838400 0.919001
v -0.627700 5.838400 0.919001
v -0.556600 5.879900 0.161101
v -0.556600 5.879900 0.161101
v -0.556600 5.879900 0.161101
v -0.569100 5.877600 0.919001
v -0.569100 5.877600 0.919001
v -0.569100 5.877600 0.919001
v -0.680600 6.010700 0.914001
v -0.680600 6.010700 0.914001
v -0.680600 6.010700 0.914001
v -0.679500 5.970000 0.900001
v -0.648000 6.043100 0.161001
v -0.648000 6.043100 0.161001
v -0.648000 6.043100 0.161001
v -0.321500 5.941000 0.869901
v -0.321500 5.941000 0.869901
v -0.320100 5.970100 0.900001
v -0.352000 6.015900 0.161001
v -0.352000 6.015900 0.161001
v -0.352000 6.015900 0.161001
v -0.648000 6.015900 0.161001
v -0.648000 6.015900 0.161001
v -0.678500 5.941000 0.869901
v -0.678500 5.941000 0.869901
v -0.325500 5.918000 0.821001
v -0.443400 6.179800 0.161101
v -0.443400 6.179800 0.161101
v -0.443400 6.179800 0.161101
v -0.430900 6.177500 0.919001
v -0.430900 6.177500 0.919001
v -0.430900 6.177500 0.919001
v -0.500000 6.191300 0.919001
v -0.500000 6.191300 0.919001
v -0.500000 6.191300 0.919001
v -0.500000 6.191100 0.161001
v -0.500000 6.191100 0.161001
v -0.500000 6.191100 0.161001
v -0.395300 6.147700 0.161101
v -0.395300 6.147700 0.161101
v -0.395300 6.147700 0.161101
v -0.372300 6.138300 0.919001
v -0.372300 6.138300 0.919001
v -0.372300 6.138300 0.919001
v -0.363200 6.099700 0.161101
v -0.363200 6.099700 0.161101
v -0.363200 6.099700 0.161101
v -0.333100 6.079700 0.919001
v -0.333100 6.079700 0.919001
v -0.333100 6.079700 0.919001
v -0.352000 6.043100 0.161001
v -0.352000 6.043100 0.161001
v -0.352000 6.043100 0.161001
v -0.319400 6.010700 0.914001
v -0.319400 6.010700 0.914001
v -0.319400 6.010700 0.914001
v -0.636800 6.099700 0.161101
v -0.636800 6.099700 0.161101
v -0.636800 6.099700 0.161101
v -0.666900 6.079700 0.919001
v -0.666900 6.079700 0.919001
v -0.666900 6.079700 0.919001
v -0.604700 6.147700 0.161101
v -0.604700 6.147700 0.161101
v -0.604700 6.147700 0.161101
v -0.627700 6.138300 0.919001
v -0.627700 6.138300 0.919001
v -0.627700 6.138300 0.919001
v -0.556600 6.179800 0.161101
v -0.556600 6.179800 0.161101
v -0.556600 6.179800 0.161101
v -0.569100 6.177500 0.919001
v -0.569100 6.177500 0.919001
v -0.569100 6.177500 0.919001
v -0.660000 5.915200 0.077201
v -0.660000 5.915200 0.077201
v -0.660000 5.870900 0.077201
v -0.660000 5.870900 0.077201
v -0.749700 5.870900 0.160101
v -0.749700 5.870900 0.160101
v -0.749700 5.915200 0.160101
v -0.749700 5.915200 0.160101
v -0.340000 5.915200 0.077201
v -0.340000 5.915200 0.077201
v -0.340000 5.870900 0.077201
v -0.340000 5.870900 0.077201
v -0.250300 5.870900 0.160101
v -0.250300 5.870900 0.160101
v -0.250300 5.915200 0.160101
v -0.250300 5.915200 0.160101
v -0.335700 6.062800 0.542501
v -0.335700 6.043400 0.553001
v -0.249800 5.881500 0.162101
v -0.249800 5.881500 0.162101
v -0.249800 5.905200 0.162101
v -0.249800 5.905200 0.162101
v -0.335700 5.748700 0.542501
v -0.335700 5.768200 0.553001
v -0.664300 6.062800 0.542501
v -0.664300 6.043400 0.553001
v -0.664300 5.748700 0.542501
v -0.664300 5.768200 0.553001
v -0.342400 6.066900 -0.050999
v -0.342400 5.719000 -0.050999
v -0.657600 6.066900 -0.050999
v -0.657600 5.719000 -0.050999
v -0.615400 6.161500 -0.050999
v -0.615400 6.161500 -0.050999
v -0.615400 6.161500 0.161001
v -0.457800 6.200900 -0.050999
v -0.384600 6.161500 -0.050999
v -0.384600 6.161500 -0.050999
v -0.615400 5.624500 -0.050999
v -0.615400 5.624500 -0.050999
v -0.615400 5.624500 0.161001
v -0.384600 5.624500 -0.050999
v -0.384600 5.624500 -0.050999
v -0.750200 5.905200 0.162101
v -0.750200 5.905200 0.162101
v -0.750200 5.881500 0.162101
v -0.750200 5.881500 0.162101
v -0.542200 6.200900 -0.050999
v -0.384600 6.161500 0.161001
v -0.457800 5.585100 -0.050999
v -0.384600 5.624500 0.161001
v -0.542200 5.585100 -0.050999
vn -0.9799 0.1967 -0.0340
vn 0.9991 0.0052 0.0431
vn 0.9978 0.0461 0.0477
vn -0.9991 -0.0000 -0.0433
vn -0.9991 0.0033 0.0433
vn -0.9991 0.0026 0.0433
vn 0.9805 0.1937 -0.0341
vn 0.9977 -0.0486 -0.0473
vn -0.9991 0.0092 -0.0420
vn 0.9992 -0.0010 -0.0403
vn 0.9968 -0.0635 -0.0494
vn 0.1958 0.9806 -0.0003
vn 0.1959 0.9806 -0.0003
vn 0.5560 0.8312 -0.0066
vn -0.1958 0.9806 -0.0003
vn 0.5551 0.8318 -0.0065
vn 0.8310 0.5559 -0.0183
vn 0.8311 0.5558 -0.0183
vn 0.9799 0.1967 -0.0337
vn 0.9991 -0.0023 -0.0433
vn -0.9805 0.1937 -0.0338
vn -0.8310 0.5559 -0.0183
vn -0.8311 0.5558 -0.0183
vn -0.5560 0.8312 -0.0066
vn -0.5551 0.8318 -0.0066
vn -0.9798 0.1970 -0.0339
vn 0.9977 0.0485 0.0480
vn -0.9991 0.0032 0.0433
vn 0.9804 0.1941 -0.0341
vn -0.9965 0.0671 0.0500
vn 0.9976 0.0493 0.0481
vn 0.9798 0.1970 -0.0337
vn 0.9991 -0.0023 -0.0434
vn -0.9804 0.1941 -0.0338
vn -1.0000 -0.0000 -0.0000
vn -0.6787 -0.0000 -0.7344
vn -0.0000 -0.0000 -1.0000
vn 1.0000 -0.0000 -0.0000
vn 0.6787 -0.0000 -0.7344
vn 0.9989 -0.0228 -0.0422
vn 0.9988 -0.0228 -0.0422
vn 0.9988 -0.0227 -0.0422
vn 0.0020 -0.0000 1.0000
vn 0.9988 0.0227 -0.0422
vn -0.9759 -0.0041 -0.2184
vn -0.9754 -0.0000 -0.2203
vn 0.9988 0.0228 -0.0422
vn 0.9989 0.0228 -0.0422
vn -0.9989 -0.0228 -0.0422
vn 0.9758 0.0041 -0.2187
vn -0.9988 -0.0228 -0.0422
vn -0.9988 -0.0227 -0.0422
vn -0.0020 -0.0000 1.0000
vn -0.9988 0.0227 -0.0423
vn -0.9988 0.0228 -0.0422
vn -0.9989 0.0228 -0.0422
vn -0.0002 -0.0000 -1.0000
vn -0.0008 0.0010 -1.0000
vn -0.0001 -0.0000 -1.0000
vn -0.0008 -0.0010 -1.0000
vn -0.0004 -0.0003 -1.0000
vn -0.0004 0.0003 -1.0000
vn 0.9781 0.2083 -0.0000
vn 0.9780 -0.2084 -0.0000
vn 0.4031 0.0950 -0.9102
vn 0.4049 -0.0993 -0.9090
vn 0.5563 -0.1101 -0.8237
vn -0.0000 0.0797 -0.9968
vn -0.0000 -0.0799 -0.9968
vn -0.4049 0.0991 -0.9090
vn -0.4031 -0.0951 -0.9102
vn -0.5563 0.1100 -0.8237
vn -0.9781 0.2083 -0.0000
vn -0.9780 -0.2085 -0.0000
vn -0.9780 -0.2084 -0.0000
vn -0.4111 0.3817 -0.8278
vn -0.4739 0.8806 -0.0000
vn -0.2444 0.9697 -0.0000
vn -0.1421 0.5557 -0.8191
vn 0.2444 0.9697 -0.0000
vn 0.9133 0.4074 -0.0000
vn -0.3107 0.2890 -0.9055
vn -0.1042 0.4164 -0.9032
vn 0.1044 0.4165 -0.9031
vn 0.3069 0.2905 -0.9063
vn 0.9131 -0.4077 -0.0000
vn 0.2444 -0.9697 -0.0000
vn 0.1421 -0.5557 -0.8191
vn -0.2444 -0.9697 -0.0000
vn -0.4110 -0.3861 -0.8258
vn -0.9131 -0.4078 -0.0000
vn 0.1043 -0.4165 -0.9031
vn 0.4740 -0.8805 -0.0000
vn 0.3107 -0.2891 -0.9055
vn -0.1044 -0.4166 -0.9031
vn -0.3068 -0.2906 -0.9063
vn -0.9990 -0.0118 -0.0433
vn 0.9799 -0.1966 0.0337
vn 0.9990 0.0119 0.0438
vn -0.9991 -0.0055 -0.0429
vn 0.9805 -0.1937 0.0341
vn 0.9991 0.0002 0.0430
vn -0.9804 0.1939 -0.0338
vn 0.9991 -0.0031 -0.0434
vn 0.9965 -0.0671 -0.0500
vn 0.9991 -0.0026 -0.0434
vn 0.9991 -0.0000 -0.0430
vn -0.9991 0.0002 0.0433
vn -0.9991 -0.0002 -0.0432
vn 0.9991 -0.0000 0.0430
vn -0.9976 -0.0495 -0.0481
vn 0.9991 -0.0087 0.0417
vn -0.5551 -0.8318 0.0066
vn -0.1958 -0.9806 0.0003
vn 0.5551 0.8317 -0.0065
vn -0.5559 -0.8312 0.0066
vn 0.1959 -0.9806 0.0003
vn 0.1958 -0.9806 0.0003
vn -0.8311 -0.5558 0.0183
vn -0.5551 -0.8317 0.0066
vn -0.8310 -0.5559 0.0183
vn -0.5560 -0.8312 0.0066
vn -0.9805 -0.1937 0.0338
vn 0.9804 0.1939 -0.0341
vn -0.9799 -0.1966 0.0340
vn 0.9991 -0.0002 -0.0430
vn -0.9991 -0.0000 0.0433
vn -0.9804 -0.1939 0.0338
vn -0.9991 0.0022 0.0433
vn -0.9799 -0.1967 0.0340
vn 0.9799 0.1966 -0.0337
vn 0.8311 -0.5558 0.0183
vn 0.9804 -0.1939 0.0341
vn 0.8310 -0.5559 0.0183
vn 0.9799 -0.1967 0.0337
vn -0.9799 0.1966 -0.0340
vn 0.5551 -0.8318 0.0065
vn -0.5551 0.8317 -0.0066
vn 0.5560 -0.8312 0.0066
vn 0.5551 -0.8317 0.0065
vn -0.5559 0.8312 -0.0066
vn 0.9799 -0.1968 0.0337
vn 0.9804 -0.1941 0.0341
vn -0.9804 0.1942 -0.0338
vn 0.9976 0.0494 0.0481
vn 0.5552 0.8317 -0.0065
vn -0.9804 -0.1941 0.0338
vn 0.9804 0.1942 -0.0341
vn -0.9798 -0.1969 0.0339
vn -0.9804 -0.1942 0.0338
vn -0.9798 -0.1970 0.0339
vn 0.9799 0.1968 -0.0337
vn 0.9804 -0.1942 0.0341
vn 0.9798 -0.1970 0.0337
vn -0.9798 0.1969 -0.0339
vn 0.5552 -0.8317 0.0065
vn 0.6787 -0.0000 0.7344
vn -0.6787 -0.0000 0.7344
vn -0.9798 -0.0923 -0.1773
vn -0.9798 -0.0952 -0.1759
vn -0.9758 0.0041 -0.2187
vn -0.9787 0.0944 -0.1822
vn -0.9787 0.0974 -0.1809
vn 0.9798 -0.0923 -0.1773
vn 0.9798 -0.0952 -0.1759
vn 0.9787 0.0944 -0.1822
vn 0.9787 0.0974 -0.1809
vn 0.5592 0.1075 -0.8220
vn 0.9780 -0.2085 -0.0000
vn -0.5592 -0.1076 -0.8220
vn -0.9133 0.4074 -0.0000
vn -0.4740 0.8805 -0.0000
vn 0.1422 0.5555 -0.8192
vn 0.4111 0.3860 -0.8258
vn 0.4739 0.8806 -0.0000
vn -0.4740 -0.8805 -0.0000
vn -0.9131 -0.4077 -0.0000
vn 0.4110 -0.3817 -0.8278
vn 0.9131 -0.4078 -0.0000
vn 0.9754 -0.0000 -0.2203
vn 0.9759 -0.0041 -0.2184
vn 0.4740 0.8805 -0.0000
vn -0.1422 -0.5555 -0.8192
vt 0.587000 0.040000
vt 0.586000 0.026000
vt 0.347000 0.042000
vt 0.347000 0.050000
vt 0.578000 0.017000
vt 0.567000 0.010000
vt 0.547000 0.010000
vt 0.347000 0.091000
vt 0.588000 0.094000
vt 0.588000 0.090000
vt 0.347000 0.094000
vt 0.347000 0.081000
vt 0.588000 0.079000
vt 0.347000 0.067000
vt 0.588000 0.061000
vt 0.190000 0.097000
vt 0.190000 0.078000
vt 0.239000 0.078000
vt 0.239000 0.097000
vt 0.246000 0.078000
vt 0.246000 0.097000
vt 0.178000 0.078000
vt 0.178000 0.097000
vt 0.332000 0.096000
vt 0.262000 0.077000
vt 0.262000 0.096000
vt 0.332000 0.077000
vt 0.340000 0.077000
vt 0.340000 0.096000
vt 0.253000 0.077000
vt 0.253000 0.096000
vt 0.087000 1.000000
vt 0.049000 0.991000
vt 0.018000 0.964000
vt 0.004000 0.926000
vt 0.171000 0.924000
vt 0.155000 0.963000
vt 0.125000 0.990000
vt 0.004000 0.748000
vt 0.170000 0.747000
vt 0.086000 0.672000
vt 0.124000 0.682000
vt 0.154000 0.708000
vt 0.017000 0.709000
vt 0.048000 0.682000
vt 0.179000 0.374000
vt 0.250000 0.374000
vt 0.250000 0.277000
vt 0.179000 0.277000
vt 0.267000 0.375000
vt 0.278000 0.375000
vt 0.278000 0.268000
vt 0.267000 0.268000
vt 0.307000 0.375000
vt 0.307000 0.268000
vt 0.335000 0.375000
vt 0.335000 0.268000
vt 0.346000 0.375000
vt 0.346000 0.268000
vt 0.359000 0.381000
vt 0.430000 0.381000
vt 0.430000 0.259000
vt 0.359000 0.259000
vt 0.359000 0.405000
vt 0.430000 0.405000
vt 0.359000 0.413000
vt 0.430000 0.413000
vt 0.250000 0.408000
vt 0.179000 0.412000
vt 0.250000 0.412000
vt 0.179000 0.408000
vt 0.250000 0.394000
vt 0.179000 0.394000
vt 0.327000 0.391000
vt 0.335000 0.399000
vt 0.314000 0.399000
vt 0.317000 0.409000
vt 0.299000 0.399000
vt 0.296000 0.409000
vt 0.286000 0.391000
vt 0.278000 0.399000
vt 0.250000 0.237000
vt 0.179000 0.247000
vt 0.250000 0.247000
vt 0.179000 0.237000
vt 0.359000 0.242000
vt 0.430000 0.238000
vt 0.359000 0.238000
vt 0.430000 0.242000
vt 0.359000 0.248000
vt 0.430000 0.248000
vt 0.299000 0.245000
vt 0.278000 0.244000
vt 0.286000 0.252000
vt 0.296000 0.234000
vt 0.314000 0.245000
vt 0.317000 0.234000
vt 0.327000 0.252000
vt 0.335000 0.244000
s 1
f 1875/729/599 1887/731/611 1878/730/602
f 1877/729/601 1728/730/504 1880/732/604
f 1882/733/606 1917/732/628 1884/730/608
f 1886/731/610 1731/733/507 1732/730/508
f 1891/733/613 1889/731/613 1892/734/613
f 1737/735/512 1734/731/510 1738/734/513
f 1894/736/616 1897/738/616 1899/737/616
f 1894/736/616 1899/737/616 1902/739/616
f 1898/738/514 1739/736/514 1904/739/514
f 1898/738/514 1904/739/514 1740/737/515
f 1906/740/622 1909/741/624 1896/738/618
f 1906/740/622 1896/738/618 1893/736/615
f 1910/741/516 1743/740/518 1895/736/617
f 1910/741/516 1895/736/617 1741/738/516
f 1912/742/621 1915/743/623 1908/741/623
f 1912/742/621 1908/741/623 1905/740/621
f 1916/743/519 1745/742/520 1907/740/520
f 1916/743/519 1907/740/520 1744/741/519
f 1919/732/630 1921/729/632 1914/743/627
f 1919/732/630 1914/743/627 1911/742/625
f 1922/729/633 1733/732/509 1913/742/626
f 1922/729/633 1913/742/626 1746/743/521
f 1886/731/610 1732/730/508 1920/729/631
f 1886/731/610 1920/729/631 1918/732/629
f 1882/733/606 1885/731/609 1917/732/628
f 1884/730/608 1917/732/628 1747/729/522
f 1738/734/513 1734/731/510 1883/733/607
f 1729/731/505 1736/734/505 1748/735/505
f 1880/732/604 1728/730/504 1890/733/614
f 1880/732/604 1890/733/614 1888/731/612
f 1875/729/599 1730/732/506 1887/731/611
f 1878/730/602 1887/731/611 1735/733/511
f 1924/742/635 1927/743/637 1876/729/600
f 1876/729/600 1879/732/603 1924/742/635
f 1928/743/638 1749/742/523 1881/732/605
f 1928/743/638 1881/732/605 1727/729/503
f 1930/740/634 1933/741/636 1926/743/636
f 1930/740/634 1926/743/636 1923/742/634
f 1934/741/524 1751/740/525 1925/742/525
f 1934/741/524 1925/742/525 1750/743/524
f 1936/736/642 1939/738/641 1932/741/641
f 1936/736/642 1932/741/641 1929/740/639
f 1940/738/643 1753/736/527 1931/740/640
f 1940/738/643 1931/740/640 1752/741/526
f 1903/739/620 1900/737/619 1938/738/620
f 1903/739/620 1938/738/620 1935/736/620
f 1901/737/517 1742/739/517 1937/736/517
f 1901/737/517 1937/736/517 1754/738/517
f 1941/729/599 1954/731/611 1944/730/602
f 1946/732/604 1943/729/601 1756/730/504
f 1948/733/606 1983/732/628 1950/730/608
f 1952/731/610 1759/733/530 1760/730/508
f 1757/731/529 1957/733/647 1764/734/533
f 1765/735/512 1953/731/512 1958/734/512
f 1960/736/616 1963/738/616 1965/737/616
f 1960/736/616 1965/737/616 1968/739/616
f 1964/738/514 1767/736/514 1970/739/514
f 1964/738/514 1970/739/514 1768/737/515
f 1972/740/622 1975/741/624 1962/738/624
f 1972/740/622 1962/738/624 1959/736/615
f 1976/741/516 1771/740/518 1961/736/648
f 1976/741/516 1961/736/648 1769/738/516
f 1978/742/621 1981/743/623 1974/741/623
f 1978/742/621 1974/741/623 1971/740/621
f 1982/743/519 1773/742/520 1973/740/520
f 1982/743/519 1973/740/520 1772/741/519
f 1985/732/652 1987/729/653 1980/743/651
f 1985/732/652 1980/743/651 1977/742/649
f 1988/729/654 1761/732/531 1979/742/650
f 1988/729/654 1979/742/650 1774/743/534
f 1952/731/610 1760/730/508 1986/729/631
f 1952/731/610 1986/729/631 1984/732/629
f 1948/733/606 1951/731/609 1983/732/628
f 1950/730/608 1983/732/628 1775/729/535
f 1766/734/532 1949/733/532 1762/731/532
f 1757/731/529 1764/734/533 1776/735/505
f 1946/732/604 1756/730/504 1956/733/614
f 1946/732/604 1956/733/614 1955/731/612
f 1941/729/599 1758/732/506 1954/731/611
f 1944/730/602 1954/731/611 1763/733/511
f 1990/742/655 1993/743/656 1942/729/644
f 1990/742/655 1942/729/644 1945/732/645
f 1994/743/657 1777/742/536 1947/732/646
f 1994/743/657 1947/732/646 1755/729/528
f 1996/740/634 1999/741/636 1992/743/636
f 1996/740/634 1992/743/636 1989/742/634
f 2000/741/524 1779/740/525 1991/742/525
f 2000/741/524 1991/742/525 1778/743/524
f 2002/736/658 2005/738/641 1998/741/641
f 2002/736/658 1998/741/641 1995/740/639
f 2006/738/526 1781/736/527 1997/740/640
f 2006/738/526 1997/740/640 1780/741/526
f 1969/739/620 1966/737/619 2004/738/620
f 1969/739/620 2004/738/620 2001/736/620
f 1967/737/517 1770/739/517 2003/736/517
f 1967/737/517 2003/736/517 1782/738/517
f 2007/744/659 2011/746/659 2010/745/659
f 2007/744/659 2013/747/659 2011/746/659
f 1787/748/539 1788/749/539 2012/746/539
f 2014/747/539 2012/746/539 1788/749/539
f 1785/746/538 1786/747/538 2009/745/538
f 2008/744/538 2009/745/538 1786/747/538
f 1784/745/537 1783/744/537 1789/750/537
f 1790/751/537 1789/750/537 1783/744/537
f 2016/744/660 2018/745/660 2019/746/660
f 2016/744/660 2019/746/660 2021/747/660
f 1795/748/539 2020/746/539 1796/749/539
f 2022/747/539 1796/749/539 2020/746/539
f 1792/746/541 2017/745/541 1794/747/541
f 2015/744/541 1794/747/541 2017/745/541
f 1793/745/540 1797/750/540 1791/744/540
f 1798/751/540 1791/744/540 1797/750/540
f 2023/752/661 1807/754/548 1806/753/547
f 2023/752/661 1806/753/547 2024/755/662
f 1801/756/544 1800/755/543 1802/757/543
f 1799/752/542 1802/757/543 1800/755/543
f 2026/753/545 1803/758/545 2028/754/545
f 1804/759/545 2028/754/545 1803/758/545
f 2029/752/664 2027/753/663 2025/754/548
f 2029/752/664 2030/755/665 2027/753/663
f 1809/756/550 1810/757/549 1808/755/549
f 1805/752/546 1808/755/549 1810/757/549
f 2031/752/666 2053/753/683 2050/754/682
f 2031/752/666 2032/755/667 2053/753/683
f 1814/756/554 1815/757/553 1813/755/553
f 1811/752/551 1813/755/553 1815/757/553
f 1819/753/555 2051/754/555 1816/758/555
f 1817/759/555 1816/758/555 2051/754/555
f 2033/752/668 2052/754/682 1812/753/552
f 2033/752/668 1812/753/552 2034/755/669
f 1821/756/558 1820/755/557 1822/757/557
f 1818/752/556 1822/757/557 1820/755/557
f 1823/760/559 1836/762/564 1824/761/560
f 1823/760/559 1835/763/559 1836/762/564
f 1823/760/559 1825/764/561 1835/763/559
f 1823/760/559 1826/765/539 1825/764/561
f 1823/760/559 1827/766/539 1826/765/539
f 1835/763/559 1828/768/561 1832/767/559
f 1835/763/559 1825/764/561 1828/768/561
f 1829/769/559 1833/771/539 1834/770/539
f 1829/769/559 1828/768/561 1833/771/539
f 1829/769/559 1832/767/559 1828/768/561
f 1829/769/559 1831/772/563 1832/767/559
f 1829/769/559 1830/773/562 1831/772/563
f 1837/774/565 2036/776/671 1839/775/565
f 1837/774/565 1838/777/566 2036/776/671
f 2035/778/670 1841/780/568 1840/779/567
f 2035/778/670 1842/781/569 1841/780/568
f 1840/779/567 1844/783/571 1843/782/570
f 1840/779/567 1841/780/568 1844/783/571
f 1843/782/570 1846/785/573 1845/784/572
f 1843/782/570 1844/783/571 1846/785/573
f 1845/784/572 2038/787/672 1847/786/574
f 1845/784/572 1846/785/573 2038/787/672
f 2037/788/575 1849/790/576 1848/789/575
f 2037/788/575 1850/791/577 1849/790/576
f 2039/792/673 2037/788/575 1848/789/575
f 2039/792/673 1848/789/575 2041/793/673
f 2054/794/580 2040/792/674 1852/793/579
f 2054/794/580 1852/793/579 1853/795/580
f 1860/796/582 2054/798/580 1853/797/580
f 1860/796/582 1853/797/580 1855/799/582
f 2044/800/677 1860/796/582 1855/799/582
f 2044/800/677 1855/799/582 2055/801/684
f 1839/775/565 1862/800/583 1856/801/583
f 1839/775/565 1856/801/583 1837/774/565
f 1857/802/584 1845/784/572 1847/786/574
f 1857/802/584 1847/786/574 1851/803/578
f 1858/804/585 1857/802/584 1851/803/578
f 1858/804/585 1851/803/578 1854/805/581
f 1859/806/586 1858/804/585 1854/805/581
f 1859/806/586 1854/805/581 2042/807/675
f 1861/808/587 1859/806/586 2042/807/675
f 1861/808/587 2042/807/675 2043/809/676
f 1840/779/567 1861/808/587 2043/809/676
f 1840/779/567 2043/809/676 2035/778/670
f 1843/782/570 1845/784/572 1857/802/584
f 1843/782/570 1857/802/584 1858/804/585
f 1843/782/570 1858/804/585 1859/806/586
f 1843/782/570 1859/806/586 1861/808/587
f 1843/782/570 1861/808/587 1840/779/567
f 2056/810/589 1870/812/595 2057/811/595
f 2056/810/589 2057/811/595 1864/813/589
f 1873/814/591 2056/816/589 1864/815/589
f 1873/814/591 1864/815/589 1866/817/591
f 2045/818/678 1873/814/591 1866/817/591
f 2045/818/678 1866/817/591 2047/819/678
f 1850/791/577 2046/818/679 1868/819/593
f 1850/791/577 1868/819/593 1849/790/576
f 2049/812/681 2036/776/671 1838/777/566
f 2049/812/681 1838/777/566 1863/811/588
f 1869/820/594 1871/822/596 2048/821/680
f 1869/820/594 2048/821/680 1865/823/590
f 1872/824/597 1869/820/594 1865/823/590
f 1872/824/597 1865/823/590 2058/825/685
f 1874/826/598 1872/824/597 2058/825/685
f 1874/826/598 2058/825/685 1867/827/592
f 1846/785/573 1874/826/598 1867/827/592
f 1846/785/573 1867/827/592 2038/787/672
f 1871/822/596 1841/780/568 1842/781/569
f 1871/822/596 1842/781/569 2048/821/680
f 1844/783/571 1871/822/596 1869/820/594
f 1844/783/571 1869/820/594 1872/824/597
f 1844/783/571 1872/824/597 1874/826/598
f 1844/783/571 1874/826/598 1846/785/573
f 1844/783/571 1841/780/568 1871/822/596
o bila_se2_L
v -0.384238 6.000843 0.174909
v -0.375853 6.026650 0.174909
v -0.373016 6.053638 0.174909
v -0.415963 5.957177 0.174909
v -0.397806 5.977343 0.174909
v -0.375853 6.080625 0.174909
v -0.462706 5.930190 0.174909
v -0.437916 5.941227 0.174909
v -0.397806 6.129932 0.174909
v -0.384238 6.106432 0.174909
v -0.437916 6.166048 0.174909
v -0.415963 6.150098 0.174909
v -0.516383 5.924548 0.174909
v -0.489249 5.924548 0.174909
v -0.489249 6.182727 0.174909
v -0.567716 5.941227 0.174909
v -0.542926 5.930190 0.174909
v -0.462706 6.177085 0.174909
v -0.542926 6.177085 0.174909
v -0.516383 6.182727 0.174909
v -0.589669 6.150098 0.174909
v -0.567716 6.166048 0.174909
v -0.621394 6.106432 0.174909
v -0.607826 6.129932 0.174909
v -0.607826 5.977343 0.174909
v -0.589669 5.957177 0.174909
v -0.632616 6.053638 0.174909
v -0.629779 6.026650 0.174909
v -0.621394 6.000843 0.174909
v -0.629779 6.080625 0.174909
vn -0.0000 -0.0000 1.0000
vt 0.761781 0.824246
vt 0.753855 0.848772
vt 0.751174 0.874420
vt 0.791767 0.782746
vt 0.774605 0.801911
vt 0.835947 0.757098
vt 0.812517 0.767588
vt 0.886683 0.751736
vt 0.861035 0.751736
vt 0.935201 0.767588
vt 0.911770 0.757098
vt 0.973112 0.801911
vt 0.955950 0.782746
vt 0.993862 0.848772
vt 0.985936 0.824245
vt 0.993862 0.900068
vt 0.996543 0.874420
vt 0.973112 0.946930
vt 0.985936 0.924596
vt 0.935201 0.981253
vt 0.955950 0.966095
vt 0.886683 0.997105
vt 0.911770 0.991743
vt 0.835947 0.991743
vt 0.861035 0.997105
vt 0.791767 0.966095
vt 0.812517 0.981253
vt 0.761781 0.924596
vt 0.774605 0.946930
vt 0.753855 0.900068
s 0
f 2059/828/686 2060/829/686 2061/830/686
f 2062/831/686 2063/832/686 2059/828/686
f 2065/833/686 2066/834/686 2062/831/686
f 2065/833/686 2062/831/686 2059/828/686
f 2071/835/686 2072/836/686 2065/833/686
f 2074/837/686 2075/838/686 2071/835/686
f 2074/837/686 2071/835/686 2065/833/686
f 2074/837/686 2065/833/686 2059/828/686
f 2083/839/686 2084/840/686 2074/837/686
f 2086/841/686 2087/842/686 2083/839/686
f 2086/841/686 2083/839/686 2074/837/686
f 2088/843/686 2085/844/686 2086/841/686
f 2082/845/686 2081/846/686 2088/843/686
f 2082/845/686 2088/843/686 2086/841/686
f 2082/845/686 2086/841/686 2074/837/686
f 2080/847/686 2079/848/686 2082/845/686
f 2078/849/686 2077/850/686 2080/847/686
f 2078/849/686 2080/847/686 2082/845/686
f 2076/851/686 2073/852/686 2078/849/686
f 2070/853/686 2069/854/686 2076/851/686
f 2070/853/686 2076/851/686 2078/849/686
f 2070/853/686 2078/849/686 2082/845/686
f 2070/853/686 2082/845/686 2074/837/686
f 2070/853/686 2074/837/686 2059/828/686
f 2068/855/686 2067/856/686 2070/853/686
f 2068/855/686 2070/853/686 2059/828/686
f 2068/855/686 2059/828/686 2061/830/686
f 2068/855/686 2061/830/686 2064/857/686
o modra_se2_L
v -0.384238 5.699388 0.174909
v -0.375853 5.725195 0.174909
v -0.373016 5.752182 0.174909
v -0.415963 5.655723 0.174909
v -0.397806 5.675888 0.174909
v -0.375853 5.779170 0.174909
v -0.462706 5.628735 0.174909
v -0.437916 5.639772 0.174909
v -0.397806 5.828477 0.174909
v -0.384238 5.804977 0.174909
v -0.437916 5.864593 0.174909
v -0.415963 5.848642 0.174909
v -0.516383 5.623093 0.174909
v -0.489249 5.623093 0.174909
v -0.489249 5.881272 0.174909
v -0.567716 5.639772 0.174909
v -0.542926 5.628735 0.174909
v -0.462706 5.875630 0.174909
v -0.542926 5.875630 0.174909
v -0.516383 5.881272 0.174909
v -0.589669 5.848642 0.174909
v -0.567716 5.864593 0.174909
v -0.621394 5.804977 0.174909
v -0.607826 5.828477 0.174909
v -0.607826 5.675888 0.174909
v -0.589669 5.655723 0.174909
v -0.632616 5.752182 0.174909
v -0.629779 5.725195 0.174909
v -0.621394 5.699388 0.174909
v -0.629779 5.779170 0.174909
vn -0.0000 -0.0000 1.0000
vt 0.261343 0.323378
vt 0.253417 0.347905
vt 0.250736 0.373553
vt 0.291329 0.281879
vt 0.274167 0.301044
vt 0.335509 0.256231
vt 0.312079 0.266720
vt 0.386245 0.250869
vt 0.360597 0.250869
vt 0.434763 0.266720
vt 0.411332 0.256231
vt 0.472674 0.301044
vt 0.455513 0.281879
vt 0.493424 0.347905
vt 0.485498 0.323378
vt 0.493424 0.399201
vt 0.496105 0.373553
vt 0.472674 0.446062
vt 0.485498 0.423728
vt 0.434763 0.480386
vt 0.455513 0.465227
vt 0.386245 0.496237
vt 0.411332 0.490875
vt 0.335509 0.490875
vt 0.360597 0.496237
vt 0.291329 0.465227
vt 0.312079 0.480386
vt 0.261343 0.423728
vt 0.274167 0.446062
vt 0.253417 0.399201
s 0
f 2089/858/687 2090/859/687 2091/860/687
f 2092/861/687 2093/862/687 2089/858/687
f 2095/863/687 2096/864/687 2092/861/687
f 2095/863/687 2092/861/687 2089/858/687
f 2101/865/687 2102/866/687 2095/863/687
f 2104/867/687 2105/868/687 2101/865/687
f 2104/867/687 2101/865/687 2095/863/687
f 2104/867/687 2095/863/687 2089/858/687
f 2113/869/687 2114/870/687 2104/867/687
f 2116/871/687 2117/872/687 2113/869/687
f 2116/871/687 2113/869/687 2104/867/687
f 2118/873/687 2115/874/687 2116/871/687
f 2112/875/687 2111/876/687 2118/873/687
f 2112/875/687 2118/873/687 2116/871/687
f 2112/875/687 2116/871/687 2104/867/687
f 2110/877/687 2109/878/687 2112/875/687
f 2108/879/687 2107/880/687 2110/877/687
f 2108/879/687 2110/877/687 2112/875/687
f 2106/881/687 2103/882/687 2108/879/687
f 2100/883/687 2099/884/687 2106/881/687
f 2100/883/687 2106/881/687 2108/879/687
f 2100/883/687 2108/879/687 2112/875/687
f 2100/883/687 2112/875/687 2104/867/687
f 2100/883/687 2104/867/687 2089/858/687
f 2098/885/687 2097/886/687 2100/883/687
f 2098/885/687 2100/883/687 2089/858/687
f 2098/885/687 2089/858/687 2091/860/687
f 2098/885/687 2091/860/687 2094/887/687
o stozar_se2
v -0.007400 5.844800 -0.006399
v 0.003700 5.875000 -0.259399
v 0.003700 5.875000 -0.006499
v -0.007400 5.844800 -0.259199
v 0.003700 5.815101 -0.259099
v 0.003700 5.815101 -0.006199
v -0.007400 2.844800 -0.006400
v 0.003700 2.875000 -0.259400
v 0.003700 2.875000 -0.006500
v -0.007400 2.844800 -0.259200
v 0.003700 2.815100 -0.259100
v 0.003700 2.815100 -0.006200
v -0.029900 6.000000 -0.490199
v 0.030000 6.000000 -0.490199
v -0.030000 0.200000 -0.490200
v 0.000000 6.000000 -0.479099
v 0.030000 0.200000 -0.490200
v 0.000000 0.200000 -0.271500
v -0.029900 6.000000 -0.260399
v -0.030000 0.200000 -0.260400
v 0.030000 6.000000 -0.260399
v 0.000000 6.000000 -0.271499
v 0.030000 0.200000 -0.260400
v -0.070000 6.557900 0.000001
v -0.070000 0.732000 0.000000
v -0.049500 0.732000 -0.049600
v 0.000000 0.732000 -0.070100
v 0.049400 0.732000 -0.049600
v 0.069900 6.557900 0.000001
v 0.069900 0.732000 0.000000
v -0.049500 1.478600 0.049300
v -0.049500 0.732000 0.049300
v -0.070000 1.478600 0.000000
v 0.000000 0.732000 0.069800
v 0.049400 0.732000 0.049300
v 0.069900 1.478600 0.000000
v -0.070000 4.850600 0.000001
v 0.000000 4.850600 0.069801
v 0.000000 1.478600 0.069800
v 0.049400 4.850600 0.049301
v 0.049400 1.478600 0.049300
v 0.069900 4.850600 0.000001
v -0.049500 4.850600 0.049301
v 0.252000 0.338200 0.246500
v 0.249100 0.338200 -0.222700
v 0.255200 0.207700 -0.225400
v 0.255200 0.207700 0.246800
v 0.212900 0.373000 0.211400
v 0.212900 0.373000 -0.190000
v -0.252100 0.338200 -0.225200
v -0.250500 0.338200 0.245400
v -0.255200 0.207700 0.246800
v -0.255200 0.207700 -0.225400
v -0.212900 0.373000 -0.190000
v -0.212900 0.373000 0.211400
v -0.027100 0.757100 0.151300
v 0.000000 0.694000 0.112000
v 0.000000 0.757100 0.112000
v -0.027100 0.694000 0.151300
v 0.027100 0.694000 0.151300
v 0.027100 0.757100 0.151300
v -0.140300 0.750100 0.070900
v -0.140300 0.996800 0.070900
v -0.140300 0.750100 0.225000
v 0.140300 0.750100 0.070900
v 0.140300 0.996800 0.070900
v 0.140300 0.996800 0.225000
v -0.140300 0.996800 0.225000
v 0.140300 0.750100 0.225000
v -0.117100 0.702600 0.203600
v -0.117100 0.552700 0.070500
v -0.117100 0.552700 0.249200
v 0.117100 0.552700 0.249200
v 0.117100 0.702600 0.203600
v 0.117100 0.552700 0.070500
v 0.079300 0.434100 0.249200
v -0.079300 0.434100 0.249200
v 0.117100 0.702600 0.070500
v -0.117100 0.702600 0.070500
v 0.079300 0.434100 0.070500
v -0.079300 0.434100 0.070500
v -0.014200 0.403300 -0.125300
v -0.014200 0.697900 -0.074300
v -0.014200 0.403300 -0.074300
v 0.014200 0.403300 -0.125300
v 0.014200 0.697900 -0.074300
v 0.014200 0.403300 -0.074300
v -0.125300 0.704500 0.075300
v -0.086400 0.732000 -0.075400
v 0.125300 0.704500 -0.075400
v 0.086400 0.732000 -0.075400
v -0.125300 0.704500 -0.075400
v 0.086400 0.732000 0.075300
v -0.086400 0.732000 0.075300
v 0.125300 0.704500 0.075300
v -0.125300 0.409200 0.075300
v 0.125300 0.409200 -0.075400
v -0.125300 0.409200 -0.075400
v 0.125300 0.409200 0.075300
v -0.172800 0.411400 0.129900
v -0.172800 0.369800 -0.134800
v -0.172800 0.411400 -0.134800
v -0.172800 0.369800 0.129900
v 0.172800 0.369800 -0.134800
v 0.172800 0.411400 -0.134800
v 0.172800 0.369800 0.129900
v 0.172800 0.411400 0.129900
v 0.000000 6.602900 0.000001
v -0.082600 6.577900 0.000001
v -0.058400 6.577900 -0.058499
v 0.000000 6.577900 -0.082699
v 0.058300 6.577900 -0.058499
v 0.082500 6.577900 0.000001
v 0.058300 6.577900 0.058201
v 0.000000 6.577900 0.082401
v -0.058400 6.577900 0.058201
v -0.049500 6.557900 -0.049599
v 0.000000 6.557900 -0.070099
v 0.049400 6.557900 -0.049599
v 0.049400 6.557900 0.049301
v 0.000000 6.557900 0.069801
v -0.049500 6.557900 0.049301
v 0.000000 0.200000 -0.479100
v 0.003700 5.875000 -0.259399
v 0.003700 5.875000 -0.006499
v -0.007400 5.844800 -0.006399
v -0.007400 5.844800 -0.259199
v 0.003700 5.815101 -0.259099
v 0.003700 5.815101 -0.006199
v 0.003700 2.875000 -0.259400
v 0.003700 2.875000 -0.006500
v -0.007400 2.844800 -0.006400
v -0.007400 2.844800 -0.259200
v 0.003700 2.815100 -0.259100
v 0.003700 2.815100 -0.006200
v -0.029900 6.000000 -0.260399
v -0.030000 0.200000 -0.260400
v 0.030000 6.000000 -0.260399
v 0.030000 0.200000 -0.260400
v -0.049500 1.478600 0.049300
v -0.049500 0.732000 0.049300
v 0.000000 4.850600 0.069801
v 0.000000 1.478600 0.069800
v 0.049400 4.850600 0.049301
v 0.049400 1.478600 0.049300
v 0.252000 0.338200 0.246500
v 0.252000 0.338200 0.246500
v 0.252000 0.338200 0.246500
v 0.249100 0.338200 -0.222700
v 0.249100 0.338200 -0.222700
v 0.249100 0.338200 -0.222700
v 0.255200 0.207700 -0.225400
v 0.255200 0.207700 0.246800
v 0.212900 0.373000 0.211400
v 0.212900 0.373000 0.211400
v 0.212900 0.373000 -0.190000
v 0.212900 0.373000 -0.190000
v -0.252100 0.338200 -0.225200
v -0.252100 0.338200 -0.225200
v -0.252100 0.338200 -0.225200
v -0.250500 0.338200 0.245400
v -0.250500 0.338200 0.245400
v -0.250500 0.338200 0.245400
v -0.255200 0.207700 0.246800
v -0.255200 0.207700 -0.225400
v -0.212900 0.373000 -0.190000
v -0.212900 0.373000 -0.190000
v -0.212900 0.373000 0.211400
v -0.212900 0.373000 0.211400
v 0.000000 0.694000 0.112000
v 0.000000 0.757100 0.112000
v -0.027100 0.757100 0.151300
v -0.027100 0.694000 0.151300
v 0.027100 0.694000 0.151300
v 0.027100 0.757100 0.151300
v -0.140300 0.750100 0.070900
v -0.140300 0.750100 0.070900
v -0.140300 0.996800 0.070900
v -0.140300 0.996800 0.070900
v -0.140300 0.750100 0.225000
v -0.140300 0.750100 0.225000
v 0.140300 0.996800 0.225000
v 0.140300 0.996800 0.225000
v -0.140300 0.996800 0.225000
v -0.140300 0.996800 0.225000
v 0.140300 0.750100 0.225000
v 0.140300 0.750100 0.225000
v -0.117100 0.702600 0.203600
v -0.117100 0.702600 0.203600
v -0.117100 0.552700 0.249200
v 0.117100 0.552700 0.249200
v 0.117100 0.702600 0.203600
v 0.117100 0.702600 0.203600
v 0.079300 0.434100 0.249200
v 0.079300 0.434100 0.249200
v -0.014200 0.403300 -0.125300
v -0.014200 0.697900 -0.074300
v 0.014200 0.403300 -0.125300
v 0.014200 0.697900 -0.074300
v -0.086400 0.732000 -0.075400
v -0.086400 0.732000 -0.075400
v 0.086400 0.732000 -0.075400
v 0.086400 0.732000 -0.075400
v 0.125300 0.704500 -0.075400
v 0.125300 0.704500 -0.075400
v -0.125300 0.704500 -0.075400
v -0.125300 0.704500 -0.075400
v -0.125300 0.704500 0.075300
v -0.125300 0.704500 0.075300
v -0.125300 0.409200 0.075300
v 0.125300 0.409200 -0.075400
v -0.125300 0.409200 -0.075400
v -0.172800 0.411400 0.129900
v -0.172800 0.411400 0.129900
v -0.172800 0.411400 -0.134800
v -0.172800 0.411400 -0.134800
v -0.172800 0.369800 -0.134800
v -0.172800 0.369800 0.129900
v 0.172800 0.411400 -0.134800
v 0.172800 0.411400 -0.134800
v 0.172800 0.369800 -0.134800
v 0.172800 0.411400 0.129900
v 0.172800 0.411400 0.129900
v 0.172800 0.369800 0.129900
v -0.082600 6.577900 0.000001
v -0.082600 6.577900 0.000001
v -0.058400 6.577900 -0.058499
v -0.058400 6.577900 -0.058499
v 0.000000 6.577900 -0.082699
v 0.000000 6.577900 -0.082699
v 0.058300 6.577900 -0.058499
v 0.058300 6.577900 -0.058499
v 0.082500 6.577900 0.000001
v 0.082500 6.577900 0.000001
v 0.058300 6.577900 0.058201
v 0.058300 6.577900 0.058201
v 0.000000 6.577900 0.082401
v 0.000000 6.577900 0.082401
v -0.058400 6.577900 0.058201
v -0.058400 6.577900 0.058201
v -0.049500 6.557900 -0.049599
v -0.049500 6.557900 -0.049599
v -0.049500 6.557900 -0.049599
v 0.000000 6.557900 -0.070099
v 0.000000 6.557900 -0.070099
v 0.000000 6.557900 -0.070099
v 0.049400 6.557900 -0.049599
v 0.049400 6.557900 -0.049599
v 0.049400 6.557900 -0.049599
v 0.049400 6.557900 0.049301
v 0.049400 6.557900 0.049301
v 0.049400 6.557900 0.049301
v 0.000000 6.557900 0.069801
v 0.000000 6.557900 0.069801
v 0.000000 6.557900 0.069801
v -0.049500 6.557900 0.049301
v -0.049500 6.557900 0.049301
v -0.049500 6.557900 0.049301
v -0.030000 0.200000 -0.490200
v -0.029900 6.000000 -0.490199
v 0.000000 6.000000 -0.479099
v 0.000000 6.000000 -0.479099
v 0.000000 0.200000 -0.479100
v 0.000000 0.200000 -0.479100
v 0.030000 0.200000 -0.490200
v 0.030000 6.000000 -0.490199
v 0.000000 6.000000 -0.271499
v 0.000000 6.000000 -0.271499
v 0.000000 0.200000 -0.271500
v 0.000000 0.200000 -0.271500
v -0.070000 6.557900 0.000001
v -0.070000 6.557900 0.000001
v -0.070000 6.557900 0.000001
v -0.049500 0.732000 -0.049600
v 0.000000 0.732000 -0.070100
v 0.049400 0.732000 -0.049600
v 0.069900 6.557900 0.000001
v 0.069900 6.557900 0.000001
v 0.069900 6.557900 0.000001
v 0.000000 0.732000 0.069800
v 0.049400 0.732000 0.049300
v -0.049500 4.850600 0.049301
v 0.140300 0.996800 0.070900
v 0.140300 0.996800 0.070900
v 0.140300 0.750100 0.070900
v 0.140300 0.750100 0.070900
v -0.117100 0.702600 0.070500
v -0.079300 0.434100 0.070500
v -0.079300 0.434100 0.249200
v -0.079300 0.434100 0.249200
v 0.117100 0.702600 0.070500
v 0.079300 0.434100 0.070500
v -0.086400 0.732000 0.075300
v -0.086400 0.732000 0.075300
v 0.086400 0.732000 0.075300
v 0.086400 0.732000 0.075300
v 0.125300 0.704500 0.075300
v 0.125300 0.704500 0.075300
v 0.125300 0.409200 0.075300
vn -0.9367 -0.3501 -0.0000
vn 1.0000 -0.0000 -0.0000
vn -0.0000 -0.0000 -1.0000
vn 0.3470 -0.0000 0.9379
vn -1.0000 -0.0000 -0.0000
vn -0.0000 -0.0000 1.0000
vn 0.3470 -0.0000 -0.9379
vn -0.7981 -0.5028 0.3319
vn -1.0000 -0.0000 0.0011
vn -0.3826 -0.0000 -0.9239
vn 0.3833 -0.0000 -0.9236
vn 0.9242 -0.0000 -0.3820
vn 0.7981 -0.5028 0.3319
vn 1.0000 -0.0000 0.0011
vn -0.3826 -0.0000 0.9239
vn -0.9234 -0.0000 0.3840
vn 0.3833 -0.0000 0.9236
vn 0.9234 -0.0000 0.3840
vn -0.0015 0.7093 0.7049
vn 0.0004 0.6876 -0.7261
vn 0.0042 0.0177 -0.9998
vn -0.0000 0.0023 1.0000
vn -0.0000 1.0000 -0.0000
vn 0.0035 0.7092 -0.7050
vn -0.0002 0.7001 0.7141
vn -0.0018 0.0094 1.0000
vn -0.0000 0.0015 -1.0000
vn 0.8232 -0.0000 -0.5677
vn -0.0000 -1.0000 -0.0000
vn -0.9881 -0.1537 -0.0000
vn -0.0000 0.1631 0.9866
vn 0.9881 -0.1537 -0.0000
vn 0.9528 -0.3037 -0.0000
vn -0.9528 -0.3037 -0.0000
vn -0.0000 0.1706 -0.9853
vn 0.0002 1.0000 0.0005
vn -0.3308 -0.5027 -0.7986
vn 0.3313 -0.5029 -0.7983
vn 0.7989 -0.5027 -0.3303
vn 0.7986 -0.5031 -0.3303
vn 0.3313 -0.5028 0.7984
vn -0.3307 -0.5029 0.7985
vn -0.7981 -0.5029 0.3319
vn -0.3308 -0.5026 -0.7987
vn 0.7990 -0.5025 -0.3302
vn 0.3313 -0.5027 0.7984
vn -0.3307 -0.5031 0.7985
vn -0.9386 0.3450 -0.0000
vn -0.3480 -0.0000 -0.9375
vn -0.3470 -0.0000 -0.9379
vn 0.9996 0.0283 -0.0011
vn 0.6669 0.7451 -0.0041
vn -0.0003 0.0036 1.0000
vn 0.9989 0.0468 -0.0062
vn 0.6899 0.7239 -0.0005
vn 0.0050 0.0209 -0.9998
vn 0.9991 0.0429 -0.0051
vn 0.9997 0.0245 -0.0000
vn 0.6683 0.7439 -0.0039
vn -0.0015 0.7088 0.7054
vn 0.6930 0.7209 -0.0000
vn -0.0000 0.6848 -0.7288
vn -0.9997 0.0259 0.0006
vn -0.6650 0.7468 0.0023
vn 0.0008 0.0046 -1.0000
vn -0.9993 0.0360 0.0034
vn -0.6775 0.7355 0.0003
vn -0.0022 0.0108 0.9999
vn -0.9994 0.0339 0.0028
vn -0.9997 0.0237 -0.0000
vn -0.6658 0.7461 0.0021
vn 0.0034 0.7081 -0.7061
vn -0.6793 0.7339 -0.0000
vn -0.0000 0.6988 0.7153
vn -0.8232 -0.0000 -0.5677
vn -0.0000 0.2910 0.9567
vn -0.9855 -0.1696 -0.0000
vn 0.9855 -0.1696 -0.0000
vn -0.5773 0.8166 -0.0000
vn 0.5773 0.8166 -0.0000
vn -0.2897 0.9571 0.0002
vn -0.7987 -0.5030 -0.3302
vn -0.2047 0.9572 -0.2047
vn -0.7989 -0.5026 -0.3305
vn 0.0001 0.9572 -0.2894
vn -0.3309 -0.5030 -0.7984
vn 0.2049 0.9571 -0.2048
vn 0.3314 -0.5028 -0.7984
vn 0.2900 0.9570 0.0002
vn 0.2053 0.9569 0.2054
vn 0.7981 -0.5029 0.3319
vn 0.0001 0.9569 0.2903
vn 0.3314 -0.5029 0.7983
vn -0.2051 0.9570 0.2052
vn -0.3310 -0.5027 0.7986
vn -0.7988 -0.5027 -0.3304
vn -0.9242 -0.0000 -0.3820
vn -0.3309 -0.5029 -0.7985
vn -0.3309 -0.5027 0.7986
vn -0.3470 -0.0000 0.9379
vn -0.3480 -0.0000 0.9375
vn -0.7987 -0.5032 -0.3301
vn 0.7987 -0.5030 -0.3303
vt 0.931000 1.000000
vt 0.936000 0.921000
vt 0.936000 1.000000
vt 0.931000 0.921000
vt 0.926000 0.921000
vt 0.925000 1.000000
vt 0.918000 0.726000
vt 0.925000 0.001000
vt 0.925000 0.726000
vt 0.917000 0.001000
vt 0.936000 0.724000
vt 0.926000 0.724000
vt 0.936000 0.001000
vt 0.922000 0.724000
vt 0.912000 0.724000
vt 0.912000 0.001000
vt 0.922000 0.001000
vt 0.879000 1.000000
vt 0.871000 1.000000
vt 0.871000 0.001000
vt 0.879000 0.001000
vt 0.898000 1.000000
vt 0.898000 0.001000
vt 0.917000 1.000000
vt 0.879000 0.061000
vt 0.871000 0.061000
vt 0.898000 0.061000
vt 0.917000 0.061000
vt 0.925000 0.061000
vt 0.707000 0.000000
vt 0.714000 0.712000
vt 0.714000 0.000000
vt 0.707000 0.712000
vt 0.733000 0.712000
vt 0.733000 0.000000
vt 0.751000 0.712000
vt 0.751000 0.000000
vt 0.759000 0.712000
vt 0.759000 0.000000
vt 0.917000 0.620000
vt 0.925000 0.620000
vt 0.898000 0.620000
vt 0.879000 0.620000
vt 0.871000 0.620000
vt 0.565000 0.532000
vt 0.565000 0.668000
vt 0.549000 0.648000
vt 0.549000 0.549000
vt 0.581000 0.509000
vt 0.581000 0.688000
vt 0.455000 0.668000
vt 0.455000 0.532000
vt 0.471000 0.549000
vt 0.471000 0.648000
vt 0.436000 0.688000
vt 0.436000 0.509000
vt 0.384000 0.847000
vt 0.390000 0.830000
vt 0.389000 0.845000
vt 0.384000 0.832000
vt 0.394000 0.832000
vt 0.393000 0.847000
vt 0.394000 0.997000
vt 0.320000 0.882000
vt 0.320000 0.997000
vt 0.394000 0.882000
vt 0.321000 0.992000
vt 0.370000 0.886000
vt 0.370000 0.992000
vt 0.321000 0.886000
vt 0.310000 0.998000
vt 0.182000 0.881000
vt 0.182000 0.998000
vt 0.310000 0.881000
vt 0.571000 0.999000
vt 0.486000 0.854000
vt 0.571000 0.854000
vt 0.486000 0.999000
vt 0.410000 0.828000
vt 0.377000 0.761000
vt 0.377000 0.828000
vt 0.425000 0.761000
vt 0.377000 0.722000
vt 0.425000 0.722000
vt 0.299000 0.852000
vt 0.193000 0.774000
vt 0.193000 0.852000
vt 0.299000 0.774000
vt 0.210000 0.720000
vt 0.282000 0.720000
vt 0.387000 0.761000
vt 0.425000 0.730000
vt 0.387000 0.730000
vt 0.435000 0.850000
vt 0.435000 0.995000
vt 0.443000 0.850000
vt 0.443000 0.995000
vt 0.375000 0.840000
vt 0.334000 0.830000
vt 0.334000 0.840000
vt 0.375000 0.830000
vt 0.412000 0.999000
vt 0.483000 0.996000
vt 0.471000 0.999000
vt 0.400000 0.996000
vt 0.334000 0.843000
vt 0.375000 0.843000
vt 0.334000 0.703000
vt 0.375000 0.703000
vt 0.483000 0.851000
vt 0.400000 0.851000
vt 0.577000 0.693000
vt 0.433000 0.698000
vt 0.429000 0.693000
vt 0.572000 0.698000
vt 0.433000 0.841000
vt 0.429000 0.845000
vt 0.572000 0.841000
vt 0.577000 0.845000
vt 0.903000 0.962000
vt 0.872000 0.949000
vt 0.872000 0.975000
vt 0.890000 0.993000
vt 0.916000 0.993000
vt 0.935000 0.975000
vt 0.935000 0.949000
vt 0.916000 0.931000
vt 0.890000 0.931000
vt 0.877000 0.973000
vt 0.877000 0.951000
vt 0.892000 0.988000
vt 0.914000 0.988000
vt 0.930000 0.973000
vt 0.930000 0.951000
vt 0.914000 0.936000
vt 0.892000 0.936000
vt 0.937000 0.726000
vt 0.999000 0.001000
vt 0.999000 0.726000
s 1
f 2244/888/735 2243/890/735 2242/889/735
f 2242/889/735 2245/891/735 2244/888/735
f 2121/890/689 2247/893/689 2246/892/689
f 2246/892/689 2120/889/689 2121/890/689
f 2119/888/688 2122/891/688 2124/893/688
f 2122/891/688 2123/892/688 2124/893/688
f 2250/888/735 2249/890/735 2248/889/735
f 2248/889/735 2251/891/735 2250/888/735
f 2127/890/689 2253/893/689 2252/892/689
f 2252/892/689 2126/889/689 2127/890/689
f 2130/893/688 2125/888/688 2128/891/688
f 2128/891/688 2129/892/688 2130/893/688
f 2379/894/788 2378/896/788 2377/895/787
f 2377/895/787 2381/897/787 2379/894/788
f 2131/898/690 2384/899/690 2383/895/690
f 2383/895/690 2133/900/690 2131/898/690
f 2132/894/691 2380/896/691 2382/895/691
f 2382/895/691 2135/897/691 2132/894/691
f 2386/894/736 2255/895/737 2254/896/736
f 2255/895/737 2386/894/736 2387/897/737
f 2137/901/693 2257/903/693 2139/902/693
f 2257/903/693 2137/901/693 2138/904/693
f 2256/894/694 2388/895/694 2385/896/694
f 2388/895/694 2256/894/694 2141/897/694
f 2361/905/784 2143/907/696 2389/906/784
f 2361/905/784 2392/908/784 2143/907/696
f 2362/909/697 2144/908/697 2360/905/697
f 2362/909/697 2393/910/697 2144/908/697
f 2365/911/698 2145/910/698 2364/909/698
f 2365/911/698 2394/897/698 2145/910/698
f 2395/893/699 2146/897/699 2367/911/699
f 2395/893/699 2148/895/701 2146/897/699
f 2143/907/696 2259/908/703 2258/912/703
f 2258/912/703 2151/913/703 2143/907/696
f 2150/908/702 2398/910/702 2261/914/702
f 2261/914/702 2149/912/702 2150/908/702
f 2152/910/704 2399/897/704 2263/915/704
f 2263/915/704 2157/914/704 2152/910/704
f 2153/897/705 2148/895/701 2154/916/705
f 2154/916/705 2159/915/705 2153/897/705
f 2151/917/703 2258/919/703 2400/918/703
f 2400/918/703 2155/920/703 2151/917/703
f 2149/919/702 2261/922/702 2260/921/702
f 2260/921/702 2161/918/702 2149/919/702
f 2157/922/704 2263/924/704 2262/923/704
f 2262/923/704 2156/921/704 2157/922/704
f 2159/924/705 2154/926/705 2160/925/705
f 2160/925/705 2158/923/705 2159/924/705
f 2158/927/705 2160/928/705 2396/893/705
f 2396/893/705 2370/911/705 2158/927/705
f 2156/929/704 2262/927/704 2369/911/704
f 2369/911/704 2371/909/704 2156/929/704
f 2161/930/702 2260/929/702 2373/909/702
f 2373/909/702 2374/905/702 2161/930/702
f 2155/931/703 2400/930/703 2376/905/703
f 2376/905/703 2390/906/703 2155/931/703
f 2264/932/738 2270/934/744 2267/933/741
f 2264/932/738 2271/935/745 2270/934/744
f 2272/936/746 2268/933/742 2274/937/748
f 2272/936/746 2265/932/739 2268/933/742
f 2276/938/750 2282/940/756 2279/939/753
f 2276/938/750 2283/941/757 2282/940/756
f 2284/942/758 2280/939/754 2286/943/760
f 2284/942/758 2277/938/751 2280/939/754
f 2266/932/740 2281/939/755 2170/940/713
f 2273/936/747 2169/939/712 2162/932/706
f 2278/938/752 2269/933/743 2164/934/708
f 2285/942/759 2163/933/707 2168/938/711
f 2290/944/762 2289/946/762 2288/945/762
f 2288/945/762 2291/947/762 2290/944/762
f 2176/946/715 2293/949/715 2292/948/715
f 2292/948/715 2175/945/715 2176/946/715
f 2179/949/693 2174/944/693 2177/947/693
f 2177/947/693 2178/948/693 2179/949/693
f 2303/950/692 2296/952/692 2294/951/692
f 2294/951/692 2298/953/692 2303/950/692
f 2297/954/690 2401/956/690 2403/955/690
f 2403/955/690 2295/957/690 2297/954/690
f 2402/952/689 2301/950/689 2304/953/689
f 2304/953/689 2404/951/689 2402/952/689
f 2300/958/693 2302/960/693 2299/959/693
f 2299/959/693 2305/961/693 2300/958/693
f 2184/962/710 2181/964/710 2186/963/710
f 2186/963/710 2185/965/710 2184/962/710
f 2183/951/716 2187/953/716 2182/953/716
f 2182/953/716 2180/951/716 2183/951/716
f 2306/966/692 2197/968/692 2189/967/717
f 2189/967/717 2308/969/764 2306/966/692
f 2308/969/764 2189/967/717 2199/970/721
f 2199/970/721 2407/971/721 2308/969/764
f 2196/968/689 2310/966/689 2309/969/765
f 2309/969/765 2193/967/719 2196/968/689
f 2193/967/719 2309/969/765 2312/971/720
f 2312/971/720 2198/970/720 2193/967/719
f 2311/972/763 2307/974/763 2190/973/718
f 2190/973/718 2191/975/718 2311/972/763
f 2191/975/718 2190/973/718 2408/976/693
f 2408/976/693 2313/977/693 2191/975/718
f 2409/978/710 2405/980/710 2188/979/710
f 2188/979/710 2192/969/710 2409/978/710
f 2410/978/716 2194/969/716 2195/979/716
f 2195/979/716 2406/980/716 2410/978/716
f 2314/981/692 2202/981/692 2315/982/692
f 2201/982/722 2317/984/722 2316/983/722
f 2316/983/722 2200/981/722 2201/982/722
f 2205/983/689 2203/983/689 2204/984/689
f 2411/985/766 2319/987/766 2325/986/766
f 2325/986/766 2327/988/766 2411/985/766
f 2318/989/690 2320/991/690 2322/990/690
f 2322/990/690 2324/992/690 2318/989/690
f 2321/993/767 2413/994/767 2415/988/767
f 2415/988/767 2323/986/767 2321/993/767
f 2414/991/693 2412/989/693 2206/992/693
f 2206/992/693 2416/990/693 2414/991/693
f 2326/988/692 2210/986/692 2216/995/692
f 2216/995/692 2328/996/692 2326/988/692
f 2324/992/690 2322/990/690 2329/997/690
f 2329/997/690 2330/998/690 2324/992/690
f 2208/986/689 2213/988/689 2417/996/689
f 2417/996/689 2215/995/689 2208/986/689
f 2416/990/693 2206/992/693 2214/998/693
f 2214/998/693 2217/997/693 2416/990/693
f 2209/993/710 2207/987/710 2212/985/710
f 2212/985/710 2211/994/710 2209/993/710
f 2331/999/692 2333/1001/692 2335/1000/692
f 2335/1000/692 2336/1002/692 2331/999/692
f 2334/1001/690 2337/1004/690 2339/1003/690
f 2339/1003/690 2219/1000/690 2334/1001/690
f 2338/1004/689 2340/1006/689 2342/1005/689
f 2342/1005/689 2222/1003/689 2338/1004/689
f 2341/1006/693 2332/999/693 2221/1002/693
f 2221/1002/693 2224/1005/693 2341/1006/693
f 2223/1004/710 2220/1001/710 2218/999/710
f 2218/999/710 2225/1006/710 2223/1004/710
f 2285/942/759 2275/937/749 2163/933/707
f 2164/934/708 2171/941/714 2278/938/752
f 2273/936/747 2287/943/761 2169/939/712
f 2170/940/713 2165/935/709 2266/932/740
f 2167/937/710 2172/942/710 2173/943/710
f 2173/943/710 2166/936/710 2167/937/710
f 2226/1007/723 2345/1009/770 2343/1008/768
f 2226/1007/723 2347/1010/772 2345/1009/770
f 2226/1007/723 2349/1011/774 2347/1010/772
f 2226/1007/723 2351/1012/776 2349/1011/774
f 2226/1007/723 2353/1013/777 2351/1012/776
f 2226/1007/723 2355/1014/779 2353/1013/777
f 2226/1007/723 2357/1015/781 2355/1014/779
f 2226/1007/723 2343/1008/768 2357/1015/781
f 2359/1016/783 2391/1017/789 2344/1008/769
f 2359/1016/783 2344/1008/769 2346/1009/771
f 2363/1018/785 2235/1016/731 2228/1009/724
f 2363/1018/785 2228/1009/724 2348/1010/773
f 2366/1019/775 2236/1018/725 2229/1010/725
f 2366/1019/775 2229/1010/725 2350/1011/775
f 2397/1020/790 2237/1019/732 2230/1011/726
f 2397/1020/790 2230/1011/726 2231/1012/727
f 2368/1021/778 2147/1020/700 2352/1012/700
f 2368/1021/778 2352/1012/700 2354/1013/778
f 2372/1022/780 2238/1021/733 2232/1013/728
f 2372/1022/780 2232/1013/728 2356/1014/780
f 2375/1023/786 2239/1022/734 2233/1014/729
f 2375/1023/786 2233/1014/729 2358/1015/782
f 2142/1017/695 2240/1023/730 2234/1015/730
f 2142/1017/695 2234/1015/730 2227/1008/695
f 2134/1024/692 2241/900/692 2136/1025/692
f 2134/1024/692 2136/1025/692 2140/1026/692
o skupinove_se2_RL
v -0.143700 5.302000 0.143101
v -0.143700 5.014501 0.143101
v 0.143700 5.302000 0.143101
v 0.143700 5.014501 0.143101
v -0.015000 5.172700 0.141101
v -0.015000 5.142200 -0.090299
v -0.015000 5.172200 -0.090299
v -0.015000 5.142700 0.141101
v 0.015000 5.142200 -0.090299
v 0.015000 5.172200 -0.090299
v 0.015000 5.142700 0.141101
v 0.015000 5.172700 0.141101
v -0.000000 5.171500 0.000001
v 0.080200 5.171500 0.000001
v 0.061500 5.171500 0.051601
v 0.013900 5.171500 0.079001
v -0.040100 5.171500 0.069501
v -0.075400 5.171500 0.027401
v -0.075400 5.171500 -0.027399
v -0.040100 5.171500 -0.069499
v 0.013900 5.171500 -0.078999
v 0.061500 5.171500 -0.051599
v 0.061500 5.141500 0.051601
v 0.080200 5.141500 0.000001
v 0.013900 5.141500 0.079001
v -0.040100 5.141500 0.069501
v -0.075400 5.141500 0.027401
v -0.075400 5.141500 -0.027399
v -0.040100 5.141500 -0.069499
v 0.061500 5.141500 -0.051599
v 0.013900 5.141500 -0.078999
v -0.000000 5.141500 0.000001
v -0.143700 5.302000 0.143101
v -0.143700 5.014501 0.143101
v 0.143700 5.302000 0.143101
v 0.143700 5.014501 0.143101
v -0.015000 5.172700 0.141101
v -0.015000 5.172200 -0.090299
v -0.015000 5.172200 -0.090299
v -0.015000 5.142200 -0.090299
v -0.015000 5.142200 -0.090299
v -0.015000 5.142700 0.141101
v 0.015000 5.142200 -0.090299
v 0.015000 5.142200 -0.090299
v 0.015000 5.172200 -0.090299
v 0.015000 5.172200 -0.090299
v 0.080200 5.171500 0.000001
v 0.080200 5.171500 0.000001
v 0.061500 5.171500 0.051601
v 0.061500 5.171500 0.051601
v 0.013900 5.171500 0.079001
v 0.013900 5.171500 0.079001
v -0.040100 5.171500 0.069501
v -0.040100 5.171500 0.069501
v -0.075400 5.171500 0.027401
v -0.075400 5.171500 0.027401
v -0.075400 5.171500 -0.027399
v -0.075400 5.171500 -0.027399
v -0.040100 5.171500 -0.069499
v -0.040100 5.171500 -0.069499
v 0.013900 5.171500 -0.078999
v 0.013900 5.171500 -0.078999
v 0.061500 5.171500 -0.051599
v 0.061500 5.171500 -0.051599
v 0.061500 5.141500 0.051601
v 0.061500 5.141500 0.051601
v 0.080200 5.141500 0.000001
v 0.080200 5.141500 0.000001
v 0.013900 5.141500 0.079001
v 0.013900 5.141500 0.079001
v -0.040100 5.141500 0.069501
v -0.040100 5.141500 0.069501
v -0.075400 5.141500 0.027401
v -0.075400 5.141500 0.027401
v -0.075400 5.141500 -0.027399
v -0.075400 5.141500 -0.027399
v -0.040100 5.141500 -0.069499
v -0.040100 5.141500 -0.069499
v 0.061500 5.141500 -0.051599
v 0.061500 5.141500 -0.051599
v 0.013900 5.141500 -0.078999
v 0.013900 5.141500 -0.078999
v 0.015000 5.172700 0.141101
v 0.015000 5.142700 0.141101
vn -0.0000 -0.0000 1.0000
vn -0.0000 1.0000 -0.0022
vn -0.0000 -1.0000 0.0022
vn 1.0000 -0.0000 -0.0000
vn -0.0000 1.0000 -0.0000
vn 0.9402 -0.0000 -0.3407
vn 0.4989 -0.0000 0.8667
vn -0.1733 -0.0000 0.9849
vn -0.7663 -0.0000 0.6425
vn -1.0000 -0.0000 -0.0000
vn -0.7663 -0.0000 -0.6425
vn -0.1733 -0.0000 -0.9849
vn -0.0000 -1.0000 -0.0000
vn -0.0000 -0.0000 -1.0000
vn 0.9402 -0.0000 0.3407
vn 0.4989 -0.0000 -0.8667
vt 0.662000 0.924000
vt 0.595000 0.858000
vt 0.595000 0.924000
vt 0.661000 0.857000
vt 0.664000 1.000000
vt 0.592000 0.930000
vt 0.592000 1.000000
vt 0.664000 0.930000
vt 0.629000 0.924000
vt 0.645000 0.924000
vt 0.638000 0.924000
vt 0.630000 0.924000
vt 0.623000 0.924000
vt 0.616000 0.924000
vt 0.608000 0.924000
vt 0.601000 0.924000
vt 0.593000 0.924000
vt 0.660000 0.924000
vt 0.653000 0.924000
vt 0.638000 0.858000
vt 0.645000 0.858000
vt 0.630000 0.858000
vt 0.623000 0.858000
vt 0.616000 0.858000
vt 0.608000 0.858000
vt 0.601000 0.858000
vt 0.593000 0.858000
vt 0.653000 0.858000
vt 0.629000 0.858000
s 1
f 2450/1027/804 2452/1029/804 2453/1028/804
f 2453/1028/804 2451/1030/804 2450/1027/804
f 2420/1031/791 2418/1033/791 2419/1032/791
f 2419/1032/791 2421/1034/791 2420/1031/791
f 2454/1027/800 2455/1029/800 2457/1028/800
f 2457/1028/800 2459/1030/800 2454/1027/800
f 2456/1027/804 2462/1029/804 2460/1028/804
f 2460/1028/804 2458/1030/804 2456/1027/804
f 2463/1027/794 2500/1029/794 2428/1028/794
f 2428/1028/794 2461/1030/794 2463/1027/794
f 2427/1027/792 2424/1029/792 2422/1028/792
f 2422/1028/792 2429/1030/792 2427/1027/792
f 2426/1029/793 2501/1028/793 2425/1030/793
f 2425/1030/793 2423/1027/793 2426/1029/793
f 2430/1035/795 2466/1037/795 2464/1036/795
f 2430/1035/795 2468/1038/795 2466/1037/795
f 2430/1035/795 2470/1039/795 2468/1038/795
f 2430/1035/795 2472/1040/795 2470/1039/795
f 2430/1035/795 2474/1041/795 2472/1040/795
f 2430/1035/795 2476/1042/795 2474/1041/795
f 2430/1035/795 2478/1043/795 2476/1042/795
f 2430/1035/795 2480/1045/795 2478/1044/795
f 2430/1035/795 2464/1036/795 2480/1045/795
f 2482/1046/805 2484/1047/805 2465/1036/805
f 2482/1046/805 2465/1036/805 2467/1037/805
f 2486/1048/797 2483/1046/797 2432/1037/797
f 2486/1048/797 2432/1037/797 2469/1038/797
f 2488/1049/798 2487/1048/798 2433/1038/798
f 2488/1049/798 2433/1038/798 2471/1039/798
f 2490/1050/799 2489/1049/799 2434/1039/799
f 2490/1050/799 2434/1039/799 2473/1040/799
f 2492/1051/800 2491/1050/800 2435/1040/800
f 2492/1051/800 2435/1040/800 2475/1041/800
f 2494/1052/801 2493/1051/801 2436/1041/801
f 2494/1052/801 2436/1041/801 2477/1042/801
f 2499/1053/802 2446/1052/802 2437/1042/802
f 2499/1053/802 2437/1042/802 2438/1043/802
f 2496/1054/806 2498/1030/806 2479/1044/806
f 2496/1054/806 2479/1044/806 2481/1045/806
f 2485/1047/796 2497/1054/796 2439/1045/796
f 2485/1047/796 2439/1045/796 2431/1036/796
f 2449/1055/803 2441/1047/803 2440/1046/803
f 2449/1055/803 2440/1046/803 2442/1048/803
f 2449/1055/803 2442/1048/803 2443/1049/803
f 2449/1055/803 2443/1049/803 2444/1050/803
f 2449/1055/803 2444/1050/803 2445/1051/803
f 2449/1055/803 2445/1051/803 2495/1052/803
f 2449/1055/803 2495/1052/803 2448/1053/803
f 2449/1055/803 2448/1030/803 2447/1054/803
f 2449/1055/803 2447/1054/803 2441/1047/803
